File accession	File format	File type	File format type	Output type	File assembly	Experiment accession	Assay	Donor(s)	Biosample term id	Biosample term name	Biosample type	Biosample organism	Biosample treatments	Biosample treatments amount	Biosample treatments duration	Biosample genetic modifications methods	Biosample genetic modifications categories	Biosample genetic modifications targets	Biosample genetic modifications gene targets	Biosample genetic modifications site coordinates	Biosample genetic modifications zygosity	Experiment target	Library made from	Library depleted in	Library extraction method	Library lysis method	Library crosslinking method	Library strand specific	Experiment date released	Project	RBNS protein concentration	Library fragmentation method	Library size range	Biological replicate(s)	Technical replicate(s)	Read length	Mapped read length	Run type	Paired end	Paired with	Index of	Derived from	Size	Lab	md5sum	dbxrefs	File download URL	Genome annotation	Platform	Controlled by	File Status	s3_uri	Azure URL	File analysis title	File analysis status	Audit WARNING	Audit NOT_COMPLIANT	Audit ERROR
ENCFF955OZK	bed narrowPeak	bed	narrowPeak	IDR thresholded peaks	GRCh38	ENCSR568LRK	TF ChIP-seq	/human-donors/ENCDO882UJI/	EFO:0009747	WTC11	cell line	Homo sapiens				CRISPR	insertion	{'schema_version': '14', 'aliases': ['michael-snyder:TS-699'], 'organism': {'schema_version': '6', '@type': ['Organism', 'Item'], 'name': 'human', 'taxon_id': '9606', 'scientific_name': 'Homo sapiens', '@id': '/organisms/human/', 'uuid': '7745b647-ff15-4ff3-9ced-b897d4e2983c', 'status': 'released'}, 'genes': ['/genes/221895/'], '@type': ['Target', 'Item'], 'name': 'JAZF1-human', 'label': 'JAZF1', '@id': '/targets/JAZF1-human/', 'title': 'JAZF1 (Homo sapiens)', 'investigated_as': ['cofactor'], 'uuid': '6035151b-74c5-4923-bd83-59a73395ad95', 'status': 'released'}				JAZF1-human	DNA						2021-09-02	ENCODE		sonication (Bioruptor Pico)	250-450	1, 2	1_1, 2_1							/files/ENCFF961WVL/, /files/ENCFF654IBT/, /files/ENCFF356LFX/, /files/ENCFF859HOZ/	3902	ENCODE Processing Pipeline	ea6af7412b260b2dfbea7f23b32cee9a		https://www.encodeproject.org/files/ENCFF955OZK/@@download/ENCFF955OZK.bed.gz				released	s3://encode-public/2021/09/01/e5d90c7e-e9ee-4ce5-b631-3664a13cac3e/ENCFF955OZK.bed.gz	https://datasetencode.blob.core.windows.net/dataset/2021/09/01/e5d90c7e-e9ee-4ce5-b631-3664a13cac3e/ENCFF955OZK.bed.gz?sv=2019-10-10&si=prod&sr=c&sig=9qSQZo4ggrCNpybBExU8SypuUZV33igI11xw0P7rB3c%3D	ENCODE4 v1.9.0 GRCh38	released	inconsistent platforms, mild to moderate bottlenecking, moderate library complexity		
ENCFF126SGU	bed narrowPeak	bed	narrowPeak	IDR thresholded peaks	GRCh38	ENCSR623TZE	TF ChIP-seq	/human-donors/ENCDO882UJI/	EFO:0009747	WTC11	cell line	Homo sapiens				CRISPR	insertion	{'schema_version': '14', 'aliases': [], 'organism': {'schema_version': '6', '@type': ['Organism', 'Item'], 'name': 'human', 'taxon_id': '9606', 'scientific_name': 'Homo sapiens', '@id': '/organisms/human/', 'uuid': '7745b647-ff15-4ff3-9ced-b897d4e2983c', 'status': 'released'}, 'genes': ['/genes/4089/'], '@type': ['Target', 'Item'], 'name': 'SMAD4-human', 'label': 'SMAD4', '@id': '/targets/SMAD4-human/', 'title': 'SMAD4 (Homo sapiens)', 'investigated_as': ['transcription factor'], 'uuid': '3403d42f-a8a0-4c80-adfc-01793104ff26', 'status': 'released'}				SMAD4-human	DNA				formaldehyde		2022-01-13	ENCODE		sonication (generic)		1, 2	1_1, 2_1							/files/ENCFF950CZH/, /files/ENCFF174GIJ/, /files/ENCFF356LFX/, /files/ENCFF711IZS/	54417	ENCODE Processing Pipeline	da457410c249c67a5ba4d6c2d571e081		https://www.encodeproject.org/files/ENCFF126SGU/@@download/ENCFF126SGU.bed.gz				released	s3://encode-public/2022/01/07/81da73d4-6cf7-4d6a-b234-7131acb52275/ENCFF126SGU.bed.gz	https://datasetencode.blob.core.windows.net/dataset/2022/01/07/81da73d4-6cf7-4d6a-b234-7131acb52275/ENCFF126SGU.bed.gz?sv=2019-10-10&si=prod&sr=c&sig=9qSQZo4ggrCNpybBExU8SypuUZV33igI11xw0P7rB3c%3D	ENCODE4 v1.8.0 GRCh38	released	missing genetic modification reagents, mild to moderate bottlenecking		
ENCFF660FXN	bed narrowPeak	bed	narrowPeak	IDR thresholded peaks	GRCh38	ENCSR214RUE	TF ChIP-seq	/human-donors/ENCDO882UJI/	EFO:0009747	WTC11	cell line	Homo sapiens				CRISPR	insertion	{'schema_version': '14', 'aliases': [], 'organism': {'schema_version': '6', '@type': ['Organism', 'Item'], 'name': 'human', 'taxon_id': '9606', 'scientific_name': 'Homo sapiens', '@id': '/organisms/human/', 'uuid': '7745b647-ff15-4ff3-9ced-b897d4e2983c', 'status': 'released'}, 'genes': ['/genes/51222/'], '@type': ['Target', 'Item'], 'name': 'ZNF219-human', 'label': 'ZNF219', '@id': '/targets/ZNF219-human/', 'title': 'ZNF219 (Homo sapiens)', 'investigated_as': ['transcription factor'], 'uuid': '0094e3c3-774f-43d2-980f-aa5d433cb987', 'status': 'released'}				ZNF219-human	DNA				formaldehyde		2023-01-24	ENCODE		sonication (generic)		1, 2	1_1, 2_1							/files/ENCFF711IZS/, /files/ENCFF356LFX/, /files/ENCFF896EEE/, /files/ENCFF365HGM/	73405	ENCODE Processing Pipeline	e9a27d9230f69304aa662b3b41842d9e		https://www.encodeproject.org/files/ENCFF660FXN/@@download/ENCFF660FXN.bed.gz				released	s3://encode-public/2022/07/23/fe13202a-b190-48b5-8cfe-9b710a35d28d/ENCFF660FXN.bed.gz	https://datasetencode.blob.core.windows.net/dataset/2022/07/23/fe13202a-b190-48b5-8cfe-9b710a35d28d/ENCFF660FXN.bed.gz?sv=2019-10-10&si=prod&sr=c&sig=9qSQZo4ggrCNpybBExU8SypuUZV33igI11xw0P7rB3c%3D	ENCODE4 v1.8.0 GRCh38	released	missing genetic modification reagents, borderline replicate concordance, mild to moderate bottlenecking		
ENCFF023NWB	bed narrowPeak	bed	narrowPeak	IDR thresholded peaks	GRCh38	ENCSR546PDE	TF ChIP-seq	/human-donors/ENCDO882UJI/	EFO:0009747	WTC11	cell line	Homo sapiens				CRISPR	insertion	{'dbxrefs': ['FactorBook:FOXP1'], 'aliases': [], 'organism': {'schema_version': '6', '@type': ['Organism', 'Item'], 'name': 'human', 'taxon_id': '9606', 'scientific_name': 'Homo sapiens', '@id': '/organisms/human/', 'uuid': '7745b647-ff15-4ff3-9ced-b897d4e2983c', 'status': 'released'}, 'genes': ['/genes/27086/'], '@type': ['Target', 'Item'], 'label': 'FOXP1', 'title': 'FOXP1 (Homo sapiens)', 'investigated_as': ['cofactor'], 'uuid': '7c8ae21b-444b-470b-b4c7-a30a34757971', 'schema_version': '14', 'name': 'FOXP1-human', '@id': '/targets/FOXP1-human/', 'status': 'released'}				FOXP1-human	DNA				formaldehyde		2022-08-15	ENCODE		sonication (generic)		1, 2	1_1, 2_1							/files/ENCFF511TXU/, /files/ENCFF031AIE/, /files/ENCFF356LFX/, /files/ENCFF422ZQW/	327187	ENCODE Processing Pipeline	823cc33aedc5768c8b1915fe4339ba30		https://www.encodeproject.org/files/ENCFF023NWB/@@download/ENCFF023NWB.bed.gz				released	s3://encode-public/2022/07/23/7aea24db-32bb-4258-80b2-dbb6bfac6875/ENCFF023NWB.bed.gz	https://datasetencode.blob.core.windows.net/dataset/2022/07/23/7aea24db-32bb-4258-80b2-dbb6bfac6875/ENCFF023NWB.bed.gz?sv=2019-10-10&si=prod&sr=c&sig=9qSQZo4ggrCNpybBExU8SypuUZV33igI11xw0P7rB3c%3D	ENCODE4 v1.8.0 GRCh38	released	missing genetic modification reagents, borderline replicate concordance, mild to moderate bottlenecking, moderate library complexity		
ENCFF519ZDH	bed narrowPeak	bed	narrowPeak	IDR thresholded peaks	GRCh38	ENCSR803FIV	TF ChIP-seq	/human-donors/ENCDO882UJI/	EFO:0009747	WTC11	cell line	Homo sapiens				CRISPR	insertion	{'schema_version': '14', 'aliases': [], 'organism': {'schema_version': '6', '@type': ['Organism', 'Item'], 'name': 'human', 'taxon_id': '9606', 'scientific_name': 'Homo sapiens', '@id': '/organisms/human/', 'uuid': '7745b647-ff15-4ff3-9ced-b897d4e2983c', 'status': 'released'}, 'genes': ['/genes/10608/'], '@type': ['Target', 'Item'], 'name': 'MXD4-human', 'label': 'MXD4', '@id': '/targets/MXD4-human/', 'title': 'MXD4 (Homo sapiens)', 'investigated_as': ['cofactor'], 'uuid': '5bd798e4-4856-4cd3-a265-35e6e039c6f9', 'status': 'released'}				MXD4-human	DNA						2021-12-08	ENCODE		sonication (Bioruptor Pico)	250-450	1, 2	1_1, 2_1							/files/ENCFF869OHA/, /files/ENCFF501SCN/, /files/ENCFF356LFX/, /files/ENCFF054NWA/	12518	ENCODE Processing Pipeline	143df31786e512761473a9338533bb1a		https://www.encodeproject.org/files/ENCFF519ZDH/@@download/ENCFF519ZDH.bed.gz				released	s3://encode-public/2021/11/25/3155309a-a940-4737-8755-6d15a1016e46/ENCFF519ZDH.bed.gz	https://datasetencode.blob.core.windows.net/dataset/2021/11/25/3155309a-a940-4737-8755-6d15a1016e46/ENCFF519ZDH.bed.gz?sv=2019-10-10&si=prod&sr=c&sig=9qSQZo4ggrCNpybBExU8SypuUZV33igI11xw0P7rB3c%3D	ENCODE4 v1.8.0 GRCh38	released	borderline replicate concordance, mild to moderate bottlenecking, moderate library complexity		
ENCFF403FJH	bed narrowPeak	bed	narrowPeak	IDR thresholded peaks	GRCh38	ENCSR700LFA	TF ChIP-seq	/human-donors/ENCDO882UJI/	EFO:0009747	WTC11	cell line	Homo sapiens				CRISPR	insertion	{'dbxrefs': ['FactorBook:CREB1'], 'aliases': [], 'organism': {'schema_version': '6', '@type': ['Organism', 'Item'], 'name': 'human', 'taxon_id': '9606', 'scientific_name': 'Homo sapiens', '@id': '/organisms/human/', 'uuid': '7745b647-ff15-4ff3-9ced-b897d4e2983c', 'status': 'released'}, 'genes': ['/genes/1385/'], '@type': ['Target', 'Item'], 'label': 'CREB1', 'title': 'CREB1 (Homo sapiens)', 'investigated_as': ['transcription factor'], 'uuid': 'adb8d336-00d7-4fd1-9293-13f93a065fcf', 'schema_version': '14', 'name': 'CREB1-human', '@id': '/targets/CREB1-human/', 'status': 'released'}				CREB1-human	DNA				formaldehyde		2023-01-10	ENCODE		sonication (generic)		1, 2	1_1, 2_1							/files/ENCFF557CNR/, /files/ENCFF356LFX/, /files/ENCFF409HDQ/, /files/ENCFF031POR/	88717	ENCODE Processing Pipeline	034f472a72c1f8545497cd6b0fec0749		https://www.encodeproject.org/files/ENCFF403FJH/@@download/ENCFF403FJH.bed.gz				released	s3://encode-public/2022/07/23/e8599bb4-836b-4f8c-8365-0c49dfcacddb/ENCFF403FJH.bed.gz	https://datasetencode.blob.core.windows.net/dataset/2022/07/23/e8599bb4-836b-4f8c-8365-0c49dfcacddb/ENCFF403FJH.bed.gz?sv=2019-10-10&si=prod&sr=c&sig=9qSQZo4ggrCNpybBExU8SypuUZV33igI11xw0P7rB3c%3D	ENCODE4 v1.8.0 GRCh38	released	missing genetic modification reagents, mild to moderate bottlenecking		
ENCFF837ISW	bed narrowPeak	bed	narrowPeak	IDR thresholded peaks	GRCh38	ENCSR381IES	TF ChIP-seq	/human-donors/ENCDO882UJI/	EFO:0009747	WTC11	cell line	Homo sapiens				CRISPR	insertion	{'dbxrefs': ['FactorBook:IRF1'], 'aliases': [], 'organism': {'schema_version': '6', '@type': ['Organism', 'Item'], 'name': 'human', 'taxon_id': '9606', 'scientific_name': 'Homo sapiens', '@id': '/organisms/human/', 'uuid': '7745b647-ff15-4ff3-9ced-b897d4e2983c', 'status': 'released'}, 'genes': ['/genes/3659/'], '@type': ['Target', 'Item'], 'label': 'IRF1', 'title': 'IRF1 (Homo sapiens)', 'investigated_as': ['transcription factor'], 'uuid': '8adb5c12-09b7-44da-83b4-beffd775226f', 'schema_version': '14', 'name': 'IRF1-human', '@id': '/targets/IRF1-human/', 'status': 'released'}				IRF1-human	DNA				formaldehyde		2023-01-24	ENCODE		sonication (generic)		1, 2	1_1, 2_1							/files/ENCFF862GSX/, /files/ENCFF338OZX/, /files/ENCFF158QQW/, /files/ENCFF356LFX/	98126	ENCODE Processing Pipeline	b040cee205e8dbab23ffe5482ab65ee9		https://www.encodeproject.org/files/ENCFF837ISW/@@download/ENCFF837ISW.bed.gz				released	s3://encode-public/2022/07/23/e9ddce6b-4d85-4e21-bb74-55dfa41f3390/ENCFF837ISW.bed.gz	https://datasetencode.blob.core.windows.net/dataset/2022/07/23/e9ddce6b-4d85-4e21-bb74-55dfa41f3390/ENCFF837ISW.bed.gz?sv=2019-10-10&si=prod&sr=c&sig=9qSQZo4ggrCNpybBExU8SypuUZV33igI11xw0P7rB3c%3D	ENCODE4 v1.8.0 GRCh38	released	missing genetic modification reagents		
ENCFF954PAC	bed narrowPeak	bed	narrowPeak	IDR thresholded peaks	GRCh38	ENCSR245QUM	TF ChIP-seq	/human-donors/ENCDO882UJI/	EFO:0009747	WTC11	cell line	Homo sapiens				CRISPR	insertion	{'schema_version': '14', 'aliases': ['michael-snyder:TS-72'], 'organism': {'schema_version': '6', '@type': ['Organism', 'Item'], 'name': 'human', 'taxon_id': '9606', 'scientific_name': 'Homo sapiens', '@id': '/organisms/human/', 'uuid': '7745b647-ff15-4ff3-9ced-b897d4e2983c', 'status': 'released'}, 'genes': ['/genes/4779/'], '@type': ['Target', 'Item'], 'name': 'NFE2L1-human', 'label': 'NFE2L1', '@id': '/targets/NFE2L1-human/', 'title': 'NFE2L1 (Homo sapiens)', 'investigated_as': ['cofactor'], 'uuid': 'd3161c98-6576-4b70-859b-f3a188afe92b', 'status': 'released'}				NFE2L1-human	DNA				formaldehyde		2023-01-31	ENCODE		sonication (generic)		1, 2	1_1, 2_1							/files/ENCFF747EQJ/, /files/ENCFF511TXU/, /files/ENCFF356LFX/, /files/ENCFF122SUG/	187920	ENCODE Processing Pipeline	967f84756cc624eff752163fa161a369		https://www.encodeproject.org/files/ENCFF954PAC/@@download/ENCFF954PAC.bed.gz				released	s3://encode-public/2023/01/30/ffe224ca-3f20-421c-b45b-e81c378f4bdd/ENCFF954PAC.bed.gz	https://datasetencode.blob.core.windows.net/dataset/2023/01/30/ffe224ca-3f20-421c-b45b-e81c378f4bdd/ENCFF954PAC.bed.gz?sv=2019-10-10&si=prod&sr=c&sig=9qSQZo4ggrCNpybBExU8SypuUZV33igI11xw0P7rB3c%3D	ENCODE4 v1.8.1 GRCh38	released	missing genetic modification reagents		
ENCFF019XPF	bed narrowPeak	bed	narrowPeak	IDR thresholded peaks	GRCh38	ENCSR350LBJ	TF ChIP-seq	/human-donors/ENCDO882UJI/	EFO:0009747	WTC11	cell line	Homo sapiens				CRISPR	insertion	{'schema_version': '14', 'aliases': [], 'organism': {'schema_version': '6', '@type': ['Organism', 'Item'], 'name': 'human', 'taxon_id': '9606', 'scientific_name': 'Homo sapiens', '@id': '/organisms/human/', 'uuid': '7745b647-ff15-4ff3-9ced-b897d4e2983c', 'status': 'released'}, 'genes': ['/genes/11143/'], '@type': ['Target', 'Item'], 'name': 'KAT7-human', 'label': 'KAT7', '@id': '/targets/KAT7-human/', 'title': 'KAT7 (Homo sapiens)', 'investigated_as': ['chromatin remodeler'], 'uuid': '9c9bbf10-43cd-435a-ba0f-6744b43b020d', 'status': 'released'}				KAT7-human	DNA				formaldehyde		2023-01-06	ENCODE		sonication (generic)		1, 2	1_1, 2_1							/files/ENCFF356LFX/, /files/ENCFF093NPY/, /files/ENCFF179OTB/, /files/ENCFF043MLC/	171827	ENCODE Processing Pipeline	32d461d7cf9322679d1602d92faf8612		https://www.encodeproject.org/files/ENCFF019XPF/@@download/ENCFF019XPF.bed.gz				released	s3://encode-public/2022/12/19/058d75f8-b63c-4cd7-8ba4-4c31d753e02a/ENCFF019XPF.bed.gz	https://datasetencode.blob.core.windows.net/dataset/2022/12/19/058d75f8-b63c-4cd7-8ba4-4c31d753e02a/ENCFF019XPF.bed.gz?sv=2019-10-10&si=prod&sr=c&sig=9qSQZo4ggrCNpybBExU8SypuUZV33igI11xw0P7rB3c%3D	ENCODE4 v1.8.1 GRCh38	released	missing genetic modification reagents, borderline replicate concordance, mild to moderate bottlenecking		
ENCFF760GCW	bed narrowPeak	bed	narrowPeak	IDR thresholded peaks	GRCh38	ENCSR713KVZ	TF ChIP-seq	/human-donors/ENCDO882UJI/	EFO:0009747	WTC11	cell line	Homo sapiens				CRISPR	insertion	{'schema_version': '14', 'aliases': [], 'organism': {'schema_version': '6', '@type': ['Organism', 'Item'], 'name': 'human', 'taxon_id': '9606', 'scientific_name': 'Homo sapiens', '@id': '/organisms/human/', 'uuid': '7745b647-ff15-4ff3-9ced-b897d4e2983c', 'status': 'released'}, 'genes': ['/genes/10042/'], '@type': ['Target', 'Item'], 'name': 'HMGXB4-human', 'label': 'HMGXB4', '@id': '/targets/HMGXB4-human/', 'title': 'HMGXB4 (Homo sapiens)', 'investigated_as': ['transcription factor'], 'uuid': '6a6c1bc8-bd64-4c24-abf6-20841cce1f7d', 'status': 'released'}				HMGXB4-human	DNA				formaldehyde		2023-01-06	ENCODE		sonication (generic)		1, 2	1_1, 2_1							/files/ENCFF496AJT/, /files/ENCFF356LFX/, /files/ENCFF532EJO/, /files/ENCFF514SMH/	387878	ENCODE Processing Pipeline	7a68e028014b12b7ad5dfd7c705efb38		https://www.encodeproject.org/files/ENCFF760GCW/@@download/ENCFF760GCW.bed.gz				released	s3://encode-public/2022/12/19/f4ed4104-224d-43b5-afae-1892f4bf2cd7/ENCFF760GCW.bed.gz	https://datasetencode.blob.core.windows.net/dataset/2022/12/19/f4ed4104-224d-43b5-afae-1892f4bf2cd7/ENCFF760GCW.bed.gz?sv=2019-10-10&si=prod&sr=c&sig=9qSQZo4ggrCNpybBExU8SypuUZV33igI11xw0P7rB3c%3D	ENCODE4 v1.8.1 GRCh38	released	missing genetic modification reagents, mild to moderate bottlenecking, moderate library complexity		
ENCFF989FMK	bed narrowPeak	bed	narrowPeak	IDR thresholded peaks	GRCh38	ENCSR110QIL	TF ChIP-seq	/human-donors/ENCDO882UJI/	EFO:0009747	WTC11	cell line	Homo sapiens				CRISPR	insertion	{'schema_version': '14', 'aliases': ['michael-snyder:TS-1725'], 'organism': {'schema_version': '6', '@type': ['Organism', 'Item'], 'name': 'human', 'taxon_id': '9606', 'scientific_name': 'Homo sapiens', '@id': '/organisms/human/', 'uuid': '7745b647-ff15-4ff3-9ced-b897d4e2983c', 'status': 'released'}, 'genes': ['/genes/6096/'], '@type': ['Target', 'Item'], 'name': 'RORB-human', 'label': 'RORB', '@id': '/targets/RORB-human/', 'title': 'RORB (Homo sapiens)', 'investigated_as': ['transcription factor'], 'uuid': '7466746b-2b38-4b02-b35e-adb869315d44', 'status': 'released'}				RORB-human	DNA						2021-09-02	ENCODE		sonication (Bioruptor Pico)	250-450	1, 2	1_1, 2_1							/files/ENCFF356LFX/, /files/ENCFF961WVL/, /files/ENCFF614QWO/, /files/ENCFF638NYF/	14868	ENCODE Processing Pipeline	6b6c827d0c4a0f89ba676bd7a6d1c039		https://www.encodeproject.org/files/ENCFF989FMK/@@download/ENCFF989FMK.bed.gz				released	s3://encode-public/2021/09/01/873dd9d1-8efe-44ca-a68c-6aa2971de376/ENCFF989FMK.bed.gz	https://datasetencode.blob.core.windows.net/dataset/2021/09/01/873dd9d1-8efe-44ca-a68c-6aa2971de376/ENCFF989FMK.bed.gz?sv=2019-10-10&si=prod&sr=c&sig=9qSQZo4ggrCNpybBExU8SypuUZV33igI11xw0P7rB3c%3D	ENCODE4 v1.9.0 GRCh38	released	mild to moderate bottlenecking		
ENCFF117RRT	bed narrowPeak	bed	narrowPeak	IDR thresholded peaks	GRCh38	ENCSR905MSY	TF ChIP-seq	/human-donors/ENCDO882UJI/	EFO:0009747	WTC11	cell line	Homo sapiens				CRISPR	insertion	{'schema_version': '14', 'aliases': [], 'organism': {'schema_version': '6', '@type': ['Organism', 'Item'], 'name': 'human', 'taxon_id': '9606', 'scientific_name': 'Homo sapiens', '@id': '/organisms/human/', 'uuid': '7745b647-ff15-4ff3-9ced-b897d4e2983c', 'status': 'released'}, 'genes': ['/genes/22887/'], '@type': ['Target', 'Item'], 'name': 'FOXJ3-human', 'label': 'FOXJ3', '@id': '/targets/FOXJ3-human/', 'title': 'FOXJ3 (Homo sapiens)', 'investigated_as': ['transcription factor'], 'uuid': '7ca5fa27-66b4-4c77-9227-f47c2d765de6', 'status': 'released'}				FOXJ3-human	DNA				formaldehyde		2021-08-13	ENCODE		sonication (generic)		1, 2	1_1, 2_1							/files/ENCFF595KUE/, /files/ENCFF356LFX/, /files/ENCFF602KQD/, /files/ENCFF638NKZ/	14972	ENCODE Processing Pipeline	67c2f9f4178006a4c90cd8780a2c32a2		https://www.encodeproject.org/files/ENCFF117RRT/@@download/ENCFF117RRT.bed.gz				released	s3://encode-public/2021/08/02/8ea8e4d8-5f8e-4428-851c-d17f7be8eba4/ENCFF117RRT.bed.gz	https://datasetencode.blob.core.windows.net/dataset/2021/08/02/8ea8e4d8-5f8e-4428-851c-d17f7be8eba4/ENCFF117RRT.bed.gz?sv=2019-10-10&si=prod&sr=c&sig=9qSQZo4ggrCNpybBExU8SypuUZV33igI11xw0P7rB3c%3D	ENCODE4 v1.9.0 GRCh38	released	missing genetic modification reagents, borderline replicate concordance, mild to moderate bottlenecking		
ENCFF071DRB	bed narrowPeak	bed	narrowPeak	IDR thresholded peaks	GRCh38	ENCSR229QAN	TF ChIP-seq	/human-donors/ENCDO882UJI/	EFO:0009747	WTC11	cell line	Homo sapiens				CRISPR	insertion	{'dbxrefs': ['FactorBook:USF2'], 'aliases': [], 'organism': {'schema_version': '6', '@type': ['Organism', 'Item'], 'name': 'human', 'taxon_id': '9606', 'scientific_name': 'Homo sapiens', '@id': '/organisms/human/', 'uuid': '7745b647-ff15-4ff3-9ced-b897d4e2983c', 'status': 'released'}, 'genes': ['/genes/7392/'], '@type': ['Target', 'Item'], 'label': 'USF2', 'title': 'USF2 (Homo sapiens)', 'investigated_as': ['transcription factor'], 'uuid': '32ba2628-c5b4-40c4-bad6-f299d4eb068d', 'schema_version': '14', 'name': 'USF2-human', '@id': '/targets/USF2-human/', 'status': 'released'}				USF2-human	DNA				formaldehyde		2023-01-06	ENCODE		sonication (generic)		1, 2	1_1, 2_1							/files/ENCFF878NGG/, /files/ENCFF644HIP/, /files/ENCFF596VXK/, /files/ENCFF356LFX/	321683	ENCODE Processing Pipeline	e1a8d560885a7dde5ff071b39629e31c		https://www.encodeproject.org/files/ENCFF071DRB/@@download/ENCFF071DRB.bed.gz				released	s3://encode-public/2022/12/19/e40cdabf-1aa6-45cf-9d76-b7e6f9f0d14d/ENCFF071DRB.bed.gz	https://datasetencode.blob.core.windows.net/dataset/2022/12/19/e40cdabf-1aa6-45cf-9d76-b7e6f9f0d14d/ENCFF071DRB.bed.gz?sv=2019-10-10&si=prod&sr=c&sig=9qSQZo4ggrCNpybBExU8SypuUZV33igI11xw0P7rB3c%3D	ENCODE4 v1.8.1 GRCh38	released	missing genetic modification reagents, mild to moderate bottlenecking, moderate library complexity		
ENCFF640UMI	bed narrowPeak	bed	narrowPeak	conservative IDR thresholded peaks	GRCh38	ENCSR722OTA	TF ChIP-seq	/human-donors/ENCDO882UJI/	EFO:0009747	WTC11	cell line	Homo sapiens				CRISPR	insertion	{'dbxrefs': ['FactorBook:NR3C1'], 'aliases': ['michael-snyder:TS-126'], 'organism': {'schema_version': '6', '@type': ['Organism', 'Item'], 'name': 'human', 'taxon_id': '9606', 'scientific_name': 'Homo sapiens', '@id': '/organisms/human/', 'uuid': '7745b647-ff15-4ff3-9ced-b897d4e2983c', 'status': 'released'}, 'genes': ['/genes/2908/'], '@type': ['Target', 'Item'], 'label': 'NR3C1', 'title': 'NR3C1 (Homo sapiens)', 'investigated_as': ['transcription factor'], 'uuid': '79b976c7-fadf-44ef-8f24-37eb21ef8cb9', 'schema_version': '14', 'name': 'NR3C1-human', '@id': '/targets/NR3C1-human/', 'status': 'released'}				NR3C1-human	DNA				formaldehyde		2023-01-06	ENCODE		sonication (generic)		1, 2	1_1, 2_1							/files/ENCFF356LFX/, /files/ENCFF667OJS/, /files/ENCFF743OZK/, /files/ENCFF878NGG/	49704	ENCODE Processing Pipeline	2b86d4ca7aa0102bcb47608f832090cc		https://www.encodeproject.org/files/ENCFF640UMI/@@download/ENCFF640UMI.bed.gz				released	s3://encode-public/2022/12/19/182f2986-d1bd-405f-a201-83804db4583f/ENCFF640UMI.bed.gz	https://datasetencode.blob.core.windows.net/dataset/2022/12/19/182f2986-d1bd-405f-a201-83804db4583f/ENCFF640UMI.bed.gz?sv=2019-10-10&si=prod&sr=c&sig=9qSQZo4ggrCNpybBExU8SypuUZV33igI11xw0P7rB3c%3D	ENCODE4 v1.8.1 GRCh38	released	missing genetic modification reagents, low read depth, mild to moderate bottlenecking		
ENCFF835WQS	bed narrowPeak	bed	narrowPeak	IDR thresholded peaks	GRCh38	ENCSR261EBV	TF ChIP-seq	/human-donors/ENCDO882UJI/	EFO:0009747	WTC11	cell line	Homo sapiens				CRISPR	insertion	{'schema_version': '14', 'aliases': [], 'organism': {'schema_version': '6', '@type': ['Organism', 'Item'], 'name': 'human', 'taxon_id': '9606', 'scientific_name': 'Homo sapiens', '@id': '/organisms/human/', 'uuid': '7745b647-ff15-4ff3-9ced-b897d4e2983c', 'status': 'released'}, 'genes': ['/genes/27125/'], '@type': ['Target', 'Item'], 'name': 'AFF4-human', 'label': 'AFF4', '@id': '/targets/AFF4-human/', 'title': 'AFF4 (Homo sapiens)', 'investigated_as': ['transcription factor'], 'uuid': '54f64a95-bbcd-4a67-bab8-ada678e752b0', 'status': 'released'}				AFF4-human	DNA				formaldehyde		2023-01-06	ENCODE		sonication (generic)		1, 2	1_1, 2_1							/files/ENCFF878NGG/, /files/ENCFF044OIH/, /files/ENCFF031POR/, /files/ENCFF590VFH/, /files/ENCFF356LFX/	74891	ENCODE Processing Pipeline	67e5d0eda69284152255a646b3870ccc		https://www.encodeproject.org/files/ENCFF835WQS/@@download/ENCFF835WQS.bed.gz				released	s3://encode-public/2022/12/19/ae9d5d83-dae1-429e-a464-81da0a967aa7/ENCFF835WQS.bed.gz	https://datasetencode.blob.core.windows.net/dataset/2022/12/19/ae9d5d83-dae1-429e-a464-81da0a967aa7/ENCFF835WQS.bed.gz?sv=2019-10-10&si=prod&sr=c&sig=9qSQZo4ggrCNpybBExU8SypuUZV33igI11xw0P7rB3c%3D	ENCODE4 v1.8.1 GRCh38	released	missing genetic modification reagents, borderline replicate concordance, mild to moderate bottlenecking		
ENCFF717YTN	bed narrowPeak	bed	narrowPeak	IDR thresholded peaks	GRCh38	ENCSR413CVQ	TF ChIP-seq	/human-donors/ENCDO882UJI/	EFO:0009747	WTC11	cell line	Homo sapiens				CRISPR	insertion	{'schema_version': '14', 'aliases': ['michael-snyder:TS-1374'], 'organism': {'schema_version': '6', '@type': ['Organism', 'Item'], 'name': 'human', 'taxon_id': '9606', 'scientific_name': 'Homo sapiens', '@id': '/organisms/human/', 'uuid': '7745b647-ff15-4ff3-9ced-b897d4e2983c', 'status': 'released'}, 'genes': ['/genes/23090/'], '@type': ['Target', 'Item'], 'name': 'ZNF423-human', 'label': 'ZNF423', '@id': '/targets/ZNF423-human/', 'title': 'ZNF423 (Homo sapiens)', 'investigated_as': ['transcription factor'], 'uuid': '412bebd5-8317-4481-b021-f3a71baed44e', 'status': 'released'}				ZNF423-human	DNA						2022-03-07	ENCODE		sonication (Bioruptor Pico)	250-450	1, 2	1_1, 2_1							/files/ENCFF648CKA/, /files/ENCFF515BJN/, /files/ENCFF356LFX/, /files/ENCFF397AOB/	283969	ENCODE Processing Pipeline	23f80d951e4447cd728ad8564278e1f7		https://www.encodeproject.org/files/ENCFF717YTN/@@download/ENCFF717YTN.bed.gz				released	s3://encode-public/2022/02/14/8121f36e-d574-48b8-8263-f380dbea3262/ENCFF717YTN.bed.gz	https://datasetencode.blob.core.windows.net/dataset/2022/02/14/8121f36e-d574-48b8-8263-f380dbea3262/ENCFF717YTN.bed.gz?sv=2019-10-10&si=prod&sr=c&sig=9qSQZo4ggrCNpybBExU8SypuUZV33igI11xw0P7rB3c%3D	ENCODE4 v2.1.2 GRCh38	released	mild to moderate bottlenecking, moderate library complexity		
ENCFF847UIM	bed narrowPeak	bed	narrowPeak	IDR thresholded peaks	GRCh38	ENCSR454GVT	TF ChIP-seq	/human-donors/ENCDO882UJI/	EFO:0009747	WTC11	cell line	Homo sapiens				CRISPR	insertion	{'dbxrefs': ['FactorBook:NR2C2'], 'aliases': [], 'organism': {'schema_version': '6', '@type': ['Organism', 'Item'], 'name': 'human', 'taxon_id': '9606', 'scientific_name': 'Homo sapiens', '@id': '/organisms/human/', 'uuid': '7745b647-ff15-4ff3-9ced-b897d4e2983c', 'status': 'released'}, 'genes': ['/genes/7182/'], '@type': ['Target', 'Item'], 'label': 'NR2C2', 'title': 'NR2C2 (Homo sapiens)', 'investigated_as': ['transcription factor'], 'uuid': '0933f89c-c241-4a19-91a8-a3ecc27f7964', 'schema_version': '14', 'name': 'NR2C2-human', '@id': '/targets/NR2C2-human/', 'status': 'released'}				NR2C2-human	DNA				formaldehyde		2022-08-15	ENCODE		sonication (generic)		1, 2	1_1, 2_1							/files/ENCFF031POR/, /files/ENCFF047FKA/, /files/ENCFF356LFX/, /files/ENCFF501DEB/	55577	ENCODE Processing Pipeline	d03d2e7149c02d831f97e5914a4364b7		https://www.encodeproject.org/files/ENCFF847UIM/@@download/ENCFF847UIM.bed.gz				released	s3://encode-public/2022/07/23/90fd0e98-4cdc-42fb-827c-f6ada3e55f25/ENCFF847UIM.bed.gz	https://datasetencode.blob.core.windows.net/dataset/2022/07/23/90fd0e98-4cdc-42fb-827c-f6ada3e55f25/ENCFF847UIM.bed.gz?sv=2019-10-10&si=prod&sr=c&sig=9qSQZo4ggrCNpybBExU8SypuUZV33igI11xw0P7rB3c%3D	ENCODE4 v1.8.0 GRCh38	released	missing genetic modification reagents, mild to moderate bottlenecking		
ENCFF969PVK	bed narrowPeak	bed	narrowPeak	IDR thresholded peaks	GRCh38	ENCSR499FDW	TF ChIP-seq	/human-donors/ENCDO882UJI/	EFO:0009747	WTC11	cell line	Homo sapiens				CRISPR	insertion	{'schema_version': '14', 'aliases': ['michael-snyder:TS-1080'], 'organism': {'schema_version': '6', '@type': ['Organism', 'Item'], 'name': 'human', 'taxon_id': '9606', 'scientific_name': 'Homo sapiens', '@id': '/organisms/human/', 'uuid': '7745b647-ff15-4ff3-9ced-b897d4e2983c', 'status': 'released'}, 'genes': ['/genes/65982/'], '@type': ['Target', 'Item'], 'name': 'ZSCAN18-human', 'label': 'ZSCAN18', '@id': '/targets/ZSCAN18-human/', 'title': 'ZSCAN18 (Homo sapiens)', 'investigated_as': ['transcription factor'], 'uuid': '1fd054d2-2aff-4198-b4d2-2c2e8b37861b', 'status': 'released'}				ZSCAN18-human	DNA						2022-03-07	ENCODE		sonication (Bioruptor Pico)	250-450	1, 2	1_1, 2_1							/files/ENCFF356LFX/, /files/ENCFF264HLO/, /files/ENCFF648CKA/, /files/ENCFF323FUG/	29834	ENCODE Processing Pipeline	1bc4039b65353774297942c93daa847e		https://www.encodeproject.org/files/ENCFF969PVK/@@download/ENCFF969PVK.bed.gz				released	s3://encode-public/2022/02/14/9cf6fa47-a1a4-4590-8ead-354e6e931d69/ENCFF969PVK.bed.gz	https://datasetencode.blob.core.windows.net/dataset/2022/02/14/9cf6fa47-a1a4-4590-8ead-354e6e931d69/ENCFF969PVK.bed.gz?sv=2019-10-10&si=prod&sr=c&sig=9qSQZo4ggrCNpybBExU8SypuUZV33igI11xw0P7rB3c%3D	ENCODE4 v2.1.2 GRCh38	released	mild to moderate bottlenecking, moderate library complexity		
ENCFF716OVN	bed narrowPeak	bed	narrowPeak	IDR thresholded peaks	GRCh38	ENCSR032DGZ	TF ChIP-seq	/human-donors/ENCDO882UJI/	EFO:0009747	WTC11	cell line	Homo sapiens				CRISPR	insertion	{'schema_version': '14', 'aliases': [], 'organism': {'schema_version': '6', '@type': ['Organism', 'Item'], 'name': 'human', 'taxon_id': '9606', 'scientific_name': 'Homo sapiens', '@id': '/organisms/human/', 'uuid': '7745b647-ff15-4ff3-9ced-b897d4e2983c', 'status': 'released'}, 'genes': ['/genes/23528/'], '@type': ['Target', 'Item'], 'name': 'ZNF281-human', 'label': 'ZNF281', '@id': '/targets/ZNF281-human/', 'title': 'ZNF281 (Homo sapiens)', 'investigated_as': ['transcription factor'], 'uuid': 'bfe57a1c-5689-42fc-ba26-bbb3fbc53cf4', 'status': 'released'}				ZNF281-human	DNA				formaldehyde		2023-01-10	ENCODE		sonication (generic)		1, 2	1_1, 2_1							/files/ENCFF026BQD/, /files/ENCFF481RDR/, /files/ENCFF031POR/, /files/ENCFF356LFX/	151338	ENCODE Processing Pipeline	dd81290009f147feb6a9db9e441d5e1f		https://www.encodeproject.org/files/ENCFF716OVN/@@download/ENCFF716OVN.bed.gz				released	s3://encode-public/2022/07/23/02d5d82d-8368-4b2c-92ef-9b64619df444/ENCFF716OVN.bed.gz	https://datasetencode.blob.core.windows.net/dataset/2022/07/23/02d5d82d-8368-4b2c-92ef-9b64619df444/ENCFF716OVN.bed.gz?sv=2019-10-10&si=prod&sr=c&sig=9qSQZo4ggrCNpybBExU8SypuUZV33igI11xw0P7rB3c%3D	ENCODE4 v1.8.0 GRCh38	released	missing genetic modification reagents, mild to moderate bottlenecking		
ENCFF092WKT	bed narrowPeak	bed	narrowPeak	IDR thresholded peaks	GRCh38	ENCSR807VQT	TF ChIP-seq	/human-donors/ENCDO882UJI/	EFO:0009747	WTC11	cell line	Homo sapiens				CRISPR	insertion	{'schema_version': '14', 'aliases': ['michael-snyder:TS-1056'], 'organism': {'schema_version': '6', '@type': ['Organism', 'Item'], 'name': 'human', 'taxon_id': '9606', 'scientific_name': 'Homo sapiens', '@id': '/organisms/human/', 'uuid': '7745b647-ff15-4ff3-9ced-b897d4e2983c', 'status': 'released'}, 'genes': ['/genes/79698/'], '@type': ['Target', 'Item'], 'name': 'ZMAT4-human', 'label': 'ZMAT4', '@id': '/targets/ZMAT4-human/', 'title': 'ZMAT4 (Homo sapiens)', 'investigated_as': ['transcription factor'], 'uuid': 'e0a847a2-f401-41b8-8a79-517b18339eec', 'status': 'released'}				ZMAT4-human	DNA						2021-06-10	ENCODE		sonication (Bioruptor Pico)	250-450	1, 2	1_1, 2_1							/files/ENCFF243ARF/, /files/ENCFF532QQP/, /files/ENCFF356LFX/, /files/ENCFF812XIA/	40272	ENCODE Processing Pipeline	57c23d0a2492cde31fa9a81f9070f2e9		https://www.encodeproject.org/files/ENCFF092WKT/@@download/ENCFF092WKT.bed.gz				released	s3://encode-public/2021/06/04/4ff43f17-d868-4c60-87ed-7f1b735eb01a/ENCFF092WKT.bed.gz	https://datasetencode.blob.core.windows.net/dataset/2021/06/04/4ff43f17-d868-4c60-87ed-7f1b735eb01a/ENCFF092WKT.bed.gz?sv=2019-10-10&si=prod&sr=c&sig=9qSQZo4ggrCNpybBExU8SypuUZV33igI11xw0P7rB3c%3D	ENCODE4 v1.9.0 GRCh38	released	mild to moderate bottlenecking		
ENCFF934PLP	bed narrowPeak	bed	narrowPeak	IDR thresholded peaks	GRCh38	ENCSR352RXE	TF ChIP-seq	/human-donors/ENCDO882UJI/	EFO:0009747	WTC11	cell line	Homo sapiens				CRISPR	insertion	{'schema_version': '14', 'aliases': ['michael-snyder:TS-692'], 'organism': {'schema_version': '6', '@type': ['Organism', 'Item'], 'name': 'human', 'taxon_id': '9606', 'scientific_name': 'Homo sapiens', '@id': '/organisms/human/', 'uuid': '7745b647-ff15-4ff3-9ced-b897d4e2983c', 'status': 'released'}, 'genes': ['/genes/221937/'], '@type': ['Target', 'Item'], 'name': 'FOXK1-human', 'label': 'FOXK1', '@id': '/targets/FOXK1-human/', 'title': 'FOXK1 (Homo sapiens)', 'investigated_as': ['transcription factor'], 'uuid': '7c1376a2-05f3-4c7f-8667-e88e43f45a05', 'status': 'released'}				FOXK1-human	DNA				formaldehyde		2022-08-15	ENCODE		sonication (generic)		1, 2	1_1, 2_1							/files/ENCFF356LFX/, /files/ENCFF025SMZ/, /files/ENCFF681KEI/, /files/ENCFF511TXU/, /files/ENCFF338OZX/	320623	ENCODE Processing Pipeline	0ba9e485da9ebb1ef57f50c7fc74f774		https://www.encodeproject.org/files/ENCFF934PLP/@@download/ENCFF934PLP.bed.gz				released	s3://encode-public/2022/07/23/d2e35950-6c7c-4e22-9f0e-20d9bef8d9d6/ENCFF934PLP.bed.gz	https://datasetencode.blob.core.windows.net/dataset/2022/07/23/d2e35950-6c7c-4e22-9f0e-20d9bef8d9d6/ENCFF934PLP.bed.gz?sv=2019-10-10&si=prod&sr=c&sig=9qSQZo4ggrCNpybBExU8SypuUZV33igI11xw0P7rB3c%3D	ENCODE4 v1.8.0 GRCh38	released	missing genetic modification reagents, mild to moderate bottlenecking, moderate library complexity		
ENCFF172KCZ	bed narrowPeak	bed	narrowPeak	IDR thresholded peaks	GRCh38	ENCSR507RVF	TF ChIP-seq	/human-donors/ENCDO882UJI/	EFO:0009747	WTC11	cell line	Homo sapiens				CRISPR	insertion	{'schema_version': '14', 'aliases': [], 'organism': {'schema_version': '6', '@type': ['Organism', 'Item'], 'name': 'human', 'taxon_id': '9606', 'scientific_name': 'Homo sapiens', '@id': '/organisms/human/', 'uuid': '7745b647-ff15-4ff3-9ced-b897d4e2983c', 'status': 'released'}, 'genes': ['/genes/116113/'], '@type': ['Target', 'Item'], 'name': 'FOXP4-human', 'label': 'FOXP4', '@id': '/targets/FOXP4-human/', 'title': 'FOXP4 (Homo sapiens)', 'investigated_as': ['transcription factor'], 'uuid': 'a342adab-be2f-4eb5-b46f-d568daf55940', 'status': 'released'}				FOXP4-human	DNA				formaldehyde		2022-08-15	ENCODE		sonication (generic)		1, 2	1_1, 2_1							/files/ENCFF338OZX/, /files/ENCFF356LFX/, /files/ENCFF777MWC/, /files/ENCFF903SZP/	285348	ENCODE Processing Pipeline	7649603a8f0d8d9dfda4724d3b3ee59b		https://www.encodeproject.org/files/ENCFF172KCZ/@@download/ENCFF172KCZ.bed.gz				released	s3://encode-public/2022/07/23/f6077b5c-eb20-4681-bc74-39b7b7b55dcd/ENCFF172KCZ.bed.gz	https://datasetencode.blob.core.windows.net/dataset/2022/07/23/f6077b5c-eb20-4681-bc74-39b7b7b55dcd/ENCFF172KCZ.bed.gz?sv=2019-10-10&si=prod&sr=c&sig=9qSQZo4ggrCNpybBExU8SypuUZV33igI11xw0P7rB3c%3D	ENCODE4 v1.8.0 GRCh38	released	missing genetic modification reagents, mild to moderate bottlenecking		
ENCFF341OPF	bed narrowPeak	bed	narrowPeak	IDR thresholded peaks	GRCh38	ENCSR866VOW	TF ChIP-seq	/human-donors/ENCDO882UJI/	EFO:0009747	WTC11	cell line	Homo sapiens				CRISPR	insertion	{'dbxrefs': ['FactorBook:CBFB'], 'aliases': ['michael-snyder:TS-1966'], 'organism': {'schema_version': '6', '@type': ['Organism', 'Item'], 'name': 'human', 'taxon_id': '9606', 'scientific_name': 'Homo sapiens', '@id': '/organisms/human/', 'uuid': '7745b647-ff15-4ff3-9ced-b897d4e2983c', 'status': 'released'}, 'genes': ['/genes/865/'], '@type': ['Target', 'Item'], 'label': 'CBFB', 'title': 'CBFB (Homo sapiens)', 'investigated_as': ['transcription factor'], 'uuid': '46038e1d-7ebd-4151-bff3-57bc25778a34', 'schema_version': '14', 'name': 'CBFB-human', '@id': '/targets/CBFB-human/', 'status': 'released'}				CBFB-human	DNA				formaldehyde		2022-10-03	ENCODE		sonication (generic)		1, 2	1_1, 2_1							/files/ENCFF961YUB/, /files/ENCFF888OPC/, /files/ENCFF356LFX/, /files/ENCFF878NGG/	87700	ENCODE Processing Pipeline	ab54bb92e201de5a0842ad0c9f687081		https://www.encodeproject.org/files/ENCFF341OPF/@@download/ENCFF341OPF.bed.gz				released	s3://encode-public/2022/09/28/04dac7fc-3c2c-43c0-acb7-6da949755406/ENCFF341OPF.bed.gz	https://datasetencode.blob.core.windows.net/dataset/2022/09/28/04dac7fc-3c2c-43c0-acb7-6da949755406/ENCFF341OPF.bed.gz?sv=2019-10-10&si=prod&sr=c&sig=9qSQZo4ggrCNpybBExU8SypuUZV33igI11xw0P7rB3c%3D	ENCODE4 v1.8.1 GRCh38	released	missing genetic modification reagents, low read depth, mild to moderate bottlenecking		
ENCFF974DKV	bed narrowPeak	bed	narrowPeak	IDR thresholded peaks	GRCh38	ENCSR203PCF	TF ChIP-seq	/human-donors/ENCDO882UJI/	EFO:0009747	WTC11	cell line	Homo sapiens				CRISPR	insertion	{'schema_version': '14', 'aliases': ['michael-snyder:TS-1588'], 'organism': {'schema_version': '6', '@type': ['Organism', 'Item'], 'name': 'human', 'taxon_id': '9606', 'scientific_name': 'Homo sapiens', '@id': '/organisms/human/', 'uuid': '7745b647-ff15-4ff3-9ced-b897d4e2983c', 'status': 'released'}, 'genes': ['/genes/7675/'], '@type': ['Target', 'Item'], 'name': 'ZNF121-human', 'label': 'ZNF121', '@id': '/targets/ZNF121-human/', 'title': 'ZNF121 (Homo sapiens)', 'investigated_as': ['transcription factor'], 'uuid': 'e0aa284e-34be-4246-8ddd-c70bc7830678', 'status': 'released'}				ZNF121-human	DNA				formaldehyde		2023-01-10	ENCODE		sonication (generic)		1, 2	1_1, 2_1							/files/ENCFF889JNF/, /files/ENCFF338OZX/, /files/ENCFF674NKJ/, /files/ENCFF356LFX/	541324	ENCODE Processing Pipeline	f2b0d25d70cd6eeb46fa584639921abb		https://www.encodeproject.org/files/ENCFF974DKV/@@download/ENCFF974DKV.bed.gz				released	s3://encode-public/2022/07/23/42a9d489-ee34-4c4d-bfe6-00b66bedbfb0/ENCFF974DKV.bed.gz	https://datasetencode.blob.core.windows.net/dataset/2022/07/23/42a9d489-ee34-4c4d-bfe6-00b66bedbfb0/ENCFF974DKV.bed.gz?sv=2019-10-10&si=prod&sr=c&sig=9qSQZo4ggrCNpybBExU8SypuUZV33igI11xw0P7rB3c%3D	ENCODE4 v1.8.0 GRCh38	released	missing genetic modification reagents		
ENCFF848ADM	bed narrowPeak	bed	narrowPeak	conservative IDR thresholded peaks	GRCh38	ENCSR281VWZ	TF ChIP-seq	/human-donors/ENCDO882UJI/	EFO:0009747	WTC11	cell line	Homo sapiens				CRISPR	insertion	{'schema_version': '14', 'aliases': [], 'organism': {'schema_version': '6', '@type': ['Organism', 'Item'], 'name': 'human', 'taxon_id': '9606', 'scientific_name': 'Homo sapiens', '@id': '/organisms/human/', 'uuid': '7745b647-ff15-4ff3-9ced-b897d4e2983c', 'status': 'released'}, 'genes': ['/genes/2969/'], '@type': ['Target', 'Item'], 'name': 'GTF2I-human', 'label': 'GTF2I', '@id': '/targets/GTF2I-human/', 'title': 'GTF2I (Homo sapiens)', 'investigated_as': ['transcription factor'], 'uuid': '47228b91-b77a-4634-8f40-8e77ec0becab', 'status': 'released'}				GTF2I-human	DNA						2021-05-18	ENCODE		sonication (Bioruptor Pico)	250-450	1, 2	1_1, 2_1							/files/ENCFF394DOL/, /files/ENCFF398NBJ/, /files/ENCFF356LFX/, /files/ENCFF572VRT/	142733	ENCODE Processing Pipeline	a1e9666b3251f3f9bcf79fa04467992c		https://www.encodeproject.org/files/ENCFF848ADM/@@download/ENCFF848ADM.bed.gz				released	s3://encode-public/2020/06/06/ed24e5ba-caa0-4bc5-8cdc-53263e858d78/ENCFF848ADM.bed.gz	https://datasetencode.blob.core.windows.net/dataset/2020/06/06/ed24e5ba-caa0-4bc5-8cdc-53263e858d78/ENCFF848ADM.bed.gz?sv=2019-10-10&si=prod&sr=c&sig=9qSQZo4ggrCNpybBExU8SypuUZV33igI11xw0P7rB3c%3D	ENCODE4 v1.4.0 GRCh38	released	mild to moderate bottlenecking		
ENCFF230EPT	bed narrowPeak	bed	narrowPeak	IDR thresholded peaks	GRCh38	ENCSR096OUP	TF ChIP-seq	/human-donors/ENCDO882UJI/	EFO:0009747	WTC11	cell line	Homo sapiens				CRISPR	insertion	{'schema_version': '14', 'aliases': ['michael-snyder:TS-1790'], 'organism': {'schema_version': '6', '@type': ['Organism', 'Item'], 'name': 'human', 'taxon_id': '9606', 'scientific_name': 'Homo sapiens', '@id': '/organisms/human/', 'uuid': '7745b647-ff15-4ff3-9ced-b897d4e2983c', 'status': 'released'}, 'genes': ['/genes/4776/'], '@type': ['Target', 'Item'], 'name': 'NFATC4-human', 'label': 'NFATC4', '@id': '/targets/NFATC4-human/', 'title': 'NFATC4 (Homo sapiens)', 'investigated_as': ['transcription factor'], 'uuid': '13f85ab8-e7d1-4177-ad55-c57d53d21587', 'status': 'released'}				NFATC4-human	DNA						2021-11-08	ENCODE		sonication (Bioruptor Pico)	250-450	1, 2	1_1, 2_1							/files/ENCFF356LFX/, /files/ENCFF290MVS/, /files/ENCFF183SCQ/, /files/ENCFF343HJK/	58217	ENCODE Processing Pipeline	8c7e08d47195a86b9b4f20da178be1ff		https://www.encodeproject.org/files/ENCFF230EPT/@@download/ENCFF230EPT.bed.gz				released	s3://encode-public/2021/10/27/b234ca3a-fc71-415d-bc89-19948633119d/ENCFF230EPT.bed.gz	https://datasetencode.blob.core.windows.net/dataset/2021/10/27/b234ca3a-fc71-415d-bc89-19948633119d/ENCFF230EPT.bed.gz?sv=2019-10-10&si=prod&sr=c&sig=9qSQZo4ggrCNpybBExU8SypuUZV33igI11xw0P7rB3c%3D	ENCODE4 v1.9.0 GRCh38	released	mild to moderate bottlenecking		
ENCFF149LMA	bed narrowPeak	bed	narrowPeak	IDR thresholded peaks	GRCh38	ENCSR440UPD	TF ChIP-seq	/human-donors/ENCDO882UJI/	EFO:0009747	WTC11	cell line	Homo sapiens				CRISPR	insertion	{'schema_version': '14', 'aliases': ['michael-snyder:TS-1927'], 'organism': {'schema_version': '6', '@type': ['Organism', 'Item'], 'name': 'human', 'taxon_id': '9606', 'scientific_name': 'Homo sapiens', '@id': '/organisms/human/', 'uuid': '7745b647-ff15-4ff3-9ced-b897d4e2983c', 'status': 'released'}, 'genes': ['/genes/2016/'], '@type': ['Target', 'Item'], 'name': 'EMX1-human', 'label': 'EMX1', '@id': '/targets/EMX1-human/', 'title': 'EMX1 (Homo sapiens)', 'investigated_as': ['transcription factor'], 'uuid': '486c3eb1-9e72-416c-98b1-74a16345fe52', 'status': 'released'}				EMX1-human	DNA						2021-12-08	ENCODE		sonication (Bioruptor Pico)	250-450	1, 2	1_1, 2_1							/files/ENCFF344DND/, /files/ENCFF132QAO/, /files/ENCFF377JAS/, /files/ENCFF356LFX/	78072	ENCODE Processing Pipeline	ff3f1173cbb5168c7a805d9e2bdbc3c5		https://www.encodeproject.org/files/ENCFF149LMA/@@download/ENCFF149LMA.bed.gz				released	s3://encode-public/2021/11/25/f11b2b2e-fac2-4bbd-b8f3-3decb4946f18/ENCFF149LMA.bed.gz	https://datasetencode.blob.core.windows.net/dataset/2021/11/25/f11b2b2e-fac2-4bbd-b8f3-3decb4946f18/ENCFF149LMA.bed.gz?sv=2019-10-10&si=prod&sr=c&sig=9qSQZo4ggrCNpybBExU8SypuUZV33igI11xw0P7rB3c%3D	ENCODE4 v1.8.0 GRCh38	released	mild to moderate bottlenecking		
ENCFF414STO	bed narrowPeak	bed	narrowPeak	IDR thresholded peaks	GRCh38	ENCSR762LIP	TF ChIP-seq	/human-donors/ENCDO882UJI/	EFO:0009747	WTC11	cell line	Homo sapiens				CRISPR	insertion	{'schema_version': '14', 'aliases': ['michael-snyder:TS-1987'], 'organism': {'schema_version': '6', '@type': ['Organism', 'Item'], 'name': 'human', 'taxon_id': '9606', 'scientific_name': 'Homo sapiens', '@id': '/organisms/human/', 'uuid': '7745b647-ff15-4ff3-9ced-b897d4e2983c', 'status': 'released'}, 'genes': ['/genes/367/'], '@type': ['Target', 'Item'], 'name': 'AR-human', 'label': 'AR', '@id': '/targets/AR-human/', 'title': 'AR (Homo sapiens)', 'investigated_as': ['transcription factor'], 'uuid': '82a61033-a534-4cfc-89b0-e51c17bbecc5', 'status': 'released'}				AR-human	DNA						2021-11-08	ENCODE		sonication (Bioruptor Pico)	250-450	1, 2	1_1, 2_1							/files/ENCFF208OKH/, /files/ENCFF289ARA/, /files/ENCFF343HJK/, /files/ENCFF356LFX/	61414	ENCODE Processing Pipeline	3505f19c8ec70b5105564a407c563fa4		https://www.encodeproject.org/files/ENCFF414STO/@@download/ENCFF414STO.bed.gz				released	s3://encode-public/2021/10/27/d4fe0b8e-32e4-4b47-b501-d0adbbc2bb97/ENCFF414STO.bed.gz	https://datasetencode.blob.core.windows.net/dataset/2021/10/27/d4fe0b8e-32e4-4b47-b501-d0adbbc2bb97/ENCFF414STO.bed.gz?sv=2019-10-10&si=prod&sr=c&sig=9qSQZo4ggrCNpybBExU8SypuUZV33igI11xw0P7rB3c%3D	ENCODE4 v1.9.0 GRCh38	released	mild to moderate bottlenecking		
ENCFF168YVH	bed narrowPeak	bed	narrowPeak	IDR thresholded peaks	GRCh38	ENCSR592ZQB	TF ChIP-seq	/human-donors/ENCDO882UJI/	EFO:0009747	WTC11	cell line	Homo sapiens				CRISPR	insertion	{'dbxrefs': ['FactorBook:IRF2'], 'aliases': [], 'organism': {'schema_version': '6', '@type': ['Organism', 'Item'], 'name': 'human', 'taxon_id': '9606', 'scientific_name': 'Homo sapiens', '@id': '/organisms/human/', 'uuid': '7745b647-ff15-4ff3-9ced-b897d4e2983c', 'status': 'released'}, 'genes': ['/genes/3660/'], '@type': ['Target', 'Item'], 'label': 'IRF2', 'title': 'IRF2 (Homo sapiens)', 'investigated_as': ['transcription factor'], 'uuid': 'be242da0-368d-4dad-8cd9-76cd764553c8', 'schema_version': '14', 'name': 'IRF2-human', '@id': '/targets/IRF2-human/', 'status': 'released'}				IRF2-human	DNA				formaldehyde		2022-08-31	ENCODE		sonication (generic)		1, 2	1_1, 2_1							/files/ENCFF541FQZ/, /files/ENCFF356LFX/, /files/ENCFF262ZGL/, /files/ENCFF511TXU/	22340	ENCODE Processing Pipeline	52519b777e9f5b0c0becded63214af92		https://www.encodeproject.org/files/ENCFF168YVH/@@download/ENCFF168YVH.bed.gz				released	s3://encode-public/2022/08/27/6f43dbfa-d1bf-4741-a586-e90c1051aae2/ENCFF168YVH.bed.gz	https://datasetencode.blob.core.windows.net/dataset/2022/08/27/6f43dbfa-d1bf-4741-a586-e90c1051aae2/ENCFF168YVH.bed.gz?sv=2019-10-10&si=prod&sr=c&sig=9qSQZo4ggrCNpybBExU8SypuUZV33igI11xw0P7rB3c%3D	ENCODE4 v1.8.0 GRCh38	released	missing genetic modification reagents, borderline replicate concordance, low read depth		
ENCFF258HYD	bed narrowPeak	bed	narrowPeak	IDR thresholded peaks	GRCh38	ENCSR029OPK	TF ChIP-seq	/human-donors/ENCDO882UJI/	EFO:0009747	WTC11	cell line	Homo sapiens				CRISPR	insertion	{'dbxrefs': ['FactorBook:ESRRA'], 'aliases': ['michael-snyder:TS-137'], 'organism': {'schema_version': '6', '@type': ['Organism', 'Item'], 'name': 'human', 'taxon_id': '9606', 'scientific_name': 'Homo sapiens', '@id': '/organisms/human/', 'uuid': '7745b647-ff15-4ff3-9ced-b897d4e2983c', 'status': 'released'}, 'genes': ['/genes/2101/'], '@type': ['Target', 'Item'], 'label': 'ESRRA', 'title': 'ESRRA (Homo sapiens)', 'investigated_as': ['transcription factor'], 'uuid': 'dc23f5c3-113b-4812-a72b-883fee52cfbf', 'schema_version': '14', 'name': 'ESRRA-human', '@id': '/targets/ESRRA-human/', 'status': 'released'}				ESRRA-human	DNA				formaldehyde		2022-10-03	ENCODE		sonication (generic)		1, 2	1_1, 2_1							/files/ENCFF356LFX/, /files/ENCFF093NPY/, /files/ENCFF826TAK/, /files/ENCFF081CNK/	132406	ENCODE Processing Pipeline	926693a8330d6ac433a8058f755b181c		https://www.encodeproject.org/files/ENCFF258HYD/@@download/ENCFF258HYD.bed.gz				released	s3://encode-public/2022/09/28/fa194c9a-88c6-4f35-8f0c-2e31f60090bd/ENCFF258HYD.bed.gz	https://datasetencode.blob.core.windows.net/dataset/2022/09/28/fa194c9a-88c6-4f35-8f0c-2e31f60090bd/ENCFF258HYD.bed.gz?sv=2019-10-10&si=prod&sr=c&sig=9qSQZo4ggrCNpybBExU8SypuUZV33igI11xw0P7rB3c%3D	ENCODE4 v1.8.1 GRCh38	released	missing genetic modification reagents, borderline replicate concordance, mild to moderate bottlenecking		
ENCFF095PJP	bed narrowPeak	bed	narrowPeak	IDR thresholded peaks	GRCh38	ENCSR989LMJ	TF ChIP-seq	/human-donors/ENCDO882UJI/	EFO:0009747	WTC11	cell line	Homo sapiens				CRISPR	insertion	{'schema_version': '14', 'aliases': ['michael-snyder:TS-220'], 'organism': {'schema_version': '6', '@type': ['Organism', 'Item'], 'name': 'human', 'taxon_id': '9606', 'scientific_name': 'Homo sapiens', '@id': '/organisms/human/', 'uuid': '7745b647-ff15-4ff3-9ced-b897d4e2983c', 'status': 'released'}, 'genes': ['/genes/5970/'], '@type': ['Target', 'Item'], 'name': 'RELA-human', 'label': 'RELA', '@id': '/targets/RELA-human/', 'title': 'RELA (Homo sapiens)', 'investigated_as': ['transcription factor'], 'uuid': '3c44d92c-436a-4be6-a5cd-13f522313efa', 'status': 'released'}				RELA-human	DNA				formaldehyde		2022-10-03	ENCODE		sonication (generic)		1, 2	1_1, 2_1							/files/ENCFF041SNO/, /files/ENCFF083YPT/, /files/ENCFF093NPY/, /files/ENCFF356LFX/	101132	ENCODE Processing Pipeline	aab8bda8e3c6d3ec6f9434ff0c681dc5		https://www.encodeproject.org/files/ENCFF095PJP/@@download/ENCFF095PJP.bed.gz				released	s3://encode-public/2022/09/28/43297664-c6de-4573-8f74-dec9fecdb7ff/ENCFF095PJP.bed.gz	https://datasetencode.blob.core.windows.net/dataset/2022/09/28/43297664-c6de-4573-8f74-dec9fecdb7ff/ENCFF095PJP.bed.gz?sv=2019-10-10&si=prod&sr=c&sig=9qSQZo4ggrCNpybBExU8SypuUZV33igI11xw0P7rB3c%3D	ENCODE4 v1.8.1 GRCh38	released	missing genetic modification reagents, borderline replicate concordance, mild to moderate bottlenecking		
ENCFF122AFS	bed narrowPeak	bed	narrowPeak	IDR thresholded peaks	GRCh38	ENCSR640STN	TF ChIP-seq	/human-donors/ENCDO882UJI/	EFO:0009747	WTC11	cell line	Homo sapiens				CRISPR	insertion	{'dbxrefs': ['FactorBook:ZNF184'], 'aliases': ['michael-snyder:TS-1556'], 'organism': {'schema_version': '6', '@type': ['Organism', 'Item'], 'name': 'human', 'taxon_id': '9606', 'scientific_name': 'Homo sapiens', '@id': '/organisms/human/', 'uuid': '7745b647-ff15-4ff3-9ced-b897d4e2983c', 'status': 'released'}, 'genes': ['/genes/7738/'], '@type': ['Target', 'Item'], 'label': 'ZNF184', 'title': 'ZNF184 (Homo sapiens)', 'investigated_as': ['transcription factor'], 'uuid': '090f6fff-80de-4228-b150-c9703890c3c9', 'schema_version': '14', 'name': 'ZNF184-human', '@id': '/targets/ZNF184-human/', 'status': 'released'}				ZNF184-human	DNA				formaldehyde		2023-01-06	ENCODE		sonication (generic)		1, 2	1_1, 2_1							/files/ENCFF727OTV/, /files/ENCFF356LFX/, /files/ENCFF057STB/, /files/ENCFF878NGG/	206922	ENCODE Processing Pipeline	f4adb251d6a8b567195b59112cb6d821		https://www.encodeproject.org/files/ENCFF122AFS/@@download/ENCFF122AFS.bed.gz				released	s3://encode-public/2022/12/19/b628f1a2-070b-4f25-a158-6f3c643e066b/ENCFF122AFS.bed.gz	https://datasetencode.blob.core.windows.net/dataset/2022/12/19/b628f1a2-070b-4f25-a158-6f3c643e066b/ENCFF122AFS.bed.gz?sv=2019-10-10&si=prod&sr=c&sig=9qSQZo4ggrCNpybBExU8SypuUZV33igI11xw0P7rB3c%3D	ENCODE4 v1.8.1 GRCh38	released	missing genetic modification reagents, mild to moderate bottlenecking, moderate library complexity		
ENCFF614IHQ	bed narrowPeak	bed	narrowPeak	IDR thresholded peaks	GRCh38	ENCSR742DAU	TF ChIP-seq	/human-donors/ENCDO882UJI/	EFO:0009747	WTC11	cell line	Homo sapiens				CRISPR	insertion	{'schema_version': '14', 'aliases': [], 'organism': {'schema_version': '6', '@type': ['Organism', 'Item'], 'name': 'human', 'taxon_id': '9606', 'scientific_name': 'Homo sapiens', '@id': '/organisms/human/', 'uuid': '7745b647-ff15-4ff3-9ced-b897d4e2983c', 'status': 'released'}, 'genes': ['/genes/8091/'], '@type': ['Target', 'Item'], 'name': 'HMGA2-human', 'label': 'HMGA2', '@id': '/targets/HMGA2-human/', 'title': 'HMGA2 (Homo sapiens)', 'investigated_as': ['transcription factor'], 'uuid': 'ae8f75d6-b585-4943-9ca2-9118622ca3e5', 'status': 'released'}				HMGA2-human	DNA						2021-07-14	ENCODE		sonication (Bioruptor Pico)	250-450	1, 2	1_1, 2_1							/files/ENCFF281EPZ/, /files/ENCFF234MJP/, /files/ENCFF356LFX/, /files/ENCFF572VRT/	500916	ENCODE Processing Pipeline	cc1ab8502d2f81f6ddd41b3fc034644c		https://www.encodeproject.org/files/ENCFF614IHQ/@@download/ENCFF614IHQ.bed.gz				released	s3://encode-public/2020/06/06/747da267-b62b-494c-a520-519f93050038/ENCFF614IHQ.bed.gz	https://datasetencode.blob.core.windows.net/dataset/2020/06/06/747da267-b62b-494c-a520-519f93050038/ENCFF614IHQ.bed.gz?sv=2019-10-10&si=prod&sr=c&sig=9qSQZo4ggrCNpybBExU8SypuUZV33igI11xw0P7rB3c%3D	ENCODE4 v1.4.0 GRCh38	released	mild to moderate bottlenecking, moderate library complexity		
ENCFF231XIJ	bed narrowPeak	bed	narrowPeak	IDR thresholded peaks	GRCh38	ENCSR943MQH	TF ChIP-seq	/human-donors/ENCDO882UJI/	EFO:0009747	WTC11	cell line	Homo sapiens				CRISPR	insertion	{'dbxrefs': ['FactorBook:ZBTB33'], 'aliases': [], 'organism': {'schema_version': '6', '@type': ['Organism', 'Item'], 'name': 'human', 'taxon_id': '9606', 'scientific_name': 'Homo sapiens', '@id': '/organisms/human/', 'uuid': '7745b647-ff15-4ff3-9ced-b897d4e2983c', 'status': 'released'}, 'genes': ['/genes/10009/'], '@type': ['Target', 'Item'], 'label': 'ZBTB33', 'title': 'ZBTB33 (Homo sapiens)', 'investigated_as': ['transcription factor'], 'uuid': 'ca766e38-3d05-4f16-8c04-1be3bf9747e6', 'schema_version': '14', 'name': 'ZBTB33-human', '@id': '/targets/ZBTB33-human/', 'status': 'released'}				ZBTB33-human	DNA				formaldehyde		2022-09-14	ENCODE		sonication (generic)		1, 2	1_1, 2_1							/files/ENCFF050ZXM/, /files/ENCFF767SOJ/, /files/ENCFF356LFX/, /files/ENCFF891TFC/	100831	ENCODE Processing Pipeline	2260813033c00afb9fb61621bf516200		https://www.encodeproject.org/files/ENCFF231XIJ/@@download/ENCFF231XIJ.bed.gz				released	s3://encode-public/2022/07/23/bc844ee2-d1e8-434d-8534-56845fc7f0e4/ENCFF231XIJ.bed.gz	https://datasetencode.blob.core.windows.net/dataset/2022/07/23/bc844ee2-d1e8-434d-8534-56845fc7f0e4/ENCFF231XIJ.bed.gz?sv=2019-10-10&si=prod&sr=c&sig=9qSQZo4ggrCNpybBExU8SypuUZV33igI11xw0P7rB3c%3D	ENCODE4 v1.8.0 GRCh38	released	missing genetic modification reagents, low read depth, mild to moderate bottlenecking	insufficient replicate concordance	
ENCFF413VSG	bed narrowPeak	bed	narrowPeak	IDR thresholded peaks	GRCh38	ENCSR963CCJ	TF ChIP-seq	/human-donors/ENCDO882UJI/	EFO:0009747	WTC11	cell line	Homo sapiens				CRISPR	insertion	{'schema_version': '14', 'aliases': [], 'organism': {'schema_version': '6', '@type': ['Organism', 'Item'], 'name': 'human', 'taxon_id': '9606', 'scientific_name': 'Homo sapiens', '@id': '/organisms/human/', 'uuid': '7745b647-ff15-4ff3-9ced-b897d4e2983c', 'status': 'released'}, 'genes': ['/genes/51742/'], '@type': ['Target', 'Item'], 'name': 'ARID4B-human', 'label': 'ARID4B', '@id': '/targets/ARID4B-human/', 'title': 'ARID4B (Homo sapiens)', 'investigated_as': ['transcription factor'], 'uuid': 'afe64f25-e1eb-4294-a935-d8cc434e6584', 'status': 'released'}				ARID4B-human	DNA				formaldehyde		2023-01-10	ENCODE		sonication (generic)		1, 2	1_1, 2_1							/files/ENCFF843URG/, /files/ENCFF711IZS/, /files/ENCFF356LFX/, /files/ENCFF581SQQ/	259360	ENCODE Processing Pipeline	45364be7058e112e1909766c0c380de2		https://www.encodeproject.org/files/ENCFF413VSG/@@download/ENCFF413VSG.bed.gz				released	s3://encode-public/2022/07/23/2baadacb-78b8-440e-8f48-3bbd703a3937/ENCFF413VSG.bed.gz	https://datasetencode.blob.core.windows.net/dataset/2022/07/23/2baadacb-78b8-440e-8f48-3bbd703a3937/ENCFF413VSG.bed.gz?sv=2019-10-10&si=prod&sr=c&sig=9qSQZo4ggrCNpybBExU8SypuUZV33igI11xw0P7rB3c%3D	ENCODE4 v1.8.0 GRCh38	released	missing genetic modification reagents, borderline replicate concordance, mild to moderate bottlenecking		
ENCFF300TKM	bed narrowPeak	bed	narrowPeak	IDR thresholded peaks	GRCh38	ENCSR260GQA	TF ChIP-seq	/human-donors/ENCDO882UJI/	EFO:0009747	WTC11	cell line	Homo sapiens				CRISPR	insertion	{'schema_version': '14', 'aliases': ['michael-snyder:TS-1051'], 'organism': {'schema_version': '6', '@type': ['Organism', 'Item'], 'name': 'human', 'taxon_id': '9606', 'scientific_name': 'Homo sapiens', '@id': '/organisms/human/', 'uuid': '7745b647-ff15-4ff3-9ced-b897d4e2983c', 'status': 'released'}, 'genes': ['/genes/79891/'], '@type': ['Target', 'Item'], 'name': 'ZNF671-human', 'label': 'ZNF671', '@id': '/targets/ZNF671-human/', 'title': 'ZNF671 (Homo sapiens)', 'investigated_as': ['transcription factor'], 'uuid': 'ac2a416a-7c3b-4121-bc67-9391c6a7cd53', 'status': 'released'}				ZNF671-human	DNA						2021-12-08	ENCODE		sonication (Bioruptor Pico)	250-450	1, 2	1_1, 2_1							/files/ENCFF356LFX/, /files/ENCFF343HJK/, /files/ENCFF778JNF/, /files/ENCFF688BJA/	53925	ENCODE Processing Pipeline	5bf5c54b985c8f1233bbae985b6cc2f7		https://www.encodeproject.org/files/ENCFF300TKM/@@download/ENCFF300TKM.bed.gz				released	s3://encode-public/2021/11/25/77886bcf-05f3-4baf-8e93-36116cf9ff62/ENCFF300TKM.bed.gz	https://datasetencode.blob.core.windows.net/dataset/2021/11/25/77886bcf-05f3-4baf-8e93-36116cf9ff62/ENCFF300TKM.bed.gz?sv=2019-10-10&si=prod&sr=c&sig=9qSQZo4ggrCNpybBExU8SypuUZV33igI11xw0P7rB3c%3D	ENCODE4 v1.8.0 GRCh38	released	mild to moderate bottlenecking		
ENCFF003OAO	bed narrowPeak	bed	narrowPeak	IDR thresholded peaks	GRCh38	ENCSR092DCD	TF ChIP-seq	/human-donors/ENCDO882UJI/	EFO:0009747	WTC11	cell line	Homo sapiens				CRISPR	insertion	{'schema_version': '14', 'aliases': ['michael-snyder:TS-1112'], 'organism': {'schema_version': '6', '@type': ['Organism', 'Item'], 'name': 'human', 'taxon_id': '9606', 'scientific_name': 'Homo sapiens', '@id': '/organisms/human/', 'uuid': '7745b647-ff15-4ff3-9ced-b897d4e2983c', 'status': 'released'}, 'genes': ['/genes/63977/'], '@type': ['Target', 'Item'], 'name': 'PRDM15-human', 'label': 'PRDM15', '@id': '/targets/PRDM15-human/', 'title': 'PRDM15 (Homo sapiens)', 'investigated_as': ['transcription factor'], 'uuid': 'f055571b-35dc-42c2-b04f-7f0429bba36e', 'status': 'released'}				PRDM15-human	DNA				formaldehyde		2022-08-15	ENCODE		sonication (generic)		1, 2	1_1, 2_1							/files/ENCFF456TZE/, /files/ENCFF338OZX/, /files/ENCFF356LFX/, /files/ENCFF568BJT/	205418	ENCODE Processing Pipeline	b4a4c63f93f2003b93538b6265731192		https://www.encodeproject.org/files/ENCFF003OAO/@@download/ENCFF003OAO.bed.gz				released	s3://encode-public/2022/07/23/9e50c523-c6fe-47d3-8be7-6cac25a993d5/ENCFF003OAO.bed.gz	https://datasetencode.blob.core.windows.net/dataset/2022/07/23/9e50c523-c6fe-47d3-8be7-6cac25a993d5/ENCFF003OAO.bed.gz?sv=2019-10-10&si=prod&sr=c&sig=9qSQZo4ggrCNpybBExU8SypuUZV33igI11xw0P7rB3c%3D	ENCODE4 v1.8.0 GRCh38	released	missing genetic modification reagents		
ENCFF459NUP	bed narrowPeak	bed	narrowPeak	IDR thresholded peaks	GRCh38	ENCSR804OBA	TF ChIP-seq	/human-donors/ENCDO882UJI/	EFO:0009747	WTC11	cell line	Homo sapiens				CRISPR	insertion	{'dbxrefs': ['FactorBook:JUN'], 'aliases': ['michael-snyder:TS-216'], 'organism': {'schema_version': '6', '@type': ['Organism', 'Item'], 'name': 'human', 'taxon_id': '9606', 'scientific_name': 'Homo sapiens', '@id': '/organisms/human/', 'uuid': '7745b647-ff15-4ff3-9ced-b897d4e2983c', 'status': 'released'}, 'genes': ['/genes/3725/'], '@type': ['Target', 'Item'], 'label': 'JUN', 'title': 'JUN (Homo sapiens)', 'investigated_as': ['transcription factor'], 'uuid': '3ccf19be-bfb6-45df-9a23-7c1e46871e6a', 'schema_version': '14', 'name': 'JUN-human', '@id': '/targets/JUN-human/', 'status': 'released'}				JUN-human	DNA				formaldehyde		2023-01-10	ENCODE		sonication (generic)		1, 2	1_1, 2_1							/files/ENCFF475YWT/, /files/ENCFF281HJL/, /files/ENCFF356LFX/, /files/ENCFF711IZS/	105962	ENCODE Processing Pipeline	aa6b66081ca641d71fd81e9bd237ed49		https://www.encodeproject.org/files/ENCFF459NUP/@@download/ENCFF459NUP.bed.gz				released	s3://encode-public/2022/07/23/8564001f-e3f5-4b10-80d2-9c1b21f0c289/ENCFF459NUP.bed.gz	https://datasetencode.blob.core.windows.net/dataset/2022/07/23/8564001f-e3f5-4b10-80d2-9c1b21f0c289/ENCFF459NUP.bed.gz?sv=2019-10-10&si=prod&sr=c&sig=9qSQZo4ggrCNpybBExU8SypuUZV33igI11xw0P7rB3c%3D	ENCODE4 v1.8.0 GRCh38	released	missing genetic modification reagents, mild to moderate bottlenecking		
ENCFF795EGN	bed narrowPeak	bed	narrowPeak	IDR thresholded peaks	GRCh38	ENCSR444BFV	TF ChIP-seq	/human-donors/ENCDO882UJI/	EFO:0009747	WTC11	cell line	Homo sapiens				CRISPR	insertion	{'schema_version': '14', 'aliases': ['michael-snyder:TS-1225'], 'organism': {'schema_version': '6', '@type': ['Organism', 'Item'], 'name': 'human', 'taxon_id': '9606', 'scientific_name': 'Homo sapiens', '@id': '/organisms/human/', 'uuid': '7745b647-ff15-4ff3-9ced-b897d4e2983c', 'status': 'released'}, 'genes': ['/genes/55205/'], '@type': ['Target', 'Item'], 'name': 'ZNF532-human', 'label': 'ZNF532', '@id': '/targets/ZNF532-human/', 'title': 'ZNF532 (Homo sapiens)', 'investigated_as': ['transcription factor'], 'uuid': '6357967a-26e9-4692-94f0-839fc0a8337c', 'status': 'released'}				ZNF532-human	DNA						2021-11-08	ENCODE		sonication (Bioruptor Pico)	250-450	1, 2	1_1, 2_1							/files/ENCFF356LFX/, /files/ENCFF781XZO/, /files/ENCFF981XMN/, /files/ENCFF870JQT/	62020	ENCODE Processing Pipeline	17f8b94811badbee0a45d7e29b4dca41		https://www.encodeproject.org/files/ENCFF795EGN/@@download/ENCFF795EGN.bed.gz				released	s3://encode-public/2021/10/27/b41a6bde-92f4-4bb9-8064-0562b7a66271/ENCFF795EGN.bed.gz	https://datasetencode.blob.core.windows.net/dataset/2021/10/27/b41a6bde-92f4-4bb9-8064-0562b7a66271/ENCFF795EGN.bed.gz?sv=2019-10-10&si=prod&sr=c&sig=9qSQZo4ggrCNpybBExU8SypuUZV33igI11xw0P7rB3c%3D	ENCODE4 v1.9.0 GRCh38	released	borderline replicate concordance, mild to moderate bottlenecking		
ENCFF058ZDU	bed narrowPeak	bed	narrowPeak	IDR thresholded peaks	GRCh38	ENCSR199PXS	TF ChIP-seq	/human-donors/ENCDO882UJI/	EFO:0009747	WTC11	cell line	Homo sapiens				CRISPR	insertion	{'schema_version': '14', 'aliases': [], 'organism': {'schema_version': '6', '@type': ['Organism', 'Item'], 'name': 'human', 'taxon_id': '9606', 'scientific_name': 'Homo sapiens', '@id': '/organisms/human/', 'uuid': '7745b647-ff15-4ff3-9ced-b897d4e2983c', 'status': 'released'}, 'genes': ['/genes/23099/'], '@type': ['Target', 'Item'], 'name': 'ZBTB43-human', 'label': 'ZBTB43', '@id': '/targets/ZBTB43-human/', 'title': 'ZBTB43 (Homo sapiens)', 'investigated_as': ['transcription factor'], 'uuid': 'c4fd1273-5058-4d6b-90b2-4fa94d61d714', 'status': 'released'}				ZBTB43-human	DNA				formaldehyde		2023-01-10	ENCODE		sonication (generic)		1, 2	1_1, 2_1							/files/ENCFF511TXU/, /files/ENCFF768LAO/, /files/ENCFF112BRS/, /files/ENCFF356LFX/	190511	ENCODE Processing Pipeline	72e625d8fe939047509c001c6ee188ef		https://www.encodeproject.org/files/ENCFF058ZDU/@@download/ENCFF058ZDU.bed.gz				released	s3://encode-public/2022/09/03/a9d44afc-1133-4ba7-99c3-4d55de714340/ENCFF058ZDU.bed.gz	https://datasetencode.blob.core.windows.net/dataset/2022/09/03/a9d44afc-1133-4ba7-99c3-4d55de714340/ENCFF058ZDU.bed.gz?sv=2019-10-10&si=prod&sr=c&sig=9qSQZo4ggrCNpybBExU8SypuUZV33igI11xw0P7rB3c%3D	ENCODE4 v1.8.1 GRCh38	released	missing genetic modification reagents, mild to moderate bottlenecking		
ENCFF580MYL	bed narrowPeak	bed	narrowPeak	IDR thresholded peaks	GRCh38	ENCSR579RFH	TF ChIP-seq	/human-donors/ENCDO882UJI/	EFO:0009747	WTC11	cell line	Homo sapiens				CRISPR	insertion	{'schema_version': '14', 'aliases': [], 'organism': {'schema_version': '6', '@type': ['Organism', 'Item'], 'name': 'human', 'taxon_id': '9606', 'scientific_name': 'Homo sapiens', '@id': '/organisms/human/', 'uuid': '7745b647-ff15-4ff3-9ced-b897d4e2983c', 'status': 'released'}, 'genes': ['/genes/4088/'], '@type': ['Target', 'Item'], 'name': 'SMAD3-human', 'label': 'SMAD3', '@id': '/targets/SMAD3-human/', 'title': 'SMAD3 (Homo sapiens)', 'investigated_as': ['transcription factor'], 'uuid': 'b5562651-8cc2-41d7-8e77-ea9511087f28', 'status': 'released'}				SMAD3-human	DNA				formaldehyde		2022-08-15	ENCODE		sonication (generic)		1, 2	1_1, 2_1							/files/ENCFF356LFX/, /files/ENCFF331PMP/, /files/ENCFF767SOJ/, /files/ENCFF770SCA/	132772	ENCODE Processing Pipeline	70ff80d202f8adba982a84f49395d442		https://www.encodeproject.org/files/ENCFF580MYL/@@download/ENCFF580MYL.bed.gz				released	s3://encode-public/2022/07/23/ce9b1d3e-ccac-4975-9a04-771ab32e0cdc/ENCFF580MYL.bed.gz	https://datasetencode.blob.core.windows.net/dataset/2022/07/23/ce9b1d3e-ccac-4975-9a04-771ab32e0cdc/ENCFF580MYL.bed.gz?sv=2019-10-10&si=prod&sr=c&sig=9qSQZo4ggrCNpybBExU8SypuUZV33igI11xw0P7rB3c%3D	ENCODE4 v1.8.0 GRCh38	released	missing genetic modification reagents, borderline replicate concordance, mild to moderate bottlenecking		
ENCFF112GJQ	bed narrowPeak	bed	narrowPeak	IDR thresholded peaks	GRCh38	ENCSR992XTY	TF ChIP-seq	/human-donors/ENCDO882UJI/	EFO:0009747	WTC11	cell line	Homo sapiens										CTCF-human	DNA						2022-06-09	ENCODE			200-600	1, 2	1_1, 1_2, 2_1, 2_2							/files/ENCFF265USK/, /files/ENCFF493IHL/, /files/ENCFF356LFX/, /files/ENCFF140ISO/, /files/ENCFF801QTI/	553996	ENCODE Processing Pipeline	95a48b97fdae4a8c5c37b4b824823add		https://www.encodeproject.org/files/ENCFF112GJQ/@@download/ENCFF112GJQ.bed.gz				released	s3://encode-public/2022/06/08/c5cf0f27-0e3d-425e-a32d-d2dd1841d831/ENCFF112GJQ.bed.gz	https://datasetencode.blob.core.windows.net/dataset/2022/06/08/c5cf0f27-0e3d-425e-a32d-d2dd1841d831/ENCFF112GJQ.bed.gz?sv=2019-10-10&si=prod&sr=c&sig=9qSQZo4ggrCNpybBExU8SypuUZV33igI11xw0P7rB3c%3D	ENCODE4 v1.8.0 GRCh38	released	antibody characterized with exemption		
ENCFF728JNA	bed narrowPeak	bed	narrowPeak	IDR thresholded peaks	GRCh38	ENCSR023IPQ	TF ChIP-seq	/human-donors/ENCDO882UJI/	EFO:0009747	WTC11	cell line	Homo sapiens				CRISPR	insertion	{'schema_version': '14', 'aliases': ['michael-snyder:TS-1259'], 'organism': {'schema_version': '6', '@type': ['Organism', 'Item'], 'name': 'human', 'taxon_id': '9606', 'scientific_name': 'Homo sapiens', '@id': '/organisms/human/', 'uuid': '7745b647-ff15-4ff3-9ced-b897d4e2983c', 'status': 'released'}, 'genes': ['/genes/51450/'], '@type': ['Target', 'Item'], 'name': 'PRRX2-human', 'label': 'PRRX2', '@id': '/targets/PRRX2-human/', 'title': 'PRRX2 (Homo sapiens)', 'investigated_as': ['transcription factor'], 'uuid': '0e3cd6cb-dd28-4e04-bc90-2e065ed90018', 'status': 'released'}				PRRX2-human	DNA						2021-12-08	ENCODE		sonication (Bioruptor Pico)	250-450	1, 2	1_1, 2_1							/files/ENCFF132QAO/, /files/ENCFF955BOS/, /files/ENCFF462KFV/, /files/ENCFF356LFX/	65746	ENCODE Processing Pipeline	14d63920dc0f6a21bebac6b41425ed8a		https://www.encodeproject.org/files/ENCFF728JNA/@@download/ENCFF728JNA.bed.gz				released	s3://encode-public/2021/11/25/342929b3-bb47-475b-8ffe-49f52f08f77f/ENCFF728JNA.bed.gz	https://datasetencode.blob.core.windows.net/dataset/2021/11/25/342929b3-bb47-475b-8ffe-49f52f08f77f/ENCFF728JNA.bed.gz?sv=2019-10-10&si=prod&sr=c&sig=9qSQZo4ggrCNpybBExU8SypuUZV33igI11xw0P7rB3c%3D	ENCODE4 v1.8.0 GRCh38	released	mild to moderate bottlenecking		
ENCFF219OPP	bed narrowPeak	bed	narrowPeak	conservative IDR thresholded peaks	GRCh38	ENCSR910UQX	TF ChIP-seq	/human-donors/ENCDO882UJI/	EFO:0009747	WTC11	cell line	Homo sapiens				CRISPR	insertion	{'schema_version': '14', 'aliases': [], 'organism': {'schema_version': '6', '@type': ['Organism', 'Item'], 'name': 'human', 'taxon_id': '9606', 'scientific_name': 'Homo sapiens', '@id': '/organisms/human/', 'uuid': '7745b647-ff15-4ff3-9ced-b897d4e2983c', 'status': 'released'}, 'genes': ['/genes/60436/'], '@type': ['Target', 'Item'], 'name': 'TGIF2-human', 'label': 'TGIF2', '@id': '/targets/TGIF2-human/', 'title': 'TGIF2 (Homo sapiens)', 'investigated_as': ['transcription factor'], 'uuid': '529e008e-8d68-411d-9f2b-4d5aaef1af21', 'status': 'released'}				TGIF2-human	DNA				formaldehyde		2022-10-03	ENCODE		sonication (generic)		1, 2	1_1, 2_1							/files/ENCFF136RBS/, /files/ENCFF462JQF/, /files/ENCFF356LFX/, /files/ENCFF511TXU/	288980	ENCODE Processing Pipeline	da5caabc9886236f52fdca954ec28953		https://www.encodeproject.org/files/ENCFF219OPP/@@download/ENCFF219OPP.bed.gz				released	s3://encode-public/2022/09/28/b98fb62b-e12a-41d2-878a-1434b855adaf/ENCFF219OPP.bed.gz	https://datasetencode.blob.core.windows.net/dataset/2022/09/28/b98fb62b-e12a-41d2-878a-1434b855adaf/ENCFF219OPP.bed.gz?sv=2019-10-10&si=prod&sr=c&sig=9qSQZo4ggrCNpybBExU8SypuUZV33igI11xw0P7rB3c%3D	ENCODE4 v1.8.1 GRCh38	released	missing genetic modification reagents, mild to moderate bottlenecking, moderate library complexity		
ENCFF581WFU	bed narrowPeak	bed	narrowPeak	IDR thresholded peaks	GRCh38	ENCSR181ELQ	TF ChIP-seq	/human-donors/ENCDO882UJI/	EFO:0009747	WTC11	cell line	Homo sapiens				CRISPR	insertion	{'schema_version': '14', 'aliases': [], 'organism': {'schema_version': '6', '@type': ['Organism', 'Item'], 'name': 'human', 'taxon_id': '9606', 'scientific_name': 'Homo sapiens', '@id': '/organisms/human/', 'uuid': '7745b647-ff15-4ff3-9ced-b897d4e2983c', 'status': 'released'}, 'genes': ['/genes/58495/'], '@type': ['Target', 'Item'], 'name': 'OVOL2-human', 'label': 'OVOL2', '@id': '/targets/OVOL2-human/', 'title': 'OVOL2 (Homo sapiens)', 'investigated_as': ['transcription factor'], 'uuid': 'd0668cfc-c6db-4533-be1d-e43592405e49', 'status': 'released'}				OVOL2-human	DNA						2021-09-02	ENCODE		sonication (Bioruptor Pico)	250-450	1, 2	1_1, 2_1							/files/ENCFF961WVL/, /files/ENCFF356LFX/, /files/ENCFF270HXQ/, /files/ENCFF291XLA/	6267	ENCODE Processing Pipeline	38d4cefd3ebd32a2939ab9ca572873e6		https://www.encodeproject.org/files/ENCFF581WFU/@@download/ENCFF581WFU.bed.gz				released	s3://encode-public/2021/09/01/4e9390ff-c7df-41a2-995e-2c28ee7fde8b/ENCFF581WFU.bed.gz	https://datasetencode.blob.core.windows.net/dataset/2021/09/01/4e9390ff-c7df-41a2-995e-2c28ee7fde8b/ENCFF581WFU.bed.gz?sv=2019-10-10&si=prod&sr=c&sig=9qSQZo4ggrCNpybBExU8SypuUZV33igI11xw0P7rB3c%3D	ENCODE4 v1.9.0 GRCh38	released	borderline replicate concordance, mild to moderate bottlenecking		
ENCFF254GEZ	bed narrowPeak	bed	narrowPeak	IDR thresholded peaks	GRCh38	ENCSR248QBT	TF ChIP-seq	/human-donors/ENCDO882UJI/	EFO:0009747	WTC11	cell line	Homo sapiens				CRISPR	insertion	{'dbxrefs': ['FactorBook:USF1'], 'aliases': [], 'organism': {'schema_version': '6', '@type': ['Organism', 'Item'], 'name': 'human', 'taxon_id': '9606', 'scientific_name': 'Homo sapiens', '@id': '/organisms/human/', 'uuid': '7745b647-ff15-4ff3-9ced-b897d4e2983c', 'status': 'released'}, 'genes': ['/genes/7391/'], '@type': ['Target', 'Item'], 'label': 'USF1', 'title': 'USF1 (Homo sapiens)', 'investigated_as': ['transcription factor'], 'uuid': 'c230c32e-27da-4eb1-8525-48f9147c782e', 'schema_version': '14', 'name': 'USF1-human', '@id': '/targets/USF1-human/', 'status': 'released'}				USF1-human	DNA				formaldehyde		2022-08-15	ENCODE		sonication (generic)		1, 2	1_1, 2_1							/files/ENCFF920EHE/, /files/ENCFF711IZS/, /files/ENCFF356LFX/, /files/ENCFF279DTW/	289889	ENCODE Processing Pipeline	1ca32e281605816b090652ac357146bd		https://www.encodeproject.org/files/ENCFF254GEZ/@@download/ENCFF254GEZ.bed.gz				released	s3://encode-public/2022/07/23/3e510853-0050-4c7a-9b77-1cbee1cc867d/ENCFF254GEZ.bed.gz	https://datasetencode.blob.core.windows.net/dataset/2022/07/23/3e510853-0050-4c7a-9b77-1cbee1cc867d/ENCFF254GEZ.bed.gz?sv=2019-10-10&si=prod&sr=c&sig=9qSQZo4ggrCNpybBExU8SypuUZV33igI11xw0P7rB3c%3D	ENCODE4 v1.8.0 GRCh38	released	missing genetic modification reagents, mild to moderate bottlenecking		
ENCFF592JBT	bed narrowPeak	bed	narrowPeak	IDR thresholded peaks	GRCh38	ENCSR264OKN	TF ChIP-seq	/human-donors/ENCDO882UJI/	EFO:0009747	WTC11	cell line	Homo sapiens				CRISPR	insertion	{'dbxrefs': ['FactorBook:E2F4'], 'aliases': [], 'organism': {'schema_version': '6', '@type': ['Organism', 'Item'], 'name': 'human', 'taxon_id': '9606', 'scientific_name': 'Homo sapiens', '@id': '/organisms/human/', 'uuid': '7745b647-ff15-4ff3-9ced-b897d4e2983c', 'status': 'released'}, 'genes': ['/genes/1874/'], '@type': ['Target', 'Item'], 'label': 'E2F4', 'title': 'E2F4 (Homo sapiens)', 'investigated_as': ['transcription factor'], 'uuid': '9ce9bc82-0a83-4234-adcc-d582f01c23bf', 'schema_version': '14', 'name': 'E2F4-human', '@id': '/targets/E2F4-human/', 'status': 'released'}				E2F4-human	DNA				formaldehyde		2022-09-30	ENCODE		sonication (generic)		1, 2	1_1, 2_1							/files/ENCFF511TXU/, /files/ENCFF290YTT/, /files/ENCFF356LFX/, /files/ENCFF661EKK/	85651	ENCODE Processing Pipeline	87109916a6a428a4b360cb3f31670cba		https://www.encodeproject.org/files/ENCFF592JBT/@@download/ENCFF592JBT.bed.gz				released	s3://encode-public/2022/09/03/505a1038-98f7-4dab-881f-ed3647bae1f3/ENCFF592JBT.bed.gz	https://datasetencode.blob.core.windows.net/dataset/2022/09/03/505a1038-98f7-4dab-881f-ed3647bae1f3/ENCFF592JBT.bed.gz?sv=2019-10-10&si=prod&sr=c&sig=9qSQZo4ggrCNpybBExU8SypuUZV33igI11xw0P7rB3c%3D	ENCODE4 v1.8.1 GRCh38	released	borderline replicate concordance, low read depth, moderate library complexity, missing genetic modification reagents, mild to moderate bottlenecking		
ENCFF032CCV	bed narrowPeak	bed	narrowPeak	IDR thresholded peaks	GRCh38	ENCSR753PPY	TF ChIP-seq	/human-donors/ENCDO882UJI/	EFO:0009747	WTC11	cell line	Homo sapiens				CRISPR	insertion	{'dbxrefs': ['FactorBook:TCF7'], 'aliases': [], 'organism': {'schema_version': '6', '@type': ['Organism', 'Item'], 'name': 'human', 'taxon_id': '9606', 'scientific_name': 'Homo sapiens', '@id': '/organisms/human/', 'uuid': '7745b647-ff15-4ff3-9ced-b897d4e2983c', 'status': 'released'}, 'genes': ['/genes/6932/'], '@type': ['Target', 'Item'], 'label': 'TCF7', 'title': 'TCF7 (Homo sapiens)', 'investigated_as': ['transcription factor'], 'uuid': '15d9d7a1-1e1d-4844-b85c-f7b4236c2334', 'schema_version': '14', 'name': 'TCF7-human', '@id': '/targets/TCF7-human/', 'status': 'released'}				TCF7-human	DNA				formaldehyde		2022-08-15	ENCODE		sonication (generic)		1, 2	1_1, 2_1							/files/ENCFF814XJI/, /files/ENCFF453BYN/, /files/ENCFF356LFX/, /files/ENCFF511TXU/	64748	ENCODE Processing Pipeline	a0a817c4a91cb7265de068bec04a12eb		https://www.encodeproject.org/files/ENCFF032CCV/@@download/ENCFF032CCV.bed.gz				released	s3://encode-public/2022/07/23/e2cc9987-65e2-49d5-a5ce-666d32e9d2df/ENCFF032CCV.bed.gz	https://datasetencode.blob.core.windows.net/dataset/2022/07/23/e2cc9987-65e2-49d5-a5ce-666d32e9d2df/ENCFF032CCV.bed.gz?sv=2019-10-10&si=prod&sr=c&sig=9qSQZo4ggrCNpybBExU8SypuUZV33igI11xw0P7rB3c%3D	ENCODE4 v1.8.0 GRCh38	released	missing genetic modification reagents, low read depth, mild to moderate bottlenecking, moderate library complexity		
ENCFF365TGJ	bed narrowPeak	bed	narrowPeak	IDR thresholded peaks	GRCh38	ENCSR284SMX	TF ChIP-seq	/human-donors/ENCDO882UJI/	EFO:0009747	WTC11	cell line	Homo sapiens				CRISPR	insertion	{'schema_version': '14', 'aliases': [], 'organism': {'schema_version': '6', '@type': ['Organism', 'Item'], 'name': 'human', 'taxon_id': '9606', 'scientific_name': 'Homo sapiens', '@id': '/organisms/human/', 'uuid': '7745b647-ff15-4ff3-9ced-b897d4e2983c', 'status': 'released'}, 'genes': ['/genes/10113/'], '@type': ['Target', 'Item'], 'name': 'PREB-human', 'label': 'PREB', '@id': '/targets/PREB-human/', 'title': 'PREB (Homo sapiens)', 'investigated_as': ['transcription factor'], 'uuid': 'd7a40167-e96b-4364-9918-9b4c71c4240f', 'status': 'released'}				PREB-human	DNA				formaldehyde		2022-09-30	ENCODE		sonication (generic)		1, 2	1_1, 2_1							/files/ENCFF093NPY/, /files/ENCFF820ARC/, /files/ENCFF356LFX/, /files/ENCFF875IWE/	51135	ENCODE Processing Pipeline	d1f0060128085be1cf8d61ba4af552c1		https://www.encodeproject.org/files/ENCFF365TGJ/@@download/ENCFF365TGJ.bed.gz				released	s3://encode-public/2022/09/03/ffd512a9-39e6-4a45-a93d-48cc13727c5a/ENCFF365TGJ.bed.gz	https://datasetencode.blob.core.windows.net/dataset/2022/09/03/ffd512a9-39e6-4a45-a93d-48cc13727c5a/ENCFF365TGJ.bed.gz?sv=2019-10-10&si=prod&sr=c&sig=9qSQZo4ggrCNpybBExU8SypuUZV33igI11xw0P7rB3c%3D	ENCODE4 v1.8.1 GRCh38	released	missing genetic modification reagents, borderline replicate concordance, mild to moderate bottlenecking, moderate library complexity		
ENCFF384CBC	bed narrowPeak	bed	narrowPeak	IDR thresholded peaks	GRCh38	ENCSR508NBY	TF ChIP-seq	/human-donors/ENCDO882UJI/	EFO:0009747	WTC11	cell line	Homo sapiens				TALEN, CRISPR	insertion	{'schema_version': '14', 'aliases': [], 'organism': {'schema_version': '6', '@type': ['Organism', 'Item'], 'name': 'human', 'taxon_id': '9606', 'scientific_name': 'Homo sapiens', '@id': '/organisms/human/', 'uuid': '7745b647-ff15-4ff3-9ced-b897d4e2983c', 'status': 'released'}, 'genes': ['/genes/9878/'], '@type': ['Target', 'Item'], 'name': 'TOX4-human', 'label': 'TOX4', '@id': '/targets/TOX4-human/', 'title': 'TOX4 (Homo sapiens)', 'investigated_as': ['transcription factor'], 'uuid': '542816e7-b5a3-481d-a7aa-10a1e1455274', 'status': 'released'}	/genes/17/		heterozygous	TOX4-human	DNA						2022-08-17	ENCODE		sonication (Bioruptor Pico)	250-450	1, 2	1_1, 2_1							/files/ENCFF740YTP/, /files/ENCFF356LFX/, /files/ENCFF356HYL/, /files/ENCFF151HYT/	18381	ENCODE Processing Pipeline	517400e6e052cb92a46fe3149d535c71		https://www.encodeproject.org/files/ENCFF384CBC/@@download/ENCFF384CBC.bed.gz				released	s3://encode-public/2022/08/12/54f5c29a-e12c-43cf-872e-7b2d0fc0e630/ENCFF384CBC.bed.gz	https://datasetencode.blob.core.windows.net/dataset/2022/08/12/54f5c29a-e12c-43cf-872e-7b2d0fc0e630/ENCFF384CBC.bed.gz?sv=2019-10-10&si=prod&sr=c&sig=9qSQZo4ggrCNpybBExU8SypuUZV33igI11xw0P7rB3c%3D	ENCODE4 v1.8.0 GRCh38	released	missing genetic modification reagents, mild to moderate bottlenecking		
ENCFF760NBK	bed narrowPeak	bed	narrowPeak	IDR thresholded peaks	GRCh38	ENCSR349FYX	TF ChIP-seq	/human-donors/ENCDO882UJI/	EFO:0009747	WTC11	cell line	Homo sapiens				CRISPR	insertion	{'dbxrefs': ['FactorBook:MAX'], 'aliases': ['michael-snyder:TS-135'], 'organism': {'schema_version': '6', '@type': ['Organism', 'Item'], 'name': 'human', 'taxon_id': '9606', 'scientific_name': 'Homo sapiens', '@id': '/organisms/human/', 'uuid': '7745b647-ff15-4ff3-9ced-b897d4e2983c', 'status': 'released'}, 'genes': ['/genes/4149/'], '@type': ['Target', 'Item'], 'label': 'MAX', 'title': 'MAX (Homo sapiens)', 'investigated_as': ['transcription factor'], 'uuid': '5eb7eb00-c6ed-4983-bec3-a1f12d5f4c49', 'schema_version': '14', 'name': 'MAX-human', '@id': '/targets/MAX-human/', 'status': 'released'}				MAX-human	DNA				formaldehyde		2022-08-15	ENCODE		sonication (generic)		1, 2	1_1, 2_1							/files/ENCFF197IBQ/, /files/ENCFF183QAS/, /files/ENCFF356LFX/, /files/ENCFF711IZS/	537219	ENCODE Processing Pipeline	7d628edad5bd477fdf6cf8965200a05d		https://www.encodeproject.org/files/ENCFF760NBK/@@download/ENCFF760NBK.bed.gz				released	s3://encode-public/2022/07/23/19574d12-74af-4208-97fa-5f2ba50ce01b/ENCFF760NBK.bed.gz	https://datasetencode.blob.core.windows.net/dataset/2022/07/23/19574d12-74af-4208-97fa-5f2ba50ce01b/ENCFF760NBK.bed.gz?sv=2019-10-10&si=prod&sr=c&sig=9qSQZo4ggrCNpybBExU8SypuUZV33igI11xw0P7rB3c%3D	ENCODE4 v1.8.0 GRCh38	released	missing genetic modification reagents, mild to moderate bottlenecking		
ENCFF403HEQ	bed narrowPeak	bed	narrowPeak	IDR thresholded peaks	GRCh38	ENCSR760GZL	TF ChIP-seq	/human-donors/ENCDO882UJI/	EFO:0009747	WTC11	cell line	Homo sapiens				CRISPR	insertion	{'schema_version': '14', 'aliases': [], 'organism': {'schema_version': '6', '@type': ['Organism', 'Item'], 'name': 'human', 'taxon_id': '9606', 'scientific_name': 'Homo sapiens', '@id': '/organisms/human/', 'uuid': '7745b647-ff15-4ff3-9ced-b897d4e2983c', 'status': 'released'}, 'genes': ['/genes/7157/'], '@type': ['Target', 'Item'], 'name': 'TP53-human', 'label': 'TP53', '@id': '/targets/TP53-human/', 'title': 'TP53 (Homo sapiens)', 'investigated_as': ['transcription factor'], 'uuid': '7d42a35a-5223-4073-9d28-22faca36f88b', 'status': 'released'}				TP53-human	DNA				formaldehyde		2023-01-06	ENCODE		sonication (generic)		1, 2	1_1, 2_1							/files/ENCFF356LFX/, /files/ENCFF878NGG/, /files/ENCFF034NEL/, /files/ENCFF639FRP/	154470	ENCODE Processing Pipeline	09b86a09c6bc0ac8c6b0efb2a8eec5ae		https://www.encodeproject.org/files/ENCFF403HEQ/@@download/ENCFF403HEQ.bed.gz				released	s3://encode-public/2022/12/19/3f953883-eb73-44cd-9b63-4c57bfac7ce6/ENCFF403HEQ.bed.gz	https://datasetencode.blob.core.windows.net/dataset/2022/12/19/3f953883-eb73-44cd-9b63-4c57bfac7ce6/ENCFF403HEQ.bed.gz?sv=2019-10-10&si=prod&sr=c&sig=9qSQZo4ggrCNpybBExU8SypuUZV33igI11xw0P7rB3c%3D	ENCODE4 v1.8.1 GRCh38	released	missing genetic modification reagents, mild to moderate bottlenecking		
ENCFF752MWG	bed narrowPeak	bed	narrowPeak	IDR thresholded peaks	GRCh38	ENCSR547WSB	TF ChIP-seq	/human-donors/ENCDO882UJI/	EFO:0009747	WTC11	cell line	Homo sapiens				CRISPR	insertion	{'schema_version': '14', 'aliases': ['michael-snyder:TS-1199'], 'organism': {'schema_version': '6', '@type': ['Organism', 'Item'], 'name': 'human', 'taxon_id': '9606', 'scientific_name': 'Homo sapiens', '@id': '/organisms/human/', 'uuid': '7745b647-ff15-4ff3-9ced-b897d4e2983c', 'status': 'released'}, 'genes': ['/genes/55809/'], '@type': ['Target', 'Item'], 'name': 'TRERF1-human', 'label': 'TRERF1', '@id': '/targets/TRERF1-human/', 'title': 'TRERF1 (Homo sapiens)', 'investigated_as': ['transcription factor'], 'uuid': 'f5bcc5c2-6fd4-4e21-9be1-a1530c5c2bb4', 'status': 'released'}				TRERF1-human	DNA						2021-04-06	ENCODE		sonication (Bioruptor Pico)	250-450	1, 2	1_1, 2_1							/files/ENCFF122WYR/, /files/ENCFF356LFX/, /files/ENCFF555HTT/, /files/ENCFF022JBE/	21600	ENCODE Processing Pipeline	595f26ddac1c4368870e32844cd4caf8		https://www.encodeproject.org/files/ENCFF752MWG/@@download/ENCFF752MWG.bed.gz				released	s3://encode-public/2021/03/30/c08b81a0-ed62-488c-8f08-3f042b2ab97d/ENCFF752MWG.bed.gz	https://datasetencode.blob.core.windows.net/dataset/2021/03/30/c08b81a0-ed62-488c-8f08-3f042b2ab97d/ENCFF752MWG.bed.gz?sv=2019-10-10&si=prod&sr=c&sig=9qSQZo4ggrCNpybBExU8SypuUZV33igI11xw0P7rB3c%3D	ENCODE4 v1.8.0 GRCh38	released	mild to moderate bottlenecking, moderate library complexity		
ENCFF859KDF	bed narrowPeak	bed	narrowPeak	IDR thresholded peaks	GRCh38	ENCSR795KRU	TF ChIP-seq	/human-donors/ENCDO882UJI/	EFO:0009747	WTC11	cell line	Homo sapiens				CRISPR	insertion	{'schema_version': '14', 'aliases': [], 'organism': {'schema_version': '6', '@type': ['Organism', 'Item'], 'name': 'human', 'taxon_id': '9606', 'scientific_name': 'Homo sapiens', '@id': '/organisms/human/', 'uuid': '7745b647-ff15-4ff3-9ced-b897d4e2983c', 'status': 'released'}, 'genes': ['/genes/57693/'], '@type': ['Target', 'Item'], 'name': 'ZNF317-human', 'label': 'ZNF317', '@id': '/targets/ZNF317-human/', 'title': 'ZNF317 (Homo sapiens)', 'investigated_as': ['transcription factor'], 'uuid': 'ef0a1a64-9a52-40d1-8424-5ea254af860e', 'status': 'released'}				ZNF317-human	DNA				formaldehyde		2023-01-19	ENCODE		sonication (generic)		1, 2	1_1, 2_1							/files/ENCFF496AJT/, /files/ENCFF214GUH/, /files/ENCFF356LFX/, /files/ENCFF948KXZ/	139059	ENCODE Processing Pipeline	a2f8104f4b9f11942e6310940c1a5913		https://www.encodeproject.org/files/ENCFF859KDF/@@download/ENCFF859KDF.bed.gz				released	s3://encode-public/2023/01/10/b25493e4-1cff-40de-a7cd-1e24bff4afb5/ENCFF859KDF.bed.gz	https://datasetencode.blob.core.windows.net/dataset/2023/01/10/b25493e4-1cff-40de-a7cd-1e24bff4afb5/ENCFF859KDF.bed.gz?sv=2019-10-10&si=prod&sr=c&sig=9qSQZo4ggrCNpybBExU8SypuUZV33igI11xw0P7rB3c%3D	ENCODE4 v1.8.1 GRCh38	released	borderline replicate concordance, low read depth, moderate library complexity, missing genetic modification reagents, mild to moderate bottlenecking		
ENCFF548QOU	bed narrowPeak	bed	narrowPeak	IDR thresholded peaks	GRCh38	ENCSR836SPL	TF ChIP-seq	/human-donors/ENCDO882UJI/	EFO:0009747	WTC11	cell line	Homo sapiens				CRISPR	insertion	{'dbxrefs': ['FactorBook:E2F1'], 'aliases': [], 'organism': {'schema_version': '6', '@type': ['Organism', 'Item'], 'name': 'human', 'taxon_id': '9606', 'scientific_name': 'Homo sapiens', '@id': '/organisms/human/', 'uuid': '7745b647-ff15-4ff3-9ced-b897d4e2983c', 'status': 'released'}, 'genes': ['/genes/1869/'], '@type': ['Target', 'Item'], 'label': 'E2F1', 'title': 'E2F1 (Homo sapiens)', 'investigated_as': ['transcription factor'], 'uuid': 'b39e16c2-b1d7-4690-b92c-e7006e5a8332', 'schema_version': '14', 'name': 'E2F1-human', '@id': '/targets/E2F1-human/', 'status': 'released'}				E2F1-human	DNA				formaldehyde		2022-08-15	ENCODE		sonication (generic)		1, 2	1_1, 2_1							/files/ENCFF678RRI/, /files/ENCFF031POR/, /files/ENCFF346OIU/, /files/ENCFF356LFX/	84591	ENCODE Processing Pipeline	8da9f7ffdcce2d5edb442e60bdd6ab23		https://www.encodeproject.org/files/ENCFF548QOU/@@download/ENCFF548QOU.bed.gz				released	s3://encode-public/2022/07/23/66143192-df16-428c-a872-0fa718191926/ENCFF548QOU.bed.gz	https://datasetencode.blob.core.windows.net/dataset/2022/07/23/66143192-df16-428c-a872-0fa718191926/ENCFF548QOU.bed.gz?sv=2019-10-10&si=prod&sr=c&sig=9qSQZo4ggrCNpybBExU8SypuUZV33igI11xw0P7rB3c%3D	ENCODE4 v1.8.0 GRCh38	released	missing genetic modification reagents, mild to moderate bottlenecking		
ENCFF847XQW	bed narrowPeak	bed	narrowPeak	IDR thresholded peaks	GRCh38	ENCSR513WUJ	TF ChIP-seq	/human-donors/ENCDO882UJI/	EFO:0009747	WTC11	cell line	Homo sapiens				CRISPR	insertion	{'dbxrefs': ['FactorBook:SIX4'], 'aliases': ['michael-snyder:TS-1252'], 'organism': {'schema_version': '6', '@type': ['Organism', 'Item'], 'name': 'human', 'taxon_id': '9606', 'scientific_name': 'Homo sapiens', '@id': '/organisms/human/', 'uuid': '7745b647-ff15-4ff3-9ced-b897d4e2983c', 'status': 'released'}, 'genes': ['/genes/51804/'], '@type': ['Target', 'Item'], 'label': 'SIX4', 'title': 'SIX4 (Homo sapiens)', 'investigated_as': ['transcription factor'], 'uuid': '5bcfd0bd-b6df-4f7b-90a8-5a13d806e881', 'schema_version': '14', 'name': 'SIX4-human', '@id': '/targets/SIX4-human/', 'status': 'released'}				SIX4-human	DNA				formaldehyde		2022-09-30	ENCODE		sonication (generic)		1, 2	1_1, 2_1							/files/ENCFF113NKR/, /files/ENCFF356LFX/, /files/ENCFF613SHM/, /files/ENCFF093NPY/	163634	ENCODE Processing Pipeline	6ce8aceb5a2be1f90cc0cc420a8abbfa		https://www.encodeproject.org/files/ENCFF847XQW/@@download/ENCFF847XQW.bed.gz				released	s3://encode-public/2022/09/03/fe3bde3e-8ac6-4677-8170-1f713c64f5fd/ENCFF847XQW.bed.gz	https://datasetencode.blob.core.windows.net/dataset/2022/09/03/fe3bde3e-8ac6-4677-8170-1f713c64f5fd/ENCFF847XQW.bed.gz?sv=2019-10-10&si=prod&sr=c&sig=9qSQZo4ggrCNpybBExU8SypuUZV33igI11xw0P7rB3c%3D	ENCODE4 v1.8.1 GRCh38	released	missing genetic modification reagents		
ENCFF885XKL	bed narrowPeak	bed	narrowPeak	IDR thresholded peaks	GRCh38	ENCSR744RAS	TF ChIP-seq	/human-donors/ENCDO882UJI/	EFO:0009747	WTC11	cell line	Homo sapiens				CRISPR	insertion	{'schema_version': '14', 'aliases': [], 'organism': {'schema_version': '6', '@type': ['Organism', 'Item'], 'name': 'human', 'taxon_id': '9606', 'scientific_name': 'Homo sapiens', '@id': '/organisms/human/', 'uuid': '7745b647-ff15-4ff3-9ced-b897d4e2983c', 'status': 'released'}, 'genes': ['/genes/79977/'], '@type': ['Target', 'Item'], 'name': 'GRHL2-human', 'label': 'GRHL2', '@id': '/targets/GRHL2-human/', 'title': 'GRHL2 (Homo sapiens)', 'investigated_as': ['transcription factor'], 'uuid': 'dc0ad157-dcb9-4a14-b1b6-89bfab50ca04', 'status': 'released'}				GRHL2-human	DNA						2022-09-02	ENCODE		sonication (Bioruptor Pico)	250-450	1, 2	1_1, 2_1							/files/ENCFF101MTR/, /files/ENCFF356LFX/, /files/ENCFF147IEL/, /files/ENCFF961WVL/	1154	ENCODE Processing Pipeline	84ec8b489aba87f6d2a92107727807eb		https://www.encodeproject.org/files/ENCFF885XKL/@@download/ENCFF885XKL.bed.gz				released	s3://encode-public/2022/04/02/3c33af25-519a-4a9c-b354-8d3e21d6ca17/ENCFF885XKL.bed.gz	https://datasetencode.blob.core.windows.net/dataset/2022/04/02/3c33af25-519a-4a9c-b354-8d3e21d6ca17/ENCFF885XKL.bed.gz?sv=2019-10-10&si=prod&sr=c&sig=9qSQZo4ggrCNpybBExU8SypuUZV33igI11xw0P7rB3c%3D	ENCODE4 v1.8.0 GRCh38	released	mild to moderate bottlenecking, moderate library complexity	insufficient replicate concordance, severe bottlenecking	
ENCFF391UZB	bed narrowPeak	bed	narrowPeak	conservative IDR thresholded peaks	GRCh38	ENCSR048PPE	TF ChIP-seq	/human-donors/ENCDO882UJI/	EFO:0009747	WTC11	cell line	Homo sapiens				CRISPR	insertion	{'schema_version': '14', 'aliases': ['michael-snyder:TS-383'], 'organism': {'schema_version': '6', '@type': ['Organism', 'Item'], 'name': 'human', 'taxon_id': '9606', 'scientific_name': 'Homo sapiens', '@id': '/organisms/human/', 'uuid': '7745b647-ff15-4ff3-9ced-b897d4e2983c', 'status': 'released'}, 'genes': ['/genes/6778/'], '@type': ['Target', 'Item'], 'name': 'STAT6-human', 'label': 'STAT6', '@id': '/targets/STAT6-human/', 'title': 'STAT6 (Homo sapiens)', 'investigated_as': ['transcription factor'], 'uuid': '744fb2af-c524-4bd8-96dd-827d9c1500c8', 'status': 'released'}				STAT6-human	DNA				formaldehyde		2023-01-06	ENCODE		sonication (generic)		1, 2	1_1, 2_1							/files/ENCFF356LFX/, /files/ENCFF878NGG/, /files/ENCFF082VJS/, /files/ENCFF636AVK/	26526	ENCODE Processing Pipeline	dd2a6befeeb0d6b3146e124dd2b308e8		https://www.encodeproject.org/files/ENCFF391UZB/@@download/ENCFF391UZB.bed.gz				released	s3://encode-public/2022/12/19/604d3b70-9703-4e2a-84c4-49ed56e74f72/ENCFF391UZB.bed.gz	https://datasetencode.blob.core.windows.net/dataset/2022/12/19/604d3b70-9703-4e2a-84c4-49ed56e74f72/ENCFF391UZB.bed.gz?sv=2019-10-10&si=prod&sr=c&sig=9qSQZo4ggrCNpybBExU8SypuUZV33igI11xw0P7rB3c%3D	ENCODE4 v1.8.1 GRCh38	released	missing genetic modification reagents, low read depth, mild to moderate bottlenecking, moderate library complexity		
ENCFF567ADL	bed narrowPeak	bed	narrowPeak	IDR thresholded peaks	GRCh38	ENCSR473ASI	TF ChIP-seq	/human-donors/ENCDO882UJI/	EFO:0009747	WTC11	cell line	Homo sapiens				CRISPR	insertion	{'dbxrefs': ['FactorBook:ELF4'], 'aliases': ['michael-snyder:TS-1923'], 'organism': {'schema_version': '6', '@type': ['Organism', 'Item'], 'name': 'human', 'taxon_id': '9606', 'scientific_name': 'Homo sapiens', '@id': '/organisms/human/', 'uuid': '7745b647-ff15-4ff3-9ced-b897d4e2983c', 'status': 'released'}, 'genes': ['/genes/2000/'], '@type': ['Target', 'Item'], 'label': 'ELF4', 'title': 'ELF4 (Homo sapiens)', 'investigated_as': ['transcription factor'], 'uuid': '7e9f4f98-7fa6-471a-9314-51ad69b466f3', 'schema_version': '14', 'name': 'ELF4-human', '@id': '/targets/ELF4-human/', 'status': 'released'}				ELF4-human	DNA				formaldehyde		2022-10-03	ENCODE		sonication (generic)		1, 2	1_1, 2_1							/files/ENCFF496AJT/, /files/ENCFF909MAB/, /files/ENCFF356LFX/, /files/ENCFF541EBG/	56845	ENCODE Processing Pipeline	b4ef946a53327952a108101ee0cfa3b1		https://www.encodeproject.org/files/ENCFF567ADL/@@download/ENCFF567ADL.bed.gz				released	s3://encode-public/2022/09/28/a229325d-8cc8-4de4-9c20-116bacd9d70c/ENCFF567ADL.bed.gz	https://datasetencode.blob.core.windows.net/dataset/2022/09/28/a229325d-8cc8-4de4-9c20-116bacd9d70c/ENCFF567ADL.bed.gz?sv=2019-10-10&si=prod&sr=c&sig=9qSQZo4ggrCNpybBExU8SypuUZV33igI11xw0P7rB3c%3D	ENCODE4 v1.8.1 GRCh38	released	missing genetic modification reagents, low read depth, mild to moderate bottlenecking, moderate library complexity		
ENCFF910CYH	bed narrowPeak	bed	narrowPeak	IDR thresholded peaks	GRCh38	ENCSR127NBZ	TF ChIP-seq	/human-donors/ENCDO882UJI/	EFO:0009747	WTC11	cell line	Homo sapiens				CRISPR	insertion	{'schema_version': '14', 'aliases': ['michael-snyder:TS-1921'], 'organism': {'schema_version': '6', '@type': ['Organism', 'Item'], 'name': 'human', 'taxon_id': '9606', 'scientific_name': 'Homo sapiens', '@id': '/organisms/human/', 'uuid': '7745b647-ff15-4ff3-9ced-b897d4e2983c', 'status': 'released'}, 'genes': ['/genes/2078/'], '@type': ['Target', 'Item'], 'name': 'ERG-human', 'label': 'ERG', '@id': '/targets/ERG-human/', 'title': 'ERG (Homo sapiens)', 'investigated_as': ['transcription factor'], 'uuid': 'd4bb3ade-3bdf-4e18-849f-b6c8f40800b4', 'status': 'released'}				ERG-human	DNA						2021-12-08	ENCODE		sonication (Bioruptor Pico)	250-450	1, 2	1_1, 2_1							/files/ENCFF966HMI/, /files/ENCFF687RHZ/, /files/ENCFF356LFX/, /files/ENCFF132QAO/	61739	ENCODE Processing Pipeline	99314a5d5d990fb8372170950d61caec		https://www.encodeproject.org/files/ENCFF910CYH/@@download/ENCFF910CYH.bed.gz				released	s3://encode-public/2021/11/25/d49d67d5-e07a-4062-9838-cfedea9c789b/ENCFF910CYH.bed.gz	https://datasetencode.blob.core.windows.net/dataset/2021/11/25/d49d67d5-e07a-4062-9838-cfedea9c789b/ENCFF910CYH.bed.gz?sv=2019-10-10&si=prod&sr=c&sig=9qSQZo4ggrCNpybBExU8SypuUZV33igI11xw0P7rB3c%3D	ENCODE4 v1.8.0 GRCh38	released	mild to moderate bottlenecking		
ENCFF641XDM	bed narrowPeak	bed	narrowPeak	IDR thresholded peaks	GRCh38	ENCSR034IND	TF ChIP-seq	/human-donors/ENCDO882UJI/	EFO:0009747	WTC11	cell line	Homo sapiens				CRISPR	insertion	{'schema_version': '14', 'aliases': ['michael-snyder:TS-1543'], 'organism': {'schema_version': '6', '@type': ['Organism', 'Item'], 'name': 'human', 'taxon_id': '9606', 'scientific_name': 'Homo sapiens', '@id': '/organisms/human/', 'uuid': '7745b647-ff15-4ff3-9ced-b897d4e2983c', 'status': 'released'}, 'genes': ['/genes/7775/'], '@type': ['Target', 'Item'], 'name': 'ZNF232-human', 'label': 'ZNF232', '@id': '/targets/ZNF232-human/', 'title': 'ZNF232 (Homo sapiens)', 'investigated_as': ['transcription factor'], 'uuid': 'c1817ea9-a532-44a0-95be-a45b37c9e626', 'status': 'released'}				ZNF232-human	DNA				formaldehyde		2022-08-15	ENCODE		sonication (generic)		1, 2	1_1, 2_1							/files/ENCFF767SOJ/, /files/ENCFF561UMM/, /files/ENCFF356LFX/, /files/ENCFF393UBL/	172568	ENCODE Processing Pipeline	9c238d8659716ffa3d1b16ad0e352bb5		https://www.encodeproject.org/files/ENCFF641XDM/@@download/ENCFF641XDM.bed.gz				released	s3://encode-public/2022/07/23/6ea47c1c-3da5-4db0-91a3-fbeeb8de77b7/ENCFF641XDM.bed.gz	https://datasetencode.blob.core.windows.net/dataset/2022/07/23/6ea47c1c-3da5-4db0-91a3-fbeeb8de77b7/ENCFF641XDM.bed.gz?sv=2019-10-10&si=prod&sr=c&sig=9qSQZo4ggrCNpybBExU8SypuUZV33igI11xw0P7rB3c%3D	ENCODE4 v1.8.0 GRCh38	released	missing genetic modification reagents, mild to moderate bottlenecking		
ENCFF980KFI	bed narrowPeak	bed	narrowPeak	IDR thresholded peaks	GRCh38	ENCSR426WZU	TF ChIP-seq	/human-donors/ENCDO882UJI/	EFO:0009747	WTC11	cell line	Homo sapiens				TALEN, CRISPR	insertion	{'dbxrefs': ['FactorBook:EGR1'], 'aliases': [], 'organism': {'schema_version': '6', '@type': ['Organism', 'Item'], 'name': 'human', 'taxon_id': '9606', 'scientific_name': 'Homo sapiens', '@id': '/organisms/human/', 'uuid': '7745b647-ff15-4ff3-9ced-b897d4e2983c', 'status': 'released'}, 'genes': ['/genes/1958/'], '@type': ['Target', 'Item'], 'label': 'EGR1', 'title': 'EGR1 (Homo sapiens)', 'investigated_as': ['transcription factor'], 'uuid': '4896acf5-f999-4560-b4e2-e2fe3ce39a57', 'schema_version': '14', 'name': 'EGR1-human', '@id': '/targets/EGR1-human/', 'status': 'released'}	/genes/17/		heterozygous	EGR1-human	DNA						2022-08-17	ENCODE		sonication (Bioruptor Pico)	250-450	1, 2	1_1, 2_1							/files/ENCFF740YTP/, /files/ENCFF540IQT/, /files/ENCFF356LFX/, /files/ENCFF936YHY/	2406	ENCODE Processing Pipeline	bcaf60575765e3b3e793b97e12a3a3ea		https://www.encodeproject.org/files/ENCFF980KFI/@@download/ENCFF980KFI.bed.gz				released	s3://encode-public/2022/08/12/d97c2782-c9c8-43f0-b7c6-919f34b0993f/ENCFF980KFI.bed.gz	https://datasetencode.blob.core.windows.net/dataset/2022/08/12/d97c2782-c9c8-43f0-b7c6-919f34b0993f/ENCFF980KFI.bed.gz?sv=2019-10-10&si=prod&sr=c&sig=9qSQZo4ggrCNpybBExU8SypuUZV33igI11xw0P7rB3c%3D	ENCODE4 v1.8.0 GRCh38	released	missing genetic modification reagents, mild to moderate bottlenecking		
ENCFF024GMY	bed narrowPeak	bed	narrowPeak	IDR thresholded peaks	GRCh38	ENCSR561YGS	TF ChIP-seq	/human-donors/ENCDO882UJI/	EFO:0009747	WTC11	cell line	Homo sapiens				CRISPR	insertion	{'dbxrefs': ['FactorBook:GABPB1'], 'aliases': [], 'organism': {'schema_version': '6', '@type': ['Organism', 'Item'], 'name': 'human', 'taxon_id': '9606', 'scientific_name': 'Homo sapiens', '@id': '/organisms/human/', 'uuid': '7745b647-ff15-4ff3-9ced-b897d4e2983c', 'status': 'released'}, 'genes': ['/genes/2553/'], '@type': ['Target', 'Item'], 'label': 'GABPB1', 'title': 'GABPB1 (Homo sapiens)', 'investigated_as': ['transcription factor'], 'uuid': '5df3918c-d311-4958-9e30-dbad03a443fe', 'schema_version': '14', 'name': 'GABPB1-human', '@id': '/targets/GABPB1-human/', 'status': 'released'}				GABPB1-human	DNA				formaldehyde		2023-01-20	ENCODE		sonication (generic)		1, 2	1_1, 2_1							/files/ENCFF356LFX/, /files/ENCFF445RDL/, /files/ENCFF093NPY/, /files/ENCFF280WDV/	470870	ENCODE Processing Pipeline	a896dec9a2e7ab83669ac357be6df79d		https://www.encodeproject.org/files/ENCFF024GMY/@@download/ENCFF024GMY.bed.gz				released	s3://encode-public/2022/09/02/2cf31892-c983-485f-b9bc-8819d45b2cbc/ENCFF024GMY.bed.gz	https://datasetencode.blob.core.windows.net/dataset/2022/09/02/2cf31892-c983-485f-b9bc-8819d45b2cbc/ENCFF024GMY.bed.gz?sv=2019-10-10&si=prod&sr=c&sig=9qSQZo4ggrCNpybBExU8SypuUZV33igI11xw0P7rB3c%3D	ENCODE4 v1.8.1 GRCh38	released	missing genetic modification reagents, mild to moderate bottlenecking		
ENCFF248QLP	bed narrowPeak	bed	narrowPeak	IDR thresholded peaks	GRCh38	ENCSR962BEI	TF ChIP-seq	/human-donors/ENCDO882UJI/	EFO:0009747	WTC11	cell line	Homo sapiens				CRISPR	insertion	{'schema_version': '14', 'aliases': ['michael-snyder:TS-1285'], 'organism': {'schema_version': '6', '@type': ['Organism', 'Item'], 'name': 'human', 'taxon_id': '9606', 'scientific_name': 'Homo sapiens', '@id': '/organisms/human/', 'uuid': '7745b647-ff15-4ff3-9ced-b897d4e2983c', 'status': 'released'}, 'genes': ['/genes/49854/'], '@type': ['Target', 'Item'], 'name': 'ZBTB21-human', 'label': 'ZBTB21', '@id': '/targets/ZBTB21-human/', 'title': 'ZBTB21 (Homo sapiens)', 'investigated_as': ['transcription factor'], 'uuid': '05544a29-46ec-467b-987a-4677b876d11c', 'status': 'released'}				ZBTB21-human	DNA				formaldehyde		2023-01-06	ENCODE		sonication (generic)		1, 2	1_1, 2_1							/files/ENCFF356LFX/, /files/ENCFF678YDL/, /files/ENCFF942ZUN/, /files/ENCFF878NGG/	138328	ENCODE Processing Pipeline	ed65fea03ae57f030871de06bb5bae3e		https://www.encodeproject.org/files/ENCFF248QLP/@@download/ENCFF248QLP.bed.gz				released	s3://encode-public/2022/12/19/a2eb30ec-d882-46f7-be39-6588f981c3c8/ENCFF248QLP.bed.gz	https://datasetencode.blob.core.windows.net/dataset/2022/12/19/a2eb30ec-d882-46f7-be39-6588f981c3c8/ENCFF248QLP.bed.gz?sv=2019-10-10&si=prod&sr=c&sig=9qSQZo4ggrCNpybBExU8SypuUZV33igI11xw0P7rB3c%3D	ENCODE4 v1.8.1 GRCh38	released	missing genetic modification reagents, borderline replicate concordance, mild to moderate bottlenecking		
ENCFF887NWU	bed narrowPeak	bed	narrowPeak	conservative IDR thresholded peaks	GRCh38	ENCSR879YNX	TF ChIP-seq	/human-donors/ENCDO882UJI/	EFO:0009747	WTC11	cell line	Homo sapiens				CRISPR	insertion	{'dbxrefs': ['FactorBook:ATF3'], 'aliases': ['michael-snyder:TS-100'], 'organism': {'schema_version': '6', '@type': ['Organism', 'Item'], 'name': 'human', 'taxon_id': '9606', 'scientific_name': 'Homo sapiens', '@id': '/organisms/human/', 'uuid': '7745b647-ff15-4ff3-9ced-b897d4e2983c', 'status': 'released'}, 'genes': ['/genes/467/'], '@type': ['Target', 'Item'], 'label': 'ATF3', 'title': 'ATF3 (Homo sapiens)', 'investigated_as': ['transcription factor'], 'uuid': 'bf9cec54-75ce-4795-a4e4-cefc7a6e1191', 'schema_version': '14', 'name': 'ATF3-human', '@id': '/targets/ATF3-human/', 'status': 'released'}				ATF3-human	DNA				formaldehyde		2022-09-30	ENCODE		sonication (generic)		1, 2	1_1, 2_1							/files/ENCFF018XFI/, /files/ENCFF511TXU/, /files/ENCFF199TBM/, /files/ENCFF356LFX/	27978	ENCODE Processing Pipeline	1e39baa53ccb7d058a11fd7e10031523		https://www.encodeproject.org/files/ENCFF887NWU/@@download/ENCFF887NWU.bed.gz				released	s3://encode-public/2022/09/03/f172adf5-74a0-4121-a1a3-39fdd81a04ef/ENCFF887NWU.bed.gz	https://datasetencode.blob.core.windows.net/dataset/2022/09/03/f172adf5-74a0-4121-a1a3-39fdd81a04ef/ENCFF887NWU.bed.gz?sv=2019-10-10&si=prod&sr=c&sig=9qSQZo4ggrCNpybBExU8SypuUZV33igI11xw0P7rB3c%3D	ENCODE4 v1.8.1 GRCh38	released	missing genetic modification reagents, mild to moderate bottlenecking		
ENCFF746QNQ	bed narrowPeak	bed	narrowPeak	IDR thresholded peaks	GRCh38	ENCSR150LGS	TF ChIP-seq	/human-donors/ENCDO882UJI/	EFO:0009747	WTC11	cell line	Homo sapiens				CRISPR	insertion	{'schema_version': '14', 'aliases': [], 'organism': {'schema_version': '6', '@type': ['Organism', 'Item'], 'name': 'human', 'taxon_id': '9606', 'scientific_name': 'Homo sapiens', '@id': '/organisms/human/', 'uuid': '7745b647-ff15-4ff3-9ced-b897d4e2983c', 'status': 'released'}, 'genes': ['/genes/1875/'], '@type': ['Target', 'Item'], 'name': 'E2F5-human', 'label': 'E2F5', '@id': '/targets/E2F5-human/', 'title': 'E2F5 (Homo sapiens)', 'investigated_as': ['transcription factor'], 'uuid': 'bacc75a9-78fa-4416-9135-674ec5f6f74e', 'status': 'released'}				E2F5-human	DNA				formaldehyde		2022-10-03	ENCODE		sonication (generic)		1, 2	1_1, 2_1							/files/ENCFF087FPU/, /files/ENCFF496AJT/, /files/ENCFF776ECI/, /files/ENCFF356LFX/	253979	ENCODE Processing Pipeline	d19cc68326ed76e4a9afbc13fa2568ab		https://www.encodeproject.org/files/ENCFF746QNQ/@@download/ENCFF746QNQ.bed.gz				released	s3://encode-public/2022/09/28/2781080f-d33d-4f75-ab66-1ca991cd0b4c/ENCFF746QNQ.bed.gz	https://datasetencode.blob.core.windows.net/dataset/2022/09/28/2781080f-d33d-4f75-ab66-1ca991cd0b4c/ENCFF746QNQ.bed.gz?sv=2019-10-10&si=prod&sr=c&sig=9qSQZo4ggrCNpybBExU8SypuUZV33igI11xw0P7rB3c%3D	ENCODE4 v1.8.1 GRCh38	released	missing genetic modification reagents, mild to moderate bottlenecking, moderate library complexity		
ENCFF270TFX	bed narrowPeak	bed	narrowPeak	conservative IDR thresholded peaks	GRCh38	ENCSR373KKV	TF ChIP-seq	/human-donors/ENCDO882UJI/	EFO:0009747	WTC11	cell line	Homo sapiens				CRISPR	insertion	{'schema_version': '14', 'aliases': ['michael-snyder:TS-1580'], 'organism': {'schema_version': '6', '@type': ['Organism', 'Item'], 'name': 'human', 'taxon_id': '9606', 'scientific_name': 'Homo sapiens', '@id': '/organisms/human/', 'uuid': '7745b647-ff15-4ff3-9ced-b897d4e2983c', 'status': 'released'}, 'genes': ['/genes/7697/'], '@type': ['Target', 'Item'], 'name': 'ZNF138-human', 'label': 'ZNF138', '@id': '/targets/ZNF138-human/', 'title': 'ZNF138 (Homo sapiens)', 'investigated_as': ['transcription factor'], 'uuid': '66a161f5-e3c3-4b53-a41c-0b3b4bd346a9', 'status': 'released'}				ZNF138-human	DNA				formaldehyde		2022-10-03	ENCODE		sonication (generic)		1, 2	1_1, 2_1							/files/ENCFF122UXQ/, /files/ENCFF356LFX/, /files/ENCFF878NGG/, /files/ENCFF024FUS/	69468	ENCODE Processing Pipeline	00ac55fa45a79f165802e4847ba1bac7		https://www.encodeproject.org/files/ENCFF270TFX/@@download/ENCFF270TFX.bed.gz				released	s3://encode-public/2022/09/28/8161c401-0afd-41c0-85dc-5fe0554d6de1/ENCFF270TFX.bed.gz	https://datasetencode.blob.core.windows.net/dataset/2022/09/28/8161c401-0afd-41c0-85dc-5fe0554d6de1/ENCFF270TFX.bed.gz?sv=2019-10-10&si=prod&sr=c&sig=9qSQZo4ggrCNpybBExU8SypuUZV33igI11xw0P7rB3c%3D	ENCODE4 v1.8.1 GRCh38	released	missing genetic modification reagents, mild to moderate bottlenecking, moderate library complexity		
ENCFF395OJF	bed narrowPeak	bed	narrowPeak	IDR thresholded peaks	GRCh38	ENCSR887VJM	TF ChIP-seq	/human-donors/ENCDO882UJI/	EFO:0009747	WTC11	cell line	Homo sapiens				CRISPR	insertion	{'schema_version': '14', 'aliases': [], 'organism': {'schema_version': '6', '@type': ['Organism', 'Item'], 'name': 'human', 'taxon_id': '9606', 'scientific_name': 'Homo sapiens', '@id': '/organisms/human/', 'uuid': '7745b647-ff15-4ff3-9ced-b897d4e2983c', 'status': 'released'}, 'genes': ['/genes/466/'], '@type': ['Target', 'Item'], 'name': 'ATF1-human', 'label': 'ATF1', '@id': '/targets/ATF1-human/', 'title': 'ATF1 (Homo sapiens)', 'investigated_as': ['transcription factor'], 'uuid': '57a814e4-7bfb-4832-84c3-ab2d1047c4d1', 'status': 'released'}				ATF1-human	DNA				formaldehyde		2023-01-06	ENCODE		sonication (generic)		1, 2	1_1, 2_1							/files/ENCFF356LFX/, /files/ENCFF496AJT/, /files/ENCFF839ZKO/, /files/ENCFF837VPJ/	69319	ENCODE Processing Pipeline	11e77d6e37947ac00eb35d54c3e6d654		https://www.encodeproject.org/files/ENCFF395OJF/@@download/ENCFF395OJF.bed.gz				released	s3://encode-public/2022/12/19/0968b0ee-c26d-489b-8849-47d81146c690/ENCFF395OJF.bed.gz	https://datasetencode.blob.core.windows.net/dataset/2022/12/19/0968b0ee-c26d-489b-8849-47d81146c690/ENCFF395OJF.bed.gz?sv=2019-10-10&si=prod&sr=c&sig=9qSQZo4ggrCNpybBExU8SypuUZV33igI11xw0P7rB3c%3D	ENCODE4 v1.8.1 GRCh38	released	missing genetic modification reagents, mild to moderate bottlenecking, moderate library complexity		
ENCFF812XUO	bed narrowPeak	bed	narrowPeak	IDR thresholded peaks	GRCh38	ENCSR231CZR	TF ChIP-seq	/human-donors/ENCDO882UJI/	EFO:0009747	WTC11	cell line	Homo sapiens				CRISPR	insertion	{'schema_version': '14', 'aliases': [], 'organism': {'schema_version': '6', '@type': ['Organism', 'Item'], 'name': 'human', 'taxon_id': '9606', 'scientific_name': 'Homo sapiens', '@id': '/organisms/human/', 'uuid': '7745b647-ff15-4ff3-9ced-b897d4e2983c', 'status': 'released'}, 'genes': ['/genes/6665/'], '@type': ['Target', 'Item'], 'name': 'SOX15-human', 'label': 'SOX15', '@id': '/targets/SOX15-human/', 'title': 'SOX15 (Homo sapiens)', 'investigated_as': ['transcription factor'], 'uuid': '70ce0b93-1bec-482d-8e5a-84825137e55f', 'status': 'released'}				SOX15-human	DNA						2021-09-02	ENCODE		sonication (Bioruptor Pico)	250-450	1, 2	1_1, 2_1							/files/ENCFF318JLT/, /files/ENCFF961WVL/, /files/ENCFF286XSK/, /files/ENCFF356LFX/	3517	ENCODE Processing Pipeline	bc9d13fd65b235cd00f4c37aea00c470		https://www.encodeproject.org/files/ENCFF812XUO/@@download/ENCFF812XUO.bed.gz				released	s3://encode-public/2021/09/01/f23ff26d-a88a-47a6-ba7f-20108c3b2fd2/ENCFF812XUO.bed.gz	https://datasetencode.blob.core.windows.net/dataset/2021/09/01/f23ff26d-a88a-47a6-ba7f-20108c3b2fd2/ENCFF812XUO.bed.gz?sv=2019-10-10&si=prod&sr=c&sig=9qSQZo4ggrCNpybBExU8SypuUZV33igI11xw0P7rB3c%3D	ENCODE4 v1.9.0 GRCh38	released	mild to moderate bottlenecking		
ENCFF953GZH	bed narrowPeak	bed	narrowPeak	IDR thresholded peaks	GRCh38	ENCSR987FPY	TF ChIP-seq	/human-donors/ENCDO882UJI/	EFO:0009747	WTC11	cell line	Homo sapiens				CRISPR	insertion	{'schema_version': '14', 'aliases': [], 'organism': {'schema_version': '6', '@type': ['Organism', 'Item'], 'name': 'human', 'taxon_id': '9606', 'scientific_name': 'Homo sapiens', '@id': '/organisms/human/', 'uuid': '7745b647-ff15-4ff3-9ced-b897d4e2983c', 'status': 'released'}, 'genes': ['/genes/22926/'], '@type': ['Target', 'Item'], 'name': 'ATF6-human', 'label': 'ATF6', '@id': '/targets/ATF6-human/', 'title': 'ATF6 (Homo sapiens)', 'investigated_as': ['transcription factor'], 'uuid': '90338a36-9492-44ee-b464-0655eff2d911', 'status': 'released'}				ATF6-human	DNA				formaldehyde		2023-01-06	ENCODE		sonication (generic)		1, 2	1_1, 2_1							/files/ENCFF655HAA/, /files/ENCFF602KQD/, /files/ENCFF079SXR/, /files/ENCFF356LFX/	12374	ENCODE Processing Pipeline	267bbe8eeb3b1eb1535ac7a38b0b2c8d		https://www.encodeproject.org/files/ENCFF953GZH/@@download/ENCFF953GZH.bed.gz				released	s3://encode-public/2022/12/19/6dd4af52-ece8-4790-9472-d72ad45d8fe6/ENCFF953GZH.bed.gz	https://datasetencode.blob.core.windows.net/dataset/2022/12/19/6dd4af52-ece8-4790-9472-d72ad45d8fe6/ENCFF953GZH.bed.gz?sv=2019-10-10&si=prod&sr=c&sig=9qSQZo4ggrCNpybBExU8SypuUZV33igI11xw0P7rB3c%3D	ENCODE4 v1.8.1 GRCh38	released	missing genetic modification reagents, mild to moderate bottlenecking		
ENCFF717CPE	bed narrowPeak	bed	narrowPeak	IDR thresholded peaks	GRCh38	ENCSR288NNJ	TF ChIP-seq	/human-donors/ENCDO882UJI/	EFO:0009747	WTC11	cell line	Homo sapiens				CRISPR	insertion	{'schema_version': '14', 'aliases': ['michael-snyder:TS-1205'], 'organism': {'schema_version': '6', '@type': ['Organism', 'Item'], 'name': 'human', 'taxon_id': '9606', 'scientific_name': 'Homo sapiens', '@id': '/organisms/human/', 'uuid': '7745b647-ff15-4ff3-9ced-b897d4e2983c', 'status': 'released'}, 'genes': ['/genes/55659/'], '@type': ['Target', 'Item'], 'name': 'ZNF416-human', 'label': 'ZNF416', '@id': '/targets/ZNF416-human/', 'title': 'ZNF416 (Homo sapiens)', 'investigated_as': ['transcription factor'], 'uuid': '3d84b2b3-238e-499a-894b-318bcec908f0', 'status': 'released'}				ZNF416-human	DNA						2021-06-10	ENCODE		sonication (Bioruptor Pico)	250-450	1, 2	1_2, 2_2							/files/ENCFF356LFX/, /files/ENCFF872BOS/, /files/ENCFF863FDE/, /files/ENCFF587IMV/	87200	ENCODE Processing Pipeline	a720ba2cd3a327a9dcd456491e186a27		https://www.encodeproject.org/files/ENCFF717CPE/@@download/ENCFF717CPE.bed.gz				released	s3://encode-public/2021/06/04/98578ef9-7b4e-43df-a315-6b108876bb85/ENCFF717CPE.bed.gz	https://datasetencode.blob.core.windows.net/dataset/2021/06/04/98578ef9-7b4e-43df-a315-6b108876bb85/ENCFF717CPE.bed.gz?sv=2019-10-10&si=prod&sr=c&sig=9qSQZo4ggrCNpybBExU8SypuUZV33igI11xw0P7rB3c%3D	ENCODE4 v1.9.0 GRCh38	released	inconsistent platforms, mild to moderate bottlenecking		
ENCFF464BVI	bed narrowPeak	bed	narrowPeak	IDR thresholded peaks	GRCh38	ENCSR934WOF	TF ChIP-seq	/human-donors/ENCDO882UJI/	EFO:0009747	WTC11	cell line	Homo sapiens				CRISPR	insertion	{'schema_version': '14', 'aliases': [], 'organism': {'schema_version': '6', '@type': ['Organism', 'Item'], 'name': 'human', 'taxon_id': '9606', 'scientific_name': 'Homo sapiens', '@id': '/organisms/human/', 'uuid': '7745b647-ff15-4ff3-9ced-b897d4e2983c', 'status': 'released'}, 'genes': ['/genes/7003/'], '@type': ['Target', 'Item'], 'name': 'TEAD1-human', 'label': 'TEAD1', '@id': '/targets/TEAD1-human/', 'title': 'TEAD1 (Homo sapiens)', 'investigated_as': ['transcription factor'], 'uuid': '8a929742-012b-441c-a1b0-3dfaa7d78ef7', 'status': 'released'}				TEAD1-human	DNA				formaldehyde		2022-08-15	ENCODE		sonication (generic)		1, 2	1_1, 2_1							/files/ENCFF340JRD/, /files/ENCFF770HJV/, /files/ENCFF356LFX/, /files/ENCFF711IZS/	333139	ENCODE Processing Pipeline	c7b7e1cb9c6d14d86d0582f9f5e9e1de		https://www.encodeproject.org/files/ENCFF464BVI/@@download/ENCFF464BVI.bed.gz				released	s3://encode-public/2022/07/23/ce79a934-6abc-4e2d-a1fb-7128184f9056/ENCFF464BVI.bed.gz	https://datasetencode.blob.core.windows.net/dataset/2022/07/23/ce79a934-6abc-4e2d-a1fb-7128184f9056/ENCFF464BVI.bed.gz?sv=2019-10-10&si=prod&sr=c&sig=9qSQZo4ggrCNpybBExU8SypuUZV33igI11xw0P7rB3c%3D	ENCODE4 v1.8.0 GRCh38	released	missing genetic modification reagents, mild to moderate bottlenecking		
ENCFF209UEC	bed narrowPeak	bed	narrowPeak	IDR thresholded peaks	GRCh38	ENCSR156JWW	TF ChIP-seq	/human-donors/ENCDO882UJI/	EFO:0009747	WTC11	cell line	Homo sapiens				CRISPR	insertion	{'dbxrefs': ['FactorBook:ZNF263'], 'aliases': [], 'organism': {'schema_version': '6', '@type': ['Organism', 'Item'], 'name': 'human', 'taxon_id': '9606', 'scientific_name': 'Homo sapiens', '@id': '/organisms/human/', 'uuid': '7745b647-ff15-4ff3-9ced-b897d4e2983c', 'status': 'released'}, 'genes': ['/genes/10127/'], '@type': ['Target', 'Item'], 'label': 'ZNF263', 'title': 'ZNF263 (Homo sapiens)', 'investigated_as': ['transcription factor'], 'uuid': 'c0d052b0-6d93-4dc3-83a4-08dddd195ccd', 'schema_version': '14', 'name': 'ZNF263-human', '@id': '/targets/ZNF263-human/', 'status': 'released'}				ZNF263-human	DNA				formaldehyde		2022-10-03	ENCODE		sonication (generic)		1, 2	1_1, 2_1							/files/ENCFF356LFX/, /files/ENCFF496AJT/, /files/ENCFF054CTH/, /files/ENCFF567RHY/	121492	ENCODE Processing Pipeline	9141c2a3a92849f8f00262416467ad9c		https://www.encodeproject.org/files/ENCFF209UEC/@@download/ENCFF209UEC.bed.gz				released	s3://encode-public/2022/09/28/0d3a1f4d-c989-42f7-be4d-abcd169a363c/ENCFF209UEC.bed.gz	https://datasetencode.blob.core.windows.net/dataset/2022/09/28/0d3a1f4d-c989-42f7-be4d-abcd169a363c/ENCFF209UEC.bed.gz?sv=2019-10-10&si=prod&sr=c&sig=9qSQZo4ggrCNpybBExU8SypuUZV33igI11xw0P7rB3c%3D	ENCODE4 v1.8.1 GRCh38	released	missing genetic modification reagents, low read depth, mild to moderate bottlenecking, moderate library complexity		
ENCFF371MSO	bed narrowPeak	bed	narrowPeak	IDR thresholded peaks	GRCh38	ENCSR027BEE	TF ChIP-seq	/human-donors/ENCDO882UJI/	EFO:0009747	WTC11	cell line	Homo sapiens				CRISPR	insertion	{'schema_version': '14', 'aliases': ['michael-snyder:TS-1959'], 'organism': {'schema_version': '6', '@type': ['Organism', 'Item'], 'name': 'human', 'taxon_id': '9606', 'scientific_name': 'Homo sapiens', '@id': '/organisms/human/', 'uuid': '7745b647-ff15-4ff3-9ced-b897d4e2983c', 'status': 'released'}, 'genes': ['/genes/1046/'], '@type': ['Target', 'Item'], 'name': 'CDX4-human', 'label': 'CDX4', '@id': '/targets/CDX4-human/', 'title': 'CDX4 (Homo sapiens)', 'investigated_as': ['transcription factor'], 'uuid': '19a3e89a-c706-4a08-a861-13806f761005', 'status': 'released'}				CDX4-human	DNA						2021-09-02	ENCODE		sonication (Bioruptor Pico)	250-450	1, 2	1_1, 2_1							/files/ENCFF342IYP/, /files/ENCFF356LFX/, /files/ENCFF385HFM/, /files/ENCFF532QQP/	10415	ENCODE Processing Pipeline	e1fed52f0c270f5e5e45250bf102bf76		https://www.encodeproject.org/files/ENCFF371MSO/@@download/ENCFF371MSO.bed.gz				released	s3://encode-public/2021/09/01/45441d55-7bd9-4f2e-94f8-866d1601c589/ENCFF371MSO.bed.gz	https://datasetencode.blob.core.windows.net/dataset/2021/09/01/45441d55-7bd9-4f2e-94f8-866d1601c589/ENCFF371MSO.bed.gz?sv=2019-10-10&si=prod&sr=c&sig=9qSQZo4ggrCNpybBExU8SypuUZV33igI11xw0P7rB3c%3D	ENCODE4 v1.9.0 GRCh38	released	borderline replicate concordance, inconsistent platforms, mild to moderate bottlenecking, moderate library complexity		
ENCFF200AEP	bed narrowPeak	bed	narrowPeak	conservative IDR thresholded peaks	GRCh38	ENCSR004HEA	TF ChIP-seq	/human-donors/ENCDO882UJI/	EFO:0009747	WTC11	cell line	Homo sapiens				CRISPR	insertion	{'schema_version': '14', 'aliases': ['michael-snyder:TS-1777'], 'organism': {'schema_version': '6', '@type': ['Organism', 'Item'], 'name': 'human', 'taxon_id': '9606', 'scientific_name': 'Homo sapiens', '@id': '/organisms/human/', 'uuid': '7745b647-ff15-4ff3-9ced-b897d4e2983c', 'status': 'released'}, 'genes': ['/genes/5015/'], '@type': ['Target', 'Item'], 'name': 'OTX2-human', 'label': 'OTX2', '@id': '/targets/OTX2-human/', 'title': 'OTX2 (Homo sapiens)', 'investigated_as': ['transcription factor'], 'uuid': '100dcd22-fdde-41c0-91e8-beefd0f54bc0', 'status': 'released'}				OTX2-human	DNA						2021-04-06	ENCODE		sonication (Bioruptor Pico)	250-450	1, 2	1_1, 2_1							/files/ENCFF122WYR/, /files/ENCFF346NWC/, /files/ENCFF287WKB/, /files/ENCFF356LFX/	95786	ENCODE Processing Pipeline	5f12bb1a157457390f7e4789fe69ac01		https://www.encodeproject.org/files/ENCFF200AEP/@@download/ENCFF200AEP.bed.gz				released	s3://encode-public/2021/03/30/c7d23c8f-f340-4a38-9ee0-09ab27060553/ENCFF200AEP.bed.gz	https://datasetencode.blob.core.windows.net/dataset/2021/03/30/c7d23c8f-f340-4a38-9ee0-09ab27060553/ENCFF200AEP.bed.gz?sv=2019-10-10&si=prod&sr=c&sig=9qSQZo4ggrCNpybBExU8SypuUZV33igI11xw0P7rB3c%3D	ENCODE4 v1.8.0 GRCh38	released	mild to moderate bottlenecking		
ENCFF416MZE	bed narrowPeak	bed	narrowPeak	IDR thresholded peaks	GRCh38	ENCSR115QIT	TF ChIP-seq	/human-donors/ENCDO882UJI/	EFO:0009747	WTC11	cell line	Homo sapiens				CRISPR	insertion	{'schema_version': '14', 'aliases': [], 'organism': {'schema_version': '6', '@type': ['Organism', 'Item'], 'name': 'human', 'taxon_id': '9606', 'scientific_name': 'Homo sapiens', '@id': '/organisms/human/', 'uuid': '7745b647-ff15-4ff3-9ced-b897d4e2983c', 'status': 'released'}, 'genes': ['/genes/7745/'], '@type': ['Target', 'Item'], 'name': 'ZKSCAN8-human', 'label': 'ZKSCAN8', '@id': '/targets/ZKSCAN8-human/', 'title': 'ZKSCAN8 (Homo sapiens)', 'investigated_as': ['transcription factor'], 'uuid': 'aff0558c-2b9c-4594-bf23-082d9e9af5d2', 'status': 'released'}				ZKSCAN8-human	DNA				formaldehyde		2023-01-20	ENCODE		sonication (generic)		1, 2	1_1, 2_1							/files/ENCFF574SWE/, /files/ENCFF356LFX/, /files/ENCFF093NPY/, /files/ENCFF289TCZ/	66006	ENCODE Processing Pipeline	9ecfaa54562e6491e9d491cfac65acb7		https://www.encodeproject.org/files/ENCFF416MZE/@@download/ENCFF416MZE.bed.gz				released	s3://encode-public/2022/09/03/1ae19505-264e-427f-89a8-e80d6070fbe4/ENCFF416MZE.bed.gz	https://datasetencode.blob.core.windows.net/dataset/2022/09/03/1ae19505-264e-427f-89a8-e80d6070fbe4/ENCFF416MZE.bed.gz?sv=2019-10-10&si=prod&sr=c&sig=9qSQZo4ggrCNpybBExU8SypuUZV33igI11xw0P7rB3c%3D	ENCODE4 v1.8.1 GRCh38	released	missing genetic modification reagents, mild to moderate bottlenecking		
ENCFF893GOI	bed narrowPeak	bed	narrowPeak	IDR thresholded peaks	GRCh38	ENCSR564TIP	TF ChIP-seq	/human-donors/ENCDO882UJI/	EFO:0009747	WTC11	cell line	Homo sapiens				CRISPR	insertion	{'dbxrefs': ['FactorBook:CREM'], 'aliases': ['michael-snyder:TS-1954'], 'organism': {'schema_version': '6', '@type': ['Organism', 'Item'], 'name': 'human', 'taxon_id': '9606', 'scientific_name': 'Homo sapiens', '@id': '/organisms/human/', 'uuid': '7745b647-ff15-4ff3-9ced-b897d4e2983c', 'status': 'released'}, 'genes': ['/genes/1390/'], '@type': ['Target', 'Item'], 'label': 'CREM', 'title': 'CREM (Homo sapiens)', 'investigated_as': ['transcription factor'], 'uuid': '29649c07-7252-46e2-8bd3-8f406e014149', 'schema_version': '14', 'name': 'CREM-human', '@id': '/targets/CREM-human/', 'status': 'released'}				CREM-human	DNA				formaldehyde		2022-10-03	ENCODE		sonication (generic)		1, 2	1_1, 2_1							/files/ENCFF496AJT/, /files/ENCFF356LFX/, /files/ENCFF856UKY/, /files/ENCFF050DQO/	227240	ENCODE Processing Pipeline	8c4ace1e9c5717b99fc1eb314eadc4b1		https://www.encodeproject.org/files/ENCFF893GOI/@@download/ENCFF893GOI.bed.gz				released	s3://encode-public/2022/09/28/d9217e64-c16f-42a8-a3a2-dbef8e6636f2/ENCFF893GOI.bed.gz	https://datasetencode.blob.core.windows.net/dataset/2022/09/28/d9217e64-c16f-42a8-a3a2-dbef8e6636f2/ENCFF893GOI.bed.gz?sv=2019-10-10&si=prod&sr=c&sig=9qSQZo4ggrCNpybBExU8SypuUZV33igI11xw0P7rB3c%3D	ENCODE4 v1.8.1 GRCh38	released	missing genetic modification reagents, mild to moderate bottlenecking, moderate library complexity		
ENCFF671PCI	bed narrowPeak	bed	narrowPeak	IDR thresholded peaks	GRCh38	ENCSR928BPP	TF ChIP-seq	/human-donors/ENCDO882UJI/	EFO:0009747	WTC11	cell line	Homo sapiens				CRISPR	insertion	{'dbxrefs': ['FactorBook:ATF2'], 'aliases': [], 'organism': {'schema_version': '6', '@type': ['Organism', 'Item'], 'name': 'human', 'taxon_id': '9606', 'scientific_name': 'Homo sapiens', '@id': '/organisms/human/', 'uuid': '7745b647-ff15-4ff3-9ced-b897d4e2983c', 'status': 'released'}, 'genes': ['/genes/1386/'], '@type': ['Target', 'Item'], 'label': 'ATF2', 'title': 'ATF2 (Homo sapiens)', 'investigated_as': ['transcription factor'], 'uuid': 'e604684f-88d4-4a80-945d-e836ddfb8220', 'schema_version': '14', 'name': 'ATF2-human', '@id': '/targets/ATF2-human/', 'status': 'released'}				ATF2-human	DNA				formaldehyde		2022-09-30	ENCODE		sonication (generic)		1, 2	1_1, 2_1							/files/ENCFF511TXU/, /files/ENCFF907DOJ/, /files/ENCFF356LFX/, /files/ENCFF556ELQ/	25272	ENCODE Processing Pipeline	e1c956c909e17b751bceae556caf781b		https://www.encodeproject.org/files/ENCFF671PCI/@@download/ENCFF671PCI.bed.gz				released	s3://encode-public/2022/09/03/30904219-5549-4389-9cab-14d4e84b4af9/ENCFF671PCI.bed.gz	https://datasetencode.blob.core.windows.net/dataset/2022/09/03/30904219-5549-4389-9cab-14d4e84b4af9/ENCFF671PCI.bed.gz?sv=2019-10-10&si=prod&sr=c&sig=9qSQZo4ggrCNpybBExU8SypuUZV33igI11xw0P7rB3c%3D	ENCODE4 v1.8.1 GRCh38	released	missing genetic modification reagents, borderline replicate concordance, low read depth		
ENCFF946KCK	bed narrowPeak	bed	narrowPeak	IDR thresholded peaks	GRCh38	ENCSR859ZAC	TF ChIP-seq	/human-donors/ENCDO882UJI/	EFO:0009747	WTC11	cell line	Homo sapiens				CRISPR	insertion	{'dbxrefs': ['FactorBook:MYBL2'], 'aliases': [], 'organism': {'schema_version': '6', '@type': ['Organism', 'Item'], 'name': 'human', 'taxon_id': '9606', 'scientific_name': 'Homo sapiens', '@id': '/organisms/human/', 'uuid': '7745b647-ff15-4ff3-9ced-b897d4e2983c', 'status': 'released'}, 'genes': ['/genes/4605/'], '@type': ['Target', 'Item'], 'label': 'MYBL2', 'title': 'MYBL2 (Homo sapiens)', 'investigated_as': ['transcription factor'], 'uuid': '1cdc240c-6665-48a9-8a7b-7b18bbd205f5', 'schema_version': '14', 'name': 'MYBL2-human', '@id': '/targets/MYBL2-human/', 'status': 'released'}				MYBL2-human	DNA				formaldehyde		2023-01-10	ENCODE		sonication (generic)		1, 2	1_1, 2_1							/files/ENCFF511TXU/, /files/ENCFF565HRH/, /files/ENCFF424CVS/, /files/ENCFF356LFX/	207529	ENCODE Processing Pipeline	be478823e35421818f297c68c28a55a6		https://www.encodeproject.org/files/ENCFF946KCK/@@download/ENCFF946KCK.bed.gz				released	s3://encode-public/2022/09/03/f3eedcc8-2377-47a5-a5b5-932a15acb987/ENCFF946KCK.bed.gz	https://datasetencode.blob.core.windows.net/dataset/2022/09/03/f3eedcc8-2377-47a5-a5b5-932a15acb987/ENCFF946KCK.bed.gz?sv=2019-10-10&si=prod&sr=c&sig=9qSQZo4ggrCNpybBExU8SypuUZV33igI11xw0P7rB3c%3D	ENCODE4 v1.8.1 GRCh38	released	missing genetic modification reagents, mild to moderate bottlenecking, moderate library complexity		
ENCFF434STO	bed narrowPeak	bed	narrowPeak	IDR thresholded peaks	GRCh38	ENCSR963EQY	TF ChIP-seq	/human-donors/ENCDO882UJI/	EFO:0009747	WTC11	cell line	Homo sapiens				CRISPR	insertion	{'schema_version': '14', 'aliases': [], 'organism': {'schema_version': '6', '@type': ['Organism', 'Item'], 'name': 'human', 'taxon_id': '9606', 'scientific_name': 'Homo sapiens', '@id': '/organisms/human/', 'uuid': '7745b647-ff15-4ff3-9ced-b897d4e2983c', 'status': 'released'}, 'genes': ['/genes/7376/'], '@type': ['Target', 'Item'], 'name': 'NR1H2-human', 'label': 'NR1H2', '@id': '/targets/NR1H2-human/', 'title': 'NR1H2 (Homo sapiens)', 'investigated_as': ['transcription factor'], 'uuid': '9307f443-b24c-468f-9b28-51e667612431', 'status': 'released'}				NR1H2-human	DNA				formaldehyde		2021-08-13	ENCODE		sonication (generic)		1, 2	1_1, 2_1							/files/ENCFF356LFX/, /files/ENCFF602KQD/, /files/ENCFF532UVE/, /files/ENCFF595KPG/	21725	ENCODE Processing Pipeline	8f4350d63def4fdfb433c319f53e2bc5		https://www.encodeproject.org/files/ENCFF434STO/@@download/ENCFF434STO.bed.gz				released	s3://encode-public/2021/08/02/345e96e5-43e9-4766-83f7-701811da042d/ENCFF434STO.bed.gz	https://datasetencode.blob.core.windows.net/dataset/2021/08/02/345e96e5-43e9-4766-83f7-701811da042d/ENCFF434STO.bed.gz?sv=2019-10-10&si=prod&sr=c&sig=9qSQZo4ggrCNpybBExU8SypuUZV33igI11xw0P7rB3c%3D	ENCODE4 v1.9.0 GRCh38	released	missing genetic modification reagents, mild to moderate bottlenecking, moderate library complexity		
ENCFF765MOP	bed narrowPeak	bed	narrowPeak	conservative IDR thresholded peaks	GRCh38	ENCSR146UIC	TF ChIP-seq	/human-donors/ENCDO882UJI/	EFO:0009747	WTC11	cell line	Homo sapiens				CRISPR	insertion	{'dbxrefs': ['FactorBook:NFYB'], 'aliases': [], 'organism': {'schema_version': '6', '@type': ['Organism', 'Item'], 'name': 'human', 'taxon_id': '9606', 'scientific_name': 'Homo sapiens', '@id': '/organisms/human/', 'uuid': '7745b647-ff15-4ff3-9ced-b897d4e2983c', 'status': 'released'}, 'genes': ['/genes/4801/'], '@type': ['Target', 'Item'], 'label': 'NFYB', 'title': 'NFYB (Homo sapiens)', 'investigated_as': ['transcription factor'], 'uuid': '68062f50-dc20-43b9-9064-6cf5d369e7ac', 'schema_version': '14', 'name': 'NFYB-human', '@id': '/targets/NFYB-human/', 'status': 'released'}				NFYB-human	DNA				formaldehyde		2022-08-15	ENCODE		sonication (generic)		1, 2	1_1, 2_1							/files/ENCFF222AKU/, /files/ENCFF511TXU/, /files/ENCFF356LFX/, /files/ENCFF699WQY/	169897	ENCODE Processing Pipeline	079fad2a9590e27dace74c41b167cd22		https://www.encodeproject.org/files/ENCFF765MOP/@@download/ENCFF765MOP.bed.gz				released	s3://encode-public/2022/07/23/2b32b9c8-211b-4ea2-8f0e-2aebea64def7/ENCFF765MOP.bed.gz	https://datasetencode.blob.core.windows.net/dataset/2022/07/23/2b32b9c8-211b-4ea2-8f0e-2aebea64def7/ENCFF765MOP.bed.gz?sv=2019-10-10&si=prod&sr=c&sig=9qSQZo4ggrCNpybBExU8SypuUZV33igI11xw0P7rB3c%3D	ENCODE4 v1.8.0 GRCh38	released	missing genetic modification reagents, low read depth		
ENCFF715DQS	bed narrowPeak	bed	narrowPeak	IDR thresholded peaks	GRCh38	ENCSR063FUV	TF ChIP-seq	/human-donors/ENCDO882UJI/	EFO:0009747	WTC11	cell line	Homo sapiens				CRISPR	insertion	{'dbxrefs': ['FactorBook:ZNF143'], 'aliases': ['michael-snyder:TS-1584'], 'organism': {'schema_version': '6', '@type': ['Organism', 'Item'], 'name': 'human', 'taxon_id': '9606', 'scientific_name': 'Homo sapiens', '@id': '/organisms/human/', 'uuid': '7745b647-ff15-4ff3-9ced-b897d4e2983c', 'status': 'released'}, 'genes': ['/genes/7702/'], '@type': ['Target', 'Item'], 'label': 'ZNF143', 'title': 'ZNF143 (Homo sapiens)', 'investigated_as': ['transcription factor'], 'uuid': '3d9d86db-e020-46f4-a216-4e0b5a0bc82b', 'schema_version': '14', 'name': 'ZNF143-human', '@id': '/targets/ZNF143-human/', 'status': 'released'}				ZNF143-human	DNA				formaldehyde		2022-08-15	ENCODE		sonication (generic)		1, 2	1_1, 2_1							/files/ENCFF711IZS/, /files/ENCFF137RZE/, /files/ENCFF737PNY/, /files/ENCFF356LFX/	140382	ENCODE Processing Pipeline	81e0c3eae0582eb8b725e99cf29180fc		https://www.encodeproject.org/files/ENCFF715DQS/@@download/ENCFF715DQS.bed.gz				released	s3://encode-public/2022/07/23/c463f7cd-ffeb-4898-b957-9c8958436f7b/ENCFF715DQS.bed.gz	https://datasetencode.blob.core.windows.net/dataset/2022/07/23/c463f7cd-ffeb-4898-b957-9c8958436f7b/ENCFF715DQS.bed.gz?sv=2019-10-10&si=prod&sr=c&sig=9qSQZo4ggrCNpybBExU8SypuUZV33igI11xw0P7rB3c%3D	ENCODE4 v1.8.0 GRCh38	released	missing genetic modification reagents, mild to moderate bottlenecking		
ENCFF992ZXB	bed narrowPeak	bed	narrowPeak	conservative IDR thresholded peaks	GRCh38	ENCSR717QWW	TF ChIP-seq	/human-donors/ENCDO882UJI/	EFO:0009747	WTC11	cell line	Homo sapiens				CRISPR	insertion	{'schema_version': '14', 'aliases': ['michael-snyder:TS-782'], 'organism': {'schema_version': '6', '@type': ['Organism', 'Item'], 'name': 'human', 'taxon_id': '9606', 'scientific_name': 'Homo sapiens', '@id': '/organisms/human/', 'uuid': '7745b647-ff15-4ff3-9ced-b897d4e2983c', 'status': 'released'}, 'genes': ['/genes/155054/'], '@type': ['Target', 'Item'], 'name': 'ZNF425-human', 'label': 'ZNF425', '@id': '/targets/ZNF425-human/', 'title': 'ZNF425 (Homo sapiens)', 'investigated_as': ['transcription factor'], 'uuid': 'c726501a-028c-478a-b198-9d76a90a50e6', 'status': 'released'}				ZNF425-human	DNA						2021-11-08	ENCODE		sonication (Bioruptor Pico)	250-450	1, 2	1_1, 2_1							/files/ENCFF356LFX/, /files/ENCFF849ACE/, /files/ENCFF945AZH/, /files/ENCFF665IBX/	41783	ENCODE Processing Pipeline	ea673a8009de7be20fae709e60bf5d94		https://www.encodeproject.org/files/ENCFF992ZXB/@@download/ENCFF992ZXB.bed.gz				released	s3://encode-public/2021/10/27/512fa13d-5523-436c-b8a7-5bd920be4bb7/ENCFF992ZXB.bed.gz	https://datasetencode.blob.core.windows.net/dataset/2021/10/27/512fa13d-5523-436c-b8a7-5bd920be4bb7/ENCFF992ZXB.bed.gz?sv=2019-10-10&si=prod&sr=c&sig=9qSQZo4ggrCNpybBExU8SypuUZV33igI11xw0P7rB3c%3D	ENCODE4 v1.9.0 GRCh38	released	mild to moderate bottlenecking		
ENCFF545DCW	bed narrowPeak	bed	narrowPeak	IDR thresholded peaks	GRCh38	ENCSR634WRC	TF ChIP-seq	/human-donors/ENCDO882UJI/	EFO:0009747	WTC11	cell line	Homo sapiens				CRISPR	insertion	{'schema_version': '14', 'aliases': [], 'organism': {'schema_version': '6', '@type': ['Organism', 'Item'], 'name': 'human', 'taxon_id': '9606', 'scientific_name': 'Homo sapiens', '@id': '/organisms/human/', 'uuid': '7745b647-ff15-4ff3-9ced-b897d4e2983c', 'status': 'released'}, 'genes': ['/genes/84450/'], '@type': ['Target', 'Item'], 'name': 'ZNF512-human', 'label': 'ZNF512', '@id': '/targets/ZNF512-human/', 'title': 'ZNF512 (Homo sapiens)', 'investigated_as': ['transcription factor'], 'uuid': '42a83bbd-d316-4a1a-8269-72b564b16738', 'status': 'released'}				ZNF512-human	DNA				formaldehyde		2022-09-30	ENCODE		sonication (generic)		1, 2	1_1, 2_1							/files/ENCFF356LFX/, /files/ENCFF389NGF/, /files/ENCFF402KRO/, /files/ENCFF511TXU/	109924	ENCODE Processing Pipeline	5bb37647ceb90f2ffd1c305a80186292		https://www.encodeproject.org/files/ENCFF545DCW/@@download/ENCFF545DCW.bed.gz				released	s3://encode-public/2022/09/03/a2bb9753-7586-428d-a721-a197f554cf28/ENCFF545DCW.bed.gz	https://datasetencode.blob.core.windows.net/dataset/2022/09/03/a2bb9753-7586-428d-a721-a197f554cf28/ENCFF545DCW.bed.gz?sv=2019-10-10&si=prod&sr=c&sig=9qSQZo4ggrCNpybBExU8SypuUZV33igI11xw0P7rB3c%3D	ENCODE4 v1.8.1 GRCh38	released	missing genetic modification reagents, borderline replicate concordance		
ENCFF574QJR	bed narrowPeak	bed	narrowPeak	IDR thresholded peaks	GRCh38	ENCSR572DUR	TF ChIP-seq	/human-donors/ENCDO882UJI/	EFO:0009747	WTC11	cell line	Homo sapiens				TALEN, CRISPR	insertion	{'dbxrefs': ['FactorBook:FOS'], 'aliases': [], 'organism': {'schema_version': '6', '@type': ['Organism', 'Item'], 'name': 'human', 'taxon_id': '9606', 'scientific_name': 'Homo sapiens', '@id': '/organisms/human/', 'uuid': '7745b647-ff15-4ff3-9ced-b897d4e2983c', 'status': 'released'}, 'genes': ['/genes/2353/'], '@type': ['Target', 'Item'], 'label': 'FOS', 'title': 'FOS (Homo sapiens)', 'investigated_as': ['transcription factor'], 'uuid': '5056436b-5f6f-4de3-aec3-84f416204294', 'schema_version': '14', 'name': 'FOS-human', '@id': '/targets/FOS-human/', 'status': 'released'}	/genes/17/		heterozygous	FOS-human	DNA						2022-08-17	ENCODE		sonication (Bioruptor Pico)	250-450	1, 2	1_1, 2_1							/files/ENCFF740YTP/, /files/ENCFF957TZQ/, /files/ENCFF849RNS/, /files/ENCFF356LFX/	17773	ENCODE Processing Pipeline	f43b3e680bf1d11bb49c5c96eb14e0f1		https://www.encodeproject.org/files/ENCFF574QJR/@@download/ENCFF574QJR.bed.gz				released	s3://encode-public/2022/08/12/288e5f09-36ff-47c2-9f43-0f05673d789a/ENCFF574QJR.bed.gz	https://datasetencode.blob.core.windows.net/dataset/2022/08/12/288e5f09-36ff-47c2-9f43-0f05673d789a/ENCFF574QJR.bed.gz?sv=2019-10-10&si=prod&sr=c&sig=9qSQZo4ggrCNpybBExU8SypuUZV33igI11xw0P7rB3c%3D	ENCODE4 v1.8.0 GRCh38	released	missing genetic modification reagents, mild to moderate bottlenecking, moderate library complexity		
ENCFF008QFJ	bed narrowPeak	bed	narrowPeak	IDR thresholded peaks	GRCh38	ENCSR029TLS	TF ChIP-seq	/human-donors/ENCDO882UJI/	EFO:0009747	WTC11	cell line	Homo sapiens				CRISPR	insertion	{'dbxrefs': ['FactorBook:ETV6'], 'aliases': ['michael-snyder:TS-1917'], 'organism': {'schema_version': '6', '@type': ['Organism', 'Item'], 'name': 'human', 'taxon_id': '9606', 'scientific_name': 'Homo sapiens', '@id': '/organisms/human/', 'uuid': '7745b647-ff15-4ff3-9ced-b897d4e2983c', 'status': 'released'}, 'genes': ['/genes/2120/'], '@type': ['Target', 'Item'], 'label': 'ETV6', 'title': 'ETV6 (Homo sapiens)', 'investigated_as': ['transcription factor'], 'uuid': '9f1a073f-6deb-4776-9418-941468daffaa', 'schema_version': '14', 'name': 'ETV6-human', '@id': '/targets/ETV6-human/', 'status': 'released'}				ETV6-human	DNA				formaldehyde		2022-09-30	ENCODE		sonication (generic)		1, 2	1_1, 2_1							/files/ENCFF437ZIU/, /files/ENCFF530SWY/, /files/ENCFF356LFX/, /files/ENCFF338OZX/	362000	ENCODE Processing Pipeline	27ca391478c8b10c9c062eeb4a7edb4e		https://www.encodeproject.org/files/ENCFF008QFJ/@@download/ENCFF008QFJ.bed.gz				released	s3://encode-public/2022/09/03/07cf8b8a-3873-452c-b6ab-68518e6d76bf/ENCFF008QFJ.bed.gz	https://datasetencode.blob.core.windows.net/dataset/2022/09/03/07cf8b8a-3873-452c-b6ab-68518e6d76bf/ENCFF008QFJ.bed.gz?sv=2019-10-10&si=prod&sr=c&sig=9qSQZo4ggrCNpybBExU8SypuUZV33igI11xw0P7rB3c%3D	ENCODE4 v1.8.1 GRCh38	released	missing genetic modification reagents, mild to moderate bottlenecking		
ENCFF269CPF	bed narrowPeak	bed	narrowPeak	IDR thresholded peaks	GRCh38	ENCSR373ZOY	TF ChIP-seq	/human-donors/ENCDO882UJI/	EFO:0009747	WTC11	cell line	Homo sapiens				CRISPR	insertion	{'schema_version': '14', 'aliases': [], 'organism': {'schema_version': '6', '@type': ['Organism', 'Item'], 'name': 'human', 'taxon_id': '9606', 'scientific_name': 'Homo sapiens', '@id': '/organisms/human/', 'uuid': '7745b647-ff15-4ff3-9ced-b897d4e2983c', 'status': 'released'}, 'genes': ['/genes/6945/'], '@type': ['Target', 'Item'], 'name': 'MLX-human', 'label': 'MLX', '@id': '/targets/MLX-human/', 'title': 'MLX (Homo sapiens)', 'investigated_as': ['transcription factor'], 'uuid': 'd0ee67e5-287f-412b-a935-4d4e6020b905', 'status': 'released'}				MLX-human	DNA				formaldehyde		2023-01-06	ENCODE		sonication (generic)		1, 2	1_1, 2_1							/files/ENCFF356LFX/, /files/ENCFF877MVP/, /files/ENCFF095QQC/, /files/ENCFF496AJT/	40816	ENCODE Processing Pipeline	ccd900e79a84dd970fead957c88267b5		https://www.encodeproject.org/files/ENCFF269CPF/@@download/ENCFF269CPF.bed.gz				released	s3://encode-public/2022/12/19/62ad20d3-dffa-4a8e-b18f-b3d6d2247046/ENCFF269CPF.bed.gz	https://datasetencode.blob.core.windows.net/dataset/2022/12/19/62ad20d3-dffa-4a8e-b18f-b3d6d2247046/ENCFF269CPF.bed.gz?sv=2019-10-10&si=prod&sr=c&sig=9qSQZo4ggrCNpybBExU8SypuUZV33igI11xw0P7rB3c%3D	ENCODE4 v1.8.1 GRCh38	released	missing genetic modification reagents, mild to moderate bottlenecking, moderate library complexity		
ENCFF854DMH	bed narrowPeak	bed	narrowPeak	conservative IDR thresholded peaks	GRCh38	ENCSR583CGO	TF ChIP-seq	/human-donors/ENCDO882UJI/	EFO:0009747	WTC11	cell line	Homo sapiens				CRISPR	insertion	{'dbxrefs': ['FactorBook:SP1'], 'aliases': [], 'organism': {'schema_version': '6', '@type': ['Organism', 'Item'], 'name': 'human', 'taxon_id': '9606', 'scientific_name': 'Homo sapiens', '@id': '/organisms/human/', 'uuid': '7745b647-ff15-4ff3-9ced-b897d4e2983c', 'status': 'released'}, 'genes': ['/genes/6667/'], '@type': ['Target', 'Item'], 'label': 'SP1', 'title': 'SP1 (Homo sapiens)', 'investigated_as': ['transcription factor'], 'uuid': 'adb7d5ed-d657-4249-830c-ec2731175a83', 'schema_version': '14', 'name': 'SP1-human', '@id': '/targets/SP1-human/', 'status': 'released'}				SP1-human	DNA				formaldehyde		2022-09-30	ENCODE		sonication (generic)		1, 2	1_1, 2_1							/files/ENCFF560OHN/, /files/ENCFF511TXU/, /files/ENCFF356LFX/, /files/ENCFF367PWE/	431809	ENCODE Processing Pipeline	4f4f296728286ab971d935b0e1dff9f5		https://www.encodeproject.org/files/ENCFF854DMH/@@download/ENCFF854DMH.bed.gz				released	s3://encode-public/2022/09/03/cd05b07a-d45e-4c08-858b-ed9063bf6ea6/ENCFF854DMH.bed.gz	https://datasetencode.blob.core.windows.net/dataset/2022/09/03/cd05b07a-d45e-4c08-858b-ed9063bf6ea6/ENCFF854DMH.bed.gz?sv=2019-10-10&si=prod&sr=c&sig=9qSQZo4ggrCNpybBExU8SypuUZV33igI11xw0P7rB3c%3D	ENCODE4 v1.8.1 GRCh38	released	missing genetic modification reagents		
ENCFF636EFK	bed narrowPeak	bed	narrowPeak	IDR thresholded peaks	GRCh38	ENCSR422ODX	TF ChIP-seq	/human-donors/ENCDO882UJI/	EFO:0009747	WTC11	cell line	Homo sapiens				CRISPR	insertion	{'schema_version': '14', 'aliases': ['michael-snyder:TS-695'], 'organism': {'schema_version': '6', '@type': ['Organism', 'Item'], 'name': 'human', 'taxon_id': '9606', 'scientific_name': 'Homo sapiens', '@id': '/organisms/human/', 'uuid': '7745b647-ff15-4ff3-9ced-b897d4e2983c', 'status': 'released'}, 'genes': ['/genes/252884/'], '@type': ['Target', 'Item'], 'name': 'ZNF396-human', 'label': 'ZNF396', '@id': '/targets/ZNF396-human/', 'title': 'ZNF396 (Homo sapiens)', 'investigated_as': ['transcription factor'], 'uuid': 'b1cab28f-a83a-482a-b2c8-37d8d631cbd0', 'status': 'released'}				ZNF396-human	DNA						2021-12-08	ENCODE		sonication (Bioruptor Pico)	250-450	1, 2	1_1, 2_1							/files/ENCFF147TQE/, /files/ENCFF491XNC/, /files/ENCFF356LFX/, /files/ENCFF869OHA/	19145	ENCODE Processing Pipeline	d955e9cb86a720d08680ac4e8cae4b31		https://www.encodeproject.org/files/ENCFF636EFK/@@download/ENCFF636EFK.bed.gz				released	s3://encode-public/2021/11/25/55e5b252-9d82-43ee-9fba-ea0e29ff6160/ENCFF636EFK.bed.gz	https://datasetencode.blob.core.windows.net/dataset/2021/11/25/55e5b252-9d82-43ee-9fba-ea0e29ff6160/ENCFF636EFK.bed.gz?sv=2019-10-10&si=prod&sr=c&sig=9qSQZo4ggrCNpybBExU8SypuUZV33igI11xw0P7rB3c%3D	ENCODE4 v1.8.0 GRCh38	released	borderline replicate concordance, mild to moderate bottlenecking, moderate library complexity		
ENCFF602FXL	bed narrowPeak	bed	narrowPeak	IDR thresholded peaks	GRCh38	ENCSR285HHZ	TF ChIP-seq	/human-donors/ENCDO882UJI/	EFO:0009747	WTC11	cell line	Homo sapiens				CRISPR	insertion	{'dbxrefs': ['FactorBook:TEAD4'], 'aliases': [], 'organism': {'schema_version': '6', '@type': ['Organism', 'Item'], 'name': 'human', 'taxon_id': '9606', 'scientific_name': 'Homo sapiens', '@id': '/organisms/human/', 'uuid': '7745b647-ff15-4ff3-9ced-b897d4e2983c', 'status': 'released'}, 'genes': ['/genes/7004/'], '@type': ['Target', 'Item'], 'label': 'TEAD4', 'title': 'TEAD4 (Homo sapiens)', 'investigated_as': ['transcription factor'], 'uuid': 'dcdb1646-e6e3-4d05-888a-3e65d464ce78', 'schema_version': '14', 'name': 'TEAD4-human', '@id': '/targets/TEAD4-human/', 'status': 'released'}				TEAD4-human	DNA				formaldehyde		2022-08-15	ENCODE		sonication (generic)		1, 2	1_1, 2_1							/files/ENCFF356LFX/, /files/ENCFF790QVT/, /files/ENCFF182YRI/, /files/ENCFF711IZS/	90595	ENCODE Processing Pipeline	4e145d1ccaef5cb40773ff883a5d9b9b		https://www.encodeproject.org/files/ENCFF602FXL/@@download/ENCFF602FXL.bed.gz				released	s3://encode-public/2022/07/23/57f94cc9-2c6b-4af1-8726-ff660bcb4f7d/ENCFF602FXL.bed.gz	https://datasetencode.blob.core.windows.net/dataset/2022/07/23/57f94cc9-2c6b-4af1-8726-ff660bcb4f7d/ENCFF602FXL.bed.gz?sv=2019-10-10&si=prod&sr=c&sig=9qSQZo4ggrCNpybBExU8SypuUZV33igI11xw0P7rB3c%3D	ENCODE4 v1.8.0 GRCh38	released	missing genetic modification reagents, mild to moderate bottlenecking		
