[setup] dir=/cellar/users/aklie/projects/tf_perturb_seq/datasets/Hon_WTC11-cardiomyocyte-differentiation_TF-Perturb-seq/results/energy_distance/2026_04_19_no_spacer
[setup] using bin=/cellar/users/aklie/projects/tf_perturb_seq/external/energy_dist_pipeline/bin container=/cellar/users/aklie/opt/containers/edist_pipeline.sif

[step2] energy distance vs non-targeting
--- Configuration Loaded ---
{
    "output_file_name_list": {
        "OUTPUT_FOLDER": "/cellar/users/aklie/projects/tf_perturb_seq/datasets/Hon_WTC11-cardiomyocyte-differentiation_TF-Perturb-seq/results/energy_distance/2026_04_19_no_spacer",
        "targeting_outlier_table": "targeting_outlier_table.csv",
        "non_targeting_outlier_table": "non_targeting_outlier_table.csv",
        "edist_pvalue_table": "pval_edist_full.csv",
        "edist_target_by_target_matrix": "target_by_target_matrix.csv",
        "edist_embedding_info": "edist_embedding_info.csv",
        "pca_table": "pca_dataframe.pickle",
        "gRNA_dict": "gRNA_dict.pickle",
        "discordance_gRNA_table": "discordance_gRNA.csv",
        "OVERWRITE_PCA_DICT": false
    },
    "input_data": {
        "annotation_file": {
            "file_path": "/cellar/users/aklie/projects/tf_perturb_seq/datasets/Hon_WTC11-cardiomyocyte-differentiation_TF-Perturb-seq/results/energy_distance/2026_04_19_no_spacer/annotation_table.csv",
            "concatenate_key": "intended_target_name"
        },
        "h5ad_file": {
            "file_path": "/cellar/users/aklie/projects/tf_perturb_seq/datasets/Hon_WTC11-cardiomyocyte-differentiation_TF-Perturb-seq/results/energy_distance/2026_04_19_no_spacer/preprocessed.h5ad",
            "obsm_key": "X_pca"
        },
        "sgRNA_file": {
            "file_path": "/cellar/users/aklie/projects/tf_perturb_seq/datasets/Hon_WTC11-cardiomyocyte-differentiation_TF-Perturb-seq/results/energy_distance/2026_04_19_no_spacer/gRNA_dict.pickle"
        }
    },
    "gRNA_filtering": {
        "perform_targeting_filtering": true,
        "perform_nontargeting_filtering": true,
        "threshold_gRNA_num": 6,
        "combi_count": 4,
        "total_permute_disco": 1000,
        "combi_cell_num_max": 1000,
        "batch_num_basic": 120
    },
    "permutation_test": {
        "permute_per_bg": 1000,
        "num_of_bg": 20,
        "non_target_pick": 2000,
        "target_cell_num_max": 2000,
        "batch_num_basic": 200,
        "use_matched_bg": false
    },
    "aggregate": {
        "downsampling_maximum": 10000
    }
}
--------------------------
--- Processing PCA data ---
Loading existing PCA file '/cellar/users/aklie/projects/tf_perturb_seq/datasets/Hon_WTC11-cardiomyocyte-differentiation_TF-Perturb-seq/results/energy_distance/2026_04_19_no_spacer/pca_dataframe.pickle'.

--- Processing gRNA dictionary ---
Loading existing gRNA dictionary file '/cellar/users/aklie/projects/tf_perturb_seq/datasets/Hon_WTC11-cardiomyocyte-differentiation_TF-Perturb-seq/results/energy_distance/2026_04_19_no_spacer/gRNA_dict.pickle'.
gRNA dictionary loaded successfully. Found 14151 types of gRNAs.

--- Processing finished ---
Load csv formated annotation file
annotation file loaded
--------
safe-targeting: 0 gRNAs
non-targeting: 600 gRNAs
targeting: 12934 gRNAs
positive control: 19 gRNAs
negative control: 598 gRNAs
variant: 0 gRNAs
14151 gRNAs are found in both annotation and gRNA_dict
0 gRNAs are found only in annotation (possibly dropout)
0 gRNAs are found only in gRNA_dict
Total: 2267
Use non-targeting background
Too many (49507) cell per target downsampled to 2000
Too many (14396) cell per target downsampled to 2000
Too many (5211) cell per target downsampled to 2000
Too many (4436) cell per target downsampled to 2000
Too many (3149) cell per target downsampled to 2000
Too many (4720) cell per target downsampled to 2000
Too many (4011) cell per target downsampled to 2000
Too many (3866) cell per target downsampled to 2000

Saving intermediate results after processing 10 regions...
Intermediate results saved.

Too many (5850) cell per target downsampled to 2000
Too many (5087) cell per target downsampled to 2000
Too many (5933) cell per target downsampled to 2000
Too many (5914) cell per target downsampled to 2000
Too many (8811) cell per target downsampled to 2000
Too many (4183) cell per target downsampled to 2000
Too many (8792) cell per target downsampled to 2000
Too many (6776) cell per target downsampled to 2000
Too many (12237) cell per target downsampled to 2000
Too many (10940) cell per target downsampled to 2000

Saving intermediate results after processing 20 regions...
Intermediate results saved.

Too many (5911) cell per target downsampled to 2000
Too many (7147) cell per target downsampled to 2000
Too many (4664) cell per target downsampled to 2000
Too many (6434) cell per target downsampled to 2000
Too many (7740) cell per target downsampled to 2000
Too many (8128) cell per target downsampled to 2000
Too many (12193) cell per target downsampled to 2000
Too many (4982) cell per target downsampled to 2000
Too many (7187) cell per target downsampled to 2000
Too many (3879) cell per target downsampled to 2000

Saving intermediate results after processing 30 regions...
Intermediate results saved.

Too many (6105) cell per target downsampled to 2000
Too many (7119) cell per target downsampled to 2000
Too many (4730) cell per target downsampled to 2000
Too many (5606) cell per target downsampled to 2000
Too many (3401) cell per target downsampled to 2000
Too many (3910) cell per target downsampled to 2000
Too many (4755) cell per target downsampled to 2000
Too many (8066) cell per target downsampled to 2000
Too many (6065) cell per target downsampled to 2000
Too many (4043) cell per target downsampled to 2000

Saving intermediate results after processing 40 regions...
Intermediate results saved.

Too many (2830) cell per target downsampled to 2000
Too many (9409) cell per target downsampled to 2000
Too many (5621) cell per target downsampled to 2000
Too many (5216) cell per target downsampled to 2000
Too many (7554) cell per target downsampled to 2000
Too many (6709) cell per target downsampled to 2000
Too many (8388) cell per target downsampled to 2000
Too many (7887) cell per target downsampled to 2000
Too many (10284) cell per target downsampled to 2000
Too many (2048) cell per target downsampled to 2000

Saving intermediate results after processing 50 regions...
Intermediate results saved.

Too many (7269) cell per target downsampled to 2000
Too many (4829) cell per target downsampled to 2000
Too many (10583) cell per target downsampled to 2000
Too many (8343) cell per target downsampled to 2000
Too many (5071) cell per target downsampled to 2000
Too many (6691) cell per target downsampled to 2000
Too many (11147) cell per target downsampled to 2000
Too many (10638) cell per target downsampled to 2000
Too many (2042) cell per target downsampled to 2000
Too many (5824) cell per target downsampled to 2000

Saving intermediate results after processing 60 regions...
Intermediate results saved.

Too many (5244) cell per target downsampled to 2000
Too many (4758) cell per target downsampled to 2000
Too many (5561) cell per target downsampled to 2000
Too many (8886) cell per target downsampled to 2000
Too many (3278) cell per target downsampled to 2000
Too many (4094) cell per target downsampled to 2000
Too many (4626) cell per target downsampled to 2000
Too many (2521) cell per target downsampled to 2000
Too many (10526) cell per target downsampled to 2000

Saving intermediate results after processing 70 regions...
Intermediate results saved.

Too many (9159) cell per target downsampled to 2000
Too many (5449) cell per target downsampled to 2000
Too many (4769) cell per target downsampled to 2000
Too many (8985) cell per target downsampled to 2000
Too many (5618) cell per target downsampled to 2000
Too many (4163) cell per target downsampled to 2000
Too many (5088) cell per target downsampled to 2000
Too many (6369) cell per target downsampled to 2000
Too many (5762) cell per target downsampled to 2000
Too many (6666) cell per target downsampled to 2000

Saving intermediate results after processing 80 regions...
Intermediate results saved.

Too many (5330) cell per target downsampled to 2000
Too many (6607) cell per target downsampled to 2000
Too many (6894) cell per target downsampled to 2000
Too many (6619) cell per target downsampled to 2000
Too many (5597) cell per target downsampled to 2000
Too many (6617) cell per target downsampled to 2000
Too many (5722) cell per target downsampled to 2000
Too many (7755) cell per target downsampled to 2000
Too many (6083) cell per target downsampled to 2000
Too many (5331) cell per target downsampled to 2000

Saving intermediate results after processing 90 regions...
Intermediate results saved.

Too many (3769) cell per target downsampled to 2000
Too many (2932) cell per target downsampled to 2000
Too many (6455) cell per target downsampled to 2000
Too many (4861) cell per target downsampled to 2000
Too many (6767) cell per target downsampled to 2000
Too many (11201) cell per target downsampled to 2000
Too many (2458) cell per target downsampled to 2000
Too many (10614) cell per target downsampled to 2000
Too many (7388) cell per target downsampled to 2000
Too many (5660) cell per target downsampled to 2000

Saving intermediate results after processing 100 regions...
Intermediate results saved.

Too many (7432) cell per target downsampled to 2000
Too many (5918) cell per target downsampled to 2000
Too many (2070) cell per target downsampled to 2000
Too many (9468) cell per target downsampled to 2000
Too many (2398) cell per target downsampled to 2000
Too many (10729) cell per target downsampled to 2000
Too many (5195) cell per target downsampled to 2000
Too many (2481) cell per target downsampled to 2000
Too many (22483) cell per target downsampled to 2000

Saving intermediate results after processing 110 regions...
Intermediate results saved.

Too many (17747) cell per target downsampled to 2000
Too many (9675) cell per target downsampled to 2000
Too many (27674) cell per target downsampled to 2000
Too many (14045) cell per target downsampled to 2000
Too many (4178) cell per target downsampled to 2000
Too many (18694) cell per target downsampled to 2000
Too many (13398) cell per target downsampled to 2000
Too many (8082) cell per target downsampled to 2000
Too many (10657) cell per target downsampled to 2000

Saving intermediate results after processing 120 regions...
Intermediate results saved.

Too many (7561) cell per target downsampled to 2000
Too many (4344) cell per target downsampled to 2000
Too many (13253) cell per target downsampled to 2000
Too many (6222) cell per target downsampled to 2000
Too many (16423) cell per target downsampled to 2000
Too many (6129) cell per target downsampled to 2000
Too many (4204) cell per target downsampled to 2000
Too many (6104) cell per target downsampled to 2000
Too many (9446) cell per target downsampled to 2000
Too many (11180) cell per target downsampled to 2000

Saving intermediate results after processing 130 regions...
Intermediate results saved.

Too many (11973) cell per target downsampled to 2000
Too many (17740) cell per target downsampled to 2000
Too many (4034) cell per target downsampled to 2000
Too many (5844) cell per target downsampled to 2000
Too many (7888) cell per target downsampled to 2000
Too many (16994) cell per target downsampled to 2000
Too many (13586) cell per target downsampled to 2000
Too many (3166) cell per target downsampled to 2000
Too many (13225) cell per target downsampled to 2000

Saving intermediate results after processing 140 regions...
Intermediate results saved.

Too many (4741) cell per target downsampled to 2000
Too many (5054) cell per target downsampled to 2000
Too many (11472) cell per target downsampled to 2000
Too many (3819) cell per target downsampled to 2000
Too many (10764) cell per target downsampled to 2000
Too many (6203) cell per target downsampled to 2000
Too many (11259) cell per target downsampled to 2000
Too many (20825) cell per target downsampled to 2000
Too many (11258) cell per target downsampled to 2000
Too many (39214) cell per target downsampled to 2000

Saving intermediate results after processing 150 regions...
Intermediate results saved.

Too many (12923) cell per target downsampled to 2000
Too many (3822) cell per target downsampled to 2000
Too many (8091) cell per target downsampled to 2000
Too many (21222) cell per target downsampled to 2000
Too many (2186) cell per target downsampled to 2000
Too many (7204) cell per target downsampled to 2000
Too many (10205) cell per target downsampled to 2000
Too many (11954) cell per target downsampled to 2000
Too many (8609) cell per target downsampled to 2000
Too many (4814) cell per target downsampled to 2000

Saving intermediate results after processing 160 regions...
Intermediate results saved.

Too many (13521) cell per target downsampled to 2000
Too many (7010) cell per target downsampled to 2000
Too many (4311) cell per target downsampled to 2000
Too many (2081) cell per target downsampled to 2000
Too many (6158) cell per target downsampled to 2000
Too many (10449) cell per target downsampled to 2000
Too many (19541) cell per target downsampled to 2000
Too many (7312) cell per target downsampled to 2000
Too many (10532) cell per target downsampled to 2000

Saving intermediate results after processing 170 regions...
Intermediate results saved.

Too many (4652) cell per target downsampled to 2000
Too many (2601) cell per target downsampled to 2000
Too many (3088) cell per target downsampled to 2000
Too many (25677) cell per target downsampled to 2000
Too many (25829) cell per target downsampled to 2000
Too many (11040) cell per target downsampled to 2000
Too many (14120) cell per target downsampled to 2000
Too many (35260) cell per target downsampled to 2000
Too many (5224) cell per target downsampled to 2000

Saving intermediate results after processing 180 regions...
Intermediate results saved.

Too many (8521) cell per target downsampled to 2000
Too many (31572) cell per target downsampled to 2000
Too many (7836) cell per target downsampled to 2000
Too many (8663) cell per target downsampled to 2000
Too many (4557) cell per target downsampled to 2000
Too many (6100) cell per target downsampled to 2000
Too many (9308) cell per target downsampled to 2000

Saving intermediate results after processing 190 regions...
Intermediate results saved.

Too many (7244) cell per target downsampled to 2000
Too many (5354) cell per target downsampled to 2000
Too many (6417) cell per target downsampled to 2000
Too many (5874) cell per target downsampled to 2000
Too many (15346) cell per target downsampled to 2000
Too many (6313) cell per target downsampled to 2000
Too many (10586) cell per target downsampled to 2000
Too many (20272) cell per target downsampled to 2000
Too many (31353) cell per target downsampled to 2000

Saving intermediate results after processing 200 regions...
Intermediate results saved.

Too many (3722) cell per target downsampled to 2000
Too many (12820) cell per target downsampled to 2000
Too many (17207) cell per target downsampled to 2000
Too many (11399) cell per target downsampled to 2000
Too many (9371) cell per target downsampled to 2000
Too many (9823) cell per target downsampled to 2000
Too many (7063) cell per target downsampled to 2000
Too many (5070) cell per target downsampled to 2000
Too many (8673) cell per target downsampled to 2000
Too many (7449) cell per target downsampled to 2000

Saving intermediate results after processing 210 regions...
Intermediate results saved.

Too many (7359) cell per target downsampled to 2000
Too many (2873) cell per target downsampled to 2000
Too many (3381) cell per target downsampled to 2000
Too many (31358) cell per target downsampled to 2000
Too many (15917) cell per target downsampled to 2000
Too many (6090) cell per target downsampled to 2000
Too many (14884) cell per target downsampled to 2000

Saving intermediate results after processing 220 regions...
Intermediate results saved.

Too many (8150) cell per target downsampled to 2000
Too many (7764) cell per target downsampled to 2000
Too many (8215) cell per target downsampled to 2000
Too many (7692) cell per target downsampled to 2000
Too many (17122) cell per target downsampled to 2000
Too many (9504) cell per target downsampled to 2000
Too many (3108) cell per target downsampled to 2000
Too many (5656) cell per target downsampled to 2000
Too many (4140) cell per target downsampled to 2000

Saving intermediate results after processing 230 regions...
Intermediate results saved.

Too many (16543) cell per target downsampled to 2000
Too many (14882) cell per target downsampled to 2000
Too many (3576) cell per target downsampled to 2000
Too many (12728) cell per target downsampled to 2000
Too many (3592) cell per target downsampled to 2000
Too many (22825) cell per target downsampled to 2000
Too many (4567) cell per target downsampled to 2000
Too many (2022) cell per target downsampled to 2000
Too many (2690) cell per target downsampled to 2000

Saving intermediate results after processing 240 regions...
Intermediate results saved.

Too many (2468) cell per target downsampled to 2000
Too many (8834) cell per target downsampled to 2000
Too many (2897) cell per target downsampled to 2000
Too many (2956) cell per target downsampled to 2000
Too many (40411) cell per target downsampled to 2000
Too many (10306) cell per target downsampled to 2000
Too many (6708) cell per target downsampled to 2000
Too many (5776) cell per target downsampled to 2000
Too many (13124) cell per target downsampled to 2000

Saving intermediate results after processing 250 regions...
Intermediate results saved.

Too many (4832) cell per target downsampled to 2000
Too many (12280) cell per target downsampled to 2000
Too many (10079) cell per target downsampled to 2000
Too many (7550) cell per target downsampled to 2000
Too many (10975) cell per target downsampled to 2000
Too many (13111) cell per target downsampled to 2000

Saving intermediate results after processing 260 regions...
Intermediate results saved.

Too many (30921) cell per target downsampled to 2000
Too many (2930) cell per target downsampled to 2000
Too many (17364) cell per target downsampled to 2000
Too many (13815) cell per target downsampled to 2000
Too many (21611) cell per target downsampled to 2000
Too many (3390) cell per target downsampled to 2000
Too many (2231) cell per target downsampled to 2000
Too many (3784) cell per target downsampled to 2000

Saving intermediate results after processing 270 regions...
Intermediate results saved.

Too many (5071) cell per target downsampled to 2000
Too many (10530) cell per target downsampled to 2000
Too many (9080) cell per target downsampled to 2000
Too many (4573) cell per target downsampled to 2000
Too many (16063) cell per target downsampled to 2000
Too many (8942) cell per target downsampled to 2000
Too many (5208) cell per target downsampled to 2000
Too many (19437) cell per target downsampled to 2000
Too many (9371) cell per target downsampled to 2000

Saving intermediate results after processing 280 regions...
Intermediate results saved.

Too many (6861) cell per target downsampled to 2000
Too many (3817) cell per target downsampled to 2000
Too many (2735) cell per target downsampled to 2000
Too many (19616) cell per target downsampled to 2000
Too many (16210) cell per target downsampled to 2000
Too many (3693) cell per target downsampled to 2000
Too many (6448) cell per target downsampled to 2000
Too many (23394) cell per target downsampled to 2000
Too many (10877) cell per target downsampled to 2000
Too many (16825) cell per target downsampled to 2000

Saving intermediate results after processing 290 regions...
Intermediate results saved.

Too many (19166) cell per target downsampled to 2000
Too many (9571) cell per target downsampled to 2000
Too many (2907) cell per target downsampled to 2000
Too many (27773) cell per target downsampled to 2000
Too many (3106) cell per target downsampled to 2000
Too many (8174) cell per target downsampled to 2000
Too many (8800) cell per target downsampled to 2000
Too many (18701) cell per target downsampled to 2000
Too many (13814) cell per target downsampled to 2000

Saving intermediate results after processing 300 regions...
Intermediate results saved.

Too many (3847) cell per target downsampled to 2000
Too many (5984) cell per target downsampled to 2000
Too many (3354) cell per target downsampled to 2000
Too many (31747) cell per target downsampled to 2000
Too many (3978) cell per target downsampled to 2000
Too many (9530) cell per target downsampled to 2000
Too many (3301) cell per target downsampled to 2000
Too many (6249) cell per target downsampled to 2000

Saving intermediate results after processing 310 regions...
Intermediate results saved.

Too many (5364) cell per target downsampled to 2000
Too many (7575) cell per target downsampled to 2000
Too many (15502) cell per target downsampled to 2000
Too many (8179) cell per target downsampled to 2000
Too many (7593) cell per target downsampled to 2000
Too many (9508) cell per target downsampled to 2000
Too many (6178) cell per target downsampled to 2000
Too many (7651) cell per target downsampled to 2000

Saving intermediate results after processing 320 regions...
Intermediate results saved.

Too many (9405) cell per target downsampled to 2000
Too many (5921) cell per target downsampled to 2000
Too many (3933) cell per target downsampled to 2000
Too many (9122) cell per target downsampled to 2000
Too many (2327) cell per target downsampled to 2000
Too many (10371) cell per target downsampled to 2000
Too many (4387) cell per target downsampled to 2000
Too many (10056) cell per target downsampled to 2000
Too many (6910) cell per target downsampled to 2000

Saving intermediate results after processing 330 regions...
Intermediate results saved.

Too many (3438) cell per target downsampled to 2000
Too many (9239) cell per target downsampled to 2000
Too many (10442) cell per target downsampled to 2000
Too many (36079) cell per target downsampled to 2000
Too many (22217) cell per target downsampled to 2000
Too many (19148) cell per target downsampled to 2000
Too many (6448) cell per target downsampled to 2000
Too many (3424) cell per target downsampled to 2000
Too many (3959) cell per target downsampled to 2000

Saving intermediate results after processing 340 regions...
Intermediate results saved.

Too many (6271) cell per target downsampled to 2000
Too many (16897) cell per target downsampled to 2000
Too many (5174) cell per target downsampled to 2000
Too many (10666) cell per target downsampled to 2000
Too many (8173) cell per target downsampled to 2000
Too many (11442) cell per target downsampled to 2000

Saving intermediate results after processing 350 regions...
Intermediate results saved.

Too many (18948) cell per target downsampled to 2000
Too many (6205) cell per target downsampled to 2000
Too many (12483) cell per target downsampled to 2000
Too many (8832) cell per target downsampled to 2000
Too many (11049) cell per target downsampled to 2000
Too many (9917) cell per target downsampled to 2000
Too many (9591) cell per target downsampled to 2000
Too many (23915) cell per target downsampled to 2000
Too many (14864) cell per target downsampled to 2000

Saving intermediate results after processing 360 regions...
Intermediate results saved.

Too many (5004) cell per target downsampled to 2000
Too many (3000) cell per target downsampled to 2000
Too many (6644) cell per target downsampled to 2000
Too many (6859) cell per target downsampled to 2000
Too many (28301) cell per target downsampled to 2000
Too many (18504) cell per target downsampled to 2000
Too many (3277) cell per target downsampled to 2000
Too many (27992) cell per target downsampled to 2000
Too many (14667) cell per target downsampled to 2000

Saving intermediate results after processing 370 regions...
Intermediate results saved.

Too many (12005) cell per target downsampled to 2000
Too many (11629) cell per target downsampled to 2000
Too many (2081) cell per target downsampled to 2000
Too many (5069) cell per target downsampled to 2000
Too many (12830) cell per target downsampled to 2000
Too many (7032) cell per target downsampled to 2000
Too many (13957) cell per target downsampled to 2000
Too many (3270) cell per target downsampled to 2000
Too many (2515) cell per target downsampled to 2000
Too many (5005) cell per target downsampled to 2000

Saving intermediate results after processing 380 regions...
Intermediate results saved.

Too many (6554) cell per target downsampled to 2000
Too many (5531) cell per target downsampled to 2000
Too many (3646) cell per target downsampled to 2000
Too many (3195) cell per target downsampled to 2000
Too many (5247) cell per target downsampled to 2000
Too many (5666) cell per target downsampled to 2000
Too many (2141) cell per target downsampled to 2000
Too many (10344) cell per target downsampled to 2000

Saving intermediate results after processing 390 regions...
Intermediate results saved.

Too many (2689) cell per target downsampled to 2000
Too many (5752) cell per target downsampled to 2000
Too many (3352) cell per target downsampled to 2000
Too many (7153) cell per target downsampled to 2000
Too many (3049) cell per target downsampled to 2000
Too many (2047) cell per target downsampled to 2000
Too many (10858) cell per target downsampled to 2000

Saving intermediate results after processing 400 regions...
Intermediate results saved.

Too many (6804) cell per target downsampled to 2000
Too many (9151) cell per target downsampled to 2000
Too many (6649) cell per target downsampled to 2000
Too many (9215) cell per target downsampled to 2000
Too many (7367) cell per target downsampled to 2000
Too many (17516) cell per target downsampled to 2000
Too many (44942) cell per target downsampled to 2000
Too many (23205) cell per target downsampled to 2000

Saving intermediate results after processing 410 regions...
Intermediate results saved.

Too many (9221) cell per target downsampled to 2000
Too many (7095) cell per target downsampled to 2000
Too many (7716) cell per target downsampled to 2000
Too many (6174) cell per target downsampled to 2000
Too many (9849) cell per target downsampled to 2000
Too many (15470) cell per target downsampled to 2000
Too many (7639) cell per target downsampled to 2000
Too many (16072) cell per target downsampled to 2000
Too many (5160) cell per target downsampled to 2000

Saving intermediate results after processing 420 regions...
Intermediate results saved.

Too many (4890) cell per target downsampled to 2000
Too many (5337) cell per target downsampled to 2000
Too many (12444) cell per target downsampled to 2000
Too many (2564) cell per target downsampled to 2000
Too many (19060) cell per target downsampled to 2000
Too many (3167) cell per target downsampled to 2000
Too many (3789) cell per target downsampled to 2000
Too many (9675) cell per target downsampled to 2000
Too many (7124) cell per target downsampled to 2000

Saving intermediate results after processing 430 regions...
Intermediate results saved.

Too many (2053) cell per target downsampled to 2000
Too many (12809) cell per target downsampled to 2000
Too many (3745) cell per target downsampled to 2000
Too many (8862) cell per target downsampled to 2000
Too many (13189) cell per target downsampled to 2000
Too many (29896) cell per target downsampled to 2000
Too many (13431) cell per target downsampled to 2000
Too many (10292) cell per target downsampled to 2000
Too many (14414) cell per target downsampled to 2000
Too many (6917) cell per target downsampled to 2000

Saving intermediate results after processing 440 regions...
Intermediate results saved.

Too many (2569) cell per target downsampled to 2000
Too many (10809) cell per target downsampled to 2000
Too many (7273) cell per target downsampled to 2000
Too many (9358) cell per target downsampled to 2000
Too many (9481) cell per target downsampled to 2000
Too many (8716) cell per target downsampled to 2000
Too many (2956) cell per target downsampled to 2000
Too many (5260) cell per target downsampled to 2000
Too many (20658) cell per target downsampled to 2000
Too many (5060) cell per target downsampled to 2000

Saving intermediate results after processing 450 regions...
Intermediate results saved.

Too many (10624) cell per target downsampled to 2000
Too many (3881) cell per target downsampled to 2000
Too many (15336) cell per target downsampled to 2000
Too many (4000) cell per target downsampled to 2000
Too many (10438) cell per target downsampled to 2000
Too many (4064) cell per target downsampled to 2000
Too many (6141) cell per target downsampled to 2000
Too many (5989) cell per target downsampled to 2000
Too many (22523) cell per target downsampled to 2000
Too many (11026) cell per target downsampled to 2000

Saving intermediate results after processing 460 regions...
Intermediate results saved.

Too many (4180) cell per target downsampled to 2000
Too many (4267) cell per target downsampled to 2000
Too many (4179) cell per target downsampled to 2000
Too many (11530) cell per target downsampled to 2000
Too many (20665) cell per target downsampled to 2000
Too many (6367) cell per target downsampled to 2000
Too many (12401) cell per target downsampled to 2000
Too many (13022) cell per target downsampled to 2000
Too many (19315) cell per target downsampled to 2000

Saving intermediate results after processing 470 regions...
Intermediate results saved.

Too many (4581) cell per target downsampled to 2000
Too many (6115) cell per target downsampled to 2000
Too many (5916) cell per target downsampled to 2000
Too many (7520) cell per target downsampled to 2000
Too many (4682) cell per target downsampled to 2000
Too many (17389) cell per target downsampled to 2000
Too many (25014) cell per target downsampled to 2000
Too many (11694) cell per target downsampled to 2000
Too many (16071) cell per target downsampled to 2000

Saving intermediate results after processing 480 regions...
Intermediate results saved.

Too many (4779) cell per target downsampled to 2000
Too many (22976) cell per target downsampled to 2000
Too many (15618) cell per target downsampled to 2000
Too many (5171) cell per target downsampled to 2000
Too many (9056) cell per target downsampled to 2000
Too many (8436) cell per target downsampled to 2000
Too many (11964) cell per target downsampled to 2000
Too many (12323) cell per target downsampled to 2000
Too many (4055) cell per target downsampled to 2000

Saving intermediate results after processing 490 regions...
Intermediate results saved.

Too many (4676) cell per target downsampled to 2000
Too many (8314) cell per target downsampled to 2000
Too many (12815) cell per target downsampled to 2000
Too many (6820) cell per target downsampled to 2000
Too many (4911) cell per target downsampled to 2000
Too many (5955) cell per target downsampled to 2000
Too many (4626) cell per target downsampled to 2000
Too many (6648) cell per target downsampled to 2000
Too many (6761) cell per target downsampled to 2000
Too many (6060) cell per target downsampled to 2000

Saving intermediate results after processing 500 regions...
Intermediate results saved.

Too many (9149) cell per target downsampled to 2000
Too many (2831) cell per target downsampled to 2000
Too many (9539) cell per target downsampled to 2000
Too many (4415) cell per target downsampled to 2000
Too many (16365) cell per target downsampled to 2000
Too many (8489) cell per target downsampled to 2000

Saving intermediate results after processing 510 regions...
Intermediate results saved.

Too many (6005) cell per target downsampled to 2000
Too many (10720) cell per target downsampled to 2000
Too many (12728) cell per target downsampled to 2000
Too many (4237) cell per target downsampled to 2000
Too many (11873) cell per target downsampled to 2000
Too many (3541) cell per target downsampled to 2000
Too many (2794) cell per target downsampled to 2000
Too many (7687) cell per target downsampled to 2000
Too many (2655) cell per target downsampled to 2000
Too many (9361) cell per target downsampled to 2000

Saving intermediate results after processing 520 regions...
Intermediate results saved.

Too many (21189) cell per target downsampled to 2000
Too many (6227) cell per target downsampled to 2000
Too many (5898) cell per target downsampled to 2000
Too many (6724) cell per target downsampled to 2000
Too many (6332) cell per target downsampled to 2000
Too many (8107) cell per target downsampled to 2000
Too many (13145) cell per target downsampled to 2000
Too many (12659) cell per target downsampled to 2000
Too many (6840) cell per target downsampled to 2000
Too many (3470) cell per target downsampled to 2000

Saving intermediate results after processing 530 regions...
Intermediate results saved.

Too many (4451) cell per target downsampled to 2000
Too many (5508) cell per target downsampled to 2000
Too many (24960) cell per target downsampled to 2000
Too many (8301) cell per target downsampled to 2000
Too many (4613) cell per target downsampled to 2000
Too many (4041) cell per target downsampled to 2000
Too many (15586) cell per target downsampled to 2000
Too many (21920) cell per target downsampled to 2000
Too many (6561) cell per target downsampled to 2000

Saving intermediate results after processing 540 regions...
Intermediate results saved.

Too many (5001) cell per target downsampled to 2000
Too many (3369) cell per target downsampled to 2000
Too many (4266) cell per target downsampled to 2000
Too many (5893) cell per target downsampled to 2000
Too many (11321) cell per target downsampled to 2000
Too many (14559) cell per target downsampled to 2000
Too many (2174) cell per target downsampled to 2000
Too many (19886) cell per target downsampled to 2000
Too many (18616) cell per target downsampled to 2000

Saving intermediate results after processing 550 regions...
Intermediate results saved.

Too many (2699) cell per target downsampled to 2000
Too many (5200) cell per target downsampled to 2000

Saving intermediate results after processing 560 regions...
Intermediate results saved.

Too many (6844) cell per target downsampled to 2000
Too many (2126) cell per target downsampled to 2000
Too many (3074) cell per target downsampled to 2000
Too many (4453) cell per target downsampled to 2000
Too many (32570) cell per target downsampled to 2000
Too many (34480) cell per target downsampled to 2000
Too many (4229) cell per target downsampled to 2000
Too many (15353) cell per target downsampled to 2000
Too many (3291) cell per target downsampled to 2000

Saving intermediate results after processing 570 regions...
Intermediate results saved.

Too many (5134) cell per target downsampled to 2000
Too many (2707) cell per target downsampled to 2000
Too many (5198) cell per target downsampled to 2000
Too many (9605) cell per target downsampled to 2000
Too many (6550) cell per target downsampled to 2000
Too many (2666) cell per target downsampled to 2000
Too many (6369) cell per target downsampled to 2000
Too many (10011) cell per target downsampled to 2000
Too many (5222) cell per target downsampled to 2000

Saving intermediate results after processing 580 regions...
Intermediate results saved.

Too many (6553) cell per target downsampled to 2000
Too many (27280) cell per target downsampled to 2000
Too many (5715) cell per target downsampled to 2000
Too many (11407) cell per target downsampled to 2000
Too many (23677) cell per target downsampled to 2000
Too many (22283) cell per target downsampled to 2000
Too many (7643) cell per target downsampled to 2000
Too many (6528) cell per target downsampled to 2000
Too many (10604) cell per target downsampled to 2000

Saving intermediate results after processing 590 regions...
Intermediate results saved.

Too many (6015) cell per target downsampled to 2000
Too many (9689) cell per target downsampled to 2000
Too many (6207) cell per target downsampled to 2000
Too many (12391) cell per target downsampled to 2000
Too many (8024) cell per target downsampled to 2000
Too many (7608) cell per target downsampled to 2000
Too many (2070) cell per target downsampled to 2000
Too many (5007) cell per target downsampled to 2000

Saving intermediate results after processing 600 regions...
Intermediate results saved.

Too many (6978) cell per target downsampled to 2000
Too many (19189) cell per target downsampled to 2000
Too many (3431) cell per target downsampled to 2000
Too many (5156) cell per target downsampled to 2000
Too many (2378) cell per target downsampled to 2000
Too many (9543) cell per target downsampled to 2000
Too many (5690) cell per target downsampled to 2000
Too many (19400) cell per target downsampled to 2000
Too many (5607) cell per target downsampled to 2000

Saving intermediate results after processing 610 regions...
Intermediate results saved.

Too many (10320) cell per target downsampled to 2000
Too many (6308) cell per target downsampled to 2000
Too many (3201) cell per target downsampled to 2000
Too many (4610) cell per target downsampled to 2000
Too many (17056) cell per target downsampled to 2000
Too many (8191) cell per target downsampled to 2000
Too many (9073) cell per target downsampled to 2000
Too many (2052) cell per target downsampled to 2000
Too many (3384) cell per target downsampled to 2000

Saving intermediate results after processing 620 regions...
Intermediate results saved.

Too many (7263) cell per target downsampled to 2000
Too many (13238) cell per target downsampled to 2000
Too many (2886) cell per target downsampled to 2000
Too many (15168) cell per target downsampled to 2000
Too many (9380) cell per target downsampled to 2000
Too many (2542) cell per target downsampled to 2000
Too many (6708) cell per target downsampled to 2000
Too many (20620) cell per target downsampled to 2000
Too many (16178) cell per target downsampled to 2000
Too many (25489) cell per target downsampled to 2000

Saving intermediate results after processing 630 regions...
Intermediate results saved.

Too many (11981) cell per target downsampled to 2000
Too many (6997) cell per target downsampled to 2000
Too many (7675) cell per target downsampled to 2000
Too many (5874) cell per target downsampled to 2000
Too many (2307) cell per target downsampled to 2000
Too many (6744) cell per target downsampled to 2000
Too many (3570) cell per target downsampled to 2000

Saving intermediate results after processing 640 regions...
Intermediate results saved.

Too many (6130) cell per target downsampled to 2000
Too many (2557) cell per target downsampled to 2000
Too many (8793) cell per target downsampled to 2000
Too many (17839) cell per target downsampled to 2000
Too many (4358) cell per target downsampled to 2000
Too many (5469) cell per target downsampled to 2000
Too many (9788) cell per target downsampled to 2000
Too many (13941) cell per target downsampled to 2000
Too many (7729) cell per target downsampled to 2000
Too many (7273) cell per target downsampled to 2000

Saving intermediate results after processing 650 regions...
Intermediate results saved.

Too many (9963) cell per target downsampled to 2000
Too many (3477) cell per target downsampled to 2000
Too many (9044) cell per target downsampled to 2000
Too many (13500) cell per target downsampled to 2000
Too many (2685) cell per target downsampled to 2000
Too many (5513) cell per target downsampled to 2000
Too many (10919) cell per target downsampled to 2000
Too many (4466) cell per target downsampled to 2000
Too many (7319) cell per target downsampled to 2000
Too many (7096) cell per target downsampled to 2000

Saving intermediate results after processing 660 regions...
Intermediate results saved.

Too many (10320) cell per target downsampled to 2000
Too many (12618) cell per target downsampled to 2000
Too many (7821) cell per target downsampled to 2000
Too many (14084) cell per target downsampled to 2000
Too many (4311) cell per target downsampled to 2000
Too many (6008) cell per target downsampled to 2000
Too many (8561) cell per target downsampled to 2000
Too many (7311) cell per target downsampled to 2000
Too many (2791) cell per target downsampled to 2000

Saving intermediate results after processing 670 regions...
Intermediate results saved.

Too many (15149) cell per target downsampled to 2000
Too many (19791) cell per target downsampled to 2000
Too many (5273) cell per target downsampled to 2000
Too many (7871) cell per target downsampled to 2000
Too many (5457) cell per target downsampled to 2000
Too many (10819) cell per target downsampled to 2000
Too many (15919) cell per target downsampled to 2000
Too many (9603) cell per target downsampled to 2000
Too many (6151) cell per target downsampled to 2000

Saving intermediate results after processing 680 regions...
Intermediate results saved.

Too many (3821) cell per target downsampled to 2000
Too many (13474) cell per target downsampled to 2000
Too many (12011) cell per target downsampled to 2000
Too many (7389) cell per target downsampled to 2000
Too many (5748) cell per target downsampled to 2000
Too many (5506) cell per target downsampled to 2000
Too many (7679) cell per target downsampled to 2000
Too many (12336) cell per target downsampled to 2000
Too many (7293) cell per target downsampled to 2000
Too many (12842) cell per target downsampled to 2000

Saving intermediate results after processing 690 regions...
Intermediate results saved.

Too many (4815) cell per target downsampled to 2000
Too many (3109) cell per target downsampled to 2000
Too many (8176) cell per target downsampled to 2000
Too many (7206) cell per target downsampled to 2000
Too many (6007) cell per target downsampled to 2000
Too many (2882) cell per target downsampled to 2000
Too many (7008) cell per target downsampled to 2000
Too many (4681) cell per target downsampled to 2000

Saving intermediate results after processing 700 regions...
Intermediate results saved.

Too many (29370) cell per target downsampled to 2000
Too many (16128) cell per target downsampled to 2000
Too many (19035) cell per target downsampled to 2000
Too many (15070) cell per target downsampled to 2000
Too many (6479) cell per target downsampled to 2000
Too many (4764) cell per target downsampled to 2000
Too many (10771) cell per target downsampled to 2000

Saving intermediate results after processing 710 regions...
Intermediate results saved.

Too many (3651) cell per target downsampled to 2000
Too many (16612) cell per target downsampled to 2000
Too many (6208) cell per target downsampled to 2000
Too many (9680) cell per target downsampled to 2000
Too many (6680) cell per target downsampled to 2000
Too many (8543) cell per target downsampled to 2000
Too many (14281) cell per target downsampled to 2000
Too many (6389) cell per target downsampled to 2000
Too many (5163) cell per target downsampled to 2000
Too many (16037) cell per target downsampled to 2000

Saving intermediate results after processing 720 regions...
Intermediate results saved.

Too many (10536) cell per target downsampled to 2000
Too many (7809) cell per target downsampled to 2000
Too many (11870) cell per target downsampled to 2000
Too many (5451) cell per target downsampled to 2000
Too many (3799) cell per target downsampled to 2000
Too many (6755) cell per target downsampled to 2000
Too many (6262) cell per target downsampled to 2000
Too many (4484) cell per target downsampled to 2000
Too many (5508) cell per target downsampled to 2000
Too many (4008) cell per target downsampled to 2000

Saving intermediate results after processing 730 regions...
Intermediate results saved.

Too many (7760) cell per target downsampled to 2000
Too many (6720) cell per target downsampled to 2000
Too many (6873) cell per target downsampled to 2000
Too many (7372) cell per target downsampled to 2000
Too many (8558) cell per target downsampled to 2000
Too many (3775) cell per target downsampled to 2000
Too many (8973) cell per target downsampled to 2000
Too many (2841) cell per target downsampled to 2000
Too many (21629) cell per target downsampled to 2000
Too many (7523) cell per target downsampled to 2000

Saving intermediate results after processing 740 regions...
Intermediate results saved.

Too many (9520) cell per target downsampled to 2000
Too many (7036) cell per target downsampled to 2000
Too many (3881) cell per target downsampled to 2000
Too many (11590) cell per target downsampled to 2000
Too many (14639) cell per target downsampled to 2000
Too many (4190) cell per target downsampled to 2000
Too many (11222) cell per target downsampled to 2000
Too many (6089) cell per target downsampled to 2000

Saving intermediate results after processing 750 regions...
Intermediate results saved.

Too many (12431) cell per target downsampled to 2000
Too many (9441) cell per target downsampled to 2000
Too many (5397) cell per target downsampled to 2000
Too many (5392) cell per target downsampled to 2000
Too many (3835) cell per target downsampled to 2000
Too many (7735) cell per target downsampled to 2000
Too many (16775) cell per target downsampled to 2000
Too many (22918) cell per target downsampled to 2000

Saving intermediate results after processing 760 regions...
Intermediate results saved.

Too many (9196) cell per target downsampled to 2000
Too many (14976) cell per target downsampled to 2000
Too many (22423) cell per target downsampled to 2000
Too many (2021) cell per target downsampled to 2000
Too many (5511) cell per target downsampled to 2000
Too many (12878) cell per target downsampled to 2000
Too many (11290) cell per target downsampled to 2000
Too many (13126) cell per target downsampled to 2000
Too many (17935) cell per target downsampled to 2000
Too many (17212) cell per target downsampled to 2000

Saving intermediate results after processing 770 regions...
Intermediate results saved.

Too many (31306) cell per target downsampled to 2000
Too many (3180) cell per target downsampled to 2000
Too many (3555) cell per target downsampled to 2000
Too many (9736) cell per target downsampled to 2000
Too many (5128) cell per target downsampled to 2000
Too many (4496) cell per target downsampled to 2000
Too many (2052) cell per target downsampled to 2000
Too many (10834) cell per target downsampled to 2000
Too many (2673) cell per target downsampled to 2000
Too many (2083) cell per target downsampled to 2000

Saving intermediate results after processing 780 regions...
Intermediate results saved.

Too many (3104) cell per target downsampled to 2000
Too many (7845) cell per target downsampled to 2000
Too many (6820) cell per target downsampled to 2000
Too many (5066) cell per target downsampled to 2000
Too many (9651) cell per target downsampled to 2000
Too many (17481) cell per target downsampled to 2000
Too many (5037) cell per target downsampled to 2000
Too many (8581) cell per target downsampled to 2000
Too many (5550) cell per target downsampled to 2000
Too many (11699) cell per target downsampled to 2000

Saving intermediate results after processing 790 regions...
Intermediate results saved.

Too many (9571) cell per target downsampled to 2000
Too many (3137) cell per target downsampled to 2000
Too many (8501) cell per target downsampled to 2000
Too many (5925) cell per target downsampled to 2000
Too many (14801) cell per target downsampled to 2000
Too many (5726) cell per target downsampled to 2000
Too many (11683) cell per target downsampled to 2000
Too many (6988) cell per target downsampled to 2000
Too many (12850) cell per target downsampled to 2000

Saving intermediate results after processing 800 regions...
Intermediate results saved.

Too many (18706) cell per target downsampled to 2000
Too many (5999) cell per target downsampled to 2000
Too many (4175) cell per target downsampled to 2000
Too many (5596) cell per target downsampled to 2000
Too many (9894) cell per target downsampled to 2000
Too many (12453) cell per target downsampled to 2000
Too many (11355) cell per target downsampled to 2000
Too many (5379) cell per target downsampled to 2000
Too many (14995) cell per target downsampled to 2000

Saving intermediate results after processing 810 regions...
Intermediate results saved.

Too many (5684) cell per target downsampled to 2000
Too many (7253) cell per target downsampled to 2000
Too many (12561) cell per target downsampled to 2000
Too many (9860) cell per target downsampled to 2000
Too many (4419) cell per target downsampled to 2000
Too many (6933) cell per target downsampled to 2000
Too many (9253) cell per target downsampled to 2000
Too many (4393) cell per target downsampled to 2000
Too many (9408) cell per target downsampled to 2000

Saving intermediate results after processing 820 regions...
Intermediate results saved.

Too many (5697) cell per target downsampled to 2000
Too many (12708) cell per target downsampled to 2000
Too many (19915) cell per target downsampled to 2000
Too many (18431) cell per target downsampled to 2000
Too many (9016) cell per target downsampled to 2000
Too many (10856) cell per target downsampled to 2000
Too many (6284) cell per target downsampled to 2000
Too many (4132) cell per target downsampled to 2000

Saving intermediate results after processing 830 regions...
Intermediate results saved.

Too many (9886) cell per target downsampled to 2000
Too many (2741) cell per target downsampled to 2000
Too many (8448) cell per target downsampled to 2000
Too many (7469) cell per target downsampled to 2000
Too many (10676) cell per target downsampled to 2000
Too many (11620) cell per target downsampled to 2000
Too many (22779) cell per target downsampled to 2000
Too many (10130) cell per target downsampled to 2000

Saving intermediate results after processing 840 regions...
Intermediate results saved.

Too many (7213) cell per target downsampled to 2000
Too many (7244) cell per target downsampled to 2000
Too many (16626) cell per target downsampled to 2000
Too many (11320) cell per target downsampled to 2000
Too many (26732) cell per target downsampled to 2000
Too many (12700) cell per target downsampled to 2000
Too many (10117) cell per target downsampled to 2000
Too many (5354) cell per target downsampled to 2000

Saving intermediate results after processing 850 regions...
Intermediate results saved.

Too many (5495) cell per target downsampled to 2000
Too many (3859) cell per target downsampled to 2000
Too many (6688) cell per target downsampled to 2000
Too many (6425) cell per target downsampled to 2000
Too many (7781) cell per target downsampled to 2000
Too many (6328) cell per target downsampled to 2000
Too many (4040) cell per target downsampled to 2000
Too many (4791) cell per target downsampled to 2000
Too many (7545) cell per target downsampled to 2000
Too many (9363) cell per target downsampled to 2000

Saving intermediate results after processing 860 regions...
Intermediate results saved.

Too many (14823) cell per target downsampled to 2000
Too many (7590) cell per target downsampled to 2000
Too many (9374) cell per target downsampled to 2000
Too many (5549) cell per target downsampled to 2000
Too many (9251) cell per target downsampled to 2000
Too many (6975) cell per target downsampled to 2000
Too many (3792) cell per target downsampled to 2000
Too many (11262) cell per target downsampled to 2000

Saving intermediate results after processing 870 regions...
Intermediate results saved.

Too many (7935) cell per target downsampled to 2000
Too many (12063) cell per target downsampled to 2000
Too many (10993) cell per target downsampled to 2000
Too many (7803) cell per target downsampled to 2000
Too many (11564) cell per target downsampled to 2000
Too many (11791) cell per target downsampled to 2000
Too many (15820) cell per target downsampled to 2000
Too many (30020) cell per target downsampled to 2000
Too many (7783) cell per target downsampled to 2000

Saving intermediate results after processing 880 regions...
Intermediate results saved.

Too many (4758) cell per target downsampled to 2000
Too many (15205) cell per target downsampled to 2000
Too many (10329) cell per target downsampled to 2000
Too many (6929) cell per target downsampled to 2000
Too many (18208) cell per target downsampled to 2000
Too many (7555) cell per target downsampled to 2000
Too many (4621) cell per target downsampled to 2000
Too many (41718) cell per target downsampled to 2000
Too many (3345) cell per target downsampled to 2000

Saving intermediate results after processing 890 regions...
Intermediate results saved.

Too many (7916) cell per target downsampled to 2000
Too many (14896) cell per target downsampled to 2000
Too many (16852) cell per target downsampled to 2000
Too many (8540) cell per target downsampled to 2000
Too many (6601) cell per target downsampled to 2000
Too many (13540) cell per target downsampled to 2000
Too many (9939) cell per target downsampled to 2000
Too many (13079) cell per target downsampled to 2000

Saving intermediate results after processing 900 regions...
Intermediate results saved.

Too many (15346) cell per target downsampled to 2000
Too many (10999) cell per target downsampled to 2000
Too many (6089) cell per target downsampled to 2000
Too many (11751) cell per target downsampled to 2000
Too many (8124) cell per target downsampled to 2000
Too many (5775) cell per target downsampled to 2000
Too many (4028) cell per target downsampled to 2000
Too many (36096) cell per target downsampled to 2000

Saving intermediate results after processing 910 regions...
Intermediate results saved.

Too many (5158) cell per target downsampled to 2000
Too many (5828) cell per target downsampled to 2000
Too many (3517) cell per target downsampled to 2000
Too many (3756) cell per target downsampled to 2000
Too many (7507) cell per target downsampled to 2000
Too many (8463) cell per target downsampled to 2000
Too many (12492) cell per target downsampled to 2000
Too many (10772) cell per target downsampled to 2000
Too many (7219) cell per target downsampled to 2000
Too many (4379) cell per target downsampled to 2000

Saving intermediate results after processing 920 regions...
Intermediate results saved.

Too many (8717) cell per target downsampled to 2000
Too many (2789) cell per target downsampled to 2000
Too many (6186) cell per target downsampled to 2000
Too many (10098) cell per target downsampled to 2000
Too many (5082) cell per target downsampled to 2000
Too many (8290) cell per target downsampled to 2000
Too many (7653) cell per target downsampled to 2000

Saving intermediate results after processing 930 regions...
Intermediate results saved.

Too many (11733) cell per target downsampled to 2000
Too many (13730) cell per target downsampled to 2000
Too many (12374) cell per target downsampled to 2000
Too many (21646) cell per target downsampled to 2000
Too many (3544) cell per target downsampled to 2000
Too many (13747) cell per target downsampled to 2000
Too many (3957) cell per target downsampled to 2000
Too many (17172) cell per target downsampled to 2000
Too many (5657) cell per target downsampled to 2000

Saving intermediate results after processing 940 regions...
Intermediate results saved.

Too many (3590) cell per target downsampled to 2000
Too many (6055) cell per target downsampled to 2000
Too many (9293) cell per target downsampled to 2000
Too many (14459) cell per target downsampled to 2000
Too many (18441) cell per target downsampled to 2000
Too many (3683) cell per target downsampled to 2000
Too many (7526) cell per target downsampled to 2000
Too many (13587) cell per target downsampled to 2000
Too many (18227) cell per target downsampled to 2000
Too many (12043) cell per target downsampled to 2000

Saving intermediate results after processing 950 regions...
Intermediate results saved.

Too many (13533) cell per target downsampled to 2000
Too many (2617) cell per target downsampled to 2000
Too many (3183) cell per target downsampled to 2000
Too many (5973) cell per target downsampled to 2000
Too many (5426) cell per target downsampled to 2000
Too many (3901) cell per target downsampled to 2000
Too many (9965) cell per target downsampled to 2000
Too many (2594) cell per target downsampled to 2000
Too many (2368) cell per target downsampled to 2000

Saving intermediate results after processing 960 regions...
Intermediate results saved.

Too many (5683) cell per target downsampled to 2000
Too many (21983) cell per target downsampled to 2000
Too many (6044) cell per target downsampled to 2000
Too many (4976) cell per target downsampled to 2000
Too many (10499) cell per target downsampled to 2000
Too many (8603) cell per target downsampled to 2000
Too many (10785) cell per target downsampled to 2000
Too many (6083) cell per target downsampled to 2000
Too many (10191) cell per target downsampled to 2000
Too many (11389) cell per target downsampled to 2000

Saving intermediate results after processing 970 regions...
Intermediate results saved.

Too many (5469) cell per target downsampled to 2000
Too many (7648) cell per target downsampled to 2000
Too many (5757) cell per target downsampled to 2000
Too many (3585) cell per target downsampled to 2000
Too many (4555) cell per target downsampled to 2000
Too many (8324) cell per target downsampled to 2000
Too many (13999) cell per target downsampled to 2000
Too many (5584) cell per target downsampled to 2000
Too many (6096) cell per target downsampled to 2000

Saving intermediate results after processing 980 regions...
Intermediate results saved.

Too many (3308) cell per target downsampled to 2000
Too many (3488) cell per target downsampled to 2000
Too many (4032) cell per target downsampled to 2000
Too many (7533) cell per target downsampled to 2000
Too many (3644) cell per target downsampled to 2000
Too many (20944) cell per target downsampled to 2000
Too many (15926) cell per target downsampled to 2000
Too many (10854) cell per target downsampled to 2000

Saving intermediate results after processing 990 regions...
Intermediate results saved.

Too many (11332) cell per target downsampled to 2000
Too many (3240) cell per target downsampled to 2000
Too many (23765) cell per target downsampled to 2000
Too many (4879) cell per target downsampled to 2000
Too many (4690) cell per target downsampled to 2000
Too many (3064) cell per target downsampled to 2000
Too many (8011) cell per target downsampled to 2000
Too many (13614) cell per target downsampled to 2000
Too many (5880) cell per target downsampled to 2000
Too many (14864) cell per target downsampled to 2000

Saving intermediate results after processing 1000 regions...
Intermediate results saved.

Too many (7174) cell per target downsampled to 2000
Too many (32351) cell per target downsampled to 2000
Too many (13519) cell per target downsampled to 2000
Too many (14695) cell per target downsampled to 2000
Too many (3266) cell per target downsampled to 2000
Too many (4128) cell per target downsampled to 2000
Too many (13720) cell per target downsampled to 2000
Too many (3243) cell per target downsampled to 2000
Too many (5409) cell per target downsampled to 2000

Saving intermediate results after processing 1010 regions...
Intermediate results saved.

Too many (10856) cell per target downsampled to 2000
Too many (5756) cell per target downsampled to 2000
Too many (9794) cell per target downsampled to 2000
Too many (17387) cell per target downsampled to 2000
Too many (10961) cell per target downsampled to 2000
Too many (15158) cell per target downsampled to 2000
Too many (4836) cell per target downsampled to 2000
Too many (12762) cell per target downsampled to 2000
Too many (8661) cell per target downsampled to 2000
Too many (4308) cell per target downsampled to 2000

Saving intermediate results after processing 1020 regions...
Intermediate results saved.

Too many (4144) cell per target downsampled to 2000
Too many (6444) cell per target downsampled to 2000
Too many (4069) cell per target downsampled to 2000
Too many (4049) cell per target downsampled to 2000
Too many (5018) cell per target downsampled to 2000
Too many (3261) cell per target downsampled to 2000
Too many (21880) cell per target downsampled to 2000
Too many (4800) cell per target downsampled to 2000
Too many (3805) cell per target downsampled to 2000
Too many (7708) cell per target downsampled to 2000

Saving intermediate results after processing 1030 regions...
Intermediate results saved.

Too many (18968) cell per target downsampled to 2000
Too many (23464) cell per target downsampled to 2000
Too many (7541) cell per target downsampled to 2000
Too many (7790) cell per target downsampled to 2000
Too many (13353) cell per target downsampled to 2000
Too many (11758) cell per target downsampled to 2000
Too many (11856) cell per target downsampled to 2000
Too many (33900) cell per target downsampled to 2000
Too many (7726) cell per target downsampled to 2000
Too many (7474) cell per target downsampled to 2000

Saving intermediate results after processing 1040 regions...
Intermediate results saved.

Too many (5397) cell per target downsampled to 2000
Too many (11870) cell per target downsampled to 2000
Too many (3811) cell per target downsampled to 2000
Too many (11396) cell per target downsampled to 2000
Too many (7092) cell per target downsampled to 2000
Too many (4259) cell per target downsampled to 2000
Too many (3285) cell per target downsampled to 2000
Too many (6983) cell per target downsampled to 2000
Too many (10652) cell per target downsampled to 2000

Saving intermediate results after processing 1050 regions...
Intermediate results saved.

Too many (19531) cell per target downsampled to 2000
Too many (5408) cell per target downsampled to 2000
Too many (3437) cell per target downsampled to 2000
Too many (7150) cell per target downsampled to 2000
Too many (7502) cell per target downsampled to 2000
Too many (9282) cell per target downsampled to 2000
Too many (2970) cell per target downsampled to 2000
Too many (6263) cell per target downsampled to 2000
Too many (2806) cell per target downsampled to 2000
Too many (7103) cell per target downsampled to 2000

Saving intermediate results after processing 1060 regions...
Intermediate results saved.

Too many (4264) cell per target downsampled to 2000
Too many (2001) cell per target downsampled to 2000
Too many (3829) cell per target downsampled to 2000
Too many (7609) cell per target downsampled to 2000
Too many (7211) cell per target downsampled to 2000
Too many (6365) cell per target downsampled to 2000
Too many (8988) cell per target downsampled to 2000
Too many (6891) cell per target downsampled to 2000
Too many (16651) cell per target downsampled to 2000

Saving intermediate results after processing 1070 regions...
Intermediate results saved.

Too many (6839) cell per target downsampled to 2000
Too many (6244) cell per target downsampled to 2000
Too many (25852) cell per target downsampled to 2000
Too many (7203) cell per target downsampled to 2000
Too many (7812) cell per target downsampled to 2000
Too many (15819) cell per target downsampled to 2000
Too many (3718) cell per target downsampled to 2000
Too many (12611) cell per target downsampled to 2000
Too many (10680) cell per target downsampled to 2000

Saving intermediate results after processing 1080 regions...
Intermediate results saved.

Too many (16043) cell per target downsampled to 2000
Too many (12025) cell per target downsampled to 2000
Too many (6047) cell per target downsampled to 2000
Too many (6246) cell per target downsampled to 2000
Too many (7269) cell per target downsampled to 2000
Too many (12379) cell per target downsampled to 2000
Too many (3551) cell per target downsampled to 2000
Too many (10578) cell per target downsampled to 2000

Saving intermediate results after processing 1090 regions...
Intermediate results saved.

Too many (19701) cell per target downsampled to 2000
Too many (9724) cell per target downsampled to 2000
Too many (2933) cell per target downsampled to 2000
Too many (8505) cell per target downsampled to 2000
Too many (5312) cell per target downsampled to 2000
Too many (8283) cell per target downsampled to 2000
Too many (6674) cell per target downsampled to 2000
Too many (5893) cell per target downsampled to 2000
Too many (3914) cell per target downsampled to 2000

Saving intermediate results after processing 1100 regions...
Intermediate results saved.

Too many (4794) cell per target downsampled to 2000
Too many (7775) cell per target downsampled to 2000
Too many (12247) cell per target downsampled to 2000
Too many (18516) cell per target downsampled to 2000
Too many (8298) cell per target downsampled to 2000
Too many (3842) cell per target downsampled to 2000
Too many (11614) cell per target downsampled to 2000
Too many (4386) cell per target downsampled to 2000
Too many (10052) cell per target downsampled to 2000
Too many (19969) cell per target downsampled to 2000

Saving intermediate results after processing 1110 regions...
Intermediate results saved.

Too many (9834) cell per target downsampled to 2000
Too many (2459) cell per target downsampled to 2000
Too many (4139) cell per target downsampled to 2000
Too many (7895) cell per target downsampled to 2000
Too many (6056) cell per target downsampled to 2000
Too many (4040) cell per target downsampled to 2000
Too many (3494) cell per target downsampled to 2000

Saving intermediate results after processing 1120 regions...
Intermediate results saved.

Too many (4633) cell per target downsampled to 2000
Too many (5822) cell per target downsampled to 2000
Too many (10085) cell per target downsampled to 2000
Too many (17997) cell per target downsampled to 2000
Too many (12554) cell per target downsampled to 2000
Too many (10656) cell per target downsampled to 2000
Too many (4302) cell per target downsampled to 2000
Too many (10882) cell per target downsampled to 2000
Too many (7905) cell per target downsampled to 2000
Too many (5660) cell per target downsampled to 2000

Saving intermediate results after processing 1130 regions...
Intermediate results saved.

Too many (2350) cell per target downsampled to 2000
Too many (7354) cell per target downsampled to 2000
Too many (3390) cell per target downsampled to 2000
Too many (11784) cell per target downsampled to 2000
Too many (27668) cell per target downsampled to 2000
Too many (3439) cell per target downsampled to 2000
Too many (6567) cell per target downsampled to 2000
Too many (15623) cell per target downsampled to 2000
Too many (11096) cell per target downsampled to 2000
Too many (7742) cell per target downsampled to 2000

Saving intermediate results after processing 1140 regions...
Intermediate results saved.

Too many (5011) cell per target downsampled to 2000
Too many (10093) cell per target downsampled to 2000
Too many (3325) cell per target downsampled to 2000
Too many (7372) cell per target downsampled to 2000
Too many (7847) cell per target downsampled to 2000
Too many (16165) cell per target downsampled to 2000
Too many (12143) cell per target downsampled to 2000

Saving intermediate results after processing 1150 regions...
Intermediate results saved.

Too many (3305) cell per target downsampled to 2000
Too many (13802) cell per target downsampled to 2000
Too many (5503) cell per target downsampled to 2000
Too many (8544) cell per target downsampled to 2000
Too many (2011) cell per target downsampled to 2000
Too many (3209) cell per target downsampled to 2000
Too many (8771) cell per target downsampled to 2000
Too many (11670) cell per target downsampled to 2000
Too many (3439) cell per target downsampled to 2000

Saving intermediate results after processing 1160 regions...
Intermediate results saved.

Too many (5024) cell per target downsampled to 2000
Too many (11789) cell per target downsampled to 2000
Too many (4761) cell per target downsampled to 2000
Too many (6371) cell per target downsampled to 2000
Too many (3894) cell per target downsampled to 2000
Too many (3966) cell per target downsampled to 2000
Too many (10981) cell per target downsampled to 2000

Saving intermediate results after processing 1170 regions...
Intermediate results saved.

Too many (4043) cell per target downsampled to 2000
Too many (9801) cell per target downsampled to 2000
Too many (17708) cell per target downsampled to 2000
Too many (19272) cell per target downsampled to 2000
Too many (14925) cell per target downsampled to 2000

Saving intermediate results after processing 1180 regions...
Intermediate results saved.

Too many (15325) cell per target downsampled to 2000
Too many (15644) cell per target downsampled to 2000
Too many (20786) cell per target downsampled to 2000
Too many (11276) cell per target downsampled to 2000
Too many (6734) cell per target downsampled to 2000
Too many (6925) cell per target downsampled to 2000
Too many (5719) cell per target downsampled to 2000
Too many (3261) cell per target downsampled to 2000
Too many (2036) cell per target downsampled to 2000

Saving intermediate results after processing 1190 regions...
Intermediate results saved.

Too many (10567) cell per target downsampled to 2000
Too many (3899) cell per target downsampled to 2000
Too many (13366) cell per target downsampled to 2000
Too many (12179) cell per target downsampled to 2000
Too many (9340) cell per target downsampled to 2000
Too many (2104) cell per target downsampled to 2000
Too many (18276) cell per target downsampled to 2000
Too many (13023) cell per target downsampled to 2000
Too many (3092) cell per target downsampled to 2000
Too many (12143) cell per target downsampled to 2000

Saving intermediate results after processing 1200 regions...
Intermediate results saved.

Too many (7544) cell per target downsampled to 2000
Too many (2607) cell per target downsampled to 2000
Too many (5479) cell per target downsampled to 2000
Too many (2815) cell per target downsampled to 2000
Too many (6794) cell per target downsampled to 2000
Too many (3344) cell per target downsampled to 2000
Too many (21499) cell per target downsampled to 2000
Too many (2987) cell per target downsampled to 2000
Too many (6003) cell per target downsampled to 2000
Too many (15451) cell per target downsampled to 2000

Saving intermediate results after processing 1210 regions...
Intermediate results saved.

Too many (5068) cell per target downsampled to 2000
Too many (5819) cell per target downsampled to 2000
Too many (38758) cell per target downsampled to 2000
Too many (54408) cell per target downsampled to 2000
Too many (6034) cell per target downsampled to 2000
Too many (36989) cell per target downsampled to 2000
Too many (4001) cell per target downsampled to 2000
Too many (5694) cell per target downsampled to 2000
Too many (4416) cell per target downsampled to 2000
Too many (8217) cell per target downsampled to 2000

Saving intermediate results after processing 1220 regions...
Intermediate results saved.

Too many (6940) cell per target downsampled to 2000
Too many (2983) cell per target downsampled to 2000
Too many (11037) cell per target downsampled to 2000
Too many (12850) cell per target downsampled to 2000
Too many (20974) cell per target downsampled to 2000
Too many (4378) cell per target downsampled to 2000
Too many (5479) cell per target downsampled to 2000
Too many (5206) cell per target downsampled to 2000
Too many (8287) cell per target downsampled to 2000

Saving intermediate results after processing 1230 regions...
Intermediate results saved.

Too many (20384) cell per target downsampled to 2000
Too many (4736) cell per target downsampled to 2000
Too many (4376) cell per target downsampled to 2000
Too many (2278) cell per target downsampled to 2000
Too many (7088) cell per target downsampled to 2000
Too many (6295) cell per target downsampled to 2000

Saving intermediate results after processing 1240 regions...
Intermediate results saved.

Too many (6038) cell per target downsampled to 2000
Too many (4808) cell per target downsampled to 2000
Too many (6149) cell per target downsampled to 2000
Too many (11326) cell per target downsampled to 2000
Too many (16064) cell per target downsampled to 2000
Too many (4673) cell per target downsampled to 2000

Saving intermediate results after processing 1250 regions...
Intermediate results saved.

Too many (4505) cell per target downsampled to 2000
Too many (3622) cell per target downsampled to 2000
Too many (9977) cell per target downsampled to 2000
Too many (4927) cell per target downsampled to 2000
Too many (9750) cell per target downsampled to 2000
Too many (11841) cell per target downsampled to 2000
Too many (4000) cell per target downsampled to 2000
Too many (3492) cell per target downsampled to 2000

Saving intermediate results after processing 1260 regions...
Intermediate results saved.

Too many (16196) cell per target downsampled to 2000
Too many (18896) cell per target downsampled to 2000
Too many (7964) cell per target downsampled to 2000
Too many (5402) cell per target downsampled to 2000
Too many (7531) cell per target downsampled to 2000
Too many (9351) cell per target downsampled to 2000
Too many (11391) cell per target downsampled to 2000
Too many (12891) cell per target downsampled to 2000
Too many (4338) cell per target downsampled to 2000
Too many (17361) cell per target downsampled to 2000

Saving intermediate results after processing 1270 regions...
Intermediate results saved.

Too many (5364) cell per target downsampled to 2000
Too many (12213) cell per target downsampled to 2000
Too many (10519) cell per target downsampled to 2000
Too many (5678) cell per target downsampled to 2000
Too many (6947) cell per target downsampled to 2000
Too many (7215) cell per target downsampled to 2000
Too many (18569) cell per target downsampled to 2000
Too many (21068) cell per target downsampled to 2000

Saving intermediate results after processing 1280 regions...
Intermediate results saved.

Too many (8706) cell per target downsampled to 2000
Too many (21787) cell per target downsampled to 2000
Too many (2992) cell per target downsampled to 2000
Too many (9303) cell per target downsampled to 2000
Too many (10262) cell per target downsampled to 2000
Too many (3640) cell per target downsampled to 2000
Too many (7859) cell per target downsampled to 2000
Too many (6255) cell per target downsampled to 2000
Too many (19212) cell per target downsampled to 2000

Saving intermediate results after processing 1290 regions...
Intermediate results saved.

Too many (10073) cell per target downsampled to 2000
Too many (6714) cell per target downsampled to 2000
Too many (3877) cell per target downsampled to 2000
Too many (7829) cell per target downsampled to 2000
Too many (22174) cell per target downsampled to 2000
Too many (6873) cell per target downsampled to 2000
Too many (4381) cell per target downsampled to 2000
Too many (14222) cell per target downsampled to 2000
Too many (24649) cell per target downsampled to 2000

Saving intermediate results after processing 1300 regions...
Intermediate results saved.

Too many (5249) cell per target downsampled to 2000
Too many (7103) cell per target downsampled to 2000
Too many (8859) cell per target downsampled to 2000
Too many (12741) cell per target downsampled to 2000
Too many (5803) cell per target downsampled to 2000
Too many (16930) cell per target downsampled to 2000
Too many (4938) cell per target downsampled to 2000
Too many (5321) cell per target downsampled to 2000

Saving intermediate results after processing 1310 regions...
Intermediate results saved.

Too many (20030) cell per target downsampled to 2000
Too many (8925) cell per target downsampled to 2000
Too many (2154) cell per target downsampled to 2000
Too many (12298) cell per target downsampled to 2000
Too many (15410) cell per target downsampled to 2000
Too many (12989) cell per target downsampled to 2000
Too many (9985) cell per target downsampled to 2000

Saving intermediate results after processing 1320 regions...
Intermediate results saved.

Too many (4659) cell per target downsampled to 2000
Too many (8053) cell per target downsampled to 2000
Too many (6048) cell per target downsampled to 2000
Too many (12516) cell per target downsampled to 2000
Too many (5670) cell per target downsampled to 2000
Too many (7754) cell per target downsampled to 2000
Too many (2415) cell per target downsampled to 2000

Saving intermediate results after processing 1330 regions...
Intermediate results saved.

Too many (26423) cell per target downsampled to 2000
Too many (53251) cell per target downsampled to 2000
Too many (2405) cell per target downsampled to 2000
Too many (2254) cell per target downsampled to 2000
Too many (8963) cell per target downsampled to 2000
Too many (11341) cell per target downsampled to 2000
Too many (14753) cell per target downsampled to 2000
Too many (31987) cell per target downsampled to 2000
Too many (8974) cell per target downsampled to 2000
Too many (3216) cell per target downsampled to 2000

Saving intermediate results after processing 1340 regions...
Intermediate results saved.

Too many (4403) cell per target downsampled to 2000
Too many (9131) cell per target downsampled to 2000
Too many (49258) cell per target downsampled to 2000
Too many (11374) cell per target downsampled to 2000
Too many (10404) cell per target downsampled to 2000
Too many (3710) cell per target downsampled to 2000
Too many (6819) cell per target downsampled to 2000
Too many (6197) cell per target downsampled to 2000
Too many (4212) cell per target downsampled to 2000

Saving intermediate results after processing 1350 regions...
Intermediate results saved.

Too many (23383) cell per target downsampled to 2000
Too many (13593) cell per target downsampled to 2000
Too many (4387) cell per target downsampled to 2000
Too many (5781) cell per target downsampled to 2000
Too many (4375) cell per target downsampled to 2000
Too many (4526) cell per target downsampled to 2000
Too many (8316) cell per target downsampled to 2000
Too many (2500) cell per target downsampled to 2000
Too many (6964) cell per target downsampled to 2000

Saving intermediate results after processing 1360 regions...
Intermediate results saved.

Too many (3625) cell per target downsampled to 2000
Too many (16609) cell per target downsampled to 2000
Too many (22194) cell per target downsampled to 2000
Too many (2082) cell per target downsampled to 2000
Too many (7446) cell per target downsampled to 2000
Too many (6359) cell per target downsampled to 2000
Too many (2328) cell per target downsampled to 2000
Too many (17636) cell per target downsampled to 2000
Too many (20875) cell per target downsampled to 2000
Too many (6931) cell per target downsampled to 2000

Saving intermediate results after processing 1370 regions...
Intermediate results saved.

Too many (3087) cell per target downsampled to 2000
Too many (5232) cell per target downsampled to 2000
Too many (3689) cell per target downsampled to 2000
Too many (21512) cell per target downsampled to 2000
Too many (8756) cell per target downsampled to 2000
Too many (3663) cell per target downsampled to 2000
Too many (9346) cell per target downsampled to 2000

Saving intermediate results after processing 1380 regions...
Intermediate results saved.

Too many (13927) cell per target downsampled to 2000
Too many (6136) cell per target downsampled to 2000
Too many (9079) cell per target downsampled to 2000
Too many (12745) cell per target downsampled to 2000
Too many (7816) cell per target downsampled to 2000
Too many (15947) cell per target downsampled to 2000
Too many (3947) cell per target downsampled to 2000
Too many (9597) cell per target downsampled to 2000
Too many (8275) cell per target downsampled to 2000
Too many (2363) cell per target downsampled to 2000

Saving intermediate results after processing 1390 regions...
Intermediate results saved.

Too many (9887) cell per target downsampled to 2000
Too many (5100) cell per target downsampled to 2000
Too many (11467) cell per target downsampled to 2000
Too many (2341) cell per target downsampled to 2000
Too many (19521) cell per target downsampled to 2000

Saving intermediate results after processing 1400 regions...
Intermediate results saved.

Too many (2814) cell per target downsampled to 2000
Too many (13735) cell per target downsampled to 2000
Too many (3043) cell per target downsampled to 2000
Too many (2976) cell per target downsampled to 2000

Saving intermediate results after processing 1410 regions...
Intermediate results saved.

Too many (3677) cell per target downsampled to 2000
Too many (14234) cell per target downsampled to 2000
Too many (3583) cell per target downsampled to 2000
Too many (8027) cell per target downsampled to 2000
Too many (3129) cell per target downsampled to 2000

Saving intermediate results after processing 1420 regions...
Intermediate results saved.

Too many (7738) cell per target downsampled to 2000
Too many (5622) cell per target downsampled to 2000
Too many (26332) cell per target downsampled to 2000
Too many (5549) cell per target downsampled to 2000
Too many (22893) cell per target downsampled to 2000
Too many (3399) cell per target downsampled to 2000
Too many (4045) cell per target downsampled to 2000
Too many (5526) cell per target downsampled to 2000
Too many (6813) cell per target downsampled to 2000

Saving intermediate results after processing 1430 regions...
Intermediate results saved.

Too many (3603) cell per target downsampled to 2000
Too many (11592) cell per target downsampled to 2000
Too many (5358) cell per target downsampled to 2000
Too many (11391) cell per target downsampled to 2000
Too many (10573) cell per target downsampled to 2000
Too many (2987) cell per target downsampled to 2000
Too many (7142) cell per target downsampled to 2000
Too many (17739) cell per target downsampled to 2000
Too many (16276) cell per target downsampled to 2000

Saving intermediate results after processing 1440 regions...
Intermediate results saved.

Too many (14500) cell per target downsampled to 2000
Too many (8939) cell per target downsampled to 2000
Too many (4348) cell per target downsampled to 2000
Too many (17098) cell per target downsampled to 2000
Too many (8768) cell per target downsampled to 2000
Too many (6285) cell per target downsampled to 2000
Too many (3969) cell per target downsampled to 2000

Saving intermediate results after processing 1450 regions...
Intermediate results saved.

Too many (4200) cell per target downsampled to 2000
Too many (6923) cell per target downsampled to 2000
Too many (5745) cell per target downsampled to 2000
Too many (13924) cell per target downsampled to 2000
Too many (16931) cell per target downsampled to 2000
Too many (11130) cell per target downsampled to 2000
Too many (7274) cell per target downsampled to 2000
Too many (23202) cell per target downsampled to 2000
Too many (6819) cell per target downsampled to 2000
Too many (6596) cell per target downsampled to 2000

Saving intermediate results after processing 1460 regions...
Intermediate results saved.

Too many (6550) cell per target downsampled to 2000
Too many (17748) cell per target downsampled to 2000
Too many (7807) cell per target downsampled to 2000
Too many (4154) cell per target downsampled to 2000
Too many (3426) cell per target downsampled to 2000
Too many (13013) cell per target downsampled to 2000
Too many (3028) cell per target downsampled to 2000
Too many (4930) cell per target downsampled to 2000
Too many (12250) cell per target downsampled to 2000

Saving intermediate results after processing 1470 regions...
Intermediate results saved.

Too many (3927) cell per target downsampled to 2000
Too many (6836) cell per target downsampled to 2000
Too many (6418) cell per target downsampled to 2000
Too many (6187) cell per target downsampled to 2000
Too many (18507) cell per target downsampled to 2000
Too many (2082) cell per target downsampled to 2000
Too many (6158) cell per target downsampled to 2000
Too many (3184) cell per target downsampled to 2000
Too many (4095) cell per target downsampled to 2000

Saving intermediate results after processing 1480 regions...
Intermediate results saved.

Too many (7819) cell per target downsampled to 2000
Too many (5929) cell per target downsampled to 2000
Too many (8979) cell per target downsampled to 2000
Too many (12492) cell per target downsampled to 2000
Too many (6236) cell per target downsampled to 2000
Too many (2584) cell per target downsampled to 2000
Too many (5306) cell per target downsampled to 2000
Too many (8934) cell per target downsampled to 2000

Saving intermediate results after processing 1490 regions...
Intermediate results saved.

Too many (2011) cell per target downsampled to 2000
Too many (9190) cell per target downsampled to 2000
Too many (8804) cell per target downsampled to 2000
Too many (4506) cell per target downsampled to 2000
Too many (3040) cell per target downsampled to 2000
Too many (2255) cell per target downsampled to 2000
Too many (5426) cell per target downsampled to 2000
Too many (6383) cell per target downsampled to 2000
Too many (14979) cell per target downsampled to 2000

Saving intermediate results after processing 1500 regions...
Intermediate results saved.

Too many (3401) cell per target downsampled to 2000
Too many (5748) cell per target downsampled to 2000
Too many (13247) cell per target downsampled to 2000
Too many (3916) cell per target downsampled to 2000
Too many (11109) cell per target downsampled to 2000
Too many (8136) cell per target downsampled to 2000
Too many (14591) cell per target downsampled to 2000
Too many (20251) cell per target downsampled to 2000
Too many (12371) cell per target downsampled to 2000
Too many (4852) cell per target downsampled to 2000

Saving intermediate results after processing 1510 regions...
Intermediate results saved.

Too many (6705) cell per target downsampled to 2000
Too many (10987) cell per target downsampled to 2000
Too many (3917) cell per target downsampled to 2000
Too many (3400) cell per target downsampled to 2000
Too many (7519) cell per target downsampled to 2000
Too many (6061) cell per target downsampled to 2000
Too many (17318) cell per target downsampled to 2000
Too many (2195) cell per target downsampled to 2000
Too many (7572) cell per target downsampled to 2000

Saving intermediate results after processing 1520 regions...
Intermediate results saved.

Too many (17714) cell per target downsampled to 2000
Too many (5043) cell per target downsampled to 2000
Too many (19144) cell per target downsampled to 2000
Too many (5190) cell per target downsampled to 2000
Too many (44289) cell per target downsampled to 2000
Too many (10292) cell per target downsampled to 2000
Too many (6687) cell per target downsampled to 2000
Too many (2206) cell per target downsampled to 2000
Too many (6465) cell per target downsampled to 2000

Saving intermediate results after processing 1530 regions...
Intermediate results saved.

Too many (18005) cell per target downsampled to 2000
Too many (13067) cell per target downsampled to 2000
Too many (4545) cell per target downsampled to 2000
Too many (13100) cell per target downsampled to 2000
Too many (6935) cell per target downsampled to 2000
Too many (6003) cell per target downsampled to 2000
Too many (6513) cell per target downsampled to 2000
Too many (5067) cell per target downsampled to 2000

Saving intermediate results after processing 1540 regions...
Intermediate results saved.

Too many (4036) cell per target downsampled to 2000
Too many (5718) cell per target downsampled to 2000
Too many (9547) cell per target downsampled to 2000
Too many (5426) cell per target downsampled to 2000
Too many (4674) cell per target downsampled to 2000
Too many (8461) cell per target downsampled to 2000
Too many (10279) cell per target downsampled to 2000
Too many (5272) cell per target downsampled to 2000
Too many (11508) cell per target downsampled to 2000
Too many (3373) cell per target downsampled to 2000

Saving intermediate results after processing 1550 regions...
Intermediate results saved.

Too many (4898) cell per target downsampled to 2000
Too many (19407) cell per target downsampled to 2000
Too many (11778) cell per target downsampled to 2000
Too many (15498) cell per target downsampled to 2000
Too many (2006) cell per target downsampled to 2000
Too many (9218) cell per target downsampled to 2000
Too many (7007) cell per target downsampled to 2000
Too many (34076) cell per target downsampled to 2000
Too many (18905) cell per target downsampled to 2000

Saving intermediate results after processing 1560 regions...
Intermediate results saved.

Too many (10845) cell per target downsampled to 2000
Too many (9676) cell per target downsampled to 2000
Too many (2472) cell per target downsampled to 2000
Too many (6984) cell per target downsampled to 2000
Too many (4323) cell per target downsampled to 2000
Too many (8166) cell per target downsampled to 2000
Too many (6593) cell per target downsampled to 2000
Too many (20566) cell per target downsampled to 2000
Too many (9007) cell per target downsampled to 2000
Too many (7106) cell per target downsampled to 2000

Saving intermediate results after processing 1570 regions...
Intermediate results saved.

Too many (5606) cell per target downsampled to 2000
Too many (3265) cell per target downsampled to 2000
Too many (3055) cell per target downsampled to 2000
Too many (2434) cell per target downsampled to 2000
Too many (5466) cell per target downsampled to 2000
Too many (22196) cell per target downsampled to 2000
Too many (14574) cell per target downsampled to 2000

Saving intermediate results after processing 1580 regions...
Intermediate results saved.

Too many (3483) cell per target downsampled to 2000
Too many (10398) cell per target downsampled to 2000
Too many (8684) cell per target downsampled to 2000
Too many (13077) cell per target downsampled to 2000
Too many (22689) cell per target downsampled to 2000

Saving intermediate results after processing 1590 regions...
Intermediate results saved.

Too many (4653) cell per target downsampled to 2000
Too many (5286) cell per target downsampled to 2000
Too many (9799) cell per target downsampled to 2000
Too many (3677) cell per target downsampled to 2000
Too many (7906) cell per target downsampled to 2000
Too many (9948) cell per target downsampled to 2000
Too many (16676) cell per target downsampled to 2000
Too many (5257) cell per target downsampled to 2000

Saving intermediate results after processing 1600 regions...
Intermediate results saved.

Too many (13836) cell per target downsampled to 2000
Too many (7134) cell per target downsampled to 2000
Too many (2411) cell per target downsampled to 2000
Too many (3559) cell per target downsampled to 2000
Too many (3009) cell per target downsampled to 2000
Too many (4095) cell per target downsampled to 2000
Too many (7030) cell per target downsampled to 2000
Too many (3216) cell per target downsampled to 2000
Too many (5519) cell per target downsampled to 2000
Too many (6636) cell per target downsampled to 2000

Saving intermediate results after processing 1610 regions...
Intermediate results saved.

Too many (9255) cell per target downsampled to 2000
Too many (25665) cell per target downsampled to 2000
Too many (2980) cell per target downsampled to 2000
Too many (14991) cell per target downsampled to 2000
Too many (13268) cell per target downsampled to 2000
Too many (6373) cell per target downsampled to 2000
Too many (2388) cell per target downsampled to 2000
Too many (8218) cell per target downsampled to 2000
Too many (7174) cell per target downsampled to 2000
Too many (7983) cell per target downsampled to 2000

Saving intermediate results after processing 1620 regions...
Intermediate results saved.

Too many (4972) cell per target downsampled to 2000
Too many (22282) cell per target downsampled to 2000
Too many (7706) cell per target downsampled to 2000
Too many (3640) cell per target downsampled to 2000
Too many (5600) cell per target downsampled to 2000
Too many (12874) cell per target downsampled to 2000
Too many (27341) cell per target downsampled to 2000
Too many (12227) cell per target downsampled to 2000
Too many (2892) cell per target downsampled to 2000

Saving intermediate results after processing 1630 regions...
Intermediate results saved.

Too many (2958) cell per target downsampled to 2000
Too many (12814) cell per target downsampled to 2000
Too many (3472) cell per target downsampled to 2000
Too many (12227) cell per target downsampled to 2000
Too many (16132) cell per target downsampled to 2000
Too many (6813) cell per target downsampled to 2000
Too many (5765) cell per target downsampled to 2000
Too many (11658) cell per target downsampled to 2000
Too many (18956) cell per target downsampled to 2000
Too many (6062) cell per target downsampled to 2000

Saving intermediate results after processing 1640 regions...
Intermediate results saved.

Too many (7708) cell per target downsampled to 2000
Too many (6218) cell per target downsampled to 2000
Too many (4927) cell per target downsampled to 2000
Too many (8367) cell per target downsampled to 2000
Too many (26216) cell per target downsampled to 2000
Too many (6415) cell per target downsampled to 2000
Too many (3114) cell per target downsampled to 2000

Saving intermediate results after processing 1650 regions...
Intermediate results saved.

Too many (2939) cell per target downsampled to 2000
Too many (9199) cell per target downsampled to 2000
Too many (9116) cell per target downsampled to 2000
Too many (9923) cell per target downsampled to 2000
Too many (5512) cell per target downsampled to 2000
Too many (4344) cell per target downsampled to 2000
Too many (4753) cell per target downsampled to 2000
Too many (3152) cell per target downsampled to 2000
Too many (15497) cell per target downsampled to 2000

Saving intermediate results after processing 1660 regions...
Intermediate results saved.

Too many (18503) cell per target downsampled to 2000
Too many (6220) cell per target downsampled to 2000
Too many (8347) cell per target downsampled to 2000
Too many (12171) cell per target downsampled to 2000
Too many (16718) cell per target downsampled to 2000
Too many (28707) cell per target downsampled to 2000
Too many (5194) cell per target downsampled to 2000
Too many (3028) cell per target downsampled to 2000
Too many (4055) cell per target downsampled to 2000

Saving intermediate results after processing 1670 regions...
Intermediate results saved.

Too many (9214) cell per target downsampled to 2000
Too many (5492) cell per target downsampled to 2000
Too many (7522) cell per target downsampled to 2000
Too many (6309) cell per target downsampled to 2000
Too many (4517) cell per target downsampled to 2000
Too many (3308) cell per target downsampled to 2000
Too many (35669) cell per target downsampled to 2000
Too many (3898) cell per target downsampled to 2000
Too many (8262) cell per target downsampled to 2000
Too many (11995) cell per target downsampled to 2000

Saving intermediate results after processing 1680 regions...
Intermediate results saved.

Too many (13884) cell per target downsampled to 2000
Too many (6561) cell per target downsampled to 2000
Too many (8447) cell per target downsampled to 2000
Too many (5454) cell per target downsampled to 2000
Too many (19885) cell per target downsampled to 2000
Too many (5883) cell per target downsampled to 2000
Too many (5644) cell per target downsampled to 2000
Too many (26354) cell per target downsampled to 2000
Too many (7391) cell per target downsampled to 2000

Saving intermediate results after processing 1690 regions...
Intermediate results saved.

Too many (4384) cell per target downsampled to 2000
Too many (3398) cell per target downsampled to 2000
Too many (16981) cell per target downsampled to 2000
Too many (11469) cell per target downsampled to 2000
Too many (9402) cell per target downsampled to 2000
Too many (7688) cell per target downsampled to 2000
Too many (6709) cell per target downsampled to 2000
Too many (2665) cell per target downsampled to 2000
Too many (5766) cell per target downsampled to 2000
Too many (5997) cell per target downsampled to 2000

Saving intermediate results after processing 1700 regions...
Intermediate results saved.

Too many (4414) cell per target downsampled to 2000
Too many (9271) cell per target downsampled to 2000
Too many (4640) cell per target downsampled to 2000
Too many (5649) cell per target downsampled to 2000
Too many (9424) cell per target downsampled to 2000
Too many (24112) cell per target downsampled to 2000
Too many (8321) cell per target downsampled to 2000
Too many (5658) cell per target downsampled to 2000
Too many (6282) cell per target downsampled to 2000
Too many (27314) cell per target downsampled to 2000

Saving intermediate results after processing 1710 regions...
Intermediate results saved.

Too many (3235) cell per target downsampled to 2000
Too many (7635) cell per target downsampled to 2000
Too many (6582) cell per target downsampled to 2000
Too many (13308) cell per target downsampled to 2000
Too many (17318) cell per target downsampled to 2000
Too many (5884) cell per target downsampled to 2000
Too many (2656) cell per target downsampled to 2000
Too many (3424) cell per target downsampled to 2000

Saving intermediate results after processing 1720 regions...
Intermediate results saved.

Too many (6842) cell per target downsampled to 2000
Too many (3933) cell per target downsampled to 2000
Too many (3111) cell per target downsampled to 2000
Too many (5482) cell per target downsampled to 2000
Too many (9075) cell per target downsampled to 2000
Too many (2375) cell per target downsampled to 2000
Too many (3436) cell per target downsampled to 2000
Too many (11800) cell per target downsampled to 2000
Too many (4672) cell per target downsampled to 2000

Saving intermediate results after processing 1730 regions...
Intermediate results saved.

Too many (7188) cell per target downsampled to 2000
Too many (3749) cell per target downsampled to 2000
Too many (7981) cell per target downsampled to 2000
Too many (10490) cell per target downsampled to 2000
Too many (5765) cell per target downsampled to 2000
Too many (5068) cell per target downsampled to 2000
Too many (9862) cell per target downsampled to 2000
Too many (8021) cell per target downsampled to 2000

Saving intermediate results after processing 1740 regions...
Intermediate results saved.

Too many (5376) cell per target downsampled to 2000
Too many (7186) cell per target downsampled to 2000
Too many (3931) cell per target downsampled to 2000
Too many (14515) cell per target downsampled to 2000
Too many (9123) cell per target downsampled to 2000
Too many (6125) cell per target downsampled to 2000
Too many (5373) cell per target downsampled to 2000
Too many (3085) cell per target downsampled to 2000
Too many (6563) cell per target downsampled to 2000

Saving intermediate results after processing 1750 regions...
Intermediate results saved.

Too many (4972) cell per target downsampled to 2000
Too many (4499) cell per target downsampled to 2000
Too many (8974) cell per target downsampled to 2000
Too many (7031) cell per target downsampled to 2000
Too many (10920) cell per target downsampled to 2000
Too many (5389) cell per target downsampled to 2000
Too many (16195) cell per target downsampled to 2000
Too many (5810) cell per target downsampled to 2000
Too many (10460) cell per target downsampled to 2000
Too many (3091) cell per target downsampled to 2000

Saving intermediate results after processing 1760 regions...
Intermediate results saved.

Too many (19309) cell per target downsampled to 2000
Too many (5858) cell per target downsampled to 2000
Too many (6552) cell per target downsampled to 2000
Too many (18388) cell per target downsampled to 2000
Too many (26736) cell per target downsampled to 2000
Too many (4708) cell per target downsampled to 2000
Too many (4461) cell per target downsampled to 2000
Too many (5019) cell per target downsampled to 2000
Too many (29978) cell per target downsampled to 2000

Saving intermediate results after processing 1770 regions...
Intermediate results saved.

Too many (9322) cell per target downsampled to 2000
Too many (10358) cell per target downsampled to 2000
Too many (8518) cell per target downsampled to 2000
Too many (5404) cell per target downsampled to 2000
Too many (17324) cell per target downsampled to 2000
Too many (9649) cell per target downsampled to 2000
Too many (8320) cell per target downsampled to 2000
Too many (7062) cell per target downsampled to 2000
Too many (8859) cell per target downsampled to 2000

Saving intermediate results after processing 1780 regions...
Intermediate results saved.

Too many (12246) cell per target downsampled to 2000
Too many (7108) cell per target downsampled to 2000
Too many (11966) cell per target downsampled to 2000
Too many (16404) cell per target downsampled to 2000
Too many (11794) cell per target downsampled to 2000
Too many (8451) cell per target downsampled to 2000
Too many (16307) cell per target downsampled to 2000
Too many (4780) cell per target downsampled to 2000
Too many (15527) cell per target downsampled to 2000
Too many (8234) cell per target downsampled to 2000

Saving intermediate results after processing 1790 regions...
Intermediate results saved.

Too many (7567) cell per target downsampled to 2000
Too many (6947) cell per target downsampled to 2000
Too many (6337) cell per target downsampled to 2000
Too many (7340) cell per target downsampled to 2000
Too many (11227) cell per target downsampled to 2000
Too many (12727) cell per target downsampled to 2000
Too many (4369) cell per target downsampled to 2000
Too many (5783) cell per target downsampled to 2000
Too many (12552) cell per target downsampled to 2000
Too many (8303) cell per target downsampled to 2000

Saving intermediate results after processing 1800 regions...
Intermediate results saved.

Too many (7804) cell per target downsampled to 2000
Too many (2687) cell per target downsampled to 2000
Too many (5311) cell per target downsampled to 2000
Too many (2007) cell per target downsampled to 2000
Too many (7663) cell per target downsampled to 2000
Too many (13137) cell per target downsampled to 2000
Too many (4164) cell per target downsampled to 2000
Too many (3495) cell per target downsampled to 2000
Too many (7888) cell per target downsampled to 2000

Saving intermediate results after processing 1810 regions...
Intermediate results saved.

Too many (4419) cell per target downsampled to 2000
Too many (7194) cell per target downsampled to 2000
Too many (11495) cell per target downsampled to 2000
Too many (6950) cell per target downsampled to 2000
Too many (6919) cell per target downsampled to 2000
Too many (6283) cell per target downsampled to 2000
Too many (14612) cell per target downsampled to 2000
Too many (18928) cell per target downsampled to 2000
Too many (5289) cell per target downsampled to 2000
Too many (3467) cell per target downsampled to 2000

Saving intermediate results after processing 1820 regions...
Intermediate results saved.

Too many (7827) cell per target downsampled to 2000
Too many (6028) cell per target downsampled to 2000
Too many (34873) cell per target downsampled to 2000
Too many (12126) cell per target downsampled to 2000
Too many (13093) cell per target downsampled to 2000
Too many (7412) cell per target downsampled to 2000
Too many (7961) cell per target downsampled to 2000
Too many (9916) cell per target downsampled to 2000
Too many (8171) cell per target downsampled to 2000

Saving intermediate results after processing 1830 regions...
Intermediate results saved.

Too many (3755) cell per target downsampled to 2000
Too many (4450) cell per target downsampled to 2000
Too many (7514) cell per target downsampled to 2000
Too many (4314) cell per target downsampled to 2000
Too many (12120) cell per target downsampled to 2000
Too many (12804) cell per target downsampled to 2000
Too many (7673) cell per target downsampled to 2000
Too many (8513) cell per target downsampled to 2000
Too many (2286) cell per target downsampled to 2000

Saving intermediate results after processing 1840 regions...
Intermediate results saved.

Too many (19456) cell per target downsampled to 2000
Too many (5362) cell per target downsampled to 2000
Too many (4303) cell per target downsampled to 2000
Too many (12616) cell per target downsampled to 2000
Too many (5393) cell per target downsampled to 2000
Too many (18324) cell per target downsampled to 2000
Too many (6145) cell per target downsampled to 2000
Too many (5965) cell per target downsampled to 2000
Too many (6751) cell per target downsampled to 2000
Too many (3243) cell per target downsampled to 2000

Saving intermediate results after processing 1850 regions...
Intermediate results saved.

Too many (4937) cell per target downsampled to 2000
Too many (8637) cell per target downsampled to 2000
Too many (5641) cell per target downsampled to 2000
Too many (9758) cell per target downsampled to 2000
Too many (15097) cell per target downsampled to 2000
Too many (5422) cell per target downsampled to 2000
Too many (8805) cell per target downsampled to 2000

Saving intermediate results after processing 1860 regions...
Intermediate results saved.

Too many (26194) cell per target downsampled to 2000
Too many (2136) cell per target downsampled to 2000
Too many (2406) cell per target downsampled to 2000
Too many (14042) cell per target downsampled to 2000
Too many (7245) cell per target downsampled to 2000
Too many (12968) cell per target downsampled to 2000
Too many (11677) cell per target downsampled to 2000
Too many (3830) cell per target downsampled to 2000
Too many (26258) cell per target downsampled to 2000

Saving intermediate results after processing 1870 regions...
Intermediate results saved.

Too many (11107) cell per target downsampled to 2000
Too many (4160) cell per target downsampled to 2000
Too many (3018) cell per target downsampled to 2000
Too many (10477) cell per target downsampled to 2000
Too many (15264) cell per target downsampled to 2000
Too many (3937) cell per target downsampled to 2000
Too many (4424) cell per target downsampled to 2000
Too many (3614) cell per target downsampled to 2000
Too many (6568) cell per target downsampled to 2000
Too many (12976) cell per target downsampled to 2000

Saving intermediate results after processing 1880 regions...
Intermediate results saved.

Too many (8986) cell per target downsampled to 2000
Too many (4348) cell per target downsampled to 2000
Too many (8281) cell per target downsampled to 2000
Too many (14597) cell per target downsampled to 2000
Too many (14472) cell per target downsampled to 2000
Too many (6363) cell per target downsampled to 2000
Too many (9105) cell per target downsampled to 2000
Too many (3925) cell per target downsampled to 2000
Too many (3792) cell per target downsampled to 2000
Too many (9414) cell per target downsampled to 2000

Saving intermediate results after processing 1890 regions...
Intermediate results saved.

Too many (2111) cell per target downsampled to 2000
Too many (21337) cell per target downsampled to 2000
Too many (8917) cell per target downsampled to 2000
Too many (4592) cell per target downsampled to 2000
Too many (2051) cell per target downsampled to 2000
Too many (3470) cell per target downsampled to 2000
Too many (4174) cell per target downsampled to 2000
Too many (4925) cell per target downsampled to 2000
Too many (8750) cell per target downsampled to 2000

Saving intermediate results after processing 1900 regions...
Intermediate results saved.

Too many (9147) cell per target downsampled to 2000
Too many (4749) cell per target downsampled to 2000
Too many (7173) cell per target downsampled to 2000
Too many (9783) cell per target downsampled to 2000
Too many (5953) cell per target downsampled to 2000
Too many (9358) cell per target downsampled to 2000
Too many (2614) cell per target downsampled to 2000
Too many (7697) cell per target downsampled to 2000
Too many (13863) cell per target downsampled to 2000
Too many (7148) cell per target downsampled to 2000

Saving intermediate results after processing 1910 regions...
Intermediate results saved.

Too many (11830) cell per target downsampled to 2000
Too many (15007) cell per target downsampled to 2000
Too many (8643) cell per target downsampled to 2000
Too many (2474) cell per target downsampled to 2000
Too many (5040) cell per target downsampled to 2000
Too many (12358) cell per target downsampled to 2000
Too many (5144) cell per target downsampled to 2000
Too many (9926) cell per target downsampled to 2000
Too many (8362) cell per target downsampled to 2000
Too many (8627) cell per target downsampled to 2000

Saving intermediate results after processing 1920 regions...
Intermediate results saved.

Too many (20922) cell per target downsampled to 2000
Too many (7931) cell per target downsampled to 2000
Too many (13702) cell per target downsampled to 2000
Too many (3729) cell per target downsampled to 2000
Too many (10009) cell per target downsampled to 2000
Too many (8438) cell per target downsampled to 2000
Too many (3266) cell per target downsampled to 2000
Too many (10499) cell per target downsampled to 2000
Too many (13226) cell per target downsampled to 2000

Saving intermediate results after processing 1930 regions...
Intermediate results saved.

Too many (4785) cell per target downsampled to 2000
Too many (19907) cell per target downsampled to 2000
Too many (5528) cell per target downsampled to 2000
Too many (18196) cell per target downsampled to 2000
Too many (3126) cell per target downsampled to 2000
Too many (3688) cell per target downsampled to 2000
Too many (3908) cell per target downsampled to 2000
Too many (2882) cell per target downsampled to 2000
Too many (9525) cell per target downsampled to 2000
Too many (4309) cell per target downsampled to 2000

Saving intermediate results after processing 1940 regions...
Intermediate results saved.

Too many (4667) cell per target downsampled to 2000
Too many (5736) cell per target downsampled to 2000
Too many (9643) cell per target downsampled to 2000
Too many (5309) cell per target downsampled to 2000
Too many (11112) cell per target downsampled to 2000
Too many (5302) cell per target downsampled to 2000
Too many (12988) cell per target downsampled to 2000
Too many (2150) cell per target downsampled to 2000
Too many (6309) cell per target downsampled to 2000
Too many (6517) cell per target downsampled to 2000

Saving intermediate results after processing 1950 regions...
Intermediate results saved.

Too many (10616) cell per target downsampled to 2000
Too many (7609) cell per target downsampled to 2000
Too many (6409) cell per target downsampled to 2000
Too many (8004) cell per target downsampled to 2000
Too many (13928) cell per target downsampled to 2000
Too many (12547) cell per target downsampled to 2000
Too many (9502) cell per target downsampled to 2000
Too many (2592) cell per target downsampled to 2000
Too many (5829) cell per target downsampled to 2000
Too many (13109) cell per target downsampled to 2000

Saving intermediate results after processing 1960 regions...
Intermediate results saved.

Too many (4868) cell per target downsampled to 2000
Too many (18059) cell per target downsampled to 2000
Too many (10108) cell per target downsampled to 2000
Too many (5062) cell per target downsampled to 2000
Too many (9214) cell per target downsampled to 2000
Too many (5775) cell per target downsampled to 2000
Too many (6960) cell per target downsampled to 2000
Too many (3020) cell per target downsampled to 2000
Too many (6739) cell per target downsampled to 2000

Saving intermediate results after processing 1970 regions...
Intermediate results saved.

Too many (8856) cell per target downsampled to 2000
Too many (20682) cell per target downsampled to 2000
Too many (13606) cell per target downsampled to 2000
Too many (3829) cell per target downsampled to 2000
Too many (6084) cell per target downsampled to 2000
Too many (3490) cell per target downsampled to 2000
Too many (4694) cell per target downsampled to 2000
Too many (3972) cell per target downsampled to 2000
Too many (16497) cell per target downsampled to 2000

Saving intermediate results after processing 1980 regions...
Intermediate results saved.

Too many (3938) cell per target downsampled to 2000
Too many (9835) cell per target downsampled to 2000
Too many (4431) cell per target downsampled to 2000
Too many (14475) cell per target downsampled to 2000
Too many (11451) cell per target downsampled to 2000
Too many (5440) cell per target downsampled to 2000
Too many (6930) cell per target downsampled to 2000
Too many (9238) cell per target downsampled to 2000
Too many (6523) cell per target downsampled to 2000
Too many (4151) cell per target downsampled to 2000

Saving intermediate results after processing 1990 regions...
Intermediate results saved.

Too many (12315) cell per target downsampled to 2000
Too many (3598) cell per target downsampled to 2000
Too many (5377) cell per target downsampled to 2000
Too many (6550) cell per target downsampled to 2000
Too many (3490) cell per target downsampled to 2000
Too many (5669) cell per target downsampled to 2000
Too many (13029) cell per target downsampled to 2000
Too many (9695) cell per target downsampled to 2000
Too many (9966) cell per target downsampled to 2000
Too many (15716) cell per target downsampled to 2000

Saving intermediate results after processing 2000 regions...
Intermediate results saved.

Too many (4654) cell per target downsampled to 2000
Too many (17840) cell per target downsampled to 2000
Too many (7387) cell per target downsampled to 2000
Too many (3636) cell per target downsampled to 2000
Too many (7521) cell per target downsampled to 2000
Too many (4393) cell per target downsampled to 2000
Too many (4932) cell per target downsampled to 2000
Too many (3693) cell per target downsampled to 2000
Too many (11309) cell per target downsampled to 2000

Saving intermediate results after processing 2010 regions...
Intermediate results saved.

Too many (22341) cell per target downsampled to 2000
Too many (15310) cell per target downsampled to 2000
Too many (6163) cell per target downsampled to 2000
Too many (3014) cell per target downsampled to 2000
Too many (5650) cell per target downsampled to 2000
Too many (20254) cell per target downsampled to 2000
Too many (9016) cell per target downsampled to 2000
Too many (7776) cell per target downsampled to 2000
Too many (18927) cell per target downsampled to 2000

Saving intermediate results after processing 2020 regions...
Intermediate results saved.

Too many (5095) cell per target downsampled to 2000
Too many (5349) cell per target downsampled to 2000
Too many (5366) cell per target downsampled to 2000
Too many (15596) cell per target downsampled to 2000
Too many (5784) cell per target downsampled to 2000
Too many (5336) cell per target downsampled to 2000
Too many (10141) cell per target downsampled to 2000
Too many (4797) cell per target downsampled to 2000
Too many (3871) cell per target downsampled to 2000

Saving intermediate results after processing 2030 regions...
Intermediate results saved.

Too many (3962) cell per target downsampled to 2000
Too many (6015) cell per target downsampled to 2000
Too many (15363) cell per target downsampled to 2000
Too many (23290) cell per target downsampled to 2000
Too many (5288) cell per target downsampled to 2000
Too many (2286) cell per target downsampled to 2000
Too many (3663) cell per target downsampled to 2000
Too many (4140) cell per target downsampled to 2000
Too many (9349) cell per target downsampled to 2000
Too many (10143) cell per target downsampled to 2000

Saving intermediate results after processing 2040 regions...
Intermediate results saved.

Too many (12857) cell per target downsampled to 2000
Too many (6630) cell per target downsampled to 2000
Too many (2192) cell per target downsampled to 2000
Too many (11067) cell per target downsampled to 2000
Too many (5060) cell per target downsampled to 2000
Too many (6349) cell per target downsampled to 2000
Too many (3896) cell per target downsampled to 2000
Too many (6457) cell per target downsampled to 2000
Too many (7248) cell per target downsampled to 2000
Too many (7288) cell per target downsampled to 2000

Saving intermediate results after processing 2050 regions...
Intermediate results saved.

Too many (8098) cell per target downsampled to 2000
Too many (7142) cell per target downsampled to 2000
Too many (4822) cell per target downsampled to 2000
Too many (5415) cell per target downsampled to 2000
Too many (6808) cell per target downsampled to 2000
Too many (7794) cell per target downsampled to 2000
Too many (11091) cell per target downsampled to 2000
Too many (4353) cell per target downsampled to 2000
Too many (6628) cell per target downsampled to 2000
Too many (6270) cell per target downsampled to 2000

Saving intermediate results after processing 2060 regions...
Intermediate results saved.

Too many (5479) cell per target downsampled to 2000
Too many (5577) cell per target downsampled to 2000
Too many (11108) cell per target downsampled to 2000
Too many (10209) cell per target downsampled to 2000
Too many (16580) cell per target downsampled to 2000
Too many (7389) cell per target downsampled to 2000
Too many (4869) cell per target downsampled to 2000
Too many (11924) cell per target downsampled to 2000
Too many (4336) cell per target downsampled to 2000
Too many (7655) cell per target downsampled to 2000

Saving intermediate results after processing 2070 regions...
Intermediate results saved.

Too many (2938) cell per target downsampled to 2000
Too many (5181) cell per target downsampled to 2000
Too many (3504) cell per target downsampled to 2000
Too many (10159) cell per target downsampled to 2000
Too many (6536) cell per target downsampled to 2000
Too many (11017) cell per target downsampled to 2000
Too many (7280) cell per target downsampled to 2000
Too many (6069) cell per target downsampled to 2000
Too many (3210) cell per target downsampled to 2000
Too many (7111) cell per target downsampled to 2000

Saving intermediate results after processing 2080 regions...
Intermediate results saved.

Too many (24304) cell per target downsampled to 2000
Too many (3429) cell per target downsampled to 2000
Too many (4424) cell per target downsampled to 2000
Too many (24993) cell per target downsampled to 2000
Too many (13203) cell per target downsampled to 2000
Too many (5851) cell per target downsampled to 2000
Too many (8866) cell per target downsampled to 2000
Too many (3444) cell per target downsampled to 2000
Too many (3120) cell per target downsampled to 2000
Too many (12361) cell per target downsampled to 2000

Saving intermediate results after processing 2090 regions...
Intermediate results saved.

Too many (5915) cell per target downsampled to 2000
Too many (6676) cell per target downsampled to 2000
Too many (10321) cell per target downsampled to 2000
Too many (6741) cell per target downsampled to 2000
Too many (5273) cell per target downsampled to 2000
Too many (13707) cell per target downsampled to 2000
Too many (4532) cell per target downsampled to 2000
Too many (7568) cell per target downsampled to 2000

Saving intermediate results after processing 2100 regions...
Intermediate results saved.

Too many (3177) cell per target downsampled to 2000
Too many (4887) cell per target downsampled to 2000
Too many (5832) cell per target downsampled to 2000
Too many (9803) cell per target downsampled to 2000
Too many (20669) cell per target downsampled to 2000
Too many (3374) cell per target downsampled to 2000
Too many (6560) cell per target downsampled to 2000
Too many (14612) cell per target downsampled to 2000
Too many (7303) cell per target downsampled to 2000
Too many (16304) cell per target downsampled to 2000

Saving intermediate results after processing 2110 regions...
Intermediate results saved.

Too many (2511) cell per target downsampled to 2000
Too many (5750) cell per target downsampled to 2000
Too many (11664) cell per target downsampled to 2000
Too many (4098) cell per target downsampled to 2000
Too many (4290) cell per target downsampled to 2000
Too many (9756) cell per target downsampled to 2000
Too many (6293) cell per target downsampled to 2000
Too many (15539) cell per target downsampled to 2000
Too many (12748) cell per target downsampled to 2000

Saving intermediate results after processing 2120 regions...
Intermediate results saved.

Too many (14539) cell per target downsampled to 2000
Too many (8300) cell per target downsampled to 2000
Too many (8536) cell per target downsampled to 2000
Too many (18533) cell per target downsampled to 2000
Too many (2559) cell per target downsampled to 2000
Too many (14999) cell per target downsampled to 2000
Too many (4835) cell per target downsampled to 2000
Too many (6072) cell per target downsampled to 2000
Too many (10590) cell per target downsampled to 2000
Too many (2958) cell per target downsampled to 2000

Saving intermediate results after processing 2130 regions...
Intermediate results saved.

Too many (3667) cell per target downsampled to 2000
Too many (6516) cell per target downsampled to 2000
Too many (10127) cell per target downsampled to 2000
Too many (10532) cell per target downsampled to 2000
Too many (3219) cell per target downsampled to 2000
Too many (11806) cell per target downsampled to 2000
Too many (6610) cell per target downsampled to 2000
Too many (8660) cell per target downsampled to 2000
Too many (5349) cell per target downsampled to 2000
Too many (5174) cell per target downsampled to 2000

Saving intermediate results after processing 2140 regions...
Intermediate results saved.

Too many (4380) cell per target downsampled to 2000
Too many (4067) cell per target downsampled to 2000
Too many (7363) cell per target downsampled to 2000
Too many (2473) cell per target downsampled to 2000
Too many (8468) cell per target downsampled to 2000
Too many (2545) cell per target downsampled to 2000
Too many (4547) cell per target downsampled to 2000
Too many (3664) cell per target downsampled to 2000
Too many (4481) cell per target downsampled to 2000

Saving intermediate results after processing 2150 regions...
Intermediate results saved.

Too many (9324) cell per target downsampled to 2000
Too many (3924) cell per target downsampled to 2000
Too many (7093) cell per target downsampled to 2000
Too many (8918) cell per target downsampled to 2000
Too many (4415) cell per target downsampled to 2000
Too many (16041) cell per target downsampled to 2000
Too many (2483) cell per target downsampled to 2000
Too many (6082) cell per target downsampled to 2000
Too many (6362) cell per target downsampled to 2000
Too many (13873) cell per target downsampled to 2000

Saving intermediate results after processing 2160 regions...
Intermediate results saved.

Too many (8885) cell per target downsampled to 2000
Too many (3340) cell per target downsampled to 2000
Too many (15559) cell per target downsampled to 2000
Too many (10620) cell per target downsampled to 2000
Too many (5235) cell per target downsampled to 2000
Too many (7635) cell per target downsampled to 2000
Too many (9660) cell per target downsampled to 2000
Too many (3544) cell per target downsampled to 2000
Too many (13937) cell per target downsampled to 2000
Too many (2761) cell per target downsampled to 2000

Saving intermediate results after processing 2170 regions...
Intermediate results saved.

Too many (2086) cell per target downsampled to 2000
Too many (3683) cell per target downsampled to 2000
Too many (7957) cell per target downsampled to 2000
Too many (3242) cell per target downsampled to 2000
Too many (4328) cell per target downsampled to 2000
Too many (3634) cell per target downsampled to 2000
Too many (3628) cell per target downsampled to 2000
Too many (14488) cell per target downsampled to 2000
Too many (13554) cell per target downsampled to 2000
Too many (4850) cell per target downsampled to 2000

Saving intermediate results after processing 2180 regions...
Intermediate results saved.

Too many (9135) cell per target downsampled to 2000
Too many (6208) cell per target downsampled to 2000
Too many (11444) cell per target downsampled to 2000
Too many (14148) cell per target downsampled to 2000
Too many (7840) cell per target downsampled to 2000
Too many (8500) cell per target downsampled to 2000
Too many (4704) cell per target downsampled to 2000
Too many (4717) cell per target downsampled to 2000
Too many (8720) cell per target downsampled to 2000
Too many (7282) cell per target downsampled to 2000

Saving intermediate results after processing 2190 regions...
Intermediate results saved.

Too many (7633) cell per target downsampled to 2000
Too many (4420) cell per target downsampled to 2000
Too many (8847) cell per target downsampled to 2000
Too many (3522) cell per target downsampled to 2000
Too many (4070) cell per target downsampled to 2000
Too many (2210) cell per target downsampled to 2000
Too many (11618) cell per target downsampled to 2000
Too many (5831) cell per target downsampled to 2000
Too many (11106) cell per target downsampled to 2000
Too many (8426) cell per target downsampled to 2000

Saving intermediate results after processing 2200 regions...
Intermediate results saved.

Too many (5940) cell per target downsampled to 2000
Too many (9906) cell per target downsampled to 2000
Too many (4543) cell per target downsampled to 2000
Too many (7146) cell per target downsampled to 2000
Too many (6344) cell per target downsampled to 2000
Too many (8987) cell per target downsampled to 2000
Too many (7481) cell per target downsampled to 2000
Too many (7398) cell per target downsampled to 2000
Too many (14305) cell per target downsampled to 2000

Saving intermediate results after processing 2210 regions...
Intermediate results saved.

Too many (12299) cell per target downsampled to 2000
Too many (16546) cell per target downsampled to 2000
Too many (12900) cell per target downsampled to 2000
Too many (19225) cell per target downsampled to 2000
Too many (5056) cell per target downsampled to 2000
Too many (7118) cell per target downsampled to 2000
Too many (18387) cell per target downsampled to 2000
Too many (3690) cell per target downsampled to 2000
Too many (16057) cell per target downsampled to 2000
Too many (8376) cell per target downsampled to 2000

Saving intermediate results after processing 2220 regions...
Intermediate results saved.

Too many (13596) cell per target downsampled to 2000
Too many (6603) cell per target downsampled to 2000
Too many (8850) cell per target downsampled to 2000
Too many (6576) cell per target downsampled to 2000
Too many (8824) cell per target downsampled to 2000
Too many (12742) cell per target downsampled to 2000
Too many (4982) cell per target downsampled to 2000
Too many (8340) cell per target downsampled to 2000
Too many (10095) cell per target downsampled to 2000
Too many (3722) cell per target downsampled to 2000

Saving intermediate results after processing 2230 regions...
Intermediate results saved.

Too many (9259) cell per target downsampled to 2000
Too many (10990) cell per target downsampled to 2000
Too many (3643) cell per target downsampled to 2000
Too many (5733) cell per target downsampled to 2000
Too many (7568) cell per target downsampled to 2000
Too many (8859) cell per target downsampled to 2000
Too many (3947) cell per target downsampled to 2000
Too many (14129) cell per target downsampled to 2000
Too many (4138) cell per target downsampled to 2000
Too many (27493) cell per target downsampled to 2000

Saving intermediate results after processing 2240 regions...
Intermediate results saved.

Too many (3611) cell per target downsampled to 2000
Too many (4697) cell per target downsampled to 2000
Too many (6304) cell per target downsampled to 2000
Too many (15386) cell per target downsampled to 2000
Too many (22801) cell per target downsampled to 2000
Too many (16625) cell per target downsampled to 2000
Too many (2857) cell per target downsampled to 2000
Too many (10093) cell per target downsampled to 2000
Too many (13789) cell per target downsampled to 2000
Too many (6811) cell per target downsampled to 2000

Saving intermediate results after processing 2250 regions...
Intermediate results saved.

Too many (6099) cell per target downsampled to 2000
Too many (7629) cell per target downsampled to 2000
Too many (9645) cell per target downsampled to 2000
Too many (5695) cell per target downsampled to 2000
Too many (10061) cell per target downsampled to 2000
Too many (6926) cell per target downsampled to 2000
Too many (2261) cell per target downsampled to 2000
Too many (9040) cell per target downsampled to 2000
Too many (8713) cell per target downsampled to 2000
Too many (4529) cell per target downsampled to 2000

Saving intermediate results after processing 2260 regions...
Intermediate results saved.

Too many (5432) cell per target downsampled to 2000
Too many (10530) cell per target downsampled to 2000
Too many (2342) cell per target downsampled to 2000
Too many (4819) cell per target downsampled to 2000
Too many (12965) cell per target downsampled to 2000
Too many (15208) cell per target downsampled to 2000

Processing complete. Saving final results...
Final results saved to /cellar/users/aklie/projects/tf_perturb_seq/datasets/Hon_WTC11-cardiomyocyte-differentiation_TF-Perturb-seq/results/energy_distance/2026_04_19_no_spacer/pval_edist_full.csv
[step2 done]
[step2.1] diagnostic plots
generate folder for figure: /cellar/users/aklie/projects/tf_perturb_seq/datasets/Hon_WTC11-cardiomyocyte-differentiation_TF-Perturb-seq/results/energy_distance/2026_04_19_no_spacer/image
Load csv formated annotation file
annotation file loaded
--------
safe-targeting: 0 gRNAs
non-targeting: 600 gRNAs
targeting: 12934 gRNAs
positive control: 19 gRNAs
negative control: 598 gRNAs
variant: 0 gRNAs
Number of regions in each type:
negative control : 100
positive control : 4
targeting : 1926
[step2.1 done]
[done] step2+step2.1 complete: /cellar/users/aklie/projects/tf_perturb_seq/datasets/Hon_WTC11-cardiomyocyte-differentiation_TF-Perturb-seq/results/energy_distance/2026_04_19_no_spacer
-rw-rw-r-- 1 aklie carter-users 1.1M May 10  2026 /cellar/users/aklie/projects/tf_perturb_seq/datasets/Hon_WTC11-cardiomyocyte-differentiation_TF-Perturb-seq/results/energy_distance/2026_04_19_no_spacer/pval_edist_full.csv

/cellar/users/aklie/projects/tf_perturb_seq/datasets/Hon_WTC11-cardiomyocyte-differentiation_TF-Perturb-seq/results/energy_distance/2026_04_19_no_spacer/image/:
total 114K
-rw-rw-r-- 1 aklie carter-users 12K May 10  2026 e-dist_cutoff_value.pdf
-rw-rw-r-- 1 aklie carter-users 12K May 10  2026 e-dist_cutoff_value_NEG_CONTROL.pdf
-rw-rw-r-- 1 aklie carter-users 57K May 10  2026 e-dist_distribution.pdf
-rw-rw-r-- 1 aklie carter-users 11K May 10  2026 gRNA_stat.pdf
