gene_symbol	hgnc_approved_symbol	n_promoters_in_target_library	ensembl_gene_id	ensembl_gene_id_source	in_lambert_2018	lambert_2018_is_tf	lambert_2018_dbd	lambert_2018_tf_assessment	lambert_2018_binding_mode	in_jaspar_core	jaspar_matrix_ids	jaspar_base_ids	jaspar_tf_class	jaspar_tf_family	jaspar_uniprot_ids
AATF	AATF	1	ENSG00000275700	gtf_direct	True	No	Unknown	Unlikely to be sequence specific TF	Not a DNA binding protein	False					
ADNP	ADNP	1	ENSG00000101126	gtf_direct	True	Yes	Homeodomain	Likely to be sequence specific TF	Monomer or homomultimer	False					
ADNP2	ADNP2	1	ENSG00000101544	gtf_direct	True	Yes	Homeodomain	Likely to be sequence specific TF	Monomer or homomultimer	False					
AEBP1	AEBP1	1	ENSG00000106624	gtf_direct	True	Yes	Unknown	Likely to be sequence specific TF	Monomer or homomultimer	False					
AEBP2	AEBP2	1	ENSG00000139154	gtf_direct	True	Yes	C2H2 ZF	Likely to be sequence specific TF	Monomer or homomultimer	False					
AFF1	AFF1	1	ENSG00000172493	gtf_direct	True	No	Unknown	Unlikely to be sequence specific TF	Not a DNA binding protein	False					
AFF2	AFF2	1	ENSG00000155966	gtf_direct	False					False					
AFF3	AFF3	1	ENSG00000144218	gtf_direct	True	No	Unknown	Unlikely to be sequence specific TF	Not a DNA binding protein	False					
AFF4	AFF4	1	ENSG00000072364	gtf_direct	True	No	Unknown	Unlikely to be sequence specific TF	Not a DNA binding protein	False					
AHCTF1	AHCTF1	1	ENSG00000153207	gtf_direct	True	Yes	AT hook	Likely to be sequence specific TF	Monomer or homomultimer	False					
AHCY	AHCY	1	ENSG00000101444	gtf_direct	False					False					
AHDC1	AHDC1	1	ENSG00000126705	gtf_direct	True	Yes	AT hook	Likely to be sequence specific TF	Monomer or homomultimer	False					
AHR	AHR	1	ENSG00000106546	gtf_direct	True	Yes	bHLH	Known motif	Monomer or homomultimer	False					
AHRR	AHRR	1	ENSG00000063438	gtf_direct	True	Yes	bHLH	Inferred motif	Monomer or homomultimer	False					
AIRE	AIRE	1	ENSG00000160224	gtf_direct	True	Yes	SAND	Known motif	Monomer or homomultimer	False					
AKAP8	AKAP8	1	ENSG00000105127	gtf_direct	True	Yes	C2H2 ZF	Likely to be sequence specific TF	Monomer or homomultimer	False					
AKAP8L	AKAP8L	1	ENSG00000011243	gtf_direct	True	Yes	C2H2 ZF	Likely to be sequence specific TF	Monomer or homomultimer	False					
AKNA	AKNA	2	ENSG00000106948	gtf_direct	True	Yes	AT hook	Likely to be sequence specific TF	Monomer or homomultimer	False					
ALX1	ALX1	1	ENSG00000180318	gtf_direct	True	Yes	Homeodomain	Known motif	Monomer or homomultimer	False					
ALX3	ALX3	1	ENSG00000156150	gtf_direct	True	Yes	Homeodomain	Known motif	Monomer or homomultimer	True	MA0634.1;MA0634.2	MA0634	Homeo domain factors	Paired-related HD factors	O95076
ALX4	ALX4	1	ENSG00000052850	gtf_direct	True	Yes	Homeodomain	Known motif	Monomer or homomultimer	False					
ALYREF	ALYREF	1	ENSG00000183684	gtf_direct	False					False					
ANHX	ANHX	1	ENSG00000227059	gtf_direct	True	Yes	Homeodomain	Known motif	Monomer or homomultimer	False					
ANKRD1	ANKRD1	1	ENSG00000148677	gtf_direct	False					False					
ANKRD30A	ANKRD30A	1	ENSG00000148513	gtf_direct	True	No	Unknown	Unlikely to be sequence specific TF	Not a DNA binding protein	False					
ANKZF1	ANKZF1	1	ENSG00000163516	gtf_direct	True	Yes	C2H2 ZF	Likely to be sequence specific TF	Monomer or homomultimer	False					
APITD1	CENPS	1	ENSG00000175279	hgnc_alias	True	Yes	Unknown	Likely to be sequence specific TF	Low specificity DNA-binding protein	False					
APITD1-CORT	CENPS-CORT	1	ENSG00000251503	hgnc_alias	False					False					
AR	AR	1	ENSG00000169083	gtf_direct	True	Yes	Nuclear receptor	Known motif	Monomer or homomultimer	True	MA0007.2	MA0007	Nuclear receptors with C4 zinc fingers	Steroid hormone receptors (NR3)	P10275
ARGFX	ARGFX	1	ENSG00000186103	gtf_direct	True	Yes	Homeodomain	Known motif	Monomer or homomultimer	True	MA1463.1;MA1463.2	MA1463	Homeo domain factors	Paired-related HD factors	A6NJG6
ARHGAP35	ARHGAP35	1	ENSG00000160007	gtf_direct	True	Yes	Unknown	Likely to be sequence specific TF	Monomer or homomultimer	False					
ARID1A	ARID1A	1	ENSG00000117713	gtf_direct	True	No	ARID/BRIGHT	Unlikely to be sequence specific TF	Low specificity DNA-binding protein	False					
ARID1B	ARID1B	2	ENSG00000049618	gtf_direct	True	No	ARID/BRIGHT	Unlikely to be sequence specific TF	Low specificity DNA-binding protein	False					
ARID2	ARID2	1	ENSG00000189079	gtf_direct	True	Yes	ARID/BRIGHT; RFX	Likely to be sequence specific TF	Monomer or homomultimer	False					
ARID3A	ARID3A	1	ENSG00000116017	gtf_direct	True	Yes	ARID/BRIGHT	Known motif	Monomer or homomultimer	False					
ARID3B	ARID3B	1	ENSG00000179361	gtf_direct	True	Yes	ARID/BRIGHT	Inferred motif	Monomer or homomultimer	False					
ARID3C	ARID3C	1	ENSG00000205143	gtf_direct	True	Yes	ARID/BRIGHT	Inferred motif	Monomer or homomultimer	False					
ARID4A	ARID4A	1	ENSG00000032219	gtf_direct	True	No	ARID/BRIGHT	Unlikely to be sequence specific TF	Low specificity DNA-binding protein	False					
ARID4B	ARID4B	1	ENSG00000054267	gtf_direct	True	No	ARID/BRIGHT	Unlikely to be sequence specific TF	Low specificity DNA-binding protein	False					
ARID5A	ARID5A	1	ENSG00000196843	gtf_direct	True	Yes	ARID/BRIGHT	Known motif	Monomer or homomultimer	False					
ARID5B	ARID5B	1	ENSG00000150347	gtf_direct	True	Yes	ARID/BRIGHT	Known motif	Monomer or homomultimer	False					
ARNT	ARNT	1	ENSG00000143437	gtf_direct	True	Yes	bHLH	Known motif	Monomer or homomultimer	False					
ARNT2	ARNT2	1	ENSG00000172379	gtf_direct	True	Yes	bHLH	Known motif	Monomer or homomultimer	True	MA1464.1;MA1464.2	MA1464	Basic helix-loop-helix factors (bHLH)	PAS domain factors	Q9HBZ2
ARNTL	BMAL1	1	ENSG00000133794	hgnc_alias	True	Yes	bHLH	Known motif	Monomer or homomultimer	False					
ARNTL2	BMAL2	1	ENSG00000029153	hgnc_alias	True	Yes	bHLH	Inferred motif	Obligate heteromer	False					
ARX	ARX	2	ENSG00000004848	gtf_direct	True	Yes	Homeodomain	Known motif	Monomer or homomultimer	False					
ASCL1	ASCL1	1	ENSG00000139352	gtf_direct	True	Yes	bHLH	Known motif	Monomer or homomultimer	True	MA1100.1;MA1100.2;MA1100.3;MA1631.1;MA1631.2	MA1100;MA1631	Basic helix-loop-helix factors (bHLH)	MyoD/ASC-related factors	P50553
ASCL2	ASCL2	1	ENSG00000183734	gtf_direct	True	Yes	bHLH	Known motif	Monomer or homomultimer	False					
ASCL3	ASCL3	1	ENSG00000176009	gtf_direct	True	Yes	bHLH	Inferred motif	Obligate heteromer	False					
ASCL4	ASCL4	1	ENSG00000187855	gtf_direct	True	Yes	bHLH	Inferred motif	Monomer or homomultimer	False					
ASCL5	ASCL5	1	ENSG00000232237	gtf_direct	True	Yes	bHLH	Inferred motif	Monomer or homomultimer	False					
ASH1L	ASH1L	1	ENSG00000116539	gtf_direct	True	Yes	AT hook	Likely to be sequence specific TF	Monomer or homomultimer	False					
ATF1	ATF1	1	ENSG00000123268	gtf_direct	True	Yes	bZIP	Known motif	Monomer or homomultimer	False					
ATF2	ATF2	1	ENSG00000115966	gtf_direct	True	Yes	bZIP	Known motif	Monomer or homomultimer	True	MA1632.1;MA1632.2	MA1632	Basic leucine zipper factors (bZIP)	Jun-related	P15336
ATF3	ATF3	1	ENSG00000162772	gtf_direct	True	Yes	bZIP	Known motif	Monomer or homomultimer	True	MA0605.2;MA0605.3	MA0605	Basic leucine zipper factors (bZIP)	Fos-related	P18847
ATF4	ATF4	1	ENSG00000128272	gtf_direct	True	Yes	bZIP	Known motif	Monomer or homomultimer	True	MA0833.1;MA0833.2;MA0833.3	MA0833	Basic leucine zipper factors (bZIP)	ATF-4-related factors	P18848
ATF5	ATF5	1	ENSG00000169136	gtf_direct	True	Yes	bZIP	Known motif	Obligate heteromer	False					
ATF6	ATF6	1	ENSG00000118217	gtf_direct	True	Yes	bZIP	Known motif	Monomer or homomultimer	True	MA1466.1;MA1466.2	MA1466	Basic leucine zipper factors (bZIP)	Jun-related	P18850
ATF6B	ATF6B	1	ENSG00000213676	gtf_direct	True	Yes	bZIP	Known motif	Monomer or homomultimer	False					
ATF7	ATF7	1	ENSG00000170653	gtf_direct	True	Yes	bZIP	Known motif	Monomer or homomultimer	True	MA0834.1;MA0834.2	MA0834	Basic leucine zipper factors (bZIP)	Jun-related	P17544
ATMIN	ATMIN	1	ENSG00000166454	gtf_direct	True	Yes	C2H2 ZF	Likely to be sequence specific TF	Monomer or homomultimer	False					
ATN1	ATN1	1	ENSG00000111676	gtf_direct	False					False					
ATOH1	ATOH1	1	ENSG00000172238	gtf_direct	True	Yes	bHLH	Known motif	Monomer or homomultimer	True	MA1467.1	MA1467	Basic helix-loop-helix factors (bHLH)	Tal-related	Q92858
ATOH7	ATOH7	1	ENSG00000179774	gtf_direct	True	Yes	bHLH	Known motif	Monomer or homomultimer	True	MA1468.1	MA1468	Basic helix-loop-helix factors (bHLH)	Tal-related	Q8N100
ATOH8	ATOH8	1	ENSG00000168874	gtf_direct	True	Yes	bHLH	Inferred motif	Monomer or homomultimer	False					
ATXN7	ATXN7	2	ENSG00000163635	gtf_direct	True	No	Unknown	Unlikely to be sequence specific TF	Not a DNA binding protein	False					
BACH1	BACH1	1	ENSG00000156273	gtf_direct	True	Yes	bZIP	Known motif	Monomer or homomultimer	True	MA1633.1;MA1633.2	MA1633	Basic leucine zipper factors (bZIP)	Jun-related	O14867
BACH2	BACH2	1	ENSG00000112182	gtf_direct	True	Yes	bZIP	Known motif	Monomer or homomultimer	True	MA1101.1;MA1101.2;MA1101.3;MA1470.1;MA1470.2	MA1101;MA1470	Basic leucine zipper factors (bZIP)	Jun-related	Q9BYV9
BARHL1	BARHL1	1	ENSG00000125492	gtf_direct	True	Yes	Homeodomain	Known motif	Monomer or homomultimer	True	MA0877.2;MA0877.3;MA0877.4	MA0877	Homeo domain factors	NK	Q9BZE3
BARHL2	BARHL2	1	ENSG00000143032	gtf_direct	True	Yes	Homeodomain	Known motif	Monomer or homomultimer	True	MA0635.1;MA0635.2	MA0635	Homeo domain factors	NK	Q9NY43
BARX1	BARX1	1	ENSG00000131668	gtf_direct	True	Yes	Homeodomain	Known motif	Monomer or homomultimer	True	MA0875.1;MA0875.2	MA0875	Homeo domain factors	NK	Q9HBU1
BARX2	BARX2	1	ENSG00000043039	gtf_direct	True	Yes	Homeodomain	Known motif	Monomer or homomultimer	True	MA1471.1;MA1471.2	MA1471	Homeo domain factors	NK	Q9UMQ3
BATF	BATF	1	ENSG00000156127	gtf_direct	True	Yes	bZIP	Known motif	Monomer or homomultimer	True	MA1634.1;MA1634.2	MA1634	Basic leucine zipper factors (bZIP)	B-ATF-related factors	Q16520
BATF2	BATF2	1	ENSG00000168062	gtf_direct	True	Yes	bZIP	Likely to be sequence specific TF	Obligate heteromer	False					
BATF3	BATF3	1	ENSG00000123685	gtf_direct	True	Yes	bZIP	Known motif	Monomer or homomultimer	True	MA0835.2;MA0835.3	MA0835	Basic leucine zipper factors (bZIP)	B-ATF-related factors	Q9NR55
BAZ1B	BAZ1B	1	ENSG00000009954	gtf_direct	False					False					
BAZ2A	BAZ2A	2	ENSG00000076108	gtf_direct	True	Yes	MBD; AT hook	Likely to be sequence specific TF	Low specificity DNA-binding protein	False					
BAZ2B	BAZ2B	1	ENSG00000123636	gtf_direct	True	Yes	MBD	Likely to be sequence specific TF	Low specificity DNA-binding protein	False					
BBX	BBX	1	ENSG00000114439	gtf_direct	True	Yes	HMG/Sox	Known motif	Monomer or homomultimer	False					
BCL11A	BCL11A	1	ENSG00000119866	gtf_direct	True	Yes	C2H2 ZF	Known motif	Monomer or homomultimer	True	MA2324.1;MA2504.1	MA2324;MA2504	C2H2 zinc finger factors	Factors with multiple dispersed zinc fingers	Q9H165
BCL11B	BCL11B	1	ENSG00000127152	gtf_direct	True	Yes	C2H2 ZF	Known motif	Monomer or homomultimer	False					
BCL3	BCL3	1	ENSG00000069399	gtf_direct	True	No	Unknown	Unlikely to be sequence specific TF	Not a DNA binding protein	False					
BCL6	BCL6	1	ENSG00000113916	gtf_direct	True	Yes	C2H2 ZF	Known motif	Monomer or homomultimer	True	MA0463.2;MA0463.3	MA0463	C2H2 zinc finger factors	More than 3 adjacent zinc fingers	P41182
BCL6B	BCL6B	1	ENSG00000161940	gtf_direct	True	Yes	C2H2 ZF	Known motif	Monomer or homomultimer	True	MA0731.1	MA0731	C2H2 zinc finger factors	More than 3 adjacent zinc fingers	A8KA13
BCLAF1	BCLAF1	1	ENSG00000029363	gtf_direct	True	No	Unknown	Unlikely to be sequence specific TF	Low specificity DNA-binding protein	False					
BDP1	BDP1	1	ENSG00000145734	gtf_direct	True	No	Unknown	Unlikely to be sequence specific TF	Not a DNA binding protein	False					
BHLHA15	BHLHA15	1	ENSG00000180535	gtf_direct	True	Yes	bHLH	Known motif	Monomer or homomultimer	True	MA0607.2;MA1472.1	MA0607;MA1472	Basic helix-loop-helix factors (bHLH)	Tal-related	Q7RTS1
BHLHA9	BHLHA9	1	ENSG00000205899	gtf_direct	True	Yes	bHLH	Likely to be sequence specific TF	Obligate heteromer	False					
BHLHB9	GPRASP3	1	ENSG00000198908	hgnc_alias	False					False					
BHLHE22	BHLHE22	1	ENSG00000180828	gtf_direct	True	Yes	bHLH	Known motif	Monomer or homomultimer	True	MA0818.1;MA0818.2;MA1635.1;MA1635.2	MA0818;MA1635	Basic helix-loop-helix factors (bHLH)	Tal-related	Q8NFJ8
BHLHE23	BHLHE23	1	ENSG00000125533	gtf_direct	True	Yes	bHLH	Known motif	Monomer or homomultimer	True	MA0817.1;MA0817.2	MA0817	Basic helix-loop-helix factors (bHLH)	Tal-related	Q8NDY6
BHLHE40	BHLHE40	1	ENSG00000134107	gtf_direct	True	Yes	bHLH	Known motif	Monomer or homomultimer	True	MA0464.2;MA0464.3	MA0464	Basic helix-loop-helix factors (bHLH)	Hairy-related factors	O14503
BHLHE41	BHLHE41	1	ENSG00000123095	gtf_direct	True	Yes	bHLH	Known motif	Monomer or homomultimer	True	MA0636.1	MA0636	Basic helix-loop-helix factors (bHLH)	Hairy-related factors	Q9C0J9
BID	BID	1	ENSG00000015475	gtf_direct	False					False					
BLZF1	BLZF1	1	ENSG00000117475	gtf_direct	True	No	Unknown	Unlikely to be sequence specific TF	Not a DNA binding protein	False					
BMP2	BMP2	2	ENSG00000125845	gtf_direct	True	No	Unknown	Unlikely to be sequence specific TF	Not a DNA binding protein	False					
BNC1	BNC1	1	ENSG00000169594	gtf_direct	True	Yes	C2H2 ZF	Inferred motif	Monomer or homomultimer	False					
BNC2	BNC2	1	ENSG00000173068	gtf_direct	True	Yes	C2H2 ZF	Inferred motif	Monomer or homomultimer	True	MA1928.1;MA1928.2	MA1928	C2H2 zinc finger factors	Factors with multiple dispersed zinc fingers	Q6ZN30
BOLA1	BOLA1	2	ENSG00000178096	gtf_direct	True	No	Unknown	Unlikely to be sequence specific TF	Not a DNA binding protein	False					
BOLA2	BOLA2	1	ENSG00000183336	gtf_direct	True	No	Unknown	Unlikely to be sequence specific TF	Not a DNA binding protein	False					
BOLA2B	BOLA2B	1	ENSG00000169627	gtf_direct	True	No	Unknown	Unlikely to be sequence specific TF	Not a DNA binding protein	False					
BOLA3	BOLA3	1	ENSG00000163170	gtf_direct	True	No	Unknown	Unlikely to be sequence specific TF	Not a DNA binding protein	False					
BPTF	BPTF	1	ENSG00000171634	gtf_direct	True	Yes	Unknown	Known motif	Monomer or homomultimer	False					
BRF2	BRF2	1	ENSG00000104221	gtf_direct	True	Yes	Unknown	Likely to be sequence specific TF	Low specificity DNA-binding protein	False					
BRIP1	BRIP1	1	ENSG00000136492	gtf_direct	False					False					
BRPF1	BRPF1	1	ENSG00000156983	gtf_direct	True	No	Unknown	Unlikely to be sequence specific TF	Not a DNA binding protein	False					
BSX	BSX	1	ENSG00000188909	gtf_direct	True	Yes	Homeodomain	Known motif	Monomer or homomultimer	True	MA0876.1;MA0876.2	MA0876	Homeo domain factors	NK	Q3C1V8
C11orf95	ZFTA	1	ENSG00000188070	hgnc_alias	True	Yes	BED ZF	Likely to be sequence specific TF	Monomer or homomultimer	True	MA2603.1	MA2603	C2H2 zinc finger factors	Factors with multiple dispersed zinc fingers	C9JLR9
C1orf85	GLMP	2	ENSG00000198715	hgnc_alias	True	Yes	Unknown	Likely to be sequence specific TF	Monomer or homomultimer	False					
CAMTA1	CAMTA1	1	ENSG00000171735	gtf_direct	True	Yes	CG-1	Likely to be sequence specific TF	Monomer or homomultimer	False					
CAMTA2	CAMTA2	1	ENSG00000108509	gtf_direct	True	Yes	CG-1	Likely to be sequence specific TF	Monomer or homomultimer	False					
CAPN15	CAPN15	1	ENSG00000103326	gtf_direct	True	No	Unknown	Unlikely to be sequence specific TF	Not a DNA binding protein	False					
CARF	CARF	1	ENSG00000138380	gtf_direct	True	Yes	Unknown	Known motif	Monomer or homomultimer	False					
CARHSP1	CARHSP1	1	ENSG00000153048	gtf_direct	True	No	CSD	ssDNA/RNA binding	Not a DNA binding protein	False					
CASZ1	CASZ1	1	ENSG00000130940	gtf_direct	True	Yes	C2H2 ZF	Likely to be sequence specific TF	Monomer or homomultimer	True	MA2508.1	MA2508	C2H2 zinc finger factors	Factors with multiple dispersed zinc fingers	Q86V15
CBFA2T2	CBFA2T2	1	ENSG00000078699	gtf_direct	True	No	Unknown	Unlikely to be sequence specific TF	Not a DNA binding protein	False					
CBFA2T3	CBFA2T3	2	ENSG00000129993	gtf_direct	True	No	Unknown	Unlikely to be sequence specific TF	Not a DNA binding protein	False					
CBFB	CBFB	1	ENSG00000067955	gtf_direct	True	No	Unknown	Unlikely to be sequence specific TF	Not a DNA binding protein	False					
CBL	CBL	1	ENSG00000110395	gtf_direct	True	No	Unknown	Unlikely to be sequence specific TF	Not a DNA binding protein	False					
CBX2	CBX2	1	ENSG00000173894	gtf_direct	True	Yes	AT hook	Likely to be sequence specific TF	Monomer or homomultimer	False					
CC2D1A	CC2D1A	1	ENSG00000132024	gtf_direct	True	Yes	Unknown	Likely to be sequence specific TF	Monomer or homomultimer	False					
CCDC169-SOHLH2	CCDC169-SOHLH2	1	ENSG00000250709	gtf_direct	True	Yes	bHLH	Known motif	Monomer or homomultimer	False					
CCDC17	CCDC17	1	ENSG00000159588	gtf_direct	True	Yes	C2H2 ZF	Likely to be sequence specific TF	Monomer or homomultimer	False					
CCDC79	TERB1	1	ENSG00000249961	hgnc_alias	True	Yes	Myb/SANT	Likely to be sequence specific TF	Monomer or homomultimer	False					
CCNT2	CCNT2	1	ENSG00000082258	gtf_direct	True	No	Unknown	Unlikely to be sequence specific TF	Not a DNA binding protein	False					
CDC5L	CDC5L	1	ENSG00000096401	gtf_direct	True	Yes	Myb/SANT	Known motif	Monomer or homomultimer	False					
CDCA7L	CDCA7L	1	ENSG00000164649	gtf_direct	False					False					
CDIP1	CDIP1	1	ENSG00000089486	gtf_direct	False					False					
CDK1	CDK1	1	ENSG00000170312	gtf_direct	False					False					
CDK2	CDK2	1	ENSG00000123374	gtf_direct	False					False					
CDK7	CDK7	1	ENSG00000134058	gtf_direct	True	No	Unknown	Unlikely to be sequence specific TF	Not a DNA binding protein	False					
CDK9	CDK9	1	ENSG00000136807	gtf_direct	True	No	Unknown	Unlikely to be sequence specific TF	Not a DNA binding protein	False					
CDX1	CDX1	1	ENSG00000113722	gtf_direct	True	Yes	Homeodomain	Known motif	Monomer or homomultimer	True	MA0878.1;MA0878.2;MA0878.3	MA0878	Homeo domain factors	HOX	P47902
CDX2	CDX2	1	ENSG00000165556	gtf_direct	True	Yes	Homeodomain	Known motif	Monomer or homomultimer	True	MA0465.1;MA0465.2;MA0465.3	MA0465	Homeo domain factors	HOX	Q99626
CDX4	CDX4	1	ENSG00000131264	gtf_direct	True	Yes	Homeodomain	Known motif	Monomer or homomultimer	True	MA1473.1;MA1473.2	MA1473	Homeo domain factors	HOX	O14627
CEBPA	CEBPA	1	ENSG00000245848	gtf_direct	True	Yes	bZIP	Known motif	Monomer or homomultimer	True	MA0102.3;MA0102.4;MA0102.5	MA0102	Basic leucine zipper factors (bZIP)	CEBP-related	P49715
CEBPB	CEBPB	1	ENSG00000172216	gtf_direct	True	Yes	bZIP	Known motif	Monomer or homomultimer	True	MA0466.1;MA0466.2;MA0466.3;MA0466.4	MA0466	Basic leucine zipper factors (bZIP)	CEBP-related	P17676
CEBPD	CEBPD	1	ENSG00000221869	gtf_direct	True	Yes	bZIP	Known motif	Monomer or homomultimer	True	MA0836.1;MA0836.2;MA0836.3	MA0836	Basic leucine zipper factors (bZIP)	CEBP-related	P49716
CEBPE	CEBPE	1	ENSG00000092067	gtf_direct	True	Yes	bZIP	Known motif	Monomer or homomultimer	True	MA0837.1;MA0837.2;MA0837.3	MA0837	Basic leucine zipper factors (bZIP)	CEBP-related	Q15744
CEBPG	CEBPG	1	ENSG00000153879	gtf_direct	True	Yes	bZIP	Known motif	Monomer or homomultimer	True	MA0838.1;MA1636.1;MA1636.2	MA0838;MA1636	Basic leucine zipper factors (bZIP)	CEBP-related	P53567
CEBPZ	CEBPZ	1	ENSG00000115816	gtf_direct	True	Yes	Unknown	Known motif	Monomer or homomultimer	False					
CENPA	CENPA	2	ENSG00000115163	gtf_direct	True	Yes	Unknown	Likely to be sequence specific TF	Low specificity DNA-binding protein	False					
CENPB	CENPB	1	ENSG00000125817	gtf_direct	True	Yes	CENPB	Known motif	Monomer or homomultimer	False					
CENPBD1	CENPBD1P	1	ENSG00000177946	hgnc_alias	True	Yes	CENPB	Known motif	Monomer or homomultimer	False					
CENPT	CENPT	1	ENSG00000102901	gtf_direct	True	Yes	Unknown	Likely to be sequence specific TF	Low specificity DNA-binding protein	False					
CGGBP1	CGGBP1	2	ENSG00000163320	gtf_direct	True	Yes	Unknown	Likely to be sequence specific TF	Monomer or homomultimer	True	MA2538.1	MA2538	C2H2 zinc finger factors		Q9UFW8
CHAMP1	CHAMP1	1	ENSG00000198824	gtf_direct	True	Yes	C2H2 ZF	Likely to be sequence specific TF	Monomer or homomultimer	False					
CHCHD3	CHCHD3	1	ENSG00000106554	gtf_direct	True	Yes	Unknown	Likely to be sequence specific TF	Monomer or homomultimer	False					
CHD7	CHD7	1	ENSG00000171316	gtf_direct	True	No	Unknown	Unlikely to be sequence specific TF	Low specificity DNA-binding protein	False					
CHMP2A	CHMP2A	1	ENSG00000130724	gtf_direct	False					False					
CIC	CIC	1	ENSG00000079432	gtf_direct	True	Yes	HMG/Sox	Known motif	Monomer or homomultimer	False					
CIR1	CIR1	1	ENSG00000138433	gtf_direct	True	No	Unknown	Unlikely to be sequence specific TF	Not a DNA binding protein	False					
CIZ1	CIZ1	1	ENSG00000148337	gtf_direct	True	No	Unknown	Unlikely to be sequence specific TF	Not a DNA binding protein	False					
CLOCK	CLOCK	1	ENSG00000134852	gtf_direct	True	Yes	bHLH	Known motif	Monomer or homomultimer	True	MA0819.1;MA0819.2;MA0819.3	MA0819	Basic helix-loop-helix factors (bHLH)	PAS domain factors	O15516
CNBP	CNBP	1	ENSG00000169714	gtf_direct	True	No	Unknown	ssDNA/RNA binding	Not a DNA binding protein	False					
CNOT7	CNOT7	1	ENSG00000198791	gtf_direct	True	No	Unknown	Unlikely to be sequence specific TF	Not a DNA binding protein	False					
CNOT8	CNOT8	1	ENSG00000155508	gtf_direct	True	No	Unknown	Unlikely to be sequence specific TF	Not a DNA binding protein	False					
COX20	COX20	1	ENSG00000203667	gtf_direct	False					False					
CPEB1	CPEB1	2	ENSG00000214575	gtf_direct	True	Yes	Unknown	Known motif	Monomer or homomultimer	False					
CPXCR1	CPXCR1	1	ENSG00000147183	gtf_direct	True	Yes	C2H2 ZF	Likely to be sequence specific TF	Monomer or homomultimer	False					
CRAMP1L	CRAMP1	2	ENSG00000007545	hgnc_alias	True	No	Myb/SANT	Unlikely to be sequence specific TF	Not a DNA binding protein	False					
CREB1	CREB1	1	ENSG00000118260	gtf_direct	True	Yes	bZIP	Known motif	Monomer or homomultimer	True	MA0018.1;MA0018.3;MA0018.4;MA0018.5	MA0018	Basic leucine zipper factors (bZIP)	CREB-related factors	P16220
CREB3	CREB3	1	ENSG00000107175	gtf_direct	True	Yes	bZIP	Known motif	Monomer or homomultimer	True	MA0638.1;MA0638.2	MA0638	Basic leucine zipper factors (bZIP)	CREB-related factors	O43889
CREB3L1	CREB3L1	1	ENSG00000157613	gtf_direct	True	Yes	bZIP	Known motif	Monomer or homomultimer	True	MA0839.1;MA0839.2	MA0839	Basic leucine zipper factors (bZIP)	CREB-related factors	Q96BA8
CREB3L2	CREB3L2	1	ENSG00000182158	gtf_direct	True	Yes	bZIP	Known motif	Monomer or homomultimer	False					
CREB3L3	CREB3L3	1	ENSG00000060566	gtf_direct	True	Yes	bZIP	Likely to be sequence specific TF	Monomer or homomultimer	True	MA2541.1	MA2541	Basic leucine zipper factors (bZIP)	CREB-related	Q68CJ9
CREB3L4	CREB3L4	1	ENSG00000143578	gtf_direct	True	Yes	bZIP	Known motif	Monomer or homomultimer	True	MA1474.1;MA1474.2;MA1475.1;MA1475.2	MA1474;MA1475	Basic leucine zipper factors (bZIP)	CREB-related factors	Q8TEY5
CREB5	CREB5	2	ENSG00000146592	gtf_direct	True	Yes	bZIP	Known motif	Monomer or homomultimer	False					
CREBBP	CREBBP	1	ENSG00000005339	gtf_direct	True	No	Unknown	Unlikely to be sequence specific TF	Not a DNA binding protein	False					
CREBL2	CREBL2	1	ENSG00000111269	gtf_direct	True	Yes	bZIP	Inferred motif	Monomer or homomultimer	False					
CREBRF	CREBRF	2	ENSG00000164463	gtf_direct	True	No	bZIP	Unlikely to be sequence specific TF	Not a DNA binding protein	False					
CREBZF	CREBZF	1	ENSG00000137504	gtf_direct	True	Yes	bZIP	Inferred motif	Monomer or homomultimer	False					
CREM	CREM	1	ENSG00000095794	gtf_direct	True	Yes	bZIP	Known motif	Monomer or homomultimer	True	MA0609.2;MA0609.3	MA0609	Basic leucine zipper factors (bZIP)	CREB-related factors	Q03060
CRTC1	CRTC1	1	ENSG00000105662	gtf_direct	True	No	Unknown	Unlikely to be sequence specific TF	Not a DNA binding protein	False					
CRTC2	CRTC2	1	ENSG00000160741	gtf_direct	True	No	Unknown	Unlikely to be sequence specific TF	Not a DNA binding protein	False					
CRTC3	CRTC3	1	ENSG00000140577	gtf_direct	True	No	Unknown	Unlikely to be sequence specific TF	Not a DNA binding protein	False					
CRX	CRX	1	ENSG00000105392	gtf_direct	True	Yes	Homeodomain	Known motif	Monomer or homomultimer	False					
CSNK2A1	CSNK2A1	1	ENSG00000101266	gtf_direct	False					False					
CSRNP1	CSRNP1	1	ENSG00000144655	gtf_direct	True	Yes	Unknown	Likely to be sequence specific TF	Monomer or homomultimer	False					
CSRNP2	CSRNP2	1	ENSG00000110925	gtf_direct	True	Yes	Unknown	Likely to be sequence specific TF	Monomer or homomultimer	False					
CSRNP3	CSRNP3	2	ENSG00000178662	gtf_direct	True	Yes	Unknown	Likely to be sequence specific TF	Monomer or homomultimer	False					
CTBP1	CTBP1	1	ENSG00000159692	gtf_direct	True	No	Unknown	Unlikely to be sequence specific TF	Not a DNA binding protein	False					
CTBP2	CTBP2	1	ENSG00000175029	gtf_direct	True	No	Unknown	Unlikely to be sequence specific TF	Not a DNA binding protein	False					
CTCF	CTCF	1	ENSG00000102974	gtf_direct	True	Yes	C2H2 ZF	Known motif	Monomer or homomultimer	True	MA0139.1;MA0139.2;MA1929.1;MA1929.2;MA1930.1;MA1930.2	MA0139;MA1929;MA1930	C2H2 zinc finger factors	More than 3 adjacent zinc fingers	P49711
CTCFL	CTCFL	1	ENSG00000124092	gtf_direct	True	Yes	C2H2 ZF	Known motif	Monomer or homomultimer	True	MA1102.1;MA1102.2;MA1102.3	MA1102	C2H2 zinc finger factors	More than 3 adjacent zinc fingers	Q8NI51
CTNNB1	CTNNB1	1	ENSG00000168036	gtf_direct	True	No	Unknown	Unlikely to be sequence specific TF	Not a DNA binding protein	False					
CUX1	CUX1	1	ENSG00000257923	gtf_direct	True	Yes	CUT; Homeodomain	Known motif	Monomer or homomultimer	True	MA0754.1;MA0754.2;MA0754.3	MA0754	Homeo domain factors	HD-CUT	P39880
CUX2	CUX2	1	ENSG00000111249	gtf_direct	True	Yes	CUT; Homeodomain	Known motif	Monomer or homomultimer	True	MA0755.1;MA0755.2	MA0755	Homeo domain factors	HD-CUT	O14529
CXXC1	CXXC1	1	ENSG00000154832	gtf_direct	True	Yes	CxxC	Known motif	Monomer or homomultimer	False					
CXXC4	CXXC4	1	ENSG00000168772	gtf_direct	True	Yes	CxxC	Likely to be sequence specific TF	Monomer or homomultimer	False					
CXXC5	CXXC5	1	ENSG00000171604	gtf_direct	True	Yes	CxxC	Known motif	Monomer or homomultimer	False					
DACH1	DACH1	1	ENSG00000276644	gtf_direct	True	Yes	Unknown	Likely to be sequence specific TF	Monomer or homomultimer	False					
DACH2	DACH2	1	ENSG00000126733	gtf_direct	True	Yes	Unknown	Likely to be sequence specific TF	Monomer or homomultimer	False					
DAXX	DAXX	2	ENSG00000204209	gtf_direct	True	No	Unknown	Unlikely to be sequence specific TF	Not a DNA binding protein	False					
DBP	DBP	1	ENSG00000105516	gtf_direct	True	Yes	bZIP	Known motif	Monomer or homomultimer	True	MA0639.1;MA0639.2	MA0639	Basic leucine zipper factors (bZIP)	CEBP-related	Q10586
DBX1	DBX1	1	ENSG00000109851	gtf_direct	True	Yes	Homeodomain	Inferred motif	Monomer or homomultimer	False					
DBX2	DBX2	1	ENSG00000185610	gtf_direct	True	Yes	Homeodomain	Inferred motif	Monomer or homomultimer	False					
DCP1A	DCP1A	1	ENSG00000272886	gtf_direct	True	No	Unknown	Unlikely to be sequence specific TF	Not a DNA binding protein	False					
DDB1	DDB1	2	ENSG00000167986	gtf_direct	True	No	Unknown	Unlikely to be sequence specific TF	Not a DNA binding protein	False					
DDB2	DDB2	1	ENSG00000134574	gtf_direct	True	No	Unknown	Unlikely to be sequence specific TF	Low specificity DNA-binding protein	False					
DDIT3	DDIT3	1	ENSG00000175197	gtf_direct	True	Yes	bZIP	Known motif	Obligate heteromer	False					
DEAF1	DEAF1	1	ENSG00000177030	gtf_direct	True	Yes	SAND	Inferred motif	Monomer or homomultimer	False					
DEK	DEK	1	ENSG00000124795	gtf_direct	True	No	Unknown	Unlikely to be sequence specific TF	Low specificity DNA-binding protein	False					
DENND4A	DENND4A	1	ENSG00000174485	gtf_direct	False					False					
DHX9	DHX9	1	ENSG00000135829	gtf_direct	False					False					
DLX1	DLX1	1	ENSG00000144355	gtf_direct	True	Yes	Homeodomain	Known motif	Monomer or homomultimer	True	MA0879.2;MA0879.3	MA0879	Homeo domain factors	NK	P56177
DLX2	DLX2	1	ENSG00000115844	gtf_direct	True	Yes	Homeodomain	Known motif	Monomer or homomultimer	False					
DLX3	DLX3	1	ENSG00000064195	gtf_direct	True	Yes	Homeodomain	Known motif	Monomer or homomultimer	False					
DLX4	DLX4	1	ENSG00000108813	gtf_direct	True	Yes	Homeodomain	Known motif	Monomer or homomultimer	False					
DLX5	DLX5	1	ENSG00000105880	gtf_direct	True	Yes	Homeodomain	Known motif	Monomer or homomultimer	True	MA1476.1	MA1476	Homeo domain factors	NK	P56178
DLX6	DLX6	1	ENSG00000006377	gtf_direct	True	Yes	Homeodomain	Known motif	Monomer or homomultimer	True	MA0882.1;MA0882.2	MA0882	Homeo domain factors	NK	P56179
DMAP1	DMAP1	1	ENSG00000178028	gtf_direct	True	No	Unknown	Unlikely to be sequence specific TF	Low specificity DNA-binding protein	False					
DMBX1	DMBX1	1	ENSG00000197587	gtf_direct	True	Yes	Homeodomain	Known motif	Monomer or homomultimer	False					
DMRT1	DMRT1	1	ENSG00000137090	gtf_direct	True	Yes	DM	Known motif	Monomer or homomultimer	False					
DMRT2	DMRT2	1	ENSG00000173253	gtf_direct	True	Yes	DM	Known motif	Monomer or homomultimer	False					
DMRT3	DMRT3	1	ENSG00000064218	gtf_direct	True	Yes	DM	Known motif	Monomer or homomultimer	True	MA0610.1;MA0610.2	MA0610	DM-type intertwined zinc finger factors	DMRT factors	Q9NQL9
DMRTA1	DMRTA1	1	ENSG00000176399	gtf_direct	True	Yes	DM	Known motif	Monomer or homomultimer	True	MA1707.1;MA1707.2	MA1707	DM-type intertwined zinc finger factors	DMRT factors	Q5VZB9
DMRTA2	DMRTA2	1	ENSG00000142700	gtf_direct	True	Yes	DM	Known motif	Monomer or homomultimer	True	MA1478.1;MA1478.2	MA1478	DM-type intertwined zinc finger factors	DMRT factors	Q96SC8
DMRTB1	DMRTB1	1	ENSG00000143006	gtf_direct	True	Yes	DM	Likely to be sequence specific TF	Obligate heteromer	False					
DMRTC1	DMRTC1	1	ENSG00000269502	gtf_direct	True	No	Unknown	Unlikely to be sequence specific TF	Not a DNA binding protein	False					
DMRTC2	DMRTC2	1	ENSG00000142025	gtf_direct	True	Yes	DM	Known motif	Monomer or homomultimer	True	MA1479.1;MA1479.2	MA1479	DM-type intertwined zinc finger factors	DMRT factors	Q8IXT2
DMTF1	DMTF1	1	ENSG00000135164	gtf_direct	True	Yes	Myb/SANT	Likely to be sequence specific TF	Monomer or homomultimer	True	MA2594.1	MA2594	Tryptophan cluster factors	Myb-SANT	Q9Y222
DNAJC1	DNAJC1	1	ENSG00000136770	gtf_direct	True	No	Myb/SANT	Unlikely to be sequence specific TF	Not a DNA binding protein	False					
DNAJC2	DNAJC2	1	ENSG00000105821	gtf_direct	True	No	Myb/SANT	Unlikely to be sequence specific TF	Not a DNA binding protein	False					
DNAJC21	DNAJC21	1	ENSG00000168724	gtf_direct	True	No	Unknown	ssDNA/RNA binding	Not a DNA binding protein	False					
DNMT1	DNMT1	1	ENSG00000130816	gtf_direct	True	Yes	CxxC	Known motif	Monomer or homomultimer	False					
DNTTIP1	DNTTIP1	1	ENSG00000101457	gtf_direct	True	Yes	AT hook	Likely to be sequence specific TF	Monomer or homomultimer	True	MA2584.1	MA2584	Rel homology region (RHR) factors	NFkappaB-related	Q9H147
DOT1L	DOT1L	1	ENSG00000104885	gtf_direct	True	Yes	AT hook	Likely to be sequence specific TF	Monomer or homomultimer	False					
DPF1	DPF1	2	ENSG00000011332	gtf_direct	True	Yes	C2H2 ZF	Known motif	Monomer or homomultimer	False					
DPF2	DPF2	2	ENSG00000133884	gtf_direct	True	No	Unknown	Unlikely to be sequence specific TF	Not a DNA binding protein	False					
DPF3	DPF3	1	ENSG00000205683	gtf_direct	True	Yes	C2H2 ZF	Inferred motif	Monomer or homomultimer	False					
DPRX	DPRX	1	ENSG00000204595	gtf_direct	True	Yes	Homeodomain	Known motif	Monomer or homomultimer	True	MA1480.1;MA1480.2	MA1480	Homeo domain factors	Paired-related HD factors	A6NFQ7
DR1	DR1	1	ENSG00000117505	gtf_direct	True	Yes	Unknown	Likely to be sequence specific TF	Obligate heteromer	False					
DRAP1	DRAP1	1	ENSG00000175550	gtf_direct	True	Yes	Unknown	Likely to be sequence specific TF	Obligate heteromer	False					
DRGX	DRGX	1	ENSG00000165606	gtf_direct	True	Yes	Homeodomain	Known motif	Monomer or homomultimer	True	MA1481.1;MA1481.2	MA1481	Homeo domain factors	Paired-related HD factors	A6NNA5
DUXA	DUXA	1	ENSG00000258873	gtf_direct	True	Yes	Homeodomain	Known motif	Monomer or homomultimer	True	MA0884.1;MA0884.2	MA0884	Homeo domain factors	Paired-related HD factors	A6NLW8
DZIP1	DZIP1	1	ENSG00000134874	gtf_direct	True	Yes	C2H2 ZF	Likely to be sequence specific TF	Monomer or homomultimer	False					
E2F1	E2F1	1	ENSG00000101412	gtf_direct	True	Yes	E2F	Known motif	Monomer or homomultimer	True	MA0024.1;MA0024.2;MA0024.3	MA0024	Fork head/winged helix factors	E2F	Q01094
E2F2	E2F2	1	ENSG00000007968	gtf_direct	True	Yes	E2F	Known motif	Monomer or homomultimer	True	MA0864.1;MA0864.2;MA0864.3	MA0864	Fork head/winged helix factors	E2F	Q14209
E2F3	E2F3	2	ENSG00000112242	gtf_direct	True	Yes	E2F	Known motif	Monomer or homomultimer	True	MA0469.2;MA0469.3;MA0469.4	MA0469	Fork head/winged helix factors	E2F	O00716
E2F4	E2F4	1	ENSG00000205250	gtf_direct	True	Yes	E2F	Known motif	Monomer or homomultimer	True	MA0470.1;MA0470.2;MA0470.3	MA0470	Fork head/winged helix factors	E2F	Q16254
E2F5	E2F5	1	ENSG00000133740	gtf_direct	True	Yes	E2F	Known motif	Monomer or homomultimer	False					
E2F6	E2F6	1	ENSG00000169016	gtf_direct	True	Yes	E2F	Known motif	Monomer or homomultimer	True	MA0471.1;MA0471.2;MA0471.3	MA0471	Fork head/winged helix factors	E2F	O75461
E2F7	E2F7	1	ENSG00000165891	gtf_direct	True	Yes	E2F	Known motif	Monomer or homomultimer	True	MA0758.1	MA0758	Fork head/winged helix factors	E2F	Q96AV8
E2F8	E2F8	1	ENSG00000129173	gtf_direct	True	Yes	E2F	Known motif	Monomer or homomultimer	True	MA0865.1;MA0865.2;MA0865.3	MA0865	Fork head/winged helix factors	E2F	A0AVK6
E4F1	E4F1	1	ENSG00000167967	gtf_direct	True	Yes	C2H2 ZF	Known motif	Monomer or homomultimer	False					
EBF1	EBF1	1	ENSG00000164330	gtf_direct	True	Yes	EBF1	Known motif	Monomer or homomultimer	True	MA0154.2;MA0154.3;MA0154.4;MA0154.5	MA0154	Rel homology region (RHR) factors	Early B-Cell Factor-related factors	Q9UH73
EBF2	EBF2	1	ENSG00000221818	gtf_direct	True	Yes	EBF1	Known motif	Monomer or homomultimer	False					
EBF3	EBF3	1	ENSG00000108001	gtf_direct	True	Yes	EBF1	Known motif	Monomer or homomultimer	True	MA1637.1;MA1637.2	MA1637	Rel homology region (RHR) factors	Early B-Cell Factor-related factors	Q9H4W6
EBF4	EBF4	1	ENSG00000088881	gtf_direct	True	Yes	EBF1	Known motif	Monomer or homomultimer	False					
EEA1	EEA1	1	ENSG00000102189	gtf_direct	True	Yes	C2H2 ZF	Likely to be sequence specific TF	Monomer or homomultimer	False					
EGR1	EGR1	2	ENSG00000120738	gtf_direct	True	Yes	C2H2 ZF	Known motif	Monomer or homomultimer	True	MA0162.2;MA0162.3;MA0162.4;MA0162.5	MA0162	C2H2 zinc finger factors	Three-zinc finger Kruppel-related	P18146
EGR2	EGR2	1	ENSG00000122877	gtf_direct	True	Yes	C2H2 ZF	Known motif	Monomer or homomultimer	True	MA0472.2	MA0472	C2H2 zinc finger factors	Three-zinc finger Kruppel-related	P11161
EGR3	EGR3	1	ENSG00000179388	gtf_direct	True	Yes	C2H2 ZF	Known motif	Monomer or homomultimer	True	MA0732.1;MA0732.2	MA0732	C2H2 zinc finger factors	Three-zinc finger Kruppel-related	Q06889
EGR4	EGR4	1	ENSG00000135625	gtf_direct	True	Yes	C2H2 ZF	Known motif	Monomer or homomultimer	True	MA0733.1;MA0733.2	MA0733	C2H2 zinc finger factors	Three-zinc finger Kruppel-related	Q05215
EHF	EHF	1	ENSG00000135373	gtf_direct	True	Yes	Ets	Known motif	Monomer or homomultimer	True	MA0598.1;MA0598.2;MA0598.3;MA0598.4	MA0598	Tryptophan cluster factors	Ets-related	Q9NZC4
ELF1	ELF1	1	ENSG00000120690	gtf_direct	True	Yes	Ets	Known motif	Monomer or homomultimer	True	MA0473.1;MA0473.2;MA0473.3;MA0473.4	MA0473	Tryptophan cluster factors	Ets-related	P32519
ELF2	ELF2	1	ENSG00000109381	gtf_direct	True	Yes	Ets	Known motif	Monomer or homomultimer	True	MA1483.1;MA1483.2;MA1483.3	MA1483	Tryptophan cluster factors	Ets-related	Q15723
ELF3	ELF3	1	ENSG00000163435	gtf_direct	True	Yes	Ets; AT hook	Known motif	Monomer or homomultimer	True	MA0640.1;MA0640.2;MA0640.3	MA0640	Tryptophan cluster factors	Ets-related	P78545
ELF4	ELF4	1	ENSG00000102034	gtf_direct	True	Yes	Ets	Known motif	Monomer or homomultimer	True	MA0641.1	MA0641	Tryptophan cluster factors	Ets-related	Q99607
ELF5	ELF5	1	ENSG00000135374	gtf_direct	True	Yes	Ets	Known motif	Monomer or homomultimer	True	MA0136.2	MA0136	Tryptophan cluster factors	Ets-related	Q9UKW6
ELK1	ELK1	1	ENSG00000126767	gtf_direct	True	Yes	Ets	Known motif	Monomer or homomultimer	True	MA0028.1;MA0028.2;MA0028.3	MA0028	Tryptophan cluster factors	Ets-related	P19419
ELK3	ELK3	1	ENSG00000111145	gtf_direct	True	Yes	Ets	Known motif	Monomer or homomultimer	True	MA0759.1;MA0759.2;MA0759.3	MA0759	Tryptophan cluster factors	Ets-related	P41970
ELK4	ELK4	1	ENSG00000158711	gtf_direct	True	Yes	Ets	Known motif	Monomer or homomultimer	True	MA0076.1;MA0076.2;MA0076.3	MA0076	Tryptophan cluster factors	Ets-related	P28324
ELMSAN1	MIDEAS	2	ENSG00000156030	hgnc_alias	True	No	Myb/SANT	Unlikely to be sequence specific TF	Not a DNA binding protein	False					
ELP3	ELP3	1	ENSG00000134014	gtf_direct	False					False					
EMX1	EMX1	2	ENSG00000135638	gtf_direct	True	Yes	Homeodomain	Known motif	Monomer or homomultimer	True	MA0612.1;MA0612.2;MA0612.3	MA0612	Homeo domain factors	NK	Q04741
EMX2	EMX2	1	ENSG00000170370	gtf_direct	True	Yes	Homeodomain	Known motif	Monomer or homomultimer	True	MA0886.1;MA0886.2	MA0886	Homeo domain factors	NK	Q04743
EN1	EN1	1	ENSG00000163064	gtf_direct	True	Yes	Homeodomain	Known motif	Monomer or homomultimer	True	MA0027.2;MA0027.3	MA0027	Homeo domain factors	NK	Q05925
EN2	EN2	1	ENSG00000164778	gtf_direct	True	Yes	Homeodomain	Known motif	Monomer or homomultimer	True	MA0642.1;MA0642.2;MA0642.3	MA0642	Homeo domain factors	NK	P19622
ENO1	ENO1	1	ENSG00000074800	gtf_direct	True	No	Unknown	Unlikely to be sequence specific TF	Not a DNA binding protein	False					
EOMES	EOMES	1	ENSG00000163508	gtf_direct	True	Yes	T-box	Known motif	Monomer or homomultimer	True	MA0800.1;MA0800.2	MA0800	T-Box factors	TBrain-related factors	O95936
EP300	EP300	1	ENSG00000100393	gtf_direct	True	No	Unknown	Unlikely to be sequence specific TF	Not a DNA binding protein	False					
EP400	EP400	1	ENSG00000183495	gtf_direct	True	No	Unknown	Unlikely to be sequence specific TF	Low specificity DNA-binding protein	False					
EPAS1	EPAS1	1	ENSG00000116016	gtf_direct	True	Yes	bHLH	Known motif	Monomer or homomultimer	True	MA2325.1	MA2325	Basic helix-loop-helix factors (bHLH)	PAS domain factors	Q99814
ERCC2	ERCC2	1	ENSG00000104884	gtf_direct	False					False					
ERCC3	ERCC3	1	ENSG00000163161	gtf_direct	True	No	Unknown	Unlikely to be sequence specific TF	Low specificity DNA-binding protein	False					
ERCC6	ERCC6	1	ENSG00000225830	gtf_direct	False					False					
ERCC8	ERCC8	1	ENSG00000049167	gtf_direct	False					False					
ERF	ERF	1	ENSG00000105722	gtf_direct	True	Yes	Ets	Known motif	Monomer or homomultimer	True	MA0760.1;MA0760.2	MA0760	Tryptophan cluster factors	Ets-related	P50548
ERG	ERG	2	ENSG00000157554	gtf_direct	True	Yes	Ets	Known motif	Monomer or homomultimer	True	MA0474.2	MA0474	Tryptophan cluster factors	Ets-related	P11308
ESR1	ESR1	2	ENSG00000091831	gtf_direct	True	Yes	Nuclear receptor	Known motif	Monomer or homomultimer	True	MA0112.2;MA0112.3;MA0112.4	MA0112	Nuclear receptors with C4 zinc fingers	Steroid hormone receptors (NR3)	P03372
ESR2	ESR2	1	ENSG00000140009	gtf_direct	True	Yes	Nuclear receptor	Known motif	Monomer or homomultimer	True	MA0258.1;MA0258.2	MA0258	Nuclear receptors with C4 zinc fingers	Steroid hormone receptors (NR3)	Q92731
ESRRA	ESRRA	1	ENSG00000173153	gtf_direct	True	Yes	Nuclear receptor	Known motif	Monomer or homomultimer	True	MA0592.1;MA0592.3;MA0592.4	MA0592	Nuclear receptors with C4 zinc fingers	Steroid hormone receptors (NR3)	P11474
ESRRB	ESRRB	1	ENSG00000119715	gtf_direct	True	Yes	Nuclear receptor	Known motif	Monomer or homomultimer	True	MA0141.3;MA0141.4	MA0141	Nuclear receptors with C4 zinc fingers	Steroid hormone receptors (NR3)	O95718
ESRRG	ESRRG	5	ENSG00000196482	gtf_direct	True	Yes	Nuclear receptor	Known motif	Monomer or homomultimer	False					
ESX1	ESX1	1	ENSG00000123576	gtf_direct	True	Yes	Homeodomain	Known motif	Monomer or homomultimer	True	MA0644.1;MA0644.2;MA0644.3	MA0644	Homeo domain factors	Paired-related HD factors	Q8N693
ETF1	ETF1	1	ENSG00000120705	gtf_direct	False					False					
ETS1	ETS1	1	ENSG00000134954	gtf_direct	True	Yes	Ets	Known motif	Monomer or homomultimer	True	MA0098.1;MA0098.3;MA0098.4	MA0098	Tryptophan cluster factors	Ets-related	P14921
ETS2	ETS2	1	ENSG00000157557	gtf_direct	True	Yes	Ets	Known motif	Monomer or homomultimer	True	MA1484.1;MA1484.2	MA1484	Tryptophan cluster factors	Ets-related	P15036
ETV1	ETV1	1	ENSG00000006468	gtf_direct	True	Yes	Ets	Known motif	Monomer or homomultimer	True	MA0761.1;MA0761.2;MA0761.3	MA0761	Tryptophan cluster factors	Ets-related	P50549
ETV2	ETV2	1	ENSG00000105672	gtf_direct	True	Yes	Ets	Known motif	Monomer or homomultimer	True	MA0762.1;MA0762.2	MA0762	Tryptophan cluster factors	Ets-related	Q3KNT2
ETV3	ETV3	1	ENSG00000117036	gtf_direct	True	Yes	Ets	Known motif	Monomer or homomultimer	True	MA0763.1;MA0763.2	MA0763	Tryptophan cluster factors	Ets-related	P41162
ETV3L	ETV3L	1	ENSG00000253831	gtf_direct	True	Yes	Ets	Known motif	Monomer or homomultimer	False					
ETV4	ETV4	1	ENSG00000175832	gtf_direct	True	Yes	Ets	Known motif	Monomer or homomultimer	True	MA0764.1;MA0764.2;MA0764.3;MA0764.4	MA0764	Tryptophan cluster factors	Ets-related	P43268
ETV5	ETV5	1	ENSG00000244405	gtf_direct	True	Yes	Ets	Known motif	Monomer or homomultimer	True	MA0765.1;MA0765.2;MA0765.3;MA0765.4	MA0765	Tryptophan cluster factors	Ets-related	P41161
ETV6	ETV6	1	ENSG00000139083	gtf_direct	True	Yes	Ets	Known motif	Monomer or homomultimer	True	MA0645.1;MA0645.2	MA0645	Tryptophan cluster factors	Ets-related	P41212
ETV7	ETV7	1	ENSG00000010030	gtf_direct	True	Yes	Ets	Known motif	Monomer or homomultimer	True	MA1708.1;MA1708.2	MA1708	Tryptophan cluster factors	Ets-related	Q9Y603
EVX1	EVX1	1	ENSG00000106038	gtf_direct	True	Yes	Homeodomain	Known motif	Monomer or homomultimer	True	MA0887.1;MA0887.2	MA0887	Homeo domain factors	HOX	P49640
EVX2	EVX2	1	ENSG00000174279	gtf_direct	True	Yes	Homeodomain	Known motif	Monomer or homomultimer	True	MA0888.1;MA0888.2	MA0888	Homeo domain factors	HOX	Q03828
EWSR1	EWSR1	1	ENSG00000182944	gtf_direct	True	No	Unknown	ssDNA/RNA binding	Not a DNA binding protein	False					
EZH1	EZH1	1	ENSG00000108799	gtf_direct	True	No	Unknown	Unlikely to be sequence specific TF	Not a DNA binding protein	False					
EZH2	EZH2	1	ENSG00000106462	gtf_direct	True	No	Unknown	Unlikely to be sequence specific TF	Not a DNA binding protein	False					
FAM170A	FAM170A	1	ENSG00000164334	gtf_direct	True	Yes	C2H2 ZF	Likely to be sequence specific TF	Monomer or homomultimer	False					
FAM200B	FAM200B	1	ENSG00000237765	gtf_direct	True	Yes	BED ZF	Likely to be sequence specific TF	Monomer or homomultimer	True	MA2588.1	MA2588	C2H2 zinc finger factors	BED zinc finger factors	P0CF97
FBXL19	FBXL19	1	ENSG00000099364	gtf_direct	True	Yes	CxxC	Likely to be sequence specific TF	Monomer or homomultimer	False					
FBXO16	FBXO16	1	ENSG00000214050	gtf_direct	False					False					
FERD3L	FERD3L	1	ENSG00000146618	gtf_direct	True	Yes	bHLH	Known motif	Monomer or homomultimer	True	MA1485.1	MA1485	Basic helix-loop-helix factors (bHLH)	Tal-related	Q96RJ6
FEV	FEV	1	ENSG00000163497	gtf_direct	True	Yes	Ets	Known motif	Monomer or homomultimer	True	MA0156.2;MA0156.3;MA0156.4	MA0156	Tryptophan cluster factors	Ets-related	Q99581
FEZF1	FEZF1	1	ENSG00000128610	gtf_direct	True	Yes	C2H2 ZF	Known motif	Monomer or homomultimer	False					
FEZF2	FEZF2	1	ENSG00000153266	gtf_direct	True	Yes	C2H2 ZF	Inferred motif	Monomer or homomultimer	True	MA2341.1	MA2341	C2H2 zinc finger factors	More than 3 adjacent zinc fingers	Q8TBJ5
FGF3	FGF3	1	ENSG00000186895	gtf_direct	False					False					
FIGLA	FIGLA	1	ENSG00000183733	gtf_direct	True	Yes	bHLH	Known motif	Monomer or homomultimer	True	MA0820.1;MA0820.2	MA0820	Basic helix-loop-helix factors (bHLH)	Tal-related	Q6QHK4
FIZ1	FIZ1	1	ENSG00000179943	gtf_direct	True	Yes	C2H2 ZF	Likely to be sequence specific TF	Monomer or homomultimer	True	MA2521.1	MA2521	C2H2 zinc finger factors	Factors with multiple dispersed zinc fingers	Q96SL8
FLI1	FLI1	1	ENSG00000151702	gtf_direct	True	Yes	Ets	Known motif	Monomer or homomultimer	True	MA0475.1;MA0475.2;MA0475.3	MA0475	Tryptophan cluster factors	Ets-related	Q01543
FLYWCH1	FLYWCH1	1	ENSG00000059122	gtf_direct	True	Yes	FLYWCH	Likely to be sequence specific TF	Monomer or homomultimer	True	MA2513.1	MA2513		FLYWCH1	Q4VC44
FOS	FOS	2	ENSG00000170345	gtf_direct	True	Yes	bZIP	Known motif	Monomer or homomultimer	True	MA0476.1;MA0476.2;MA1951.1;MA1951.2	MA0476;MA1951	Basic leucine zipper factors (bZIP)	Fos-related	P01100
FOSB	FOSB	2	ENSG00000125740	gtf_direct	True	Yes	bZIP	Known motif	Monomer or homomultimer	False					
FOSL1	FOSL1	1	ENSG00000175592	gtf_direct	True	Yes	bZIP	Known motif	Monomer or homomultimer	True	MA0477.1;MA0477.2;MA0477.3	MA0477	Basic leucine zipper factors (bZIP)	Fos-related	P15407
FOSL2	FOSL2	1	ENSG00000075426	gtf_direct	True	Yes	bZIP	Known motif	Monomer or homomultimer	True	MA0478.1;MA0478.2	MA0478	Basic leucine zipper factors (bZIP)	Fos-related	P15408
FOXA1	FOXA1	1	ENSG00000129514	gtf_direct	True	Yes	Forkhead	Known motif	Monomer or homomultimer	True	MA0148.1;MA0148.2;MA0148.3;MA0148.4;MA0148.5	MA0148	Fork head/winged helix factors	FOX	P55317
FOXA2	FOXA2	1	ENSG00000125798	gtf_direct	True	Yes	Forkhead	Known motif	Monomer or homomultimer	True	MA0047.3;MA0047.4	MA0047	Fork head/winged helix factors	FOX	Q9Y261
FOXA3	FOXA3	1	ENSG00000170608	gtf_direct	True	Yes	Forkhead	Known motif	Monomer or homomultimer	True	MA1683.1;MA1683.2	MA1683	Fork head/winged helix factors	FOX	P55318
FOXB1	FOXB1	1	ENSG00000171956	gtf_direct	True	Yes	Forkhead	Known motif	Monomer or homomultimer	True	MA0845.1	MA0845	Fork head/winged helix factors	FOX	Q99853
FOXB2	FOXB2	1	ENSG00000204612	gtf_direct	True	Yes	Forkhead	Inferred motif	Monomer or homomultimer	False					
FOXC1	FOXC1	1	ENSG00000054598	gtf_direct	True	Yes	Forkhead	Known motif	Monomer or homomultimer	True	MA0032.1;MA0032.2	MA0032	Fork head/winged helix factors	FOX	Q12948
FOXC2	FOXC2	1	ENSG00000176692	gtf_direct	True	Yes	Forkhead	Known motif	Monomer or homomultimer	True	MA0846.1;MA0846.2	MA0846	Fork head/winged helix factors	FOX	Q99958
FOXD1	FOXD1	1	ENSG00000251493	gtf_direct	True	Yes	Forkhead	Known motif	Monomer or homomultimer	True	MA0031.1;MA0031.2	MA0031	Fork head/winged helix factors	FOX	Q16676
FOXD2	FOXD2	1	ENSG00000186564	gtf_direct	True	Yes	Forkhead	Known motif	Monomer or homomultimer	True	MA0847.1;MA0847.2;MA0847.3;MA0847.4	MA0847	Fork head/winged helix factors	FOX	O60548
FOXD3	FOXD3	2	ENSG00000187140	gtf_direct	True	Yes	Forkhead	Known motif	Monomer or homomultimer	True	MA0041.2;MA0041.3	MA0041	Fork head/winged helix factors	FOX	Q9UJU5
FOXD4	FOXD4	1	ENSG00000170122	gtf_direct	True	Yes	Forkhead	Inferred motif	Monomer or homomultimer	False					
FOXD4L1	FOXD4L1	1	ENSG00000184492	gtf_direct	True	Yes	Forkhead	Inferred motif	Monomer or homomultimer	False					
FOXE1	FOXE1	1	ENSG00000178919	gtf_direct	True	Yes	Forkhead	Known motif	Monomer or homomultimer	True	MA1487.1;MA1487.2;MA1487.3	MA1487	Fork head/winged helix factors	FOX	O00358
FOXE3	FOXE3	1	ENSG00000186790	gtf_direct	True	Yes	Forkhead	Inferred motif	Monomer or homomultimer	False					
FOXF1	FOXF1	1	ENSG00000103241	gtf_direct	True	Yes	Forkhead	Known motif	Monomer or homomultimer	False					
FOXF2	FOXF2	1	ENSG00000137273	gtf_direct	True	Yes	Forkhead	Known motif	Monomer or homomultimer	True	MA0030.1;MA0030.2	MA0030	Fork head/winged helix factors	FOX	Q12947
FOXG1	FOXG1	1	ENSG00000176165	gtf_direct	True	Yes	Forkhead	Known motif	Monomer or homomultimer	True	MA0613.1	MA0613	Fork head/winged helix factors	FOX	P55316
FOXH1	FOXH1	1	ENSG00000160973	gtf_direct	True	Yes	Forkhead	Known motif	Monomer or homomultimer	True	MA0479.1;MA0479.2	MA0479	Fork head/winged helix factors	FOX	O75593
FOXI1	FOXI1	1	ENSG00000168269	gtf_direct	True	Yes	Forkhead	Known motif	Monomer or homomultimer	True	MA0042.1;MA0042.2	MA0042	Fork head/winged helix factors	FOX	Q12951
FOXI2	FOXI2	1	ENSG00000186766	gtf_direct	True	Yes	Forkhead	Inferred motif	Monomer or homomultimer	False					
FOXI3	FOXI3	1	ENSG00000214336	gtf_direct	True	Yes	Forkhead	Inferred motif	Monomer or homomultimer	False					
FOXJ1	FOXJ1	1	ENSG00000129654	gtf_direct	True	Yes	Forkhead	Known motif	Monomer or homomultimer	False					
FOXJ2	FOXJ2	1	ENSG00000065970	gtf_direct	True	Yes	Forkhead	Known motif	Monomer or homomultimer	False					
FOXJ3	FOXJ3	1	ENSG00000198815	gtf_direct	True	Yes	Forkhead	Known motif	Monomer or homomultimer	False					
FOXK1	FOXK1	1	ENSG00000164916	gtf_direct	True	Yes	Forkhead	Known motif	Monomer or homomultimer	True	MA0852.2;MA0852.3	MA0852	Fork head/winged helix factors	FOX	P85037
FOXK2	FOXK2	1	ENSG00000141568	gtf_direct	True	Yes	Forkhead	Inferred motif	Monomer or homomultimer	True	MA1103.1;MA1103.2;MA1103.3	MA1103	Fork head/winged helix factors	FOX	Q01167
FOXL1	FOXL1	1	ENSG00000176678	gtf_direct	True	Yes	Forkhead	Known motif	Monomer or homomultimer	True	MA0033.1;MA0033.2	MA0033	Fork head/winged helix factors	FOX	Q12952
FOXL2	FOXL2	1	ENSG00000183770	gtf_direct	True	Yes	Forkhead	Known motif	Monomer or homomultimer	False					
FOXM1	FOXM1	1	ENSG00000111206	gtf_direct	True	Yes	Forkhead	Known motif	Monomer or homomultimer	True	MA2469.1	MA2469	Fork head/winged helix factors	FOX	Q08050
FOXN1	FOXN1	1	ENSG00000109101	gtf_direct	True	Yes	Forkhead	Known motif	Monomer or homomultimer	False					
FOXN2	FOXN2	1	ENSG00000170802	gtf_direct	True	Yes	Forkhead	Known motif	Monomer or homomultimer	False					
FOXN3	FOXN3	2	ENSG00000053254	gtf_direct	True	Yes	Forkhead	Known motif	Monomer or homomultimer	True	MA1489.1	MA1489	Fork head/winged helix factors	FOX	O00409
FOXN4	FOXN4	1	ENSG00000139445	gtf_direct	True	Yes	Forkhead	Known motif	Monomer or homomultimer	False					
FOXO1	FOXO1	1	ENSG00000150907	gtf_direct	True	Yes	Forkhead	Known motif	Monomer or homomultimer	False					
FOXO3	FOXO3	2	ENSG00000118689	gtf_direct	True	Yes	Forkhead	Known motif	Monomer or homomultimer	True	MA0157.2	MA0157	Fork head/winged helix factors	FOX	O43524
FOXO4	FOXO4	1	ENSG00000184481	gtf_direct	True	Yes	Forkhead	Known motif	Monomer or homomultimer	True	MA0848.1	MA0848	Fork head/winged helix factors	FOX	P98177
FOXO6	FOXO6	1	ENSG00000204060	gtf_direct	True	Yes	Forkhead	Known motif	Monomer or homomultimer	True	MA0849.1	MA0849	Fork head/winged helix factors	FOX	A8MYZ6
FOXP1	FOXP1	4	ENSG00000114861	gtf_direct	True	Yes	Forkhead	Known motif	Monomer or homomultimer	True	MA0481.1;MA0481.2;MA0481.3;MA0481.4	MA0481	Fork head/winged helix factors	FOX	Q9H334
FOXP2	FOXP2	2	ENSG00000128573	gtf_direct	True	Yes	Forkhead	Known motif	Monomer or homomultimer	True	MA0593.1;MA0593.2	MA0593	Fork head/winged helix factors	FOX	O15409
FOXP3	FOXP3	1	ENSG00000049768	gtf_direct	True	Yes	Forkhead	Known motif	Monomer or homomultimer	True	MA0850.1	MA0850	Fork head/winged helix factors	FOX	B7ZLG1
FOXP4	FOXP4	1	ENSG00000137166	gtf_direct	True	Yes	Forkhead	Inferred motif	Monomer or homomultimer	True	MA2117.1	MA2117	Fork head/winged helix factors	FOX	Q8IVH2
FOXQ1	FOXQ1	1	ENSG00000164379	gtf_direct	True	Yes	Forkhead	Known motif	Monomer or homomultimer	False					
FOXR1	FOXR1	1	ENSG00000176302	gtf_direct	True	Yes	Forkhead	Known motif	Monomer or homomultimer	False					
FOXR2	FOXR2	1	ENSG00000189299	gtf_direct	True	Yes	Forkhead	Known motif	Monomer or homomultimer	False					
FOXS1	FOXS1	1	ENSG00000179772	gtf_direct	True	Yes	Forkhead	Inferred motif	Monomer or homomultimer	True	MA2118.1	MA2118	Fork head/winged helix factors	FOX	O43638
FUBP1	FUBP1	1	ENSG00000162613	gtf_direct	True	No	Unknown	ssDNA/RNA binding	Not a DNA binding protein	False					
FUBP3	FUBP3	1	ENSG00000107164	gtf_direct	True	No	Unknown	ssDNA/RNA binding	Not a DNA binding protein	False					
FXN	FXN	1	ENSG00000165060	gtf_direct	False					False					
GABPA	GABPA	1	ENSG00000154727	gtf_direct	True	Yes	Ets	Known motif	Monomer or homomultimer	True	MA0062.1;MA0062.3;MA0062.4	MA0062	Tryptophan cluster factors	Ets-related	Q06546
GABPB1	GABPB1	1	ENSG00000104064	gtf_direct	True	No	Unknown	Unlikely to be sequence specific TF	Not a DNA binding protein	False					
GAS7	GAS7	1	ENSG00000007237	gtf_direct	True	No	Unknown	Unlikely to be sequence specific TF	Not a DNA binding protein	False					
GATA1	GATA1	1	ENSG00000102145	gtf_direct	True	Yes	GATA	Known motif	Monomer or homomultimer	True	MA0035.4;MA0035.5	MA0035	Other C4 zinc finger-type factors	C4-GATA-related	P15976
GATA2	GATA2	2	ENSG00000179348	gtf_direct	True	Yes	GATA	Known motif	Monomer or homomultimer	True	MA0036.1;MA0036.2;MA0036.3;MA0036.4	MA0036	Other C4 zinc finger-type factors	C4-GATA-related	P23769
GATA3	GATA3	1	ENSG00000107485	gtf_direct	True	Yes	GATA	Known motif	Monomer or homomultimer	True	MA0037.1;MA0037.2;MA0037.3	MA0037	Other C4 zinc finger-type factors	C4-GATA-related	P23771
GATA4	GATA4	1	ENSG00000136574	gtf_direct	True	Yes	GATA	Known motif	Monomer or homomultimer	True	MA0482.2;MA0482.3	MA0482	Other C4 zinc finger-type factors	C4-GATA-related	P43694
GATA5	GATA5	1	ENSG00000130700	gtf_direct	True	Yes	GATA	Known motif	Monomer or homomultimer	True	MA0766.1;MA0766.2;MA0766.3	MA0766	Other C4 zinc finger-type factors	C4-GATA-related	Q9BWX5
GATA6	GATA6	1	ENSG00000141448	gtf_direct	True	Yes	GATA	Known motif	Monomer or homomultimer	True	MA1104.1;MA1104.2;MA1104.3	MA1104	Other C4 zinc finger-type factors	C4-GATA-related	Q92908
GATAD1	GATAD1	1	ENSG00000157259	gtf_direct	True	No	GATA	Unlikely to be sequence specific TF	Not a DNA binding protein	False					
GATAD2A	GATAD2A	2	ENSG00000167491	gtf_direct	True	Yes	GATA	Likely to be sequence specific TF	Monomer or homomultimer	False					
GATAD2B	GATAD2B	1	ENSG00000143614	gtf_direct	True	Yes	GATA	Likely to be sequence specific TF	Monomer or homomultimer	False					
GBX1	GBX1	2	ENSG00000164900	gtf_direct	True	Yes	Homeodomain	Known motif	Monomer or homomultimer	True	MA0889.1;MA0889.2	MA0889	Homeo domain factors	HOX	Q14549
GBX2	GBX2	1	ENSG00000168505	gtf_direct	True	Yes	Homeodomain	Known motif	Monomer or homomultimer	True	MA0890.1;MA0890.2	MA0890	Homeo domain factors	HOX	P52951
GCFC2	GCFC2	1	ENSG00000005436	gtf_direct	True	No	Unknown	Unlikely to be sequence specific TF	Not a DNA binding protein	False					
GCM1	GCM1	1	ENSG00000137270	gtf_direct	True	Yes	GCM	Known motif	Monomer or homomultimer	True	MA0646.1;MA0646.2	MA0646	GCM domain factors	GCM	Q9NP62
GCM2	GCM2	1	ENSG00000124827	gtf_direct	True	Yes	GCM	Known motif	Monomer or homomultimer	True	MA0767.1;MA0767.2	MA0767	GCM domain factors	GCM	O75603
GFI1	GFI1	2	ENSG00000162676	gtf_direct	True	Yes	C2H2 ZF	Known motif	Monomer or homomultimer	True	MA0038.2;MA0038.3	MA0038	C2H2 zinc finger factors	More than 3 adjacent zinc fingers	Q99684
GFI1B	GFI1B	1	ENSG00000165702	gtf_direct	True	Yes	C2H2 ZF	Known motif	Monomer or homomultimer	False					
GLI1	GLI1	1	ENSG00000111087	gtf_direct	True	Yes	C2H2 ZF	Known motif	Monomer or homomultimer	False					
GLI2	GLI2	2	ENSG00000074047	gtf_direct	True	Yes	C2H2 ZF	Known motif	Monomer or homomultimer	True	MA0734.1;MA0734.2	MA0734	C2H2 zinc finger factors	More than 3 adjacent zinc fingers	P10070
GLI3	GLI3	1	ENSG00000106571	gtf_direct	True	Yes	C2H2 ZF	Known motif	Monomer or homomultimer	True	MA1491.1;MA1491.2;MA1491.3	MA1491	C2H2 zinc finger factors	More than 3 adjacent zinc fingers	P10071
GLI4	GLI4	1	ENSG00000250571	gtf_direct	True	Yes	C2H2 ZF	Known motif	Monomer or homomultimer	False					
GLIS1	GLIS1	1	ENSG00000174332	gtf_direct	True	Yes	C2H2 ZF	Known motif	Monomer or homomultimer	True	MA0735.1;MA0735.2	MA0735	C2H2 zinc finger factors	More than 3 adjacent zinc fingers	Q8NBF1
GLIS2	GLIS2	1	ENSG00000126603	gtf_direct	True	Yes	C2H2 ZF	Known motif	Monomer or homomultimer	True	MA0736.1	MA0736	C2H2 zinc finger factors	More than 3 adjacent zinc fingers	Q9BZE0
GLIS3	GLIS3	1	ENSG00000107249	gtf_direct	True	Yes	C2H2 ZF	Known motif	Monomer or homomultimer	True	MA0737.1	MA0737	C2H2 zinc finger factors	More than 3 adjacent zinc fingers	Q8NEA6
GLYR1	GLYR1	1	ENSG00000140632	gtf_direct	True	Yes	AT hook	Likely to be sequence specific TF	Monomer or homomultimer	False					
GMEB1	GMEB1	1	ENSG00000162419	gtf_direct	True	Yes	SAND	Known motif	Monomer or homomultimer	False					
GMEB2	GMEB2	1	ENSG00000101216	gtf_direct	True	Yes	SAND	Known motif	Monomer or homomultimer	True	MA0862.1	MA0862	SAND domain factors	GMEB	Q9UKD1
GON4L	GON4L	2	ENSG00000116580	gtf_direct	True	No	Unknown	Unlikely to be sequence specific TF	Not a DNA binding protein	False					
GPBP1	GPBP1	1	ENSG00000062194	gtf_direct	True	Yes	Unknown	Likely to be sequence specific TF	Monomer or homomultimer	False					
GPBP1L1	GPBP1L1	1	ENSG00000159592	gtf_direct	True	Yes	Unknown	Likely to be sequence specific TF	Monomer or homomultimer	False					
GRHL1	GRHL1	1	ENSG00000134317	gtf_direct	True	Yes	Grainyhead	Known motif	Monomer or homomultimer	True	MA0647.1;MA0647.2	MA0647	Grainyhead domain factors	Grainyhead-related factors	Q9NZI5
GRHL2	GRHL2	1	ENSG00000083307	gtf_direct	True	Yes	Grainyhead	Known motif	Monomer or homomultimer	True	MA1105.1;MA1105.2;MA1105.3	MA1105	Grainyhead domain factors	Grainyhead-related factors	Q6ISB3
GRHL3	GRHL3	1	ENSG00000158055	gtf_direct	True	Yes	Grainyhead	Likely to be sequence specific TF	Monomer or homomultimer	False					
GSC	GSC	1	ENSG00000133937	gtf_direct	True	Yes	Homeodomain	Known motif	Monomer or homomultimer	True	MA0648.1;MA0648.2	MA0648	Homeo domain factors	Paired-related HD factors	P56915
GSC2	GSC2	1	ENSG00000063515	gtf_direct	True	Yes	Homeodomain	Known motif	Monomer or homomultimer	True	MA0891.1;MA0891.2	MA0891	Homeo domain factors	Paired-related HD factors	O15499
GSX1	GSX1	1	ENSG00000169840	gtf_direct	True	Yes	Homeodomain	Known motif	Monomer or homomultimer	True	MA0892.1;MA0892.2	MA0892	Homeo domain factors	HOX	A4IFQ3
GSX2	GSX2	1	ENSG00000180613	gtf_direct	True	Yes	Homeodomain	Known motif	Monomer or homomultimer	True	MA0893.1;MA0893.2;MA0893.3	MA0893	Homeo domain factors	HOX	Q9BZM3
GTF2A1	GTF2A1	1	ENSG00000165417	gtf_direct	True	No	Unknown	Unlikely to be sequence specific TF	Low specificity DNA-binding protein	False					
GTF2A1L	GTF2A1L	1	ENSG00000242441	gtf_direct	True	No	Unknown	Unlikely to be sequence specific TF	Not a DNA binding protein	False					
GTF2A2	GTF2A2	1	ENSG00000140307	gtf_direct	True	No	Unknown	Unlikely to be sequence specific TF	Low specificity DNA-binding protein	False					
GTF2B	GTF2B	1	ENSG00000137947	gtf_direct	True	Yes	Unknown	Known motif	Low specificity DNA-binding protein	False					
GTF2E1	GTF2E1	1	ENSG00000153767	gtf_direct	False					False					
GTF2F1	GTF2F1	1	ENSG00000125651	gtf_direct	True	No	Unknown	Unlikely to be sequence specific TF	Not a DNA binding protein	False					
GTF2F2	GTF2F2	1	ENSG00000188342	gtf_direct	True	No	Unknown	Unlikely to be sequence specific TF	Low specificity DNA-binding protein	False					
GTF2H1	GTF2H1	1	ENSG00000110768	gtf_direct	True	No	Unknown	Unlikely to be sequence specific TF	Not a DNA binding protein	False					
GTF2H2	GTF2H2	1	ENSG00000145736	gtf_direct	True	No	Unknown	Unlikely to be sequence specific TF	Not a DNA binding protein	False					
GTF2H3	GTF2H3	1	ENSG00000111358	gtf_direct	True	No	Unknown	Unlikely to be sequence specific TF	Not a DNA binding protein	False					
GTF2I	GTF2I	1	ENSG00000263001	gtf_direct	True	Yes	GTF2I-like	Known motif	Monomer or homomultimer	False					
GTF2IRD1	GTF2IRD1	1	ENSG00000006704	gtf_direct	True	Yes	GTF2I-like	Known motif	Monomer or homomultimer	False					
GTF2IRD2	GTF2IRD2	1	ENSG00000196275	gtf_direct	True	Yes	GTF2I-like	Likely to be sequence specific TF	Monomer or homomultimer	False					
GTF2IRD2B	GTF2IRD2B	1	ENSG00000174428	gtf_direct	True	Yes	GTF2I-like	Likely to be sequence specific TF	Monomer or homomultimer	False					
GTF3A	GTF3A	1	ENSG00000122034	gtf_direct	True	Yes	C2H2 ZF	Known motif	Monomer or homomultimer	False					
GTF3C3	GTF3C3	1	ENSG00000119041	gtf_direct	False					False					
GZF1	GZF1	1	ENSG00000125812	gtf_direct	True	Yes	C2H2 ZF	Known motif	Monomer or homomultimer	False					
HAND1	HAND1	1	ENSG00000113196	gtf_direct	True	Yes	bHLH	Known motif	Obligate heteromer	False					
HAND2	HAND2	2	ENSG00000164107	gtf_direct	True	Yes	bHLH	Known motif	Monomer or homomultimer	True	MA1638.1;MA1638.2	MA1638	Basic helix-loop-helix factors (bHLH)	Tal-related	P61296
HBP1	HBP1	1	ENSG00000105856	gtf_direct	True	Yes	HMG/Sox	Known motif	Monomer or homomultimer	False					
HCFC1	HCFC1	1	ENSG00000172534	gtf_direct	True	No	Unknown	Unlikely to be sequence specific TF	Not a DNA binding protein	False					
HCLS1	HCLS1	1	ENSG00000180353	gtf_direct	False					False					
HDAC1	HDAC1	1	ENSG00000116478	gtf_direct	True	No	Unknown	Unlikely to be sequence specific TF	Not a DNA binding protein	False					
HDAC3	HDAC3	1	ENSG00000171720	gtf_direct	True	No	Unknown	Unlikely to be sequence specific TF	Not a DNA binding protein	False					
HDAC4	HDAC4	1	ENSG00000068024	gtf_direct	True	No	Unknown	Unlikely to be sequence specific TF	Not a DNA binding protein	False					
HDAC5	HDAC5	1	ENSG00000108840	gtf_direct	True	No	Unknown	Unlikely to be sequence specific TF	Not a DNA binding protein	False					
HDGF	HDGF	1	ENSG00000143321	gtf_direct	False					False					
HDX	HDX	1	ENSG00000165259	gtf_direct	True	Yes	Homeodomain	Known motif	Monomer or homomultimer	False					
HELT	HELT	1	ENSG00000187821	gtf_direct	True	Yes	bHLH	Inferred motif	Monomer or homomultimer	True	MA2628.1	MA2628	Basic helix-loop-helix factors (bHLH)	Hairy-related factors	A6NFD8
HELZ2	HELZ2	2	ENSG00000130589	gtf_direct	True	No	Unknown	Unlikely to be sequence specific TF	Not a DNA binding protein	False					
HES1	HES1	1	ENSG00000114315	gtf_direct	True	Yes	bHLH	Known motif	Monomer or homomultimer	True	MA1099.2;MA1099.3	MA1099	Basic helix-loop-helix factors (bHLH)	Hairy-related factors	Q14469
HES2	HES2	2	ENSG00000069812	gtf_direct	True	Yes	bHLH	Known motif	Monomer or homomultimer	True	MA0616.2;MA0616.3	MA0616	Basic helix-loop-helix factors (bHLH)	Hairy-related factors	Q9Y543
HES3	HES3	1	ENSG00000173673	gtf_direct	True	Yes	bHLH	Inferred motif	Monomer or homomultimer	False					
HES4	HES4	1	ENSG00000188290	gtf_direct	True	Yes	bHLH	Inferred motif	Monomer or homomultimer	False					
HES5	HES5	1	ENSG00000197921	gtf_direct	True	Yes	bHLH	Known motif	Monomer or homomultimer	True	MA0821.1;MA0821.2	MA0821	Basic helix-loop-helix factors (bHLH)	Hairy-related factors	Q5TA89
HES6	HES6	1	ENSG00000144485	gtf_direct	True	Yes	bHLH	Known motif	Monomer or homomultimer	True	MA1493.1	MA1493	Basic helix-loop-helix factors (bHLH)	Hairy-related factors	Q96HZ4
HES7	HES7	1	ENSG00000179111	gtf_direct	True	Yes	bHLH	Known motif	Monomer or homomultimer	True	MA0822.1	MA0822	Basic helix-loop-helix factors (bHLH)	Hairy-related factors	Q9BYE0
HESX1	HESX1	2	ENSG00000163666	gtf_direct	True	Yes	Homeodomain	Known motif	Monomer or homomultimer	True	MA0894.1;MA0894.2	MA0894	Homeo domain factors	Paired-related HD factors	Q9UBX0
HEY1	HEY1	1	ENSG00000164683	gtf_direct	True	Yes	bHLH	Known motif	Monomer or homomultimer	True	MA0823.1	MA0823	Basic helix-loop-helix factors (bHLH)	Hairy-related factors	Q9Y5J3
HEY2	HEY2	1	ENSG00000135547	gtf_direct	True	Yes	bHLH	Known motif	Monomer or homomultimer	True	MA0649.1;MA0649.2	MA0649	Basic helix-loop-helix factors (bHLH)	Hairy-related factors	Q9UBP5
HEYL	HEYL	1	ENSG00000163909	gtf_direct	True	Yes	bHLH	Inferred motif	Monomer or homomultimer	False					
HHEX	HHEX	1	ENSG00000152804	gtf_direct	True	Yes	Homeodomain	Inferred motif	Monomer or homomultimer	False					
HIC1	HIC1	1	ENSG00000177374	gtf_direct	True	Yes	C2H2 ZF	Known motif	Monomer or homomultimer	False					
HIC2	HIC2	2	ENSG00000169635	gtf_direct	True	Yes	C2H2 ZF	Known motif	Monomer or homomultimer	True	MA0738.1;MA0738.2	MA0738	C2H2 zinc finger factors	Factors with multiple dispersed zinc fingers	Q96JB3
HIF1A	HIF1A	1	ENSG00000100644	gtf_direct	True	Yes	bHLH	Known motif	Obligate heteromer	True	MA1106.1;MA1106.2	MA1106	Basic helix-loop-helix factors (bHLH)	PAS domain factors	Q16665
HIF3A	HIF3A	2	ENSG00000124440	gtf_direct	True	Yes	bHLH	Inferred motif	Obligate heteromer	True	MA2674.1	MA2674	Homeo domain factors	PAS	Q9Y2N7
HINFP	HINFP	1	ENSG00000172273	gtf_direct	True	Yes	C2H2 ZF	Known motif	Monomer or homomultimer	True	MA0131.1;MA0131.2;MA0131.3	MA0131	C2H2 zinc finger factors	Factors with multiple dispersed zinc fingers	Q9BQA5
HIRA	HIRA	2	ENSG00000100084	gtf_direct	True	No	Unknown	Unlikely to be sequence specific TF	Not a DNA binding protein	False					
HIVEP1	HIVEP1	1	ENSG00000095951	gtf_direct	True	Yes	C2H2 ZF	Known motif	Monomer or homomultimer	False					
HIVEP2	HIVEP2	1	ENSG00000010818	gtf_direct	True	Yes	C2H2 ZF	Known motif	Monomer or homomultimer	False					
HIVEP3	HIVEP3	3	ENSG00000127124	gtf_direct	True	Yes	C2H2 ZF	Inferred motif	Monomer or homomultimer	False					
HKR1	ZNF875	2	ENSG00000181666	hgnc_alias	True	Yes	C2H2 ZF	Known motif	Monomer or homomultimer	False					
HLF	HLF	2	ENSG00000108924	gtf_direct	True	Yes	bZIP	Known motif	Monomer or homomultimer	True	MA0043.1;MA0043.2;MA0043.3;MA0043.4	MA0043	Basic leucine zipper factors (bZIP)	CEBP-related	Q16534
HLTF	HLTF	1	ENSG00000071794	gtf_direct	True	No	Unknown	ssDNA/RNA binding	Not a DNA binding protein	False					
HLX	HLX	1	ENSG00000136630	gtf_direct	True	Yes	Homeodomain	Known motif	Monomer or homomultimer	False					
HMBOX1	HMBOX1	1	ENSG00000147421	gtf_direct	True	Yes	Homeodomain	Known motif	Monomer or homomultimer	True	MA0895.1;MA0895.2	MA0895	Homeo domain factors	POU domain factors	Q6NT76
HMG20A	HMG20A	1	ENSG00000140382	gtf_direct	True	Yes	HMG/Sox	Likely to be sequence specific TF	Monomer or homomultimer	False					
HMG20B	HMG20B	2	ENSG00000064961	gtf_direct	True	Yes	HMG/Sox	Inferred motif	Monomer or homomultimer	False					
HMGA1	HMGA1	1	ENSG00000137309	gtf_direct	True	Yes	AT hook	Known motif	Monomer or homomultimer	False					
HMGA2	HMGA2	1	ENSG00000149948	gtf_direct	True	Yes	AT hook	Known motif	Monomer or homomultimer	False					
HMGB1	HMGB1	2	ENSG00000189403	gtf_direct	True	No	HMG/Sox	Unlikely to be sequence specific TF	Low specificity DNA-binding protein	False					
HMGB2	HMGB2	1	ENSG00000164104	gtf_direct	True	No	HMG/Sox	Unlikely to be sequence specific TF	Low specificity DNA-binding protein	False					
HMGB3	HMGB3	1	ENSG00000029993	gtf_direct	True	No	HMG/Sox	Unlikely to be sequence specific TF	Low specificity DNA-binding protein	False					
HMGB4	HMGB4	1	ENSG00000176256	gtf_direct	True	No	HMG/Sox	Unlikely to be sequence specific TF	Low specificity DNA-binding protein	False					
HMGN2	HMGN2	1	ENSG00000198830	gtf_direct	False					False					
HMGN3	HMGN3	1	ENSG00000118418	gtf_direct	True	Yes	HMG/Sox	Likely to be sequence specific TF	Low specificity DNA-binding protein	False					
HMGXB3	HMGXB3	1	ENSG00000113716	gtf_direct	True	No	HMG/Sox	Unlikely to be sequence specific TF	Low specificity DNA-binding protein	False					
HMGXB4	HMGXB4	1	ENSG00000100281	gtf_direct	True	No	HMG/Sox	Unlikely to be sequence specific TF	Low specificity DNA-binding protein	False					
HMX1	HMX1	1	ENSG00000215612	gtf_direct	True	Yes	Homeodomain	Known motif	Monomer or homomultimer	False					
HMX2	HMX2	1	ENSG00000188816	gtf_direct	True	Yes	Homeodomain	Known motif	Monomer or homomultimer	False					
HMX3	HMX3	1	ENSG00000188620	gtf_direct	True	Yes	Homeodomain	Known motif	Monomer or homomultimer	False					
HNF1A	HNF1A	1	ENSG00000135100	gtf_direct	True	Yes	Homeodomain	Known motif	Monomer or homomultimer	True	MA0046.2;MA0046.3	MA0046	Homeo domain factors	POU domain factors	P20823
HNF1B	HNF1B	1	ENSG00000275410	gtf_direct	True	Yes	Homeodomain	Known motif	Monomer or homomultimer	True	MA0153.2	MA0153	Homeo domain factors	POU domain factors	P35680
HNF4A	HNF4A	1	ENSG00000101076	gtf_direct	True	Yes	Nuclear receptor	Known motif	Monomer or homomultimer	True	MA0114.2;MA0114.4;MA0114.5;MA1494.1;MA1494.2	MA0114;MA1494	Nuclear receptors with C4 zinc fingers	RXR-related receptors (NR2)	P41235
HNF4G	HNF4G	2	ENSG00000164749	gtf_direct	True	Yes	Nuclear receptor	Known motif	Monomer or homomultimer	True	MA0484.1;MA0484.2;MA0484.3	MA0484	Nuclear receptors with C4 zinc fingers	RXR-related receptors (NR2)	Q14541
HNRNPK	HNRNPK	1	ENSG00000165119	gtf_direct	True	No	Unknown	ssDNA/RNA binding	Not a DNA binding protein	False					
HNRNPU	HNRNPU	1	ENSG00000153187	gtf_direct	True	No	Unknown	ssDNA/RNA binding	Not a DNA binding protein	False					
HOMEZ	HOMEZ	1	ENSG00000290292	gtf_direct	True	Yes	Homeodomain	Known motif	Monomer or homomultimer	True	MA2675.1	MA2675	Homeo domain factors	HD-ZF	Q8IX15
HOPX	HOPX	2	ENSG00000171476	gtf_direct	True	No	Homeodomain	Unlikely to be sequence specific TF	Not a DNA binding protein	False					
HOXA1	HOXA1	1	ENSG00000105991	gtf_direct	True	Yes	Homeodomain	Known motif	Monomer or homomultimer	True	MA1495.1;MA1495.2	MA1495	Homeo domain factors	HOX	P49639
HOXA10	HOXA10	1	ENSG00000253293	gtf_direct	True	Yes	Homeodomain	Known motif	Monomer or homomultimer	True	MA0899.1;MA0899.2	MA0899	Homeo domain factors	HOX	P31260
HOXA11	HOXA11	1	ENSG00000005073	gtf_direct	True	Yes	Homeodomain	Known motif	Monomer or homomultimer	False					
HOXA13	HOXA13	1	ENSG00000106031	gtf_direct	True	Yes	Homeodomain	Known motif	Monomer or homomultimer	True	MA0650.1;MA0650.2	MA0650	Homeo domain factors	HOX	P31271
HOXA2	HOXA2	1	ENSG00000105996	gtf_direct	True	Yes	Homeodomain	Known motif	Monomer or homomultimer	True	MA0900.1;MA0900.2;MA0900.3	MA0900	Homeo domain factors	HOX	O43364
HOXA3	HOXA3	2	ENSG00000105997	gtf_direct	True	Yes	Homeodomain	Known motif	Monomer or homomultimer	True	MA2119.1	MA2119	Homeo domain factors	HOX	O43365
HOXA4	HOXA4	1	ENSG00000197576	gtf_direct	True	Yes	Homeodomain	Known motif	Monomer or homomultimer	True	MA1496.1;MA1496.2	MA1496	Homeo domain factors	HOX	Q00056
HOXA5	HOXA5	1	ENSG00000106004	gtf_direct	True	Yes	Homeodomain	Known motif	Monomer or homomultimer	True	MA0158.2	MA0158	Homeo domain factors	HOX	P20719
HOXA6	HOXA6	1	ENSG00000106006	gtf_direct	True	Yes	Homeodomain	Known motif	Monomer or homomultimer	True	MA1497.1;MA1497.2	MA1497	Homeo domain factors	HOX	P31267
HOXA7	HOXA7	1	ENSG00000122592	gtf_direct	True	Yes	Homeodomain	Known motif	Monomer or homomultimer	True	MA1498.1;MA1498.2;MA1498.3	MA1498	Homeo domain factors	HOX	P31268
HOXA9	HOXA9	1	ENSG00000078399	gtf_direct	True	Yes	Homeodomain	Known motif	Monomer or homomultimer	True	MA0594.2;MA0594.3	MA0594	Homeo domain factors	HOX	P31269
HOXB1	HOXB1	1	ENSG00000120094	gtf_direct	True	Yes	Homeodomain	Known motif	Monomer or homomultimer	True	MA2093.1	MA2093	Homeo domain factors	HOX	P14653
HOXB13	HOXB13	1	ENSG00000159184	gtf_direct	True	Yes	Homeodomain	Known motif	Monomer or homomultimer	True	MA0901.1;MA0901.2;MA0901.3	MA0901	Homeo domain factors	HOX	Q92826
HOXB2	HOXB2	1	ENSG00000173917	gtf_direct	True	Yes	Homeodomain	Known motif	Monomer or homomultimer	True	MA0902.1;MA0902.2;MA0902.3	MA0902	Homeo domain factors	HOX	P14652
HOXB3	HOXB3	1	ENSG00000120093	gtf_direct	True	Yes	Homeodomain	Known motif	Monomer or homomultimer	True	MA0903.1;MA0903.2	MA0903	Homeo domain factors	HOX	P14651
HOXB4	HOXB4	1	ENSG00000182742	gtf_direct	True	Yes	Homeodomain	Known motif	Monomer or homomultimer	True	MA1499.1;MA1499.2	MA1499	Homeo domain factors	HOX	P17483
HOXB5	HOXB5	1	ENSG00000120075	gtf_direct	True	Yes	Homeodomain	Known motif	Monomer or homomultimer	True	MA0904.2;MA0904.3	MA0904	Homeo domain factors	HOX	P09067
HOXB6	HOXB6	2	ENSG00000108511	gtf_direct	True	Yes	Homeodomain	Known motif	Monomer or homomultimer	True	MA1500.1;MA1500.2	MA1500	Homeo domain factors	HOX	P17509
HOXB7	HOXB7	1	ENSG00000260027	gtf_direct	True	Yes	Homeodomain	Known motif	Monomer or homomultimer	True	MA1501.1;MA1501.2	MA1501	Homeo domain factors	HOX	P09629
HOXB8	HOXB8	2	ENSG00000120068	gtf_direct	True	Yes	Homeodomain	Known motif	Monomer or homomultimer	True	MA1502.1;MA1502.2	MA1502	Homeo domain factors	HOX	P17481
HOXB9	HOXB9	1	ENSG00000170689	gtf_direct	True	Yes	Homeodomain	Known motif	Monomer or homomultimer	True	MA1503.1;MA1503.2	MA1503	Homeo domain factors	HOX	P17482
HOXC10	HOXC10	1	ENSG00000180818	gtf_direct	True	Yes	Homeodomain	Known motif	Monomer or homomultimer	True	MA0905.1;MA0905.2	MA0905	Homeo domain factors	HOX	Q9NYD6
HOXC11	HOXC11	1	ENSG00000123388	gtf_direct	True	Yes	Homeodomain	Known motif	Monomer or homomultimer	True	MA0651.1;MA0651.2;MA0651.3	MA0651	Homeo domain factors	HOX	O43248
HOXC12	HOXC12	1	ENSG00000123407	gtf_direct	True	Yes	Homeodomain	Known motif	Monomer or homomultimer	True	MA0906.1;MA0906.2	MA0906	Homeo domain factors	HOX	P31275
HOXC13	HOXC13	1	ENSG00000123364	gtf_direct	True	Yes	Homeodomain	Known motif	Monomer or homomultimer	True	MA0907.1;MA0907.2	MA0907	Homeo domain factors	HOX	P31276
HOXC4	HOXC4	1	ENSG00000198353	gtf_direct	True	Yes	Homeodomain	Known motif	Monomer or homomultimer	True	MA1504.1;MA1504.2	MA1504	Homeo domain factors	HOX	P09017
HOXC5	HOXC5	1	ENSG00000172789	gtf_direct	True	Yes	Homeodomain	Known motif	Monomer or homomultimer	False					
HOXC6	HOXC6	1	ENSG00000197757	gtf_direct	True	Yes	Homeodomain	Known motif	Monomer or homomultimer	False					
HOXC8	HOXC8	1	ENSG00000037965	gtf_direct	True	Yes	Homeodomain	Known motif	Monomer or homomultimer	True	MA1505.1;MA1505.2	MA1505	Homeo domain factors	HOX	P31273
HOXC9	HOXC9	1	ENSG00000180806	gtf_direct	True	Yes	Homeodomain	Known motif	Monomer or homomultimer	True	MA0485.2;MA0485.3	MA0485	Homeo domain factors	HOX	P31274
HOXD1	HOXD1	1	ENSG00000128645	gtf_direct	True	Yes	Homeodomain	Known motif	Monomer or homomultimer	True	MA2677.1	MA2677	Homeo domain factors	HOX	Q9GZZ0
HOXD10	HOXD10	2	ENSG00000128710	gtf_direct	True	Yes	Homeodomain	Known motif	Monomer or homomultimer	True	MA1506.1;MA1506.2	MA1506	Homeo domain factors	HOX	P28358
HOXD11	HOXD11	1	ENSG00000128713	gtf_direct	True	Yes	Homeodomain	Known motif	Monomer or homomultimer	True	MA0908.1;MA0908.2	MA0908	Homeo domain factors	HOX	P31277
HOXD12	HOXD12	1	ENSG00000170178	gtf_direct	True	Yes	Homeodomain	Known motif	Monomer or homomultimer	True	MA0873.1;MA0873.2	MA0873	Homeo domain factors	HOX	P35452
HOXD13	HOXD13	1	ENSG00000128714	gtf_direct	True	Yes	Homeodomain	Known motif	Monomer or homomultimer	True	MA0909.1;MA0909.2	MA0909	Homeo domain factors	HOX	P35453
HOXD3	HOXD3	1	ENSG00000128652	gtf_direct	True	Yes	Homeodomain	Known motif	Monomer or homomultimer	True	MA0912.2	MA0912	Homeo domain factors	HOX	P31249
HOXD4	HOXD4	1	ENSG00000170166	gtf_direct	True	Yes	Homeodomain	Known motif	Monomer or homomultimer	True	MA1507.1;MA1507.2	MA1507	Homeo domain factors	HOX	P09016
HOXD8	HOXD8	1	ENSG00000175879	gtf_direct	True	Yes	Homeodomain	Known motif	Monomer or homomultimer	True	MA0910.2;MA0910.3	MA0910	Homeo domain factors	HOX	P13378
HOXD9	HOXD9	1	ENSG00000128709	gtf_direct	True	Yes	Homeodomain	Known motif	Monomer or homomultimer	True	MA0913.2;MA0913.3	MA0913	Homeo domain factors	HOX	P28356
HR	HR	2	ENSG00000168453	gtf_direct	True	No	Unknown	Unlikely to be sequence specific TF	Not a DNA binding protein	False					
HSF1	HSF1	1	ENSG00000185122	gtf_direct	True	Yes	HSF	Known motif	Monomer or homomultimer	True	MA0486.1;MA0486.2	MA0486	Heat shock factors	HSF factors	Q00613
HSF2	HSF2	1	ENSG00000025156	gtf_direct	True	Yes	HSF	Known motif	Monomer or homomultimer	True	MA0770.1	MA0770	Heat shock factors	HSF factors	Q03933
HSF4	HSF4	1	ENSG00000102878	gtf_direct	True	Yes	HSF	Known motif	Monomer or homomultimer	True	MA0771.1	MA0771	Heat shock factors	HSF factors	Q9ULV5
HSF5	HSF5	1	ENSG00000176160	gtf_direct	True	Yes	HSF	Known motif	Monomer or homomultimer	True	MA2676.1	MA2676	Heat shock factors	HSF factors	Q4G112
HSFX1	HSFX1	1	ENSG00000171116	gtf_direct	True	Yes	HSF	Likely to be sequence specific TF	Monomer or homomultimer	False					
HSFX2	HSFX2	1	ENSG00000268738	gtf_direct	True	Yes	HSF	Likely to be sequence specific TF	Monomer or homomultimer	False					
HSFY1	HSFY1	1	ENSG00000172468	gtf_direct	True	Yes	HSF	Known motif	Monomer or homomultimer	False					
HSFY2	HSFY2	1	ENSG00000169953	gtf_direct	True	Yes	HSF	Known motif	Monomer or homomultimer	False					
ID1	ID1	1	ENSG00000125968	gtf_direct	True	No	bHLH	Unlikely to be sequence specific TF	Not a DNA binding protein	False					
ID2	ID2	2	ENSG00000115738	gtf_direct	True	No	bHLH	Unlikely to be sequence specific TF	Not a DNA binding protein	False					
ID3	ID3	1	ENSG00000117318	gtf_direct	True	No	bHLH	Unlikely to be sequence specific TF	Not a DNA binding protein	False					
ID4	ID4	1	ENSG00000172201	gtf_direct	True	No	bHLH	Unlikely to be sequence specific TF	Not a DNA binding protein	False					
IFI16	IFI16	1	ENSG00000163565	gtf_direct	True	No	Unknown	Unlikely to be sequence specific TF	Low specificity DNA-binding protein	False					
IGFBP1	IGFBP1	1	ENSG00000146678	gtf_direct	False					False					
IGHMBP2	IGHMBP2	1	ENSG00000132740	gtf_direct	False					False					
IKZF1	IKZF1	1	ENSG00000185811	gtf_direct	True	Yes	C2H2 ZF	Known motif	Monomer or homomultimer	True	MA1508.1;MA1508.2	MA1508	C2H2 zinc finger factors	Factors with multiple dispersed zinc fingers	Q13422
IKZF2	IKZF2	2	ENSG00000030419	gtf_direct	True	Yes	C2H2 ZF	Known motif	Monomer or homomultimer	True	MA2326.1	MA2326	C2H2 zinc finger factors	Factors with multiple dispersed zinc fingers	Q9UKS7
IKZF3	IKZF3	1	ENSG00000161405	gtf_direct	True	Yes	C2H2 ZF	Known motif	Monomer or homomultimer	False					
IKZF4	IKZF4	2	ENSG00000123411	gtf_direct	True	Yes	C2H2 ZF	Inferred motif	Monomer or homomultimer	False					
IKZF5	IKZF5	1	ENSG00000095574	gtf_direct	True	Yes	C2H2 ZF	Inferred motif	Monomer or homomultimer	False					
ILF2	ILF2	1	ENSG00000143621	gtf_direct	False					False					
ILF3	ILF3	1	ENSG00000129351	gtf_direct	False					False					
ING1	ING1	2	ENSG00000153487	gtf_direct	False					False					
ING4	ING4	1	ENSG00000111653	gtf_direct	True	No	Unknown	Unlikely to be sequence specific TF	Not a DNA binding protein	False					
INSM1	INSM1	1	ENSG00000173404	gtf_direct	True	Yes	C2H2 ZF	Known motif	Monomer or homomultimer	True	MA0155.1	MA0155	C2H2 zinc finger factors	Factors with multiple dispersed zinc fingers	Q01101
INSM2	INSM2	1	ENSG00000168348	gtf_direct	True	Yes	C2H2 ZF	Likely to be sequence specific TF	Monomer or homomultimer	False					
IRF1	IRF1	1	ENSG00000125347	gtf_direct	True	Yes	IRF	Known motif	Monomer or homomultimer	True	MA0050.1;MA0050.2	MA0050	Tryptophan cluster factors	Interferon-regulatory factors	P10914
IRF2	IRF2	1	ENSG00000168310	gtf_direct	True	Yes	IRF	Known motif	Monomer or homomultimer	True	MA0051.1;MA0051.2	MA0051	Tryptophan cluster factors	Interferon-regulatory factors	P14316
IRF3	IRF3	1	ENSG00000126456	gtf_direct	True	Yes	IRF	Known motif	Monomer or homomultimer	True	MA1418.1;MA1418.2	MA1418	Tryptophan cluster factors	Interferon-regulatory factors	Q14653
IRF4	IRF4	2	ENSG00000137265	gtf_direct	True	Yes	IRF	Known motif	Monomer or homomultimer	True	MA1419.1;MA1419.2	MA1419	Tryptophan cluster factors	Interferon-regulatory factors	Q15306
IRF5	IRF5	2	ENSG00000128604	gtf_direct	True	Yes	IRF	Known motif	Monomer or homomultimer	True	MA1420.1	MA1420	Tryptophan cluster factors	Interferon-regulatory factors	Q13568
IRF6	IRF6	1	ENSG00000117595	gtf_direct	True	Yes	IRF	Known motif	Monomer or homomultimer	True	MA1509.1	MA1509	Tryptophan cluster factors	Interferon-regulatory factors	O14896
IRF7	IRF7	1	ENSG00000185507	gtf_direct	True	Yes	IRF	Known motif	Monomer or homomultimer	True	MA0772.1;MA0772.2	MA0772	Tryptophan cluster factors	Interferon-regulatory factors	Q92985
IRF8	IRF8	1	ENSG00000140968	gtf_direct	True	Yes	IRF	Known motif	Monomer or homomultimer	True	MA0652.1;MA0652.2	MA0652	Tryptophan cluster factors	Interferon-regulatory factors	Q02556
IRF9	IRF9	1	ENSG00000213928	gtf_direct	True	Yes	IRF	Known motif	Monomer or homomultimer	True	MA0653.1	MA0653	Tryptophan cluster factors	Interferon-regulatory factors	Q00978
IRX1	IRX1	1	ENSG00000170549	gtf_direct	True	Yes	Homeodomain	Known motif	Monomer or homomultimer	True	MA2678.1	MA2678	Homeo domain factors	TALE-type HD	P78414
IRX2	IRX2	1	ENSG00000170561	gtf_direct	True	Yes	Homeodomain	Known motif	Monomer or homomultimer	True	MA2679.1	MA2679	Homeo domain factors	TALE-type HD	Q9BZI1
IRX3	IRX3	1	ENSG00000177508	gtf_direct	True	Yes	Homeodomain	Known motif	Monomer or homomultimer	False					
IRX4	IRX4	1	ENSG00000113430	gtf_direct	True	Yes	Homeodomain	Known motif	Monomer or homomultimer	False					
IRX5	IRX5	1	ENSG00000176842	gtf_direct	True	Yes	Homeodomain	Known motif	Monomer or homomultimer	True	MA2680.1	MA2680	Homeo domain factors	TALE-type HD	P78411
IRX6	IRX6	1	ENSG00000159387	gtf_direct	True	Yes	Homeodomain	Inferred motif	Monomer or homomultimer	False					
ISL1	ISL1	2	ENSG00000016082	gtf_direct	True	Yes	Homeodomain	Known motif	Monomer or homomultimer	False					
ISL2	ISL2	1	ENSG00000159556	gtf_direct	True	Yes	Homeodomain	Known motif	Monomer or homomultimer	True	MA0914.1;MA0914.2	MA0914	Homeo domain factors	HD-LIM	Q96A47
ISX	ISX	1	ENSG00000175329	gtf_direct	True	Yes	Homeodomain	Known motif	Monomer or homomultimer	True	MA0654.1;MA0654.2	MA0654	Homeo domain factors	Paired-related HD factors	Q2M1V0
JAZF1	JAZF1	1	ENSG00000153814	gtf_direct	True	Yes	C2H2 ZF	Likely to be sequence specific TF	Monomer or homomultimer	False					
JDP2	JDP2	1	ENSG00000140044	gtf_direct	True	Yes	bZIP	Known motif	Monomer or homomultimer	True	MA0655.1;MA0656.1;MA0656.2	MA0655;MA0656	Basic leucine zipper factors (bZIP)	Fos-related	Q8WYK2
JRK	JRK	2	ENSG00000234616	gtf_direct	True	Yes	CENPB	Likely to be sequence specific TF	Monomer or homomultimer	False					
JRKL	JRKL	1	ENSG00000183340	gtf_direct	True	Yes	CENPB	Inferred motif	Monomer or homomultimer	False					
JUN	JUN	1	ENSG00000177606	gtf_direct	True	Yes	bZIP	Known motif	Monomer or homomultimer	True	MA0488.1;MA0488.2;MA0489.1	MA0488;MA0489	Basic leucine zipper factors (bZIP)	Jun-related	P05412
JUNB	JUNB	1	ENSG00000171223	gtf_direct	True	Yes	bZIP	Known motif	Monomer or homomultimer	True	MA0490.1;MA0490.2;MA0490.3;MA1140.1;MA1140.2;MA1140.3	MA0490;MA1140	Basic leucine zipper factors (bZIP)	Jun-related	P17275
JUND	JUND	1	ENSG00000130522	gtf_direct	True	Yes	bZIP	Known motif	Monomer or homomultimer	True	MA0491.1;MA0491.2;MA0491.3;MA0492.1;MA0492.2	MA0491;MA0492	Basic leucine zipper factors (bZIP)	Jun-related	P17535
JUP	JUP	1	ENSG00000173801	gtf_direct	True	No	Unknown	Unlikely to be sequence specific TF	Not a DNA binding protein	False					
KAT2A	KAT2A	1	ENSG00000108773	gtf_direct	True	No	Unknown	Unlikely to be sequence specific TF	Not a DNA binding protein	False					
KAT7	KAT7	1	ENSG00000136504	gtf_direct	True	Yes	C2H2 ZF	Likely to be sequence specific TF	Monomer or homomultimer	False					
KCMF1	KCMF1	1	ENSG00000176407	gtf_direct	True	Yes	C2H2 ZF	Likely to be sequence specific TF	Monomer or homomultimer	False					
KCNIP3	KCNIP3	1	ENSG00000115041	gtf_direct	True	Yes	Unknown	Likely to be sequence specific TF	Monomer or homomultimer	False					
KDM2A	KDM2A	1	ENSG00000173120	gtf_direct	True	Yes	CxxC	Likely to be sequence specific TF	Monomer or homomultimer	False					
KDM2B	KDM2B	2	ENSG00000089094	gtf_direct	True	Yes	CxxC	Known motif	Monomer or homomultimer	False					
KDM4C	KDM4C	1	ENSG00000107077	gtf_direct	False					False					
KDM4E	KDM4E	1	ENSG00000235268	gtf_direct	False					False					
KDM5B	KDM5B	1	ENSG00000117139	gtf_direct	True	Yes	ARID/BRIGHT	Likely to be sequence specific TF	Monomer or homomultimer	False					
KDM5C	KDM5C	1	ENSG00000126012	gtf_direct	True	No	ARID/BRIGHT	Unlikely to be sequence specific TF	Low specificity DNA-binding protein	False					
KIAA1549	KIAA1549	1	ENSG00000122778	gtf_direct	True	No	Unknown	Unlikely to be sequence specific TF	Not a DNA binding protein	False					
KIAA2018	USF3	1	ENSG00000176542	hgnc_alias	True	Yes	bHLH	Likely to be sequence specific TF	Monomer or homomultimer	True	MA2601.1	MA2601	Basic helix-loop-helix factors (bHLH)	bHLH-ZIP	Q68DE3
KIN	KIN	1	ENSG00000151657	gtf_direct	True	Yes	C2H2 ZF	Likely to be sequence specific TF	Monomer or homomultimer	False					
KLF1	KLF1	1	ENSG00000105610	gtf_direct	True	Yes	C2H2 ZF	Known motif	Monomer or homomultimer	True	MA0493.2;MA0493.3	MA0493	C2H2 zinc finger factors	Three-zinc finger Kruppel-related	Q13351
KLF10	KLF10	2	ENSG00000155090	gtf_direct	True	Yes	C2H2 ZF	Known motif	Monomer or homomultimer	True	MA1511.1;MA1511.2	MA1511	C2H2 zinc finger factors	Three-zinc finger Kruppel-related	Q13118
KLF11	KLF11	1	ENSG00000172059	gtf_direct	True	Yes	C2H2 ZF	Known motif	Monomer or homomultimer	True	MA1512.1;MA1512.2	MA1512	C2H2 zinc finger factors	Three-zinc finger Kruppel-related	O14901
KLF12	KLF12	1	ENSG00000118922	gtf_direct	True	Yes	C2H2 ZF	Known motif	Monomer or homomultimer	True	MA0742.2	MA0742	C2H2 zinc finger factors	Three-zinc finger Kruppel-related	Q9Y4X4
KLF13	KLF13	1	ENSG00000169926	gtf_direct	True	Yes	C2H2 ZF	Known motif	Monomer or homomultimer	True	MA0657.1;MA0657.2	MA0657	C2H2 zinc finger factors	Three-zinc finger Kruppel-related	Q9Y2Y9
KLF14	KLF14	1	ENSG00000266265	gtf_direct	True	Yes	C2H2 ZF	Known motif	Monomer or homomultimer	True	MA0740.1;MA0740.2	MA0740	C2H2 zinc finger factors	Three-zinc finger Kruppel-related	Q8TD94
KLF15	KLF15	1	ENSG00000163884	gtf_direct	True	Yes	C2H2 ZF	Known motif	Monomer or homomultimer	True	MA1513.1;MA1513.2	MA1513	C2H2 zinc finger factors	Three-zinc finger Kruppel-related	Q9UIH9
KLF16	KLF16	1	ENSG00000129911	gtf_direct	True	Yes	C2H2 ZF	Known motif	Monomer or homomultimer	True	MA0741.1	MA0741	C2H2 zinc finger factors	Three-zinc finger Kruppel-related	Q9BXK1
KLF17	KLF17	1	ENSG00000171872	gtf_direct	True	Yes	C2H2 ZF	Known motif	Monomer or homomultimer	True	MA1514.1;MA1514.2	MA1514	C2H2 zinc finger factors	Three-zinc finger Kruppel-related	Q5JT82
KLF2	KLF2	1	ENSG00000127528	gtf_direct	True	Yes	C2H2 ZF	Known motif	Monomer or homomultimer	True	MA1515.1;MA1515.2	MA1515	C2H2 zinc finger factors	Three-zinc finger Kruppel-related	Q9Y5W3
KLF3	KLF3	1	ENSG00000109787	gtf_direct	True	Yes	C2H2 ZF	Known motif	Monomer or homomultimer	True	MA1516.1;MA1516.2	MA1516	C2H2 zinc finger factors	Three-zinc finger Kruppel-related	P57682
KLF4	KLF4	2	ENSG00000136826	gtf_direct	True	Yes	C2H2 ZF	Known motif	Monomer or homomultimer	True	MA0039.3;MA0039.4;MA0039.5	MA0039	C2H2 zinc finger factors	Three-zinc finger Kruppel-related	O43474
KLF5	KLF5	1	ENSG00000102554	gtf_direct	True	Yes	C2H2 ZF	Known motif	Monomer or homomultimer	True	MA0599.1	MA0599	C2H2 zinc finger factors	Three-zinc finger Kruppel-related	Q13887
KLF6	KLF6	1	ENSG00000067082	gtf_direct	True	Yes	C2H2 ZF	Known motif	Monomer or homomultimer	True	MA1517.1;MA1517.2	MA1517	C2H2 zinc finger factors	Three-zinc finger Kruppel-related	Q99612
KLF7	KLF7	1	ENSG00000118263	gtf_direct	True	Yes	C2H2 ZF	Known motif	Monomer or homomultimer	True	MA1959.1;MA1959.2	MA1959	C2H2 zinc finger factors	Three-zinc finger Kruppel-related	O75840
KLF8	KLF8	1	ENSG00000102349	gtf_direct	True	Yes	C2H2 ZF	Known motif	Monomer or homomultimer	True	MA2681.1	MA2681	C2H2 zinc finger factors	Three-zinc finger Kruppel-related	O95600
KLF9	KLF9	1	ENSG00000119138	gtf_direct	True	Yes	C2H2 ZF	Known motif	Monomer or homomultimer	True	MA1107.1;MA1107.2;MA1107.3	MA1107	C2H2 zinc finger factors	Three-zinc finger Kruppel-related	Q13886
KLRG1	KLRG1	1	ENSG00000139187	gtf_direct	False					False					
KMT2A	KMT2A	1	ENSG00000118058	gtf_direct	True	Yes	CxxC; AT hook	Known motif	Monomer or homomultimer	False					
KMT2B	KMT2B	2	ENSG00000272333	gtf_direct	True	Yes	CxxC; AT hook	Likely to be sequence specific TF	Monomer or homomultimer	False					
L3MBTL1	L3MBTL1	2	ENSG00000185513	gtf_direct	True	Yes	C2H2 ZF	Likely to be sequence specific TF	Monomer or homomultimer	False					
L3MBTL3	L3MBTL3	1	ENSG00000198945	gtf_direct	True	Yes	C2H2 ZF	Likely to be sequence specific TF	Monomer or homomultimer	False					
L3MBTL4	L3MBTL4	1	ENSG00000154655	gtf_direct	True	Yes	C2H2 ZF	Likely to be sequence specific TF	Monomer or homomultimer	False					
LBX1	LBX1	1	ENSG00000138136	gtf_direct	True	Yes	Homeodomain	Known motif	Monomer or homomultimer	True	MA0618.1;MA0618.2	MA0618	Homeo domain factors	NK	P52954
LBX2	LBX2	1	ENSG00000179528	gtf_direct	True	Yes	Homeodomain	Known motif	Monomer or homomultimer	True	MA0699.1;MA0699.2	MA0699	Homeo domain factors	NK	Q6XYB7
LCOR	LCOR	1	ENSG00000196233	gtf_direct	True	Yes	Pipsqueak	Known motif	Monomer or homomultimer	False					
LCORL	LCORL	1	ENSG00000178177	gtf_direct	True	Yes	Pipsqueak	Known motif	Monomer or homomultimer	False					
LDB1	LDB1	2	ENSG00000198728	gtf_direct	False					False					
LDB2	LDB2	1	ENSG00000169744	gtf_direct	False					False					
LEF1	LEF1	2	ENSG00000138795	gtf_direct	True	Yes	HMG/Sox	Known motif	Monomer or homomultimer	True	MA0768.1	MA0768	High-mobility group (HMG) domain factors	TCF-7-related factors	Q9UJU2
LEUTX	LEUTX	1	ENSG00000213921	gtf_direct	True	Yes	Homeodomain	Likely to be sequence specific TF	Monomer or homomultimer	True	MA2597.1	MA2597	Homeo domain factors	Paired-related HD	A8MZ59
LHX1	LHX1	1	ENSG00000273706	gtf_direct	True	Yes	Homeodomain	Known motif	Monomer or homomultimer	True	MA1518.1	MA1518	Homeo domain factors	HD-LIM	P48742
LHX2	LHX2	1	ENSG00000106689	gtf_direct	True	Yes	Homeodomain	Known motif	Monomer or homomultimer	True	MA0700.1;MA0700.2;MA0700.3	MA0700	Homeo domain factors	HD-LIM	P50458
LHX3	LHX3	2	ENSG00000107187	gtf_direct	True	Yes	Homeodomain	Known motif	Monomer or homomultimer	False					
LHX4	LHX4	1	ENSG00000121454	gtf_direct	True	Yes	Homeodomain	Known motif	Monomer or homomultimer	False					
LHX5	LHX5	1	ENSG00000089116	gtf_direct	True	Yes	Homeodomain	Known motif	Monomer or homomultimer	True	MA1519.1;MA1519.2	MA1519	Homeo domain factors	HD-LIM	Q9H2C1
LHX6	LHX6	2	ENSG00000106852	gtf_direct	True	Yes	Homeodomain	Known motif	Monomer or homomultimer	True	MA0658.1;MA0658.2	MA0658	Homeo domain factors	HD-LIM	Q9UPM6
LHX8	LHX8	1	ENSG00000162624	gtf_direct	True	Yes	Homeodomain	Known motif	Monomer or homomultimer	False					
LHX9	LHX9	1	ENSG00000143355	gtf_direct	True	Yes	Homeodomain	Known motif	Monomer or homomultimer	True	MA0701.1;MA0701.2;MA0701.3	MA0701	Homeo domain factors	HD-LIM	Q9NQ69
LIN28A	LIN28A	1	ENSG00000131914	gtf_direct	True	Yes	CSD	Inferred motif	Monomer or homomultimer	False					
LIN28B	LIN28B	1	ENSG00000187772	gtf_direct	True	Yes	CSD	Known motif	Monomer or homomultimer	False					
LIN54	LIN54	2	ENSG00000189308	gtf_direct	True	Yes	TCR/CxC	Inferred motif	Monomer or homomultimer	False					
LIN9	LIN9	1	ENSG00000183814	gtf_direct	False					False					
LITAF	LITAF	1	ENSG00000189067	gtf_direct	False					False					
LMO1	LMO1	2	ENSG00000166407	gtf_direct	False					False					
LMO3	LMO3	2	ENSG00000048540	gtf_direct	False					False					
LMO4	LMO4	1	ENSG00000143013	gtf_direct	True	No	Unknown	Unlikely to be sequence specific TF	Not a DNA binding protein	False					
LMX1A	LMX1A	1	ENSG00000162761	gtf_direct	True	Yes	Homeodomain	Known motif	Monomer or homomultimer	True	MA0702.1;MA0702.2;MA0702.3	MA0702	Homeo domain factors	HD-LIM	Q8TE12
LMX1B	LMX1B	1	ENSG00000136944	gtf_direct	True	Yes	Homeodomain	Known motif	Monomer or homomultimer	True	MA0703.1;MA0703.2;MA0703.3	MA0703	Homeo domain factors	HD-LIM	O60663
LRPPRC	LRPPRC	1	ENSG00000138095	gtf_direct	False					False					
LRRFIP1	LRRFIP1	1	ENSG00000124831	gtf_direct	True	No	Unknown	Unlikely to be sequence specific TF	Not a DNA binding protein	False					
LTF	LTF	1	ENSG00000012223	gtf_direct	True	Yes	Unknown	Known motif	Monomer or homomultimer	False					
LYL1	LYL1	1	ENSG00000104903	gtf_direct	True	Yes	bHLH	Inferred motif	Obligate heteromer	False					
LZTR1	LZTR1	1	ENSG00000099949	gtf_direct	True	No	Unknown	Unlikely to be sequence specific TF	Not a DNA binding protein	False					
LZTS1	LZTS1	1	ENSG00000061337	gtf_direct	True	No	Unknown	Unlikely to be sequence specific TF	Not a DNA binding protein	False					
MAEL	MAEL	1	ENSG00000143194	gtf_direct	True	No	HMG/Sox	ssDNA/RNA binding	Not a DNA binding protein	False					
MAF	MAF	1	ENSG00000178573	gtf_direct	True	Yes	bZIP	Known motif	Monomer or homomultimer	True	MA1520.1;MA1520.2	MA1520	Basic leucine zipper factors (bZIP)	Maf-related	O75444
MAFA	MAFA	1	ENSG00000182759	gtf_direct	True	Yes	bZIP	Known motif	Monomer or homomultimer	True	MA1521.1;MA1521.2	MA1521	Basic leucine zipper factors (bZIP)	Maf-related	Q8NHW3
MAFB	MAFB	1	ENSG00000204103	gtf_direct	True	Yes	bZIP	Known motif	Monomer or homomultimer	False					
MAFF	MAFF	1	ENSG00000185022	gtf_direct	True	Yes	bZIP	Known motif	Monomer or homomultimer	True	MA0495.1;MA0495.2;MA0495.3;MA0495.4	MA0495	Basic leucine zipper factors (bZIP)	Maf-related	Q9ULX9
MAFG	MAFG	1	ENSG00000197063	gtf_direct	True	Yes	bZIP	Known motif	Monomer or homomultimer	True	MA0659.1;MA0659.2	MA0659	Basic leucine zipper factors (bZIP)	Maf-related	O15525
MAFK	MAFK	1	ENSG00000198517	gtf_direct	True	Yes	bZIP	Known motif	Monomer or homomultimer	True	MA0496.1;MA0496.2;MA0496.3;MA0496.4	MA0496	Basic leucine zipper factors (bZIP)	Maf-related	O60675
MAP3K7	MAP3K7	1	ENSG00000135341	gtf_direct	True	No	Unknown	Unlikely to be sequence specific TF	Not a DNA binding protein	False					
MAPK8IP1	MAPK8IP1	2	ENSG00000121653	gtf_direct	False					False					
MARS	MARS1	1	ENSG00000166986	hgnc_alias	False					False					
MAX	MAX	1	ENSG00000125952	gtf_direct	True	Yes	bHLH	Known motif	Monomer or homomultimer	True	MA0058.1;MA0058.2;MA0058.3;MA0058.4	MA0058	Basic helix-loop-helix factors (bHLH)	bHLH-ZIP	P61244
MAZ	MAZ	1	ENSG00000103495	gtf_direct	True	Yes	C2H2 ZF	Known motif	Monomer or homomultimer	True	MA1522.1;MA1522.2	MA1522	C2H2 zinc finger factors	More than 3 adjacent zinc fingers	P56270
MBD1	MBD1	1	ENSG00000141644	gtf_direct	True	Yes	MBD; CxxC ZF	Likely to be sequence specific TF	Low specificity DNA-binding protein	False					
MBD2	MBD2	1	ENSG00000134046	gtf_direct	True	Yes	MBD	Known motif	Low specificity DNA-binding protein	False					
MBD3	MBD3	1	ENSG00000071655	gtf_direct	True	Yes	MBD	Likely to be sequence specific TF	Low specificity DNA-binding protein	False					
MBD4	MBD4	1	ENSG00000129071	gtf_direct	True	Yes	MBD	Likely to be sequence specific TF	Low specificity DNA-binding protein	False					
MBD6	MBD6	1	ENSG00000166987	gtf_direct	True	Yes	MBD	Likely to be sequence specific TF	Low specificity DNA-binding protein	False					
MBNL2	MBNL2	1	ENSG00000139793	gtf_direct	True	Yes	CCCH ZF	Likely to be sequence specific TF	Monomer or homomultimer	False					
MBNL3	MBNL3	1	ENSG00000076770	gtf_direct	True	No	CCCH ZF	ssDNA/RNA binding	Not a DNA binding protein	False					
MECOM	MECOM	1	ENSG00000085276	gtf_direct	True	Yes	C2H2 ZF	Known motif	Monomer or homomultimer	False					
MECP2	MECP2	1	ENSG00000169057	gtf_direct	True	Yes	MBD; AT hook	Known motif	Low specificity DNA-binding protein	False					
MED20	MED20	1	ENSG00000124641	gtf_direct	False					False					
MED8	MED8	1	ENSG00000159479	gtf_direct	False					False					
MEF2A	MEF2A	1	ENSG00000068305	gtf_direct	True	Yes	MADS box	Known motif	Monomer or homomultimer	True	MA0052.1;MA0052.2;MA0052.3;MA0052.4;MA0052.5	MA0052	MADS box factors	Regulators of differentiation	Q02078
MEF2B	MEF2B	1	ENSG00000213999	gtf_direct	True	Yes	MADS box	Known motif	Monomer or homomultimer	True	MA0660.1	MA0660	MADS box factors	Regulators of differentiation	Q02080
MEF2BNB-MEF2B	BORCS8-MEF2B	1	ENSG00000064489	hgnc_alias	True	Yes	MADS box	Known motif	Monomer or homomultimer	False					
MEF2C	MEF2C	1	ENSG00000081189	gtf_direct	True	Yes	MADS box	Known motif	Monomer or homomultimer	True	MA0497.1;MA0497.2	MA0497	MADS box factors	Regulators of differentiation	Q06413
MEF2D	MEF2D	1	ENSG00000116604	gtf_direct	True	Yes	MADS box	Known motif	Monomer or homomultimer	True	MA0773.1	MA0773	MADS box factors	Regulators of differentiation	Q05BX2
MEIS1	MEIS1	1	ENSG00000143995	gtf_direct	True	Yes	Homeodomain	Known motif	Monomer or homomultimer	True	MA0498.2;MA0498.3;MA1639.1;MA1639.2	MA0498;MA1639	Homeo domain factors	TALE-type homeo domain factors	O00470
MEIS2	MEIS2	1	ENSG00000134138	gtf_direct	True	Yes	Homeodomain	Known motif	Monomer or homomultimer	True	MA0774.1;MA1640.1;MA1640.2	MA0774;MA1640	Homeo domain factors	TALE-type homeo domain factors	O14770
MEIS3	MEIS3	2	ENSG00000105419	gtf_direct	True	Yes	Homeodomain	Known motif	Monomer or homomultimer	True	MA0775.1;MA0775.2	MA0775	Homeo domain factors	TALE-type homeo domain factors	Q99687
MEOX1	MEOX1	1	ENSG00000005102	gtf_direct	True	Yes	Homeodomain	Known motif	Monomer or homomultimer	True	MA0661.1;MA0661.2	MA0661	Homeo domain factors	HOX	P50221
MEOX2	MEOX2	1	ENSG00000106511	gtf_direct	True	Yes	Homeodomain	Known motif	Monomer or homomultimer	True	MA0706.1;MA0706.2	MA0706	Homeo domain factors	HOX	Q6FHY5
MESP1	MESP1	1	ENSG00000166823	gtf_direct	True	Yes	bHLH	Known motif	Monomer or homomultimer	False					
MESP2	MESP2	1	ENSG00000188095	gtf_direct	True	Yes	bHLH	Known motif	Monomer or homomultimer	False					
MGA	MGA	1	ENSG00000174197	gtf_direct	True	Yes	T-box	Known motif	Monomer or homomultimer	True	MA0801.1	MA0801	T-Box factors	TBX6-related factors	Q8IWI9
MIER1	MIER1	2	ENSG00000198160	gtf_direct	True	No	Myb/SANT	Unlikely to be sequence specific TF	Not a DNA binding protein	False					
MIER2	MIER2	1	ENSG00000105556	gtf_direct	True	No	Myb/SANT	Unlikely to be sequence specific TF	Not a DNA binding protein	False					
MIER3	MIER3	1	ENSG00000155545	gtf_direct	True	No	Myb/SANT	Unlikely to be sequence specific TF	Not a DNA binding protein	False					
MIS18BP1	MIS18BP1	1	ENSG00000129534	gtf_direct	True	No	Myb/SANT	Unlikely to be sequence specific TF	Not a DNA binding protein	False					
MITF	MITF	2	ENSG00000187098	gtf_direct	True	Yes	bHLH	Known motif	Monomer or homomultimer	True	MA0620.2;MA0620.3;MA0620.4	MA0620	Basic helix-loop-helix factors (bHLH)	bHLH-ZIP	O75030
MIXL1	MIXL1	1	ENSG00000185155	gtf_direct	True	Yes	Homeodomain	Known motif	Monomer or homomultimer	True	MA0662.1;MA0662.2	MA0662	Homeo domain factors	Paired-related HD factors	Q9H2W2
MKX	MKX	2	ENSG00000150051	gtf_direct	True	Yes	Homeodomain	Likely to be sequence specific TF	Monomer or homomultimer	True	MA2592.1	MA2592	Homeo domain factors	TALE-type HD	Q8IYA7
MLLT1	MLLT1	1	ENSG00000130382	gtf_direct	True	No	Unknown	Unlikely to be sequence specific TF	Not a DNA binding protein	False					
MLLT10	MLLT10	1	ENSG00000078403	gtf_direct	True	No	Unknown	Unlikely to be sequence specific TF	Not a DNA binding protein	False					
MLLT3	MLLT3	1	ENSG00000171843	gtf_direct	True	No	Unknown	Unlikely to be sequence specific TF	Not a DNA binding protein	False					
MLX	MLX	1	ENSG00000108788	gtf_direct	True	Yes	bHLH	Known motif	Monomer or homomultimer	True	MA0663.1	MA0663	Basic helix-loop-helix factors (bHLH)	bHLH-ZIP	Q9UH92
MLXIP	MLXIP	1	ENSG00000175727	gtf_direct	True	Yes	bHLH	Inferred motif	Obligate heteromer	False					
MLXIPL	MLXIPL	1	ENSG00000009950	gtf_direct	True	Yes	bHLH	Known motif	Monomer or homomultimer	True	MA0664.1;MA0664.2	MA0664	Basic helix-loop-helix factors (bHLH)	bHLH-ZIP	Q9NP71
MMP3	MMP3	1	ENSG00000149968	gtf_direct	False					False					
MNAT1	MNAT1	1	ENSG00000020426	gtf_direct	True	No	Unknown	Unlikely to be sequence specific TF	Not a DNA binding protein	False					
MNT	MNT	1	ENSG00000070444	gtf_direct	True	Yes	bHLH	Known motif	Monomer or homomultimer	True	MA0825.1;MA0825.2	MA0825	Basic helix-loop-helix factors (bHLH)	bHLH-ZIP	Q99583
MNX1	MNX1	1	ENSG00000130675	gtf_direct	True	Yes	Homeodomain	Known motif	Monomer or homomultimer	True	MA0707.1;MA0707.2;MA0707.3	MA0707	Homeo domain factors	HOX	P50219
MSANTD1	MSANTD1	1	ENSG00000188981	gtf_direct	True	Yes	MADF	Likely to be sequence specific TF	Monomer or homomultimer	True	MA2598.1	MA2598	Tryptophan cluster factors	Myb-SANT	Q6ZTZ1
MSANTD3	MSANTD3	1	ENSG00000066697	gtf_direct	True	Yes	MADF	Known motif	Monomer or homomultimer	True	MA1523.1;MA1523.2	MA1523	Tryptophan cluster factors	Myb/SANT domain factors	Q96H12
MSANTD4	MSANTD4	1	ENSG00000170903	gtf_direct	True	Yes	Myb/SANT	Likely to be sequence specific TF	Low specificity DNA-binding protein	True	MA2558.1	MA2558	Tryptophan cluster factors	Myb-SANT	Q8NCY6
MSC	MSC	1	ENSG00000178860	gtf_direct	True	Yes	bHLH	Known motif	Monomer or homomultimer	True	MA0665.1	MA0665	Basic helix-loop-helix factors (bHLH)	Tal-related	O60682
MSGN1	MSGN1	1	ENSG00000151379	gtf_direct	True	Yes	bHLH	Known motif	Monomer or homomultimer	True	MA1524.1	MA1524	Basic helix-loop-helix factors (bHLH)	Tal-related	A6NI15
MSLN	MSLN	1	ENSG00000102854	gtf_direct	False					False					
MSX1	MSX1	1	ENSG00000163132	gtf_direct	True	Yes	Homeodomain	Known motif	Monomer or homomultimer	True	MA0666.1;MA0666.2;MA0666.3	MA0666	Homeo domain factors	NK	P28360
MSX2	MSX2	1	ENSG00000120149	gtf_direct	True	Yes	Homeodomain	Known motif	Monomer or homomultimer	True	MA0708.1;MA0708.2;MA0708.3	MA0708	Homeo domain factors	NK	P35548
MTA1	MTA1	1	ENSG00000182979	gtf_direct	True	No	Myb/SANT; GATA	Unlikely to be sequence specific TF	Low specificity DNA-binding protein	False					
MTA2	MTA2	1	ENSG00000149480	gtf_direct	True	No	Myb/SANT; GATA	Unlikely to be sequence specific TF	Low specificity DNA-binding protein	False					
MTA3	MTA3	1	ENSG00000057935	gtf_direct	True	No	Myb/SANT; GATA	Unlikely to be sequence specific TF	Low specificity DNA-binding protein	False					
MTERF	MTERF1	1	ENSG00000127989	hgnc_alias	True	Yes	mTERF	Known motif	Monomer or homomultimer	False					
MTERFD1	MTERF3	1	ENSG00000156469	hgnc_alias	True	Yes	mTERF	Likely to be sequence specific TF	Monomer or homomultimer	False					
MTERFD2	MTERF4	1	ENSG00000122085	hgnc_alias	True	Yes	mTERF	Likely to be sequence specific TF	Monomer or homomultimer	False					
MTERFD3	MTERF2	1	ENSG00000120832	hgnc_alias	True	Yes	mTERF	Likely to be sequence specific TF	Monomer or homomultimer	False					
MTF1	MTF1	1	ENSG00000188786	gtf_direct	True	Yes	C2H2 ZF	Known motif	Monomer or homomultimer	True	MA0863.1	MA0863	C2H2 zinc finger factors	More than 3 adjacent zinc fingers	Q14872
MTF2	MTF2	1	ENSG00000143033	gtf_direct	True	Yes	Unknown	Known motif	Monomer or homomultimer	False					
MXD1	MXD1	1	ENSG00000059728	gtf_direct	True	Yes	bHLH	Inferred motif	Obligate heteromer	False					
MXD3	MXD3	1	ENSG00000213347	gtf_direct	True	Yes	bHLH	Inferred motif	Obligate heteromer	False					
MXD4	MXD4	1	ENSG00000123933	gtf_direct	True	Yes	bHLH	Inferred motif	Obligate heteromer	False					
MXI1	MXI1	2	ENSG00000119950	gtf_direct	True	Yes	bHLH	Known motif	Obligate heteromer	True	MA1108.1;MA1108.2;MA1108.3	MA1108	Basic helix-loop-helix factors (bHLH)	bHLH-ZIP	P50539
MYB	MYB	1	ENSG00000118513	gtf_direct	True	Yes	Myb/SANT	Known motif	Monomer or homomultimer	True	MA0100.3;MA0100.4	MA0100	Tryptophan cluster factors	Myb/SANT domain factors	P10242
MYBBP1A	MYBBP1A	1	ENSG00000132382	gtf_direct	True	No	Unknown	Unlikely to be sequence specific TF	Not a DNA binding protein	False					
MYBL1	MYBL1	1	ENSG00000185697	gtf_direct	True	Yes	Myb/SANT	Known motif	Monomer or homomultimer	True	MA0776.1	MA0776	Tryptophan cluster factors	Myb/SANT domain factors	P10243
MYBL2	MYBL2	1	ENSG00000101057	gtf_direct	True	Yes	Myb/SANT	Known motif	Monomer or homomultimer	True	MA0777.1	MA0777	Tryptophan cluster factors	Myb/SANT domain factors	P10244
MYC	MYC	1	ENSG00000136997	gtf_direct	True	Yes	bHLH	Known motif	Obligate heteromer	True	MA0147.3;MA0147.4	MA0147	Basic helix-loop-helix factors (bHLH)	bHLH-ZIP	P01106
MYCBP	MYCBP	1	ENSG00000214114	gtf_direct	True	No	Unknown	Unlikely to be sequence specific TF	Not a DNA binding protein	False					
MYCL	MYCL	1	ENSG00000116990	gtf_direct	True	Yes	bHLH	Inferred motif	Obligate heteromer	False					
MYCN	MYCN	2	ENSG00000134323	gtf_direct	True	Yes	bHLH	Known motif	Monomer or homomultimer	True	MA0104.4;MA0104.5	MA0104	Basic helix-loop-helix factors (bHLH)	bHLH-ZIP	P04198
MYEF2	MYEF2	1	ENSG00000104177	gtf_direct	True	No	Unknown	ssDNA/RNA binding	Not a DNA binding protein	False					
MYF5	MYF5	1	ENSG00000111049	gtf_direct	True	Yes	bHLH	Known motif	Monomer or homomultimer	True	MA1641.1;MA1641.2	MA1641	Basic helix-loop-helix factors (bHLH)	MyoD/ASC-related factors	P13349
MYF6	MYF6	1	ENSG00000111046	gtf_direct	True	Yes	bHLH	Known motif	Monomer or homomultimer	True	MA0667.1	MA0667	Basic helix-loop-helix factors (bHLH)	MyoD/ASC-related factors	P23409
MYNN	MYNN	1	ENSG00000085274	gtf_direct	True	Yes	C2H2 ZF	Known motif	Monomer or homomultimer	False					
MYOCD	MYOCD	1	ENSG00000141052	gtf_direct	True	No	Unknown	Unlikely to be sequence specific TF	Not a DNA binding protein	False					
MYOD1	MYOD1	1	ENSG00000129152	gtf_direct	True	Yes	bHLH	Known motif	Monomer or homomultimer	True	MA0499.2;MA0499.3	MA0499	Basic helix-loop-helix factors (bHLH)	MyoD/ASC-related factors	P15172
MYOG	MYOG	1	ENSG00000122180	gtf_direct	True	Yes	bHLH	Known motif	Monomer or homomultimer	True	MA0500.2;MA0500.3	MA0500	Basic helix-loop-helix factors (bHLH)	MyoD/ASC-related factors	P15173
MYPOP	MYPOP	1	ENSG00000176182	gtf_direct	True	Yes	Myb/SANT	Likely to be sequence specific TF	Monomer or homomultimer	True	MA2535.1	MA2535	Tryptophan cluster factors	Myb-SANT	Q86VE0
MYRF	MYRF	2	ENSG00000124920	gtf_direct	True	Yes	Ndt80/PhoG	Known motif	Monomer or homomultimer	False					
MYRFL	MYRFL	1	ENSG00000166268	gtf_direct	True	Yes	Ndt80/PhoG	Likely to be sequence specific TF	Monomer or homomultimer	False					
MYSM1	MYSM1	1	ENSG00000162601	gtf_direct	True	Yes	Myb/SANT	Likely to be sequence specific TF	Low specificity DNA-binding protein	False					
MYT1	MYT1	1	ENSG00000196132	gtf_direct	True	Yes	C2H2 ZF	Likely to be sequence specific TF	Monomer or homomultimer	True	MA2506.1	MA2506	C2HC	MYT	Q01538
MYT1L	MYT1L	1	ENSG00000186487	gtf_direct	True	Yes	C2H2 ZF	Inferred motif	Monomer or homomultimer	True	MA2682.1	MA2682	C2HC	MYT	Q9UL68
MZF1	MZF1	1	ENSG00000099326	gtf_direct	True	Yes	C2H2 ZF	Known motif	Monomer or homomultimer	True	MA0056.1;MA0056.2;MA0056.3	MA0056	C2H2 zinc finger factors	More than 3 adjacent zinc fingers	P28698
NACC2	NACC2	1	ENSG00000148411	gtf_direct	True	Yes	Unknown	Likely to be sequence specific TF	Monomer or homomultimer	True	MA2507.1;MA2559.1	MA2507;MA2559	C2H2 zinc finger factors	Other factors with up to three adjacent zinc fingers	Q96BF6
NAIF1	NAIF1	1	ENSG00000171169	gtf_direct	True	Yes	MADF	Inferred motif	Monomer or homomultimer	False					
NANOG	NANOG	1	ENSG00000111704	gtf_direct	True	Yes	Homeodomain	Known motif	Monomer or homomultimer	False					
NANOGNB	NANOGNB	1	ENSG00000205857	gtf_direct	True	Yes	Homeodomain	Likely to be sequence specific TF	Monomer or homomultimer	False					
NCL	NCL	2	ENSG00000115053	gtf_direct	False					False					
NCOA1	NCOA1	1	ENSG00000084676	gtf_direct	True	Yes	bHLH	Likely to be sequence specific TF	Obligate heteromer	False					
NCOA2	NCOA2	1	ENSG00000140396	gtf_direct	True	Yes	bHLH	Likely to be sequence specific TF	Obligate heteromer	False					
NCOA3	NCOA3	1	ENSG00000124151	gtf_direct	True	Yes	bHLH	Likely to be sequence specific TF	Obligate heteromer	False					
NCOA6	NCOA6	1	ENSG00000198646	gtf_direct	True	No	Unknown	Unlikely to be sequence specific TF	Not a DNA binding protein	False					
NCOR1	NCOR1	1	ENSG00000141027	gtf_direct	True	No	Myb/SANT	Unlikely to be sequence specific TF	Not a DNA binding protein	False					
NCOR2	NCOR2	2	ENSG00000196498	gtf_direct	True	No	Myb/SANT	Unlikely to be sequence specific TF	Not a DNA binding protein	False					
NELFE	NELFE	1	ENSG00000204356	gtf_direct	False					False					
NEUROD1	NEUROD1	1	ENSG00000162992	gtf_direct	True	Yes	bHLH	Known motif	Monomer or homomultimer	True	MA1109.1;MA1109.2	MA1109	Basic helix-loop-helix factors (bHLH)	Tal-related	Q13562
NEUROD2	NEUROD2	1	ENSG00000171532	gtf_direct	True	Yes	bHLH	Known motif	Monomer or homomultimer	True	MA0668.1	MA0668	Basic helix-loop-helix factors (bHLH)	Tal-related	Q15784
NEUROD4	NEUROD4	1	ENSG00000123307	gtf_direct	True	Yes	bHLH	Inferred motif	Monomer or homomultimer	False					
NEUROD6	NEUROD6	1	ENSG00000164600	gtf_direct	True	Yes	bHLH	Inferred motif	Monomer or homomultimer	False					
NEUROG1	NEUROG1	1	ENSG00000181965	gtf_direct	True	Yes	bHLH	Known motif	Monomer or homomultimer	True	MA0623.2	MA0623	Basic helix-loop-helix factors (bHLH)	Tal-related	Q92886
NEUROG2	NEUROG2	1	ENSG00000178403	gtf_direct	True	Yes	bHLH	Known motif	Monomer or homomultimer	True	MA0669.1;MA1642.1;MA1642.2	MA0669;MA1642	Basic helix-loop-helix factors (bHLH)	Tal-related	Q9H2A3
NEUROG3	NEUROG3	1	ENSG00000122859	gtf_direct	True	Yes	bHLH	Inferred motif	Monomer or homomultimer	False					
NF1	NF1	1	ENSG00000196712	gtf_direct	False					False					
NFAT5	NFAT5	1	ENSG00000102908	gtf_direct	True	Yes	Rel	Known motif	Monomer or homomultimer	False					
NFATC1	NFATC1	2	ENSG00000131196	gtf_direct	True	Yes	Rel	Known motif	Monomer or homomultimer	False					
NFATC2	NFATC2	2	ENSG00000101096	gtf_direct	True	Yes	Rel	Known motif	Monomer or homomultimer	False					
NFATC3	NFATC3	1	ENSG00000072736	gtf_direct	True	Yes	Rel	Known motif	Monomer or homomultimer	True	MA0625.1;MA0625.2;MA0625.3	MA0625	Rel homology region (RHR) factors	NFAT-related factors	Q12968
NFATC4	NFATC4	1	ENSG00000100968	gtf_direct	True	Yes	Rel	Known motif	Monomer or homomultimer	True	MA1525.1;MA1525.2;MA1525.3	MA1525	Rel homology region (RHR) factors	NFAT-related factors	Q14934
NFE2	NFE2	1	ENSG00000123405	gtf_direct	True	Yes	bZIP	Known motif	Monomer or homomultimer	True	MA0841.1;MA0841.2	MA0841	Basic leucine zipper factors (bZIP)	Jun-related	Q16621
NFE2L1	NFE2L1	1	ENSG00000082641	gtf_direct	True	Yes	bZIP	Known motif	Obligate heteromer	False					
NFE2L2	NFE2L2	2	ENSG00000116044	gtf_direct	True	Yes	bZIP	Known motif	Obligate heteromer	True	MA0150.1	MA0150	Basic leucine zipper factors (bZIP)	Jun-related	Q16236
NFE2L3	NFE2L3	1	ENSG00000050344	gtf_direct	True	Yes	bZIP	Known motif	Obligate heteromer	False					
NFE4	NFE4	1	ENSG00000230257	gtf_direct	True	Yes	Unknown	Known motif	Obligate heteromer	False					
NFIA	NFIA	1	ENSG00000162599	gtf_direct	True	Yes	SMAD	Known motif	Monomer or homomultimer	True	MA0670.1;MA0670.2	MA0670	SMAD/NF-1 DNA-binding domain factors	Nuclear factor 1	Q12857
NFIB	NFIB	1	ENSG00000147862	gtf_direct	True	Yes	SMAD	Known motif	Monomer or homomultimer	True	MA1643.1;MA1643.2	MA1643	SMAD/NF-1 DNA-binding domain factors	Nuclear factor 1	O00712
NFIC	NFIC	2	ENSG00000141905	gtf_direct	True	Yes	SMAD	Known motif	Monomer or homomultimer	True	MA0161.1;MA0161.2;MA0161.3;MA1527.1;MA1527.2	MA0161;MA1527	SMAD/NF-1 DNA-binding domain factors	Nuclear factor 1	P08651
NFIL3	NFIL3	1	ENSG00000165030	gtf_direct	True	Yes	bZIP	Known motif	Monomer or homomultimer	True	MA0025.1;MA0025.2;MA0025.3	MA0025	Basic leucine zipper factors (bZIP)	CEBP-related	Q16649
NFIX	NFIX	2	ENSG00000008441	gtf_direct	True	Yes	SMAD	Known motif	Monomer or homomultimer	True	MA0671.1;MA0671.2;MA1528.1;MA1528.2	MA0671;MA1528	SMAD/NF-1 DNA-binding domain factors	Nuclear factor 1	Q14938
NFKB1	NFKB1	1	ENSG00000109320	gtf_direct	True	Yes	Rel	Known motif	Monomer or homomultimer	True	MA0105.2;MA0105.3;MA0105.4	MA0105	Rel homology region (RHR) factors	NF-kappaB-related factors	P19838
NFKB2	NFKB2	1	ENSG00000077150	gtf_direct	True	Yes	Rel	Known motif	Monomer or homomultimer	True	MA0778.1;MA0778.2	MA0778	Rel homology region (RHR) factors	NF-kappaB-related factors	Q00653
NFKBIA	NFKBIA	2	ENSG00000100906	gtf_direct	True	No	Unknown	Unlikely to be sequence specific TF	Not a DNA binding protein	False					
NFKBIB	NFKBIB	1	ENSG00000104825	gtf_direct	True	No	Unknown	Unlikely to be sequence specific TF	Not a DNA binding protein	False					
NFKBID	NFKBID	2	ENSG00000167604	gtf_direct	True	No	Unknown	Unlikely to be sequence specific TF	Not a DNA binding protein	False					
NFKBIE	NFKBIE	1	ENSG00000146232	gtf_direct	False					False					
NFKBIL1	NFKBIL1	1	ENSG00000204498	gtf_direct	True	No	Unknown	Unlikely to be sequence specific TF	Not a DNA binding protein	False					
NFKBIZ	NFKBIZ	2	ENSG00000144802	gtf_direct	True	No	Unknown	Unlikely to be sequence specific TF	Not a DNA binding protein	False					
NFRKB	NFRKB	1	ENSG00000170322	gtf_direct	True	No	Unknown	Unlikely to be sequence specific TF	Not a DNA binding protein	False					
NFX1	NFX1	1	ENSG00000086102	gtf_direct	True	Yes	NFX	Likely to be sequence specific TF	Monomer or homomultimer	False					
NFXL1	NFXL1	1	ENSG00000170448	gtf_direct	True	Yes	NFX	Likely to be sequence specific TF	Monomer or homomultimer	False					
NFYA	NFYA	1	ENSG00000001167	gtf_direct	True	Yes	CBF/NF-Y	Known motif	Obligate heteromer	True	MA0060.2;MA0060.3;MA0060.4	MA0060	Heteromeric CCAAT-binding factors	Heteromeric CCAAT-binding	P23511
NFYB	NFYB	1	ENSG00000120837	gtf_direct	True	Yes	Unknown	Known motif	Obligate heteromer	True	MA0502.1;MA0502.2;MA0502.3	MA0502	Heteromeric CCAAT-binding factors	Heteromeric CCAAT-binding	P25208
NFYC	NFYC	1	ENSG00000066136	gtf_direct	True	Yes	Unknown	Known motif	Obligate heteromer	True	MA1644.1;MA1644.2	MA1644	Heteromeric CCAAT-binding factors	Heteromeric CCAAT-binding	Q13952
NHLH1	NHLH1	1	ENSG00000171786	gtf_direct	True	Yes	bHLH	Known motif	Monomer or homomultimer	True	MA0048.1;MA0048.2;MA0048.3	MA0048	Basic helix-loop-helix factors (bHLH)	Tal-related	Q02575
NHLH2	NHLH2	1	ENSG00000177551	gtf_direct	True	Yes	bHLH	Known motif	Monomer or homomultimer	True	MA1529.1;MA1529.2	MA1529	Basic helix-loop-helix factors (bHLH)	Tal-related	Q02577
NHP2	NHP2	1	ENSG00000145912	gtf_direct	False					False					
NKRF	NKRF	1	ENSG00000186416	gtf_direct	True	Yes	Unknown	Likely to be sequence specific TF	Monomer or homomultimer	False					
NKX1-1	NKX1-1	1	ENSG00000235608	gtf_direct	True	Yes	Homeodomain	Known motif	Monomer or homomultimer	False					
NKX1-2	NKX1-2	1	ENSG00000229544	gtf_direct	True	Yes	Homeodomain	Known motif	Monomer or homomultimer	False					
NKX2-1	NKX2-1	1	ENSG00000136352	gtf_direct	True	Yes	Homeodomain	Known motif	Monomer or homomultimer	False					
NKX2-2	NKX2-2	1	ENSG00000125820	gtf_direct	True	Yes	Homeodomain	Known motif	Monomer or homomultimer	True	MA1645.1;MA1645.2	MA1645	Homeo domain factors	NK	O95096
NKX2-3	NKX2-3	1	ENSG00000119919	gtf_direct	True	Yes	Homeodomain	Known motif	Monomer or homomultimer	True	MA0672.1;MA0672.2	MA0672	Homeo domain factors	NK	Q8TAU0
NKX2-4	NKX2-4	1	ENSG00000125816	gtf_direct	True	Yes	Homeodomain	Known motif	Monomer or homomultimer	True	MA2003.1;MA2003.2	MA2003	Homeo domain factors	NK	Q9H2Z4
NKX2-5	NKX2-5	1	ENSG00000183072	gtf_direct	True	Yes	Homeodomain	Known motif	Monomer or homomultimer	True	MA0063.2;MA0063.3	MA0063	Homeo domain factors	NK	P52952
NKX2-6	NKX2-6	1	ENSG00000180053	gtf_direct	True	Yes	Homeodomain	Inferred motif	Monomer or homomultimer	False					
NKX2-8	NKX2-8	1	ENSG00000136327	gtf_direct	True	Yes	Homeodomain	Known motif	Monomer or homomultimer	True	MA0673.1;MA0673.2	MA0673	Homeo domain factors	NK	O15522
NKX3-1	NKX3-1	1	ENSG00000167034	gtf_direct	True	Yes	Homeodomain	Known motif	Monomer or homomultimer	True	MA0124.1	MA0124	Homeo domain factors	NK	Q99801
NKX3-2	NKX3-2	1	ENSG00000109705	gtf_direct	True	Yes	Homeodomain	Known motif	Monomer or homomultimer	True	MA0122.2	MA0122	Homeo domain factors	NK	P78367
NKX6-1	NKX6-1	1	ENSG00000163623	gtf_direct	True	Yes	Homeodomain	Known motif	Monomer or homomultimer	True	MA0674.1;MA0674.2	MA0674	Homeo domain factors	NK	P78426
NKX6-2	NKX6-2	1	ENSG00000148826	gtf_direct	True	Yes	Homeodomain	Known motif	Monomer or homomultimer	True	MA0675.1;MA0675.2	MA0675	Homeo domain factors	NK	Q9C056
NKX6-3	NKX6-3	1	ENSG00000165066	gtf_direct	True	Yes	Homeodomain	Known motif	Monomer or homomultimer	True	MA1530.1;MA1530.2	MA1530	Homeo domain factors	NK	A6NJ46
NME1-NME2	NME1-NME2	1	ENSG00000011052	gtf_direct	False					False					
NME2	NME2	1	ENSG00000243678	gtf_direct	True	Yes	Unknown	Likely to be sequence specific TF	Monomer or homomultimer	False					
NMI	NMI	1	ENSG00000123609	gtf_direct	False					False					
NOBOX	NOBOX	2	ENSG00000106410	gtf_direct	True	Yes	Homeodomain	Known motif	Monomer or homomultimer	False					
NOC3L	NOC3L	1	ENSG00000173145	gtf_direct	True	No	Unknown	Unlikely to be sequence specific TF	Not a DNA binding protein	False					
NONO	NONO	1	ENSG00000147140	gtf_direct	True	No	Unknown	ssDNA/RNA binding	Not a DNA binding protein	False					
NOTCH1	NOTCH1	2	ENSG00000148400	gtf_direct	True	No	Unknown	Unlikely to be sequence specific TF	Not a DNA binding protein	False					
NOTCH2	NOTCH2	1	ENSG00000134250	gtf_direct	True	No	Unknown	Unlikely to be sequence specific TF	Not a DNA binding protein	False					
NOTO	NOTO	1	ENSG00000214513	gtf_direct	True	Yes	Homeodomain	Known motif	Monomer or homomultimer	True	MA0710.1;MA0710.2	MA0710	Homeo domain factors	NK	A8MTQ0
NOV	CCN3	1	ENSG00000136999	hgnc_alias	False					False					
NPAS1	NPAS1	1	ENSG00000130751	gtf_direct	True	Yes	bHLH	Inferred motif	Obligate heteromer	False					
NPAS2	NPAS2	1	ENSG00000170485	gtf_direct	True	Yes	bHLH	Known motif	Monomer or homomultimer	False					
NPAS3	NPAS3	1	ENSG00000151322	gtf_direct	True	Yes	bHLH	Inferred motif	Obligate heteromer	True	MA2683.1	MA2683	Basic helix-loop-helix factors (bHLH)	PAS	Q8IXF0
NPAS4	NPAS4	1	ENSG00000174576	gtf_direct	True	Yes	bHLH	Inferred motif	Obligate heteromer	False					
NR0B1	NR0B1	1	ENSG00000169297	gtf_direct	True	Yes	Unknown	Known motif	Obligate heteromer	False					
NR0B2	NR0B2	1	ENSG00000131910	gtf_direct	True	No	Unknown	Unlikely to be sequence specific TF	Not a DNA binding protein	False					
NR1D1	NR1D1	1	ENSG00000126368	gtf_direct	True	Yes	Nuclear receptor	Known motif	Monomer or homomultimer	True	MA1531.1;MA1531.2	MA1531	Nuclear receptors with C4 zinc fingers	Thyroid hormone receptor-related factors (NR1)	P20393
NR1D2	NR1D2	1	ENSG00000174738	gtf_direct	True	Yes	Nuclear receptor	Known motif	Monomer or homomultimer	True	MA1532.1;MA1532.2	MA1532	Nuclear receptors with C4 zinc fingers	Thyroid hormone receptor-related factors (NR1)	Q14995
NR1H2	NR1H2	1	ENSG00000131408	gtf_direct	True	Yes	Nuclear receptor	Known motif	Obligate heteromer	False					
NR1H3	NR1H3	2	ENSG00000025434	gtf_direct	True	Yes	Nuclear receptor	Inferred motif	Obligate heteromer	False					
NR1H4	NR1H4	1	ENSG00000012504	gtf_direct	True	Yes	Nuclear receptor	Known motif	Monomer or homomultimer	True	MA1110.1	MA1110	Nuclear receptors with C4 zinc fingers	Thyroid hormone receptor-related factors (NR1)	Q96RI1
NR1I2	NR1I2	1	ENSG00000144852	gtf_direct	True	Yes	Nuclear receptor	Known motif	Monomer or homomultimer	True	MA1533.1;MA1533.2	MA1533	Nuclear receptors with C4 zinc fingers	Thyroid hormone receptor-related factors (NR1)	O75469
NR1I3	NR1I3	1	ENSG00000143257	gtf_direct	True	Yes	Nuclear receptor	Known motif	Monomer or homomultimer	True	MA1534.1;MA1534.2	MA1534	Nuclear receptors with C4 zinc fingers	Thyroid hormone receptor-related factors (NR1)	Q14994
NR2C1	NR2C1	1	ENSG00000120798	gtf_direct	True	Yes	Nuclear receptor	Known motif	Monomer or homomultimer	True	MA1535.1;MA1535.2	MA1535	Nuclear receptors with C4 zinc fingers	RXR-related receptors (NR2)	P13056
NR2C2	NR2C2	1	ENSG00000177463	gtf_direct	True	Yes	Nuclear receptor	Known motif	Monomer or homomultimer	True	MA0504.1;MA0504.2;MA1536.1;MA1536.2	MA0504;MA1536	Nuclear receptors with C4 zinc fingers	RXR-related receptors (NR2)	P49116
NR2E1	NR2E1	1	ENSG00000112333	gtf_direct	True	Yes	Nuclear receptor	Known motif	Monomer or homomultimer	False					
NR2E3	NR2E3	1	ENSG00000278570	gtf_direct	True	Yes	Nuclear receptor	Known motif	Monomer or homomultimer	False					
NR2F1	NR2F1	1	ENSG00000175745	gtf_direct	True	Yes	Nuclear receptor	Known motif	Monomer or homomultimer	True	MA0017.1;MA0017.2;MA0017.3;MA1537.1;MA1537.2;MA1538.1	MA0017;MA1537;MA1538	Nuclear receptors with C4 zinc fingers	RXR-related receptors (NR2)	P10589
NR2F2	NR2F2	1	ENSG00000185551	gtf_direct	True	Yes	Nuclear receptor	Known motif	Monomer or homomultimer	True	MA1111.1;MA1111.2	MA1111	Nuclear receptors with C4 zinc fingers	RXR-related receptors (NR2)	P24468
NR2F6	NR2F6	1	ENSG00000160113	gtf_direct	True	Yes	Nuclear receptor	Known motif	Monomer or homomultimer	True	MA1539.1	MA1539	Nuclear receptors with C4 zinc fingers	RXR-related receptors (NR2)	P10588
NR3C1	NR3C1	1	ENSG00000113580	gtf_direct	True	Yes	Nuclear receptor	Known motif	Monomer or homomultimer	True	MA0113.3;MA0113.4	MA0113	Nuclear receptors with C4 zinc fingers	Steroid hormone receptors (NR3)	P04150
NR3C2	NR3C2	1	ENSG00000151623	gtf_direct	True	Yes	Nuclear receptor	Known motif	Monomer or homomultimer	True	MA0727.1;MA0727.2	MA0727	Nuclear receptors with C4 zinc fingers	Steroid hormone receptors (NR3)	P08235
NR4A1	NR4A1	1	ENSG00000123358	gtf_direct	True	Yes	Nuclear receptor	Known motif	Monomer or homomultimer	True	MA1112.1;MA1112.2;MA1112.3	MA1112	Nuclear receptors with C4 zinc fingers	NGFI-B-related receptors (NR4)	P22736
NR4A2	NR4A2	2	ENSG00000153234	gtf_direct	True	Yes	Nuclear receptor	Known motif	Monomer or homomultimer	True	MA0160.2;MA0160.3	MA0160	Nuclear receptors with C4 zinc fingers	NGFI-B-related receptors (NR4)	P43354
NR4A3	NR4A3	1	ENSG00000119508	gtf_direct	True	Yes	Nuclear receptor	Known motif	Monomer or homomultimer	False					
NR5A1	NR5A1	1	ENSG00000136931	gtf_direct	True	Yes	Nuclear receptor	Known motif	Monomer or homomultimer	True	MA1540.1	MA1540	Nuclear receptors with C4 zinc fingers	FTZF1-related (NR5A)	Q13285
NR5A2	NR5A2	2	ENSG00000116833	gtf_direct	True	Yes	Nuclear receptor	Known motif	Monomer or homomultimer	False					
NR6A1	NR6A1	1	ENSG00000148200	gtf_direct	True	Yes	Nuclear receptor	Known motif	Monomer or homomultimer	True	MA1541.1;MA1541.2	MA1541	Nuclear receptors with C4 zinc fingers	GCNF-related receptors (NR6)	Q15406
NRF1	NRF1	1	ENSG00000106459	gtf_direct	True	Yes	Unknown	Known motif	Monomer or homomultimer	True	MA0506.1	MA0506	Uncharacterized	NRF	Q16656
NRL	NRL	2	ENSG00000129535	gtf_direct	True	Yes	bZIP	Known motif	Monomer or homomultimer	True	MA0842.1;MA0842.2;MA0842.3	MA0842	Basic leucine zipper factors (bZIP)	Maf-related	P54845
OLIG1	OLIG1	1	ENSG00000184221	gtf_direct	True	Yes	bHLH	Known motif	Monomer or homomultimer	True	MA0826.1	MA0826	Basic helix-loop-helix factors (bHLH)	Tal-related	Q8TAK6
OLIG2	OLIG2	1	ENSG00000205927	gtf_direct	True	Yes	bHLH	Known motif	Monomer or homomultimer	True	MA0678.1	MA0678	Basic helix-loop-helix factors (bHLH)	Tal-related	Q13516
OLIG3	OLIG3	1	ENSG00000177468	gtf_direct	True	Yes	bHLH	Known motif	Monomer or homomultimer	True	MA0827.1	MA0827	Basic helix-loop-helix factors (bHLH)	Tal-related	Q7RTU3
ONECUT1	ONECUT1	1	ENSG00000169856	gtf_direct	True	Yes	CUT; Homeodomain	Known motif	Monomer or homomultimer	True	MA0679.1;MA0679.2;MA0679.3	MA0679	Homeo domain factors	HD-CUT	Q9UBC0
ONECUT2	ONECUT2	1	ENSG00000119547	gtf_direct	True	Yes	CUT; Homeodomain	Known motif	Monomer or homomultimer	True	MA0756.1;MA0756.2;MA0756.3	MA0756	Homeo domain factors	HD-CUT	O95948
ONECUT3	ONECUT3	1	ENSG00000205922	gtf_direct	True	Yes	CUT; Homeodomain	Known motif	Monomer or homomultimer	True	MA0757.1;MA0757.2	MA0757	Homeo domain factors	HD-CUT	O60422
OSR1	OSR1	1	ENSG00000143867	gtf_direct	True	Yes	C2H2 ZF	Known motif	Monomer or homomultimer	True	MA1542.1;MA1542.2	MA1542	C2H2 zinc finger factors	Other factors with up to three adjacent zinc fingers	Q8TAX0
OSR2	OSR2	1	ENSG00000164920	gtf_direct	True	Yes	C2H2 ZF	Known motif	Monomer or homomultimer	True	MA1646.1;MA1646.2	MA1646	C2H2 zinc finger factors	More than 3 adjacent zinc fingers	Q8N2R0
OTP	OTP	1	ENSG00000171540	gtf_direct	True	Yes	Homeodomain	Known motif	Monomer or homomultimer	False					
OTX1	OTX1	1	ENSG00000115507	gtf_direct	True	Yes	Homeodomain	Known motif	Monomer or homomultimer	True	MA0711.1;MA0711.2	MA0711	Homeo domain factors	Paired-related HD factors	P32242
OTX2	OTX2	1	ENSG00000165588	gtf_direct	True	Yes	Homeodomain	Known motif	Monomer or homomultimer	True	MA0712.1;MA0712.2;MA0712.3	MA0712	Homeo domain factors	Paired-related HD factors	P32243
OVOL1	OVOL1	1	ENSG00000172818	gtf_direct	True	Yes	C2H2 ZF	Known motif	Monomer or homomultimer	True	MA1544.1;MA1544.2	MA1544	C2H2 zinc finger factors	More than 3 adjacent zinc fingers	O14753
OVOL2	OVOL2	1	ENSG00000125850	gtf_direct	True	Yes	C2H2 ZF	Known motif	Monomer or homomultimer	True	MA1545.1;MA1545.2	MA1545	C2H2 zinc finger factors	More than 3 adjacent zinc fingers	Q9BRP0
OVOL3	OVOL3	1	ENSG00000105261	gtf_direct	True	Yes	C2H2 ZF	Likely to be sequence specific TF	Monomer or homomultimer	False					
OXSR1	OXSR1	1	ENSG00000172939	gtf_direct	False					False					
PA2G4	PA2G4	1	ENSG00000170515	gtf_direct	True	Yes	Unknown	Likely to be sequence specific TF	Monomer or homomultimer	False					
PARP1	PARP1	1	ENSG00000143799	gtf_direct	True	No	Unknown	Unlikely to be sequence specific TF	Low specificity DNA-binding protein	False					
PATZ1	PATZ1	2	ENSG00000100105	gtf_direct	True	Yes	C2H2 ZF; AT hook	Known motif	Monomer or homomultimer	True	MA1961.1;MA1961.2	MA1961	C2H2 zinc finger factors	Factors with multiple dispersed zinc fingers	Q9HBE1
PAWR	PAWR	1	ENSG00000177425	gtf_direct	True	No	Unknown	Unlikely to be sequence specific TF	Not a DNA binding protein	False					
PAX1	PAX1	1	ENSG00000125813	gtf_direct	True	Yes	Paired box	Known motif	Monomer or homomultimer	True	MA0779.1;MA0779.2	MA0779	Paired box factors	Paired domain only	P15863
PAX2	PAX2	1	ENSG00000075891	gtf_direct	True	Yes	Homeodomain; Paired box	Known motif	Monomer or homomultimer	True	MA0067.2;MA0067.3	MA0067	Paired box factors	Paired domain only	Q02962
PAX3	PAX3	1	ENSG00000135903	gtf_direct	True	Yes	Homeodomain; Paired box	Known motif	Monomer or homomultimer	True	MA0780.1;MA1546.1;MA1546.2	MA0780;MA1546	Paired box factors	Paired plus homeo domain	P23760
PAX4	PAX4	1	ENSG00000106331	gtf_direct	True	Yes	Homeodomain; Paired box	Known motif	Monomer or homomultimer	True	MA0068.2	MA0068	Paired box factors	Paired plus homeo domain	O43316
PAX5	PAX5	1	ENSG00000196092	gtf_direct	True	Yes	Paired box	Known motif	Monomer or homomultimer	True	MA0014.2;MA0014.3;MA0014.4	MA0014	Paired box factors	Paired domain only	Q02548
PAX6	PAX6	1	ENSG00000007372	gtf_direct	True	Yes	Homeodomain; Paired box	Known motif	Monomer or homomultimer	True	MA0069.1	MA0069	Paired box factors	Paired plus homeo domain	P26367
PAX7	PAX7	1	ENSG00000009709	gtf_direct	True	Yes	Homeodomain; Paired box	Known motif	Monomer or homomultimer	True	MA0680.1	MA0680	Paired box factors	Paired plus homeo domain	P23759
PAX8	PAX8	1	ENSG00000125618	gtf_direct	True	Yes	Paired box	Known motif	Monomer or homomultimer	True	MA2094.1	MA2094	Paired box factors	Paired domain only	Q06710
PAX9	PAX9	2	ENSG00000198807	gtf_direct	True	Yes	Paired box	Known motif	Monomer or homomultimer	True	MA0781.1;MA0781.2	MA0781	Paired box factors	Paired domain only	P55771
PAXBP1	PAXBP1	1	ENSG00000159086	gtf_direct	True	No	Unknown	Unlikely to be sequence specific TF	Not a DNA binding protein	False					
PBRM1	PBRM1	1	ENSG00000163939	gtf_direct	True	No	HMG/Sox	Unlikely to be sequence specific TF	Low specificity DNA-binding protein	False					
PBX1	PBX1	1	ENSG00000185630	gtf_direct	True	Yes	Homeodomain	Known motif	Monomer or homomultimer	True	MA0070.1;MA0070.2	MA0070	Homeo domain factors	TALE-type homeo domain factors	P40424
PBX2	PBX2	1	ENSG00000204304	gtf_direct	True	Yes	Homeodomain	Known motif	Monomer or homomultimer	True	MA1113.1;MA1113.2;MA1113.3	MA1113	Homeo domain factors	TALE-type homeo domain factors	P40425
PBX3	PBX3	1	ENSG00000167081	gtf_direct	True	Yes	Homeodomain	Known motif	Monomer or homomultimer	True	MA1114.1;MA1114.2	MA1114	Homeo domain factors	TALE-type homeo domain factors	P40426
PBX4	PBX4	1	ENSG00000105717	gtf_direct	True	Yes	Homeodomain	Known motif	Monomer or homomultimer	False					
PCGF2	PCGF2	2	ENSG00000277258	gtf_direct	True	Yes	Unknown	Likely to be sequence specific TF	Monomer or homomultimer	False					
PCGF6	PCGF6	1	ENSG00000156374	gtf_direct	True	Yes	Unknown	Likely to be sequence specific TF	Monomer or homomultimer	False					
PDX1	PDX1	1	ENSG00000139515	gtf_direct	True	Yes	Homeodomain	Known motif	Monomer or homomultimer	True	MA0132.2;MA0132.3	MA0132	Homeo domain factors	HOX	P52945
PEG3	PEG3	1	ENSG00000198300	gtf_direct	True	Yes	C2H2 ZF	Likely to be sequence specific TF	Monomer or homomultimer	False					
PFDN5	PFDN5	1	ENSG00000123349	gtf_direct	False					False					
PGBD1	PGBD1	1	ENSG00000137338	gtf_direct	True	No	Unknown	Unlikely to be sequence specific TF	Not a DNA binding protein	False					
PGR	PGR	1	ENSG00000082175	gtf_direct	True	Yes	Nuclear receptor	Known motif	Monomer or homomultimer	True	MA2327.1	MA2327	Nuclear receptors with C4 zinc fingers	Steroid hormone receptors (NR3)	P06401
PHB2	PHB2	1	ENSG00000215021	gtf_direct	True	No	Unknown	Unlikely to be sequence specific TF	Not a DNA binding protein	False					
PHF1	PHF1	1	ENSG00000112511	gtf_direct	True	Yes	Unknown	Known motif	Monomer or homomultimer	False					
PHF19	PHF19	1	ENSG00000119403	gtf_direct	True	Yes	Unknown	Likely to be sequence specific TF	Monomer or homomultimer	False					
PHF2	PHF2	1	ENSG00000197724	gtf_direct	False					False					
PHF20	PHF20	1	ENSG00000025293	gtf_direct	True	Yes	AT hook	Likely to be sequence specific TF	Monomer or homomultimer	False					
PHF21A	PHF21A	1	ENSG00000135365	gtf_direct	True	Yes	AT hook	Likely to be sequence specific TF	Monomer or homomultimer	False					
PHOX2A	PHOX2A	1	ENSG00000165462	gtf_direct	True	Yes	Homeodomain	Known motif	Monomer or homomultimer	True	MA0713.1	MA0713	Homeo domain factors	Paired-related HD factors	O14813
PHOX2B	PHOX2B	1	ENSG00000109132	gtf_direct	True	Yes	Homeodomain	Known motif	Monomer or homomultimer	True	MA0681.2;MA0681.3	MA0681	Homeo domain factors	Paired-related HD factors	Q99453
PHTF1	PHTF1	1	ENSG00000116793	gtf_direct	True	No	Unknown	Unlikely to be sequence specific TF	Not a DNA binding protein	False					
PIAS3	PIAS3	1	ENSG00000131788	gtf_direct	True	No	Unknown	Unlikely to be sequence specific TF	Not a DNA binding protein	False					
PIAS4	PIAS4	1	ENSG00000105229	gtf_direct	True	No	Unknown	Unlikely to be sequence specific TF	Not a DNA binding protein	False					
PIN1	PIN1	1	ENSG00000127445	gtf_direct	True	Yes	MBD	Likely to be sequence specific TF	Low specificity DNA-binding protein	False					
PITX1	PITX1	1	ENSG00000069011	gtf_direct	True	Yes	Homeodomain	Known motif	Monomer or homomultimer	True	MA0682.2;MA0682.3	MA0682	Homeo domain factors	Paired-related HD factors	P78337
PITX2	PITX2	2	ENSG00000164093	gtf_direct	True	Yes	Homeodomain	Known motif	Monomer or homomultimer	True	MA1547.1;MA1547.2	MA1547	Homeo domain factors	Paired-related HD factors	Q99697
PITX3	PITX3	1	ENSG00000107859	gtf_direct	True	Yes	Homeodomain	Known motif	Monomer or homomultimer	True	MA0714.1;MA0714.2	MA0714	Homeo domain factors	Paired-related HD factors	O75364
PKNOX1	PKNOX1	1	ENSG00000160199	gtf_direct	True	Yes	Homeodomain	Known motif	Monomer or homomultimer	True	MA0782.1;MA0782.2;MA0782.3	MA0782	Homeo domain factors	TALE-type homeo domain factors	P55347
PKNOX2	PKNOX2	1	ENSG00000165495	gtf_direct	True	Yes	Homeodomain	Known motif	Monomer or homomultimer	True	MA0783.1	MA0783	Homeo domain factors	TALE-type homeo domain factors	Q96KN3
PLAG1	PLAG1	1	ENSG00000181690	gtf_direct	True	Yes	C2H2 ZF	Known motif	Monomer or homomultimer	True	MA0163.1	MA0163	C2H2 zinc finger factors	More than 3 adjacent zinc fingers	Q6DJT9
PLAGL1	PLAGL1	2	ENSG00000118495	gtf_direct	True	Yes	C2H2 ZF	Known motif	Monomer or homomultimer	False					
PLAGL2	PLAGL2	1	ENSG00000126003	gtf_direct	True	Yes	C2H2 ZF	Known motif	Monomer or homomultimer	True	MA1548.1;MA1548.2	MA1548	C2H2 zinc finger factors	More than 3 adjacent zinc fingers	Q9UPG8
PLEK	PLEK	1	ENSG00000115956	gtf_direct	True	No	Unknown	Unlikely to be sequence specific TF	Not a DNA binding protein	False					
PLEKHA5	PLEKHA5	1	ENSG00000052126	gtf_direct	False					False					
PLSCR1	PLSCR1	1	ENSG00000188313	gtf_direct	True	Yes	Unknown	Likely to be sequence specific TF	Monomer or homomultimer	False					
POGK	POGK	1	ENSG00000143157	gtf_direct	True	Yes	Brinker	Likely to be sequence specific TF	Monomer or homomultimer	True	MA2560.1	MA2560	C2H2 zinc finger factors	More than 3 adjacent zinc fingers	Q9P215
POLR3C	POLR3C	1	ENSG00000186141	gtf_direct	False					False					
POLR3K	POLR3K	1	ENSG00000161980	gtf_direct	False					False					
POU1F1	POU1F1	1	ENSG00000064835	gtf_direct	True	Yes	Homeodomain; POU	Known motif	Monomer or homomultimer	True	MA0784.1;MA0784.2;MA0784.3	MA0784	Homeo domain factors	POU domain factors	P28069
POU2AF1	POU2AF1	1	ENSG00000110777	gtf_direct	True	Yes	Unknown	Known motif	Obligate heteromer	False					
POU2F1	POU2F1	2	ENSG00000143190	gtf_direct	True	Yes	Homeodomain; POU	Known motif	Monomer or homomultimer	True	MA0785.1;MA0785.2	MA0785	Homeo domain factors	POU domain factors	P14859
POU2F2	POU2F2	1	ENSG00000028277	gtf_direct	True	Yes	Homeodomain; POU	Known motif	Monomer or homomultimer	True	MA0507.1;MA0507.2;MA0507.3	MA0507	Homeo domain factors	POU domain factors	P09086
POU2F3	POU2F3	2	ENSG00000137709	gtf_direct	True	Yes	Homeodomain; POU	Known motif	Monomer or homomultimer	True	MA0627.2;MA0627.3	MA0627	Homeo domain factors	POU domain factors	Q9UKI9
POU3F1	POU3F1	1	ENSG00000185668	gtf_direct	True	Yes	Homeodomain; POU	Known motif	Monomer or homomultimer	True	MA0786.1;MA0786.2	MA0786	Homeo domain factors	POU domain factors	Q03052
POU3F2	POU3F2	1	ENSG00000184486	gtf_direct	True	Yes	Homeodomain; POU	Known motif	Monomer or homomultimer	True	MA0787.1	MA0787	Homeo domain factors	POU domain factors	P20265
POU3F3	POU3F3	1	ENSG00000198914	gtf_direct	True	Yes	Homeodomain; POU	Known motif	Monomer or homomultimer	True	MA0788.1	MA0788	Homeo domain factors	POU domain factors	P20264
POU3F4	POU3F4	1	ENSG00000196767	gtf_direct	True	Yes	Homeodomain; POU	Known motif	Monomer or homomultimer	True	MA0789.1	MA0789	Homeo domain factors	POU domain factors	P49335
POU4F1	POU4F1	1	ENSG00000152192	gtf_direct	True	Yes	Homeodomain; POU	Known motif	Monomer or homomultimer	True	MA0790.1;MA0790.2	MA0790	Homeo domain factors	POU domain factors	Q01851
POU4F2	POU4F2	1	ENSG00000151615	gtf_direct	True	Yes	Homeodomain; POU	Known motif	Monomer or homomultimer	True	MA0683.1;MA0683.2	MA0683	Homeo domain factors	POU domain factors	Q12837
POU4F3	POU4F3	1	ENSG00000091010	gtf_direct	True	Yes	Homeodomain; POU	Known motif	Monomer or homomultimer	True	MA0791.1;MA0791.2	MA0791	Homeo domain factors	POU domain factors	Q15319
POU5F1	POU5F1	2	ENSG00000204531	gtf_direct	True	Yes	Homeodomain; POU	Known motif	Monomer or homomultimer	True	MA1115.1;MA1115.2	MA1115	Homeo domain factors	POU domain factors	Q01860
POU5F1B	POU5F1B	1	ENSG00000212993	gtf_direct	True	Yes	Homeodomain; POU	Known motif	Monomer or homomultimer	True	MA0792.1	MA0792	Homeo domain factors	POU domain factors	Q06416
POU5F2	POU5F2	1	ENSG00000248483	gtf_direct	True	Yes	Homeodomain; POU	Likely to be sequence specific TF	Monomer or homomultimer	False					
POU6F1	POU6F1	1	ENSG00000184271	gtf_direct	True	Yes	Homeodomain; POU	Known motif	Monomer or homomultimer	True	MA0628.1;MA0628.2;MA1549.1;MA1549.2	MA0628;MA1549	Homeo domain factors	POU domain factors	Q14863
POU6F2	POU6F2	1	ENSG00000106536	gtf_direct	True	Yes	Homeodomain; POU	Known motif	Monomer or homomultimer	True	MA0793.1;MA0793.2	MA0793	Homeo domain factors	POU domain factors	P78424
PPARA	PPARA	1	ENSG00000186951	gtf_direct	True	Yes	Nuclear receptor	Known motif	Monomer or homomultimer	False					
PPARD	PPARD	1	ENSG00000112033	gtf_direct	True	Yes	Nuclear receptor	Known motif	Monomer or homomultimer	True	MA1550.1;MA1550.2	MA1550	Nuclear receptors with C4 zinc fingers	Thyroid hormone receptor-related factors (NR1)	Q03181
PPARG	PPARG	2	ENSG00000132170	gtf_direct	True	Yes	Nuclear receptor	Known motif	Monomer or homomultimer	True	MA0066.1;MA0066.2	MA0066	Nuclear receptors with C4 zinc fingers	Thyroid hormone receptor-related factors (NR1)	P37231
PPIL4	PPIL4	1	ENSG00000131013	gtf_direct	False					False					
PPP1CB	PPP1CB	1	ENSG00000213639	gtf_direct	False					False					
PPP1R13L	PPP1R13L	2	ENSG00000104881	gtf_direct	True	No	Unknown	Unlikely to be sequence specific TF	Not a DNA binding protein	False					
PRDM1	PRDM1	1	ENSG00000057657	gtf_direct	True	Yes	C2H2 ZF	Known motif	Monomer or homomultimer	True	MA0508.1;MA0508.2;MA0508.3;MA0508.4	MA0508	C2H2 zinc finger factors	More than 3 adjacent zinc fingers	O75626
PRDM10	PRDM10	1	ENSG00000170325	gtf_direct	True	Yes	C2H2 ZF	Likely to be sequence specific TF	Monomer or homomultimer	False					
PRDM11	PRDM11	2	ENSG00000019485	gtf_direct	True	No	Myb/SANT	Unlikely to be sequence specific TF	Not a DNA binding protein	False					
PRDM12	PRDM12	1	ENSG00000130711	gtf_direct	True	Yes	C2H2 ZF	Known motif	Monomer or homomultimer	False					
PRDM13	PRDM13	1	ENSG00000112238	gtf_direct	True	Yes	C2H2 ZF	Likely to be sequence specific TF	Monomer or homomultimer	True	MA2536.1	MA2536	C2H2 zinc finger factors	Factors with multiple dispersed zinc fingers	Q9H4Q3
PRDM14	PRDM14	1	ENSG00000147596	gtf_direct	True	Yes	C2H2 ZF	Known motif	Monomer or homomultimer	False					
PRDM15	PRDM15	1	ENSG00000141956	gtf_direct	True	Yes	C2H2 ZF	Known motif	Monomer or homomultimer	False					
PRDM16	PRDM16	1	ENSG00000142611	gtf_direct	True	Yes	C2H2 ZF	Inferred motif	Monomer or homomultimer	False					
PRDM2	PRDM2	1	ENSG00000116731	gtf_direct	True	Yes	C2H2 ZF	Likely to be sequence specific TF	Monomer or homomultimer	False					
PRDM4	PRDM4	1	ENSG00000110851	gtf_direct	True	Yes	C2H2 ZF	Known motif	Monomer or homomultimer	True	MA1647.1	MA1647	C2H2 zinc finger factors	Factors with multiple dispersed zinc fingers	Q9UKN5
PRDM5	PRDM5	1	ENSG00000138738	gtf_direct	True	Yes	C2H2 ZF	Likely to be sequence specific TF	Monomer or homomultimer	False					
PRDM6	PRDM6	1	ENSG00000061455	gtf_direct	True	Yes	C2H2 ZF	Known motif	Monomer or homomultimer	False					
PRDM7	PRDM7	1	ENSG00000126856	gtf_direct	True	No	Unknown	Unlikely to be sequence specific TF	Not a DNA binding protein	False					
PRDM8	PRDM8	2	ENSG00000152784	gtf_direct	True	Yes	C2H2 ZF	Likely to be sequence specific TF	Monomer or homomultimer	False					
PRDM9	PRDM9	1	ENSG00000164256	gtf_direct	True	Yes	C2H2 ZF	Known motif	Monomer or homomultimer	True	MA1723.1;MA1723.2	MA1723	C2H2 zinc finger factors	Factors with multiple dispersed zinc fingers	Q9NQV7
PREB	PREB	1	ENSG00000138073	gtf_direct	True	Yes	Unknown	Likely to be sequence specific TF	Monomer or homomultimer	False					
PRKRIP1	PRKRIP1	2	ENSG00000128563	gtf_direct	False					False					
PRKRIR	THAP12	1	ENSG00000137492	hgnc_alias	True	Yes	THAP finger	Known motif	Monomer or homomultimer	False					
PRMT3	PRMT3	1	ENSG00000185238	gtf_direct	True	Yes	C2H2 ZF	Likely to be sequence specific TF	Monomer or homomultimer	False					
PROP1	PROP1	1	ENSG00000175325	gtf_direct	True	Yes	Homeodomain	Known motif	Monomer or homomultimer	True	MA0715.1	MA0715	Homeo domain factors	Paired-related HD factors	O75360
PROX1	PROX1	1	ENSG00000117707	gtf_direct	True	Yes	Prospero	Known motif	Monomer or homomultimer	True	MA0794.1	MA0794	Homeo domain factors	HD-PROS factors	Q92786
PROX2	PROX2	1	ENSG00000119608	gtf_direct	True	Yes	Prospero	Inferred motif	Monomer or homomultimer	False					
PRR12	PRR12	1	ENSG00000126464	gtf_direct	True	Yes	AT hook	Likely to be sequence specific TF	Monomer or homomultimer	False					
PRRX1	PRRX1	2	ENSG00000116132	gtf_direct	True	Yes	Homeodomain	Known motif	Monomer or homomultimer	True	MA0716.1;MA0716.2	MA0716	Homeo domain factors	Paired-related HD factors	P54821
PRRX2	PRRX2	1	ENSG00000167157	gtf_direct	True	Yes	Homeodomain	Known motif	Monomer or homomultimer	True	MA0075.3;MA0075.4	MA0075	Homeo domain factors	Paired-related HD factors	Q99811
PSIP1	PSIP1	1	ENSG00000164985	gtf_direct	False					False					
PSMA1	PSMA1	1	ENSG00000129084	gtf_direct	False					False					
PSMB1	PSMB1	1	ENSG00000008018	gtf_direct	False					False					
PSMB4	PSMB4	1	ENSG00000159377	gtf_direct	False					False					
PSMC3	PSMC3	1	ENSG00000165916	gtf_direct	False					False					
PTF1A	PTF1A	1	ENSG00000168267	gtf_direct	True	Yes	bHLH	Known motif	Monomer or homomultimer	False					
PTTG1	PTTG1	1	ENSG00000164611	gtf_direct	True	No	Unknown	Unlikely to be sequence specific TF	Not a DNA binding protein	False					
PUF60	PUF60	1	ENSG00000179950	gtf_direct	False					False					
PURA	PURA	2	ENSG00000185129	gtf_direct	True	Yes	Unknown	Known motif	Monomer or homomultimer	False					
PURB	PURB	1	ENSG00000146676	gtf_direct	True	Yes	Unknown	Likely to be sequence specific TF	Monomer or homomultimer	False					
PURG	PURG	1	ENSG00000172733	gtf_direct	True	Yes	Unknown	Likely to be sequence specific TF	Monomer or homomultimer	False					
RAG1	RAG1	1	ENSG00000166349	gtf_direct	True	Yes	Unknown	Likely to be sequence specific TF	Monomer or homomultimer	False					
RARA	RARA	2	ENSG00000131759	gtf_direct	True	Yes	Nuclear receptor	Known motif	Monomer or homomultimer	True	MA0729.1;MA0730.1	MA0729;MA0730	Nuclear receptors with C4 zinc fingers	Thyroid hormone receptor-related factors (NR1)	P10276
RARB	RARB	1	ENSG00000077092	gtf_direct	True	Yes	Nuclear receptor	Known motif	Monomer or homomultimer	True	MA1552.1;MA1552.2	MA1552	Nuclear receptors with C4 zinc fingers	Thyroid hormone receptor-related factors (NR1)	P10826
RARG	RARG	2	ENSG00000172819	gtf_direct	True	Yes	Nuclear receptor	Known motif	Monomer or homomultimer	True	MA1553.1;MA1553.2	MA1553	Nuclear receptors with C4 zinc fingers	Thyroid hormone receptor-related factors (NR1)	P13631
RAX	RAX	1	ENSG00000134438	gtf_direct	True	Yes	Homeodomain	Known motif	Monomer or homomultimer	True	MA0718.1;MA0718.2	MA0718	Homeo domain factors	Paired-related HD factors	Q9Y2V3
RAX2	RAX2	1	ENSG00000173976	gtf_direct	True	Yes	Homeodomain	Known motif	Monomer or homomultimer	True	MA0717.1;MA0717.2	MA0717	Homeo domain factors	Paired-related HD factors	Q96IS3
RB1	RB1	1	ENSG00000139687	gtf_direct	True	No	Unknown	Unlikely to be sequence specific TF	Not a DNA binding protein	False					
RB1CC1	RB1CC1	2	ENSG00000023287	gtf_direct	False					False					
RBAK	RBAK	2	ENSG00000146587	gtf_direct	True	Yes	C2H2 ZF	Known motif	Monomer or homomultimer	False					
RBCK1	RBCK1	1	ENSG00000125826	gtf_direct	True	Yes	Unknown	Likely to be sequence specific TF	Monomer or homomultimer	False					
RBL2	RBL2	2	ENSG00000103479	gtf_direct	True	No	Unknown	Unlikely to be sequence specific TF	Not a DNA binding protein	False					
RBMS1	RBMS1	1	ENSG00000153250	gtf_direct	False					False					
RBPJ	RBPJ	1	ENSG00000168214	gtf_direct	True	Yes	CSL	Known motif	Monomer or homomultimer	True	MA1116.1;MA1116.2	MA1116	Rel homology region (RHR) factors	CSL-related factors	Q06330
RBPJL	RBPJL	1	ENSG00000124232	gtf_direct	True	Yes	CSL	Inferred motif	Monomer or homomultimer	False					
RC3H2	RC3H2	1	ENSG00000056586	gtf_direct	True	No	CCCH ZF	ssDNA/RNA binding	Not a DNA binding protein	False					
RCAN1	RCAN1	1	ENSG00000159200	gtf_direct	True	No	Unknown	Unlikely to be sequence specific TF	Not a DNA binding protein	False					
RCOR1	RCOR1	1	ENSG00000089902	gtf_direct	True	No	Myb/SANT	Unlikely to be sequence specific TF	Not a DNA binding protein	False					
RCOR2	RCOR2	1	ENSG00000167771	gtf_direct	True	No	Myb/SANT	Unlikely to be sequence specific TF	Not a DNA binding protein	False					
RCOR3	RCOR3	1	ENSG00000117625	gtf_direct	True	No	Myb/SANT	Unlikely to be sequence specific TF	Not a DNA binding protein	False					
REL	REL	1	ENSG00000162924	gtf_direct	True	Yes	Rel	Known motif	Monomer or homomultimer	True	MA0101.1	MA0101	Rel homology region (RHR) factors	NF-kappaB-related factors	Q04864
RELA	RELA	1	ENSG00000173039	gtf_direct	True	Yes	Rel	Known motif	Monomer or homomultimer	True	MA0107.1	MA0107	Rel homology region (RHR) factors	NF-kappaB-related factors	Q04206
RELB	RELB	1	ENSG00000104856	gtf_direct	True	Yes	Rel	Known motif	Obligate heteromer	True	MA1117.1;MA1117.2	MA1117	Rel homology region (RHR) factors	NF-kappaB-related factors	Q01201
REPIN1	REPIN1	1	ENSG00000214022	gtf_direct	True	Yes	C2H2 ZF	Likely to be sequence specific TF	Monomer or homomultimer	False					
RERE	RERE	1	ENSG00000142599	gtf_direct	True	No	Myb/SANT; GATA	Unlikely to be sequence specific TF	Low specificity DNA-binding protein	False					
REST	REST	2	ENSG00000084093	gtf_direct	True	Yes	C2H2 ZF	Known motif	Monomer or homomultimer	True	MA0138.1;MA0138.2;MA0138.3	MA0138	C2H2 zinc finger factors	Factors with multiple dispersed zinc fingers	Q13127
REXO4	REXO4	1	ENSG00000148300	gtf_direct	True	Yes	Unknown	Likely to be sequence specific TF	Low specificity DNA-binding protein	False					
RFX1	RFX1	1	ENSG00000132005	gtf_direct	True	Yes	RFX	Known motif	Monomer or homomultimer	True	MA0509.2;MA0509.3	MA0509	Fork head/winged helix factors	RFX-related factors	P48743
RFX2	RFX2	1	ENSG00000087903	gtf_direct	True	Yes	RFX	Known motif	Monomer or homomultimer	True	MA0600.1;MA0600.2;MA0600.3	MA0600	Fork head/winged helix factors	RFX-related factors	P48378
RFX3	RFX3	1	ENSG00000080298	gtf_direct	True	Yes	RFX	Known motif	Monomer or homomultimer	True	MA0798.1;MA0798.2;MA0798.3	MA0798	Fork head/winged helix factors	RFX-related factors	P48380
RFX4	RFX4	1	ENSG00000111783	gtf_direct	True	Yes	RFX	Known motif	Monomer or homomultimer	True	MA0799.1;MA0799.2;MA0799.3	MA0799	Fork head/winged helix factors	RFX-related factors	Q33E94
RFX5	RFX5	1	ENSG00000143390	gtf_direct	True	Yes	RFX	Known motif	Monomer or homomultimer	True	MA0510.1;MA0510.2;MA0510.3	MA0510	Fork head/winged helix factors	RFX-related factors	P48382
RFX6	RFX6	1	ENSG00000185002	gtf_direct	True	Yes	RFX	Inferred motif	Monomer or homomultimer	False					
RFX7	RFX7	1	ENSG00000181827	gtf_direct	True	Yes	RFX	Known motif	Monomer or homomultimer	True	MA1554.1;MA1554.2	MA1554	Fork head/winged helix factors	RFX-related factors	O14593
RFX8	RFX8	1	ENSG00000196460	gtf_direct	True	Yes	RFX	Likely to be sequence specific TF	Monomer or homomultimer	False					
RFXANK	RFXANK	1	ENSG00000064490	gtf_direct	True	No	Unknown	Unlikely to be sequence specific TF	Not a DNA binding protein	False					
RFXAP	RFXAP	1	ENSG00000133111	gtf_direct	True	No	Unknown	Unlikely to be sequence specific TF	Not a DNA binding protein	False					
RHOXF1	RHOXF1	1	ENSG00000101883	gtf_direct	True	Yes	Homeodomain	Known motif	Monomer or homomultimer	True	MA0719.1;MA0719.2	MA0719	Homeo domain factors	Paired-related HD factors	Q8NHV9
RHOXF2	RHOXF2	1	ENSG00000131721	gtf_direct	True	Yes	Homeodomain	Known motif	Monomer or homomultimer	False					
RHOXF2B	RHOXF2B	1	ENSG00000203989	gtf_direct	True	Yes	Homeodomain	Inferred motif	Monomer or homomultimer	False					
RLF	RLF	1	ENSG00000117000	gtf_direct	True	Yes	C2H2 ZF	Likely to be sequence specific TF	Monomer or homomultimer	False					
RNF141	RNF141	1	ENSG00000110315	gtf_direct	False					False					
RNF2	RNF2	1	ENSG00000121481	gtf_direct	True	No	Unknown	Unlikely to be sequence specific TF	Low specificity DNA-binding protein	False					
RNF4	RNF4	1	ENSG00000063978	gtf_direct	True	No	Unknown	Unlikely to be sequence specific TF	Not a DNA binding protein	False					
RORA	RORA	1	ENSG00000069667	gtf_direct	True	Yes	Nuclear receptor	Known motif	Monomer or homomultimer	True	MA0071.1;MA0072.1;MA0072.2	MA0071;MA0072	Nuclear receptors with C4 zinc fingers	Thyroid hormone receptor-related factors (NR1)	P35398
RORB	RORB	1	ENSG00000198963	gtf_direct	True	Yes	Nuclear receptor	Known motif	Monomer or homomultimer	True	MA1150.1;MA1150.2	MA1150	Nuclear receptors with C4 zinc fingers	Thyroid hormone receptor-related factors (NR1)	Q92753
RORC	RORC	2	ENSG00000143365	gtf_direct	True	Yes	Nuclear receptor	Known motif	Monomer or homomultimer	True	MA1151.1;MA1151.2	MA1151	Nuclear receptors with C4 zinc fingers	Thyroid hormone receptor-related factors (NR1)	P51449
RPA3	RPA3	1	ENSG00000106399	gtf_direct	False					False					
RPF1	RPF1	1	ENSG00000117133	gtf_direct	False					False					
RPS4X	RPS4X	1	ENSG00000198034	gtf_direct	False					False					
RREB1	RREB1	1	ENSG00000124782	gtf_direct	True	Yes	C2H2 ZF	Known motif	Monomer or homomultimer	True	MA0073.1;MA0073.2	MA0073	C2H2 zinc finger factors	Factors with multiple dispersed zinc fingers	Q92766
RUNX1	RUNX1	1	ENSG00000159216	gtf_direct	True	Yes	Runt	Known motif	Monomer or homomultimer	True	MA0002.1	MA0002	Runt domain factors	Runt-related factors	Q01196
RUNX1T1	RUNX1T1	2	ENSG00000079102	gtf_direct	True	No	Unknown	Unlikely to be sequence specific TF	Not a DNA binding protein	False					
RUNX2	RUNX2	2	ENSG00000124813	gtf_direct	True	Yes	Runt	Known motif	Monomer or homomultimer	True	MA0511.1;MA0511.2	MA0511	Runt domain factors	Runt-related factors	Q13950
RUNX3	RUNX3	2	ENSG00000020633	gtf_direct	True	Yes	Runt	Known motif	Monomer or homomultimer	True	MA0684.1;MA0684.2;MA0684.3	MA0684	Runt domain factors	Runt-related factors	Q13761
RUVBL1	RUVBL1	1	ENSG00000175792	gtf_direct	False					False					
RXRA	RXRA	1	ENSG00000186350	gtf_direct	True	Yes	Nuclear receptor	Known motif	Monomer or homomultimer	False					
RXRB	RXRB	1	ENSG00000204231	gtf_direct	True	Yes	Nuclear receptor	Known motif	Monomer or homomultimer	True	MA0855.1;MA1555.1	MA0855;MA1555	Nuclear receptors with C4 zinc fingers	RXR-related receptors (NR2)	P28702
RXRG	RXRG	1	ENSG00000143171	gtf_direct	True	Yes	Nuclear receptor	Known motif	Monomer or homomultimer	True	MA0856.1;MA1556.1	MA0856;MA1556	Nuclear receptors with C4 zinc fingers	RXR-related receptors (NR2)	P48443
SACM1L	SACM1L	1	ENSG00000211456	gtf_direct	False					False					
SAFB	SAFB	1	ENSG00000160633	gtf_direct	True	Yes	Unknown	Likely to be sequence specific TF	Low specificity DNA-binding protein	False					
SAFB2	SAFB2	1	ENSG00000130254	gtf_direct	True	Yes	Unknown	Likely to be sequence specific TF	Low specificity DNA-binding protein	False					
SALL1	SALL1	1	ENSG00000103449	gtf_direct	True	Yes	C2H2 ZF	Inferred motif	Monomer or homomultimer	False					
SALL2	SALL2	1	ENSG00000165821	gtf_direct	True	Yes	C2H2 ZF	Known motif	Monomer or homomultimer	False					
SALL3	SALL3	1	ENSG00000256463	gtf_direct	True	Yes	C2H2 ZF	Likely to be sequence specific TF	Monomer or homomultimer	True	MA2537.1	MA2537	C2H2 zinc finger factors	Factors with multiple dispersed zinc fingers	Q9BXA9
SALL4	SALL4	1	ENSG00000101115	gtf_direct	True	Yes	C2H2 ZF	Inferred motif	Monomer or homomultimer	False					
SATB1	SATB1	2	ENSG00000182568	gtf_direct	True	Yes	CUT; Homeodomain	Known motif	Low specificity DNA-binding protein	True	MA1963.1;MA1963.2	MA1963	Homeo domain factors	HD-CUT	Q01826
SATB2	SATB2	1	ENSG00000119042	gtf_direct	True	Yes	CUT; Homeodomain	Inferred motif	Low specificity DNA-binding protein	False					
SCAND3	ZBED9	1	ENSG00000232040	hgnc_alias	True	Yes	BED ZF	Likely to be sequence specific TF	Monomer or homomultimer	True	MA2542.1	MA2542	C2H2 zinc finger factors	BED zinc finger factors	Q6R2W3
SCAPER	SCAPER	1	ENSG00000140386	gtf_direct	True	No	Unknown	Unlikely to be sequence specific TF	Not a DNA binding protein	False					
SCMH1	SCMH1	2	ENSG00000010803	gtf_direct	True	Yes	Unknown	Likely to be sequence specific TF	Monomer or homomultimer	False					
SCML4	SCML4	1	ENSG00000146285	gtf_direct	True	Yes	AT hook	Likely to be sequence specific TF	Monomer or homomultimer	False					
SCRT1	SCRT1	1	ENSG00000261678	gtf_direct	True	Yes	C2H2 ZF	Known motif	Monomer or homomultimer	True	MA0743.1;MA0743.2;MA0743.3	MA0743	C2H2 zinc finger factors	More than 3 adjacent zinc fingers	Q9BWW7
SCRT2	SCRT2	1	ENSG00000215397	gtf_direct	True	Yes	C2H2 ZF	Known motif	Monomer or homomultimer	True	MA0744.1;MA0744.2;MA0744.3	MA0744	C2H2 zinc finger factors	More than 3 adjacent zinc fingers	Q9NQ03
SCXA	SCX	1	ENSG00000260428	hgnc_alias	True	Yes	bHLH	Inferred motif	Monomer or homomultimer	False					
SCXB	SCX	1	ENSG00000260428	hgnc_alias	True	Yes	bHLH	Inferred motif	Monomer or homomultimer	False					
SEBOX	SEBOX	1	ENSG00000274529	gtf_direct	True	Yes	Homeodomain	Inferred motif	Monomer or homomultimer	False					
SETBP1	SETBP1	1	ENSG00000152217	gtf_direct	True	Yes	AT hook	Likely to be sequence specific TF	Monomer or homomultimer	False					
SETD1A	SETD1A	1	ENSG00000099381	gtf_direct	False					False					
SETDB1	SETDB1	1	ENSG00000143379	gtf_direct	True	Yes	MBD	Known motif	Low specificity DNA-binding protein	False					
SETDB2	SETDB2	1	ENSG00000136169	gtf_direct	True	Yes	MBD	Likely to be sequence specific TF	Low specificity DNA-binding protein	False					
SGSM2	SGSM2	1	ENSG00000141258	gtf_direct	True	Yes	BED ZF	Likely to be sequence specific TF	Monomer or homomultimer	False					
SH3D19	SH3D19	2	ENSG00000109686	gtf_direct	False					False					
SHOX	SHOX	1	ENSG00000185960	gtf_direct	True	Yes	Homeodomain	Known motif	Monomer or homomultimer	True	MA0630.1;MA0630.2	MA0630	Homeo domain factors	Paired-related HD factors	O15266
SHOX2	SHOX2	1	ENSG00000168779	gtf_direct	True	Yes	Homeodomain	Known motif	Monomer or homomultimer	False					
SIM1	SIM1	1	ENSG00000112246	gtf_direct	True	Yes	bHLH	Inferred motif	Obligate heteromer	False					
SIM2	SIM2	1	ENSG00000159263	gtf_direct	True	Yes	bHLH	Inferred motif	Obligate heteromer	False					
SIN3A	SIN3A	2	ENSG00000169375	gtf_direct	True	No	Unknown	Unlikely to be sequence specific TF	Not a DNA binding protein	False					
SIRT6	SIRT6	1	ENSG00000077463	gtf_direct	True	No	Unknown	Unlikely to be sequence specific TF	Not a DNA binding protein	False					
SIX1	SIX1	1	ENSG00000126778	gtf_direct	True	Yes	Homeodomain	Known motif	Monomer or homomultimer	True	MA1118.1;MA1118.2	MA1118	Homeo domain factors	HD-SINE	Q15475
SIX2	SIX2	1	ENSG00000170577	gtf_direct	True	Yes	Homeodomain	Known motif	Monomer or homomultimer	True	MA1119.1;MA1119.2	MA1119	Homeo domain factors	HD-SINE	Q9NPC8
SIX3	SIX3	1	ENSG00000138083	gtf_direct	True	Yes	Homeodomain	Known motif	Monomer or homomultimer	False					
SIX4	SIX4	1	ENSG00000100625	gtf_direct	True	Yes	Homeodomain	Known motif	Monomer or homomultimer	False					
SIX5	SIX5	1	ENSG00000177045	gtf_direct	True	Yes	Homeodomain	Known motif	Monomer or homomultimer	False					
SIX6	SIX6	1	ENSG00000184302	gtf_direct	True	Yes	Homeodomain	Known motif	Monomer or homomultimer	False					
SKI	SKI	1	ENSG00000157933	gtf_direct	True	Yes	Unknown	Likely to be sequence specific TF	Monomer or homomultimer	False					
SKIL	SKIL	1	ENSG00000136603	gtf_direct	True	Yes	Unknown	Likely to be sequence specific TF	Monomer or homomultimer	False					
SKOR1	SKOR1	1	ENSG00000188779	gtf_direct	True	Yes	Unknown	Known motif	Monomer or homomultimer	False					
SKOR2	SKOR2	1	ENSG00000215474	gtf_direct	True	Yes	SAND	Known motif	Monomer or homomultimer	False					
SLC22A1	SLC22A1	1	ENSG00000175003	gtf_direct	False					False					
SLC2A4RG	SLC2A4RG	1	ENSG00000125520	gtf_direct	True	Yes	C2H2 ZF	Likely to be sequence specific TF	Monomer or homomultimer	True	MA2539.1	MA2539	C2H2 zinc finger factors	Factors with multiple dispersed zinc fingers	Q9NR83
SLC30A9	SLC30A9	1	ENSG00000014824	gtf_direct	True	No	Unknown	Unlikely to be sequence specific TF	Not a DNA binding protein	False					
SMAD1	SMAD1	1	ENSG00000170365	gtf_direct	True	Yes	SMAD	Known motif	Obligate heteromer	False					
SMAD2	SMAD2	1	ENSG00000175387	gtf_direct	True	No	SMAD	Unlikely to be sequence specific TF	Not a DNA binding protein	True	MA1964.1;MA1964.2	MA1964	SMAD/NF-1 DNA-binding domain factors	SMAD factors	Q15796
SMAD3	SMAD3	1	ENSG00000166949	gtf_direct	True	Yes	SMAD	Known motif	Monomer or homomultimer	True	MA0795.1	MA0795	SMAD/NF-1 DNA-binding domain factors	SMAD factors	P84022
SMAD4	SMAD4	1	ENSG00000141646	gtf_direct	True	Yes	SMAD	Known motif	Monomer or homomultimer	False					
SMAD5	SMAD5	1	ENSG00000113658	gtf_direct	True	Yes	SMAD	Known motif	Monomer or homomultimer	True	MA1557.1	MA1557	SMAD/NF-1 DNA-binding domain factors	SMAD factors	Q99717
SMAD6	SMAD6	1	ENSG00000137834	gtf_direct	True	No	SMAD	Unlikely to be sequence specific TF	Not a DNA binding protein	False					
SMAD7	SMAD7	1	ENSG00000101665	gtf_direct	True	No	SMAD	Unlikely to be sequence specific TF	Not a DNA binding protein	False					
SMAD9	SMAD9	1	ENSG00000120693	gtf_direct	True	Yes	SMAD	Known motif	Obligate heteromer	False					
SMARCA1	SMARCA1	1	ENSG00000102038	gtf_direct	True	No	Myb/SANT	Unlikely to be sequence specific TF	Low specificity DNA-binding protein	False					
SMARCA2	SMARCA2	1	ENSG00000080503	gtf_direct	True	No	Unknown	Unlikely to be sequence specific TF	Not a DNA binding protein	False					
SMARCA4	SMARCA4	1	ENSG00000127616	gtf_direct	True	No	Unknown	Unlikely to be sequence specific TF	Not a DNA binding protein	False					
SMARCA5	SMARCA5	1	ENSG00000153147	gtf_direct	True	No	Myb/SANT	Unlikely to be sequence specific TF	Low specificity DNA-binding protein	False					
SMARCB1	SMARCB1	2	ENSG00000099956	gtf_direct	True	No	Unknown	Unlikely to be sequence specific TF	Low specificity DNA-binding protein	False					
SMARCC1	SMARCC1	1	ENSG00000173473	gtf_direct	True	No	Myb/SANT	Unlikely to be sequence specific TF	Not a DNA binding protein	False					
SMARCC2	SMARCC2	1	ENSG00000139613	gtf_direct	True	No	Myb/SANT	Unlikely to be sequence specific TF	Not a DNA binding protein	False					
SMYD2	SMYD2	1	ENSG00000143499	gtf_direct	False					False					
SMYD3	SMYD3	1	ENSG00000185420	gtf_direct	True	Yes	Unknown	Likely to be sequence specific TF	Monomer or homomultimer	False					
SNAI1	SNAI1	1	ENSG00000124216	gtf_direct	True	Yes	C2H2 ZF	Known motif	Monomer or homomultimer	True	MA1558.1;MA1558.2	MA1558	C2H2 zinc finger factors	More than 3 adjacent zinc fingers	O95863
SNAI2	SNAI2	1	ENSG00000019549	gtf_direct	True	Yes	C2H2 ZF	Known motif	Monomer or homomultimer	True	MA0745.1;MA0745.2;MA0745.3	MA0745	C2H2 zinc finger factors	More than 3 adjacent zinc fingers	O43623
SNAI3	SNAI3	1	ENSG00000185669	gtf_direct	True	Yes	C2H2 ZF	Known motif	Monomer or homomultimer	True	MA1559.1;MA1559.2	MA1559	C2H2 zinc finger factors	More than 3 adjacent zinc fingers	Q3KNW1
SNAPC1	SNAPC1	1	ENSG00000023608	gtf_direct	False					False					
SNAPC2	SNAPC2	1	ENSG00000104976	gtf_direct	True	Yes	Unknown	Likely to be sequence specific TF	Monomer or homomultimer	False					
SNAPC3	SNAPC3	1	ENSG00000164975	gtf_direct	False					False					
SNAPC4	SNAPC4	1	ENSG00000165684	gtf_direct	True	Yes	Myb/SANT	Likely to be sequence specific TF	Monomer or homomultimer	False					
SNAPC5	SNAPC5	1	ENSG00000174446	gtf_direct	True	Yes	Unknown	Likely to be sequence specific TF	Monomer or homomultimer	False					
SOHLH1	SOHLH1	1	ENSG00000165643	gtf_direct	True	Yes	bHLH	Likely to be sequence specific TF	Obligate heteromer	False					
SOHLH2	SOHLH2	1	ENSG00000120669	gtf_direct	True	Yes	bHLH	Known motif	Monomer or homomultimer	True	MA1560.1;MA1560.2	MA1560	Basic helix-loop-helix factors (bHLH)	PAS domain factors	Q9NX45
SON	SON	2	ENSG00000159140	gtf_direct	True	Yes	Unknown	Likely to be sequence specific TF	Monomer or homomultimer	False					
SOX1	SOX1	1	ENSG00000182968	gtf_direct	True	Yes	HMG/Sox	Known motif	Monomer or homomultimer	False					
SOX10	SOX10	1	ENSG00000100146	gtf_direct	True	Yes	HMG/Sox	Known motif	Monomer or homomultimer	True	MA0442.2;MA0442.3	MA0442	High-mobility group (HMG) domain factors	SOX-related factors	P56693
SOX11	SOX11	1	ENSG00000176887	gtf_direct	True	Yes	HMG/Sox	Known motif	Monomer or homomultimer	False					
SOX12	SOX12	1	ENSG00000177732	gtf_direct	True	Yes	HMG/Sox	Known motif	Monomer or homomultimer	True	MA1561.1;MA1561.2	MA1561	High-mobility group (HMG) domain factors	SOX-related factors	O15370
SOX13	SOX13	1	ENSG00000143842	gtf_direct	True	Yes	HMG/Sox	Known motif	Monomer or homomultimer	True	MA1120.1;MA1120.2	MA1120	High-mobility group (HMG) domain factors	SOX-related factors	Q9UN79
SOX14	SOX14	1	ENSG00000168875	gtf_direct	True	Yes	HMG/Sox	Known motif	Monomer or homomultimer	True	MA1562.1;MA1562.2	MA1562	High-mobility group (HMG) domain factors	SOX-related factors	O95416
SOX15	SOX15	1	ENSG00000129194	gtf_direct	True	Yes	HMG/Sox	Known motif	Monomer or homomultimer	True	MA1152.1;MA1152.2	MA1152	High-mobility group (HMG) domain factors	SOX-related factors	O60248
SOX17	SOX17	1	ENSG00000164736	gtf_direct	True	Yes	HMG/Sox	Known motif	Monomer or homomultimer	False					
SOX18	SOX18	1	ENSG00000203883	gtf_direct	True	Yes	HMG/Sox	Known motif	Monomer or homomultimer	True	MA1563.1;MA1563.2	MA1563	High-mobility group (HMG) domain factors	SOX-related factors	P35713
SOX2	SOX2	1	ENSG00000181449	gtf_direct	True	Yes	HMG/Sox	Known motif	Monomer or homomultimer	True	MA0143.4;MA0143.5	MA0143	High-mobility group (HMG) domain factors	SOX-related factors	P48431
SOX21	SOX21	1	ENSG00000125285	gtf_direct	True	Yes	HMG/Sox	Known motif	Monomer or homomultimer	True	MA0866.1	MA0866	High-mobility group (HMG) domain factors	SOX-related factors	Q9Y651
SOX3	SOX3	1	ENSG00000134595	gtf_direct	True	Yes	HMG/Sox	Known motif	Monomer or homomultimer	False					
SOX30	SOX30	2	ENSG00000039600	gtf_direct	True	Yes	HMG/Sox	Known motif	Monomer or homomultimer	True	MA2684.1	MA2684	High-mobility group (HMG) domain factors	SOX-related factors	O94993
SOX4	SOX4	2	ENSG00000124766	gtf_direct	True	Yes	HMG/Sox	Known motif	Monomer or homomultimer	True	MA0867.1;MA0867.2;MA0867.3	MA0867	High-mobility group (HMG) domain factors	SOX-related factors	Q06945
SOX5	SOX5	2	ENSG00000134532	gtf_direct	True	Yes	HMG/Sox	Known motif	Monomer or homomultimer	False					
SOX6	SOX6	3	ENSG00000110693	gtf_direct	True	Yes	HMG/Sox	Known motif	Monomer or homomultimer	False					
SOX7	SOX7	1	ENSG00000171056	gtf_direct	True	Yes	HMG/Sox	Known motif	Monomer or homomultimer	False					
SOX8	SOX8	1	ENSG00000005513	gtf_direct	True	Yes	HMG/Sox	Known motif	Monomer or homomultimer	True	MA0868.1;MA0868.2;MA0868.3	MA0868	High-mobility group (HMG) domain factors	SOX-related factors	P57073
SOX9	SOX9	1	ENSG00000125398	gtf_direct	True	Yes	HMG/Sox	Known motif	Monomer or homomultimer	True	MA0077.1;MA0077.2	MA0077	High-mobility group (HMG) domain factors	SOX-related factors	P48436
SP1	SP1	1	ENSG00000185591	gtf_direct	True	Yes	C2H2 ZF	Known motif	Monomer or homomultimer	True	MA0079.1;MA0079.3;MA0079.4;MA0079.5	MA0079	C2H2 zinc finger factors	Three-zinc finger Kruppel-related	P08047
SP100	SP100	1	ENSG00000067066	gtf_direct	True	Yes	SAND	Likely to be sequence specific TF	Monomer or homomultimer	False					
SP110	SP110	1	ENSG00000135899	gtf_direct	True	Yes	SAND	Likely to be sequence specific TF	Monomer or homomultimer	False					
SP140	SP140	1	ENSG00000079263	gtf_direct	True	Yes	SAND	Likely to be sequence specific TF	Monomer or homomultimer	False					
SP140L	SP140L	1	ENSG00000185404	gtf_direct	True	Yes	SAND	Likely to be sequence specific TF	Monomer or homomultimer	True	MA2540.1	MA2540	SAND domain factors	Sp140-Sp100	Q9H930
SP2	SP2	1	ENSG00000167182	gtf_direct	True	Yes	C2H2 ZF	Known motif	Monomer or homomultimer	True	MA0516.1;MA0516.2;MA0516.3	MA0516	C2H2 zinc finger factors	Three-zinc finger Kruppel-related	Q02086
SP3	SP3	1	ENSG00000172845	gtf_direct	True	Yes	C2H2 ZF	Known motif	Monomer or homomultimer	True	MA0746.1;MA0746.2;MA0746.3	MA0746	C2H2 zinc finger factors	Three-zinc finger Kruppel-related	Q02447
SP4	SP4	1	ENSG00000105866	gtf_direct	True	Yes	C2H2 ZF	Known motif	Monomer or homomultimer	True	MA0685.1;MA0685.2	MA0685	C2H2 zinc finger factors	Three-zinc finger Kruppel-related	Q02446
SP5	SP5	1	ENSG00000204335	gtf_direct	True	Yes	C2H2 ZF	Known motif	Monomer or homomultimer	True	MA1965.1;MA1965.2	MA1965	C2H2 zinc finger factors	Three-zinc finger Kruppel-related	Q6BEB4
SP6	SP6	1	ENSG00000189120	gtf_direct	True	Yes	C2H2 ZF	Inferred motif	Monomer or homomultimer	False					
SP7	SP7	1	ENSG00000170374	gtf_direct	True	Yes	C2H2 ZF	Known motif	Monomer or homomultimer	False					
SP8	SP8	1	ENSG00000164651	gtf_direct	True	Yes	C2H2 ZF	Known motif	Monomer or homomultimer	True	MA0747.1;MA0747.2	MA0747	C2H2 zinc finger factors	Three-zinc finger Kruppel-related	Q8IXZ3
SP9	SP9	1	ENSG00000217236	gtf_direct	True	Yes	C2H2 ZF	Known motif	Monomer or homomultimer	True	MA1564.1;MA1564.2	MA1564	C2H2 zinc finger factors	Three-zinc finger Kruppel-related	P0CG40
SPDEF	SPDEF	1	ENSG00000124664	gtf_direct	True	Yes	Ets	Known motif	Monomer or homomultimer	True	MA0686.1;MA0686.2	MA0686	Tryptophan cluster factors	Ets-related	O95238
SPEN	SPEN	1	ENSG00000065526	gtf_direct	True	Yes	Unknown	Likely to be sequence specific TF	Monomer or homomultimer	False					
SPI1	SPI1	1	ENSG00000066336	gtf_direct	True	Yes	Ets	Known motif	Monomer or homomultimer	True	MA0080.1;MA0080.2;MA0080.4;MA0080.5	MA0080	Tryptophan cluster factors	Ets-related	P17947
SPIB	SPIB	1	ENSG00000269404	gtf_direct	True	Yes	Ets	Known motif	Monomer or homomultimer	True	MA0081.1;MA0081.2;MA0081.3	MA0081	Tryptophan cluster factors	Ets-related	Q01892
SPIC	SPIC	1	ENSG00000166211	gtf_direct	True	Yes	Ets	Known motif	Monomer or homomultimer	True	MA0687.1;MA0687.2	MA0687	Tryptophan cluster factors	Ets-related	Q8N5J4
SPZ1	SPZ1	1	ENSG00000164299	gtf_direct	True	Yes	Unknown	Known motif	Monomer or homomultimer	False					
SRCAP	SRCAP	1	ENSG00000080603	gtf_direct	True	Yes	AT hook	Likely to be sequence specific TF	Monomer or homomultimer	False					
SREBF1	SREBF1	2	ENSG00000072310	gtf_direct	True	Yes	bHLH	Known motif	Monomer or homomultimer	True	MA0595.1;MA0829.2;MA0829.3	MA0595;MA0829	Basic helix-loop-helix factors (bHLH)	bHLH-ZIP	P36956
SREBF2	SREBF2	1	ENSG00000198911	gtf_direct	True	Yes	bHLH	Known motif	Monomer or homomultimer	True	MA0596.1;MA0828.1;MA0828.2;MA0828.3	MA0596;MA0828	Basic helix-loop-helix factors (bHLH)	bHLH-ZIP	Q12772
SRF	SRF	1	ENSG00000112658	gtf_direct	True	Yes	MADS box	Known motif	Monomer or homomultimer	True	MA0083.1;MA0083.2;MA0083.3	MA0083	MADS box factors	Responders to external signals (SRF/RLM1)	P11831
SRY	SRY	1	ENSG00000184895	gtf_direct	True	Yes	HMG/Sox	Known motif	Monomer or homomultimer	True	MA0084.1;MA0084.2	MA0084	High-mobility group (HMG) domain factors	SOX-related factors	Q05066
SS18	SS18	1	ENSG00000141380	gtf_direct	False					False					
SSRP1	SSRP1	1	ENSG00000149136	gtf_direct	True	No	HMG/Sox	Unlikely to be sequence specific TF	Low specificity DNA-binding protein	False					
ST18	ST18	1	ENSG00000147488	gtf_direct	True	Yes	C2H2 ZF	Inferred motif	Monomer or homomultimer	False					
STAT1	STAT1	1	ENSG00000115415	gtf_direct	True	Yes	STAT	Known motif	Monomer or homomultimer	True	MA0137.1;MA0137.2;MA0137.3;MA0137.4	MA0137	STAT domain factors	STAT factors	P42224;Q53XW4
STAT2	STAT2	1	ENSG00000170581	gtf_direct	True	Yes	STAT	Known motif	Monomer or homomultimer	False					
STAT3	STAT3	1	ENSG00000168610	gtf_direct	True	Yes	STAT	Known motif	Monomer or homomultimer	True	MA0144.2;MA0144.3	MA0144	STAT domain factors	STAT factors	P40763
STAT4	STAT4	1	ENSG00000138378	gtf_direct	True	Yes	STAT	Known motif	Monomer or homomultimer	False					
STAT5A	STAT5A	1	ENSG00000126561	gtf_direct	True	Yes	STAT	Known motif	Monomer or homomultimer	False					
STAT5B	STAT5B	1	ENSG00000173757	gtf_direct	True	Yes	STAT	Known motif	Monomer or homomultimer	False					
STAT6	STAT6	1	ENSG00000166888	gtf_direct	True	Yes	STAT	Known motif	Monomer or homomultimer	False					
STOX2	STOX2	2	ENSG00000173320	gtf_direct	False					False					
STRA13	CENPX	1	ENSG00000169689	hgnc_alias	True	Yes	Unknown	Likely to be sequence specific TF	Low specificity DNA-binding protein	False					
STRAP	STRAP	1	ENSG00000023734	gtf_direct	False					False					
SUB1	SUB1	2	ENSG00000113387	gtf_direct	True	No	Unknown	ssDNA/RNA binding	Not a DNA binding protein	False					
SULT2A1	SULT2A1	1	ENSG00000105398	gtf_direct	False					False					
SUPT4H1	SUPT4H1	1	ENSG00000213246	gtf_direct	True	No	Unknown	Unlikely to be sequence specific TF	Not a DNA binding protein	False					
SUPT5H	SUPT5H	1	ENSG00000196235	gtf_direct	True	No	Unknown	Unlikely to be sequence specific TF	Low specificity DNA-binding protein	False					
SUZ12	SUZ12	1	ENSG00000178691	gtf_direct	True	No	Unknown	Unlikely to be sequence specific TF	Low specificity DNA-binding protein	False					
T	TBXT	1	ENSG00000164458	hgnc_alias	True	Yes	T-box	Known motif	Monomer or homomultimer	True	MA0009.2	MA0009	T-Box factors	Brachyury-related factors	O15178
TADA2A	TADA2A	1	ENSG00000276234	gtf_direct	True	No	Myb/SANT	Unlikely to be sequence specific TF	Not a DNA binding protein	False					
TADA2B	TADA2B	1	ENSG00000173011	gtf_direct	True	No	Myb/SANT	Unlikely to be sequence specific TF	Not a DNA binding protein	False					
TADA3	TADA3	1	ENSG00000171148	gtf_direct	True	No	Unknown	Unlikely to be sequence specific TF	Not a DNA binding protein	False					
TAF1	TAF1	1	ENSG00000147133	gtf_direct	True	No	Unknown	Unlikely to be sequence specific TF	Low specificity DNA-binding protein	False					
TAF10	TAF10	1	ENSG00000166337	gtf_direct	True	No	Unknown	Unlikely to be sequence specific TF	Not a DNA binding protein	False					
TAF11	TAF11	1	ENSG00000064995	gtf_direct	True	No	Unknown	Unlikely to be sequence specific TF	Not a DNA binding protein	False					
TAF12	TAF12	1	ENSG00000120656	gtf_direct	True	No	Unknown	Unlikely to be sequence specific TF	Low specificity DNA-binding protein	False					
TAF13	TAF13	1	ENSG00000197780	gtf_direct	True	No	Unknown	Unlikely to be sequence specific TF	Low specificity DNA-binding protein	False					
TAF1A	TAF1A	1	ENSG00000143498	gtf_direct	True	No	Unknown	Unlikely to be sequence specific TF	Low specificity DNA-binding protein	False					
TAF1B	TAF1B	1	ENSG00000115750	gtf_direct	True	No	Unknown	Unlikely to be sequence specific TF	Low specificity DNA-binding protein	False					
TAF4	TAF4	1	ENSG00000130699	gtf_direct	True	No	Unknown	Unlikely to be sequence specific TF	Low specificity DNA-binding protein	False					
TAF4B	TAF4B	1	ENSG00000141384	gtf_direct	True	No	Unknown	Unlikely to be sequence specific TF	Low specificity DNA-binding protein	False					
TAF5	TAF5	1	ENSG00000148835	gtf_direct	True	No	Unknown	Unlikely to be sequence specific TF	Not a DNA binding protein	False					
TAF5L	TAF5L	1	ENSG00000135801	gtf_direct	True	No	Unknown	Unlikely to be sequence specific TF	Not a DNA binding protein	False					
TAF6	TAF6	1	ENSG00000106290	gtf_direct	True	No	Unknown	Unlikely to be sequence specific TF	Not a DNA binding protein	False					
TAF7	TAF7	1	ENSG00000178913	gtf_direct	True	No	Unknown	Unlikely to be sequence specific TF	Not a DNA binding protein	False					
TAF9	TAF9	1	ENSG00000273841	gtf_direct	True	No	Unknown	Unlikely to be sequence specific TF	Low specificity DNA-binding protein	False					
TAL1	TAL1	2	ENSG00000162367	gtf_direct	True	Yes	bHLH	Known motif	Obligate heteromer	False					
TAL2	TAL2	1	ENSG00000186051	gtf_direct	True	Yes	bHLH	Inferred motif	Obligate heteromer	False					
TARDBP	TARDBP	1	ENSG00000120948	gtf_direct	True	No	Unknown	ssDNA/RNA binding	Not a DNA binding protein	False					
TAZ	TAFAZZIN	1	ENSG00000102125	hgnc_alias	False					False					
TBP	TBP	1	ENSG00000112592	gtf_direct	True	Yes	TBP	Known motif	Monomer or homomultimer	False					
TBPL1	TBPL1	1	ENSG00000028839	gtf_direct	True	Yes	TBP	Likely to be sequence specific TF	Obligate heteromer	False					
TBPL2	TBPL2	1	ENSG00000182521	gtf_direct	True	Yes	TBP	Inferred motif	Monomer or homomultimer	False					
TBR1	TBR1	1	ENSG00000136535	gtf_direct	True	Yes	T-box	Known motif	Monomer or homomultimer	True	MA0802.1;MA0802.2	MA0802	T-Box factors	TBrain-related factors	Q16650
TBX1	TBX1	1	ENSG00000184058	gtf_direct	True	Yes	T-box	Known motif	Monomer or homomultimer	True	MA0805.1	MA0805	T-Box factors	TBX1-related factors	O43435
TBX10	TBX10	1	ENSG00000167800	gtf_direct	True	Yes	T-box	Inferred motif	Monomer or homomultimer	False					
TBX15	TBX15	1	ENSG00000092607	gtf_direct	True	Yes	T-box	Known motif	Monomer or homomultimer	True	MA0803.1	MA0803	T-Box factors	TBX1-related factors	Q96SF7
TBX18	TBX18	2	ENSG00000112837	gtf_direct	True	Yes	T-box	Known motif	Monomer or homomultimer	True	MA1565.1;MA1565.2	MA1565	T-Box factors	TBX1-related factors	O95935
TBX19	TBX19	1	ENSG00000143178	gtf_direct	True	Yes	T-box	Known motif	Monomer or homomultimer	True	MA0804.1;MA0804.2	MA0804	T-Box factors	Brachyury-related factors	O60806
TBX2	TBX2	1	ENSG00000121068	gtf_direct	True	Yes	T-box	Known motif	Monomer or homomultimer	True	MA0688.1;MA0688.2	MA0688	T-Box factors	TBX2-related factors	Q13207
TBX20	TBX20	1	ENSG00000164532	gtf_direct	True	Yes	T-box	Known motif	Monomer or homomultimer	True	MA0689.1	MA0689	T-Box factors	TBX1-related factors	Q9UMR3
TBX21	TBX21	1	ENSG00000073861	gtf_direct	True	Yes	T-box	Known motif	Monomer or homomultimer	True	MA0690.1;MA0690.2;MA0690.3	MA0690	T-Box factors	TBrain-related factors	Q9UL17
TBX22	TBX22	1	ENSG00000122145	gtf_direct	True	Yes	T-box	Known motif	Monomer or homomultimer	False					
TBX3	TBX3	1	ENSG00000135111	gtf_direct	True	Yes	T-box	Known motif	Monomer or homomultimer	True	MA1566.1;MA1566.2;MA1566.3	MA1566	T-Box factors	TBX2-related factors	O15119
TBX4	TBX4	2	ENSG00000121075	gtf_direct	True	Yes	T-box	Known motif	Monomer or homomultimer	True	MA0806.1	MA0806	T-Box factors	TBX2-related factors	P57082
TBX5	TBX5	2	ENSG00000089225	gtf_direct	True	Yes	T-box	Known motif	Monomer or homomultimer	True	MA0807.1	MA0807	T-Box factors	TBX2-related factors	Q99593
TBX6	TBX6	1	ENSG00000149922	gtf_direct	True	Yes	T-box	Known motif	Monomer or homomultimer	True	MA1567.1	MA1567	T-Box factors	TBX6-related factors	O95947
TCEB1	ELOC	1	ENSG00000154582	hgnc_alias	False					False					
TCEB2	ELOB	1	ENSG00000103363	hgnc_alias	False					False					
TCEB3	ELOA	1	ENSG00000011007	hgnc_alias	False					False					
TCERG1	TCERG1	1	ENSG00000113649	gtf_direct	False					False					
TCF12	TCF12	2	ENSG00000140262	gtf_direct	True	Yes	bHLH	Known motif	Monomer or homomultimer	True	MA1648.1;MA1648.2	MA1648	Basic helix-loop-helix factors (bHLH)	E2A	Q99081
TCF15	TCF15	1	ENSG00000125878	gtf_direct	True	Yes	bHLH	Inferred motif	Monomer or homomultimer	False					
TCF19	TCF19	2	ENSG00000137310	gtf_direct	True	No	Unknown	Unlikely to be sequence specific TF	Not a DNA binding protein	False					
TCF20	TCF20	1	ENSG00000100207	gtf_direct	True	Yes	Unknown	Likely to be sequence specific TF	Monomer or homomultimer	False					
TCF21	TCF21	1	ENSG00000118526	gtf_direct	True	Yes	bHLH	Known motif	Monomer or homomultimer	True	MA1568.1;MA1568.2	MA1568	Basic helix-loop-helix factors (bHLH)	Tal-related	O43680
TCF23	TCF23	1	ENSG00000163792	gtf_direct	True	Yes	bHLH	Inferred motif	Monomer or homomultimer	False					
TCF24	TCF24	1	ENSG00000261787	gtf_direct	True	Yes	bHLH	Inferred motif	Monomer or homomultimer	False					
TCF25	TCF25	1	ENSG00000141002	gtf_direct	True	No	Unknown	Unlikely to be sequence specific TF	Not a DNA binding protein	False					
TCF3	TCF3	1	ENSG00000071564	gtf_direct	True	Yes	bHLH	Known motif	Monomer or homomultimer	True	MA0522.2;MA0522.3;MA0522.4	MA0522	Basic helix-loop-helix factors (bHLH)	E2A	P15923
TCF4	TCF4	1	ENSG00000196628	gtf_direct	True	Yes	bHLH	Known motif	Monomer or homomultimer	True	MA0830.1;MA0830.2;MA0830.3	MA0830	Basic helix-loop-helix factors (bHLH)	E2A	P15884
TCF7	TCF7	1	ENSG00000081059	gtf_direct	True	Yes	HMG/Sox	Known motif	Monomer or homomultimer	True	MA0769.2;MA0769.3	MA0769	High-mobility group (HMG) domain factors	TCF-7-related factors	P36402
TCF7L1	TCF7L1	1	ENSG00000152284	gtf_direct	True	Yes	HMG/Sox	Known motif	Monomer or homomultimer	True	MA1421.1	MA1421	High-mobility group (HMG) domain factors	TCF-7-related factors	Q9HCS4
TCF7L2	TCF7L2	1	ENSG00000148737	gtf_direct	True	Yes	HMG/Sox	Known motif	Monomer or homomultimer	True	MA0523.1;MA0523.2	MA0523	High-mobility group (HMG) domain factors	TCF-7-related factors	Q9NQB0
TCFL5	TCFL5	1	ENSG00000101190	gtf_direct	True	Yes	bHLH	Known motif	Monomer or homomultimer	True	MA0632.2;MA0632.3	MA0632	Basic helix-loop-helix factors (bHLH)	PAS domain factors	Q9UL49
TEAD1	TEAD1	1	ENSG00000187079	gtf_direct	True	Yes	TEA	Known motif	Monomer or homomultimer	True	MA0090.1;MA0090.2;MA0090.3;MA0090.4	MA0090	TEA domain factors	TEF-1-related factors	P28347
TEAD2	TEAD2	1	ENSG00000074219	gtf_direct	True	Yes	TEA	Known motif	Monomer or homomultimer	True	MA1121.1;MA1121.2	MA1121	TEA domain factors	TEF-1-related factors	Q15562
TEAD3	TEAD3	1	ENSG00000007866	gtf_direct	True	Yes	TEA	Known motif	Monomer or homomultimer	True	MA0808.1	MA0808	TEA domain factors	TEF-1-related factors	Q99594
TEAD4	TEAD4	1	ENSG00000197905	gtf_direct	True	Yes	TEA	Known motif	Monomer or homomultimer	True	MA0809.1;MA0809.2;MA0809.3	MA0809	TEA domain factors	TEF-1-related factors	Q15561
TEF	TEF	2	ENSG00000167074	gtf_direct	True	Yes	bZIP	Known motif	Monomer or homomultimer	True	MA0843.1;MA0843.2	MA0843	Basic leucine zipper factors (bZIP)	CEBP-related	Q10587
TERF1	TERF1	1	ENSG00000147601	gtf_direct	True	Yes	Myb/SANT	Likely to be sequence specific TF	Monomer or homomultimer	False					
TERF2	TERF2	1	ENSG00000132604	gtf_direct	True	Yes	Myb/SANT	Inferred motif	Monomer or homomultimer	False					
TET1	TET1	1	ENSG00000138336	gtf_direct	True	Yes	CxxC	Known motif	Monomer or homomultimer	False					
TET2	TET2	1	ENSG00000168769	gtf_direct	True	Yes	Unknown	Likely to be sequence specific TF	Monomer or homomultimer	False					
TET3	TET3	1	ENSG00000187605	gtf_direct	True	Yes	CxxC	Likely to be sequence specific TF	Monomer or homomultimer	False					
TFAM	TFAM	1	ENSG00000108064	gtf_direct	True	No	HMG/Sox	Unlikely to be sequence specific TF	Low specificity DNA-binding protein	False					
TFAP2A	TFAP2A	2	ENSG00000137203	gtf_direct	True	Yes	AP-2	Known motif	Monomer or homomultimer	True	MA0003.1;MA0003.2;MA0003.3;MA0003.4;MA0003.5;MA0810.1;MA0810.2;MA0872.1	MA0003;MA0810;MA0872	Basic helix-span-helix factors (bHSH)	AP-2	P05549
TFAP2B	TFAP2B	1	ENSG00000008196	gtf_direct	True	Yes	AP-2	Known motif	Monomer or homomultimer	True	MA0811.1;MA0811.2;MA0812.1;MA0812.2;MA0813.1	MA0811;MA0812;MA0813	Basic helix-span-helix factors (bHSH)	AP-2	Q92481
TFAP2C	TFAP2C	1	ENSG00000087510	gtf_direct	True	Yes	AP-2	Known motif	Monomer or homomultimer	True	MA0524.1;MA0524.2;MA0524.3;MA0814.1;MA0814.2;MA0814.3;MA0815.1	MA0524;MA0814;MA0815	Basic helix-span-helix factors (bHSH)	AP-2	Q92754
TFAP2D	TFAP2D	1	ENSG00000008197	gtf_direct	True	Yes	AP-2	Known motif	Monomer or homomultimer	False					
TFAP2E	TFAP2E	1	ENSG00000116819	gtf_direct	True	Yes	AP-2	Known motif	Monomer or homomultimer	True	MA1569.1;MA1569.2	MA1569	Basic helix-span-helix factors (bHSH)	AP-2	Q6VUC0
TFAP4	TFAP4	1	ENSG00000090447	gtf_direct	True	Yes	bHLH	Known motif	Monomer or homomultimer	True	MA0691.1;MA1570.1	MA0691;MA1570	Basic helix-loop-helix factors (bHLH)	bHLH-ZIP	Q01664
TFCP2	TFCP2	1	ENSG00000135457	gtf_direct	True	Yes	Grainyhead	Known motif	Monomer or homomultimer	True	MA1968.1;MA1968.2	MA1968	Grainyhead domain factors	CP2-related factors	Q12800
TFCP2L1	TFCP2L1	1	ENSG00000115112	gtf_direct	True	Yes	Grainyhead	Known motif	Monomer or homomultimer	False					
TFDP1	TFDP1	1	ENSG00000198176	gtf_direct	True	Yes	E2F	Known motif	Obligate heteromer	True	MA1122.1;MA1122.2	MA1122	Fork head/winged helix factors	E2F	Q14186
TFDP2	TFDP2	2	ENSG00000114126	gtf_direct	True	Yes	E2F	Inferred motif	Obligate heteromer	False					
TFDP3	TFDP3	1	ENSG00000183434	gtf_direct	True	Yes	E2F	Inferred motif	Obligate heteromer	False					
TFE3	TFE3	1	ENSG00000068323	gtf_direct	True	Yes	bHLH	Known motif	Monomer or homomultimer	True	MA0831.1;MA0831.2;MA0831.3	MA0831	Basic helix-loop-helix factors (bHLH)	bHLH-ZIP	P19532
TFEB	TFEB	2	ENSG00000112561	gtf_direct	True	Yes	bHLH	Known motif	Monomer or homomultimer	True	MA0692.1;MA0692.2	MA0692	Basic helix-loop-helix factors (bHLH)	bHLH-ZIP	P19484
TFEC	TFEC	1	ENSG00000105967	gtf_direct	True	Yes	bHLH	Known motif	Monomer or homomultimer	True	MA0871.1;MA0871.2;MA0871.3	MA0871	Basic helix-loop-helix factors (bHLH)	bHLH-ZIP	O14948
TGFB1I1	TGFB1I1	1	ENSG00000140682	gtf_direct	True	No	Unknown	Unlikely to be sequence specific TF	Not a DNA binding protein	False					
TGIF1	TGIF1	1	ENSG00000177426	gtf_direct	True	Yes	Homeodomain	Known motif	Monomer or homomultimer	True	MA0796.1	MA0796	Homeo domain factors	TALE-type homeo domain factors	Q15583
TGIF2	TGIF2	1	ENSG00000118707	gtf_direct	True	Yes	Homeodomain	Known motif	Monomer or homomultimer	True	MA0797.1	MA0797	Homeo domain factors	TALE-type homeo domain factors	Q9GZN2
TGIF2LX	TGIF2LX	1	ENSG00000153779	gtf_direct	True	Yes	Homeodomain	Known motif	Monomer or homomultimer	True	MA1571.1	MA1571	Homeo domain factors	TALE-type homeo domain factors	Q8IUE1
TGIF2LY	TGIF2LY	1	ENSG00000176679	gtf_direct	True	Yes	Homeodomain	Known motif	Monomer or homomultimer	True	MA1572.1	MA1572	Homeo domain factors	TALE-type homeo domain factors	Q8IUE0
THAP1	THAP1	1	ENSG00000131931	gtf_direct	True	Yes	THAP finger	Known motif	Monomer or homomultimer	True	MA0597.1;MA0597.2;MA0597.3	MA0597	C2CH THAP-type zinc finger factors	THAP-related factors	Q9NVV9
THAP10	THAP10	1	ENSG00000129028	gtf_direct	True	Yes	THAP finger	Likely to be sequence specific TF	Monomer or homomultimer	False					
THAP11	THAP11	1	ENSG00000168286	gtf_direct	True	Yes	THAP finger	Likely to be sequence specific TF	Monomer or homomultimer	True	MA1573.1	MA1573	C2CH THAP-type zinc finger factors	THAP-related factors	Q96EK4
THAP2	THAP2	2	ENSG00000173451	gtf_direct	True	Yes	THAP finger	Likely to be sequence specific TF	Monomer or homomultimer	False					
THAP3	THAP3	1	ENSG00000041988	gtf_direct	True	Yes	THAP finger	Likely to be sequence specific TF	Monomer or homomultimer	False					
THAP4	THAP4	1	ENSG00000176946	gtf_direct	True	Yes	THAP finger	Likely to be sequence specific TF	Monomer or homomultimer	False					
THAP5	THAP5	1	ENSG00000177683	gtf_direct	True	Yes	THAP finger	Likely to be sequence specific TF	Monomer or homomultimer	False					
THAP6	THAP6	1	ENSG00000174796	gtf_direct	True	Yes	THAP finger	Likely to be sequence specific TF	Monomer or homomultimer	False					
THAP7	THAP7	1	ENSG00000184436	gtf_direct	True	Yes	THAP finger	Likely to be sequence specific TF	Monomer or homomultimer	False					
THAP8	THAP8	1	ENSG00000161277	gtf_direct	True	Yes	THAP finger	Likely to be sequence specific TF	Monomer or homomultimer	False					
THAP9	THAP9	1	ENSG00000168152	gtf_direct	True	Yes	THAP finger	Likely to be sequence specific TF	Monomer or homomultimer	False					
THRA	THRA	1	ENSG00000126351	gtf_direct	True	Yes	Nuclear receptor	Known motif	Monomer or homomultimer	True	MA1969.1;MA1969.2	MA1969	Nuclear receptors with C4 zinc fingers	Thyroid hormone receptor-related factors (NR1)	P10827
THRB	THRB	1	ENSG00000151090	gtf_direct	True	Yes	Nuclear receptor	Known motif	Monomer or homomultimer	True	MA1574.1;MA1574.2;MA1575.1;MA1575.2;MA1576.1;MA1576.2	MA1574;MA1575;MA1576	Nuclear receptors with C4 zinc fingers	Thyroid hormone receptor-related factors (NR1)	P10828
THYN1	THYN1	1	ENSG00000151500	gtf_direct	True	Yes	Unknown	Likely to be sequence specific TF	Low specificity DNA-binding protein	False					
TIGD1	TIGD1	1	ENSG00000221944	gtf_direct	True	Yes	CENPB	Known motif	Monomer or homomultimer	False					
TIGD2	TIGD2	1	ENSG00000180346	gtf_direct	True	Yes	CENPB	Inferred motif	Monomer or homomultimer	False					
TIGD3	TIGD3	1	ENSG00000173825	gtf_direct	True	Yes	CENPB	Likely to be sequence specific TF	Monomer or homomultimer	True	MA2599.1	MA2599			Q6B0B8
TIGD4	TIGD4	1	ENSG00000169989	gtf_direct	True	Yes	CENPB	Likely to be sequence specific TF	Monomer or homomultimer	True	MA2561.1	MA2561	C2H2 zinc finger factors	More than 3 adjacent zinc fingers	Q8IY51
TIGD5	TIGD5	1	ENSG00000179886	gtf_direct	True	Yes	CENPB	Likely to be sequence specific TF	Monomer or homomultimer	True	MA2562.1	MA2562	C2H2 zinc finger factors	More than 3 adjacent zinc fingers	Q53EQ6
TIGD6	TIGD6	1	ENSG00000164296	gtf_direct	True	Yes	CENPB	Inferred motif	Monomer or homomultimer	False					
TIGD7	TIGD7	1	ENSG00000140993	gtf_direct	True	Yes	CENPB	Likely to be sequence specific TF	Monomer or homomultimer	True	MA2563.1	MA2563	C2H2 zinc finger factors	More than 3 adjacent zinc fingers	Q6NT04
TLX1	TLX1	1	ENSG00000107807	gtf_direct	True	Yes	Homeodomain	Known motif	Monomer or homomultimer	False					
TLX2	TLX2	1	ENSG00000115297	gtf_direct	True	Yes	Homeodomain	Known motif	Monomer or homomultimer	True	MA1577.1;MA1577.2	MA1577	Homeo domain factors	NK	O43763
TLX3	TLX3	1	ENSG00000164438	gtf_direct	True	Yes	Homeodomain	Known motif	Monomer or homomultimer	True	MA2685.1	MA2685	Homeo domain factors	NK	O43711
TMF1	TMF1	1	ENSG00000144747	gtf_direct	True	Yes	Unknown	Likely to be sequence specific TF	Monomer or homomultimer	False					
TNXB	TNXB	1	ENSG00000168477	gtf_direct	False					False					
TOPORS	TOPORS	1	ENSG00000197579	gtf_direct	True	Yes	Unknown	Known motif	Monomer or homomultimer	False					
TOX	TOX	1	ENSG00000198846	gtf_direct	True	No	HMG/Sox	Unlikely to be sequence specific TF	Low specificity DNA-binding protein	False					
TOX2	TOX2	1	ENSG00000124191	gtf_direct	True	No	HMG/Sox	Unlikely to be sequence specific TF	Low specificity DNA-binding protein	False					
TOX3	TOX3	1	ENSG00000103460	gtf_direct	True	No	HMG/Sox	Unlikely to be sequence specific TF	Low specificity DNA-binding protein	False					
TOX4	TOX4	1	ENSG00000092203	gtf_direct	True	No	HMG/Sox	Unlikely to be sequence specific TF	Low specificity DNA-binding protein	False					
TP53	TP53	1	ENSG00000141510	gtf_direct	True	Yes	p53	Known motif	Monomer or homomultimer	True	MA0106.1;MA0106.2;MA0106.3	MA0106	p53 domain factors	p53-related factors	P04637
TP53BP1	TP53BP1	2	ENSG00000067369	gtf_direct	True	No	Unknown	Unlikely to be sequence specific TF	Not a DNA binding protein	False					
TP53BP2	TP53BP2	1	ENSG00000143514	gtf_direct	False					False					
TP63	TP63	1	ENSG00000073282	gtf_direct	True	Yes	p53	Known motif	Monomer or homomultimer	True	MA0525.1;MA0525.2	MA0525	p53 domain factors	p53-related factors	Q9H3D4
TP73	TP73	1	ENSG00000078900	gtf_direct	True	Yes	p53	Known motif	Monomer or homomultimer	True	MA0861.1;MA0861.2	MA0861	p53 domain factors	p53-related factors	O15350
TPI1	TPI1	1	ENSG00000111669	gtf_direct	False					False					
TPRX1	TPRX1	1	ENSG00000178928	gtf_direct	True	Yes	Homeodomain	Likely to be sequence specific TF	Monomer or homomultimer	True	MA2600.1	MA2600	Homeo domain factors	Paired-related HD	Q8N7U7
TRAFD1	TRAFD1	1	ENSG00000135148	gtf_direct	True	Yes	C2H2 ZF	Likely to be sequence specific TF	Monomer or homomultimer	False					
TRERF1	TRERF1	1	ENSG00000124496	gtf_direct	True	Yes	C2H2 ZF; Myb/SANT	Inferred motif	Monomer or homomultimer	False					
TRIM22	TRIM22	1	ENSG00000132274	gtf_direct	True	No	Unknown	Unlikely to be sequence specific TF	Not a DNA binding protein	False					
TRIM25	TRIM25	1	ENSG00000121060	gtf_direct	True	No	Unknown	Unlikely to be sequence specific TF	Not a DNA binding protein	False					
TRIM27	TRIM27	1	ENSG00000204713	gtf_direct	True	No	Unknown	Unlikely to be sequence specific TF	Low specificity DNA-binding protein	False					
TRIM28	TRIM28	1	ENSG00000130726	gtf_direct	True	No	Unknown	Unlikely to be sequence specific TF	Not a DNA binding protein	False					
TRIM29	TRIM29	2	ENSG00000137699	gtf_direct	True	No	Unknown	Unlikely to be sequence specific TF	Not a DNA binding protein	False					
TRPS1	TRPS1	1	ENSG00000104447	gtf_direct	True	Yes	GATA	Known motif	Monomer or homomultimer	True	MA1970.1;MA1970.2	MA1970	Other C4 zinc finger-type factors	C4-GATA-related	Q9UHF7
TSC22D1	TSC22D1	1	ENSG00000102804	gtf_direct	True	Yes	Unknown	Likely to be sequence specific TF	Monomer or homomultimer	False					
TSC22D2	TSC22D2	1	ENSG00000196428	gtf_direct	True	No	Unknown	Unlikely to be sequence specific TF	Not a DNA binding protein	False					
TSC22D3	TSC22D3	1	ENSG00000157514	gtf_direct	True	No	Unknown	Unlikely to be sequence specific TF	Not a DNA binding protein	False					
TSC22D4	TSC22D4	1	ENSG00000166925	gtf_direct	True	No	Unknown	Unlikely to be sequence specific TF	Not a DNA binding protein	False					
TSHZ1	TSHZ1	1	ENSG00000179981	gtf_direct	True	Yes	C2H2 ZF	Likely to be sequence specific TF	Monomer or homomultimer	False					
TSHZ2	TSHZ2	1	ENSG00000182463	gtf_direct	True	Yes	C2H2 ZF	Likely to be sequence specific TF	Monomer or homomultimer	False					
TSHZ3	TSHZ3	1	ENSG00000121297	gtf_direct	True	Yes	C2H2 ZF	Likely to be sequence specific TF	Monomer or homomultimer	False					
TTF1	TTF1	1	ENSG00000125482	gtf_direct	True	Yes	Myb/SANT	Likely to be sequence specific TF	Monomer or homomultimer	False					
TUB	TUB	1	ENSG00000166402	gtf_direct	True	No	Unknown	Unlikely to be sequence specific TF	Low specificity DNA-binding protein	False					
TULP1	TULP1	1	ENSG00000112041	gtf_direct	False					False					
TULP2	TULP2	1	ENSG00000104804	gtf_direct	False					False					
TULP3	TULP3	2	ENSG00000078246	gtf_direct	False					False					
TULP4	TULP4	1	ENSG00000130338	gtf_direct	True	No	Unknown	Unlikely to be sequence specific TF	Low specificity DNA-binding protein	False					
TWIST1	TWIST1	1	ENSG00000122691	gtf_direct	True	Yes	bHLH	Known motif	Monomer or homomultimer	True	MA1123.1;MA1123.2;MA1123.3	MA1123	Basic helix-loop-helix factors (bHLH)	Tal-related	Q15672
TWIST2	TWIST2	1	ENSG00000233608	gtf_direct	True	Yes	bHLH	Known motif	Monomer or homomultimer	False					
UBN1	UBN1	1	ENSG00000118900	gtf_direct	True	No	Unknown	Unlikely to be sequence specific TF	Not a DNA binding protein	False					
UBP1	UBP1	1	ENSG00000153560	gtf_direct	True	Yes	Grainyhead	Known motif	Monomer or homomultimer	False					
UBTF	UBTF	1	ENSG00000108312	gtf_direct	True	No	HMG/Sox	Unlikely to be sequence specific TF	Low specificity DNA-binding protein	False					
UNCX	UNCX	1	ENSG00000164853	gtf_direct	True	Yes	Homeodomain	Known motif	Monomer or homomultimer	True	MA0721.1;MA0721.2	MA0721	Homeo domain factors	Paired-related HD factors	A6NJT0
UNKL	UNKL	1	ENSG00000059145	gtf_direct	True	No	CCCH ZF	ssDNA/RNA binding	Not a DNA binding protein	False					
USF1	USF1	1	ENSG00000158773	gtf_direct	True	Yes	bHLH	Known motif	Monomer or homomultimer	True	MA0093.1;MA0093.2;MA0093.3;MA0093.4	MA0093	Basic helix-loop-helix factors (bHLH)	bHLH-ZIP	P22415
USF2	USF2	1	ENSG00000105698	gtf_direct	True	Yes	bHLH	Known motif	Monomer or homomultimer	True	MA0526.1;MA0526.2;MA0526.3;MA0526.4;MA0526.5	MA0526	Basic helix-loop-helix factors (bHLH)	bHLH-ZIP	Q15853
VAV1	VAV1	1	ENSG00000141968	gtf_direct	True	No	Unknown	Unlikely to be sequence specific TF	Not a DNA binding protein	False					
VAX1	VAX1	1	ENSG00000148704	gtf_direct	True	Yes	Homeodomain	Known motif	Monomer or homomultimer	True	MA0722.1;MA0722.2	MA0722	Homeo domain factors	NK	Q5SQQ9
VAX2	VAX2	1	ENSG00000116035	gtf_direct	True	Yes	Homeodomain	Known motif	Monomer or homomultimer	True	MA0723.1;MA0723.2;MA0723.3	MA0723	Homeo domain factors	NK	Q9UIW0
VDR	VDR	1	ENSG00000111424	gtf_direct	True	Yes	Nuclear receptor	Known motif	Monomer or homomultimer	True	MA0693.2	MA0693	Nuclear receptors with C4 zinc fingers	Thyroid hormone receptor-related factors (NR1)	P11473
VENTX	VENTX	1	ENSG00000151650	gtf_direct	True	Yes	Homeodomain	Known motif	Monomer or homomultimer	True	MA0724.1	MA0724	Homeo domain factors	NK	O95231
VEZF1	VEZF1	1	ENSG00000136451	gtf_direct	True	Yes	C2H2 ZF	Known motif	Monomer or homomultimer	True	MA1578.1;MA1578.2	MA1578	C2H2 zinc finger factors	More than 3 adjacent zinc fingers	Q14119
VPS72	VPS72	1	ENSG00000163159	gtf_direct	True	No	Unknown	Unlikely to be sequence specific TF	Not a DNA binding protein	False					
VSX1	VSX1	1	ENSG00000100987	gtf_direct	True	Yes	Homeodomain	Known motif	Monomer or homomultimer	True	MA0725.1;MA0725.2	MA0725	Homeo domain factors	Paired-related HD factors	Q9NZR4
VSX2	VSX2	1	ENSG00000119614	gtf_direct	True	Yes	Homeodomain	Known motif	Monomer or homomultimer	True	MA0726.1;MA0726.2	MA0726	Homeo domain factors	Paired-related HD factors	P58304
VTN	VTN	1	ENSG00000109072	gtf_direct	False					False					
WDHD1	WDHD1	1	ENSG00000198554	gtf_direct	True	No	HMG/Sox	Unlikely to be sequence specific TF	Low specificity DNA-binding protein	False					
WDR82	WDR82	1	ENSG00000164091	gtf_direct	False					False					
WHSC1	NSD2	1	ENSG00000109685	hgnc_alias	True	No	HMG/Sox	Unlikely to be sequence specific TF	Low specificity DNA-binding protein	False					
WIZ	WIZ	1	ENSG00000011451	gtf_direct	True	Yes	C2H2 ZF	Likely to be sequence specific TF	Monomer or homomultimer	False					
WNK1	WNK1	1	ENSG00000060237	gtf_direct	False					False					
WT1	WT1	1	ENSG00000184937	gtf_direct	True	Yes	C2H2 ZF	Known motif	Monomer or homomultimer	False					
XBP1	XBP1	1	ENSG00000100219	gtf_direct	True	Yes	bZIP	Known motif	Monomer or homomultimer	True	MA0844.1;MA0844.2	MA0844	Basic leucine zipper factors (bZIP)	XBP-1-related factors	P17861
XPA	XPA	1	ENSG00000136936	gtf_direct	True	Yes	Unknown	Known motif	Monomer or homomultimer	False					
XRCC5	XRCC5	1	ENSG00000079246	gtf_direct	False					False					
XRCC6	XRCC6	1	ENSG00000196419	gtf_direct	False					False					
YAF2	YAF2	1	ENSG00000015153	gtf_direct	False					False					
YAP1	YAP1	1	ENSG00000137693	gtf_direct	False					False					
YBX1	YBX1	1	ENSG00000065978	gtf_direct	True	Yes	CSD	Known motif	Monomer or homomultimer	False					
YBX2	YBX2	1	ENSG00000006047	gtf_direct	True	Yes	CSD	Inferred motif	Monomer or homomultimer	False					
YBX3	YBX3	1	ENSG00000060138	gtf_direct	True	Yes	CSD	Known motif	Monomer or homomultimer	False					
YEATS2	YEATS2	1	ENSG00000163872	gtf_direct	True	No	Unknown	Unlikely to be sequence specific TF	Not a DNA binding protein	False					
YWHAE	YWHAE	1	ENSG00000108953	gtf_direct	False					False					
YWHAZ	YWHAZ	1	ENSG00000164924	gtf_direct	False					False					
YY1	YY1	1	ENSG00000100811	gtf_direct	True	Yes	C2H2 ZF	Known motif	Monomer or homomultimer	True	MA0095.1;MA0095.2	MA0095	C2H2 zinc finger factors	More than 3 adjacent zinc fingers	P25490
YY2	YY2	1	ENSG00000230797	gtf_direct	True	Yes	C2H2 ZF	Known motif	Monomer or homomultimer	True	MA0748.1;MA0748.2;MA0748.3	MA0748	C2H2 zinc finger factors	More than 3 adjacent zinc fingers	O15391
ZBED1	ZBED1	1	ENSG00000214717	gtf_direct	True	Yes	BED ZF	Known motif	Monomer or homomultimer	True	MA0749.1;MA0749.2	MA0749	C2H2 zinc finger factors	BED zinc finger factors	O96006
ZBED2	ZBED2	1	ENSG00000177494	gtf_direct	True	Yes	BED ZF	Likely to be sequence specific TF	Monomer or homomultimer	True	MA1971.1;MA1971.2	MA1971	C2H2 zinc finger factors	BED zinc finger factors	Q9BTP6
ZBED3	ZBED3	1	ENSG00000132846	gtf_direct	True	Yes	BED ZF	Likely to be sequence specific TF	Monomer or homomultimer	False					
ZBED4	ZBED4	1	ENSG00000100426	gtf_direct	True	Yes	BED ZF	Likely to be sequence specific TF	Monomer or homomultimer	True	MA2328.1	MA2328	C2H2 zinc finger factors	BED zinc finger factors	O75132
ZBED5	ZBED5	1	ENSG00000236287	gtf_direct	True	Yes	BED ZF	Likely to be sequence specific TF	Monomer or homomultimer	True	MA2602.1	MA2602	C2H2 zinc finger factors	BED zinc finger factors	Q49AG3
ZBED6	ZBED6	1	ENSG00000257315	gtf_direct	True	Yes	BED ZF	Inferred motif	Monomer or homomultimer	False					
ZBTB1	ZBTB1	1	ENSG00000126804	gtf_direct	True	Yes	C2H2 ZF	Known motif	Monomer or homomultimer	False					
ZBTB10	ZBTB10	1	ENSG00000205189	gtf_direct	True	Yes	C2H2 ZF	Likely to be sequence specific TF	Monomer or homomultimer	False					
ZBTB11	ZBTB11	1	ENSG00000066422	gtf_direct	True	Yes	C2H2 ZF	Known motif	Monomer or homomultimer	True	MA2329.1	MA2329	C2H2 zinc finger factors	More than 3 adjacent zinc fingers	O95625
ZBTB12	ZBTB12	1	ENSG00000204366	gtf_direct	True	Yes	C2H2 ZF	Known motif	Monomer or homomultimer	True	MA1649.1;MA1649.2	MA1649	C2H2 zinc finger factors	More than 3 adjacent zinc fingers	Q9Y330
ZBTB14	ZBTB14	1	ENSG00000198081	gtf_direct	True	Yes	C2H2 ZF	Known motif	Monomer or homomultimer	True	MA1650.1;MA1650.2	MA1650	C2H2 zinc finger factors	More than 3 adjacent zinc fingers	O43829
ZBTB16	ZBTB16	1	ENSG00000109906	gtf_direct	True	Yes	C2H2 ZF	Known motif	Monomer or homomultimer	False					
ZBTB17	ZBTB17	1	ENSG00000116809	gtf_direct	True	Yes	C2H2 ZF	Likely to be sequence specific TF	Monomer or homomultimer	True	MA2102.1	MA2102	C2H2 zinc finger factors	Factors with multiple dispersed zinc fingers	Q13105
ZBTB18	ZBTB18	1	ENSG00000179456	gtf_direct	True	Yes	C2H2 ZF	Known motif	Monomer or homomultimer	True	MA0698.1;MA0698.2	MA0698	C2H2 zinc finger factors	More than 3 adjacent zinc fingers	Q99592
ZBTB2	ZBTB2	1	ENSG00000181472	gtf_direct	True	Yes	C2H2 ZF	Known motif	Monomer or homomultimer	False					
ZBTB20	ZBTB20	2	ENSG00000181722	gtf_direct	True	Yes	C2H2 ZF	Known motif	Monomer or homomultimer	False					
ZBTB21	ZBTB21	1	ENSG00000173276	gtf_direct	True	Yes	C2H2 ZF	Likely to be sequence specific TF	Monomer or homomultimer	True	MA2487.1	MA2487	C2H2 zinc finger factors	Factors with multiple dispersed zinc fingers	Q9ULJ3
ZBTB22	ZBTB22	1	ENSG00000236104	gtf_direct	True	Yes	C2H2 ZF	Known motif	Monomer or homomultimer	False					
ZBTB24	ZBTB24	1	ENSG00000112365	gtf_direct	True	Yes	C2H2 ZF; AT hook	Likely to be sequence specific TF	Monomer or homomultimer	True	MA2330.1;MA2330.2	MA2330	C2H2 zinc finger factors	More than 3 adjacent zinc fingers	O43167
ZBTB25	ZBTB25	1	ENSG00000089775	gtf_direct	True	Yes	C2H2 ZF	Likely to be sequence specific TF	Monomer or homomultimer	False					
ZBTB26	ZBTB26	1	ENSG00000171448	gtf_direct	True	Yes	C2H2 ZF	Known motif	Monomer or homomultimer	True	MA1579.1;MA1579.2	MA1579	C2H2 zinc finger factors	More than 3 adjacent zinc fingers	Q9HCK0
ZBTB3	ZBTB3	1	ENSG00000185670	gtf_direct	True	Yes	C2H2 ZF	Known motif	Monomer or homomultimer	False					
ZBTB32	ZBTB32	1	ENSG00000011590	gtf_direct	True	Yes	C2H2 ZF	Known motif	Monomer or homomultimer	True	MA1580.1	MA1580	C2H2 zinc finger factors	Other factors with up to three adjacent zinc fingers	Q9Y2Y4
ZBTB33	ZBTB33	1	ENSG00000177485	gtf_direct	True	Yes	C2H2 ZF	Known motif	Monomer or homomultimer	True	MA0527.1;MA0527.2	MA0527	C2H2 zinc finger factors	Other factors with up to three adjacent zinc fingers	Q86T24
ZBTB34	ZBTB34	1	ENSG00000177125	gtf_direct	True	Yes	C2H2 ZF	Inferred motif	Monomer or homomultimer	False					
ZBTB37	ZBTB37	1	ENSG00000185278	gtf_direct	True	Yes	C2H2 ZF	Known motif	Monomer or homomultimer	False					
ZBTB38	ZBTB38	2	ENSG00000177311	gtf_direct	True	Yes	C2H2 ZF	Likely to be sequence specific TF	Monomer or homomultimer	False					
ZBTB39	ZBTB39	1	ENSG00000166860	gtf_direct	True	Yes	C2H2 ZF	Likely to be sequence specific TF	Monomer or homomultimer	False					
ZBTB4	ZBTB4	2	ENSG00000174282	gtf_direct	True	Yes	C2H2 ZF	Known motif	Monomer or homomultimer	False					
ZBTB40	ZBTB40	1	ENSG00000184677	gtf_direct	True	Yes	C2H2 ZF	Likely to be sequence specific TF	Monomer or homomultimer	True	MA2488.1	MA2488	C2H2 zinc finger factors	More than 3 adjacent zinc fingers	Q9NUA8
ZBTB41	ZBTB41	1	ENSG00000177888	gtf_direct	True	Yes	C2H2 ZF	Likely to be sequence specific TF	Monomer or homomultimer	True	MA2510.1	MA2510	C2H2 zinc finger factors	Factors with multiple dispersed zinc fingers	Q5SVQ8
ZBTB42	ZBTB42	1	ENSG00000179627	gtf_direct	True	Yes	C2H2 ZF	Known motif	Monomer or homomultimer	False					
ZBTB43	ZBTB43	1	ENSG00000169155	gtf_direct	True	Yes	C2H2 ZF	Known motif	Monomer or homomultimer	False					
ZBTB44	ZBTB44	1	ENSG00000196323	gtf_direct	True	Yes	C2H2 ZF	Known motif	Monomer or homomultimer	False					
ZBTB45	ZBTB45	1	ENSG00000119574	gtf_direct	True	Yes	C2H2 ZF	Known motif	Monomer or homomultimer	False					
ZBTB46	ZBTB46	1	ENSG00000130584	gtf_direct	True	Yes	C2H2 ZF	Likely to be sequence specific TF	Monomer or homomultimer	False					
ZBTB47	ZBTB47	1	ENSG00000114853	gtf_direct	True	Yes	C2H2 ZF	Likely to be sequence specific TF	Monomer or homomultimer	True	MA2543.1	MA2543	C2H2 zinc finger factors	More than 3 adjacent zinc fingers	Q9UFB7
ZBTB48	ZBTB48	1	ENSG00000204859	gtf_direct	True	Yes	C2H2 ZF	Known motif	Monomer or homomultimer	True	MA2470.1	MA2470	C2H2 zinc finger factors	More than 3 adjacent zinc fingers	P10074
ZBTB49	ZBTB49	1	ENSG00000168826	gtf_direct	True	Yes	C2H2 ZF	Known motif	Monomer or homomultimer	False					
ZBTB5	ZBTB5	1	ENSG00000168795	gtf_direct	True	Yes	C2H2 ZF	Likely to be sequence specific TF	Monomer or homomultimer	True	MA2509.1	MA2509	C2H2 zinc finger factors	BTB-POZ	O15062
ZBTB6	ZBTB6	1	ENSG00000186130	gtf_direct	True	Yes	C2H2 ZF	Known motif	Monomer or homomultimer	True	MA1581.1;MA1581.2	MA1581	C2H2 zinc finger factors	More than 3 adjacent zinc fingers	Q15916
ZBTB7A	ZBTB7A	2	ENSG00000178951	gtf_direct	True	Yes	C2H2 ZF	Known motif	Monomer or homomultimer	True	MA0750.1;MA0750.2;MA0750.3;MA0750.4	MA0750	C2H2 zinc finger factors	More than 3 adjacent zinc fingers	O95365
ZBTB7B	ZBTB7B	1	ENSG00000160685	gtf_direct	True	Yes	C2H2 ZF	Known motif	Monomer or homomultimer	True	MA0694.1;MA0694.2	MA0694	C2H2 zinc finger factors	More than 3 adjacent zinc fingers	O15156
ZBTB7C	ZBTB7C	2	ENSG00000184828	gtf_direct	True	Yes	C2H2 ZF	Known motif	Monomer or homomultimer	True	MA0695.1;MA0695.2;MA0695.3	MA0695	C2H2 zinc finger factors	More than 3 adjacent zinc fingers	A1YPR0
ZBTB8A	ZBTB8A	1	ENSG00000160062	gtf_direct	True	Yes	C2H2 ZF	Likely to be sequence specific TF	Monomer or homomultimer	True	MA2578.1	MA2578	C2H2 zinc finger factors	Other factors with up to three adjacent zinc fingers	Q96BR9
ZBTB8B	ZBTB8B	1	ENSG00000273274	gtf_direct	True	Yes	C2H2 ZF	Likely to be sequence specific TF	Monomer or homomultimer	True	MA2579.1	MA2579	C2H2 zinc finger factors	Other factors with up to three adjacent zinc fingers	Q8NAP8
ZBTB9	ZBTB9	1	ENSG00000213588	gtf_direct	True	Yes	C2H2 ZF	Likely to be sequence specific TF	Monomer or homomultimer	False					
ZC3H11A	ZC3H11A	1	ENSG00000058673	gtf_direct	True	No	CCCH ZF	ssDNA/RNA binding	Not a DNA binding protein	False					
ZC3H15	ZC3H15	1	ENSG00000065548	gtf_direct	True	No	CCCH ZF	ssDNA/RNA binding	Not a DNA binding protein	False					
ZC3H3	ZC3H3	1	ENSG00000014164	gtf_direct	True	No	CCCH ZF	ssDNA/RNA binding	Not a DNA binding protein	False					
ZC3H8	ZC3H8	1	ENSG00000144161	gtf_direct	True	Yes	CCCH ZF	Likely to be sequence specific TF	Monomer or homomultimer	False					
ZCCHC11	TUT4	1	ENSG00000134744	hgnc_alias	True	No	Unknown	ssDNA/RNA binding	Not a DNA binding protein	False					
ZCCHC6	TUT7	1	ENSG00000083223	hgnc_alias	True	No	Unknown	ssDNA/RNA binding	Not a DNA binding protein	False					
ZEB1	ZEB1	2	ENSG00000148516	gtf_direct	True	Yes	C2H2 ZF; Homeodomain	Known motif	Monomer or homomultimer	True	MA0103.2;MA0103.3;MA0103.4	MA0103	Homeo domain factors	HD-ZF factors	P37275
ZEB2	ZEB2	2	ENSG00000169554	gtf_direct	True	Yes	C2H2 ZF; Homeodomain	Inferred motif	Monomer or homomultimer	True	MA2686.1	MA2686	Homeo domain factors	HD-ZF	O60315
ZFAT	ZFAT	2	ENSG00000066827	gtf_direct	True	Yes	C2H2 ZF	Likely to be sequence specific TF	Monomer or homomultimer	False					
ZFHX2	ZFHX2	2	ENSG00000136367	gtf_direct	True	Yes	Homeodomain	Known motif	Monomer or homomultimer	False					
ZFHX3	ZFHX3	1	ENSG00000140836	gtf_direct	True	Yes	C2H2 ZF; Homeodomain	Known motif	Monomer or homomultimer	False					
ZFHX4	ZFHX4	1	ENSG00000091656	gtf_direct	True	Yes	C2H2 ZF; Homeodomain	Inferred motif	Monomer or homomultimer	False					
ZFP1	ZFP1	1	ENSG00000184517	gtf_direct	True	Yes	C2H2 ZF	Known motif	Monomer or homomultimer	False					
ZFP14	ZFP14	1	ENSG00000142065	gtf_direct	True	Yes	C2H2 ZF	Known motif	Monomer or homomultimer	True	MA1972.1	MA1972	C2H2 zinc finger factors	Factors with multiple dispersed zinc fingers	Q9HCL3
ZFP2	ZFP2	1	ENSG00000198939	gtf_direct	True	Yes	C2H2 ZF	Inferred motif	Monomer or homomultimer	False					
ZFP28	ZFP28	1	ENSG00000196867	gtf_direct	True	Yes	C2H2 ZF	Known motif	Monomer or homomultimer	True	MA2489.1	MA2489	C2H2 zinc finger factors	More than 3 adjacent zinc fingers	Q8NHY6
ZFP3	ZFP3	1	ENSG00000180787	gtf_direct	True	Yes	C2H2 ZF	Known motif	Monomer or homomultimer	True	MA2490.1	MA2490	C2H2 zinc finger factors	More than 3 adjacent zinc fingers	Q96NJ6
ZFP30	ZFP30	1	ENSG00000120784	gtf_direct	True	Yes	C2H2 ZF	Inferred motif	Monomer or homomultimer	False					
ZFP36L1	ZFP36L1	2	ENSG00000185650	gtf_direct	True	No	CCCH ZF	ssDNA/RNA binding	Not a DNA binding protein	False					
ZFP36L2	ZFP36L2	1	ENSG00000152518	gtf_direct	True	No	CCCH ZF	ssDNA/RNA binding	Not a DNA binding protein	False					
ZFP37	ZFP37	1	ENSG00000136866	gtf_direct	True	Yes	C2H2 ZF	Likely to be sequence specific TF	Monomer or homomultimer	False					
ZFP41	ZFP41	1	ENSG00000181638	gtf_direct	True	Yes	C2H2 ZF	Known motif	Monomer or homomultimer	False					
ZFP42	ZFP42	2	ENSG00000179059	gtf_direct	True	Yes	C2H2 ZF	Known motif	Monomer or homomultimer	True	MA1651.1;MA1651.2	MA1651	C2H2 zinc finger factors	More than 3 adjacent zinc fingers	Q96MM3
ZFP57	ZFP57	1	ENSG00000204644	gtf_direct	True	Yes	C2H2 ZF	Known motif	Monomer or homomultimer	True	MA1583.1;MA1583.2	MA1583	C2H2 zinc finger factors	Factors with multiple dispersed zinc fingers	Q9NU63
ZFP62	ZFP62	1	ENSG00000196670	gtf_direct	True	Yes	C2H2 ZF	Likely to be sequence specific TF	Monomer or homomultimer	False					
ZFP64	ZFP64	1	ENSG00000020256	gtf_direct	True	Yes	C2H2 ZF	Known motif	Monomer or homomultimer	False					
ZFP69	ZFP69	1	ENSG00000187815	gtf_direct	True	Yes	C2H2 ZF	Known motif	Monomer or homomultimer	False					
ZFP69B	ZFP69B	1	ENSG00000187801	gtf_direct	True	Yes	C2H2 ZF	Known motif	Monomer or homomultimer	False					
ZFP82	ZFP82	1	ENSG00000181007	gtf_direct	True	Yes	C2H2 ZF	Known motif	Monomer or homomultimer	False					
ZFP90	ZFP90	2	ENSG00000184939	gtf_direct	True	Yes	C2H2 ZF	Known motif	Monomer or homomultimer	False					
ZFP91	ZFP91	1	ENSG00000186660	gtf_direct	True	Yes	C2H2 ZF	Likely to be sequence specific TF	Monomer or homomultimer	False					
ZFP92	ZFP92	1	ENSG00000189420	gtf_direct	True	Yes	C2H2 ZF	Known motif	Monomer or homomultimer	False					
ZFPM1	ZFPM1	1	ENSG00000179588	gtf_direct	True	Yes	C2H2 ZF	Likely to be sequence specific TF	Monomer or homomultimer	False					
ZFPM2	ZFPM2	1	ENSG00000169946	gtf_direct	True	Yes	C2H2 ZF	Likely to be sequence specific TF	Monomer or homomultimer	False					
ZFX	ZFX	1	ENSG00000005889	gtf_direct	True	Yes	C2H2 ZF	Known motif	Monomer or homomultimer	False					
ZFY	ZFY	1	ENSG00000067646	gtf_direct	True	Yes	C2H2 ZF	Inferred motif	Monomer or homomultimer	False					
ZFYVE20	RBSN	1	ENSG00000131381	hgnc_alias	True	Yes	C2H2 ZF	Likely to be sequence specific TF	Monomer or homomultimer	False					
ZFYVE26	ZFYVE26	1	ENSG00000072121	gtf_direct	True	No	FYVE-type ZF	Unlikely to be sequence specific TF	Not a DNA binding protein	False					
ZGLP1	ZGLP1	1	ENSG00000220201	gtf_direct	True	Yes	GATA	Likely to be sequence specific TF	Monomer or homomultimer	True	MA2557.1	MA2557	Other C4 zinc finger-type factors	C4-GATA-related	P0C6A0
ZGPAT	ZGPAT	1	ENSG00000197114	gtf_direct	True	Yes	CCCH ZF	Likely to be sequence specific TF	Monomer or homomultimer	False					
ZHX1	ZHX1	1	ENSG00000165156	gtf_direct	True	Yes	Homeodomain	Known motif	Monomer or homomultimer	False					
ZHX2	ZHX2	1	ENSG00000178764	gtf_direct	True	Yes	Homeodomain	Likely to be sequence specific TF	Monomer or homomultimer	False					
ZHX3	ZHX3	1	ENSG00000174306	gtf_direct	True	Yes	Homeodomain	Likely to be sequence specific TF	Monomer or homomultimer	False					
ZIC1	ZIC1	1	ENSG00000152977	gtf_direct	True	Yes	C2H2 ZF	Known motif	Monomer or homomultimer	True	MA0696.1	MA0696	C2H2 zinc finger factors	More than 3 adjacent zinc fingers	Q15915
ZIC2	ZIC2	1	ENSG00000043355	gtf_direct	True	Yes	C2H2 ZF	Known motif	Monomer or homomultimer	False					
ZIC3	ZIC3	1	ENSG00000156925	gtf_direct	True	Yes	C2H2 ZF	Known motif	Monomer or homomultimer	True	MA0697.1	MA0697	C2H2 zinc finger factors	More than 3 adjacent zinc fingers	O60481
ZIC4	ZIC4	2	ENSG00000174963	gtf_direct	True	Yes	C2H2 ZF	Known motif	Monomer or homomultimer	True	MA0751.1;MA0751.2	MA0751	C2H2 zinc finger factors	More than 3 adjacent zinc fingers	Q8N9L1
ZIC5	ZIC5	1	ENSG00000139800	gtf_direct	True	Yes	C2H2 ZF	Known motif	Monomer or homomultimer	True	MA1584.1;MA1584.2	MA1584	C2H2 zinc finger factors	More than 3 adjacent zinc fingers	Q96T25
ZIK1	ZIK1	1	ENSG00000171649	gtf_direct	True	Yes	C2H2 ZF	Known motif	Monomer or homomultimer	False					
ZIM2	ZIM2	1	ENSG00000269699	gtf_direct	True	Yes	C2H2 ZF	Known motif	Monomer or homomultimer	False					
ZIM3	ZIM3	1	ENSG00000141946	gtf_direct	True	Yes	C2H2 ZF	Known motif	Monomer or homomultimer	True	MA1709.1;MA1709.2	MA1709	C2H2 zinc finger factors	More than 3 adjacent zinc fingers	Q96PE6
ZKSCAN1	ZKSCAN1	1	ENSG00000106261	gtf_direct	True	Yes	C2H2 ZF	Known motif	Monomer or homomultimer	True	MA1585.1;MA1585.2	MA1585	C2H2 zinc finger factors	More than 3 adjacent zinc fingers	P17029
ZKSCAN2	ZKSCAN2	1	ENSG00000155592	gtf_direct	True	Yes	C2H2 ZF	Known motif	Monomer or homomultimer	False					
ZKSCAN3	ZKSCAN3	1	ENSG00000189298	gtf_direct	True	Yes	C2H2 ZF	Known motif	Monomer or homomultimer	True	MA1973.1;MA1973.2	MA1973	C2H2 zinc finger factors	More than 3 adjacent zinc fingers	Q9BRR0
ZKSCAN4	ZKSCAN4	1	ENSG00000187626	gtf_direct	True	Yes	C2H2 ZF	Likely to be sequence specific TF	Monomer or homomultimer	True	MA2544.1	MA2544	C2H2 zinc finger factors	More than 3 adjacent zinc fingers	Q969J2
ZKSCAN5	ZKSCAN5	1	ENSG00000196652	gtf_direct	True	Yes	C2H2 ZF	Known motif	Monomer or homomultimer	True	MA1652.1;MA1652.2	MA1652	C2H2 zinc finger factors	Factors with multiple dispersed zinc fingers	Q9Y2L8
ZKSCAN7	ZKSCAN7	1	ENSG00000196345	gtf_direct	True	Yes	C2H2 ZF	Known motif	Monomer or homomultimer	False					
ZKSCAN8	ZKSCAN8	1	ENSG00000198315	gtf_direct	True	Yes	C2H2 ZF	Likely to be sequence specific TF	Monomer or homomultimer	False					
ZMAT1	ZMAT1	1	ENSG00000166432	gtf_direct	True	Yes	C2H2 ZF	Likely to be sequence specific TF	Monomer or homomultimer	False					
ZMAT2	ZMAT2	2	ENSG00000146007	gtf_direct	True	No	Unknown	Unlikely to be sequence specific TF	Not a DNA binding protein	False					
ZMAT3	ZMAT3	1	ENSG00000172667	gtf_direct	True	No	C2H2 ZF	ssDNA/RNA binding	Not a DNA binding protein	False					
ZMAT4	ZMAT4	1	ENSG00000165061	gtf_direct	True	Yes	C2H2 ZF	Likely to be sequence specific TF	Monomer or homomultimer	False					
ZNF10	ZNF10	1	ENSG00000256223	gtf_direct	True	Yes	C2H2 ZF	Known motif	Monomer or homomultimer	False					
ZNF100	ZNF100	1	ENSG00000197020	gtf_direct	True	Yes	C2H2 ZF	Known motif	Monomer or homomultimer	False					
ZNF101	ZNF101	1	ENSG00000181896	gtf_direct	True	Yes	C2H2 ZF	Known motif	Monomer or homomultimer	False					
ZNF107	ZNF107	1	ENSG00000196247	gtf_direct	True	Yes	C2H2 ZF	Likely to be sequence specific TF	Monomer or homomultimer	False					
ZNF112	ZNF112	1	ENSG00000062370	gtf_direct	True	Yes	C2H2 ZF	Likely to be sequence specific TF	Monomer or homomultimer	False					
ZNF114	ZNF114	1	ENSG00000178150	gtf_direct	True	Yes	C2H2 ZF	Known motif	Monomer or homomultimer	False					
ZNF117	ZNF117	1	ENSG00000152926	gtf_direct	True	Yes	C2H2 ZF	Inferred motif	Monomer or homomultimer	False					
ZNF12	ZNF12	1	ENSG00000164631	gtf_direct	True	Yes	C2H2 ZF	Known motif	Monomer or homomultimer	False					
ZNF121	ZNF121	1	ENSG00000197961	gtf_direct	True	Yes	C2H2 ZF	Known motif	Monomer or homomultimer	True	MA2582.1	MA2582	C2H2 zinc finger factors	More than 3 adjacent zinc fingers	P58317
ZNF124	ZNF124	1	ENSG00000196418	gtf_direct	True	Yes	C2H2 ZF	Known motif	Monomer or homomultimer	False					
ZNF131	ZNF131	1	ENSG00000172262	gtf_direct	True	Yes	C2H2 ZF	Likely to be sequence specific TF	Monomer or homomultimer	True	MA2546.1	MA2546	C2H2 zinc finger factors	More than 3 adjacent zinc fingers	P52739
ZNF132	ZNF132	1	ENSG00000131849	gtf_direct	True	Yes	C2H2 ZF	Known motif	Monomer or homomultimer	False					
ZNF133	ZNF133	1	ENSG00000125846	gtf_direct	True	Yes	C2H2 ZF	Known motif	Monomer or homomultimer	False					
ZNF134	ZNF134	1	ENSG00000213762	gtf_direct	True	Yes	C2H2 ZF	Known motif	Monomer or homomultimer	True	MA2491.1	MA2491	C2H2 zinc finger factors	Factors with multiple dispersed zinc fingers	P52741
ZNF135	ZNF135	1	ENSG00000176293	gtf_direct	True	Yes	C2H2 ZF	Known motif	Monomer or homomultimer	True	MA1587.1	MA1587	C2H2 zinc finger factors	More than 3 adjacent zinc fingers	P52742
ZNF136	ZNF136	1	ENSG00000196646	gtf_direct	True	Yes	C2H2 ZF	Known motif	Monomer or homomultimer	True	MA1588.1	MA1588	C2H2 zinc finger factors	More than 3 adjacent zinc fingers	P52737
ZNF138	ZNF138	1	ENSG00000197008	gtf_direct	True	Yes	C2H2 ZF	Likely to be sequence specific TF	Monomer or homomultimer	False					
ZNF14	ZNF14	1	ENSG00000105708	gtf_direct	True	Yes	C2H2 ZF	Likely to be sequence specific TF	Monomer or homomultimer	False					
ZNF140	ZNF140	1	ENSG00000196387	gtf_direct	True	Yes	C2H2 ZF	Known motif	Monomer or homomultimer	True	MA1589.1;MA1589.2;MA1589.3	MA1589	C2H2 zinc finger factors	More than 3 adjacent zinc fingers	P52738
ZNF141	ZNF141	1	ENSG00000131127	gtf_direct	True	Yes	C2H2 ZF	Known motif	Monomer or homomultimer	False					
ZNF142	ZNF142	1	ENSG00000115568	gtf_direct	True	Yes	C2H2 ZF	Likely to be sequence specific TF	Monomer or homomultimer	True	MA2583.1	MA2583	C2H2 zinc finger factors	Factors with multiple dispersed zinc fingers	P52746
ZNF143	ZNF143	1	ENSG00000166478	gtf_direct	True	Yes	C2H2 ZF	Known motif	Monomer or homomultimer	True	MA0088.2;MA0088.3	MA0088	C2H2 zinc finger factors	More than 3 adjacent zinc fingers	P52747
ZNF146	ZNF146	1	ENSG00000167635	gtf_direct	True	Yes	C2H2 ZF	Known motif	Monomer or homomultimer	True	MA2458.1	MA2458	C2H2 zinc finger factors	More than 3 adjacent zinc fingers	Q15072
ZNF148	ZNF148	1	ENSG00000163848	gtf_direct	True	Yes	C2H2 ZF	Known motif	Monomer or homomultimer	True	MA1653.1;MA1653.2	MA1653	C2H2 zinc finger factors	More than 3 adjacent zinc fingers	Q9UQR1
ZNF154	ZNF154	1	ENSG00000179909	gtf_direct	True	Yes	C2H2 ZF	Known motif	Monomer or homomultimer	False					
ZNF155	ZNF155	1	ENSG00000204920	gtf_direct	True	Yes	C2H2 ZF	Likely to be sequence specific TF	Monomer or homomultimer	False					
ZNF157	ZNF157	1	ENSG00000147117	gtf_direct	True	Yes	C2H2 ZF	Known motif	Monomer or homomultimer	True	MA2331.1	MA2331	C2H2 zinc finger factors	More than 3 adjacent zinc fingers	P51786
ZNF16	ZNF16	1	ENSG00000170631	gtf_direct	True	Yes	C2H2 ZF	Known motif	Monomer or homomultimer	True	MA1654.1;MA1654.2	MA1654	C2H2 zinc finger factors	More than 3 adjacent zinc fingers	P17020
ZNF160	ZNF160	1	ENSG00000170949	gtf_direct	True	Yes	C2H2 ZF	Likely to be sequence specific TF	Monomer or homomultimer	False					
ZNF165	ZNF165	1	ENSG00000197279	gtf_direct	True	Yes	C2H2 ZF	Likely to be sequence specific TF	Monomer or homomultimer	False					
ZNF169	ZNF169	1	ENSG00000175787	gtf_direct	True	Yes	C2H2 ZF	Known motif	Monomer or homomultimer	False					
ZNF17	ZNF17	1	ENSG00000186272	gtf_direct	True	Yes	C2H2 ZF	Known motif	Monomer or homomultimer	False					
ZNF174	ZNF174	1	ENSG00000103343	gtf_direct	True	Yes	C2H2 ZF	Known motif	Monomer or homomultimer	False					
ZNF175	ZNF175	1	ENSG00000105497	gtf_direct	True	Yes	C2H2 ZF	Known motif	Monomer or homomultimer	True	MA2332.1	MA2332	C2H2 zinc finger factors	More than 3 adjacent zinc fingers	Q9Y473
ZNF177	ZNF177	2	ENSG00000188629	gtf_direct	True	Yes	C2H2 ZF	Known motif	Monomer or homomultimer	False					
ZNF18	ZNF18	1	ENSG00000154957	gtf_direct	True	Yes	C2H2 ZF	Known motif	Monomer or homomultimer	True	MA2492.1	MA2492	C2H2 zinc finger factors	More than 3 adjacent zinc fingers	P17022
ZNF180	ZNF180	1	ENSG00000167384	gtf_direct	True	Yes	C2H2 ZF	Known motif	Monomer or homomultimer	False					
ZNF181	ZNF181	1	ENSG00000197841	gtf_direct	True	Yes	C2H2 ZF	Known motif	Monomer or homomultimer	False					
ZNF182	ZNF182	1	ENSG00000147118	gtf_direct	True	Yes	C2H2 ZF	Known motif	Monomer or homomultimer	False					
ZNF184	ZNF184	1	ENSG00000096654	gtf_direct	True	Yes	C2H2 ZF	Known motif	Monomer or homomultimer	True	MA2120.1	MA2120	C2H2 zinc finger factors	More than 3 adjacent zinc fingers	Q99676
ZNF189	ZNF189	1	ENSG00000136870	gtf_direct	True	Yes	C2H2 ZF	Known motif	Monomer or homomultimer	True	MA1725.1;MA1725.2	MA1725	C2H2 zinc finger factors	More than 3 adjacent zinc fingers	O75820
ZNF19	ZNF19	1	ENSG00000157429	gtf_direct	True	Yes	C2H2 ZF	Known motif	Monomer or homomultimer	False					
ZNF195	ZNF195	1	ENSG00000005801	gtf_direct	True	Yes	C2H2 ZF	Likely to be sequence specific TF	Monomer or homomultimer	False					
ZNF197	ZNF197	1	ENSG00000186448	gtf_direct	True	Yes	C2H2 ZF	Known motif	Monomer or homomultimer	False					
ZNF2	ZNF2	1	ENSG00000275111	gtf_direct	True	Yes	C2H2 ZF	Known motif	Monomer or homomultimer	False					
ZNF20	ZNF20	2	ENSG00000132010	gtf_direct	True	Yes	C2H2 ZF	Likely to be sequence specific TF	Monomer or homomultimer	True	MA2580.1	MA2580	C2H2 zinc finger factors	More than 3 adjacent zinc fingers	P17024
ZNF200	ZNF200	1	ENSG00000010539	gtf_direct	True	Yes	C2H2 ZF	Known motif	Monomer or homomultimer	False					
ZNF202	ZNF202	1	ENSG00000166261	gtf_direct	True	Yes	C2H2 ZF	Known motif	Monomer or homomultimer	False					
ZNF205	ZNF205	1	ENSG00000122386	gtf_direct	True	Yes	C2H2 ZF	Known motif	Monomer or homomultimer	False					
ZNF207	ZNF207	2	ENSG00000010244	gtf_direct	True	Yes	C2H2 ZF	Likely to be sequence specific TF	Monomer or homomultimer	False					
ZNF208	ZNF208	1	ENSG00000160321	gtf_direct	True	Yes	C2H2 ZF	Likely to be sequence specific TF	Monomer or homomultimer	False					
ZNF211	ZNF211	1	ENSG00000121417	gtf_direct	True	Yes	C2H2 ZF	Known motif	Monomer or homomultimer	True	MA1974.1;MA1974.2	MA1974	C2H2 zinc finger factors	Factors with multiple dispersed zinc fingers	Q13398
ZNF212	ZNF212	1	ENSG00000170260	gtf_direct	True	Yes	C2H2 ZF	Known motif	Monomer or homomultimer	False					
ZNF213	ZNF213	1	ENSG00000085644	gtf_direct	True	Yes	C2H2 ZF	Known motif	Monomer or homomultimer	True	MA2121.1	MA2121	C2H2 zinc finger factors	More than 3 adjacent zinc fingers	O14771
ZNF214	ZNF214	1	ENSG00000149050	gtf_direct	True	Yes	C2H2 ZF	Known motif	Monomer or homomultimer	True	MA1975.1;MA1975.2	MA1975	C2H2 zinc finger factors	More than 3 adjacent zinc fingers	Q9UL59
ZNF215	ZNF215	1	ENSG00000149054	gtf_direct	True	Yes	C2H2 ZF	Likely to be sequence specific TF	Monomer or homomultimer	True	MA2547.1	MA2547	C2H2 zinc finger factors	More than 3 adjacent zinc fingers	Q9UL58
ZNF217	ZNF217	2	ENSG00000171940	gtf_direct	True	Yes	C2H2 ZF	Known motif	Monomer or homomultimer	False					
ZNF219	ZNF219	1	ENSG00000165804	gtf_direct	True	Yes	C2H2 ZF	Known motif	Monomer or homomultimer	False					
ZNF22	ZNF22	1	ENSG00000165512	gtf_direct	True	Yes	C2H2 ZF	Known motif	Monomer or homomultimer	False					
ZNF221	ZNF221	1	ENSG00000159905	gtf_direct	True	Yes	C2H2 ZF	Likely to be sequence specific TF	Monomer or homomultimer	False					
ZNF222	ZNF222	1	ENSG00000159885	gtf_direct	True	Yes	C2H2 ZF	Known motif	Monomer or homomultimer	False					
ZNF223	ZNF223	1	ENSG00000178386	gtf_direct	True	Yes	C2H2 ZF	Known motif	Monomer or homomultimer	False					
ZNF224	ZNF224	1	ENSG00000267680	gtf_direct	True	Yes	C2H2 ZF	Known motif	Monomer or homomultimer	False					
ZNF225	ZNF225	1	ENSG00000256294	gtf_direct	True	Yes	C2H2 ZF	Known motif	Monomer or homomultimer	False					
ZNF226	ZNF226	2	ENSG00000167380	gtf_direct	True	Yes	C2H2 ZF	Likely to be sequence specific TF	Monomer or homomultimer	True	MA2548.1	MA2548	C2H2 zinc finger factors	More than 3 adjacent zinc fingers	Q9NYT6
ZNF227	ZNF227	1	ENSG00000131115	gtf_direct	True	Yes	C2H2 ZF	Likely to be sequence specific TF	Monomer or homomultimer	False					
ZNF229	ZNF229	1	ENSG00000278318	gtf_direct	True	Yes	C2H2 ZF	Likely to be sequence specific TF	Monomer or homomultimer	False					
ZNF23	ZNF23	2	ENSG00000167377	gtf_direct	True	Yes	C2H2 ZF	Known motif	Monomer or homomultimer	False					
ZNF230	ZNF230	1	ENSG00000159882	gtf_direct	True	Yes	C2H2 ZF	Likely to be sequence specific TF	Monomer or homomultimer	False					
ZNF232	ZNF232	2	ENSG00000167840	gtf_direct	True	Yes	C2H2 ZF	Known motif	Monomer or homomultimer	False					
ZNF233	ZNF233	1	ENSG00000159915	gtf_direct	True	Yes	C2H2 ZF	Likely to be sequence specific TF	Monomer or homomultimer	False					
ZNF234	ZNF234	2	ENSG00000263002	gtf_direct	True	Yes	C2H2 ZF	Likely to be sequence specific TF	Monomer or homomultimer	True	MA2549.1	MA2549	C2H2 zinc finger factors	More than 3 adjacent zinc fingers	Q14588
ZNF235	ZNF235	1	ENSG00000159917	gtf_direct	True	Yes	C2H2 ZF	Known motif	Monomer or homomultimer	False					
ZNF236	ZNF236	1	ENSG00000130856	gtf_direct	True	Yes	C2H2 ZF	Known motif	Monomer or homomultimer	False					
ZNF239	ZNF239	1	ENSG00000196793	gtf_direct	True	Yes	C2H2 ZF	Likely to be sequence specific TF	Monomer or homomultimer	False					
ZNF24	ZNF24	1	ENSG00000172466	gtf_direct	True	Yes	C2H2 ZF	Likely to be sequence specific TF	Monomer or homomultimer	True	MA1124.1	MA1124	C2H2 zinc finger factors	More than 3 adjacent zinc fingers	P17028
ZNF248	ZNF248	1	ENSG00000198105	gtf_direct	True	Yes	C2H2 ZF	Known motif	Monomer or homomultimer	False					
ZNF25	ZNF25	1	ENSG00000175395	gtf_direct	True	Yes	C2H2 ZF	Known motif	Monomer or homomultimer	False					
ZNF250	ZNF250	1	ENSG00000196150	gtf_direct	True	Yes	C2H2 ZF	Known motif	Monomer or homomultimer	True	MA2462.1	MA2462	C2H2 zinc finger factors	More than 3 adjacent zinc fingers	P15622
ZNF251	ZNF251	1	ENSG00000198169	gtf_direct	True	Yes	C2H2 ZF	Likely to be sequence specific TF	Monomer or homomultimer	True	MA2687.1	MA2687	C2H2 zinc finger factors	Factors with multiple dispersed zinc fingers	Q9BRH9
ZNF253	ZNF253	1	ENSG00000256771	gtf_direct	True	Yes	C2H2 ZF	Likely to be sequence specific TF	Monomer or homomultimer	False					
ZNF254	ZNF254	1	ENSG00000213096	gtf_direct	True	Yes	C2H2 ZF	Known motif	Monomer or homomultimer	False					
ZNF256	ZNF256	1	ENSG00000152454	gtf_direct	True	Yes	C2H2 ZF	Likely to be sequence specific TF	Monomer or homomultimer	False					
ZNF257	ZNF257	1	ENSG00000197134	gtf_direct	True	Yes	C2H2 ZF	Known motif	Monomer or homomultimer	True	MA1710.1;MA1710.2	MA1710	C2H2 zinc finger factors	More than 3 adjacent zinc fingers	Q9Y2Q1
ZNF26	ZNF26	1	ENSG00000198393	gtf_direct	True	Yes	C2H2 ZF	Known motif	Monomer or homomultimer	False					
ZNF260	ZNF260	1	ENSG00000254004	gtf_direct	True	Yes	C2H2 ZF	Known motif	Monomer or homomultimer	True	MA2457.1	MA2457	C2H2 zinc finger factors	More than 3 adjacent zinc fingers	Q3ZCT1
ZNF263	ZNF263	2	ENSG00000006194	gtf_direct	True	Yes	C2H2 ZF	Known motif	Monomer or homomultimer	True	MA0528.1;MA0528.2;MA0528.3	MA0528	C2H2 zinc finger factors	More than 3 adjacent zinc fingers	O14978
ZNF264	ZNF264	1	ENSG00000083844	gtf_direct	True	Yes	C2H2 ZF	Known motif	Monomer or homomultimer	False					
ZNF266	ZNF266	1	ENSG00000174652	gtf_direct	True	Yes	C2H2 ZF	Known motif	Monomer or homomultimer	False					
ZNF267	ZNF267	2	ENSG00000185947	gtf_direct	True	Yes	C2H2 ZF	Known motif	Monomer or homomultimer	False					
ZNF268	ZNF268	1	ENSG00000090612	gtf_direct	True	Yes	C2H2 ZF	Likely to be sequence specific TF	Monomer or homomultimer	False					
ZNF273	ZNF273	2	ENSG00000198039	gtf_direct	True	Yes	C2H2 ZF	Known motif	Monomer or homomultimer	False					
ZNF274	ZNF274	1	ENSG00000171606	gtf_direct	True	Yes	C2H2 ZF	Known motif	Monomer or homomultimer	True	MA1592.1;MA1592.2	MA1592	C2H2 zinc finger factors	More than 3 adjacent zinc fingers	Q96GC6
ZNF275	ZNF275	1	ENSG00000063587	gtf_direct	True	Yes	C2H2 ZF	Likely to be sequence specific TF	Monomer or homomultimer	True	MA2550.1	MA2550	C2H2 zinc finger factors	More than 3 adjacent zinc fingers	Q9NSD4
ZNF276	ZNF276	1	ENSG00000158805	gtf_direct	True	Yes	C2H2 ZF	Known motif	Monomer or homomultimer	False					
ZNF277	ZNF277	1	ENSG00000198839	gtf_direct	True	Yes	C2H2 ZF; BED ZF	Likely to be sequence specific TF	Monomer or homomultimer	False					
ZNF28	ZNF28	1	ENSG00000198538	gtf_direct	True	Yes	C2H2 ZF	Known motif	Monomer or homomultimer	False					
ZNF280A	ZNF280A	1	ENSG00000169548	gtf_direct	True	Yes	C2H2 ZF	Known motif	Monomer or homomultimer	False					
ZNF280B	ZNF280B	1	ENSG00000275004	gtf_direct	True	Yes	C2H2 ZF	Likely to be sequence specific TF	Monomer or homomultimer	False					
ZNF280C	ZNF280C	1	ENSG00000056277	gtf_direct	True	Yes	C2H2 ZF	Likely to be sequence specific TF	Monomer or homomultimer	False					
ZNF280D	ZNF280D	1	ENSG00000137871	gtf_direct	True	Yes	C2H2 ZF	Likely to be sequence specific TF	Monomer or homomultimer	False					
ZNF281	ZNF281	1	ENSG00000162702	gtf_direct	True	Yes	C2H2 ZF	Known motif	Monomer or homomultimer	True	MA1630.2;MA1630.3	MA1630	C2H2 zinc finger factors	More than 3 adjacent zinc fingers	Q9Y2X9
ZNF282	ZNF282	1	ENSG00000170265	gtf_direct	True	Yes	C2H2 ZF	Known motif	Monomer or homomultimer	True	MA1154.1;MA1154.2	MA1154	C2H2 zinc finger factors	More than 3 adjacent zinc fingers	Q9UDV7
ZNF283	ZNF283	1	ENSG00000167637	gtf_direct	True	Yes	C2H2 ZF	Known motif	Monomer or homomultimer	False					
ZNF284	ZNF284	1	ENSG00000186026	gtf_direct	True	Yes	C2H2 ZF	Known motif	Monomer or homomultimer	False					
ZNF285	ZNF285	1	ENSG00000267508	gtf_direct	True	Yes	C2H2 ZF	Known motif	Monomer or homomultimer	False					
ZNF286A	ZNF286A	1	ENSG00000187607	gtf_direct	True	Yes	C2H2 ZF	Likely to be sequence specific TF	Monomer or homomultimer	False					
ZNF286B	ZNF286B	1	ENSG00000290687	gtf_direct	True	Yes	C2H2 ZF	Likely to be sequence specific TF	Monomer or homomultimer	True	MA2551.1	MA2551	C2H2 zinc finger factors	More than 3 adjacent zinc fingers	P0CG31
ZNF287	ZNF287	1	ENSG00000141040	gtf_direct	True	Yes	C2H2 ZF	Known motif	Monomer or homomultimer	False					
ZNF292	ZNF292	1	ENSG00000188994	gtf_direct	True	Yes	C2H2 ZF	Likely to be sequence specific TF	Monomer or homomultimer	False					
ZNF296	ZNF296	1	ENSG00000170684	gtf_direct	True	Yes	C2H2 ZF	Known motif	Monomer or homomultimer	False					
ZNF3	ZNF3	1	ENSG00000166526	gtf_direct	True	Yes	C2H2 ZF	Known motif	Monomer or homomultimer	False					
ZNF30	ZNF30	1	ENSG00000168661	gtf_direct	True	Yes	C2H2 ZF	Known motif	Monomer or homomultimer	False					
ZNF300	ZNF300	1	ENSG00000145908	gtf_direct	True	Yes	C2H2 ZF	Known motif	Monomer or homomultimer	False					
ZNF302	ZNF302	1	ENSG00000089335	gtf_direct	True	Yes	C2H2 ZF	Known motif	Monomer or homomultimer	False					
ZNF304	ZNF304	1	ENSG00000131845	gtf_direct	True	Yes	C2H2 ZF	Known motif	Monomer or homomultimer	False					
ZNF311	ZNF311	1	ENSG00000197935	gtf_direct	True	Yes	C2H2 ZF	Known motif	Monomer or homomultimer	False					
ZNF317	ZNF317	1	ENSG00000130803	gtf_direct	True	Yes	C2H2 ZF	Known motif	Monomer or homomultimer	True	MA1593.1;MA1593.2	MA1593	C2H2 zinc finger factors	More than 3 adjacent zinc fingers	Q96PQ6
ZNF318	ZNF318	1	ENSG00000171467	gtf_direct	True	Yes	C2H2 ZF	Likely to be sequence specific TF	Monomer or homomultimer	False					
ZNF319	ZNF319	2	ENSG00000166188	gtf_direct	True	Yes	C2H2 ZF	Likely to be sequence specific TF	Monomer or homomultimer	False					
ZNF32	ZNF32	1	ENSG00000169740	gtf_direct	True	Yes	C2H2 ZF	Known motif	Monomer or homomultimer	False					
ZNF320	ZNF320	1	ENSG00000182986	gtf_direct	True	Yes	C2H2 ZF	Known motif	Monomer or homomultimer	True	MA1976.1;MA1976.2;MA1976.3	MA1976	C2H2 zinc finger factors	More than 3 adjacent zinc fingers	A2RRD8
ZNF322	ZNF322	1	ENSG00000181315	gtf_direct	True	Yes	C2H2 ZF	Known motif	Monomer or homomultimer	True	MA2493.1	MA2493	C2H2 zinc finger factors	More than 3 adjacent zinc fingers	Q6U7Q0
ZNF324	ZNF324	1	ENSG00000083812	gtf_direct	True	Yes	C2H2 ZF	Known motif	Monomer or homomultimer	True	MA1977.1;MA1977.2	MA1977	C2H2 zinc finger factors	More than 3 adjacent zinc fingers	O75467
ZNF324B	ZNF324B	1	ENSG00000249471	gtf_direct	True	Yes	C2H2 ZF	Known motif	Monomer or homomultimer	False					
ZNF326	ZNF326	1	ENSG00000162664	gtf_direct	True	Yes	C2H2 ZF	Likely to be sequence specific TF	Monomer or homomultimer	False					
ZNF329	ZNF329	2	ENSG00000181894	gtf_direct	True	Yes	C2H2 ZF	Known motif	Monomer or homomultimer	False					
ZNF330	ZNF330	1	ENSG00000109445	gtf_direct	True	No	NOA36-type ZF	Unlikely to be sequence specific TF	Not a DNA binding protein	False					
ZNF331	ZNF331	2	ENSG00000130844	gtf_direct	True	Yes	C2H2 ZF	Known motif	Monomer or homomultimer	True	MA1726.1;MA1726.2	MA1726	C2H2 zinc finger factors	More than 3 adjacent zinc fingers	Q9NQX6
ZNF333	ZNF333	1	ENSG00000160961	gtf_direct	True	Yes	C2H2 ZF	Known motif	Monomer or homomultimer	False					
ZNF334	ZNF334	1	ENSG00000198185	gtf_direct	True	Yes	C2H2 ZF	Known motif	Monomer or homomultimer	False					
ZNF335	ZNF335	1	ENSG00000198026	gtf_direct	True	Yes	C2H2 ZF	Likely to be sequence specific TF	Monomer or homomultimer	True	MA2511.1	MA2511	C2H2 zinc finger factors	Other factors with up to three adjacent zinc fingers	Q9H4Z2
ZNF337	ZNF337	1	ENSG00000130684	gtf_direct	True	Yes	C2H2 ZF	Known motif	Monomer or homomultimer	False					
ZNF33A	ZNF33A	1	ENSG00000189180	gtf_direct	True	Yes	C2H2 ZF	Known motif	Monomer or homomultimer	False					
ZNF33B	ZNF33B	1	ENSG00000196693	gtf_direct	True	Yes	C2H2 ZF	Known motif	Monomer or homomultimer	False					
ZNF34	ZNF34	1	ENSG00000196378	gtf_direct	True	Yes	C2H2 ZF	Known motif	Monomer or homomultimer	False					
ZNF341	ZNF341	2	ENSG00000131061	gtf_direct	True	Yes	C2H2 ZF	Known motif	Monomer or homomultimer	True	MA1655.1;MA1655.2	MA1655	C2H2 zinc finger factors	Factors with multiple dispersed zinc fingers	Q9BYN7
ZNF343	ZNF343	1	ENSG00000088876	gtf_direct	True	Yes	C2H2 ZF	Known motif	Monomer or homomultimer	True	MA1711.1;MA1711.2	MA1711	C2H2 zinc finger factors	More than 3 adjacent zinc fingers	Q6P1L6
ZNF345	ZNF345	1	ENSG00000251247	gtf_direct	True	Yes	C2H2 ZF	Known motif	Monomer or homomultimer	False					
ZNF346	ZNF346	1	ENSG00000113761	gtf_direct	True	Yes	C2H2 ZF	Likely to be sequence specific TF	Monomer or homomultimer	False					
ZNF347	ZNF347	1	ENSG00000197937	gtf_direct	True	Yes	C2H2 ZF	Likely to be sequence specific TF	Monomer or homomultimer	True	MA2688.1	MA2688	C2H2 zinc finger factors	More than 3 adjacent zinc fingers	Q96SE7
ZNF35	ZNF35	1	ENSG00000169981	gtf_direct	True	Yes	C2H2 ZF	Known motif	Monomer or homomultimer	True	MA2333.1	MA2333	C2H2 zinc finger factors	More than 3 adjacent zinc fingers	P13682
ZNF350	ZNF350	1	ENSG00000256683	gtf_direct	True	Yes	C2H2 ZF	Known motif	Monomer or homomultimer	False					
ZNF354A	ZNF354A	1	ENSG00000169131	gtf_direct	True	Yes	C2H2 ZF	Known motif	Monomer or homomultimer	True	MA1978.1;MA1978.2	MA1978	C2H2 zinc finger factors	More than 3 adjacent zinc fingers	O60765
ZNF354B	ZNF354B	1	ENSG00000178338	gtf_direct	True	Yes	C2H2 ZF	Known motif	Monomer or homomultimer	False					
ZNF354C	ZNF354C	1	ENSG00000177932	gtf_direct	True	Yes	C2H2 ZF	Known motif	Monomer or homomultimer	True	MA0130.1	MA0130	C2H2 zinc finger factors	More than 3 adjacent zinc fingers	Q86Y25
ZNF358	ZNF358	2	ENSG00000198816	gtf_direct	True	Yes	C2H2 ZF	Likely to be sequence specific TF	Monomer or homomultimer	False					
ZNF362	ZNF362	1	ENSG00000160094	gtf_direct	True	Yes	C2H2 ZF	Likely to be sequence specific TF	Monomer or homomultimer	True	MA2593.1	MA2593	C2H2 zinc finger factors	More than 3 adjacent zinc fingers	Q5T0B9
ZNF365	ZNF365	1	ENSG00000138311	gtf_direct	True	Yes	C2H2 ZF	Likely to be sequence specific TF	Monomer or homomultimer	False					
ZNF366	ZNF366	1	ENSG00000178175	gtf_direct	True	Yes	C2H2 ZF	Likely to be sequence specific TF	Monomer or homomultimer	False					
ZNF367	ZNF367	1	ENSG00000165244	gtf_direct	True	Yes	C2H2 ZF	Likely to be sequence specific TF	Monomer or homomultimer	True	MA2552.1	MA2552	C2H2 zinc finger factors		Q7RTV3
ZNF37A	ZNF37A	1	ENSG00000075407	gtf_direct	True	Yes	C2H2 ZF	Known motif	Monomer or homomultimer	False					
ZNF382	ZNF382	1	ENSG00000161298	gtf_direct	True	Yes	C2H2 ZF	Known motif	Monomer or homomultimer	True	MA1594.1	MA1594	C2H2 zinc finger factors	Factors with multiple dispersed zinc fingers	Q96SR6
ZNF383	ZNF383	1	ENSG00000188283	gtf_direct	True	Yes	C2H2 ZF	Known motif	Monomer or homomultimer	False					
ZNF384	ZNF384	1	ENSG00000126746	gtf_direct	True	Yes	C2H2 ZF	Known motif	Monomer or homomultimer	True	MA1125.1;MA1125.2	MA1125	C2H2 zinc finger factors	More than 3 adjacent zinc fingers	Q8TF68
ZNF385A	ZNF385A	2	ENSG00000161642	gtf_direct	True	Yes	C2H2 ZF	Likely to be sequence specific TF	Monomer or homomultimer	False					
ZNF385B	ZNF385B	1	ENSG00000144331	gtf_direct	True	Yes	C2H2 ZF	Likely to be sequence specific TF	Monomer or homomultimer	False					
ZNF385C	ZNF385C	1	ENSG00000187595	gtf_direct	True	Yes	C2H2 ZF	Likely to be sequence specific TF	Monomer or homomultimer	False					
ZNF385D	ZNF385D	1	ENSG00000151789	gtf_direct	True	Yes	C2H2 ZF	Known motif	Monomer or homomultimer	False					
ZNF391	ZNF391	1	ENSG00000124613	gtf_direct	True	Yes	C2H2 ZF	Likely to be sequence specific TF	Monomer or homomultimer	False					
ZNF394	ZNF394	1	ENSG00000160908	gtf_direct	True	Yes	C2H2 ZF	Known motif	Monomer or homomultimer	False					
ZNF395	ZNF395	1	ENSG00000186918	gtf_direct	True	Yes	C2H2 ZF	Likely to be sequence specific TF	Monomer or homomultimer	True	MA2566.1	MA2566	C2H2 zinc finger factors	More than 3 adjacent zinc fingers	Q9H8N7
ZNF396	ZNF396	1	ENSG00000186496	gtf_direct	True	Yes	C2H2 ZF	Known motif	Monomer or homomultimer	False					
ZNF397	ZNF397	1	ENSG00000186812	gtf_direct	True	Yes	C2H2 ZF	Likely to be sequence specific TF	Monomer or homomultimer	False					
ZNF398	ZNF398	1	ENSG00000197024	gtf_direct	True	Yes	C2H2 ZF	Known motif	Monomer or homomultimer	False					
ZNF404	ZNF404	1	ENSG00000176222	gtf_direct	True	Yes	C2H2 ZF	Likely to be sequence specific TF	Monomer or homomultimer	False					
ZNF407	ZNF407	1	ENSG00000215421	gtf_direct	True	Yes	C2H2 ZF	Likely to be sequence specific TF	Monomer or homomultimer	True	MA2553.1	MA2553	C2H2 zinc finger factors	Factors with multiple dispersed zinc fingers	Q9C0G0
ZNF408	ZNF408	1	ENSG00000175213	gtf_direct	True	Yes	C2H2 ZF	Likely to be sequence specific TF	Monomer or homomultimer	False					
ZNF41	ZNF41	1	ENSG00000147124	gtf_direct	True	Yes	C2H2 ZF	Known motif	Monomer or homomultimer	False					
ZNF410	ZNF410	1	ENSG00000119725	gtf_direct	True	Yes	C2H2 ZF	Known motif	Monomer or homomultimer	True	MA0752.1;MA0752.2	MA0752	C2H2 zinc finger factors	More than 3 adjacent zinc fingers	Q86VK4
ZNF414	ZNF414	1	ENSG00000133250	gtf_direct	True	Yes	C2H2 ZF	Likely to be sequence specific TF	Monomer or homomultimer	False					
ZNF415	ZNF415	1	ENSG00000170954	gtf_direct	True	Yes	C2H2 ZF	Known motif	Monomer or homomultimer	False					
ZNF416	ZNF416	1	ENSG00000083817	gtf_direct	True	Yes	C2H2 ZF	Known motif	Monomer or homomultimer	True	MA1979.1;MA1979.2	MA1979	C2H2 zinc finger factors	More than 3 adjacent zinc fingers	Q8NA42
ZNF417	ZNF417	1	ENSG00000173480	gtf_direct	True	Yes	C2H2 ZF	Known motif	Monomer or homomultimer	True	MA1727.1;MA1727.2	MA1727	C2H2 zinc finger factors	Factors with multiple dispersed zinc fingers	Q8TAU3
ZNF418	ZNF418	1	ENSG00000196724	gtf_direct	True	Yes	C2H2 ZF	Known motif	Monomer or homomultimer	True	MA1980.1	MA1980	C2H2 zinc finger factors	Factors with multiple dispersed zinc fingers	Q8TF45
ZNF419	ZNF419	1	ENSG00000105136	gtf_direct	True	Yes	C2H2 ZF	Known motif	Monomer or homomultimer	False					
ZNF420	ZNF420	1	ENSG00000197050	gtf_direct	True	Yes	C2H2 ZF	Likely to be sequence specific TF	Monomer or homomultimer	False					
ZNF423	ZNF423	2	ENSG00000102935	gtf_direct	True	Yes	C2H2 ZF	Known motif	Monomer or homomultimer	True	MA0116.2	MA0116	C2H2 zinc finger factors	Factors with multiple dispersed zinc fingers	Q2M1K9
ZNF425	ZNF425	1	ENSG00000204947	gtf_direct	True	Yes	C2H2 ZF	Known motif	Monomer or homomultimer	False					
ZNF426	ZNF426	1	ENSG00000130818	gtf_direct	True	Yes	C2H2 ZF	Likely to be sequence specific TF	Monomer or homomultimer	False					
ZNF428	ZNF428	1	ENSG00000131116	gtf_direct	True	Yes	C2H2 ZF	Likely to be sequence specific TF	Monomer or homomultimer	False					
ZNF429	ZNF429	1	ENSG00000197013	gtf_direct	True	Yes	C2H2 ZF	Known motif	Monomer or homomultimer	False					
ZNF43	ZNF43	2	ENSG00000198521	gtf_direct	True	Yes	C2H2 ZF	Likely to be sequence specific TF	Monomer or homomultimer	True	MA2564.1;MA2692.1	MA2564;MA2692	C2H2 zinc finger factors	More than 3 adjacent zinc fingers	P17038
ZNF430	ZNF430	1	ENSG00000118620	gtf_direct	True	Yes	C2H2 ZF	Known motif	Monomer or homomultimer	False					
ZNF431	ZNF431	1	ENSG00000196705	gtf_direct	True	Yes	C2H2 ZF	Known motif	Monomer or homomultimer	False					
ZNF432	ZNF432	1	ENSG00000256087	gtf_direct	True	Yes	C2H2 ZF	Known motif	Monomer or homomultimer	False					
ZNF433	ZNF433	1	ENSG00000197647	gtf_direct	True	Yes	C2H2 ZF	Known motif	Monomer or homomultimer	False					
ZNF436	ZNF436	2	ENSG00000125945	gtf_direct	True	Yes	C2H2 ZF	Known motif	Monomer or homomultimer	True	MA2494.1	MA2494	C2H2 zinc finger factors	More than 3 adjacent zinc fingers	Q9C0F3
ZNF438	ZNF438	2	ENSG00000183621	gtf_direct	True	Yes	C2H2 ZF	Likely to be sequence specific TF	Monomer or homomultimer	False					
ZNF439	ZNF439	1	ENSG00000171291	gtf_direct	True	Yes	C2H2 ZF	Known motif	Monomer or homomultimer	False					
ZNF44	ZNF44	1	ENSG00000197857	gtf_direct	True	Yes	C2H2 ZF	Known motif	Monomer or homomultimer	False					
ZNF440	ZNF440	1	ENSG00000171295	gtf_direct	True	Yes	C2H2 ZF	Known motif	Monomer or homomultimer	False					
ZNF441	ZNF441	1	ENSG00000197044	gtf_direct	True	Yes	C2H2 ZF	Known motif	Monomer or homomultimer	False					
ZNF442	ZNF442	1	ENSG00000198342	gtf_direct	True	Yes	C2H2 ZF	Known motif	Monomer or homomultimer	False					
ZNF443	ZNF443	1	ENSG00000180855	gtf_direct	True	Yes	C2H2 ZF	Known motif	Monomer or homomultimer	False					
ZNF444	ZNF444	1	ENSG00000167685	gtf_direct	True	Yes	C2H2 ZF	Known motif	Monomer or homomultimer	False					
ZNF445	ZNF445	1	ENSG00000185219	gtf_direct	True	Yes	C2H2 ZF	Known motif	Monomer or homomultimer	False					
ZNF446	ZNF446	1	ENSG00000083838	gtf_direct	True	Yes	C2H2 ZF	Likely to be sequence specific TF	Monomer or homomultimer	False					
ZNF449	ZNF449	1	ENSG00000173275	gtf_direct	True	Yes	C2H2 ZF	Known motif	Monomer or homomultimer	True	MA1656.1;MA1656.2	MA1656	C2H2 zinc finger factors	More than 3 adjacent zinc fingers	Q6P9G9
ZNF45	ZNF45	1	ENSG00000124459	gtf_direct	True	Yes	C2H2 ZF	Known motif	Monomer or homomultimer	False					
ZNF451	ZNF451	1	ENSG00000112200	gtf_direct	True	Yes	C2H2 ZF	Likely to be sequence specific TF	Monomer or homomultimer	False					
ZNF454	ZNF454	1	ENSG00000178187	gtf_direct	True	Yes	C2H2 ZF	Known motif	Monomer or homomultimer	True	MA1712.1;MA1712.2	MA1712	C2H2 zinc finger factors	More than 3 adjacent zinc fingers	Q8N9F8
ZNF460	ZNF460	1	ENSG00000197714	gtf_direct	True	Yes	C2H2 ZF	Known motif	Monomer or homomultimer	True	MA1596.1	MA1596	C2H2 zinc finger factors	More than 3 adjacent zinc fingers	Q14592
ZNF461	ZNF461	1	ENSG00000197808	gtf_direct	True	Yes	C2H2 ZF	Likely to be sequence specific TF	Monomer or homomultimer	False					
ZNF462	ZNF462	1	ENSG00000148143	gtf_direct	True	Yes	C2H2 ZF	Likely to be sequence specific TF	Monomer or homomultimer	False					
ZNF467	ZNF467	1	ENSG00000181444	gtf_direct	True	Yes	C2H2 ZF	Known motif	Monomer or homomultimer	False					
ZNF468	ZNF468	1	ENSG00000204604	gtf_direct	True	Yes	C2H2 ZF	Known motif	Monomer or homomultimer	False					
ZNF469	ZNF469	1	ENSG00000225614	gtf_direct	True	Yes	C2H2 ZF	Likely to be sequence specific TF	Monomer or homomultimer	False					
ZNF470	ZNF470	1	ENSG00000197016	gtf_direct	True	Yes	C2H2 ZF	Likely to be sequence specific TF	Monomer or homomultimer	True	MA2689.1	MA2689	C2H2 zinc finger factors	Other factors with up to three adjacent zinc fingers	Q6ECI4
ZNF471	ZNF471	1	ENSG00000196263	gtf_direct	True	Yes	C2H2 ZF	Likely to be sequence specific TF	Monomer or homomultimer	True	MA2554.1	MA2554	C2H2 zinc finger factors	More than 3 adjacent zinc fingers	Q9BX82
ZNF473	ZNF473	1	ENSG00000142528	gtf_direct	True	Yes	C2H2 ZF	Likely to be sequence specific TF	Monomer or homomultimer	False					
ZNF474	ZNF474	1	ENSG00000164185	gtf_direct	True	Yes	C2H2 ZF	Likely to be sequence specific TF	Monomer or homomultimer	False					
ZNF479	ZNF479	1	ENSG00000185177	gtf_direct	True	Yes	C2H2 ZF	Known motif	Monomer or homomultimer	False					
ZNF48	ZNF48	1	ENSG00000180035	gtf_direct	True	Yes	C2H2 ZF	Likely to be sequence specific TF	Monomer or homomultimer	False					
ZNF480	ZNF480	1	ENSG00000198464	gtf_direct	True	Yes	C2H2 ZF	Known motif	Monomer or homomultimer	False					
ZNF483	ZNF483	1	ENSG00000173258	gtf_direct	True	Yes	C2H2 ZF	Known motif	Monomer or homomultimer	False					
ZNF484	ZNF484	1	ENSG00000127081	gtf_direct	True	Yes	C2H2 ZF	Known motif	Monomer or homomultimer	False					
ZNF485	ZNF485	1	ENSG00000198298	gtf_direct	True	Yes	C2H2 ZF	Known motif	Monomer or homomultimer	False					
ZNF486	ZNF486	1	ENSG00000256229	gtf_direct	True	Yes	C2H2 ZF	Known motif	Monomer or homomultimer	False					
ZNF488	ZNF488	2	ENSG00000265763	gtf_direct	True	Yes	C2H2 ZF	Likely to be sequence specific TF	Monomer or homomultimer	False					
ZNF490	ZNF490	1	ENSG00000188033	gtf_direct	True	Yes	C2H2 ZF	Known motif	Monomer or homomultimer	True	MA2495.1	MA2495	C2H2 zinc finger factors	More than 3 adjacent zinc fingers	Q9ULM2
ZNF491	ZNF491	1	ENSG00000177599	gtf_direct	True	Yes	C2H2 ZF	Likely to be sequence specific TF	Monomer or homomultimer	False					
ZNF492	ZNF492	1	ENSG00000229676	gtf_direct	True	Yes	C2H2 ZF	Known motif	Monomer or homomultimer	False					
ZNF493	ZNF493	1	ENSG00000196268	gtf_direct	True	Yes	C2H2 ZF	Likely to be sequence specific TF	Monomer or homomultimer	True	MA2555.1	MA2555	C2H2 zinc finger factors	More than 3 adjacent zinc fingers	Q6ZR52
ZNF496	ZNF496	1	ENSG00000162714	gtf_direct	True	Yes	C2H2 ZF	Known motif	Monomer or homomultimer	False					
ZNF497	ZNF497	1	ENSG00000174586	gtf_direct	True	Yes	C2H2 ZF	Likely to be sequence specific TF	Monomer or homomultimer	True	MA2567.1	MA2567	C2H2 zinc finger factors	More than 3 adjacent zinc fingers	Q6ZNH5
ZNF500	ZNF500	1	ENSG00000103199	gtf_direct	True	Yes	C2H2 ZF	Likely to be sequence specific TF	Monomer or homomultimer	True	MA2585.1	MA2585	C2H2 zinc finger factors	More than 3 adjacent zinc fingers	O60304
ZNF501	ZNF501	1	ENSG00000186446	gtf_direct	True	Yes	C2H2 ZF	Known motif	Monomer or homomultimer	False					
ZNF502	ZNF502	1	ENSG00000196653	gtf_direct	True	Yes	C2H2 ZF	Known motif	Monomer or homomultimer	False					
ZNF503	ZNF503	1	ENSG00000165655	gtf_direct	True	Yes	C2H2 ZF	Likely to be sequence specific TF	Monomer or homomultimer	False					
ZNF506	ZNF506	1	ENSG00000081665	gtf_direct	True	Yes	C2H2 ZF	Known motif	Monomer or homomultimer	False					
ZNF507	ZNF507	1	ENSG00000168813	gtf_direct	True	Yes	C2H2 ZF	Likely to be sequence specific TF	Monomer or homomultimer	False					
ZNF510	ZNF510	1	ENSG00000081386	gtf_direct	True	Yes	C2H2 ZF	Likely to be sequence specific TF	Monomer or homomultimer	True	MA2556.1	MA2556	C2H2 zinc finger factors	Factors with multiple dispersed zinc fingers	Q9Y2H8
ZNF511	ZNF511	1	ENSG00000198546	gtf_direct	True	Yes	C2H2 ZF	Likely to be sequence specific TF	Monomer or homomultimer	False					
ZNF512	ZNF512	1	ENSG00000243943	gtf_direct	True	Yes	C2H2 ZF; BED ZF	Likely to be sequence specific TF	Monomer or homomultimer	False					
ZNF512B	ZNF512B	1	ENSG00000196700	gtf_direct	True	Yes	C2H2 ZF	Likely to be sequence specific TF	Monomer or homomultimer	False					
ZNF513	ZNF513	1	ENSG00000163795	gtf_direct	True	Yes	C2H2 ZF	Known motif	Monomer or homomultimer	False					
ZNF514	ZNF514	2	ENSG00000144026	gtf_direct	True	Yes	C2H2 ZF	Likely to be sequence specific TF	Monomer or homomultimer	False					
ZNF516	ZNF516	1	ENSG00000101493	gtf_direct	True	Yes	C2H2 ZF	Likely to be sequence specific TF	Monomer or homomultimer	False					
ZNF517	ZNF517	1	ENSG00000197363	gtf_direct	True	Yes	C2H2 ZF	Likely to be sequence specific TF	Monomer or homomultimer	False					
ZNF518A	ZNF518A	1	ENSG00000177853	gtf_direct	True	Yes	C2H2 ZF	Likely to be sequence specific TF	Monomer or homomultimer	False					
ZNF518B	ZNF518B	1	ENSG00000178163	gtf_direct	True	Yes	C2H2 ZF	Likely to be sequence specific TF	Monomer or homomultimer	True	MA2586.1	MA2586	C2H2 zinc finger factors	Factors with multiple dispersed zinc fingers	Q9C0D4
ZNF519	ZNF519	1	ENSG00000175322	gtf_direct	True	Yes	C2H2 ZF	Known motif	Monomer or homomultimer	False					
ZNF521	ZNF521	1	ENSG00000198795	gtf_direct	True	Yes	C2H2 ZF	Known motif	Monomer or homomultimer	False					
ZNF524	ZNF524	1	ENSG00000171443	gtf_direct	True	Yes	C2H2 ZF; AT hook	Known motif	Monomer or homomultimer	True	MA2096.1	MA2096	C2H2 zinc finger factors	More than 3 adjacent zinc fingers	Q96C55
ZNF526	ZNF526	1	ENSG00000167625	gtf_direct	True	Yes	C2H2 ZF	Likely to be sequence specific TF	Monomer or homomultimer	False					
ZNF527	ZNF527	1	ENSG00000189164	gtf_direct	True	Yes	C2H2 ZF	Known motif	Monomer or homomultimer	False					
ZNF528	ZNF528	1	ENSG00000167555	gtf_direct	True	Yes	C2H2 ZF	Known motif	Monomer or homomultimer	True	MA1597.1	MA1597	C2H2 zinc finger factors	More than 3 adjacent zinc fingers	Q3MIS6
ZNF529	ZNF529	1	ENSG00000186020	gtf_direct	True	Yes	C2H2 ZF	Known motif	Monomer or homomultimer	False					
ZNF530	ZNF530	1	ENSG00000183647	gtf_direct	True	Yes	C2H2 ZF	Known motif	Monomer or homomultimer	True	MA1981.1;MA1981.2	MA1981	C2H2 zinc finger factors	More than 3 adjacent zinc fingers	Q6P9A1
ZNF532	ZNF532	2	ENSG00000074657	gtf_direct	True	Yes	C2H2 ZF	Likely to be sequence specific TF	Monomer or homomultimer	False					
ZNF534	ZNF534	1	ENSG00000198633	gtf_direct	True	Yes	C2H2 ZF	Known motif	Monomer or homomultimer	False					
ZNF536	ZNF536	1	ENSG00000198597	gtf_direct	True	Yes	C2H2 ZF	Likely to be sequence specific TF	Monomer or homomultimer	True	MA2575.1	MA2575	C2H2 zinc finger factors	Factors with multiple dispersed zinc fingers	O15090
ZNF540	ZNF540	2	ENSG00000171817	gtf_direct	True	Yes	C2H2 ZF	Known motif	Monomer or homomultimer	False					
ZNF541	ZNF541	1	ENSG00000118156	gtf_direct	True	Yes	C2H2 ZF; Myb/SANT	Known motif	Monomer or homomultimer	False					
ZNF543	ZNF543	1	ENSG00000178229	gtf_direct	True	Yes	C2H2 ZF	Known motif	Monomer or homomultimer	False					
ZNF544	ZNF544	1	ENSG00000198131	gtf_direct	True	Yes	C2H2 ZF	Likely to be sequence specific TF	Monomer or homomultimer	False					
ZNF546	ZNF546	1	ENSG00000187187	gtf_direct	True	Yes	C2H2 ZF	Likely to be sequence specific TF	Monomer or homomultimer	False					
ZNF547	ZNF547	1	ENSG00000152433	gtf_direct	True	Yes	C2H2 ZF	Known motif	Monomer or homomultimer	True	MA2334.1	MA2334	C2H2 zinc finger factors	More than 3 adjacent zinc fingers	Q8IVP9
ZNF548	ZNF548	1	ENSG00000188785	gtf_direct	True	Yes	C2H2 ZF	Known motif	Monomer or homomultimer	False					
ZNF549	ZNF549	1	ENSG00000121406	gtf_direct	True	Yes	C2H2 ZF	Known motif	Monomer or homomultimer	True	MA1728.1;MA1728.2	MA1728	C2H2 zinc finger factors	More than 3 adjacent zinc fingers	Q6P9A3
ZNF550	ZNF550	1	ENSG00000251369	gtf_direct	True	Yes	C2H2 ZF	Known motif	Monomer or homomultimer	False					
ZNF551	ZNF551	1	ENSG00000204519	gtf_direct	True	Yes	C2H2 ZF	Likely to be sequence specific TF	Monomer or homomultimer	True	MA2518.1	MA2518	C2H2 zinc finger factors	More than 3 adjacent zinc fingers	Q7Z340
ZNF552	ZNF552	1	ENSG00000178935	gtf_direct	True	Yes	C2H2 ZF	Known motif	Monomer or homomultimer	False					
ZNF554	ZNF554	1	ENSG00000172006	gtf_direct	True	Yes	C2H2 ZF	Known motif	Monomer or homomultimer	False					
ZNF555	ZNF555	1	ENSG00000186300	gtf_direct	True	Yes	C2H2 ZF	Known motif	Monomer or homomultimer	False					
ZNF556	ZNF556	1	ENSG00000172000	gtf_direct	True	Yes	C2H2 ZF	Likely to be sequence specific TF	Monomer or homomultimer	False					
ZNF557	ZNF557	1	ENSG00000130544	gtf_direct	True	Yes	C2H2 ZF	Known motif	Monomer or homomultimer	False					
ZNF558	ZNF558	1	ENSG00000167785	gtf_direct	True	Yes	C2H2 ZF	Known motif	Monomer or homomultimer	True	MA2335.1	MA2335	C2H2 zinc finger factors	More than 3 adjacent zinc fingers	Q96NG5
ZNF559	ZNF559	1	ENSG00000188321	gtf_direct	True	Yes	C2H2 ZF	Likely to be sequence specific TF	Monomer or homomultimer	False					
ZNF559-ZNF177	ZNF559-ZNF177	1	ENSG00000270011	gtf_direct	False					False					
ZNF560	ZNF560	1	ENSG00000198028	gtf_direct	True	Yes	C2H2 ZF	Likely to be sequence specific TF	Monomer or homomultimer	False					
ZNF561	ZNF561	1	ENSG00000171469	gtf_direct	True	Yes	C2H2 ZF	Known motif	Monomer or homomultimer	False					
ZNF562	ZNF562	1	ENSG00000171466	gtf_direct	True	Yes	C2H2 ZF	Known motif	Monomer or homomultimer	False					
ZNF563	ZNF563	1	ENSG00000188868	gtf_direct	True	Yes	C2H2 ZF	Known motif	Monomer or homomultimer	False					
ZNF564	ZNF564	1	ENSG00000249709	gtf_direct	True	Yes	C2H2 ZF	Known motif	Monomer or homomultimer	False					
ZNF565	ZNF565	1	ENSG00000196357	gtf_direct	True	Yes	C2H2 ZF	Known motif	Monomer or homomultimer	False					
ZNF566	ZNF566	1	ENSG00000186017	gtf_direct	True	Yes	C2H2 ZF	Known motif	Monomer or homomultimer	False					
ZNF567	ZNF567	1	ENSG00000189042	gtf_direct	True	Yes	C2H2 ZF	Known motif	Monomer or homomultimer	False					
ZNF568	ZNF568	1	ENSG00000198453	gtf_direct	True	Yes	C2H2 ZF	Likely to be sequence specific TF	Monomer or homomultimer	True	MA2568.1	MA2568	C2H2 zinc finger factors	More than 3 adjacent zinc fingers	Q3ZCX4
ZNF569	ZNF569	1	ENSG00000196437	gtf_direct	True	Yes	C2H2 ZF	Likely to be sequence specific TF	Monomer or homomultimer	False					
ZNF57	ZNF57	1	ENSG00000171970	gtf_direct	True	Yes	C2H2 ZF	Likely to be sequence specific TF	Monomer or homomultimer	True	MA2545.1	MA2545	C2H2 zinc finger factors	More than 3 adjacent zinc fingers	Q68EA5
ZNF570	ZNF570	2	ENSG00000171827	gtf_direct	True	Yes	C2H2 ZF	Known motif	Monomer or homomultimer	False					
ZNF571	ZNF571	1	ENSG00000180479	gtf_direct	True	Yes	C2H2 ZF	Known motif	Monomer or homomultimer	False					
ZNF572	ZNF572	1	ENSG00000180938	gtf_direct	True	Yes	C2H2 ZF	Likely to be sequence specific TF	Monomer or homomultimer	False					
ZNF573	ZNF573	1	ENSG00000189144	gtf_direct	True	Yes	C2H2 ZF	Known motif	Monomer or homomultimer	False					
ZNF574	ZNF574	2	ENSG00000105732	gtf_direct	True	Yes	C2H2 ZF	Known motif	Monomer or homomultimer	True	MA1982.1;MA1982.2	MA1982	C2H2 zinc finger factors	Factors with multiple dispersed zinc fingers	Q6ZN55
ZNF575	ZNF575	1	ENSG00000176472	gtf_direct	True	Yes	C2H2 ZF	Likely to be sequence specific TF	Monomer or homomultimer	False					
ZNF576	ZNF576	1	ENSG00000124444	gtf_direct	True	Yes	C2H2 ZF	Likely to be sequence specific TF	Monomer or homomultimer	False					
ZNF577	ZNF577	1	ENSG00000161551	gtf_direct	True	Yes	C2H2 ZF	Likely to be sequence specific TF	Monomer or homomultimer	False					
ZNF578	ZNF578	1	ENSG00000258405	gtf_direct	True	Yes	C2H2 ZF	Likely to be sequence specific TF	Monomer or homomultimer	False					
ZNF579	ZNF579	1	ENSG00000218891	gtf_direct	True	Yes	C2H2 ZF	Likely to be sequence specific TF	Monomer or homomultimer	False					
ZNF580	ZNF580	2	ENSG00000213015	gtf_direct	True	Yes	C2H2 ZF	Known motif	Monomer or homomultimer	False					
ZNF581	ZNF581	2	ENSG00000171425	gtf_direct	True	Yes	C2H2 ZF	Known motif	Monomer or homomultimer	False					
ZNF582	ZNF582	1	ENSG00000018869	gtf_direct	True	Yes	C2H2 ZF	Known motif	Monomer or homomultimer	True	MA1983.1;MA1983.2	MA1983	C2H2 zinc finger factors	More than 3 adjacent zinc fingers	Q96NG8
ZNF583	ZNF583	1	ENSG00000198440	gtf_direct	True	Yes	C2H2 ZF	Likely to be sequence specific TF	Monomer or homomultimer	False					
ZNF584	ZNF584	1	ENSG00000171574	gtf_direct	True	Yes	C2H2 ZF	Known motif	Monomer or homomultimer	False					
ZNF585A	ZNF585A	1	ENSG00000196967	gtf_direct	True	Yes	C2H2 ZF	Known motif	Monomer or homomultimer	False					
ZNF585B	ZNF585B	1	ENSG00000245680	gtf_direct	True	Yes	C2H2 ZF	Likely to be sequence specific TF	Monomer or homomultimer	False					
ZNF586	ZNF586	1	ENSG00000083828	gtf_direct	True	Yes	C2H2 ZF	Known motif	Monomer or homomultimer	False					
ZNF587	ZNF587	1	ENSG00000198466	gtf_direct	True	Yes	C2H2 ZF	Known motif	Monomer or homomultimer	False					
ZNF587B	ZNF587B	1	ENSG00000269343	gtf_direct	True	Yes	C2H2 ZF	Likely to be sequence specific TF	Monomer or homomultimer	False					
ZNF589	ZNF589	1	ENSG00000164048	gtf_direct	True	Yes	C2H2 ZF	Known motif	Monomer or homomultimer	False					
ZNF592	ZNF592	1	ENSG00000166716	gtf_direct	True	Yes	C2H2 ZF	Likely to be sequence specific TF	Monomer or homomultimer	False					
ZNF593	ZNF593	1	ENSG00000142684	gtf_direct	True	No	C2H2 ZF	Unlikely to be sequence specific TF	Not a DNA binding protein	False					
ZNF594	ZNF594	1	ENSG00000180626	gtf_direct	True	Yes	C2H2 ZF	Known motif	Monomer or homomultimer	False					
ZNF595	ZNF595	2	ENSG00000272602	gtf_direct	True	Yes	C2H2 ZF	Known motif	Monomer or homomultimer	False					
ZNF596	ZNF596	1	ENSG00000172748	gtf_direct	True	Yes	C2H2 ZF	Known motif	Monomer or homomultimer	True	MA2496.1	MA2496	C2H2 zinc finger factors	More than 3 adjacent zinc fingers	Q8TC21
ZNF597	ZNF597	1	ENSG00000167981	gtf_direct	True	Yes	C2H2 ZF	Known motif	Monomer or homomultimer	False					
ZNF598	ZNF598	1	ENSG00000167962	gtf_direct	True	Yes	C2H2 ZF	Likely to be sequence specific TF	Monomer or homomultimer	False					
ZNF599	ZNF599	1	ENSG00000153896	gtf_direct	True	Yes	C2H2 ZF	Likely to be sequence specific TF	Monomer or homomultimer	False					
ZNF600	ZNF600	1	ENSG00000189190	gtf_direct	True	Yes	C2H2 ZF	Likely to be sequence specific TF	Monomer or homomultimer	False					
ZNF605	ZNF605	1	ENSG00000196458	gtf_direct	True	Yes	C2H2 ZF	Known motif	Monomer or homomultimer	False					
ZNF606	ZNF606	1	ENSG00000166704	gtf_direct	True	Yes	C2H2 ZF	Likely to be sequence specific TF	Monomer or homomultimer	True	MA2519.1	MA2519	C2H2 zinc finger factors	Factors with multiple dispersed zinc fingers	E7ETH6
ZNF607	ZNF607	1	ENSG00000198182	gtf_direct	True	Yes	C2H2 ZF	Likely to be sequence specific TF	Monomer or homomultimer	False					
ZNF608	ZNF608	2	ENSG00000168916	gtf_direct	True	Yes	C2H2 ZF	Likely to be sequence specific TF	Monomer or homomultimer	False					
ZNF609	ZNF609	1	ENSG00000180357	gtf_direct	True	Yes	C2H2 ZF	Likely to be sequence specific TF	Monomer or homomultimer	False					
ZNF610	ZNF610	1	ENSG00000167554	gtf_direct	True	Yes	C2H2 ZF	Known motif	Monomer or homomultimer	True	MA1713.1;MA1713.2	MA1713	C2H2 zinc finger factors	More than 3 adjacent zinc fingers	Q8N9Z0
ZNF611	ZNF611	1	ENSG00000213020	gtf_direct	True	Yes	C2H2 ZF	Known motif	Monomer or homomultimer	False					
ZNF613	ZNF613	1	ENSG00000176024	gtf_direct	True	Yes	C2H2 ZF	Known motif	Monomer or homomultimer	False					
ZNF614	ZNF614	1	ENSG00000142556	gtf_direct	True	Yes	C2H2 ZF	Known motif	Monomer or homomultimer	False					
ZNF615	ZNF615	1	ENSG00000197619	gtf_direct	True	Yes	C2H2 ZF	Known motif	Monomer or homomultimer	False					
ZNF616	ZNF616	1	ENSG00000204611	gtf_direct	True	Yes	C2H2 ZF	Known motif	Monomer or homomultimer	False					
ZNF618	ZNF618	1	ENSG00000157657	gtf_direct	True	Yes	C2H2 ZF	Likely to be sequence specific TF	Monomer or homomultimer	False					
ZNF619	ZNF619	1	ENSG00000177873	gtf_direct	True	Yes	C2H2 ZF	Known motif	Monomer or homomultimer	False					
ZNF620	ZNF620	1	ENSG00000177842	gtf_direct	True	Yes	C2H2 ZF	Known motif	Monomer or homomultimer	False					
ZNF621	ZNF621	1	ENSG00000172888	gtf_direct	True	Yes	C2H2 ZF	Known motif	Monomer or homomultimer	False					
ZNF623	ZNF623	1	ENSG00000183309	gtf_direct	True	Yes	C2H2 ZF	Likely to be sequence specific TF	Monomer or homomultimer	True	MA2497.1	MA2497	C2H2 zinc finger factors	More than 3 adjacent zinc fingers	O75123
ZNF624	ZNF624	1	ENSG00000197566	gtf_direct	True	Yes	C2H2 ZF	Likely to be sequence specific TF	Monomer or homomultimer	False					
ZNF625	ZNF625	1	ENSG00000257591	gtf_direct	True	Yes	C2H2 ZF	Likely to be sequence specific TF	Monomer or homomultimer	False					
ZNF626	ZNF626	1	ENSG00000188171	gtf_direct	True	Yes	C2H2 ZF	Known motif	Monomer or homomultimer	False					
ZNF627	ZNF627	1	ENSG00000198551	gtf_direct	True	Yes	C2H2 ZF	Known motif	Monomer or homomultimer	False					
ZNF628	ZNF628	1	ENSG00000197483	gtf_direct	True	Yes	C2H2 ZF	Known motif	Monomer or homomultimer	False					
ZNF629	ZNF629	1	ENSG00000102870	gtf_direct	True	Yes	C2H2 ZF	Likely to be sequence specific TF	Monomer or homomultimer	False					
ZNF630	ZNF630	1	ENSG00000221994	gtf_direct	True	Yes	C2H2 ZF	Likely to be sequence specific TF	Monomer or homomultimer	False					
ZNF639	ZNF639	1	ENSG00000121864	gtf_direct	True	Yes	C2H2 ZF	Likely to be sequence specific TF	Monomer or homomultimer	False					
ZNF641	ZNF641	1	ENSG00000167528	gtf_direct	True	Yes	C2H2 ZF	Known motif	Monomer or homomultimer	False					
ZNF644	ZNF644	1	ENSG00000122482	gtf_direct	True	Yes	C2H2 ZF	Likely to be sequence specific TF	Monomer or homomultimer	False					
ZNF645	CBLL2	1	ENSG00000175809	hgnc_alias	True	Yes	C2H2 ZF	Likely to be sequence specific TF	Monomer or homomultimer	False					
ZNF646	ZNF646	1	ENSG00000167395	gtf_direct	True	Yes	C2H2 ZF	Likely to be sequence specific TF	Monomer or homomultimer	False					
ZNF648	ZNF648	1	ENSG00000179930	gtf_direct	True	Yes	C2H2 ZF	Likely to be sequence specific TF	Monomer or homomultimer	True	MA2512.1	MA2512	C2H2 zinc finger factors	More than 3 adjacent zinc fingers	Q5T619
ZNF649	ZNF649	1	ENSG00000198093	gtf_direct	True	Yes	C2H2 ZF	Known motif	Monomer or homomultimer	False					
ZNF652	ZNF652	1	ENSG00000198740	gtf_direct	True	Yes	C2H2 ZF	Inferred motif	Monomer or homomultimer	True	MA1657.1;MA1657.2	MA1657	C2H2 zinc finger factors	More than 3 adjacent zinc fingers	Q9Y2D9
ZNF653	ZNF653	1	ENSG00000161914	gtf_direct	True	Yes	C2H2 ZF; AT hook	Known motif	Monomer or homomultimer	False					
ZNF654	ZNF654	1	ENSG00000175105	gtf_direct	True	Yes	C2H2 ZF	Likely to be sequence specific TF	Monomer or homomultimer	False					
ZNF655	ZNF655	1	ENSG00000197343	gtf_direct	True	Yes	C2H2 ZF	Known motif	Monomer or homomultimer	False					
ZNF658	ZNF658	1	ENSG00000274349	gtf_direct	True	Yes	C2H2 ZF	Known motif	Monomer or homomultimer	False					
ZNF660	ZNF660	1	ENSG00000144792	gtf_direct	True	Yes	C2H2 ZF	Known motif	Monomer or homomultimer	False					
ZNF662	ZNF662	1	ENSG00000182983	gtf_direct	True	Yes	C2H2 ZF	Known motif	Monomer or homomultimer	False					
ZNF664	ZNF664	1	ENSG00000179195	gtf_direct	True	Yes	C2H2 ZF	Inferred motif	Monomer or homomultimer	False					
ZNF665	ZNF665	1	ENSG00000197497	gtf_direct	True	Yes	C2H2 ZF	Likely to be sequence specific TF	Monomer or homomultimer	False					
ZNF667	ZNF667	1	ENSG00000198046	gtf_direct	True	Yes	C2H2 ZF	Known motif	Monomer or homomultimer	True	MA1984.1;MA1984.2	MA1984	C2H2 zinc finger factors	More than 3 adjacent zinc fingers	Q5HYK9
ZNF668	ZNF668	1	ENSG00000167394	gtf_direct	True	Yes	C2H2 ZF	Likely to be sequence specific TF	Monomer or homomultimer	False					
ZNF669	ZNF669	1	ENSG00000188295	gtf_direct	True	Yes	C2H2 ZF	Known motif	Monomer or homomultimer	True	MA1985.1	MA1985	C2H2 zinc finger factors	More than 3 adjacent zinc fingers	Q96BR6
ZNF670	ZNF670	1	ENSG00000277462	gtf_direct	True	Yes	C2H2 ZF	Likely to be sequence specific TF	Monomer or homomultimer	False					
ZNF671	ZNF671	1	ENSG00000083814	gtf_direct	True	Yes	C2H2 ZF	Known motif	Monomer or homomultimer	False					
ZNF672	ZNF672	1	ENSG00000171161	gtf_direct	True	Yes	C2H2 ZF	Likely to be sequence specific TF	Monomer or homomultimer	True	MA2587.1	MA2587	C2H2 zinc finger factors	More than 3 adjacent zinc fingers	Q499Z4
ZNF674	ZNF674	1	ENSG00000251192	gtf_direct	True	Yes	C2H2 ZF	Known motif	Monomer or homomultimer	False					
ZNF675	ZNF675	1	ENSG00000197372	gtf_direct	True	Yes	C2H2 ZF	Known motif	Monomer or homomultimer	True	MA1714.1;MA1714.2	MA1714	C2H2 zinc finger factors	More than 3 adjacent zinc fingers	Q8TD23
ZNF676	ZNF676	1	ENSG00000196109	gtf_direct	True	Yes	C2H2 ZF	Likely to be sequence specific TF	Monomer or homomultimer	True	MA2569.1	MA2569	C2H2 zinc finger factors	More than 3 adjacent zinc fingers	Q8N7Q3
ZNF677	ZNF677	1	ENSG00000197928	gtf_direct	True	Yes	C2H2 ZF	Known motif	Monomer or homomultimer	True	MA2101.1	MA2101	C2H2 zinc finger factors	More than 3 adjacent zinc fingers	Q86XU0
ZNF678	ZNF678	1	ENSG00000181450	gtf_direct	True	Yes	C2H2 ZF	Likely to be sequence specific TF	Monomer or homomultimer	True	MA2520.1	MA2520	C2H2 zinc finger factors	More than 3 adjacent zinc fingers	Q5SXM1
ZNF679	ZNF679	1	ENSG00000197123	gtf_direct	True	Yes	C2H2 ZF	Inferred motif	Monomer or homomultimer	False					
ZNF680	ZNF680	1	ENSG00000173041	gtf_direct	True	Yes	C2H2 ZF	Known motif	Monomer or homomultimer	True	MA1729.1;MA1729.2	MA1729	C2H2 zinc finger factors	More than 3 adjacent zinc fingers	Q8NEM1
ZNF681	ZNF681	1	ENSG00000196172	gtf_direct	True	Yes	C2H2 ZF	Known motif	Monomer or homomultimer	False					
ZNF682	ZNF682	1	ENSG00000197124	gtf_direct	True	Yes	C2H2 ZF	Known motif	Monomer or homomultimer	True	MA1599.1;MA1599.2	MA1599	C2H2 zinc finger factors	More than 3 adjacent zinc fingers	O95780
ZNF683	ZNF683	1	ENSG00000176083	gtf_direct	True	Yes	C2H2 ZF	Likely to be sequence specific TF	Monomer or homomultimer	True	MA2522.1	MA2522	C2H2 zinc finger factors	More than 3 adjacent zinc fingers	Q8IZ20
ZNF684	ZNF684	1	ENSG00000117010	gtf_direct	True	Yes	C2H2 ZF	Known motif	Monomer or homomultimer	True	MA1600.1;MA1600.2	MA1600	C2H2 zinc finger factors	More than 3 adjacent zinc fingers	Q5T5D7
ZNF687	ZNF687	1	ENSG00000143373	gtf_direct	True	Yes	C2H2 ZF	Likely to be sequence specific TF	Monomer or homomultimer	False					
ZNF688	ZNF688	1	ENSG00000229809	gtf_direct	True	Yes	C2H2 ZF	Likely to be sequence specific TF	Monomer or homomultimer	False					
ZNF689	ZNF689	1	ENSG00000156853	gtf_direct	True	Yes	C2H2 ZF	Likely to be sequence specific TF	Monomer or homomultimer	True	MA2523.1	MA2523	C2H2 zinc finger factors	More than 3 adjacent zinc fingers	C0HLU2
ZNF69	ZNF69	1	ENSG00000198429	gtf_direct	True	Yes	C2H2 ZF	Known motif	Monomer or homomultimer	False					
ZNF691	ZNF691	1	ENSG00000164011	gtf_direct	True	Yes	C2H2 ZF	Inferred motif	Monomer or homomultimer	False					
ZNF692	ZNF692	1	ENSG00000171163	gtf_direct	True	Yes	C2H2 ZF	Known motif	Monomer or homomultimer	True	MA1986.1;MA1986.2	MA1986	C2H2 zinc finger factors	More than 3 adjacent zinc fingers	Q9BU19
ZNF695	ZNF695	1	ENSG00000197472	gtf_direct	True	Yes	C2H2 ZF	Known motif	Monomer or homomultimer	False					
ZNF696	ZNF696	1	ENSG00000185730	gtf_direct	True	Yes	C2H2 ZF	Likely to be sequence specific TF	Monomer or homomultimer	True	MA2524.1	MA2524	C2H2 zinc finger factors	More than 3 adjacent zinc fingers	Q9H7X3
ZNF697	ZNF697	1	ENSG00000143067	gtf_direct	True	Yes	C2H2 ZF	Inferred motif	Monomer or homomultimer	False					
ZNF699	ZNF699	2	ENSG00000196110	gtf_direct	True	Yes	C2H2 ZF	Likely to be sequence specific TF	Monomer or homomultimer	True	MA2525.1	MA2525	C2H2 zinc finger factors	More than 3 adjacent zinc fingers	Q32M78
ZNF7	ZNF7	1	ENSG00000147789	gtf_direct	True	Yes	C2H2 ZF	Known motif	Monomer or homomultimer	False					
ZNF70	ZNF70	1	ENSG00000187792	gtf_direct	True	Yes	C2H2 ZF	Likely to be sequence specific TF	Monomer or homomultimer	True	MA2565.1	MA2565	C2H2 zinc finger factors	More than 3 adjacent zinc fingers	Q9UC06
ZNF700	ZNF700	1	ENSG00000196757	gtf_direct	True	Yes	C2H2 ZF	Likely to be sequence specific TF	Monomer or homomultimer	True	MA2595.1	MA2595	C2H2 zinc finger factors	More than 3 adjacent zinc fingers	Q9H0M5
ZNF701	ZNF701	1	ENSG00000167562	gtf_direct	True	Yes	C2H2 ZF	Known motif	Monomer or homomultimer	True	MA1987.1;MA1987.2	MA1987	C2H2 zinc finger factors	More than 3 adjacent zinc fingers	Q9NV72
ZNF703	ZNF703	1	ENSG00000183779	gtf_direct	True	Yes	C2H2 ZF	Likely to be sequence specific TF	Monomer or homomultimer	False					
ZNF704	ZNF704	1	ENSG00000164684	gtf_direct	True	Yes	C2H2 ZF	Known motif	Monomer or homomultimer	False					
ZNF705A	ZNF705A	1	ENSG00000196946	gtf_direct	True	Yes	C2H2 ZF	Inferred motif	Monomer or homomultimer	False					
ZNF705B	ZNF705B	2	ENSG00000215356	gtf_direct	True	Yes	C2H2 ZF	Inferred motif	Monomer or homomultimer	False					
ZNF705D	ZNF705D	1	ENSG00000215343	gtf_direct	True	Yes	C2H2 ZF	Inferred motif	Monomer or homomultimer	False					
ZNF705G	ZNF705G	2	ENSG00000215372	gtf_direct	True	Yes	C2H2 ZF	Known motif	Monomer or homomultimer	False					
ZNF706	ZNF706	1	ENSG00000120963	gtf_direct	True	Yes	C2H2 ZF	Likely to be sequence specific TF	Monomer or homomultimer	False					
ZNF707	ZNF707	1	ENSG00000181135	gtf_direct	True	Yes	C2H2 ZF	Known motif	Monomer or homomultimer	True	MA1715.1	MA1715	C2H2 zinc finger factors	More than 3 adjacent zinc fingers	Q96C28
ZNF708	ZNF708	1	ENSG00000182141	gtf_direct	True	Yes	C2H2 ZF	Known motif	Monomer or homomultimer	True	MA1730.1;MA1730.2	MA1730	C2H2 zinc finger factors	More than 3 adjacent zinc fingers	P17019
ZNF709	ZNF709	1	ENSG00000242852	gtf_direct	True	Yes	C2H2 ZF	Likely to be sequence specific TF	Monomer or homomultimer	False					
ZNF71	ZNF71	1	ENSG00000197951	gtf_direct	True	Yes	C2H2 ZF	Known motif	Monomer or homomultimer	False					
ZNF710	ZNF710	1	ENSG00000140548	gtf_direct	True	Yes	C2H2 ZF	Likely to be sequence specific TF	Monomer or homomultimer	False					
ZNF711	ZNF711	1	ENSG00000147180	gtf_direct	True	Yes	C2H2 ZF	Known motif	Monomer or homomultimer	False					
ZNF713	ZNF713	1	ENSG00000178665	gtf_direct	True	Yes	C2H2 ZF	Known motif	Monomer or homomultimer	False					
ZNF714	ZNF714	1	ENSG00000160352	gtf_direct	True	Yes	C2H2 ZF	Known motif	Monomer or homomultimer	False					
ZNF716	ZNF716	1	ENSG00000182111	gtf_direct	True	Yes	C2H2 ZF	Known motif	Monomer or homomultimer	False					
ZNF717	ZNF717	1	ENSG00000227124	gtf_direct	True	Yes	C2H2 ZF	Likely to be sequence specific TF	Monomer or homomultimer	False					
ZNF718	ZNF718	3	ENSG00000250312	gtf_direct	True	Yes	C2H2 ZF	Known motif	Monomer or homomultimer	False					
ZNF720	KRBOX5	1	ENSG00000197302	hgnc_alias	True	No	Unknown	Unlikely to be sequence specific TF	Not a DNA binding protein	False					
ZNF721	ZNF721	2	ENSG00000182903	gtf_direct	True	Yes	C2H2 ZF	Likely to be sequence specific TF	Monomer or homomultimer	True	MA2526.1	MA2526	C2H2 zinc finger factors	More than 3 adjacent zinc fingers	Q8TF20
ZNF726	ZNF726	1	ENSG00000213967	gtf_direct	True	Yes	C2H2 ZF	Likely to be sequence specific TF	Monomer or homomultimer	True	MA2527.1	MA2527	C2H2 zinc finger factors	More than 3 adjacent zinc fingers	A6NNF4
ZNF727	ZNF727	1	ENSG00000214652	gtf_direct	True	Yes	C2H2 ZF	Known motif	Monomer or homomultimer	False					
ZNF728	ZNF728	1	ENSG00000269067	gtf_direct	True	Yes	C2H2 ZF	Likely to be sequence specific TF	Monomer or homomultimer	True	MA2589.1	MA2589	C2H2 zinc finger factors	More than 3 adjacent zinc fingers	P0DKX0
ZNF729	ZNF729	1	ENSG00000196350	gtf_direct	True	Yes	C2H2 ZF	Likely to be sequence specific TF	Monomer or homomultimer	False					
ZNF730	ZNF730	1	ENSG00000183850	gtf_direct	True	Yes	C2H2 ZF	Known motif	Monomer or homomultimer	False					
ZNF732	ZNF732	1	ENSG00000186777	gtf_direct	True	Yes	C2H2 ZF	Likely to be sequence specific TF	Monomer or homomultimer	True	MA2528.1	MA2528	C2H2 zinc finger factors	More than 3 adjacent zinc fingers	B4DXR9
ZNF735	ZNF735	1	ENSG00000223614	gtf_direct	True	Yes	C2H2 ZF	Known motif	Monomer or homomultimer	False					
ZNF736	ZNF736	2	ENSG00000234444	gtf_direct	True	Yes	C2H2 ZF	Known motif	Monomer or homomultimer	False					
ZNF737	ZNF737	1	ENSG00000237440	gtf_direct	True	Yes	C2H2 ZF	Known motif	Monomer or homomultimer	False					
ZNF74	ZNF74	1	ENSG00000185252	gtf_direct	True	Yes	C2H2 ZF	Known motif	Monomer or homomultimer	False					
ZNF740	ZNF740	1	ENSG00000139651	gtf_direct	True	Yes	C2H2 ZF	Known motif	Monomer or homomultimer	True	MA0753.1;MA0753.2;MA0753.3	MA0753	C2H2 zinc finger factors	Other factors with up to three adjacent zinc fingers	Q8NDX6
ZNF746	ZNF746	1	ENSG00000181220	gtf_direct	True	Yes	C2H2 ZF	Likely to be sequence specific TF	Monomer or homomultimer	True	MA2570.1	MA2570	C2H2 zinc finger factors	More than 3 adjacent zinc fingers	Q6NUN9
ZNF747	ZNF747	1	ENSG00000169955	gtf_direct	True	Yes	C2H2 ZF	Likely to be sequence specific TF	Monomer or homomultimer	False					
ZNF749	ZNF749	1	ENSG00000186230	gtf_direct	True	Yes	C2H2 ZF	Known motif	Monomer or homomultimer	False					
ZNF750	ZNF750	1	ENSG00000141579	gtf_direct	True	Yes	C2H2 ZF	Likely to be sequence specific TF	Monomer or homomultimer	False					
ZNF75A	ZNF75A	1	ENSG00000162086	gtf_direct	True	Yes	C2H2 ZF	Known motif	Monomer or homomultimer	True	MA2097.1	MA2097	C2H2 zinc finger factors	More than 3 adjacent zinc fingers	Q96N20
ZNF75D	ZNF75D	1	ENSG00000186376	gtf_direct	True	Yes	C2H2 ZF	Known motif	Monomer or homomultimer	True	MA1601.1;MA1601.2	MA1601	C2H2 zinc finger factors	More than 3 adjacent zinc fingers	P51815
ZNF76	ZNF76	1	ENSG00000065029	gtf_direct	True	Yes	C2H2 ZF	Known motif	Monomer or homomultimer	True	MA1716.1;MA1716.2	MA1716	C2H2 zinc finger factors	More than 3 adjacent zinc fingers	P36508
ZNF761	ZNF761	1	ENSG00000160336	gtf_direct	True	Yes	C2H2 ZF	Known motif	Monomer or homomultimer	False					
ZNF763	ZNF763	1	ENSG00000197054	gtf_direct	True	Yes	C2H2 ZF	Likely to be sequence specific TF	Monomer or homomultimer	False					
ZNF764	ZNF764	1	ENSG00000169951	gtf_direct	True	Yes	C2H2 ZF	Known motif	Monomer or homomultimer	False					
ZNF765	ZNF765	2	ENSG00000196417	gtf_direct	True	Yes	C2H2 ZF	Known motif	Monomer or homomultimer	False					
ZNF766	ZNF766	1	ENSG00000196214	gtf_direct	True	Yes	C2H2 ZF	Known motif	Monomer or homomultimer	True	MA2098.1	MA2098	C2H2 zinc finger factors	More than 3 adjacent zinc fingers	Q5HY98
ZNF768	ZNF768	2	ENSG00000169957	gtf_direct	True	Yes	C2H2 ZF	Known motif	Monomer or homomultimer	True	MA1731.1;MA1731.2	MA1731	C2H2 zinc finger factors	More than 3 adjacent zinc fingers	Q9H5H4
ZNF77	ZNF77	1	ENSG00000175691	gtf_direct	True	Yes	C2H2 ZF	Known motif	Monomer or homomultimer	False					
ZNF770	ZNF770	1	ENSG00000198146	gtf_direct	True	Yes	C2H2 ZF	Known motif	Monomer or homomultimer	True	MA2099.1	MA2099	C2H2 zinc finger factors	Factors with multiple dispersed zinc fingers	Q6IQ21
ZNF771	ZNF771	1	ENSG00000179965	gtf_direct	True	Yes	C2H2 ZF	Known motif	Monomer or homomultimer	False					
ZNF772	ZNF772	1	ENSG00000197128	gtf_direct	True	Yes	C2H2 ZF	Likely to be sequence specific TF	Monomer or homomultimer	True	MA2529.1	MA2529	C2H2 zinc finger factors	Factors with multiple dispersed zinc fingers	Q68DY9
ZNF773	ZNF773	1	ENSG00000152439	gtf_direct	True	Yes	C2H2 ZF	Likely to be sequence specific TF	Monomer or homomultimer	True	MA2530.1	MA2530	C2H2 zinc finger factors	More than 3 adjacent zinc fingers	Q6PK81
ZNF774	ZNF774	1	ENSG00000196391	gtf_direct	True	Yes	C2H2 ZF	Known motif	Monomer or homomultimer	False					
ZNF775	ZNF775	1	ENSG00000196456	gtf_direct	True	Yes	C2H2 ZF	Likely to be sequence specific TF	Monomer or homomultimer	True	MA2531.1	MA2531	C2H2 zinc finger factors	Factors with multiple dispersed zinc fingers	Q96BV0
ZNF776	ZNF776	1	ENSG00000152443	gtf_direct	True	Yes	C2H2 ZF	Known motif	Monomer or homomultimer	False					
ZNF777	ZNF777	1	ENSG00000196453	gtf_direct	True	Yes	C2H2 ZF	Known motif	Monomer or homomultimer	False					
ZNF778	ZNF778	1	ENSG00000170100	gtf_direct	True	Yes	C2H2 ZF	Known motif	Monomer or homomultimer	False					
ZNF780A	ZNF780A	1	ENSG00000197782	gtf_direct	True	Yes	C2H2 ZF	Known motif	Monomer or homomultimer	False					
ZNF780B	ZNF780B	1	ENSG00000128000	gtf_direct	True	Yes	C2H2 ZF	Likely to be sequence specific TF	Monomer or homomultimer	True	MA2532.1	MA2532	C2H2 zinc finger factors	More than 3 adjacent zinc fingers	Q9Y6R6
ZNF781	ZNF781	1	ENSG00000290988	gtf_direct	True	Yes	C2H2 ZF	Likely to be sequence specific TF	Monomer or homomultimer	False					
ZNF782	ZNF782	1	ENSG00000196597	gtf_direct	True	Yes	C2H2 ZF	Known motif	Monomer or homomultimer	False					
ZNF783	ZNF783	1	ENSG00000204946	gtf_direct	True	Yes	C2H2 ZF	Known motif	Monomer or homomultimer	False					
ZNF784	ZNF784	1	ENSG00000179922	gtf_direct	True	Yes	C2H2 ZF	Known motif	Monomer or homomultimer	True	MA1717.1;MA1717.2	MA1717	C2H2 zinc finger factors	Factors with multiple dispersed zinc fingers	Q8NCA9
ZNF785	ZNF785	1	ENSG00000197162	gtf_direct	True	Yes	C2H2 ZF	Known motif	Monomer or homomultimer	False					
ZNF786	ZNF786	1	ENSG00000197362	gtf_direct	True	Yes	C2H2 ZF	Known motif	Monomer or homomultimer	False					
ZNF787	ZNF787	1	ENSG00000142409	gtf_direct	True	Yes	C2H2 ZF	Known motif	Monomer or homomultimer	False					
ZNF789	ZNF789	1	ENSG00000198556	gtf_direct	True	Yes	C2H2 ZF	Known motif	Monomer or homomultimer	False					
ZNF79	ZNF79	1	ENSG00000196152	gtf_direct	True	Yes	C2H2 ZF	Known motif	Monomer or homomultimer	False					
ZNF790	ZNF790	2	ENSG00000197863	gtf_direct	True	Yes	C2H2 ZF	Known motif	Monomer or homomultimer	False					
ZNF791	ZNF791	1	ENSG00000173875	gtf_direct	True	Yes	C2H2 ZF	Known motif	Monomer or homomultimer	False					
ZNF792	ZNF792	1	ENSG00000180884	gtf_direct	True	Yes	C2H2 ZF	Known motif	Monomer or homomultimer	False					
ZNF793	ZNF793	1	ENSG00000188227	gtf_direct	True	Yes	C2H2 ZF	Known motif	Monomer or homomultimer	False					
ZNF799	ZNF799	1	ENSG00000196466	gtf_direct	True	Yes	C2H2 ZF	Known motif	Monomer or homomultimer	False					
ZNF8	ZNF8	1	ENSG00000278129	gtf_direct	True	Yes	C2H2 ZF	Known motif	Monomer or homomultimer	True	MA1718.1	MA1718	C2H2 zinc finger factors	Factors with multiple dispersed zinc fingers	P17098
ZNF80	ZNF80	1	ENSG00000174255	gtf_direct	True	Yes	C2H2 ZF	Likely to be sequence specific TF	Monomer or homomultimer	False					
ZNF800	ZNF800	1	ENSG00000048405	gtf_direct	True	Yes	C2H2 ZF	Likely to be sequence specific TF	Monomer or homomultimer	True	MA2571.1	MA2571	C2H2 zinc finger factors	Factors with multiple dispersed zinc fingers	Q2TB10
ZNF804A	ZNF804A	1	ENSG00000170396	gtf_direct	True	Yes	C2H2 ZF	Likely to be sequence specific TF	Monomer or homomultimer	False					
ZNF804B	ZNF804B	1	ENSG00000182348	gtf_direct	True	Yes	C2H2 ZF	Likely to be sequence specific TF	Monomer or homomultimer	False					
ZNF805	ZNF805	1	ENSG00000204524	gtf_direct	True	Yes	C2H2 ZF	Known motif	Monomer or homomultimer	False					
ZNF808	ZNF808	2	ENSG00000198482	gtf_direct	True	Yes	C2H2 ZF	Known motif	Monomer or homomultimer	False					
ZNF81	ZNF81	1	ENSG00000197779	gtf_direct	True	Yes	C2H2 ZF	Known motif	Monomer or homomultimer	False					
ZNF813	ZNF813	1	ENSG00000198346	gtf_direct	True	Yes	C2H2 ZF	Likely to be sequence specific TF	Monomer or homomultimer	False					
ZNF814	ZNF814	1	ENSG00000204514	gtf_direct	True	Yes	C2H2 ZF	Likely to be sequence specific TF	Monomer or homomultimer	True	MA2533.1	MA2533	C2H2 zinc finger factors	Factors with multiple dispersed zinc fingers	B7Z6K7
ZNF816	ZNF816	2	ENSG00000180257	gtf_direct	True	Yes	C2H2 ZF	Known motif	Monomer or homomultimer	True	MA1719.1;MA1719.2	MA1719	C2H2 zinc finger factors	More than 3 adjacent zinc fingers	Q0VGE8
ZNF821	ZNF821	1	ENSG00000102984	gtf_direct	True	Yes	C2H2 ZF	Known motif	Monomer or homomultimer	False					
ZNF823	ZNF823	1	ENSG00000197933	gtf_direct	True	Yes	C2H2 ZF	Known motif	Monomer or homomultimer	False					
ZNF827	ZNF827	1	ENSG00000151612	gtf_direct	True	Yes	C2H2 ZF	Likely to be sequence specific TF	Monomer or homomultimer	True	MA2572.1	MA2572	C2H2 zinc finger factors	More than 3 adjacent zinc fingers	Q17R98
ZNF829	ZNF829	1	ENSG00000185869	gtf_direct	True	Yes	C2H2 ZF	Likely to be sequence specific TF	Monomer or homomultimer	False					
ZNF83	ZNF83	3	ENSG00000167766	gtf_direct	True	Yes	C2H2 ZF	Likely to be sequence specific TF	Monomer or homomultimer	False					
ZNF830	ZNF830	1	ENSG00000198783	gtf_direct	True	Yes	C2H2 ZF	Likely to be sequence specific TF	Monomer or homomultimer	False					
ZNF831	ZNF831	1	ENSG00000124203	gtf_direct	True	Yes	C2H2 ZF	Likely to be sequence specific TF	Monomer or homomultimer	True	MA2534.1	MA2534	C2H2 zinc finger factors	Factors with multiple dispersed zinc fingers	Q5JPB2
ZNF835	ZNF835	1	ENSG00000127903	gtf_direct	True	Yes	C2H2 ZF	Likely to be sequence specific TF	Monomer or homomultimer	False					
ZNF836	ZNF836	1	ENSG00000196267	gtf_direct	True	Yes	C2H2 ZF	Likely to be sequence specific TF	Monomer or homomultimer	True	MA2573.1	MA2573	C2H2 zinc finger factors	More than 3 adjacent zinc fingers	Q6ZNA1
ZNF837	ZNF837	1	ENSG00000152475	gtf_direct	True	Yes	C2H2 ZF	Likely to be sequence specific TF	Monomer or homomultimer	False					
ZNF839	ZNF839	1	ENSG00000022976	gtf_direct	True	No	C2H2 ZF	Unlikely to be sequence specific TF	Not a DNA binding protein	False					
ZNF84	ZNF84	1	ENSG00000198040	gtf_direct	True	Yes	C2H2 ZF	Known motif	Monomer or homomultimer	False					
ZNF841	ZNF841	1	ENSG00000197608	gtf_direct	True	Yes	C2H2 ZF	Likely to be sequence specific TF	Monomer or homomultimer	True	MA2590.1;MA2691.1	MA2590;MA2691	C2H2 zinc finger factors	More than 3 adjacent zinc fingers	Q6ZN19
ZNF843	ZNF843	1	ENSG00000176723	gtf_direct	True	Yes	C2H2 ZF	Likely to be sequence specific TF	Monomer or homomultimer	False					
ZNF844	ZNF844	1	ENSG00000223547	gtf_direct	True	Yes	C2H2 ZF	Likely to be sequence specific TF	Monomer or homomultimer	False					
ZNF845	ZNF845	1	ENSG00000213799	gtf_direct	True	Yes	C2H2 ZF	Likely to be sequence specific TF	Monomer or homomultimer	False					
ZNF846	ZNF846	1	ENSG00000196605	gtf_direct	True	Yes	C2H2 ZF	Known motif	Monomer or homomultimer	False					
ZNF85	ZNF85	1	ENSG00000105750	gtf_direct	True	Yes	C2H2 ZF	Known motif	Monomer or homomultimer	True	MA1720.1;MA1720.2	MA1720	C2H2 zinc finger factors	More than 3 adjacent zinc fingers	Q03923
ZNF850	ZNF850	1	ENSG00000267041	gtf_direct	True	Yes	C2H2 ZF	Likely to be sequence specific TF	Monomer or homomultimer	True	MA2591.1	MA2591	C2H2 zinc finger factors	More than 3 adjacent zinc fingers	A8MQ14
ZNF852	ZNF852	1	ENSG00000178917	gtf_direct	True	Yes	C2H2 ZF	Inferred motif	Monomer or homomultimer	False					
ZNF853	ZNF853	2	ENSG00000236609	gtf_direct	True	Yes	C2H2 ZF	Likely to be sequence specific TF	Monomer or homomultimer	True	MA2514.1	MA2514	C2H2 zinc finger factors	More than 3 adjacent zinc fingers	P0CG23
ZNF860	ZNF860	1	ENSG00000197385	gtf_direct	True	Yes	C2H2 ZF	Known motif	Monomer or homomultimer	False					
ZNF862	ZNF862	1	ENSG00000106479	gtf_direct	True	No	Unknown	Unlikely to be sequence specific TF	Not a DNA binding protein	False					
ZNF865	ZNF865	1	ENSG00000261221	gtf_direct	True	Yes	C2H2 ZF	Likely to be sequence specific TF	Monomer or homomultimer	True	MA2515.1	MA2515	C2H2 zinc finger factors	More than 3 adjacent zinc fingers	P0CJ78
ZNF878	ZNF878	1	ENSG00000257446	gtf_direct	True	Yes	C2H2 ZF	Likely to be sequence specific TF	Monomer or homomultimer	True	MA2574.1	MA2574	C2H2 zinc finger factors	More than 3 adjacent zinc fingers	C9JN71
ZNF879	ZNF879	1	ENSG00000234284	gtf_direct	True	Yes	C2H2 ZF	Known motif	Monomer or homomultimer	False					
ZNF880	ZNF880	1	ENSG00000221923	gtf_direct	True	Yes	C2H2 ZF	Known motif	Monomer or homomultimer	False					
ZNF883	ZNF883	1	ENSG00000228623	gtf_direct	True	Yes	C2H2 ZF	Known motif	Monomer or homomultimer	False					
ZNF888	ZNF888	2	ENSG00000213793	gtf_direct	True	Yes	C2H2 ZF	Likely to be sequence specific TF	Monomer or homomultimer	False					
ZNF891	ZNF891	1	ENSG00000214029	gtf_direct	True	Yes	C2H2 ZF	Known motif	Monomer or homomultimer	False					
ZNF90	ZNF90	1	ENSG00000213988	gtf_direct	True	Yes	C2H2 ZF	Known motif	Monomer or homomultimer	False					
ZNF91	ZNF91	1	ENSG00000167232	gtf_direct	True	Yes	C2H2 ZF	Likely to be sequence specific TF	Monomer or homomultimer	False					
ZNF92	ZNF92	1	ENSG00000146757	gtf_direct	True	Yes	C2H2 ZF	Likely to be sequence specific TF	Monomer or homomultimer	False					
ZNF93	ZNF93	1	ENSG00000184635	gtf_direct	True	Yes	C2H2 ZF	Known motif	Monomer or homomultimer	True	MA1721.1;MA1721.2	MA1721	C2H2 zinc finger factors	More than 3 adjacent zinc fingers	P35789
ZNF98	ZNF98	1	ENSG00000197360	gtf_direct	True	Yes	C2H2 ZF	Known motif	Monomer or homomultimer	False					
ZNF99	ZNF99	1	ENSG00000213973	gtf_direct	True	Yes	C2H2 ZF	Likely to be sequence specific TF	Monomer or homomultimer	False					
ZNFX1	ZNFX1	1	ENSG00000124201	gtf_direct	True	No	Unknown	Unlikely to be sequence specific TF	Not a DNA binding protein	False					
ZSCAN1	ZSCAN1	1	ENSG00000152467	gtf_direct	True	Yes	C2H2 ZF	Known motif	Monomer or homomultimer	False					
ZSCAN10	ZSCAN10	1	ENSG00000130182	gtf_direct	True	Yes	C2H2 ZF	Inferred motif	Monomer or homomultimer	False					
ZSCAN12	ZSCAN12	1	ENSG00000158691	gtf_direct	True	Yes	C2H2 ZF	Likely to be sequence specific TF	Monomer or homomultimer	False					
ZSCAN16	ZSCAN16	1	ENSG00000196812	gtf_direct	True	Yes	C2H2 ZF	Known motif	Monomer or homomultimer	True	MA2100.1	MA2100	C2H2 zinc finger factors	More than 3 adjacent zinc fingers	Q9H4T2
ZSCAN18	ZSCAN18	2	ENSG00000121413	gtf_direct	True	Yes	C2H2 ZF	Likely to be sequence specific TF	Monomer or homomultimer	False					
ZSCAN2	ZSCAN2	1	ENSG00000176371	gtf_direct	True	Yes	C2H2 ZF	Likely to be sequence specific TF	Monomer or homomultimer	True	MA2516.1	MA2516	C2H2 zinc finger factors	More than 3 adjacent zinc fingers	Q7Z7L9
ZSCAN20	ZSCAN20	1	ENSG00000121903	gtf_direct	True	Yes	C2H2 ZF	Likely to be sequence specific TF	Monomer or homomultimer	False					
ZSCAN21	ZSCAN21	1	ENSG00000166529	gtf_direct	True	Yes	C2H2 ZF	Likely to be sequence specific TF	Monomer or homomultimer	True	MA2336.1	MA2336	C2H2 zinc finger factors	More than 3 adjacent zinc fingers	Q9Y5A6
ZSCAN22	ZSCAN22	1	ENSG00000182318	gtf_direct	True	Yes	C2H2 ZF	Known motif	Monomer or homomultimer	False					
ZSCAN23	ZSCAN23	1	ENSG00000187987	gtf_direct	True	Yes	C2H2 ZF	Known motif	Monomer or homomultimer	False					
ZSCAN25	ZSCAN25	1	ENSG00000197037	gtf_direct	True	Yes	C2H2 ZF	Likely to be sequence specific TF	Monomer or homomultimer	True	MA2517.1	MA2517	C2H2 zinc finger factors	More than 3 adjacent zinc fingers	Q6NSZ9
ZSCAN26	ZSCAN26	1	ENSG00000197062	gtf_direct	True	Yes	C2H2 ZF	Known motif	Monomer or homomultimer	False					
ZSCAN29	ZSCAN29	1	ENSG00000140265	gtf_direct	True	Yes	C2H2 ZF	Known motif	Monomer or homomultimer	True	MA1602.1;MA1602.2	MA1602	C2H2 zinc finger factors	More than 3 adjacent zinc fingers	Q8IWY8
ZSCAN30	ZSCAN30	1	ENSG00000186814	gtf_direct	True	Yes	C2H2 ZF	Known motif	Monomer or homomultimer	False					
ZSCAN31	ZSCAN31	2	ENSG00000235109	gtf_direct	True	Yes	C2H2 ZF	Known motif	Monomer or homomultimer	True	MA1722.1;MA1722.2	MA1722	C2H2 zinc finger factors	More than 3 adjacent zinc fingers	Q96LW9
ZSCAN32	ZSCAN32	1	ENSG00000140987	gtf_direct	True	Yes	C2H2 ZF	Likely to be sequence specific TF	Monomer or homomultimer	False					
ZSCAN5A	ZSCAN5A	2	ENSG00000131848	gtf_direct	True	Yes	C2H2 ZF	Known motif	Monomer or homomultimer	False					
ZSCAN5B	ZSCAN5B	2	ENSG00000197213	gtf_direct	True	Yes	C2H2 ZF	Likely to be sequence specific TF	Monomer or homomultimer	False					
ZSCAN9	ZSCAN9	1	ENSG00000137185	gtf_direct	True	Yes	C2H2 ZF	Known motif	Monomer or homomultimer	False					
ZUFSP	ZUP1	1	ENSG00000153975	hgnc_alias	True	Yes	C2H2 ZF	Likely to be sequence specific TF	Monomer or homomultimer	False					
ZXDA	ZXDA	1	ENSG00000198205	gtf_direct	True	Yes	C2H2 ZF	Likely to be sequence specific TF	Monomer or homomultimer	True	MA2596.1	MA2596	C2H2 zinc finger factors	More than 3 adjacent zinc fingers	P98168
ZXDB	ZXDB	1	ENSG00000198455	gtf_direct	True	Yes	C2H2 ZF	Likely to be sequence specific TF	Monomer or homomultimer	True	MA2576.1	MA2576	C2H2 zinc finger factors	More than 3 adjacent zinc fingers	P98169
ZXDC	ZXDC	1	ENSG00000070476	gtf_direct	True	Yes	C2H2 ZF	Likely to be sequence specific TF	Monomer or homomultimer	True	MA2577.1	MA2577	C2H2 zinc finger factors	More than 3 adjacent zinc fingers	Q2QGD7
ZZZ3	ZZZ3	1	ENSG00000036549	gtf_direct	True	Yes	Myb/SANT	Known motif	Monomer or homomultimer	False					
