ensembl_gene_id	gene_symbol	hgnc_approved_symbol	jaspar_tf_family	lambert_2018_dbd	n_disease_associations	mondo_ids	omim_ids	distance_mean_HonCM	distance_rank_HonCM	sig_dist_gt_NC_max_HonCM	distance_mean_HuangfuDE	distance_rank_HuangfuDE	sig_dist_gt_NC_max_HuangfuDE	distance_mean_HuangfuESC	distance_rank_HuangfuESC	sig_dist_gt_NC_max_HuangfuESC	n_datasets_with_data	n_datasets_significant	max_distance_across_datasets	classification
ENSG00000134323	MYCN	MYCN	bHLH-ZIP	bHLH	2		OMIM:164280;OMIM:620748	5.512445068359375	145.0	True	92.708349609375	1125.0	False	620.1442443847657	35.0	True	3	2	620.1442443847657	discordant_partial
ENSG00000101115	SALL4	SALL4		C2H2 ZF	2		OMIM:147750;OMIM:607323	5.8590576171875	140.0	True	94.88806762695312	942.0	False	606.4042266845703	68.0	True	3	2	606.4042266845703	discordant_partial
ENSG00000136492	BRIP1	BRIP1			2		OMIM:114480;OMIM:609054	192.7327667236328	2.0	True	125.413818359375	2.0	True	394.6179748535157	2155.0	False	3	2	394.6179748535157	discordant_partial
ENSG00000068305	MEF2A	MEF2A	Regulators of differentiation	MADS box	1		OMIM:608320	1.922198486328125	511.0	False	81.89170532226562	1926.0	False	657.3028869628906	4.0	True	3	1	657.3028869628906	HuangfuESC-specific
ENSG00000168724	DNAJC21	DNAJC21		Unknown	2		OMIM:260400;OMIM:617052	1.2744964599609374	1007.0	False	106.30411376953126	155.0	False	639.0901763916015	6.0	True	3	1	639.0901763916015	HuangfuESC-specific
ENSG00000139687	RB1	RB1		Unknown	4		OMIM:109800;OMIM:180200;OMIM:182280;OMIM:259500	1.3086029052734376	970.0	False	80.20593872070313	1992.0	False	635.9707275390625	9.0	True	3	1	635.9707275390625	HuangfuESC-specific
ENSG00000104881	PPP1R13L	PPP1R13L		Unknown	1		OMIM:620519	1.5647247314453123	718.0	False	93.21106567382812	1082.0	False	628.1986907958984	18.0	True	3	1	628.1986907958984	HuangfuESC-specific
ENSG00000140968	IRF8	IRF8	Interferon-regulatory factors	IRF	2		OMIM:226990;OMIM:614893	1.1156402587890626	1248.0	False	91.5994384765625	1251.0	False	628.0620147705079	19.0	True	3	1	628.0620147705079	HuangfuESC-specific
ENSG00000099956	SMARCB1	SMARCB1		Unknown	3		OMIM:162091;OMIM:609322;OMIM:614608	1.2232269287109374	1085.0	False	98.11099853515626	643.0	False	622.359017944336	29.0	True	3	1	622.359017944336	HuangfuESC-specific
ENSG00000060566	CREB3L3	CREB3L3	CREB-related	bZIP	1		OMIM:619324	1.8289581298828128	549.0	False	106.13850708007811	160.0	False	618.4975860595703	38.0	True	3	1	618.4975860595703	HuangfuESC-specific
ENSG00000168477	TNXB	TNXB			2		OMIM:606408;OMIM:615963	1.61580810546875	687.0	False	92.8318359375	1113.0	False	614.0398315429687	47.0	True	3	1	614.0398315429687	HuangfuESC-specific
ENSG00000125812	GZF1	GZF1		C2H2 ZF	1		OMIM:617662	1.996820068359375	489.0	False	102.69319458007811	311.0	False	613.6231964111328	49.0	True	3	1	613.6231964111328	HuangfuESC-specific
ENSG00000272333	KMT2B	KMT2B		CxxC; AT hook	2		OMIM:617284;OMIM:619934	3.1328338623046874	257.0	False	103.5157470703125	272.0	False	612.2456970214844	53.0	True	3	1	612.2456970214844	HuangfuESC-specific
ENSG00000118495	PLAGL1	PLAGL1		C2H2 ZF	1		OMIM:601410	2.82362060546875	285.0	False	101.30087890625	401.0	False	611.2913482666015	57.0	True	3	1	611.2913482666015	HuangfuESC-specific
ENSG00000172059	KLF11	KLF11	Three-zinc finger Kruppel-related	C2H2 ZF	1		OMIM:610508	0.745941162109375	1866.0	False	97.94705810546876	656.0	False	610.7526611328125	58.0	True	3	1	610.7526611328125	HuangfuESC-specific
ENSG00000203667	COX20	COX20			1		OMIM:619054	2.4790924072265623	351.0	False	97.28714599609376	725.0	False	609.6505737304688	59.0	True	3	1	609.6505737304688	HuangfuESC-specific
ENSG00000177551	NHLH2	NHLH2	Tal-related	bHLH	1		OMIM:619755	1.320037841796875	953.0	False	87.50451049804687	1605.0	False	607.9902160644531	60.0	True	3	1	607.9902160644531	HuangfuESC-specific
ENSG00000130711	PRDM12	PRDM12		C2H2 ZF	1		OMIM:616488	1.787103271484375	573.0	False	84.64344482421875	1786.0	False	607.3459442138671	63.0	True	3	1	607.3459442138671	HuangfuESC-specific
ENSG00000089225	TBX5	TBX5	TBX2-related factors	T-box	1		OMIM:142900	1.7853118896484377	574.0	False	106.55149536132812	149.0	False	605.6316040039062	70.0	True	3	1	605.6316040039062	HuangfuESC-specific
ENSG00000162761	LMX1A	LMX1A	HD-LIM	Homeodomain	1		OMIM:601412	1.2433624267578125	1052.0	False	93.96532592773436	1010.0	False	605.4789672851563	71.0	True	3	1	605.4789672851563	HuangfuESC-specific
ENSG00000049618	ARID1B	ARID1B		ARID/BRIGHT	1		OMIM:135900	0.9389312744140624	1547.0	False	102.9640869140625	299.0	False	603.5595886230469	75.0	True	3	1	603.5595886230469	HuangfuESC-specific
ENSG00000187140	FOXD3	FOXD3	FOX	Forkhead	1		OMIM:607836	3.883905029296875	198.0	False	103.97049560546876	243.0	False	603.3073822021485	77.0	True	3	1	603.3073822021485	HuangfuESC-specific
ENSG00000080603	SRCAP	SRCAP		AT hook	2		OMIM:136140;OMIM:619595	4.828997802734375	159.0	True	90.60899658203124	1354.0	False	585.3015258789062	183.0	False	3	1	585.3015258789062	HonCM-specific
ENSG00000124813	RUNX2	RUNX2	Runt-related factors	Runt	2		OMIM:119600;OMIM:156510	6.542251586914063	125.0	True	109.34179077148436	82.0	False	584.5029388427735	188.0	False	3	1	584.5029388427735	HonCM-specific
ENSG00000147133	TAF1	TAF1		Unknown	2		OMIM:300966;OMIM:314250	19.55866394042969	36.0	True	98.4592041015625	622.0	False	571.2695709228516	301.0	False	3	1	571.2695709228516	HonCM-specific
ENSG00000153487	ING1	ING1			1		OMIM:275355	17.044680786132812	49.0	True	95.99013671875	852.0	False	563.9427490234375	395.0	False	3	1	563.9427490234375	HonCM-specific
ENSG00000145912	NHP2	NHP2			2		OMIM:224230;OMIM:613987	8.576284790039063	92.0	True	84.19972534179688	1824.0	False	563.385775756836	406.0	False	3	1	563.385775756836	HonCM-specific
ENSG00000004848	ARX	ARX		Homeodomain	5		OMIM:300004;OMIM:300215;OMIM:300419;OMIM:308350;OMIM:309510	2.495648193359375	345.0	False	111.48054809570311	45.0	True	561.2381408691406	432.0	False	3	1	561.2381408691406	HuangfuDE-specific
ENSG00000127152	BCL11B	BCL11B		C2H2 ZF	2		OMIM:617237;OMIM:618092	17.39954833984375	46.0	True	94.97278442382812	936.0	False	558.8412292480468	471.0	False	3	1	558.8412292480468	HonCM-specific
ENSG00000111669	TPI1	TPI1			1		OMIM:615512	4.940451049804688	153.0	True	86.89500732421875	1645.0	False	558.3168060302735	481.0	False	3	1	558.3168060302735	HonCM-specific
ENSG00000185811	IKZF1	IKZF1	Factors with multiple dispersed zinc fingers	C2H2 ZF	1		OMIM:616873	7.223638916015625	110.0	True	87.83978881835938	1576.0	False	558.1732421875	484.0	False	3	1	558.1732421875	HonCM-specific
ENSG00000181827	RFX7	RFX7	RFX-related factors	RFX	1		OMIM:620330	13.96575927734375	63.0	True	93.42840576171876	1064.0	False	557.1650360107421	506.0	False	3	1	557.1650360107421	HonCM-specific
ENSG00000166949	SMAD3	SMAD3	SMAD factors	SMAD	1		OMIM:613795	5.501605224609375	146.0	True	94.77489624023436	947.0	False	556.14130859375	526.0	False	3	1	556.14130859375	HonCM-specific
ENSG00000170325	PRDM10	PRDM10		C2H2 ZF	1		OMIM:620459	14.735858154296874	56.0	True	90.9652099609375	1309.0	False	553.3034393310547	573.0	False	3	1	553.3034393310547	HonCM-specific
ENSG00000162601	MYSM1	MYSM1		Myb/SANT	1		OMIM:618116	34.74073486328125	13.0	True	93.51141357421876	1056.0	False	552.639779663086	587.0	False	3	1	552.639779663086	HonCM-specific
ENSG00000122778	KIAA1549	KIAA1549		Unknown	1		OMIM:618613	6.961325073242188	116.0	True	77.95659790039062	2063.0	False	548.7272064208985	651.0	False	3	1	548.7272064208985	HonCM-specific
ENSG00000008018	PSMB1	PSMB1			1		OMIM:620038	19.35823974609375	39.0	True	89.09154052734375	1481.0	False	544.6448669433594	743.0	False	3	1	544.6448669433594	HonCM-specific
ENSG00000145734	BDP1	BDP1		Unknown	1		OMIM:618257	49.41160278320312	7.0	True	107.76502075195312	119.0	False	543.4189514160156	767.0	False	3	1	543.4189514160156	HonCM-specific
ENSG00000023287	RB1CC1	RB1CC1			1		OMIM:114480	2.7450836181640623	297.0	False	115.01624145507812	17.0	True	542.4415344238281	791.0	False	3	1	542.4415344238281	HuangfuDE-specific
ENSG00000116580	GON4L	GON4L		Unknown	1		OMIM:621212	14.802542114257813	55.0	True	104.9870849609375	200.0	False	541.7276641845704	805.0	False	3	1	541.7276641845704	HonCM-specific
ENSG00000069011	PITX1	PITX1	Paired-related HD factors	Homeodomain	1		OMIM:119800	1.3749847412109375	886.0	False	112.20086669921876	37.0	True	539.140283203125	863.0	False	3	1	539.140283203125	HuangfuDE-specific
ENSG00000105610	KLF1	KLF1	Three-zinc finger Kruppel-related	C2H2 ZF	4		OMIM:111150;OMIM:613566;OMIM:613673;OMIM:620969	1.3838226318359377	872.0	False	114.00497436523438	21.0	True	537.6418518066406	887.0	False	3	1	537.6418518066406	HuangfuDE-specific
ENSG00000075426	FOSL2	FOSL2	Fos-related	bZIP	1		OMIM:620789	1.176214599609375	1146.0	False	112.60972900390624	33.0	True	535.6617401123046	930.0	False	3	1	535.6617401123046	HuangfuDE-specific
ENSG00000100393	EP300	EP300		Unknown	4		OMIM:114500;OMIM:180849;OMIM:613684;OMIM:618333	8.453854370117188	96.0	True	97.286328125	726.0	False	535.194204711914	938.0	False	3	1	535.194204711914	HonCM-specific
ENSG00000078246	TULP3	TULP3			1		OMIM:619902	15.362057495117188	54.0	True	92.87569580078124	1105.0	False	534.1726898193359	966.0	False	3	1	534.1726898193359	HonCM-specific
ENSG00000100987	VSX1	VSX1	Paired-related HD factors	Homeodomain	2		OMIM:148300;OMIM:614195	1.04049072265625	1366.0	False	110.37670288085936	64.0	True	531.3244995117187	1017.0	False	3	1	531.3244995117187	HuangfuDE-specific
ENSG00000005073	HOXA11	HOXA11		Homeodomain	1		OMIM:605432	0.9963348388671877	1449.0	False	111.29627685546876	47.0	True	531.033578491211	1021.0	False	3	1	531.033578491211	HuangfuDE-specific
ENSG00000182759	MAFA	MAFA	Maf-related	bZIP	1		OMIM:147630	9.62696533203125	82.0	True	88.40175170898438	1536.0	False	529.4458557128906	1048.0	False	3	1	529.4458557128906	HonCM-specific
ENSG00000138095	LRPPRC	LRPPRC			1		OMIM:220111	7.009268188476563	114.0	True	80.67064819335937	1977.0	False	526.5346710205079	1103.0	False	3	1	526.5346710205079	HonCM-specific
ENSG00000135829	DHX9	DHX9			1		OMIM:620988	6.968862915039063	115.0	True	82.50353393554687	1901.0	False	525.6525665283203	1120.0	False	3	1	525.6525665283203	HonCM-specific
ENSG00000178691	SUZ12	SUZ12		Unknown	1		OMIM:618786	10.955075073242188	77.0	True	106.93052368164062	135.0	False	522.7575408935547	1176.0	False	3	1	522.7575408935547	HonCM-specific
ENSG00000102901	CENPT	CENPT		Unknown	1		OMIM:618702	22.061456298828126	23.0	True	104.66974487304688	216.0	False	521.7324493408203	1195.0	False	3	1	521.7324493408203	HonCM-specific
ENSG00000165916	PSMC3	PSMC3			1		OMIM:619354	5.469076538085938	147.0	True	84.90172729492187	1773.0	False	520.7784973144531	1214.0	False	3	1	520.7784973144531	HonCM-specific
ENSG00000064490	RFXANK	RFXANK		Unknown	1		OMIM:620815	0.893603515625	1638.0	False	112.20889892578126	36.0	True	516.23759765625	1313.0	False	3	1	516.23759765625	HuangfuDE-specific
ENSG00000197780	TAF13	TAF13		Unknown	1		OMIM:617432	5.142974853515625	150.0	True	97.45389404296876	702.0	False	513.598599243164	1366.0	False	3	1	513.598599243164	HonCM-specific
ENSG00000137203	TFAP2A	TFAP2A	AP-2	AP-2	1		OMIM:113620	1.08291015625	1293.0	False	111.90665283203126	40.0	True	512.1638275146485	1395.0	False	3	1	512.1638275146485	HuangfuDE-specific
ENSG00000130816	DNMT1	DNMT1		CxxC	2		OMIM:604121;OMIM:614116	5.096481323242188	151.0	True	104.86182250976564	204.0	False	507.5288482666016	1488.0	False	3	1	507.5288482666016	HonCM-specific
ENSG00000099949	LZTR1	LZTR1		Unknown	3		OMIM:605275;OMIM:615670;OMIM:616564	1.6978271484375	631.0	False	114.49506225585938	19.0	True	501.9032806396484	1584.0	False	3	1	501.9032806396484	HuangfuDE-specific
ENSG00000101096	NFATC2	NFATC2		Rel	1		OMIM:620232	1.6496917724609377	660.0	False	121.32630004882812	4.0	True	501.528759765625	1588.0	False	3	1	501.528759765625	HuangfuDE-specific
ENSG00000141052	MYOCD	MYOCD		Unknown	1		OMIM:618719	10.424954223632811	80.0	True	105.26492919921876	192.0	False	498.9197387695313	1633.0	False	3	1	498.9197387695313	HonCM-specific
ENSG00000189079	ARID2	ARID2		ARID/BRIGHT; RFX	1		OMIM:617808	7.119454956054687	112.0	True	91.94561157226562	1206.0	False	498.50368041992186	1644.0	False	3	1	498.50368041992186	HonCM-specific
ENSG00000125845	BMP2	BMP2		Unknown	3		OMIM:112600;OMIM:235200;OMIM:617877	1.620489501953125	684.0	False	110.27189331054689	68.0	True	497.724658203125	1653.0	False	3	1	497.724658203125	HuangfuDE-specific
ENSG00000134874	DZIP1	DZIP1		C2H2 ZF	2		OMIM:610840;OMIM:619102	1.04166259765625	1360.0	False	110.78375244140624	58.0	True	496.6820129394531	1673.0	False	3	1	496.6820129394531	HuangfuDE-specific
ENSG00000115568	ZNF142	ZNF142	Factors with multiple dispersed zinc fingers	C2H2 ZF	1		OMIM:618425	17.6721923828125	44.0	True	90.30079345703123	1385.0	False	488.8337463378906	1764.0	False	3	1	488.8337463378906	HonCM-specific
ENSG00000132170	PPARG	PPARG	Thyroid hormone receptor-related factors (NR1)	Nuclear receptor	3		OMIM:125853;OMIM:601665;OMIM:604367	1.030621337890625	1381.0	False	113.08827514648438	30.0	True	484.4239318847656	1824.0	False	3	1	484.4239318847656	HuangfuDE-specific
ENSG00000108064	TFAM	TFAM		HMG/Sox	1		OMIM:617156	4.866519165039063	158.0	True	75.35988159179688	2106.0	False	478.40525512695314	1897.0	False	3	1	478.40525512695314	HonCM-specific
ENSG00000106479	ZNF862	ZNF862		Unknown	1		OMIM:620999				110.90643310546876	55.0	True	474.47259521484375	1932.0	False	2	1	474.47259521484375	HonCM-specific
ENSG00000168036	CTNNB1	CTNNB1		Unknown	7		OMIM:114500;OMIM:114550;OMIM:132600;OMIM:155255;OMIM:167000;OMIM:615075;OMIM:617572	17.70640869140625	43.0	True	97.1581787109375	743.0	False	472.57765502929686	1953.0	False	3	1	472.57765502929686	HonCM-specific
ENSG00000198026	ZNF335	ZNF335	Other factors with up to three adjacent zinc fingers	C2H2 ZF	1		OMIM:615095	14.172366333007812	61.0	True	86.82776489257813	1652.0	False	471.6592651367188	1962.0	False	3	1	471.6592651367188	HonCM-specific
ENSG00000161980	POLR3K	POLR3K			1		OMIM:619310	11.8353515625	73.0	True	92.68348999023438	1128.0	False	467.9773071289063	1992.0	False	3	1	467.9773071289063	HonCM-specific
ENSG00000112592	TBP	TBP		TBP	2		OMIM:168600;OMIM:607136	9.1297119140625	85.0	True	90.44459228515623	1373.0	False	463.7576965332031	2016.0	False	3	1	463.7576965332031	HonCM-specific
ENSG00000079432	CIC	CIC		HMG/Sox	1		OMIM:617600	7.2952392578125	109.0	True	87.65824584960937	1595.0	False	461.7063171386719	2029.0	False	3	1	461.7063171386719	HonCM-specific
ENSG00000165060	FXN	FXN			2		OMIM:229300;OMIM:601992	20.913482666015625	29.0	True	92.24005737304688	1170.0	False	454.64760131835936	2063.0	False	3	1	454.64760131835936	HonCM-specific
ENSG00000163161	ERCC3	ERCC3		Unknown	2		OMIM:610651;OMIM:616390	58.46024169921875	4.0	True	74.34852905273438	2118.0	False	438.7892822265625	2106.0	False	3	1	438.7892822265625	HonCM-specific
ENSG00000119041	GTF3C3	GTF3C3			1		OMIM:621201	222.0182678222656	1.0	True	71.052978515625	2147.0	False	333.9814453125	2165.0	False	3	1	333.9814453125	HonCM-specific
ENSG00000065526	SPEN	SPEN		Unknown	1		OMIM:619312	2.156475830078125	440.0	False	91.06763916015623	1300.0	False	601.0509399414062	87.0	False	3	0	601.0509399414062	convergent_nonsignificant
ENSG00000141579	ZNF750	ZNF750		C2H2 ZF	1		OMIM:610227				82.46549682617187	1903.0	False	600.5780944824219	88.0	False	2	0	600.5780944824219	convergent_nonsignificant
ENSG00000198807	PAX9	PAX9	Paired domain only	Paired box	1		OMIM:604625	0.9884979248046876	1462.0	False	99.54750366210938	525.0	False	598.8065979003907	93.0	False	3	0	598.8065979003907	convergent_nonsignificant
ENSG00000179774	ATOH7	ATOH7	Tal-related	bHLH	1		OMIM:221900	1.1923980712890625	1120.0	False	77.81558837890626	2066.0	False	598.2232269287109	94.0	False	3	0	598.2232269287109	convergent_nonsignificant
ENSG00000108813	DLX4	DLX4		Homeodomain	1		OMIM:616788	2.0968475341796875	458.0	False	80.77566528320312	1972.0	False	597.5477935791016	97.0	False	3	0	597.5477935791016	convergent_nonsignificant
ENSG00000178919	FOXE1	FOXE1	FOX	Forkhead	2		OMIM:241850;OMIM:616534	1.2305023193359377	1073.0	False	106.88345336914062	138.0	False	597.4914733886719	99.0	False	3	0	597.4914733886719	convergent_nonsignificant
ENSG00000043355	ZIC2	ZIC2		C2H2 ZF	1		OMIM:609637	3.051947021484375	265.0	False	77.15357055664063	2078.0	False	596.4235748291015	106.0	False	3	0	596.4235748291015	convergent_nonsignificant
ENSG00000168453	HR	HR		Unknown	2		OMIM:203655;OMIM:209500	1.0020782470703125	1436.0	False	88.49512939453125	1529.0	False	595.2341827392578	110.0	False	3	0	595.2341827392578	convergent_nonsignificant
ENSG00000156150	ALX3	ALX3	Paired-related HD factors	Homeodomain	1		OMIM:136760	1.5376708984375	729.0	False	87.62981567382812	1597.0	False	595.2303466796875	111.0	False	3	0	595.2303466796875	convergent_nonsignificant
ENSG00000120149	MSX2	MSX2	NK	Homeodomain	3		OMIM:168500;OMIM:168550;OMIM:604757	3.237078857421875	240.0	False	96.71179809570312	791.0	False	594.9906341552735	113.0	False	3	0	594.9906341552735	convergent_nonsignificant
ENSG00000180053	NKX2-6	NKX2-6		Homeodomain	1		OMIM:217095	1.246441650390625	1044.0	False	104.9736083984375	201.0	False	594.4267303466797	116.0	False	3	0	594.4267303466797	convergent_nonsignificant
ENSG00000163064	EN1	EN1	NK	Homeodomain	1		OMIM:619218	0.96343994140625	1511.0	False	100.9602783203125	422.0	False	592.7290496826172	127.0	False	3	0	592.7290496826172	convergent_nonsignificant
ENSG00000203883	SOX18	SOX18	SOX-related factors	HMG/Sox	2		OMIM:137940;OMIM:607823	0.8705474853515625	1672.0	False	77.9719482421875	2062.0	False	592.5472106933594	128.0	False	3	0	592.5472106933594	convergent_nonsignificant
ENSG00000117595	IRF6	IRF6	Interferon-regulatory factors	IRF	3		OMIM:119300;OMIM:119500;OMIM:608864	0.842266845703125	1719.0	False	76.93046875	2081.0	False	590.0234008789063	140.0	False	3	0	590.0234008789063	convergent_nonsignificant
ENSG00000204498	NFKBIL1	NFKBIL1		Unknown	1		OMIM:180300	0.9697662353515624	1496.0	False	85.69729614257812	1723.0	False	589.6458618164063	144.0	False	3	0	589.6458618164063	convergent_nonsignificant
ENSG00000176842	IRX5	IRX5	TALE-type HD	Homeodomain	1		OMIM:611174	2.724456787109375	306.0	False	95.80708618164064	865.0	False	589.1185760498047	146.0	False	3	0	589.1185760498047	convergent_nonsignificant
ENSG00000136367	ZFHX2	ZFHX2		Homeodomain	1		OMIM:147430	1.1130157470703126	1251.0	False	93.32669067382812	1072.0	False	588.7568634033203	149.0	False	3	0	588.7568634033203	convergent_nonsignificant
ENSG00000112182	BACH2	BACH2	Jun-related	bZIP	1		OMIM:618394	0.69796142578125	1908.0	False	102.49125366210936	321.0	False	588.7438873291015	150.0	False	3	0	588.7438873291015	convergent_nonsignificant
ENSG00000126012	KDM5C	KDM5C		ARID/BRIGHT	1		OMIM:300534	0.955340576171875	1517.0	False	86.69296264648438	1663.0	False	587.3581237792969	160.0	False	3	0	587.3581237792969	convergent_nonsignificant
ENSG00000143365	RORC	RORC	Thyroid hormone receptor-related factors (NR1)	Nuclear receptor	1		OMIM:616622	4.41873779296875	178.0	False	90.85297241210938	1323.0	False	587.0199645996094	164.0	False	3	0	587.0199645996094	convergent_nonsignificant
ENSG00000118260	CREB1	CREB1	CREB-related factors	bZIP	1		OMIM:612160	0.9554901123046876	1516.0	False	101.11324462890624	413.0	False	585.6835540771484	181.0	False	3	0	585.6835540771484	convergent_nonsignificant
ENSG00000110693	SOX6	SOX6		HMG/Sox	1		OMIM:618971	1.7650604248046875	589.0	False	106.09871826171874	163.0	False	584.2164978027344	192.0	False	3	0	584.2164978027344	convergent_nonsignificant
ENSG00000275410	HNF1B	HNF1B	POU domain factors	Homeodomain	3		OMIM:125853;OMIM:137920;OMIM:144700	0.8817962646484375	1654.0	False	50.9540283203125	2165.0	False	584.0865234375	195.0	False	3	0	584.0865234375	convergent_nonsignificant
ENSG00000108001	EBF3	EBF3	Early B-Cell Factor-related factors	EBF1	1		OMIM:617330	0.9248199462890624	1567.0	False	81.85650024414062	1930.0	False	583.4051635742187	199.0	False	3	0	583.4051635742187	convergent_nonsignificant
ENSG00000124766	SOX4	SOX4	SOX-related factors	HMG/Sox	1		OMIM:618506	1.6242523193359375	681.0	False	91.665966796875	1238.0	False	582.5888793945312	204.0	False	3	0	582.5888793945312	convergent_nonsignificant
ENSG00000152977	ZIC1	ZIC1	More than 3 adjacent zinc fingers	C2H2 ZF	2		OMIM:616602;OMIM:618736	1.3619537353515625	906.0	False	80.06928100585938	1998.0	False	582.5344360351562	205.0	False	3	0	582.5344360351562	convergent_nonsignificant
ENSG00000158055	GRHL3	GRHL3		Grainyhead	1		OMIM:606713	1.611993408203125	690.0	False	79.65242919921874	2013.0	False	582.368862915039	206.0	False	3	0	582.368862915039	convergent_nonsignificant
ENSG00000138311	ZNF365	ZNF365		C2H2 ZF	1		OMIM:605990	1.206121826171875	1106.0	False	74.79410400390626	2113.0	False	582.3547119140625	207.0	False	3	0	582.3547119140625	convergent_nonsignificant
ENSG00000131127	ZNF141	ZNF141		C2H2 ZF	1		OMIM:615226	0.9015777587890624	1622.0	False	97.428955078125	706.0	False	581.795132446289	212.0	False	3	0	581.795132446289	convergent_nonsignificant
ENSG00000164736	SOX17	SOX17		HMG/Sox	2		OMIM:613674;OMIM:621248	1.7957244873046876	567.0	False	83.09949951171875	1880.0	False	581.765576171875	213.0	False	3	0	581.765576171875	convergent_nonsignificant
ENSG00000169554	ZEB2	ZEB2	HD-ZF	C2H2 ZF; Homeodomain	1		OMIM:235730	0.9445068359375	1539.0	False	87.99259033203126	1564.0	False	581.3150817871094	214.0	False	3	0	581.3150817871094	convergent_nonsignificant
ENSG00000176887	SOX11	SOX11		HMG/Sox	1		OMIM:615866	2.7560455322265627	296.0	False	99.81689453125	506.0	False	580.9469055175781	216.0	False	3	0	580.9469055175781	convergent_nonsignificant
ENSG00000121653	MAPK8IP1	MAPK8IP1			1		OMIM:125853	3.743939208984375	208.0	False	105.61127319335938	180.0	False	580.8558013916015	217.0	False	3	0	580.8558013916015	convergent_nonsignificant
ENSG00000137265	IRF4	IRF4	Interferon-regulatory factors	IRF	2		OMIM:611724;OMIM:621097	2.493515014648437	346.0	False	103.84732666015626	251.0	False	580.648812866211	221.0	False	3	0	580.648812866211	convergent_nonsignificant
ENSG00000182944	EWSR1	EWSR1		Unknown	1		OMIM:612219	1.0898040771484374	1280.0	False	95.65855102539062	879.0	False	580.1105102539062	224.0	False	3	0	580.1105102539062	convergent_nonsignificant
ENSG00000148516	ZEB1	ZEB1	HD-ZF factors	C2H2 ZF; Homeodomain	2		OMIM:609141;OMIM:613270	1.1648681640625	1171.0	False	92.26226196289062	1168.0	False	579.8746795654297	227.0	False	3	0	579.8746795654297	convergent_nonsignificant
ENSG00000183733	FIGLA	FIGLA	Tal-related	bHLH	1		OMIM:612310	1.50032958984375	770.0	False	91.41763916015626	1263.0	False	579.1099029541016	229.0	False	3	0	579.1099029541016	convergent_nonsignificant
ENSG00000100207	TCF20	TCF20		Unknown	1		OMIM:618430	1.9769073486328128	496.0	False	77.87169799804687	2065.0	False	577.5490844726562	246.0	False	3	0	577.5490844726562	convergent_nonsignificant
ENSG00000101126	ADNP	ADNP		Homeodomain	1		OMIM:615873	1.02576904296875	1388.0	False	88.95036010742187	1493.0	False	577.2775787353515	247.0	False	3	0	577.2775787353515	convergent_nonsignificant
ENSG00000061337	LZTS1	LZTS1		Unknown	1		OMIM:133239	1.4586395263671874	812.0	False	87.919580078125	1570.0	False	576.6887237548829	256.0	False	3	0	576.6887237548829	convergent_nonsignificant
ENSG00000052850	ALX4	ALX4		Homeodomain	3		OMIM:609597;OMIM:613451;OMIM:615529	1.04437255859375	1355.0	False	87.82459716796875	1581.0	False	575.5196533203125	264.0	False	3	0	575.5196533203125	convergent_nonsignificant
ENSG00000107485	GATA3	GATA3	C4-GATA-related	GATA	1		OMIM:146255	0.779669189453125	1827.0	False	90.0867431640625	1406.0	False	575.4296813964844	265.0	False	3	0	575.4296813964844	convergent_nonsignificant
ENSG00000049768	FOXP3	FOXP3	FOX	Forkhead	1		OMIM:304790	1.2342926025390626	1068.0	False	101.72981567382811	368.0	False	573.2880340576172	279.0	False	3	0	573.2880340576172	convergent_nonsignificant
ENSG00000101266	CSNK2A1	CSNK2A1			1		OMIM:617062	3.356637573242188	226.0	False	94.20072631835936	992.0	False	573.1824340820312	280.0	False	3	0	573.1824340820312	convergent_nonsignificant
ENSG00000148400	NOTCH1	NOTCH1		Unknown	2		OMIM:109730;OMIM:616028	4.3097991943359375	181.0	False	99.61323852539064	518.0	False	572.8664398193359	283.0	False	3	0	572.8664398193359	convergent_nonsignificant
ENSG00000168269	FOXI1	FOXI1	FOX	Forkhead	2		OMIM:274600;OMIM:600791	1.4786590576171874	786.0	False	81.72158203125	1932.0	False	571.8830291748047	295.0	False	3	0	571.8830291748047	convergent_nonsignificant
ENSG00000133937	GSC	GSC	Paired-related HD factors	Homeodomain	1		OMIM:602471	1.3404449462890624	932.0	False	106.0108154296875	167.0	False	571.7913513183594	297.0	False	3	0	571.7913513183594	convergent_nonsignificant
ENSG00000179111	HES7	HES7	Hairy-related factors	bHLH	1		OMIM:613686	1.1921783447265626	1122.0	False	91.65869140625	1239.0	False	571.4524353027343	298.0	False	3	0	571.4524353027343	convergent_nonsignificant
ENSG00000138083	SIX3	SIX3		Homeodomain	2		OMIM:157170;OMIM:269160	0.765887451171875	1843.0	False	88.8036376953125	1509.0	False	571.154833984375	303.0	False	3	0	571.154833984375	convergent_nonsignificant
ENSG00000120693	SMAD9	SMAD9		SMAD	1		OMIM:615342	1.672869873046875	640.0	False	85.020703125	1761.0	False	571.099819946289	307.0	False	3	0	571.099819946289	convergent_nonsignificant
ENSG00000169297	NR0B1	NR0B1		Unknown	2		OMIM:300018;OMIM:300200	0.9129425048828124	1592.0	False	105.51685791015623	185.0	False	570.9488464355469	310.0	False	3	0	570.9488464355469	convergent_nonsignificant
ENSG00000122859	NEUROG3	NEUROG3		bHLH	1		OMIM:610370	1.1627166748046875	1176.0	False	92.20680541992188	1176.0	False	570.8543640136719	311.0	False	3	0	570.8543640136719	convergent_nonsignificant
ENSG00000067955	CBFB	CBFB		Unknown	1		OMIM:620099	3.7812652587890634	204.0	False	73.94260864257812	2122.0	False	570.8354553222656	312.0	False	3	0	570.8354553222656	convergent_nonsignificant
ENSG00000100219	XBP1	XBP1	XBP-1-related factors	bZIP	1		OMIM:612371	3.00211181640625	268.0	False	93.13856201171876	1089.0	False	570.1834197998047	317.0	False	3	0	570.1834197998047	convergent_nonsignificant
ENSG00000162599	NFIA	NFIA	Nuclear factor 1	SMAD	1		OMIM:613735	3.90714111328125	194.0	False	83.33805541992187	1869.0	False	569.2238037109375	328.0	False	3	0	569.2238037109375	convergent_nonsignificant
ENSG00000126603	GLIS2	GLIS2	More than 3 adjacent zinc fingers	C2H2 ZF	1		OMIM:611498	1.5934173583984377	704.0	False	89.00676879882812	1488.0	False	569.12568359375	329.0	False	3	0	569.12568359375	convergent_nonsignificant
ENSG00000123364	HOXC13	HOXC13	HOX	Homeodomain	1		OMIM:614931	1.224481201171875	1081.0	False	95.43750610351564	898.0	False	568.802783203125	335.0	False	3	0	568.802783203125	convergent_nonsignificant
ENSG00000163939	PBRM1	PBRM1		HMG/Sox	1		OMIM:144700	1.66234130859375	650.0	False	79.49881591796876	2019.0	False	568.5111999511719	339.0	False	3	0	568.5111999511719	convergent_nonsignificant
ENSG00000165462	PHOX2A	PHOX2A	Paired-related HD factors	Homeodomain	1		OMIM:602078	0.9147216796875	1588.0	False	81.53870239257813	1943.0	False	568.4851867675782	340.0	False	3	0	568.4851867675782	convergent_nonsignificant
ENSG00000149922	TBX6	TBX6	TBX6-related factors	T-box	1		OMIM:122600	1.0055908203125	1429.0	False	91.94407958984377	1208.0	False	568.4755401611328	341.0	False	3	0	568.4755401611328	convergent_nonsignificant
ENSG00000165643	SOHLH1	SOHLH1		bHLH	2		OMIM:617690;OMIM:618115	1.661724853515625	651.0	False	90.38092651367188	1375.0	False	568.2853881835938	343.0	False	3	0	568.2853881835938	convergent_nonsignificant
ENSG00000163666	HESX1	HESX1	Paired-related HD factors	Homeodomain	1		OMIM:182230	1.001226806640625	1440.0	False	90.91119384765624	1318.0	False	567.7451721191406	351.0	False	3	0	567.7451721191406	convergent_nonsignificant
ENSG00000198482	ZNF808	ZNF808		C2H2 ZF	1		OMIM:620991				84.02396240234376	1834.0	False	567.7350311279297	352.0	False	2	0	567.7350311279297	convergent_nonsignificant
ENSG00000135899	SP110	SP110		SAND	2		OMIM:235550;OMIM:607948	1.618890380859375	686.0	False	103.94495849609376	246.0	False	567.7018188476562	353.0	False	3	0	567.7018188476562	convergent_nonsignificant
ENSG00000008441	NFIX	NFIX	Nuclear factor 1	SMAD	2		OMIM:602535;OMIM:614753	1.4939178466796874	778.0	False	95.6707275390625	876.0	False	567.3804779052734	355.0	False	3	0	567.3804779052734	convergent_nonsignificant
ENSG00000106331	PAX4	PAX4	Paired plus homeo domain	Homeodomain; Paired box	3		OMIM:125853;OMIM:612225;OMIM:612227	0.811907958984375	1772.0	False	72.54876098632812	2137.0	False	567.3195495605469	356.0	False	3	0	567.3195495605469	convergent_nonsignificant
ENSG00000149968	MMP3	MMP3			1		OMIM:614466	0.8632568359375	1684.0	False	92.04920654296876	1194.0	False	566.9517364501953	360.0	False	3	0	566.9517364501953	convergent_nonsignificant
ENSG00000116044	NFE2L2	NFE2L2	Jun-related	bZIP	1		OMIM:617744	1.3299346923828126	942.0	False	103.9576416015625	244.0	False	566.4053833007813	365.0	False	3	0	566.4053833007813	convergent_nonsignificant
ENSG00000162676	GFI1	GFI1	More than 3 adjacent zinc fingers	C2H2 ZF	2		OMIM:607847;OMIM:613107	1.5202972412109377	749.0	False	101.5809326171875	379.0	False	566.3125640869141	367.0	False	3	0	566.3125640869141	convergent_nonsignificant
ENSG00000148826	NKX6-2	NKX6-2	NK	Homeodomain	1		OMIM:617560	0.8662750244140625	1678.0	False	104.52191162109376	222.0	False	565.7638366699218	377.0	False	3	0	565.7638366699218	convergent_nonsignificant
ENSG00000129535	NRL	NRL	Maf-related	bZIP	2		OMIM:613750;OMIM:621371	0.8279541015625	1737.0	False	105.70899047851564	176.0	False	565.3528289794922	382.0	False	3	0	565.3528289794922	convergent_nonsignificant
ENSG00000148704	VAX1	VAX1	NK	Homeodomain	1		OMIM:614402	3.18603515625	248.0	False	106.84959106445312	142.0	False	564.3980590820313	388.0	False	3	0	564.3980590820313	convergent_nonsignificant
ENSG00000103479	RBL2	RBL2		Unknown	1		OMIM:619690	1.37950439453125	881.0	False	107.32569580078123	124.0	False	564.2921600341797	390.0	False	3	0	564.2921600341797	convergent_nonsignificant
ENSG00000119614	VSX2	VSX2	Paired-related HD factors	Homeodomain	2		OMIM:610092;OMIM:610093	1.07757568359375	1302.0	False	97.603955078125	691.0	False	564.0916290283203	394.0	False	3	0	564.0916290283203	convergent_nonsignificant
ENSG00000095574	IKZF5	IKZF5		C2H2 ZF	1		OMIM:619130	1.63848876953125	667.0	False	104.16690673828126	234.0	False	563.5691162109375	400.0	False	3	0	563.5691162109375	convergent_nonsignificant
ENSG00000169083	AR	AR	Steroid hormone receptors (NR3)	Nuclear receptor	5		OMIM:300068;OMIM:300633;OMIM:301120;OMIM:312300;OMIM:313200	1.6721649169921875	641.0	False	85.14085693359375	1754.0	False	563.5177612304688	402.0	False	3	0	563.5177612304688	convergent_nonsignificant
ENSG00000170581	STAT2	STAT2		STAT	2		OMIM:616636;OMIM:618886	0.6746307373046875	1920.0	False	90.18363647460936	1397.0	False	563.4839660644532	404.0	False	3	0	563.4839660644532	convergent_nonsignificant
ENSG00000049167	ERCC8	ERCC8			2		OMIM:216400;OMIM:614621	0.8198760986328125	1755.0	False	102.63960571289064	316.0	False	563.2893188476562	407.0	False	3	0	563.2893188476562	convergent_nonsignificant
ENSG00000165702	GFI1B	GFI1B		C2H2 ZF	1		OMIM:187900	1.3294708251953125	943.0	False	97.6004638671875	692.0	False	562.2612060546875	419.0	False	3	0	562.2612060546875	convergent_nonsignificant
ENSG00000169594	BNC1	BNC1		C2H2 ZF	1		OMIM:618723	2.1528900146484373	441.0	False	81.35458374023438	1952.0	False	562.1002624511718	421.0	False	3	0	562.1002624511718	convergent_nonsignificant
ENSG00000014824	SLC30A9	SLC30A9		Unknown	1		OMIM:617595	1.8137420654296876	554.0	False	100.24063720703126	467.0	False	561.8346954345703	423.0	False	3	0	561.8346954345703	convergent_nonsignificant
ENSG00000152192	POU4F1	POU4F1	POU domain factors	Homeodomain; POU	1		OMIM:619352	1.77100830078125	585.0	False	98.66795654296877	600.0	False	561.717318725586	426.0	False	3	0	561.717318725586	convergent_nonsignificant
ENSG00000173068	BNC2	BNC2	Factors with multiple dispersed zinc fingers	C2H2 ZF	1		OMIM:618612	1.042938232421875	1356.0	False	90.70271606445311	1345.0	False	561.5547882080078	428.0	False	3	0	561.5547882080078	convergent_nonsignificant
ENSG00000137309	HMGA1	HMGA1		AT hook	1		OMIM:125853	1.3778106689453125	884.0	False	84.51973876953124	1798.0	False	561.536752319336	429.0	False	3	0	561.536752319336	convergent_nonsignificant
ENSG00000196110	ZNF699	ZNF699	More than 3 adjacent zinc fingers	C2H2 ZF	1		OMIM:619488				103.99505004882812	242.0	False	561.1069061279297	435.0	False	2	0	561.1069061279297	convergent_nonsignificant
ENSG00000064195	DLX3	DLX3		Homeodomain	2		OMIM:104510;OMIM:190320	1.013189697265625	1413.0	False	68.88396606445312	2155.0	False	560.9710723876954	437.0	False	3	0	560.9710723876954	convergent_nonsignificant
ENSG00000109101	FOXN1	FOXN1		Forkhead	3		OMIM:242700;OMIM:601705;OMIM:618806	3.158444213867188	254.0	False	98.65574951171877	602.0	False	560.6599578857422	441.0	False	3	0	560.6599578857422	convergent_nonsignificant
ENSG00000111087	GLI1	GLI1		C2H2 ZF	2		OMIM:174400;OMIM:618123	2.17178955078125	435.0	False	92.63622436523436	1134.0	False	560.6208801269531	442.0	False	3	0	560.6208801269531	convergent_nonsignificant
ENSG00000125347	IRF1	IRF1	Interferon-regulatory factors	IRF	3		OMIM:211980;OMIM:613659;OMIM:620668	1.28895263671875	990.0	False	89.32698974609374	1466.0	False	560.3544128417968	446.0	False	3	0	560.3544128417968	convergent_nonsignificant
ENSG00000119950	MXI1	MXI1	bHLH-ZIP	bHLH	1		OMIM:176807	1.6055023193359377	693.0	False	92.16138305664064	1182.0	False	560.1551788330078	452.0	False	3	0	560.1551788330078	convergent_nonsignificant
ENSG00000185960	SHOX	SHOX	Paired-related HD factors	Homeodomain	3		OMIM:127300;OMIM:249700;OMIM:300582	0.7953704833984375	1799.0	False	83.79116821289062	1845.0	False	559.7955291748046	459.0	False	3	0	559.7955291748046	convergent_nonsignificant
ENSG00000257923	CUX1	CUX1	HD-CUT	CUT; Homeodomain	1		OMIM:618330	3.1643463134765626	252.0	False	107.89966430664064	114.0	False	559.3265167236328	464.0	False	3	0	559.3265167236328	convergent_nonsignificant
ENSG00000103326	CAPN15	CAPN15		Unknown	1		OMIM:619318	0.8468414306640625	1709.0	False	84.8120361328125	1779.0	False	559.2484710693359	466.0	False	3	0	559.2484710693359	convergent_nonsignificant
ENSG00000061455	PRDM6	PRDM6		C2H2 ZF	1		OMIM:617039	3.127093505859375	259.0	False	101.216943359375	406.0	False	558.7079620361328	473.0	False	3	0	558.7079620361328	convergent_nonsignificant
ENSG00000132024	CC2D1A	CC2D1A		Unknown	1		OMIM:608443	1.15323486328125	1188.0	False	98.51531982421876	616.0	False	558.5324127197266	476.0	False	3	0	558.5324127197266	convergent_nonsignificant
ENSG00000196092	PAX5	PAX5	Paired domain only	Paired box	1		OMIM:615545	1.0521453857421874	1345.0	False	99.39274291992189	534.0	False	558.4799865722656	478.0	False	3	0	558.4799865722656	convergent_nonsignificant
ENSG00000164532	TBX20	TBX20	TBX1-related factors	T-box	1		OMIM:611363	2.8272705078125	284.0	False	79.14705200195313	2030.0	False	558.4628692626953	479.0	False	3	0	558.4628692626953	convergent_nonsignificant
ENSG00000147180	ZNF711	ZNF711		C2H2 ZF	1		OMIM:300803				86.81962280273437	1653.0	False	558.4282684326172	480.0	False	2	0	558.4282684326172	convergent_nonsignificant
ENSG00000143373	ZNF687	ZNF687		C2H2 ZF	1		OMIM:616833				91.60661010742189	1248.0	False	558.2375305175781	483.0	False	2	0	558.2375305175781	convergent_nonsignificant
ENSG00000116016	EPAS1	EPAS1	PAS domain factors	bHLH	1		OMIM:611783	2.209027099609375	425.0	False	89.63982543945312	1443.0	False	558.0322113037109	487.0	False	3	0	558.0322113037109	convergent_nonsignificant
ENSG00000169375	SIN3A	SIN3A		Unknown	1		OMIM:613406	4.20091552734375	188.0	False	109.75591430664062	75.0	False	557.6591918945312	493.0	False	3	0	557.6591918945312	convergent_nonsignificant
ENSG00000124827	GCM2	GCM2	GCM	GCM	2		OMIM:617343;OMIM:618883	0.951739501953125	1523.0	False	95.1692626953125	921.0	False	557.5159515380859	495.0	False	3	0	557.5159515380859	convergent_nonsignificant
ENSG00000111049	MYF5	MYF5	MyoD/ASC-related factors	bHLH	1		OMIM:618155	1.0611114501953125	1330.0	False	102.15760498046876	340.0	False	557.4327667236328	499.0	False	3	0	557.4327667236328	convergent_nonsignificant
ENSG00000166888	STAT6	STAT6		STAT	1		OMIM:620532	1.4604644775390625	809.0	False	95.7744873046875	867.0	False	557.4272186279297	500.0	False	3	0	557.4272186279297	convergent_nonsignificant
ENSG00000106410	NOBOX	NOBOX		Homeodomain	1		OMIM:611548	1.593408203125	705.0	False	78.83195190429687	2037.0	False	557.3037872314453	503.0	False	3	0	557.3037872314453	convergent_nonsignificant
ENSG00000111424	VDR	VDR	Thyroid hormone receptor-related factors (NR1)	Nuclear receptor	1		OMIM:277440	0.8868438720703125	1646.0	False	87.82367553710938	1582.0	False	556.7627716064453	516.0	False	3	0	556.7627716064453	convergent_nonsignificant
ENSG00000126705	AHDC1	AHDC1		AT hook	1		OMIM:615829	1.3902587890625	867.0	False	87.703515625	1590.0	False	556.3637573242188	522.0	False	3	0	556.3637573242188	convergent_nonsignificant
ENSG00000225830	ERCC6	ERCC6			7		OMIM:133540;OMIM:211980;OMIM:214150;OMIM:278800;OMIM:600630;OMIM:613761;OMIM:616946	4.24766845703125	186.0	False	100.95062255859376	423.0	False	555.8847076416016	530.0	False	3	0	555.8847076416016	convergent_nonsignificant
ENSG00000150907	FOXO1	FOXO1		Forkhead	1		OMIM:268220	0.8511688232421875	1702.0	False	84.5395263671875	1796.0	False	555.5312072753907	536.0	False	3	0	555.5312072753907	convergent_nonsignificant
ENSG00000106536	POU6F2	POU6F2	POU domain factors	Homeodomain; POU	1		OMIM:601583	2.7973724365234376	290.0	False	94.39306640625	977.0	False	555.3992279052734	539.0	False	3	0	555.3992279052734	convergent_nonsignificant
ENSG00000180318	ALX1	ALX1		Homeodomain	1		OMIM:613456	1.4421966552734375	826.0	False	81.18472290039062	1960.0	False	555.36650390625	540.0	False	3	0	555.36650390625	convergent_nonsignificant
ENSG00000140262	TCF12	TCF12	E2A	bHLH	2		OMIM:615314;OMIM:619718	1.5966278076171876	699.0	False	106.505908203125	152.0	False	554.6439208984375	548.0	False	3	0	554.6439208984375	convergent_nonsignificant
ENSG00000140009	ESR2	ESR2	Steroid hormone receptors (NR3)	Nuclear receptor	1		OMIM:618187	0.77515869140625	1834.0	False	109.79141845703126	74.0	False	554.4668334960937	550.0	False	3	0	554.4668334960937	convergent_nonsignificant
ENSG00000105722	ERF	ERF	Ets-related	Ets	2		OMIM:600775;OMIM:617180	0.861376953125	1687.0	False	97.16721801757812	741.0	False	554.3904724121094	551.0	False	3	0	554.3904724121094	convergent_nonsignificant
ENSG00000188994	ZNF292	ZNF292		C2H2 ZF	1		OMIM:619188	1.588238525390625	712.0	False	90.5890625	1357.0	False	554.0942108154297	556.0	False	3	0	554.0942108154297	convergent_nonsignificant
ENSG00000111676	ATN1	ATN1			2		OMIM:125370;OMIM:618494	1.59193115234375	708.0	False	79.35645141601563	2025.0	False	553.7362731933594	562.0	False	3	0	553.7362731933594	convergent_nonsignificant
ENSG00000176692	FOXC2	FOXC2	FOX	Forkhead	1		OMIM:153400	1.230938720703125	1072.0	False	96.10146484375	842.0	False	553.6379119873047	564.0	False	3	0	553.6379119873047	convergent_nonsignificant
ENSG00000159140	SON	SON		Unknown	1		OMIM:617140	2.4191802978515624	364.0	False	100.1708251953125	474.0	False	553.5289031982422	567.0	False	3	0	553.5289031982422	convergent_nonsignificant
ENSG00000186487	MYT1L	MYT1L	MYT	C2H2 ZF	1		OMIM:616521	1.775006103515625	582.0	False	90.7281494140625	1342.0	False	553.3788482666016	571.0	False	3	0	553.3788482666016	convergent_nonsignificant
ENSG00000148200	NR6A1	NR6A1	GCNF-related receptors (NR6)	Nuclear receptor	1		OMIM:621277	0.90616455078125	1606.0	False	90.94281005859376	1312.0	False	553.3090881347656	572.0	False	3	0	553.3090881347656	convergent_nonsignificant
ENSG00000128573	FOXP2	FOXP2	FOX	Forkhead	1		OMIM:602081	2.17318115234375	434.0	False	101.74376831054688	366.0	False	553.0799102783203	580.0	False	3	0	553.0799102783203	convergent_nonsignificant
ENSG00000131931	THAP1	THAP1	THAP-related factors	THAP finger	1		OMIM:602629	1.5948577880859376	703.0	False	74.42646484375	2117.0	False	552.9419525146484	584.0	False	3	0	552.9419525146484	convergent_nonsignificant
ENSG00000159216	RUNX1	RUNX1	Runt-related factors	Runt	2		OMIM:601399;OMIM:601626	1.0036773681640625	1432.0	False	101.49507446289064	388.0	False	552.661734008789	585.0	False	3	0	552.661734008789	convergent_nonsignificant
ENSG00000142611	PRDM16	PRDM16		C2H2 ZF	1		OMIM:615373	0.9530242919921876	1521.0	False	100.52537841796877	445.0	False	552.6441650390625	586.0	False	3	0	552.6441650390625	convergent_nonsignificant
ENSG00000165588	OTX2	OTX2	Paired-related HD factors	Homeodomain	2		OMIM:610125;OMIM:613986	0.96689453125	1501.0	False	92.87068481445311	1107.0	False	552.6000244140625	589.0	False	3	0	552.6000244140625	convergent_nonsignificant
ENSG00000184895	SRY	SRY	SOX-related factors	HMG/Sox	2		OMIM:400044;OMIM:400045	1.769403076171875	586.0	False	100.11788940429688	478.0	False	552.2032958984375	595.0	False	3	0	552.2032958984375	convergent_nonsignificant
ENSG00000147140	NONO	NONO		Unknown	1		OMIM:300967	1.2930206298828124	986.0	False	97.28310546875	728.0	False	551.3264801025391	609.0	False	3	0	551.3264801025391	convergent_nonsignificant
ENSG00000176678	FOXL1	FOXL1	FOX	Forkhead	1		OMIM:620576	0.91116943359375	1593.0	False	81.57630004882813	1940.0	False	551.2791534423828	610.0	False	3	0	551.2791534423828	convergent_nonsignificant
ENSG00000278570	NR2E3	NR2E3		Nuclear receptor	2		OMIM:268100;OMIM:611131	0.9727783203125	1485.0	False	87.38255615234375	1612.0	False	550.594125366211	619.0	False	3	0	550.594125366211	convergent_nonsignificant
ENSG00000131910	NR0B2	NR0B2		Unknown	1		OMIM:601665	0.814593505859375	1764.0	False	97.43043212890623	705.0	False	550.5683380126953	620.0	False	3	0	550.5683380126953	convergent_nonsignificant
ENSG00000128604	IRF5	IRF5	Interferon-regulatory factors	IRF	2		OMIM:612245;OMIM:612251	1.2385986328125	1063.0	False	95.20032958984376	915.0	False	550.186978149414	626.0	False	3	0	550.186978149414	convergent_nonsignificant
ENSG00000109320	NFKB1	NFKB1	NF-kappaB-related factors	Rel	1		OMIM:616576	1.351458740234375	919.0	False	95.3688232421875	903.0	False	549.8542633056641	629.0	False	3	0	549.8542633056641	convergent_nonsignificant
ENSG00000198914	POU3F3	POU3F3	POU domain factors	Homeodomain; POU	1		OMIM:618604	0.715533447265625	1894.0	False	97.17906494140624	738.0	False	549.7273254394531	631.0	False	3	0	549.7273254394531	convergent_nonsignificant
ENSG00000101076	HNF4A	HNF4A	RXR-related receptors (NR2)	Nuclear receptor	3		OMIM:125850;OMIM:125853;OMIM:616026	1.3826934814453125	873.0	False	92.2903564453125	1165.0	False	549.5043060302735	637.0	False	3	0	549.5043060302735	convergent_nonsignificant
ENSG00000205899	BHLHA9	BHLHA9		bHLH	2		OMIM:607539;OMIM:609432	1.01055908203125	1418.0	False	89.49468383789062	1453.0	False	549.2243530273438	642.0	False	3	0	549.2243530273438	convergent_nonsignificant
ENSG00000159184	HOXB13	HOXB13	HOX	Homeodomain	1		OMIM:610997	1.1263031005859374	1231.0	False	96.73572387695312	788.0	False	549.1652282714844	643.0	False	3	0	549.1652282714844	convergent_nonsignificant
ENSG00000157933	SKI	SKI		Unknown	1		OMIM:182212	1.000335693359375	1444.0	False	107.72225952148438	120.0	False	549.0294952392578	646.0	False	3	0	549.0294952392578	convergent_nonsignificant
ENSG00000125850	OVOL2	OVOL2	More than 3 adjacent zinc fingers	C2H2 ZF	1		OMIM:122000	2.3549468994140623	380.0	False	89.10679931640625	1480.0	False	548.9443237304688	647.0	False	3	0	548.9443237304688	convergent_nonsignificant
ENSG00000112041	TULP1	TULP1			2		OMIM:600132;OMIM:613843	0.9028045654296876	1619.0	False	107.46869506835938	121.0	False	548.6828063964844	652.0	False	3	0	548.6828063964844	convergent_nonsignificant
ENSG00000134532	SOX5	SOX5		HMG/Sox	1		OMIM:616803	1.215252685546875	1097.0	False	99.28373413085936	548.0	False	548.6618804931641	654.0	False	3	0	548.6618804931641	convergent_nonsignificant
ENSG00000074047	GLI2	GLI2	More than 3 adjacent zinc fingers	C2H2 ZF	2		OMIM:610829;OMIM:615849	1.2847991943359376	996.0	False	102.1781982421875	338.0	False	548.505160522461	657.0	False	3	0	548.505160522461	convergent_nonsignificant
ENSG00000066422	ZBTB11	ZBTB11	More than 3 adjacent zinc fingers	C2H2 ZF	1		OMIM:618383	1.184014892578125	1132.0	False	86.9964111328125	1632.0	False	548.5006164550781	658.0	False	3	0	548.5006164550781	convergent_nonsignificant
ENSG00000189120	SP6	SP6		C2H2 ZF	1		OMIM:620104	1.0248565673828125	1390.0	False	100.6767333984375	434.0	False	547.9950378417968	665.0	False	3	0	547.9950378417968	convergent_nonsignificant
ENSG00000106031	HOXA13	HOXA13	HOX	Homeodomain	2		OMIM:140000;OMIM:176305	0.9970123291015623	1447.0	False	98.16561889648438	640.0	False	547.9289489746094	668.0	False	3	0	547.9289489746094	convergent_nonsignificant
ENSG00000072364	AFF4	AFF4		Unknown	1		OMIM:616368	1.093817138671875	1275.0	False	95.54949340820312	890.0	False	547.7749847412109	671.0	False	3	0	547.7749847412109	convergent_nonsignificant
ENSG00000178573	MAF	MAF	Maf-related	bZIP	2		OMIM:601088;OMIM:610202	1.5097808837890625	764.0	False	109.64422607421876	78.0	False	547.4021392822266	678.0	False	3	0	547.4021392822266	convergent_nonsignificant
ENSG00000009950	MLXIPL	MLXIPL	bHLH-ZIP	bHLH	1		OMIM:194050	3.2896026611328124	233.0	False	85.69459838867188	1724.0	False	547.3591766357422	680.0	False	3	0	547.3591766357422	convergent_nonsignificant
ENSG00000159692	CTBP1	CTBP1		Unknown	2		OMIM:194190;OMIM:617915	1.8917633056640624	521.0	False	91.81991577148438	1221.0	False	546.9225219726562	689.0	False	3	0	546.9225219726562	convergent_nonsignificant
ENSG00000134438	RAX	RAX	Paired-related HD factors	Homeodomain	1		OMIM:611038	1.5898895263671875	711.0	False	99.25565795898436	550.0	False	546.87880859375	691.0	False	3	0	546.87880859375	convergent_nonsignificant
ENSG00000012504	NR1H4	NR1H4	Thyroid hormone receptor-related factors (NR1)	Nuclear receptor	1		OMIM:617049	1.4628265380859375	805.0	False	97.15533447265624	745.0	False	546.8011810302735	692.0	False	3	0	546.8011810302735	convergent_nonsignificant
ENSG00000136936	XPA	XPA		Unknown	1		OMIM:278700	1.5000579833984375	771.0	False	80.24970092773438	1989.0	False	546.7978912353516	693.0	False	3	0	546.7978912353516	convergent_nonsignificant
ENSG00000167394	ZNF668	ZNF668		C2H2 ZF	1		OMIM:620194				78.81237182617187	2038.0	False	546.2239715576172	706.0	False	2	0	546.2239715576172	convergent_nonsignificant
ENSG00000104884	ERCC2	ERCC2			3		OMIM:278730;OMIM:601675;OMIM:610756	4.441281127929687	176.0	False	105.59954223632812	181.0	False	546.0308471679688	712.0	False	3	0	546.0308471679688	convergent_nonsignificant
ENSG00000084093	REST	REST	Factors with multiple dispersed zinc fingers	C2H2 ZF	3		OMIM:612431;OMIM:616806;OMIM:617626	1.372149658203125	892.0	False	96.65850830078124	794.0	False	545.9445434570313	714.0	False	3	0	545.9445434570313	convergent_nonsignificant
ENSG00000124920	MYRF	MYRF		Ndt80/PhoG	3		OMIM:600165;OMIM:618113;OMIM:618280	1.3440460205078124	927.0	False	96.3454345703125	818.0	False	545.8401611328125	715.0	False	3	0	545.8401611328125	convergent_nonsignificant
ENSG00000134138	MEIS2	MEIS2	TALE-type homeo domain factors	Homeodomain	1		OMIM:600987	1.3554168701171876	917.0	False	102.36971435546874	331.0	False	545.4521484375	725.0	False	3	0	545.4521484375	convergent_nonsignificant
ENSG00000166402	TUB	TUB		Unknown	1		OMIM:616188	1.439544677734375	830.0	False	83.10466918945312	1879.0	False	545.4127746582031	726.0	False	3	0	545.4127746582031	convergent_nonsignificant
ENSG00000128610	FEZF1	FEZF1		C2H2 ZF	2		OMIM:146110;OMIM:616030	0.91397705078125	1589.0	False	90.61962280273436	1352.0	False	545.2643676757813	728.0	False	3	0	545.2643676757813	convergent_nonsignificant
ENSG00000125952	MAX	MAX	bHLH-ZIP	bHLH	2		OMIM:171300;OMIM:620712	1.56138916015625	719.0	False	85.10777587890625	1757.0	False	545.2208465576172	732.0	False	3	0	545.2208465576172	convergent_nonsignificant
ENSG00000112238	PRDM13	PRDM13	Factors with multiple dispersed zinc fingers	C2H2 ZF	2		OMIM:619761;OMIM:619909	2.3346527099609373	385.0	False	73.94144897460937	2123.0	False	544.9166046142578	740.0	False	3	0	544.9166046142578	convergent_nonsignificant
ENSG00000106546	AHR	AHR		bHLH	2		OMIM:618345;OMIM:620958	0.8948394775390625	1636.0	False	87.63600463867188	1596.0	False	544.4517578125	749.0	False	3	0	544.4517578125	convergent_nonsignificant
ENSG00000151090	THRB	THRB	Thyroid hormone receptor-related factors (NR1)	Nuclear receptor	3		OMIM:145650;OMIM:188570;OMIM:274300	1.7337982177734377	612.0	False	93.61370239257812	1045.0	False	544.3520599365235	750.0	False	3	0	544.3520599365235	convergent_nonsignificant
ENSG00000120094	HOXB1	HOXB1	HOX	Homeodomain	1		OMIM:614744	1.443109130859375	824.0	False	94.769580078125	948.0	False	543.9962799072266	756.0	False	3	0	543.9962799072266	convergent_nonsignificant
ENSG00000029993	HMGB3	HMGB3		HMG/Sox	1		OMIM:300915	1.95826416015625	500.0	False	96.95484008789064	765.0	False	543.7525115966797	760.0	False	3	0	543.7525115966797	convergent_nonsignificant
ENSG00000130726	TRIM28	TRIM28		Unknown	1		OMIM:621332	0.9247589111328124	1569.0	False	97.41549072265624	708.0	False	543.5491912841796	762.0	False	3	0	543.5491912841796	convergent_nonsignificant
ENSG00000126778	SIX1	SIX1	HD-SINE	Homeodomain	3		OMIM:113650;OMIM:605192;OMIM:608389	0.6968902587890625	1910.0	False	70.50126342773437	2151.0	False	543.4773986816406	765.0	False	3	0	543.4773986816406	convergent_nonsignificant
ENSG00000196712	NF1	NF1			5		OMIM:162200;OMIM:162210;OMIM:193520;OMIM:601321;OMIM:607785	2.7410980224609376	299.0	False	91.80945434570312	1225.0	False	543.1291046142578	769.0	False	3	0	543.1291046142578	convergent_nonsignificant
ENSG00000177045	SIX5	SIX5		Homeodomain	1		OMIM:610896	1.01646728515625	1405.0	False	92.66616821289062	1130.0	False	542.8379272460937	780.0	False	3	0	542.8379272460937	convergent_nonsignificant
ENSG00000099381	SETD1A	SETD1A			2		OMIM:618832;OMIM:619056	2.157598876953125	439.0	False	80.956640625	1966.0	False	542.7476013183593	783.0	False	3	0	542.7476013183593	convergent_nonsignificant
ENSG00000175387	SMAD2	SMAD2	SMAD factors	SMAD	2		OMIM:619656;OMIM:619657	1.1611053466796877	1178.0	False	83.21433715820312	1874.0	False	542.6152435302735	789.0	False	3	0	542.6152435302735	convergent_nonsignificant
ENSG00000100146	SOX10	SOX10	SOX-related factors	HMG/Sox	4		OMIM:146110;OMIM:609136;OMIM:611584;OMIM:613266	3.3029022216796875	231.0	False	104.08764038085936	239.0	False	542.3893798828125	793.0	False	3	0	542.3893798828125	convergent_nonsignificant
ENSG00000187098	MITF	MITF	bHLH-ZIP	bHLH	4		OMIM:103500;OMIM:193510;OMIM:614456;OMIM:617306	0.9313385009765623	1560.0	False	92.13285522460936	1190.0	False	542.2022399902344	796.0	False	3	0	542.2022399902344	convergent_nonsignificant
ENSG00000116132	PRRX1	PRRX1	Paired-related HD factors	Homeodomain	1		OMIM:202650	1.5195831298828124	751.0	False	92.49193725585936	1147.0	False	541.3233093261719	814.0	False	3	0	541.3233093261719	convergent_nonsignificant
ENSG00000140836	ZFHX3	ZFHX3		C2H2 ZF; Homeodomain	4		OMIM:176807;OMIM:600223;OMIM:613055;OMIM:621500	2.04149169921875	475.0	False	97.1190673828125	752.0	False	541.0900115966797	823.0	False	3	0	541.0900115966797	convergent_nonsignificant
ENSG00000066336	SPI1	SPI1	Ets-related	Ets	1		OMIM:619707	0.9871673583984376	1463.0	False	84.45641479492187	1801.0	False	540.9010528564453	827.0	False	3	0	540.9010528564453	convergent_nonsignificant
ENSG00000078900	TP73	TP73	p53-related factors	p53	1		OMIM:619466	0.776092529296875	1832.0	False	100.17122802734374	473.0	False	540.8353881835938	831.0	False	3	0	540.8353881835938	convergent_nonsignificant
ENSG00000174197	MGA	MGA	TBX6-related factors	T-box	1		OMIM:621065	2.6305389404296875	323.0	False	103.42897338867188	277.0	False	540.7975341796875	832.0	False	3	0	540.7975341796875	convergent_nonsignificant
ENSG00000122877	EGR2	EGR2	Three-zinc finger Kruppel-related	C2H2 ZF	3		OMIM:145900;OMIM:605253;OMIM:607678	2.461785888671875	355.0	False	102.66317749023438	314.0	False	540.7579864501953	833.0	False	3	0	540.7579864501953	convergent_nonsignificant
ENSG00000153234	NR4A2	NR4A2	NGFI-B-related receptors (NR4)	Nuclear receptor	2		OMIM:168600;OMIM:619911	1.379510498046875	880.0	False	93.31181640625	1075.0	False	540.6941589355469	835.0	False	3	0	540.6941589355469	convergent_nonsignificant
ENSG00000185002	RFX6	RFX6		RFX	1		OMIM:615710	0.9481170654296877	1527.0	False	88.81407470703125	1508.0	False	540.5362365722656	837.0	False	3	0	540.5362365722656	convergent_nonsignificant
ENSG00000130182	ZSCAN10	ZSCAN10		C2H2 ZF	1		OMIM:620910				84.35127563476563	1808.0	False	539.6031127929688	853.0	False	2	0	539.6031127929688	convergent_nonsignificant
ENSG00000204103	MAFB	MAFB		bZIP	2		OMIM:166300;OMIM:617041	1.173779296875	1148.0	False	97.91273193359376	662.0	False	539.5761779785156	855.0	False	3	0	539.5761779785156	convergent_nonsignificant
ENSG00000083307	GRHL2	GRHL2	Grainyhead-related factors	Grainyhead	3		OMIM:608641;OMIM:616029;OMIM:618031	2.6308837890625	322.0	False	99.69042358398436	511.0	False	539.5753143310546	856.0	False	3	0	539.5753143310546	convergent_nonsignificant
ENSG00000215612	HMX1	HMX1		Homeodomain	1		OMIM:612109	1.450091552734375	815.0	False	95.1543701171875	923.0	False	539.528564453125	857.0	False	3	0	539.528564453125	convergent_nonsignificant
ENSG00000198824	CHAMP1	CHAMP1		C2H2 ZF	1		OMIM:616579	1.4982574462890623	772.0	False	87.62066040039062	1598.0	False	539.0097778320312	864.0	False	3	0	539.0097778320312	convergent_nonsignificant
ENSG00000030419	IKZF2	IKZF2	Factors with multiple dispersed zinc fingers	C2H2 ZF	2		OMIM:621233;OMIM:621234	1.3693878173828125	896.0	False	103.94602661132812	245.0	False	538.819937133789	866.0	False	3	0	538.819937133789	convergent_nonsignificant
ENSG00000173039	RELA	RELA	NF-kappaB-related factors	Rel	1		OMIM:618287	0.86346435546875	1683.0	False	101.63490600585938	375.0	False	538.4639312744141	875.0	False	3	0	538.4639312744141	convergent_nonsignificant
ENSG00000163635	ATXN7	ATXN7		Unknown	1		OMIM:164500	4.417630004882812	179.0	False	102.99849243164064	296.0	False	537.6371124267578	888.0	False	3	0	537.6371124267578	convergent_nonsignificant
ENSG00000126351	THRA	THRA	Thyroid hormone receptor-related factors (NR1)	Nuclear receptor	1		OMIM:614450	0.9706268310546876	1491.0	False	93.09652099609374	1093.0	False	537.4571411132813	891.0	False	3	0	537.4571411132813	convergent_nonsignificant
ENSG00000102974	CTCF	CTCF	More than 3 adjacent zinc fingers	C2H2 ZF	1		OMIM:615502	1.447509765625	820.0	False	99.39310913085936	533.0	False	537.1362548828125	902.0	False	3	0	537.1362548828125	convergent_nonsignificant
ENSG00000171316	CHD7	CHD7		Unknown	3		OMIM:146110;OMIM:214800;OMIM:612370	1.031207275390625	1378.0	False	100.23806762695312	468.0	False	536.9737518310546	904.0	False	3	0	536.9737518310546	convergent_nonsignificant
ENSG00000073861	TBX21	TBX21	TBrain-related factors	T-box	2		OMIM:208550;OMIM:619630	0.9514129638671877	1525.0	False	91.04576416015624	1303.0	False	536.9420989990234	905.0	False	3	0	536.9420989990234	convergent_nonsignificant
ENSG00000196767	POU3F4	POU3F4	POU domain factors	Homeodomain; POU	1		OMIM:304400	0.86317138671875	1685.0	False	81.94216918945312	1925.0	False	536.9233947753906	906.0	False	3	0	536.9233947753906	convergent_nonsignificant
ENSG00000179950	PUF60	PUF60			1		OMIM:615583	3.565509033203125	215.0	False	103.20181274414062	287.0	False	536.8478576660157	909.0	False	3	0	536.8478576660157	convergent_nonsignificant
ENSG00000116539	ASH1L	ASH1L		AT hook	1		OMIM:617796	0.928106689453125	1563.0	False	95.54432373046876	892.0	False	536.4145111083984	915.0	False	3	0	536.4145111083984	convergent_nonsignificant
ENSG00000125398	SOX9	SOX9	SOX-related factors	HMG/Sox	3		OMIM:114290;OMIM:278850;OMIM:616425	0.9665557861328123	1503.0	False	84.68356323242188	1782.0	False	536.1683288574219	920.0	False	3	0	536.1683288574219	convergent_nonsignificant
ENSG00000106290	TAF6	TAF6		Unknown	1		OMIM:617126	0.8869842529296875	1645.0	False	90.75573120117188	1340.0	False	536.1373321533204	922.0	False	3	0	536.1373321533204	convergent_nonsignificant
ENSG00000005889	ZFX	ZFX		C2H2 ZF	1		OMIM:301118	2.0094879150390623	485.0	False	80.862353515625	1969.0	False	535.7110748291016	929.0	False	3	0	535.7110748291016	convergent_nonsignificant
ENSG00000136574	GATA4	GATA4	C4-GATA-related	GATA	5		OMIM:187500;OMIM:607941;OMIM:614429;OMIM:614430;OMIM:615542	3.284576416015625	235.0	False	84.28588256835937	1815.0	False	535.0065704345703	945.0	False	3	0	535.0065704345703	convergent_nonsignificant
ENSG00000110395	CBL	CBL		Unknown	2		OMIM:607785;OMIM:613563	1.2104827880859377	1104.0	False	93.9399169921875	1012.0	False	534.9595153808593	947.0	False	3	0	534.9595153808593	convergent_nonsignificant
ENSG00000141510	TP53	TP53	p53-related factors	p53	12		OMIM:114480;OMIM:114500;OMIM:114550;OMIM:137800;OMIM:151623;OMIM:202300;OMIM:259500;OMIM:260350;OMIM:260500;OMIM:607107	1.399822998046875	860.0	False	94.12880859375	1000.0	False	534.771484375	950.0	False	3	0	534.771484375	convergent_nonsignificant
ENSG00000130700	GATA5	GATA5	C4-GATA-related	GATA	1		OMIM:617912	1.764862060546875	590.0	False	88.51956787109376	1528.0	False	534.5652954101563	955.0	False	3	0	534.5652954101563	convergent_nonsignificant
ENSG00000136944	LMX1B	LMX1B	HD-LIM	Homeodomain	2		OMIM:161200;OMIM:256020	2.2258880615234373	420.0	False	90.20606689453123	1392.0	False	534.5641174316406	956.0	False	3	0	534.5641174316406	convergent_nonsignificant
ENSG00000102935	ZNF423	ZNF423	Factors with multiple dispersed zinc fingers	C2H2 ZF	1		OMIM:614844	1.0139068603515624	1410.0	False	100.04226684570312	484.0	False	534.5484985351562	957.0	False	3	0	534.5484985351562	convergent_nonsignificant
ENSG00000136352	NKX2-1	NKX2-1		Homeodomain	3		OMIM:118700;OMIM:188550;OMIM:610978	1.90355224609375	516.0	False	97.14807739257812	746.0	False	534.4014099121093	959.0	False	3	0	534.4014099121093	convergent_nonsignificant
ENSG00000104856	RELB	RELB	NF-kappaB-related factors	Rel	1		OMIM:617585	1.26729736328125	1017.0	False	105.83464965820312	174.0	False	533.6013824462891	971.0	False	3	0	533.6013824462891	convergent_nonsignificant
ENSG00000152784	PRDM8	PRDM8		C2H2 ZF	1		OMIM:616640	3.1486236572265627	255.0	False	97.97857666015624	650.0	False	533.428759765625	977.0	False	3	0	533.428759765625	convergent_nonsignificant
ENSG00000187079	TEAD1	TEAD1	TEF-1-related factors	TEA	1		OMIM:108985	0.8223175048828125	1747.0	False	93.09771728515624	1092.0	False	532.9970977783203	986.0	False	3	0	532.9970977783203	convergent_nonsignificant
ENSG00000165684	SNAPC4	SNAPC4		Myb/SANT	1		OMIM:620515	0.8455902099609375	1712.0	False	101.49971923828124	387.0	False	532.7131561279297	992.0	False	3	0	532.7131561279297	convergent_nonsignificant
ENSG00000137693	YAP1	YAP1			1		OMIM:120433	3.78475341796875	203.0	False	105.84678344726562	173.0	False	532.2861083984375	997.0	False	3	0	532.2861083984375	convergent_nonsignificant
ENSG00000170374	SP7	SP7		C2H2 ZF	1		OMIM:613849	0.807598876953125	1780.0	False	84.773388671875	1781.0	False	531.993310546875	1002.0	False	3	0	531.993310546875	convergent_nonsignificant
ENSG00000173757	STAT5B	STAT5B		STAT	2		OMIM:245590;OMIM:618985	1.1226715087890624	1238.0	False	94.59366455078126	961.0	False	531.9443115234375	1004.0	False	3	0	531.9443115234375	convergent_nonsignificant
ENSG00000182568	SATB1	SATB1	HD-CUT	CUT; Homeodomain	2		OMIM:619228;OMIM:619229	1.322247314453125	950.0	False	97.6955810546875	680.0	False	531.667691040039	1008.0	False	3	0	531.667691040039	convergent_nonsignificant
ENSG00000131759	RARA	RARA	Thyroid hormone receptor-related factors (NR1)	Nuclear receptor	1		OMIM:612376	4.1253509521484375	192.0	False	98.6427490234375	604.0	False	531.6114898681641	1011.0	False	3	0	531.6114898681641	convergent_nonsignificant
ENSG00000163170	BOLA3	BOLA3		Unknown	1		OMIM:614299	2.9445465087890623	275.0	False	93.23027954101562	1079.0	False	531.3728729248047	1016.0	False	3	0	531.3728729248047	convergent_nonsignificant
ENSG00000135341	MAP3K7	MAP3K7		Unknown	2		OMIM:157800;OMIM:617137	1.060272216796875	1334.0	False	107.897802734375	115.0	False	530.6190185546875	1027.0	False	3	0	530.6190185546875	convergent_nonsignificant
ENSG00000133111	RFXAP	RFXAP		Unknown	1		OMIM:620817	0.7674835205078125	1841.0	False	98.54701538085938	612.0	False	530.5088439941406	1029.0	False	3	0	530.5088439941406	convergent_nonsignificant
ENSG00000184058	TBX1	TBX1	TBX1-related factors	T-box	4		OMIM:187500;OMIM:188400;OMIM:192430;OMIM:217095	0.7217498779296875	1888.0	False	94.20737915039062	990.0	False	530.2089202880859	1036.0	False	3	0	530.2089202880859	convergent_nonsignificant
ENSG00000072121	ZFYVE26	ZFYVE26		FYVE-type ZF	1		OMIM:270700	0.79261474609375	1804.0	False	94.66415405273438	956.0	False	530.0377410888672	1038.0	False	3	0	530.0377410888672	convergent_nonsignificant
ENSG00000135903	PAX3	PAX3	Paired plus homeo domain	Homeodomain; Paired box	4		OMIM:122880;OMIM:148820;OMIM:193500;OMIM:268220	0.818743896484375	1758.0	False	80.32643432617188	1987.0	False	529.9942474365234	1040.0	False	3	0	529.9942474365234	convergent_nonsignificant
ENSG00000121075	TBX4	TBX4	TBX2-related factors	T-box	2		OMIM:147891;OMIM:601360	3.681204223632813	211.0	False	98.62380981445312	605.0	False	529.0165435791016	1053.0	False	3	0	529.0165435791016	convergent_nonsignificant
ENSG00000109132	PHOX2B	PHOX2B	Paired-related HD factors	Homeodomain	2		OMIM:209880;OMIM:613013	0.817047119140625	1760.0	False	92.29209594726562	1164.0	False	528.8687133789062	1054.0	False	3	0	528.8687133789062	convergent_nonsignificant
ENSG00000163795	ZNF513	ZNF513		C2H2 ZF	1		OMIM:613617	1.774713134765625	583.0	False	107.99170532226564	111.0	False	528.8058227539062	1055.0	False	3	0	528.8058227539062	convergent_nonsignificant
ENSG00000185551	NR2F2	NR2F2	RXR-related receptors (NR2)	Nuclear receptor	2		OMIM:615779;OMIM:618901	0.7321136474609375	1879.0	False	102.06194458007812	345.0	False	528.3515533447265	1066.0	False	3	0	528.3515533447265	convergent_nonsignificant
ENSG00000112837	TBX18	TBX18	TBX1-related factors	T-box	1		OMIM:143400	2.290133666992188	401.0	False	107.77203369140624	117.0	False	528.2207427978516	1067.0	False	3	0	528.2207427978516	convergent_nonsignificant
ENSG00000148737	TCF7L2	TCF7L2	TCF-7-related factors	HMG/Sox	1		OMIM:125853	1.045050048828125	1353.0	False	94.44774169921877	972.0	False	528.0236145019531	1071.0	False	3	0	528.0236145019531	convergent_nonsignificant
ENSG00000171735	CAMTA1	CAMTA1		CG-1	1		OMIM:614756	1.7911346435546875	572.0	False	76.63096313476562	2088.0	False	527.5363220214844	1075.0	False	3	0	527.5363220214844	convergent_nonsignificant
ENSG00000089094	KDM2B	KDM2B		CxxC	1		OMIM:621474	1.17650146484375	1144.0	False	87.99493408203125	1563.0	False	527.3807189941406	1079.0	False	3	0	527.3807189941406	convergent_nonsignificant
ENSG00000072310	SREBF1	SREBF1	bHLH-ZIP	bHLH	2		OMIM:158310;OMIM:619016	0.97098388671875	1488.0	False	101.15970458984376	409.0	False	527.3719970703125	1080.0	False	3	0	527.3719970703125	convergent_nonsignificant
ENSG00000175325	PROP1	PROP1	Paired-related HD factors	Homeodomain	1		OMIM:262600	1.592413330078125	707.0	False	86.38945922851562	1681.0	False	527.3116394042969	1083.0	False	3	0	527.3116394042969	convergent_nonsignificant
ENSG00000169714	CNBP	CNBP		Unknown	1		OMIM:602668	1.267059326171875	1018.0	False	98.7415771484375	591.0	False	526.6651947021485	1096.0	False	3	0	526.6651947021485	convergent_nonsignificant
ENSG00000122145	TBX22	TBX22		T-box	2		OMIM:302905;OMIM:303400	1.6139678955078125	689.0	False	104.8631591796875	203.0	False	526.66494140625	1098.0	False	3	0	526.66494140625	convergent_nonsignificant
ENSG00000123095	BHLHE41	BHLHE41	Hairy-related factors	bHLH	1		OMIM:612975	1.32498779296875	949.0	False	90.07347412109377	1409.0	False	526.5965454101563	1100.0	False	3	0	526.5965454101563	convergent_nonsignificant
ENSG00000081189	MEF2C	MEF2C	Regulators of differentiation	MADS box	1		OMIM:613443	2.635589599609375	320.0	False	104.32674560546874	228.0	False	526.3230865478515	1108.0	False	3	0	526.3230865478515	convergent_nonsignificant
ENSG00000091831	ESR1	ESR1	Steroid hormone receptors (NR3)	Nuclear receptor	4		OMIM:114480;OMIM:157300;OMIM:608446;OMIM:615363	1.18076171875	1136.0	False	97.89869384765623	663.0	False	526.1149139404297	1113.0	False	3	0	526.1149139404297	convergent_nonsignificant
ENSG00000171634	BPTF	BPTF		Unknown	2		OMIM:148000;OMIM:617755	1.1927978515625	1118.0	False	83.74328002929687	1850.0	False	525.6022094726562	1121.0	False	3	0	525.6022094726562	convergent_nonsignificant
ENSG00000085276	MECOM	MECOM		C2H2 ZF	1		OMIM:616738	1.23558349609375	1065.0	False	85.01307373046875	1763.0	False	525.3664581298829	1130.0	False	3	0	525.3664581298829	convergent_nonsignificant
ENSG00000143614	GATAD2B	GATAD2B		GATA	1		OMIM:615074	0.9947052001953124	1454.0	False	72.88372802734375	2134.0	False	525.0200592041016	1135.0	False	3	0	525.0200592041016	convergent_nonsignificant
ENSG00000113580	NR3C1	NR3C1	Steroid hormone receptors (NR3)	Nuclear receptor	1		OMIM:615962	1.6501983642578124	659.0	False	98.2775634765625	635.0	False	525.0157867431641	1136.0	False	3	0	525.0157867431641	convergent_nonsignificant
ENSG00000114861	FOXP1	FOXP1	FOX	Forkhead	1		OMIM:613670	1.4451812744140624	822.0	False	99.46098022460936	528.0	False	524.9412200927734	1138.0	False	3	0	524.9412200927734	convergent_nonsignificant
ENSG00000130675	MNX1	MNX1	HOX	Homeodomain	1		OMIM:176450	0.816571044921875	1763.0	False	88.2488037109375	1548.0	False	524.3747772216797	1150.0	False	3	0	524.3747772216797	convergent_nonsignificant
ENSG00000125826	RBCK1	RBCK1		Unknown	1		OMIM:615895	1.4619476318359377	807.0	False	91.31146850585938	1275.0	False	523.2762847900391	1169.0	False	3	0	523.2762847900391	convergent_nonsignificant
ENSG00000100811	YY1	YY1	More than 3 adjacent zinc fingers	C2H2 ZF	1		OMIM:617557	2.109127807617188	452.0	False	99.60602416992188	519.0	False	523.1620361328125	1171.0	False	3	0	523.1620361328125	convergent_nonsignificant
ENSG00000157613	CREB3L1	CREB3L1	CREB-related factors	bZIP	1		OMIM:616229	0.99478759765625	1453.0	False	94.755419921875	950.0	False	522.9564178466796	1174.0	False	3	0	522.9564178466796	convergent_nonsignificant
ENSG00000175213	ZNF408	ZNF408		C2H2 ZF	2		OMIM:616468;OMIM:616469	1.853643798828125	537.0	False	103.83277587890623	252.0	False	522.4330017089844	1181.0	False	3	0	522.4330017089844	convergent_nonsignificant
ENSG00000008196	TFAP2B	TFAP2B	AP-2	AP-2	2		OMIM:169100;OMIM:617035	0.94075927734375	1544.0	False	75.5015380859375	2102.0	False	522.2830200195312	1186.0	False	3	0	522.2830200195312	convergent_nonsignificant
ENSG00000169946	ZFPM2	ZFPM2		C2H2 ZF	3		OMIM:187500;OMIM:610187;OMIM:616067	1.9840576171875	493.0	False	105.64197387695312	179.0	False	521.9330230712891	1193.0	False	3	0	521.9330230712891	convergent_nonsignificant
ENSG00000107187	LHX3	LHX3		Homeodomain	1		OMIM:221750	2.3715118408203124	374.0	False	94.60811767578124	959.0	False	521.6579833984375	1196.0	False	3	0	521.6579833984375	convergent_nonsignificant
ENSG00000162992	NEUROD1	NEUROD1	Tal-related	bHLH	2		OMIM:125853;OMIM:606394	0.9053009033203124	1609.0	False	88.959521484375	1492.0	False	521.0836517333985	1208.0	False	3	0	521.0836517333985	convergent_nonsignificant
ENSG00000185129	PURA	PURA		Unknown	1		OMIM:616158	1.310174560546875	966.0	False	101.15421752929689	410.0	False	521.0738372802734	1209.0	False	3	0	521.0738372802734	convergent_nonsignificant
ENSG00000010818	HIVEP2	HIVEP2		C2H2 ZF	1		OMIM:616977	1.005804443359375	1428.0	False	78.54217529296875	2047.0	False	520.9133758544922	1211.0	False	3	0	520.9133758544922	convergent_nonsignificant
ENSG00000111249	CUX2	CUX2	HD-CUT	CUT; Homeodomain	1		OMIM:618141	1.6350433349609377	672.0	False	95.95858764648438	855.0	False	520.6471893310547	1218.0	False	3	0	520.6471893310547	convergent_nonsignificant
ENSG00000179627	ZBTB42	ZBTB42		C2H2 ZF	1		OMIM:616248	1.6654541015625	645.0	False	83.910498046875	1839.0	False	520.6275054931641	1219.0	False	3	0	520.6275054931641	convergent_nonsignificant
ENSG00000100906	NFKBIA	NFKBIA		Unknown	1		OMIM:612132	1.1993896484375	1111.0	False	90.86617431640624	1322.0	False	520.4399810791016	1223.0	False	3	0	520.4399810791016	convergent_nonsignificant
ENSG00000102034	ELF4	ELF4	Ets-related	Ets	1		OMIM:301074	2.481597900390625	350.0	False	95.611328125	885.0	False	520.0991424560547	1232.0	False	3	0	520.0991424560547	convergent_nonsignificant
ENSG00000163132	MSX1	MSX1	NK	Homeodomain	3		OMIM:106600;OMIM:189500;OMIM:608874	1.084332275390625	1290.0	False	82.31466064453124	1912.0	False	520.0402770996094	1234.0	False	3	0	520.0402770996094	convergent_nonsignificant
ENSG00000122691	TWIST1	TWIST1	Tal-related	bHLH	4		OMIM:101400;OMIM:123100;OMIM:180750;OMIM:617746	1.0246551513671875	1391.0	False	98.58021850585938	607.0	False	519.6179260253906	1242.0	False	3	0	519.6179260253906	convergent_nonsignificant
ENSG00000160224	AIRE	AIRE		SAND	1		OMIM:240300	2.242529296875	412.0	False	104.63834838867189	217.0	False	519.2716674804688	1249.0	False	3	0	519.2716674804688	convergent_nonsignificant
ENSG00000233608	TWIST2	TWIST2		bHLH	3		OMIM:200110;OMIM:209885;OMIM:227260	1.1821014404296877	1134.0	False	84.63456420898437	1787.0	False	519.2073516845703	1250.0	False	3	0	519.2073516845703	convergent_nonsignificant
ENSG00000168214	RBPJ	RBPJ	CSL-related factors	CSL	1		OMIM:614814	2.1448638916015623	445.0	False	90.78139038085938	1337.0	False	518.7922485351562	1258.0	False	3	0	518.7922485351562	convergent_nonsignificant
ENSG00000067082	KLF6	KLF6	Three-zinc finger Kruppel-related	C2H2 ZF	2		OMIM:176807;OMIM:613659	1.062725830078125	1328.0	False	88.58364868164062	1524.0	False	518.4938842773438	1265.0	False	3	0	518.4938842773438	convergent_nonsignificant
ENSG00000188095	MESP2	MESP2		bHLH	2		OMIM:277300;OMIM:608681	1.2869720458984375	992.0	False	93.69219970703124	1036.0	False	518.4010925292969	1268.0	False	3	0	518.4010925292969	convergent_nonsignificant
ENSG00000130699	TAF4	TAF4		Unknown	1		OMIM:620450	1.27064208984375	1014.0	False	104.09577026367188	238.0	False	518.1098510742188	1276.0	False	3	0	518.1098510742188	convergent_nonsignificant
ENSG00000106462	EZH2	EZH2		Unknown	1		OMIM:277590	1.757568359375	593.0	False	94.87396240234376	943.0	False	517.819613647461	1282.0	False	3	0	517.819613647461	convergent_nonsignificant
ENSG00000185630	PBX1	PBX1	TALE-type homeo domain factors	Homeodomain	1		OMIM:617641	0.94490966796875	1538.0	False	84.21859741210938	1823.0	False	517.7974304199219	1283.0	False	3	0	517.7974304199219	convergent_nonsignificant
ENSG00000121481	RNF2	RNF2		Unknown	1		OMIM:619460	1.185614013671875	1130.0	False	88.26915893554687	1547.0	False	517.3925018310547	1289.0	False	3	0	517.3925018310547	convergent_nonsignificant
ENSG00000164093	PITX2	PITX2	Paired-related HD factors	Homeodomain	3		OMIM:137600;OMIM:180500;OMIM:180550	1.0389190673828126	1370.0	False	95.64188842773436	880.0	False	517.142465209961	1292.0	False	3	0	517.142465209961	convergent_nonsignificant
ENSG00000141448	GATA6	GATA6	C4-GATA-related	GATA	5		OMIM:187500;OMIM:217095;OMIM:600001;OMIM:614474;OMIM:614475	4.468350219726562	175.0	False	93.69545288085938	1035.0	False	517.1361511230468	1293.0	False	3	0	517.1361511230468	convergent_nonsignificant
ENSG00000140386	SCAPER	SCAPER		Unknown	1		OMIM:618195	1.854290771484375	536.0	False	88.71314697265625	1517.0	False	517.02470703125	1295.0	False	3	0	517.02470703125	convergent_nonsignificant
ENSG00000181722	ZBTB20	ZBTB20		C2H2 ZF	1		OMIM:259050	3.0295684814453123	266.0	False	106.62347412109376	148.0	False	516.6521911621094	1303.0	False	3	0	516.6521911621094	convergent_nonsignificant
ENSG00000178951	ZBTB7A	ZBTB7A	More than 3 adjacent zinc fingers	C2H2 ZF	1		OMIM:619769	1.6262359619140625	680.0	False	106.18409423828123	158.0	False	516.5026580810547	1305.0	False	3	0	516.5026580810547	convergent_nonsignificant
ENSG00000128714	HOXD13	HOXD13	HOX	Homeodomain	5		OMIM:113200;OMIM:113300;OMIM:186000;OMIM:186300;OMIM:610713	1.2064422607421874	1105.0	False	89.49013671875	1454.0	False	516.3598449707031	1308.0	False	3	0	516.3598449707031	convergent_nonsignificant
ENSG00000186051	TAL2	TAL2		bHLH	1		OMIM:613065	1.8778564453125	525.0	False	91.12689819335938	1295.0	False	516.3260681152344	1309.0	False	3	0	516.3260681152344	convergent_nonsignificant
ENSG00000149948	HMGA2	HMGA2		AT hook	1		OMIM:618908	0.9036773681640624	1616.0	False	92.96998291015623	1099.0	False	515.3885437011719	1331.0	False	3	0	515.3885437011719	convergent_nonsignificant
ENSG00000138738	PRDM5	PRDM5		C2H2 ZF	1		OMIM:614170	2.4665557861328127	352.0	False	89.77631225585938	1431.0	False	515.3143737792968	1333.0	False	3	0	515.3143737792968	convergent_nonsignificant
ENSG00000166349	RAG1	RAG1		Unknown	4		OMIM:233650;OMIM:601457;OMIM:603554;OMIM:609889	1.8573760986328125	533.0	False	109.07560424804689	87.0	False	515.2988708496093	1335.0	False	3	0	515.2988708496093	convergent_nonsignificant
ENSG00000005339	CREBBP	CREBBP		Unknown	2		OMIM:180849;OMIM:618332	1.6913177490234377	633.0	False	76.05033569335937	2096.0	False	515.1995391845703	1336.0	False	3	0	515.1995391845703	convergent_nonsignificant
ENSG00000151623	NR3C2	NR3C2	Steroid hormone receptors (NR3)	Nuclear receptor	2		OMIM:177735;OMIM:605115	1.315948486328125	959.0	False	83.54983520507812	1858.0	False	514.9882720947265	1340.0	False	3	0	514.9882720947265	convergent_nonsignificant
ENSG00000215474	SKOR2	SKOR2		SAND	1		OMIM:621386	1.0414093017578123	1362.0	False	96.35048217773438	817.0	False	514.8665740966796	1342.0	False	3	0	514.8665740966796	convergent_nonsignificant
ENSG00000167625	ZNF526	ZNF526		C2H2 ZF	1		OMIM:619877	2.4568389892578124	356.0	False	93.663623046875	1040.0	False	513.8696380615235	1356.0	False	3	0	513.8696380615235	convergent_nonsignificant
ENSG00000121068	TBX2	TBX2	TBX2-related factors	T-box	1		OMIM:618223	1.648382568359375	662.0	False	87.32254028320312	1617.0	False	513.6485198974609	1362.0	False	3	0	513.6485198974609	convergent_nonsignificant
ENSG00000124201	ZNFX1	ZNFX1		Unknown	1		OMIM:619644				80.33292236328126	1986.0	False	513.6313018798828	1363.0	False	2	0	513.6313018798828	convergent_nonsignificant
ENSG00000185507	IRF7	IRF7	Interferon-regulatory factors	IRF	1		OMIM:616345	1.060693359375	1333.0	False	101.94406127929688	354.0	False	513.0701110839843	1378.0	False	3	0	513.0701110839843	convergent_nonsignificant
ENSG00000128710	HOXD10	HOXD10	HOX	Homeodomain	1		OMIM:192950	1.8730682373046876	527.0	False	97.19650268554688	733.0	False	512.9609558105469	1382.0	False	3	0	512.9609558105469	convergent_nonsignificant
ENSG00000120948	TARDBP	TARDBP		Unknown	1		OMIM:612069	1.8496917724609372	540.0	False	86.32728881835938	1686.0	False	512.9235900878906	1383.0	False	3	0	512.9235900878906	convergent_nonsignificant
ENSG00000139515	PDX1	PDX1	HOX	Homeodomain	3		OMIM:125853;OMIM:260370;OMIM:606392	2.4472747802734376	359.0	False	76.91993408203125	2082.0	False	512.5605072021484	1391.0	False	3	0	512.5605072021484	convergent_nonsignificant
ENSG00000179981	TSHZ1	TSHZ1		C2H2 ZF	1		OMIM:607842	1.1990478515625	1113.0	False	76.67743530273438	2087.0	False	512.3869018554688	1392.0	False	3	0	512.3869018554688	convergent_nonsignificant
ENSG00000157554	ERG	ERG	Ets-related	Ets	1		OMIM:620602	1.4324493408203125	835.0	False	100.65402221679688	437.0	False	512.3056549072265	1394.0	False	3	0	512.3056549072265	convergent_nonsignificant
ENSG00000138136	LBX1	LBX1	NK	Homeodomain	1		OMIM:619483	2.1754791259765627	432.0	False	84.94450073242187	1767.0	False	511.9518218994141	1398.0	False	3	0	511.9518218994141	convergent_nonsignificant
ENSG00000177426	TGIF1	TGIF1	TALE-type homeo domain factors	Homeodomain	1		OMIM:142946	3.36773681640625	225.0	False	85.39666137695312	1740.0	False	511.114697265625	1411.0	False	3	0	511.114697265625	convergent_nonsignificant
ENSG00000144218	AFF3	AFF3		Unknown	1		OMIM:619297	1.4415313720703125	827.0	False	95.60302734375	888.0	False	510.9491821289063	1412.0	False	3	0	510.9491821289063	convergent_nonsignificant
ENSG00000213928	IRF9	IRF9	Interferon-regulatory factors	IRF	1		OMIM:618648	1.5139801025390625	760.0	False	90.24680786132812	1390.0	False	510.90668334960935	1413.0	False	3	0	510.90668334960935	convergent_nonsignificant
ENSG00000109705	NKX3-2	NKX3-2	NK	Homeodomain	1		OMIM:613330	0.9656768798828124	1505.0	False	90.82288208007812	1328.0	False	510.5440093994141	1423.0	False	3	0	510.5440093994141	convergent_nonsignificant
ENSG00000117139	KDM5B	KDM5B		ARID/BRIGHT	1		OMIM:618109	1.0702056884765625	1319.0	False	88.2823974609375	1546.0	False	510.08594970703126	1433.0	False	3	0	510.08594970703126	convergent_nonsignificant
ENSG00000225614	ZNF469	ZNF469		C2H2 ZF	1		OMIM:229200	1.514788818359375	759.0	False	95.1961669921875	916.0	False	509.997982788086	1435.0	False	3	0	509.997982788086	convergent_nonsignificant
ENSG00000197579	TOPORS	TOPORS		Unknown	1		OMIM:609923	1.0135223388671877	1412.0	False	89.68389282226562	1439.0	False	509.93439025878905	1436.0	False	3	0	509.93439025878905	convergent_nonsignificant
ENSG00000126464	PRR12	PRR12		AT hook	1		OMIM:619539	0.887249755859375	1644.0	False	80.77853393554688	1971.0	False	509.5447570800781	1443.0	False	3	0	509.5447570800781	convergent_nonsignificant
ENSG00000143178	TBX19	TBX19	Brachyury-related factors	T-box	1		OMIM:201400	0.80484619140625	1783.0	False	97.11094360351562	753.0	False	509.1260070800781	1452.0	False	3	0	509.1260070800781	convergent_nonsignificant
ENSG00000245848	CEBPA	CEBPA	CEBP-related	bZIP	1		OMIM:601626	1.526708984375	741.0	False	92.64929809570312	1133.0	False	509.0944030761719	1453.0	False	3	0	509.0944030761719	convergent_nonsignificant
ENSG00000168267	PTF1A	PTF1A		bHLH	2		OMIM:609069;OMIM:615935	1.7178192138671875	623.0	False	78.48394775390625	2049.0	False	508.777197265625	1463.0	False	3	0	508.777197265625	convergent_nonsignificant
ENSG00000172379	ARNT2	ARNT2	PAS domain factors	bHLH	1		OMIM:615926	1.6311798095703125	677.0	False	95.61160888671876	884.0	False	508.7704223632812	1464.0	False	3	0	508.7704223632812	convergent_nonsignificant
ENSG00000183770	FOXL2	FOXL2		Forkhead	2		OMIM:110100;OMIM:608996	1.544781494140625	722.0	False	101.54043579101562	382.0	False	508.6744384765625	1465.0	False	3	0	508.6744384765625	convergent_nonsignificant
ENSG00000165119	HNRNPK	HNRNPK		Unknown	1		OMIM:616580	1.799334716796875	561.0	False	86.49105224609374	1675.0	False	508.5124145507813	1470.0	False	3	0	508.5124145507813	convergent_nonsignificant
ENSG00000187605	TET3	TET3		CxxC	1		OMIM:618798	1.598712158203125	697.0	False	97.12489624023438	751.0	False	508.4265655517578	1472.0	False	3	0	508.4265655517578	convergent_nonsignificant
ENSG00000181690	PLAG1	PLAG1	More than 3 adjacent zinc fingers	C2H2 ZF	2		OMIM:181030;OMIM:618907	1.178497314453125	1141.0	False	102.74674682617189	306.0	False	508.36378784179686	1473.0	False	3	0	508.36378784179686	convergent_nonsignificant
ENSG00000133884	DPF2	DPF2		Unknown	1		OMIM:618027	3.777877807617188	205.0	False	92.36807250976562	1157.0	False	508.1770751953125	1476.0	False	3	0	508.1770751953125	convergent_nonsignificant
ENSG00000075891	PAX2	PAX2	Paired domain only	Homeodomain; Paired box	2		OMIM:120330;OMIM:616002	3.1614593505859374	253.0	False	88.54837036132812	1525.0	False	507.5260375976562	1489.0	False	3	0	507.5260375976562	convergent_nonsignificant
ENSG00000171532	NEUROD2	NEUROD2	Tal-related	bHLH	1		OMIM:618374	1.31826171875	958.0	False	82.50528564453126	1900.0	False	507.1612854003906	1496.0	False	3	0	507.1612854003906	convergent_nonsignificant
ENSG00000092067	CEBPE	CEBPE	CEBP-related	bZIP	2		OMIM:245480;OMIM:260570	1.5182281494140626	753.0	False	84.11648559570312	1829.0	False	506.1697113037109	1512.0	False	3	0	506.1697113037109	convergent_nonsignificant
ENSG00000181449	SOX2	SOX2	SOX-related factors	HMG/Sox	1		OMIM:206900	0.843603515625	1715.0	False	94.56622924804688	962.0	False	505.8095275878906	1517.0	False	3	0	505.8095275878906	convergent_nonsignificant
ENSG00000105991	HOXA1	HOXA1	HOX	Homeodomain	1		OMIM:601536	1.4634033203125	804.0	False	99.05328369140624	568.0	False	505.4703125	1523.0	False	3	0	505.4703125	convergent_nonsignificant
ENSG00000126456	IRF3	IRF3	Interferon-regulatory factors	IRF	1		OMIM:616532	0.7729827880859375	1835.0	False	101.46651611328124	392.0	False	505.2908630371094	1527.0	False	3	0	505.2908630371094	convergent_nonsignificant
ENSG00000077092	RARB	RARB	Thyroid hormone receptor-related factors (NR1)	Nuclear receptor	1		OMIM:615524	1.2329986572265623	1069.0	False	104.1634765625	235.0	False	505.0308227539063	1532.0	False	3	0	505.0308227539063	convergent_nonsignificant
ENSG00000158773	USF1	USF1	bHLH-ZIP	bHLH	1		OMIM:602491	1.482342529296875	783.0	False	103.192578125	288.0	False	504.6310791015625	1539.0	False	3	0	504.6310791015625	convergent_nonsignificant
ENSG00000161405	IKZF3	IKZF3		C2H2 ZF	1		OMIM:619437	0.8984649658203125	1629.0	False	85.285498046875	1748.0	False	504.34022521972656	1543.0	False	3	0	504.34022521972656	convergent_nonsignificant
ENSG00000138795	LEF1	LEF1	TCF-7-related factors	HMG/Sox	1		OMIM:621224	1.46204833984375	806.0	False	90.94212036132812	1313.0	False	504.1120635986328	1546.0	False	3	0	504.1120635986328	convergent_nonsignificant
ENSG00000214336	FOXI3	FOXI3		Forkhead	1		OMIM:620444	1.355267333984375	918.0	False	81.5608642578125	1942.0	False	504.0382385253906	1547.0	False	3	0	504.0382385253906	convergent_nonsignificant
ENSG00000186895	FGF3	FGF3			1		OMIM:610706	2.35772705078125	377.0	False	96.07290649414062	845.0	False	503.99509887695314	1549.0	False	3	0	503.99509887695314	convergent_nonsignificant
ENSG00000073282	TP63	TP63	p53-related factors	p53	8		OMIM:103285;OMIM:106260;OMIM:129400;OMIM:603543;OMIM:604292;OMIM:605289;OMIM:618149;OMIM:620311	0.883551025390625	1652.0	False	100.41787719726562	454.0	False	503.651968383789	1557.0	False	3	0	503.651968383789	convergent_nonsignificant
ENSG00000176165	FOXG1	FOXG1	FOX	Forkhead	1		OMIM:613454	1.284417724609375	997.0	False	67.60934448242188	2158.0	False	503.5328918457032	1559.0	False	3	0	503.5328918457032	convergent_nonsignificant
ENSG00000112365	ZBTB24	ZBTB24	More than 3 adjacent zinc fingers	C2H2 ZF; AT hook	1		OMIM:614069	3.37607421875	223.0	False	96.86400146484377	776.0	False	503.2781127929687	1562.0	False	3	0	503.2781127929687	convergent_nonsignificant
ENSG00000105996	HOXA2	HOXA2	HOX	Homeodomain	1		OMIM:612290	0.9516693115234376	1524.0	False	106.64197998046876	147.0	False	502.9501037597656	1571.0	False	3	0	502.9501037597656	convergent_nonsignificant
ENSG00000060237	WNK1	WNK1			2		OMIM:201300;OMIM:614492	1.7726165771484377	584.0	False	101.72694702148438	369.0	False	501.24732666015626	1598.0	False	3	0	501.24732666015626	convergent_nonsignificant
ENSG00000054598	FOXC1	FOXC1	FOX	Forkhead	2		OMIM:601631;OMIM:602482	3.0873291015625	260.0	False	104.76112060546876	208.0	False	501.0623443603516	1601.0	False	3	0	501.0623443603516	convergent_nonsignificant
ENSG00000139613	SMARCC2	SMARCC2		Myb/SANT	1		OMIM:618362	3.2136749267578124	245.0	False	76.88519897460938	2083.0	False	500.9560150146484	1604.0	False	3	0	500.9560150146484	convergent_nonsignificant
ENSG00000139083	ETV6	ETV6	Ets-related	Ets	2		OMIM:601626;OMIM:616216	1.215576171875	1096.0	False	99.2886474609375	545.0	False	500.8062805175781	1608.0	False	3	0	500.8062805175781	convergent_nonsignificant
ENSG00000091010	POU4F3	POU4F3	POU domain factors	Homeodomain; POU	1		OMIM:602459	1.9369873046875	506.0	False	83.95623168945312	1837.0	False	500.3693481445313	1612.0	False	3	0	500.3693481445313	convergent_nonsignificant
ENSG00000129654	FOXJ1	FOXJ1		Forkhead	1		OMIM:618699	0.7568878173828125	1857.0	False	84.50818481445313	1800.0	False	499.8512847900391	1622.0	False	3	0	499.8512847900391	convergent_nonsignificant
ENSG00000134574	DDB2	DDB2		Unknown	1		OMIM:278740	1.1766326904296875	1142.0	False	86.68414916992188	1664.0	False	499.7551879882813	1623.0	False	3	0	499.7551879882813	convergent_nonsignificant
ENSG00000135100	HNF1A	HNF1A	POU domain factors	Homeodomain	6		OMIM:125853;OMIM:142330;OMIM:144700;OMIM:222100;OMIM:600496;OMIM:612520	1.5963104248046875	700.0	False	96.3210205078125	823.0	False	499.41456909179686	1627.0	False	3	0	499.41456909179686	convergent_nonsignificant
ENSG00000092607	TBX15	TBX15	TBX1-related factors	T-box	1		OMIM:260660	0.8982177734375	1630.0	False	100.23434448242188	469.0	False	498.7711944580078	1636.0	False	3	0	498.7711944580078	convergent_nonsignificant
ENSG00000129152	MYOD1	MYOD1	MyoD/ASC-related factors	bHLH	1		OMIM:618975	0.8619293212890625	1686.0	False	97.31668701171876	723.0	False	498.7423553466797	1638.0	False	3	0	498.7423553466797	convergent_nonsignificant
ENSG00000153187	HNRNPU	HNRNPU		Unknown	1		OMIM:617391	0.8360198974609375	1725.0	False	85.14832763671875	1753.0	False	498.1466430664062	1649.0	False	3	0	498.1466430664062	convergent_nonsignificant
ENSG00000189067	LITAF	LITAF			1		OMIM:601098	1.348175048828125	925.0	False	92.02660522460936	1196.0	False	498.14540100097656	1650.0	False	3	0	498.14540100097656	convergent_nonsignificant
ENSG00000071564	TCF3	TCF3	E2A	bHLH	2		OMIM:616941;OMIM:619824	1.36837158203125	897.0	False	99.99607543945312	487.0	False	498.10626831054685	1651.0	False	3	0	498.10626831054685	convergent_nonsignificant
ENSG00000162367	TAL1	TAL1		bHLH	1		OMIM:613065	1.2921112060546875	988.0	False	98.50572509765624	617.0	False	497.3748840332031	1658.0	False	3	0	497.3748840332031	convergent_nonsignificant
ENSG00000118058	KMT2A	KMT2A		CxxC; AT hook	1		OMIM:605130	1.8406280517578124	545.0	False	85.10669555664063	1758.0	False	497.28150634765626	1660.0	False	3	0	497.28150634765626	convergent_nonsignificant
ENSG00000168769	TET2	TET2		Unknown	2		OMIM:614286;OMIM:619126	0.777398681640625	1829.0	False	86.70040283203124	1661.0	False	497.1686981201172	1662.0	False	3	0	497.1686981201172	convergent_nonsignificant
ENSG00000196628	TCF4	TCF4	E2A	bHLH	2		OMIM:610954;OMIM:613267	1.5914642333984377	710.0	False	85.67573852539063	1726.0	False	497.0097534179688	1667.0	False	3	0	497.0097534179688	convergent_nonsignificant
ENSG00000107249	GLIS3	GLIS3	More than 3 adjacent zinc fingers	C2H2 ZF	1		OMIM:610199	1.2822784423828124	998.0	False	82.8567626953125	1887.0	False	496.5924621582032	1675.0	False	3	0	496.5924621582032	convergent_nonsignificant
ENSG00000101444	AHCY	AHCY			1		OMIM:613752	1.1884765625	1126.0	False	88.34632568359375	1539.0	False	496.091421508789	1686.0	False	3	0	496.091421508789	convergent_nonsignificant
ENSG00000198963	RORB	RORB	Thyroid hormone receptor-related factors (NR1)	Nuclear receptor	1		OMIM:618357	1.4130462646484374	854.0	False	88.12324829101563	1554.0	False	496.0822448730469	1687.0	False	3	0	496.0822448730469	convergent_nonsignificant
ENSG00000167986	DDB1	DDB1		Unknown	1		OMIM:619426	4.61646728515625	168.0	False	97.77259521484376	674.0	False	495.5443542480469	1692.0	False	3	0	495.5443542480469	convergent_nonsignificant
ENSG00000173473	SMARCC1	SMARCC1		Myb/SANT	1		OMIM:620241	2.183453369140625	429.0	False	102.21270141601562	337.0	False	495.27015991210936	1699.0	False	3	0	495.27015991210936	convergent_nonsignificant
ENSG00000179456	ZBTB18	ZBTB18	More than 3 adjacent zinc fingers	C2H2 ZF	1		OMIM:612337	0.895233154296875	1635.0	False	93.35234985351562	1071.0	False	495.19853515625	1702.0	False	3	0	495.19853515625	convergent_nonsignificant
ENSG00000068024	HDAC4	HDAC4		Unknown	2		OMIM:600430;OMIM:619797	1.1410614013671876	1207.0	False	80.13914794921875	1996.0	False	495.1829681396485	1703.0	False	3	0	495.1829681396485	convergent_nonsignificant
ENSG00000215421	ZNF407	ZNF407	Factors with multiple dispersed zinc fingers	C2H2 ZF	1		OMIM:619557	2.631439208984375	321.0	False	85.41356201171875	1738.0	False	494.75122985839846	1707.0	False	3	0	494.75122985839846	convergent_nonsignificant
ENSG00000183072	NKX2-5	NKX2-5	NK	Homeodomain	6		OMIM:108900;OMIM:187500;OMIM:217095;OMIM:225250;OMIM:614432;OMIM:614435	4.163177490234375	189.0	False	80.214013671875	1991.0	False	494.3215576171875	1710.0	False	3	0	494.3215576171875	convergent_nonsignificant
ENSG00000005102	MEOX1	MEOX1	HOX	Homeodomain	1		OMIM:214300	1.0473541259765624	1351.0	False	91.99185180664062	1198.0	False	494.2472229003906	1712.0	False	3	0	494.2472229003906	convergent_nonsignificant
ENSG00000169057	MECP2	MECP2		MBD; AT hook	5		OMIM:300055;OMIM:300260;OMIM:300496;OMIM:300673;OMIM:312750	0.971136474609375	1487.0	False	78.22465209960937	2055.0	False	493.9036346435547	1717.0	False	3	0	493.9036346435547	convergent_nonsignificant
ENSG00000163872	YEATS2	YEATS2		Unknown	1		OMIM:615127	2.189239501953125	427.0	False	99.82299194335936	505.0	False	492.825830078125	1727.0	False	3	0	492.825830078125	convergent_nonsignificant
ENSG00000135111	TBX3	TBX3	TBX2-related factors	T-box	1		OMIM:181450	0.8979949951171875	1631.0	False	87.3418701171875	1614.0	False	492.6207092285157	1731.0	False	3	0	492.6207092285157	convergent_nonsignificant
ENSG00000169926	KLF13	KLF13	Three-zinc finger Kruppel-related	C2H2 ZF	1		OMIM:612001	1.5364013671875	731.0	False	99.12335815429688	561.0	False	492.47388916015626	1734.0	False	3	0	492.47388916015626	convergent_nonsignificant
ENSG00000177030	DEAF1	DEAF1		SAND	2		OMIM:615828;OMIM:617171	0.8472320556640625	1708.0	False	104.72005615234374	212.0	False	491.3148681640625	1741.0	False	3	0	491.3148681640625	convergent_nonsignificant
ENSG00000132740	IGHMBP2	IGHMBP2			2		OMIM:604320;OMIM:616155	2.1525970458984376	442.0	False	93.10590209960938	1091.0	False	491.2378295898437	1742.0	False	3	0	491.2378295898437	convergent_nonsignificant
ENSG00000184302	SIX6	SIX6		Homeodomain	2		OMIM:206900;OMIM:212550	1.4774688720703124	789.0	False	101.03451538085938	420.0	False	489.3634399414062	1759.0	False	3	0	489.3634399414062	convergent_nonsignificant
ENSG00000131061	ZNF341	ZNF341	Factors with multiple dispersed zinc fingers	C2H2 ZF	1		OMIM:618282	2.29541015625	399.0	False	99.57390747070312	523.0	False	488.7492126464844	1765.0	False	3	0	488.7492126464844	convergent_nonsignificant
ENSG00000104885	DOT1L	DOT1L		AT hook	1		OMIM:621265	4.307052612304688	182.0	False	79.43351440429687	2022.0	False	488.6249145507812	1767.0	False	3	0	488.6249145507812	convergent_nonsignificant
ENSG00000141646	SMAD4	SMAD4		SMAD	4		OMIM:139210;OMIM:174900;OMIM:175050;OMIM:260350	1.70787353515625	626.0	False	81.43855590820313	1947.0	False	488.6084930419922	1768.0	False	3	0	488.6084930419922	convergent_nonsignificant
ENSG00000143390	RFX5	RFX5	RFX-related factors	RFX	2		OMIM:620816;OMIM:620818	2.5917022705078123	333.0	False	103.339208984375	281.0	False	488.344580078125	1772.0	False	3	0	488.344580078125	convergent_nonsignificant
ENSG00000164924	YWHAZ	YWHAZ			1		OMIM:618428	2.2254730224609376	421.0	False	107.16195678710938	129.0	False	488.3307434082032	1773.0	False	3	0	488.3307434082032	convergent_nonsignificant
ENSG00000119042	SATB2	SATB2		CUT; Homeodomain	1		OMIM:612313	1.1637298583984377	1174.0	False	89.23899536132812	1473.0	False	487.67454223632814	1787.0	False	3	0	487.67454223632814	convergent_nonsignificant
ENSG00000179348	GATA2	GATA2	C4-GATA-related	GATA	4		OMIM:601626;OMIM:614038;OMIM:614172;OMIM:614286	1.4592529296875	811.0	False	101.73587646484376	367.0	False	487.4423889160156	1789.0	False	3	0	487.4423889160156	convergent_nonsignificant
ENSG00000138378	STAT4	STAT4		STAT	2		OMIM:612253;OMIM:620443	0.9553131103515624	1518.0	False	86.2305908203125	1692.0	False	487.2491760253906	1795.0	False	3	0	487.2491760253906	convergent_nonsignificant
ENSG00000168610	STAT3	STAT3	STAT factors	STAT	2		OMIM:147060;OMIM:615952	0.7304351806640625	1882.0	False	84.41925659179688	1804.0	False	487.1013427734375	1798.0	False	3	0	487.1013427734375	convergent_nonsignificant
ENSG00000135365	PHF21A	PHF21A		AT hook	1		OMIM:618725	4.437033081054688	177.0	False	88.11962280273437	1555.0	False	486.8856201171875	1802.0	False	3	0	486.8856201171875	convergent_nonsignificant
ENSG00000173976	RAX2	RAX2	Paired-related HD factors	Homeodomain	3		OMIM:610381;OMIM:613757;OMIM:620102	1.1973907470703125	1116.0	False	97.77711791992188	673.0	False	485.9888427734375	1808.0	False	3	0	485.9888427734375	convergent_nonsignificant
ENSG00000142599	RERE	RERE		Myb/SANT; GATA	1		OMIM:616975	0.764263916015625	1846.0	False	89.66589965820313	1442.0	False	485.91224975585936	1809.0	False	3	0	485.91224975585936	convergent_nonsignificant
ENSG00000170370	EMX2	EMX2	NK	Homeodomain	1		OMIM:269160	1.0018096923828126	1437.0	False	89.82360229492187	1428.0	False	484.6926513671875	1820.0	False	3	0	484.6926513671875	convergent_nonsignificant
ENSG00000175745	NR2F1	NR2F1	RXR-related receptors (NR2)	Nuclear receptor	1		OMIM:615722	1.3395660400390623	933.0	False	93.54041137695312	1051.0	False	484.4928405761719	1823.0	False	3	0	484.4928405761719	convergent_nonsignificant
ENSG00000077150	NFKB2	NFKB2	NF-kappaB-related factors	Rel	1		OMIM:615577	1.2438446044921876	1050.0	False	85.37847900390625	1742.0	False	483.9574890136719	1827.0	False	3	0	483.9574890136719	convergent_nonsignificant
ENSG00000105392	CRX	CRX		Homeodomain	3		OMIM:120970;OMIM:268000;OMIM:613829	1.727886962890625	615.0	False	108.64912109375	95.0	False	483.8411499023438	1829.0	False	3	0	483.8411499023438	convergent_nonsignificant
ENSG00000103241	FOXF1	FOXF1		Forkhead	1		OMIM:265380	1.82706298828125	550.0	False	96.1177734375	841.0	False	483.5737121582032	1833.0	False	3	0	483.5737121582032	convergent_nonsignificant
ENSG00000119715	ESRRB	ESRRB	Steroid hormone receptors (NR3)	Nuclear receptor	1		OMIM:608565	0.744342041015625	1868.0	False	99.86229248046877	500.0	False	483.01917724609376	1841.0	False	3	0	483.01917724609376	convergent_nonsignificant
ENSG00000277258	PCGF2	PCGF2		Unknown	1		OMIM:618371	1.767919921875	587.0	False	89.87783203125	1426.0	False	482.261279296875	1847.0	False	3	0	482.261279296875	convergent_nonsignificant
ENSG00000078403	MLLT10	MLLT10		Unknown	1		OMIM:601626	0.889495849609375	1642.0	False	84.19583740234376	1825.0	False	481.9076843261719	1851.0	False	3	0	481.9076843261719	convergent_nonsignificant
ENSG00000137834	SMAD6	SMAD6		SMAD	3		OMIM:179300;OMIM:614823;OMIM:617439	2.1821807861328124	430.0	False	76.80232543945313	2084.0	False	481.5452819824219	1856.0	False	3	0	481.5452819824219	convergent_nonsignificant
ENSG00000104447	TRPS1	TRPS1	C4-GATA-related	GATA	2		OMIM:190350;OMIM:190351	0.975152587890625	1482.0	False	77.915478515625	2064.0	False	481.446533203125	1858.0	False	3	0	481.446533203125	convergent_nonsignificant
ENSG00000134595	SOX3	SOX3		HMG/Sox	2		OMIM:300123;OMIM:312000	1.3480316162109376	926.0	False	100.6645263671875	436.0	False	481.4452087402344	1859.0	False	3	0	481.4452087402344	convergent_nonsignificant
ENSG00000118217	ATF6	ATF6	Jun-related	bZIP	1		OMIM:616517	1.097509765625	1269.0	False	92.472021484375	1148.0	False	481.06688232421874	1862.0	False	3	0	481.06688232421874	convergent_nonsignificant
ENSG00000117713	ARID1A	ARID1A		ARID/BRIGHT	1		OMIM:614607	4.572760009765625	169.0	False	81.65518188476562	1934.0	False	480.9199157714844	1864.0	False	3	0	480.9199157714844	convergent_nonsignificant
ENSG00000172534	HCFC1	HCFC1		Unknown	1		OMIM:309541	2.802072143554688	289.0	False	89.37313232421874	1463.0	False	480.7990783691406	1867.0	False	3	0	480.7990783691406	convergent_nonsignificant
ENSG00000163848	ZNF148	ZNF148	More than 3 adjacent zinc fingers	C2H2 ZF	1		OMIM:617260	0.9976837158203123	1445.0	False	88.038916015625	1561.0	False	480.48784790039065	1873.0	False	3	0	480.48784790039065	convergent_nonsignificant
ENSG00000064835	POU1F1	POU1F1	POU domain factors	Homeodomain; POU	1		OMIM:613038	1.190155029296875	1125.0	False	84.58341674804687	1792.0	False	479.7555725097656	1882.0	False	3	0	479.7555725097656	convergent_nonsignificant
ENSG00000136451	VEZF1	VEZF1	More than 3 adjacent zinc fingers	C2H2 ZF	1		OMIM:620247	1.54005126953125	726.0	False	93.4275390625	1065.0	False	478.476806640625	1895.0	False	3	0	478.476806640625	convergent_nonsignificant
ENSG00000173894	CBX2	CBX2		AT hook	1		OMIM:613080	1.7385406494140625	606.0	False	94.94869384765624	937.0	False	477.3348571777344	1910.0	False	3	0	477.3348571777344	convergent_nonsignificant
ENSG00000152217	SETBP1	SETBP1		AT hook	2		OMIM:269150;OMIM:616078	1.0793731689453123	1300.0	False	95.65999145507811	878.0	False	475.66071166992185	1924.0	False	3	0	475.66071166992185	convergent_nonsignificant
ENSG00000129071	MBD4	MBD4		MBD	2		OMIM:606660;OMIM:619975	2.334564208984375	386.0	False	89.79542236328125	1430.0	False	474.85841674804686	1928.0	False	3	0	474.85841674804686	convergent_nonsignificant
ENSG00000103449	SALL1	SALL1		C2H2 ZF	1		OMIM:107480	1.4959747314453125	775.0	False	96.12823486328124	840.0	False	474.71575927734375	1929.0	False	3	0	474.71575927734375	convergent_nonsignificant
ENSG00000136931	NR5A1	NR5A1	FTZF1-related (NR5A)	Nuclear receptor	4		OMIM:612964;OMIM:612965;OMIM:613957;OMIM:617480	1.011724853515625	1416.0	False	109.81798095703124	72.0	False	474.6477844238281	1930.0	False	3	0	474.6477844238281	convergent_nonsignificant
ENSG00000186790	FOXE3	FOXE3		Forkhead	3		OMIM:610256;OMIM:612968;OMIM:617349	2.6030029296875	329.0	False	105.97767333984376	169.0	False	474.4387603759766	1933.0	False	3	0	474.4387603759766	convergent_nonsignificant
ENSG00000148143	ZNF462	ZNF462		C2H2 ZF	1		OMIM:618619	1.2175262451171875	1094.0	False	86.91864013671875	1642.0	False	474.3380676269532	1936.0	False	3	0	474.3380676269532	convergent_nonsignificant
ENSG00000172238	ATOH1	ATOH1	Tal-related	bHLH	1		OMIM:620284	1.6232574462890623	682.0	False	89.27572021484374	1468.0	False	473.8210144042969	1939.0	False	3	0	473.8210144042969	convergent_nonsignificant
ENSG00000069667	RORA	RORA	Thyroid hormone receptor-related factors (NR1)	Nuclear receptor	1		OMIM:618060	0.8646728515625	1682.0	False	90.08463134765626	1407.0	False	473.589892578125	1941.0	False	3	0	473.589892578125	convergent_nonsignificant
ENSG00000105880	DLX5	DLX5	NK	Homeodomain	2		OMIM:183600;OMIM:220600	0.93167724609375	1558.0	False	102.5479736328125	318.0	False	473.14386596679685	1947.0	False	3	0	473.14386596679685	convergent_nonsignificant
ENSG00000165821	SALL2	SALL2		C2H2 ZF	1		OMIM:216820	2.0292877197265624	476.0	False	57.812042236328125	2164.0	False	472.9176513671875	1951.0	False	3	0	472.9176513671875	convergent_nonsignificant
ENSG00000121454	LHX4	LHX4		Homeodomain	1		OMIM:262700	1.249200439453125	1042.0	False	97.95550537109376	654.0	False	471.5163696289063	1964.0	False	3	0	471.5163696289063	convergent_nonsignificant
ENSG00000136997	MYC	MYC	bHLH-ZIP	bHLH	1		OMIM:113970	1.63599853515625	671.0	False	86.20806884765625	1694.0	False	470.4857177734375	1970.0	False	3	0	470.4857177734375	convergent_nonsignificant
ENSG00000136535	TBR1	TBR1	TBrain-related factors	T-box	1		OMIM:606053	1.5788848876953123	715.0	False	92.23726196289064	1171.0	False	470.2179565429688	1971.0	False	3	0	470.2179565429688	convergent_nonsignificant
ENSG00000155966	AFF2	AFF2			1		OMIM:309548	0.8031646728515625	1785.0	False	75.43428344726563	2105.0	False	468.8991394042969	1981.0	False	3	0	468.8991394042969	convergent_nonsignificant
ENSG00000106624	AEBP1	AEBP1		Unknown	1		OMIM:618000	1.24642333984375	1045.0	False	84.5650634765625	1793.0	False	468.2878295898437	1991.0	False	3	0	468.2878295898437	convergent_nonsignificant
ENSG00000156925	ZIC3	ZIC3	More than 3 adjacent zinc fingers	C2H2 ZF	2		OMIM:306955;OMIM:314390	1.796209716796875	565.0	False	84.90518798828126	1771.0	False	467.9316284179688	1993.0	False	3	0	467.9316284179688	convergent_nonsignificant
ENSG00000102145	GATA1	GATA1	C4-GATA-related	GATA	5		OMIM:159595;OMIM:300367;OMIM:300835;OMIM:301083;OMIM:314050	0.874981689453125	1661.0	False	90.3067626953125	1383.0	False	466.4871032714844	2001.0	False	3	0	466.4871032714844	convergent_nonsignificant
ENSG00000151702	FLI1	FLI1	Ets-related	Ets	1		OMIM:617443	1.073101806640625	1311.0	False	96.80543823242188	782.0	False	463.4425964355469	2019.0	False	3	0	463.4425964355469	convergent_nonsignificant
ENSG00000180613	GSX2	GSX2	HOX	Homeodomain	1		OMIM:618646	2.206527709960937	426.0	False	80.8882080078125	1968.0	False	461.7021728515625	2030.0	False	3	0	461.7021728515625	convergent_nonsignificant
ENSG00000082175	PGR	PGR	Steroid hormone receptors (NR3)	Nuclear receptor	1		OMIM:264080	3.183709716796875	249.0	False	77.6365478515625	2069.0	False	461.58411865234376	2031.0	False	3	0	461.58411865234376	convergent_nonsignificant
ENSG00000119866	BCL11A	BCL11A	Factors with multiple dispersed zinc fingers	C2H2 ZF	1		OMIM:617101	1.2007537841796876	1108.0	False	99.31719970703124	540.0	False	460.448583984375	2033.0	False	3	0	460.448583984375	convergent_nonsignificant
ENSG00000127616	SMARCA4	SMARCA4		Unknown	3		OMIM:613325;OMIM:614609;OMIM:620792	1.0067230224609376	1425.0	False	104.6261474609375	218.0	False	460.10149536132815	2035.0	False	3	0	460.10149536132815	convergent_nonsignificant
ENSG00000213639	PPP1CB	PPP1CB			1		OMIM:617506	4.5398193359375	171.0	False	92.23695068359376	1172.0	False	459.7450317382812	2039.0	False	3	0	459.7450317382812	convergent_nonsignificant
ENSG00000168286	THAP11	THAP11	THAP-related factors	THAP finger	2		OMIM:620940;OMIM:620947	0.97012939453125	1494.0	False	79.71089477539063	2012.0	False	459.191796875	2041.0	False	3	0	459.191796875	convergent_nonsignificant
ENSG00000159377	PSMB4	PSMB4			1		OMIM:617591	3.0591644287109374	263.0	False	96.91201171875	772.0	False	458.3602478027344	2044.0	False	3	0	458.3602478027344	convergent_nonsignificant
ENSG00000125813	PAX1	PAX1	Paired domain only	Paired box	1		OMIM:615560	0.8574798583984375	1693.0	False	83.77445678710937	1846.0	False	456.8660461425781	2046.0	False	3	0	456.8660461425781	convergent_nonsignificant
ENSG00000173801	JUP	JUP		Unknown	2		OMIM:601214;OMIM:611528	0.793157958984375	1802.0	False	105.56893310546874	182.0	False	456.260009765625	2051.0	False	3	0	456.260009765625	convergent_nonsignificant
ENSG00000101665	SMAD7	SMAD7		SMAD	1		OMIM:612229	1.0703399658203123	1318.0	False	94.75839233398438	949.0	False	455.7527221679687	2055.0	False	3	0	455.7527221679687	convergent_nonsignificant
ENSG00000122482	ZNF644	ZNF644		C2H2 ZF	1		OMIM:614167				90.95028686523438	1311.0	False	455.7400634765625	2056.0	False	2	0	455.7400634765625	convergent_nonsignificant
ENSG00000066827	ZFAT	ZFAT		C2H2 ZF	1		OMIM:608175	2.069244384765625	464.0	False	90.44747314453124	1371.0	False	453.7904357910156	2065.0	False	3	0	453.7904357910156	convergent_nonsignificant
ENSG00000009709	PAX7	PAX7	Paired plus homeo domain	Homeodomain; Paired box	2		OMIM:268220;OMIM:618578	0.677923583984375	1917.0	False	96.463623046875	806.0	False	451.0609985351563	2075.0	False	3	0	451.0609985351563	convergent_nonsignificant
ENSG00000119508	NR4A3	NR4A3		Nuclear receptor	1		OMIM:612237	1.15552978515625	1186.0	False	95.16842651367188	922.0	False	450.5608703613281	2077.0	False	3	0	450.5608703613281	convergent_nonsignificant
ENSG00000007372	PAX6	PAX6	Paired plus homeo domain	Homeodomain; Paired box	8		OMIM:106210;OMIM:120200;OMIM:120430;OMIM:136520;OMIM:148190;OMIM:165550;OMIM:194072;OMIM:604229	1.526171875	742.0	False	102.1479736328125	341.0	False	447.5153564453125	2083.0	False	3	0	447.5153564453125	convergent_nonsignificant
ENSG00000152518	ZFP36L2	ZFP36L2		CCCH ZF	1		OMIM:620154	1.531378173828125	738.0	False	85.72411499023437	1721.0	False	446.310888671875	2085.0	False	3	0	446.310888671875	convergent_nonsignificant
ENSG00000102878	HSF4	HSF4	HSF factors	HSF	1		OMIM:116800	1.16845703125	1160.0	False	94.52029418945312	964.0	False	444.4782104492188	2095.0	False	3	0	444.4782104492188	convergent_nonsignificant
ENSG00000157259	GATAD1	GATAD1		GATA	1		OMIM:614672	2.0880767822265627	459.0	False	90.19306640625	1396.0	False	444.3063171386719	2096.0	False	3	0	444.3063171386719	convergent_nonsignificant
ENSG00000184937	WT1	WT1		C2H2 ZF	8		OMIM:106210;OMIM:136680;OMIM:156240;OMIM:194070;OMIM:194072;OMIM:194080;OMIM:256370;OMIM:608978	1.158172607421875	1183.0	False	83.181982421875	1875.0	False	443.5733642578125	2098.0	False	3	0	443.5733642578125	convergent_nonsignificant
ENSG00000080503	SMARCA2	SMARCA2		Unknown	2		OMIM:601358;OMIM:619293	1.3505279541015625	920.0	False	78.73232421875	2040.0	False	433.40382080078126	2119.0	False	3	0	433.40382080078126	convergent_nonsignificant
ENSG00000147862	NFIB	NFIB	Nuclear factor 1	SMAD	1		OMIM:618286	1.755633544921875	594.0	False	95.22570190429688	912.0	False	431.8621765136719	2123.0	False	3	0	431.8621765136719	convergent_nonsignificant
ENSG00000141384	TAF4B	TAF4B		Unknown	1		OMIM:615841	1.8959381103515625	518.0	False	84.22667236328125	1822.0	False	424.1894104003906	2133.0	False	3	0	424.1894104003906	convergent_nonsignificant
ENSG00000107859	PITX3	PITX3	Paired-related HD factors	Homeodomain	2		OMIM:107250;OMIM:610623	1.45277099609375	814.0	False	102.6709716796875	313.0	False	421.412939453125	2135.0	False	3	0	421.412939453125	convergent_nonsignificant
ENSG00000106571	GLI3	GLI3	More than 3 adjacent zinc fingers	C2H2 ZF	4		OMIM:146510;OMIM:174200;OMIM:174700;OMIM:175700	1.0089935302734374	1423.0	False	97.3055419921875	724.0	False	421.19578857421874	2136.0	False	3	0	421.19578857421874	convergent_nonsignificant
ENSG00000204644	ZFP57	ZFP57	Factors with multiple dispersed zinc fingers	C2H2 ZF	1		OMIM:601410	1.0682861328125	1324.0	False	87.47828979492188	1606.0	False	418.57758178710935	2140.0	False	3	0	418.57758178710935	convergent_nonsignificant
ENSG00000181965	NEUROG1	NEUROG1	Tal-related	bHLH	1		OMIM:620469	1.0466400146484376	1352.0	False	96.800439453125	783.0	False	407.9255615234375	2150.0	False	3	0	407.9255615234375	convergent_nonsignificant
ENSG00000115415	STAT1	STAT1	STAT factors	STAT	3		OMIM:613796;OMIM:614162;OMIM:614892	1.0597259521484377	1336.0	False	94.46219482421876	969.0	False	403.2121276855469	2152.0	False	3	0	403.2121276855469	convergent_nonsignificant
ENSG00000162924	REL	REL	NF-kappaB-related factors	Rel	1		OMIM:619652	0.89866943359375	1628.0	False	90.19329223632812	1395.0	False	364.6227661132813	2163.0	False	3	0	364.6227661132813	convergent_nonsignificant
ENSG00000172468	HSFY1	HSFY1		HSF	1		OMIM:415000										0	0		no_data
ENSG00000134250	NOTCH2	NOTCH2		Unknown	2		OMIM:102500;OMIM:610205										0	0		no_data
ENSG00000125618	PAX8	PAX8	Paired domain only	Paired box	1		OMIM:218700										0	0		no_data
ENSG00000068323	TFE3	TFE3	bHLH-ZIP	bHLH	2		OMIM:300854;OMIM:301066										0	0		no_data
ENSG00000108312	UBTF	UBTF		HMG/Sox	1		OMIM:617672										0	0		no_data
