ensembl_gene_id	gene_symbol	hgnc_approved_symbol	jaspar_tf_family	lambert_2018_dbd	n_disease_associations	mondo_ids	omim_ids	distance_mean_HuangfuDE	distance_rank_HuangfuDE	sig_dist_gt_NC_max_HuangfuDE	distance_mean_HuangfuESC	distance_rank_HuangfuESC	sig_dist_gt_NC_max_HuangfuESC	n_datasets_with_data	n_datasets_significant	min_distance_across_datasets	max_distance_across_datasets	distance_range	distance_max_over_min	classification	convergence_class
ENSG00000068305	MEF2A	MEF2A	Regulators of differentiation	MADS box	1		OMIM:608320	81.89170532226562	1926.0	False	657.3028869628906	4.0	True	2	1	81.89170532226562	657.3028869628906	575.411181640625	8.026489183199068	HuangfuESC-specific	divergent_HuangfuESC
ENSG00000168724	DNAJC21	DNAJC21		Unknown	2		OMIM:260400;OMIM:617052	106.30411376953126	155.0	False	639.0901763916015	6.0	True	2	1	106.30411376953126	639.0901763916015	532.7860626220703	6.011904466624477	HuangfuESC-specific	divergent_HuangfuESC
ENSG00000139687	RB1	RB1		Unknown	4		OMIM:109800;OMIM:180200;OMIM:182280;OMIM:259500	80.20593872070313	1992.0	False	635.9707275390625	9.0	True	2	1	80.20593872070313	635.9707275390625	555.7647888183594	7.929222420220896	HuangfuESC-specific	divergent_HuangfuESC
ENSG00000104881	PPP1R13L	PPP1R13L		Unknown	1		OMIM:620519	93.21106567382812	1082.0	False	628.1986907958984	18.0	True	2	1	93.21106567382812	628.1986907958984	534.9876251220703	6.7395291133581	HuangfuESC-specific	divergent_HuangfuESC
ENSG00000140968	IRF8	IRF8	Interferon-regulatory factors	IRF	2		OMIM:226990;OMIM:614893	91.5994384765625	1251.0	False	628.0620147705079	19.0	True	2	1	91.5994384765625	628.0620147705079	536.4625762939454	6.856614245852716	HuangfuESC-specific	divergent_HuangfuESC
ENSG00000099956	SMARCB1	SMARCB1		Unknown	3		OMIM:162091;OMIM:609322;OMIM:614608	98.11099853515626	643.0	False	622.359017944336	29.0	True	2	1	98.11099853515626	622.359017944336	524.2480194091797	6.343417427571335	HuangfuESC-specific	divergent_HuangfuESC
ENSG00000134323	MYCN	MYCN	bHLH-ZIP	bHLH	2		OMIM:164280;OMIM:620748	92.708349609375	1125.0	False	620.1442443847657	35.0	True	2	1	92.708349609375	620.1442443847657	527.4358947753907	6.689195169558432	HuangfuESC-specific	divergent_HuangfuESC
ENSG00000060566	CREB3L3	CREB3L3	CREB-related	bZIP	1		OMIM:619324	106.13850708007811	160.0	False	618.4975860595703	38.0	True	2	1	106.13850708007811	618.4975860595703	512.3590789794921	5.827268567033203	HuangfuESC-specific	divergent_HuangfuESC
ENSG00000168477	TNXB	TNXB			2		OMIM:606408;OMIM:615963	92.8318359375	1113.0	False	614.0398315429687	47.0	True	2	1	92.8318359375	614.0398315429687	521.2079956054687	6.6145393478631345	HuangfuESC-specific	divergent_HuangfuESC
ENSG00000125812	GZF1	GZF1		C2H2 ZF	1		OMIM:617662	102.69319458007811	311.0	False	613.6231964111328	49.0	True	2	1	102.69319458007811	613.6231964111328	510.93000183105465	5.975305363907455	HuangfuESC-specific	divergent_HuangfuESC
ENSG00000272333	KMT2B	KMT2B		CxxC; AT hook	2		OMIM:617284;OMIM:619934	103.5157470703125	272.0	False	612.2456970214844	53.0	True	2	1	103.5157470703125	612.2456970214844	508.7299499511719	5.914517494672766	HuangfuESC-specific	divergent_HuangfuESC
ENSG00000118495	PLAGL1	PLAGL1		C2H2 ZF	1		OMIM:601410	101.30087890625	401.0	False	611.2913482666015	57.0	True	2	1	101.30087890625	611.2913482666015	509.99046936035154	6.034413075846338	HuangfuESC-specific	divergent_HuangfuESC
ENSG00000172059	KLF11	KLF11	Three-zinc finger Kruppel-related	C2H2 ZF	1		OMIM:610508	97.94705810546876	656.0	False	610.7526611328125	58.0	True	2	1	97.94705810546876	610.7526611328125	512.8056030273438	6.23553859550491	HuangfuESC-specific	divergent_HuangfuESC
ENSG00000203667	COX20	COX20			1		OMIM:619054	97.28714599609376	725.0	False	609.6505737304688	59.0	True	2	1	97.28714599609376	609.6505737304688	512.363427734375	6.266506921222124	HuangfuESC-specific	divergent_HuangfuESC
ENSG00000177551	NHLH2	NHLH2	Tal-related	bHLH	1		OMIM:619755	87.50451049804687	1605.0	False	607.9902160644531	60.0	True	2	1	87.50451049804687	607.9902160644531	520.4857055664062	6.948101447616505	HuangfuESC-specific	divergent_HuangfuESC
ENSG00000130711	PRDM12	PRDM12		C2H2 ZF	1		OMIM:616488	84.64344482421875	1786.0	False	607.3459442138671	63.0	True	2	1	84.64344482421875	607.3459442138671	522.7024993896484	7.175345302582596	HuangfuESC-specific	divergent_HuangfuESC
ENSG00000101115	SALL4	SALL4		C2H2 ZF	2		OMIM:147750;OMIM:607323	94.88806762695312	942.0	False	606.4042266845703	68.0	True	2	1	94.88806762695312	606.4042266845703	511.5161590576172	6.390732173708216	HuangfuESC-specific	divergent_HuangfuESC
ENSG00000089225	TBX5	TBX5	TBX2-related factors	T-box	1		OMIM:142900	106.55149536132812	149.0	False	605.6316040039062	70.0	True	2	1	106.55149536132812	605.6316040039062	499.08010864257807	5.683933406566855	HuangfuESC-specific	divergent_HuangfuESC
ENSG00000162761	LMX1A	LMX1A	HD-LIM	Homeodomain	1		OMIM:601412	93.96532592773436	1010.0	False	605.4789672851563	71.0	True	2	1	93.96532592773436	605.4789672851563	511.51364135742193	6.443642495858635	HuangfuESC-specific	divergent_HuangfuESC
ENSG00000049618	ARID1B	ARID1B		ARID/BRIGHT	1		OMIM:135900	102.9640869140625	299.0	False	603.5595886230469	75.0	True	2	1	102.9640869140625	603.5595886230469	500.59550170898444	5.861845685348516	HuangfuESC-specific	divergent_HuangfuESC
ENSG00000187140	FOXD3	FOXD3	FOX	Forkhead	1		OMIM:607836	103.97049560546876	243.0	False	603.3073822021485	77.0	True	2	1	103.97049560546876	603.3073822021485	499.33688659667973	5.802678718503819	HuangfuESC-specific	divergent_HuangfuESC
ENSG00000004848	ARX	ARX		Homeodomain	5		OMIM:300004;OMIM:300215;OMIM:300419;OMIM:308350;OMIM:309510	111.48054809570311	45.0	True	561.2381408691406	432.0	False	2	1	111.48054809570311	561.2381408691406	449.75759277343747	5.0344042118211725	HuangfuDE-specific	divergent_HuangfuDE
ENSG00000023287	RB1CC1	RB1CC1			1		OMIM:114480	115.01624145507812	17.0	True	542.4415344238281	791.0	False	2	1	115.01624145507812	542.4415344238281	427.42529296875	4.71621683652121	HuangfuDE-specific	divergent_HuangfuDE
ENSG00000069011	PITX1	PITX1	Paired-related HD factors	Homeodomain	1		OMIM:119800	112.20086669921876	37.0	True	539.140283203125	863.0	False	2	1	112.20086669921876	539.140283203125	426.9394165039063	4.805134746850213	HuangfuDE-specific	divergent_HuangfuDE
ENSG00000105610	KLF1	KLF1	Three-zinc finger Kruppel-related	C2H2 ZF	4		OMIM:111150;OMIM:613566;OMIM:613673;OMIM:620969	114.00497436523438	21.0	True	537.6418518066406	887.0	False	2	1	114.00497436523438	537.6418518066406	423.6368774414062	4.715950815305772	HuangfuDE-specific	divergent_HuangfuDE
ENSG00000075426	FOSL2	FOSL2	Fos-related	bZIP	1		OMIM:620789	112.60972900390624	33.0	True	535.6617401123046	930.0	False	2	1	112.60972900390624	535.6617401123046	423.0520111083984	4.756798056886572	HuangfuDE-specific	divergent_HuangfuDE
ENSG00000100987	VSX1	VSX1	Paired-related HD factors	Homeodomain	2		OMIM:148300;OMIM:614195	110.37670288085936	64.0	True	531.3244995117187	1017.0	False	2	1	110.37670288085936	531.3244995117187	420.9477966308594	4.813737733090565	HuangfuDE-specific	divergent_HuangfuDE
ENSG00000005073	HOXA11	HOXA11		Homeodomain	1		OMIM:605432	111.29627685546876	47.0	True	531.033578491211	1021.0	False	2	1	111.29627685546876	531.033578491211	419.7373016357422	4.77135078993541	HuangfuDE-specific	divergent_HuangfuDE
ENSG00000064490	RFXANK	RFXANK		Unknown	1		OMIM:620815	112.20889892578126	36.0	True	516.23759765625	1313.0	False	2	1	112.20889892578126	516.23759765625	404.0286987304688	4.60068321317106	HuangfuDE-specific	divergent_HuangfuDE
ENSG00000137203	TFAP2A	TFAP2A	AP-2	AP-2	1		OMIM:113620	111.90665283203126	40.0	True	512.1638275146485	1395.0	False	2	1	111.90665283203126	512.1638275146485	400.25717468261723	4.576705803929209	HuangfuDE-specific	divergent_HuangfuDE
ENSG00000099949	LZTR1	LZTR1		Unknown	3		OMIM:605275;OMIM:615670;OMIM:616564	114.49506225585938	19.0	True	501.9032806396484	1584.0	False	2	1	114.49506225585938	501.9032806396484	387.40821838378906	4.383623806571301	HuangfuDE-specific	divergent_HuangfuDE
ENSG00000101096	NFATC2	NFATC2		Rel	1		OMIM:620232	121.32630004882812	4.0	True	501.528759765625	1588.0	False	2	1	121.32630004882812	501.528759765625	380.2024597167969	4.133718407004774	HuangfuDE-specific	divergent_HuangfuDE
ENSG00000125845	BMP2	BMP2		Unknown	3		OMIM:112600;OMIM:235200;OMIM:617877	110.27189331054689	68.0	True	497.724658203125	1653.0	False	2	1	110.27189331054689	497.724658203125	387.4527648925781	4.513613063679214	HuangfuDE-specific	divergent_HuangfuDE
ENSG00000134874	DZIP1	DZIP1		C2H2 ZF	2		OMIM:610840;OMIM:619102	110.78375244140624	58.0	True	496.6820129394531	1673.0	False	2	1	110.78375244140624	496.6820129394531	385.89826049804685	4.483347079276352	HuangfuDE-specific	divergent_HuangfuDE
ENSG00000132170	PPARG	PPARG	Thyroid hormone receptor-related factors (NR1)	Nuclear receptor	3		OMIM:125853;OMIM:601665;OMIM:604367	113.08827514648438	30.0	True	484.4239318847656	1824.0	False	2	1	113.08827514648438	484.4239318847656	371.3356567382812	4.28359112611176	HuangfuDE-specific	divergent_HuangfuDE
ENSG00000106479	ZNF862	ZNF862		Unknown	1		OMIM:620999	110.90643310546876	55.0	True	474.47259521484375	1932.0	False	2	1	110.90643310546876	474.47259521484375	363.566162109375	4.278134116563232	HuangfuDE-specific	divergent_HuangfuDE
ENSG00000136492	BRIP1	BRIP1			2		OMIM:114480;OMIM:609054	125.413818359375	2.0	True	394.6179748535157	2155.0	False	2	1	125.413818359375	394.6179748535157	269.2041564941407	3.146527073457986	HuangfuDE-specific	divergent_HuangfuDE
ENSG00000065526	SPEN	SPEN		Unknown	1		OMIM:619312	91.06763916015623	1300.0	False	601.0509399414062	87.0	False	2	0	91.06763916015623	601.0509399414062	509.98330078125	6.600049649737456	convergent_nonsignificant	convergent_moderate
ENSG00000141579	ZNF750	ZNF750		C2H2 ZF	1		OMIM:610227	82.46549682617187	1903.0	False	600.5780944824219	88.0	False	2	0	82.46549682617187	600.5780944824219	518.11259765625	7.282780285049078	convergent_nonsignificant	convergent_moderate
ENSG00000198807	PAX9	PAX9	Paired domain only	Paired box	1		OMIM:604625	99.54750366210938	525.0	False	598.8065979003907	93.0	False	2	0	99.54750366210938	598.8065979003907	499.2590942382813	6.015284922994142	convergent_nonsignificant	convergent_moderate
ENSG00000179774	ATOH7	ATOH7	Tal-related	bHLH	1		OMIM:221900	77.81558837890626	2066.0	False	598.2232269287109	94.0	False	2	0	77.81558837890626	598.2232269287109	520.4076385498047	7.6877042169981635	convergent_nonsignificant	convergent_moderate
ENSG00000108813	DLX4	DLX4		Homeodomain	1		OMIM:616788	80.77566528320312	1972.0	False	597.5477935791016	97.0	False	2	0	80.77566528320312	597.5477935791016	516.7721282958985	7.397621443092695	convergent_nonsignificant	convergent_moderate
ENSG00000178919	FOXE1	FOXE1	FOX	Forkhead	2		OMIM:241850;OMIM:616534	106.88345336914062	138.0	False	597.4914733886719	99.0	False	2	0	106.88345336914062	597.4914733886719	490.6080200195313	5.5901213382873305	convergent_nonsignificant	convergent_moderate
ENSG00000043355	ZIC2	ZIC2		C2H2 ZF	1		OMIM:609637	77.15357055664063	2078.0	False	596.4235748291015	106.0	False	2	0	77.15357055664063	596.4235748291015	519.2700042724609	7.730343139352832	convergent_nonsignificant	convergent_moderate
ENSG00000168453	HR	HR		Unknown	2		OMIM:203655;OMIM:209500	88.49512939453125	1529.0	False	595.2341827392578	110.0	False	2	0	88.49512939453125	595.2341827392578	506.7390533447265	6.726180150385108	convergent_nonsignificant	convergent_moderate
ENSG00000156150	ALX3	ALX3	Paired-related HD factors	Homeodomain	1		OMIM:136760	87.62981567382812	1597.0	False	595.2303466796875	111.0	False	2	0	87.62981567382812	595.2303466796875	507.60053100585935	6.792555046506408	convergent_nonsignificant	convergent_moderate
ENSG00000120149	MSX2	MSX2	NK	Homeodomain	3		OMIM:168500;OMIM:168550;OMIM:604757	96.71179809570312	791.0	False	594.9906341552735	113.0	False	2	0	96.71179809570312	594.9906341552735	498.2788360595704	6.152203204478615	convergent_nonsignificant	convergent_moderate
ENSG00000180053	NKX2-6	NKX2-6		Homeodomain	1		OMIM:217095	104.9736083984375	201.0	False	594.4267303466797	116.0	False	2	0	104.9736083984375	594.4267303466797	489.45312194824226	5.662630249790742	convergent_nonsignificant	convergent_moderate
ENSG00000163064	EN1	EN1	NK	Homeodomain	1		OMIM:619218	100.9602783203125	422.0	False	592.7290496826172	127.0	False	2	0	100.9602783203125	592.7290496826172	491.7687713623047	5.87091338835349	convergent_nonsignificant	convergent_moderate
ENSG00000203883	SOX18	SOX18	SOX-related factors	HMG/Sox	2		OMIM:137940;OMIM:607823	77.9719482421875	2062.0	False	592.5472106933594	128.0	False	2	0	77.9719482421875	592.5472106933594	514.5752624511719	7.59949217701804	convergent_nonsignificant	convergent_moderate
ENSG00000117595	IRF6	IRF6	Interferon-regulatory factors	IRF	3		OMIM:119300;OMIM:119500;OMIM:608864	76.93046875	2081.0	False	590.0234008789063	140.0	False	2	0	76.93046875	590.0234008789063	513.0929321289062	7.669567213951316	convergent_nonsignificant	convergent_moderate
ENSG00000204498	NFKBIL1	NFKBIL1		Unknown	1		OMIM:180300	85.69729614257812	1723.0	False	589.6458618164063	144.0	False	2	0	85.69729614257812	589.6458618164063	503.94856567382817	6.880565529575031	convergent_nonsignificant	convergent_moderate
ENSG00000176842	IRX5	IRX5	TALE-type HD	Homeodomain	1		OMIM:611174	95.80708618164064	865.0	False	589.1185760498047	146.0	False	2	0	95.80708618164064	589.1185760498047	493.311489868164	6.149008382666965	convergent_nonsignificant	convergent_moderate
ENSG00000136367	ZFHX2	ZFHX2		Homeodomain	1		OMIM:147430	93.32669067382812	1072.0	False	588.7568634033203	149.0	False	2	0	93.32669067382812	588.7568634033203	495.43017272949214	6.308558239367927	convergent_nonsignificant	convergent_moderate
ENSG00000112182	BACH2	BACH2	Jun-related	bZIP	1		OMIM:618394	102.49125366210936	321.0	False	588.7438873291015	150.0	False	2	0	102.49125366210936	588.7438873291015	486.2526336669922	5.744332967865316	convergent_nonsignificant	convergent_moderate
ENSG00000126012	KDM5C	KDM5C		ARID/BRIGHT	1		OMIM:300534	86.69296264648438	1663.0	False	587.3581237792969	160.0	False	2	0	86.69296264648438	587.3581237792969	500.6651611328125	6.775153436322386	convergent_nonsignificant	convergent_moderate
ENSG00000143365	RORC	RORC	Thyroid hormone receptor-related factors (NR1)	Nuclear receptor	1		OMIM:616622	90.85297241210938	1323.0	False	587.0199645996094	164.0	False	2	0	90.85297241210938	587.0199645996094	496.1669921875	6.4612081367782315	convergent_nonsignificant	convergent_moderate
ENSG00000118260	CREB1	CREB1	CREB-related factors	bZIP	1		OMIM:612160	101.11324462890624	413.0	False	585.6835540771484	181.0	False	2	0	101.11324462890624	585.6835540771484	484.57030944824214	5.792352487813583	convergent_nonsignificant	convergent_moderate
ENSG00000080603	SRCAP	SRCAP		AT hook	2		OMIM:136140;OMIM:619595	90.60899658203124	1354.0	False	585.3015258789062	183.0	False	2	0	90.60899658203124	585.3015258789062	494.69252929687497	6.459640300166153	convergent_nonsignificant	convergent_moderate
ENSG00000124813	RUNX2	RUNX2	Runt-related factors	Runt	2		OMIM:119600;OMIM:156510	109.34179077148436	82.0	False	584.5029388427735	188.0	False	2	0	109.34179077148436	584.5029388427735	475.1611480712891	5.345649954319279	convergent_nonsignificant	convergent_moderate
ENSG00000110693	SOX6	SOX6		HMG/Sox	1		OMIM:618971	106.09871826171874	163.0	False	584.2164978027344	192.0	False	2	0	106.09871826171874	584.2164978027344	478.1177795410156	5.506348308201233	convergent_nonsignificant	convergent_moderate
ENSG00000275410	HNF1B	HNF1B	POU domain factors	Homeodomain	3		OMIM:125853;OMIM:137920;OMIM:144700	50.9540283203125	2165.0	False	584.0865234375	195.0	False	2	0	50.9540283203125	584.0865234375	533.1324951171874	11.463009749999639	convergent_nonsignificant	convergent_moderate
ENSG00000108001	EBF3	EBF3	Early B-Cell Factor-related factors	EBF1	1		OMIM:617330	81.85650024414062	1930.0	False	583.4051635742187	199.0	False	2	0	81.85650024414062	583.4051635742187	501.54866333007806	7.12716964241309	convergent_nonsignificant	convergent_moderate
ENSG00000124766	SOX4	SOX4	SOX-related factors	HMG/Sox	1		OMIM:618506	91.665966796875	1238.0	False	582.5888793945312	204.0	False	2	0	91.665966796875	582.5888793945312	490.9229125976562	6.355563572307104	convergent_nonsignificant	convergent_moderate
ENSG00000152977	ZIC1	ZIC1	More than 3 adjacent zinc fingers	C2H2 ZF	2		OMIM:616602;OMIM:618736	80.06928100585938	1998.0	False	582.5344360351562	205.0	False	2	0	80.06928100585938	582.5344360351562	502.46515502929685	7.275379879988269	convergent_nonsignificant	convergent_moderate
ENSG00000158055	GRHL3	GRHL3		Grainyhead	1		OMIM:606713	79.65242919921874	2013.0	False	582.368862915039	206.0	False	2	0	79.65242919921874	582.368862915039	502.71643371582024	7.311376046780392	convergent_nonsignificant	convergent_moderate
ENSG00000138311	ZNF365	ZNF365		C2H2 ZF	1		OMIM:605990	74.79410400390626	2113.0	False	582.3547119140625	207.0	False	2	0	74.79410400390626	582.3547119140625	507.56060791015625	7.78610452882286	convergent_nonsignificant	convergent_moderate
ENSG00000131127	ZNF141	ZNF141		C2H2 ZF	1		OMIM:615226	97.428955078125	706.0	False	581.795132446289	212.0	False	2	0	97.428955078125	581.795132446289	484.366177368164	5.971480777760236	convergent_nonsignificant	convergent_moderate
ENSG00000164736	SOX17	SOX17		HMG/Sox	2		OMIM:613674;OMIM:621248	83.09949951171875	1880.0	False	581.765576171875	213.0	False	2	0	83.09949951171875	581.765576171875	498.6660766601562	7.000831287676215	convergent_nonsignificant	convergent_moderate
ENSG00000169554	ZEB2	ZEB2	HD-ZF	C2H2 ZF; Homeodomain	1		OMIM:235730	87.99259033203126	1564.0	False	581.3150817871094	214.0	False	2	0	87.99259033203126	581.3150817871094	493.3224914550782	6.606409466905963	convergent_nonsignificant	convergent_moderate
ENSG00000176887	SOX11	SOX11		HMG/Sox	1		OMIM:615866	99.81689453125	506.0	False	580.9469055175781	216.0	False	2	0	99.81689453125	580.9469055175781	481.1300109863281	5.820126024214259	convergent_nonsignificant	convergent_moderate
ENSG00000121653	MAPK8IP1	MAPK8IP1			1		OMIM:125853	105.61127319335938	180.0	False	580.8558013916015	217.0	False	2	0	105.61127319335938	580.8558013916015	475.24452819824216	5.499941283049739	convergent_nonsignificant	convergent_moderate
ENSG00000137265	IRF4	IRF4	Interferon-regulatory factors	IRF	2		OMIM:611724;OMIM:621097	103.84732666015626	251.0	False	580.648812866211	221.0	False	2	0	103.84732666015626	580.648812866211	476.80148620605473	5.591369865171426	convergent_nonsignificant	convergent_moderate
ENSG00000182944	EWSR1	EWSR1		Unknown	1		OMIM:612219	95.65855102539062	879.0	False	580.1105102539062	224.0	False	2	0	95.65855102539062	580.1105102539062	484.4519592285156	6.064387386548722	convergent_nonsignificant	convergent_moderate
ENSG00000148516	ZEB1	ZEB1	HD-ZF factors	C2H2 ZF; Homeodomain	2		OMIM:609141;OMIM:613270	92.26226196289062	1168.0	False	579.8746795654297	227.0	False	2	0	92.26226196289062	579.8746795654297	487.61241760253904	6.285068967837193	convergent_nonsignificant	convergent_moderate
ENSG00000183733	FIGLA	FIGLA	Tal-related	bHLH	1		OMIM:612310	91.41763916015626	1263.0	False	579.1099029541016	229.0	False	2	0	91.41763916015626	579.1099029541016	487.69226379394536	6.33477202293037	convergent_nonsignificant	convergent_moderate
ENSG00000100207	TCF20	TCF20		Unknown	1		OMIM:618430	77.87169799804687	2065.0	False	577.5490844726562	246.0	False	2	0	77.87169799804687	577.5490844726562	499.6773864746093	7.416675112017487	convergent_nonsignificant	convergent_moderate
ENSG00000101126	ADNP	ADNP		Homeodomain	1		OMIM:615873	88.95036010742187	1493.0	False	577.2775787353515	247.0	False	2	0	88.95036010742187	577.2775787353515	488.32721862792965	6.489884673183965	convergent_nonsignificant	convergent_moderate
ENSG00000061337	LZTS1	LZTS1		Unknown	1		OMIM:133239	87.919580078125	1570.0	False	576.6887237548829	256.0	False	2	0	87.919580078125	576.6887237548829	488.76914367675784	6.5592752290495415	convergent_nonsignificant	convergent_moderate
ENSG00000052850	ALX4	ALX4		Homeodomain	3		OMIM:609597;OMIM:613451;OMIM:615529	87.82459716796875	1581.0	False	575.5196533203125	264.0	False	2	0	87.82459716796875	575.5196533203125	487.69505615234374	6.553057706824474	convergent_nonsignificant	convergent_moderate
ENSG00000107485	GATA3	GATA3	C4-GATA-related	GATA	1		OMIM:146255	90.0867431640625	1406.0	False	575.4296813964844	265.0	False	2	0	90.0867431640625	575.4296813964844	485.3429382324219	6.387506764991316	convergent_nonsignificant	convergent_moderate
ENSG00000049768	FOXP3	FOXP3	FOX	Forkhead	1		OMIM:304790	101.72981567382811	368.0	False	573.2880340576172	279.0	False	2	0	101.72981567382811	573.2880340576172	471.5582183837891	5.635398336862476	convergent_nonsignificant	convergent_moderate
ENSG00000101266	CSNK2A1	CSNK2A1			1		OMIM:617062	94.20072631835936	992.0	False	573.1824340820312	280.0	False	2	0	94.20072631835936	573.1824340820312	478.9817077636719	6.084692299981982	convergent_nonsignificant	convergent_moderate
ENSG00000148400	NOTCH1	NOTCH1		Unknown	2		OMIM:109730;OMIM:616028	99.61323852539064	518.0	False	572.8664398193359	283.0	False	2	0	99.61323852539064	572.8664398193359	473.25320129394527	5.75090668970989	convergent_nonsignificant	convergent_moderate
ENSG00000168269	FOXI1	FOXI1	FOX	Forkhead	2		OMIM:274600;OMIM:600791	81.72158203125	1932.0	False	571.8830291748047	295.0	False	2	0	81.72158203125	571.8830291748047	490.1614471435547	6.997943688316252	convergent_nonsignificant	convergent_moderate
ENSG00000133937	GSC	GSC	Paired-related HD factors	Homeodomain	1		OMIM:602471	106.0108154296875	167.0	False	571.7913513183594	297.0	False	2	0	106.0108154296875	571.7913513183594	465.78053588867186	5.393707698603682	convergent_nonsignificant	convergent_moderate
ENSG00000179111	HES7	HES7	Hairy-related factors	bHLH	1		OMIM:613686	91.65869140625	1239.0	False	571.4524353027343	298.0	False	2	0	91.65869140625	571.4524353027343	479.79374389648433	6.234568992153081	convergent_nonsignificant	convergent_moderate
ENSG00000147133	TAF1	TAF1		Unknown	2		OMIM:300966;OMIM:314250	98.4592041015625	622.0	False	571.2695709228516	301.0	False	2	0	98.4592041015625	571.2695709228516	472.8103668212891	5.8020941377260815	convergent_nonsignificant	convergent_moderate
ENSG00000138083	SIX3	SIX3		Homeodomain	2		OMIM:157170;OMIM:269160	88.8036376953125	1509.0	False	571.154833984375	303.0	False	2	0	88.8036376953125	571.154833984375	482.35119628906256	6.431660332924891	convergent_nonsignificant	convergent_moderate
ENSG00000120693	SMAD9	SMAD9		SMAD	1		OMIM:615342	85.020703125	1761.0	False	571.099819946289	307.0	False	2	0	85.020703125	571.099819946289	486.079116821289	6.717185331984856	convergent_nonsignificant	convergent_moderate
ENSG00000169297	NR0B1	NR0B1		Unknown	2		OMIM:300018;OMIM:300200	105.51685791015623	185.0	False	570.9488464355469	310.0	False	2	0	105.51685791015623	570.9488464355469	465.4319885253907	5.41097278428902	convergent_nonsignificant	convergent_moderate
ENSG00000122859	NEUROG3	NEUROG3		bHLH	1		OMIM:610370	92.20680541992188	1176.0	False	570.8543640136719	311.0	False	2	0	92.20680541992188	570.8543640136719	478.64755859375003	6.191022033720031	convergent_nonsignificant	convergent_moderate
ENSG00000067955	CBFB	CBFB		Unknown	1		OMIM:620099	73.94260864257812	2122.0	False	570.8354553222656	312.0	False	2	0	73.94260864257812	570.8354553222656	496.89284667968747	7.719979938516307	convergent_nonsignificant	convergent_moderate
ENSG00000100219	XBP1	XBP1	XBP-1-related factors	bZIP	1		OMIM:612371	93.13856201171876	1089.0	False	570.1834197998047	317.0	False	2	0	93.13856201171876	570.1834197998047	477.04485778808595	6.121883433502697	convergent_nonsignificant	convergent_moderate
ENSG00000162599	NFIA	NFIA	Nuclear factor 1	SMAD	1		OMIM:613735	83.33805541992187	1869.0	False	569.2238037109375	328.0	False	2	0	83.33805541992187	569.2238037109375	485.88574829101566	6.830298605393968	convergent_nonsignificant	convergent_moderate
ENSG00000126603	GLIS2	GLIS2	More than 3 adjacent zinc fingers	C2H2 ZF	1		OMIM:611498	89.00676879882812	1488.0	False	569.12568359375	329.0	False	2	0	89.00676879882812	569.12568359375	480.1189147949218	6.394184299399521	convergent_nonsignificant	convergent_moderate
ENSG00000123364	HOXC13	HOXC13	HOX	Homeodomain	1		OMIM:614931	95.43750610351564	898.0	False	568.802783203125	335.0	False	2	0	95.43750610351564	568.802783203125	473.3652770996094	5.959950195955215	convergent_nonsignificant	convergent_moderate
ENSG00000163939	PBRM1	PBRM1		HMG/Sox	1		OMIM:144700	79.49881591796876	2019.0	False	568.5111999511719	339.0	False	2	0	79.49881591796876	568.5111999511719	489.01238403320315	7.151190786763327	convergent_nonsignificant	convergent_moderate
ENSG00000165462	PHOX2A	PHOX2A	Paired-related HD factors	Homeodomain	1		OMIM:602078	81.53870239257813	1943.0	False	568.4851867675782	340.0	False	2	0	81.53870239257813	568.4851867675782	486.94648437500007	6.971967545307947	convergent_nonsignificant	convergent_moderate
ENSG00000149922	TBX6	TBX6	TBX6-related factors	T-box	1		OMIM:122600	91.94407958984377	1208.0	False	568.4755401611328	341.0	False	2	0	91.94407958984377	568.4755401611328	476.531460571289	6.182840077328124	convergent_nonsignificant	convergent_moderate
ENSG00000165643	SOHLH1	SOHLH1		bHLH	2		OMIM:617690;OMIM:618115	90.38092651367188	1375.0	False	568.2853881835938	343.0	False	2	0	90.38092651367188	568.2853881835938	477.90446166992194	6.287669424340649	convergent_nonsignificant	convergent_moderate
ENSG00000163666	HESX1	HESX1	Paired-related HD factors	Homeodomain	1		OMIM:182230	90.91119384765624	1318.0	False	567.7451721191406	351.0	False	2	0	90.91119384765624	567.7451721191406	476.8339782714844	6.245052430732957	convergent_nonsignificant	convergent_moderate
ENSG00000198482	ZNF808	ZNF808		C2H2 ZF	1		OMIM:620991	84.02396240234376	1834.0	False	567.7350311279297	352.0	False	2	0	84.02396240234376	567.7350311279297	483.71106872558596	6.756822874043528	convergent_nonsignificant	convergent_moderate
ENSG00000135899	SP110	SP110		SAND	2		OMIM:235550;OMIM:607948	103.94495849609376	246.0	False	567.7018188476562	353.0	False	2	0	103.94495849609376	567.7018188476562	463.75686035156247	5.461561840625396	convergent_nonsignificant	convergent_moderate
ENSG00000008441	NFIX	NFIX	Nuclear factor 1	SMAD	2		OMIM:602535;OMIM:614753	95.6707275390625	876.0	False	567.3804779052734	355.0	False	2	0	95.6707275390625	567.3804779052734	471.7097503662109	5.9305546482189255	convergent_nonsignificant	convergent_moderate
ENSG00000106331	PAX4	PAX4	Paired plus homeo domain	Homeodomain; Paired box	3		OMIM:125853;OMIM:612225;OMIM:612227	72.54876098632812	2137.0	False	567.3195495605469	356.0	False	2	0	72.54876098632812	567.3195495605469	494.7707885742187	7.8198378834816875	convergent_nonsignificant	convergent_moderate
ENSG00000149968	MMP3	MMP3			1		OMIM:614466	92.04920654296876	1194.0	False	566.9517364501953	360.0	False	2	0	92.04920654296876	566.9517364501953	474.90252990722655	6.159224590225458	convergent_nonsignificant	convergent_moderate
ENSG00000116044	NFE2L2	NFE2L2	Jun-related	bZIP	1		OMIM:617744	103.9576416015625	244.0	False	566.4053833007813	365.0	False	2	0	103.9576416015625	566.4053833007813	462.4477416992188	5.448424710052946	convergent_nonsignificant	convergent_moderate
ENSG00000162676	GFI1	GFI1	More than 3 adjacent zinc fingers	C2H2 ZF	2		OMIM:607847;OMIM:613107	101.5809326171875	379.0	False	566.3125640869141	367.0	False	2	0	101.5809326171875	566.3125640869141	464.7316314697266	5.574988824143696	convergent_nonsignificant	convergent_moderate
ENSG00000148826	NKX6-2	NKX6-2	NK	Homeodomain	1		OMIM:617560	104.52191162109376	222.0	False	565.7638366699218	377.0	False	2	0	104.52191162109376	565.7638366699218	461.2419250488281	5.412873032028855	convergent_nonsignificant	convergent_moderate
ENSG00000129535	NRL	NRL	Maf-related	bZIP	2		OMIM:613750;OMIM:621371	105.70899047851564	176.0	False	565.3528289794922	382.0	False	2	0	105.70899047851564	565.3528289794922	459.6438385009765	5.348200057727302	convergent_nonsignificant	convergent_moderate
ENSG00000148704	VAX1	VAX1	NK	Homeodomain	1		OMIM:614402	106.84959106445312	142.0	False	564.3980590820313	388.0	False	2	0	106.84959106445312	564.3980590820313	457.54846801757816	5.282173319143344	convergent_nonsignificant	convergent_moderate
ENSG00000103479	RBL2	RBL2		Unknown	1		OMIM:619690	107.32569580078123	124.0	False	564.2921600341797	390.0	False	2	0	107.32569580078123	564.2921600341797	456.9664642333985	5.257754499739028	convergent_nonsignificant	convergent_moderate
ENSG00000119614	VSX2	VSX2	Paired-related HD factors	Homeodomain	2		OMIM:610092;OMIM:610093	97.603955078125	691.0	False	564.0916290283203	394.0	False	2	0	97.603955078125	564.0916290283203	466.4876739501953	5.779393146279833	convergent_nonsignificant	convergent_moderate
ENSG00000153487	ING1	ING1			1		OMIM:275355	95.99013671875	852.0	False	563.9427490234375	395.0	False	2	0	95.99013671875	563.9427490234375	467.9526123046875	5.875007248669552	convergent_nonsignificant	convergent_moderate
ENSG00000095574	IKZF5	IKZF5		C2H2 ZF	1		OMIM:619130	104.16690673828126	234.0	False	563.5691162109375	400.0	False	2	0	104.16690673828126	563.5691162109375	459.4022094726563	5.410251046687041	convergent_nonsignificant	convergent_moderate
ENSG00000169083	AR	AR	Steroid hormone receptors (NR3)	Nuclear receptor	5		OMIM:300068;OMIM:300633;OMIM:301120;OMIM:312300;OMIM:313200	85.14085693359375	1754.0	False	563.5177612304688	402.0	False	2	0	85.14085693359375	563.5177612304688	478.376904296875	6.61865268363447	convergent_nonsignificant	convergent_moderate
ENSG00000170581	STAT2	STAT2		STAT	2		OMIM:616636;OMIM:618886	90.18363647460936	1397.0	False	563.4839660644532	404.0	False	2	0	90.18363647460936	563.4839660644532	473.30032958984384	6.248184128426653	convergent_nonsignificant	convergent_moderate
ENSG00000145912	NHP2	NHP2			2		OMIM:224230;OMIM:613987	84.19972534179688	1824.0	False	563.385775756836	406.0	False	2	0	84.19972534179688	563.385775756836	479.1860504150391	6.691064293498003	convergent_nonsignificant	convergent_moderate
ENSG00000049167	ERCC8	ERCC8			2		OMIM:216400;OMIM:614621	102.63960571289064	316.0	False	563.2893188476562	407.0	False	2	0	102.63960571289064	563.2893188476562	460.64971313476553	5.4880308135956914	convergent_nonsignificant	convergent_moderate
ENSG00000165702	GFI1B	GFI1B		C2H2 ZF	1		OMIM:187900	97.6004638671875	692.0	False	562.2612060546875	419.0	False	2	0	97.6004638671875	562.2612060546875	464.6607421875	5.760845633067889	convergent_nonsignificant	convergent_moderate
ENSG00000169594	BNC1	BNC1		C2H2 ZF	1		OMIM:618723	81.35458374023438	1952.0	False	562.1002624511718	421.0	False	2	0	81.35458374023438	562.1002624511718	480.74567871093745	6.909263579369553	convergent_nonsignificant	convergent_moderate
ENSG00000014824	SLC30A9	SLC30A9		Unknown	1		OMIM:617595	100.24063720703126	467.0	False	561.8346954345703	423.0	False	2	0	100.24063720703126	561.8346954345703	461.5940582275391	5.604859576802063	convergent_nonsignificant	convergent_moderate
ENSG00000152192	POU4F1	POU4F1	POU domain factors	Homeodomain; POU	1		OMIM:619352	98.66795654296877	600.0	False	561.717318725586	426.0	False	2	0	98.66795654296877	561.717318725586	463.0493621826172	5.693006507953416	convergent_nonsignificant	convergent_moderate
ENSG00000173068	BNC2	BNC2	Factors with multiple dispersed zinc fingers	C2H2 ZF	1		OMIM:618612	90.70271606445311	1345.0	False	561.5547882080078	428.0	False	2	0	90.70271606445311	561.5547882080078	470.8520721435547	6.191157360811207	convergent_nonsignificant	convergent_moderate
ENSG00000137309	HMGA1	HMGA1		AT hook	1		OMIM:125853	84.51973876953124	1798.0	False	561.536752319336	429.0	False	2	0	84.51973876953124	561.536752319336	477.0170135498047	6.643853382587191	convergent_nonsignificant	convergent_moderate
ENSG00000196110	ZNF699	ZNF699	More than 3 adjacent zinc fingers	C2H2 ZF	1		OMIM:619488	103.99505004882812	242.0	False	561.1069061279297	435.0	False	2	0	103.99505004882812	561.1069061279297	457.1118560791016	5.395515516021934	convergent_nonsignificant	convergent_moderate
ENSG00000064195	DLX3	DLX3		Homeodomain	2		OMIM:104510;OMIM:190320	68.88396606445312	2155.0	False	560.9710723876954	437.0	False	2	0	68.88396606445312	560.9710723876954	492.0871063232422	8.14371042257944	convergent_nonsignificant	convergent_moderate
ENSG00000109101	FOXN1	FOXN1		Forkhead	3		OMIM:242700;OMIM:601705;OMIM:618806	98.65574951171877	602.0	False	560.6599578857422	441.0	False	2	0	98.65574951171877	560.6599578857422	462.0042083740234	5.682993243279192	convergent_nonsignificant	convergent_moderate
ENSG00000111087	GLI1	GLI1		C2H2 ZF	2		OMIM:174400;OMIM:618123	92.63622436523436	1134.0	False	560.6208801269531	442.0	False	2	0	92.63622436523436	560.6208801269531	467.9846557617188	6.051853731825341	convergent_nonsignificant	convergent_moderate
ENSG00000125347	IRF1	IRF1	Interferon-regulatory factors	IRF	3		OMIM:211980;OMIM:613659;OMIM:620668	89.32698974609374	1466.0	False	560.3544128417968	446.0	False	2	0	89.32698974609374	560.3544128417968	471.02742309570306	6.273069476924817	convergent_nonsignificant	convergent_moderate
ENSG00000119950	MXI1	MXI1	bHLH-ZIP	bHLH	1		OMIM:176807	92.16138305664064	1182.0	False	560.1551788330078	452.0	False	2	0	92.16138305664064	560.1551788330078	467.9937957763671	6.077981473962332	convergent_nonsignificant	convergent_moderate
ENSG00000185960	SHOX	SHOX	Paired-related HD factors	Homeodomain	3		OMIM:127300;OMIM:249700;OMIM:300582	83.79116821289062	1845.0	False	559.7955291748046	459.0	False	2	0	83.79116821289062	559.7955291748046	476.004360961914	6.680841681936169	convergent_nonsignificant	convergent_moderate
ENSG00000257923	CUX1	CUX1	HD-CUT	CUT; Homeodomain	1		OMIM:618330	107.89966430664064	114.0	False	559.3265167236328	464.0	False	2	0	107.89966430664064	559.3265167236328	451.4268524169922	5.1837651239959355	convergent_nonsignificant	convergent_moderate
ENSG00000103326	CAPN15	CAPN15		Unknown	1		OMIM:619318	84.8120361328125	1779.0	False	559.2484710693359	466.0	False	2	0	84.8120361328125	559.2484710693359	474.43643493652337	6.593975296072053	convergent_nonsignificant	convergent_moderate
ENSG00000127152	BCL11B	BCL11B		C2H2 ZF	2		OMIM:617237;OMIM:618092	94.97278442382812	936.0	False	558.8412292480468	471.0	False	2	0	94.97278442382812	558.8412292480468	463.8684448242187	5.8842249665351165	convergent_nonsignificant	convergent_moderate
ENSG00000061455	PRDM6	PRDM6		C2H2 ZF	1		OMIM:617039	101.216943359375	406.0	False	558.7079620361328	473.0	False	2	0	101.216943359375	558.7079620361328	457.4910186767578	5.51990549697215	convergent_nonsignificant	convergent_moderate
ENSG00000132024	CC2D1A	CC2D1A		Unknown	1		OMIM:608443	98.51531982421876	616.0	False	558.5324127197266	476.0	False	2	0	98.51531982421876	558.5324127197266	460.01709289550786	5.66949804067345	convergent_nonsignificant	convergent_moderate
ENSG00000196092	PAX5	PAX5	Paired domain only	Paired box	1		OMIM:615545	99.39274291992189	534.0	False	558.4799865722656	478.0	False	2	0	99.39274291992189	558.4799865722656	459.0872436523437	5.618921162304759	convergent_nonsignificant	convergent_moderate
ENSG00000164532	TBX20	TBX20	TBX1-related factors	T-box	1		OMIM:611363	79.14705200195313	2030.0	False	558.4628692626953	479.0	False	2	0	79.14705200195313	558.4628692626953	479.3158172607422	7.0560160503377185	convergent_nonsignificant	convergent_moderate
ENSG00000147180	ZNF711	ZNF711		C2H2 ZF	1		OMIM:300803	86.81962280273437	1653.0	False	558.4282684326172	480.0	False	2	0	86.81962280273437	558.4282684326172	471.6086456298828	6.432051308279003	convergent_nonsignificant	convergent_moderate
ENSG00000111669	TPI1	TPI1			1		OMIM:615512	86.89500732421875	1645.0	False	558.3168060302735	481.0	False	2	0	86.89500732421875	558.3168060302735	471.42179870605474	6.425188549062512	convergent_nonsignificant	convergent_moderate
ENSG00000143373	ZNF687	ZNF687		C2H2 ZF	1		OMIM:616833	91.60661010742189	1248.0	False	558.2375305175781	483.0	False	2	0	91.60661010742189	558.2375305175781	466.6309204101562	6.093856435283049	convergent_nonsignificant	convergent_low
ENSG00000185811	IKZF1	IKZF1	Factors with multiple dispersed zinc fingers	C2H2 ZF	1		OMIM:616873	87.83978881835938	1576.0	False	558.1732421875	484.0	False	2	0	87.83978881835938	558.1732421875	470.33345336914067	6.354446540641458	convergent_nonsignificant	convergent_low
ENSG00000116016	EPAS1	EPAS1	PAS domain factors	bHLH	1		OMIM:611783	89.63982543945312	1443.0	False	558.0322113037109	487.0	False	2	0	89.63982543945312	558.0322113037109	468.3923858642578	6.225271061919143	convergent_nonsignificant	convergent_low
ENSG00000169375	SIN3A	SIN3A		Unknown	1		OMIM:613406	109.75591430664062	75.0	False	557.6591918945312	493.0	False	2	0	109.75591430664062	557.6591918945312	447.90327758789056	5.08090334281686	convergent_nonsignificant	convergent_low
ENSG00000124827	GCM2	GCM2	GCM	GCM	2		OMIM:617343;OMIM:618883	95.1692626953125	921.0	False	557.5159515380859	495.0	False	2	0	95.1692626953125	557.5159515380859	462.3466888427734	5.858151421462531	convergent_nonsignificant	convergent_low
ENSG00000111049	MYF5	MYF5	MyoD/ASC-related factors	bHLH	1		OMIM:618155	102.15760498046876	340.0	False	557.4327667236328	499.0	False	2	0	102.15760498046876	557.4327667236328	455.275161743164	5.4565958827069885	convergent_nonsignificant	convergent_low
ENSG00000166888	STAT6	STAT6		STAT	1		OMIM:620532	95.7744873046875	867.0	False	557.4272186279297	500.0	False	2	0	95.7744873046875	557.4272186279297	461.6527313232422	5.820205717777281	convergent_nonsignificant	convergent_low
ENSG00000106410	NOBOX	NOBOX		Homeodomain	1		OMIM:611548	78.83195190429687	2037.0	False	557.3037872314453	503.0	False	2	0	78.83195190429687	557.3037872314453	478.4718353271484	7.069516531926295	convergent_nonsignificant	convergent_low
ENSG00000181827	RFX7	RFX7	RFX-related factors	RFX	1		OMIM:620330	93.42840576171876	1064.0	False	557.1650360107421	506.0	False	2	0	93.42840576171876	557.1650360107421	463.7366302490234	5.9635507153118335	convergent_nonsignificant	convergent_low
ENSG00000111424	VDR	VDR	Thyroid hormone receptor-related factors (NR1)	Nuclear receptor	1		OMIM:277440	87.82367553710938	1582.0	False	556.7627716064453	516.0	False	2	0	87.82367553710938	556.7627716064453	468.93909606933596	6.3395521560833386	convergent_nonsignificant	convergent_low
ENSG00000126705	AHDC1	AHDC1		AT hook	1		OMIM:615829	87.703515625	1590.0	False	556.3637573242188	522.0	False	2	0	87.703515625	556.3637573242188	468.6602416992188	6.343688201771773	convergent_nonsignificant	convergent_low
ENSG00000166949	SMAD3	SMAD3	SMAD factors	SMAD	1		OMIM:613795	94.77489624023436	947.0	False	556.14130859375	526.0	False	2	0	94.77489624023436	556.14130859375	461.3664123535156	5.8680233970823785	convergent_nonsignificant	convergent_low
ENSG00000225830	ERCC6	ERCC6			7		OMIM:133540;OMIM:211980;OMIM:214150;OMIM:278800;OMIM:600630;OMIM:613761;OMIM:616946	100.95062255859376	423.0	False	555.8847076416016	530.0	False	2	0	100.95062255859376	555.8847076416016	454.93408508300786	5.506501035384452	convergent_nonsignificant	convergent_low
ENSG00000150907	FOXO1	FOXO1		Forkhead	1		OMIM:268220	84.5395263671875	1796.0	False	555.5312072753907	536.0	False	2	0	84.5395263671875	555.5312072753907	470.9916809082032	6.571259991007119	convergent_nonsignificant	convergent_low
ENSG00000106536	POU6F2	POU6F2	POU domain factors	Homeodomain; POU	1		OMIM:601583	94.39306640625	977.0	False	555.3992279052734	539.0	False	2	0	94.39306640625	555.3992279052734	461.0061614990234	5.883898564275257	convergent_nonsignificant	convergent_low
ENSG00000180318	ALX1	ALX1		Homeodomain	1		OMIM:613456	81.18472290039062	1960.0	False	555.36650390625	540.0	False	2	0	81.18472290039062	555.36650390625	474.1817810058594	6.840775999046711	convergent_nonsignificant	convergent_low
ENSG00000140262	TCF12	TCF12	E2A	bHLH	2		OMIM:615314;OMIM:619718	106.505908203125	152.0	False	554.6439208984375	548.0	False	2	0	106.505908203125	554.6439208984375	448.1380126953125	5.2076352406726265	convergent_nonsignificant	convergent_low
ENSG00000140009	ESR2	ESR2	Steroid hormone receptors (NR3)	Nuclear receptor	1		OMIM:618187	109.79141845703126	74.0	False	554.4668334960937	550.0	False	2	0	109.79141845703126	554.4668334960937	444.6754150390625	5.050183714614215	convergent_nonsignificant	convergent_low
ENSG00000105722	ERF	ERF	Ets-related	Ets	2		OMIM:600775;OMIM:617180	97.16721801757812	741.0	False	554.3904724121094	551.0	False	2	0	97.16721801757812	554.3904724121094	457.22325439453124	5.705529948503999	convergent_nonsignificant	convergent_low
ENSG00000188994	ZNF292	ZNF292		C2H2 ZF	1		OMIM:619188	90.5890625	1357.0	False	554.0942108154297	556.0	False	2	0	90.5890625	554.0942108154297	463.5051483154297	6.116568551699381	convergent_nonsignificant	convergent_low
ENSG00000111676	ATN1	ATN1			2		OMIM:125370;OMIM:618494	79.35645141601563	2025.0	False	553.7362731933594	562.0	False	2	0	79.35645141601563	553.7362731933594	474.37982177734375	6.977835617805925	convergent_nonsignificant	convergent_low
ENSG00000176692	FOXC2	FOXC2	FOX	Forkhead	1		OMIM:153400	96.10146484375	842.0	False	553.6379119873047	564.0	False	2	0	96.10146484375	553.6379119873047	457.5364471435547	5.760972664542177	convergent_nonsignificant	convergent_low
ENSG00000159140	SON	SON		Unknown	1		OMIM:617140	100.1708251953125	474.0	False	553.5289031982422	567.0	False	2	0	100.1708251953125	553.5289031982422	453.35807800292974	5.525849488800504	convergent_nonsignificant	convergent_low
ENSG00000186487	MYT1L	MYT1L	MYT	C2H2 ZF	1		OMIM:616521	90.7281494140625	1342.0	False	553.3788482666016	571.0	False	2	0	90.7281494140625	553.3788482666016	462.6506988525391	6.099307126183157	convergent_nonsignificant	convergent_low
ENSG00000148200	NR6A1	NR6A1	GCNF-related receptors (NR6)	Nuclear receptor	1		OMIM:621277	90.94281005859376	1312.0	False	553.3090881347656	572.0	False	2	0	90.94281005859376	553.3090881347656	462.36627807617185	6.084143295971091	convergent_nonsignificant	convergent_low
ENSG00000170325	PRDM10	PRDM10		C2H2 ZF	1		OMIM:620459	90.9652099609375	1309.0	False	553.3034393310547	573.0	False	2	0	90.9652099609375	553.3034393310547	462.33822937011723	6.082582995945985	convergent_nonsignificant	convergent_low
ENSG00000128573	FOXP2	FOXP2	FOX	Forkhead	1		OMIM:602081	101.74376831054688	366.0	False	553.0799102783203	580.0	False	2	0	101.74376831054688	553.0799102783203	451.3361419677734	5.436007722754922	convergent_nonsignificant	convergent_low
ENSG00000131931	THAP1	THAP1	THAP-related factors	THAP finger	1		OMIM:602629	74.42646484375	2117.0	False	552.9419525146484	584.0	False	2	0	74.42646484375	552.9419525146484	478.5154876708984	7.429372786622177	convergent_nonsignificant	convergent_low
ENSG00000159216	RUNX1	RUNX1	Runt-related factors	Runt	2		OMIM:601399;OMIM:601626	101.49507446289064	388.0	False	552.661734008789	585.0	False	2	0	101.49507446289064	552.661734008789	451.16665954589837	5.445207434286451	convergent_nonsignificant	convergent_low
ENSG00000142611	PRDM16	PRDM16		C2H2 ZF	1		OMIM:615373	100.52537841796877	445.0	False	552.6441650390625	586.0	False	2	0	100.52537841796877	552.6441650390625	452.1187866210937	5.497558663656601	convergent_nonsignificant	convergent_low
ENSG00000162601	MYSM1	MYSM1		Myb/SANT	1		OMIM:618116	93.51141357421876	1056.0	False	552.639779663086	587.0	False	2	0	93.51141357421876	552.639779663086	459.1283660888672	5.909864459748148	convergent_nonsignificant	convergent_low
ENSG00000165588	OTX2	OTX2	Paired-related HD factors	Homeodomain	2		OMIM:610125;OMIM:613986	92.87068481445311	1107.0	False	552.6000244140625	589.0	False	2	0	92.87068481445311	552.6000244140625	459.72933959960943	5.950209428498405	convergent_nonsignificant	convergent_low
ENSG00000184895	SRY	SRY	SOX-related factors	HMG/Sox	2		OMIM:400044;OMIM:400045	100.11788940429688	478.0	False	552.2032958984375	595.0	False	2	0	100.11788940429688	552.2032958984375	452.08540649414067	5.5155307326598315	convergent_nonsignificant	convergent_low
ENSG00000147140	NONO	NONO		Unknown	1		OMIM:300967	97.28310546875	728.0	False	551.3264801025391	609.0	False	2	0	97.28310546875	551.3264801025391	454.0433746337891	5.6672376713923915	convergent_nonsignificant	convergent_low
ENSG00000176678	FOXL1	FOXL1	FOX	Forkhead	1		OMIM:620576	81.57630004882813	1940.0	False	551.2791534423828	610.0	False	2	0	81.57630004882813	551.2791534423828	469.70285339355473	6.757834727885555	convergent_nonsignificant	convergent_low
ENSG00000278570	NR2E3	NR2E3		Nuclear receptor	2		OMIM:268100;OMIM:611131	87.38255615234375	1612.0	False	550.594125366211	619.0	False	2	0	87.38255615234375	550.594125366211	463.2115692138672	6.300961537521274	convergent_nonsignificant	convergent_low
ENSG00000131910	NR0B2	NR0B2		Unknown	1		OMIM:601665	97.43043212890623	705.0	False	550.5683380126953	620.0	False	2	0	97.43043212890623	550.5683380126953	453.13790588378913	5.650886750499688	convergent_nonsignificant	convergent_low
ENSG00000128604	IRF5	IRF5	Interferon-regulatory factors	IRF	2		OMIM:612245;OMIM:612251	95.20032958984376	915.0	False	550.186978149414	626.0	False	2	0	95.20032958984376	550.186978149414	454.98664855957026	5.779254972328473	convergent_nonsignificant	convergent_low
ENSG00000109320	NFKB1	NFKB1	NF-kappaB-related factors	Rel	1		OMIM:616576	95.3688232421875	903.0	False	549.8542633056641	629.0	False	2	0	95.3688232421875	549.8542633056641	454.4854400634766	5.765555709011094	convergent_nonsignificant	convergent_low
ENSG00000198914	POU3F3	POU3F3	POU domain factors	Homeodomain; POU	1		OMIM:618604	97.17906494140624	738.0	False	549.7273254394531	631.0	False	2	0	97.17906494140624	549.7273254394531	452.5482604980469	5.656849299495825	convergent_nonsignificant	convergent_low
ENSG00000101076	HNF4A	HNF4A	RXR-related receptors (NR2)	Nuclear receptor	3		OMIM:125850;OMIM:125853;OMIM:616026	92.2903564453125	1165.0	False	549.5043060302735	637.0	False	2	0	92.2903564453125	549.5043060302735	457.213949584961	5.954081522654941	convergent_nonsignificant	convergent_low
ENSG00000205899	BHLHA9	BHLHA9		bHLH	2		OMIM:607539;OMIM:609432	89.49468383789062	1453.0	False	549.2243530273438	642.0	False	2	0	89.49468383789062	549.2243530273438	459.72966918945315	6.136949475369966	convergent_nonsignificant	convergent_low
ENSG00000159184	HOXB13	HOXB13	HOX	Homeodomain	1		OMIM:610997	96.73572387695312	788.0	False	549.1652282714844	643.0	False	2	0	96.73572387695312	549.1652282714844	452.42950439453125	5.676964065209426	convergent_nonsignificant	convergent_low
ENSG00000157933	SKI	SKI		Unknown	1		OMIM:182212	107.72225952148438	120.0	False	549.0294952392578	646.0	False	2	0	107.72225952148438	549.0294952392578	441.30723571777344	5.096713508221187	convergent_nonsignificant	convergent_low
ENSG00000125850	OVOL2	OVOL2	More than 3 adjacent zinc fingers	C2H2 ZF	1		OMIM:122000	89.10679931640625	1480.0	False	548.9443237304688	647.0	False	2	0	89.10679931640625	548.9443237304688	459.83752441406256	6.160521171692425	convergent_nonsignificant	convergent_low
ENSG00000122778	KIAA1549	KIAA1549		Unknown	1		OMIM:618613	77.95659790039062	2063.0	False	548.7272064208985	651.0	False	2	0	77.95659790039062	548.7272064208985	470.77060852050784	7.038880879871606	convergent_nonsignificant	convergent_low
ENSG00000112041	TULP1	TULP1			2		OMIM:600132;OMIM:613843	107.46869506835938	121.0	False	548.6828063964844	652.0	False	2	0	107.46869506835938	548.6828063964844	441.214111328125	5.105512875609727	convergent_nonsignificant	convergent_low
ENSG00000134532	SOX5	SOX5		HMG/Sox	1		OMIM:616803	99.28373413085936	548.0	False	548.6618804931641	654.0	False	2	0	99.28373413085936	548.6618804931641	449.37814636230473	5.526201097251327	convergent_nonsignificant	convergent_low
ENSG00000074047	GLI2	GLI2	More than 3 adjacent zinc fingers	C2H2 ZF	2		OMIM:610829;OMIM:615849	102.1781982421875	338.0	False	548.505160522461	657.0	False	2	0	102.1781982421875	548.505160522461	446.3269622802735	5.368123239190112	convergent_nonsignificant	convergent_low
ENSG00000066422	ZBTB11	ZBTB11	More than 3 adjacent zinc fingers	C2H2 ZF	1		OMIM:618383	86.9964111328125	1632.0	False	548.5006164550781	658.0	False	2	0	86.9964111328125	548.5006164550781	461.5042053222656	6.304864871008451	convergent_nonsignificant	convergent_low
ENSG00000189120	SP6	SP6		C2H2 ZF	1		OMIM:620104	100.6767333984375	434.0	False	547.9950378417968	665.0	False	2	0	100.6767333984375	547.9950378417968	447.31830444335935	5.443115001288884	convergent_nonsignificant	convergent_low
ENSG00000106031	HOXA13	HOXA13	HOX	Homeodomain	2		OMIM:140000;OMIM:176305	98.16561889648438	640.0	False	547.9289489746094	668.0	False	2	0	98.16561889648438	547.9289489746094	449.763330078125	5.581678749994948	convergent_nonsignificant	convergent_low
ENSG00000072364	AFF4	AFF4		Unknown	1		OMIM:616368	95.54949340820312	890.0	False	547.7749847412109	671.0	False	2	0	95.54949340820312	547.7749847412109	452.22549133300777	5.732892610963685	convergent_nonsignificant	convergent_low
ENSG00000178573	MAF	MAF	Maf-related	bZIP	2		OMIM:601088;OMIM:610202	109.64422607421876	78.0	False	547.4021392822266	678.0	False	2	0	109.64422607421876	547.4021392822266	437.75791320800784	4.99253046769364	convergent_nonsignificant	convergent_low
ENSG00000009950	MLXIPL	MLXIPL	bHLH-ZIP	bHLH	1		OMIM:194050	85.69459838867188	1724.0	False	547.3591766357422	680.0	False	2	0	85.69459838867188	547.3591766357422	461.6645782470703	6.38732413626783	convergent_nonsignificant	convergent_low
ENSG00000159692	CTBP1	CTBP1		Unknown	2		OMIM:194190;OMIM:617915	91.81991577148438	1221.0	False	546.9225219726562	689.0	False	2	0	91.81991577148438	546.9225219726562	455.10260620117185	5.956469436693915	convergent_nonsignificant	convergent_low
ENSG00000134438	RAX	RAX	Paired-related HD factors	Homeodomain	1		OMIM:611038	99.25565795898436	550.0	False	546.87880859375	691.0	False	2	0	99.25565795898436	546.87880859375	447.6231506347657	5.509799842541349	convergent_nonsignificant	convergent_low
ENSG00000012504	NR1H4	NR1H4	Thyroid hormone receptor-related factors (NR1)	Nuclear receptor	1		OMIM:617049	97.15533447265624	745.0	False	546.8011810302735	692.0	False	2	0	97.15533447265624	546.8011810302735	449.64584655761723	5.628112794816915	convergent_nonsignificant	convergent_low
ENSG00000136936	XPA	XPA		Unknown	1		OMIM:278700	80.24970092773438	1989.0	False	546.7978912353516	693.0	False	2	0	80.24970092773438	546.7978912353516	466.54819030761723	6.8137062806969	convergent_nonsignificant	convergent_low
ENSG00000167394	ZNF668	ZNF668		C2H2 ZF	1		OMIM:620194	78.81237182617187	2038.0	False	546.2239715576172	706.0	False	2	0	78.81237182617187	546.2239715576172	467.41159973144534	6.9306881508700915	convergent_nonsignificant	convergent_low
ENSG00000104884	ERCC2	ERCC2			3		OMIM:278730;OMIM:601675;OMIM:610756	105.59954223632812	181.0	False	546.0308471679688	712.0	False	2	0	105.59954223632812	546.0308471679688	440.4313049316406	5.170769073467863	convergent_nonsignificant	convergent_low
ENSG00000084093	REST	REST	Factors with multiple dispersed zinc fingers	C2H2 ZF	3		OMIM:612431;OMIM:616806;OMIM:617626	96.65850830078124	794.0	False	545.9445434570313	714.0	False	2	0	96.65850830078124	545.9445434570313	449.28603515625	5.6481788624149365	convergent_nonsignificant	convergent_low
ENSG00000124920	MYRF	MYRF		Ndt80/PhoG	3		OMIM:600165;OMIM:618113;OMIM:618280	96.3454345703125	818.0	False	545.8401611328125	715.0	False	2	0	96.3454345703125	545.8401611328125	449.4947265625	5.665449157681265	convergent_nonsignificant	convergent_low
ENSG00000134138	MEIS2	MEIS2	TALE-type homeo domain factors	Homeodomain	1		OMIM:600987	102.36971435546874	331.0	False	545.4521484375	725.0	False	2	0	102.36971435546874	545.4521484375	443.0824340820312	5.328257013040704	convergent_nonsignificant	convergent_low
ENSG00000166402	TUB	TUB		Unknown	1		OMIM:616188	83.10466918945312	1879.0	False	545.4127746582031	726.0	False	2	0	83.10466918945312	545.4127746582031	462.30810546875	6.562961864571406	convergent_nonsignificant	convergent_low
ENSG00000128610	FEZF1	FEZF1		C2H2 ZF	2		OMIM:146110;OMIM:616030	90.61962280273436	1352.0	False	545.2643676757813	728.0	False	2	0	90.61962280273436	545.2643676757813	454.64474487304693	6.017067284232047	convergent_nonsignificant	convergent_low
ENSG00000125952	MAX	MAX	bHLH-ZIP	bHLH	2		OMIM:171300;OMIM:620712	85.10777587890625	1757.0	False	545.2208465576172	732.0	False	2	0	85.10777587890625	545.2208465576172	460.1130706787109	6.406240098829192	convergent_nonsignificant	convergent_low
ENSG00000112238	PRDM13	PRDM13	Factors with multiple dispersed zinc fingers	C2H2 ZF	2		OMIM:619761;OMIM:619909	73.94144897460937	2123.0	False	544.9166046142578	740.0	False	2	0	73.94144897460937	544.9166046142578	470.97515563964845	7.369568924749849	convergent_nonsignificant	convergent_low
ENSG00000008018	PSMB1	PSMB1			1		OMIM:620038	89.09154052734375	1481.0	False	544.6448669433594	743.0	False	2	0	89.09154052734375	544.6448669433594	455.55332641601564	6.113317422951042	convergent_nonsignificant	convergent_low
ENSG00000106546	AHR	AHR		bHLH	2		OMIM:618345;OMIM:620958	87.63600463867188	1596.0	False	544.4517578125	749.0	False	2	0	87.63600463867188	544.4517578125	456.8157531738281	6.212649242252712	convergent_nonsignificant	convergent_low
ENSG00000151090	THRB	THRB	Thyroid hormone receptor-related factors (NR1)	Nuclear receptor	3		OMIM:145650;OMIM:188570;OMIM:274300	93.61370239257812	1045.0	False	544.3520599365235	750.0	False	2	0	93.61370239257812	544.3520599365235	450.7383575439453	5.814875878466278	convergent_nonsignificant	convergent_low
ENSG00000120094	HOXB1	HOXB1	HOX	Homeodomain	1		OMIM:614744	94.769580078125	948.0	False	543.9962799072266	756.0	False	2	0	94.769580078125	543.9962799072266	449.2266998291016	5.740199328294728	convergent_nonsignificant	convergent_low
ENSG00000029993	HMGB3	HMGB3		HMG/Sox	1		OMIM:300915	96.95484008789064	765.0	False	543.7525115966797	760.0	False	2	0	96.95484008789064	543.7525115966797	446.79767150878905	5.608307033498916	convergent_nonsignificant	convergent_low
ENSG00000130726	TRIM28	TRIM28		Unknown	1		OMIM:621332	97.41549072265624	708.0	False	543.5491912841796	762.0	False	2	0	97.41549072265624	543.5491912841796	446.13370056152337	5.579699771073109	convergent_nonsignificant	convergent_low
ENSG00000126778	SIX1	SIX1	HD-SINE	Homeodomain	3		OMIM:113650;OMIM:605192;OMIM:608389	70.50126342773437	2151.0	False	543.4773986816406	765.0	False	2	0	70.50126342773437	543.4773986816406	472.9761352539062	7.708761123674316	convergent_nonsignificant	convergent_low
ENSG00000145734	BDP1	BDP1		Unknown	1		OMIM:618257	107.76502075195312	119.0	False	543.4189514160156	767.0	False	2	0	107.76502075195312	543.4189514160156	435.6539306640625	5.042628374440941	convergent_nonsignificant	convergent_low
ENSG00000196712	NF1	NF1			5		OMIM:162200;OMIM:162210;OMIM:193520;OMIM:601321;OMIM:607785	91.80945434570312	1225.0	False	543.1291046142578	769.0	False	2	0	91.80945434570312	543.1291046142578	451.3196502685547	5.915829785559307	convergent_nonsignificant	convergent_low
ENSG00000177045	SIX5	SIX5		Homeodomain	1		OMIM:610896	92.66616821289062	1130.0	False	542.8379272460937	780.0	False	2	0	92.66616821289062	542.8379272460937	450.1717590332031	5.857994753802505	convergent_nonsignificant	convergent_low
ENSG00000099381	SETD1A	SETD1A			2		OMIM:618832;OMIM:619056	80.956640625	1966.0	False	542.7476013183593	783.0	False	2	0	80.956640625	542.7476013183593	461.79096069335935	6.704176422443533	convergent_nonsignificant	convergent_low
ENSG00000175387	SMAD2	SMAD2	SMAD factors	SMAD	2		OMIM:619656;OMIM:619657	83.21433715820312	1874.0	False	542.6152435302735	789.0	False	2	0	83.21433715820312	542.6152435302735	459.4009063720703	6.520694174354586	convergent_nonsignificant	convergent_low
ENSG00000100146	SOX10	SOX10	SOX-related factors	HMG/Sox	4		OMIM:146110;OMIM:609136;OMIM:611584;OMIM:613266	104.08764038085936	239.0	False	542.3893798828125	793.0	False	2	0	104.08764038085936	542.3893798828125	438.30173950195314	5.210891301774118	convergent_nonsignificant	convergent_low
ENSG00000187098	MITF	MITF	bHLH-ZIP	bHLH	4		OMIM:103500;OMIM:193510;OMIM:614456;OMIM:617306	92.13285522460936	1190.0	False	542.2022399902344	796.0	False	2	0	92.13285522460936	542.2022399902344	450.06938476562505	5.885004200384405	convergent_nonsignificant	convergent_low
ENSG00000116580	GON4L	GON4L		Unknown	1		OMIM:621212	104.9870849609375	200.0	False	541.7276641845704	805.0	False	2	0	104.9870849609375	541.7276641845704	436.74057922363284	5.159945762720536	convergent_nonsignificant	convergent_low
ENSG00000116132	PRRX1	PRRX1	Paired-related HD factors	Homeodomain	1		OMIM:202650	92.49193725585936	1147.0	False	541.3233093261719	814.0	False	2	0	92.49193725585936	541.3233093261719	448.8313720703125	5.852654030034159	convergent_nonsignificant	convergent_low
ENSG00000140836	ZFHX3	ZFHX3		C2H2 ZF; Homeodomain	4		OMIM:176807;OMIM:600223;OMIM:613055;OMIM:621500	97.1190673828125	752.0	False	541.0900115966797	823.0	False	2	0	97.1190673828125	541.0900115966797	443.9709442138672	5.571408644853176	convergent_nonsignificant	convergent_low
ENSG00000066336	SPI1	SPI1	Ets-related	Ets	1		OMIM:619707	84.45641479492187	1801.0	False	540.9010528564453	827.0	False	2	0	84.45641479492187	540.9010528564453	456.4446380615234	6.404499340516265	convergent_nonsignificant	convergent_low
ENSG00000078900	TP73	TP73	p53-related factors	p53	1		OMIM:619466	100.17122802734374	473.0	False	540.8353881835938	831.0	False	2	0	100.17122802734374	540.8353881835938	440.66416015625	5.399109093840418	convergent_nonsignificant	convergent_low
ENSG00000174197	MGA	MGA	TBX6-related factors	T-box	1		OMIM:621065	103.42897338867188	277.0	False	540.7975341796875	832.0	False	2	0	103.42897338867188	540.7975341796875	437.3685607910157	5.228685120439557	convergent_nonsignificant	convergent_low
ENSG00000122877	EGR2	EGR2	Three-zinc finger Kruppel-related	C2H2 ZF	3		OMIM:145900;OMIM:605253;OMIM:607678	102.66317749023438	314.0	False	540.7579864501953	833.0	False	2	0	102.66317749023438	540.7579864501953	438.0948089599609	5.2673022564651655	convergent_nonsignificant	convergent_low
ENSG00000153234	NR4A2	NR4A2	NGFI-B-related receptors (NR4)	Nuclear receptor	2		OMIM:168600;OMIM:619911	93.31181640625	1075.0	False	540.6941589355469	835.0	False	2	0	93.31181640625	540.6941589355469	447.38234252929686	5.794487555376012	convergent_nonsignificant	convergent_low
ENSG00000185002	RFX6	RFX6		RFX	1		OMIM:615710	88.81407470703125	1508.0	False	540.5362365722656	837.0	False	2	0	88.81407470703125	540.5362365722656	451.72216186523434	6.086155132002657	convergent_nonsignificant	convergent_low
ENSG00000130182	ZSCAN10	ZSCAN10		C2H2 ZF	1		OMIM:620910	84.35127563476563	1808.0	False	539.6031127929688	853.0	False	2	0	84.35127563476563	539.6031127929688	455.25183715820316	6.3970948718002525	convergent_nonsignificant	convergent_low
ENSG00000204103	MAFB	MAFB		bZIP	2		OMIM:166300;OMIM:617041	97.91273193359376	662.0	False	539.5761779785156	855.0	False	2	0	97.91273193359376	539.5761779785156	441.66344604492184	5.51078667015916	convergent_nonsignificant	convergent_low
ENSG00000083307	GRHL2	GRHL2	Grainyhead-related factors	Grainyhead	3		OMIM:608641;OMIM:616029;OMIM:618031	99.69042358398436	511.0	False	539.5753143310546	856.0	False	2	0	99.69042358398436	539.5753143310546	439.8848907470703	5.412508994672779	convergent_nonsignificant	convergent_low
ENSG00000215612	HMX1	HMX1		Homeodomain	1		OMIM:612109	95.1543701171875	923.0	False	539.528564453125	857.0	False	2	0	95.1543701171875	539.528564453125	444.3741943359375	5.670034532188778	convergent_nonsignificant	convergent_low
ENSG00000198824	CHAMP1	CHAMP1		C2H2 ZF	1		OMIM:616579	87.62066040039062	1598.0	False	539.0097778320312	864.0	False	2	0	87.62066040039062	539.0097778320312	451.38911743164056	6.151628798150764	convergent_nonsignificant	convergent_low
ENSG00000030419	IKZF2	IKZF2	Factors with multiple dispersed zinc fingers	C2H2 ZF	2		OMIM:621233;OMIM:621234	103.94602661132812	245.0	False	538.819937133789	866.0	False	2	0	103.94602661132812	538.819937133789	434.8739105224609	5.18365111875347	convergent_nonsignificant	convergent_low
ENSG00000173039	RELA	RELA	NF-kappaB-related factors	Rel	1		OMIM:618287	101.63490600585938	375.0	False	538.4639312744141	875.0	False	2	0	101.63490600585938	538.4639312744141	436.82902526855474	5.298021638779997	convergent_nonsignificant	convergent_low
ENSG00000163635	ATXN7	ATXN7		Unknown	1		OMIM:164500	102.99849243164064	296.0	False	537.6371124267578	888.0	False	2	0	102.99849243164064	537.6371124267578	434.6386199951171	5.219854191395895	convergent_nonsignificant	convergent_low
ENSG00000126351	THRA	THRA	Thyroid hormone receptor-related factors (NR1)	Nuclear receptor	1		OMIM:614450	93.09652099609374	1093.0	False	537.4571411132813	891.0	False	2	0	93.09652099609374	537.4571411132813	444.3606201171875	5.773117355651051	convergent_nonsignificant	convergent_low
ENSG00000102974	CTCF	CTCF	More than 3 adjacent zinc fingers	C2H2 ZF	1		OMIM:615502	99.39310913085936	533.0	False	537.1362548828125	902.0	False	2	0	99.39310913085936	537.1362548828125	437.7431457519532	5.404159901826067	convergent_nonsignificant	convergent_low
ENSG00000171316	CHD7	CHD7		Unknown	3		OMIM:146110;OMIM:214800;OMIM:612370	100.23806762695312	468.0	False	536.9737518310546	904.0	False	2	0	100.23806762695312	536.9737518310546	436.7356842041015	5.356984272975621	convergent_nonsignificant	convergent_low
ENSG00000073861	TBX21	TBX21	TBrain-related factors	T-box	2		OMIM:208550;OMIM:619630	91.04576416015624	1303.0	False	536.9420989990234	905.0	False	2	0	91.04576416015624	536.9420989990234	445.8963348388672	5.897496758382988	convergent_nonsignificant	convergent_low
ENSG00000196767	POU3F4	POU3F4	POU domain factors	Homeodomain; POU	1		OMIM:304400	81.94216918945312	1925.0	False	536.9233947753906	906.0	False	2	0	81.94216918945312	536.9233947753906	454.9812255859375	6.5524674302190515	convergent_nonsignificant	convergent_low
ENSG00000179950	PUF60	PUF60			1		OMIM:615583	103.20181274414062	287.0	False	536.8478576660157	909.0	False	2	0	103.20181274414062	536.8478576660157	433.64604492187505	5.201922751075859	convergent_nonsignificant	convergent_low
ENSG00000116539	ASH1L	ASH1L		AT hook	1		OMIM:617796	95.54432373046876	892.0	False	536.4145111083984	915.0	False	2	0	95.54432373046876	536.4145111083984	440.87018737792965	5.61430015059427	convergent_nonsignificant	convergent_low
ENSG00000125398	SOX9	SOX9	SOX-related factors	HMG/Sox	3		OMIM:114290;OMIM:278850;OMIM:616425	84.68356323242188	1782.0	False	536.1683288574219	920.0	False	2	0	84.68356323242188	536.1683288574219	451.484765625	6.331433260382045	convergent_nonsignificant	convergent_low
ENSG00000106290	TAF6	TAF6		Unknown	1		OMIM:617126	90.75573120117188	1340.0	False	536.1373321533204	922.0	False	2	0	90.75573120117188	536.1373321533204	445.38160095214846	5.9074763109439585	convergent_nonsignificant	convergent_low
ENSG00000005889	ZFX	ZFX		C2H2 ZF	1		OMIM:301118	80.862353515625	1969.0	False	535.7110748291016	929.0	False	2	0	80.862353515625	535.7110748291016	454.8487213134766	6.624975053757078	convergent_nonsignificant	convergent_low
ENSG00000100393	EP300	EP300		Unknown	4		OMIM:114500;OMIM:180849;OMIM:613684;OMIM:618333	97.286328125	726.0	False	535.194204711914	938.0	False	2	0	97.286328125	535.194204711914	437.907876586914	5.50122730528241	convergent_nonsignificant	convergent_low
ENSG00000136574	GATA4	GATA4	C4-GATA-related	GATA	5		OMIM:187500;OMIM:607941;OMIM:614429;OMIM:614430;OMIM:615542	84.28588256835937	1815.0	False	535.0065704345703	945.0	False	2	0	84.28588256835937	535.0065704345703	450.72068786621094	6.347522908129457	convergent_nonsignificant	convergent_low
ENSG00000110395	CBL	CBL		Unknown	2		OMIM:607785;OMIM:613563	93.9399169921875	1012.0	False	534.9595153808593	947.0	False	2	0	93.9399169921875	534.9595153808593	441.01959838867185	5.6946986170463525	convergent_nonsignificant	convergent_low
ENSG00000141510	TP53	TP53	p53-related factors	p53	12		OMIM:114480;OMIM:114500;OMIM:114550;OMIM:137800;OMIM:151623;OMIM:202300;OMIM:259500;OMIM:260350;OMIM:260500;OMIM:607107	94.12880859375	1000.0	False	534.771484375	950.0	False	2	0	94.12880859375	534.771484375	440.64267578125	5.681273271852588	convergent_nonsignificant	convergent_low
ENSG00000130700	GATA5	GATA5	C4-GATA-related	GATA	1		OMIM:617912	88.51956787109376	1528.0	False	534.5652954101563	955.0	False	2	0	88.51956787109376	534.5652954101563	446.04572753906257	6.038950576313417	convergent_nonsignificant	convergent_low
ENSG00000136944	LMX1B	LMX1B	HD-LIM	Homeodomain	2		OMIM:161200;OMIM:256020	90.20606689453123	1392.0	False	534.5641174316406	956.0	False	2	0	90.20606689453123	534.5641174316406	444.3580505371094	5.9260328693484885	convergent_nonsignificant	convergent_low
ENSG00000102935	ZNF423	ZNF423	Factors with multiple dispersed zinc fingers	C2H2 ZF	1		OMIM:614844	100.04226684570312	484.0	False	534.5484985351562	957.0	False	2	0	100.04226684570312	534.5484985351562	434.5062316894531	5.343226572020797	convergent_nonsignificant	convergent_low
ENSG00000136352	NKX2-1	NKX2-1		Homeodomain	3		OMIM:118700;OMIM:188550;OMIM:610978	97.14807739257812	746.0	False	534.4014099121093	959.0	False	2	0	97.14807739257812	534.4014099121093	437.2533325195312	5.500895378017397	convergent_nonsignificant	convergent_low
ENSG00000078246	TULP3	TULP3			1		OMIM:619902	92.87569580078124	1105.0	False	534.1726898193359	966.0	False	2	0	92.87569580078124	534.1726898193359	441.29699401855464	5.751479816260419	convergent_nonsignificant	convergent_low
ENSG00000104856	RELB	RELB	NF-kappaB-related factors	Rel	1		OMIM:617585	105.83464965820312	174.0	False	533.6013824462891	971.0	False	2	0	105.83464965820312	533.6013824462891	427.76673278808596	5.041840117292156	convergent_nonsignificant	convergent_low
ENSG00000152784	PRDM8	PRDM8		C2H2 ZF	1		OMIM:616640	97.97857666015624	650.0	False	533.428759765625	977.0	False	2	0	97.97857666015624	533.428759765625	435.4501831054688	5.444340772736986	convergent_nonsignificant	convergent_low
ENSG00000187079	TEAD1	TEAD1	TEF-1-related factors	TEA	1		OMIM:108985	93.09771728515624	1092.0	False	532.9970977783203	986.0	False	2	0	93.09771728515624	532.9970977783203	439.899380493164	5.725136054042679	convergent_nonsignificant	convergent_low
ENSG00000165684	SNAPC4	SNAPC4		Myb/SANT	1		OMIM:620515	101.49971923828124	387.0	False	532.7131561279297	992.0	False	2	0	101.49971923828124	532.7131561279297	431.2134368896484	5.248419996880283	convergent_nonsignificant	convergent_low
ENSG00000137693	YAP1	YAP1			1		OMIM:120433	105.84678344726562	173.0	False	532.2861083984375	997.0	False	2	0	105.84678344726562	532.2861083984375	426.43932495117184	5.02883593683912	convergent_nonsignificant	convergent_low
ENSG00000170374	SP7	SP7		C2H2 ZF	1		OMIM:613849	84.773388671875	1781.0	False	531.993310546875	1002.0	False	2	0	84.773388671875	531.993310546875	447.219921875	6.2754753452880765	convergent_nonsignificant	convergent_low
ENSG00000173757	STAT5B	STAT5B		STAT	2		OMIM:245590;OMIM:618985	94.59366455078126	961.0	False	531.9443115234375	1004.0	False	2	0	94.59366455078126	531.9443115234375	437.35064697265625	5.623466582562417	convergent_nonsignificant	convergent_low
ENSG00000182568	SATB1	SATB1	HD-CUT	CUT; Homeodomain	2		OMIM:619228;OMIM:619229	97.6955810546875	680.0	False	531.667691040039	1008.0	False	2	0	97.6955810546875	531.667691040039	433.9721099853515	5.442085356372721	convergent_nonsignificant	convergent_low
ENSG00000131759	RARA	RARA	Thyroid hormone receptor-related factors (NR1)	Nuclear receptor	1		OMIM:612376	98.6427490234375	604.0	False	531.6114898681641	1011.0	False	2	0	98.6427490234375	531.6114898681641	432.9687408447266	5.389260692054044	convergent_nonsignificant	convergent_low
ENSG00000163170	BOLA3	BOLA3		Unknown	1		OMIM:614299	93.23027954101562	1079.0	False	531.3728729248047	1016.0	False	2	0	93.23027954101562	531.3728729248047	438.14259338378906	5.699573953235152	convergent_nonsignificant	convergent_low
ENSG00000135341	MAP3K7	MAP3K7		Unknown	2		OMIM:157800;OMIM:617137	107.897802734375	115.0	False	530.6190185546875	1027.0	False	2	0	107.897802734375	530.6190185546875	422.7212158203125	4.917792625128578	convergent_nonsignificant	convergent_low
ENSG00000133111	RFXAP	RFXAP		Unknown	1		OMIM:620817	98.54701538085938	612.0	False	530.5088439941406	1029.0	False	2	0	98.54701538085938	530.5088439941406	431.9618286132813	5.3833070635762805	convergent_nonsignificant	convergent_low
ENSG00000184058	TBX1	TBX1	TBX1-related factors	T-box	4		OMIM:187500;OMIM:188400;OMIM:192430;OMIM:217095	94.20737915039062	990.0	False	530.2089202880859	1036.0	False	2	0	94.20737915039062	530.2089202880859	436.00154113769526	5.628103924233704	convergent_nonsignificant	convergent_low
ENSG00000072121	ZFYVE26	ZFYVE26		FYVE-type ZF	1		OMIM:270700	94.66415405273438	956.0	False	530.0377410888672	1038.0	False	2	0	94.66415405273438	530.0377410888672	435.3735870361328	5.599138833413122	convergent_nonsignificant	convergent_low
ENSG00000135903	PAX3	PAX3	Paired plus homeo domain	Homeodomain; Paired box	4		OMIM:122880;OMIM:148820;OMIM:193500;OMIM:268220	80.32643432617188	1987.0	False	529.9942474365234	1040.0	False	2	0	80.32643432617188	529.9942474365234	449.6678131103516	6.598005399871724	convergent_nonsignificant	convergent_low
ENSG00000182759	MAFA	MAFA	Maf-related	bZIP	1		OMIM:147630	88.40175170898438	1536.0	False	529.4458557128906	1048.0	False	2	0	88.40175170898438	529.4458557128906	441.0441040039063	5.989087834546636	convergent_nonsignificant	convergent_low
ENSG00000121075	TBX4	TBX4	TBX2-related factors	T-box	2		OMIM:147891;OMIM:601360	98.62380981445312	605.0	False	529.0165435791016	1053.0	False	2	0	98.62380981445312	529.0165435791016	430.3927337646485	5.363984057950835	convergent_nonsignificant	convergent_low
ENSG00000109132	PHOX2B	PHOX2B	Paired-related HD factors	Homeodomain	2		OMIM:209880;OMIM:613013	92.29209594726562	1164.0	False	528.8687133789062	1054.0	False	2	0	92.29209594726562	528.8687133789062	436.5766174316406	5.73037926975994	convergent_nonsignificant	convergent_low
ENSG00000163795	ZNF513	ZNF513		C2H2 ZF	1		OMIM:613617	107.99170532226564	111.0	False	528.8058227539062	1055.0	False	2	0	107.99170532226564	528.8058227539062	420.81411743164057	4.896726291856023	convergent_nonsignificant	convergent_low
ENSG00000185551	NR2F2	NR2F2	RXR-related receptors (NR2)	Nuclear receptor	2		OMIM:615779;OMIM:618901	102.06194458007812	345.0	False	528.3515533447265	1066.0	False	2	0	102.06194458007812	528.3515533447265	426.2896087646484	5.176773336218186	convergent_nonsignificant	convergent_low
ENSG00000112837	TBX18	TBX18	TBX1-related factors	T-box	1		OMIM:143400	107.77203369140624	117.0	False	528.2207427978516	1067.0	False	2	0	107.77203369140624	528.2207427978516	420.44870910644534	4.901278418020351	convergent_nonsignificant	convergent_low
ENSG00000148737	TCF7L2	TCF7L2	TCF-7-related factors	HMG/Sox	1		OMIM:125853	94.44774169921877	972.0	False	528.0236145019531	1071.0	False	2	0	94.44774169921877	528.0236145019531	433.57587280273435	5.5906430900541135	convergent_nonsignificant	convergent_low
ENSG00000171735	CAMTA1	CAMTA1		CG-1	1		OMIM:614756	76.63096313476562	2088.0	False	527.5363220214844	1075.0	False	2	0	76.63096313476562	527.5363220214844	450.9053588867187	6.884114468113136	convergent_nonsignificant	convergent_low
ENSG00000089094	KDM2B	KDM2B		CxxC	1		OMIM:621474	87.99493408203125	1563.0	False	527.3807189941406	1079.0	False	2	0	87.99493408203125	527.3807189941406	439.38578491210933	5.993307734085033	convergent_nonsignificant	convergent_low
ENSG00000072310	SREBF1	SREBF1	bHLH-ZIP	bHLH	2		OMIM:158310;OMIM:619016	101.15970458984376	409.0	False	527.3719970703125	1080.0	False	2	0	101.15970458984376	527.3719970703125	426.2122924804688	5.213261537373644	convergent_nonsignificant	convergent_low
ENSG00000175325	PROP1	PROP1	Paired-related HD factors	Homeodomain	1		OMIM:262600	86.38945922851562	1681.0	False	527.3116394042969	1083.0	False	2	0	86.38945922851562	527.3116394042969	440.92218017578125	6.103888646987163	convergent_nonsignificant	convergent_low
ENSG00000169714	CNBP	CNBP		Unknown	1		OMIM:602668	98.7415771484375	591.0	False	526.6651947021485	1096.0	False	2	0	98.7415771484375	526.6651947021485	427.923617553711	5.333773369959612	convergent_nonsignificant	convergent_low
ENSG00000122145	TBX22	TBX22		T-box	2		OMIM:302905;OMIM:303400	104.8631591796875	203.0	False	526.66494140625	1098.0	False	2	0	104.8631591796875	526.66494140625	421.8017822265625	5.0224020096875694	convergent_nonsignificant	convergent_low
ENSG00000123095	BHLHE41	BHLHE41	Hairy-related factors	bHLH	1		OMIM:612975	90.07347412109377	1409.0	False	526.5965454101563	1100.0	False	2	0	90.07347412109377	526.5965454101563	436.5230712890625	5.846299929568675	convergent_nonsignificant	convergent_low
ENSG00000138095	LRPPRC	LRPPRC			1		OMIM:220111	80.67064819335937	1977.0	False	526.5346710205079	1103.0	False	2	0	80.67064819335937	526.5346710205079	445.86402282714846	6.5269671536350815	convergent_nonsignificant	convergent_low
ENSG00000081189	MEF2C	MEF2C	Regulators of differentiation	MADS box	1		OMIM:613443	104.32674560546874	228.0	False	526.3230865478515	1108.0	False	2	0	104.32674560546874	526.3230865478515	421.99634094238274	5.044948766428903	convergent_nonsignificant	convergent_low
ENSG00000091831	ESR1	ESR1	Steroid hormone receptors (NR3)	Nuclear receptor	4		OMIM:114480;OMIM:157300;OMIM:608446;OMIM:615363	97.89869384765623	663.0	False	526.1149139404297	1113.0	False	2	0	97.89869384765623	526.1149139404297	428.2162200927735	5.374074906036403	convergent_nonsignificant	convergent_low
ENSG00000135829	DHX9	DHX9			1		OMIM:620988	82.50353393554687	1901.0	False	525.6525665283203	1120.0	False	2	0	82.50353393554687	525.6525665283203	443.14903259277344	6.3712733437451154	convergent_nonsignificant	convergent_low
ENSG00000171634	BPTF	BPTF		Unknown	2		OMIM:148000;OMIM:617755	83.74328002929687	1850.0	False	525.6022094726562	1121.0	False	2	0	83.74328002929687	525.6022094726562	441.85892944335933	6.276350881990517	convergent_nonsignificant	convergent_low
ENSG00000085276	MECOM	MECOM		C2H2 ZF	1		OMIM:616738	85.01307373046875	1763.0	False	525.3664581298829	1130.0	False	2	0	85.01307373046875	525.3664581298829	440.3533843994141	6.179831349182133	convergent_nonsignificant	convergent_low
ENSG00000143614	GATAD2B	GATAD2B		GATA	1		OMIM:615074	72.88372802734375	2134.0	False	525.0200592041016	1135.0	False	2	0	72.88372802734375	525.0200592041016	452.13633117675784	7.203529147234758	convergent_nonsignificant	convergent_low
ENSG00000113580	NR3C1	NR3C1	Steroid hormone receptors (NR3)	Nuclear receptor	1		OMIM:615962	98.2775634765625	635.0	False	525.0157867431641	1136.0	False	2	0	98.2775634765625	525.0157867431641	426.7382232666016	5.342173413450276	convergent_nonsignificant	convergent_low
ENSG00000114861	FOXP1	FOXP1	FOX	Forkhead	1		OMIM:613670	99.46098022460936	528.0	False	524.9412200927734	1138.0	False	2	0	99.46098022460936	524.9412200927734	425.48023986816406	5.277860914977074	convergent_nonsignificant	convergent_low
ENSG00000130675	MNX1	MNX1	HOX	Homeodomain	1		OMIM:176450	88.2488037109375	1548.0	False	524.3747772216797	1150.0	False	2	0	88.2488037109375	524.3747772216797	436.12597351074214	5.942004369138989	convergent_nonsignificant	convergent_low
ENSG00000125826	RBCK1	RBCK1		Unknown	1		OMIM:615895	91.31146850585938	1275.0	False	523.2762847900391	1169.0	False	2	0	91.31146850585938	523.2762847900391	431.96481628417973	5.7306742882627155	convergent_nonsignificant	convergent_low
ENSG00000100811	YY1	YY1	More than 3 adjacent zinc fingers	C2H2 ZF	1		OMIM:617557	99.60602416992188	519.0	False	523.1620361328125	1171.0	False	2	0	99.60602416992188	523.1620361328125	423.5560119628907	5.252313205879291	convergent_nonsignificant	convergent_low
ENSG00000157613	CREB3L1	CREB3L1	CREB-related factors	bZIP	1		OMIM:616229	94.755419921875	950.0	False	522.9564178466796	1174.0	False	2	0	94.755419921875	522.9564178466796	428.20099792480465	5.519013247768334	convergent_nonsignificant	convergent_low
ENSG00000178691	SUZ12	SUZ12		Unknown	1		OMIM:618786	106.93052368164062	135.0	False	522.7575408935547	1176.0	False	2	0	106.93052368164062	522.7575408935547	415.8270172119141	4.888758821100858	convergent_nonsignificant	convergent_low
ENSG00000175213	ZNF408	ZNF408		C2H2 ZF	2		OMIM:616468;OMIM:616469	103.83277587890623	252.0	False	522.4330017089844	1181.0	False	2	0	103.83277587890623	522.4330017089844	418.6002258300782	5.031484493087865	convergent_nonsignificant	convergent_low
ENSG00000008196	TFAP2B	TFAP2B	AP-2	AP-2	2		OMIM:169100;OMIM:617035	75.5015380859375	2102.0	False	522.2830200195312	1186.0	False	2	0	75.5015380859375	522.2830200195312	446.78148193359374	6.9175149706891705	convergent_nonsignificant	convergent_low
ENSG00000169946	ZFPM2	ZFPM2		C2H2 ZF	3		OMIM:187500;OMIM:610187;OMIM:616067	105.64197387695312	179.0	False	521.9330230712891	1193.0	False	2	0	105.64197387695312	521.9330230712891	416.291049194336	4.940583784237244	convergent_nonsignificant	convergent_low
ENSG00000102901	CENPT	CENPT		Unknown	1		OMIM:618702	104.66974487304688	216.0	False	521.7324493408203	1195.0	False	2	0	104.66974487304688	521.7324493408203	417.0627044677734	4.984558336065742	convergent_nonsignificant	convergent_low
ENSG00000107187	LHX3	LHX3		Homeodomain	1		OMIM:221750	94.60811767578124	959.0	False	521.6579833984375	1196.0	False	2	0	94.60811767578124	521.6579833984375	427.04986572265625	5.513881855108263	convergent_nonsignificant	convergent_low
ENSG00000162992	NEUROD1	NEUROD1	Tal-related	bHLH	2		OMIM:125853;OMIM:606394	88.959521484375	1492.0	False	521.0836517333985	1208.0	False	2	0	88.959521484375	521.0836517333985	432.1241302490235	5.857536585613519	convergent_nonsignificant	convergent_low
ENSG00000185129	PURA	PURA		Unknown	1		OMIM:616158	101.15421752929689	410.0	False	521.0738372802734	1209.0	False	2	0	101.15421752929689	521.0738372802734	419.91961975097655	5.151281380129869	convergent_nonsignificant	convergent_low
ENSG00000010818	HIVEP2	HIVEP2		C2H2 ZF	1		OMIM:616977	78.54217529296875	2047.0	False	520.9133758544922	1211.0	False	2	0	78.54217529296875	520.9133758544922	442.37120056152344	6.632275893956879	convergent_nonsignificant	convergent_low
ENSG00000165916	PSMC3	PSMC3			1		OMIM:619354	84.90172729492187	1773.0	False	520.7784973144531	1214.0	False	2	0	84.90172729492187	520.7784973144531	435.87677001953125	6.133897553172654	convergent_nonsignificant	convergent_low
ENSG00000111249	CUX2	CUX2	HD-CUT	CUT; Homeodomain	1		OMIM:618141	95.95858764648438	855.0	False	520.6471893310547	1218.0	False	2	0	95.95858764648438	520.6471893310547	424.68860168457036	5.425748774556183	convergent_nonsignificant	convergent_low
ENSG00000179627	ZBTB42	ZBTB42		C2H2 ZF	1		OMIM:616248	83.910498046875	1839.0	False	520.6275054931641	1219.0	False	2	0	83.910498046875	520.6275054931641	436.71700744628913	6.204557446463081	convergent_nonsignificant	convergent_low
ENSG00000100906	NFKBIA	NFKBIA		Unknown	1		OMIM:612132	90.86617431640624	1322.0	False	520.4399810791016	1223.0	False	2	0	90.86617431640624	520.4399810791016	429.5738067626953	5.72754366511427	convergent_nonsignificant	convergent_low
ENSG00000102034	ELF4	ELF4	Ets-related	Ets	1		OMIM:301074	95.611328125	885.0	False	520.0991424560547	1232.0	False	2	0	95.611328125	520.0991424560547	424.48781433105466	5.439723018762895	convergent_nonsignificant	convergent_low
ENSG00000163132	MSX1	MSX1	NK	Homeodomain	3		OMIM:106600;OMIM:189500;OMIM:608874	82.31466064453124	1912.0	False	520.0402770996094	1234.0	False	2	0	82.31466064453124	520.0402770996094	437.7256164550781	6.317711486965346	convergent_nonsignificant	convergent_low
ENSG00000122691	TWIST1	TWIST1	Tal-related	bHLH	4		OMIM:101400;OMIM:123100;OMIM:180750;OMIM:617746	98.58021850585938	607.0	False	519.6179260253906	1242.0	False	2	0	98.58021850585938	519.6179260253906	421.03770751953124	5.271016172423129	convergent_nonsignificant	convergent_low
ENSG00000160224	AIRE	AIRE		SAND	1		OMIM:240300	104.63834838867189	217.0	False	519.2716674804688	1249.0	False	2	0	104.63834838867189	519.2716674804688	414.63331909179686	4.962536923381762	convergent_nonsignificant	convergent_low
ENSG00000233608	TWIST2	TWIST2		bHLH	3		OMIM:200110;OMIM:209885;OMIM:227260	84.63456420898437	1787.0	False	519.2073516845703	1250.0	False	2	0	84.63456420898437	519.2073516845703	434.5727874755859	6.134696344657895	convergent_nonsignificant	convergent_low
ENSG00000168214	RBPJ	RBPJ	CSL-related factors	CSL	1		OMIM:614814	90.78139038085938	1337.0	False	518.7922485351562	1258.0	False	2	0	90.78139038085938	518.7922485351562	428.01085815429684	5.714742265552918	convergent_nonsignificant	convergent_low
ENSG00000067082	KLF6	KLF6	Three-zinc finger Kruppel-related	C2H2 ZF	2		OMIM:176807;OMIM:613659	88.58364868164062	1524.0	False	518.4938842773438	1265.0	False	2	0	88.58364868164062	518.4938842773438	429.91023559570317	5.853155655630655	convergent_nonsignificant	convergent_low
ENSG00000188095	MESP2	MESP2		bHLH	2		OMIM:277300;OMIM:608681	93.69219970703124	1036.0	False	518.4010925292969	1268.0	False	2	0	93.69219970703124	518.4010925292969	424.7088928222656	5.533022964027953	convergent_nonsignificant	convergent_low
ENSG00000130699	TAF4	TAF4		Unknown	1		OMIM:620450	104.09577026367188	238.0	False	518.1098510742188	1276.0	False	2	0	104.09577026367188	518.1098510742188	414.01408081054694	4.977242108510845	convergent_nonsignificant	convergent_low
ENSG00000106462	EZH2	EZH2		Unknown	1		OMIM:277590	94.87396240234376	943.0	False	517.819613647461	1282.0	False	2	0	94.87396240234376	517.819613647461	422.94565124511723	5.457973932315372	convergent_nonsignificant	convergent_low
ENSG00000185630	PBX1	PBX1	TALE-type homeo domain factors	Homeodomain	1		OMIM:617641	84.21859741210938	1823.0	False	517.7974304199219	1283.0	False	2	0	84.21859741210938	517.7974304199219	433.5788330078125	6.148255211211465	convergent_nonsignificant	convergent_low
ENSG00000121481	RNF2	RNF2		Unknown	1		OMIM:619460	88.26915893554687	1547.0	False	517.3925018310547	1289.0	False	2	0	88.26915893554687	517.3925018310547	429.1233428955078	5.861532023986416	convergent_nonsignificant	convergent_low
ENSG00000164093	PITX2	PITX2	Paired-related HD factors	Homeodomain	3		OMIM:137600;OMIM:180500;OMIM:180550	95.64188842773436	880.0	False	517.142465209961	1292.0	False	2	0	95.64188842773436	517.142465209961	421.50057678222663	5.407070831738192	convergent_nonsignificant	convergent_low
ENSG00000141448	GATA6	GATA6	C4-GATA-related	GATA	5		OMIM:187500;OMIM:217095;OMIM:600001;OMIM:614474;OMIM:614475	93.69545288085938	1035.0	False	517.1361511230468	1293.0	False	2	0	93.69545288085938	517.1361511230468	423.44069824218747	5.5193302900261685	convergent_nonsignificant	convergent_low
ENSG00000140386	SCAPER	SCAPER		Unknown	1		OMIM:618195	88.71314697265625	1517.0	False	517.02470703125	1295.0	False	2	0	88.71314697265625	517.02470703125	428.3115600585938	5.828050572826718	convergent_nonsignificant	convergent_low
ENSG00000181722	ZBTB20	ZBTB20		C2H2 ZF	1		OMIM:259050	106.62347412109376	148.0	False	516.6521911621094	1303.0	False	2	0	106.62347412109376	516.6521911621094	410.0287170410156	4.845576411957279	convergent_nonsignificant	convergent_low
ENSG00000178951	ZBTB7A	ZBTB7A	More than 3 adjacent zinc fingers	C2H2 ZF	1		OMIM:619769	106.18409423828123	158.0	False	516.5026580810547	1305.0	False	2	0	106.18409423828123	516.5026580810547	410.31856384277353	4.864218711721576	convergent_nonsignificant	convergent_low
ENSG00000128714	HOXD13	HOXD13	HOX	Homeodomain	5		OMIM:113200;OMIM:113300;OMIM:186000;OMIM:186300;OMIM:610713	89.49013671875	1454.0	False	516.3598449707031	1308.0	False	2	0	89.49013671875	516.3598449707031	426.86970825195306	5.770019623430916	convergent_nonsignificant	convergent_low
ENSG00000186051	TAL2	TAL2		bHLH	1		OMIM:613065	91.12689819335938	1295.0	False	516.3260681152344	1309.0	False	2	0	91.12689819335938	516.3260681152344	425.19916992187507	5.666011664521466	convergent_nonsignificant	convergent_low
ENSG00000149948	HMGA2	HMGA2		AT hook	1		OMIM:618908	92.96998291015623	1099.0	False	515.3885437011719	1331.0	False	2	0	92.96998291015623	515.3885437011719	422.4185607910157	5.543601575136676	convergent_nonsignificant	convergent_low
ENSG00000138738	PRDM5	PRDM5		C2H2 ZF	1		OMIM:614170	89.77631225585938	1431.0	False	515.3143737792968	1333.0	False	2	0	89.77631225585938	515.3143737792968	425.5380615234375	5.739981525535029	convergent_nonsignificant	convergent_low
ENSG00000166349	RAG1	RAG1		Unknown	4		OMIM:233650;OMIM:601457;OMIM:603554;OMIM:609889	109.07560424804689	87.0	False	515.2988708496093	1335.0	False	2	0	109.07560424804689	515.2988708496093	406.22326660156244	4.724235766576891	convergent_nonsignificant	convergent_low
ENSG00000005339	CREBBP	CREBBP		Unknown	2		OMIM:180849;OMIM:618332	76.05033569335937	2096.0	False	515.1995391845703	1336.0	False	2	0	76.05033569335937	515.1995391845703	439.1492034912109	6.774454504210123	convergent_nonsignificant	convergent_low
ENSG00000151623	NR3C2	NR3C2	Steroid hormone receptors (NR3)	Nuclear receptor	2		OMIM:177735;OMIM:605115	83.54983520507812	1858.0	False	514.9882720947265	1340.0	False	2	0	83.54983520507812	514.9882720947265	431.4384368896484	6.163845456195775	convergent_nonsignificant	convergent_low
ENSG00000215474	SKOR2	SKOR2		SAND	1		OMIM:621386	96.35048217773438	817.0	False	514.8665740966796	1342.0	False	2	0	96.35048217773438	514.8665740966796	418.5160919189453	5.343684457613022	convergent_nonsignificant	convergent_low
ENSG00000167625	ZNF526	ZNF526		C2H2 ZF	1		OMIM:619877	93.663623046875	1040.0	False	513.8696380615235	1356.0	False	2	0	93.663623046875	513.8696380615235	420.2060150146485	5.486330993243254	convergent_nonsignificant	convergent_low
ENSG00000121068	TBX2	TBX2	TBX2-related factors	T-box	1		OMIM:618223	87.32254028320312	1617.0	False	513.6485198974609	1362.0	False	2	0	87.32254028320312	513.6485198974609	426.3259796142578	5.882198550701845	convergent_nonsignificant	convergent_low
ENSG00000124201	ZNFX1	ZNFX1		Unknown	1		OMIM:619644	80.33292236328126	1986.0	False	513.6313018798828	1363.0	False	2	0	80.33292236328126	513.6313018798828	433.2983795166016	6.39378335518707	convergent_nonsignificant	convergent_low
ENSG00000197780	TAF13	TAF13		Unknown	1		OMIM:617432	97.45389404296876	702.0	False	513.598599243164	1366.0	False	2	0	97.45389404296876	513.598599243164	416.1447052001953	5.2701701074839695	convergent_nonsignificant	convergent_low
ENSG00000185507	IRF7	IRF7	Interferon-regulatory factors	IRF	1		OMIM:616345	101.94406127929688	354.0	False	513.0701110839843	1378.0	False	2	0	101.94406127929688	513.0701110839843	411.12604980468745	5.032859243054115	convergent_nonsignificant	convergent_low
ENSG00000128710	HOXD10	HOXD10	HOX	Homeodomain	1		OMIM:192950	97.19650268554688	733.0	False	512.9609558105469	1382.0	False	2	0	97.19650268554688	512.9609558105469	415.76445312500005	5.277565978583551	convergent_nonsignificant	convergent_low
ENSG00000120948	TARDBP	TARDBP		Unknown	1		OMIM:612069	86.32728881835938	1686.0	False	512.9235900878906	1383.0	False	2	0	86.32728881835938	512.9235900878906	426.59630126953124	5.9416158796221366	convergent_nonsignificant	convergent_low
ENSG00000139515	PDX1	PDX1	HOX	Homeodomain	3		OMIM:125853;OMIM:260370;OMIM:606392	76.91993408203125	2082.0	False	512.5605072021484	1391.0	False	2	0	76.91993408203125	512.5605072021484	435.64057312011715	6.663558846209208	convergent_nonsignificant	convergent_low
ENSG00000179981	TSHZ1	TSHZ1		C2H2 ZF	1		OMIM:607842	76.67743530273438	2087.0	False	512.3869018554688	1392.0	False	2	0	76.67743530273438	512.3869018554688	435.7094665527344	6.682368806839795	convergent_nonsignificant	convergent_low
ENSG00000157554	ERG	ERG	Ets-related	Ets	1		OMIM:620602	100.65402221679688	437.0	False	512.3056549072265	1394.0	False	2	0	100.65402221679688	512.3056549072265	411.65163269042966	5.089768333388413	convergent_nonsignificant	convergent_low
ENSG00000138136	LBX1	LBX1	NK	Homeodomain	1		OMIM:619483	84.94450073242187	1767.0	False	511.9518218994141	1398.0	False	2	0	84.94450073242187	511.9518218994141	427.0073211669922	6.02689776836855	convergent_nonsignificant	convergent_low
ENSG00000177426	TGIF1	TGIF1	TALE-type homeo domain factors	Homeodomain	1		OMIM:142946	85.39666137695312	1740.0	False	511.114697265625	1411.0	False	2	0	85.39666137695312	511.114697265625	425.7180358886719	5.985183601142103	convergent_nonsignificant	convergent_low
ENSG00000144218	AFF3	AFF3		Unknown	1		OMIM:619297	95.60302734375	888.0	False	510.9491821289063	1412.0	False	2	0	95.60302734375	510.9491821289063	415.3461547851563	5.344487474143875	convergent_nonsignificant	convergent_low
ENSG00000213928	IRF9	IRF9	Interferon-regulatory factors	IRF	1		OMIM:618648	90.24680786132812	1390.0	False	510.90668334960935	1413.0	False	2	0	90.24680786132812	510.90668334960935	420.6598754882812	5.661216118964128	convergent_nonsignificant	convergent_low
ENSG00000109705	NKX3-2	NKX3-2	NK	Homeodomain	1		OMIM:613330	90.82288208007812	1328.0	False	510.5440093994141	1423.0	False	2	0	90.82288208007812	510.5440093994141	419.721127319336	5.621314780005218	convergent_nonsignificant	convergent_low
ENSG00000117139	KDM5B	KDM5B		ARID/BRIGHT	1		OMIM:618109	88.2823974609375	1546.0	False	510.08594970703126	1433.0	False	2	0	88.2823974609375	510.08594970703126	421.8035522460938	5.777889640261866	convergent_nonsignificant	convergent_low
ENSG00000225614	ZNF469	ZNF469		C2H2 ZF	1		OMIM:229200	95.1961669921875	916.0	False	509.997982788086	1435.0	False	2	0	95.1961669921875	509.997982788086	414.8018157958985	5.357337368740279	convergent_nonsignificant	convergent_low
ENSG00000197579	TOPORS	TOPORS		Unknown	1		OMIM:609923	89.68389282226562	1439.0	False	509.93439025878905	1436.0	False	2	0	89.68389282226562	509.93439025878905	420.25049743652346	5.685908296480511	convergent_nonsignificant	convergent_low
ENSG00000126464	PRR12	PRR12		AT hook	1		OMIM:619539	80.77853393554688	1971.0	False	509.5447570800781	1443.0	False	2	0	80.77853393554688	509.5447570800781	428.76622314453124	6.307922813833728	convergent_nonsignificant	convergent_low
ENSG00000143178	TBX19	TBX19	Brachyury-related factors	T-box	1		OMIM:201400	97.11094360351562	753.0	False	509.1260070800781	1452.0	False	2	0	97.11094360351562	509.1260070800781	412.0150634765625	5.242725363258098	convergent_nonsignificant	convergent_low
ENSG00000245848	CEBPA	CEBPA	CEBP-related	bZIP	1		OMIM:601626	92.64929809570312	1133.0	False	509.0944030761719	1453.0	False	2	0	92.64929809570312	509.0944030761719	416.4451049804688	5.494854397604795	convergent_nonsignificant	convergent_low
ENSG00000168267	PTF1A	PTF1A		bHLH	2		OMIM:609069;OMIM:615935	78.48394775390625	2049.0	False	508.777197265625	1463.0	False	2	0	78.48394775390625	508.777197265625	430.2932495117187	6.482563783118344	convergent_nonsignificant	convergent_low
ENSG00000172379	ARNT2	ARNT2	PAS domain factors	bHLH	1		OMIM:615926	95.61160888671876	884.0	False	508.7704223632812	1464.0	False	2	0	95.61160888671876	508.7704223632812	413.1588134765625	5.321220176998335	convergent_nonsignificant	convergent_low
ENSG00000183770	FOXL2	FOXL2		Forkhead	2		OMIM:110100;OMIM:608996	101.54043579101562	382.0	False	508.6744384765625	1465.0	False	2	0	101.54043579101562	508.6744384765625	407.1340026855469	5.009575096993728	convergent_nonsignificant	convergent_low
ENSG00000165119	HNRNPK	HNRNPK		Unknown	1		OMIM:616580	86.49105224609374	1675.0	False	508.5124145507813	1470.0	False	2	0	86.49105224609374	508.5124145507813	422.0213623046875	5.8793644122158035	convergent_nonsignificant	convergent_low
ENSG00000187605	TET3	TET3		CxxC	1		OMIM:618798	97.12489624023438	751.0	False	508.4265655517578	1472.0	False	2	0	97.12489624023438	508.4265655517578	411.3016693115234	5.234770746052442	convergent_nonsignificant	convergent_low
ENSG00000181690	PLAG1	PLAG1	More than 3 adjacent zinc fingers	C2H2 ZF	2		OMIM:181030;OMIM:618907	102.74674682617189	306.0	False	508.36378784179686	1473.0	False	2	0	102.74674682617189	508.36378784179686	405.617041015625	4.947736094280946	convergent_nonsignificant	convergent_low
ENSG00000133884	DPF2	DPF2		Unknown	1		OMIM:618027	92.36807250976562	1157.0	False	508.1770751953125	1476.0	False	2	0	92.36807250976562	508.1770751953125	415.8090026855469	5.501652913040764	convergent_nonsignificant	convergent_low
ENSG00000130816	DNMT1	DNMT1		CxxC	2		OMIM:604121;OMIM:614116	104.86182250976564	204.0	False	507.5288482666016	1488.0	False	2	0	104.86182250976564	507.5288482666016	402.6670257568359	4.839977373265052	convergent_nonsignificant	convergent_low
ENSG00000075891	PAX2	PAX2	Paired domain only	Homeodomain; Paired box	2		OMIM:120330;OMIM:616002	88.54837036132812	1525.0	False	507.5260375976562	1489.0	False	2	0	88.54837036132812	507.5260375976562	418.9776672363281	5.7316248229827265	convergent_nonsignificant	convergent_low
ENSG00000171532	NEUROD2	NEUROD2	Tal-related	bHLH	1		OMIM:618374	82.50528564453126	1900.0	False	507.1612854003906	1496.0	False	2	0	82.50528564453126	507.1612854003906	424.6559997558594	6.147015690430582	convergent_nonsignificant	convergent_low
ENSG00000092067	CEBPE	CEBPE	CEBP-related	bZIP	2		OMIM:245480;OMIM:260570	84.11648559570312	1829.0	False	506.1697113037109	1512.0	False	2	0	84.11648559570312	506.1697113037109	422.0532257080078	6.017485249402375	convergent_nonsignificant	convergent_low
ENSG00000181449	SOX2	SOX2	SOX-related factors	HMG/Sox	1		OMIM:206900	94.56622924804688	962.0	False	505.8095275878906	1517.0	False	2	0	94.56622924804688	505.8095275878906	411.2432983398437	5.348733174727249	convergent_nonsignificant	convergent_low
ENSG00000105991	HOXA1	HOXA1	HOX	Homeodomain	1		OMIM:601536	99.05328369140624	568.0	False	505.4703125	1523.0	False	2	0	99.05328369140624	505.4703125	406.4170288085937	5.1030141925911146	convergent_nonsignificant	convergent_low
ENSG00000126456	IRF3	IRF3	Interferon-regulatory factors	IRF	1		OMIM:616532	101.46651611328124	392.0	False	505.2908630371094	1527.0	False	2	0	101.46651611328124	505.2908630371094	403.8243469238281	4.979877918277815	convergent_nonsignificant	convergent_low
ENSG00000077092	RARB	RARB	Thyroid hormone receptor-related factors (NR1)	Nuclear receptor	1		OMIM:615524	104.1634765625	235.0	False	505.0308227539063	1532.0	False	2	0	104.1634765625	505.0308227539063	400.86734619140634	4.848444382046701	convergent_nonsignificant	convergent_low
ENSG00000158773	USF1	USF1	bHLH-ZIP	bHLH	1		OMIM:602491	103.192578125	288.0	False	504.6310791015625	1539.0	False	2	0	103.192578125	504.6310791015625	401.43850097656247	4.8901877273604795	convergent_nonsignificant	convergent_low
ENSG00000161405	IKZF3	IKZF3		C2H2 ZF	1		OMIM:619437	85.285498046875	1748.0	False	504.34022521972656	1543.0	False	2	0	85.285498046875	504.34022521972656	419.0547271728516	5.913551972722593	convergent_nonsignificant	convergent_low
ENSG00000138795	LEF1	LEF1	TCF-7-related factors	HMG/Sox	1		OMIM:621224	90.94212036132812	1313.0	False	504.1120635986328	1546.0	False	2	0	90.94212036132812	504.1120635986328	413.16994323730466	5.5432187153291785	convergent_nonsignificant	convergent_low
ENSG00000214336	FOXI3	FOXI3		Forkhead	1		OMIM:620444	81.5608642578125	1942.0	False	504.0382385253906	1547.0	False	2	0	81.5608642578125	504.0382385253906	422.4773742675781	6.17990310809035	convergent_nonsignificant	convergent_low
ENSG00000186895	FGF3	FGF3			1		OMIM:610706	96.07290649414062	845.0	False	503.99509887695314	1549.0	False	2	0	96.07290649414062	503.99509887695314	407.9221923828125	5.245964937135437	convergent_nonsignificant	convergent_low
ENSG00000073282	TP63	TP63	p53-related factors	p53	8		OMIM:103285;OMIM:106260;OMIM:129400;OMIM:603543;OMIM:604292;OMIM:605289;OMIM:618149;OMIM:620311	100.41787719726562	454.0	False	503.651968383789	1557.0	False	2	0	100.41787719726562	503.651968383789	403.23409118652336	5.015560798944109	convergent_nonsignificant	convergent_low
ENSG00000176165	FOXG1	FOXG1	FOX	Forkhead	1		OMIM:613454	67.60934448242188	2158.0	False	503.5328918457032	1559.0	False	2	0	67.60934448242188	503.5328918457032	435.92354736328133	7.447681909955797	convergent_nonsignificant	convergent_low
ENSG00000112365	ZBTB24	ZBTB24	More than 3 adjacent zinc fingers	C2H2 ZF; AT hook	1		OMIM:614069	96.86400146484377	776.0	False	503.2781127929687	1562.0	False	2	0	96.86400146484377	503.2781127929687	406.41411132812493	5.195718793174476	convergent_nonsignificant	convergent_low
ENSG00000105996	HOXA2	HOXA2	HOX	Homeodomain	1		OMIM:612290	106.64197998046876	147.0	False	502.9501037597656	1571.0	False	2	0	106.64197998046876	502.9501037597656	396.30812377929686	4.716248740429236	convergent_nonsignificant	convergent_low
ENSG00000060237	WNK1	WNK1			2		OMIM:201300;OMIM:614492	101.72694702148438	369.0	False	501.24732666015626	1598.0	False	2	0	101.72694702148438	501.24732666015626	399.5203796386719	4.927380024039201	convergent_nonsignificant	convergent_low
ENSG00000054598	FOXC1	FOXC1	FOX	Forkhead	2		OMIM:601631;OMIM:602482	104.76112060546876	208.0	False	501.0623443603516	1601.0	False	2	0	104.76112060546876	501.0623443603516	396.3012237548828	4.782903633184266	convergent_nonsignificant	convergent_low
ENSG00000139613	SMARCC2	SMARCC2		Myb/SANT	1		OMIM:618362	76.88519897460938	2083.0	False	500.9560150146484	1604.0	False	2	0	76.88519897460938	500.9560150146484	424.07081604003906	6.515636581497103	convergent_nonsignificant	convergent_low
ENSG00000139083	ETV6	ETV6	Ets-related	Ets	2		OMIM:601626;OMIM:616216	99.2886474609375	545.0	False	500.8062805175781	1608.0	False	2	0	99.2886474609375	500.8062805175781	401.5176330566406	5.043943021931154	convergent_nonsignificant	convergent_low
ENSG00000091010	POU4F3	POU4F3	POU domain factors	Homeodomain; POU	1		OMIM:602459	83.95623168945312	1837.0	False	500.3693481445313	1612.0	False	2	0	83.95623168945312	500.3693481445313	416.4131164550781	5.959883359169269	convergent_nonsignificant	convergent_low
ENSG00000129654	FOXJ1	FOXJ1		Forkhead	1		OMIM:618699	84.50818481445313	1800.0	False	499.8512847900391	1622.0	False	2	0	84.50818481445313	499.8512847900391	415.3430999755859	5.9148268997555284	convergent_nonsignificant	convergent_low
ENSG00000134574	DDB2	DDB2		Unknown	1		OMIM:278740	86.68414916992188	1664.0	False	499.7551879882813	1623.0	False	2	0	86.68414916992188	499.7551879882813	413.0710388183594	5.765243043553907	convergent_nonsignificant	convergent_low
ENSG00000135100	HNF1A	HNF1A	POU domain factors	Homeodomain	6		OMIM:125853;OMIM:142330;OMIM:144700;OMIM:222100;OMIM:600496;OMIM:612520	96.3210205078125	823.0	False	499.41456909179686	1627.0	False	2	0	96.3210205078125	499.41456909179686	403.09354858398433	5.184896987789803	convergent_nonsignificant	convergent_low
ENSG00000141052	MYOCD	MYOCD		Unknown	1		OMIM:618719	105.26492919921876	192.0	False	498.9197387695313	1633.0	False	2	0	105.26492919921876	498.9197387695313	393.6548095703125	4.739657762228696	convergent_nonsignificant	convergent_low
ENSG00000092607	TBX15	TBX15	TBX1-related factors	T-box	1		OMIM:260660	100.23434448242188	469.0	False	498.7711944580078	1636.0	False	2	0	100.23434448242188	498.7711944580078	398.53684997558594	4.976050843984693	convergent_nonsignificant	convergent_low
ENSG00000129152	MYOD1	MYOD1	MyoD/ASC-related factors	bHLH	1		OMIM:618975	97.31668701171876	723.0	False	498.7423553466797	1638.0	False	2	0	97.31668701171876	498.7423553466797	401.42566833496096	5.12494178194354	convergent_nonsignificant	convergent_low
ENSG00000189079	ARID2	ARID2		ARID/BRIGHT; RFX	1		OMIM:617808	91.94561157226562	1206.0	False	498.50368041992186	1644.0	False	2	0	91.94561157226562	498.50368041992186	406.5580688476563	5.421723472121534	convergent_nonsignificant	convergent_low
ENSG00000153187	HNRNPU	HNRNPU		Unknown	1		OMIM:617391	85.14832763671875	1753.0	False	498.1466430664062	1649.0	False	2	0	85.14832763671875	498.1466430664062	412.99831542968747	5.850339717671555	convergent_nonsignificant	convergent_low
ENSG00000189067	LITAF	LITAF			1		OMIM:601098	92.02660522460936	1196.0	False	498.14540100097656	1650.0	False	2	0	92.02660522460936	498.14540100097656	406.1187957763672	5.413058536552043	convergent_nonsignificant	convergent_low
ENSG00000071564	TCF3	TCF3	E2A	bHLH	2		OMIM:616941;OMIM:619824	99.99607543945312	487.0	False	498.10626831054685	1651.0	False	2	0	99.99607543945312	498.10626831054685	398.1101928710937	4.981258175598566	convergent_nonsignificant	convergent_low
ENSG00000162367	TAL1	TAL1		bHLH	1		OMIM:613065	98.50572509765624	617.0	False	497.3748840332031	1658.0	False	2	0	98.50572509765624	497.3748840332031	398.86915893554686	5.049197734853659	convergent_nonsignificant	convergent_low
ENSG00000118058	KMT2A	KMT2A		CxxC; AT hook	1		OMIM:605130	85.10669555664063	1758.0	False	497.28150634765626	1660.0	False	2	0	85.10669555664063	497.28150634765626	412.1748107910156	5.84303623933681	convergent_nonsignificant	convergent_low
ENSG00000168769	TET2	TET2		Unknown	2		OMIM:614286;OMIM:619126	86.70040283203124	1661.0	False	497.1686981201172	1662.0	False	2	0	86.70040283203124	497.1686981201172	410.468295288086	5.7343297364293155	convergent_nonsignificant	convergent_low
ENSG00000196628	TCF4	TCF4	E2A	bHLH	2		OMIM:610954;OMIM:613267	85.67573852539063	1726.0	False	497.0097534179688	1667.0	False	2	0	85.67573852539063	497.0097534179688	411.3340148925782	5.80105595787396	convergent_nonsignificant	convergent_low
ENSG00000107249	GLIS3	GLIS3	More than 3 adjacent zinc fingers	C2H2 ZF	1		OMIM:610199	82.8567626953125	1887.0	False	496.5924621582032	1675.0	False	2	0	82.8567626953125	496.5924621582032	413.7356994628907	5.993384800517885	convergent_nonsignificant	convergent_low
ENSG00000101444	AHCY	AHCY			1		OMIM:613752	88.34632568359375	1539.0	False	496.091421508789	1686.0	False	2	0	88.34632568359375	496.091421508789	407.7450958251952	5.615303383249985	convergent_nonsignificant	convergent_low
ENSG00000198963	RORB	RORB	Thyroid hormone receptor-related factors (NR1)	Nuclear receptor	1		OMIM:618357	88.12324829101563	1554.0	False	496.0822448730469	1687.0	False	2	0	88.12324829101563	496.0822448730469	407.95899658203126	5.629413968432024	convergent_nonsignificant	convergent_low
ENSG00000167986	DDB1	DDB1		Unknown	1		OMIM:619426	97.77259521484376	674.0	False	495.5443542480469	1692.0	False	2	0	97.77259521484376	495.5443542480469	397.7717590332031	5.068335898818544	convergent_nonsignificant	convergent_low
ENSG00000173473	SMARCC1	SMARCC1		Myb/SANT	1		OMIM:620241	102.21270141601562	337.0	False	495.27015991210936	1699.0	False	2	0	102.21270141601562	495.27015991210936	393.0574584960938	4.845485473437511	convergent_nonsignificant	convergent_low
ENSG00000179456	ZBTB18	ZBTB18	More than 3 adjacent zinc fingers	C2H2 ZF	1		OMIM:612337	93.35234985351562	1071.0	False	495.19853515625	1702.0	False	2	0	93.35234985351562	495.19853515625	401.8461853027344	5.304617783411919	convergent_nonsignificant	convergent_low
ENSG00000068024	HDAC4	HDAC4		Unknown	2		OMIM:600430;OMIM:619797	80.13914794921875	1996.0	False	495.1829681396485	1703.0	False	2	0	80.13914794921875	495.1829681396485	415.04382019042976	6.1790395931515	convergent_nonsignificant	convergent_low
ENSG00000215421	ZNF407	ZNF407	Factors with multiple dispersed zinc fingers	C2H2 ZF	1		OMIM:619557	85.41356201171875	1738.0	False	494.75122985839846	1707.0	False	2	0	85.41356201171875	494.75122985839846	409.3376678466797	5.792420058427238	convergent_nonsignificant	convergent_low
ENSG00000183072	NKX2-5	NKX2-5	NK	Homeodomain	6		OMIM:108900;OMIM:187500;OMIM:217095;OMIM:225250;OMIM:614432;OMIM:614435	80.214013671875	1991.0	False	494.3215576171875	1710.0	False	2	0	80.214013671875	494.3215576171875	414.1075439453125	6.162533639561647	convergent_nonsignificant	convergent_low
ENSG00000005102	MEOX1	MEOX1	HOX	Homeodomain	1		OMIM:214300	91.99185180664062	1198.0	False	494.2472229003906	1712.0	False	2	0	91.99185180664062	494.2472229003906	402.25537109375	5.372728270969673	convergent_nonsignificant	convergent_low
ENSG00000169057	MECP2	MECP2		MBD; AT hook	5		OMIM:300055;OMIM:300260;OMIM:300496;OMIM:300673;OMIM:312750	78.22465209960937	2055.0	False	493.9036346435547	1717.0	False	2	0	78.22465209960937	493.9036346435547	415.6789825439453	6.313912831656059	convergent_nonsignificant	convergent_low
ENSG00000163872	YEATS2	YEATS2		Unknown	1		OMIM:615127	99.82299194335936	505.0	False	492.825830078125	1727.0	False	2	0	99.82299194335936	492.825830078125	393.0028381347657	4.9369971835522595	convergent_nonsignificant	convergent_low
ENSG00000135111	TBX3	TBX3	TBX2-related factors	T-box	1		OMIM:181450	87.3418701171875	1614.0	False	492.6207092285157	1731.0	False	2	0	87.3418701171875	492.6207092285157	405.2788391113282	5.640143822974724	convergent_nonsignificant	convergent_low
ENSG00000169926	KLF13	KLF13	Three-zinc finger Kruppel-related	C2H2 ZF	1		OMIM:612001	99.12335815429688	561.0	False	492.47388916015626	1734.0	False	2	0	99.12335815429688	492.47388916015626	393.35053100585935	4.9682930272959895	convergent_nonsignificant	convergent_low
ENSG00000177030	DEAF1	DEAF1		SAND	2		OMIM:615828;OMIM:617171	104.72005615234374	212.0	False	491.3148681640625	1741.0	False	2	0	104.72005615234374	491.3148681640625	386.5948120117188	4.691697905980032	convergent_nonsignificant	convergent_low
ENSG00000132740	IGHMBP2	IGHMBP2			2		OMIM:604320;OMIM:616155	93.10590209960938	1091.0	False	491.2378295898437	1742.0	False	2	0	93.10590209960938	491.2378295898437	398.1319274902344	5.276119112881724	convergent_nonsignificant	convergent_low
ENSG00000184302	SIX6	SIX6		Homeodomain	2		OMIM:206900;OMIM:212550	101.03451538085938	420.0	False	489.3634399414062	1759.0	False	2	0	101.03451538085938	489.3634399414062	388.32892456054685	4.8435273638588106	convergent_nonsignificant	convergent_low
ENSG00000115568	ZNF142	ZNF142	Factors with multiple dispersed zinc fingers	C2H2 ZF	1		OMIM:618425	90.30079345703123	1385.0	False	488.8337463378906	1764.0	False	2	0	90.30079345703123	488.8337463378906	398.5329528808594	5.413393699253567	convergent_nonsignificant	convergent_low
ENSG00000131061	ZNF341	ZNF341	Factors with multiple dispersed zinc fingers	C2H2 ZF	1		OMIM:618282	99.57390747070312	523.0	False	488.7492126464844	1765.0	False	2	0	99.57390747070312	488.7492126464844	389.1753051757813	4.908406479782722	convergent_nonsignificant	convergent_low
ENSG00000104885	DOT1L	DOT1L		AT hook	1		OMIM:621265	79.43351440429687	2022.0	False	488.6249145507812	1767.0	False	2	0	79.43351440429687	488.6249145507812	409.19140014648434	6.151369711074367	convergent_nonsignificant	convergent_low
ENSG00000141646	SMAD4	SMAD4		SMAD	4		OMIM:139210;OMIM:174900;OMIM:175050;OMIM:260350	81.43855590820313	1947.0	False	488.6084930419922	1768.0	False	2	0	81.43855590820313	488.6084930419922	407.16993713378906	5.999719513601735	convergent_nonsignificant	convergent_low
ENSG00000143390	RFX5	RFX5	RFX-related factors	RFX	2		OMIM:620816;OMIM:620818	103.339208984375	281.0	False	488.344580078125	1772.0	False	2	0	103.339208984375	488.344580078125	385.00537109375	4.725646585430736	convergent_nonsignificant	convergent_low
ENSG00000164924	YWHAZ	YWHAZ			1		OMIM:618428	107.16195678710938	129.0	False	488.3307434082032	1773.0	False	2	0	107.16195678710938	488.3307434082032	381.16878662109383	4.5569412695433815	convergent_nonsignificant	convergent_low
ENSG00000119042	SATB2	SATB2		CUT; Homeodomain	1		OMIM:612313	89.23899536132812	1473.0	False	487.67454223632814	1787.0	False	2	0	89.23899536132812	487.67454223632814	398.435546875	5.464814347827842	convergent_nonsignificant	convergent_low
ENSG00000179348	GATA2	GATA2	C4-GATA-related	GATA	4		OMIM:601626;OMIM:614038;OMIM:614172;OMIM:614286	101.73587646484376	367.0	False	487.4423889160156	1789.0	False	2	0	101.73587646484376	487.4423889160156	385.7065124511719	4.791253644769632	convergent_nonsignificant	convergent_low
ENSG00000138378	STAT4	STAT4		STAT	2		OMIM:612253;OMIM:620443	86.2305908203125	1692.0	False	487.2491760253906	1795.0	False	2	0	86.2305908203125	487.2491760253906	401.0185852050781	5.650537371832713	convergent_nonsignificant	convergent_low
ENSG00000168610	STAT3	STAT3	STAT factors	STAT	2		OMIM:147060;OMIM:615952	84.41925659179688	1804.0	False	487.1013427734375	1798.0	False	2	0	84.41925659179688	487.1013427734375	402.68208618164067	5.770026442293615	convergent_nonsignificant	convergent_low
ENSG00000135365	PHF21A	PHF21A		AT hook	1		OMIM:618725	88.11962280273437	1555.0	False	486.8856201171875	1802.0	False	2	0	88.11962280273437	486.8856201171875	398.7659973144531	5.525280347683006	convergent_nonsignificant	convergent_low
ENSG00000173976	RAX2	RAX2	Paired-related HD factors	Homeodomain	3		OMIM:610381;OMIM:613757;OMIM:620102	97.77711791992188	673.0	False	485.9888427734375	1808.0	False	2	0	97.77711791992188	485.9888427734375	388.21172485351565	4.970373980254314	convergent_nonsignificant	convergent_low
ENSG00000142599	RERE	RERE		Myb/SANT; GATA	1		OMIM:616975	89.66589965820313	1442.0	False	485.91224975585936	1809.0	False	2	0	89.66589965820313	485.91224975585936	396.2463500976562	5.41914207751336	convergent_nonsignificant	convergent_low
ENSG00000170370	EMX2	EMX2	NK	Homeodomain	1		OMIM:269160	89.82360229492187	1428.0	False	484.6926513671875	1820.0	False	2	0	89.82360229492187	484.6926513671875	394.8690490722656	5.396050024533356	convergent_nonsignificant	convergent_low
ENSG00000175745	NR2F1	NR2F1	RXR-related receptors (NR2)	Nuclear receptor	1		OMIM:615722	93.54041137695312	1051.0	False	484.4928405761719	1823.0	False	2	0	93.54041137695312	484.4928405761719	390.9524291992188	5.17950299174698	convergent_nonsignificant	convergent_low
ENSG00000077150	NFKB2	NFKB2	NF-kappaB-related factors	Rel	1		OMIM:615577	85.37847900390625	1742.0	False	483.9574890136719	1827.0	False	2	0	85.37847900390625	483.9574890136719	398.5790100097656	5.668377964329041	convergent_nonsignificant	convergent_low
ENSG00000105392	CRX	CRX		Homeodomain	3		OMIM:120970;OMIM:268000;OMIM:613829	108.64912109375	95.0	False	483.8411499023438	1829.0	False	2	0	108.64912109375	483.8411499023438	375.19202880859376	4.453244950641175	convergent_nonsignificant	convergent_low
ENSG00000103241	FOXF1	FOXF1		Forkhead	1		OMIM:265380	96.1177734375	841.0	False	483.5737121582032	1833.0	False	2	0	96.1177734375	483.5737121582032	387.4559387207032	5.0310540378116855	convergent_nonsignificant	convergent_low
ENSG00000119715	ESRRB	ESRRB	Steroid hormone receptors (NR3)	Nuclear receptor	1		OMIM:608565	99.86229248046877	500.0	False	483.01917724609376	1841.0	False	2	0	99.86229248046877	483.01917724609376	383.156884765625	4.836852482037336	convergent_nonsignificant	convergent_low
ENSG00000277258	PCGF2	PCGF2		Unknown	1		OMIM:618371	89.87783203125	1426.0	False	482.261279296875	1847.0	False	2	0	89.87783203125	482.261279296875	392.383447265625	5.365742234739213	convergent_nonsignificant	convergent_low
ENSG00000078403	MLLT10	MLLT10		Unknown	1		OMIM:601626	84.19583740234376	1825.0	False	481.9076843261719	1851.0	False	2	0	84.19583740234376	481.9076843261719	397.71184692382815	5.72365213286372	convergent_nonsignificant	convergent_low
ENSG00000137834	SMAD6	SMAD6		SMAD	3		OMIM:179300;OMIM:614823;OMIM:617439	76.80232543945313	2084.0	False	481.5452819824219	1856.0	False	2	0	76.80232543945313	481.5452819824219	404.7429565429688	6.269931010904697	convergent_nonsignificant	convergent_low
ENSG00000104447	TRPS1	TRPS1	C4-GATA-related	GATA	2		OMIM:190350;OMIM:190351	77.915478515625	2064.0	False	481.446533203125	1858.0	False	2	0	77.915478515625	481.446533203125	403.5310546875	6.179087164388996	convergent_nonsignificant	convergent_low
ENSG00000134595	SOX3	SOX3		HMG/Sox	2		OMIM:300123;OMIM:312000	100.6645263671875	436.0	False	481.4452087402344	1859.0	False	2	0	100.6645263671875	481.4452087402344	380.78068237304694	4.7826699843011005	convergent_nonsignificant	convergent_low
ENSG00000118217	ATF6	ATF6	Jun-related	bZIP	1		OMIM:616517	92.472021484375	1148.0	False	481.06688232421874	1862.0	False	2	0	92.472021484375	481.06688232421874	388.5948608398437	5.20229659308902	convergent_nonsignificant	convergent_low
ENSG00000117713	ARID1A	ARID1A		ARID/BRIGHT	1		OMIM:614607	81.65518188476562	1934.0	False	480.9199157714844	1864.0	False	2	0	81.65518188476562	480.9199157714844	399.2647338867188	5.889643555630967	convergent_nonsignificant	convergent_low
ENSG00000172534	HCFC1	HCFC1		Unknown	1		OMIM:309541	89.37313232421874	1463.0	False	480.7990783691406	1867.0	False	2	0	89.37313232421874	480.7990783691406	391.42594604492183	5.379682527238127	convergent_nonsignificant	convergent_low
ENSG00000163848	ZNF148	ZNF148	More than 3 adjacent zinc fingers	C2H2 ZF	1		OMIM:617260	88.038916015625	1561.0	False	480.48784790039065	1873.0	False	2	0	88.038916015625	480.48784790039065	392.44893188476567	5.457675646700539	convergent_nonsignificant	convergent_low
ENSG00000064835	POU1F1	POU1F1	POU domain factors	Homeodomain; POU	1		OMIM:613038	84.58341674804687	1792.0	False	479.7555725097656	1882.0	False	2	0	84.58341674804687	479.7555725097656	395.1721557617187	5.671981470538594	convergent_nonsignificant	convergent_low
ENSG00000136451	VEZF1	VEZF1	More than 3 adjacent zinc fingers	C2H2 ZF	1		OMIM:620247	93.4275390625	1065.0	False	478.476806640625	1895.0	False	2	0	93.4275390625	478.476806640625	385.049267578125	5.121367976101131	convergent_nonsignificant	convergent_low
ENSG00000108064	TFAM	TFAM		HMG/Sox	1		OMIM:617156	75.35988159179688	2106.0	False	478.40525512695314	1897.0	False	2	0	75.35988159179688	478.40525512695314	403.0453735351563	6.34827503735129	convergent_nonsignificant	convergent_low
ENSG00000173894	CBX2	CBX2		AT hook	1		OMIM:613080	94.94869384765624	937.0	False	477.3348571777344	1910.0	False	2	0	94.94869384765624	477.3348571777344	382.38616333007815	5.027292507505275	convergent_nonsignificant	convergent_low
ENSG00000152217	SETBP1	SETBP1		AT hook	2		OMIM:269150;OMIM:616078	95.65999145507811	878.0	False	475.66071166992185	1924.0	False	2	0	95.65999145507811	475.66071166992185	380.00072021484374	4.972410141739265	convergent_nonsignificant	convergent_low
ENSG00000129071	MBD4	MBD4		MBD	2		OMIM:606660;OMIM:619975	89.79542236328125	1430.0	False	474.85841674804686	1928.0	False	2	0	89.79542236328125	474.85841674804686	385.0629943847656	5.288225215166691	convergent_nonsignificant	convergent_low
ENSG00000103449	SALL1	SALL1		C2H2 ZF	1		OMIM:107480	96.12823486328124	840.0	False	474.71575927734375	1929.0	False	2	0	96.12823486328124	474.71575927734375	378.5875244140625	4.938359265126527	convergent_nonsignificant	convergent_low
ENSG00000136931	NR5A1	NR5A1	FTZF1-related (NR5A)	Nuclear receptor	4		OMIM:612964;OMIM:612965;OMIM:613957;OMIM:617480	109.81798095703124	72.0	False	474.6477844238281	1930.0	False	2	0	109.81798095703124	474.6477844238281	364.8298034667969	4.322131770110987	convergent_nonsignificant	convergent_low
ENSG00000186790	FOXE3	FOXE3		Forkhead	3		OMIM:610256;OMIM:612968;OMIM:617349	105.97767333984376	169.0	False	474.4387603759766	1933.0	False	2	0	105.97767333984376	474.4387603759766	368.4610870361328	4.476780301210904	convergent_nonsignificant	convergent_low
ENSG00000148143	ZNF462	ZNF462		C2H2 ZF	1		OMIM:618619	86.91864013671875	1642.0	False	474.3380676269532	1936.0	False	2	0	86.91864013671875	474.3380676269532	387.41942749023445	5.4572651721292775	convergent_nonsignificant	convergent_low
ENSG00000172238	ATOH1	ATOH1	Tal-related	bHLH	1		OMIM:620284	89.27572021484374	1468.0	False	473.8210144042969	1939.0	False	2	0	89.27572021484374	473.8210144042969	384.5452941894531	5.307389436501183	convergent_nonsignificant	convergent_low
ENSG00000069667	RORA	RORA	Thyroid hormone receptor-related factors (NR1)	Nuclear receptor	1		OMIM:618060	90.08463134765626	1407.0	False	473.589892578125	1941.0	False	2	0	90.08463134765626	473.589892578125	383.5052612304687	5.257166350056296	convergent_nonsignificant	convergent_low
ENSG00000105880	DLX5	DLX5	NK	Homeodomain	2		OMIM:183600;OMIM:220600	102.5479736328125	318.0	False	473.14386596679685	1947.0	False	2	0	102.5479736328125	473.14386596679685	370.59589233398435	4.61387825819899	convergent_nonsignificant	convergent_low
ENSG00000165821	SALL2	SALL2		C2H2 ZF	1		OMIM:216820	57.812042236328125	2164.0	False	472.9176513671875	1951.0	False	2	0	57.812042236328125	472.9176513671875	415.10560913085936	8.180261984760225	convergent_nonsignificant	convergent_low
ENSG00000168036	CTNNB1	CTNNB1		Unknown	7		OMIM:114500;OMIM:114550;OMIM:132600;OMIM:155255;OMIM:167000;OMIM:615075;OMIM:617572	97.1581787109375	743.0	False	472.57765502929686	1953.0	False	2	0	97.1581787109375	472.57765502929686	375.41947631835933	4.86400281787185	convergent_nonsignificant	convergent_low
ENSG00000198026	ZNF335	ZNF335	Other factors with up to three adjacent zinc fingers	C2H2 ZF	1		OMIM:615095	86.82776489257813	1652.0	False	471.6592651367188	1962.0	False	2	0	86.82776489257813	471.6592651367188	384.83150024414067	5.43212491672736	convergent_nonsignificant	convergent_low
ENSG00000121454	LHX4	LHX4		Homeodomain	1		OMIM:262700	97.95550537109376	654.0	False	471.5163696289063	1964.0	False	2	0	97.95550537109376	471.5163696289063	373.56086425781257	4.813577019919584	convergent_nonsignificant	convergent_low
ENSG00000136997	MYC	MYC	bHLH-ZIP	bHLH	1		OMIM:113970	86.20806884765625	1694.0	False	470.4857177734375	1970.0	False	2	0	86.20806884765625	470.4857177734375	384.27764892578125	5.4575601108158756	convergent_nonsignificant	convergent_low
ENSG00000136535	TBR1	TBR1	TBrain-related factors	T-box	1		OMIM:606053	92.23726196289064	1171.0	False	470.2179565429688	1971.0	False	2	0	92.23726196289064	470.2179565429688	377.9806945800782	5.097917550199498	convergent_nonsignificant	convergent_low
ENSG00000155966	AFF2	AFF2			1		OMIM:309548	75.43428344726563	2105.0	False	468.8991394042969	1981.0	False	2	0	75.43428344726563	468.8991394042969	393.46485595703126	6.215995141414626	convergent_nonsignificant	convergent_low
ENSG00000106624	AEBP1	AEBP1		Unknown	1		OMIM:618000	84.5650634765625	1793.0	False	468.2878295898437	1991.0	False	2	0	84.5650634765625	468.2878295898437	383.7227661132812	5.53760395059162	convergent_nonsignificant	convergent_low
ENSG00000161980	POLR3K	POLR3K			1		OMIM:619310	92.68348999023438	1128.0	False	467.9773071289063	1992.0	False	2	0	92.68348999023438	467.9773071289063	375.29381713867195	5.049198160084551	convergent_nonsignificant	convergent_low
ENSG00000156925	ZIC3	ZIC3	More than 3 adjacent zinc fingers	C2H2 ZF	2		OMIM:306955;OMIM:314390	84.90518798828126	1771.0	False	467.9316284179688	1993.0	False	2	0	84.90518798828126	467.9316284179688	383.02644042968757	5.511225397469863	convergent_nonsignificant	convergent_low
ENSG00000102145	GATA1	GATA1	C4-GATA-related	GATA	5		OMIM:159595;OMIM:300367;OMIM:300835;OMIM:301083;OMIM:314050	90.3067626953125	1383.0	False	466.4871032714844	2001.0	False	2	0	90.3067626953125	466.4871032714844	376.1803405761719	5.1655832780250694	convergent_nonsignificant	convergent_low
ENSG00000112592	TBP	TBP		TBP	2		OMIM:168600;OMIM:607136	90.44459228515623	1373.0	False	463.7576965332031	2016.0	False	2	0	90.44459228515623	463.7576965332031	373.3131042480469	5.127533717782208	convergent_nonsignificant	convergent_low
ENSG00000151702	FLI1	FLI1	Ets-related	Ets	1		OMIM:617443	96.80543823242188	782.0	False	463.4425964355469	2019.0	False	2	0	96.80543823242188	463.4425964355469	366.637158203125	4.787361174099118	convergent_nonsignificant	convergent_low
ENSG00000079432	CIC	CIC		HMG/Sox	1		OMIM:617600	87.65824584960937	1595.0	False	461.7063171386719	2029.0	False	2	0	87.65824584960937	461.7063171386719	374.04807128906253	5.26711791530482	convergent_nonsignificant	convergent_low
ENSG00000180613	GSX2	GSX2	HOX	Homeodomain	1		OMIM:618646	80.8882080078125	1968.0	False	461.7021728515625	2030.0	False	2	0	80.8882080078125	461.7021728515625	380.81396484375	5.707904578711517	convergent_nonsignificant	convergent_low
ENSG00000082175	PGR	PGR	Steroid hormone receptors (NR3)	Nuclear receptor	1		OMIM:264080	77.6365478515625	2069.0	False	461.58411865234376	2031.0	False	2	0	77.6365478515625	461.58411865234376	383.94757080078125	5.945448779289766	convergent_nonsignificant	convergent_low
ENSG00000119866	BCL11A	BCL11A	Factors with multiple dispersed zinc fingers	C2H2 ZF	1		OMIM:617101	99.31719970703124	540.0	False	460.448583984375	2033.0	False	2	0	99.31719970703124	460.448583984375	361.1313842773437	4.636141427090369	convergent_nonsignificant	convergent_low
ENSG00000127616	SMARCA4	SMARCA4		Unknown	3		OMIM:613325;OMIM:614609;OMIM:620792	104.6261474609375	218.0	False	460.10149536132815	2035.0	False	2	0	104.6261474609375	460.10149536132815	355.47534790039066	4.397576576477773	convergent_nonsignificant	convergent_low
ENSG00000213639	PPP1CB	PPP1CB			1		OMIM:617506	92.23695068359376	1172.0	False	459.7450317382812	2039.0	False	2	0	92.23695068359376	459.7450317382812	367.50808105468747	4.984391052945512	convergent_nonsignificant	convergent_low
ENSG00000168286	THAP11	THAP11	THAP-related factors	THAP finger	2		OMIM:620940;OMIM:620947	79.71089477539063	2012.0	False	459.191796875	2041.0	False	2	0	79.71089477539063	459.191796875	379.4809020996094	5.760715623239593	convergent_nonsignificant	convergent_low
ENSG00000159377	PSMB4	PSMB4			1		OMIM:617591	96.91201171875	772.0	False	458.3602478027344	2044.0	False	2	0	96.91201171875	458.3602478027344	361.4482360839844	4.729653627797445	convergent_nonsignificant	convergent_low
ENSG00000125813	PAX1	PAX1	Paired domain only	Paired box	1		OMIM:615560	83.77445678710937	1846.0	False	456.8660461425781	2046.0	False	2	0	83.77445678710937	456.8660461425781	373.0915893554687	5.4535244233643	convergent_nonsignificant	convergent_low
ENSG00000173801	JUP	JUP		Unknown	2		OMIM:601214;OMIM:611528	105.56893310546874	182.0	False	456.260009765625	2051.0	False	2	0	105.56893310546874	456.260009765625	350.6910766601562	4.3219155138169105	convergent_nonsignificant	convergent_low
ENSG00000101665	SMAD7	SMAD7		SMAD	1		OMIM:612229	94.75839233398438	949.0	False	455.7527221679687	2055.0	False	2	0	94.75839233398438	455.7527221679687	360.99432983398435	4.809629109806209	convergent_nonsignificant	convergent_low
ENSG00000122482	ZNF644	ZNF644		C2H2 ZF	1		OMIM:614167	90.95028686523438	1311.0	False	455.7400634765625	2056.0	False	2	0	90.95028686523438	455.7400634765625	364.78977661132814	5.010869994856152	convergent_nonsignificant	convergent_low
ENSG00000165060	FXN	FXN			2		OMIM:229300;OMIM:601992	92.24005737304688	1170.0	False	454.64760131835936	2063.0	False	2	0	92.24005737304688	454.64760131835936	362.40754394531245	4.928960521778797	convergent_nonsignificant	convergent_low
ENSG00000066827	ZFAT	ZFAT		C2H2 ZF	1		OMIM:608175	90.44747314453124	1371.0	False	453.7904357910156	2065.0	False	2	0	90.44747314453124	453.7904357910156	363.34296264648435	5.017170961380841	convergent_nonsignificant	convergent_low
ENSG00000009709	PAX7	PAX7	Paired plus homeo domain	Homeodomain; Paired box	2		OMIM:268220;OMIM:618578	96.463623046875	806.0	False	451.0609985351563	2075.0	False	2	0	96.463623046875	451.0609985351563	354.5973754882813	4.675969907495286	convergent_nonsignificant	convergent_low
ENSG00000119508	NR4A3	NR4A3		Nuclear receptor	1		OMIM:612237	95.16842651367188	922.0	False	450.5608703613281	2077.0	False	2	0	95.16842651367188	450.5608703613281	355.39244384765624	4.734352419881615	convergent_nonsignificant	convergent_low
ENSG00000007372	PAX6	PAX6	Paired plus homeo domain	Homeodomain; Paired box	8		OMIM:106210;OMIM:120200;OMIM:120430;OMIM:136520;OMIM:148190;OMIM:165550;OMIM:194072;OMIM:604229	102.1479736328125	341.0	False	447.5153564453125	2083.0	False	2	0	102.1479736328125	447.5153564453125	345.36738281249995	4.381049770541501	convergent_nonsignificant	convergent_low
ENSG00000152518	ZFP36L2	ZFP36L2		CCCH ZF	1		OMIM:620154	85.72411499023437	1721.0	False	446.310888671875	2085.0	False	2	0	85.72411499023437	446.310888671875	360.5867736816406	5.206363328716994	convergent_nonsignificant	convergent_low
ENSG00000102878	HSF4	HSF4	HSF factors	HSF	1		OMIM:116800	94.52029418945312	964.0	False	444.4782104492188	2095.0	False	2	0	94.52029418945312	444.4782104492188	349.9579162597657	4.702463256814695	convergent_nonsignificant	convergent_low
ENSG00000157259	GATAD1	GATAD1		GATA	1		OMIM:614672	90.19306640625	1396.0	False	444.3063171386719	2096.0	False	2	0	90.19306640625	444.3063171386719	354.1132507324219	4.9261693258926975	convergent_nonsignificant	convergent_low
ENSG00000184937	WT1	WT1		C2H2 ZF	8		OMIM:106210;OMIM:136680;OMIM:156240;OMIM:194070;OMIM:194072;OMIM:194080;OMIM:256370;OMIM:608978	83.181982421875	1875.0	False	443.5733642578125	2098.0	False	2	0	83.181982421875	443.5733642578125	360.3913818359375	5.332565434761298	convergent_nonsignificant	convergent_low
ENSG00000163161	ERCC3	ERCC3		Unknown	2		OMIM:610651;OMIM:616390	74.34852905273438	2118.0	False	438.7892822265625	2106.0	False	2	0	74.34852905273438	438.7892822265625	364.4407531738281	5.901788344935988	convergent_nonsignificant	convergent_low
ENSG00000080503	SMARCA2	SMARCA2		Unknown	2		OMIM:601358;OMIM:619293	78.73232421875	2040.0	False	433.40382080078126	2119.0	False	2	0	78.73232421875	433.40382080078126	354.6714965820313	5.504776152633466	convergent_nonsignificant	convergent_low
ENSG00000147862	NFIB	NFIB	Nuclear factor 1	SMAD	1		OMIM:618286	95.22570190429688	912.0	False	431.8621765136719	2123.0	False	2	0	95.22570190429688	431.8621765136719	336.636474609375	4.535143011575795	convergent_nonsignificant	convergent_low
ENSG00000141384	TAF4B	TAF4B		Unknown	1		OMIM:615841	84.22667236328125	1822.0	False	424.1894104003906	2133.0	False	2	0	84.22667236328125	424.1894104003906	339.9627380371094	5.036283620119803	convergent_nonsignificant	convergent_low
ENSG00000107859	PITX3	PITX3	Paired-related HD factors	Homeodomain	2		OMIM:107250;OMIM:610623	102.6709716796875	313.0	False	421.412939453125	2135.0	False	2	0	102.6709716796875	421.412939453125	318.74196777343747	4.104499378537562	convergent_nonsignificant	convergent_low
ENSG00000106571	GLI3	GLI3	More than 3 adjacent zinc fingers	C2H2 ZF	4		OMIM:146510;OMIM:174200;OMIM:174700;OMIM:175700	97.3055419921875	724.0	False	421.19578857421874	2136.0	False	2	0	97.3055419921875	421.19578857421874	323.89024658203124	4.328589923562996	convergent_nonsignificant	convergent_low
ENSG00000204644	ZFP57	ZFP57	Factors with multiple dispersed zinc fingers	C2H2 ZF	1		OMIM:601410	87.47828979492188	1606.0	False	418.57758178710935	2140.0	False	2	0	87.47828979492188	418.57758178710935	331.0992919921875	4.784931012807795	convergent_nonsignificant	convergent_low
ENSG00000181965	NEUROG1	NEUROG1	Tal-related	bHLH	1		OMIM:620469	96.800439453125	783.0	False	407.9255615234375	2150.0	False	2	0	96.800439453125	407.9255615234375	311.1251220703125	4.2140879093939745	convergent_nonsignificant	convergent_low
ENSG00000115415	STAT1	STAT1	STAT factors	STAT	3		OMIM:613796;OMIM:614162;OMIM:614892	94.46219482421876	969.0	False	403.2121276855469	2152.0	False	2	0	94.46219482421876	403.2121276855469	308.74993286132815	4.268502636804804	convergent_nonsignificant	convergent_low
ENSG00000162924	REL	REL	NF-kappaB-related factors	Rel	1		OMIM:619652	90.19329223632812	1395.0	False	364.6227661132813	2163.0	False	2	0	90.19329223632812	364.6227661132813	274.4294738769531	4.04268163488125	convergent_nonsignificant	convergent_low
ENSG00000119041	GTF3C3	GTF3C3			1		OMIM:621201	71.052978515625	2147.0	False	333.9814453125	2165.0	False	2	0	71.052978515625	333.9814453125	262.928466796875	4.700456649245962	convergent_nonsignificant	convergent_low
