Job: 10547705 @ carter-gpu-02 Fri May  8 16:37:16 PDT 2026
Fri May  8 16:37:16 2026       
+-----------------------------------------------------------------------------------------+
| NVIDIA-SMI 565.57.01              Driver Version: 565.57.01      CUDA Version: 12.7     |
|-----------------------------------------+------------------------+----------------------+
| GPU  Name                 Persistence-M | Bus-Id          Disp.A | Volatile Uncorr. ECC |
| Fan  Temp   Perf          Pwr:Usage/Cap |           Memory-Usage | GPU-Util  Compute M. |
|                                         |                        |               MIG M. |
|=========================================+========================+======================|
|   0  NVIDIA A30                     On  |   00000000:81:00.0 Off |                    0 |
| N/A   35C    P0             30W /  165W |       1MiB /  24576MiB |      0%      Default |
|                                         |                        |             Disabled |
+-----------------------------------------+------------------------+----------------------+
                                                                                         
+-----------------------------------------------------------------------------------------+
| Processes:                                                                              |
|  GPU   GI   CI        PID   Type   Process name                              GPU Memory |
|        ID   ID                                                               Usage      |
|=========================================================================================|
|  No running processes found                                                             |
+-----------------------------------------------------------------------------------------+
[setup] downloading MuData from gs://igvf-pertub-seq-pipeline-data/Huangfu_HUES8-embryonic-stemcell-differentiation_TF-Perturb-seq/2026_04_13/outs/sceptre_v1/inference_mudata.h5mu -> /cellar/users/aklie/projects/tf_perturb_seq/datasets/Huangfu_HUES8-embryonic-stemcell-differentiation_TF-Perturb-seq/results/energy_distance/sceptre_v1/inference_mudata.h5mu
[setup] MuData: /cellar/users/aklie/projects/tf_perturb_seq/datasets/Huangfu_HUES8-embryonic-stemcell-differentiation_TF-Perturb-seq/results/energy_distance/sceptre_v1/inference_mudata.h5mu (7.0G)
[setup] container: /cellar/users/aklie/opt/containers/edist_pipeline.sif
[setup] pipeline bin: /cellar/users/aklie/projects/tf_perturb_seq/external/energy_dist_pipeline/bin
[setup] preprocess script: /cellar/users/aklie/projects/tf_perturb_seq/scripts/preprocess_mudata_local.py
[setup] configs written to /cellar/users/aklie/projects/tf_perturb_seq/datasets/Huangfu_HUES8-embryonic-stemcell-differentiation_TF-Perturb-seq/results/energy_distance/sceptre_v1
[step0] preprocessing MuData ...
[preprocess] reading /cellar/users/aklie/projects/tf_perturb_seq/datasets/Huangfu_HUES8-embryonic-stemcell-differentiation_TF-Perturb-seq/results/energy_distance/sceptre_v1/inference_mudata.h5mu
MuData object with n_obs × n_vars = 189599 × 23670
  obs:	'batch'
  uns:	'cis_per_element_results', 'cis_per_guide_results', 'trans_per_element_results', 'trans_per_guide_results'
  2 modalities
    gene:	189599 x 9519
      obs:	'batch', 'batch_number', 'n_counts', 'log1p_n_genes_by_counts', 'total_gene_umis', 'log1p_total_counts', 'pct_counts_in_top_50_genes', 'pct_counts_in_top_100_genes', 'pct_counts_in_top_200_genes', 'pct_counts_in_top_500_genes', 'total_counts_mt', 'log1p_total_counts_mt', 'percent_mito', 'total_counts_ribo', 'log1p_total_counts_ribo', 'pct_counts_ribo'
      var:	'symbol', 'mt', 'ribo', 'n_cells_by_counts', 'mean_counts', 'log1p_mean_counts', 'pct_dropout_by_counts', 'total_counts', 'log1p_total_counts', 'n_cells', 'gene_chr', 'gene_start', 'gene_end'
    guide:	189599 x 14151
      obs:	'batch', 'num_expressed_guides', 'total_guide_umis'
      var:	'guide_id', 'spacer', 'targeting', 'type', 'guide_chr', 'guide_start', 'guide_end', 'strand', 'pam', 'genomic_element', 'intended_target_name', 'intended_target_chr', 'intended_target_start', 'intended_target_end', 'putative_target_genes', 'reporter', 'imperfect', 'gene_name', 'intended_target_key'
      uns:	'capture_method', 'moi'
      layers:	'guide_assignment'
[preprocess] modality keys: rna=gene, guide=guide
[preprocess] running PCA (n_comps=50)
[preprocess] building gRNA -> cells dict
[preprocess] building annotation table
[preprocess] writing preprocessed.h5ad + gRNA_dict.pickle + pca_dataframe.pickle
[preprocess] done
[step1] filter outlier gRNAs
--- Configuration Loaded ---
{
    "output_file_name_list": {
        "OUTPUT_FOLDER": "/cellar/users/aklie/projects/tf_perturb_seq/datasets/Huangfu_HUES8-embryonic-stemcell-differentiation_TF-Perturb-seq/results/energy_distance/sceptre_v1",
        "targeting_outlier_table": "targeting_outlier_table.csv",
        "non_targeting_outlier_table": "non_targeting_outlier_table.csv",
        "edist_pvalue_table": "pval_edist_full.csv",
        "edist_target_by_target_matrix": "target_by_target_matrix.csv",
        "edist_embedding_info": "edist_embedding_info.csv",
        "pca_table": "pca_dataframe.pickle",
        "gRNA_dict": "gRNA_dict.pickle",
        "discordance_gRNA_table": "discordance_gRNA.csv",
        "OVERWRITE_PCA_DICT": false
    },
    "input_data": {
        "annotation_file": {
            "file_path": "/cellar/users/aklie/projects/tf_perturb_seq/datasets/Huangfu_HUES8-embryonic-stemcell-differentiation_TF-Perturb-seq/results/energy_distance/sceptre_v1/annotation_table.csv",
            "concatenate_key": "intended_target_name"
        },
        "h5ad_file": {
            "file_path": "/cellar/users/aklie/projects/tf_perturb_seq/datasets/Huangfu_HUES8-embryonic-stemcell-differentiation_TF-Perturb-seq/results/energy_distance/sceptre_v1/preprocessed.h5ad",
            "obsm_key": "X_pca"
        },
        "sgRNA_file": {
            "file_path": "/cellar/users/aklie/projects/tf_perturb_seq/datasets/Huangfu_HUES8-embryonic-stemcell-differentiation_TF-Perturb-seq/results/energy_distance/sceptre_v1/gRNA_dict.pickle"
        }
    },
    "gRNA_filtering": {
        "perform_targeting_filtering": true,
        "perform_nontargeting_filtering": true,
        "threshold_gRNA_num": 6,
        "combi_count": 4,
        "total_permute_disco": 1000,
        "combi_cell_num_max": 1000,
        "batch_num_basic": 120
    },
    "permutation_test": {
        "permute_per_bg": 1000,
        "num_of_bg": 20,
        "non_target_pick": 2000,
        "target_cell_num_max": 2000,
        "batch_num_basic": 200,
        "use_matched_bg": false
    },
    "aggregate": {
        "downsampling_maximum": 10000
    }
}
--------------------------
--- Processing PCA data ---
Loading existing PCA file '/cellar/users/aklie/projects/tf_perturb_seq/datasets/Huangfu_HUES8-embryonic-stemcell-differentiation_TF-Perturb-seq/results/energy_distance/sceptre_v1/pca_dataframe.pickle'.

--- Processing gRNA dictionary ---
Loading existing gRNA dictionary file '/cellar/users/aklie/projects/tf_perturb_seq/datasets/Huangfu_HUES8-embryonic-stemcell-differentiation_TF-Perturb-seq/results/energy_distance/sceptre_v1/gRNA_dict.pickle'.
gRNA dictionary loaded successfully. Found 14151 types of gRNAs.

--- Processing finished ---
Load csv formated annotation file
annotation file loaded
--------
safe-targeting: 0 gRNAs
non-targeting: 600 gRNAs
targeting: 12934 gRNAs
positive control: 19 gRNAs
negative control: 598 gRNAs
variant: 0 gRNAs
14151 gRNAs are found in both annotation and gRNA_dict
0 gRNAs are found only in annotation (possibly dropout)
0 gRNAs are found only in gRNA_dict
Processing 2284 target regions...
Skipping target 'ENSG00000090861|chr16:70289397-70289415': Needs at least 2 gRNAs, found 1.
Note: Downsampling was applied for target(s): ENSG00000090861|chr16:70289409-70289495
Skipping target 'ENSG00000166710|chr15:44711545-44711959': Needs at least 2 gRNAs, found 1.
Note: Downsampling was applied for target(s): ENSG00000177697|chr11:832818-833060
Skipping target 'ENSG00000150093|chr10:32957937-32958259': Needs at least 2 gRNAs, found 1.
Skipping target 'ENSG00000196352|chr1:207321700-207322397': Needs at least 2 gRNAs, found 1.
Skipping target 'ENSG00000110651|chr11:2377312-2377521': Needs at least 2 gRNAs, found 1.
Skipping target 'ENSG00000110651|chr11:2377315-2377333': Needs at least 2 gRNAs, found 1.
Skipping target 'ENSG00000205981|chr3:180989302-180989320': Needs at least 2 gRNAs, found 1.
Note: Downsampling was applied for target(s): ENSG00000205981|chr3:180989327-180989725
Skipping target 'ENSG00000251562|chr11:65497796-65497814': Needs at least 2 gRNAs, found 1.
Skipping target 'ENSG00000166681|chrX:103376320-103376338': Needs at least 2 gRNAs, found 1.
Skipping target 'ENSG00000186184|chr13:27621863-27621881': Needs at least 2 gRNAs, found 1.
Note: Downsampling was applied for target(s): ENSG00000186184|chr13:27621865-27621958
Skipping target 'ENSG00000072274|chr3:196081657-196082093': Needs at least 2 gRNAs, found 1.
Note: Downsampling was applied for target(s): non-targeting|1|non-targeting:1-1
Note: Downsampling was applied for target(s): non-targeting|2|non-targeting:2-2
Note: Downsampling was applied for target(s): non-targeting|3|non-targeting:3-3
Note: Downsampling was applied for target(s): non-targeting|4|non-targeting:4-4
Note: Downsampling was applied for target(s): non-targeting|5|non-targeting:5-5
Note: Downsampling was applied for target(s): non-targeting|6|non-targeting:6-6
Note: Downsampling was applied for target(s): non-targeting|7|non-targeting:7-7
Note: Downsampling was applied for target(s): non-targeting|8|non-targeting:8-8
Note: Downsampling was applied for target(s): non-targeting|9|non-targeting:9-9
Note: Downsampling was applied for target(s): non-targeting|10|non-targeting:10-10
Note: Downsampling was applied for target(s): non-targeting|11|non-targeting:11-11
Note: Downsampling was applied for target(s): non-targeting|12|non-targeting:12-12
Note: Downsampling was applied for target(s): non-targeting|13|non-targeting:13-13
Note: Downsampling was applied for target(s): non-targeting|14|non-targeting:14-14
Note: Downsampling was applied for target(s): non-targeting|15|non-targeting:15-15
Note: Downsampling was applied for target(s): non-targeting|16|non-targeting:16-16
Note: Downsampling was applied for target(s): non-targeting|17|non-targeting:17-17
Note: Downsampling was applied for target(s): non-targeting|18|non-targeting:18-18
Note: Downsampling was applied for target(s): non-targeting|19|non-targeting:19-19
Note: Downsampling was applied for target(s): non-targeting|20|non-targeting:20-20
Note: Downsampling was applied for target(s): non-targeting|21|non-targeting:21-21
Note: Downsampling was applied for target(s): non-targeting|22|non-targeting:22-22
Note: Downsampling was applied for target(s): non-targeting|23|non-targeting:23-23
Note: Downsampling was applied for target(s): non-targeting|24|non-targeting:24-24
Note: Downsampling was applied for target(s): non-targeting|25|non-targeting:25-25
Note: Downsampling was applied for target(s): non-targeting|26|non-targeting:26-26
Note: Downsampling was applied for target(s): non-targeting|27|non-targeting:27-27
Note: Downsampling was applied for target(s): non-targeting|28|non-targeting:28-28
Note: Downsampling was applied for target(s): non-targeting|29|non-targeting:29-29
Note: Downsampling was applied for target(s): non-targeting|30|non-targeting:30-30
Note: Downsampling was applied for target(s): non-targeting|31|non-targeting:31-31
Note: Downsampling was applied for target(s): non-targeting|32|non-targeting:32-32
Note: Downsampling was applied for target(s): non-targeting|33|non-targeting:33-33
Note: Downsampling was applied for target(s): non-targeting|34|non-targeting:34-34
Note: Downsampling was applied for target(s): non-targeting|35|non-targeting:35-35
Note: Downsampling was applied for target(s): non-targeting|36|non-targeting:36-36
Note: Downsampling was applied for target(s): non-targeting|37|non-targeting:37-37
Note: Downsampling was applied for target(s): non-targeting|38|non-targeting:38-38
Note: Downsampling was applied for target(s): non-targeting|39|non-targeting:39-39
Note: Downsampling was applied for target(s): non-targeting|40|non-targeting:40-40
Note: Downsampling was applied for target(s): non-targeting|41|non-targeting:41-41
Note: Downsampling was applied for target(s): non-targeting|42|non-targeting:42-42
Note: Downsampling was applied for target(s): non-targeting|43|non-targeting:43-43
Note: Downsampling was applied for target(s): non-targeting|44|non-targeting:44-44
Note: Downsampling was applied for target(s): non-targeting|45|non-targeting:45-45
Note: Downsampling was applied for target(s): non-targeting|46|non-targeting:46-46
Note: Downsampling was applied for target(s): non-targeting|47|non-targeting:47-47
Note: Downsampling was applied for target(s): non-targeting|48|non-targeting:48-48
Note: Downsampling was applied for target(s): non-targeting|49|non-targeting:49-49
Note: Downsampling was applied for target(s): non-targeting|50|non-targeting:50-50
Note: Downsampling was applied for target(s): non-targeting|51|non-targeting:51-51
Note: Downsampling was applied for target(s): non-targeting|52|non-targeting:52-52
Note: Downsampling was applied for target(s): non-targeting|53|non-targeting:53-53
Note: Downsampling was applied for target(s): non-targeting|54|non-targeting:54-54
Note: Downsampling was applied for target(s): non-targeting|55|non-targeting:55-55
Note: Downsampling was applied for target(s): non-targeting|56|non-targeting:56-56
Note: Downsampling was applied for target(s): non-targeting|57|non-targeting:57-57
Note: Downsampling was applied for target(s): non-targeting|58|non-targeting:58-58
Note: Downsampling was applied for target(s): non-targeting|59|non-targeting:59-59
Note: Downsampling was applied for target(s): non-targeting|60|non-targeting:60-60
Note: Downsampling was applied for target(s): non-targeting|61|non-targeting:61-61
Note: Downsampling was applied for target(s): non-targeting|62|non-targeting:62-62
Note: Downsampling was applied for target(s): non-targeting|63|non-targeting:63-63
Note: Downsampling was applied for target(s): non-targeting|64|non-targeting:64-64
Note: Downsampling was applied for target(s): non-targeting|65|non-targeting:65-65
Note: Downsampling was applied for target(s): non-targeting|66|non-targeting:66-66
Note: Downsampling was applied for target(s): non-targeting|67|non-targeting:67-67
Note: Downsampling was applied for target(s): non-targeting|68|non-targeting:68-68
Note: Downsampling was applied for target(s): non-targeting|69|non-targeting:69-69
Note: Downsampling was applied for target(s): non-targeting|70|non-targeting:70-70
Note: Downsampling was applied for target(s): non-targeting|71|non-targeting:71-71
Note: Downsampling was applied for target(s): non-targeting|72|non-targeting:72-72
Note: Downsampling was applied for target(s): non-targeting|73|non-targeting:73-73
Note: Downsampling was applied for target(s): non-targeting|74|non-targeting:74-74
Note: Downsampling was applied for target(s): non-targeting|75|non-targeting:75-75
Note: Downsampling was applied for target(s): non-targeting|76|non-targeting:76-76
Note: Downsampling was applied for target(s): non-targeting|77|non-targeting:77-77
Note: Downsampling was applied for target(s): non-targeting|78|non-targeting:78-78
Note: Downsampling was applied for target(s): non-targeting|79|non-targeting:79-79
Note: Downsampling was applied for target(s): non-targeting|80|non-targeting:80-80
Note: Downsampling was applied for target(s): non-targeting|81|non-targeting:81-81
Note: Downsampling was applied for target(s): non-targeting|82|non-targeting:82-82
Note: Downsampling was applied for target(s): non-targeting|83|non-targeting:83-83
Note: Downsampling was applied for target(s): non-targeting|84|non-targeting:84-84
Note: Downsampling was applied for target(s): non-targeting|85|non-targeting:85-85
Note: Downsampling was applied for target(s): non-targeting|86|non-targeting:86-86
Note: Downsampling was applied for target(s): non-targeting|87|non-targeting:87-87
Note: Downsampling was applied for target(s): non-targeting|88|non-targeting:88-88
Note: Downsampling was applied for target(s): non-targeting|89|non-targeting:89-89
Note: Downsampling was applied for target(s): non-targeting|90|non-targeting:90-90
Note: Downsampling was applied for target(s): non-targeting|91|non-targeting:91-91
Note: Downsampling was applied for target(s): non-targeting|92|non-targeting:92-92
Note: Downsampling was applied for target(s): non-targeting|93|non-targeting:93-93
Note: Downsampling was applied for target(s): non-targeting|94|non-targeting:94-94
Note: Downsampling was applied for target(s): non-targeting|95|non-targeting:95-95
Note: Downsampling was applied for target(s): non-targeting|96|non-targeting:96-96
Note: Downsampling was applied for target(s): non-targeting|97|non-targeting:97-97
Note: Downsampling was applied for target(s): non-targeting|98|non-targeting:98-98
Note: Downsampling was applied for target(s): non-targeting|99|non-targeting:99-99
Note: Downsampling was applied for target(s): non-targeting|100|non-targeting:100-100
Note: Downsampling was applied for target(s): ENSG00000275700|chr17:36948966-36949088
Note: Downsampling was applied for target(s): ENSG00000101126|chr20:50930828-50931425
Note: Downsampling was applied for target(s): ENSG00000101544|chr18:80109299-80109786
Note: Downsampling was applied for target(s): ENSG00000106624|chr7:44104396-44104746
Note: Downsampling was applied for target(s): ENSG00000139154|chr12:19439636-19440076
Note: Downsampling was applied for target(s): ENSG00000172493|chr4:86935010-86935229
Note: Downsampling was applied for target(s): ENSG00000155966|chrX:148500809-148501189
Note: Downsampling was applied for target(s): ENSG00000144218|chr2:100142311-100142534
Note: Downsampling was applied for target(s): ENSG00000072364|chr5:132963540-132963638
Note: Downsampling was applied for target(s): ENSG00000153207|chr1:246931690-246931935
Note: Downsampling was applied for target(s): ENSG00000101444|chr20:34302905-34303337
Note: Downsampling was applied for target(s): ENSG00000126705|chr1:27604043-27604193
Note: Downsampling was applied for target(s): ENSG00000106546|chr7:17298669-17298900
Note: Downsampling was applied for target(s): ENSG00000063438|chr5:321718-322616
Note: Downsampling was applied for target(s): ENSG00000160224|chr21:44285835-44286115
Note: Downsampling was applied for target(s): ENSG00000105127|chr19:15379705-15379777
Note: Downsampling was applied for target(s): ENSG00000011243|chr19:15418544-15418997
Note: Downsampling was applied for target(s): ENSG00000106948|chr9:114387893-114388009
Note: Downsampling was applied for target(s): ENSG00000106948|chr9:114398167-114398474
Note: Downsampling was applied for target(s): ENSG00000180318|chr12:85280208-85280308
Note: Downsampling was applied for target(s): ENSG00000156150|chr1:110070253-110070638
Note: Downsampling was applied for target(s): ENSG00000052850|chr11:44309662-44310019
Note: Downsampling was applied for target(s): ENSG00000183684|chr17:81891193-81891580
Note: Downsampling was applied for target(s): ENSG00000227059|chr12:133235485-133235838
Note: Downsampling was applied for target(s): ENSG00000148677|chr10:90920906-90921120
Note: Downsampling was applied for target(s): ENSG00000148513|chr10:37125662-37125900
Note: Downsampling was applied for target(s): ENSG00000163516|chr2:219229800-219229910
Note: Downsampling was applied for target(s): ENSG00000175279|chr1:10430503-10431006
Note: Downsampling was applied for target(s): ENSG00000169083|chrX:67544023-67544422
Note: Downsampling was applied for target(s): ENSG00000186103|chr3:121567957-121568203
Note: Downsampling was applied for target(s): ENSG00000160007|chr19:46918664-46918867
Note: Downsampling was applied for target(s): ENSG00000117713|chr1:26696017-26696482
Note: Downsampling was applied for target(s): ENSG00000049618|chr6:156777663-156778009
Note: Downsampling was applied for target(s): ENSG00000049618|chr6:156779041-156779230
Note: Downsampling was applied for target(s): ENSG00000189079|chr12:45729704-45729957
Note: Downsampling was applied for target(s): ENSG00000116017|chr19:926002-926433
Note: Downsampling was applied for target(s): ENSG00000179361|chr15:74541326-74541593
Note: Downsampling was applied for target(s): ENSG00000205143|chr9:34628366-34628548
Note: Downsampling was applied for target(s): ENSG00000032219|chr14:58298554-58298789
Note: Downsampling was applied for target(s): ENSG00000054267|chr1:235327775-235328171
Note: Downsampling was applied for target(s): ENSG00000196843|chr2:96536779-96536846
Note: Downsampling was applied for target(s): ENSG00000150347|chr10:61901180-61901443
Note: Downsampling was applied for target(s): ENSG00000143437|chr1:150876336-150876712
Note: Downsampling was applied for target(s): ENSG00000172379|chr15:80404389-80404757
Note: Downsampling was applied for target(s): ENSG00000133794|chr11:13277791-13277895
Note: Downsampling was applied for target(s): ENSG00000029153|chr12:27332901-27333138
Note: Downsampling was applied for target(s): ENSG00000004848|chrX:25012852-25013100
Note: Downsampling was applied for target(s): ENSG00000004848|chrX:25015643-25015955
Note: Downsampling was applied for target(s): ENSG00000139352|chr12:102957684-102957735
Note: Downsampling was applied for target(s): ENSG00000183734|chr11:2270949-2271039
Note: Downsampling was applied for target(s): ENSG00000176009|chr11:8942688-8943006
Note: Downsampling was applied for target(s): ENSG00000187855|chr12:107774516-107774809
Note: Downsampling was applied for target(s): ENSG00000232237|chr1:201127066-201127234
Note: Downsampling was applied for target(s): ENSG00000116539|chr1:155562570-155562756
Note: Downsampling was applied for target(s): ENSG00000123268|chr12:50764087-50764367
Note: Downsampling was applied for target(s): ENSG00000115966|chr2:175167692-175168186
Note: Downsampling was applied for target(s): ENSG00000162772|chr1:212608762-212609035
Note: Downsampling was applied for target(s): ENSG00000128272|chr22:39520302-39521031
Note: Downsampling was applied for target(s): ENSG00000118217|chr1:161766403-161766582
Note: Downsampling was applied for target(s): ENSG00000213676|chr6:32127823-32128168
Note: Downsampling was applied for target(s): ENSG00000170653|chr12:53625858-53626369
Note: Downsampling was applied for target(s): ENSG00000166454|chr16:81035828-81036203
Note: Downsampling was applied for target(s): ENSG00000111676|chr12:6927791-6928248
Note: Downsampling was applied for target(s): ENSG00000172238|chr4:93828777-93829086
Note: Downsampling was applied for target(s): ENSG00000179774|chr10:68231719-68232126
Note: Downsampling was applied for target(s): ENSG00000168874|chr2:85753861-85754514
Note: Downsampling was applied for target(s): ENSG00000163635|chr3:63864353-63864562
Note: Downsampling was applied for target(s): ENSG00000163635|chr3:63912488-63912890
Note: Downsampling was applied for target(s): ENSG00000156273|chr21:29298933-29299392
Note: Downsampling was applied for target(s): ENSG00000112182|chr6:90296557-90296779
Note: Downsampling was applied for target(s): ENSG00000125492|chr9:132582161-132582850
Note: Downsampling was applied for target(s): ENSG00000143032|chr1:90716733-90717303
Note: Downsampling was applied for target(s): ENSG00000131668|chr9:93955157-93955357
Note: Downsampling was applied for target(s): ENSG00000043039|chr11:129375645-129376047
Note: Downsampling was applied for target(s): ENSG00000156127|chr14:75522489-75522572
Note: Downsampling was applied for target(s): ENSG00000168062|chr11:64996888-64996986
Note: Downsampling was applied for target(s): ENSG00000123685|chr1:212699536-212699950
Note: Downsampling was applied for target(s): ENSG00000009954|chr7:73522094-73522291
Note: Downsampling was applied for target(s): ENSG00000076108|chr12:56630070-56630323
Note: Downsampling was applied for target(s): ENSG00000076108|chr12:56636114-56636380
Note: Downsampling was applied for target(s): ENSG00000123636|chr2:159615263-159616092
Note: Downsampling was applied for target(s): ENSG00000114439|chr3:107522983-107523497
Note: Downsampling was applied for target(s): ENSG00000119866|chr2:60553025-60553601
Note: Downsampling was applied for target(s): ENSG00000127152|chr14:99271339-99271702
Note: Downsampling was applied for target(s): ENSG00000069399|chr19:44748690-44748815
Note: Downsampling was applied for target(s): ENSG00000113916|chr3:187745312-187745447
Note: Downsampling was applied for target(s): ENSG00000161940|chr17:7023024-7023499
Note: Downsampling was applied for target(s): ENSG00000029363|chr6:136289352-136289819
Note: Downsampling was applied for target(s): ENSG00000145734|chr5:71455663-71455894
Note: Downsampling was applied for target(s): ENSG00000180535|chr7:98211445-98211525
Note: Downsampling was applied for target(s): ENSG00000205899|chr17:1270414-1270853
Note: Downsampling was applied for target(s): ENSG00000198908|chrX:102720710-102721119
Note: Downsampling was applied for target(s): ENSG00000180828|chr8:64580369-64580448
Note: Downsampling was applied for target(s): ENSG00000125533|chr20:63006621-63006952
Note: Downsampling was applied for target(s): ENSG00000134107|chr3:4979339-4979538
Note: Downsampling was applied for target(s): ENSG00000123095|chr12:26124401-26125025
Note: Downsampling was applied for target(s): ENSG00000015475|chr22:17774375-17774487
Note: Downsampling was applied for target(s): ENSG00000117475|chr1:169368201-169368254
Note: Downsampling was applied for target(s): ENSG00000125845|chr20:6767708-6767829
Note: Downsampling was applied for target(s): ENSG00000125845|chr20:6770086-6770187
Note: Downsampling was applied for target(s): ENSG00000169594|chr15:83284408-83284667
Note: Downsampling was applied for target(s): ENSG00000173068|chr9:16870387-16870788
Note: Downsampling was applied for target(s): ENSG00000178096|chr1:149886904-149887426
Note: Downsampling was applied for target(s): ENSG00000178096|chr1:149899571-149899658
Note: Downsampling was applied for target(s): ENSG00000163170|chr2:74147470-74147929
Note: Downsampling was applied for target(s): ENSG00000171634|chr17:67825489-67825611
Note: Downsampling was applied for target(s): ENSG00000104221|chr8:37849632-37849865
Note: Downsampling was applied for target(s): ENSG00000156983|chr3:9731788-9732237
Note: Downsampling was applied for target(s): ENSG00000188909|chr11:122981695-122981810
Note: Downsampling was applied for target(s): ENSG00000188070|chr11:63768516-63768774
Note: Downsampling was applied for target(s): ENSG00000198715|chr1:156291408-156291546
Note: Downsampling was applied for target(s): ENSG00000198715|chr1:156295450-156295682
Note: Downsampling was applied for target(s): ENSG00000171735|chr1:6785486-6785757
Note: Downsampling was applied for target(s): ENSG00000108509|chr17:4987228-4987616
Note: Downsampling was applied for target(s): ENSG00000103326|chr16:527699-528035
Note: Downsampling was applied for target(s): ENSG00000138380|chr2:202912011-202912298
Note: Downsampling was applied for target(s): ENSG00000153048|chr16:8868922-8869012
Note: Downsampling was applied for target(s): ENSG00000130940|chr1:10796226-10796602
Note: Downsampling was applied for target(s): ENSG00000078699|chr20:33490073-33490272
Note: Downsampling was applied for target(s): ENSG00000129993|chr16:88941114-88941358
Note: Downsampling was applied for target(s): ENSG00000129993|chr16:88976567-88976982
Note: Downsampling was applied for target(s): ENSG00000067955|chr16:67029150-67029653
Note: Downsampling was applied for target(s): ENSG00000110395|chr11:119206273-119206698
Note: Downsampling was applied for target(s): ENSG00000173894|chr17:79778178-79778629
Note: Downsampling was applied for target(s): ENSG00000132024|chr19:13906226-13906292
Note: Downsampling was applied for target(s): ENSG00000250709|chr13:36297716-36297851
Note: Downsampling was applied for target(s): ENSG00000159588|chr1:45623809-45624041
Note: Downsampling was applied for target(s): ENSG00000249961|chr16:66800995-66801110
Note: Downsampling was applied for target(s): ENSG00000082258|chr2:134918534-134918868
Note: Downsampling was applied for target(s): ENSG00000096401|chr6:44387559-44388219
Note: Downsampling was applied for target(s): ENSG00000164649|chr7:21945702-21945914
Note: Downsampling was applied for target(s): ENSG00000089486|chr16:4538326-4538750
Note: Downsampling was applied for target(s): ENSG00000170312|chr10:60778506-60778982
Note: Downsampling was applied for target(s): ENSG00000123374|chr12:55966798-55967310
Note: Downsampling was applied for target(s): ENSG00000134058|chr5:69234849-69235121
Note: Downsampling was applied for target(s): ENSG00000136807|chr9:127786028-127786596
Note: Downsampling was applied for target(s): ENSG00000113722|chr5:150166777-150167060
Note: Downsampling was applied for target(s): ENSG00000165556|chr13:27968887-27969277
Note: Downsampling was applied for target(s): ENSG00000131264|chrX:73447036-73447127
Note: Downsampling was applied for target(s): ENSG00000245848|chr19:33302398-33302540
Note: Downsampling was applied for target(s): ENSG00000172216|chr20:50190831-50191410
Note: Downsampling was applied for target(s): ENSG00000221869|chr8:47737882-47738152
Note: Downsampling was applied for target(s): ENSG00000092067|chr14:23118800-23119072
Note: Downsampling was applied for target(s): ENSG00000153879|chr19:33373314-33374166
Note: Downsampling was applied for target(s): ENSG00000115816|chr2:37231360-37231620
Note: Downsampling was applied for target(s): ENSG00000115163|chr2:26764279-26764719
Note: Downsampling was applied for target(s): ENSG00000115163|chr2:26786054-26786312
Note: Downsampling was applied for target(s): ENSG00000125817|chr20:3786303-3786749
Note: Downsampling was applied for target(s): ENSG00000177946|chr16:89972053-89972506
Note: Downsampling was applied for target(s): ENSG00000102901|chr16:67833458-67833896
Note: Downsampling was applied for target(s): ENSG00000163320|chr3:88058882-88059017
Note: Downsampling was applied for target(s): ENSG00000163320|chr3:88149561-88149871
Note: Downsampling was applied for target(s): ENSG00000198824|chr13:114314348-114314719
Note: Downsampling was applied for target(s): ENSG00000106554|chr7:133081758-133082017
Note: Downsampling was applied for target(s): ENSG00000171316|chr8:60678741-60679080
Note: Downsampling was applied for target(s): ENSG00000130724|chr19:58554638-58555089
Note: Downsampling was applied for target(s): ENSG00000079432|chr19:42283973-42284838
Note: Downsampling was applied for target(s): ENSG00000138433|chr2:174395256-174395707
Note: Downsampling was applied for target(s): ENSG00000148337|chr9:128191469-128191582
Note: Downsampling was applied for target(s): ENSG00000134852|chr4:55546719-55546835
Note: Downsampling was applied for target(s): ENSG00000169714|chr3:129183655-129183900
Note: Downsampling was applied for target(s): ENSG00000198791|chr8:17246615-17246901
Note: Downsampling was applied for target(s): ENSG00000155508|chr5:154858527-154858711
Note: Downsampling was applied for target(s): ENSG00000203667|chr1:244835661-244835879
Note: Downsampling was applied for target(s): ENSG00000214575|chr15:82628003-82628484
Note: Downsampling was applied for target(s): ENSG00000214575|chr15:82647585-82648021
Note: Downsampling was applied for target(s): ENSG00000147183|chrX:88747206-88747317
Note: Downsampling was applied for target(s): ENSG00000007545|chr16:1612352-1612420
Note: Downsampling was applied for target(s): ENSG00000007545|chr16:1614195-1614395
Note: Downsampling was applied for target(s): ENSG00000118260|chr2:207529949-207530028
Note: Downsampling was applied for target(s): ENSG00000107175|chr9:35732435-35732682
Note: Downsampling was applied for target(s): ENSG00000157613|chr11:46277718-46278083
Note: Downsampling was applied for target(s): ENSG00000182158|chr7:138001962-138002089
Note: Downsampling was applied for target(s): ENSG00000060566|chr19:4153665-4154011
Note: Downsampling was applied for target(s): ENSG00000143578|chr1:153967871-153968164
Note: Downsampling was applied for target(s): ENSG00000146592|chr7:28412495-28412719
Note: Downsampling was applied for target(s): ENSG00000146592|chr7:28435647-28436008
Note: Downsampling was applied for target(s): ENSG00000005339|chr16:3880184-3880693
Note: Downsampling was applied for target(s): ENSG00000111269|chr12:12611865-12612099
Note: Downsampling was applied for target(s): ENSG00000164463|chr5:173056364-173056486
Note: Downsampling was applied for target(s): ENSG00000164463|chr5:173057409-173057489
Note: Downsampling was applied for target(s): ENSG00000137504|chr11:85664859-85665112
Note: Downsampling was applied for target(s): ENSG00000095794|chr10:35127292-35127389
Note: Downsampling was applied for target(s): ENSG00000105662|chr19:18683705-18683973
Note: Downsampling was applied for target(s): ENSG00000160741|chr1:153958148-153958647
Note: Downsampling was applied for target(s): ENSG00000140577|chr15:90529917-90530326
Note: Downsampling was applied for target(s): ENSG00000105392|chr19:47821957-47822027
Note: Downsampling was applied for target(s): ENSG00000101266|chr20:543439-543753
Note: Downsampling was applied for target(s): ENSG00000144655|chr3:39153191-39153573
Note: Downsampling was applied for target(s): ENSG00000110925|chr12:51083285-51083598
Note: Downsampling was applied for target(s): ENSG00000178662|chr2:165469718-165470199
Note: Downsampling was applied for target(s): ENSG00000178662|chr2:165572313-165572445
Note: Downsampling was applied for target(s): ENSG00000159692|chr4:1248901-1249104
Note: Downsampling was applied for target(s): ENSG00000175029|chr10:125160815-125161032
Note: Downsampling was applied for target(s): ENSG00000102974|chr16:67562457-67563048
Note: Downsampling was applied for target(s): ENSG00000124092|chr20:57524858-57525146
Note: Downsampling was applied for target(s): ENSG00000168036|chr3:41199511-41199710
Note: Downsampling was applied for target(s): ENSG00000257923|chr7:101815965-101816347
Note: Downsampling was applied for target(s): ENSG00000111249|chr12:111033734-111034313
Note: Downsampling was applied for target(s): ENSG00000154832|chr18:50287456-50287678
Note: Downsampling was applied for target(s): ENSG00000168772|chr4:104494819-104494900
Note: Downsampling was applied for target(s): ENSG00000171604|chr5:139648375-139648969
Note: Downsampling was applied for target(s): ENSG00000276644|chr13:71866817-71867048
Note: Downsampling was applied for target(s): ENSG00000126733|chrX:86148458-86148746
Note: Downsampling was applied for target(s): ENSG00000204209|chr6:33320201-33320453
Note: Downsampling was applied for target(s): ENSG00000204209|chr6:33322835-33322963
Note: Downsampling was applied for target(s): ENSG00000105516|chr19:48637077-48637385
Note: Downsampling was applied for target(s): ENSG00000109851|chr11:20160243-20160492
Note: Downsampling was applied for target(s): ENSG00000185610|chr12:45050884-45051090
Note: Downsampling was applied for target(s): ENSG00000272886|chr3:53347309-53347535
Note: Downsampling was applied for target(s): ENSG00000167986|chr11:61313506-61313923
Note: Downsampling was applied for target(s): ENSG00000167986|chr11:61332691-61333170
Note: Downsampling was applied for target(s): ENSG00000134574|chr11:47215068-47215282
Note: Downsampling was applied for target(s): ENSG00000175197|chr12:57520012-57520445
Note: Downsampling was applied for target(s): ENSG00000177030|chr11:695016-695250
Note: Downsampling was applied for target(s): ENSG00000124795|chr6:18264115-18264498
Note: Downsampling was applied for target(s): ENSG00000174485|chr15:65791857-65792268
Note: Downsampling was applied for target(s): ENSG00000135829|chr1:182839339-182839821
Note: Downsampling was applied for target(s): ENSG00000144355|chr2:172084789-172085206
Note: Downsampling was applied for target(s): ENSG00000115844|chr2:172102174-172102883
Note: Downsampling was applied for target(s): ENSG00000064195|chr17:49994942-49995212
Note: Downsampling was applied for target(s): ENSG00000108813|chr17:49968574-49969214
Note: Downsampling was applied for target(s): ENSG00000105880|chr7:97024545-97024840
Note: Downsampling was applied for target(s): ENSG00000006377|chr7:97005732-97006346
Note: Downsampling was applied for target(s): ENSG00000178028|chr1:44213473-44213865
Note: Downsampling was applied for target(s): ENSG00000197587|chr1:46506659-46507174
Note: Downsampling was applied for target(s): ENSG00000137090|chr9:841745-841956
Note: Downsampling was applied for target(s): ENSG00000173253|chr9:1050312-1050624
Note: Downsampling was applied for target(s): ENSG00000064218|chr9:976710-976891
Note: Downsampling was applied for target(s): ENSG00000176399|chr9:22447064-22447563
Note: Downsampling was applied for target(s): ENSG00000142700|chr1:50423378-50423475
Note: Downsampling was applied for target(s): ENSG00000143006|chr1:53459882-53460093
Note: Downsampling was applied for target(s): ENSG00000142025|chr19:41845109-41845457
Note: Downsampling was applied for target(s): ENSG00000135164|chr7:87152460-87152889
Note: Downsampling was applied for target(s): ENSG00000136770|chr10:22003461-22003710
Note: Downsampling was applied for target(s): ENSG00000105821|chr7:103344313-103344797
Note: Downsampling was applied for target(s): ENSG00000168724|chr5:34929559-34930047
Note: Downsampling was applied for target(s): ENSG00000130816|chr19:10194838-10194922
Note: Downsampling was applied for target(s): ENSG00000101457|chr20:45791972-45792466
Note: Downsampling was applied for target(s): ENSG00000104885|chr19:2163942-2164426
Note: Downsampling was applied for target(s): ENSG00000011332|chr19:38224100-38224199
Note: Downsampling was applied for target(s): ENSG00000011332|chr19:38229237-38229704
Note: Downsampling was applied for target(s): ENSG00000133884|chr11:65333834-65334289
Note: Downsampling was applied for target(s): ENSG00000133884|chr11:65341437-65341722
Note: Downsampling was applied for target(s): ENSG00000205683|chr14:72893624-72894106
Note: Downsampling was applied for target(s): ENSG00000204595|chr19:53632066-53632262
Note: Downsampling was applied for target(s): ENSG00000117505|chr1:93345941-93346316
Note: Downsampling was applied for target(s): ENSG00000175550|chr11:65919262-65919491
Note: Downsampling was applied for target(s): ENSG00000165606|chr10:49395565-49396084
Note: Downsampling was applied for target(s): ENSG00000258873|chr19:57167103-57167427
Note: Downsampling was applied for target(s): ENSG00000134874|chr13:95643045-95644713
Note: Downsampling was applied for target(s): ENSG00000101412|chr20:33685928-33686384
Note: Downsampling was applied for target(s): ENSG00000007968|chr1:23531127-23531218
Note: Downsampling was applied for target(s): ENSG00000112242|chr6:20401910-20401996
Note: Downsampling was applied for target(s): ENSG00000112242|chr6:20403635-20403854
Note: Downsampling was applied for target(s): ENSG00000205250|chr16:67192147-67192662
Note: Downsampling was applied for target(s): ENSG00000133740|chr8:85177154-85177213
Note: Downsampling was applied for target(s): ENSG00000169016|chr2:11465667-11466184
Note: Downsampling was applied for target(s): ENSG00000165891|chr12:77065471-77065577
Note: Downsampling was applied for target(s): ENSG00000129173|chr11:19241177-19241567
Note: Downsampling was applied for target(s): ENSG00000167967|chr16:2223600-2223962
Note: Downsampling was applied for target(s): ENSG00000164330|chr5:159099155-159099917
Note: Downsampling was applied for target(s): ENSG00000221818|chr8:26045114-26045410
Note: Downsampling was applied for target(s): ENSG00000108001|chr10:129963920-129964285
Note: Downsampling was applied for target(s): ENSG00000088881|chr20:2692766-2693159
Note: Downsampling was applied for target(s): ENSG00000102189|chr12:92929090-92929274
Note: Downsampling was applied for target(s): ENSG00000120738|chr5:138465451-138465943
Note: Downsampling was applied for target(s): ENSG00000120738|chr5:138468856-138468949
Note: Downsampling was applied for target(s): ENSG00000122877|chr10:62815914-62816306
Note: Downsampling was applied for target(s): ENSG00000179388|chr8:22692940-22693464
Note: Downsampling was applied for target(s): ENSG00000135625|chr2:73293148-73293546
Note: Downsampling was applied for target(s): ENSG00000135373|chr11:34621107-34621507
Note: Downsampling was applied for target(s): ENSG00000120690|chr13:41018921-41019317
Note: Downsampling was applied for target(s): ENSG00000109381|chr4:139177160-139177202
Note: Downsampling was applied for target(s): ENSG00000163435|chr1:202010633-202010822
Note: Downsampling was applied for target(s): ENSG00000102034|chrX:130110164-130110816
Note: Downsampling was applied for target(s): ENSG00000135374|chr11:34513668-34513726
Note: Downsampling was applied for target(s): ENSG00000126767|chrX:47650499-47650605
Note: Downsampling was applied for target(s): ENSG00000111145|chr12:96194449-96194911
Note: Downsampling was applied for target(s): ENSG00000158711|chr1:205631589-205631997
Note: Downsampling was applied for target(s): ENSG00000156030|chr14:73760063-73760285
Note: Downsampling was applied for target(s): ENSG00000156030|chr14:73786788-73787138
Note: Downsampling was applied for target(s): ENSG00000134014|chr8:28093183-28093376
Note: Downsampling was applied for target(s): ENSG00000135638|chr2:72916331-72916412
Note: Downsampling was applied for target(s): ENSG00000135638|chr2:72917516-72917748
Note: Downsampling was applied for target(s): ENSG00000170370|chr10:117542757-117543649
Note: Downsampling was applied for target(s): ENSG00000163064|chr2:118847273-118847656
Note: Downsampling was applied for target(s): ENSG00000164778|chr7:155458296-155458363
Note: Downsampling was applied for target(s): ENSG00000074800|chr1:8878289-8878718
Note: Downsampling was applied for target(s): ENSG00000163508|chr3:27721831-27722349
Note: Downsampling was applied for target(s): ENSG00000100393|chr22:41091729-41092903
Note: Downsampling was applied for target(s): ENSG00000183495|chr12:131949997-131950319
Note: Downsampling was applied for target(s): ENSG00000116016|chr2:46297412-46297685
Note: Downsampling was applied for target(s): ENSG00000104884|chr19:45370298-45370570
Note: Downsampling was applied for target(s): ENSG00000163161|chr2:127293743-127294138
Note: Downsampling was applied for target(s): ENSG00000225830|chr10:49538753-49539036
Note: Downsampling was applied for target(s): ENSG00000049167|chr5:60944795-60945066
Note: Downsampling was applied for target(s): ENSG00000105722|chr19:42254865-42255168
Note: Downsampling was applied for target(s): ENSG00000157554|chr21:38498180-38498523
Note: Downsampling was applied for target(s): ENSG00000157554|chr21:38660770-38660977
Note: Downsampling was applied for target(s): ENSG00000091831|chr6:151690512-151690666
Note: Downsampling was applied for target(s): ENSG00000091831|chr6:151807705-151808109
Note: Downsampling was applied for target(s): ENSG00000140009|chr14:64294125-64294314
Note: Downsampling was applied for target(s): ENSG00000173153|chr11:64305569-64305723
Note: Downsampling was applied for target(s): ENSG00000119715|chr14:76407528-76407832
Note: Downsampling was applied for target(s): ENSG00000196482|chr1:216805031-216805370
Note: Downsampling was applied for target(s): ENSG00000196482|chr1:216939239-216939607
Note: Downsampling was applied for target(s): ENSG00000196482|chr1:217076892-217076980
Note: Downsampling was applied for target(s): ENSG00000196482|chr1:217089641-217089864
Note: Downsampling was applied for target(s): ENSG00000196482|chr1:217137553-217137785
Note: Downsampling was applied for target(s): ENSG00000123576|chrX:104254640-104254941
Note: Downsampling was applied for target(s): ENSG00000120705|chr5:138542792-138543177
Note: Downsampling was applied for target(s): ENSG00000134954|chr11:128521897-128522369
Note: Downsampling was applied for target(s): ENSG00000157557|chr21:38805495-38806394
Note: Downsampling was applied for target(s): ENSG00000006468|chr7:13988864-13989683
Note: Downsampling was applied for target(s): ENSG00000105672|chr19:35643622-35643885
Note: Downsampling was applied for target(s): ENSG00000117036|chr1:157138269-157138355
Note: Downsampling was applied for target(s): ENSG00000253831|chr1:157099693-157099811
Note: Downsampling was applied for target(s): ENSG00000175832|chr17:43545833-43546456
Note: Downsampling was applied for target(s): ENSG00000244405|chr3:186108574-186109083
Note: Downsampling was applied for target(s): ENSG00000139083|chr12:11649771-11650195
Note: Downsampling was applied for target(s): ENSG00000010030|chr6:36387625-36387679
Note: Downsampling was applied for target(s): ENSG00000106038|chr7:27242793-27243181
Note: Downsampling was applied for target(s): ENSG00000174279|chr2:176083458-176083857
Note: Downsampling was applied for target(s): ENSG00000182944|chr22:29268329-29268752
Note: Downsampling was applied for target(s): ENSG00000108799|chr17:42744841-42745054
Note: Downsampling was applied for target(s): ENSG00000106462|chr7:148883770-148884292
Note: Downsampling was applied for target(s): ENSG00000164334|chr5:119629564-119629861
Note: Downsampling was applied for target(s): ENSG00000237765|chr4:15681799-15682063
Note: Downsampling was applied for target(s): ENSG00000099364|chr16:30923626-30923909
Note: Downsampling was applied for target(s): ENSG00000214050|chr8:28489987-28490234
Note: Downsampling was applied for target(s): ENSG00000146618|chr7:19145629-19145876
Note: Downsampling was applied for target(s): ENSG00000163497|chr2:218983882-218985182
Note: Downsampling was applied for target(s): ENSG00000128610|chr7:122304437-122304738
Note: Downsampling was applied for target(s): ENSG00000153266|chr3:62373460-62373555
Note: Downsampling was applied for target(s): ENSG00000186895|chr11:69818975-69819415
Note: Downsampling was applied for target(s): ENSG00000183733|chr2:70790394-70790673
Note: Downsampling was applied for target(s): ENSG00000179943|chr19:55599431-55599556
Note: Downsampling was applied for target(s): ENSG00000151702|chr11:128694114-128694329
Note: Downsampling was applied for target(s): ENSG00000059122|chr16:2911990-2912420
Note: Downsampling was applied for target(s): ENSG00000170345|chr14:75278820-75279100
Note: Downsampling was applied for target(s): ENSG00000170345|chr14:75280037-75280107
Note: Downsampling was applied for target(s): ENSG00000125740|chr19:45468003-45468329
Note: Downsampling was applied for target(s): ENSG00000125740|chr19:45469465-45469561
Note: Downsampling was applied for target(s): ENSG00000175592|chr11:65899942-65900368
Note: Downsampling was applied for target(s): ENSG00000075426|chr2:28392854-28393581
Note: Downsampling was applied for target(s): ENSG00000129514|chr14:37594968-37595266
Note: Downsampling was applied for target(s): ENSG00000125798|chr20:22584176-22584755
Note: Downsampling was applied for target(s): ENSG00000170608|chr19:45864323-45864514
Note: Downsampling was applied for target(s): ENSG00000171956|chr15:60004259-60004691
Note: Downsampling was applied for target(s): ENSG00000204612|chr9:77019667-77019902
Note: Downsampling was applied for target(s): ENSG00000054598|chr6:1610046-1610654
Note: Downsampling was applied for target(s): ENSG00000176692|chr16:86566897-86567430
Note: Downsampling was applied for target(s): ENSG00000251493|chr5:73448566-73448760
Note: Downsampling was applied for target(s): ENSG00000186564|chr1:47438322-47438400
Note: Downsampling was applied for target(s): ENSG00000187140|chr1:63322574-63322815
Note: Downsampling was applied for target(s): ENSG00000187140|chr1:63323785-63323898
Note: Downsampling was applied for target(s): ENSG00000184492|chr2:113499201-113499570
Note: Downsampling was applied for target(s): ENSG00000178919|chr9:97853228-97853325
Note: Downsampling was applied for target(s): ENSG00000186790|chr1:47416298-47416368
Note: Downsampling was applied for target(s): ENSG00000103241|chr16:86510098-86510607
Note: Downsampling was applied for target(s): ENSG00000137273|chr6:1389578-1389958
Note: Downsampling was applied for target(s): ENSG00000176165|chr14:28766760-28766892
Note: Downsampling was applied for target(s): ENSG00000160973|chr8:144475400-144475825
Note: Downsampling was applied for target(s): ENSG00000168269|chr5:170105955-170106198
Note: Downsampling was applied for target(s): ENSG00000186766|chr10:127737198-127737604
Note: Downsampling was applied for target(s): ENSG00000214336|chr2:88452300-88452696
Note: Downsampling was applied for target(s): ENSG00000129654|chr17:76140958-76141301
Note: Downsampling was applied for target(s): ENSG00000065970|chr12:8032745-8032811
Note: Downsampling was applied for target(s): ENSG00000198815|chr1:42335120-42335225
Note: Downsampling was applied for target(s): ENSG00000164916|chr7:4682291-4682795
Note: Downsampling was applied for target(s): ENSG00000141568|chr17:82519786-82520143
Note: Downsampling was applied for target(s): ENSG00000176678|chr16:86578758-86578941
Note: Downsampling was applied for target(s): ENSG00000183770|chr3:138946904-138947128
Note: Downsampling was applied for target(s): ENSG00000111206|chr12:2876684-2877164
Note: Downsampling was applied for target(s): ENSG00000109101|chr17:28506259-28506588
Note: Downsampling was applied for target(s): ENSG00000170802|chr2:48314704-48315130
Note: Downsampling was applied for target(s): ENSG00000053254|chr14:89416760-89417237
Note: Downsampling was applied for target(s): ENSG00000053254|chr14:89618942-89619160
Note: Downsampling was applied for target(s): ENSG00000139445|chr12:109309163-109309277
Note: Downsampling was applied for target(s): ENSG00000150907|chr13:40666236-40666644
Note: Downsampling was applied for target(s): ENSG00000118689|chr6:108559819-108560248
Note: Downsampling was applied for target(s): ENSG00000118689|chr6:108560893-108561192
Note: Downsampling was applied for target(s): ENSG00000184481|chrX:71095999-71096251
Note: Downsampling was applied for target(s): ENSG00000204060|chr1:41361492-41362182
Note: Downsampling was applied for target(s): ENSG00000114861|chr3:71244600-71245176
Note: Downsampling was applied for target(s): ENSG00000114861|chr3:71543111-71543526
Note: Downsampling was applied for target(s): ENSG00000114861|chr3:71583570-71583806
Note: Downsampling was applied for target(s): ENSG00000114861|chr3:71583768-71583971
Note: Downsampling was applied for target(s): ENSG00000128573|chr7:114414365-114414739
Note: Downsampling was applied for target(s): ENSG00000128573|chr7:114415016-114415540
Note: Downsampling was applied for target(s): ENSG00000049768|chrX:49264466-49264684
Note: Downsampling was applied for target(s): ENSG00000137166|chr6:41546382-41546629
Note: Downsampling was applied for target(s): ENSG00000164379|chr6:1312072-1312320
Note: Downsampling was applied for target(s): ENSG00000176302|chr11:118971752-118972000
Note: Downsampling was applied for target(s): ENSG00000189299|chrX:55623405-55623829
Note: Downsampling was applied for target(s): ENSG00000179772|chr20:31845280-31845580
Note: Downsampling was applied for target(s): ENSG00000162613|chr1:77978618-77979051
Note: Downsampling was applied for target(s): ENSG00000107164|chr9:130579043-130579844
Note: Downsampling was applied for target(s): ENSG00000165060|chr9:69035708-69036096
Note: Downsampling was applied for target(s): ENSG00000154727|chr21:25734968-25735591
Note: Downsampling was applied for target(s): ENSG00000104064|chr15:50354626-50355055
Note: Downsampling was applied for target(s): ENSG00000007237|chr17:10198513-10198751
Note: Downsampling was applied for target(s): ENSG00000102145|chrX:48786581-48786724
Note: Downsampling was applied for target(s): ENSG00000179348|chr3:128487497-128487936
Note: Downsampling was applied for target(s): ENSG00000179348|chr3:128492779-128493177
Note: Downsampling was applied for target(s): ENSG00000107485|chr10:8054872-8055251
Note: Downsampling was applied for target(s): ENSG00000136574|chr8:11704145-11704289
Note: Downsampling was applied for target(s): ENSG00000130700|chr20:62475626-62475994
Note: Downsampling was applied for target(s): ENSG00000141448|chr18:22169605-22169694
Note: Downsampling was applied for target(s): ENSG00000157259|chr7:92447490-92447660
Note: Downsampling was applied for target(s): ENSG00000167491|chr19:19385794-19386104
Note: Downsampling was applied for target(s): ENSG00000167491|chr19:19405761-19406238
Note: Downsampling was applied for target(s): ENSG00000143614|chr1:153922304-153922915
Note: Downsampling was applied for target(s): ENSG00000164900|chr7:151167377-151167693
Note: Downsampling was applied for target(s): ENSG00000164900|chr7:151174474-151174742
Note: Downsampling was applied for target(s): ENSG00000168505|chr2:236167979-236168369
Note: Downsampling was applied for target(s): ENSG00000005436|chr2:75710658-75710900
Note: Downsampling was applied for target(s): ENSG00000137270|chr6:53148549-53148807
Note: Downsampling was applied for target(s): ENSG00000124827|chr6:10881968-10882048
Note: Downsampling was applied for target(s): ENSG00000162676|chr1:92483544-92483800
Note: Downsampling was applied for target(s): ENSG00000162676|chr1:92485858-92486030
Note: Downsampling was applied for target(s): ENSG00000165702|chr9:132978740-132978816
Note: Downsampling was applied for target(s): ENSG00000111087|chr12:57459778-57459898
Note: Downsampling was applied for target(s): ENSG00000074047|chr2:120792263-120792502
Note: Downsampling was applied for target(s): ENSG00000074047|chr2:120797294-120797385
Note: Downsampling was applied for target(s): ENSG00000106571|chr7:42236803-42237178
Note: Downsampling was applied for target(s): ENSG00000250571|chr8:143267464-143267554
Note: Downsampling was applied for target(s): ENSG00000174332|chr1:53733856-53734135
Note: Downsampling was applied for target(s): ENSG00000126603|chr16:4334854-4335075
Note: Downsampling was applied for target(s): ENSG00000107249|chr9:4299836-4300078
Note: Downsampling was applied for target(s): ENSG00000140632|chr16:4847114-4847305
Note: Downsampling was applied for target(s): ENSG00000162419|chr1:28668819-28669201
Note: Downsampling was applied for target(s): ENSG00000101216|chr20:63626713-63627073
Note: Downsampling was applied for target(s): ENSG00000116580|chr1:155856958-155857187
Note: Downsampling was applied for target(s): ENSG00000116580|chr1:155859293-155859373
Note: Downsampling was applied for target(s): ENSG00000062194|chr5:57173821-57174338
Note: Downsampling was applied for target(s): ENSG00000159592|chr1:45686266-45686835
Note: Downsampling was applied for target(s): ENSG00000134317|chr2:9951703-9951788
Note: Downsampling was applied for target(s): ENSG00000083307|chr8:101492459-101493230
Note: Downsampling was applied for target(s): ENSG00000158055|chr1:24319344-24319961
Note: Downsampling was applied for target(s): ENSG00000133937|chr14:94769612-94770077
Note: Downsampling was applied for target(s): ENSG00000063515|chr22:19149909-19150251
Note: Downsampling was applied for target(s): ENSG00000169840|chr13:27792500-27792755
Note: Downsampling was applied for target(s): ENSG00000180613|chr4:54100171-54100269
Note: Downsampling was applied for target(s): ENSG00000165417|chr14:81220447-81220931
Note: Downsampling was applied for target(s): ENSG00000242441|chr2:48617809-48617927
Note: Downsampling was applied for target(s): ENSG00000140307|chr15:59657160-59657490
Note: Downsampling was applied for target(s): ENSG00000153767|chr3:120742738-120742974
Note: Downsampling was applied for target(s): ENSG00000125651|chr19:6393083-6393145
Note: Downsampling was applied for target(s): ENSG00000188342|chr13:45120463-45120684
Note: Downsampling was applied for target(s): ENSG00000110768|chr11:18322583-18322852
Note: Downsampling was applied for target(s): ENSG00000111358|chr12:123633820-123633924
Note: Downsampling was applied for target(s): ENSG00000263001|chr7:74657753-74657931
Note: Downsampling was applied for target(s): ENSG00000006704|chr7:74453961-74454260
Note: Downsampling was applied for target(s): ENSG00000122034|chr13:27424631-27425138
Note: Downsampling was applied for target(s): ENSG00000119041|chr2:196799439-196799696
Note: Downsampling was applied for target(s): ENSG00000125812|chr20:23362171-23362428
Note: Downsampling was applied for target(s): ENSG00000113196|chr5:154477779-154478204
Note: Downsampling was applied for target(s): ENSG00000164107|chr4:173528891-173529006
Note: Downsampling was applied for target(s): ENSG00000164107|chr4:173529737-173530186
Note: Downsampling was applied for target(s): ENSG00000105856|chr7:107168995-107169087
Note: Downsampling was applied for target(s): ENSG00000172534|chrX:153971169-153971773
Note: Downsampling was applied for target(s): ENSG00000180353|chr3:121660717-121660913
Note: Downsampling was applied for target(s): ENSG00000116478|chr1:32292127-32292611
Note: Downsampling was applied for target(s): ENSG00000171720|chr5:141636432-141636870
Note: Downsampling was applied for target(s): ENSG00000068024|chr2:239400976-239401445
Note: Downsampling was applied for target(s): ENSG00000108840|chr17:44123413-44123610
Note: Downsampling was applied for target(s): ENSG00000143321|chr1:156751590-156751714
Note: Downsampling was applied for target(s): ENSG00000165259|chrX:84502155-84502455
Note: Downsampling was applied for target(s): ENSG00000187821|chr4:185018653-185018922
Note: Downsampling was applied for target(s): ENSG00000130589|chr20:63563711-63564077
Note: Downsampling was applied for target(s): ENSG00000130589|chr20:63573740-63574263
Note: Downsampling was applied for target(s): ENSG00000114315|chr3:194136116-194136223
Note: Downsampling was applied for target(s): ENSG00000069812|chr1:6419843-6419931
Note: Downsampling was applied for target(s): ENSG00000069812|chr1:6424593-6424687
Note: Downsampling was applied for target(s): ENSG00000173673|chr1:6244174-6244263
Note: Downsampling was applied for target(s): ENSG00000188290|chr1:1000005-1000088
Note: Downsampling was applied for target(s): ENSG00000197921|chr1:2530052-2530291
Note: Downsampling was applied for target(s): ENSG00000144485|chr2:238239969-238240617
Note: Downsampling was applied for target(s): ENSG00000179111|chr17:8123848-8124113
Note: Downsampling was applied for target(s): ENSG00000163666|chr3:57199735-57199988
Note: Downsampling was applied for target(s): ENSG00000163666|chr3:57226215-57226365
Note: Downsampling was applied for target(s): ENSG00000164683|chr8:79767421-79767778
Note: Downsampling was applied for target(s): ENSG00000135547|chr6:125749605-125749835
Note: Downsampling was applied for target(s): ENSG00000163909|chr1:39639444-39639662
Note: Downsampling was applied for target(s): ENSG00000152804|chr10:92689947-92690197
Note: Downsampling was applied for target(s): ENSG00000177374|chr17:2055106-2055552
Note: Downsampling was applied for target(s): ENSG00000100644|chr14:61695519-61695623
Note: Downsampling was applied for target(s): ENSG00000124440|chr19:46297059-46297321
Note: Downsampling was applied for target(s): ENSG00000124440|chr19:46298414-46298614
Note: Downsampling was applied for target(s): ENSG00000172273|chr11:119121581-119121664
Note: Downsampling was applied for target(s): ENSG00000100084|chr22:19431326-19431744
Note: Downsampling was applied for target(s): ENSG00000100084|chr22:19447438-19447706
Note: Downsampling was applied for target(s): ENSG00000095951|chr6:12011754-12012053
Note: Downsampling was applied for target(s): ENSG00000010818|chr6:142944844-142945215
Note: Downsampling was applied for target(s): ENSG00000127124|chr1:41700740-41700991
Note: Downsampling was applied for target(s): ENSG00000127124|chr1:41918239-41918685
Note: Downsampling was applied for target(s): ENSG00000127124|chr1:41918442-41918911
Note: Downsampling was applied for target(s): ENSG00000181666|chr19:37317887-37318080
Note: Downsampling was applied for target(s): ENSG00000181666|chr19:37334666-37334753
Note: Downsampling was applied for target(s): ENSG00000108924|chr17:55264965-55265243
Note: Downsampling was applied for target(s): ENSG00000108924|chr17:55267646-55268015
Note: Downsampling was applied for target(s): ENSG00000071794|chr3:149086130-149086516
Note: Downsampling was applied for target(s): ENSG00000136630|chr1:220879449-220879923
Note: Downsampling was applied for target(s): ENSG00000147421|chr8:28890364-28890676
Note: Downsampling was applied for target(s): ENSG00000140382|chr15:77420898-77421124
Note: Downsampling was applied for target(s): ENSG00000064961|chr19:3572949-3573433
Note: Downsampling was applied for target(s): ENSG00000064961|chr19:3574338-3574459
Note: Downsampling was applied for target(s): ENSG00000137309|chr6:34236888-34237214
Note: Downsampling was applied for target(s): ENSG00000149948|chr12:65825064-65825322
Note: Downsampling was applied for target(s): ENSG00000189403|chr13:30465527-30465967
Note: Downsampling was applied for target(s): ENSG00000189403|chr13:30617290-30617542
Note: Downsampling was applied for target(s): ENSG00000164104|chr4:173334068-173334400
Note: Downsampling was applied for target(s): ENSG00000029993|chrX:150983336-150983720
Note: Downsampling was applied for target(s): ENSG00000176256|chr1:33864063-33864313
Note: Downsampling was applied for target(s): ENSG00000198830|chr1:26472410-26472894
Note: Downsampling was applied for target(s): ENSG00000118418|chr6:79234445-79234745
Note: Downsampling was applied for target(s): ENSG00000113716|chr5:150000722-150000805
Note: Downsampling was applied for target(s): ENSG00000100281|chr22:35257503-35257569
Note: Downsampling was applied for target(s): ENSG00000215612|chr4:8871797-8872020
Note: Downsampling was applied for target(s): ENSG00000188816|chr10:123148104-123148228
Note: Downsampling was applied for target(s): ENSG00000188620|chr10:123135982-123136378
Note: Downsampling was applied for target(s): ENSG00000135100|chr12:120978550-120979137
Note: Downsampling was applied for target(s): ENSG00000275410|chr17:37744991-37745045
Note: Downsampling was applied for target(s): ENSG00000101076|chr20:44401209-44401495
Note: Downsampling was applied for target(s): ENSG00000164749|chr8:75407668-75408098
Note: Downsampling was applied for target(s): ENSG00000164749|chr8:75539906-75540159
Note: Downsampling was applied for target(s): ENSG00000165119|chr9:83979739-83980623
Note: Downsampling was applied for target(s): ENSG00000153187|chr1:244864256-244864499
Note: Downsampling was applied for target(s): ENSG00000290292|chr14:23285859-23286119
Note: Downsampling was applied for target(s): ENSG00000171476|chr4:56655786-56656017
Note: Downsampling was applied for target(s): ENSG00000171476|chr4:56680799-56681284
Note: Downsampling was applied for target(s): ENSG00000105991|chr7:27095656-27095993
Note: Downsampling was applied for target(s): ENSG00000253293|chr7:27174026-27174311
Note: Downsampling was applied for target(s): ENSG00000005073|chr7:27184970-27185227
Note: Downsampling was applied for target(s): ENSG00000106031|chr7:27199662-27200051
Note: Downsampling was applied for target(s): ENSG00000105996|chr7:27102197-27102676
Note: Downsampling was applied for target(s): ENSG00000105997|chr7:27113585-27113843
Note: Downsampling was applied for target(s): ENSG00000105997|chr7:27152320-27152554
Note: Downsampling was applied for target(s): ENSG00000197576|chr7:27129987-27130680
Note: Downsampling was applied for target(s): ENSG00000106004|chr7:27143401-27143501
Note: Downsampling was applied for target(s): ENSG00000106006|chr7:27150721-27150961
Note: Downsampling was applied for target(s): ENSG00000122592|chr7:27156333-27156706
Note: Downsampling was applied for target(s): ENSG00000078399|chr7:27165269-27165544
Note: Downsampling was applied for target(s): ENSG00000120094|chr17:48530907-48531019
Note: Downsampling was applied for target(s): ENSG00000159184|chr17:48728263-48728679
Note: Downsampling was applied for target(s): ENSG00000173917|chr17:48544532-48546021
Note: Downsampling was applied for target(s): ENSG00000120093|chr17:48589980-48590235
Note: Downsampling was applied for target(s): ENSG00000182742|chr17:48577853-48578451
Note: Downsampling was applied for target(s): ENSG00000120075|chr17:48593315-48593697
Note: Downsampling was applied for target(s): ENSG00000108511|chr17:48597963-48598204
Note: Downsampling was applied for target(s): ENSG00000108511|chr17:48604687-48604981
Note: Downsampling was applied for target(s): ENSG00000260027|chr17:48610567-48610938
Note: Downsampling was applied for target(s): ENSG00000120068|chr17:48613218-48613484
Note: Downsampling was applied for target(s): ENSG00000120068|chr17:48614728-48615052
Note: Downsampling was applied for target(s): ENSG00000170689|chr17:48626080-48626373
Note: Downsampling was applied for target(s): ENSG00000180818|chr12:53985176-53985432
Note: Downsampling was applied for target(s): ENSG00000123388|chr12:53973243-53973465
Note: Downsampling was applied for target(s): ENSG00000123407|chr12:53954897-53955178
Note: Downsampling was applied for target(s): ENSG00000123364|chr12:53938848-53939296
Note: Downsampling was applied for target(s): ENSG00000198353|chr12:54053840-54054486
Note: Downsampling was applied for target(s): ENSG00000172789|chr12:54016889-54017344
Note: Downsampling was applied for target(s): ENSG00000197757|chr12:54016889-54017041
Note: Downsampling was applied for target(s): ENSG00000037965|chr12:54008945-54009252
Note: Downsampling was applied for target(s): ENSG00000180806|chr12:54000184-54000560
Note: Downsampling was applied for target(s): ENSG00000128645|chr2:176188658-176188906
Note: Downsampling was applied for target(s): ENSG00000128710|chr2:176108768-176108905
Note: Downsampling was applied for target(s): ENSG00000128710|chr2:176116780-176117283
Note: Downsampling was applied for target(s): ENSG00000128713|chr2:176104538-176104952
Note: Downsampling was applied for target(s): ENSG00000170178|chr2:176099808-176100181
Note: Downsampling was applied for target(s): ENSG00000128714|chr2:176092704-176093139
Note: Downsampling was applied for target(s): ENSG00000128652|chr2:176136581-176136839
Note: Downsampling was applied for target(s): ENSG00000170166|chr2:176151634-176151821
Note: Downsampling was applied for target(s): ENSG00000175879|chr2:176129726-176130632
Note: Downsampling was applied for target(s): ENSG00000128709|chr2:176122703-176123019
Note: Downsampling was applied for target(s): ENSG00000168453|chr8:22130604-22131016
Note: Downsampling was applied for target(s): ENSG00000168453|chr8:22133281-22133384
Note: Downsampling was applied for target(s): ENSG00000185122|chr8:144291598-144292018
Note: Downsampling was applied for target(s): ENSG00000025156|chr6:122399639-122399881
Note: Downsampling was applied for target(s): ENSG00000102878|chr16:67163614-67165117
Note: Downsampling was applied for target(s): ENSG00000176160|chr17:58488319-58488401
Note: Downsampling was applied for target(s): ENSG00000125968|chr20:31605319-31605530
Note: Downsampling was applied for target(s): ENSG00000115738|chr2:8679225-8679485
Note: Downsampling was applied for target(s): ENSG00000115738|chr2:8682041-8682266
Note: Downsampling was applied for target(s): ENSG00000117318|chr1:23559248-23559534
Note: Downsampling was applied for target(s): ENSG00000172201|chr6:19837361-19837496
Note: Downsampling was applied for target(s): ENSG00000163565|chr1:159009908-159010226
Note: Downsampling was applied for target(s): ENSG00000146678|chr7:45888502-45888774
Note: Downsampling was applied for target(s): ENSG00000132740|chr11:68903896-68904164
Note: Downsampling was applied for target(s): ENSG00000185811|chr7:50304289-50304799
Note: Downsampling was applied for target(s): ENSG00000030419|chr2:213150244-213150412
Note: Downsampling was applied for target(s): ENSG00000030419|chr2:213151504-213151604
Note: Downsampling was applied for target(s): ENSG00000161405|chr17:39863853-39864215
Note: Downsampling was applied for target(s): ENSG00000123411|chr12:56007477-56007732
Note: Downsampling was applied for target(s): ENSG00000123411|chr12:56021506-56021570
Note: Downsampling was applied for target(s): ENSG00000095574|chr10:123008585-123008786
Note: Downsampling was applied for target(s): ENSG00000143621|chr1:153670768-153670991
Note: Downsampling was applied for target(s): ENSG00000129351|chr19:10654324-10654389
Note: Downsampling was applied for target(s): ENSG00000153487|chr13:110713704-110714184
Note: Downsampling was applied for target(s): ENSG00000153487|chr13:110715839-110716259
Note: Downsampling was applied for target(s): ENSG00000111653|chr12:6662864-6663154
Note: Downsampling was applied for target(s): ENSG00000173404|chr20:20367876-20368580
Note: Downsampling was applied for target(s): ENSG00000168348|chr14:35534144-35534376
Note: Downsampling was applied for target(s): ENSG00000125347|chr5:132490578-132490777
Note: Downsampling was applied for target(s): ENSG00000168310|chr4:184474320-184474567
Note: Downsampling was applied for target(s): ENSG00000126456|chr19:49665547-49665842
Note: Downsampling was applied for target(s): ENSG00000137265|chr6:391762-391959
Note: Downsampling was applied for target(s): ENSG00000137265|chr6:393212-393284
Note: Downsampling was applied for target(s): ENSG00000128604|chr7:128937935-128938196
Note: Downsampling was applied for target(s): ENSG00000128604|chr7:128940738-128941254
Note: Downsampling was applied for target(s): ENSG00000117595|chr1:209805880-209806138
Note: Downsampling was applied for target(s): ENSG00000185507|chr11:615694-615935
Note: Downsampling was applied for target(s): ENSG00000140968|chr16:85899166-85899243
Note: Downsampling was applied for target(s): ENSG00000213928|chr14:24161242-24161780
Note: Downsampling was applied for target(s): ENSG00000170549|chr5:3595910-3596299
Note: Downsampling was applied for target(s): ENSG00000170561|chr5:2751254-2751657
Note: Downsampling was applied for target(s): ENSG00000177508|chr16:54286504-54286764
Note: Downsampling was applied for target(s): ENSG00000113430|chr5:1886503-1886946
Note: Downsampling was applied for target(s): ENSG00000176842|chr16:54930906-54931449
Note: Downsampling was applied for target(s): ENSG00000159387|chr16:55324224-55324395
Note: Downsampling was applied for target(s): ENSG00000016082|chr5:51383449-51383518
Note: Downsampling was applied for target(s): ENSG00000016082|chr5:51386159-51386479
Note: Downsampling was applied for target(s): ENSG00000159556|chr15:76336768-76337169
Note: Downsampling was applied for target(s): ENSG00000175329|chr22:35066158-35066389
Note: Downsampling was applied for target(s): ENSG00000153814|chr7:28180329-28180765
Note: Downsampling was applied for target(s): ENSG00000140044|chr14:75427713-75428080
Note: Downsampling was applied for target(s): ENSG00000234616|chr8:142669693-142670009
Note: Downsampling was applied for target(s): ENSG00000234616|chr8:142681895-142681996
Note: Downsampling was applied for target(s): ENSG00000183340|chr11:96390024-96390237
Note: Downsampling was applied for target(s): ENSG00000177606|chr1:58783693-58784032
Note: Downsampling was applied for target(s): ENSG00000171223|chr19:12791480-12791693
Note: Downsampling was applied for target(s): ENSG00000130522|chr19:18281310-18281622
Note: Downsampling was applied for target(s): ENSG00000173801|chr17:41785955-41786707
Note: Downsampling was applied for target(s): ENSG00000108773|chr17:42121038-42121356
Note: Downsampling was applied for target(s): ENSG00000136504|chr17:49788711-49789118
Note: Downsampling was applied for target(s): ENSG00000176407|chr2:84971165-84971663
Note: Downsampling was applied for target(s): ENSG00000115041|chr2:95346509-95346970
Note: Downsampling was applied for target(s): ENSG00000173120|chr11:67119259-67119335
Note: Downsampling was applied for target(s): ENSG00000089094|chr12:121580497-121580577
Note: Downsampling was applied for target(s): ENSG00000089094|chr12:121580716-121581067
Note: Downsampling was applied for target(s): ENSG00000107077|chr9:6758033-6758359
Note: Downsampling was applied for target(s): ENSG00000235268|chr11:95025301-95025529
Note: Downsampling was applied for target(s): ENSG00000117139|chr1:202808200-202808400
Note: Downsampling was applied for target(s): ENSG00000126012|chrX:53224936-53225167
Note: Downsampling was applied for target(s): ENSG00000122778|chr7:138981054-138981477
Note: Downsampling was applied for target(s): ENSG00000176542|chr3:113696560-113696618
Note: Downsampling was applied for target(s): ENSG00000151657|chr10:7787585-7787993
Note: Downsampling was applied for target(s): ENSG00000105610|chr19:12886990-12887223
Note: Downsampling was applied for target(s): ENSG00000155090|chr8:102653367-102653853
Note: Downsampling was applied for target(s): ENSG00000155090|chr8:102655616-102655842
Note: Downsampling was applied for target(s): ENSG00000172059|chr2:10043563-10044261
Note: Downsampling was applied for target(s): ENSG00000118922|chr13:74134068-74134396
Note: Downsampling was applied for target(s): ENSG00000169926|chr15:31326875-31327247
Note: Downsampling was applied for target(s): ENSG00000266265|chr7:130733721-130734048
Note: Downsampling was applied for target(s): ENSG00000163884|chr3:126357131-126357370
Note: Downsampling was applied for target(s): ENSG00000129911|chr19:1863088-1863584
Note: Downsampling was applied for target(s): ENSG00000171872|chr1:44118838-44119110
Note: Downsampling was applied for target(s): ENSG00000127528|chr19:16324879-16325244
Note: Downsampling was applied for target(s): ENSG00000109787|chr4:38664155-38664415
Note: Downsampling was applied for target(s): ENSG00000136826|chr9:107488190-107488449
Note: Downsampling was applied for target(s): ENSG00000136826|chr9:107489474-107489768
Note: Downsampling was applied for target(s): ENSG00000102554|chr13:73059023-73059214
Note: Downsampling was applied for target(s): ENSG00000067082|chr10:3784753-3784999
Note: Downsampling was applied for target(s): ENSG00000118263|chr2:207165468-207166504
Note: Downsampling was applied for target(s): ENSG00000102349|chrX:56232404-56232501
Note: Downsampling was applied for target(s): ENSG00000119138|chr9:70413671-70413952
Note: Downsampling was applied for target(s): ENSG00000139187|chr12:8989657-8989818
Note: Downsampling was applied for target(s): ENSG00000118058|chr11:118436485-118436914
Note: Downsampling was applied for target(s): ENSG00000272333|chr19:35717990-35718384
Note: Downsampling was applied for target(s): ENSG00000272333|chr19:35720238-35720437
Note: Downsampling was applied for target(s): ENSG00000185513|chr20:43507694-43507924
Note: Downsampling was applied for target(s): ENSG00000185513|chr20:43514461-43514530
Note: Downsampling was applied for target(s): ENSG00000198945|chr6:130018564-130018680
Note: Downsampling was applied for target(s): ENSG00000154655|chr18:6414824-6414920
Note: Downsampling was applied for target(s): ENSG00000138136|chr10:101228725-101229478
Note: Downsampling was applied for target(s): ENSG00000179528|chr2:74503066-74503343
Note: Downsampling was applied for target(s): ENSG00000196233|chr10:96832285-96833236
Note: Downsampling was applied for target(s): ENSG00000178177|chr4:18021653-18021923
Note: Downsampling was applied for target(s): ENSG00000198728|chr10:102114506-102115011
Note: Downsampling was applied for target(s): ENSG00000198728|chr10:102120103-102120377
Note: Downsampling was applied for target(s): ENSG00000169744|chr4:16898413-16898671
Note: Downsampling was applied for target(s): ENSG00000138795|chr4:108165900-108166291
Note: Downsampling was applied for target(s): ENSG00000138795|chr4:108168675-108168864
Note: Downsampling was applied for target(s): ENSG00000213921|chr19:39776606-39777006
Note: Downsampling was applied for target(s): ENSG00000273706|chr17:36936747-36937765
Note: Downsampling was applied for target(s): ENSG00000106689|chr9:124011764-124012112
Note: Downsampling was applied for target(s): ENSG00000107187|chr9:136203064-136203148
Note: Downsampling was applied for target(s): ENSG00000107187|chr9:136204942-136205115
Note: Downsampling was applied for target(s): ENSG00000121454|chr1:180230289-180230434
Note: Downsampling was applied for target(s): ENSG00000089116|chr12:113471638-113471858
Note: Downsampling was applied for target(s): ENSG00000106852|chr9:122213805-122214066
Note: Downsampling was applied for target(s): ENSG00000106852|chr9:122228639-122228959
Note: Downsampling was applied for target(s): ENSG00000162624|chr1:75136379-75136606
Note: Downsampling was applied for target(s): ENSG00000143355|chr1:197917372-197917797
Note: Downsampling was applied for target(s): ENSG00000131914|chr1:26410815-26411291
Note: Downsampling was applied for target(s): ENSG00000187772|chr6:104957001-104958117
Note: Downsampling was applied for target(s): ENSG00000189308|chr4:83010690-83010834
Note: Downsampling was applied for target(s): ENSG00000189308|chr4:83012667-83012882
Note: Downsampling was applied for target(s): ENSG00000183814|chr1:226308769-226309385
Note: Downsampling was applied for target(s): ENSG00000189067|chr16:11586834-11586921
Note: Downsampling was applied for target(s): ENSG00000166407|chr11:8263389-8263868
Note: Downsampling was applied for target(s): ENSG00000166407|chr11:8268289-8268784
Note: Downsampling was applied for target(s): ENSG00000048540|chr12:16606259-16606486
Note: Downsampling was applied for target(s): ENSG00000048540|chr12:16607887-16608098
Note: Downsampling was applied for target(s): ENSG00000143013|chr1:87328483-87328934
Note: Downsampling was applied for target(s): ENSG00000162761|chr1:165356441-165356714
Note: Downsampling was applied for target(s): ENSG00000136944|chr9:126613929-126614375
Note: Downsampling was applied for target(s): ENSG00000138095|chr2:43995605-43995992
Note: Downsampling was applied for target(s): ENSG00000124831|chr2:237692132-237692600
Note: Downsampling was applied for target(s): ENSG00000012223|chr3:46464688-46464898
Note: Downsampling was applied for target(s): ENSG00000104903|chr19:13102421-13102889
Note: Downsampling was applied for target(s): ENSG00000099949|chr22:20982302-20982395
Note: Downsampling was applied for target(s): ENSG00000061337|chr8:20303850-20303945
Note: Downsampling was applied for target(s): ENSG00000143194|chr1:166989266-166989698
Note: Downsampling was applied for target(s): ENSG00000178573|chr16:79600543-79600743
Note: Downsampling was applied for target(s): ENSG00000182759|chr8:143430250-143430742
Note: Downsampling was applied for target(s): ENSG00000204103|chr20:40688999-40689231
Note: Downsampling was applied for target(s): ENSG00000185022|chr22:38202013-38202315
Note: Downsampling was applied for target(s): ENSG00000197063|chr17:81927421-81927734
Note: Downsampling was applied for target(s): ENSG00000198517|chr7:1530693-1531153
Note: Downsampling was applied for target(s): ENSG00000135341|chr6:90586992-90587077
Note: Downsampling was applied for target(s): ENSG00000121653|chr11:45885650-45885824
Note: Downsampling was applied for target(s): ENSG00000121653|chr11:45900113-45900504
Note: Downsampling was applied for target(s): ENSG00000166986|chr12:57488029-57488506
Note: Downsampling was applied for target(s): ENSG00000125952|chr14:65102168-65102535
Note: Downsampling was applied for target(s): ENSG00000103495|chr16:29806750-29806974
Note: Downsampling was applied for target(s): ENSG00000141644|chr18:50281312-50281567
Note: Downsampling was applied for target(s): ENSG00000134046|chr18:54224191-54224625
Note: Downsampling was applied for target(s): ENSG00000071655|chr19:1592226-1592750
Note: Downsampling was applied for target(s): ENSG00000129071|chr3:129439861-129439938
Note: Downsampling was applied for target(s): ENSG00000166987|chr12:57522850-57522974
Note: Downsampling was applied for target(s): ENSG00000139793|chr13:97222358-97222533
Note: Downsampling was applied for target(s): ENSG00000076770|chrX:132439461-132439673
Note: Downsampling was applied for target(s): ENSG00000085276|chr3:169663167-169663716
Note: Downsampling was applied for target(s): ENSG00000169057|chrX:154097249-154097718
Note: Downsampling was applied for target(s): ENSG00000124641|chr6:41920870-41921121
Note: Downsampling was applied for target(s): ENSG00000159479|chr1:43389549-43389779
Note: Downsampling was applied for target(s): ENSG00000068305|chr15:99565983-99566412
Note: Downsampling was applied for target(s): ENSG00000213999|chr19:19192052-19192151
Note: Downsampling was applied for target(s): ENSG00000081189|chr5:88882940-88883303
Note: Downsampling was applied for target(s): ENSG00000116604|chr1:156500540-156500804
Note: Downsampling was applied for target(s): ENSG00000143995|chr2:66435107-66435374
Note: Downsampling was applied for target(s): ENSG00000134138|chr15:37100225-37100486
Note: Downsampling was applied for target(s): ENSG00000105419|chr19:47406361-47406473
Note: Downsampling was applied for target(s): ENSG00000105419|chr19:47419060-47419533
Note: Downsampling was applied for target(s): ENSG00000005102|chr17:43661758-43661918
Note: Downsampling was applied for target(s): ENSG00000106511|chr7:15686268-15686662
Note: Downsampling was applied for target(s): ENSG00000166823|chr15:89750689-89750839
Note: Downsampling was applied for target(s): ENSG00000188095|chr15:89776688-89776891
Note: Downsampling was applied for target(s): ENSG00000174197|chr15:41660428-41660701
Note: Downsampling was applied for target(s): ENSG00000198160|chr1:66925017-66925377
Note: Downsampling was applied for target(s): ENSG00000198160|chr1:66930256-66930534
Note: Downsampling was applied for target(s): ENSG00000105556|chr19:344693-344842
Note: Downsampling was applied for target(s): ENSG00000155545|chr5:56951874-56952239
Note: Downsampling was applied for target(s): ENSG00000129534|chr14:45253069-45253203
Note: Downsampling was applied for target(s): ENSG00000187098|chr3:69739433-69739779
Note: Downsampling was applied for target(s): ENSG00000187098|chr3:69936575-69936668
Note: Downsampling was applied for target(s): ENSG00000185155|chr1:226223551-226223911
Note: Downsampling was applied for target(s): ENSG00000150051|chr10:27743072-27743528
Note: Downsampling was applied for target(s): ENSG00000150051|chr10:27745573-27745800
Note: Downsampling was applied for target(s): ENSG00000130382|chr19:6279482-6279984
Note: Downsampling was applied for target(s): ENSG00000078403|chr10:21534238-21534675
Note: Downsampling was applied for target(s): ENSG00000171843|chr9:20622314-20622546
Note: Downsampling was applied for target(s): ENSG00000108788|chr17:42567093-42567167
Note: Downsampling was applied for target(s): ENSG00000175727|chr12:122078791-122079137
Note: Downsampling was applied for target(s): ENSG00000009950|chr7:73624018-73624522
Note: Downsampling was applied for target(s): ENSG00000149968|chr11:102843508-102843635
Note: Downsampling was applied for target(s): ENSG00000070444|chr17:2400671-2401135
Note: Downsampling was applied for target(s): ENSG00000130675|chr7:157010490-157010675
Note: Downsampling was applied for target(s): ENSG00000188981|chr4:3249156-3249361
Note: Downsampling was applied for target(s): ENSG00000066697|chr9:100427143-100427411
Note: Downsampling was applied for target(s): ENSG00000170903|chr11:106022122-106022233
Note: Downsampling was applied for target(s): ENSG00000178860|chr8:71843641-71844261
Note: Downsampling was applied for target(s): ENSG00000151379|chr2:17816496-17816890
Note: Downsampling was applied for target(s): ENSG00000102854|chr16:761122-761393
Note: Downsampling was applied for target(s): ENSG00000163132|chr4:4859679-4859885
Note: Downsampling was applied for target(s): ENSG00000120149|chr5:174724606-174724960
Note: Downsampling was applied for target(s): ENSG00000182979|chr14:105420040-105420257
Note: Downsampling was applied for target(s): ENSG00000149480|chr11:62601399-62601844
Note: Downsampling was applied for target(s): ENSG00000057935|chr2:42568628-42568887
Note: Downsampling was applied for target(s): ENSG00000127989|chr7:91880485-91880726
Note: Downsampling was applied for target(s): ENSG00000156469|chr8:96261507-96261624
Note: Downsampling was applied for target(s): ENSG00000122085|chr2:241102129-241102342
Note: Downsampling was applied for target(s): ENSG00000120832|chr12:106986990-106987131
Note: Downsampling was applied for target(s): ENSG00000188786|chr1:37859113-37859621
Note: Downsampling was applied for target(s): ENSG00000143033|chr1:93079260-93079671
Note: Downsampling was applied for target(s): ENSG00000059728|chr2:69915082-69915334
Note: Downsampling was applied for target(s): ENSG00000213347|chr5:177311814-177311930
Note: Downsampling was applied for target(s): ENSG00000123933|chr4:2261774-2262113
Note: Downsampling was applied for target(s): ENSG00000119950|chr10:110207659-110207849
Note: Downsampling was applied for target(s): ENSG00000119950|chr10:110225976-110226216
Note: Downsampling was applied for target(s): ENSG00000118513|chr6:135181384-135181905
Note: Downsampling was applied for target(s): ENSG00000132382|chr17:4555048-4555425
Note: Downsampling was applied for target(s): ENSG00000185697|chr8:66612966-66613289
Note: Downsampling was applied for target(s): ENSG00000101057|chr20:43667115-43667545
Note: Downsampling was applied for target(s): ENSG00000136997|chr8:127735559-127736700
Note: Downsampling was applied for target(s): ENSG00000214114|chr1:38872965-38873362
Note: Downsampling was applied for target(s): ENSG00000116990|chr1:39901438-39901871
Note: Downsampling was applied for target(s): ENSG00000134323|chr2:15940571-15940796
Note: Downsampling was applied for target(s): ENSG00000134323|chr2:15941813-15942200
Note: Downsampling was applied for target(s): ENSG00000104177|chr15:48178257-48178325
Note: Downsampling was applied for target(s): ENSG00000111049|chr12:80716936-80717053
Note: Downsampling was applied for target(s): ENSG00000111046|chr12:80707663-80707957
Note: Downsampling was applied for target(s): ENSG00000085274|chr3:169773361-169773511
Note: Downsampling was applied for target(s): ENSG00000141052|chr17:12665905-12666064
Note: Downsampling was applied for target(s): ENSG00000129152|chr11:17719554-17719847
Note: Downsampling was applied for target(s): ENSG00000122180|chr1:203085771-203085972
Note: Downsampling was applied for target(s): ENSG00000176182|chr19:45902517-45902605
Note: Downsampling was applied for target(s): ENSG00000124920|chr11:61752634-61752904
Note: Downsampling was applied for target(s): ENSG00000124920|chr11:61755367-61755564
Note: Downsampling was applied for target(s): ENSG00000166268|chr12:69926616-69926856
Note: Downsampling was applied for target(s): ENSG00000162601|chr1:58699625-58700070
Note: Downsampling was applied for target(s): ENSG00000196132|chr20:64164482-64164564
Note: Downsampling was applied for target(s): ENSG00000186487|chr2:2330859-2331337
Note: Downsampling was applied for target(s): ENSG00000099326|chr19:58573134-58573351
Note: Downsampling was applied for target(s): ENSG00000148411|chr9:136095046-136095309
Note: Downsampling was applied for target(s): ENSG00000171169|chr9:128067243-128067347
Note: Downsampling was applied for target(s): ENSG00000111704|chr12:7789786-7789930
Note: Downsampling was applied for target(s): ENSG00000205857|chr12:7765209-7765276
Note: Downsampling was applied for target(s): ENSG00000115053|chr2:231461443-231461776
Note: Downsampling was applied for target(s): ENSG00000115053|chr2:231464232-231464485
Note: Downsampling was applied for target(s): ENSG00000084676|chr2:24491867-24491918
Note: Downsampling was applied for target(s): ENSG00000140396|chr8:70403589-70403831
Note: Downsampling was applied for target(s): ENSG00000124151|chr20:47501905-47502113
Note: Downsampling was applied for target(s): ENSG00000198646|chr20:34825344-34825629
Note: Downsampling was applied for target(s): ENSG00000141027|chr17:16215167-16215532
Note: Downsampling was applied for target(s): ENSG00000196498|chr12:124495075-124495347
Note: Downsampling was applied for target(s): ENSG00000196498|chr12:124535348-124535581
Note: Downsampling was applied for target(s): ENSG00000204356|chr6:31958538-31958965
Note: Downsampling was applied for target(s): ENSG00000162992|chr2:181680432-181680533
Note: Downsampling was applied for target(s): ENSG00000171532|chr17:39607725-39607972
Note: Downsampling was applied for target(s): ENSG00000123307|chr12:55019944-55020176
Note: Downsampling was applied for target(s): ENSG00000164600|chr7:31340297-31340765
Note: Downsampling was applied for target(s): ENSG00000181965|chr5:135535736-135536066
Note: Downsampling was applied for target(s): ENSG00000178403|chr4:112516087-112516577
Note: Downsampling was applied for target(s): ENSG00000122859|chr10:69573174-69573395
Note: Downsampling was applied for target(s): ENSG00000196712|chr17:31094957-31095431
Note: Downsampling was applied for target(s): ENSG00000102908|chr16:69565960-69566471
Note: Downsampling was applied for target(s): ENSG00000131196|chr18:79395945-79396155
Note: Downsampling was applied for target(s): ENSG00000131196|chr18:79400300-79400411
Note: Downsampling was applied for target(s): ENSG00000101096|chr20:51542468-51542723
Note: Downsampling was applied for target(s): ENSG00000101096|chr20:51562564-51562830
Note: Downsampling was applied for target(s): ENSG00000072736|chr16:68085437-68085482
Note: Downsampling was applied for target(s): ENSG00000100968|chr14:24368179-24368566
Note: Downsampling was applied for target(s): ENSG00000123405|chr12:54300748-54301041
Note: Downsampling was applied for target(s): ENSG00000082641|chr17:48048327-48048876
Note: Downsampling was applied for target(s): ENSG00000116044|chr2:177262937-177263491
Note: Downsampling was applied for target(s): ENSG00000116044|chr2:177264304-177264737
Note: Downsampling was applied for target(s): ENSG00000050344|chr7:26152418-26152819
Note: Downsampling was applied for target(s): ENSG00000230257|chr7:102973634-102974003
Note: Downsampling was applied for target(s): ENSG00000162599|chr1:61082313-61082835
Note: Downsampling was applied for target(s): ENSG00000147862|chr9:14314037-14314585
Note: Downsampling was applied for target(s): ENSG00000141905|chr19:3359632-3359720
Note: Downsampling was applied for target(s): ENSG00000141905|chr19:3366629-3367014
Note: Downsampling was applied for target(s): ENSG00000165030|chr9:91423445-91423835
Note: Downsampling was applied for target(s): ENSG00000008441|chr19:12995451-12995866
Note: Downsampling was applied for target(s): ENSG00000008441|chr19:13023980-13024265
Note: Downsampling was applied for target(s): ENSG00000109320|chr4:102501359-102501550
Note: Downsampling was applied for target(s): ENSG00000077150|chr10:102395738-102395949
Note: Downsampling was applied for target(s): ENSG00000100906|chr14:35403160-35403255
Note: Downsampling was applied for target(s): ENSG00000100906|chr14:35404413-35404643
Note: Downsampling was applied for target(s): ENSG00000104825|chr19:38899974-38900262
Note: Downsampling was applied for target(s): ENSG00000167604|chr19:35898586-35898939
Note: Downsampling was applied for target(s): ENSG00000167604|chr19:35900398-35900558
Note: Downsampling was applied for target(s): ENSG00000146232|chr6:44265463-44265560
Note: Downsampling was applied for target(s): ENSG00000204498|chr6:31547595-31547677
Note: Downsampling was applied for target(s): ENSG00000144802|chr3:101827963-101828315
Note: Downsampling was applied for target(s): ENSG00000144802|chr3:101849514-101849867
Note: Downsampling was applied for target(s): ENSG00000170322|chr11:129895173-129895561
Note: Downsampling was applied for target(s): ENSG00000086102|chr9:33290489-33290595
Note: Downsampling was applied for target(s): ENSG00000170448|chr4:47914253-47914591
Note: Downsampling was applied for target(s): ENSG00000001167|chr6:41072917-41073528
Note: Downsampling was applied for target(s): ENSG00000120837|chr12:104137785-104138192
Note: Downsampling was applied for target(s): ENSG00000066136|chr1:40691737-40692027
Note: Downsampling was applied for target(s): ENSG00000171786|chr1:160367169-160367597
Note: Downsampling was applied for target(s): ENSG00000177551|chr1:115840808-115841142
Note: Downsampling was applied for target(s): ENSG00000145912|chr5:178153560-178153998
Note: Downsampling was applied for target(s): ENSG00000186416|chrX:119605641-119605871
Note: Downsampling was applied for target(s): ENSG00000235608|chr4:1406252-1406344
Note: Downsampling was applied for target(s): ENSG00000229544|chr10:124449538-124450027
Note: Downsampling was applied for target(s): ENSG00000136352|chr14:36520163-36520736
Note: Downsampling was applied for target(s): ENSG00000125820|chr20:21513964-21514062
Note: Downsampling was applied for target(s): ENSG00000119919|chr10:99532950-99533030
Note: Downsampling was applied for target(s): ENSG00000125816|chr20:21397174-21397514
Note: Downsampling was applied for target(s): ENSG00000183072|chr5:173234977-173235210
Note: Downsampling was applied for target(s): ENSG00000180053|chr8:23706141-23706612
Note: Downsampling was applied for target(s): ENSG00000136327|chr14:36582330-36582626
Note: Downsampling was applied for target(s): ENSG00000167034|chr8:23682459-23682968
Note: Downsampling was applied for target(s): ENSG00000109705|chr4:13544781-13545040
Note: Downsampling was applied for target(s): ENSG00000163623|chr4:84497571-84498269
Note: Downsampling was applied for target(s): ENSG00000148826|chr10:132785746-132785948
Note: Downsampling was applied for target(s): ENSG00000165066|chr8:41650618-41650804
Note: Downsampling was applied for target(s): ENSG00000011052|chr17:51166428-51166651
Note: Downsampling was applied for target(s): ENSG00000123609|chr2:151289396-151289682
Note: Downsampling was applied for target(s): ENSG00000106410|chr7:144403629-144403711
Note: Downsampling was applied for target(s): ENSG00000106410|chr7:144409954-144410245
Note: Downsampling was applied for target(s): ENSG00000173145|chr10:94362680-94362949
Note: Downsampling was applied for target(s): ENSG00000147140|chrX:71283701-71284073
Note: Downsampling was applied for target(s): ENSG00000148400|chr9:136523467-136523919
Note: Downsampling was applied for target(s): ENSG00000148400|chr9:136545759-136546062
Note: Downsampling was applied for target(s): ENSG00000214513|chr2:73202554-73202681
Note: Downsampling was applied for target(s): ENSG00000114554|chr8:119416423-119416754
Note: Downsampling was applied for target(s): ENSG00000130751|chr19:47019822-47020174
Note: Downsampling was applied for target(s): ENSG00000170485|chr2:100820125-100820629
Note: Downsampling was applied for target(s): ENSG00000151322|chr14:32934669-32935147
Note: Downsampling was applied for target(s): ENSG00000174576|chr11:66420993-66421426
Note: Downsampling was applied for target(s): ENSG00000169297|chrX:30308627-30309361
Note: Downsampling was applied for target(s): ENSG00000131910|chr1:26913803-26913940
Note: Downsampling was applied for target(s): ENSG00000126368|chr17:40100455-40100632
Note: Downsampling was applied for target(s): ENSG00000174738|chr3:23945281-23945412
Note: Downsampling was applied for target(s): ENSG00000131408|chr19:50376443-50376703
Note: Downsampling was applied for target(s): ENSG00000025434|chr11:47248900-47249373
Note: Downsampling was applied for target(s): ENSG00000025434|chr11:47258018-47258122
Note: Downsampling was applied for target(s): ENSG00000012504|chr12:100473850-100473994
Note: Downsampling was applied for target(s): ENSG00000144852|chr3:119782064-119782264
Note: Downsampling was applied for target(s): ENSG00000143257|chr1:161238132-161238265
Note: Downsampling was applied for target(s): ENSG00000120798|chr12:95073472-95073659
Note: Downsampling was applied for target(s): ENSG00000177463|chr3:14947595-14947894
Note: Downsampling was applied for target(s): ENSG00000112333|chr6:108166052-108166564
Note: Downsampling was applied for target(s): ENSG00000278570|chr15:71810585-71811409
Note: Downsampling was applied for target(s): ENSG00000175745|chr5:93583202-93583582
Note: Downsampling was applied for target(s): ENSG00000185551|chr15:96330679-96331148
Note: Downsampling was applied for target(s): ENSG00000160113|chr19:17245077-17245934
Note: Downsampling was applied for target(s): ENSG00000113580|chr5:143403435-143404105
Note: Downsampling was applied for target(s): ENSG00000151623|chr4:148442046-148442340
Note: Downsampling was applied for target(s): ENSG00000123358|chr12:52051450-52051675
Note: Downsampling was applied for target(s): ENSG00000153234|chr2:156332660-156332749
Note: Downsampling was applied for target(s): ENSG00000153234|chr2:156341981-156342437
Note: Downsampling was applied for target(s): ENSG00000119508|chr9:99821952-99822224
Note: Downsampling was applied for target(s): ENSG00000136931|chr9:124507318-124507454
Note: Downsampling was applied for target(s): ENSG00000116833|chr1:200027620-200027926
Note: Downsampling was applied for target(s): ENSG00000116833|chr1:200039585-200039718
Note: Downsampling was applied for target(s): ENSG00000148200|chr9:124771088-124771346
Note: Downsampling was applied for target(s): ENSG00000106459|chr7:129611731-129612109
Note: Downsampling was applied for target(s): ENSG00000129535|chr14:24084376-24084652
Note: Downsampling was applied for target(s): ENSG00000129535|chr14:24114692-24114972
Note: Downsampling was applied for target(s): ENSG00000184221|chr21:33070145-33070518
Note: Downsampling was applied for target(s): ENSG00000205927|chr21:33025910-33026198
Note: Downsampling was applied for target(s): ENSG00000177468|chr6:137493996-137494361
Note: Downsampling was applied for target(s): ENSG00000169856|chr15:52790001-52790371
Note: Downsampling was applied for target(s): ENSG00000119547|chr18:57435363-57435748
Note: Downsampling was applied for target(s): ENSG00000205922|chr19:1753571-1753769
Note: Downsampling was applied for target(s): ENSG00000143867|chr2:19358516-19358616
Note: Downsampling was applied for target(s): ENSG00000164920|chr8:98944419-98944821
Note: Downsampling was applied for target(s): ENSG00000171540|chr5:77638317-77638693
Note: Downsampling was applied for target(s): ENSG00000115507|chr2:63050796-63050980
Note: Downsampling was applied for target(s): ENSG00000165588|chr14:56810257-56810474
Note: Downsampling was applied for target(s): ENSG00000172818|chr11:65787089-65787314
Note: Downsampling was applied for target(s): ENSG00000125850|chr20:18057670-18057870
Note: Downsampling was applied for target(s): ENSG00000105261|chr19:36111180-36111670
Note: Downsampling was applied for target(s): ENSG00000172939|chr3:38165607-38165890
Note: Downsampling was applied for target(s): ENSG00000170515|chr12:56104508-56105032
Note: Downsampling was applied for target(s): ENSG00000143799|chr1:226407640-226408092
Note: Downsampling was applied for target(s): ENSG00000100105|chr22:31343112-31343320
Note: Downsampling was applied for target(s): ENSG00000100105|chr22:31345964-31346339
Note: Downsampling was applied for target(s): ENSG00000177425|chr12:79690271-79690678
Note: Downsampling was applied for target(s): ENSG00000125813|chr20:21705708-21706146
Note: Downsampling was applied for target(s): ENSG00000075891|chr10:100745594-100746092
Note: Downsampling was applied for target(s): ENSG00000135903|chr2:222298570-222298997
Note: Downsampling was applied for target(s): ENSG00000106331|chr7:127615452-127615689
Note: Downsampling was applied for target(s): ENSG00000196092|chr9:37033984-37034464
Note: Downsampling was applied for target(s): ENSG00000007372|chr11:31810704-31811320
Note: Downsampling was applied for target(s): ENSG00000009709|chr1:18630918-18631267
Note: Downsampling was applied for target(s): ENSG00000198807|chr14:36657577-36657854
Note: Downsampling was applied for target(s): ENSG00000198807|chr14:36661870-36662298
Note: Downsampling was applied for target(s): ENSG00000159086|chr21:32771283-32771775
Note: Downsampling was applied for target(s): ENSG00000163939|chr3:52685525-52685910
Note: Downsampling was applied for target(s): ENSG00000185630|chr1:164559214-164559453
Note: Downsampling was applied for target(s): ENSG00000204304|chr6:32189804-32190182
Note: Downsampling was applied for target(s): ENSG00000167081|chr9:125747450-125747521
Note: Downsampling was applied for target(s): ENSG00000105717|chr19:19618419-19618719
Note: Downsampling was applied for target(s): ENSG00000277258|chr17:38748035-38748320
Note: Downsampling was applied for target(s): ENSG00000277258|chr17:38749713-38749805
Note: Downsampling was applied for target(s): ENSG00000156374|chr10:103350606-103351145
Note: Downsampling was applied for target(s): ENSG00000139515|chr13:27919991-27920254
Note: Downsampling was applied for target(s): ENSG00000198300|chr19:56840478-56840749
Note: Downsampling was applied for target(s): ENSG00000123349|chr12:53295544-53295946
Note: Downsampling was applied for target(s): ENSG00000137338|chr6:28281608-28281791
Note: Downsampling was applied for target(s): ENSG00000082175|chr11:101128901-101129812
Note: Downsampling was applied for target(s): ENSG00000215021|chr12:6970304-6970667
Note: Downsampling was applied for target(s): ENSG00000112511|chr6:33410814-33411224
Note: Downsampling was applied for target(s): ENSG00000119403|chr9:120877109-120877199
Note: Downsampling was applied for target(s): ENSG00000197724|chr9:93576789-93577029
Note: Downsampling was applied for target(s): ENSG00000025293|chr20:35772051-35772415
Note: Downsampling was applied for target(s): ENSG00000135365|chr11:46120798-46121492
Note: Downsampling was applied for target(s): ENSG00000165462|chr11:72243925-72244180
Note: Downsampling was applied for target(s): ENSG00000109132|chr4:41748316-41748747
Note: Downsampling was applied for target(s): ENSG00000116793|chr1:113758992-113759524
Note: Downsampling was applied for target(s): ENSG00000131788|chr1:145858990-145859791
Note: Downsampling was applied for target(s): ENSG00000105229|chr19:4007737-4008242
Note: Downsampling was applied for target(s): ENSG00000127445|chr19:9835357-9835572
Note: Downsampling was applied for target(s): ENSG00000069011|chr5:135034178-135034269
Note: Downsampling was applied for target(s): ENSG00000164093|chr4:110622979-110623083
Note: Downsampling was applied for target(s): ENSG00000164093|chr4:110636773-110637012
Note: Downsampling was applied for target(s): ENSG00000107859|chr10:102241370-102241522
Note: Downsampling was applied for target(s): ENSG00000160199|chr21:42974570-42974815
Note: Downsampling was applied for target(s): ENSG00000165495|chr11:125164701-125165032
Note: Downsampling was applied for target(s): ENSG00000181690|chr8:56210845-56211308
Note: Downsampling was applied for target(s): ENSG00000118495|chr6:144008147-144008269
Note: Downsampling was applied for target(s): ENSG00000118495|chr6:144064515-144064585
Note: Downsampling was applied for target(s): ENSG00000126003|chr20:32207339-32207732
Note: Downsampling was applied for target(s): ENSG00000115956|chr2:68365269-68365541
Note: Downsampling was applied for target(s): ENSG00000052126|chr12:19129746-19129987
Note: Downsampling was applied for target(s): ENSG00000188313|chr3:146544361-146544607
Note: Downsampling was applied for target(s): ENSG00000143157|chr1:166839472-166839735
Note: Downsampling was applied for target(s): ENSG00000186141|chr1:145824185-145824322
Note: Downsampling was applied for target(s): ENSG00000161980|chr16:53124-53651
Note: Downsampling was applied for target(s): ENSG00000064835|chr3:87276317-87276612
Note: Downsampling was applied for target(s): ENSG00000110777|chr11:111378968-111379276
Note: Downsampling was applied for target(s): ENSG00000143190|chr1:167220883-167221072
Note: Downsampling was applied for target(s): ENSG00000143190|chr1:167329073-167329510
Note: Downsampling was applied for target(s): ENSG00000028277|chr19:42132366-42132480
Note: Downsampling was applied for target(s): ENSG00000137709|chr11:120236634-120236961
Note: Downsampling was applied for target(s): ENSG00000137709|chr11:120240137-120240266
Note: Downsampling was applied for target(s): ENSG00000185668|chr1:38046469-38046797
Note: Downsampling was applied for target(s): ENSG00000184486|chr6:98834545-98835076
Note: Downsampling was applied for target(s): ENSG00000198914|chr2:104855534-104855770
Note: Downsampling was applied for target(s): ENSG00000196767|chrX:83508307-83508392
Note: Downsampling was applied for target(s): ENSG00000152192|chr13:78603113-78603615
Note: Downsampling was applied for target(s): ENSG00000151615|chr4:146638902-146639129
Note: Downsampling was applied for target(s): ENSG00000091010|chr5:146338859-146339112
Note: Downsampling was applied for target(s): ENSG00000204531|chr6:31170169-31170720
Note: Downsampling was applied for target(s): ENSG00000204531|chr6:31180431-31180710
Note: Downsampling was applied for target(s): ENSG00000212993|chr8:127415817-127416221
Note: Downsampling was applied for target(s): ENSG00000248483|chr5:93741205-93741611
Note: Downsampling was applied for target(s): ENSG00000184271|chr12:51217777-51218095
Note: Downsampling was applied for target(s): ENSG00000106536|chr7:39006819-39007081
Note: Downsampling was applied for target(s): ENSG00000186951|chr22:46150517-46150847
Note: Downsampling was applied for target(s): ENSG00000112033|chr6:35342557-35342984
Note: Downsampling was applied for target(s): ENSG00000132170|chr3:12287955-12288395
Note: Downsampling was applied for target(s): ENSG00000132170|chr3:12289043-12289150
Note: Downsampling was applied for target(s): ENSG00000131013|chr6:149545865-149546043
Note: Downsampling was applied for target(s): ENSG00000213639|chr2:28752075-28752565
Note: Downsampling was applied for target(s): ENSG00000104881|chr19:45404905-45405041
Note: Downsampling was applied for target(s): ENSG00000104881|chr19:45405894-45406384
Note: Downsampling was applied for target(s): ENSG00000057657|chr6:106086357-106086421
Note: Downsampling was applied for target(s): ENSG00000170325|chr11:130002305-130002835
Note: Downsampling was applied for target(s): ENSG00000019485|chr11:45093992-45094422
Note: Downsampling was applied for target(s): ENSG00000019485|chr11:45095797-45096082
Note: Downsampling was applied for target(s): ENSG00000130711|chr9:130664216-130664865
Note: Downsampling was applied for target(s): ENSG00000112238|chr6:99613909-99613993
Note: Downsampling was applied for target(s): ENSG00000147596|chr8:70070761-70071232
Note: Downsampling was applied for target(s): ENSG00000141956|chr21:41879012-41879330
Note: Downsampling was applied for target(s): ENSG00000142611|chr1:3069214-3069288
Note: Downsampling was applied for target(s): ENSG00000116731|chr1:13704871-13705208
Note: Downsampling was applied for target(s): ENSG00000110851|chr12:107760712-107761152
Note: Downsampling was applied for target(s): ENSG00000138738|chr4:120922635-120922807
Note: Downsampling was applied for target(s): ENSG00000061455|chr5:123089231-123089314
Note: Downsampling was applied for target(s): ENSG00000126856|chr16:90075543-90075901
Note: Downsampling was applied for target(s): ENSG00000152784|chr4:80183804-80184021
Note: Downsampling was applied for target(s): ENSG00000152784|chr4:80197522-80197867
Note: Downsampling was applied for target(s): ENSG00000164256|chr5:23507593-23507661
Note: Downsampling was applied for target(s): ENSG00000138073|chr2:27134161-27134632
Note: Downsampling was applied for target(s): ENSG00000128563|chr7:102363890-102364302
Note: Downsampling was applied for target(s): ENSG00000128563|chr7:102396413-102396472
Note: Downsampling was applied for target(s): ENSG00000137492|chr11:76380661-76381075
Note: Downsampling was applied for target(s): ENSG00000185238|chr11:20387715-20388204
Note: Downsampling was applied for target(s): ENSG00000175325|chr5:177995827-177996296
Note: Downsampling was applied for target(s): ENSG00000117707|chr1:213987944-213988486
Note: Downsampling was applied for target(s): ENSG00000119608|chr14:74863532-74863796
Note: Downsampling was applied for target(s): ENSG00000126464|chr19:49591192-49591660
Note: Downsampling was applied for target(s): ENSG00000116132|chr1:170663129-170663470
Note: Downsampling was applied for target(s): ENSG00000116132|chr1:170664225-170664433
Note: Downsampling was applied for target(s): ENSG00000167157|chr9:129665716-129666091
Note: Downsampling was applied for target(s): ENSG00000164985|chr9:15510566-15511005
Note: Downsampling was applied for target(s): ENSG00000129084|chr11:14519918-14520317
Note: Downsampling was applied for target(s): ENSG00000008018|chr6:170552827-170553285
Note: Downsampling was applied for target(s): ENSG00000159377|chr1:151399570-151399812
Note: Downsampling was applied for target(s): ENSG00000165916|chr11:47425762-47426264
Note: Downsampling was applied for target(s): ENSG00000168267|chr10:23192333-23192811
Note: Downsampling was applied for target(s): ENSG00000164611|chr5:160421840-160422061
Note: Downsampling was applied for target(s): ENSG00000179950|chr8:143828848-143829372
Note: Downsampling was applied for target(s): ENSG00000185129|chr5:140107805-140108079
Note: Downsampling was applied for target(s): ENSG00000185129|chr5:140114164-140114522
Note: Downsampling was applied for target(s): ENSG00000146676|chr7:44885259-44885548
Note: Downsampling was applied for target(s): ENSG00000172733|chr8:31033103-31033319
Note: Downsampling was applied for target(s): ENSG00000166349|chr11:36567997-36568417
Note: Downsampling was applied for target(s): ENSG00000131759|chr17:40318275-40318536
Note: Downsampling was applied for target(s): ENSG00000131759|chr17:40342381-40342588
Note: Downsampling was applied for target(s): ENSG00000077092|chr3:25428258-25428518
Note: Downsampling was applied for target(s): ENSG00000172819|chr12:53220106-53220349
Note: Downsampling was applied for target(s): ENSG00000172819|chr12:53231789-53232195
Note: Downsampling was applied for target(s): ENSG00000134438|chr18:59273308-59273406
Note: Downsampling was applied for target(s): ENSG00000173976|chr19:3771993-3772264
Note: Downsampling was applied for target(s): ENSG00000139687|chr13:48303814-48303919
Note: Downsampling was applied for target(s): ENSG00000023287|chr8:52656074-52656492
Note: Downsampling was applied for target(s): ENSG00000023287|chr8:52714363-52714428
Note: Downsampling was applied for target(s): ENSG00000146587|chr7:5045853-5046293
Note: Downsampling was applied for target(s): ENSG00000146587|chr7:5072118-5072235
Note: Downsampling was applied for target(s): ENSG00000125826|chr20:408225-408558
Note: Downsampling was applied for target(s): ENSG00000103479|chr16:53434495-53434581
Note: Downsampling was applied for target(s): ENSG00000103479|chr16:53435641-53435883
Note: Downsampling was applied for target(s): ENSG00000153250|chr2:160493615-160493833
Note: Downsampling was applied for target(s): ENSG00000168214|chr4:26320966-26321064
Note: Downsampling was applied for target(s): ENSG00000124232|chr20:45306865-45307123
Note: Downsampling was applied for target(s): ENSG00000056586|chr9:122905107-122905267
Note: Downsampling was applied for target(s): ENSG00000159200|chr21:34526660-34526834
Note: Downsampling was applied for target(s): ENSG00000089902|chr14:102592629-102592922
Note: Downsampling was applied for target(s): ENSG00000167771|chr11:63916556-63917162
Note: Downsampling was applied for target(s): ENSG00000117625|chr1:211259379-211259596
Note: Downsampling was applied for target(s): ENSG00000162924|chr2:60881597-60881658
Note: Downsampling was applied for target(s): ENSG00000173039|chr11:65662554-65662953
Note: Downsampling was applied for target(s): ENSG00000104856|chr19:45001504-45001909
Note: Downsampling was applied for target(s): ENSG00000214022|chr7:150368865-150369642
Note: Downsampling was applied for target(s): ENSG00000142599|chr1:8817358-8817677
Note: Downsampling was applied for target(s): ENSG00000084093|chr4:56907913-56908305
Note: Downsampling was applied for target(s): ENSG00000084093|chr4:56908921-56909365
Note: Downsampling was applied for target(s): ENSG00000148300|chr9:133417559-133418015
Note: Downsampling was applied for target(s): ENSG00000132005|chr19:14006259-14006349
Note: Downsampling was applied for target(s): ENSG00000087903|chr19:6110396-6110505
Note: Downsampling was applied for target(s): ENSG00000080298|chr9:3525576-3525992
Note: Downsampling was applied for target(s): ENSG00000111783|chr12:106583082-106583379
Note: Downsampling was applied for target(s): ENSG00000143390|chr1:151346898-151347273
Note: Downsampling was applied for target(s): ENSG00000185002|chr6:116877226-116877358
Note: Downsampling was applied for target(s): ENSG00000181827|chr15:56243337-56243756
Note: Downsampling was applied for target(s): ENSG00000196460|chr2:101474204-101475022
Note: Downsampling was applied for target(s): ENSG00000064490|chr19:19192941-19193190
Note: Downsampling was applied for target(s): ENSG00000133111|chr13:36819231-36819318
Note: Downsampling was applied for target(s): ENSG00000101883|chrX:120116206-120116469
Note: Downsampling was applied for target(s): ENSG00000117000|chr1:40161382-40161872
Note: Downsampling was applied for target(s): ENSG00000110315|chr11:10540908-10541192
Note: Downsampling was applied for target(s): ENSG00000121481|chr1:185045530-185045974
Note: Downsampling was applied for target(s): ENSG00000063978|chr4:2469096-2469620
Note: Downsampling was applied for target(s): ENSG00000069667|chr15:61229051-61229471
Note: Downsampling was applied for target(s): ENSG00000198963|chr9:74497302-74497430
Note: Downsampling was applied for target(s): ENSG00000143365|chr1:151825869-151826102
Note: Downsampling was applied for target(s): ENSG00000143365|chr1:151831572-151831764
Note: Downsampling was applied for target(s): ENSG00000106399|chr7:7640061-7640747
Note: Downsampling was applied for target(s): ENSG00000117133|chr1:84479276-84479689
Note: Downsampling was applied for target(s): ENSG00000198034|chrX:72276872-72277245
Note: Downsampling was applied for target(s): ENSG00000124782|chr6:7107748-7108093
Note: Downsampling was applied for target(s): ENSG00000159216|chr21:35048840-35049184
Note: Downsampling was applied for target(s): ENSG00000079102|chr8:92062352-92062590
Note: Downsampling was applied for target(s): ENSG00000079102|chr8:92095014-92095233
Note: Downsampling was applied for target(s): ENSG00000124813|chr6:45328358-45328639
Note: Downsampling was applied for target(s): ENSG00000124813|chr6:45422307-45422407
Note: Downsampling was applied for target(s): ENSG00000020633|chr1:24930025-24930283
Note: Downsampling was applied for target(s): ENSG00000020633|chr1:24964606-24965040
Note: Downsampling was applied for target(s): ENSG00000175792|chr3:128123370-128123809
Note: Downsampling was applied for target(s): ENSG00000186350|chr9:134326449-134326921
Note: Downsampling was applied for target(s): ENSG00000204231|chr6:33200036-33200671
Note: Downsampling was applied for target(s): ENSG00000143171|chr1:165444669-165445089
Note: Downsampling was applied for target(s): ENSG00000211456|chr3:45689317-45689684
Note: Downsampling was applied for target(s): ENSG00000160633|chr19:5623093-5623524
Note: Downsampling was applied for target(s): ENSG00000130254|chr19:5622527-5622775
Note: Downsampling was applied for target(s): ENSG00000103449|chr16:51151031-51151261
Note: Downsampling was applied for target(s): ENSG00000165821|chr14:21525987-21526258
Note: Downsampling was applied for target(s): ENSG00000256463|chr18:78979845-78980452
Note: Downsampling was applied for target(s): ENSG00000101115|chr20:51801947-51802476
Note: Downsampling was applied for target(s): ENSG00000182568|chr3:18424848-18425341
Note: Downsampling was applied for target(s): ENSG00000182568|chr3:18444605-18444835
Note: Downsampling was applied for target(s): ENSG00000119042|chr2:199457903-199458675
Note: Downsampling was applied for target(s): ENSG00000248496|chr6:28587057-28587321
Note: Downsampling was applied for target(s): ENSG00000140386|chr15:76905260-76905329
Note: Downsampling was applied for target(s): ENSG00000010803|chr1:41160713-41160902
Note: Downsampling was applied for target(s): ENSG00000010803|chr1:41161088-41161438
Note: Downsampling was applied for target(s): ENSG00000146285|chr6:107824001-107824322
Note: Downsampling was applied for target(s): ENSG00000261678|chr8:144336352-144336724
Note: Downsampling was applied for target(s): ENSG00000215397|chr20:676442-676643
Note: Downsampling was applied for target(s): ENSG00000260428|chr8:144266603-144266696
Note: Downsampling was applied for target(s): ENSG00000260428|chr8:144266662-144267077
Note: Downsampling was applied for target(s): ENSG00000274529|chr17:28370126-28370278
Note: Downsampling was applied for target(s): ENSG00000152217|chr18:44680123-44680792
Note: Downsampling was applied for target(s): ENSG00000099381|chr16:30958041-30958479
Note: Downsampling was applied for target(s): ENSG00000143379|chr1:150926319-150926833
Note: Downsampling was applied for target(s): ENSG00000136169|chr13:49444287-49444517
Note: Downsampling was applied for target(s): ENSG00000141258|chr17:2337491-2337770
Note: Downsampling was applied for target(s): ENSG00000109686|chr4:151225913-151226446
Note: Downsampling was applied for target(s): ENSG00000109686|chr4:151227651-151227895
Note: Downsampling was applied for target(s): ENSG00000185960|chrX:630721-631228
Note: Downsampling was applied for target(s): ENSG00000168779|chr3:158105681-158105761
Note: Downsampling was applied for target(s): ENSG00000112246|chr6:100464680-100464919
Note: Downsampling was applied for target(s): ENSG00000159263|chr21:36699107-36699564
Note: Downsampling was applied for target(s): ENSG00000169375|chr15:75451442-75451699
Note: Downsampling was applied for target(s): ENSG00000169375|chr15:75455340-75455817
Note: Downsampling was applied for target(s): ENSG00000077463|chr19:4182476-4182592
Note: Downsampling was applied for target(s): ENSG00000126778|chr14:60649343-60649488
Note: Downsampling was applied for target(s): ENSG00000170577|chr2:45009077-45009443
Note: Downsampling was applied for target(s): ENSG00000138083|chr2:44941742-44942140
Note: Downsampling was applied for target(s): ENSG00000100625|chr14:60723908-60724347
Note: Downsampling was applied for target(s): ENSG00000177045|chr19:45768763-45769309
Note: Downsampling was applied for target(s): ENSG00000184302|chr14:60509189-60509290
Note: Downsampling was applied for target(s): ENSG00000157933|chr1:2228531-2228929
Note: Downsampling was applied for target(s): ENSG00000136603|chr3:170357705-170358127
Note: Downsampling was applied for target(s): ENSG00000188779|chr15:67823370-67823675
Note: Downsampling was applied for target(s): ENSG00000215474|chr18:47248838-47249173
Note: Downsampling was applied for target(s): ENSG00000175003|chr6:160121862-160122212
Note: Downsampling was applied for target(s): ENSG00000125520|chr20:63739767-63740380
Note: Downsampling was applied for target(s): ENSG00000014824|chr4:41990536-41990727
Note: Downsampling was applied for target(s): ENSG00000170365|chr4:145481793-145482298
Note: Downsampling was applied for target(s): ENSG00000175387|chr18:47930139-47930914
Note: Downsampling was applied for target(s): ENSG00000166949|chr15:67065846-67066213
Note: Downsampling was applied for target(s): ENSG00000141646|chr18:51030218-51030696
Note: Downsampling was applied for target(s): ENSG00000113658|chr5:136132866-136133370
Note: Downsampling was applied for target(s): ENSG00000137834|chr15:66702324-66702590
Note: Downsampling was applied for target(s): ENSG00000101665|chr18:48948885-48950655
Note: Downsampling was applied for target(s): ENSG00000120693|chr13:36919721-36920264
Note: Downsampling was applied for target(s): ENSG00000102038|chrX:129523007-129523501
Note: Downsampling was applied for target(s): ENSG00000080503|chr9:2015338-2015565
Note: Downsampling was applied for target(s): ENSG00000127616|chr19:10961045-10961525
Note: Downsampling was applied for target(s): ENSG00000153147|chr4:143513688-143514112
Note: Downsampling was applied for target(s): ENSG00000099956|chr22:23786987-23787393
Note: Downsampling was applied for target(s): ENSG00000099956|chr22:23791770-23791831
Note: Downsampling was applied for target(s): ENSG00000173473|chr3:47781383-47781872
Note: Downsampling was applied for target(s): ENSG00000139613|chr12:56189298-56189479
Note: Downsampling was applied for target(s): ENSG00000143499|chr1:214281195-214281425
Note: Downsampling was applied for target(s): ENSG00000185420|chr1:246507012-246507262
Note: Downsampling was applied for target(s): ENSG00000124216|chr20:49982975-49983472
Note: Downsampling was applied for target(s): ENSG00000019549|chr8:48921305-48921393
Note: Downsampling was applied for target(s): ENSG00000185669|chr16:88686281-88686499
Note: Downsampling was applied for target(s): ENSG00000023608|chr14:61762410-61762796
Note: Downsampling was applied for target(s): ENSG00000104976|chr19:7920344-7921038
Note: Downsampling was applied for target(s): ENSG00000164975|chr9:15422862-15423120
Note: Downsampling was applied for target(s): ENSG00000165684|chr9:136376833-136377485
Note: Downsampling was applied for target(s): ENSG00000174446|chr15:66497410-66497777
Note: Downsampling was applied for target(s): ENSG00000165643|chr9:135699409-135699477
Note: Downsampling was applied for target(s): ENSG00000120669|chr13:36214360-36214552
Note: Downsampling was applied for target(s): ENSG00000159140|chr21:33543047-33543567
Note: Downsampling was applied for target(s): ENSG00000159140|chr21:33549545-33549814
Note: Downsampling was applied for target(s): ENSG00000182968|chr13:112067181-112067806
Note: Downsampling was applied for target(s): ENSG00000100146|chr22:37984345-37984542
Note: Downsampling was applied for target(s): ENSG00000176887|chr2:5692396-5692511
Note: Downsampling was applied for target(s): ENSG00000177732|chr20:325872-326086
Note: Downsampling was applied for target(s): ENSG00000143842|chr1:204073095-204073323
Note: Downsampling was applied for target(s): ENSG00000168875|chr3:137764309-137764690
Note: Downsampling was applied for target(s): ENSG00000129194|chr17:7589761-7590075
Note: Downsampling was applied for target(s): ENSG00000164736|chr8:54457938-54458154
Note: Downsampling was applied for target(s): ENSG00000203883|chr20:64049282-64049635
Note: Downsampling was applied for target(s): ENSG00000181449|chr3:181711908-181712439
Note: Downsampling was applied for target(s): ENSG00000125285|chr13:94712239-94712536
Note: Downsampling was applied for target(s): ENSG00000134595|chrX:140504675-140505036
Note: Downsampling was applied for target(s): ENSG00000039600|chr5:157651937-157652361
Note: Downsampling was applied for target(s): ENSG00000039600|chr5:157671198-157671445
Note: Downsampling was applied for target(s): ENSG00000124766|chr6:21593726-21594227
Note: Downsampling was applied for target(s): ENSG00000124766|chr6:21597711-21597913
Note: Downsampling was applied for target(s): ENSG00000134532|chr12:23895747-23896025
Note: Downsampling was applied for target(s): ENSG00000134532|chr12:23949569-23949854
Note: Downsampling was applied for target(s): ENSG00000110693|chr11:16341166-16341238
Note: Downsampling was applied for target(s): ENSG00000110693|chr11:16402517-16402752
Note: Downsampling was applied for target(s): ENSG00000110693|chr11:16475902-16476367
Note: Downsampling was applied for target(s): ENSG00000171056|chr8:10839664-10839860
Note: Downsampling was applied for target(s): ENSG00000005513|chr16:981821-982406
Note: Downsampling was applied for target(s): ENSG00000125398|chr17:72121014-72121263
Note: Downsampling was applied for target(s): ENSG00000185591|chr12:53380184-53380609
Note: Downsampling was applied for target(s): ENSG00000067066|chr2:230416187-230416614
Note: Downsampling was applied for target(s): ENSG00000135899|chr2:230219609-230219951
Note: Downsampling was applied for target(s): ENSG00000079263|chr2:230225743-230225953
Note: Downsampling was applied for target(s): ENSG00000185404|chr2:230327166-230327434
Note: Downsampling was applied for target(s): ENSG00000167182|chr17:47896230-47896720
Note: Downsampling was applied for target(s): ENSG00000172845|chr2:173963513-173964260
Note: Downsampling was applied for target(s): ENSG00000105866|chr7:21428042-21428256
Note: Downsampling was applied for target(s): ENSG00000204335|chr2:170715355-170716322
Note: Downsampling was applied for target(s): ENSG00000189120|chr17:47850987-47851162
Note: Downsampling was applied for target(s): ENSG00000170374|chr12:53336226-53336390
Note: Downsampling was applied for target(s): ENSG00000164651|chr7:20786502-20786925
Note: Downsampling was applied for target(s): ENSG00000217236|chr2:174334930-174335177
Note: Downsampling was applied for target(s): ENSG00000124664|chr6:34555882-34556298
Note: Downsampling was applied for target(s): ENSG00000065526|chr1:15847812-15848268
Note: Downsampling was applied for target(s): ENSG00000066336|chr11:47378292-47378531
Note: Downsampling was applied for target(s): ENSG00000269404|chr19:50418934-50419189
Note: Downsampling was applied for target(s): ENSG00000166211|chr12:101475319-101475804
Note: Downsampling was applied for target(s): ENSG00000164299|chr5:80320044-80320323
Note: Downsampling was applied for target(s): ENSG00000080603|chr16:30698167-30699349
Note: Downsampling was applied for target(s): ENSG00000072310|chr17:17823142-17823619
Note: Downsampling was applied for target(s): ENSG00000072310|chr17:17836540-17836978
Note: Downsampling was applied for target(s): ENSG00000198911|chr22:41833139-41833356
Note: Downsampling was applied for target(s): ENSG00000112658|chr6:43171413-43171886
Note: Downsampling was applied for target(s): ENSG00000184895|chrY:2787313-2787705
Note: Downsampling was applied for target(s): ENSG00000141380|chr18:26090413-26090627
Note: Downsampling was applied for target(s): ENSG00000149136|chr11:57335432-57335883
Note: Downsampling was applied for target(s): ENSG00000147488|chr8:52409536-52409768
Note: Downsampling was applied for target(s): ENSG00000115415|chr2:191014019-191014175
Note: Downsampling was applied for target(s): ENSG00000170581|chr12:56360046-56360134
Note: Downsampling was applied for target(s): ENSG00000168610|chr17:42388355-42388422
Note: Downsampling was applied for target(s): ENSG00000138378|chr2:191150702-191151087
Note: Downsampling was applied for target(s): ENSG00000126561|chr17:42288767-42289036
Note: Downsampling was applied for target(s): ENSG00000173757|chr17:42275927-42276389
Note: Downsampling was applied for target(s): ENSG00000166888|chr12:57111112-57111387
Note: Downsampling was applied for target(s): ENSG00000173320|chr4:183905333-183905809
Note: Downsampling was applied for target(s): ENSG00000173320|chr4:183906652-183906769
Note: Downsampling was applied for target(s): ENSG00000169689|chr17:82022460-82022875
Note: Downsampling was applied for target(s): ENSG00000023734|chr12:15882411-15882581
Note: Downsampling was applied for target(s): ENSG00000113387|chr5:32531822-32532272
Note: Downsampling was applied for target(s): ENSG00000113387|chr5:32585577-32585974
Note: Downsampling was applied for target(s): ENSG00000105398|chr19:47885921-47886316
Note: Downsampling was applied for target(s): ENSG00000213246|chr17:58352096-58352390
Note: Downsampling was applied for target(s): ENSG00000196235|chr19:39445597-39445785
Note: Downsampling was applied for target(s): ENSG00000178691|chr17:31937137-31937387
Note: Downsampling was applied for target(s): ENSG00000276234|chr17:37406880-37407303
Note: Downsampling was applied for target(s): ENSG00000173011|chr4:7043374-7043923
Note: Downsampling was applied for target(s): ENSG00000171148|chr3:9792391-9792754
Note: Downsampling was applied for target(s): ENSG00000147133|chrX:71366391-71366859
Note: Downsampling was applied for target(s): ENSG00000166337|chr11:6611705-6612203
Note: Downsampling was applied for target(s): ENSG00000064995|chr6:34887946-34888054
Note: Downsampling was applied for target(s): ENSG00000120656|chr1:28642648-28643099
Note: Downsampling was applied for target(s): ENSG00000197780|chr1:109075864-109076032
Note: Downsampling was applied for target(s): ENSG00000115750|chr2:9843488-9843558
Note: Downsampling was applied for target(s): ENSG00000130699|chr20:62065422-62065897
Note: Downsampling was applied for target(s): ENSG00000141384|chr18:26226441-26226699
Note: Downsampling was applied for target(s): ENSG00000148835|chr10:103367999-103368480
Note: Downsampling was applied for target(s): ENSG00000135801|chr1:229625966-229626136
Note: Downsampling was applied for target(s): ENSG00000106290|chr7:100119096-100119377
Note: Downsampling was applied for target(s): ENSG00000178913|chr5:141320328-141320777
Note: Downsampling was applied for target(s): ENSG00000273841|chr5:69369304-69369842
Note: Downsampling was applied for target(s): ENSG00000162367|chr1:47229238-47229777
Note: Downsampling was applied for target(s): ENSG00000162367|chr1:47231143-47231916
Note: Downsampling was applied for target(s): ENSG00000186051|chr9:105662484-105662839
Note: Downsampling was applied for target(s): ENSG00000120948|chr1:11012652-11013114
Note: Downsampling was applied for target(s): ENSG00000102125|chrX:154411586-154412089
Note: Downsampling was applied for target(s): ENSG00000112592|chr6:170554354-170554621
Note: Downsampling was applied for target(s): ENSG00000028839|chr6:133953223-133953707
Note: Downsampling was applied for target(s): ENSG00000182521|chr14:55440393-55440617
Note: Downsampling was applied for target(s): ENSG00000136535|chr2:161416367-161416860
Note: Downsampling was applied for target(s): ENSG00000184058|chr22:19760715-19761284
Note: Downsampling was applied for target(s): ENSG00000167800|chr11:67639556-67639767
Note: Downsampling was applied for target(s): ENSG00000092607|chr1:118987627-118987997
Note: Downsampling was applied for target(s): ENSG00000112837|chr6:84763067-84763464
Note: Downsampling was applied for target(s): ENSG00000112837|chr6:84764350-84764598
Note: Downsampling was applied for target(s): ENSG00000143178|chr1:168280888-168281240
Note: Downsampling was applied for target(s): ENSG00000121068|chr17:61399846-61400301
Note: Downsampling was applied for target(s): ENSG00000164532|chr7:35253814-35254121
Note: Downsampling was applied for target(s): ENSG00000073861|chr17:47733238-47733574
Note: Downsampling was applied for target(s): ENSG00000122145|chrX:80014726-80014984
Note: Downsampling was applied for target(s): ENSG00000135111|chr12:114684146-114684196
Note: Downsampling was applied for target(s): ENSG00000121075|chr17:61452392-61452488
Note: Downsampling was applied for target(s): ENSG00000121075|chr17:61456284-61456679
Note: Downsampling was applied for target(s): ENSG00000089225|chr12:114405669-114406173
Note: Downsampling was applied for target(s): ENSG00000089225|chr12:114407720-114407979
Note: Downsampling was applied for target(s): ENSG00000149922|chr16:30091852-30091929
Note: Downsampling was applied for target(s): ENSG00000164458|chr6:166167825-166168669
Note: Downsampling was applied for target(s): ENSG00000154582|chr8:73971680-73972187
Note: Downsampling was applied for target(s): ENSG00000103363|chr16:2777223-2777598
Note: Downsampling was applied for target(s): ENSG00000011007|chr1:23743462-23743869
Note: Downsampling was applied for target(s): ENSG00000113649|chr5:146447332-146447537
Note: Downsampling was applied for target(s): ENSG00000140262|chr15:56918689-56918988
Note: Downsampling was applied for target(s): ENSG00000140262|chr15:57219458-57219674
Note: Downsampling was applied for target(s): ENSG00000125878|chr20:610019-610285
Note: Downsampling was applied for target(s): ENSG00000137310|chr6:31158537-31158831
Note: Downsampling was applied for target(s): ENSG00000137310|chr6:31159549-31159754
Note: Downsampling was applied for target(s): ENSG00000100207|chr22:42214373-42214819
Note: Downsampling was applied for target(s): ENSG00000118526|chr6:133889105-133889211
Note: Downsampling was applied for target(s): ENSG00000163792|chr2:27148989-27149443
Note: Downsampling was applied for target(s): ENSG00000261787|chr8:66962512-66962576
Note: Downsampling was applied for target(s): ENSG00000141002|chr16:89873615-89873688
Note: Downsampling was applied for target(s): ENSG00000071564|chr19:1652545-1652606
Note: Downsampling was applied for target(s): ENSG00000196628|chr18:55588030-55588246
Note: Downsampling was applied for target(s): ENSG00000081059|chr5:134114699-134115518
Note: Downsampling was applied for target(s): ENSG00000152284|chr2:85133442-85133874
Note: Downsampling was applied for target(s): ENSG00000148737|chr10:112950246-112950315
Note: Downsampling was applied for target(s): ENSG00000101190|chr20:62861520-62861835
Note: Downsampling was applied for target(s): ENSG00000187079|chr11:12674415-12674805
Note: Downsampling was applied for target(s): ENSG00000074219|chr19:49361570-49362385
Note: Downsampling was applied for target(s): ENSG00000007866|chr6:35496860-35497038
Note: Downsampling was applied for target(s): ENSG00000197905|chr12:2959413-2960045
Note: Downsampling was applied for target(s): ENSG00000167074|chr22:41367463-41367743
Note: Downsampling was applied for target(s): ENSG00000167074|chr22:41381930-41382010
Note: Downsampling was applied for target(s): ENSG00000147601|chr8:73008839-73008940
Note: Downsampling was applied for target(s): ENSG00000132604|chr16:69385778-69385971
Note: Downsampling was applied for target(s): ENSG00000138336|chr10:68560326-68560887
Note: Downsampling was applied for target(s): ENSG00000168769|chr4:105146928-105147270
Note: Downsampling was applied for target(s): ENSG00000187605|chr2:74046443-74046902
Note: Downsampling was applied for target(s): ENSG00000108064|chr10:58385428-58385932
Note: Downsampling was applied for target(s): ENSG00000137203|chr6:10411951-10412352
Note: Downsampling was applied for target(s): ENSG00000137203|chr6:10414597-10415089
Note: Downsampling was applied for target(s): ENSG00000008196|chr6:50818872-50819005
Note: Downsampling was applied for target(s): ENSG00000087510|chr20:56629301-56629748
Note: Downsampling was applied for target(s): ENSG00000008197|chr6:50713810-50714206
Note: Downsampling was applied for target(s): ENSG00000116819|chr1:35573297-35573621
Note: Downsampling was applied for target(s): ENSG00000090447|chr16:4272475-4272873
Note: Downsampling was applied for target(s): ENSG00000135457|chr12:51172863-51173131
Note: Downsampling was applied for target(s): ENSG00000115112|chr2:121284700-121285179
Note: Downsampling was applied for target(s): ENSG00000198176|chr13:113584680-113585132
Note: Downsampling was applied for target(s): ENSG00000114126|chr3:142028416-142028645
Note: Downsampling was applied for target(s): ENSG00000114126|chr3:142149260-142149484
Note: Downsampling was applied for target(s): ENSG00000183434|chrX:133218167-133218365
Note: Downsampling was applied for target(s): ENSG00000112561|chr6:41733540-41733839
Note: Downsampling was applied for target(s): ENSG00000112561|chr6:41735253-41735607
Note: Downsampling was applied for target(s): ENSG00000105967|chr7:116030682-116030770
Note: Downsampling was applied for target(s): ENSG00000140682|chr16:31472156-31472548
Note: Downsampling was applied for target(s): ENSG00000177426|chr18:3449733-3450621
Note: Downsampling was applied for target(s): ENSG00000118707|chr20:36573621-36575052
Note: Downsampling was applied for target(s): ENSG00000153779|chrX:89921981-89922114
Note: Downsampling was applied for target(s): ENSG00000176679|chrY:3579140-3579273
Note: Downsampling was applied for target(s): ENSG00000131931|chr8:42842856-42843349
Note: Downsampling was applied for target(s): ENSG00000129028|chr15:70892321-70892449
Note: Downsampling was applied for target(s): ENSG00000168286|chr16:67842300-67843060
Note: Downsampling was applied for target(s): ENSG00000173451|chr12:71663070-71663470
Note: Downsampling was applied for target(s): ENSG00000173451|chr12:71664371-71664596
Note: Downsampling was applied for target(s): ENSG00000041988|chr1:6624884-6625606
Note: Downsampling was applied for target(s): ENSG00000176946|chr2:241636760-241637160
Note: Downsampling was applied for target(s): ENSG00000177683|chr7:108569393-108569717
Note: Downsampling was applied for target(s): ENSG00000174796|chr4:75514441-75514710
Note: Downsampling was applied for target(s): ENSG00000184436|chr22:21001546-21002125
Note: Downsampling was applied for target(s): ENSG00000161277|chr19:36054165-36054394
Note: Downsampling was applied for target(s): ENSG00000168152|chr4:82900711-82901103
Note: Downsampling was applied for target(s): ENSG00000126351|chr17:40062971-40063256
Note: Downsampling was applied for target(s): ENSG00000151090|chr3:24494427-24494859
Note: Downsampling was applied for target(s): ENSG00000151500|chr11:134252963-134253381
Note: Downsampling was applied for target(s): ENSG00000221944|chr2:232550455-232550586
Note: Downsampling was applied for target(s): ENSG00000180346|chr4:89113555-89113976
Note: Downsampling was applied for target(s): ENSG00000173825|chr11:65354826-65355233
Note: Downsampling was applied for target(s): ENSG00000169989|chr4:152779372-152779726
Note: Downsampling was applied for target(s): ENSG00000179886|chr8:143597834-143598345
Note: Downsampling was applied for target(s): ENSG00000164296|chr5:150000467-150000604
Note: Downsampling was applied for target(s): ENSG00000140993|chr16:3305345-3305684
Note: Downsampling was applied for target(s): ENSG00000107807|chr10:101131117-101131714
Note: Downsampling was applied for target(s): ENSG00000115297|chr2:74514467-74514749
Note: Downsampling was applied for target(s): ENSG00000164438|chr5:171309238-171309496
Note: Downsampling was applied for target(s): ENSG00000144747|chr3:69052092-69052269
Note: Downsampling was applied for target(s): ENSG00000168477|chr6:32109273-32109354
Note: Downsampling was applied for target(s): ENSG00000197579|chr9:32552356-32552634
Note: Downsampling was applied for target(s): ENSG00000198846|chr8:59118601-59119128
Note: Downsampling was applied for target(s): ENSG00000124191|chr20:43914841-43914924
Note: Downsampling was applied for target(s): ENSG00000103460|chr16:52546796-52547146
Note: Downsampling was applied for target(s): ENSG00000092203|chr14:21476886-21477612
Note: Downsampling was applied for target(s): ENSG00000141510|chr17:7687058-7687484
Note: Downsampling was applied for target(s): ENSG00000067369|chr15:43492900-43493177
Note: Downsampling was applied for target(s): ENSG00000067369|chr15:43510228-43510482
Note: Downsampling was applied for target(s): ENSG00000143514|chr1:223845711-223845967
Note: Downsampling was applied for target(s): ENSG00000073282|chr3:189789703-189789844
Note: Downsampling was applied for target(s): ENSG00000078900|chr1:3652548-3653006
Note: Downsampling was applied for target(s): ENSG00000111669|chr12:6867491-6867995
Note: Downsampling was applied for target(s): ENSG00000178928|chr19:47818602-47818721
Note: Downsampling was applied for target(s): ENSG00000135148|chr12:112125539-112125914
Note: Downsampling was applied for target(s): ENSG00000124496|chr6:42451110-42451808
Note: Downsampling was applied for target(s): ENSG00000132274|chr11:5689791-5690012
Note: Downsampling was applied for target(s): ENSG00000121060|chr17:56913644-56914016
Note: Downsampling was applied for target(s): ENSG00000204713|chr6:28923729-28923952
Note: Downsampling was applied for target(s): ENSG00000130726|chr19:58544027-58544758
Note: Downsampling was applied for target(s): ENSG00000137699|chr11:120122614-120123082
Note: Downsampling was applied for target(s): ENSG00000137699|chr11:120137900-120138146
Note: Downsampling was applied for target(s): ENSG00000104447|chr8:115668571-115668977
Note: Downsampling was applied for target(s): ENSG00000102804|chr13:44436786-44436859
Note: Downsampling was applied for target(s): ENSG00000196428|chr3:150408282-150408678
Note: Downsampling was applied for target(s): ENSG00000157514|chrX:107716580-107717039
Note: Downsampling was applied for target(s): ENSG00000166925|chr7:100479017-100479259
Note: Downsampling was applied for target(s): ENSG00000179981|chr18:75210878-75211253
Note: Downsampling was applied for target(s): ENSG00000182463|chr20:52972312-52972703
Note: Downsampling was applied for target(s): ENSG00000121297|chr19:31349211-31349434
Note: Downsampling was applied for target(s): ENSG00000125482|chr9:132406633-132406842
Note: Downsampling was applied for target(s): ENSG00000166402|chr11:8038774-8038890
Note: Downsampling was applied for target(s): ENSG00000112041|chr6:35512253-35512852
Note: Downsampling was applied for target(s): ENSG00000104804|chr19:48898554-48898711
Note: Downsampling was applied for target(s): ENSG00000078246|chr12:2877252-2877713
Note: Downsampling was applied for target(s): ENSG00000078246|chr12:2890882-2891110
Note: Downsampling was applied for target(s): ENSG00000130338|chr6:158312280-158312703
Note: Downsampling was applied for target(s): ENSG00000122691|chr7:19117247-19117637
Note: Downsampling was applied for target(s): ENSG00000233608|chr2:238848065-238848373
Note: Downsampling was applied for target(s): ENSG00000118900|chr16:4847461-4847749
Note: Downsampling was applied for target(s): ENSG00000153560|chr3:33439938-33440401
Note: Downsampling was applied for target(s): ENSG00000164853|chr7:1232867-1233128
Note: Downsampling was applied for target(s): ENSG00000059145|chr16:1414603-1414691
Note: Downsampling was applied for target(s): ENSG00000158773|chr1:161045659-161045945
Note: Downsampling was applied for target(s): ENSG00000105698|chr19:35268935-35269465
Note: Downsampling was applied for target(s): ENSG00000141968|chr19:6772667-6772935
Note: Downsampling was applied for target(s): ENSG00000148704|chr10:117137808-117138392
Note: Downsampling was applied for target(s): ENSG00000116035|chr2:70900586-70900737
Note: Downsampling was applied for target(s): ENSG00000111424|chr12:47904785-47905035
Note: Downsampling was applied for target(s): ENSG00000151650|chr10:133238114-133238378
Note: Downsampling was applied for target(s): ENSG00000136451|chr17:57987740-57988232
Note: Downsampling was applied for target(s): ENSG00000163159|chr1:151189714-151190216
Note: Downsampling was applied for target(s): ENSG00000100987|chr20:25077611-25078007
Note: Downsampling was applied for target(s): ENSG00000119614|chr14:74239442-74239506
Note: Downsampling was applied for target(s): ENSG00000198554|chr14:55026736-55027062
Note: Downsampling was applied for target(s): ENSG00000164091|chr3:52278139-52278639
Note: Downsampling was applied for target(s): ENSG00000109685|chr4:1871399-1871869
Note: Downsampling was applied for target(s): ENSG00000011451|chr19:15432185-15432722
Note: Downsampling was applied for target(s): ENSG00000060237|chr12:752553-753238
Note: Downsampling was applied for target(s): ENSG00000184937|chr11:32435042-32435505
Note: Downsampling was applied for target(s): ENSG00000100219|chr22:28800497-28800550
Note: Downsampling was applied for target(s): ENSG00000136936|chr9:97697265-97697326
Note: Downsampling was applied for target(s): ENSG00000079246|chr2:216109402-216109580
Note: Downsampling was applied for target(s): ENSG00000196419|chr22:41621332-41621758
Note: Downsampling was applied for target(s): ENSG00000015153|chr12:42237972-42238232
Note: Downsampling was applied for target(s): ENSG00000137693|chr11:102110462-102110923
Note: Downsampling was applied for target(s): ENSG00000065978|chr1:42682410-42683222
Note: Downsampling was applied for target(s): ENSG00000006047|chr17:7294385-7294621
Note: Downsampling was applied for target(s): ENSG00000060138|chr12:10722782-10723380
Note: Downsampling was applied for target(s): ENSG00000163872|chr3:183697802-183698247
Note: Downsampling was applied for target(s): ENSG00000108953|chr17:1399967-1400141
Note: Downsampling was applied for target(s): ENSG00000164924|chr8:100951536-100951962
Note: Downsampling was applied for target(s): ENSG00000100811|chr14:100238828-100239527
Note: Downsampling was applied for target(s): ENSG00000230797|chrX:21856256-21856677
Note: Downsampling was applied for target(s): ENSG00000214717|chrX:2500511-2500901
Note: Downsampling was applied for target(s): ENSG00000177494|chr3:111594890-111595314
Note: Downsampling was applied for target(s): ENSG00000132846|chr5:77086957-77087195
Note: Downsampling was applied for target(s): ENSG00000100426|chr22:49853834-49853962
Note: Downsampling was applied for target(s): ENSG00000236287|chr11:10857566-10858031
Note: Downsampling was applied for target(s): ENSG00000257315|chr1:203796090-203796511
Note: Downsampling was applied for target(s): ENSG00000126804|chr14:64504027-64505196
Note: Downsampling was applied for target(s): ENSG00000205189|chr8:80486173-80486292
Note: Downsampling was applied for target(s): ENSG00000066422|chr3:101676999-101677139
Note: Downsampling was applied for target(s): ENSG00000204366|chr6:31901544-31902077
Note: Downsampling was applied for target(s): ENSG00000198081|chr18:5295464-5296003
Note: Downsampling was applied for target(s): ENSG00000109906|chr11:114059720-114060208
Note: Downsampling was applied for target(s): ENSG00000116809|chr1:15976004-15976094
Note: Downsampling was applied for target(s): ENSG00000179456|chr1:244051272-244051397
Note: Downsampling was applied for target(s): ENSG00000181472|chr6:151391075-151391689
Note: Downsampling was applied for target(s): ENSG00000181722|chr3:114624540-114624995
Note: Downsampling was applied for target(s): ENSG00000181722|chr3:115146950-115147289
Note: Downsampling was applied for target(s): ENSG00000173276|chr21:42009912-42010371
Note: Downsampling was applied for target(s): ENSG00000236104|chr6:33317539-33317747
Note: Downsampling was applied for target(s): ENSG00000112365|chr6:109482896-109483243
Note: Downsampling was applied for target(s): ENSG00000089775|chr14:64503671-64503824
Note: Downsampling was applied for target(s): ENSG00000171448|chr9:122931221-122931493
Note: Downsampling was applied for target(s): ENSG00000185670|chr11:62753866-62754155
Note: Downsampling was applied for target(s): ENSG00000011590|chr19:35713418-35713601
Note: Downsampling was applied for target(s): ENSG00000177485|chrX:120250729-120251228
Note: Downsampling was applied for target(s): ENSG00000177125|chr9:126860430-126860845
Note: Downsampling was applied for target(s): ENSG00000185278|chr1:173868382-173868439
Note: Downsampling was applied for target(s): ENSG00000177311|chr3:141368488-141368922
Note: Downsampling was applied for target(s): ENSG00000177311|chr3:141402371-141402596
Note: Downsampling was applied for target(s): ENSG00000166860|chr12:57006094-57006515
Note: Downsampling was applied for target(s): ENSG00000174282|chr17:7479228-7479639
Note: Downsampling was applied for target(s): ENSG00000174282|chr17:7484149-7484280
Note: Downsampling was applied for target(s): ENSG00000184677|chr1:22451847-22452362
Note: Downsampling was applied for target(s): ENSG00000177888|chr1:197200732-197201006
Note: Downsampling was applied for target(s): ENSG00000179627|chr14:104800555-104801197
Note: Downsampling was applied for target(s): ENSG00000169155|chr9:126805040-126805144
Note: Downsampling was applied for target(s): ENSG00000196323|chr11:130314418-130314881
Note: Downsampling was applied for target(s): ENSG00000119574|chr19:58519573-58519799
Note: Downsampling was applied for target(s): ENSG00000130584|chr20:63830924-63831261
Note: Downsampling was applied for target(s): ENSG00000114853|chr3:42653687-42653912
Note: Downsampling was applied for target(s): ENSG00000204859|chr1:6580024-6580283
Note: Downsampling was applied for target(s): ENSG00000168826|chr4:4290250-4290555
Note: Downsampling was applied for target(s): ENSG00000168795|chr9:37464997-37465440
Note: Downsampling was applied for target(s): ENSG00000186130|chr9:122913079-122913320
Note: Downsampling was applied for target(s): ENSG00000178951|chr19:4065053-4065519
Note: Downsampling was applied for target(s): ENSG00000178951|chr19:4066583-4066883
Note: Downsampling was applied for target(s): ENSG00000160685|chr1:155002792-155003284
Note: Downsampling was applied for target(s): ENSG00000184828|chr18:48136623-48137137
Note: Downsampling was applied for target(s): ENSG00000184828|chr18:48409299-48409364
Note: Downsampling was applied for target(s): ENSG00000160062|chr1:32539184-32539919
Note: Downsampling was applied for target(s): ENSG00000273274|chr1:32465059-32465434
Note: Downsampling was applied for target(s): ENSG00000213588|chr6:33454584-33454670
Note: Downsampling was applied for target(s): ENSG00000058673|chr1:203795608-203796113
Note: Downsampling was applied for target(s): ENSG00000065548|chr2:186486254-186486693
Note: Downsampling was applied for target(s): ENSG00000014164|chr8:143541215-143541439
Note: Downsampling was applied for target(s): ENSG00000144161|chr2:112254687-112255063
Note: Downsampling was applied for target(s): ENSG00000134744|chr1:52552675-52553057
Note: Downsampling was applied for target(s): ENSG00000083223|chr9:86353974-86354360
Note: Downsampling was applied for target(s): ENSG00000148516|chr10:31319210-31319300
Note: Downsampling was applied for target(s): ENSG00000148516|chr10:31321407-31321669
Note: Downsampling was applied for target(s): ENSG00000169554|chr2:144517224-144517608
Note: Downsampling was applied for target(s): ENSG00000169554|chr2:144519796-144520154
Note: Downsampling was applied for target(s): ENSG00000066827|chr8:134696330-134696543
Note: Downsampling was applied for target(s): ENSG00000066827|chr8:134712914-134713055
Note: Downsampling was applied for target(s): ENSG00000136367|chr14:23551486-23551759
Note: Downsampling was applied for target(s): ENSG00000136367|chr14:23555709-23555907
Note: Downsampling was applied for target(s): ENSG00000140836|chr16:73058801-73059007
Note: Downsampling was applied for target(s): ENSG00000091656|chr8:76681366-76681780
Note: Downsampling was applied for target(s): ENSG00000184517|chr16:75148500-75148770
Note: Downsampling was applied for target(s): ENSG00000142065|chr19:36378986-36379183
Note: Downsampling was applied for target(s): ENSG00000198939|chr5:178895913-178896082
Note: Downsampling was applied for target(s): ENSG00000196867|chr19:56538962-56539210
Note: Downsampling was applied for target(s): ENSG00000180787|chr17:5078470-5078566
Note: Downsampling was applied for target(s): ENSG00000120784|chr19:37655388-37655467
Note: Downsampling was applied for target(s): ENSG00000185650|chr14:68792657-68793069
Note: Downsampling was applied for target(s): ENSG00000185650|chr14:68796030-68796110
Note: Downsampling was applied for target(s): ENSG00000152518|chr2:43226323-43227005
Note: Downsampling was applied for target(s): ENSG00000136866|chr9:113056635-113056762
Note: Downsampling was applied for target(s): ENSG00000181638|chr8:143246938-143247022
Note: Downsampling was applied for target(s): ENSG00000179059|chr4:187995781-187996027
Note: Downsampling was applied for target(s): ENSG00000179059|chr4:188002752-188003005
Note: Downsampling was applied for target(s): ENSG00000204644|chr6:29680861-29681128
Note: Downsampling was applied for target(s): ENSG00000196670|chr5:180861140-180861309
Note: Downsampling was applied for target(s): ENSG00000020256|chr20:52191376-52191771
Note: Downsampling was applied for target(s): ENSG00000187815|chr1:40477246-40477540
Note: Downsampling was applied for target(s): ENSG00000187801|chr1:40450108-40450293
Note: Downsampling was applied for target(s): ENSG00000181007|chr19:36418551-36418648
Note: Downsampling was applied for target(s): ENSG00000184939|chr16:68530115-68530322
Note: Downsampling was applied for target(s): ENSG00000184939|chr16:68539307-68539380
Note: Downsampling was applied for target(s): ENSG00000186660|chr11:58579075-58579515
Note: Downsampling was applied for target(s): ENSG00000189420|chrX:153418302-153418522
Note: Downsampling was applied for target(s): ENSG00000179588|chr16:88453285-88453532
Note: Downsampling was applied for target(s): ENSG00000169946|chr8:105318480-105318968
Note: Downsampling was applied for target(s): ENSG00000005889|chrX:24149531-24150170
Note: Downsampling was applied for target(s): ENSG00000067646|chrY:2935418-2935639
Note: Downsampling was applied for target(s): ENSG00000131381|chr3:15098890-15099144
Note: Downsampling was applied for target(s): ENSG00000072121|chr14:67816380-67816594
Note: Downsampling was applied for target(s): ENSG00000220201|chr19:10305381-10305644
Note: Downsampling was applied for target(s): ENSG00000197114|chr20:63707525-63708095
Note: Downsampling was applied for target(s): ENSG00000165156|chr8:123274172-123274599
Note: Downsampling was applied for target(s): ENSG00000178764|chr8:122781741-122781838
Note: Downsampling was applied for target(s): ENSG00000174306|chr20:41317403-41317725
Note: Downsampling was applied for target(s): ENSG00000152977|chr3:147409398-147409655
Note: Downsampling was applied for target(s): ENSG00000043355|chr13:99981848-99982255
Note: Downsampling was applied for target(s): ENSG00000156925|chrX:137566129-137566572
Note: Downsampling was applied for target(s): ENSG00000174963|chr3:147392038-147392318
Note: Downsampling was applied for target(s): ENSG00000174963|chr3:147406276-147406513
Note: Downsampling was applied for target(s): ENSG00000139800|chr13:99970915-99971152
Note: Downsampling was applied for target(s): ENSG00000171649|chr19:57584191-57584421
Note: Downsampling was applied for target(s): ENSG00000269699|chr19:56840668-56840770
Note: Downsampling was applied for target(s): ENSG00000141946|chr19:57145001-57145203
Note: Downsampling was applied for target(s): ENSG00000106261|chr7:100015610-100015983
Note: Downsampling was applied for target(s): ENSG00000155592|chr16:25257523-25257835
Note: Downsampling was applied for target(s): ENSG00000189298|chr6:28349983-28350189
Note: Downsampling was applied for target(s): ENSG00000187626|chr6:28252029-28252255
Note: Downsampling was applied for target(s): ENSG00000196652|chr7:99504930-99505393
Note: Downsampling was applied for target(s): ENSG00000196345|chr3:44555188-44555272
Note: Downsampling was applied for target(s): ENSG00000198315|chr6:28141881-28142063
Note: Downsampling was applied for target(s): ENSG00000166432|chrX:101931596-101932023
Note: Downsampling was applied for target(s): ENSG00000146007|chr5:140700458-140700950
Note: Downsampling was applied for target(s): ENSG00000146007|chr5:140703931-140704177
Note: Downsampling was applied for target(s): ENSG00000172667|chr3:179071730-179071820
Note: Downsampling was applied for target(s): ENSG00000165061|chr8:40897731-40897823
Note: Downsampling was applied for target(s): ENSG00000256223|chr12:133130612-133130723
Note: Downsampling was applied for target(s): ENSG00000197020|chr19:21767275-21767556
Note: Downsampling was applied for target(s): ENSG00000181896|chr19:19668823-19669115
Note: Downsampling was applied for target(s): ENSG00000196247|chr7:64666340-64666635
Note: Downsampling was applied for target(s): ENSG00000062370|chr19:44356328-44356682
Note: Downsampling was applied for target(s): ENSG00000178150|chr19:48271358-48271621
Note: Downsampling was applied for target(s): ENSG00000152926|chr7:65006294-65006670
Note: Downsampling was applied for target(s): ENSG00000164631|chr7:6706658-6706921
Note: Downsampling was applied for target(s): ENSG00000197961|chr19:9584127-9584487
Note: Downsampling was applied for target(s): ENSG00000196418|chr1:247157695-247157953
Note: Downsampling was applied for target(s): ENSG00000172262|chr5:43120927-43121760
Note: Downsampling was applied for target(s): ENSG00000131849|chr19:58439915-58440155
Note: Downsampling was applied for target(s): ENSG00000125846|chr20:18288534-18288808
Note: Downsampling was applied for target(s): ENSG00000213762|chr19:57614231-57614317
Note: Downsampling was applied for target(s): ENSG00000176293|chr19:58059252-58059657
Note: Downsampling was applied for target(s): ENSG00000196646|chr19:12163080-12163363
Note: Downsampling was applied for target(s): ENSG00000197008|chr7:64794393-64794681
Note: Downsampling was applied for target(s): ENSG00000105708|chr19:19732727-19733103
Note: Downsampling was applied for target(s): ENSG00000196387|chr12:133080917-133080987
Note: Downsampling was applied for target(s): ENSG00000131127|chr4:337824-337906
Note: Downsampling was applied for target(s): ENSG00000115568|chr2:218659385-218659623
Note: Downsampling was applied for target(s): ENSG00000166478|chr11:9461024-9461502
Note: Downsampling was applied for target(s): ENSG00000167635|chr19:36215153-36215198
Note: Downsampling was applied for target(s): ENSG00000163848|chr3:125374811-125375256
Note: Downsampling was applied for target(s): ENSG00000179909|chr19:57708940-57709187
Note: Downsampling was applied for target(s): ENSG00000204920|chr19:43984208-43984433
Note: Downsampling was applied for target(s): ENSG00000147117|chrX:47370582-47370711
Note: Downsampling was applied for target(s): ENSG00000170631|chr8:144950554-144950820
Note: Downsampling was applied for target(s): ENSG00000170949|chr19:53103171-53103421
Note: Downsampling was applied for target(s): ENSG00000197279|chr6:28080596-28080979
Note: Downsampling was applied for target(s): ENSG00000175787|chr9:94259319-94259530
Note: Downsampling was applied for target(s): ENSG00000186272|chr19:57411155-57411341
Note: Downsampling was applied for target(s): ENSG00000103343|chr16:3401220-3401665
Note: Downsampling was applied for target(s): ENSG00000105497|chr19:51571288-51571484
Note: Downsampling was applied for target(s): ENSG00000188629|chr19:9324271-9324519
Note: Downsampling was applied for target(s): ENSG00000188629|chr19:9363025-9363289
Note: Downsampling was applied for target(s): ENSG00000154957|chr17:11997206-11997439
Note: Downsampling was applied for target(s): ENSG00000167384|chr19:44500421-44500544
Note: Downsampling was applied for target(s): ENSG00000197841|chr19:34734243-34734324
Note: Downsampling was applied for target(s): ENSG00000147118|chrX:48003785-48004012
Note: Downsampling was applied for target(s): ENSG00000096654|chr6:27472838-27473106
Note: Downsampling was applied for target(s): ENSG00000136870|chr9:101398875-101399157
Note: Downsampling was applied for target(s): ENSG00000157429|chr16:71484322-71484597
Note: Downsampling was applied for target(s): ENSG00000005801|chr11:3378934-3379151
Note: Downsampling was applied for target(s): ENSG00000186448|chr3:44625038-44625248
Note: Downsampling was applied for target(s): ENSG00000275111|chr2:95165802-95166073
Note: Downsampling was applied for target(s): ENSG00000132010|chr19:12140149-12140383
Skipping target 'ENSG00000132010|chr19:12156627-12156719': Needs at least 2 gRNAs, found 1.
Note: Downsampling was applied for target(s): ENSG00000010539|chr16:3234926-3235157
Note: Downsampling was applied for target(s): ENSG00000166261|chr11:123741583-123741662
Note: Downsampling was applied for target(s): ENSG00000122386|chr16:3112604-3112762
Note: Downsampling was applied for target(s): ENSG00000010244|chr17:32350174-32350637
Note: Downsampling was applied for target(s): ENSG00000010244|chr17:32360678-32361025
Note: Downsampling was applied for target(s): ENSG00000121417|chr19:57633200-57633281
Note: Downsampling was applied for target(s): ENSG00000170260|chr7:149239653-149239735
Note: Downsampling was applied for target(s): ENSG00000085644|chr16:3135152-3135374
Note: Downsampling was applied for target(s): ENSG00000149050|chr11:7020261-7020367
Note: Downsampling was applied for target(s): ENSG00000149054|chr11:6926462-6926964
Note: Downsampling was applied for target(s): ENSG00000171940|chr20:53568547-53568910
Note: Downsampling was applied for target(s): ENSG00000171940|chr20:53593340-53593620
Note: Downsampling was applied for target(s): ENSG00000165804|chr14:21097948-21098619
Note: Downsampling was applied for target(s): ENSG00000165512|chr10:45000874-45000991
Note: Downsampling was applied for target(s): ENSG00000159905|chr19:43951236-43951495
Note: Downsampling was applied for target(s): ENSG00000159885|chr19:44025382-44025634
Note: Downsampling was applied for target(s): ENSG00000178386|chr19:44051988-44052133
Note: Downsampling was applied for target(s): ENSG00000267680|chr19:44094341-44094608
Note: Downsampling was applied for target(s): ENSG00000256294|chr19:44113382-44113619
Note: Downsampling was applied for target(s): ENSG00000167380|chr19:44141571-44141667
Note: Downsampling was applied for target(s): ENSG00000167380|chr19:44165077-44165180
Note: Downsampling was applied for target(s): ENSG00000131115|chr19:44212565-44212765
Note: Downsampling was applied for target(s): ENSG00000278318|chr19:44448380-44448475
Note: Downsampling was applied for target(s): ENSG00000167377|chr16:71462117-71462233
Note: Downsampling was applied for target(s): ENSG00000167377|chr16:71489230-71489327
Note: Downsampling was applied for target(s): ENSG00000159882|chr19:44002999-44003289
Note: Downsampling was applied for target(s): ENSG00000167840|chr17:5111792-5111866
Note: Downsampling was applied for target(s): ENSG00000167840|chr17:5123012-5123108
Note: Downsampling was applied for target(s): ENSG00000159915|chr19:44259915-44259999
Note: Downsampling was applied for target(s): ENSG00000159917|chr19:44304740-44305014
Note: Downsampling was applied for target(s): ENSG00000130856|chr18:76822605-76823037
Note: Downsampling was applied for target(s): ENSG00000196793|chr10:43574307-43574563
Note: Downsampling was applied for target(s): ENSG00000172466|chr18:35344123-35344443
Note: Downsampling was applied for target(s): ENSG00000198105|chr10:37857362-37858133
Note: Downsampling was applied for target(s): ENSG00000175395|chr10:37976389-37976619
Note: Downsampling was applied for target(s): ENSG00000196150|chr8:144901175-144902108
Note: Downsampling was applied for target(s): ENSG00000198169|chr8:144755402-144755503
Note: Downsampling was applied for target(s): ENSG00000256771|chr19:19865898-19866125
Note: Downsampling was applied for target(s): ENSG00000213096|chr19:24087147-24087457
Note: Downsampling was applied for target(s): ENSG00000152454|chr19:57947259-57947703
Note: Downsampling was applied for target(s): ENSG00000197134|chr19:22052494-22052793
Note: Downsampling was applied for target(s): ENSG00000198393|chr12:132986403-132986470
Note: Downsampling was applied for target(s): ENSG00000254004|chr19:36528039-36528685
Note: Downsampling was applied for target(s): ENSG00000006194|chr16:3263823-3264213
Note: Downsampling was applied for target(s): ENSG00000006194|chr16:3283506-3283924
Note: Downsampling was applied for target(s): ENSG00000083844|chr19:57191534-57191713
Note: Downsampling was applied for target(s): ENSG00000174652|chr19:9435317-9435534
Note: Downsampling was applied for target(s): ENSG00000185947|chr16:31873799-31873914
Note: Downsampling was applied for target(s): ENSG00000185947|chr16:31884557-31884981
Note: Downsampling was applied for target(s): ENSG00000090612|chr12:133181484-133181582
Note: Downsampling was applied for target(s): ENSG00000198039|chr7:64882559-64882971
Note: Downsampling was applied for target(s): ENSG00000198039|chr7:64903278-64903730
Note: Downsampling was applied for target(s): ENSG00000171606|chr19:58183110-58183429
Note: Downsampling was applied for target(s): ENSG00000063587|chrX:153334160-153334413
Note: Downsampling was applied for target(s): ENSG00000158805|chr16:89721558-89721760
Note: Downsampling was applied for target(s): ENSG00000198839|chr7:112206713-112206896
Note: Downsampling was applied for target(s): ENSG00000198538|chr19:52821234-52821613
Note: Downsampling was applied for target(s): ENSG00000275004|chr22:22508407-22508725
Note: Downsampling was applied for target(s): ENSG00000056277|chrX:130268724-130268895
Note: Downsampling was applied for target(s): ENSG00000137871|chr15:56733236-56733478
Note: Downsampling was applied for target(s): ENSG00000162702|chr1:200409523-200410048
Note: Downsampling was applied for target(s): ENSG00000170265|chr7:149195553-149195953
Note: Downsampling was applied for target(s): ENSG00000167637|chr19:43827376-43827637
Note: Downsampling was applied for target(s): ENSG00000186026|chr19:44072127-44072357
Note: Downsampling was applied for target(s): ENSG00000267508|chr19:44401379-44401597
Note: Downsampling was applied for target(s): ENSG00000187607|chr17:15699589-15699694
Note: Downsampling was applied for target(s): ENSG00000290687|chr17:18681916-18682305
Note: Downsampling was applied for target(s): ENSG00000141040|chr17:16569036-16569213
Note: Downsampling was applied for target(s): ENSG00000188994|chr6:87155556-87155839
Note: Downsampling was applied for target(s): ENSG00000170684|chr19:45076421-45076536
Note: Downsampling was applied for target(s): ENSG00000166526|chr7:100081668-100081759
Note: Downsampling was applied for target(s): ENSG00000168661|chr19:34926908-34927189
Note: Downsampling was applied for target(s): ENSG00000145908|chr5:150904662-150904987
Note: Downsampling was applied for target(s): ENSG00000089335|chr19:34677704-34677864
Note: Downsampling was applied for target(s): ENSG00000131845|chr19:57351288-57351548
Note: Downsampling was applied for target(s): ENSG00000197935|chr6:29005332-29005593
Note: Downsampling was applied for target(s): ENSG00000130803|chr19:9140427-9140577
Note: Downsampling was applied for target(s): ENSG00000171467|chr6:43369183-43369425
Note: Downsampling was applied for target(s): ENSG00000166188|chr16:57998407-57998471
Note: Downsampling was applied for target(s): ENSG00000166188|chr16:57999336-57999680
Note: Downsampling was applied for target(s): ENSG00000169740|chr10:43648759-43648907
Note: Downsampling was applied for target(s): ENSG00000182986|chr19:52897306-52897706
Note: Downsampling was applied for target(s): ENSG00000181315|chr6:26659331-26659764
Note: Downsampling was applied for target(s): ENSG00000083812|chr19:58467033-58467572
Note: Downsampling was applied for target(s): ENSG00000249471|chr19:58451623-58452050
Note: Downsampling was applied for target(s): ENSG00000162664|chr1:89995135-89995651
Note: Downsampling was applied for target(s): ENSG00000181894|chr19:58150697-58150764
Note: Downsampling was applied for target(s): ENSG00000181894|chr19:58155013-58155112
Note: Downsampling was applied for target(s): ENSG00000109445|chr4:141220952-141221198
Note: Downsampling was applied for target(s): ENSG00000130844|chr19:53538393-53538513
Note: Downsampling was applied for target(s): ENSG00000130844|chr19:53554801-53554910
Note: Downsampling was applied for target(s): ENSG00000160961|chr19:14690103-14690341
Note: Downsampling was applied for target(s): ENSG00000198185|chr20:46513299-46513529
Note: Downsampling was applied for target(s): ENSG00000198026|chr20:45971950-45972198
Note: Downsampling was applied for target(s): ENSG00000130684|chr20:25696742-25696816
Note: Downsampling was applied for target(s): ENSG00000189180|chr10:38010655-38010954
Note: Downsampling was applied for target(s): ENSG00000196693|chr10:42638274-42638532
Note: Downsampling was applied for target(s): ENSG00000196378|chr8:144786891-144787326
Note: Downsampling was applied for target(s): ENSG00000131061|chr20:33731978-33732065
Note: Downsampling was applied for target(s): ENSG00000131061|chr20:33745173-33745430
Note: Downsampling was applied for target(s): ENSG00000088876|chr20:2508666-2508928
Note: Downsampling was applied for target(s): ENSG00000251247|chr19:36850897-36851117
Note: Downsampling was applied for target(s): ENSG00000113761|chr5:177022688-177022784
Note: Downsampling was applied for target(s): ENSG00000197937|chr19:53158931-53159050
Note: Downsampling was applied for target(s): ENSG00000169981|chr3:44648704-44649095
Note: Downsampling was applied for target(s): ENSG00000256683|chr19:51986552-51986848
Note: Downsampling was applied for target(s): ENSG00000169131|chr5:178730364-178730667
Note: Downsampling was applied for target(s): ENSG00000178338|chr5:178859971-178860059
Note: Downsampling was applied for target(s): ENSG00000177932|chr5:179060365-179060907
Note: Downsampling was applied for target(s): ENSG00000198816|chr19:7516069-7516508
Note: Downsampling was applied for target(s): ENSG00000198816|chr19:7519936-7520131
Note: Downsampling was applied for target(s): ENSG00000160094|chr1:33256472-33256878
Note: Downsampling was applied for target(s): ENSG00000138311|chr10:62374398-62374656
Note: Downsampling was applied for target(s): ENSG00000178175|chr5:72506901-72507674
Note: Downsampling was applied for target(s): ENSG00000165244|chr9:96417943-96418397
Note: Downsampling was applied for target(s): ENSG00000075407|chr10:38094372-38094443
Note: Downsampling was applied for target(s): ENSG00000161298|chr19:36604949-36605695
Note: Downsampling was applied for target(s): ENSG00000188283|chr19:37218157-37218461
Note: Downsampling was applied for target(s): ENSG00000126746|chr12:6689064-6689469
Note: Downsampling was applied for target(s): ENSG00000161642|chr12:54384435-54384696
Note: Downsampling was applied for target(s): ENSG00000161642|chr12:54391127-54391313
Note: Downsampling was applied for target(s): ENSG00000144331|chr2:179861183-179861559
Note: Downsampling was applied for target(s): ENSG00000187595|chr17:42062943-42063072
Note: Downsampling was applied for target(s): ENSG00000151789|chr3:21751092-21751194
Note: Downsampling was applied for target(s): ENSG00000124613|chr6:27388991-27389183
Note: Downsampling was applied for target(s): ENSG00000160908|chr7:99499856-99500271
Note: Downsampling was applied for target(s): ENSG00000186918|chr8:28385780-28386215
Note: Downsampling was applied for target(s): ENSG00000186496|chr18:35377057-35377303
Note: Downsampling was applied for target(s): ENSG00000186812|chr18:35241100-35241256
Note: Downsampling was applied for target(s): ENSG00000197024|chr7:149147464-149147654
Note: Downsampling was applied for target(s): ENSG00000215421|chr18:74631035-74631516
Note: Downsampling was applied for target(s): ENSG00000175213|chr11:46701025-46701291
Note: Downsampling was applied for target(s): ENSG00000147124|chrX:47482683-47483208
Note: Downsampling was applied for target(s): ENSG00000119725|chr14:73886822-73886984
Note: Downsampling was applied for target(s): ENSG00000133250|chr19:8513907-8514173
Note: Downsampling was applied for target(s): ENSG00000170954|chr19:53132436-53132897
Note: Downsampling was applied for target(s): ENSG00000083817|chr19:57578811-57578897
Note: Downsampling was applied for target(s): ENSG00000173480|chr19:57916103-57916587
Note: Downsampling was applied for target(s): ENSG00000196724|chr19:57935104-57935348
Note: Downsampling was applied for target(s): ENSG00000105136|chr19:57487784-57487945
Note: Downsampling was applied for target(s): ENSG00000197050|chr19:37078434-37078543
Note: Downsampling was applied for target(s): ENSG00000102935|chr16:49822528-49822747
Note: Downsampling was applied for target(s): ENSG00000102935|chr16:49826915-49826993
Note: Downsampling was applied for target(s): ENSG00000204947|chr7:149126112-149126304
Note: Downsampling was applied for target(s): ENSG00000130818|chr19:9538448-9538647
Note: Downsampling was applied for target(s): ENSG00000131116|chr19:43619333-43619634
Note: Downsampling was applied for target(s): ENSG00000197013|chr19:21505584-21506000
Note: Downsampling was applied for target(s): ENSG00000198521|chr19:21835749-21836001
Note: Downsampling was applied for target(s): ENSG00000198521|chr19:21851980-21852062
Note: Downsampling was applied for target(s): ENSG00000118620|chr19:21020649-21021123
Note: Downsampling was applied for target(s): ENSG00000196705|chr19:21142065-21142512
Note: Downsampling was applied for target(s): ENSG00000256087|chr19:52048539-52048834
Note: Downsampling was applied for target(s): ENSG00000197647|chr19:12035582-12035721
Note: Downsampling was applied for target(s): ENSG00000125945|chr1:23368188-23368316
Note: Downsampling was applied for target(s): ENSG00000125945|chr1:23369540-23369830
Note: Downsampling was applied for target(s): ENSG00000183621|chr10:30999302-30999462
Note: Downsampling was applied for target(s): ENSG00000183621|chr10:31031657-31031890
Note: Downsampling was applied for target(s): ENSG00000171291|chr19:11848723-11848994
Note: Downsampling was applied for target(s): ENSG00000197857|chr19:12294725-12294880
Note: Downsampling was applied for target(s): ENSG00000171295|chr19:11814281-11814377
Note: Downsampling was applied for target(s): ENSG00000197044|chr19:11767003-11767421
Note: Downsampling was applied for target(s): ENSG00000198342|chr19:12365551-12365666
Note: Downsampling was applied for target(s): ENSG00000180855|chr19:12440937-12441003
Note: Downsampling was applied for target(s): ENSG00000167685|chr19:56141306-56141713
Note: Downsampling was applied for target(s): ENSG00000185219|chr3:44477415-44477677
Note: Downsampling was applied for target(s): ENSG00000083838|chr19:58476185-58476390
Note: Downsampling was applied for target(s): ENSG00000173275|chrX:135344793-135344886
Note: Downsampling was applied for target(s): ENSG00000124459|chr19:43935015-43935290
Note: Downsampling was applied for target(s): ENSG00000112200|chr6:57090051-57090201
Note: Downsampling was applied for target(s): ENSG00000178187|chr5:178941224-178941469
Note: Downsampling was applied for target(s): ENSG00000197714|chr19:57280484-57280693
Note: Downsampling was applied for target(s): ENSG00000197808|chr19:36666780-36666847
Note: Downsampling was applied for target(s): ENSG00000148143|chr9:106863207-106863501
Note: Downsampling was applied for target(s): ENSG00000181444|chr7:149773197-149773587
Note: Downsampling was applied for target(s): ENSG00000204604|chr19:52857215-52857599
Note: Downsampling was applied for target(s): ENSG00000225614|chr16:88427472-88427591
Note: Downsampling was applied for target(s): ENSG00000197016|chr19:56567472-56567742
Note: Downsampling was applied for target(s): ENSG00000196263|chr19:56507866-56508086
Note: Downsampling was applied for target(s): ENSG00000142528|chr19:50025980-50026224
Note: Downsampling was applied for target(s): ENSG00000164185|chr5:122129551-122129970
Note: Downsampling was applied for target(s): ENSG00000185177|chr7:57132078-57132204
Note: Downsampling was applied for target(s): ENSG00000180035|chr16:30395465-30395994
Note: Downsampling was applied for target(s): ENSG00000198464|chr19:52297165-52297635
Note: Downsampling was applied for target(s): ENSG00000173258|chr9:111525195-111525607
Note: Downsampling was applied for target(s): ENSG00000127081|chr9:92877602-92878061
Note: Downsampling was applied for target(s): ENSG00000198298|chr10:43606463-43606550
Note: Downsampling was applied for target(s): ENSG00000256229|chr19:20167219-20167664
Note: Downsampling was applied for target(s): ENSG00000265763|chr10:47379809-47379996
Note: Downsampling was applied for target(s): ENSG00000265763|chr10:47384088-47384304
Note: Downsampling was applied for target(s): ENSG00000188033|chr19:12610582-12610795
Note: Downsampling was applied for target(s): ENSG00000177599|chr19:11798590-11798800
Note: Downsampling was applied for target(s): ENSG00000229676|chr19:22634333-22634755
Note: Downsampling was applied for target(s): ENSG00000196268|chr19:21397161-21397525
Note: Downsampling was applied for target(s): ENSG00000162714|chr1:247331476-247331860
Note: Downsampling was applied for target(s): ENSG00000174586|chr19:58362645-58362762
Note: Downsampling was applied for target(s): ENSG00000103199|chr16:4767090-4767168
Note: Downsampling was applied for target(s): ENSG00000186446|chr3:44729629-44729728
Note: Downsampling was applied for target(s): ENSG00000196653|chr3:44712639-44712726
Note: Downsampling was applied for target(s): ENSG00000165655|chr10:75401576-75401776
Note: Downsampling was applied for target(s): ENSG00000081665|chr19:19821320-19821799
Note: Downsampling was applied for target(s): ENSG00000168813|chr19:32345638-32345845
Note: Downsampling was applied for target(s): ENSG00000081386|chr9:96777850-96778088
Note: Downsampling was applied for target(s): ENSG00000198546|chr10:133308569-133309307
Note: Downsampling was applied for target(s): ENSG00000243943|chr2:27583020-27583141
Note: Downsampling was applied for target(s): ENSG00000196700|chr20:63969602-63969965
Note: Downsampling was applied for target(s): ENSG00000163795|chr2:27380581-27380757
Note: Downsampling was applied for target(s): ENSG00000144026|chr2:95159466-95159578
Note: Downsampling was applied for target(s): ENSG00000144026|chr2:95165541-95165662
Note: Downsampling was applied for target(s): ENSG00000101493|chr18:76494781-76495199
Note: Downsampling was applied for target(s): ENSG00000197363|chr8:144798904-144799294
Note: Downsampling was applied for target(s): ENSG00000177853|chr10:96129910-96130497
Note: Downsampling was applied for target(s): ENSG00000178163|chr4:10457085-10457415
Note: Downsampling was applied for target(s): ENSG00000175322|chr18:14132147-14132431
Note: Downsampling was applied for target(s): ENSG00000198795|chr18:25351845-25352141
Note: Downsampling was applied for target(s): ENSG00000171443|chr19:55600345-55600518
Note: Downsampling was applied for target(s): ENSG00000167625|chr19:42220266-42220385
Note: Downsampling was applied for target(s): ENSG00000189164|chr19:37371150-37371265
Note: Downsampling was applied for target(s): ENSG00000167555|chr19:52397845-52398303
Note: Downsampling was applied for target(s): ENSG00000186020|chr19:36573005-36573282
Note: Downsampling was applied for target(s): ENSG00000183647|chr19:57599888-57599977
Note: Downsampling was applied for target(s): ENSG00000074657|chr18:58863471-58863895
Note: Downsampling was applied for target(s): ENSG00000074657|chr18:58864861-58865069
Note: Downsampling was applied for target(s): ENSG00000198633|chr19:52429149-52429548
Note: Downsampling was applied for target(s): ENSG00000198597|chr19:30372355-30372825
Note: Downsampling was applied for target(s): ENSG00000171817|chr19:37551366-37551599
Note: Downsampling was applied for target(s): ENSG00000171817|chr19:37594867-37594968
Note: Downsampling was applied for target(s): ENSG00000118156|chr19:47540858-47540955
Note: Downsampling was applied for target(s): ENSG00000178229|chr19:57320483-57320614
Note: Downsampling was applied for target(s): ENSG00000198131|chr19:58228916-58229101
Note: Downsampling was applied for target(s): ENSG00000187187|chr19:39997060-39997163
Note: Downsampling was applied for target(s): ENSG00000152433|chr19:57363543-57363704
Note: Downsampling was applied for target(s): ENSG00000188785|chr19:57389857-57390163
Note: Downsampling was applied for target(s): ENSG00000121406|chr19:57527382-57527755
Note: Downsampling was applied for target(s): ENSG00000251369|chr19:57559735-57559886
Note: Downsampling was applied for target(s): ENSG00000204519|chr19:57681980-57682215
Note: Downsampling was applied for target(s): ENSG00000178935|chr19:57814838-57814916
Note: Downsampling was applied for target(s): ENSG00000172006|chr19:2819875-2820243
Note: Downsampling was applied for target(s): ENSG00000186300|chr19:2841473-2841542
Note: Downsampling was applied for target(s): ENSG00000172000|chr19:2867311-2867573
Note: Downsampling was applied for target(s): ENSG00000130544|chr19:7069669-7069861
Note: Downsampling was applied for target(s): ENSG00000167785|chr19:8832123-8832315
Note: Downsampling was applied for target(s): ENSG00000188321|chr19:9324199-9324432
Note: Downsampling was applied for target(s): ENSG00000270011|chr19:9324239-9324329
Note: Downsampling was applied for target(s): ENSG00000198028|chr19:9498329-9498565
Note: Downsampling was applied for target(s): ENSG00000171469|chr19:9621015-9621236
Note: Downsampling was applied for target(s): ENSG00000171466|chr19:9674624-9675085
Note: Downsampling was applied for target(s): ENSG00000188868|chr19:12333265-12333611
Note: Downsampling was applied for target(s): ENSG00000249709|chr19:12551173-12551462
Note: Downsampling was applied for target(s): ENSG00000196357|chr19:36214555-36214913
Note: Downsampling was applied for target(s): ENSG00000186017|chr19:36489319-36489560
Note: Downsampling was applied for target(s): ENSG00000189042|chr19:36687619-36687810
Note: Downsampling was applied for target(s): ENSG00000198453|chr19:36916351-36916589
Note: Downsampling was applied for target(s): ENSG00000196437|chr19:37466947-37467235
Note: Downsampling was applied for target(s): ENSG00000171970|chr19:2900952-2901025
Note: Downsampling was applied for target(s): ENSG00000171827|chr19:37467515-37467700
Note: Downsampling was applied for target(s): ENSG00000171827|chr19:37469357-37469633
Note: Downsampling was applied for target(s): ENSG00000180479|chr19:37594338-37594741
Note: Downsampling was applied for target(s): ENSG00000180938|chr8:124973307-124973501
Note: Downsampling was applied for target(s): ENSG00000189144|chr19:37779354-37779915
Note: Downsampling was applied for target(s): ENSG00000105732|chr19:42076166-42076229
Note: Downsampling was applied for target(s): ENSG00000105732|chr19:42079194-42079588
Note: Downsampling was applied for target(s): ENSG00000176472|chr19:43533413-43533800
Note: Downsampling was applied for target(s): ENSG00000124444|chr19:43596605-43596983
Note: Downsampling was applied for target(s): ENSG00000161551|chr19:51887666-51887940
Note: Downsampling was applied for target(s): ENSG00000258405|chr19:52453566-52453872
Note: Downsampling was applied for target(s): ENSG00000218891|chr19:55580641-55580850
Note: Downsampling was applied for target(s): ENSG00000213015|chr19:55635027-55635217
Note: Downsampling was applied for target(s): ENSG00000213015|chr19:55641046-55641275
Note: Downsampling was applied for target(s): ENSG00000171425|chr19:55643639-55643714
Note: Downsampling was applied for target(s): ENSG00000018869|chr19:56393453-56393536
Note: Downsampling was applied for target(s): ENSG00000198440|chr19:56404081-56404441
Note: Downsampling was applied for target(s): ENSG00000171574|chr19:58408681-58408946
Note: Downsampling was applied for target(s): ENSG00000196967|chr19:37172579-37172706
Note: Downsampling was applied for target(s): ENSG00000245680|chr19:37210319-37210569
Note: Downsampling was applied for target(s): ENSG00000083828|chr19:57769688-57769930
Note: Downsampling was applied for target(s): ENSG00000198466|chr19:57849864-57850330
Note: Downsampling was applied for target(s): ENSG00000269343|chr19:57830307-57830841
Note: Downsampling was applied for target(s): ENSG00000164048|chr3:48241142-48241397
Note: Downsampling was applied for target(s): ENSG00000166716|chr15:84748588-84748975
Note: Downsampling was applied for target(s): ENSG00000142684|chr1:26169886-26170370
Note: Downsampling was applied for target(s): ENSG00000180626|chr17:5191773-5191885
Note: Downsampling was applied for target(s): ENSG00000172748|chr8:232385-232904
Note: Downsampling was applied for target(s): ENSG00000167981|chr16:3443253-3443482
Note: Downsampling was applied for target(s): ENSG00000167962|chr16:2009590-2009786
Note: Downsampling was applied for target(s): ENSG00000153896|chr19:34773139-34773206
Note: Downsampling was applied for target(s): ENSG00000189190|chr19:52786280-52786789
Note: Downsampling was applied for target(s): ENSG00000196458|chr12:132956111-132956348
Note: Downsampling was applied for target(s): ENSG00000166704|chr19:58002729-58002806
Note: Downsampling was applied for target(s): ENSG00000198182|chr19:37719376-37719750
Note: Downsampling was applied for target(s): ENSG00000168916|chr5:124746563-124746650
Note: Downsampling was applied for target(s): ENSG00000168916|chr5:124748433-124748848
Note: Downsampling was applied for target(s): ENSG00000180357|chr15:64499308-64499625
Note: Downsampling was applied for target(s): ENSG00000167554|chr19:52336284-52336769
Note: Downsampling was applied for target(s): ENSG00000213020|chr19:52734629-52735021
Note: Downsampling was applied for target(s): ENSG00000176024|chr19:51927443-51927703
Note: Downsampling was applied for target(s): ENSG00000142556|chr19:52028250-52028411
Note: Downsampling was applied for target(s): ENSG00000197619|chr19:52008137-52008210
Note: Downsampling was applied for target(s): ENSG00000204611|chr19:52139499-52139934
Note: Downsampling was applied for target(s): ENSG00000157657|chr9:113876242-113876541
Note: Downsampling was applied for target(s): ENSG00000177873|chr3:40477174-40477349
Note: Downsampling was applied for target(s): ENSG00000177842|chr3:40506098-40506156
Note: Downsampling was applied for target(s): ENSG00000172888|chr3:40524961-40525170
Note: Downsampling was applied for target(s): ENSG00000183309|chr8:143636041-143636225
Note: Downsampling was applied for target(s): ENSG00000197566|chr17:16653731-16653826
Note: Downsampling was applied for target(s): ENSG00000257591|chr19:12156627-12156719
Note: Downsampling was applied for target(s): ENSG00000188171|chr19:20661066-20661608
Note: Downsampling was applied for target(s): ENSG00000198551|chr19:11597454-11597570
Note: Downsampling was applied for target(s): ENSG00000197483|chr19:55476626-55476821
Note: Downsampling was applied for target(s): ENSG00000102870|chr16:30786960-30787188
Note: Downsampling was applied for target(s): ENSG00000221994|chrX:48071350-48071661
Note: Downsampling was applied for target(s): ENSG00000121864|chr3:179322853-179323271
Note: Downsampling was applied for target(s): ENSG00000167528|chr12:48350788-48350903
Note: Downsampling was applied for target(s): ENSG00000122482|chr1:91021414-91022076
Note: Downsampling was applied for target(s): ENSG00000175809|chrX:22272967-22273314
Note: Downsampling was applied for target(s): ENSG00000167395|chr16:31074431-31074837
Note: Downsampling was applied for target(s): ENSG00000179930|chr1:182061243-182061726
Note: Downsampling was applied for target(s): ENSG00000198093|chr19:51904785-51905005
Note: Downsampling was applied for target(s): ENSG00000198740|chr17:49361901-49362152
Note: Downsampling was applied for target(s): ENSG00000161914|chr19:11505753-11505848
Note: Downsampling was applied for target(s): ENSG00000175105|chr3:88139198-88139375
Note: Downsampling was applied for target(s): ENSG00000197343|chr7:99558677-99558967
Note: Downsampling was applied for target(s): ENSG00000144792|chr3:44584993-44585223
Note: Downsampling was applied for target(s): ENSG00000182983|chr3:42906147-42906503
Note: Downsampling was applied for target(s): ENSG00000179195|chr12:123973207-123973518
Note: Downsampling was applied for target(s): ENSG00000197497|chr19:53193238-53193355
Note: Downsampling was applied for target(s): ENSG00000198046|chr19:56477265-56477326
Note: Downsampling was applied for target(s): ENSG00000167394|chr16:31061487-31061784
Note: Downsampling was applied for target(s): ENSG00000188295|chr1:247104086-247104368
Note: Downsampling was applied for target(s): ENSG00000277462|chr1:247078347-247078806
Note: Downsampling was applied for target(s): ENSG00000083814|chr19:57727407-57727591
Note: Downsampling was applied for target(s): ENSG00000171161|chr1:248838231-248838565
Note: Downsampling was applied for target(s): ENSG00000251192|chrX:46545361-46545455
Note: Downsampling was applied for target(s): ENSG00000197372|chr19:23686689-23687152
Note: Downsampling was applied for target(s): ENSG00000196109|chr19:22196649-22196949
Note: Downsampling was applied for target(s): ENSG00000197928|chr19:53254674-53254882
Note: Downsampling was applied for target(s): ENSG00000181450|chr1:227563558-227563916
Note: Downsampling was applied for target(s): ENSG00000197123|chr7:64248982-64249326
Note: Downsampling was applied for target(s): ENSG00000173041|chr7:64562638-64563076
Note: Downsampling was applied for target(s): ENSG00000196172|chr19:23758567-23758886
Note: Downsampling was applied for target(s): ENSG00000197124|chr19:20039118-20039496
Note: Downsampling was applied for target(s): ENSG00000176083|chr1:26370343-26370769
Note: Downsampling was applied for target(s): ENSG00000117010|chr1:40531633-40531742
Note: Downsampling was applied for target(s): ENSG00000143373|chr1:151282244-151282684
Note: Downsampling was applied for target(s): ENSG00000229809|chr16:30571633-30571755
Note: Downsampling was applied for target(s): ENSG00000156853|chr16:30610117-30610394
Note: Downsampling was applied for target(s): ENSG00000198429|chr19:11887782-11888052
Note: Downsampling was applied for target(s): ENSG00000164011|chr1:42846603-42846685
Note: Downsampling was applied for target(s): ENSG00000171163|chr1:248858768-248859075
Note: Downsampling was applied for target(s): ENSG00000197472|chr1:247007598-247008074
Note: Downsampling was applied for target(s): ENSG00000185730|chr8:143291402-143291647
Note: Downsampling was applied for target(s): ENSG00000143067|chr1:119647908-119648279
Note: Downsampling was applied for target(s): ENSG00000196110|chr19:9304950-9305137
Note: Downsampling was applied for target(s): ENSG00000196110|chr19:9309449-9309741
Note: Downsampling was applied for target(s): ENSG00000147789|chr8:144827546-144827664
Note: Downsampling was applied for target(s): ENSG00000187792|chr22:23750907-23751099
Skipping target 'ENSG00000196757|chr19:11925110-11925577': Needs at least 2 gRNAs, found 1.
Note: Downsampling was applied for target(s): ENSG00000167562|chr19:52570273-52570715
Note: Downsampling was applied for target(s): ENSG00000183779|chr8:37695762-37696290
Note: Downsampling was applied for target(s): ENSG00000164684|chr8:80873496-80874508
Note: Downsampling was applied for target(s): ENSG00000196946|chr12:8156626-8156917
Note: Downsampling was applied for target(s): ENSG00000120963|chr8:101205100-101205456
Note: Downsampling was applied for target(s): ENSG00000181135|chr8:143684490-143684665
Note: Downsampling was applied for target(s): ENSG00000182141|chr19:21328872-21329414
Skipping target 'ENSG00000242852|chr19:12551173-12551462': Needs at least 2 gRNAs, found 1.
Note: Downsampling was applied for target(s): ENSG00000197951|chr19:56595272-56595431
Note: Downsampling was applied for target(s): ENSG00000140548|chr15:90001322-90001761
Note: Downsampling was applied for target(s): ENSG00000147180|chrX:85244029-85244219
Note: Downsampling was applied for target(s): ENSG00000178665|chr7:55887473-55887555
Note: Downsampling was applied for target(s): ENSG00000160352|chr19:21082248-21082674
Note: Downsampling was applied for target(s): ENSG00000182111|chr7:57450152-57450671
Note: Downsampling was applied for target(s): ENSG00000227124|chr3:75785103-75785548
Note: Downsampling was applied for target(s): ENSG00000250312|chr4:124521-124759
Note: Downsampling was applied for target(s): ENSG00000197302|chr16:31713278-31713575
Note: Downsampling was applied for target(s): ENSG00000182903|chr4:473918-474198
Note: Downsampling was applied for target(s): ENSG00000182903|chr4:499060-499143
Note: Downsampling was applied for target(s): ENSG00000213967|chr19:23914882-23915302
Note: Downsampling was applied for target(s): ENSG00000214652|chr7:64045494-64045742
Note: Downsampling was applied for target(s): ENSG00000196350|chr19:22286430-22286687
Note: Downsampling was applied for target(s): ENSG00000183850|chr19:23117045-23117481
Note: Downsampling was applied for target(s): ENSG00000186777|chr4:305400-305466
Note: Downsampling was applied for target(s): ENSG00000223614|chr7:64207366-64207645
Note: Downsampling was applied for target(s): ENSG00000234444|chr7:64307448-64307870
Note: Downsampling was applied for target(s): ENSG00000234444|chr7:64314004-64314140
Note: Downsampling was applied for target(s): ENSG00000237440|chr19:20565326-20565672
Note: Downsampling was applied for target(s): ENSG00000185252|chr22:20394177-20394269
Note: Downsampling was applied for target(s): ENSG00000139651|chr12:53180727-53181195
Note: Downsampling was applied for target(s): ENSG00000181220|chr7:149497652-149497840
Skipping target 'ENSG00000169955|chr16:30534772-30534907': Needs at least 2 gRNAs, found 1.
Note: Downsampling was applied for target(s): ENSG00000186230|chr19:57435341-57435564
Note: Downsampling was applied for target(s): ENSG00000141579|chr17:82839794-82839974
Note: Downsampling was applied for target(s): ENSG00000162086|chr16:3305500-3305683
Note: Downsampling was applied for target(s): ENSG00000186376|chrX:135343627-135344068
Note: Downsampling was applied for target(s): ENSG00000065029|chr6:35259746-35260057
Note: Downsampling was applied for target(s): ENSG00000160336|chr19:53432042-53432477
Skipping target 'ENSG00000197054|chr19:11925077-11925195': Needs at least 2 gRNAs, found 1.
Note: Downsampling was applied for target(s): ENSG00000169951|chr16:30558285-30558367
Note: Downsampling was applied for target(s): ENSG00000196417|chr19:53365701-53365970
Note: Downsampling was applied for target(s): ENSG00000196417|chr19:53395172-53395545
Note: Downsampling was applied for target(s): ENSG00000196214|chr19:52269583-52269837
Note: Downsampling was applied for target(s): ENSG00000169957|chr16:30526290-30526578
Skipping target 'ENSG00000169957|chr16:30534759-30534893': Needs at least 2 gRNAs, found 1.
Note: Downsampling was applied for target(s): ENSG00000175691|chr19:2944873-2944958
Note: Downsampling was applied for target(s): ENSG00000198146|chr15:34988094-34988286
Note: Downsampling was applied for target(s): ENSG00000179965|chr16:30407629-30407741
Note: Downsampling was applied for target(s): ENSG00000197128|chr19:57477306-57477564
Note: Downsampling was applied for target(s): ENSG00000152439|chr19:57499907-57500081
Note: Downsampling was applied for target(s): ENSG00000196391|chr15:90352297-90352541
Note: Downsampling was applied for target(s): ENSG00000196456|chr7:150379335-150379593
Note: Downsampling was applied for target(s): ENSG00000152443|chr19:57746810-57747071
Note: Downsampling was applied for target(s): ENSG00000196453|chr7:149460580-149460913
Note: Downsampling was applied for target(s): ENSG00000170100|chr16:89217699-89217799
Note: Downsampling was applied for target(s): ENSG00000197782|chr19:40090652-40090937
Note: Downsampling was applied for target(s): ENSG00000128000|chr19:40055862-40056189
Note: Downsampling was applied for target(s): ENSG00000290988|chr19:37692075-37692259
Note: Downsampling was applied for target(s): ENSG00000196597|chr9:96854289-96854513
Note: Downsampling was applied for target(s): ENSG00000204946|chr7:149262215-149262374
Note: Downsampling was applied for target(s): ENSG00000179922|chr19:55624470-55624550
Note: Downsampling was applied for target(s): ENSG00000197162|chr16:30585535-30585715
Note: Downsampling was applied for target(s): ENSG00000197362|chr7:149090514-149090726
Note: Downsampling was applied for target(s): ENSG00000142409|chr19:56120825-56121263
Note: Downsampling was applied for target(s): ENSG00000198556|chr7:99472891-99472977
Note: Downsampling was applied for target(s): ENSG00000196152|chr9:127424413-127424559
Note: Downsampling was applied for target(s): ENSG00000197863|chr19:36838291-36838371
Note: Downsampling was applied for target(s): ENSG00000197863|chr19:36850076-36850282
Note: Downsampling was applied for target(s): ENSG00000173875|chr19:12610928-12611166
Note: Downsampling was applied for target(s): ENSG00000180884|chr19:34963965-34964244
Note: Downsampling was applied for target(s): ENSG00000188227|chr19:37506929-37507216
Note: Downsampling was applied for target(s): ENSG00000196466|chr19:12400949-12401251
Note: Downsampling was applied for target(s): ENSG00000278129|chr19:58278982-58279050
Note: Downsampling was applied for target(s): ENSG00000174255|chr3:114237081-114237364
Note: Downsampling was applied for target(s): ENSG00000048405|chr7:127392621-127392694
Note: Downsampling was applied for target(s): ENSG00000170396|chr2:184598425-184598817
Note: Downsampling was applied for target(s): ENSG00000182348|chr7:88759453-88759920
Note: Downsampling was applied for target(s): ENSG00000204524|chr19:57240688-57240817
Note: Downsampling was applied for target(s): ENSG00000198482|chr19:52535991-52536409
Note: Downsampling was applied for target(s): ENSG00000197779|chrX:47836882-47836954
Note: Downsampling was applied for target(s): ENSG00000198346|chr19:53468079-53468148
Note: Downsampling was applied for target(s): ENSG00000204514|chr19:57888774-57888976
Note: Downsampling was applied for target(s): ENSG00000180257|chr19:52942344-52942598
Note: Downsampling was applied for target(s): ENSG00000180257|chr19:52962453-52962859
Note: Downsampling was applied for target(s): ENSG00000102984|chr16:71884056-71884630
Note: Downsampling was applied for target(s): ENSG00000197933|chr19:11738654-11738942
Note: Downsampling was applied for target(s): ENSG00000151612|chr4:145938449-145938841
Note: Downsampling was applied for target(s): ENSG00000185869|chr19:36915869-36916157
Note: Downsampling was applied for target(s): ENSG00000167766|chr19:52617762-52618060
Note: Downsampling was applied for target(s): ENSG00000167766|chr19:52636984-52637203
Note: Downsampling was applied for target(s): ENSG00000167766|chr19:52637955-52638354
Note: Downsampling was applied for target(s): ENSG00000198783|chr17:34961581-34961951
Note: Downsampling was applied for target(s): ENSG00000124203|chr20:59191056-59191404
Note: Downsampling was applied for target(s): ENSG00000127903|chr19:56671672-56671780
Note: Downsampling was applied for target(s): ENSG00000196267|chr19:52171255-52171661
Note: Downsampling was applied for target(s): ENSG00000152475|chr19:58380782-58381055
Note: Downsampling was applied for target(s): ENSG00000022976|chr14:102319739-102319958
Note: Downsampling was applied for target(s): ENSG00000198040|chr12:133037459-133037943
Note: Downsampling was applied for target(s): ENSG00000197608|chr19:52095342-52095775
Note: Downsampling was applied for target(s): ENSG00000176723|chr16:31442713-31442788
Note: Downsampling was applied for target(s): ENSG00000223547|chr19:12064732-12064825
Note: Downsampling was applied for target(s): ENSG00000213799|chr19:53333772-53334183
Note: Downsampling was applied for target(s): ENSG00000196605|chr19:9768525-9768627
Note: Downsampling was applied for target(s): ENSG00000105750|chr19:20923274-20923584
Note: Downsampling was applied for target(s): ENSG00000267041|chr19:36772561-36772801
Note: Downsampling was applied for target(s): ENSG00000178917|chr3:44510386-44510648
Note: Downsampling was applied for target(s): ENSG00000236609|chr7:6616139-6616214
Note: Downsampling was applied for target(s): ENSG00000236609|chr7:6621436-6621978
Note: Downsampling was applied for target(s): ENSG00000197385|chr3:31981477-31981824
Note: Downsampling was applied for target(s): ENSG00000106479|chr7:149838423-149838637
Note: Downsampling was applied for target(s): ENSG00000261221|chr19:55613576-55613726
Note: Downsampling was applied for target(s): ENSG00000257446|chr19:12052874-12052973
Note: Downsampling was applied for target(s): ENSG00000234284|chr5:179023847-179024198
Note: Downsampling was applied for target(s): ENSG00000221923|chr19:52369942-52370264
Note: Downsampling was applied for target(s): ENSG00000228623|chr9:113011973-113012220
Note: Downsampling was applied for target(s): ENSG00000213793|chr19:52917444-52917684
Note: Downsampling was applied for target(s): ENSG00000213793|chr19:52923049-52923467
Note: Downsampling was applied for target(s): ENSG00000214029|chr12:133130060-133130283
Note: Downsampling was applied for target(s): ENSG00000213988|chr19:20077972-20078429
Note: Downsampling was applied for target(s): ENSG00000167232|chr19:23394981-23395465
Note: Downsampling was applied for target(s): ENSG00000146757|chr7:65373872-65374109
Note: Downsampling was applied for target(s): ENSG00000184635|chr19:19900914-19901245
Note: Downsampling was applied for target(s): ENSG00000197360|chr19:22422062-22422323
Note: Downsampling was applied for target(s): ENSG00000213973|chr19:22783798-22784120
Note: Downsampling was applied for target(s): ENSG00000124201|chr20:49277973-49278255
Note: Downsampling was applied for target(s): ENSG00000152467|chr19:58034095-58034377
Note: Downsampling was applied for target(s): ENSG00000130182|chr16:3099047-3099236
Note: Downsampling was applied for target(s): ENSG00000158691|chr6:28399674-28399739
Note: Downsampling was applied for target(s): ENSG00000196812|chr6:28124619-28124850
Note: Downsampling was applied for target(s): ENSG00000121413|chr19:58098124-58098236
Note: Downsampling was applied for target(s): ENSG00000121413|chr19:58118357-58118404
Note: Downsampling was applied for target(s): ENSG00000176371|chr15:84601017-84601301
Note: Downsampling was applied for target(s): ENSG00000121903|chr1:33472651-33472855
Note: Downsampling was applied for target(s): ENSG00000166529|chr7:100049783-100049839
Note: Downsampling was applied for target(s): ENSG00000182318|chr19:58327028-58327250
Note: Downsampling was applied for target(s): ENSG00000187987|chr6:28443243-28443443
Note: Downsampling was applied for target(s): ENSG00000197037|chr7:99616956-99617045
Note: Downsampling was applied for target(s): ENSG00000197062|chr6:28267048-28267351
Note: Downsampling was applied for target(s): ENSG00000140265|chr15:43368720-43369016
Note: Downsampling was applied for target(s): ENSG00000186814|chr18:35290160-35290216
Note: Downsampling was applied for target(s): ENSG00000235109|chr6:28335932-28336114
Note: Downsampling was applied for target(s): ENSG00000235109|chr6:28354038-28354173
Note: Downsampling was applied for target(s): ENSG00000140987|chr16:3400663-3401000
Note: Downsampling was applied for target(s): ENSG00000131848|chr19:56227807-56228240
Note: Downsampling was applied for target(s): ENSG00000131848|chr19:56368051-56368370
Note: Downsampling was applied for target(s): ENSG00000197213|chr19:56192556-56193059
Note: Downsampling was applied for target(s): ENSG00000197213|chr19:56197524-56197908
Note: Downsampling was applied for target(s): ENSG00000137185|chr6:28225252-28225537
Note: Downsampling was applied for target(s): ENSG00000153975|chr6:116668524-116668765
Note: Downsampling was applied for target(s): ENSG00000198205|chrX:57909415-57909817
Note: Downsampling was applied for target(s): ENSG00000198455|chrX:57592664-57593066
Note: Downsampling was applied for target(s): ENSG00000070476|chr3:126475546-126475943
Note: Downsampling was applied for target(s): ENSG00000036549|chr1:77682531-77683403

All target regions processed.
Starting Step 2: Disco Tests and Hypergeometric Outlier Calculation...
  Target 'ENSG00000090861|chr16:70289409-70289495' had 1 sgRNA group(s) downsampled to combi_cell_num_max=1000 per group. Total cells for disco test: 1430.
  Target 'ENSG00000177697|chr11:832818-833060' had 2 sgRNA group(s) downsampled to combi_cell_num_max=1000 per group. Total cells for disco test: 2000.
  Target 'ENSG00000205981|chr3:180989327-180989725' had 1 sgRNA group(s) downsampled to combi_cell_num_max=1000 per group. Total cells for disco test: 1790.
  Target 'ENSG00000186184|chr13:27621865-27621958' had 1 sgRNA group(s) downsampled to combi_cell_num_max=1000 per group. Total cells for disco test: 1535.
  Target 'non-targeting|1|non-targeting:1-1' had 6 sgRNA group(s) downsampled to combi_cell_num_max=1000 per group. Total cells for disco test: 6000.
  Target 'non-targeting|2|non-targeting:2-2' had 6 sgRNA group(s) downsampled to combi_cell_num_max=1000 per group. Total cells for disco test: 6000.
  Target 'non-targeting|3|non-targeting:3-3' had 5 sgRNA group(s) downsampled to combi_cell_num_max=1000 per group. Total cells for disco test: 5785.
  Target 'non-targeting|4|non-targeting:4-4' had 5 sgRNA group(s) downsampled to combi_cell_num_max=1000 per group. Total cells for disco test: 5909.
  Target 'non-targeting|5|non-targeting:5-5' had 6 sgRNA group(s) downsampled to combi_cell_num_max=1000 per group. Total cells for disco test: 6000.
  Target 'non-targeting|6|non-targeting:6-6' had 5 sgRNA group(s) downsampled to combi_cell_num_max=1000 per group. Total cells for disco test: 5756.
  Target 'non-targeting|7|non-targeting:7-7' had 6 sgRNA group(s) downsampled to combi_cell_num_max=1000 per group. Total cells for disco test: 6000.
  Target 'non-targeting|8|non-targeting:8-8' had 6 sgRNA group(s) downsampled to combi_cell_num_max=1000 per group. Total cells for disco test: 6000.
  Target 'non-targeting|9|non-targeting:9-9' had 6 sgRNA group(s) downsampled to combi_cell_num_max=1000 per group. Total cells for disco test: 6000.
  Target 'non-targeting|10|non-targeting:10-10' had 5 sgRNA group(s) downsampled to combi_cell_num_max=1000 per group. Total cells for disco test: 5811.
  Target 'non-targeting|11|non-targeting:11-11' had 6 sgRNA group(s) downsampled to combi_cell_num_max=1000 per group. Total cells for disco test: 6000.
  Target 'non-targeting|12|non-targeting:12-12' had 6 sgRNA group(s) downsampled to combi_cell_num_max=1000 per group. Total cells for disco test: 6000.
  Target 'non-targeting|13|non-targeting:13-13' had 4 sgRNA group(s) downsampled to combi_cell_num_max=1000 per group. Total cells for disco test: 5056.
  Target 'non-targeting|14|non-targeting:14-14' had 6 sgRNA group(s) downsampled to combi_cell_num_max=1000 per group. Total cells for disco test: 6000.
  Target 'non-targeting|15|non-targeting:15-15' had 6 sgRNA group(s) downsampled to combi_cell_num_max=1000 per group. Total cells for disco test: 6000.
  Target 'non-targeting|16|non-targeting:16-16' had 6 sgRNA group(s) downsampled to combi_cell_num_max=1000 per group. Total cells for disco test: 6000.
  Target 'non-targeting|17|non-targeting:17-17' had 6 sgRNA group(s) downsampled to combi_cell_num_max=1000 per group. Total cells for disco test: 6000.
  Target 'non-targeting|18|non-targeting:18-18' had 6 sgRNA group(s) downsampled to combi_cell_num_max=1000 per group. Total cells for disco test: 6000.
  Target 'non-targeting|19|non-targeting:19-19' had 6 sgRNA group(s) downsampled to combi_cell_num_max=1000 per group. Total cells for disco test: 6000.
  Target 'non-targeting|20|non-targeting:20-20' had 6 sgRNA group(s) downsampled to combi_cell_num_max=1000 per group. Total cells for disco test: 6000.
  Target 'non-targeting|21|non-targeting:21-21' had 4 sgRNA group(s) downsampled to combi_cell_num_max=1000 per group. Total cells for disco test: 5387.
  Target 'non-targeting|22|non-targeting:22-22' had 6 sgRNA group(s) downsampled to combi_cell_num_max=1000 per group. Total cells for disco test: 6000.
  Target 'non-targeting|23|non-targeting:23-23' had 5 sgRNA group(s) downsampled to combi_cell_num_max=1000 per group. Total cells for disco test: 5543.
  Target 'non-targeting|24|non-targeting:24-24' had 5 sgRNA group(s) downsampled to combi_cell_num_max=1000 per group. Total cells for disco test: 5360.
  Target 'non-targeting|25|non-targeting:25-25' had 5 sgRNA group(s) downsampled to combi_cell_num_max=1000 per group. Total cells for disco test: 5662.
  Target 'non-targeting|26|non-targeting:26-26' had 5 sgRNA group(s) downsampled to combi_cell_num_max=1000 per group. Total cells for disco test: 5767.
  Target 'non-targeting|27|non-targeting:27-27' had 4 sgRNA group(s) downsampled to combi_cell_num_max=1000 per group. Total cells for disco test: 5250.
  Target 'non-targeting|28|non-targeting:28-28' had 3 sgRNA group(s) downsampled to combi_cell_num_max=1000 per group. Total cells for disco test: 4579.
  Target 'non-targeting|29|non-targeting:29-29' had 6 sgRNA group(s) downsampled to combi_cell_num_max=1000 per group. Total cells for disco test: 6000.
  Target 'non-targeting|30|non-targeting:30-30' had 5 sgRNA group(s) downsampled to combi_cell_num_max=1000 per group. Total cells for disco test: 5048.
  Target 'non-targeting|31|non-targeting:31-31' had 6 sgRNA group(s) downsampled to combi_cell_num_max=1000 per group. Total cells for disco test: 6000.
  Target 'non-targeting|32|non-targeting:32-32' had 6 sgRNA group(s) downsampled to combi_cell_num_max=1000 per group. Total cells for disco test: 6000.
  Target 'non-targeting|33|non-targeting:33-33' had 6 sgRNA group(s) downsampled to combi_cell_num_max=1000 per group. Total cells for disco test: 6000.
  Target 'non-targeting|34|non-targeting:34-34' had 4 sgRNA group(s) downsampled to combi_cell_num_max=1000 per group. Total cells for disco test: 4760.
  Target 'non-targeting|35|non-targeting:35-35' had 6 sgRNA group(s) downsampled to combi_cell_num_max=1000 per group. Total cells for disco test: 6000.
  Target 'non-targeting|36|non-targeting:36-36' had 6 sgRNA group(s) downsampled to combi_cell_num_max=1000 per group. Total cells for disco test: 6000.
  Target 'non-targeting|37|non-targeting:37-37' had 3 sgRNA group(s) downsampled to combi_cell_num_max=1000 per group. Total cells for disco test: 4398.
  Target 'non-targeting|38|non-targeting:38-38' had 5 sgRNA group(s) downsampled to combi_cell_num_max=1000 per group. Total cells for disco test: 5956.
  Target 'non-targeting|39|non-targeting:39-39' had 5 sgRNA group(s) downsampled to combi_cell_num_max=1000 per group. Total cells for disco test: 5255.
  Target 'non-targeting|40|non-targeting:40-40' had 6 sgRNA group(s) downsampled to combi_cell_num_max=1000 per group. Total cells for disco test: 6000.
  Target 'non-targeting|41|non-targeting:41-41' had 6 sgRNA group(s) downsampled to combi_cell_num_max=1000 per group. Total cells for disco test: 6000.
  Target 'non-targeting|42|non-targeting:42-42' had 6 sgRNA group(s) downsampled to combi_cell_num_max=1000 per group. Total cells for disco test: 6000.
  Target 'non-targeting|43|non-targeting:43-43' had 5 sgRNA group(s) downsampled to combi_cell_num_max=1000 per group. Total cells for disco test: 5448.
  Target 'non-targeting|44|non-targeting:44-44' had 5 sgRNA group(s) downsampled to combi_cell_num_max=1000 per group. Total cells for disco test: 5376.
  Target 'non-targeting|45|non-targeting:45-45' had 6 sgRNA group(s) downsampled to combi_cell_num_max=1000 per group. Total cells for disco test: 6000.
  Target 'non-targeting|46|non-targeting:46-46' had 4 sgRNA group(s) downsampled to combi_cell_num_max=1000 per group. Total cells for disco test: 5493.
  Target 'non-targeting|47|non-targeting:47-47' had 5 sgRNA group(s) downsampled to combi_cell_num_max=1000 per group. Total cells for disco test: 5879.
  Target 'non-targeting|48|non-targeting:48-48' had 6 sgRNA group(s) downsampled to combi_cell_num_max=1000 per group. Total cells for disco test: 6000.
  Target 'non-targeting|49|non-targeting:49-49' had 5 sgRNA group(s) downsampled to combi_cell_num_max=1000 per group. Total cells for disco test: 5897.
  Target 'non-targeting|50|non-targeting:50-50' had 6 sgRNA group(s) downsampled to combi_cell_num_max=1000 per group. Total cells for disco test: 6000.
  Target 'non-targeting|51|non-targeting:51-51' had 6 sgRNA group(s) downsampled to combi_cell_num_max=1000 per group. Total cells for disco test: 6000.
  Target 'non-targeting|52|non-targeting:52-52' had 6 sgRNA group(s) downsampled to combi_cell_num_max=1000 per group. Total cells for disco test: 6000.
  Target 'non-targeting|53|non-targeting:53-53' had 5 sgRNA group(s) downsampled to combi_cell_num_max=1000 per group. Total cells for disco test: 5447.
  Target 'non-targeting|54|non-targeting:54-54' had 6 sgRNA group(s) downsampled to combi_cell_num_max=1000 per group. Total cells for disco test: 6000.
  Target 'non-targeting|55|non-targeting:55-55' had 5 sgRNA group(s) downsampled to combi_cell_num_max=1000 per group. Total cells for disco test: 5761.
  Target 'non-targeting|56|non-targeting:56-56' had 5 sgRNA group(s) downsampled to combi_cell_num_max=1000 per group. Total cells for disco test: 5790.
  Target 'non-targeting|57|non-targeting:57-57' had 6 sgRNA group(s) downsampled to combi_cell_num_max=1000 per group. Total cells for disco test: 6000.
  Target 'non-targeting|58|non-targeting:58-58' had 5 sgRNA group(s) downsampled to combi_cell_num_max=1000 per group. Total cells for disco test: 5819.
  Target 'non-targeting|59|non-targeting:59-59' had 4 sgRNA group(s) downsampled to combi_cell_num_max=1000 per group. Total cells for disco test: 5601.
  Target 'non-targeting|60|non-targeting:60-60' had 6 sgRNA group(s) downsampled to combi_cell_num_max=1000 per group. Total cells for disco test: 6000.
  Target 'non-targeting|61|non-targeting:61-61' had 5 sgRNA group(s) downsampled to combi_cell_num_max=1000 per group. Total cells for disco test: 5326.
  Target 'non-targeting|62|non-targeting:62-62' had 6 sgRNA group(s) downsampled to combi_cell_num_max=1000 per group. Total cells for disco test: 6000.
  Target 'non-targeting|63|non-targeting:63-63' had 5 sgRNA group(s) downsampled to combi_cell_num_max=1000 per group. Total cells for disco test: 5957.
  Target 'non-targeting|64|non-targeting:64-64' had 5 sgRNA group(s) downsampled to combi_cell_num_max=1000 per group. Total cells for disco test: 5248.
  Target 'non-targeting|65|non-targeting:65-65' had 6 sgRNA group(s) downsampled to combi_cell_num_max=1000 per group. Total cells for disco test: 6000.
  Target 'non-targeting|66|non-targeting:66-66' had 6 sgRNA group(s) downsampled to combi_cell_num_max=1000 per group. Total cells for disco test: 6000.
  Target 'non-targeting|67|non-targeting:67-67' had 6 sgRNA group(s) downsampled to combi_cell_num_max=1000 per group. Total cells for disco test: 6000.
  Target 'non-targeting|68|non-targeting:68-68' had 6 sgRNA group(s) downsampled to combi_cell_num_max=1000 per group. Total cells for disco test: 6000.
  Target 'non-targeting|69|non-targeting:69-69' had 5 sgRNA group(s) downsampled to combi_cell_num_max=1000 per group. Total cells for disco test: 5133.
  Target 'non-targeting|70|non-targeting:70-70' had 6 sgRNA group(s) downsampled to combi_cell_num_max=1000 per group. Total cells for disco test: 6000.
  Target 'non-targeting|71|non-targeting:71-71' had 5 sgRNA group(s) downsampled to combi_cell_num_max=1000 per group. Total cells for disco test: 5357.
  Target 'non-targeting|72|non-targeting:72-72' had 5 sgRNA group(s) downsampled to combi_cell_num_max=1000 per group. Total cells for disco test: 5756.
  Target 'non-targeting|73|non-targeting:73-73' had 6 sgRNA group(s) downsampled to combi_cell_num_max=1000 per group. Total cells for disco test: 6000.
  Target 'non-targeting|74|non-targeting:74-74' had 5 sgRNA group(s) downsampled to combi_cell_num_max=1000 per group. Total cells for disco test: 5998.
  Target 'non-targeting|75|non-targeting:75-75' had 6 sgRNA group(s) downsampled to combi_cell_num_max=1000 per group. Total cells for disco test: 6000.
  Target 'non-targeting|76|non-targeting:76-76' had 4 sgRNA group(s) downsampled to combi_cell_num_max=1000 per group. Total cells for disco test: 4365.
  Target 'non-targeting|77|non-targeting:77-77' had 5 sgRNA group(s) downsampled to combi_cell_num_max=1000 per group. Total cells for disco test: 5273.
  Target 'non-targeting|78|non-targeting:78-78' had 6 sgRNA group(s) downsampled to combi_cell_num_max=1000 per group. Total cells for disco test: 6000.
  Target 'non-targeting|79|non-targeting:79-79' had 6 sgRNA group(s) downsampled to combi_cell_num_max=1000 per group. Total cells for disco test: 6000.
  Target 'non-targeting|80|non-targeting:80-80' had 6 sgRNA group(s) downsampled to combi_cell_num_max=1000 per group. Total cells for disco test: 6000.
  Target 'non-targeting|81|non-targeting:81-81' had 5 sgRNA group(s) downsampled to combi_cell_num_max=1000 per group. Total cells for disco test: 5738.
  Target 'non-targeting|82|non-targeting:82-82' had 5 sgRNA group(s) downsampled to combi_cell_num_max=1000 per group. Total cells for disco test: 5400.
  Target 'non-targeting|83|non-targeting:83-83' had 4 sgRNA group(s) downsampled to combi_cell_num_max=1000 per group. Total cells for disco test: 5768.
  Target 'non-targeting|84|non-targeting:84-84' had 5 sgRNA group(s) downsampled to combi_cell_num_max=1000 per group. Total cells for disco test: 5361.
  Target 'non-targeting|85|non-targeting:85-85' had 6 sgRNA group(s) downsampled to combi_cell_num_max=1000 per group. Total cells for disco test: 6000.
  Target 'non-targeting|86|non-targeting:86-86' had 6 sgRNA group(s) downsampled to combi_cell_num_max=1000 per group. Total cells for disco test: 6000.
  Target 'non-targeting|87|non-targeting:87-87' had 4 sgRNA group(s) downsampled to combi_cell_num_max=1000 per group. Total cells for disco test: 5654.
  Target 'non-targeting|88|non-targeting:88-88' had 6 sgRNA group(s) downsampled to combi_cell_num_max=1000 per group. Total cells for disco test: 6000.
  Target 'non-targeting|89|non-targeting:89-89' had 5 sgRNA group(s) downsampled to combi_cell_num_max=1000 per group. Total cells for disco test: 5677.
  Target 'non-targeting|90|non-targeting:90-90' had 5 sgRNA group(s) downsampled to combi_cell_num_max=1000 per group. Total cells for disco test: 5231.
  Target 'non-targeting|91|non-targeting:91-91' had 6 sgRNA group(s) downsampled to combi_cell_num_max=1000 per group. Total cells for disco test: 6000.
  Target 'non-targeting|92|non-targeting:92-92' had 4 sgRNA group(s) downsampled to combi_cell_num_max=1000 per group. Total cells for disco test: 4356.
  Target 'non-targeting|93|non-targeting:93-93' had 5 sgRNA group(s) downsampled to combi_cell_num_max=1000 per group. Total cells for disco test: 5717.
  Target 'non-targeting|94|non-targeting:94-94' had 6 sgRNA group(s) downsampled to combi_cell_num_max=1000 per group. Total cells for disco test: 6000.
  Target 'non-targeting|95|non-targeting:95-95' had 6 sgRNA group(s) downsampled to combi_cell_num_max=1000 per group. Total cells for disco test: 6000.
  Target 'non-targeting|96|non-targeting:96-96' had 6 sgRNA group(s) downsampled to combi_cell_num_max=1000 per group. Total cells for disco test: 6000.
  Target 'non-targeting|97|non-targeting:97-97' had 6 sgRNA group(s) downsampled to combi_cell_num_max=1000 per group. Total cells for disco test: 6000.
  Target 'non-targeting|98|non-targeting:98-98' had 6 sgRNA group(s) downsampled to combi_cell_num_max=1000 per group. Total cells for disco test: 6000.
  Target 'non-targeting|99|non-targeting:99-99' had 5 sgRNA group(s) downsampled to combi_cell_num_max=1000 per group. Total cells for disco test: 5614.
  Target 'non-targeting|100|non-targeting:100-100' had 3 sgRNA group(s) downsampled to combi_cell_num_max=1000 per group. Total cells for disco test: 3698.
  Target 'ENSG00000101126|chr20:50930828-50931425' had 4 sgRNA group(s) downsampled to combi_cell_num_max=1000 per group. Total cells for disco test: 4872.
  Target 'ENSG00000101544|chr18:80109299-80109786' had 5 sgRNA group(s) downsampled to combi_cell_num_max=1000 per group. Total cells for disco test: 5838.
  Target 'ENSG00000106624|chr7:44104396-44104746' had 2 sgRNA group(s) downsampled to combi_cell_num_max=1000 per group. Total cells for disco test: 4237.
  Target 'ENSG00000139154|chr12:19439636-19440076' had 4 sgRNA group(s) downsampled to combi_cell_num_max=1000 per group. Total cells for disco test: 5006.
  Target 'ENSG00000172493|chr4:86935010-86935229' had 3 sgRNA group(s) downsampled to combi_cell_num_max=1000 per group. Total cells for disco test: 5092.
  Target 'ENSG00000155966|chrX:148500809-148501189' had 6 sgRNA group(s) downsampled to combi_cell_num_max=1000 per group. Total cells for disco test: 6000.
  Target 'ENSG00000144218|chr2:100142311-100142534' had 5 sgRNA group(s) downsampled to combi_cell_num_max=1000 per group. Total cells for disco test: 5755.
  Target 'ENSG00000072364|chr5:132963540-132963638' had 5 sgRNA group(s) downsampled to combi_cell_num_max=1000 per group. Total cells for disco test: 5786.
  Target 'ENSG00000153207|chr1:246931690-246931935' had 5 sgRNA group(s) downsampled to combi_cell_num_max=1000 per group. Total cells for disco test: 5694.
  Target 'ENSG00000101444|chr20:34302905-34303337' had 5 sgRNA group(s) downsampled to combi_cell_num_max=1000 per group. Total cells for disco test: 5211.
  Target 'ENSG00000126705|chr1:27604043-27604193' had 5 sgRNA group(s) downsampled to combi_cell_num_max=1000 per group. Total cells for disco test: 5039.
  Target 'ENSG00000106546|chr7:17298669-17298900' had 4 sgRNA group(s) downsampled to combi_cell_num_max=1000 per group. Total cells for disco test: 4695.
  Target 'ENSG00000063438|chr5:321718-322616' had 5 sgRNA group(s) downsampled to combi_cell_num_max=1000 per group. Total cells for disco test: 5547.
  Target 'ENSG00000160224|chr21:44285835-44286115' had 5 sgRNA group(s) downsampled to combi_cell_num_max=1000 per group. Total cells for disco test: 5245.
  Target 'ENSG00000105127|chr19:15379705-15379777' had 6 sgRNA group(s) downsampled to combi_cell_num_max=1000 per group. Total cells for disco test: 6000.
  Target 'ENSG00000011243|chr19:15418544-15418997' had 4 sgRNA group(s) downsampled to combi_cell_num_max=1000 per group. Total cells for disco test: 5052.
  Target 'ENSG00000106948|chr9:114387893-114388009' had 3 sgRNA group(s) downsampled to combi_cell_num_max=1000 per group. Total cells for disco test: 4118.
  Target 'ENSG00000106948|chr9:114398167-114398474' had 2 sgRNA group(s) downsampled to combi_cell_num_max=1000 per group. Total cells for disco test: 4865.
  Target 'ENSG00000180318|chr12:85280208-85280308' had 5 sgRNA group(s) downsampled to combi_cell_num_max=1000 per group. Total cells for disco test: 5986.
  Target 'ENSG00000156150|chr1:110070253-110070638' had 3 sgRNA group(s) downsampled to combi_cell_num_max=1000 per group. Total cells for disco test: 4241.
  Target 'ENSG00000052850|chr11:44309662-44310019' had 4 sgRNA group(s) downsampled to combi_cell_num_max=1000 per group. Total cells for disco test: 5423.
  Target 'ENSG00000183684|chr17:81891193-81891580' had 4 sgRNA group(s) downsampled to combi_cell_num_max=1000 per group. Total cells for disco test: 4545.
  Target 'ENSG00000227059|chr12:133235485-133235838' had 3 sgRNA group(s) downsampled to combi_cell_num_max=1000 per group. Total cells for disco test: 4281.
  Target 'ENSG00000148677|chr10:90920906-90921120' had 4 sgRNA group(s) downsampled to combi_cell_num_max=1000 per group. Total cells for disco test: 5091.
  Target 'ENSG00000148513|chr10:37125662-37125900' had 3 sgRNA group(s) downsampled to combi_cell_num_max=1000 per group. Total cells for disco test: 4841.
  Target 'ENSG00000163516|chr2:219229800-219229910' had 4 sgRNA group(s) downsampled to combi_cell_num_max=1000 per group. Total cells for disco test: 5184.
  Target 'ENSG00000175279|chr1:10430503-10431006' had 6 sgRNA group(s) downsampled to combi_cell_num_max=1000 per group. Total cells for disco test: 6000.
  Target 'ENSG00000169083|chrX:67544023-67544422' had 5 sgRNA group(s) downsampled to combi_cell_num_max=1000 per group. Total cells for disco test: 5374.
  Target 'ENSG00000186103|chr3:121567957-121568203' had 5 sgRNA group(s) downsampled to combi_cell_num_max=1000 per group. Total cells for disco test: 5729.
  Target 'ENSG00000160007|chr19:46918664-46918867' had 4 sgRNA group(s) downsampled to combi_cell_num_max=1000 per group. Total cells for disco test: 5649.
  Target 'ENSG00000117713|chr1:26696017-26696482' had 6 sgRNA group(s) downsampled to combi_cell_num_max=1000 per group. Total cells for disco test: 6000.
  Target 'ENSG00000049618|chr6:156777663-156778009' had 4 sgRNA group(s) downsampled to combi_cell_num_max=1000 per group. Total cells for disco test: 4989.
  Target 'ENSG00000049618|chr6:156779041-156779230' had 4 sgRNA group(s) downsampled to combi_cell_num_max=1000 per group. Total cells for disco test: 5377.
  Target 'ENSG00000189079|chr12:45729704-45729957' had 3 sgRNA group(s) downsampled to combi_cell_num_max=1000 per group. Total cells for disco test: 4061.
  Target 'ENSG00000116017|chr19:926002-926433' had 4 sgRNA group(s) downsampled to combi_cell_num_max=1000 per group. Total cells for disco test: 5379.
  Target 'ENSG00000179361|chr15:74541326-74541593' had 5 sgRNA group(s) downsampled to combi_cell_num_max=1000 per group. Total cells for disco test: 5805.
  Target 'ENSG00000205143|chr9:34628366-34628548' had 4 sgRNA group(s) downsampled to combi_cell_num_max=1000 per group. Total cells for disco test: 4987.
  Target 'ENSG00000032219|chr14:58298554-58298789' had 4 sgRNA group(s) downsampled to combi_cell_num_max=1000 per group. Total cells for disco test: 5425.
  Target 'ENSG00000054267|chr1:235327775-235328171' had 6 sgRNA group(s) downsampled to combi_cell_num_max=1000 per group. Total cells for disco test: 6000.
  Target 'ENSG00000196843|chr2:96536779-96536846' had 4 sgRNA group(s) downsampled to combi_cell_num_max=1000 per group. Total cells for disco test: 4240.
  Target 'ENSG00000150347|chr10:61901180-61901443' had 5 sgRNA group(s) downsampled to combi_cell_num_max=1000 per group. Total cells for disco test: 5800.
  Target 'ENSG00000143437|chr1:150876336-150876712' had 3 sgRNA group(s) downsampled to combi_cell_num_max=1000 per group. Total cells for disco test: 4281.
  Target 'ENSG00000172379|chr15:80404389-80404757' had 5 sgRNA group(s) downsampled to combi_cell_num_max=1000 per group. Total cells for disco test: 5010.
  Target 'ENSG00000133794|chr11:13277791-13277895' had 6 sgRNA group(s) downsampled to combi_cell_num_max=1000 per group. Total cells for disco test: 6000.
  Target 'ENSG00000029153|chr12:27332901-27333138' had 3 sgRNA group(s) downsampled to combi_cell_num_max=1000 per group. Total cells for disco test: 4262.
  Target 'ENSG00000004848|chrX:25012852-25013100' had 4 sgRNA group(s) downsampled to combi_cell_num_max=1000 per group. Total cells for disco test: 5422.
  Target 'ENSG00000004848|chrX:25015643-25015955' had 5 sgRNA group(s) downsampled to combi_cell_num_max=1000 per group. Total cells for disco test: 5385.
  Target 'ENSG00000139352|chr12:102957684-102957735' had 3 sgRNA group(s) downsampled to combi_cell_num_max=1000 per group. Total cells for disco test: 3962.
  Target 'ENSG00000183734|chr11:2270949-2271039' had 3 sgRNA group(s) downsampled to combi_cell_num_max=1000 per group. Total cells for disco test: 5545.
  Target 'ENSG00000176009|chr11:8942688-8943006' had 4 sgRNA group(s) downsampled to combi_cell_num_max=1000 per group. Total cells for disco test: 5707.
  Target 'ENSG00000187855|chr12:107774516-107774809' had 4 sgRNA group(s) downsampled to combi_cell_num_max=1000 per group. Total cells for disco test: 4481.
  Target 'ENSG00000232237|chr1:201127066-201127234' had 3 sgRNA group(s) downsampled to combi_cell_num_max=1000 per group. Total cells for disco test: 5098.
  Target 'ENSG00000116539|chr1:155562570-155562756' had 3 sgRNA group(s) downsampled to combi_cell_num_max=1000 per group. Total cells for disco test: 4286.
  Target 'ENSG00000123268|chr12:50764087-50764367' had 5 sgRNA group(s) downsampled to combi_cell_num_max=1000 per group. Total cells for disco test: 5577.
  Target 'ENSG00000115966|chr2:175167692-175168186' had 3 sgRNA group(s) downsampled to combi_cell_num_max=1000 per group. Total cells for disco test: 3739.
  Target 'ENSG00000162772|chr1:212608762-212609035' had 4 sgRNA group(s) downsampled to combi_cell_num_max=1000 per group. Total cells for disco test: 5020.
  Target 'ENSG00000128272|chr22:39520302-39521031' had 4 sgRNA group(s) downsampled to combi_cell_num_max=1000 per group. Total cells for disco test: 4939.
  Target 'ENSG00000118217|chr1:161766403-161766582' had 3 sgRNA group(s) downsampled to combi_cell_num_max=1000 per group. Total cells for disco test: 3843.
  Target 'ENSG00000213676|chr6:32127823-32128168' had 4 sgRNA group(s) downsampled to combi_cell_num_max=1000 per group. Total cells for disco test: 5836.
  Target 'ENSG00000170653|chr12:53625858-53626369' had 4 sgRNA group(s) downsampled to combi_cell_num_max=1000 per group. Total cells for disco test: 4598.
  Target 'ENSG00000166454|chr16:81035828-81036203' had 4 sgRNA group(s) downsampled to combi_cell_num_max=1000 per group. Total cells for disco test: 4568.
  Target 'ENSG00000111676|chr12:6927791-6928248' had 2 sgRNA group(s) downsampled to combi_cell_num_max=1000 per group. Total cells for disco test: 3854.
  Target 'ENSG00000172238|chr4:93828777-93829086' had 5 sgRNA group(s) downsampled to combi_cell_num_max=1000 per group. Total cells for disco test: 5406.
  Target 'ENSG00000179774|chr10:68231719-68232126' had 4 sgRNA group(s) downsampled to combi_cell_num_max=1000 per group. Total cells for disco test: 4903.
  Target 'ENSG00000168874|chr2:85753861-85754514' had 5 sgRNA group(s) downsampled to combi_cell_num_max=1000 per group. Total cells for disco test: 5457.
  Target 'ENSG00000163635|chr3:63864353-63864562' had 3 sgRNA group(s) downsampled to combi_cell_num_max=1000 per group. Total cells for disco test: 4175.
  Target 'ENSG00000163635|chr3:63912488-63912890' had 4 sgRNA group(s) downsampled to combi_cell_num_max=1000 per group. Total cells for disco test: 4948.
  Target 'ENSG00000156273|chr21:29298933-29299392' had 5 sgRNA group(s) downsampled to combi_cell_num_max=1000 per group. Total cells for disco test: 5369.
  Target 'ENSG00000112182|chr6:90296557-90296779' had 4 sgRNA group(s) downsampled to combi_cell_num_max=1000 per group. Total cells for disco test: 5311.
  Target 'ENSG00000125492|chr9:132582161-132582850' had 6 sgRNA group(s) downsampled to combi_cell_num_max=1000 per group. Total cells for disco test: 6000.
  Target 'ENSG00000143032|chr1:90716733-90717303' had 6 sgRNA group(s) downsampled to combi_cell_num_max=1000 per group. Total cells for disco test: 6000.
  Target 'ENSG00000131668|chr9:93955157-93955357' had 2 sgRNA group(s) downsampled to combi_cell_num_max=1000 per group. Total cells for disco test: 3634.
  Target 'ENSG00000043039|chr11:129375645-129376047' had 2 sgRNA group(s) downsampled to combi_cell_num_max=1000 per group. Total cells for disco test: 4823.
  Target 'ENSG00000156127|chr14:75522489-75522572' had 4 sgRNA group(s) downsampled to combi_cell_num_max=1000 per group. Total cells for disco test: 5522.
  Target 'ENSG00000168062|chr11:64996888-64996986' had 6 sgRNA group(s) downsampled to combi_cell_num_max=1000 per group. Total cells for disco test: 6000.
  Target 'ENSG00000123685|chr1:212699536-212699950' had 6 sgRNA group(s) downsampled to combi_cell_num_max=1000 per group. Total cells for disco test: 6000.
  Target 'ENSG00000009954|chr7:73522094-73522291' had 5 sgRNA group(s) downsampled to combi_cell_num_max=1000 per group. Total cells for disco test: 5229.
  Target 'ENSG00000076108|chr12:56630070-56630323' had 5 sgRNA group(s) downsampled to combi_cell_num_max=1000 per group. Total cells for disco test: 5397.
  Target 'ENSG00000076108|chr12:56636114-56636380' had 5 sgRNA group(s) downsampled to combi_cell_num_max=1000 per group. Total cells for disco test: 5689.
  Target 'ENSG00000123636|chr2:159615263-159616092' had 6 sgRNA group(s) downsampled to combi_cell_num_max=1000 per group. Total cells for disco test: 6000.
  Target 'ENSG00000114439|chr3:107522983-107523497' had 3 sgRNA group(s) downsampled to combi_cell_num_max=1000 per group. Total cells for disco test: 4642.
  Target 'ENSG00000119866|chr2:60553025-60553601' had 5 sgRNA group(s) downsampled to combi_cell_num_max=1000 per group. Total cells for disco test: 5608.
  Target 'ENSG00000127152|chr14:99271339-99271702' had 2 sgRNA group(s) downsampled to combi_cell_num_max=1000 per group. Total cells for disco test: 4061.
  Target 'ENSG00000069399|chr19:44748690-44748815' had 2 sgRNA group(s) downsampled to combi_cell_num_max=1000 per group. Total cells for disco test: 3056.
  Target 'ENSG00000113916|chr3:187745312-187745447' had 4 sgRNA group(s) downsampled to combi_cell_num_max=1000 per group. Total cells for disco test: 4565.
  Target 'ENSG00000161940|chr17:7023024-7023499' had 5 sgRNA group(s) downsampled to combi_cell_num_max=1000 per group. Total cells for disco test: 5473.
  Target 'ENSG00000029363|chr6:136289352-136289819' had 5 sgRNA group(s) downsampled to combi_cell_num_max=1000 per group. Total cells for disco test: 5543.
  Target 'ENSG00000145734|chr5:71455663-71455894' had 1 sgRNA group(s) downsampled to combi_cell_num_max=1000 per group. Total cells for disco test: 2099.
  Target 'ENSG00000180535|chr7:98211445-98211525' had 4 sgRNA group(s) downsampled to combi_cell_num_max=1000 per group. Total cells for disco test: 4984.
  Target 'ENSG00000205899|chr17:1270414-1270853' had 4 sgRNA group(s) downsampled to combi_cell_num_max=1000 per group. Total cells for disco test: 4250.
  Target 'ENSG00000198908|chrX:102720710-102721119' had 5 sgRNA group(s) downsampled to combi_cell_num_max=1000 per group. Total cells for disco test: 5702.
  Target 'ENSG00000180828|chr8:64580369-64580448' had 5 sgRNA group(s) downsampled to combi_cell_num_max=1000 per group. Total cells for disco test: 5693.
  Target 'ENSG00000125533|chr20:63006621-63006952' had 6 sgRNA group(s) downsampled to combi_cell_num_max=1000 per group. Total cells for disco test: 6000.
  Target 'ENSG00000134107|chr3:4979339-4979538' had 6 sgRNA group(s) downsampled to combi_cell_num_max=1000 per group. Total cells for disco test: 6000.
  Target 'ENSG00000123095|chr12:26124401-26125025' had 3 sgRNA group(s) downsampled to combi_cell_num_max=1000 per group. Total cells for disco test: 4700.
  Target 'ENSG00000015475|chr22:17774375-17774487' had 5 sgRNA group(s) downsampled to combi_cell_num_max=1000 per group. Total cells for disco test: 5345.
  Target 'ENSG00000117475|chr1:169368201-169368254' had 4 sgRNA group(s) downsampled to combi_cell_num_max=1000 per group. Total cells for disco test: 4681.
  Target 'ENSG00000125845|chr20:6767708-6767829' had 3 sgRNA group(s) downsampled to combi_cell_num_max=1000 per group. Total cells for disco test: 4039.
  Target 'ENSG00000125845|chr20:6770086-6770187' had 5 sgRNA group(s) downsampled to combi_cell_num_max=1000 per group. Total cells for disco test: 5422.
  Target 'ENSG00000169594|chr15:83284408-83284667' had 3 sgRNA group(s) downsampled to combi_cell_num_max=1000 per group. Total cells for disco test: 4235.
  Target 'ENSG00000173068|chr9:16870387-16870788' had 3 sgRNA group(s) downsampled to combi_cell_num_max=1000 per group. Total cells for disco test: 5337.
  Target 'ENSG00000178096|chr1:149886904-149887426' had 3 sgRNA group(s) downsampled to combi_cell_num_max=1000 per group. Total cells for disco test: 3308.
  Target 'ENSG00000178096|chr1:149899571-149899658' had 5 sgRNA group(s) downsampled to combi_cell_num_max=1000 per group. Total cells for disco test: 5979.
  Target 'ENSG00000163170|chr2:74147470-74147929' had 4 sgRNA group(s) downsampled to combi_cell_num_max=1000 per group. Total cells for disco test: 5137.
  Target 'ENSG00000171634|chr17:67825489-67825611' had 4 sgRNA group(s) downsampled to combi_cell_num_max=1000 per group. Total cells for disco test: 5136.
  Target 'ENSG00000104221|chr8:37849632-37849865' had 2 sgRNA group(s) downsampled to combi_cell_num_max=1000 per group. Total cells for disco test: 3596.
  Target 'ENSG00000156983|chr3:9731788-9732237' had 5 sgRNA group(s) downsampled to combi_cell_num_max=1000 per group. Total cells for disco test: 5127.
  Target 'ENSG00000188909|chr11:122981695-122981810' had 3 sgRNA group(s) downsampled to combi_cell_num_max=1000 per group. Total cells for disco test: 4695.
  Target 'ENSG00000188070|chr11:63768516-63768774' had 4 sgRNA group(s) downsampled to combi_cell_num_max=1000 per group. Total cells for disco test: 4497.
  Target 'ENSG00000198715|chr1:156291408-156291546' had 5 sgRNA group(s) downsampled to combi_cell_num_max=1000 per group. Total cells for disco test: 5999.
  Target 'ENSG00000198715|chr1:156295450-156295682' had 4 sgRNA group(s) downsampled to combi_cell_num_max=1000 per group. Total cells for disco test: 5620.
  Target 'ENSG00000171735|chr1:6785486-6785757' had 3 sgRNA group(s) downsampled to combi_cell_num_max=1000 per group. Total cells for disco test: 4390.
  Target 'ENSG00000108509|chr17:4987228-4987616' had 1 sgRNA group(s) downsampled to combi_cell_num_max=1000 per group. Total cells for disco test: 4569.
  Target 'ENSG00000103326|chr16:527699-528035' had 5 sgRNA group(s) downsampled to combi_cell_num_max=1000 per group. Total cells for disco test: 5227.
  Target 'ENSG00000138380|chr2:202912011-202912298' had 4 sgRNA group(s) downsampled to combi_cell_num_max=1000 per group. Total cells for disco test: 4695.
  Target 'ENSG00000153048|chr16:8868922-8869012' had 5 sgRNA group(s) downsampled to combi_cell_num_max=1000 per group. Total cells for disco test: 5554.
  Target 'ENSG00000130940|chr1:10796226-10796602' had 5 sgRNA group(s) downsampled to combi_cell_num_max=1000 per group. Total cells for disco test: 5528.
  Target 'ENSG00000078699|chr20:33490073-33490272' had 3 sgRNA group(s) downsampled to combi_cell_num_max=1000 per group. Total cells for disco test: 3460.
  Target 'ENSG00000129993|chr16:88941114-88941358' had 4 sgRNA group(s) downsampled to combi_cell_num_max=1000 per group. Total cells for disco test: 4202.
  Target 'ENSG00000129993|chr16:88976567-88976982' had 5 sgRNA group(s) downsampled to combi_cell_num_max=1000 per group. Total cells for disco test: 5182.
  Target 'ENSG00000067955|chr16:67029150-67029653' had 4 sgRNA group(s) downsampled to combi_cell_num_max=1000 per group. Total cells for disco test: 5240.
  Target 'ENSG00000110395|chr11:119206273-119206698' had 5 sgRNA group(s) downsampled to combi_cell_num_max=1000 per group. Total cells for disco test: 5227.
  Target 'ENSG00000173894|chr17:79778178-79778629' had 4 sgRNA group(s) downsampled to combi_cell_num_max=1000 per group. Total cells for disco test: 5180.
  Target 'ENSG00000132024|chr19:13906226-13906292' had 4 sgRNA group(s) downsampled to combi_cell_num_max=1000 per group. Total cells for disco test: 5090.
  Target 'ENSG00000250709|chr13:36297716-36297851' had 4 sgRNA group(s) downsampled to combi_cell_num_max=1000 per group. Total cells for disco test: 5529.
  Target 'ENSG00000159588|chr1:45623809-45624041' had 3 sgRNA group(s) downsampled to combi_cell_num_max=1000 per group. Total cells for disco test: 5356.
  Target 'ENSG00000249961|chr16:66800995-66801110' had 4 sgRNA group(s) downsampled to combi_cell_num_max=1000 per group. Total cells for disco test: 5441.
  Target 'ENSG00000082258|chr2:134918534-134918868' had 3 sgRNA group(s) downsampled to combi_cell_num_max=1000 per group. Total cells for disco test: 4792.
  Target 'ENSG00000096401|chr6:44387559-44388219' had 1 sgRNA group(s) downsampled to combi_cell_num_max=1000 per group. Total cells for disco test: 1660.
  Target 'ENSG00000164649|chr7:21945702-21945914' had 3 sgRNA group(s) downsampled to combi_cell_num_max=1000 per group. Total cells for disco test: 4504.
  Target 'ENSG00000089486|chr16:4538326-4538750' had 4 sgRNA group(s) downsampled to combi_cell_num_max=1000 per group. Total cells for disco test: 4747.
  Target 'ENSG00000170312|chr10:60778506-60778982' had 2 sgRNA group(s) downsampled to combi_cell_num_max=1000 per group. Total cells for disco test: 4624.
  Target 'ENSG00000123374|chr12:55966798-55967310' had 2 sgRNA group(s) downsampled to combi_cell_num_max=1000 per group. Total cells for disco test: 3428.
  Target 'ENSG00000134058|chr5:69234849-69235121' had 3 sgRNA group(s) downsampled to combi_cell_num_max=1000 per group. Total cells for disco test: 4614.
  Target 'ENSG00000136807|chr9:127786028-127786596' had 5 sgRNA group(s) downsampled to combi_cell_num_max=1000 per group. Total cells for disco test: 5630.
  Target 'ENSG00000113722|chr5:150166777-150167060' had 6 sgRNA group(s) downsampled to combi_cell_num_max=1000 per group. Total cells for disco test: 6000.
  Target 'ENSG00000165556|chr13:27968887-27969277' had 4 sgRNA group(s) downsampled to combi_cell_num_max=1000 per group. Total cells for disco test: 5191.
  Target 'ENSG00000131264|chrX:73447036-73447127' had 3 sgRNA group(s) downsampled to combi_cell_num_max=1000 per group. Total cells for disco test: 5489.
  Target 'ENSG00000245848|chr19:33302398-33302540' had 3 sgRNA group(s) downsampled to combi_cell_num_max=1000 per group. Total cells for disco test: 4235.
  Target 'ENSG00000172216|chr20:50190831-50191410' had 5 sgRNA group(s) downsampled to combi_cell_num_max=1000 per group. Total cells for disco test: 5991.
  Target 'ENSG00000221869|chr8:47737882-47738152' had 5 sgRNA group(s) downsampled to combi_cell_num_max=1000 per group. Total cells for disco test: 5995.
  Target 'ENSG00000092067|chr14:23118800-23119072' had 5 sgRNA group(s) downsampled to combi_cell_num_max=1000 per group. Total cells for disco test: 5258.
  Target 'ENSG00000153879|chr19:33373314-33374166' had 3 sgRNA group(s) downsampled to combi_cell_num_max=1000 per group. Total cells for disco test: 3309.
  Target 'ENSG00000115816|chr2:37231360-37231620' had 4 sgRNA group(s) downsampled to combi_cell_num_max=1000 per group. Total cells for disco test: 5621.
  Target 'ENSG00000115163|chr2:26764279-26764719' had 5 sgRNA group(s) downsampled to combi_cell_num_max=1000 per group. Total cells for disco test: 5325.
  Target 'ENSG00000125817|chr20:3786303-3786749' had 3 sgRNA group(s) downsampled to combi_cell_num_max=1000 per group. Total cells for disco test: 4889.
  Target 'ENSG00000177946|chr16:89972053-89972506' had 6 sgRNA group(s) downsampled to combi_cell_num_max=1000 per group. Total cells for disco test: 6000.
  Target 'ENSG00000102901|chr16:67833458-67833896' had 3 sgRNA group(s) downsampled to combi_cell_num_max=1000 per group. Total cells for disco test: 4372.
  Target 'ENSG00000163320|chr3:88058882-88059017' had 6 sgRNA group(s) downsampled to combi_cell_num_max=1000 per group. Total cells for disco test: 6000.
  Target 'ENSG00000163320|chr3:88149561-88149871' had 5 sgRNA group(s) downsampled to combi_cell_num_max=1000 per group. Total cells for disco test: 5562.
  Target 'ENSG00000198824|chr13:114314348-114314719' had 3 sgRNA group(s) downsampled to combi_cell_num_max=1000 per group. Total cells for disco test: 4707.
  Target 'ENSG00000106554|chr7:133081758-133082017' had 4 sgRNA group(s) downsampled to combi_cell_num_max=1000 per group. Total cells for disco test: 4725.
  Target 'ENSG00000171316|chr8:60678741-60679080' had 4 sgRNA group(s) downsampled to combi_cell_num_max=1000 per group. Total cells for disco test: 5568.
  Target 'ENSG00000130724|chr19:58554638-58555089' had 1 sgRNA group(s) downsampled to combi_cell_num_max=1000 per group. Total cells for disco test: 1982.
  Target 'ENSG00000079432|chr19:42283973-42284838' had 2 sgRNA group(s) downsampled to combi_cell_num_max=1000 per group. Total cells for disco test: 3407.
  Target 'ENSG00000138433|chr2:174395256-174395707' had 1 sgRNA group(s) downsampled to combi_cell_num_max=1000 per group. Total cells for disco test: 3655.
  Target 'ENSG00000148337|chr9:128191469-128191582' had 1 sgRNA group(s) downsampled to combi_cell_num_max=1000 per group. Total cells for disco test: 3186.
  Target 'ENSG00000134852|chr4:55546719-55546835' had 4 sgRNA group(s) downsampled to combi_cell_num_max=1000 per group. Total cells for disco test: 4610.
  Target 'ENSG00000169714|chr3:129183655-129183900' had 6 sgRNA group(s) downsampled to combi_cell_num_max=1000 per group. Total cells for disco test: 6000.
  Target 'ENSG00000198791|chr8:17246615-17246901' had 3 sgRNA group(s) downsampled to combi_cell_num_max=1000 per group. Total cells for disco test: 5010.
  Target 'ENSG00000155508|chr5:154858527-154858711' had 4 sgRNA group(s) downsampled to combi_cell_num_max=1000 per group. Total cells for disco test: 5347.
  Target 'ENSG00000203667|chr1:244835661-244835879' had 2 sgRNA group(s) downsampled to combi_cell_num_max=1000 per group. Total cells for disco test: 3161.
  Target 'ENSG00000214575|chr15:82628003-82628484' had 5 sgRNA group(s) downsampled to combi_cell_num_max=1000 per group. Total cells for disco test: 5826.
  Target 'ENSG00000214575|chr15:82647585-82648021' had 3 sgRNA group(s) downsampled to combi_cell_num_max=1000 per group. Total cells for disco test: 4012.
  Target 'ENSG00000147183|chrX:88747206-88747317' had 5 sgRNA group(s) downsampled to combi_cell_num_max=1000 per group. Total cells for disco test: 5471.
  Target 'ENSG00000007545|chr16:1612352-1612420' had 4 sgRNA group(s) downsampled to combi_cell_num_max=1000 per group. Total cells for disco test: 5248.
  Target 'ENSG00000007545|chr16:1614195-1614395' had 2 sgRNA group(s) downsampled to combi_cell_num_max=1000 per group. Total cells for disco test: 3571.
  Target 'ENSG00000118260|chr2:207529949-207530028' had 4 sgRNA group(s) downsampled to combi_cell_num_max=1000 per group. Total cells for disco test: 5195.
  Target 'ENSG00000107175|chr9:35732435-35732682' had 5 sgRNA group(s) downsampled to combi_cell_num_max=1000 per group. Total cells for disco test: 5561.
  Target 'ENSG00000157613|chr11:46277718-46278083' had 5 sgRNA group(s) downsampled to combi_cell_num_max=1000 per group. Total cells for disco test: 5567.
  Target 'ENSG00000182158|chr7:138001962-138002089' had 5 sgRNA group(s) downsampled to combi_cell_num_max=1000 per group. Total cells for disco test: 5496.
  Target 'ENSG00000060566|chr19:4153665-4154011' had 2 sgRNA group(s) downsampled to combi_cell_num_max=1000 per group. Total cells for disco test: 3488.
  Target 'ENSG00000143578|chr1:153967871-153968164' had 4 sgRNA group(s) downsampled to combi_cell_num_max=1000 per group. Total cells for disco test: 5284.
  Target 'ENSG00000146592|chr7:28412495-28412719' had 3 sgRNA group(s) downsampled to combi_cell_num_max=1000 per group. Total cells for disco test: 4224.
  Target 'ENSG00000146592|chr7:28435647-28436008' had 5 sgRNA group(s) downsampled to combi_cell_num_max=1000 per group. Total cells for disco test: 5205.
  Target 'ENSG00000005339|chr16:3880184-3880693' had 4 sgRNA group(s) downsampled to combi_cell_num_max=1000 per group. Total cells for disco test: 4108.
  Target 'ENSG00000111269|chr12:12611865-12612099' had 4 sgRNA group(s) downsampled to combi_cell_num_max=1000 per group. Total cells for disco test: 4805.
  Target 'ENSG00000164463|chr5:173056364-173056486' had 4 sgRNA group(s) downsampled to combi_cell_num_max=1000 per group. Total cells for disco test: 5008.
  Target 'ENSG00000164463|chr5:173057409-173057489' had 5 sgRNA group(s) downsampled to combi_cell_num_max=1000 per group. Total cells for disco test: 5789.
  Target 'ENSG00000137504|chr11:85664859-85665112' had 5 sgRNA group(s) downsampled to combi_cell_num_max=1000 per group. Total cells for disco test: 5779.
  Target 'ENSG00000095794|chr10:35127292-35127389' had 2 sgRNA group(s) downsampled to combi_cell_num_max=1000 per group. Total cells for disco test: 3753.
  Target 'ENSG00000105662|chr19:18683705-18683973' had 3 sgRNA group(s) downsampled to combi_cell_num_max=1000 per group. Total cells for disco test: 4779.
  Target 'ENSG00000160741|chr1:153958148-153958647' had 5 sgRNA group(s) downsampled to combi_cell_num_max=1000 per group. Total cells for disco test: 5119.
  Target 'ENSG00000140577|chr15:90529917-90530326' had 1 sgRNA group(s) downsampled to combi_cell_num_max=1000 per group. Total cells for disco test: 4397.
  Target 'ENSG00000105392|chr19:47821957-47822027' had 4 sgRNA group(s) downsampled to combi_cell_num_max=1000 per group. Total cells for disco test: 5070.
  Target 'ENSG00000101266|chr20:543439-543753' had 4 sgRNA group(s) downsampled to combi_cell_num_max=1000 per group. Total cells for disco test: 4470.
  Target 'ENSG00000144655|chr3:39153191-39153573' had 5 sgRNA group(s) downsampled to combi_cell_num_max=1000 per group. Total cells for disco test: 5462.
  Target 'ENSG00000110925|chr12:51083285-51083598' had 4 sgRNA group(s) downsampled to combi_cell_num_max=1000 per group. Total cells for disco test: 5748.
  Target 'ENSG00000178662|chr2:165469718-165470199' had 5 sgRNA group(s) downsampled to combi_cell_num_max=1000 per group. Total cells for disco test: 5561.
  Target 'ENSG00000178662|chr2:165572313-165572445' had 4 sgRNA group(s) downsampled to combi_cell_num_max=1000 per group. Total cells for disco test: 5079.
  Target 'ENSG00000159692|chr4:1248901-1249104' had 4 sgRNA group(s) downsampled to combi_cell_num_max=1000 per group. Total cells for disco test: 5015.
  Target 'ENSG00000175029|chr10:125160815-125161032' had 3 sgRNA group(s) downsampled to combi_cell_num_max=1000 per group. Total cells for disco test: 4888.
  Target 'ENSG00000102974|chr16:67562457-67563048' had 3 sgRNA group(s) downsampled to combi_cell_num_max=1000 per group. Total cells for disco test: 4079.
  Target 'ENSG00000124092|chr20:57524858-57525146' had 4 sgRNA group(s) downsampled to combi_cell_num_max=1000 per group. Total cells for disco test: 4583.
  Target 'ENSG00000168036|chr3:41199511-41199710' had 6 sgRNA group(s) downsampled to combi_cell_num_max=1000 per group. Total cells for disco test: 6000.
  Target 'ENSG00000257923|chr7:101815965-101816347' had 5 sgRNA group(s) downsampled to combi_cell_num_max=1000 per group. Total cells for disco test: 5970.
  Target 'ENSG00000111249|chr12:111033734-111034313' had 4 sgRNA group(s) downsampled to combi_cell_num_max=1000 per group. Total cells for disco test: 4664.
  Target 'ENSG00000154832|chr18:50287456-50287678' had 3 sgRNA group(s) downsampled to combi_cell_num_max=1000 per group. Total cells for disco test: 4343.
  Target 'ENSG00000168772|chr4:104494819-104494900' had 6 sgRNA group(s) downsampled to combi_cell_num_max=1000 per group. Total cells for disco test: 6000.
  Target 'ENSG00000171604|chr5:139648375-139648969' had 4 sgRNA group(s) downsampled to combi_cell_num_max=1000 per group. Total cells for disco test: 5408.
  Target 'ENSG00000276644|chr13:71866817-71867048' had 6 sgRNA group(s) downsampled to combi_cell_num_max=1000 per group. Total cells for disco test: 6000.
  Target 'ENSG00000126733|chrX:86148458-86148746' had 2 sgRNA group(s) downsampled to combi_cell_num_max=1000 per group. Total cells for disco test: 3744.
  Target 'ENSG00000204209|chr6:33320201-33320453' had 5 sgRNA group(s) downsampled to combi_cell_num_max=1000 per group. Total cells for disco test: 5441.
  Target 'ENSG00000204209|chr6:33322835-33322963' had 5 sgRNA group(s) downsampled to combi_cell_num_max=1000 per group. Total cells for disco test: 5682.
  Target 'ENSG00000105516|chr19:48637077-48637385' had 5 sgRNA group(s) downsampled to combi_cell_num_max=1000 per group. Total cells for disco test: 5198.
  Target 'ENSG00000109851|chr11:20160243-20160492' had 3 sgRNA group(s) downsampled to combi_cell_num_max=1000 per group. Total cells for disco test: 5321.
  Target 'ENSG00000185610|chr12:45050884-45051090' had 2 sgRNA group(s) downsampled to combi_cell_num_max=1000 per group. Total cells for disco test: 4215.
  Target 'ENSG00000272886|chr3:53347309-53347535' had 3 sgRNA group(s) downsampled to combi_cell_num_max=1000 per group. Total cells for disco test: 5705.
  Target 'ENSG00000167986|chr11:61313506-61313923' had 5 sgRNA group(s) downsampled to combi_cell_num_max=1000 per group. Total cells for disco test: 5521.
  Target 'ENSG00000167986|chr11:61332691-61333170' had 5 sgRNA group(s) downsampled to combi_cell_num_max=1000 per group. Total cells for disco test: 5000.
  Target 'ENSG00000134574|chr11:47215068-47215282' had 4 sgRNA group(s) downsampled to combi_cell_num_max=1000 per group. Total cells for disco test: 5537.
  Target 'ENSG00000175197|chr12:57520012-57520445' had 5 sgRNA group(s) downsampled to combi_cell_num_max=1000 per group. Total cells for disco test: 5248.
  Target 'ENSG00000177030|chr11:695016-695250' had 4 sgRNA group(s) downsampled to combi_cell_num_max=1000 per group. Total cells for disco test: 5019.
  Target 'ENSG00000124795|chr6:18264115-18264498' had 4 sgRNA group(s) downsampled to combi_cell_num_max=1000 per group. Total cells for disco test: 5250.
  Target 'ENSG00000174485|chr15:65791857-65792268' had 4 sgRNA group(s) downsampled to combi_cell_num_max=1000 per group. Total cells for disco test: 4748.
  Target 'ENSG00000135829|chr1:182839339-182839821' had 4 sgRNA group(s) downsampled to combi_cell_num_max=1000 per group. Total cells for disco test: 5103.
  Target 'ENSG00000144355|chr2:172084789-172085206' had 5 sgRNA group(s) downsampled to combi_cell_num_max=1000 per group. Total cells for disco test: 5889.
  Target 'ENSG00000115844|chr2:172102174-172102883' had 2 sgRNA group(s) downsampled to combi_cell_num_max=1000 per group. Total cells for disco test: 5186.
  Target 'ENSG00000064195|chr17:49994942-49995212' had 6 sgRNA group(s) downsampled to combi_cell_num_max=1000 per group. Total cells for disco test: 6000.
  Target 'ENSG00000108813|chr17:49968574-49969214' had 2 sgRNA group(s) downsampled to combi_cell_num_max=1000 per group. Total cells for disco test: 4192.
  Target 'ENSG00000105880|chr7:97024545-97024840' had 5 sgRNA group(s) downsampled to combi_cell_num_max=1000 per group. Total cells for disco test: 5150.
  Target 'ENSG00000006377|chr7:97005732-97006346' had 5 sgRNA group(s) downsampled to combi_cell_num_max=1000 per group. Total cells for disco test: 5689.
  Target 'ENSG00000178028|chr1:44213473-44213865' had 2 sgRNA group(s) downsampled to combi_cell_num_max=1000 per group. Total cells for disco test: 3455.
  Target 'ENSG00000197587|chr1:46506659-46507174' had 4 sgRNA group(s) downsampled to combi_cell_num_max=1000 per group. Total cells for disco test: 5543.
  Target 'ENSG00000137090|chr9:841745-841956' had 6 sgRNA group(s) downsampled to combi_cell_num_max=1000 per group. Total cells for disco test: 6000.
  Target 'ENSG00000173253|chr9:1050312-1050624' had 3 sgRNA group(s) downsampled to combi_cell_num_max=1000 per group. Total cells for disco test: 5536.
  Target 'ENSG00000064218|chr9:976710-976891' had 5 sgRNA group(s) downsampled to combi_cell_num_max=1000 per group. Total cells for disco test: 5896.
  Target 'ENSG00000176399|chr9:22447064-22447563' had 3 sgRNA group(s) downsampled to combi_cell_num_max=1000 per group. Total cells for disco test: 4186.
  Target 'ENSG00000142700|chr1:50423378-50423475' had 3 sgRNA group(s) downsampled to combi_cell_num_max=1000 per group. Total cells for disco test: 4318.
  Target 'ENSG00000143006|chr1:53459882-53460093' had 5 sgRNA group(s) downsampled to combi_cell_num_max=1000 per group. Total cells for disco test: 5829.
  Target 'ENSG00000142025|chr19:41845109-41845457' had 3 sgRNA group(s) downsampled to combi_cell_num_max=1000 per group. Total cells for disco test: 4939.
  Target 'ENSG00000135164|chr7:87152460-87152889' had 4 sgRNA group(s) downsampled to combi_cell_num_max=1000 per group. Total cells for disco test: 4794.
  Target 'ENSG00000136770|chr10:22003461-22003710' had 3 sgRNA group(s) downsampled to combi_cell_num_max=1000 per group. Total cells for disco test: 4162.
  Target 'ENSG00000105821|chr7:103344313-103344797' had 5 sgRNA group(s) downsampled to combi_cell_num_max=1000 per group. Total cells for disco test: 5845.
  Target 'ENSG00000168724|chr5:34929559-34930047' had 4 sgRNA group(s) downsampled to combi_cell_num_max=1000 per group. Total cells for disco test: 4983.
  Target 'ENSG00000130816|chr19:10194838-10194922' had 4 sgRNA group(s) downsampled to combi_cell_num_max=1000 per group. Total cells for disco test: 5275.
  Target 'ENSG00000101457|chr20:45791972-45792466' had 5 sgRNA group(s) downsampled to combi_cell_num_max=1000 per group. Total cells for disco test: 5226.
  Target 'ENSG00000104885|chr19:2163942-2164426' had 5 sgRNA group(s) downsampled to combi_cell_num_max=1000 per group. Total cells for disco test: 5624.
  Target 'ENSG00000011332|chr19:38224100-38224199' had 2 sgRNA group(s) downsampled to combi_cell_num_max=1000 per group. Total cells for disco test: 4755.
  Target 'ENSG00000011332|chr19:38229237-38229704' had 5 sgRNA group(s) downsampled to combi_cell_num_max=1000 per group. Total cells for disco test: 5626.
  Target 'ENSG00000133884|chr11:65333834-65334289' had 4 sgRNA group(s) downsampled to combi_cell_num_max=1000 per group. Total cells for disco test: 4309.
  Target 'ENSG00000133884|chr11:65341437-65341722' had 5 sgRNA group(s) downsampled to combi_cell_num_max=1000 per group. Total cells for disco test: 5431.
  Target 'ENSG00000205683|chr14:72893624-72894106' had 4 sgRNA group(s) downsampled to combi_cell_num_max=1000 per group. Total cells for disco test: 5763.
  Target 'ENSG00000204595|chr19:53632066-53632262' had 5 sgRNA group(s) downsampled to combi_cell_num_max=1000 per group. Total cells for disco test: 5250.
  Target 'ENSG00000117505|chr1:93345941-93346316' had 5 sgRNA group(s) downsampled to combi_cell_num_max=1000 per group. Total cells for disco test: 5316.
  Target 'ENSG00000175550|chr11:65919262-65919491' had 3 sgRNA group(s) downsampled to combi_cell_num_max=1000 per group. Total cells for disco test: 4473.
  Target 'ENSG00000165606|chr10:49395565-49396084' had 4 sgRNA group(s) downsampled to combi_cell_num_max=1000 per group. Total cells for disco test: 5242.
  Target 'ENSG00000258873|chr19:57167103-57167427' had 5 sgRNA group(s) downsampled to combi_cell_num_max=1000 per group. Total cells for disco test: 5260.
  Target 'ENSG00000134874|chr13:95643045-95644713' had 6 sgRNA group(s) downsampled to combi_cell_num_max=1000 per group. Total cells for disco test: 6000.
  Target 'ENSG00000101412|chr20:33685928-33686384' had 3 sgRNA group(s) downsampled to combi_cell_num_max=1000 per group. Total cells for disco test: 4236.
  Target 'ENSG00000007968|chr1:23531127-23531218' had 6 sgRNA group(s) downsampled to combi_cell_num_max=1000 per group. Total cells for disco test: 6000.
  Target 'ENSG00000112242|chr6:20401910-20401996' had 4 sgRNA group(s) downsampled to combi_cell_num_max=1000 per group. Total cells for disco test: 4932.
  Target 'ENSG00000112242|chr6:20403635-20403854' had 2 sgRNA group(s) downsampled to combi_cell_num_max=1000 per group. Total cells for disco test: 3896.
  Target 'ENSG00000205250|chr16:67192147-67192662' had 4 sgRNA group(s) downsampled to combi_cell_num_max=1000 per group. Total cells for disco test: 4141.
  Target 'ENSG00000133740|chr8:85177154-85177213' had 3 sgRNA group(s) downsampled to combi_cell_num_max=1000 per group. Total cells for disco test: 4312.
  Target 'ENSG00000169016|chr2:11465667-11466184' had 5 sgRNA group(s) downsampled to combi_cell_num_max=1000 per group. Total cells for disco test: 5561.
  Target 'ENSG00000165891|chr12:77065471-77065577' had 5 sgRNA group(s) downsampled to combi_cell_num_max=1000 per group. Total cells for disco test: 5373.
  Target 'ENSG00000129173|chr11:19241177-19241567' had 5 sgRNA group(s) downsampled to combi_cell_num_max=1000 per group. Total cells for disco test: 5516.
  Target 'ENSG00000167967|chr16:2223600-2223962' had 2 sgRNA group(s) downsampled to combi_cell_num_max=1000 per group. Total cells for disco test: 3465.
  Target 'ENSG00000164330|chr5:159099155-159099917' had 4 sgRNA group(s) downsampled to combi_cell_num_max=1000 per group. Total cells for disco test: 4734.
  Target 'ENSG00000221818|chr8:26045114-26045410' had 6 sgRNA group(s) downsampled to combi_cell_num_max=1000 per group. Total cells for disco test: 6000.
  Target 'ENSG00000108001|chr10:129963920-129964285' had 6 sgRNA group(s) downsampled to combi_cell_num_max=1000 per group. Total cells for disco test: 6000.
  Target 'ENSG00000088881|chr20:2692766-2693159' had 4 sgRNA group(s) downsampled to combi_cell_num_max=1000 per group. Total cells for disco test: 5327.
  Target 'ENSG00000102189|chr12:92929090-92929274' had 4 sgRNA group(s) downsampled to combi_cell_num_max=1000 per group. Total cells for disco test: 5637.
  Target 'ENSG00000120738|chr5:138465451-138465943' had 4 sgRNA group(s) downsampled to combi_cell_num_max=1000 per group. Total cells for disco test: 4918.
  Target 'ENSG00000120738|chr5:138468856-138468949' had 5 sgRNA group(s) downsampled to combi_cell_num_max=1000 per group. Total cells for disco test: 5784.
  Target 'ENSG00000122877|chr10:62815914-62816306' had 4 sgRNA group(s) downsampled to combi_cell_num_max=1000 per group. Total cells for disco test: 5281.
  Target 'ENSG00000179388|chr8:22692940-22693464' had 5 sgRNA group(s) downsampled to combi_cell_num_max=1000 per group. Total cells for disco test: 5436.
  Target 'ENSG00000135625|chr2:73293148-73293546' had 5 sgRNA group(s) downsampled to combi_cell_num_max=1000 per group. Total cells for disco test: 5000.
  Target 'ENSG00000135373|chr11:34621107-34621507' had 3 sgRNA group(s) downsampled to combi_cell_num_max=1000 per group. Total cells for disco test: 4317.
  Target 'ENSG00000120690|chr13:41018921-41019317' had 4 sgRNA group(s) downsampled to combi_cell_num_max=1000 per group. Total cells for disco test: 4862.
  Target 'ENSG00000109381|chr4:139177160-139177202' had 3 sgRNA group(s) downsampled to combi_cell_num_max=1000 per group. Total cells for disco test: 4408.
  Target 'ENSG00000163435|chr1:202010633-202010822' had 4 sgRNA group(s) downsampled to combi_cell_num_max=1000 per group. Total cells for disco test: 5736.
  Target 'ENSG00000102034|chrX:130110164-130110816' had 3 sgRNA group(s) downsampled to combi_cell_num_max=1000 per group. Total cells for disco test: 4415.
  Target 'ENSG00000135374|chr11:34513668-34513726' had 6 sgRNA group(s) downsampled to combi_cell_num_max=1000 per group. Total cells for disco test: 6000.
  Target 'ENSG00000126767|chrX:47650499-47650605' had 2 sgRNA group(s) downsampled to combi_cell_num_max=1000 per group. Total cells for disco test: 3660.
  Target 'ENSG00000111145|chr12:96194449-96194911' had 5 sgRNA group(s) downsampled to combi_cell_num_max=1000 per group. Total cells for disco test: 5333.
  Target 'ENSG00000158711|chr1:205631589-205631997' had 5 sgRNA group(s) downsampled to combi_cell_num_max=1000 per group. Total cells for disco test: 5448.
  Target 'ENSG00000156030|chr14:73760063-73760285' had 4 sgRNA group(s) downsampled to combi_cell_num_max=1000 per group. Total cells for disco test: 4469.
  Target 'ENSG00000156030|chr14:73786788-73787138' had 3 sgRNA group(s) downsampled to combi_cell_num_max=1000 per group. Total cells for disco test: 4964.
  Target 'ENSG00000134014|chr8:28093183-28093376' had 1 sgRNA group(s) downsampled to combi_cell_num_max=1000 per group. Total cells for disco test: 3321.
  Target 'ENSG00000135638|chr2:72916331-72916412' had 4 sgRNA group(s) downsampled to combi_cell_num_max=1000 per group. Total cells for disco test: 5419.
  Target 'ENSG00000135638|chr2:72917516-72917748' had 5 sgRNA group(s) downsampled to combi_cell_num_max=1000 per group. Total cells for disco test: 5959.
  Target 'ENSG00000170370|chr10:117542757-117543649' had 4 sgRNA group(s) downsampled to combi_cell_num_max=1000 per group. Total cells for disco test: 4728.
  Target 'ENSG00000163064|chr2:118847273-118847656' had 3 sgRNA group(s) downsampled to combi_cell_num_max=1000 per group. Total cells for disco test: 4370.
  Target 'ENSG00000164778|chr7:155458296-155458363' had 4 sgRNA group(s) downsampled to combi_cell_num_max=1000 per group. Total cells for disco test: 5212.
  Target 'ENSG00000074800|chr1:8878289-8878718' had 3 sgRNA group(s) downsampled to combi_cell_num_max=1000 per group. Total cells for disco test: 4081.
  Target 'ENSG00000163508|chr3:27721831-27722349' had 5 sgRNA group(s) downsampled to combi_cell_num_max=1000 per group. Total cells for disco test: 5237.
  Target 'ENSG00000100393|chr22:41091729-41092903' had 5 sgRNA group(s) downsampled to combi_cell_num_max=1000 per group. Total cells for disco test: 5855.
  Target 'ENSG00000116016|chr2:46297412-46297685' had 4 sgRNA group(s) downsampled to combi_cell_num_max=1000 per group. Total cells for disco test: 4520.
  Target 'ENSG00000104884|chr19:45370298-45370570' had 3 sgRNA group(s) downsampled to combi_cell_num_max=1000 per group. Total cells for disco test: 3168.
  Target 'ENSG00000163161|chr2:127293743-127294138' had 2 sgRNA group(s) downsampled to combi_cell_num_max=1000 per group. Total cells for disco test: 3619.
  Target 'ENSG00000225830|chr10:49538753-49539036' had 5 sgRNA group(s) downsampled to combi_cell_num_max=1000 per group. Total cells for disco test: 5106.
  Target 'ENSG00000049167|chr5:60944795-60945066' had 5 sgRNA group(s) downsampled to combi_cell_num_max=1000 per group. Total cells for disco test: 5021.
  Target 'ENSG00000105722|chr19:42254865-42255168' had 3 sgRNA group(s) downsampled to combi_cell_num_max=1000 per group. Total cells for disco test: 4101.
  Target 'ENSG00000157554|chr21:38498180-38498523' had 6 sgRNA group(s) downsampled to combi_cell_num_max=1000 per group. Total cells for disco test: 6000.
  Target 'ENSG00000157554|chr21:38660770-38660977' had 4 sgRNA group(s) downsampled to combi_cell_num_max=1000 per group. Total cells for disco test: 5119.
  Target 'ENSG00000091831|chr6:151690512-151690666' had 5 sgRNA group(s) downsampled to combi_cell_num_max=1000 per group. Total cells for disco test: 5295.
  Target 'ENSG00000091831|chr6:151807705-151808109' had 3 sgRNA group(s) downsampled to combi_cell_num_max=1000 per group. Total cells for disco test: 3643.
  Target 'ENSG00000140009|chr14:64294125-64294314' had 5 sgRNA group(s) downsampled to combi_cell_num_max=1000 per group. Total cells for disco test: 5532.
  Target 'ENSG00000173153|chr11:64305569-64305723' had 4 sgRNA group(s) downsampled to combi_cell_num_max=1000 per group. Total cells for disco test: 5321.
  Target 'ENSG00000119715|chr14:76407528-76407832' had 6 sgRNA group(s) downsampled to combi_cell_num_max=1000 per group. Total cells for disco test: 6000.
  Target 'ENSG00000196482|chr1:216805031-216805370' had 6 sgRNA group(s) downsampled to combi_cell_num_max=1000 per group. Total cells for disco test: 6000.
  Target 'ENSG00000196482|chr1:216939239-216939607' had 4 sgRNA group(s) downsampled to combi_cell_num_max=1000 per group. Total cells for disco test: 5311.
  Target 'ENSG00000196482|chr1:217076892-217076980' had 6 sgRNA group(s) downsampled to combi_cell_num_max=1000 per group. Total cells for disco test: 6000.
  Target 'ENSG00000196482|chr1:217089641-217089864' had 5 sgRNA group(s) downsampled to combi_cell_num_max=1000 per group. Total cells for disco test: 5796.
  Target 'ENSG00000196482|chr1:217137553-217137785' had 5 sgRNA group(s) downsampled to combi_cell_num_max=1000 per group. Total cells for disco test: 5906.
  Target 'ENSG00000123576|chrX:104254640-104254941' had 4 sgRNA group(s) downsampled to combi_cell_num_max=1000 per group. Total cells for disco test: 5282.
  Target 'ENSG00000120705|chr5:138542792-138543177' had 4 sgRNA group(s) downsampled to combi_cell_num_max=1000 per group. Total cells for disco test: 5322.
  Target 'ENSG00000134954|chr11:128521897-128522369' had 3 sgRNA group(s) downsampled to combi_cell_num_max=1000 per group. Total cells for disco test: 4233.
  Target 'ENSG00000157557|chr21:38805495-38806394' had 4 sgRNA group(s) downsampled to combi_cell_num_max=1000 per group. Total cells for disco test: 4332.
  Target 'ENSG00000006468|chr7:13988864-13989683' had 5 sgRNA group(s) downsampled to combi_cell_num_max=1000 per group. Total cells for disco test: 5669.
  Target 'ENSG00000105672|chr19:35643622-35643885' had 4 sgRNA group(s) downsampled to combi_cell_num_max=1000 per group. Total cells for disco test: 5229.
  Target 'ENSG00000117036|chr1:157138269-157138355' had 4 sgRNA group(s) downsampled to combi_cell_num_max=1000 per group. Total cells for disco test: 5088.
  Target 'ENSG00000253831|chr1:157099693-157099811' had 4 sgRNA group(s) downsampled to combi_cell_num_max=1000 per group. Total cells for disco test: 5365.
  Target 'ENSG00000175832|chr17:43545833-43546456' had 3 sgRNA group(s) downsampled to combi_cell_num_max=1000 per group. Total cells for disco test: 4402.
  Target 'ENSG00000244405|chr3:186108574-186109083' had 5 sgRNA group(s) downsampled to combi_cell_num_max=1000 per group. Total cells for disco test: 5670.
  Target 'ENSG00000139083|chr12:11649771-11650195' had 2 sgRNA group(s) downsampled to combi_cell_num_max=1000 per group. Total cells for disco test: 4286.
  Target 'ENSG00000010030|chr6:36387625-36387679' had 4 sgRNA group(s) downsampled to combi_cell_num_max=1000 per group. Total cells for disco test: 5050.
  Target 'ENSG00000106038|chr7:27242793-27243181' had 5 sgRNA group(s) downsampled to combi_cell_num_max=1000 per group. Total cells for disco test: 5317.
  Target 'ENSG00000174279|chr2:176083458-176083857' had 3 sgRNA group(s) downsampled to combi_cell_num_max=1000 per group. Total cells for disco test: 4970.
  Target 'ENSG00000182944|chr22:29268329-29268752' had 3 sgRNA group(s) downsampled to combi_cell_num_max=1000 per group. Total cells for disco test: 4823.
  Target 'ENSG00000108799|chr17:42744841-42745054' had 3 sgRNA group(s) downsampled to combi_cell_num_max=1000 per group. Total cells for disco test: 4826.
  Target 'ENSG00000106462|chr7:148883770-148884292' had 4 sgRNA group(s) downsampled to combi_cell_num_max=1000 per group. Total cells for disco test: 4789.
  Target 'ENSG00000164334|chr5:119629564-119629861' had 6 sgRNA group(s) downsampled to combi_cell_num_max=1000 per group. Total cells for disco test: 6000.
  Target 'ENSG00000237765|chr4:15681799-15682063' had 6 sgRNA group(s) downsampled to combi_cell_num_max=1000 per group. Total cells for disco test: 6000.
  Target 'ENSG00000099364|chr16:30923626-30923909' had 5 sgRNA group(s) downsampled to combi_cell_num_max=1000 per group. Total cells for disco test: 5849.
  Target 'ENSG00000214050|chr8:28489987-28490234' had 4 sgRNA group(s) downsampled to combi_cell_num_max=1000 per group. Total cells for disco test: 5481.
  Target 'ENSG00000146618|chr7:19145629-19145876' had 4 sgRNA group(s) downsampled to combi_cell_num_max=1000 per group. Total cells for disco test: 5450.
  Target 'ENSG00000163497|chr2:218983882-218985182' had 4 sgRNA group(s) downsampled to combi_cell_num_max=1000 per group. Total cells for disco test: 5438.
  Target 'ENSG00000128610|chr7:122304437-122304738' had 4 sgRNA group(s) downsampled to combi_cell_num_max=1000 per group. Total cells for disco test: 4965.
  Target 'ENSG00000153266|chr3:62373460-62373555' had 3 sgRNA group(s) downsampled to combi_cell_num_max=1000 per group. Total cells for disco test: 5166.
  Target 'ENSG00000186895|chr11:69818975-69819415' had 6 sgRNA group(s) downsampled to combi_cell_num_max=1000 per group. Total cells for disco test: 6000.
  Target 'ENSG00000183733|chr2:70790394-70790673' had 3 sgRNA group(s) downsampled to combi_cell_num_max=1000 per group. Total cells for disco test: 3794.
  Target 'ENSG00000179943|chr19:55599431-55599556' had 2 sgRNA group(s) downsampled to combi_cell_num_max=1000 per group. Total cells for disco test: 2952.
  Target 'ENSG00000151702|chr11:128694114-128694329' had 5 sgRNA group(s) downsampled to combi_cell_num_max=1000 per group. Total cells for disco test: 5521.
  Target 'ENSG00000059122|chr16:2911990-2912420' had 4 sgRNA group(s) downsampled to combi_cell_num_max=1000 per group. Total cells for disco test: 5093.
  Target 'ENSG00000170345|chr14:75278820-75279100' had 1 sgRNA group(s) downsampled to combi_cell_num_max=1000 per group. Total cells for disco test: 4776.
  Target 'ENSG00000170345|chr14:75280037-75280107' had 5 sgRNA group(s) downsampled to combi_cell_num_max=1000 per group. Total cells for disco test: 5551.
  Target 'ENSG00000125740|chr19:45468003-45468329' had 3 sgRNA group(s) downsampled to combi_cell_num_max=1000 per group. Total cells for disco test: 4282.
  Target 'ENSG00000125740|chr19:45469465-45469561' had 5 sgRNA group(s) downsampled to combi_cell_num_max=1000 per group. Total cells for disco test: 5200.
  Target 'ENSG00000175592|chr11:65899942-65900368' had 4 sgRNA group(s) downsampled to combi_cell_num_max=1000 per group. Total cells for disco test: 4844.
  Target 'ENSG00000075426|chr2:28392854-28393581' had 4 sgRNA group(s) downsampled to combi_cell_num_max=1000 per group. Total cells for disco test: 5627.
  Target 'ENSG00000129514|chr14:37594968-37595266' had 5 sgRNA group(s) downsampled to combi_cell_num_max=1000 per group. Total cells for disco test: 5273.
  Target 'ENSG00000125798|chr20:22584176-22584755' had 6 sgRNA group(s) downsampled to combi_cell_num_max=1000 per group. Total cells for disco test: 6000.
  Target 'ENSG00000170608|chr19:45864323-45864514' had 3 sgRNA group(s) downsampled to combi_cell_num_max=1000 per group. Total cells for disco test: 4454.
  Target 'ENSG00000171956|chr15:60004259-60004691' had 6 sgRNA group(s) downsampled to combi_cell_num_max=1000 per group. Total cells for disco test: 6000.
  Target 'ENSG00000204612|chr9:77019667-77019902' had 5 sgRNA group(s) downsampled to combi_cell_num_max=1000 per group. Total cells for disco test: 5311.
  Target 'ENSG00000054598|chr6:1610046-1610654' had 5 sgRNA group(s) downsampled to combi_cell_num_max=1000 per group. Total cells for disco test: 5382.
  Target 'ENSG00000176692|chr16:86566897-86567430' had 5 sgRNA group(s) downsampled to combi_cell_num_max=1000 per group. Total cells for disco test: 5519.
  Target 'ENSG00000251493|chr5:73448566-73448760' had 2 sgRNA group(s) downsampled to combi_cell_num_max=1000 per group. Total cells for disco test: 4564.
  Target 'ENSG00000186564|chr1:47438322-47438400' had 4 sgRNA group(s) downsampled to combi_cell_num_max=1000 per group. Total cells for disco test: 4486.
  Target 'ENSG00000187140|chr1:63322574-63322815' had 3 sgRNA group(s) downsampled to combi_cell_num_max=1000 per group. Total cells for disco test: 5490.
  Target 'ENSG00000187140|chr1:63323785-63323898' had 5 sgRNA group(s) downsampled to combi_cell_num_max=1000 per group. Total cells for disco test: 5193.
  Target 'ENSG00000184492|chr2:113499201-113499570' had 4 sgRNA group(s) downsampled to combi_cell_num_max=1000 per group. Total cells for disco test: 4578.
  Target 'ENSG00000178919|chr9:97853228-97853325' had 6 sgRNA group(s) downsampled to combi_cell_num_max=1000 per group. Total cells for disco test: 6000.
  Target 'ENSG00000186790|chr1:47416298-47416368' had 5 sgRNA group(s) downsampled to combi_cell_num_max=1000 per group. Total cells for disco test: 5304.
  Target 'ENSG00000103241|chr16:86510098-86510607' had 5 sgRNA group(s) downsampled to combi_cell_num_max=1000 per group. Total cells for disco test: 5829.
  Target 'ENSG00000137273|chr6:1389578-1389958' had 4 sgRNA group(s) downsampled to combi_cell_num_max=1000 per group. Total cells for disco test: 5116.
  Target 'ENSG00000176165|chr14:28766760-28766892' had 5 sgRNA group(s) downsampled to combi_cell_num_max=1000 per group. Total cells for disco test: 5615.
  Target 'ENSG00000160973|chr8:144475400-144475825' had 3 sgRNA group(s) downsampled to combi_cell_num_max=1000 per group. Total cells for disco test: 4636.
  Target 'ENSG00000168269|chr5:170105955-170106198' had 2 sgRNA group(s) downsampled to combi_cell_num_max=1000 per group. Total cells for disco test: 4271.
  Target 'ENSG00000186766|chr10:127737198-127737604' had 5 sgRNA group(s) downsampled to combi_cell_num_max=1000 per group. Total cells for disco test: 5707.
  Target 'ENSG00000214336|chr2:88452300-88452696' had 4 sgRNA group(s) downsampled to combi_cell_num_max=1000 per group. Total cells for disco test: 5048.
  Target 'ENSG00000129654|chr17:76140958-76141301' had 4 sgRNA group(s) downsampled to combi_cell_num_max=1000 per group. Total cells for disco test: 5842.
  Target 'ENSG00000065970|chr12:8032745-8032811' had 4 sgRNA group(s) downsampled to combi_cell_num_max=1000 per group. Total cells for disco test: 5729.
  Target 'ENSG00000198815|chr1:42335120-42335225' had 4 sgRNA group(s) downsampled to combi_cell_num_max=1000 per group. Total cells for disco test: 5378.
  Target 'ENSG00000164916|chr7:4682291-4682795' had 6 sgRNA group(s) downsampled to combi_cell_num_max=1000 per group. Total cells for disco test: 6000.
  Target 'ENSG00000141568|chr17:82519786-82520143' had 5 sgRNA group(s) downsampled to combi_cell_num_max=1000 per group. Total cells for disco test: 5893.
  Target 'ENSG00000176678|chr16:86578758-86578941' had 3 sgRNA group(s) downsampled to combi_cell_num_max=1000 per group. Total cells for disco test: 4987.
  Target 'ENSG00000183770|chr3:138946904-138947128' had 3 sgRNA group(s) downsampled to combi_cell_num_max=1000 per group. Total cells for disco test: 3956.
  Target 'ENSG00000111206|chr12:2876684-2877164' had 5 sgRNA group(s) downsampled to combi_cell_num_max=1000 per group. Total cells for disco test: 5326.
  Target 'ENSG00000109101|chr17:28506259-28506588' had 4 sgRNA group(s) downsampled to combi_cell_num_max=1000 per group. Total cells for disco test: 4962.
  Target 'ENSG00000170802|chr2:48314704-48315130' had 6 sgRNA group(s) downsampled to combi_cell_num_max=1000 per group. Total cells for disco test: 6000.
  Target 'ENSG00000053254|chr14:89416760-89417237' had 2 sgRNA group(s) downsampled to combi_cell_num_max=1000 per group. Total cells for disco test: 3562.
  Target 'ENSG00000053254|chr14:89618942-89619160' had 4 sgRNA group(s) downsampled to combi_cell_num_max=1000 per group. Total cells for disco test: 5088.
  Target 'ENSG00000139445|chr12:109309163-109309277' had 4 sgRNA group(s) downsampled to combi_cell_num_max=1000 per group. Total cells for disco test: 4609.
  Target 'ENSG00000150907|chr13:40666236-40666644' had 6 sgRNA group(s) downsampled to combi_cell_num_max=1000 per group. Total cells for disco test: 6000.
  Target 'ENSG00000118689|chr6:108559819-108560248' had 2 sgRNA group(s) downsampled to combi_cell_num_max=1000 per group. Total cells for disco test: 3966.
  Target 'ENSG00000118689|chr6:108560893-108561192' had 5 sgRNA group(s) downsampled to combi_cell_num_max=1000 per group. Total cells for disco test: 5460.
  Target 'ENSG00000184481|chrX:71095999-71096251' had 4 sgRNA group(s) downsampled to combi_cell_num_max=1000 per group. Total cells for disco test: 4846.
  Target 'ENSG00000204060|chr1:41361492-41362182' had 4 sgRNA group(s) downsampled to combi_cell_num_max=1000 per group. Total cells for disco test: 5058.
  Target 'ENSG00000114861|chr3:71244600-71245176' had 4 sgRNA group(s) downsampled to combi_cell_num_max=1000 per group. Total cells for disco test: 4481.
  Target 'ENSG00000114861|chr3:71543111-71543526' had 4 sgRNA group(s) downsampled to combi_cell_num_max=1000 per group. Total cells for disco test: 4402.
  Target 'ENSG00000114861|chr3:71583570-71583806' had 2 sgRNA group(s) downsampled to combi_cell_num_max=1000 per group. Total cells for disco test: 2483.
  Target 'ENSG00000114861|chr3:71583768-71583971' had 3 sgRNA group(s) downsampled to combi_cell_num_max=1000 per group. Total cells for disco test: 3000.
  Target 'ENSG00000128573|chr7:114414365-114414739' had 6 sgRNA group(s) downsampled to combi_cell_num_max=1000 per group. Total cells for disco test: 6000.
  Target 'ENSG00000128573|chr7:114415016-114415540' had 6 sgRNA group(s) downsampled to combi_cell_num_max=1000 per group. Total cells for disco test: 6000.
  Target 'ENSG00000049768|chrX:49264466-49264684' had 5 sgRNA group(s) downsampled to combi_cell_num_max=1000 per group. Total cells for disco test: 5000.
  Target 'ENSG00000137166|chr6:41546382-41546629' had 2 sgRNA group(s) downsampled to combi_cell_num_max=1000 per group. Total cells for disco test: 3719.
  Target 'ENSG00000164379|chr6:1312072-1312320' had 3 sgRNA group(s) downsampled to combi_cell_num_max=1000 per group. Total cells for disco test: 4349.
  Target 'ENSG00000176302|chr11:118971752-118972000' had 5 sgRNA group(s) downsampled to combi_cell_num_max=1000 per group. Total cells for disco test: 5797.
  Target 'ENSG00000189299|chrX:55623405-55623829' had 6 sgRNA group(s) downsampled to combi_cell_num_max=1000 per group. Total cells for disco test: 6000.
  Target 'ENSG00000179772|chr20:31845280-31845580' had 5 sgRNA group(s) downsampled to combi_cell_num_max=1000 per group. Total cells for disco test: 5209.
  Target 'ENSG00000162613|chr1:77978618-77979051' had 4 sgRNA group(s) downsampled to combi_cell_num_max=1000 per group. Total cells for disco test: 5321.
  Target 'ENSG00000107164|chr9:130579043-130579844' had 3 sgRNA group(s) downsampled to combi_cell_num_max=1000 per group. Total cells for disco test: 4419.
  Target 'ENSG00000165060|chr9:69035708-69036096' had 1 sgRNA group(s) downsampled to combi_cell_num_max=1000 per group. Total cells for disco test: 1875.
  Target 'ENSG00000154727|chr21:25734968-25735591' had 3 sgRNA group(s) downsampled to combi_cell_num_max=1000 per group. Total cells for disco test: 4386.
  Target 'ENSG00000104064|chr15:50354626-50355055' had 5 sgRNA group(s) downsampled to combi_cell_num_max=1000 per group. Total cells for disco test: 5585.
  Target 'ENSG00000007237|chr17:10198513-10198751' had 5 sgRNA group(s) downsampled to combi_cell_num_max=1000 per group. Total cells for disco test: 5489.
  Target 'ENSG00000102145|chrX:48786581-48786724' had 3 sgRNA group(s) downsampled to combi_cell_num_max=1000 per group. Total cells for disco test: 4256.
  Target 'ENSG00000179348|chr3:128487497-128487936' had 3 sgRNA group(s) downsampled to combi_cell_num_max=1000 per group. Total cells for disco test: 3968.
  Target 'ENSG00000179348|chr3:128492779-128493177' had 4 sgRNA group(s) downsampled to combi_cell_num_max=1000 per group. Total cells for disco test: 4852.
  Target 'ENSG00000107485|chr10:8054872-8055251' had 5 sgRNA group(s) downsampled to combi_cell_num_max=1000 per group. Total cells for disco test: 5242.
  Target 'ENSG00000136574|chr8:11704145-11704289' had 5 sgRNA group(s) downsampled to combi_cell_num_max=1000 per group. Total cells for disco test: 5113.
  Target 'ENSG00000130700|chr20:62475626-62475994' had 4 sgRNA group(s) downsampled to combi_cell_num_max=1000 per group. Total cells for disco test: 5012.
  Target 'ENSG00000141448|chr18:22169605-22169694' had 4 sgRNA group(s) downsampled to combi_cell_num_max=1000 per group. Total cells for disco test: 4399.
  Target 'ENSG00000157259|chr7:92447490-92447660' had 6 sgRNA group(s) downsampled to combi_cell_num_max=1000 per group. Total cells for disco test: 6000.
  Target 'ENSG00000167491|chr19:19385794-19386104' had 2 sgRNA group(s) downsampled to combi_cell_num_max=1000 per group. Total cells for disco test: 5082.
  Target 'ENSG00000167491|chr19:19405761-19406238' had 4 sgRNA group(s) downsampled to combi_cell_num_max=1000 per group. Total cells for disco test: 4611.
  Target 'ENSG00000143614|chr1:153922304-153922915' had 5 sgRNA group(s) downsampled to combi_cell_num_max=1000 per group. Total cells for disco test: 5223.
  Target 'ENSG00000164900|chr7:151167377-151167693' had 4 sgRNA group(s) downsampled to combi_cell_num_max=1000 per group. Total cells for disco test: 5536.
  Target 'ENSG00000164900|chr7:151174474-151174742' had 5 sgRNA group(s) downsampled to combi_cell_num_max=1000 per group. Total cells for disco test: 5210.
  Target 'ENSG00000168505|chr2:236167979-236168369' had 2 sgRNA group(s) downsampled to combi_cell_num_max=1000 per group. Total cells for disco test: 4879.
  Target 'ENSG00000005436|chr2:75710658-75710900' had 5 sgRNA group(s) downsampled to combi_cell_num_max=1000 per group. Total cells for disco test: 5215.
  Target 'ENSG00000137270|chr6:53148549-53148807' had 5 sgRNA group(s) downsampled to combi_cell_num_max=1000 per group. Total cells for disco test: 5380.
  Target 'ENSG00000124827|chr6:10881968-10882048' had 4 sgRNA group(s) downsampled to combi_cell_num_max=1000 per group. Total cells for disco test: 4137.
  Target 'ENSG00000162676|chr1:92483544-92483800' had 5 sgRNA group(s) downsampled to combi_cell_num_max=1000 per group. Total cells for disco test: 5502.
  Target 'ENSG00000162676|chr1:92485858-92486030' had 5 sgRNA group(s) downsampled to combi_cell_num_max=1000 per group. Total cells for disco test: 5309.
  Target 'ENSG00000165702|chr9:132978740-132978816' had 6 sgRNA group(s) downsampled to combi_cell_num_max=1000 per group. Total cells for disco test: 6000.
  Target 'ENSG00000111087|chr12:57459778-57459898' had 4 sgRNA group(s) downsampled to combi_cell_num_max=1000 per group. Total cells for disco test: 5047.
  Target 'ENSG00000074047|chr2:120792263-120792502' had 5 sgRNA group(s) downsampled to combi_cell_num_max=1000 per group. Total cells for disco test: 5828.
  Target 'ENSG00000074047|chr2:120797294-120797385' had 5 sgRNA group(s) downsampled to combi_cell_num_max=1000 per group. Total cells for disco test: 5785.
  Target 'ENSG00000106571|chr7:42236803-42237178' had 4 sgRNA group(s) downsampled to combi_cell_num_max=1000 per group. Total cells for disco test: 5649.
  Target 'ENSG00000250571|chr8:143267464-143267554' had 3 sgRNA group(s) downsampled to combi_cell_num_max=1000 per group. Total cells for disco test: 4823.
  Target 'ENSG00000174332|chr1:53733856-53734135' had 6 sgRNA group(s) downsampled to combi_cell_num_max=1000 per group. Total cells for disco test: 6000.
  Target 'ENSG00000126603|chr16:4334854-4335075' had 5 sgRNA group(s) downsampled to combi_cell_num_max=1000 per group. Total cells for disco test: 5096.
  Target 'ENSG00000107249|chr9:4299836-4300078' had 4 sgRNA group(s) downsampled to combi_cell_num_max=1000 per group. Total cells for disco test: 4883.
  Target 'ENSG00000140632|chr16:4847114-4847305' had 6 sgRNA group(s) downsampled to combi_cell_num_max=1000 per group. Total cells for disco test: 6000.
  Target 'ENSG00000162419|chr1:28668819-28669201' had 4 sgRNA group(s) downsampled to combi_cell_num_max=1000 per group. Total cells for disco test: 4338.
  Target 'ENSG00000101216|chr20:63626713-63627073' had 4 sgRNA group(s) downsampled to combi_cell_num_max=1000 per group. Total cells for disco test: 4717.
  Target 'ENSG00000116580|chr1:155856958-155857187' had 4 sgRNA group(s) downsampled to combi_cell_num_max=1000 per group. Total cells for disco test: 4768.
  Target 'ENSG00000116580|chr1:155859293-155859373' had 5 sgRNA group(s) downsampled to combi_cell_num_max=1000 per group. Total cells for disco test: 5187.
  Target 'ENSG00000062194|chr5:57173821-57174338' had 6 sgRNA group(s) downsampled to combi_cell_num_max=1000 per group. Total cells for disco test: 6000.
  Target 'ENSG00000159592|chr1:45686266-45686835' had 5 sgRNA group(s) downsampled to combi_cell_num_max=1000 per group. Total cells for disco test: 5471.
  Target 'ENSG00000134317|chr2:9951703-9951788' had 3 sgRNA group(s) downsampled to combi_cell_num_max=1000 per group. Total cells for disco test: 4065.
  Target 'ENSG00000083307|chr8:101492459-101493230' had 6 sgRNA group(s) downsampled to combi_cell_num_max=1000 per group. Total cells for disco test: 6000.
  Target 'ENSG00000158055|chr1:24319344-24319961' had 4 sgRNA group(s) downsampled to combi_cell_num_max=1000 per group. Total cells for disco test: 5573.
  Target 'ENSG00000133937|chr14:94769612-94770077' had 3 sgRNA group(s) downsampled to combi_cell_num_max=1000 per group. Total cells for disco test: 3890.
  Target 'ENSG00000063515|chr22:19149909-19150251' had 4 sgRNA group(s) downsampled to combi_cell_num_max=1000 per group. Total cells for disco test: 4601.
  Target 'ENSG00000169840|chr13:27792500-27792755' had 3 sgRNA group(s) downsampled to combi_cell_num_max=1000 per group. Total cells for disco test: 5378.
  Target 'ENSG00000180613|chr4:54100171-54100269' had 3 sgRNA group(s) downsampled to combi_cell_num_max=1000 per group. Total cells for disco test: 4487.
  Target 'ENSG00000165417|chr14:81220447-81220931' had 4 sgRNA group(s) downsampled to combi_cell_num_max=1000 per group. Total cells for disco test: 5012.
  Target 'ENSG00000242441|chr2:48617809-48617927' had 4 sgRNA group(s) downsampled to combi_cell_num_max=1000 per group. Total cells for disco test: 5285.
  Target 'ENSG00000140307|chr15:59657160-59657490' had 3 sgRNA group(s) downsampled to combi_cell_num_max=1000 per group. Total cells for disco test: 3513.
  Target 'ENSG00000153767|chr3:120742738-120742974' had 5 sgRNA group(s) downsampled to combi_cell_num_max=1000 per group. Total cells for disco test: 5925.
  Target 'ENSG00000125651|chr19:6393083-6393145' had 2 sgRNA group(s) downsampled to combi_cell_num_max=1000 per group. Total cells for disco test: 2646.
  Target 'ENSG00000188342|chr13:45120463-45120684' had 2 sgRNA group(s) downsampled to combi_cell_num_max=1000 per group. Total cells for disco test: 3221.
  Target 'ENSG00000110768|chr11:18322583-18322852' had 3 sgRNA group(s) downsampled to combi_cell_num_max=1000 per group. Total cells for disco test: 4082.
  Target 'ENSG00000111358|chr12:123633820-123633924' had 3 sgRNA group(s) downsampled to combi_cell_num_max=1000 per group. Total cells for disco test: 4808.
  Target 'ENSG00000263001|chr7:74657753-74657931' had 4 sgRNA group(s) downsampled to combi_cell_num_max=1000 per group. Total cells for disco test: 4577.
  Target 'ENSG00000006704|chr7:74453961-74454260' had 2 sgRNA group(s) downsampled to combi_cell_num_max=1000 per group. Total cells for disco test: 3692.
  Target 'ENSG00000122034|chr13:27424631-27425138' had 5 sgRNA group(s) downsampled to combi_cell_num_max=1000 per group. Total cells for disco test: 5353.
  Target 'ENSG00000125812|chr20:23362171-23362428' had 4 sgRNA group(s) downsampled to combi_cell_num_max=1000 per group. Total cells for disco test: 4968.
  Target 'ENSG00000113196|chr5:154477779-154478204' had 4 sgRNA group(s) downsampled to combi_cell_num_max=1000 per group. Total cells for disco test: 4543.
  Target 'ENSG00000164107|chr4:173528891-173529006' had 6 sgRNA group(s) downsampled to combi_cell_num_max=1000 per group. Total cells for disco test: 6000.
  Target 'ENSG00000164107|chr4:173529737-173530186' had 4 sgRNA group(s) downsampled to combi_cell_num_max=1000 per group. Total cells for disco test: 5527.
  Target 'ENSG00000105856|chr7:107168995-107169087' had 5 sgRNA group(s) downsampled to combi_cell_num_max=1000 per group. Total cells for disco test: 5343.
  Target 'ENSG00000172534|chrX:153971169-153971773' had 5 sgRNA group(s) downsampled to combi_cell_num_max=1000 per group. Total cells for disco test: 5206.
  Target 'ENSG00000180353|chr3:121660717-121660913' had 5 sgRNA group(s) downsampled to combi_cell_num_max=1000 per group. Total cells for disco test: 5211.
  Target 'ENSG00000116478|chr1:32292127-32292611' had 4 sgRNA group(s) downsampled to combi_cell_num_max=1000 per group. Total cells for disco test: 4953.
  Target 'ENSG00000171720|chr5:141636432-141636870' had 5 sgRNA group(s) downsampled to combi_cell_num_max=1000 per group. Total cells for disco test: 5762.
  Target 'ENSG00000068024|chr2:239400976-239401445' had 5 sgRNA group(s) downsampled to combi_cell_num_max=1000 per group. Total cells for disco test: 5778.
  Target 'ENSG00000108840|chr17:44123413-44123610' had 4 sgRNA group(s) downsampled to combi_cell_num_max=1000 per group. Total cells for disco test: 5707.
  Target 'ENSG00000143321|chr1:156751590-156751714' had 2 sgRNA group(s) downsampled to combi_cell_num_max=1000 per group. Total cells for disco test: 4684.
  Target 'ENSG00000165259|chrX:84502155-84502455' had 5 sgRNA group(s) downsampled to combi_cell_num_max=1000 per group. Total cells for disco test: 5463.
  Target 'ENSG00000187821|chr4:185018653-185018922' had 5 sgRNA group(s) downsampled to combi_cell_num_max=1000 per group. Total cells for disco test: 5217.
  Target 'ENSG00000130589|chr20:63563711-63564077' had 4 sgRNA group(s) downsampled to combi_cell_num_max=1000 per group. Total cells for disco test: 5047.
  Target 'ENSG00000130589|chr20:63573740-63574263' had 1 sgRNA group(s) downsampled to combi_cell_num_max=1000 per group. Total cells for disco test: 2902.
  Target 'ENSG00000114315|chr3:194136116-194136223' had 3 sgRNA group(s) downsampled to combi_cell_num_max=1000 per group. Total cells for disco test: 3834.
  Target 'ENSG00000069812|chr1:6419843-6419931' had 3 sgRNA group(s) downsampled to combi_cell_num_max=1000 per group. Total cells for disco test: 4518.
  Target 'ENSG00000069812|chr1:6424593-6424687' had 4 sgRNA group(s) downsampled to combi_cell_num_max=1000 per group. Total cells for disco test: 5677.
  Target 'ENSG00000173673|chr1:6244174-6244263' had 5 sgRNA group(s) downsampled to combi_cell_num_max=1000 per group. Total cells for disco test: 5177.
  Target 'ENSG00000188290|chr1:1000005-1000088' had 2 sgRNA group(s) downsampled to combi_cell_num_max=1000 per group. Total cells for disco test: 4884.
  Target 'ENSG00000197921|chr1:2530052-2530291' had 4 sgRNA group(s) downsampled to combi_cell_num_max=1000 per group. Total cells for disco test: 4714.
  Target 'ENSG00000144485|chr2:238239969-238240617' had 5 sgRNA group(s) downsampled to combi_cell_num_max=1000 per group. Total cells for disco test: 5407.
  Target 'ENSG00000179111|chr17:8123848-8124113' had 5 sgRNA group(s) downsampled to combi_cell_num_max=1000 per group. Total cells for disco test: 5134.
  Target 'ENSG00000163666|chr3:57199735-57199988' had 6 sgRNA group(s) downsampled to combi_cell_num_max=1000 per group. Total cells for disco test: 6000.
  Target 'ENSG00000163666|chr3:57226215-57226365' had 5 sgRNA group(s) downsampled to combi_cell_num_max=1000 per group. Total cells for disco test: 5455.
  Target 'ENSG00000164683|chr8:79767421-79767778' had 1 sgRNA group(s) downsampled to combi_cell_num_max=1000 per group. Total cells for disco test: 4284.
  Target 'ENSG00000135547|chr6:125749605-125749835' had 4 sgRNA group(s) downsampled to combi_cell_num_max=1000 per group. Total cells for disco test: 5742.
  Target 'ENSG00000163909|chr1:39639444-39639662' had 5 sgRNA group(s) downsampled to combi_cell_num_max=1000 per group. Total cells for disco test: 5217.
  Target 'ENSG00000152804|chr10:92689947-92690197' had 3 sgRNA group(s) downsampled to combi_cell_num_max=1000 per group. Total cells for disco test: 4630.
  Target 'ENSG00000177374|chr17:2055106-2055552' had 5 sgRNA group(s) downsampled to combi_cell_num_max=1000 per group. Total cells for disco test: 5100.
  Target 'ENSG00000100644|chr14:61695519-61695623' had 5 sgRNA group(s) downsampled to combi_cell_num_max=1000 per group. Total cells for disco test: 5474.
  Target 'ENSG00000124440|chr19:46297059-46297321' had 3 sgRNA group(s) downsampled to combi_cell_num_max=1000 per group. Total cells for disco test: 3885.
  Target 'ENSG00000124440|chr19:46298414-46298614' had 4 sgRNA group(s) downsampled to combi_cell_num_max=1000 per group. Total cells for disco test: 4790.
  Target 'ENSG00000100084|chr22:19431326-19431744' had 3 sgRNA group(s) downsampled to combi_cell_num_max=1000 per group. Total cells for disco test: 4238.
  Target 'ENSG00000100084|chr22:19447438-19447706' had 3 sgRNA group(s) downsampled to combi_cell_num_max=1000 per group. Total cells for disco test: 4170.
  Target 'ENSG00000095951|chr6:12011754-12012053' had 1 sgRNA group(s) downsampled to combi_cell_num_max=1000 per group. Total cells for disco test: 3363.
  Target 'ENSG00000010818|chr6:142944844-142945215' had 6 sgRNA group(s) downsampled to combi_cell_num_max=1000 per group. Total cells for disco test: 6000.
  Target 'ENSG00000127124|chr1:41700740-41700991' had 4 sgRNA group(s) downsampled to combi_cell_num_max=1000 per group. Total cells for disco test: 5677.
  Target 'ENSG00000127124|chr1:41918239-41918685' had 3 sgRNA group(s) downsampled to combi_cell_num_max=1000 per group. Total cells for disco test: 3209.
  Target 'ENSG00000127124|chr1:41918442-41918911' had 2 sgRNA group(s) downsampled to combi_cell_num_max=1000 per group. Total cells for disco test: 3583.
  Target 'ENSG00000181666|chr19:37317887-37318080' had 2 sgRNA group(s) downsampled to combi_cell_num_max=1000 per group. Total cells for disco test: 4759.
  Target 'ENSG00000181666|chr19:37334666-37334753' had 5 sgRNA group(s) downsampled to combi_cell_num_max=1000 per group. Total cells for disco test: 5613.
  Target 'ENSG00000108924|chr17:55264965-55265243' had 4 sgRNA group(s) downsampled to combi_cell_num_max=1000 per group. Total cells for disco test: 5198.
  Target 'ENSG00000108924|chr17:55267646-55268015' had 5 sgRNA group(s) downsampled to combi_cell_num_max=1000 per group. Total cells for disco test: 5442.
  Target 'ENSG00000071794|chr3:149086130-149086516' had 4 sgRNA group(s) downsampled to combi_cell_num_max=1000 per group. Total cells for disco test: 5343.
  Target 'ENSG00000136630|chr1:220879449-220879923' had 3 sgRNA group(s) downsampled to combi_cell_num_max=1000 per group. Total cells for disco test: 5587.
  Target 'ENSG00000147421|chr8:28890364-28890676' had 6 sgRNA group(s) downsampled to combi_cell_num_max=1000 per group. Total cells for disco test: 6000.
  Target 'ENSG00000140382|chr15:77420898-77421124' had 5 sgRNA group(s) downsampled to combi_cell_num_max=1000 per group. Total cells for disco test: 5628.
  Target 'ENSG00000064961|chr19:3572949-3573433' had 4 sgRNA group(s) downsampled to combi_cell_num_max=1000 per group. Total cells for disco test: 4195.
  Target 'ENSG00000064961|chr19:3574338-3574459' had 5 sgRNA group(s) downsampled to combi_cell_num_max=1000 per group. Total cells for disco test: 5615.
  Target 'ENSG00000137309|chr6:34236888-34237214' had 4 sgRNA group(s) downsampled to combi_cell_num_max=1000 per group. Total cells for disco test: 5605.
  Target 'ENSG00000149948|chr12:65825064-65825322' had 6 sgRNA group(s) downsampled to combi_cell_num_max=1000 per group. Total cells for disco test: 6000.
  Target 'ENSG00000189403|chr13:30465527-30465967' had 2 sgRNA group(s) downsampled to combi_cell_num_max=1000 per group. Total cells for disco test: 3729.
  Target 'ENSG00000189403|chr13:30617290-30617542' had 3 sgRNA group(s) downsampled to combi_cell_num_max=1000 per group. Total cells for disco test: 4019.
  Target 'ENSG00000164104|chr4:173334068-173334400' had 4 sgRNA group(s) downsampled to combi_cell_num_max=1000 per group. Total cells for disco test: 5149.
  Target 'ENSG00000029993|chrX:150983336-150983720' had 3 sgRNA group(s) downsampled to combi_cell_num_max=1000 per group. Total cells for disco test: 4072.
  Target 'ENSG00000176256|chr1:33864063-33864313' had 5 sgRNA group(s) downsampled to combi_cell_num_max=1000 per group. Total cells for disco test: 5825.
  Target 'ENSG00000198830|chr1:26472410-26472894' had 6 sgRNA group(s) downsampled to combi_cell_num_max=1000 per group. Total cells for disco test: 6000.
  Target 'ENSG00000118418|chr6:79234445-79234745' had 4 sgRNA group(s) downsampled to combi_cell_num_max=1000 per group. Total cells for disco test: 5488.
  Target 'ENSG00000113716|chr5:150000722-150000805' had 4 sgRNA group(s) downsampled to combi_cell_num_max=1000 per group. Total cells for disco test: 5067.
  Target 'ENSG00000100281|chr22:35257503-35257569' had 5 sgRNA group(s) downsampled to combi_cell_num_max=1000 per group. Total cells for disco test: 5247.
  Target 'ENSG00000215612|chr4:8871797-8872020' had 6 sgRNA group(s) downsampled to combi_cell_num_max=1000 per group. Total cells for disco test: 6000.
  Target 'ENSG00000188816|chr10:123148104-123148228' had 1 sgRNA group(s) downsampled to combi_cell_num_max=1000 per group. Total cells for disco test: 3783.
  Target 'ENSG00000188620|chr10:123135982-123136378' had 2 sgRNA group(s) downsampled to combi_cell_num_max=1000 per group. Total cells for disco test: 4278.
  Target 'ENSG00000135100|chr12:120978550-120979137' had 5 sgRNA group(s) downsampled to combi_cell_num_max=1000 per group. Total cells for disco test: 5895.
  Target 'ENSG00000275410|chr17:37744991-37745045' had 2 sgRNA group(s) downsampled to combi_cell_num_max=1000 per group. Total cells for disco test: 3945.
  Target 'ENSG00000101076|chr20:44401209-44401495' had 3 sgRNA group(s) downsampled to combi_cell_num_max=1000 per group. Total cells for disco test: 4156.
  Target 'ENSG00000164749|chr8:75407668-75408098' had 5 sgRNA group(s) downsampled to combi_cell_num_max=1000 per group. Total cells for disco test: 5826.
  Target 'ENSG00000164749|chr8:75539906-75540159' had 4 sgRNA group(s) downsampled to combi_cell_num_max=1000 per group. Total cells for disco test: 5036.
  Target 'ENSG00000165119|chr9:83979739-83980623' had 6 sgRNA group(s) downsampled to combi_cell_num_max=1000 per group. Total cells for disco test: 6000.
  Target 'ENSG00000153187|chr1:244864256-244864499' had 6 sgRNA group(s) downsampled to combi_cell_num_max=1000 per group. Total cells for disco test: 6000.
  Target 'ENSG00000290292|chr14:23285859-23286119' had 3 sgRNA group(s) downsampled to combi_cell_num_max=1000 per group. Total cells for disco test: 5116.
  Target 'ENSG00000171476|chr4:56655786-56656017' had 5 sgRNA group(s) downsampled to combi_cell_num_max=1000 per group. Total cells for disco test: 5893.
  Target 'ENSG00000171476|chr4:56680799-56681284' had 3 sgRNA group(s) downsampled to combi_cell_num_max=1000 per group. Total cells for disco test: 4927.
  Target 'ENSG00000105991|chr7:27095656-27095993' had 4 sgRNA group(s) downsampled to combi_cell_num_max=1000 per group. Total cells for disco test: 4276.
  Target 'ENSG00000253293|chr7:27174026-27174311' had 3 sgRNA group(s) downsampled to combi_cell_num_max=1000 per group. Total cells for disco test: 4550.
  Target 'ENSG00000005073|chr7:27184970-27185227' had 6 sgRNA group(s) downsampled to combi_cell_num_max=1000 per group. Total cells for disco test: 6000.
  Target 'ENSG00000106031|chr7:27199662-27200051' had 5 sgRNA group(s) downsampled to combi_cell_num_max=1000 per group. Total cells for disco test: 5367.
  Target 'ENSG00000105996|chr7:27102197-27102676' had 5 sgRNA group(s) downsampled to combi_cell_num_max=1000 per group. Total cells for disco test: 5531.
  Target 'ENSG00000105997|chr7:27113585-27113843' had 6 sgRNA group(s) downsampled to combi_cell_num_max=1000 per group. Total cells for disco test: 6000.
  Target 'ENSG00000105997|chr7:27152320-27152554' had 5 sgRNA group(s) downsampled to combi_cell_num_max=1000 per group. Total cells for disco test: 5213.
  Target 'ENSG00000197576|chr7:27129987-27130680' had 6 sgRNA group(s) downsampled to combi_cell_num_max=1000 per group. Total cells for disco test: 6000.
  Target 'ENSG00000106004|chr7:27143401-27143501' had 5 sgRNA group(s) downsampled to combi_cell_num_max=1000 per group. Total cells for disco test: 5468.
  Target 'ENSG00000106006|chr7:27150721-27150961' had 5 sgRNA group(s) downsampled to combi_cell_num_max=1000 per group. Total cells for disco test: 5400.
  Target 'ENSG00000122592|chr7:27156333-27156706' had 6 sgRNA group(s) downsampled to combi_cell_num_max=1000 per group. Total cells for disco test: 6000.
  Target 'ENSG00000078399|chr7:27165269-27165544' had 3 sgRNA group(s) downsampled to combi_cell_num_max=1000 per group. Total cells for disco test: 4803.
  Target 'ENSG00000120094|chr17:48530907-48531019' had 4 sgRNA group(s) downsampled to combi_cell_num_max=1000 per group. Total cells for disco test: 5056.
  Target 'ENSG00000159184|chr17:48728263-48728679' had 3 sgRNA group(s) downsampled to combi_cell_num_max=1000 per group. Total cells for disco test: 4313.
  Target 'ENSG00000173917|chr17:48544532-48546021' had 3 sgRNA group(s) downsampled to combi_cell_num_max=1000 per group. Total cells for disco test: 4152.
  Target 'ENSG00000120093|chr17:48589980-48590235' had 4 sgRNA group(s) downsampled to combi_cell_num_max=1000 per group. Total cells for disco test: 4412.
  Target 'ENSG00000182742|chr17:48577853-48578451' had 3 sgRNA group(s) downsampled to combi_cell_num_max=1000 per group. Total cells for disco test: 5008.
  Target 'ENSG00000120075|chr17:48593315-48593697' had 3 sgRNA group(s) downsampled to combi_cell_num_max=1000 per group. Total cells for disco test: 3959.
  Target 'ENSG00000108511|chr17:48597963-48598204' had 4 sgRNA group(s) downsampled to combi_cell_num_max=1000 per group. Total cells for disco test: 5083.
  Target 'ENSG00000108511|chr17:48604687-48604981' had 4 sgRNA group(s) downsampled to combi_cell_num_max=1000 per group. Total cells for disco test: 5005.
  Target 'ENSG00000260027|chr17:48610567-48610938' had 5 sgRNA group(s) downsampled to combi_cell_num_max=1000 per group. Total cells for disco test: 5798.
  Target 'ENSG00000120068|chr17:48613218-48613484' had 4 sgRNA group(s) downsampled to combi_cell_num_max=1000 per group. Total cells for disco test: 5493.
  Target 'ENSG00000120068|chr17:48614728-48615052' had 6 sgRNA group(s) downsampled to combi_cell_num_max=1000 per group. Total cells for disco test: 6000.
  Target 'ENSG00000170689|chr17:48626080-48626373' had 4 sgRNA group(s) downsampled to combi_cell_num_max=1000 per group. Total cells for disco test: 4902.
  Target 'ENSG00000180818|chr12:53985176-53985432' had 4 sgRNA group(s) downsampled to combi_cell_num_max=1000 per group. Total cells for disco test: 5405.
  Target 'ENSG00000123388|chr12:53973243-53973465' had 3 sgRNA group(s) downsampled to combi_cell_num_max=1000 per group. Total cells for disco test: 4970.
  Target 'ENSG00000123407|chr12:53954897-53955178' had 5 sgRNA group(s) downsampled to combi_cell_num_max=1000 per group. Total cells for disco test: 5000.
  Target 'ENSG00000123364|chr12:53938848-53939296' had 6 sgRNA group(s) downsampled to combi_cell_num_max=1000 per group. Total cells for disco test: 6000.
  Target 'ENSG00000198353|chr12:54053840-54054486' had 6 sgRNA group(s) downsampled to combi_cell_num_max=1000 per group. Total cells for disco test: 6000.
  Target 'ENSG00000172789|chr12:54016889-54017344' had 2 sgRNA group(s) downsampled to combi_cell_num_max=1000 per group. Total cells for disco test: 2000.
  Target 'ENSG00000197757|chr12:54016889-54017041' had 2 sgRNA group(s) downsampled to combi_cell_num_max=1000 per group. Total cells for disco test: 2000.
  Target 'ENSG00000037965|chr12:54008945-54009252' had 3 sgRNA group(s) downsampled to combi_cell_num_max=1000 per group. Total cells for disco test: 4759.
  Target 'ENSG00000180806|chr12:54000184-54000560' had 5 sgRNA group(s) downsampled to combi_cell_num_max=1000 per group. Total cells for disco test: 5127.
  Target 'ENSG00000128645|chr2:176188658-176188906' had 4 sgRNA group(s) downsampled to combi_cell_num_max=1000 per group. Total cells for disco test: 5004.
  Target 'ENSG00000128710|chr2:176108768-176108905' had 5 sgRNA group(s) downsampled to combi_cell_num_max=1000 per group. Total cells for disco test: 5185.
  Target 'ENSG00000128710|chr2:176116780-176117283' had 4 sgRNA group(s) downsampled to combi_cell_num_max=1000 per group. Total cells for disco test: 4409.
  Target 'ENSG00000128713|chr2:176104538-176104952' had 3 sgRNA group(s) downsampled to combi_cell_num_max=1000 per group. Total cells for disco test: 4756.
  Target 'ENSG00000170178|chr2:176099808-176100181' had 5 sgRNA group(s) downsampled to combi_cell_num_max=1000 per group. Total cells for disco test: 5990.
  Target 'ENSG00000128714|chr2:176092704-176093139' had 4 sgRNA group(s) downsampled to combi_cell_num_max=1000 per group. Total cells for disco test: 5339.
  Target 'ENSG00000128652|chr2:176136581-176136839' had 3 sgRNA group(s) downsampled to combi_cell_num_max=1000 per group. Total cells for disco test: 4724.
  Target 'ENSG00000170166|chr2:176151634-176151821' had 5 sgRNA group(s) downsampled to combi_cell_num_max=1000 per group. Total cells for disco test: 5977.
  Target 'ENSG00000175879|chr2:176129726-176130632' had 3 sgRNA group(s) downsampled to combi_cell_num_max=1000 per group. Total cells for disco test: 4933.
  Target 'ENSG00000128709|chr2:176122703-176123019' had 4 sgRNA group(s) downsampled to combi_cell_num_max=1000 per group. Total cells for disco test: 4854.
  Target 'ENSG00000168453|chr8:22130604-22131016' had 5 sgRNA group(s) downsampled to combi_cell_num_max=1000 per group. Total cells for disco test: 5779.
  Target 'ENSG00000168453|chr8:22133281-22133384' had 3 sgRNA group(s) downsampled to combi_cell_num_max=1000 per group. Total cells for disco test: 4829.
  Target 'ENSG00000185122|chr8:144291598-144292018' had 5 sgRNA group(s) downsampled to combi_cell_num_max=1000 per group. Total cells for disco test: 5666.
  Target 'ENSG00000025156|chr6:122399639-122399881' had 4 sgRNA group(s) downsampled to combi_cell_num_max=1000 per group. Total cells for disco test: 5133.
  Target 'ENSG00000102878|chr16:67163614-67165117' had 4 sgRNA group(s) downsampled to combi_cell_num_max=1000 per group. Total cells for disco test: 4320.
  Target 'ENSG00000176160|chr17:58488319-58488401' had 5 sgRNA group(s) downsampled to combi_cell_num_max=1000 per group. Total cells for disco test: 5186.
  Target 'ENSG00000125968|chr20:31605319-31605530' had 5 sgRNA group(s) downsampled to combi_cell_num_max=1000 per group. Total cells for disco test: 5837.
  Target 'ENSG00000115738|chr2:8679225-8679485' had 3 sgRNA group(s) downsampled to combi_cell_num_max=1000 per group. Total cells for disco test: 3794.
  Target 'ENSG00000115738|chr2:8682041-8682266' had 2 sgRNA group(s) downsampled to combi_cell_num_max=1000 per group. Total cells for disco test: 3591.
  Target 'ENSG00000117318|chr1:23559248-23559534' had 6 sgRNA group(s) downsampled to combi_cell_num_max=1000 per group. Total cells for disco test: 6000.
  Target 'ENSG00000172201|chr6:19837361-19837496' had 3 sgRNA group(s) downsampled to combi_cell_num_max=1000 per group. Total cells for disco test: 3922.
  Target 'ENSG00000163565|chr1:159009908-159010226' had 5 sgRNA group(s) downsampled to combi_cell_num_max=1000 per group. Total cells for disco test: 5311.
  Target 'ENSG00000146678|chr7:45888502-45888774' had 4 sgRNA group(s) downsampled to combi_cell_num_max=1000 per group. Total cells for disco test: 5125.
  Target 'ENSG00000132740|chr11:68903896-68904164' had 3 sgRNA group(s) downsampled to combi_cell_num_max=1000 per group. Total cells for disco test: 3976.
  Target 'ENSG00000185811|chr7:50304289-50304799' had 2 sgRNA group(s) downsampled to combi_cell_num_max=1000 per group. Total cells for disco test: 3699.
  Target 'ENSG00000030419|chr2:213150244-213150412' had 3 sgRNA group(s) downsampled to combi_cell_num_max=1000 per group. Total cells for disco test: 5022.
  Target 'ENSG00000030419|chr2:213151504-213151604' had 6 sgRNA group(s) downsampled to combi_cell_num_max=1000 per group. Total cells for disco test: 6000.
  Target 'ENSG00000161405|chr17:39863853-39864215' had 6 sgRNA group(s) downsampled to combi_cell_num_max=1000 per group. Total cells for disco test: 6000.
  Target 'ENSG00000123411|chr12:56007477-56007732' had 4 sgRNA group(s) downsampled to combi_cell_num_max=1000 per group. Total cells for disco test: 5043.
  Target 'ENSG00000123411|chr12:56021506-56021570' had 4 sgRNA group(s) downsampled to combi_cell_num_max=1000 per group. Total cells for disco test: 5336.
  Target 'ENSG00000095574|chr10:123008585-123008786' had 5 sgRNA group(s) downsampled to combi_cell_num_max=1000 per group. Total cells for disco test: 5714.
  Target 'ENSG00000143621|chr1:153670768-153670991' had 3 sgRNA group(s) downsampled to combi_cell_num_max=1000 per group. Total cells for disco test: 4214.
  Target 'ENSG00000129351|chr19:10654324-10654389' had 3 sgRNA group(s) downsampled to combi_cell_num_max=1000 per group. Total cells for disco test: 4744.
  Target 'ENSG00000153487|chr13:110713704-110714184' had 5 sgRNA group(s) downsampled to combi_cell_num_max=1000 per group. Total cells for disco test: 5663.
  Target 'ENSG00000153487|chr13:110715839-110716259' had 2 sgRNA group(s) downsampled to combi_cell_num_max=1000 per group. Total cells for disco test: 3668.
  Target 'ENSG00000111653|chr12:6662864-6663154' had 5 sgRNA group(s) downsampled to combi_cell_num_max=1000 per group. Total cells for disco test: 5604.
  Target 'ENSG00000173404|chr20:20367876-20368580' had 4 sgRNA group(s) downsampled to combi_cell_num_max=1000 per group. Total cells for disco test: 4877.
  Target 'ENSG00000168348|chr14:35534144-35534376' had 5 sgRNA group(s) downsampled to combi_cell_num_max=1000 per group. Total cells for disco test: 5592.
  Target 'ENSG00000125347|chr5:132490578-132490777' had 6 sgRNA group(s) downsampled to combi_cell_num_max=1000 per group. Total cells for disco test: 6000.
  Target 'ENSG00000168310|chr4:184474320-184474567' had 6 sgRNA group(s) downsampled to combi_cell_num_max=1000 per group. Total cells for disco test: 6000.
  Target 'ENSG00000126456|chr19:49665547-49665842' had 4 sgRNA group(s) downsampled to combi_cell_num_max=1000 per group. Total cells for disco test: 5227.
  Target 'ENSG00000137265|chr6:391762-391959' had 2 sgRNA group(s) downsampled to combi_cell_num_max=1000 per group. Total cells for disco test: 3590.
  Target 'ENSG00000137265|chr6:393212-393284' had 5 sgRNA group(s) downsampled to combi_cell_num_max=1000 per group. Total cells for disco test: 5725.
  Target 'ENSG00000128604|chr7:128937935-128938196' had 5 sgRNA group(s) downsampled to combi_cell_num_max=1000 per group. Total cells for disco test: 5120.
  Target 'ENSG00000128604|chr7:128940738-128941254' had 3 sgRNA group(s) downsampled to combi_cell_num_max=1000 per group. Total cells for disco test: 4096.
  Target 'ENSG00000117595|chr1:209805880-209806138' had 5 sgRNA group(s) downsampled to combi_cell_num_max=1000 per group. Total cells for disco test: 5126.
  Target 'ENSG00000185507|chr11:615694-615935' had 5 sgRNA group(s) downsampled to combi_cell_num_max=1000 per group. Total cells for disco test: 5585.
  Target 'ENSG00000140968|chr16:85899166-85899243' had 3 sgRNA group(s) downsampled to combi_cell_num_max=1000 per group. Total cells for disco test: 4538.
  Target 'ENSG00000213928|chr14:24161242-24161780' had 5 sgRNA group(s) downsampled to combi_cell_num_max=1000 per group. Total cells for disco test: 5097.
  Target 'ENSG00000170549|chr5:3595910-3596299' had 2 sgRNA group(s) downsampled to combi_cell_num_max=1000 per group. Total cells for disco test: 4103.
  Target 'ENSG00000170561|chr5:2751254-2751657' had 3 sgRNA group(s) downsampled to combi_cell_num_max=1000 per group. Total cells for disco test: 4657.
  Target 'ENSG00000177508|chr16:54286504-54286764' had 5 sgRNA group(s) downsampled to combi_cell_num_max=1000 per group. Total cells for disco test: 5626.
  Target 'ENSG00000113430|chr5:1886503-1886946' had 2 sgRNA group(s) downsampled to combi_cell_num_max=1000 per group. Total cells for disco test: 3789.
  Target 'ENSG00000176842|chr16:54930906-54931449' had 4 sgRNA group(s) downsampled to combi_cell_num_max=1000 per group. Total cells for disco test: 4646.
  Target 'ENSG00000159387|chr16:55324224-55324395' had 5 sgRNA group(s) downsampled to combi_cell_num_max=1000 per group. Total cells for disco test: 5552.
  Target 'ENSG00000016082|chr5:51383449-51383518' had 3 sgRNA group(s) downsampled to combi_cell_num_max=1000 per group. Total cells for disco test: 4766.
  Target 'ENSG00000016082|chr5:51386159-51386479' had 5 sgRNA group(s) downsampled to combi_cell_num_max=1000 per group. Total cells for disco test: 5964.
  Target 'ENSG00000159556|chr15:76336768-76337169' had 6 sgRNA group(s) downsampled to combi_cell_num_max=1000 per group. Total cells for disco test: 6000.
  Target 'ENSG00000175329|chr22:35066158-35066389' had 4 sgRNA group(s) downsampled to combi_cell_num_max=1000 per group. Total cells for disco test: 4565.
  Target 'ENSG00000153814|chr7:28180329-28180765' had 4 sgRNA group(s) downsampled to combi_cell_num_max=1000 per group. Total cells for disco test: 4604.
  Target 'ENSG00000140044|chr14:75427713-75428080' had 3 sgRNA group(s) downsampled to combi_cell_num_max=1000 per group. Total cells for disco test: 4902.
  Target 'ENSG00000234616|chr8:142669693-142670009' had 3 sgRNA group(s) downsampled to combi_cell_num_max=1000 per group. Total cells for disco test: 4186.
  Target 'ENSG00000234616|chr8:142681895-142681996' had 3 sgRNA group(s) downsampled to combi_cell_num_max=1000 per group. Total cells for disco test: 4900.
  Target 'ENSG00000183340|chr11:96390024-96390237' had 4 sgRNA group(s) downsampled to combi_cell_num_max=1000 per group. Total cells for disco test: 4832.
  Target 'ENSG00000177606|chr1:58783693-58784032' had 4 sgRNA group(s) downsampled to combi_cell_num_max=1000 per group. Total cells for disco test: 5308.
  Target 'ENSG00000171223|chr19:12791480-12791693' had 5 sgRNA group(s) downsampled to combi_cell_num_max=1000 per group. Total cells for disco test: 5422.
  Target 'ENSG00000130522|chr19:18281310-18281622' had 4 sgRNA group(s) downsampled to combi_cell_num_max=1000 per group. Total cells for disco test: 5029.
  Target 'ENSG00000173801|chr17:41785955-41786707' had 5 sgRNA group(s) downsampled to combi_cell_num_max=1000 per group. Total cells for disco test: 5123.
  Target 'ENSG00000108773|chr17:42121038-42121356' had 4 sgRNA group(s) downsampled to combi_cell_num_max=1000 per group. Total cells for disco test: 5360.
  Target 'ENSG00000136504|chr17:49788711-49789118' had 4 sgRNA group(s) downsampled to combi_cell_num_max=1000 per group. Total cells for disco test: 5085.
  Target 'ENSG00000176407|chr2:84971165-84971663' had 2 sgRNA group(s) downsampled to combi_cell_num_max=1000 per group. Total cells for disco test: 5365.
  Target 'ENSG00000115041|chr2:95346509-95346970' had 3 sgRNA group(s) downsampled to combi_cell_num_max=1000 per group. Total cells for disco test: 4433.
  Target 'ENSG00000173120|chr11:67119259-67119335' had 5 sgRNA group(s) downsampled to combi_cell_num_max=1000 per group. Total cells for disco test: 5930.
  Target 'ENSG00000089094|chr12:121580497-121580577' had 3 sgRNA group(s) downsampled to combi_cell_num_max=1000 per group. Total cells for disco test: 4335.
  Target 'ENSG00000089094|chr12:121580716-121581067' had 4 sgRNA group(s) downsampled to combi_cell_num_max=1000 per group. Total cells for disco test: 5063.
  Target 'ENSG00000107077|chr9:6758033-6758359' had 5 sgRNA group(s) downsampled to combi_cell_num_max=1000 per group. Total cells for disco test: 5182.
  Target 'ENSG00000235268|chr11:95025301-95025529' had 4 sgRNA group(s) downsampled to combi_cell_num_max=1000 per group. Total cells for disco test: 4809.
  Target 'ENSG00000117139|chr1:202808200-202808400' had 5 sgRNA group(s) downsampled to combi_cell_num_max=1000 per group. Total cells for disco test: 5327.
  Target 'ENSG00000126012|chrX:53224936-53225167' had 5 sgRNA group(s) downsampled to combi_cell_num_max=1000 per group. Total cells for disco test: 5985.
  Target 'ENSG00000122778|chr7:138981054-138981477' had 4 sgRNA group(s) downsampled to combi_cell_num_max=1000 per group. Total cells for disco test: 4634.
  Target 'ENSG00000176542|chr3:113696560-113696618' had 4 sgRNA group(s) downsampled to combi_cell_num_max=1000 per group. Total cells for disco test: 4723.
  Target 'ENSG00000151657|chr10:7787585-7787993' had 5 sgRNA group(s) downsampled to combi_cell_num_max=1000 per group. Total cells for disco test: 5842.
  Target 'ENSG00000105610|chr19:12886990-12887223' had 3 sgRNA group(s) downsampled to combi_cell_num_max=1000 per group. Total cells for disco test: 4564.
  Target 'ENSG00000155090|chr8:102653367-102653853' had 3 sgRNA group(s) downsampled to combi_cell_num_max=1000 per group. Total cells for disco test: 4552.
  Target 'ENSG00000155090|chr8:102655616-102655842' had 4 sgRNA group(s) downsampled to combi_cell_num_max=1000 per group. Total cells for disco test: 4805.
  Target 'ENSG00000172059|chr2:10043563-10044261' had 3 sgRNA group(s) downsampled to combi_cell_num_max=1000 per group. Total cells for disco test: 4168.
  Target 'ENSG00000118922|chr13:74134068-74134396' had 4 sgRNA group(s) downsampled to combi_cell_num_max=1000 per group. Total cells for disco test: 5120.
  Target 'ENSG00000169926|chr15:31326875-31327247' had 6 sgRNA group(s) downsampled to combi_cell_num_max=1000 per group. Total cells for disco test: 6000.
  Target 'ENSG00000266265|chr7:130733721-130734048' had 4 sgRNA group(s) downsampled to combi_cell_num_max=1000 per group. Total cells for disco test: 4963.
  Target 'ENSG00000163884|chr3:126357131-126357370' had 3 sgRNA group(s) downsampled to combi_cell_num_max=1000 per group. Total cells for disco test: 4033.
  Target 'ENSG00000129911|chr19:1863088-1863584' had 3 sgRNA group(s) downsampled to combi_cell_num_max=1000 per group. Total cells for disco test: 4137.
  Target 'ENSG00000171872|chr1:44118838-44119110' had 4 sgRNA group(s) downsampled to combi_cell_num_max=1000 per group. Total cells for disco test: 4784.
  Target 'ENSG00000127528|chr19:16324879-16325244' had 6 sgRNA group(s) downsampled to combi_cell_num_max=1000 per group. Total cells for disco test: 6000.
  Target 'ENSG00000109787|chr4:38664155-38664415' had 3 sgRNA group(s) downsampled to combi_cell_num_max=1000 per group. Total cells for disco test: 3801.
  Target 'ENSG00000136826|chr9:107488190-107488449' had 4 sgRNA group(s) downsampled to combi_cell_num_max=1000 per group. Total cells for disco test: 5600.
  Target 'ENSG00000136826|chr9:107489474-107489768' had 3 sgRNA group(s) downsampled to combi_cell_num_max=1000 per group. Total cells for disco test: 5348.
  Target 'ENSG00000102554|chr13:73059023-73059214' had 6 sgRNA group(s) downsampled to combi_cell_num_max=1000 per group. Total cells for disco test: 6000.
  Target 'ENSG00000067082|chr10:3784753-3784999' had 5 sgRNA group(s) downsampled to combi_cell_num_max=1000 per group. Total cells for disco test: 5857.
  Target 'ENSG00000118263|chr2:207165468-207166504' had 3 sgRNA group(s) downsampled to combi_cell_num_max=1000 per group. Total cells for disco test: 4578.
  Target 'ENSG00000102349|chrX:56232404-56232501' had 6 sgRNA group(s) downsampled to combi_cell_num_max=1000 per group. Total cells for disco test: 6000.
  Target 'ENSG00000119138|chr9:70413671-70413952' had 4 sgRNA group(s) downsampled to combi_cell_num_max=1000 per group. Total cells for disco test: 5719.
  Target 'ENSG00000139187|chr12:8989657-8989818' had 3 sgRNA group(s) downsampled to combi_cell_num_max=1000 per group. Total cells for disco test: 4519.
  Target 'ENSG00000118058|chr11:118436485-118436914' had 4 sgRNA group(s) downsampled to combi_cell_num_max=1000 per group. Total cells for disco test: 5533.
  Target 'ENSG00000272333|chr19:35717990-35718384' had 5 sgRNA group(s) downsampled to combi_cell_num_max=1000 per group. Total cells for disco test: 5150.
  Target 'ENSG00000272333|chr19:35720238-35720437' had 5 sgRNA group(s) downsampled to combi_cell_num_max=1000 per group. Total cells for disco test: 5642.
  Target 'ENSG00000185513|chr20:43507694-43507924' had 2 sgRNA group(s) downsampled to combi_cell_num_max=1000 per group. Total cells for disco test: 2978.
  Target 'ENSG00000185513|chr20:43514461-43514530' had 3 sgRNA group(s) downsampled to combi_cell_num_max=1000 per group. Total cells for disco test: 3984.
  Target 'ENSG00000198945|chr6:130018564-130018680' had 4 sgRNA group(s) downsampled to combi_cell_num_max=1000 per group. Total cells for disco test: 5097.
  Target 'ENSG00000154655|chr18:6414824-6414920' had 2 sgRNA group(s) downsampled to combi_cell_num_max=1000 per group. Total cells for disco test: 3598.
  Target 'ENSG00000138136|chr10:101228725-101229478' had 5 sgRNA group(s) downsampled to combi_cell_num_max=1000 per group. Total cells for disco test: 5697.
  Target 'ENSG00000179528|chr2:74503066-74503343' had 5 sgRNA group(s) downsampled to combi_cell_num_max=1000 per group. Total cells for disco test: 5105.
  Target 'ENSG00000196233|chr10:96832285-96833236' had 3 sgRNA group(s) downsampled to combi_cell_num_max=1000 per group. Total cells for disco test: 4945.
  Target 'ENSG00000178177|chr4:18021653-18021923' had 3 sgRNA group(s) downsampled to combi_cell_num_max=1000 per group. Total cells for disco test: 5328.
  Target 'ENSG00000198728|chr10:102114506-102115011' had 3 sgRNA group(s) downsampled to combi_cell_num_max=1000 per group. Total cells for disco test: 5082.
  Target 'ENSG00000198728|chr10:102120103-102120377' had 4 sgRNA group(s) downsampled to combi_cell_num_max=1000 per group. Total cells for disco test: 5662.
  Target 'ENSG00000169744|chr4:16898413-16898671' had 5 sgRNA group(s) downsampled to combi_cell_num_max=1000 per group. Total cells for disco test: 5008.
  Target 'ENSG00000138795|chr4:108165900-108166291' had 6 sgRNA group(s) downsampled to combi_cell_num_max=1000 per group. Total cells for disco test: 6000.
  Target 'ENSG00000138795|chr4:108168675-108168864' had 4 sgRNA group(s) downsampled to combi_cell_num_max=1000 per group. Total cells for disco test: 5872.
  Target 'ENSG00000213921|chr19:39776606-39777006' had 3 sgRNA group(s) downsampled to combi_cell_num_max=1000 per group. Total cells for disco test: 5432.
  Target 'ENSG00000273706|chr17:36936747-36937765' had 4 sgRNA group(s) downsampled to combi_cell_num_max=1000 per group. Total cells for disco test: 5184.
  Target 'ENSG00000106689|chr9:124011764-124012112' had 5 sgRNA group(s) downsampled to combi_cell_num_max=1000 per group. Total cells for disco test: 5308.
  Target 'ENSG00000107187|chr9:136203064-136203148' had 4 sgRNA group(s) downsampled to combi_cell_num_max=1000 per group. Total cells for disco test: 5293.
  Target 'ENSG00000107187|chr9:136204942-136205115' had 5 sgRNA group(s) downsampled to combi_cell_num_max=1000 per group. Total cells for disco test: 5219.
  Target 'ENSG00000121454|chr1:180230289-180230434' had 3 sgRNA group(s) downsampled to combi_cell_num_max=1000 per group. Total cells for disco test: 4599.
  Target 'ENSG00000089116|chr12:113471638-113471858' had 6 sgRNA group(s) downsampled to combi_cell_num_max=1000 per group. Total cells for disco test: 6000.
  Target 'ENSG00000106852|chr9:122213805-122214066' had 5 sgRNA group(s) downsampled to combi_cell_num_max=1000 per group. Total cells for disco test: 5535.
  Target 'ENSG00000106852|chr9:122228639-122228959' had 5 sgRNA group(s) downsampled to combi_cell_num_max=1000 per group. Total cells for disco test: 5917.
  Target 'ENSG00000162624|chr1:75136379-75136606' had 3 sgRNA group(s) downsampled to combi_cell_num_max=1000 per group. Total cells for disco test: 3978.
  Target 'ENSG00000143355|chr1:197917372-197917797' had 4 sgRNA group(s) downsampled to combi_cell_num_max=1000 per group. Total cells for disco test: 5143.
  Target 'ENSG00000131914|chr1:26410815-26411291' had 2 sgRNA group(s) downsampled to combi_cell_num_max=1000 per group. Total cells for disco test: 3368.
  Target 'ENSG00000187772|chr6:104957001-104958117' had 4 sgRNA group(s) downsampled to combi_cell_num_max=1000 per group. Total cells for disco test: 5472.
  Target 'ENSG00000189308|chr4:83010690-83010834' had 6 sgRNA group(s) downsampled to combi_cell_num_max=1000 per group. Total cells for disco test: 6000.
  Target 'ENSG00000189308|chr4:83012667-83012882' had 3 sgRNA group(s) downsampled to combi_cell_num_max=1000 per group. Total cells for disco test: 4497.
  Target 'ENSG00000183814|chr1:226308769-226309385' had 5 sgRNA group(s) downsampled to combi_cell_num_max=1000 per group. Total cells for disco test: 5412.
  Target 'ENSG00000189067|chr16:11586834-11586921' had 3 sgRNA group(s) downsampled to combi_cell_num_max=1000 per group. Total cells for disco test: 4205.
  Target 'ENSG00000166407|chr11:8263389-8263868' had 5 sgRNA group(s) downsampled to combi_cell_num_max=1000 per group. Total cells for disco test: 5974.
  Target 'ENSG00000166407|chr11:8268289-8268784' had 3 sgRNA group(s) downsampled to combi_cell_num_max=1000 per group. Total cells for disco test: 5431.
  Target 'ENSG00000048540|chr12:16606259-16606486' had 1 sgRNA group(s) downsampled to combi_cell_num_max=1000 per group. Total cells for disco test: 3222.
  Target 'ENSG00000048540|chr12:16607887-16608098' had 5 sgRNA group(s) downsampled to combi_cell_num_max=1000 per group. Total cells for disco test: 5141.
  Target 'ENSG00000143013|chr1:87328483-87328934' had 3 sgRNA group(s) downsampled to combi_cell_num_max=1000 per group. Total cells for disco test: 4351.
  Target 'ENSG00000162761|chr1:165356441-165356714' had 3 sgRNA group(s) downsampled to combi_cell_num_max=1000 per group. Total cells for disco test: 4029.
  Target 'ENSG00000136944|chr9:126613929-126614375' had 3 sgRNA group(s) downsampled to combi_cell_num_max=1000 per group. Total cells for disco test: 4732.
  Target 'ENSG00000138095|chr2:43995605-43995992' had 5 sgRNA group(s) downsampled to combi_cell_num_max=1000 per group. Total cells for disco test: 5987.
  Target 'ENSG00000124831|chr2:237692132-237692600' had 6 sgRNA group(s) downsampled to combi_cell_num_max=1000 per group. Total cells for disco test: 6000.
  Target 'ENSG00000012223|chr3:46464688-46464898' had 5 sgRNA group(s) downsampled to combi_cell_num_max=1000 per group. Total cells for disco test: 5695.
  Target 'ENSG00000104903|chr19:13102421-13102889' had 3 sgRNA group(s) downsampled to combi_cell_num_max=1000 per group. Total cells for disco test: 4282.
  Target 'ENSG00000099949|chr22:20982302-20982395' had 4 sgRNA group(s) downsampled to combi_cell_num_max=1000 per group. Total cells for disco test: 4609.
  Target 'ENSG00000061337|chr8:20303850-20303945' had 3 sgRNA group(s) downsampled to combi_cell_num_max=1000 per group. Total cells for disco test: 3669.
  Target 'ENSG00000143194|chr1:166989266-166989698' had 3 sgRNA group(s) downsampled to combi_cell_num_max=1000 per group. Total cells for disco test: 4776.
  Target 'ENSG00000178573|chr16:79600543-79600743' had 4 sgRNA group(s) downsampled to combi_cell_num_max=1000 per group. Total cells for disco test: 5642.
  Target 'ENSG00000182759|chr8:143430250-143430742' had 2 sgRNA group(s) downsampled to combi_cell_num_max=1000 per group. Total cells for disco test: 4300.
  Target 'ENSG00000204103|chr20:40688999-40689231' had 4 sgRNA group(s) downsampled to combi_cell_num_max=1000 per group. Total cells for disco test: 5701.
  Target 'ENSG00000185022|chr22:38202013-38202315' had 5 sgRNA group(s) downsampled to combi_cell_num_max=1000 per group. Total cells for disco test: 5498.
  Target 'ENSG00000197063|chr17:81927421-81927734' had 3 sgRNA group(s) downsampled to combi_cell_num_max=1000 per group. Total cells for disco test: 5114.
  Target 'ENSG00000198517|chr7:1530693-1531153' had 5 sgRNA group(s) downsampled to combi_cell_num_max=1000 per group. Total cells for disco test: 5144.
  Target 'ENSG00000135341|chr6:90586992-90587077' had 5 sgRNA group(s) downsampled to combi_cell_num_max=1000 per group. Total cells for disco test: 5775.
  Target 'ENSG00000121653|chr11:45885650-45885824' had 4 sgRNA group(s) downsampled to combi_cell_num_max=1000 per group. Total cells for disco test: 4793.
  Target 'ENSG00000121653|chr11:45900113-45900504' had 5 sgRNA group(s) downsampled to combi_cell_num_max=1000 per group. Total cells for disco test: 5976.
  Target 'ENSG00000166986|chr12:57488029-57488506' had 2 sgRNA group(s) downsampled to combi_cell_num_max=1000 per group. Total cells for disco test: 3842.
  Target 'ENSG00000125952|chr14:65102168-65102535' had 3 sgRNA group(s) downsampled to combi_cell_num_max=1000 per group. Total cells for disco test: 5342.
  Target 'ENSG00000103495|chr16:29806750-29806974' had 3 sgRNA group(s) downsampled to combi_cell_num_max=1000 per group. Total cells for disco test: 4615.
  Target 'ENSG00000141644|chr18:50281312-50281567' had 4 sgRNA group(s) downsampled to combi_cell_num_max=1000 per group. Total cells for disco test: 5103.
  Target 'ENSG00000134046|chr18:54224191-54224625' had 4 sgRNA group(s) downsampled to combi_cell_num_max=1000 per group. Total cells for disco test: 4786.
  Target 'ENSG00000071655|chr19:1592226-1592750' had 5 sgRNA group(s) downsampled to combi_cell_num_max=1000 per group. Total cells for disco test: 5098.
  Target 'ENSG00000129071|chr3:129439861-129439938' had 5 sgRNA group(s) downsampled to combi_cell_num_max=1000 per group. Total cells for disco test: 5963.
  Target 'ENSG00000166987|chr12:57522850-57522974' had 4 sgRNA group(s) downsampled to combi_cell_num_max=1000 per group. Total cells for disco test: 4845.
  Target 'ENSG00000139793|chr13:97222358-97222533' had 4 sgRNA group(s) downsampled to combi_cell_num_max=1000 per group. Total cells for disco test: 4762.
  Target 'ENSG00000076770|chrX:132439461-132439673' had 4 sgRNA group(s) downsampled to combi_cell_num_max=1000 per group. Total cells for disco test: 5276.
  Target 'ENSG00000085276|chr3:169663167-169663716' had 4 sgRNA group(s) downsampled to combi_cell_num_max=1000 per group. Total cells for disco test: 5451.
  Target 'ENSG00000169057|chrX:154097249-154097718' had 5 sgRNA group(s) downsampled to combi_cell_num_max=1000 per group. Total cells for disco test: 5513.
  Target 'ENSG00000124641|chr6:41920870-41921121' had 5 sgRNA group(s) downsampled to combi_cell_num_max=1000 per group. Total cells for disco test: 5956.
  Target 'ENSG00000159479|chr1:43389549-43389779' had 5 sgRNA group(s) downsampled to combi_cell_num_max=1000 per group. Total cells for disco test: 5710.
  Target 'ENSG00000068305|chr15:99565983-99566412' had 2 sgRNA group(s) downsampled to combi_cell_num_max=1000 per group. Total cells for disco test: 4389.
  Target 'ENSG00000213999|chr19:19192052-19192151' had 6 sgRNA group(s) downsampled to combi_cell_num_max=1000 per group. Total cells for disco test: 6000.
  Target 'ENSG00000081189|chr5:88882940-88883303' had 6 sgRNA group(s) downsampled to combi_cell_num_max=1000 per group. Total cells for disco test: 6000.
  Target 'ENSG00000116604|chr1:156500540-156500804' had 6 sgRNA group(s) downsampled to combi_cell_num_max=1000 per group. Total cells for disco test: 6000.
  Target 'ENSG00000143995|chr2:66435107-66435374' had 5 sgRNA group(s) downsampled to combi_cell_num_max=1000 per group. Total cells for disco test: 5677.
  Target 'ENSG00000134138|chr15:37100225-37100486' had 3 sgRNA group(s) downsampled to combi_cell_num_max=1000 per group. Total cells for disco test: 3886.
  Target 'ENSG00000105419|chr19:47406361-47406473' had 4 sgRNA group(s) downsampled to combi_cell_num_max=1000 per group. Total cells for disco test: 5534.
  Target 'ENSG00000105419|chr19:47419060-47419533' had 3 sgRNA group(s) downsampled to combi_cell_num_max=1000 per group. Total cells for disco test: 4351.
  Target 'ENSG00000005102|chr17:43661758-43661918' had 6 sgRNA group(s) downsampled to combi_cell_num_max=1000 per group. Total cells for disco test: 6000.
  Target 'ENSG00000106511|chr7:15686268-15686662' had 5 sgRNA group(s) downsampled to combi_cell_num_max=1000 per group. Total cells for disco test: 5886.
  Target 'ENSG00000166823|chr15:89750689-89750839' had 6 sgRNA group(s) downsampled to combi_cell_num_max=1000 per group. Total cells for disco test: 6000.
  Target 'ENSG00000188095|chr15:89776688-89776891' had 5 sgRNA group(s) downsampled to combi_cell_num_max=1000 per group. Total cells for disco test: 5603.
  Target 'ENSG00000174197|chr15:41660428-41660701' had 5 sgRNA group(s) downsampled to combi_cell_num_max=1000 per group. Total cells for disco test: 5851.
  Target 'ENSG00000198160|chr1:66925017-66925377' had 5 sgRNA group(s) downsampled to combi_cell_num_max=1000 per group. Total cells for disco test: 5183.
  Target 'ENSG00000198160|chr1:66930256-66930534' had 4 sgRNA group(s) downsampled to combi_cell_num_max=1000 per group. Total cells for disco test: 4392.
  Target 'ENSG00000105556|chr19:344693-344842' had 5 sgRNA group(s) downsampled to combi_cell_num_max=1000 per group. Total cells for disco test: 5490.
  Target 'ENSG00000155545|chr5:56951874-56952239' had 2 sgRNA group(s) downsampled to combi_cell_num_max=1000 per group. Total cells for disco test: 4637.
  Target 'ENSG00000129534|chr14:45253069-45253203' had 1 sgRNA group(s) downsampled to combi_cell_num_max=1000 per group. Total cells for disco test: 2202.
  Target 'ENSG00000187098|chr3:69739433-69739779' had 3 sgRNA group(s) downsampled to combi_cell_num_max=1000 per group. Total cells for disco test: 4494.
  Target 'ENSG00000187098|chr3:69936575-69936668' had 5 sgRNA group(s) downsampled to combi_cell_num_max=1000 per group. Total cells for disco test: 5989.
  Target 'ENSG00000185155|chr1:226223551-226223911' had 3 sgRNA group(s) downsampled to combi_cell_num_max=1000 per group. Total cells for disco test: 4575.
  Target 'ENSG00000150051|chr10:27743072-27743528' had 5 sgRNA group(s) downsampled to combi_cell_num_max=1000 per group. Total cells for disco test: 5448.
  Target 'ENSG00000150051|chr10:27745573-27745800' had 6 sgRNA group(s) downsampled to combi_cell_num_max=1000 per group. Total cells for disco test: 6000.
  Target 'ENSG00000130382|chr19:6279482-6279984' had 1 sgRNA group(s) downsampled to combi_cell_num_max=1000 per group. Total cells for disco test: 3488.
  Target 'ENSG00000078403|chr10:21534238-21534675' had 6 sgRNA group(s) downsampled to combi_cell_num_max=1000 per group. Total cells for disco test: 6000.
  Target 'ENSG00000171843|chr9:20622314-20622546' had 4 sgRNA group(s) downsampled to combi_cell_num_max=1000 per group. Total cells for disco test: 5151.
  Target 'ENSG00000108788|chr17:42567093-42567167' had 3 sgRNA group(s) downsampled to combi_cell_num_max=1000 per group. Total cells for disco test: 5064.
  Target 'ENSG00000175727|chr12:122078791-122079137' had 6 sgRNA group(s) downsampled to combi_cell_num_max=1000 per group. Total cells for disco test: 6000.
  Target 'ENSG00000009950|chr7:73624018-73624522' had 4 sgRNA group(s) downsampled to combi_cell_num_max=1000 per group. Total cells for disco test: 5324.
  Target 'ENSG00000149968|chr11:102843508-102843635' had 3 sgRNA group(s) downsampled to combi_cell_num_max=1000 per group. Total cells for disco test: 5352.
  Target 'ENSG00000070444|chr17:2400671-2401135' had 6 sgRNA group(s) downsampled to combi_cell_num_max=1000 per group. Total cells for disco test: 6000.
  Target 'ENSG00000130675|chr7:157010490-157010675' had 4 sgRNA group(s) downsampled to combi_cell_num_max=1000 per group. Total cells for disco test: 5347.
  Target 'ENSG00000188981|chr4:3249156-3249361' had 5 sgRNA group(s) downsampled to combi_cell_num_max=1000 per group. Total cells for disco test: 5087.
  Target 'ENSG00000066697|chr9:100427143-100427411' had 3 sgRNA group(s) downsampled to combi_cell_num_max=1000 per group. Total cells for disco test: 4147.
  Target 'ENSG00000170903|chr11:106022122-106022233' had 3 sgRNA group(s) downsampled to combi_cell_num_max=1000 per group. Total cells for disco test: 4559.
  Target 'ENSG00000178860|chr8:71843641-71844261' had 5 sgRNA group(s) downsampled to combi_cell_num_max=1000 per group. Total cells for disco test: 5652.
  Target 'ENSG00000151379|chr2:17816496-17816890' had 4 sgRNA group(s) downsampled to combi_cell_num_max=1000 per group. Total cells for disco test: 5435.
  Target 'ENSG00000102854|chr16:761122-761393' had 3 sgRNA group(s) downsampled to combi_cell_num_max=1000 per group. Total cells for disco test: 4051.
  Target 'ENSG00000163132|chr4:4859679-4859885' had 5 sgRNA group(s) downsampled to combi_cell_num_max=1000 per group. Total cells for disco test: 5673.
  Target 'ENSG00000120149|chr5:174724606-174724960' had 5 sgRNA group(s) downsampled to combi_cell_num_max=1000 per group. Total cells for disco test: 5544.
  Target 'ENSG00000182979|chr14:105420040-105420257' had 5 sgRNA group(s) downsampled to combi_cell_num_max=1000 per group. Total cells for disco test: 5368.
  Target 'ENSG00000149480|chr11:62601399-62601844' had 5 sgRNA group(s) downsampled to combi_cell_num_max=1000 per group. Total cells for disco test: 5594.
  Target 'ENSG00000057935|chr2:42568628-42568887' had 3 sgRNA group(s) downsampled to combi_cell_num_max=1000 per group. Total cells for disco test: 4646.
  Target 'ENSG00000127989|chr7:91880485-91880726' had 4 sgRNA group(s) downsampled to combi_cell_num_max=1000 per group. Total cells for disco test: 5106.
  Target 'ENSG00000156469|chr8:96261507-96261624' had 1 sgRNA group(s) downsampled to combi_cell_num_max=1000 per group. Total cells for disco test: 3302.
  Target 'ENSG00000122085|chr2:241102129-241102342' had 4 sgRNA group(s) downsampled to combi_cell_num_max=1000 per group. Total cells for disco test: 4947.
  Target 'ENSG00000120832|chr12:106986990-106987131' had 4 sgRNA group(s) downsampled to combi_cell_num_max=1000 per group. Total cells for disco test: 5829.
  Target 'ENSG00000188786|chr1:37859113-37859621' had 5 sgRNA group(s) downsampled to combi_cell_num_max=1000 per group. Total cells for disco test: 5277.
  Target 'ENSG00000143033|chr1:93079260-93079671' had 4 sgRNA group(s) downsampled to combi_cell_num_max=1000 per group. Total cells for disco test: 4812.
  Target 'ENSG00000059728|chr2:69915082-69915334' had 5 sgRNA group(s) downsampled to combi_cell_num_max=1000 per group. Total cells for disco test: 5925.
  Target 'ENSG00000213347|chr5:177311814-177311930' had 4 sgRNA group(s) downsampled to combi_cell_num_max=1000 per group. Total cells for disco test: 4377.
  Target 'ENSG00000123933|chr4:2261774-2262113' had 4 sgRNA group(s) downsampled to combi_cell_num_max=1000 per group. Total cells for disco test: 5231.
  Target 'ENSG00000119950|chr10:110207659-110207849' had 4 sgRNA group(s) downsampled to combi_cell_num_max=1000 per group. Total cells for disco test: 5332.
  Target 'ENSG00000119950|chr10:110225976-110226216' had 4 sgRNA group(s) downsampled to combi_cell_num_max=1000 per group. Total cells for disco test: 4994.
  Target 'ENSG00000118513|chr6:135181384-135181905' had 4 sgRNA group(s) downsampled to combi_cell_num_max=1000 per group. Total cells for disco test: 5041.
  Target 'ENSG00000132382|chr17:4555048-4555425' had 1 sgRNA group(s) downsampled to combi_cell_num_max=1000 per group. Total cells for disco test: 2998.
  Target 'ENSG00000185697|chr8:66612966-66613289' had 6 sgRNA group(s) downsampled to combi_cell_num_max=1000 per group. Total cells for disco test: 6000.
  Target 'ENSG00000101057|chr20:43667115-43667545' had 2 sgRNA group(s) downsampled to combi_cell_num_max=1000 per group. Total cells for disco test: 3558.
  Target 'ENSG00000136997|chr8:127735559-127736700' had 3 sgRNA group(s) downsampled to combi_cell_num_max=1000 per group. Total cells for disco test: 3871.
  Target 'ENSG00000214114|chr1:38872965-38873362' had 4 sgRNA group(s) downsampled to combi_cell_num_max=1000 per group. Total cells for disco test: 5190.
  Target 'ENSG00000116990|chr1:39901438-39901871' had 5 sgRNA group(s) downsampled to combi_cell_num_max=1000 per group. Total cells for disco test: 5552.
  Target 'ENSG00000134323|chr2:15940571-15940796' had 2 sgRNA group(s) downsampled to combi_cell_num_max=1000 per group. Total cells for disco test: 3531.
  Target 'ENSG00000134323|chr2:15941813-15942200' had 5 sgRNA group(s) downsampled to combi_cell_num_max=1000 per group. Total cells for disco test: 5559.
  Target 'ENSG00000104177|chr15:48178257-48178325' had 5 sgRNA group(s) downsampled to combi_cell_num_max=1000 per group. Total cells for disco test: 5428.
  Target 'ENSG00000111049|chr12:80716936-80717053' had 3 sgRNA group(s) downsampled to combi_cell_num_max=1000 per group. Total cells for disco test: 4650.
  Target 'ENSG00000111046|chr12:80707663-80707957' had 5 sgRNA group(s) downsampled to combi_cell_num_max=1000 per group. Total cells for disco test: 5484.
  Target 'ENSG00000085274|chr3:169773361-169773511' had 5 sgRNA group(s) downsampled to combi_cell_num_max=1000 per group. Total cells for disco test: 5219.
  Target 'ENSG00000141052|chr17:12665905-12666064' had 3 sgRNA group(s) downsampled to combi_cell_num_max=1000 per group. Total cells for disco test: 4386.
  Target 'ENSG00000129152|chr11:17719554-17719847' had 4 sgRNA group(s) downsampled to combi_cell_num_max=1000 per group. Total cells for disco test: 4754.
  Target 'ENSG00000122180|chr1:203085771-203085972' had 5 sgRNA group(s) downsampled to combi_cell_num_max=1000 per group. Total cells for disco test: 5458.
  Target 'ENSG00000176182|chr19:45902517-45902605' had 4 sgRNA group(s) downsampled to combi_cell_num_max=1000 per group. Total cells for disco test: 4927.
  Target 'ENSG00000124920|chr11:61752634-61752904' had 5 sgRNA group(s) downsampled to combi_cell_num_max=1000 per group. Total cells for disco test: 5942.
  Target 'ENSG00000124920|chr11:61755367-61755564' had 4 sgRNA group(s) downsampled to combi_cell_num_max=1000 per group. Total cells for disco test: 4585.
  Target 'ENSG00000166268|chr12:69926616-69926856' had 4 sgRNA group(s) downsampled to combi_cell_num_max=1000 per group. Total cells for disco test: 5584.
  Target 'ENSG00000162601|chr1:58699625-58700070' had 4 sgRNA group(s) downsampled to combi_cell_num_max=1000 per group. Total cells for disco test: 5006.
  Target 'ENSG00000196132|chr20:64164482-64164564' had 5 sgRNA group(s) downsampled to combi_cell_num_max=1000 per group. Total cells for disco test: 5677.
  Target 'ENSG00000186487|chr2:2330859-2331337' had 5 sgRNA group(s) downsampled to combi_cell_num_max=1000 per group. Total cells for disco test: 5454.
  Target 'ENSG00000099326|chr19:58573134-58573351' had 5 sgRNA group(s) downsampled to combi_cell_num_max=1000 per group. Total cells for disco test: 5542.
  Target 'ENSG00000148411|chr9:136095046-136095309' had 4 sgRNA group(s) downsampled to combi_cell_num_max=1000 per group. Total cells for disco test: 4389.
  Target 'ENSG00000171169|chr9:128067243-128067347' had 5 sgRNA group(s) downsampled to combi_cell_num_max=1000 per group. Total cells for disco test: 5150.
  Target 'ENSG00000111704|chr12:7789786-7789930' had 2 sgRNA group(s) downsampled to combi_cell_num_max=1000 per group. Total cells for disco test: 3913.
  Target 'ENSG00000205857|chr12:7765209-7765276' had 3 sgRNA group(s) downsampled to combi_cell_num_max=1000 per group. Total cells for disco test: 5069.
  Target 'ENSG00000115053|chr2:231461443-231461776' had 5 sgRNA group(s) downsampled to combi_cell_num_max=1000 per group. Total cells for disco test: 5712.
  Target 'ENSG00000115053|chr2:231464232-231464485' had 4 sgRNA group(s) downsampled to combi_cell_num_max=1000 per group. Total cells for disco test: 5319.
  Target 'ENSG00000084676|chr2:24491867-24491918' had 4 sgRNA group(s) downsampled to combi_cell_num_max=1000 per group. Total cells for disco test: 5538.
  Target 'ENSG00000140396|chr8:70403589-70403831' had 3 sgRNA group(s) downsampled to combi_cell_num_max=1000 per group. Total cells for disco test: 4582.
  Target 'ENSG00000124151|chr20:47501905-47502113' had 5 sgRNA group(s) downsampled to combi_cell_num_max=1000 per group. Total cells for disco test: 5273.
  Target 'ENSG00000198646|chr20:34825344-34825629' had 4 sgRNA group(s) downsampled to combi_cell_num_max=1000 per group. Total cells for disco test: 5376.
  Target 'ENSG00000141027|chr17:16215167-16215532' had 1 sgRNA group(s) downsampled to combi_cell_num_max=1000 per group. Total cells for disco test: 3597.
  Target 'ENSG00000196498|chr12:124495075-124495347' had 5 sgRNA group(s) downsampled to combi_cell_num_max=1000 per group. Total cells for disco test: 5612.
  Target 'ENSG00000196498|chr12:124535348-124535581' had 4 sgRNA group(s) downsampled to combi_cell_num_max=1000 per group. Total cells for disco test: 4201.
  Target 'ENSG00000204356|chr6:31958538-31958965' had 4 sgRNA group(s) downsampled to combi_cell_num_max=1000 per group. Total cells for disco test: 5078.
  Target 'ENSG00000162992|chr2:181680432-181680533' had 4 sgRNA group(s) downsampled to combi_cell_num_max=1000 per group. Total cells for disco test: 4782.
  Target 'ENSG00000171532|chr17:39607725-39607972' had 3 sgRNA group(s) downsampled to combi_cell_num_max=1000 per group. Total cells for disco test: 4342.
  Target 'ENSG00000123307|chr12:55019944-55020176' had 3 sgRNA group(s) downsampled to combi_cell_num_max=1000 per group. Total cells for disco test: 5049.
  Target 'ENSG00000164600|chr7:31340297-31340765' had 5 sgRNA group(s) downsampled to combi_cell_num_max=1000 per group. Total cells for disco test: 5627.
  Target 'ENSG00000181965|chr5:135535736-135536066' had 3 sgRNA group(s) downsampled to combi_cell_num_max=1000 per group. Total cells for disco test: 4872.
  Target 'ENSG00000178403|chr4:112516087-112516577' had 5 sgRNA group(s) downsampled to combi_cell_num_max=1000 per group. Total cells for disco test: 5851.
  Target 'ENSG00000122859|chr10:69573174-69573395' had 4 sgRNA group(s) downsampled to combi_cell_num_max=1000 per group. Total cells for disco test: 5060.
  Target 'ENSG00000196712|chr17:31094957-31095431' had 2 sgRNA group(s) downsampled to combi_cell_num_max=1000 per group. Total cells for disco test: 5231.
  Target 'ENSG00000102908|chr16:69565960-69566471' had 4 sgRNA group(s) downsampled to combi_cell_num_max=1000 per group. Total cells for disco test: 4835.
  Target 'ENSG00000131196|chr18:79395945-79396155' had 4 sgRNA group(s) downsampled to combi_cell_num_max=1000 per group. Total cells for disco test: 5177.
  Target 'ENSG00000131196|chr18:79400300-79400411' had 3 sgRNA group(s) downsampled to combi_cell_num_max=1000 per group. Total cells for disco test: 4689.
  Target 'ENSG00000101096|chr20:51542468-51542723' had 4 sgRNA group(s) downsampled to combi_cell_num_max=1000 per group. Total cells for disco test: 5676.
  Target 'ENSG00000101096|chr20:51562564-51562830' had 4 sgRNA group(s) downsampled to combi_cell_num_max=1000 per group. Total cells for disco test: 5434.
  Target 'ENSG00000072736|chr16:68085437-68085482' had 5 sgRNA group(s) downsampled to combi_cell_num_max=1000 per group. Total cells for disco test: 5132.
  Target 'ENSG00000100968|chr14:24368179-24368566' had 4 sgRNA group(s) downsampled to combi_cell_num_max=1000 per group. Total cells for disco test: 5153.
  Target 'ENSG00000123405|chr12:54300748-54301041' had 6 sgRNA group(s) downsampled to combi_cell_num_max=1000 per group. Total cells for disco test: 6000.
  Target 'ENSG00000082641|chr17:48048327-48048876' had 4 sgRNA group(s) downsampled to combi_cell_num_max=1000 per group. Total cells for disco test: 5712.
  Target 'ENSG00000116044|chr2:177262937-177263491' had 5 sgRNA group(s) downsampled to combi_cell_num_max=1000 per group. Total cells for disco test: 5928.
  Target 'ENSG00000116044|chr2:177264304-177264737' had 5 sgRNA group(s) downsampled to combi_cell_num_max=1000 per group. Total cells for disco test: 5542.
  Target 'ENSG00000050344|chr7:26152418-26152819' had 3 sgRNA group(s) downsampled to combi_cell_num_max=1000 per group. Total cells for disco test: 4811.
  Target 'ENSG00000230257|chr7:102973634-102974003' had 4 sgRNA group(s) downsampled to combi_cell_num_max=1000 per group. Total cells for disco test: 4309.
  Target 'ENSG00000162599|chr1:61082313-61082835' had 3 sgRNA group(s) downsampled to combi_cell_num_max=1000 per group. Total cells for disco test: 3990.
  Target 'ENSG00000147862|chr9:14314037-14314585' had 4 sgRNA group(s) downsampled to combi_cell_num_max=1000 per group. Total cells for disco test: 5136.
  Target 'ENSG00000141905|chr19:3359632-3359720' had 4 sgRNA group(s) downsampled to combi_cell_num_max=1000 per group. Total cells for disco test: 5356.
  Target 'ENSG00000141905|chr19:3366629-3367014' had 2 sgRNA group(s) downsampled to combi_cell_num_max=1000 per group. Total cells for disco test: 4151.
  Target 'ENSG00000165030|chr9:91423445-91423835' had 4 sgRNA group(s) downsampled to combi_cell_num_max=1000 per group. Total cells for disco test: 4557.
  Target 'ENSG00000008441|chr19:12995451-12995866' had 5 sgRNA group(s) downsampled to combi_cell_num_max=1000 per group. Total cells for disco test: 5701.
  Target 'ENSG00000008441|chr19:13023980-13024265' had 5 sgRNA group(s) downsampled to combi_cell_num_max=1000 per group. Total cells for disco test: 5010.
  Target 'ENSG00000109320|chr4:102501359-102501550' had 5 sgRNA group(s) downsampled to combi_cell_num_max=1000 per group. Total cells for disco test: 5653.
  Target 'ENSG00000077150|chr10:102395738-102395949' had 3 sgRNA group(s) downsampled to combi_cell_num_max=1000 per group. Total cells for disco test: 4515.
  Target 'ENSG00000100906|chr14:35403160-35403255' had 5 sgRNA group(s) downsampled to combi_cell_num_max=1000 per group. Total cells for disco test: 5120.
  Target 'ENSG00000100906|chr14:35404413-35404643' had 6 sgRNA group(s) downsampled to combi_cell_num_max=1000 per group. Total cells for disco test: 6000.
  Target 'ENSG00000104825|chr19:38899974-38900262' had 3 sgRNA group(s) downsampled to combi_cell_num_max=1000 per group. Total cells for disco test: 5420.
  Target 'ENSG00000167604|chr19:35898586-35898939' had 6 sgRNA group(s) downsampled to combi_cell_num_max=1000 per group. Total cells for disco test: 6000.
  Target 'ENSG00000167604|chr19:35900398-35900558' had 3 sgRNA group(s) downsampled to combi_cell_num_max=1000 per group. Total cells for disco test: 4761.
  Target 'ENSG00000146232|chr6:44265463-44265560' had 4 sgRNA group(s) downsampled to combi_cell_num_max=1000 per group. Total cells for disco test: 4945.
  Target 'ENSG00000204498|chr6:31547595-31547677' had 3 sgRNA group(s) downsampled to combi_cell_num_max=1000 per group. Total cells for disco test: 4666.
  Target 'ENSG00000144802|chr3:101827963-101828315' had 6 sgRNA group(s) downsampled to combi_cell_num_max=1000 per group. Total cells for disco test: 6000.
  Target 'ENSG00000144802|chr3:101849514-101849867' had 3 sgRNA group(s) downsampled to combi_cell_num_max=1000 per group. Total cells for disco test: 4926.
  Target 'ENSG00000170322|chr11:129895173-129895561' had 1 sgRNA group(s) downsampled to combi_cell_num_max=1000 per group. Total cells for disco test: 3692.
  Target 'ENSG00000086102|chr9:33290489-33290595' had 5 sgRNA group(s) downsampled to combi_cell_num_max=1000 per group. Total cells for disco test: 5826.
  Target 'ENSG00000170448|chr4:47914253-47914591' had 4 sgRNA group(s) downsampled to combi_cell_num_max=1000 per group. Total cells for disco test: 4877.
  Target 'ENSG00000001167|chr6:41072917-41073528' had 4 sgRNA group(s) downsampled to combi_cell_num_max=1000 per group. Total cells for disco test: 4676.
  Target 'ENSG00000120837|chr12:104137785-104138192' had 3 sgRNA group(s) downsampled to combi_cell_num_max=1000 per group. Total cells for disco test: 4329.
  Target 'ENSG00000066136|chr1:40691737-40692027' had 5 sgRNA group(s) downsampled to combi_cell_num_max=1000 per group. Total cells for disco test: 5144.
  Target 'ENSG00000171786|chr1:160367169-160367597' had 5 sgRNA group(s) downsampled to combi_cell_num_max=1000 per group. Total cells for disco test: 5460.
  Target 'ENSG00000177551|chr1:115840808-115841142' had 4 sgRNA group(s) downsampled to combi_cell_num_max=1000 per group. Total cells for disco test: 5161.
  Target 'ENSG00000145912|chr5:178153560-178153998' had 4 sgRNA group(s) downsampled to combi_cell_num_max=1000 per group. Total cells for disco test: 4627.
  Target 'ENSG00000186416|chrX:119605641-119605871' had 4 sgRNA group(s) downsampled to combi_cell_num_max=1000 per group. Total cells for disco test: 4622.
  Target 'ENSG00000235608|chr4:1406252-1406344' had 2 sgRNA group(s) downsampled to combi_cell_num_max=1000 per group. Total cells for disco test: 3989.
  Target 'ENSG00000229544|chr10:124449538-124450027' had 3 sgRNA group(s) downsampled to combi_cell_num_max=1000 per group. Total cells for disco test: 4677.
  Target 'ENSG00000136352|chr14:36520163-36520736' had 5 sgRNA group(s) downsampled to combi_cell_num_max=1000 per group. Total cells for disco test: 5909.
  Target 'ENSG00000125820|chr20:21513964-21514062' had 4 sgRNA group(s) downsampled to combi_cell_num_max=1000 per group. Total cells for disco test: 4722.
  Target 'ENSG00000119919|chr10:99532950-99533030' had 5 sgRNA group(s) downsampled to combi_cell_num_max=1000 per group. Total cells for disco test: 5359.
  Target 'ENSG00000125816|chr20:21397174-21397514' had 4 sgRNA group(s) downsampled to combi_cell_num_max=1000 per group. Total cells for disco test: 5631.
  Target 'ENSG00000183072|chr5:173234977-173235210' had 3 sgRNA group(s) downsampled to combi_cell_num_max=1000 per group. Total cells for disco test: 4893.
  Target 'ENSG00000180053|chr8:23706141-23706612' had 5 sgRNA group(s) downsampled to combi_cell_num_max=1000 per group. Total cells for disco test: 5517.
  Target 'ENSG00000136327|chr14:36582330-36582626' had 3 sgRNA group(s) downsampled to combi_cell_num_max=1000 per group. Total cells for disco test: 5127.
  Target 'ENSG00000167034|chr8:23682459-23682968' had 4 sgRNA group(s) downsampled to combi_cell_num_max=1000 per group. Total cells for disco test: 5652.
  Target 'ENSG00000109705|chr4:13544781-13545040' had 5 sgRNA group(s) downsampled to combi_cell_num_max=1000 per group. Total cells for disco test: 5601.
  Target 'ENSG00000163623|chr4:84497571-84498269' had 3 sgRNA group(s) downsampled to combi_cell_num_max=1000 per group. Total cells for disco test: 4146.
  Target 'ENSG00000148826|chr10:132785746-132785948' had 2 sgRNA group(s) downsampled to combi_cell_num_max=1000 per group. Total cells for disco test: 4987.
  Target 'ENSG00000165066|chr8:41650618-41650804' had 5 sgRNA group(s) downsampled to combi_cell_num_max=1000 per group. Total cells for disco test: 5724.
  Target 'ENSG00000011052|chr17:51166428-51166651' had 3 sgRNA group(s) downsampled to combi_cell_num_max=1000 per group. Total cells for disco test: 4688.
  Target 'ENSG00000123609|chr2:151289396-151289682' had 4 sgRNA group(s) downsampled to combi_cell_num_max=1000 per group. Total cells for disco test: 5337.
  Target 'ENSG00000106410|chr7:144403629-144403711' had 4 sgRNA group(s) downsampled to combi_cell_num_max=1000 per group. Total cells for disco test: 4443.
  Target 'ENSG00000106410|chr7:144409954-144410245' had 5 sgRNA group(s) downsampled to combi_cell_num_max=1000 per group. Total cells for disco test: 5150.
  Target 'ENSG00000147140|chrX:71283701-71284073' had 4 sgRNA group(s) downsampled to combi_cell_num_max=1000 per group. Total cells for disco test: 5640.
  Target 'ENSG00000148400|chr9:136523467-136523919' had 6 sgRNA group(s) downsampled to combi_cell_num_max=1000 per group. Total cells for disco test: 6000.
  Target 'ENSG00000148400|chr9:136545759-136546062' had 4 sgRNA group(s) downsampled to combi_cell_num_max=1000 per group. Total cells for disco test: 5004.
  Target 'ENSG00000214513|chr2:73202554-73202681' had 3 sgRNA group(s) downsampled to combi_cell_num_max=1000 per group. Total cells for disco test: 4535.
  Target 'ENSG00000114554|chr8:119416423-119416754' had 4 sgRNA group(s) downsampled to combi_cell_num_max=1000 per group. Total cells for disco test: 5515.
  Target 'ENSG00000130751|chr19:47019822-47020174' had 2 sgRNA group(s) downsampled to combi_cell_num_max=1000 per group. Total cells for disco test: 3805.
  Target 'ENSG00000170485|chr2:100820125-100820629' had 4 sgRNA group(s) downsampled to combi_cell_num_max=1000 per group. Total cells for disco test: 5448.
  Target 'ENSG00000151322|chr14:32934669-32935147' had 5 sgRNA group(s) downsampled to combi_cell_num_max=1000 per group. Total cells for disco test: 5688.
  Target 'ENSG00000174576|chr11:66420993-66421426' had 4 sgRNA group(s) downsampled to combi_cell_num_max=1000 per group. Total cells for disco test: 5368.
  Target 'ENSG00000169297|chrX:30308627-30309361' had 6 sgRNA group(s) downsampled to combi_cell_num_max=1000 per group. Total cells for disco test: 6000.
  Target 'ENSG00000131910|chr1:26913803-26913940' had 3 sgRNA group(s) downsampled to combi_cell_num_max=1000 per group. Total cells for disco test: 5192.
  Target 'ENSG00000126368|chr17:40100455-40100632' had 6 sgRNA group(s) downsampled to combi_cell_num_max=1000 per group. Total cells for disco test: 6000.
  Target 'ENSG00000174738|chr3:23945281-23945412' had 5 sgRNA group(s) downsampled to combi_cell_num_max=1000 per group. Total cells for disco test: 5930.
  Target 'ENSG00000131408|chr19:50376443-50376703' had 5 sgRNA group(s) downsampled to combi_cell_num_max=1000 per group. Total cells for disco test: 5906.
  Target 'ENSG00000025434|chr11:47248900-47249373' had 3 sgRNA group(s) downsampled to combi_cell_num_max=1000 per group. Total cells for disco test: 4461.
  Target 'ENSG00000025434|chr11:47258018-47258122' had 5 sgRNA group(s) downsampled to combi_cell_num_max=1000 per group. Total cells for disco test: 5462.
  Target 'ENSG00000012504|chr12:100473850-100473994' had 4 sgRNA group(s) downsampled to combi_cell_num_max=1000 per group. Total cells for disco test: 4935.
  Target 'ENSG00000144852|chr3:119782064-119782264' had 4 sgRNA group(s) downsampled to combi_cell_num_max=1000 per group. Total cells for disco test: 5120.
  Target 'ENSG00000143257|chr1:161238132-161238265' had 6 sgRNA group(s) downsampled to combi_cell_num_max=1000 per group. Total cells for disco test: 6000.
  Target 'ENSG00000120798|chr12:95073472-95073659' had 4 sgRNA group(s) downsampled to combi_cell_num_max=1000 per group. Total cells for disco test: 5355.
  Target 'ENSG00000177463|chr3:14947595-14947894' had 3 sgRNA group(s) downsampled to combi_cell_num_max=1000 per group. Total cells for disco test: 4255.
  Target 'ENSG00000112333|chr6:108166052-108166564' had 3 sgRNA group(s) downsampled to combi_cell_num_max=1000 per group. Total cells for disco test: 4811.
  Target 'ENSG00000278570|chr15:71810585-71811409' had 2 sgRNA group(s) downsampled to combi_cell_num_max=1000 per group. Total cells for disco test: 4907.
  Target 'ENSG00000175745|chr5:93583202-93583582' had 5 sgRNA group(s) downsampled to combi_cell_num_max=1000 per group. Total cells for disco test: 5505.
  Target 'ENSG00000185551|chr15:96330679-96331148' had 5 sgRNA group(s) downsampled to combi_cell_num_max=1000 per group. Total cells for disco test: 5936.
  Target 'ENSG00000160113|chr19:17245077-17245934' had 4 sgRNA group(s) downsampled to combi_cell_num_max=1000 per group. Total cells for disco test: 4873.
  Target 'ENSG00000113580|chr5:143403435-143404105' had 5 sgRNA group(s) downsampled to combi_cell_num_max=1000 per group. Total cells for disco test: 5063.
  Target 'ENSG00000151623|chr4:148442046-148442340' had 3 sgRNA group(s) downsampled to combi_cell_num_max=1000 per group. Total cells for disco test: 5003.
  Target 'ENSG00000123358|chr12:52051450-52051675' had 4 sgRNA group(s) downsampled to combi_cell_num_max=1000 per group. Total cells for disco test: 5752.
  Target 'ENSG00000153234|chr2:156332660-156332749' had 3 sgRNA group(s) downsampled to combi_cell_num_max=1000 per group. Total cells for disco test: 4766.
  Target 'ENSG00000153234|chr2:156341981-156342437' had 6 sgRNA group(s) downsampled to combi_cell_num_max=1000 per group. Total cells for disco test: 6000.
  Target 'ENSG00000119508|chr9:99821952-99822224' had 5 sgRNA group(s) downsampled to combi_cell_num_max=1000 per group. Total cells for disco test: 5852.
  Target 'ENSG00000136931|chr9:124507318-124507454' had 4 sgRNA group(s) downsampled to combi_cell_num_max=1000 per group. Total cells for disco test: 5196.
  Target 'ENSG00000116833|chr1:200027620-200027926' had 6 sgRNA group(s) downsampled to combi_cell_num_max=1000 per group. Total cells for disco test: 6000.
  Target 'ENSG00000116833|chr1:200039585-200039718' had 5 sgRNA group(s) downsampled to combi_cell_num_max=1000 per group. Total cells for disco test: 5593.
  Target 'ENSG00000148200|chr9:124771088-124771346' had 3 sgRNA group(s) downsampled to combi_cell_num_max=1000 per group. Total cells for disco test: 3759.
  Target 'ENSG00000106459|chr7:129611731-129612109' had 2 sgRNA group(s) downsampled to combi_cell_num_max=1000 per group. Total cells for disco test: 4416.
  Target 'ENSG00000129535|chr14:24084376-24084652' had 2 sgRNA group(s) downsampled to combi_cell_num_max=1000 per group. Total cells for disco test: 4487.
  Target 'ENSG00000129535|chr14:24114692-24114972' had 3 sgRNA group(s) downsampled to combi_cell_num_max=1000 per group. Total cells for disco test: 3799.
  Target 'ENSG00000184221|chr21:33070145-33070518' had 3 sgRNA group(s) downsampled to combi_cell_num_max=1000 per group. Total cells for disco test: 4258.
  Target 'ENSG00000205927|chr21:33025910-33026198' had 2 sgRNA group(s) downsampled to combi_cell_num_max=1000 per group. Total cells for disco test: 4144.
  Target 'ENSG00000177468|chr6:137493996-137494361' had 4 sgRNA group(s) downsampled to combi_cell_num_max=1000 per group. Total cells for disco test: 4401.
  Target 'ENSG00000169856|chr15:52790001-52790371' had 3 sgRNA group(s) downsampled to combi_cell_num_max=1000 per group. Total cells for disco test: 4754.
  Target 'ENSG00000119547|chr18:57435363-57435748' had 6 sgRNA group(s) downsampled to combi_cell_num_max=1000 per group. Total cells for disco test: 6000.
  Target 'ENSG00000205922|chr19:1753571-1753769' had 3 sgRNA group(s) downsampled to combi_cell_num_max=1000 per group. Total cells for disco test: 4456.
  Target 'ENSG00000143867|chr2:19358516-19358616' had 4 sgRNA group(s) downsampled to combi_cell_num_max=1000 per group. Total cells for disco test: 5259.
  Target 'ENSG00000164920|chr8:98944419-98944821' had 4 sgRNA group(s) downsampled to combi_cell_num_max=1000 per group. Total cells for disco test: 5418.
  Target 'ENSG00000171540|chr5:77638317-77638693' had 5 sgRNA group(s) downsampled to combi_cell_num_max=1000 per group. Total cells for disco test: 5861.
  Target 'ENSG00000115507|chr2:63050796-63050980' had 6 sgRNA group(s) downsampled to combi_cell_num_max=1000 per group. Total cells for disco test: 6000.
  Target 'ENSG00000165588|chr14:56810257-56810474' had 6 sgRNA group(s) downsampled to combi_cell_num_max=1000 per group. Total cells for disco test: 6000.
  Target 'ENSG00000172818|chr11:65787089-65787314' had 2 sgRNA group(s) downsampled to combi_cell_num_max=1000 per group. Total cells for disco test: 4032.
  Target 'ENSG00000125850|chr20:18057670-18057870' had 3 sgRNA group(s) downsampled to combi_cell_num_max=1000 per group. Total cells for disco test: 5080.
  Target 'ENSG00000105261|chr19:36111180-36111670' had 2 sgRNA group(s) downsampled to combi_cell_num_max=1000 per group. Total cells for disco test: 4317.
  Target 'ENSG00000172939|chr3:38165607-38165890' had 4 sgRNA group(s) downsampled to combi_cell_num_max=1000 per group. Total cells for disco test: 4890.
  Target 'ENSG00000170515|chr12:56104508-56105032' had 4 sgRNA group(s) downsampled to combi_cell_num_max=1000 per group. Total cells for disco test: 5327.
  Target 'ENSG00000143799|chr1:226407640-226408092' had 3 sgRNA group(s) downsampled to combi_cell_num_max=1000 per group. Total cells for disco test: 4633.
  Target 'ENSG00000100105|chr22:31343112-31343320' had 5 sgRNA group(s) downsampled to combi_cell_num_max=1000 per group. Total cells for disco test: 5242.
  Target 'ENSG00000100105|chr22:31345964-31346339' had 6 sgRNA group(s) downsampled to combi_cell_num_max=1000 per group. Total cells for disco test: 6000.
  Target 'ENSG00000177425|chr12:79690271-79690678' had 4 sgRNA group(s) downsampled to combi_cell_num_max=1000 per group. Total cells for disco test: 4700.
  Target 'ENSG00000125813|chr20:21705708-21706146' had 3 sgRNA group(s) downsampled to combi_cell_num_max=1000 per group. Total cells for disco test: 4062.
  Target 'ENSG00000075891|chr10:100745594-100746092' had 5 sgRNA group(s) downsampled to combi_cell_num_max=1000 per group. Total cells for disco test: 5091.
  Target 'ENSG00000135903|chr2:222298570-222298997' had 4 sgRNA group(s) downsampled to combi_cell_num_max=1000 per group. Total cells for disco test: 5103.
  Target 'ENSG00000106331|chr7:127615452-127615689' had 3 sgRNA group(s) downsampled to combi_cell_num_max=1000 per group. Total cells for disco test: 4573.
  Target 'ENSG00000196092|chr9:37033984-37034464' had 3 sgRNA group(s) downsampled to combi_cell_num_max=1000 per group. Total cells for disco test: 4656.
  Target 'ENSG00000007372|chr11:31810704-31811320' had 5 sgRNA group(s) downsampled to combi_cell_num_max=1000 per group. Total cells for disco test: 5896.
  Target 'ENSG00000009709|chr1:18630918-18631267' had 4 sgRNA group(s) downsampled to combi_cell_num_max=1000 per group. Total cells for disco test: 5328.
  Target 'ENSG00000198807|chr14:36657577-36657854' had 5 sgRNA group(s) downsampled to combi_cell_num_max=1000 per group. Total cells for disco test: 5272.
  Target 'ENSG00000198807|chr14:36661870-36662298' had 5 sgRNA group(s) downsampled to combi_cell_num_max=1000 per group. Total cells for disco test: 5542.
  Target 'ENSG00000159086|chr21:32771283-32771775' had 4 sgRNA group(s) downsampled to combi_cell_num_max=1000 per group. Total cells for disco test: 5632.
  Target 'ENSG00000163939|chr3:52685525-52685910' had 6 sgRNA group(s) downsampled to combi_cell_num_max=1000 per group. Total cells for disco test: 6000.
  Target 'ENSG00000185630|chr1:164559214-164559453' had 5 sgRNA group(s) downsampled to combi_cell_num_max=1000 per group. Total cells for disco test: 5725.
  Target 'ENSG00000204304|chr6:32189804-32190182' had 5 sgRNA group(s) downsampled to combi_cell_num_max=1000 per group. Total cells for disco test: 5481.
  Target 'ENSG00000167081|chr9:125747450-125747521' had 4 sgRNA group(s) downsampled to combi_cell_num_max=1000 per group. Total cells for disco test: 5131.
  Target 'ENSG00000105717|chr19:19618419-19618719' had 4 sgRNA group(s) downsampled to combi_cell_num_max=1000 per group. Total cells for disco test: 5404.
  Target 'ENSG00000277258|chr17:38748035-38748320' had 4 sgRNA group(s) downsampled to combi_cell_num_max=1000 per group. Total cells for disco test: 5016.
  Target 'ENSG00000277258|chr17:38749713-38749805' had 2 sgRNA group(s) downsampled to combi_cell_num_max=1000 per group. Total cells for disco test: 4284.
  Target 'ENSG00000156374|chr10:103350606-103351145' had 5 sgRNA group(s) downsampled to combi_cell_num_max=1000 per group. Total cells for disco test: 5117.
  Target 'ENSG00000139515|chr13:27919991-27920254' had 5 sgRNA group(s) downsampled to combi_cell_num_max=1000 per group. Total cells for disco test: 5515.
  Target 'ENSG00000198300|chr19:56840478-56840749' had 2 sgRNA group(s) downsampled to combi_cell_num_max=1000 per group. Total cells for disco test: 2616.
  Target 'ENSG00000123349|chr12:53295544-53295946' had 6 sgRNA group(s) downsampled to combi_cell_num_max=1000 per group. Total cells for disco test: 6000.
  Target 'ENSG00000137338|chr6:28281608-28281791' had 3 sgRNA group(s) downsampled to combi_cell_num_max=1000 per group. Total cells for disco test: 4455.
  Target 'ENSG00000082175|chr11:101128901-101129812' had 4 sgRNA group(s) downsampled to combi_cell_num_max=1000 per group. Total cells for disco test: 5126.
  Target 'ENSG00000215021|chr12:6970304-6970667' had 3 sgRNA group(s) downsampled to combi_cell_num_max=1000 per group. Total cells for disco test: 3512.
  Target 'ENSG00000112511|chr6:33410814-33411224' had 4 sgRNA group(s) downsampled to combi_cell_num_max=1000 per group. Total cells for disco test: 5309.
  Target 'ENSG00000119403|chr9:120877109-120877199' had 4 sgRNA group(s) downsampled to combi_cell_num_max=1000 per group. Total cells for disco test: 5515.
  Target 'ENSG00000197724|chr9:93576789-93577029' had 5 sgRNA group(s) downsampled to combi_cell_num_max=1000 per group. Total cells for disco test: 5967.
  Target 'ENSG00000025293|chr20:35772051-35772415' had 2 sgRNA group(s) downsampled to combi_cell_num_max=1000 per group. Total cells for disco test: 3592.
  Target 'ENSG00000135365|chr11:46120798-46121492' had 3 sgRNA group(s) downsampled to combi_cell_num_max=1000 per group. Total cells for disco test: 3590.
  Target 'ENSG00000165462|chr11:72243925-72244180' had 5 sgRNA group(s) downsampled to combi_cell_num_max=1000 per group. Total cells for disco test: 5499.
  Target 'ENSG00000109132|chr4:41748316-41748747' had 5 sgRNA group(s) downsampled to combi_cell_num_max=1000 per group. Total cells for disco test: 5758.
  Target 'ENSG00000116793|chr1:113758992-113759524' had 5 sgRNA group(s) downsampled to combi_cell_num_max=1000 per group. Total cells for disco test: 5711.
  Target 'ENSG00000131788|chr1:145858990-145859791' had 6 sgRNA group(s) downsampled to combi_cell_num_max=1000 per group. Total cells for disco test: 6000.
  Target 'ENSG00000105229|chr19:4007737-4008242' had 3 sgRNA group(s) downsampled to combi_cell_num_max=1000 per group. Total cells for disco test: 4965.
  Target 'ENSG00000127445|chr19:9835357-9835572' had 2 sgRNA group(s) downsampled to combi_cell_num_max=1000 per group. Total cells for disco test: 3904.
  Target 'ENSG00000069011|chr5:135034178-135034269' had 2 sgRNA group(s) downsampled to combi_cell_num_max=1000 per group. Total cells for disco test: 3899.
  Target 'ENSG00000164093|chr4:110622979-110623083' had 5 sgRNA group(s) downsampled to combi_cell_num_max=1000 per group. Total cells for disco test: 5100.
  Target 'ENSG00000164093|chr4:110636773-110637012' had 4 sgRNA group(s) downsampled to combi_cell_num_max=1000 per group. Total cells for disco test: 5067.
  Target 'ENSG00000107859|chr10:102241370-102241522' had 6 sgRNA group(s) downsampled to combi_cell_num_max=1000 per group. Total cells for disco test: 6000.
  Target 'ENSG00000160199|chr21:42974570-42974815' had 3 sgRNA group(s) downsampled to combi_cell_num_max=1000 per group. Total cells for disco test: 5224.
  Target 'ENSG00000165495|chr11:125164701-125165032' had 3 sgRNA group(s) downsampled to combi_cell_num_max=1000 per group. Total cells for disco test: 4736.
  Target 'ENSG00000181690|chr8:56210845-56211308' had 4 sgRNA group(s) downsampled to combi_cell_num_max=1000 per group. Total cells for disco test: 5041.
  Target 'ENSG00000118495|chr6:144008147-144008269' had 3 sgRNA group(s) downsampled to combi_cell_num_max=1000 per group. Total cells for disco test: 4572.
  Target 'ENSG00000118495|chr6:144064515-144064585' had 5 sgRNA group(s) downsampled to combi_cell_num_max=1000 per group. Total cells for disco test: 5465.
  Target 'ENSG00000126003|chr20:32207339-32207732' had 5 sgRNA group(s) downsampled to combi_cell_num_max=1000 per group. Total cells for disco test: 5651.
  Target 'ENSG00000115956|chr2:68365269-68365541' had 5 sgRNA group(s) downsampled to combi_cell_num_max=1000 per group. Total cells for disco test: 5356.
  Target 'ENSG00000052126|chr12:19129746-19129987' had 4 sgRNA group(s) downsampled to combi_cell_num_max=1000 per group. Total cells for disco test: 4822.
  Target 'ENSG00000188313|chr3:146544361-146544607' had 4 sgRNA group(s) downsampled to combi_cell_num_max=1000 per group. Total cells for disco test: 4621.
  Target 'ENSG00000143157|chr1:166839472-166839735' had 4 sgRNA group(s) downsampled to combi_cell_num_max=1000 per group. Total cells for disco test: 4904.
  Target 'ENSG00000186141|chr1:145824185-145824322' had 5 sgRNA group(s) downsampled to combi_cell_num_max=1000 per group. Total cells for disco test: 5239.
  Target 'ENSG00000161980|chr16:53124-53651' had 2 sgRNA group(s) downsampled to combi_cell_num_max=1000 per group. Total cells for disco test: 2811.
  Target 'ENSG00000064835|chr3:87276317-87276612' had 5 sgRNA group(s) downsampled to combi_cell_num_max=1000 per group. Total cells for disco test: 5461.
  Target 'ENSG00000110777|chr11:111378968-111379276' had 5 sgRNA group(s) downsampled to combi_cell_num_max=1000 per group. Total cells for disco test: 5434.
  Target 'ENSG00000143190|chr1:167220883-167221072' had 2 sgRNA group(s) downsampled to combi_cell_num_max=1000 per group. Total cells for disco test: 3364.
  Target 'ENSG00000143190|chr1:167329073-167329510' had 4 sgRNA group(s) downsampled to combi_cell_num_max=1000 per group. Total cells for disco test: 5161.
  Target 'ENSG00000028277|chr19:42132366-42132480' had 4 sgRNA group(s) downsampled to combi_cell_num_max=1000 per group. Total cells for disco test: 4862.
  Target 'ENSG00000137709|chr11:120236634-120236961' had 5 sgRNA group(s) downsampled to combi_cell_num_max=1000 per group. Total cells for disco test: 5629.
  Target 'ENSG00000137709|chr11:120240137-120240266' had 5 sgRNA group(s) downsampled to combi_cell_num_max=1000 per group. Total cells for disco test: 5283.
  Target 'ENSG00000185668|chr1:38046469-38046797' had 5 sgRNA group(s) downsampled to combi_cell_num_max=1000 per group. Total cells for disco test: 5581.
  Target 'ENSG00000184486|chr6:98834545-98835076' had 4 sgRNA group(s) downsampled to combi_cell_num_max=1000 per group. Total cells for disco test: 5343.
  Target 'ENSG00000198914|chr2:104855534-104855770' had 4 sgRNA group(s) downsampled to combi_cell_num_max=1000 per group. Total cells for disco test: 5257.
  Target 'ENSG00000196767|chrX:83508307-83508392' had 5 sgRNA group(s) downsampled to combi_cell_num_max=1000 per group. Total cells for disco test: 5352.
  Target 'ENSG00000152192|chr13:78603113-78603615' had 4 sgRNA group(s) downsampled to combi_cell_num_max=1000 per group. Total cells for disco test: 4809.
  Target 'ENSG00000151615|chr4:146638902-146639129' had 5 sgRNA group(s) downsampled to combi_cell_num_max=1000 per group. Total cells for disco test: 5739.
  Target 'ENSG00000091010|chr5:146338859-146339112' had 6 sgRNA group(s) downsampled to combi_cell_num_max=1000 per group. Total cells for disco test: 6000.
  Target 'ENSG00000204531|chr6:31180431-31180710' had 4 sgRNA group(s) downsampled to combi_cell_num_max=1000 per group. Total cells for disco test: 5638.
  Target 'ENSG00000212993|chr8:127415817-127416221' had 2 sgRNA group(s) downsampled to combi_cell_num_max=1000 per group. Total cells for disco test: 4102.
  Target 'ENSG00000248483|chr5:93741205-93741611' had 5 sgRNA group(s) downsampled to combi_cell_num_max=1000 per group. Total cells for disco test: 5539.
  Target 'ENSG00000184271|chr12:51217777-51218095' had 4 sgRNA group(s) downsampled to combi_cell_num_max=1000 per group. Total cells for disco test: 4734.
  Target 'ENSG00000106536|chr7:39006819-39007081' had 4 sgRNA group(s) downsampled to combi_cell_num_max=1000 per group. Total cells for disco test: 5107.
  Target 'ENSG00000186951|chr22:46150517-46150847' had 2 sgRNA group(s) downsampled to combi_cell_num_max=1000 per group. Total cells for disco test: 3617.
  Target 'ENSG00000112033|chr6:35342557-35342984' had 4 sgRNA group(s) downsampled to combi_cell_num_max=1000 per group. Total cells for disco test: 4564.
  Target 'ENSG00000132170|chr3:12287955-12288395' had 3 sgRNA group(s) downsampled to combi_cell_num_max=1000 per group. Total cells for disco test: 4557.
  Target 'ENSG00000132170|chr3:12289043-12289150' had 5 sgRNA group(s) downsampled to combi_cell_num_max=1000 per group. Total cells for disco test: 5653.
  Target 'ENSG00000131013|chr6:149545865-149546043' had 3 sgRNA group(s) downsampled to combi_cell_num_max=1000 per group. Total cells for disco test: 4986.
  Target 'ENSG00000213639|chr2:28752075-28752565' had 3 sgRNA group(s) downsampled to combi_cell_num_max=1000 per group. Total cells for disco test: 4686.
  Target 'ENSG00000104881|chr19:45404905-45405041' had 4 sgRNA group(s) downsampled to combi_cell_num_max=1000 per group. Total cells for disco test: 4016.
  Target 'ENSG00000104881|chr19:45405894-45406384' had 4 sgRNA group(s) downsampled to combi_cell_num_max=1000 per group. Total cells for disco test: 4949.
  Target 'ENSG00000057657|chr6:106086357-106086421' had 5 sgRNA group(s) downsampled to combi_cell_num_max=1000 per group. Total cells for disco test: 5430.
  Target 'ENSG00000170325|chr11:130002305-130002835' had 4 sgRNA group(s) downsampled to combi_cell_num_max=1000 per group. Total cells for disco test: 5183.
  Target 'ENSG00000019485|chr11:45093992-45094422' had 5 sgRNA group(s) downsampled to combi_cell_num_max=1000 per group. Total cells for disco test: 5542.
  Target 'ENSG00000019485|chr11:45095797-45096082' had 4 sgRNA group(s) downsampled to combi_cell_num_max=1000 per group. Total cells for disco test: 5427.
  Target 'ENSG00000130711|chr9:130664216-130664865' had 3 sgRNA group(s) downsampled to combi_cell_num_max=1000 per group. Total cells for disco test: 5074.
  Target 'ENSG00000112238|chr6:99613909-99613993' had 4 sgRNA group(s) downsampled to combi_cell_num_max=1000 per group. Total cells for disco test: 5235.
  Target 'ENSG00000147596|chr8:70070761-70071232' had 2 sgRNA group(s) downsampled to combi_cell_num_max=1000 per group. Total cells for disco test: 3907.
  Target 'ENSG00000141956|chr21:41879012-41879330' had 4 sgRNA group(s) downsampled to combi_cell_num_max=1000 per group. Total cells for disco test: 5501.
  Target 'ENSG00000142611|chr1:3069214-3069288' had 6 sgRNA group(s) downsampled to combi_cell_num_max=1000 per group. Total cells for disco test: 6000.
  Target 'ENSG00000116731|chr1:13704871-13705208' had 4 sgRNA group(s) downsampled to combi_cell_num_max=1000 per group. Total cells for disco test: 4672.
  Target 'ENSG00000110851|chr12:107760712-107761152' had 5 sgRNA group(s) downsampled to combi_cell_num_max=1000 per group. Total cells for disco test: 5500.
  Target 'ENSG00000138738|chr4:120922635-120922807' had 4 sgRNA group(s) downsampled to combi_cell_num_max=1000 per group. Total cells for disco test: 4433.
  Target 'ENSG00000061455|chr5:123089231-123089314' had 5 sgRNA group(s) downsampled to combi_cell_num_max=1000 per group. Total cells for disco test: 5644.
  Target 'ENSG00000126856|chr16:90075543-90075901' had 3 sgRNA group(s) downsampled to combi_cell_num_max=1000 per group. Total cells for disco test: 4092.
  Target 'ENSG00000152784|chr4:80183804-80184021' had 4 sgRNA group(s) downsampled to combi_cell_num_max=1000 per group. Total cells for disco test: 4825.
  Target 'ENSG00000152784|chr4:80197522-80197867' had 6 sgRNA group(s) downsampled to combi_cell_num_max=1000 per group. Total cells for disco test: 6000.
  Target 'ENSG00000164256|chr5:23507593-23507661' had 2 sgRNA group(s) downsampled to combi_cell_num_max=1000 per group. Total cells for disco test: 4489.
  Target 'ENSG00000138073|chr2:27134161-27134632' had 2 sgRNA group(s) downsampled to combi_cell_num_max=1000 per group. Total cells for disco test: 3366.
  Target 'ENSG00000128563|chr7:102363890-102364302' had 3 sgRNA group(s) downsampled to combi_cell_num_max=1000 per group. Total cells for disco test: 3449.
  Target 'ENSG00000128563|chr7:102396413-102396472' had 4 sgRNA group(s) downsampled to combi_cell_num_max=1000 per group. Total cells for disco test: 4961.
  Target 'ENSG00000137492|chr11:76380661-76381075' had 4 sgRNA group(s) downsampled to combi_cell_num_max=1000 per group. Total cells for disco test: 4595.
  Target 'ENSG00000185238|chr11:20387715-20388204' had 3 sgRNA group(s) downsampled to combi_cell_num_max=1000 per group. Total cells for disco test: 3871.
  Target 'ENSG00000175325|chr5:177995827-177996296' had 5 sgRNA group(s) downsampled to combi_cell_num_max=1000 per group. Total cells for disco test: 5544.
  Target 'ENSG00000117707|chr1:213987944-213988486' had 5 sgRNA group(s) downsampled to combi_cell_num_max=1000 per group. Total cells for disco test: 5258.
  Target 'ENSG00000119608|chr14:74863532-74863796' had 6 sgRNA group(s) downsampled to combi_cell_num_max=1000 per group. Total cells for disco test: 6000.
  Target 'ENSG00000126464|chr19:49591192-49591660' had 6 sgRNA group(s) downsampled to combi_cell_num_max=1000 per group. Total cells for disco test: 6000.
  Target 'ENSG00000116132|chr1:170663129-170663470' had 4 sgRNA group(s) downsampled to combi_cell_num_max=1000 per group. Total cells for disco test: 4255.
  Target 'ENSG00000116132|chr1:170664225-170664433' had 4 sgRNA group(s) downsampled to combi_cell_num_max=1000 per group. Total cells for disco test: 4801.
  Target 'ENSG00000167157|chr9:129665716-129666091' had 3 sgRNA group(s) downsampled to combi_cell_num_max=1000 per group. Total cells for disco test: 4881.
  Target 'ENSG00000164985|chr9:15510566-15511005' had 5 sgRNA group(s) downsampled to combi_cell_num_max=1000 per group. Total cells for disco test: 5266.
  Target 'ENSG00000129084|chr11:14519918-14520317' had 5 sgRNA group(s) downsampled to combi_cell_num_max=1000 per group. Total cells for disco test: 5821.
  Target 'ENSG00000008018|chr6:170552827-170553285' had 3 sgRNA group(s) downsampled to combi_cell_num_max=1000 per group. Total cells for disco test: 4650.
  Target 'ENSG00000159377|chr1:151399570-151399812' had 3 sgRNA group(s) downsampled to combi_cell_num_max=1000 per group. Total cells for disco test: 4308.
  Target 'ENSG00000165916|chr11:47425762-47426264' had 3 sgRNA group(s) downsampled to combi_cell_num_max=1000 per group. Total cells for disco test: 5395.
  Target 'ENSG00000168267|chr10:23192333-23192811' had 3 sgRNA group(s) downsampled to combi_cell_num_max=1000 per group. Total cells for disco test: 4626.
  Target 'ENSG00000164611|chr5:160421840-160422061' had 2 sgRNA group(s) downsampled to combi_cell_num_max=1000 per group. Total cells for disco test: 3196.
  Target 'ENSG00000179950|chr8:143828848-143829372' had 6 sgRNA group(s) downsampled to combi_cell_num_max=1000 per group. Total cells for disco test: 6000.
  Target 'ENSG00000185129|chr5:140107805-140108079' had 5 sgRNA group(s) downsampled to combi_cell_num_max=1000 per group. Total cells for disco test: 5252.
  Target 'ENSG00000185129|chr5:140114164-140114522' had 5 sgRNA group(s) downsampled to combi_cell_num_max=1000 per group. Total cells for disco test: 5987.
  Target 'ENSG00000146676|chr7:44885259-44885548' had 6 sgRNA group(s) downsampled to combi_cell_num_max=1000 per group. Total cells for disco test: 6000.
  Target 'ENSG00000172733|chr8:31033103-31033319' had 3 sgRNA group(s) downsampled to combi_cell_num_max=1000 per group. Total cells for disco test: 4552.
  Target 'ENSG00000166349|chr11:36567997-36568417' had 3 sgRNA group(s) downsampled to combi_cell_num_max=1000 per group. Total cells for disco test: 4546.
  Target 'ENSG00000131759|chr17:40318275-40318536' had 4 sgRNA group(s) downsampled to combi_cell_num_max=1000 per group. Total cells for disco test: 4812.
  Target 'ENSG00000131759|chr17:40342381-40342588' had 3 sgRNA group(s) downsampled to combi_cell_num_max=1000 per group. Total cells for disco test: 4475.
  Target 'ENSG00000077092|chr3:25428258-25428518' had 3 sgRNA group(s) downsampled to combi_cell_num_max=1000 per group. Total cells for disco test: 4626.
  Target 'ENSG00000172819|chr12:53220106-53220349' had 3 sgRNA group(s) downsampled to combi_cell_num_max=1000 per group. Total cells for disco test: 3879.
  Target 'ENSG00000172819|chr12:53231789-53232195' had 6 sgRNA group(s) downsampled to combi_cell_num_max=1000 per group. Total cells for disco test: 6000.
  Target 'ENSG00000134438|chr18:59273308-59273406' had 3 sgRNA group(s) downsampled to combi_cell_num_max=1000 per group. Total cells for disco test: 4267.
  Target 'ENSG00000173976|chr19:3771993-3772264' had 5 sgRNA group(s) downsampled to combi_cell_num_max=1000 per group. Total cells for disco test: 5830.
  Target 'ENSG00000139687|chr13:48303814-48303919' had 3 sgRNA group(s) downsampled to combi_cell_num_max=1000 per group. Total cells for disco test: 4519.
  Target 'ENSG00000023287|chr8:52656074-52656492' had 2 sgRNA group(s) downsampled to combi_cell_num_max=1000 per group. Total cells for disco test: 3273.
  Target 'ENSG00000023287|chr8:52714363-52714428' had 3 sgRNA group(s) downsampled to combi_cell_num_max=1000 per group. Total cells for disco test: 3989.
  Target 'ENSG00000146587|chr7:5045853-5046293' had 6 sgRNA group(s) downsampled to combi_cell_num_max=1000 per group. Total cells for disco test: 6000.
  Target 'ENSG00000146587|chr7:5072118-5072235' had 4 sgRNA group(s) downsampled to combi_cell_num_max=1000 per group. Total cells for disco test: 5472.
  Target 'ENSG00000125826|chr20:408225-408558' had 6 sgRNA group(s) downsampled to combi_cell_num_max=1000 per group. Total cells for disco test: 6000.
  Target 'ENSG00000103479|chr16:53434495-53434581' had 4 sgRNA group(s) downsampled to combi_cell_num_max=1000 per group. Total cells for disco test: 5314.
  Target 'ENSG00000103479|chr16:53435641-53435883' had 5 sgRNA group(s) downsampled to combi_cell_num_max=1000 per group. Total cells for disco test: 5773.
  Target 'ENSG00000153250|chr2:160493615-160493833' had 3 sgRNA group(s) downsampled to combi_cell_num_max=1000 per group. Total cells for disco test: 4803.
  Target 'ENSG00000168214|chr4:26320966-26321064' had 5 sgRNA group(s) downsampled to combi_cell_num_max=1000 per group. Total cells for disco test: 5102.
  Target 'ENSG00000124232|chr20:45306865-45307123' had 4 sgRNA group(s) downsampled to combi_cell_num_max=1000 per group. Total cells for disco test: 5136.
  Target 'ENSG00000056586|chr9:122905107-122905267' had 3 sgRNA group(s) downsampled to combi_cell_num_max=1000 per group. Total cells for disco test: 4585.
  Target 'ENSG00000159200|chr21:34526660-34526834' had 5 sgRNA group(s) downsampled to combi_cell_num_max=1000 per group. Total cells for disco test: 5132.
  Target 'ENSG00000089902|chr14:102592629-102592922' had 6 sgRNA group(s) downsampled to combi_cell_num_max=1000 per group. Total cells for disco test: 6000.
  Target 'ENSG00000167771|chr11:63916556-63917162' had 4 sgRNA group(s) downsampled to combi_cell_num_max=1000 per group. Total cells for disco test: 5146.
  Target 'ENSG00000117625|chr1:211259379-211259596' had 5 sgRNA group(s) downsampled to combi_cell_num_max=1000 per group. Total cells for disco test: 5348.
  Target 'ENSG00000162924|chr2:60881597-60881658' had 5 sgRNA group(s) downsampled to combi_cell_num_max=1000 per group. Total cells for disco test: 5344.
  Target 'ENSG00000173039|chr11:65662554-65662953' had 6 sgRNA group(s) downsampled to combi_cell_num_max=1000 per group. Total cells for disco test: 6000.
  Target 'ENSG00000104856|chr19:45001504-45001909' had 5 sgRNA group(s) downsampled to combi_cell_num_max=1000 per group. Total cells for disco test: 5259.
  Target 'ENSG00000214022|chr7:150368865-150369642' had 5 sgRNA group(s) downsampled to combi_cell_num_max=1000 per group. Total cells for disco test: 5491.
  Target 'ENSG00000142599|chr1:8817358-8817677' had 4 sgRNA group(s) downsampled to combi_cell_num_max=1000 per group. Total cells for disco test: 4569.
  Target 'ENSG00000084093|chr4:56907913-56908305' had 4 sgRNA group(s) downsampled to combi_cell_num_max=1000 per group. Total cells for disco test: 4545.
  Target 'ENSG00000084093|chr4:56908921-56909365' had 3 sgRNA group(s) downsampled to combi_cell_num_max=1000 per group. Total cells for disco test: 5681.
  Target 'ENSG00000148300|chr9:133417559-133418015' had 4 sgRNA group(s) downsampled to combi_cell_num_max=1000 per group. Total cells for disco test: 4853.
  Target 'ENSG00000132005|chr19:14006259-14006349' had 5 sgRNA group(s) downsampled to combi_cell_num_max=1000 per group. Total cells for disco test: 5313.
  Target 'ENSG00000087903|chr19:6110396-6110505' had 4 sgRNA group(s) downsampled to combi_cell_num_max=1000 per group. Total cells for disco test: 4769.
  Target 'ENSG00000080298|chr9:3525576-3525992' had 3 sgRNA group(s) downsampled to combi_cell_num_max=1000 per group. Total cells for disco test: 4284.
  Target 'ENSG00000111783|chr12:106583082-106583379' had 4 sgRNA group(s) downsampled to combi_cell_num_max=1000 per group. Total cells for disco test: 5567.
  Target 'ENSG00000143390|chr1:151346898-151347273' had 3 sgRNA group(s) downsampled to combi_cell_num_max=1000 per group. Total cells for disco test: 4131.
  Target 'ENSG00000185002|chr6:116877226-116877358' had 2 sgRNA group(s) downsampled to combi_cell_num_max=1000 per group. Total cells for disco test: 4657.
  Target 'ENSG00000181827|chr15:56243337-56243756' had 3 sgRNA group(s) downsampled to combi_cell_num_max=1000 per group. Total cells for disco test: 4100.
  Target 'ENSG00000196460|chr2:101474204-101475022' had 4 sgRNA group(s) downsampled to combi_cell_num_max=1000 per group. Total cells for disco test: 5181.
  Target 'ENSG00000064490|chr19:19192941-19193190' had 5 sgRNA group(s) downsampled to combi_cell_num_max=1000 per group. Total cells for disco test: 5542.
  Target 'ENSG00000133111|chr13:36819231-36819318' had 2 sgRNA group(s) downsampled to combi_cell_num_max=1000 per group. Total cells for disco test: 4772.
  Target 'ENSG00000101883|chrX:120116206-120116469' had 4 sgRNA group(s) downsampled to combi_cell_num_max=1000 per group. Total cells for disco test: 5002.
  Target 'ENSG00000117000|chr1:40161382-40161872' had 6 sgRNA group(s) downsampled to combi_cell_num_max=1000 per group. Total cells for disco test: 6000.
  Target 'ENSG00000110315|chr11:10540908-10541192' had 3 sgRNA group(s) downsampled to combi_cell_num_max=1000 per group. Total cells for disco test: 4409.
  Target 'ENSG00000121481|chr1:185045530-185045974' had 5 sgRNA group(s) downsampled to combi_cell_num_max=1000 per group. Total cells for disco test: 5709.
  Target 'ENSG00000063978|chr4:2469096-2469620' had 2 sgRNA group(s) downsampled to combi_cell_num_max=1000 per group. Total cells for disco test: 3030.
  Target 'ENSG00000069667|chr15:61229051-61229471' had 5 sgRNA group(s) downsampled to combi_cell_num_max=1000 per group. Total cells for disco test: 5625.
  Target 'ENSG00000198963|chr9:74497302-74497430' had 5 sgRNA group(s) downsampled to combi_cell_num_max=1000 per group. Total cells for disco test: 5635.
  Target 'ENSG00000143365|chr1:151825869-151826102' had 1 sgRNA group(s) downsampled to combi_cell_num_max=1000 per group. Total cells for disco test: 2500.
  Target 'ENSG00000143365|chr1:151831572-151831764' had 5 sgRNA group(s) downsampled to combi_cell_num_max=1000 per group. Total cells for disco test: 5111.
  Target 'ENSG00000106399|chr7:7640061-7640747' had 2 sgRNA group(s) downsampled to combi_cell_num_max=1000 per group. Total cells for disco test: 3889.
  Target 'ENSG00000117133|chr1:84479276-84479689' had 1 sgRNA group(s) downsampled to combi_cell_num_max=1000 per group. Total cells for disco test: 1716.
  Target 'ENSG00000198034|chrX:72276872-72277245' had 1 sgRNA group(s) downsampled to combi_cell_num_max=1000 per group. Total cells for disco test: 3320.
  Target 'ENSG00000124782|chr6:7107748-7108093' had 5 sgRNA group(s) downsampled to combi_cell_num_max=1000 per group. Total cells for disco test: 5801.
  Target 'ENSG00000159216|chr21:35048840-35049184' had 6 sgRNA group(s) downsampled to combi_cell_num_max=1000 per group. Total cells for disco test: 6000.
  Target 'ENSG00000079102|chr8:92062352-92062590' had 4 sgRNA group(s) downsampled to combi_cell_num_max=1000 per group. Total cells for disco test: 5227.
  Target 'ENSG00000079102|chr8:92095014-92095233' had 5 sgRNA group(s) downsampled to combi_cell_num_max=1000 per group. Total cells for disco test: 5426.
  Target 'ENSG00000124813|chr6:45328358-45328639' had 4 sgRNA group(s) downsampled to combi_cell_num_max=1000 per group. Total cells for disco test: 5240.
  Target 'ENSG00000124813|chr6:45422307-45422407' had 3 sgRNA group(s) downsampled to combi_cell_num_max=1000 per group. Total cells for disco test: 3264.
  Target 'ENSG00000020633|chr1:24930025-24930283' had 4 sgRNA group(s) downsampled to combi_cell_num_max=1000 per group. Total cells for disco test: 4936.
  Target 'ENSG00000020633|chr1:24964606-24965040' had 5 sgRNA group(s) downsampled to combi_cell_num_max=1000 per group. Total cells for disco test: 5458.
  Target 'ENSG00000175792|chr3:128123370-128123809' had 2 sgRNA group(s) downsampled to combi_cell_num_max=1000 per group. Total cells for disco test: 2884.
  Target 'ENSG00000186350|chr9:134326449-134326921' had 4 sgRNA group(s) downsampled to combi_cell_num_max=1000 per group. Total cells for disco test: 5478.
  Target 'ENSG00000204231|chr6:33200036-33200671' had 3 sgRNA group(s) downsampled to combi_cell_num_max=1000 per group. Total cells for disco test: 4344.
  Target 'ENSG00000143171|chr1:165444669-165445089' had 4 sgRNA group(s) downsampled to combi_cell_num_max=1000 per group. Total cells for disco test: 4302.
  Target 'ENSG00000211456|chr3:45689317-45689684' had 5 sgRNA group(s) downsampled to combi_cell_num_max=1000 per group. Total cells for disco test: 5456.
  Target 'ENSG00000160633|chr19:5623093-5623524' had 4 sgRNA group(s) downsampled to combi_cell_num_max=1000 per group. Total cells for disco test: 5657.
  Target 'ENSG00000130254|chr19:5622527-5622775' had 4 sgRNA group(s) downsampled to combi_cell_num_max=1000 per group. Total cells for disco test: 5630.
  Target 'ENSG00000103449|chr16:51151031-51151261' had 6 sgRNA group(s) downsampled to combi_cell_num_max=1000 per group. Total cells for disco test: 6000.
  Target 'ENSG00000165821|chr14:21525987-21526258' had 4 sgRNA group(s) downsampled to combi_cell_num_max=1000 per group. Total cells for disco test: 5224.
  Target 'ENSG00000256463|chr18:78979845-78980452' had 4 sgRNA group(s) downsampled to combi_cell_num_max=1000 per group. Total cells for disco test: 4837.
  Target 'ENSG00000101115|chr20:51801947-51802476' had 4 sgRNA group(s) downsampled to combi_cell_num_max=1000 per group. Total cells for disco test: 5025.
  Target 'ENSG00000182568|chr3:18424848-18425341' had 4 sgRNA group(s) downsampled to combi_cell_num_max=1000 per group. Total cells for disco test: 5304.
  Target 'ENSG00000182568|chr3:18444605-18444835' had 5 sgRNA group(s) downsampled to combi_cell_num_max=1000 per group. Total cells for disco test: 5606.
  Target 'ENSG00000119042|chr2:199457903-199458675' had 3 sgRNA group(s) downsampled to combi_cell_num_max=1000 per group. Total cells for disco test: 4941.
  Target 'ENSG00000248496|chr6:28587057-28587321' had 3 sgRNA group(s) downsampled to combi_cell_num_max=1000 per group. Total cells for disco test: 4590.
  Target 'ENSG00000140386|chr15:76905260-76905329' had 3 sgRNA group(s) downsampled to combi_cell_num_max=1000 per group. Total cells for disco test: 5213.
  Target 'ENSG00000010803|chr1:41160713-41160902' had 4 sgRNA group(s) downsampled to combi_cell_num_max=1000 per group. Total cells for disco test: 4404.
  Target 'ENSG00000010803|chr1:41161088-41161438' had 6 sgRNA group(s) downsampled to combi_cell_num_max=1000 per group. Total cells for disco test: 6000.
  Target 'ENSG00000146285|chr6:107824001-107824322' had 6 sgRNA group(s) downsampled to combi_cell_num_max=1000 per group. Total cells for disco test: 6000.
  Target 'ENSG00000261678|chr8:144336352-144336724' had 5 sgRNA group(s) downsampled to combi_cell_num_max=1000 per group. Total cells for disco test: 5155.
  Target 'ENSG00000215397|chr20:676442-676643' had 3 sgRNA group(s) downsampled to combi_cell_num_max=1000 per group. Total cells for disco test: 4646.
  Target 'ENSG00000260428|chr8:144266603-144266696' had 2 sgRNA group(s) downsampled to combi_cell_num_max=1000 per group. Total cells for disco test: 3299.
  Target 'ENSG00000260428|chr8:144266662-144267077' had 4 sgRNA group(s) downsampled to combi_cell_num_max=1000 per group. Total cells for disco test: 4658.
  Target 'ENSG00000274529|chr17:28370126-28370278' had 6 sgRNA group(s) downsampled to combi_cell_num_max=1000 per group. Total cells for disco test: 6000.
  Target 'ENSG00000152217|chr18:44680123-44680792' had 3 sgRNA group(s) downsampled to combi_cell_num_max=1000 per group. Total cells for disco test: 4797.
  Target 'ENSG00000099381|chr16:30958041-30958479' had 5 sgRNA group(s) downsampled to combi_cell_num_max=1000 per group. Total cells for disco test: 5026.
  Target 'ENSG00000143379|chr1:150926319-150926833' had 6 sgRNA group(s) downsampled to combi_cell_num_max=1000 per group. Total cells for disco test: 6000.
  Target 'ENSG00000136169|chr13:49444287-49444517' had 6 sgRNA group(s) downsampled to combi_cell_num_max=1000 per group. Total cells for disco test: 6000.
  Target 'ENSG00000141258|chr17:2337491-2337770' had 2 sgRNA group(s) downsampled to combi_cell_num_max=1000 per group. Total cells for disco test: 4818.
  Target 'ENSG00000109686|chr4:151225913-151226446' had 6 sgRNA group(s) downsampled to combi_cell_num_max=1000 per group. Total cells for disco test: 6000.
  Target 'ENSG00000109686|chr4:151227651-151227895' had 5 sgRNA group(s) downsampled to combi_cell_num_max=1000 per group. Total cells for disco test: 5266.
  Target 'ENSG00000185960|chrX:630721-631228' had 4 sgRNA group(s) downsampled to combi_cell_num_max=1000 per group. Total cells for disco test: 4806.
  Target 'ENSG00000168779|chr3:158105681-158105761' had 5 sgRNA group(s) downsampled to combi_cell_num_max=1000 per group. Total cells for disco test: 5131.
  Target 'ENSG00000112246|chr6:100464680-100464919' had 5 sgRNA group(s) downsampled to combi_cell_num_max=1000 per group. Total cells for disco test: 5745.
  Target 'ENSG00000159263|chr21:36699107-36699564' had 3 sgRNA group(s) downsampled to combi_cell_num_max=1000 per group. Total cells for disco test: 4586.
  Target 'ENSG00000169375|chr15:75451442-75451699' had 6 sgRNA group(s) downsampled to combi_cell_num_max=1000 per group. Total cells for disco test: 6000.
  Target 'ENSG00000169375|chr15:75455340-75455817' had 4 sgRNA group(s) downsampled to combi_cell_num_max=1000 per group. Total cells for disco test: 5330.
  Target 'ENSG00000077463|chr19:4182476-4182592' had 6 sgRNA group(s) downsampled to combi_cell_num_max=1000 per group. Total cells for disco test: 6000.
  Target 'ENSG00000126778|chr14:60649343-60649488' had 4 sgRNA group(s) downsampled to combi_cell_num_max=1000 per group. Total cells for disco test: 5233.
  Target 'ENSG00000170577|chr2:45009077-45009443' had 5 sgRNA group(s) downsampled to combi_cell_num_max=1000 per group. Total cells for disco test: 5872.
  Target 'ENSG00000138083|chr2:44941742-44942140' had 4 sgRNA group(s) downsampled to combi_cell_num_max=1000 per group. Total cells for disco test: 5593.
  Target 'ENSG00000100625|chr14:60723908-60724347' had 5 sgRNA group(s) downsampled to combi_cell_num_max=1000 per group. Total cells for disco test: 5054.
  Target 'ENSG00000177045|chr19:45768763-45769309' had 5 sgRNA group(s) downsampled to combi_cell_num_max=1000 per group. Total cells for disco test: 5995.
  Target 'ENSG00000184302|chr14:60509189-60509290' had 5 sgRNA group(s) downsampled to combi_cell_num_max=1000 per group. Total cells for disco test: 5474.
  Target 'ENSG00000157933|chr1:2228531-2228929' had 4 sgRNA group(s) downsampled to combi_cell_num_max=1000 per group. Total cells for disco test: 4912.
  Target 'ENSG00000136603|chr3:170357705-170358127' had 4 sgRNA group(s) downsampled to combi_cell_num_max=1000 per group. Total cells for disco test: 4918.
  Target 'ENSG00000188779|chr15:67823370-67823675' had 5 sgRNA group(s) downsampled to combi_cell_num_max=1000 per group. Total cells for disco test: 5254.
  Target 'ENSG00000215474|chr18:47248838-47249173' had 3 sgRNA group(s) downsampled to combi_cell_num_max=1000 per group. Total cells for disco test: 4056.
  Target 'ENSG00000175003|chr6:160121862-160122212' had 4 sgRNA group(s) downsampled to combi_cell_num_max=1000 per group. Total cells for disco test: 5270.
  Target 'ENSG00000125520|chr20:63739767-63740380' had 4 sgRNA group(s) downsampled to combi_cell_num_max=1000 per group. Total cells for disco test: 4492.
  Target 'ENSG00000014824|chr4:41990536-41990727' had 3 sgRNA group(s) downsampled to combi_cell_num_max=1000 per group. Total cells for disco test: 4207.
  Target 'ENSG00000170365|chr4:145481793-145482298' had 4 sgRNA group(s) downsampled to combi_cell_num_max=1000 per group. Total cells for disco test: 5289.
  Target 'ENSG00000175387|chr18:47930139-47930914' had 4 sgRNA group(s) downsampled to combi_cell_num_max=1000 per group. Total cells for disco test: 5395.
  Target 'ENSG00000166949|chr15:67065846-67066213' had 5 sgRNA group(s) downsampled to combi_cell_num_max=1000 per group. Total cells for disco test: 6000.
  Target 'ENSG00000141646|chr18:51030218-51030696' had 4 sgRNA group(s) downsampled to combi_cell_num_max=1000 per group. Total cells for disco test: 5050.
  Target 'ENSG00000113658|chr5:136132866-136133370' had 5 sgRNA group(s) downsampled to combi_cell_num_max=1000 per group. Total cells for disco test: 5694.
  Target 'ENSG00000137834|chr15:66702324-66702590' had 4 sgRNA group(s) downsampled to combi_cell_num_max=1000 per group. Total cells for disco test: 4440.
  Target 'ENSG00000101665|chr18:48948885-48950655' had 6 sgRNA group(s) downsampled to combi_cell_num_max=1000 per group. Total cells for disco test: 6000.
  Target 'ENSG00000120693|chr13:36919721-36920264' had 3 sgRNA group(s) downsampled to combi_cell_num_max=1000 per group. Total cells for disco test: 5041.
  Target 'ENSG00000102038|chrX:129523007-129523501' had 4 sgRNA group(s) downsampled to combi_cell_num_max=1000 per group. Total cells for disco test: 5194.
  Target 'ENSG00000080503|chr9:2015338-2015565' had 4 sgRNA group(s) downsampled to combi_cell_num_max=1000 per group. Total cells for disco test: 5549.
  Target 'ENSG00000127616|chr19:10961045-10961525' had 5 sgRNA group(s) downsampled to combi_cell_num_max=1000 per group. Total cells for disco test: 5275.
  Target 'ENSG00000153147|chr4:143513688-143514112' had 5 sgRNA group(s) downsampled to combi_cell_num_max=1000 per group. Total cells for disco test: 5185.
  Target 'ENSG00000099956|chr22:23786987-23787393' had 4 sgRNA group(s) downsampled to combi_cell_num_max=1000 per group. Total cells for disco test: 5337.
  Target 'ENSG00000099956|chr22:23791770-23791831' had 5 sgRNA group(s) downsampled to combi_cell_num_max=1000 per group. Total cells for disco test: 5349.
  Target 'ENSG00000173473|chr3:47781383-47781872' had 2 sgRNA group(s) downsampled to combi_cell_num_max=1000 per group. Total cells for disco test: 3951.
  Target 'ENSG00000139613|chr12:56189298-56189479' had 5 sgRNA group(s) downsampled to combi_cell_num_max=1000 per group. Total cells for disco test: 5177.
  Target 'ENSG00000143499|chr1:214281195-214281425' had 5 sgRNA group(s) downsampled to combi_cell_num_max=1000 per group. Total cells for disco test: 5719.
  Target 'ENSG00000185420|chr1:246507012-246507262' had 5 sgRNA group(s) downsampled to combi_cell_num_max=1000 per group. Total cells for disco test: 5381.
  Target 'ENSG00000124216|chr20:49982975-49983472' had 2 sgRNA group(s) downsampled to combi_cell_num_max=1000 per group. Total cells for disco test: 4228.
  Target 'ENSG00000019549|chr8:48921305-48921393' had 3 sgRNA group(s) downsampled to combi_cell_num_max=1000 per group. Total cells for disco test: 4318.
  Target 'ENSG00000185669|chr16:88686281-88686499' had 1 sgRNA group(s) downsampled to combi_cell_num_max=1000 per group. Total cells for disco test: 3457.
  Target 'ENSG00000023608|chr14:61762410-61762796' had 1 sgRNA group(s) downsampled to combi_cell_num_max=1000 per group. Total cells for disco test: 2702.
  Target 'ENSG00000104976|chr19:7920344-7921038' had 4 sgRNA group(s) downsampled to combi_cell_num_max=1000 per group. Total cells for disco test: 4512.
  Target 'ENSG00000164975|chr9:15422862-15423120' had 1 sgRNA group(s) downsampled to combi_cell_num_max=1000 per group. Total cells for disco test: 3561.
  Target 'ENSG00000165684|chr9:136376833-136377485' had 3 sgRNA group(s) downsampled to combi_cell_num_max=1000 per group. Total cells for disco test: 4830.
  Target 'ENSG00000174446|chr15:66497410-66497777' had 2 sgRNA group(s) downsampled to combi_cell_num_max=1000 per group. Total cells for disco test: 3814.
  Target 'ENSG00000165643|chr9:135699409-135699477' had 3 sgRNA group(s) downsampled to combi_cell_num_max=1000 per group. Total cells for disco test: 4061.
  Target 'ENSG00000120669|chr13:36214360-36214552' had 4 sgRNA group(s) downsampled to combi_cell_num_max=1000 per group. Total cells for disco test: 5615.
  Target 'ENSG00000159140|chr21:33543047-33543567' had 2 sgRNA group(s) downsampled to combi_cell_num_max=1000 per group. Total cells for disco test: 3692.
  Target 'ENSG00000159140|chr21:33549545-33549814' had 5 sgRNA group(s) downsampled to combi_cell_num_max=1000 per group. Total cells for disco test: 5079.
  Target 'ENSG00000182968|chr13:112067181-112067806' had 2 sgRNA group(s) downsampled to combi_cell_num_max=1000 per group. Total cells for disco test: 5152.
  Target 'ENSG00000100146|chr22:37984345-37984542' had 5 sgRNA group(s) downsampled to combi_cell_num_max=1000 per group. Total cells for disco test: 5780.
  Target 'ENSG00000176887|chr2:5692396-5692511' had 3 sgRNA group(s) downsampled to combi_cell_num_max=1000 per group. Total cells for disco test: 3834.
  Target 'ENSG00000177732|chr20:325872-326086' had 4 sgRNA group(s) downsampled to combi_cell_num_max=1000 per group. Total cells for disco test: 4733.
  Target 'ENSG00000143842|chr1:204073095-204073323' had 5 sgRNA group(s) downsampled to combi_cell_num_max=1000 per group. Total cells for disco test: 5634.
  Target 'ENSG00000168875|chr3:137764309-137764690' had 4 sgRNA group(s) downsampled to combi_cell_num_max=1000 per group. Total cells for disco test: 4818.
  Target 'ENSG00000129194|chr17:7589761-7590075' had 5 sgRNA group(s) downsampled to combi_cell_num_max=1000 per group. Total cells for disco test: 5712.
  Target 'ENSG00000164736|chr8:54457938-54458154' had 4 sgRNA group(s) downsampled to combi_cell_num_max=1000 per group. Total cells for disco test: 4996.
  Target 'ENSG00000203883|chr20:64049282-64049635' had 2 sgRNA group(s) downsampled to combi_cell_num_max=1000 per group. Total cells for disco test: 2945.
  Target 'ENSG00000181449|chr3:181711908-181712439' had 5 sgRNA group(s) downsampled to combi_cell_num_max=1000 per group. Total cells for disco test: 5628.
  Target 'ENSG00000125285|chr13:94712239-94712536' had 5 sgRNA group(s) downsampled to combi_cell_num_max=1000 per group. Total cells for disco test: 5734.
  Target 'ENSG00000134595|chrX:140504675-140505036' had 4 sgRNA group(s) downsampled to combi_cell_num_max=1000 per group. Total cells for disco test: 4148.
  Target 'ENSG00000039600|chr5:157651937-157652361' had 5 sgRNA group(s) downsampled to combi_cell_num_max=1000 per group. Total cells for disco test: 5978.
  Target 'ENSG00000039600|chr5:157671198-157671445' had 4 sgRNA group(s) downsampled to combi_cell_num_max=1000 per group. Total cells for disco test: 5439.
  Target 'ENSG00000124766|chr6:21593726-21594227' had 6 sgRNA group(s) downsampled to combi_cell_num_max=1000 per group. Total cells for disco test: 6000.
  Target 'ENSG00000124766|chr6:21597711-21597913' had 6 sgRNA group(s) downsampled to combi_cell_num_max=1000 per group. Total cells for disco test: 6000.
  Target 'ENSG00000134532|chr12:23895747-23896025' had 6 sgRNA group(s) downsampled to combi_cell_num_max=1000 per group. Total cells for disco test: 6000.
  Target 'ENSG00000134532|chr12:23949569-23949854' had 3 sgRNA group(s) downsampled to combi_cell_num_max=1000 per group. Total cells for disco test: 4935.
  Target 'ENSG00000110693|chr11:16341166-16341238' had 4 sgRNA group(s) downsampled to combi_cell_num_max=1000 per group. Total cells for disco test: 4964.
  Target 'ENSG00000110693|chr11:16402517-16402752' had 6 sgRNA group(s) downsampled to combi_cell_num_max=1000 per group. Total cells for disco test: 6000.
  Target 'ENSG00000110693|chr11:16475902-16476367' had 5 sgRNA group(s) downsampled to combi_cell_num_max=1000 per group. Total cells for disco test: 5079.
  Target 'ENSG00000171056|chr8:10839664-10839860' had 4 sgRNA group(s) downsampled to combi_cell_num_max=1000 per group. Total cells for disco test: 4496.
  Target 'ENSG00000005513|chr16:981821-982406' had 3 sgRNA group(s) downsampled to combi_cell_num_max=1000 per group. Total cells for disco test: 4878.
  Target 'ENSG00000125398|chr17:72121014-72121263' had 6 sgRNA group(s) downsampled to combi_cell_num_max=1000 per group. Total cells for disco test: 6000.
  Target 'ENSG00000185591|chr12:53380184-53380609' had 5 sgRNA group(s) downsampled to combi_cell_num_max=1000 per group. Total cells for disco test: 5797.
  Target 'ENSG00000067066|chr2:230416187-230416614' had 5 sgRNA group(s) downsampled to combi_cell_num_max=1000 per group. Total cells for disco test: 5948.
  Target 'ENSG00000135899|chr2:230219609-230219951' had 4 sgRNA group(s) downsampled to combi_cell_num_max=1000 per group. Total cells for disco test: 5160.
  Target 'ENSG00000079263|chr2:230225743-230225953' had 3 sgRNA group(s) downsampled to combi_cell_num_max=1000 per group. Total cells for disco test: 4959.
  Target 'ENSG00000185404|chr2:230327166-230327434' had 4 sgRNA group(s) downsampled to combi_cell_num_max=1000 per group. Total cells for disco test: 4476.
  Target 'ENSG00000167182|chr17:47896230-47896720' had 5 sgRNA group(s) downsampled to combi_cell_num_max=1000 per group. Total cells for disco test: 5975.
  Target 'ENSG00000172845|chr2:173963513-173964260' had 4 sgRNA group(s) downsampled to combi_cell_num_max=1000 per group. Total cells for disco test: 4488.
  Target 'ENSG00000105866|chr7:21428042-21428256' had 4 sgRNA group(s) downsampled to combi_cell_num_max=1000 per group. Total cells for disco test: 5528.
  Target 'ENSG00000204335|chr2:170715355-170716322' had 3 sgRNA group(s) downsampled to combi_cell_num_max=1000 per group. Total cells for disco test: 4905.
  Target 'ENSG00000189120|chr17:47850987-47851162' had 2 sgRNA group(s) downsampled to combi_cell_num_max=1000 per group. Total cells for disco test: 4077.
  Target 'ENSG00000170374|chr12:53336226-53336390' had 4 sgRNA group(s) downsampled to combi_cell_num_max=1000 per group. Total cells for disco test: 5520.
  Target 'ENSG00000164651|chr7:20786502-20786925' had 3 sgRNA group(s) downsampled to combi_cell_num_max=1000 per group. Total cells for disco test: 4101.
  Target 'ENSG00000217236|chr2:174334930-174335177' had 2 sgRNA group(s) downsampled to combi_cell_num_max=1000 per group. Total cells for disco test: 4038.
  Target 'ENSG00000124664|chr6:34555882-34556298' had 4 sgRNA group(s) downsampled to combi_cell_num_max=1000 per group. Total cells for disco test: 5074.
  Target 'ENSG00000065526|chr1:15847812-15848268' had 4 sgRNA group(s) downsampled to combi_cell_num_max=1000 per group. Total cells for disco test: 4588.
  Target 'ENSG00000066336|chr11:47378292-47378531' had 4 sgRNA group(s) downsampled to combi_cell_num_max=1000 per group. Total cells for disco test: 4744.
  Target 'ENSG00000269404|chr19:50418934-50419189' had 4 sgRNA group(s) downsampled to combi_cell_num_max=1000 per group. Total cells for disco test: 4737.
  Target 'ENSG00000166211|chr12:101475319-101475804' had 3 sgRNA group(s) downsampled to combi_cell_num_max=1000 per group. Total cells for disco test: 4495.
  Target 'ENSG00000164299|chr5:80320044-80320323' had 4 sgRNA group(s) downsampled to combi_cell_num_max=1000 per group. Total cells for disco test: 4695.
  Target 'ENSG00000080603|chr16:30698167-30699349' had 4 sgRNA group(s) downsampled to combi_cell_num_max=1000 per group. Total cells for disco test: 5194.
  Target 'ENSG00000072310|chr17:17823142-17823619' had 3 sgRNA group(s) downsampled to combi_cell_num_max=1000 per group. Total cells for disco test: 4213.
  Target 'ENSG00000072310|chr17:17836540-17836978' had 5 sgRNA group(s) downsampled to combi_cell_num_max=1000 per group. Total cells for disco test: 5216.
  Target 'ENSG00000198911|chr22:41833139-41833356' had 2 sgRNA group(s) downsampled to combi_cell_num_max=1000 per group. Total cells for disco test: 4101.
  Target 'ENSG00000112658|chr6:43171413-43171886' had 2 sgRNA group(s) downsampled to combi_cell_num_max=1000 per group. Total cells for disco test: 4112.
  Target 'ENSG00000184895|chrY:2787313-2787705' had 5 sgRNA group(s) downsampled to combi_cell_num_max=1000 per group. Total cells for disco test: 5333.
  Target 'ENSG00000141380|chr18:26090413-26090627' had 5 sgRNA group(s) downsampled to combi_cell_num_max=1000 per group. Total cells for disco test: 5477.
  Target 'ENSG00000149136|chr11:57335432-57335883' had 1 sgRNA group(s) downsampled to combi_cell_num_max=1000 per group. Total cells for disco test: 3745.
  Target 'ENSG00000147488|chr8:52409536-52409768' had 3 sgRNA group(s) downsampled to combi_cell_num_max=1000 per group. Total cells for disco test: 4534.
  Target 'ENSG00000115415|chr2:191014019-191014175' had 3 sgRNA group(s) downsampled to combi_cell_num_max=1000 per group. Total cells for disco test: 4369.
  Target 'ENSG00000170581|chr12:56360046-56360134' had 4 sgRNA group(s) downsampled to combi_cell_num_max=1000 per group. Total cells for disco test: 5826.
  Target 'ENSG00000168610|chr17:42388355-42388422' had 2 sgRNA group(s) downsampled to combi_cell_num_max=1000 per group. Total cells for disco test: 3376.
  Target 'ENSG00000138378|chr2:191150702-191151087' had 5 sgRNA group(s) downsampled to combi_cell_num_max=1000 per group. Total cells for disco test: 5121.
  Target 'ENSG00000126561|chr17:42288767-42289036' had 6 sgRNA group(s) downsampled to combi_cell_num_max=1000 per group. Total cells for disco test: 6000.
  Target 'ENSG00000173757|chr17:42275927-42276389' had 1 sgRNA group(s) downsampled to combi_cell_num_max=1000 per group. Total cells for disco test: 4837.
  Target 'ENSG00000166888|chr12:57111112-57111387' had 3 sgRNA group(s) downsampled to combi_cell_num_max=1000 per group. Total cells for disco test: 4563.
  Target 'ENSG00000173320|chr4:183905333-183905809' had 3 sgRNA group(s) downsampled to combi_cell_num_max=1000 per group. Total cells for disco test: 5322.
  Target 'ENSG00000173320|chr4:183906652-183906769' had 4 sgRNA group(s) downsampled to combi_cell_num_max=1000 per group. Total cells for disco test: 5043.
  Target 'ENSG00000169689|chr17:82022460-82022875' had 4 sgRNA group(s) downsampled to combi_cell_num_max=1000 per group. Total cells for disco test: 4960.
  Target 'ENSG00000023734|chr12:15882411-15882581' had 3 sgRNA group(s) downsampled to combi_cell_num_max=1000 per group. Total cells for disco test: 5009.
  Target 'ENSG00000113387|chr5:32531822-32532272' had 4 sgRNA group(s) downsampled to combi_cell_num_max=1000 per group. Total cells for disco test: 5101.
  Target 'ENSG00000113387|chr5:32585577-32585974' had 4 sgRNA group(s) downsampled to combi_cell_num_max=1000 per group. Total cells for disco test: 4387.
  Target 'ENSG00000105398|chr19:47885921-47886316' had 4 sgRNA group(s) downsampled to combi_cell_num_max=1000 per group. Total cells for disco test: 4822.
  Target 'ENSG00000213246|chr17:58352096-58352390' had 5 sgRNA group(s) downsampled to combi_cell_num_max=1000 per group. Total cells for disco test: 5199.
  Target 'ENSG00000196235|chr19:39445597-39445785' had 1 sgRNA group(s) downsampled to combi_cell_num_max=1000 per group. Total cells for disco test: 1350.
  Target 'ENSG00000178691|chr17:31937137-31937387' had 4 sgRNA group(s) downsampled to combi_cell_num_max=1000 per group. Total cells for disco test: 4390.
  Target 'ENSG00000276234|chr17:37406880-37407303' had 4 sgRNA group(s) downsampled to combi_cell_num_max=1000 per group. Total cells for disco test: 4595.
  Target 'ENSG00000173011|chr4:7043374-7043923' had 6 sgRNA group(s) downsampled to combi_cell_num_max=1000 per group. Total cells for disco test: 6000.
  Target 'ENSG00000171148|chr3:9792391-9792754' had 5 sgRNA group(s) downsampled to combi_cell_num_max=1000 per group. Total cells for disco test: 5859.
  Target 'ENSG00000147133|chrX:71366391-71366859' had 2 sgRNA group(s) downsampled to combi_cell_num_max=1000 per group. Total cells for disco test: 3445.
  Target 'ENSG00000166337|chr11:6611705-6612203' had 1 sgRNA group(s) downsampled to combi_cell_num_max=1000 per group. Total cells for disco test: 4035.
  Target 'ENSG00000064995|chr6:34887946-34888054' had 4 sgRNA group(s) downsampled to combi_cell_num_max=1000 per group. Total cells for disco test: 4947.
  Target 'ENSG00000120656|chr1:28642648-28643099' had 5 sgRNA group(s) downsampled to combi_cell_num_max=1000 per group. Total cells for disco test: 5124.
  Target 'ENSG00000197780|chr1:109075864-109076032' had 2 sgRNA group(s) downsampled to combi_cell_num_max=1000 per group. Total cells for disco test: 2831.
  Target 'ENSG00000115750|chr2:9843488-9843558' had 4 sgRNA group(s) downsampled to combi_cell_num_max=1000 per group. Total cells for disco test: 4125.
  Target 'ENSG00000130699|chr20:62065422-62065897' had 5 sgRNA group(s) downsampled to combi_cell_num_max=1000 per group. Total cells for disco test: 5848.
  Target 'ENSG00000141384|chr18:26226441-26226699' had 5 sgRNA group(s) downsampled to combi_cell_num_max=1000 per group. Total cells for disco test: 5926.
  Target 'ENSG00000148835|chr10:103367999-103368480' had 4 sgRNA group(s) downsampled to combi_cell_num_max=1000 per group. Total cells for disco test: 4876.
  Target 'ENSG00000135801|chr1:229625966-229626136' had 6 sgRNA group(s) downsampled to combi_cell_num_max=1000 per group. Total cells for disco test: 6000.
  Target 'ENSG00000106290|chr7:100119096-100119377' had 4 sgRNA group(s) downsampled to combi_cell_num_max=1000 per group. Total cells for disco test: 4087.
  Target 'ENSG00000178913|chr5:141320328-141320777' had 2 sgRNA group(s) downsampled to combi_cell_num_max=1000 per group. Total cells for disco test: 3609.
  Target 'ENSG00000273841|chr5:69369304-69369842' had 4 sgRNA group(s) downsampled to combi_cell_num_max=1000 per group. Total cells for disco test: 5428.
  Target 'ENSG00000162367|chr1:47229238-47229777' had 4 sgRNA group(s) downsampled to combi_cell_num_max=1000 per group. Total cells for disco test: 4957.
  Target 'ENSG00000162367|chr1:47231143-47231916' had 3 sgRNA group(s) downsampled to combi_cell_num_max=1000 per group. Total cells for disco test: 4509.
  Target 'ENSG00000186051|chr9:105662484-105662839' had 3 sgRNA group(s) downsampled to combi_cell_num_max=1000 per group. Total cells for disco test: 4994.
  Target 'ENSG00000120948|chr1:11012652-11013114' had 4 sgRNA group(s) downsampled to combi_cell_num_max=1000 per group. Total cells for disco test: 5558.
  Target 'ENSG00000102125|chrX:154411586-154412089' had 1 sgRNA group(s) downsampled to combi_cell_num_max=1000 per group. Total cells for disco test: 4273.
  Target 'ENSG00000112592|chr6:170554354-170554621' had 5 sgRNA group(s) downsampled to combi_cell_num_max=1000 per group. Total cells for disco test: 5504.
  Target 'ENSG00000028839|chr6:133953223-133953707' had 1 sgRNA group(s) downsampled to combi_cell_num_max=1000 per group. Total cells for disco test: 3789.
  Target 'ENSG00000182521|chr14:55440393-55440617' had 5 sgRNA group(s) downsampled to combi_cell_num_max=1000 per group. Total cells for disco test: 5280.
  Target 'ENSG00000136535|chr2:161416367-161416860' had 5 sgRNA group(s) downsampled to combi_cell_num_max=1000 per group. Total cells for disco test: 5140.
  Target 'ENSG00000184058|chr22:19760715-19761284' had 4 sgRNA group(s) downsampled to combi_cell_num_max=1000 per group. Total cells for disco test: 4849.
  Target 'ENSG00000167800|chr11:67639556-67639767' had 4 sgRNA group(s) downsampled to combi_cell_num_max=1000 per group. Total cells for disco test: 5053.
  Target 'ENSG00000092607|chr1:118987627-118987997' had 4 sgRNA group(s) downsampled to combi_cell_num_max=1000 per group. Total cells for disco test: 5570.
  Target 'ENSG00000112837|chr6:84763067-84763464' had 6 sgRNA group(s) downsampled to combi_cell_num_max=1000 per group. Total cells for disco test: 6000.
  Target 'ENSG00000112837|chr6:84764350-84764598' had 5 sgRNA group(s) downsampled to combi_cell_num_max=1000 per group. Total cells for disco test: 5021.
  Target 'ENSG00000143178|chr1:168280888-168281240' had 5 sgRNA group(s) downsampled to combi_cell_num_max=1000 per group. Total cells for disco test: 5142.
  Target 'ENSG00000121068|chr17:61399846-61400301' had 3 sgRNA group(s) downsampled to combi_cell_num_max=1000 per group. Total cells for disco test: 3789.
  Target 'ENSG00000164532|chr7:35253814-35254121' had 6 sgRNA group(s) downsampled to combi_cell_num_max=1000 per group. Total cells for disco test: 6000.
  Target 'ENSG00000073861|chr17:47733238-47733574' had 5 sgRNA group(s) downsampled to combi_cell_num_max=1000 per group. Total cells for disco test: 5297.
  Target 'ENSG00000122145|chrX:80014726-80014984' had 5 sgRNA group(s) downsampled to combi_cell_num_max=1000 per group. Total cells for disco test: 5493.
  Target 'ENSG00000135111|chr12:114684146-114684196' had 3 sgRNA group(s) downsampled to combi_cell_num_max=1000 per group. Total cells for disco test: 5483.
  Target 'ENSG00000121075|chr17:61452392-61452488' had 5 sgRNA group(s) downsampled to combi_cell_num_max=1000 per group. Total cells for disco test: 5139.
  Target 'ENSG00000121075|chr17:61456284-61456679' had 4 sgRNA group(s) downsampled to combi_cell_num_max=1000 per group. Total cells for disco test: 4506.
  Target 'ENSG00000089225|chr12:114405669-114406173' had 4 sgRNA group(s) downsampled to combi_cell_num_max=1000 per group. Total cells for disco test: 5218.
  Target 'ENSG00000089225|chr12:114407720-114407979' had 6 sgRNA group(s) downsampled to combi_cell_num_max=1000 per group. Total cells for disco test: 6000.
  Target 'ENSG00000149922|chr16:30091852-30091929' had 5 sgRNA group(s) downsampled to combi_cell_num_max=1000 per group. Total cells for disco test: 5723.
  Target 'ENSG00000164458|chr6:166167825-166168669' had 4 sgRNA group(s) downsampled to combi_cell_num_max=1000 per group. Total cells for disco test: 5058.
  Target 'ENSG00000154582|chr8:73971680-73972187' had 3 sgRNA group(s) downsampled to combi_cell_num_max=1000 per group. Total cells for disco test: 4359.
  Target 'ENSG00000103363|chr16:2777223-2777598' had 5 sgRNA group(s) downsampled to combi_cell_num_max=1000 per group. Total cells for disco test: 5135.
  Target 'ENSG00000011007|chr1:23743462-23743869' had 6 sgRNA group(s) downsampled to combi_cell_num_max=1000 per group. Total cells for disco test: 6000.
  Target 'ENSG00000113649|chr5:146447332-146447537' had 6 sgRNA group(s) downsampled to combi_cell_num_max=1000 per group. Total cells for disco test: 6000.
  Target 'ENSG00000140262|chr15:56918689-56918988' had 3 sgRNA group(s) downsampled to combi_cell_num_max=1000 per group. Total cells for disco test: 4814.
  Target 'ENSG00000140262|chr15:57219458-57219674' had 4 sgRNA group(s) downsampled to combi_cell_num_max=1000 per group. Total cells for disco test: 4920.
  Target 'ENSG00000125878|chr20:610019-610285' had 2 sgRNA group(s) downsampled to combi_cell_num_max=1000 per group. Total cells for disco test: 4551.
  Target 'ENSG00000137310|chr6:31158537-31158831' had 4 sgRNA group(s) downsampled to combi_cell_num_max=1000 per group. Total cells for disco test: 4660.
  Target 'ENSG00000137310|chr6:31159549-31159754' had 6 sgRNA group(s) downsampled to combi_cell_num_max=1000 per group. Total cells for disco test: 6000.
  Target 'ENSG00000100207|chr22:42214373-42214819' had 4 sgRNA group(s) downsampled to combi_cell_num_max=1000 per group. Total cells for disco test: 4219.
  Target 'ENSG00000118526|chr6:133889105-133889211' had 5 sgRNA group(s) downsampled to combi_cell_num_max=1000 per group. Total cells for disco test: 5628.
  Target 'ENSG00000163792|chr2:27148989-27149443' had 5 sgRNA group(s) downsampled to combi_cell_num_max=1000 per group. Total cells for disco test: 5745.
  Target 'ENSG00000261787|chr8:66962512-66962576' had 2 sgRNA group(s) downsampled to combi_cell_num_max=1000 per group. Total cells for disco test: 4141.
  Target 'ENSG00000141002|chr16:89873615-89873688' had 5 sgRNA group(s) downsampled to combi_cell_num_max=1000 per group. Total cells for disco test: 5000.
  Target 'ENSG00000071564|chr19:1652545-1652606' had 4 sgRNA group(s) downsampled to combi_cell_num_max=1000 per group. Total cells for disco test: 5656.
  Target 'ENSG00000196628|chr18:55588030-55588246' had 4 sgRNA group(s) downsampled to combi_cell_num_max=1000 per group. Total cells for disco test: 5689.
  Target 'ENSG00000081059|chr5:134114699-134115518' had 4 sgRNA group(s) downsampled to combi_cell_num_max=1000 per group. Total cells for disco test: 5198.
  Target 'ENSG00000152284|chr2:85133442-85133874' had 3 sgRNA group(s) downsampled to combi_cell_num_max=1000 per group. Total cells for disco test: 4583.
  Target 'ENSG00000148737|chr10:112950246-112950315' had 4 sgRNA group(s) downsampled to combi_cell_num_max=1000 per group. Total cells for disco test: 4770.
  Target 'ENSG00000101190|chr20:62861520-62861835' had 3 sgRNA group(s) downsampled to combi_cell_num_max=1000 per group. Total cells for disco test: 4309.
  Target 'ENSG00000187079|chr11:12674415-12674805' had 5 sgRNA group(s) downsampled to combi_cell_num_max=1000 per group. Total cells for disco test: 5674.
  Target 'ENSG00000074219|chr19:49361570-49362385' had 3 sgRNA group(s) downsampled to combi_cell_num_max=1000 per group. Total cells for disco test: 4319.
  Target 'ENSG00000007866|chr6:35496860-35497038' had 2 sgRNA group(s) downsampled to combi_cell_num_max=1000 per group. Total cells for disco test: 3092.
  Target 'ENSG00000197905|chr12:2959413-2960045' had 4 sgRNA group(s) downsampled to combi_cell_num_max=1000 per group. Total cells for disco test: 5052.
  Target 'ENSG00000167074|chr22:41367463-41367743' had 4 sgRNA group(s) downsampled to combi_cell_num_max=1000 per group. Total cells for disco test: 4641.
  Target 'ENSG00000167074|chr22:41381930-41382010' had 4 sgRNA group(s) downsampled to combi_cell_num_max=1000 per group. Total cells for disco test: 5146.
  Target 'ENSG00000147601|chr8:73008839-73008940' had 5 sgRNA group(s) downsampled to combi_cell_num_max=1000 per group. Total cells for disco test: 5688.
  Target 'ENSG00000132604|chr16:69385778-69385971' had 4 sgRNA group(s) downsampled to combi_cell_num_max=1000 per group. Total cells for disco test: 5547.
  Target 'ENSG00000138336|chr10:68560326-68560887' had 5 sgRNA group(s) downsampled to combi_cell_num_max=1000 per group. Total cells for disco test: 5180.
  Target 'ENSG00000168769|chr4:105146928-105147270' had 4 sgRNA group(s) downsampled to combi_cell_num_max=1000 per group. Total cells for disco test: 5052.
  Target 'ENSG00000187605|chr2:74046443-74046902' had 6 sgRNA group(s) downsampled to combi_cell_num_max=1000 per group. Total cells for disco test: 6000.
  Target 'ENSG00000108064|chr10:58385428-58385932' had 4 sgRNA group(s) downsampled to combi_cell_num_max=1000 per group. Total cells for disco test: 4923.
  Target 'ENSG00000137203|chr6:10411951-10412352' had 5 sgRNA group(s) downsampled to combi_cell_num_max=1000 per group. Total cells for disco test: 5508.
  Target 'ENSG00000137203|chr6:10414597-10415089' had 2 sgRNA group(s) downsampled to combi_cell_num_max=1000 per group. Total cells for disco test: 4628.
  Target 'ENSG00000008196|chr6:50818872-50819005' had 4 sgRNA group(s) downsampled to combi_cell_num_max=1000 per group. Total cells for disco test: 4700.
  Target 'ENSG00000087510|chr20:56629301-56629748' had 5 sgRNA group(s) downsampled to combi_cell_num_max=1000 per group. Total cells for disco test: 5084.
  Target 'ENSG00000008197|chr6:50713810-50714206' had 2 sgRNA group(s) downsampled to combi_cell_num_max=1000 per group. Total cells for disco test: 3740.
  Target 'ENSG00000116819|chr1:35573297-35573621' had 4 sgRNA group(s) downsampled to combi_cell_num_max=1000 per group. Total cells for disco test: 5321.
  Target 'ENSG00000090447|chr16:4272475-4272873' had 4 sgRNA group(s) downsampled to combi_cell_num_max=1000 per group. Total cells for disco test: 4768.
  Target 'ENSG00000135457|chr12:51172863-51173131' had 4 sgRNA group(s) downsampled to combi_cell_num_max=1000 per group. Total cells for disco test: 5123.
  Target 'ENSG00000115112|chr2:121284700-121285179' had 3 sgRNA group(s) downsampled to combi_cell_num_max=1000 per group. Total cells for disco test: 3511.
  Target 'ENSG00000198176|chr13:113584680-113585132' had 2 sgRNA group(s) downsampled to combi_cell_num_max=1000 per group. Total cells for disco test: 3794.
  Target 'ENSG00000114126|chr3:142028416-142028645' had 4 sgRNA group(s) downsampled to combi_cell_num_max=1000 per group. Total cells for disco test: 4801.
  Target 'ENSG00000114126|chr3:142149260-142149484' had 6 sgRNA group(s) downsampled to combi_cell_num_max=1000 per group. Total cells for disco test: 6000.
  Target 'ENSG00000183434|chrX:133218167-133218365' had 4 sgRNA group(s) downsampled to combi_cell_num_max=1000 per group. Total cells for disco test: 4868.
  Target 'ENSG00000112561|chr6:41733540-41733839' had 6 sgRNA group(s) downsampled to combi_cell_num_max=1000 per group. Total cells for disco test: 6000.
  Target 'ENSG00000112561|chr6:41735253-41735607' had 1 sgRNA group(s) downsampled to combi_cell_num_max=1000 per group. Total cells for disco test: 3047.
  Target 'ENSG00000105967|chr7:116030682-116030770' had 5 sgRNA group(s) downsampled to combi_cell_num_max=1000 per group. Total cells for disco test: 5511.
  Target 'ENSG00000140682|chr16:31472156-31472548' had 4 sgRNA group(s) downsampled to combi_cell_num_max=1000 per group. Total cells for disco test: 4892.
  Target 'ENSG00000177426|chr18:3449733-3450621' had 4 sgRNA group(s) downsampled to combi_cell_num_max=1000 per group. Total cells for disco test: 5657.
  Target 'ENSG00000118707|chr20:36573621-36575052' had 5 sgRNA group(s) downsampled to combi_cell_num_max=1000 per group. Total cells for disco test: 5783.
  Target 'ENSG00000153779|chrX:89921981-89922114' had 4 sgRNA group(s) downsampled to combi_cell_num_max=1000 per group. Total cells for disco test: 4000.
  Target 'ENSG00000176679|chrY:3579140-3579273' had 4 sgRNA group(s) downsampled to combi_cell_num_max=1000 per group. Total cells for disco test: 4000.
  Target 'ENSG00000131931|chr8:42842856-42843349' had 3 sgRNA group(s) downsampled to combi_cell_num_max=1000 per group. Total cells for disco test: 4474.
  Target 'ENSG00000129028|chr15:70892321-70892449' had 6 sgRNA group(s) downsampled to combi_cell_num_max=1000 per group. Total cells for disco test: 6000.
  Target 'ENSG00000168286|chr16:67842300-67843060' had 5 sgRNA group(s) downsampled to combi_cell_num_max=1000 per group. Total cells for disco test: 5308.
  Target 'ENSG00000173451|chr12:71663070-71663470' had 4 sgRNA group(s) downsampled to combi_cell_num_max=1000 per group. Total cells for disco test: 5071.
  Target 'ENSG00000173451|chr12:71664371-71664596' had 6 sgRNA group(s) downsampled to combi_cell_num_max=1000 per group. Total cells for disco test: 6000.
  Target 'ENSG00000041988|chr1:6624884-6625606' had 4 sgRNA group(s) downsampled to combi_cell_num_max=1000 per group. Total cells for disco test: 5297.
  Target 'ENSG00000176946|chr2:241636760-241637160' had 4 sgRNA group(s) downsampled to combi_cell_num_max=1000 per group. Total cells for disco test: 5040.
  Target 'ENSG00000177683|chr7:108569393-108569717' had 5 sgRNA group(s) downsampled to combi_cell_num_max=1000 per group. Total cells for disco test: 5630.
  Target 'ENSG00000174796|chr4:75514441-75514710' had 5 sgRNA group(s) downsampled to combi_cell_num_max=1000 per group. Total cells for disco test: 5117.
  Target 'ENSG00000184436|chr22:21001546-21002125' had 4 sgRNA group(s) downsampled to combi_cell_num_max=1000 per group. Total cells for disco test: 4815.
  Target 'ENSG00000161277|chr19:36054165-36054394' had 5 sgRNA group(s) downsampled to combi_cell_num_max=1000 per group. Total cells for disco test: 5422.
  Target 'ENSG00000168152|chr4:82900711-82901103' had 6 sgRNA group(s) downsampled to combi_cell_num_max=1000 per group. Total cells for disco test: 6000.
  Target 'ENSG00000126351|chr17:40062971-40063256' had 4 sgRNA group(s) downsampled to combi_cell_num_max=1000 per group. Total cells for disco test: 4993.
  Target 'ENSG00000151090|chr3:24494427-24494859' had 4 sgRNA group(s) downsampled to combi_cell_num_max=1000 per group. Total cells for disco test: 5170.
  Target 'ENSG00000151500|chr11:134252963-134253381' had 4 sgRNA group(s) downsampled to combi_cell_num_max=1000 per group. Total cells for disco test: 4527.
  Target 'ENSG00000221944|chr2:232550455-232550586' had 5 sgRNA group(s) downsampled to combi_cell_num_max=1000 per group. Total cells for disco test: 5304.
  Target 'ENSG00000180346|chr4:89113555-89113976' had 4 sgRNA group(s) downsampled to combi_cell_num_max=1000 per group. Total cells for disco test: 4421.
  Target 'ENSG00000173825|chr11:65354826-65355233' had 3 sgRNA group(s) downsampled to combi_cell_num_max=1000 per group. Total cells for disco test: 5123.
  Target 'ENSG00000169989|chr4:152779372-152779726' had 4 sgRNA group(s) downsampled to combi_cell_num_max=1000 per group. Total cells for disco test: 4744.
  Target 'ENSG00000179886|chr8:143597834-143598345' had 5 sgRNA group(s) downsampled to combi_cell_num_max=1000 per group. Total cells for disco test: 5484.
  Target 'ENSG00000164296|chr5:150000467-150000604' had 5 sgRNA group(s) downsampled to combi_cell_num_max=1000 per group. Total cells for disco test: 5195.
  Target 'ENSG00000140993|chr16:3305345-3305684' had 5 sgRNA group(s) downsampled to combi_cell_num_max=1000 per group. Total cells for disco test: 5152.
  Target 'ENSG00000107807|chr10:101131117-101131714' had 5 sgRNA group(s) downsampled to combi_cell_num_max=1000 per group. Total cells for disco test: 5469.
  Target 'ENSG00000115297|chr2:74514467-74514749' had 3 sgRNA group(s) downsampled to combi_cell_num_max=1000 per group. Total cells for disco test: 4481.
  Target 'ENSG00000164438|chr5:171309238-171309496' had 5 sgRNA group(s) downsampled to combi_cell_num_max=1000 per group. Total cells for disco test: 5373.
  Target 'ENSG00000144747|chr3:69052092-69052269' had 6 sgRNA group(s) downsampled to combi_cell_num_max=1000 per group. Total cells for disco test: 6000.
  Target 'ENSG00000168477|chr6:32109273-32109354' had 6 sgRNA group(s) downsampled to combi_cell_num_max=1000 per group. Total cells for disco test: 6000.
  Target 'ENSG00000197579|chr9:32552356-32552634' had 3 sgRNA group(s) downsampled to combi_cell_num_max=1000 per group. Total cells for disco test: 4184.
  Target 'ENSG00000198846|chr8:59118601-59119128' had 4 sgRNA group(s) downsampled to combi_cell_num_max=1000 per group. Total cells for disco test: 4858.
  Target 'ENSG00000124191|chr20:43914841-43914924' had 3 sgRNA group(s) downsampled to combi_cell_num_max=1000 per group. Total cells for disco test: 4889.
  Target 'ENSG00000103460|chr16:52546796-52547146' had 5 sgRNA group(s) downsampled to combi_cell_num_max=1000 per group. Total cells for disco test: 5590.
  Target 'ENSG00000092203|chr14:21476886-21477612' had 4 sgRNA group(s) downsampled to combi_cell_num_max=1000 per group. Total cells for disco test: 5040.
  Target 'ENSG00000141510|chr17:7687058-7687484' had 4 sgRNA group(s) downsampled to combi_cell_num_max=1000 per group. Total cells for disco test: 4908.
  Target 'ENSG00000067369|chr15:43492900-43493177' had 6 sgRNA group(s) downsampled to combi_cell_num_max=1000 per group. Total cells for disco test: 6000.
  Target 'ENSG00000067369|chr15:43510228-43510482' had 4 sgRNA group(s) downsampled to combi_cell_num_max=1000 per group. Total cells for disco test: 5220.
  Target 'ENSG00000143514|chr1:223845711-223845967' had 4 sgRNA group(s) downsampled to combi_cell_num_max=1000 per group. Total cells for disco test: 5186.
  Target 'ENSG00000073282|chr3:189789703-189789844' had 3 sgRNA group(s) downsampled to combi_cell_num_max=1000 per group. Total cells for disco test: 3895.
  Target 'ENSG00000078900|chr1:3652548-3653006' had 3 sgRNA group(s) downsampled to combi_cell_num_max=1000 per group. Total cells for disco test: 4187.
  Target 'ENSG00000111669|chr12:6867491-6867995' had 5 sgRNA group(s) downsampled to combi_cell_num_max=1000 per group. Total cells for disco test: 5178.
  Target 'ENSG00000178928|chr19:47818602-47818721' had 4 sgRNA group(s) downsampled to combi_cell_num_max=1000 per group. Total cells for disco test: 4239.
  Target 'ENSG00000135148|chr12:112125539-112125914' had 6 sgRNA group(s) downsampled to combi_cell_num_max=1000 per group. Total cells for disco test: 6000.
  Target 'ENSG00000124496|chr6:42451110-42451808' had 3 sgRNA group(s) downsampled to combi_cell_num_max=1000 per group. Total cells for disco test: 5175.
  Target 'ENSG00000132274|chr11:5689791-5690012' had 4 sgRNA group(s) downsampled to combi_cell_num_max=1000 per group. Total cells for disco test: 5334.
  Target 'ENSG00000121060|chr17:56913644-56914016' had 4 sgRNA group(s) downsampled to combi_cell_num_max=1000 per group. Total cells for disco test: 4760.
  Target 'ENSG00000204713|chr6:28923729-28923952' had 3 sgRNA group(s) downsampled to combi_cell_num_max=1000 per group. Total cells for disco test: 5339.
  Target 'ENSG00000130726|chr19:58544027-58544758' had 6 sgRNA group(s) downsampled to combi_cell_num_max=1000 per group. Total cells for disco test: 6000.
  Target 'ENSG00000137699|chr11:120122614-120123082' had 4 sgRNA group(s) downsampled to combi_cell_num_max=1000 per group. Total cells for disco test: 5252.
  Target 'ENSG00000137699|chr11:120137900-120138146' had 4 sgRNA group(s) downsampled to combi_cell_num_max=1000 per group. Total cells for disco test: 4729.
  Target 'ENSG00000104447|chr8:115668571-115668977' had 6 sgRNA group(s) downsampled to combi_cell_num_max=1000 per group. Total cells for disco test: 6000.
  Target 'ENSG00000102804|chr13:44436786-44436859' had 4 sgRNA group(s) downsampled to combi_cell_num_max=1000 per group. Total cells for disco test: 4308.
  Target 'ENSG00000196428|chr3:150408282-150408678' had 4 sgRNA group(s) downsampled to combi_cell_num_max=1000 per group. Total cells for disco test: 5588.
  Target 'ENSG00000157514|chrX:107716580-107717039' had 4 sgRNA group(s) downsampled to combi_cell_num_max=1000 per group. Total cells for disco test: 4991.
  Target 'ENSG00000166925|chr7:100479017-100479259' had 3 sgRNA group(s) downsampled to combi_cell_num_max=1000 per group. Total cells for disco test: 4289.
  Target 'ENSG00000179981|chr18:75210878-75211253' had 4 sgRNA group(s) downsampled to combi_cell_num_max=1000 per group. Total cells for disco test: 4904.
  Target 'ENSG00000182463|chr20:52972312-52972703' had 5 sgRNA group(s) downsampled to combi_cell_num_max=1000 per group. Total cells for disco test: 5000.
  Target 'ENSG00000121297|chr19:31349211-31349434' had 4 sgRNA group(s) downsampled to combi_cell_num_max=1000 per group. Total cells for disco test: 5577.
  Target 'ENSG00000125482|chr9:132406633-132406842' had 6 sgRNA group(s) downsampled to combi_cell_num_max=1000 per group. Total cells for disco test: 6000.
  Target 'ENSG00000166402|chr11:8038774-8038890' had 4 sgRNA group(s) downsampled to combi_cell_num_max=1000 per group. Total cells for disco test: 4763.
  Target 'ENSG00000112041|chr6:35512253-35512852' had 4 sgRNA group(s) downsampled to combi_cell_num_max=1000 per group. Total cells for disco test: 4804.
  Target 'ENSG00000104804|chr19:48898554-48898711' had 5 sgRNA group(s) downsampled to combi_cell_num_max=1000 per group. Total cells for disco test: 5268.
  Target 'ENSG00000078246|chr12:2877252-2877713' had 3 sgRNA group(s) downsampled to combi_cell_num_max=1000 per group. Total cells for disco test: 4578.
  Target 'ENSG00000078246|chr12:2890882-2891110' had 6 sgRNA group(s) downsampled to combi_cell_num_max=1000 per group. Total cells for disco test: 6000.
  Target 'ENSG00000130338|chr6:158312280-158312703' had 3 sgRNA group(s) downsampled to combi_cell_num_max=1000 per group. Total cells for disco test: 4866.
  Target 'ENSG00000122691|chr7:19117247-19117637' had 3 sgRNA group(s) downsampled to combi_cell_num_max=1000 per group. Total cells for disco test: 4670.
  Target 'ENSG00000233608|chr2:238848065-238848373' had 4 sgRNA group(s) downsampled to combi_cell_num_max=1000 per group. Total cells for disco test: 5064.
  Target 'ENSG00000118900|chr16:4847461-4847749' had 4 sgRNA group(s) downsampled to combi_cell_num_max=1000 per group. Total cells for disco test: 5459.
  Target 'ENSG00000153560|chr3:33439938-33440401' had 3 sgRNA group(s) downsampled to combi_cell_num_max=1000 per group. Total cells for disco test: 4490.
  Target 'ENSG00000164853|chr7:1232867-1233128' had 4 sgRNA group(s) downsampled to combi_cell_num_max=1000 per group. Total cells for disco test: 4899.
  Target 'ENSG00000059145|chr16:1414603-1414691' had 5 sgRNA group(s) downsampled to combi_cell_num_max=1000 per group. Total cells for disco test: 5377.
  Target 'ENSG00000158773|chr1:161045659-161045945' had 3 sgRNA group(s) downsampled to combi_cell_num_max=1000 per group. Total cells for disco test: 4190.
  Target 'ENSG00000105698|chr19:35268935-35269465' had 4 sgRNA group(s) downsampled to combi_cell_num_max=1000 per group. Total cells for disco test: 5639.
  Target 'ENSG00000141968|chr19:6772667-6772935' had 3 sgRNA group(s) downsampled to combi_cell_num_max=1000 per group. Total cells for disco test: 4359.
  Target 'ENSG00000148704|chr10:117137808-117138392' had 5 sgRNA group(s) downsampled to combi_cell_num_max=1000 per group. Total cells for disco test: 5990.
  Target 'ENSG00000116035|chr2:70900586-70900737' had 6 sgRNA group(s) downsampled to combi_cell_num_max=1000 per group. Total cells for disco test: 6000.
  Target 'ENSG00000111424|chr12:47904785-47905035' had 3 sgRNA group(s) downsampled to combi_cell_num_max=1000 per group. Total cells for disco test: 4171.
  Target 'ENSG00000151650|chr10:133238114-133238378' had 2 sgRNA group(s) downsampled to combi_cell_num_max=1000 per group. Total cells for disco test: 3288.
  Target 'ENSG00000136451|chr17:57987740-57988232' had 6 sgRNA group(s) downsampled to combi_cell_num_max=1000 per group. Total cells for disco test: 6000.
  Target 'ENSG00000163159|chr1:151189714-151190216' had 2 sgRNA group(s) downsampled to combi_cell_num_max=1000 per group. Total cells for disco test: 3731.
  Target 'ENSG00000100987|chr20:25077611-25078007' had 3 sgRNA group(s) downsampled to combi_cell_num_max=1000 per group. Total cells for disco test: 4472.
  Target 'ENSG00000119614|chr14:74239442-74239506' had 2 sgRNA group(s) downsampled to combi_cell_num_max=1000 per group. Total cells for disco test: 5039.
  Target 'ENSG00000198554|chr14:55026736-55027062' had 3 sgRNA group(s) downsampled to combi_cell_num_max=1000 per group. Total cells for disco test: 4644.
  Target 'ENSG00000164091|chr3:52278139-52278639' had 3 sgRNA group(s) downsampled to combi_cell_num_max=1000 per group. Total cells for disco test: 4297.
  Target 'ENSG00000109685|chr4:1871399-1871869' had 3 sgRNA group(s) downsampled to combi_cell_num_max=1000 per group. Total cells for disco test: 4322.
  Target 'ENSG00000011451|chr19:15432185-15432722' had 4 sgRNA group(s) downsampled to combi_cell_num_max=1000 per group. Total cells for disco test: 4970.
  Target 'ENSG00000060237|chr12:752553-753238' had 3 sgRNA group(s) downsampled to combi_cell_num_max=1000 per group. Total cells for disco test: 4692.
  Target 'ENSG00000184937|chr11:32435042-32435505' had 3 sgRNA group(s) downsampled to combi_cell_num_max=1000 per group. Total cells for disco test: 4126.
  Target 'ENSG00000100219|chr22:28800497-28800550' had 4 sgRNA group(s) downsampled to combi_cell_num_max=1000 per group. Total cells for disco test: 5281.
  Target 'ENSG00000136936|chr9:97697265-97697326' had 4 sgRNA group(s) downsampled to combi_cell_num_max=1000 per group. Total cells for disco test: 5241.
  Target 'ENSG00000079246|chr2:216109402-216109580' had 3 sgRNA group(s) downsampled to combi_cell_num_max=1000 per group. Total cells for disco test: 4400.
  Target 'ENSG00000196419|chr22:41621332-41621758' had 4 sgRNA group(s) downsampled to combi_cell_num_max=1000 per group. Total cells for disco test: 4951.
  Target 'ENSG00000015153|chr12:42237972-42238232' had 5 sgRNA group(s) downsampled to combi_cell_num_max=1000 per group. Total cells for disco test: 5271.
  Target 'ENSG00000137693|chr11:102110462-102110923' had 4 sgRNA group(s) downsampled to combi_cell_num_max=1000 per group. Total cells for disco test: 4985.
  Target 'ENSG00000065978|chr1:42682410-42683222' had 2 sgRNA group(s) downsampled to combi_cell_num_max=1000 per group. Total cells for disco test: 3399.
  Target 'ENSG00000006047|chr17:7294385-7294621' had 3 sgRNA group(s) downsampled to combi_cell_num_max=1000 per group. Total cells for disco test: 4242.
  Target 'ENSG00000060138|chr12:10722782-10723380' had 4 sgRNA group(s) downsampled to combi_cell_num_max=1000 per group. Total cells for disco test: 4897.
  Target 'ENSG00000163872|chr3:183697802-183698247' had 3 sgRNA group(s) downsampled to combi_cell_num_max=1000 per group. Total cells for disco test: 5120.
  Target 'ENSG00000108953|chr17:1399967-1400141' had 6 sgRNA group(s) downsampled to combi_cell_num_max=1000 per group. Total cells for disco test: 6000.
  Target 'ENSG00000164924|chr8:100951536-100951962' had 4 sgRNA group(s) downsampled to combi_cell_num_max=1000 per group. Total cells for disco test: 4598.
  Target 'ENSG00000100811|chr14:100238828-100239527' had 4 sgRNA group(s) downsampled to combi_cell_num_max=1000 per group. Total cells for disco test: 5022.
  Target 'ENSG00000230797|chrX:21856256-21856677' had 4 sgRNA group(s) downsampled to combi_cell_num_max=1000 per group. Total cells for disco test: 4455.
  Target 'ENSG00000214717|chrX:2500511-2500901' had 4 sgRNA group(s) downsampled to combi_cell_num_max=1000 per group. Total cells for disco test: 4983.
  Target 'ENSG00000177494|chr3:111594890-111595314' had 4 sgRNA group(s) downsampled to combi_cell_num_max=1000 per group. Total cells for disco test: 5050.
  Target 'ENSG00000132846|chr5:77086957-77087195' had 5 sgRNA group(s) downsampled to combi_cell_num_max=1000 per group. Total cells for disco test: 5532.
  Target 'ENSG00000100426|chr22:49853834-49853962' had 3 sgRNA group(s) downsampled to combi_cell_num_max=1000 per group. Total cells for disco test: 3547.
  Target 'ENSG00000236287|chr11:10857566-10858031' had 4 sgRNA group(s) downsampled to combi_cell_num_max=1000 per group. Total cells for disco test: 4383.
  Target 'ENSG00000257315|chr1:203796090-203796511' had 3 sgRNA group(s) downsampled to combi_cell_num_max=1000 per group. Total cells for disco test: 3362.
  Target 'ENSG00000126804|chr14:64504027-64505196' had 5 sgRNA group(s) downsampled to combi_cell_num_max=1000 per group. Total cells for disco test: 5435.
  Target 'ENSG00000205189|chr8:80486173-80486292' had 3 sgRNA group(s) downsampled to combi_cell_num_max=1000 per group. Total cells for disco test: 5148.
  Target 'ENSG00000066422|chr3:101676999-101677139' had 5 sgRNA group(s) downsampled to combi_cell_num_max=1000 per group. Total cells for disco test: 5495.
  Target 'ENSG00000204366|chr6:31901544-31902077' had 4 sgRNA group(s) downsampled to combi_cell_num_max=1000 per group. Total cells for disco test: 5205.
  Target 'ENSG00000198081|chr18:5295464-5296003' had 4 sgRNA group(s) downsampled to combi_cell_num_max=1000 per group. Total cells for disco test: 5340.
  Target 'ENSG00000109906|chr11:114059720-114060208' had 3 sgRNA group(s) downsampled to combi_cell_num_max=1000 per group. Total cells for disco test: 4004.
  Target 'ENSG00000116809|chr1:15976004-15976094' had 5 sgRNA group(s) downsampled to combi_cell_num_max=1000 per group. Total cells for disco test: 5029.
  Target 'ENSG00000179456|chr1:244051272-244051397' had 6 sgRNA group(s) downsampled to combi_cell_num_max=1000 per group. Total cells for disco test: 6000.
  Target 'ENSG00000181472|chr6:151391075-151391689' had 4 sgRNA group(s) downsampled to combi_cell_num_max=1000 per group. Total cells for disco test: 4630.
  Target 'ENSG00000181722|chr3:114624540-114624995' had 5 sgRNA group(s) downsampled to combi_cell_num_max=1000 per group. Total cells for disco test: 5807.
  Target 'ENSG00000181722|chr3:115146950-115147289' had 4 sgRNA group(s) downsampled to combi_cell_num_max=1000 per group. Total cells for disco test: 5647.
  Target 'ENSG00000173276|chr21:42009912-42010371' had 5 sgRNA group(s) downsampled to combi_cell_num_max=1000 per group. Total cells for disco test: 5886.
  Target 'ENSG00000236104|chr6:33317539-33317747' had 5 sgRNA group(s) downsampled to combi_cell_num_max=1000 per group. Total cells for disco test: 5510.
  Target 'ENSG00000112365|chr6:109482896-109483243' had 5 sgRNA group(s) downsampled to combi_cell_num_max=1000 per group. Total cells for disco test: 5996.
  Target 'ENSG00000089775|chr14:64503671-64503824' had 5 sgRNA group(s) downsampled to combi_cell_num_max=1000 per group. Total cells for disco test: 5563.
  Target 'ENSG00000171448|chr9:122931221-122931493' had 5 sgRNA group(s) downsampled to combi_cell_num_max=1000 per group. Total cells for disco test: 5170.
  Target 'ENSG00000185670|chr11:62753866-62754155' had 5 sgRNA group(s) downsampled to combi_cell_num_max=1000 per group. Total cells for disco test: 5333.
  Target 'ENSG00000011590|chr19:35713418-35713601' had 5 sgRNA group(s) downsampled to combi_cell_num_max=1000 per group. Total cells for disco test: 5727.
  Target 'ENSG00000177485|chrX:120250729-120251228' had 5 sgRNA group(s) downsampled to combi_cell_num_max=1000 per group. Total cells for disco test: 5930.
  Target 'ENSG00000177125|chr9:126860430-126860845' had 4 sgRNA group(s) downsampled to combi_cell_num_max=1000 per group. Total cells for disco test: 4633.
  Target 'ENSG00000185278|chr1:173868382-173868439' had 4 sgRNA group(s) downsampled to combi_cell_num_max=1000 per group. Total cells for disco test: 4480.
  Target 'ENSG00000177311|chr3:141368488-141368922' had 4 sgRNA group(s) downsampled to combi_cell_num_max=1000 per group. Total cells for disco test: 5186.
  Target 'ENSG00000177311|chr3:141402371-141402596' had 5 sgRNA group(s) downsampled to combi_cell_num_max=1000 per group. Total cells for disco test: 5839.
  Target 'ENSG00000166860|chr12:57006094-57006515' had 4 sgRNA group(s) downsampled to combi_cell_num_max=1000 per group. Total cells for disco test: 5054.
  Target 'ENSG00000174282|chr17:7479228-7479639' had 4 sgRNA group(s) downsampled to combi_cell_num_max=1000 per group. Total cells for disco test: 4728.
  Target 'ENSG00000174282|chr17:7484149-7484280' had 2 sgRNA group(s) downsampled to combi_cell_num_max=1000 per group. Total cells for disco test: 4383.
  Target 'ENSG00000184677|chr1:22451847-22452362' had 5 sgRNA group(s) downsampled to combi_cell_num_max=1000 per group. Total cells for disco test: 5482.
  Target 'ENSG00000177888|chr1:197200732-197201006' had 6 sgRNA group(s) downsampled to combi_cell_num_max=1000 per group. Total cells for disco test: 6000.
  Target 'ENSG00000179627|chr14:104800555-104801197' had 3 sgRNA group(s) downsampled to combi_cell_num_max=1000 per group. Total cells for disco test: 5290.
  Target 'ENSG00000169155|chr9:126805040-126805144' had 6 sgRNA group(s) downsampled to combi_cell_num_max=1000 per group. Total cells for disco test: 6000.
  Target 'ENSG00000196323|chr11:130314418-130314881' had 5 sgRNA group(s) downsampled to combi_cell_num_max=1000 per group. Total cells for disco test: 5784.
  Target 'ENSG00000119574|chr19:58519573-58519799' had 4 sgRNA group(s) downsampled to combi_cell_num_max=1000 per group. Total cells for disco test: 4506.
  Target 'ENSG00000130584|chr20:63830924-63831261' had 3 sgRNA group(s) downsampled to combi_cell_num_max=1000 per group. Total cells for disco test: 4046.
  Target 'ENSG00000114853|chr3:42653687-42653912' had 4 sgRNA group(s) downsampled to combi_cell_num_max=1000 per group. Total cells for disco test: 5228.
  Target 'ENSG00000204859|chr1:6580024-6580283' had 4 sgRNA group(s) downsampled to combi_cell_num_max=1000 per group. Total cells for disco test: 4980.
  Target 'ENSG00000168826|chr4:4290250-4290555' had 6 sgRNA group(s) downsampled to combi_cell_num_max=1000 per group. Total cells for disco test: 6000.
  Target 'ENSG00000168795|chr9:37464997-37465440' had 5 sgRNA group(s) downsampled to combi_cell_num_max=1000 per group. Total cells for disco test: 5273.
  Target 'ENSG00000186130|chr9:122913079-122913320' had 4 sgRNA group(s) downsampled to combi_cell_num_max=1000 per group. Total cells for disco test: 4541.
  Target 'ENSG00000178951|chr19:4065053-4065519' had 3 sgRNA group(s) downsampled to combi_cell_num_max=1000 per group. Total cells for disco test: 4020.
  Target 'ENSG00000178951|chr19:4066583-4066883' had 3 sgRNA group(s) downsampled to combi_cell_num_max=1000 per group. Total cells for disco test: 4973.
  Target 'ENSG00000160685|chr1:155002792-155003284' had 4 sgRNA group(s) downsampled to combi_cell_num_max=1000 per group. Total cells for disco test: 5230.
  Target 'ENSG00000184828|chr18:48136623-48137137' had 5 sgRNA group(s) downsampled to combi_cell_num_max=1000 per group. Total cells for disco test: 5668.
  Target 'ENSG00000184828|chr18:48409299-48409364' had 3 sgRNA group(s) downsampled to combi_cell_num_max=1000 per group. Total cells for disco test: 4057.
  Target 'ENSG00000160062|chr1:32539184-32539919' had 6 sgRNA group(s) downsampled to combi_cell_num_max=1000 per group. Total cells for disco test: 6000.
  Target 'ENSG00000273274|chr1:32465059-32465434' had 5 sgRNA group(s) downsampled to combi_cell_num_max=1000 per group. Total cells for disco test: 5341.
  Target 'ENSG00000213588|chr6:33454584-33454670' had 5 sgRNA group(s) downsampled to combi_cell_num_max=1000 per group. Total cells for disco test: 5776.
  Target 'ENSG00000058673|chr1:203795608-203796113' had 2 sgRNA group(s) downsampled to combi_cell_num_max=1000 per group. Total cells for disco test: 2974.
  Target 'ENSG00000065548|chr2:186486254-186486693' had 6 sgRNA group(s) downsampled to combi_cell_num_max=1000 per group. Total cells for disco test: 6000.
  Target 'ENSG00000014164|chr8:143541215-143541439' had 6 sgRNA group(s) downsampled to combi_cell_num_max=1000 per group. Total cells for disco test: 6000.
  Target 'ENSG00000144161|chr2:112254687-112255063' had 1 sgRNA group(s) downsampled to combi_cell_num_max=1000 per group. Total cells for disco test: 1599.
  Target 'ENSG00000134744|chr1:52552675-52553057' had 2 sgRNA group(s) downsampled to combi_cell_num_max=1000 per group. Total cells for disco test: 4689.
  Target 'ENSG00000083223|chr9:86353974-86354360' had 5 sgRNA group(s) downsampled to combi_cell_num_max=1000 per group. Total cells for disco test: 5373.
  Target 'ENSG00000148516|chr10:31319210-31319300' had 5 sgRNA group(s) downsampled to combi_cell_num_max=1000 per group. Total cells for disco test: 5892.
  Target 'ENSG00000148516|chr10:31321407-31321669' had 5 sgRNA group(s) downsampled to combi_cell_num_max=1000 per group. Total cells for disco test: 5741.
  Target 'ENSG00000169554|chr2:144517224-144517608' had 6 sgRNA group(s) downsampled to combi_cell_num_max=1000 per group. Total cells for disco test: 6000.
  Target 'ENSG00000169554|chr2:144519796-144520154' had 4 sgRNA group(s) downsampled to combi_cell_num_max=1000 per group. Total cells for disco test: 5187.
  Target 'ENSG00000066827|chr8:134696330-134696543' had 4 sgRNA group(s) downsampled to combi_cell_num_max=1000 per group. Total cells for disco test: 4479.
  Target 'ENSG00000066827|chr8:134712914-134713055' had 5 sgRNA group(s) downsampled to combi_cell_num_max=1000 per group. Total cells for disco test: 5551.
  Target 'ENSG00000136367|chr14:23551486-23551759' had 5 sgRNA group(s) downsampled to combi_cell_num_max=1000 per group. Total cells for disco test: 5935.
  Target 'ENSG00000136367|chr14:23555709-23555907' had 5 sgRNA group(s) downsampled to combi_cell_num_max=1000 per group. Total cells for disco test: 5907.
  Target 'ENSG00000140836|chr16:73058801-73059007' had 5 sgRNA group(s) downsampled to combi_cell_num_max=1000 per group. Total cells for disco test: 5353.
  Target 'ENSG00000091656|chr8:76681366-76681780' had 5 sgRNA group(s) downsampled to combi_cell_num_max=1000 per group. Total cells for disco test: 5153.
  Target 'ENSG00000184517|chr16:75148500-75148770' had 4 sgRNA group(s) downsampled to combi_cell_num_max=1000 per group. Total cells for disco test: 5098.
  Target 'ENSG00000142065|chr19:36378986-36379183' had 5 sgRNA group(s) downsampled to combi_cell_num_max=1000 per group. Total cells for disco test: 5136.
  Target 'ENSG00000198939|chr5:178895913-178896082' had 4 sgRNA group(s) downsampled to combi_cell_num_max=1000 per group. Total cells for disco test: 4894.
  Target 'ENSG00000196867|chr19:56538962-56539210' had 5 sgRNA group(s) downsampled to combi_cell_num_max=1000 per group. Total cells for disco test: 5864.
  Target 'ENSG00000180787|chr17:5078470-5078566' had 5 sgRNA group(s) downsampled to combi_cell_num_max=1000 per group. Total cells for disco test: 5788.
  Target 'ENSG00000120784|chr19:37655388-37655467' had 5 sgRNA group(s) downsampled to combi_cell_num_max=1000 per group. Total cells for disco test: 5383.
  Target 'ENSG00000185650|chr14:68792657-68793069' had 6 sgRNA group(s) downsampled to combi_cell_num_max=1000 per group. Total cells for disco test: 6000.
  Target 'ENSG00000185650|chr14:68796030-68796110' had 4 sgRNA group(s) downsampled to combi_cell_num_max=1000 per group. Total cells for disco test: 5140.
  Target 'ENSG00000152518|chr2:43226323-43227005' had 4 sgRNA group(s) downsampled to combi_cell_num_max=1000 per group. Total cells for disco test: 4780.
  Target 'ENSG00000136866|chr9:113056635-113056762' had 2 sgRNA group(s) downsampled to combi_cell_num_max=1000 per group. Total cells for disco test: 4727.
  Target 'ENSG00000181638|chr8:143246938-143247022' had 3 sgRNA group(s) downsampled to combi_cell_num_max=1000 per group. Total cells for disco test: 4188.
  Target 'ENSG00000179059|chr4:187995781-187996027' had 5 sgRNA group(s) downsampled to combi_cell_num_max=1000 per group. Total cells for disco test: 5255.
  Target 'ENSG00000179059|chr4:188002752-188003005' had 4 sgRNA group(s) downsampled to combi_cell_num_max=1000 per group. Total cells for disco test: 5346.
  Target 'ENSG00000204644|chr6:29680861-29681128' had 5 sgRNA group(s) downsampled to combi_cell_num_max=1000 per group. Total cells for disco test: 5373.
  Target 'ENSG00000196670|chr5:180861140-180861309' had 4 sgRNA group(s) downsampled to combi_cell_num_max=1000 per group. Total cells for disco test: 4960.
  Target 'ENSG00000020256|chr20:52191376-52191771' had 6 sgRNA group(s) downsampled to combi_cell_num_max=1000 per group. Total cells for disco test: 6000.
  Target 'ENSG00000187815|chr1:40477246-40477540' had 5 sgRNA group(s) downsampled to combi_cell_num_max=1000 per group. Total cells for disco test: 5498.
  Target 'ENSG00000187801|chr1:40450108-40450293' had 4 sgRNA group(s) downsampled to combi_cell_num_max=1000 per group. Total cells for disco test: 4994.
  Target 'ENSG00000181007|chr19:36418551-36418648' had 5 sgRNA group(s) downsampled to combi_cell_num_max=1000 per group. Total cells for disco test: 5528.
  Target 'ENSG00000184939|chr16:68530115-68530322' had 5 sgRNA group(s) downsampled to combi_cell_num_max=1000 per group. Total cells for disco test: 5841.
  Target 'ENSG00000184939|chr16:68539307-68539380' had 6 sgRNA group(s) downsampled to combi_cell_num_max=1000 per group. Total cells for disco test: 6000.
  Target 'ENSG00000186660|chr11:58579075-58579515' had 4 sgRNA group(s) downsampled to combi_cell_num_max=1000 per group. Total cells for disco test: 4992.
  Target 'ENSG00000189420|chrX:153418302-153418522' had 5 sgRNA group(s) downsampled to combi_cell_num_max=1000 per group. Total cells for disco test: 5671.
  Target 'ENSG00000179588|chr16:88453285-88453532' had 4 sgRNA group(s) downsampled to combi_cell_num_max=1000 per group. Total cells for disco test: 5195.
  Target 'ENSG00000169946|chr8:105318480-105318968' had 4 sgRNA group(s) downsampled to combi_cell_num_max=1000 per group. Total cells for disco test: 5318.
  Target 'ENSG00000005889|chrX:24149531-24150170' had 4 sgRNA group(s) downsampled to combi_cell_num_max=1000 per group. Total cells for disco test: 4487.
  Target 'ENSG00000067646|chrY:2935418-2935639' had 5 sgRNA group(s) downsampled to combi_cell_num_max=1000 per group. Total cells for disco test: 5481.
  Target 'ENSG00000131381|chr3:15098890-15099144' had 3 sgRNA group(s) downsampled to combi_cell_num_max=1000 per group. Total cells for disco test: 4230.
  Target 'ENSG00000072121|chr14:67816380-67816594' had 5 sgRNA group(s) downsampled to combi_cell_num_max=1000 per group. Total cells for disco test: 5483.
  Target 'ENSG00000220201|chr19:10305381-10305644' had 3 sgRNA group(s) downsampled to combi_cell_num_max=1000 per group. Total cells for disco test: 4910.
  Target 'ENSG00000197114|chr20:63707525-63708095' had 4 sgRNA group(s) downsampled to combi_cell_num_max=1000 per group. Total cells for disco test: 5287.
  Target 'ENSG00000165156|chr8:123274172-123274599' had 4 sgRNA group(s) downsampled to combi_cell_num_max=1000 per group. Total cells for disco test: 4884.
  Target 'ENSG00000178764|chr8:122781741-122781838' had 4 sgRNA group(s) downsampled to combi_cell_num_max=1000 per group. Total cells for disco test: 5852.
  Target 'ENSG00000174306|chr20:41317403-41317725' had 4 sgRNA group(s) downsampled to combi_cell_num_max=1000 per group. Total cells for disco test: 4417.
  Target 'ENSG00000152977|chr3:147409398-147409655' had 3 sgRNA group(s) downsampled to combi_cell_num_max=1000 per group. Total cells for disco test: 4228.
  Target 'ENSG00000043355|chr13:99981848-99982255' had 4 sgRNA group(s) downsampled to combi_cell_num_max=1000 per group. Total cells for disco test: 4341.
  Target 'ENSG00000156925|chrX:137566129-137566572' had 4 sgRNA group(s) downsampled to combi_cell_num_max=1000 per group. Total cells for disco test: 5657.
  Target 'ENSG00000174963|chr3:147392038-147392318' had 3 sgRNA group(s) downsampled to combi_cell_num_max=1000 per group. Total cells for disco test: 4022.
  Target 'ENSG00000174963|chr3:147406276-147406513' had 3 sgRNA group(s) downsampled to combi_cell_num_max=1000 per group. Total cells for disco test: 4181.
  Target 'ENSG00000139800|chr13:99970915-99971152' had 5 sgRNA group(s) downsampled to combi_cell_num_max=1000 per group. Total cells for disco test: 5146.
  Target 'ENSG00000171649|chr19:57584191-57584421' had 4 sgRNA group(s) downsampled to combi_cell_num_max=1000 per group. Total cells for disco test: 5592.
  Target 'ENSG00000269699|chr19:56840668-56840770' had 3 sgRNA group(s) downsampled to combi_cell_num_max=1000 per group. Total cells for disco test: 3000.
  Target 'ENSG00000141946|chr19:57145001-57145203' had 5 sgRNA group(s) downsampled to combi_cell_num_max=1000 per group. Total cells for disco test: 5869.
  Target 'ENSG00000106261|chr7:100015610-100015983' had 2 sgRNA group(s) downsampled to combi_cell_num_max=1000 per group. Total cells for disco test: 5385.
  Target 'ENSG00000155592|chr16:25257523-25257835' had 3 sgRNA group(s) downsampled to combi_cell_num_max=1000 per group. Total cells for disco test: 4732.
  Target 'ENSG00000189298|chr6:28349983-28350189' had 4 sgRNA group(s) downsampled to combi_cell_num_max=1000 per group. Total cells for disco test: 4696.
  Target 'ENSG00000187626|chr6:28252029-28252255' had 3 sgRNA group(s) downsampled to combi_cell_num_max=1000 per group. Total cells for disco test: 4631.
  Target 'ENSG00000196652|chr7:99504930-99505393' had 3 sgRNA group(s) downsampled to combi_cell_num_max=1000 per group. Total cells for disco test: 4019.
  Target 'ENSG00000196345|chr3:44555188-44555272' had 4 sgRNA group(s) downsampled to combi_cell_num_max=1000 per group. Total cells for disco test: 5029.
  Target 'ENSG00000198315|chr6:28141881-28142063' had 4 sgRNA group(s) downsampled to combi_cell_num_max=1000 per group. Total cells for disco test: 4661.
  Target 'ENSG00000166432|chrX:101931596-101932023' had 5 sgRNA group(s) downsampled to combi_cell_num_max=1000 per group. Total cells for disco test: 5760.
  Target 'ENSG00000146007|chr5:140700458-140700950' had 2 sgRNA group(s) downsampled to combi_cell_num_max=1000 per group. Total cells for disco test: 3384.
  Target 'ENSG00000146007|chr5:140703931-140704177' had 6 sgRNA group(s) downsampled to combi_cell_num_max=1000 per group. Total cells for disco test: 6000.
  Target 'ENSG00000172667|chr3:179071730-179071820' had 2 sgRNA group(s) downsampled to combi_cell_num_max=1000 per group. Total cells for disco test: 3568.
  Target 'ENSG00000165061|chr8:40897731-40897823' had 5 sgRNA group(s) downsampled to combi_cell_num_max=1000 per group. Total cells for disco test: 5867.
  Target 'ENSG00000256223|chr12:133130612-133130723' had 6 sgRNA group(s) downsampled to combi_cell_num_max=1000 per group. Total cells for disco test: 6000.
  Target 'ENSG00000197020|chr19:21767275-21767556' had 5 sgRNA group(s) downsampled to combi_cell_num_max=1000 per group. Total cells for disco test: 5646.
  Target 'ENSG00000181896|chr19:19668823-19669115' had 5 sgRNA group(s) downsampled to combi_cell_num_max=1000 per group. Total cells for disco test: 5491.
  Target 'ENSG00000196247|chr7:64666340-64666635' had 3 sgRNA group(s) downsampled to combi_cell_num_max=1000 per group. Total cells for disco test: 3947.
  Target 'ENSG00000062370|chr19:44356328-44356682' had 2 sgRNA group(s) downsampled to combi_cell_num_max=1000 per group. Total cells for disco test: 3914.
  Target 'ENSG00000178150|chr19:48271358-48271621' had 4 sgRNA group(s) downsampled to combi_cell_num_max=1000 per group. Total cells for disco test: 4840.
  Target 'ENSG00000152926|chr7:65006294-65006670' had 3 sgRNA group(s) downsampled to combi_cell_num_max=1000 per group. Total cells for disco test: 5522.
  Target 'ENSG00000164631|chr7:6706658-6706921' had 3 sgRNA group(s) downsampled to combi_cell_num_max=1000 per group. Total cells for disco test: 3687.
  Target 'ENSG00000197961|chr19:9584127-9584487' had 5 sgRNA group(s) downsampled to combi_cell_num_max=1000 per group. Total cells for disco test: 5782.
  Target 'ENSG00000196418|chr1:247157695-247157953' had 5 sgRNA group(s) downsampled to combi_cell_num_max=1000 per group. Total cells for disco test: 5784.
  Target 'ENSG00000172262|chr5:43120927-43121760' had 5 sgRNA group(s) downsampled to combi_cell_num_max=1000 per group. Total cells for disco test: 5632.
  Target 'ENSG00000131849|chr19:58439915-58440155' had 5 sgRNA group(s) downsampled to combi_cell_num_max=1000 per group. Total cells for disco test: 5604.
  Target 'ENSG00000125846|chr20:18288534-18288808' had 3 sgRNA group(s) downsampled to combi_cell_num_max=1000 per group. Total cells for disco test: 4553.
  Target 'ENSG00000213762|chr19:57614231-57614317' had 4 sgRNA group(s) downsampled to combi_cell_num_max=1000 per group. Total cells for disco test: 4874.
  Target 'ENSG00000176293|chr19:58059252-58059657' had 4 sgRNA group(s) downsampled to combi_cell_num_max=1000 per group. Total cells for disco test: 5505.
  Target 'ENSG00000196646|chr19:12163080-12163363' had 5 sgRNA group(s) downsampled to combi_cell_num_max=1000 per group. Total cells for disco test: 5279.
  Target 'ENSG00000197008|chr7:64794393-64794681' had 5 sgRNA group(s) downsampled to combi_cell_num_max=1000 per group. Total cells for disco test: 5810.
  Target 'ENSG00000105708|chr19:19732727-19733103' had 4 sgRNA group(s) downsampled to combi_cell_num_max=1000 per group. Total cells for disco test: 5553.
  Target 'ENSG00000196387|chr12:133080917-133080987' had 5 sgRNA group(s) downsampled to combi_cell_num_max=1000 per group. Total cells for disco test: 5025.
  Target 'ENSG00000131127|chr4:337824-337906' had 5 sgRNA group(s) downsampled to combi_cell_num_max=1000 per group. Total cells for disco test: 5735.
  Target 'ENSG00000115568|chr2:218659385-218659623' had 3 sgRNA group(s) downsampled to combi_cell_num_max=1000 per group. Total cells for disco test: 4552.
  Target 'ENSG00000166478|chr11:9461024-9461502' had 4 sgRNA group(s) downsampled to combi_cell_num_max=1000 per group. Total cells for disco test: 4067.
  Target 'ENSG00000167635|chr19:36215153-36215198' had 2 sgRNA group(s) downsampled to combi_cell_num_max=1000 per group. Total cells for disco test: 4462.
  Target 'ENSG00000163848|chr3:125374811-125375256' had 3 sgRNA group(s) downsampled to combi_cell_num_max=1000 per group. Total cells for disco test: 4251.
  Target 'ENSG00000179909|chr19:57708940-57709187' had 5 sgRNA group(s) downsampled to combi_cell_num_max=1000 per group. Total cells for disco test: 5491.
  Target 'ENSG00000204920|chr19:43984208-43984433' had 5 sgRNA group(s) downsampled to combi_cell_num_max=1000 per group. Total cells for disco test: 5012.
  Target 'ENSG00000147117|chrX:47370582-47370711' had 4 sgRNA group(s) downsampled to combi_cell_num_max=1000 per group. Total cells for disco test: 5298.
  Target 'ENSG00000170631|chr8:144950554-144950820' had 4 sgRNA group(s) downsampled to combi_cell_num_max=1000 per group. Total cells for disco test: 4960.
  Target 'ENSG00000170949|chr19:53103171-53103421' had 4 sgRNA group(s) downsampled to combi_cell_num_max=1000 per group. Total cells for disco test: 5322.
  Target 'ENSG00000197279|chr6:28080596-28080979' had 5 sgRNA group(s) downsampled to combi_cell_num_max=1000 per group. Total cells for disco test: 5654.
  Target 'ENSG00000175787|chr9:94259319-94259530' had 4 sgRNA group(s) downsampled to combi_cell_num_max=1000 per group. Total cells for disco test: 5482.
  Target 'ENSG00000186272|chr19:57411155-57411341' had 3 sgRNA group(s) downsampled to combi_cell_num_max=1000 per group. Total cells for disco test: 4053.
  Target 'ENSG00000103343|chr16:3401220-3401665' had 5 sgRNA group(s) downsampled to combi_cell_num_max=1000 per group. Total cells for disco test: 5809.
  Target 'ENSG00000105497|chr19:51571288-51571484' had 5 sgRNA group(s) downsampled to combi_cell_num_max=1000 per group. Total cells for disco test: 5861.
  Target 'ENSG00000188629|chr19:9324271-9324519' had 1 sgRNA group(s) downsampled to combi_cell_num_max=1000 per group. Total cells for disco test: 2113.
  Target 'ENSG00000188629|chr19:9363025-9363289' had 5 sgRNA group(s) downsampled to combi_cell_num_max=1000 per group. Total cells for disco test: 5388.
  Target 'ENSG00000154957|chr17:11997206-11997439' had 5 sgRNA group(s) downsampled to combi_cell_num_max=1000 per group. Total cells for disco test: 5156.
  Target 'ENSG00000167384|chr19:44500421-44500544' had 4 sgRNA group(s) downsampled to combi_cell_num_max=1000 per group. Total cells for disco test: 5098.
  Target 'ENSG00000197841|chr19:34734243-34734324' had 4 sgRNA group(s) downsampled to combi_cell_num_max=1000 per group. Total cells for disco test: 4524.
  Target 'ENSG00000147118|chrX:48003785-48004012' had 4 sgRNA group(s) downsampled to combi_cell_num_max=1000 per group. Total cells for disco test: 5211.
  Target 'ENSG00000096654|chr6:27472838-27473106' had 5 sgRNA group(s) downsampled to combi_cell_num_max=1000 per group. Total cells for disco test: 5246.
  Target 'ENSG00000136870|chr9:101398875-101399157' had 6 sgRNA group(s) downsampled to combi_cell_num_max=1000 per group. Total cells for disco test: 6000.
  Target 'ENSG00000157429|chr16:71484322-71484597' had 4 sgRNA group(s) downsampled to combi_cell_num_max=1000 per group. Total cells for disco test: 5435.
  Target 'ENSG00000005801|chr11:3378934-3379151' had 3 sgRNA group(s) downsampled to combi_cell_num_max=1000 per group. Total cells for disco test: 4178.
  Target 'ENSG00000186448|chr3:44625038-44625248' had 5 sgRNA group(s) downsampled to combi_cell_num_max=1000 per group. Total cells for disco test: 5824.
  Target 'ENSG00000275111|chr2:95165802-95166073' had 3 sgRNA group(s) downsampled to combi_cell_num_max=1000 per group. Total cells for disco test: 4374.
  Target 'ENSG00000132010|chr19:12140149-12140383' had 5 sgRNA group(s) downsampled to combi_cell_num_max=1000 per group. Total cells for disco test: 5571.
  Target 'ENSG00000010539|chr16:3234926-3235157' had 6 sgRNA group(s) downsampled to combi_cell_num_max=1000 per group. Total cells for disco test: 6000.
  Target 'ENSG00000166261|chr11:123741583-123741662' had 3 sgRNA group(s) downsampled to combi_cell_num_max=1000 per group. Total cells for disco test: 3865.
  Target 'ENSG00000122386|chr16:3112604-3112762' had 3 sgRNA group(s) downsampled to combi_cell_num_max=1000 per group. Total cells for disco test: 5121.
  Target 'ENSG00000010244|chr17:32350174-32350637' had 3 sgRNA group(s) downsampled to combi_cell_num_max=1000 per group. Total cells for disco test: 4099.
  Target 'ENSG00000010244|chr17:32360678-32361025' had 4 sgRNA group(s) downsampled to combi_cell_num_max=1000 per group. Total cells for disco test: 4168.
  Target 'ENSG00000121417|chr19:57633200-57633281' had 5 sgRNA group(s) downsampled to combi_cell_num_max=1000 per group. Total cells for disco test: 5609.
  Target 'ENSG00000170260|chr7:149239653-149239735' had 6 sgRNA group(s) downsampled to combi_cell_num_max=1000 per group. Total cells for disco test: 6000.
  Target 'ENSG00000085644|chr16:3135152-3135374' had 3 sgRNA group(s) downsampled to combi_cell_num_max=1000 per group. Total cells for disco test: 4731.
  Target 'ENSG00000149050|chr11:7020261-7020367' had 3 sgRNA group(s) downsampled to combi_cell_num_max=1000 per group. Total cells for disco test: 4898.
  Target 'ENSG00000149054|chr11:6926462-6926964' had 5 sgRNA group(s) downsampled to combi_cell_num_max=1000 per group. Total cells for disco test: 5846.
  Target 'ENSG00000171940|chr20:53568547-53568910' had 4 sgRNA group(s) downsampled to combi_cell_num_max=1000 per group. Total cells for disco test: 5627.
  Target 'ENSG00000171940|chr20:53593340-53593620' had 2 sgRNA group(s) downsampled to combi_cell_num_max=1000 per group. Total cells for disco test: 3841.
  Target 'ENSG00000165804|chr14:21097948-21098619' had 2 sgRNA group(s) downsampled to combi_cell_num_max=1000 per group. Total cells for disco test: 3487.
  Target 'ENSG00000165512|chr10:45000874-45000991' had 5 sgRNA group(s) downsampled to combi_cell_num_max=1000 per group. Total cells for disco test: 5392.
  Target 'ENSG00000159905|chr19:43951236-43951495' had 4 sgRNA group(s) downsampled to combi_cell_num_max=1000 per group. Total cells for disco test: 5255.
  Target 'ENSG00000159885|chr19:44025382-44025634' had 4 sgRNA group(s) downsampled to combi_cell_num_max=1000 per group. Total cells for disco test: 4581.
  Target 'ENSG00000178386|chr19:44051988-44052133' had 4 sgRNA group(s) downsampled to combi_cell_num_max=1000 per group. Total cells for disco test: 5283.
  Target 'ENSG00000267680|chr19:44094341-44094608' had 5 sgRNA group(s) downsampled to combi_cell_num_max=1000 per group. Total cells for disco test: 5865.
  Target 'ENSG00000256294|chr19:44113382-44113619' had 4 sgRNA group(s) downsampled to combi_cell_num_max=1000 per group. Total cells for disco test: 5144.
  Target 'ENSG00000167380|chr19:44141571-44141667' had 6 sgRNA group(s) downsampled to combi_cell_num_max=1000 per group. Total cells for disco test: 6000.
  Target 'ENSG00000167380|chr19:44165077-44165180' had 5 sgRNA group(s) downsampled to combi_cell_num_max=1000 per group. Total cells for disco test: 5398.
  Target 'ENSG00000131115|chr19:44212565-44212765' had 5 sgRNA group(s) downsampled to combi_cell_num_max=1000 per group. Total cells for disco test: 5152.
  Target 'ENSG00000278318|chr19:44448380-44448475' had 6 sgRNA group(s) downsampled to combi_cell_num_max=1000 per group. Total cells for disco test: 6000.
  Target 'ENSG00000167377|chr16:71462117-71462233' had 4 sgRNA group(s) downsampled to combi_cell_num_max=1000 per group. Total cells for disco test: 4933.
  Target 'ENSG00000167377|chr16:71489230-71489327' had 5 sgRNA group(s) downsampled to combi_cell_num_max=1000 per group. Total cells for disco test: 5595.
  Target 'ENSG00000159882|chr19:44002999-44003289' had 5 sgRNA group(s) downsampled to combi_cell_num_max=1000 per group. Total cells for disco test: 5304.
  Target 'ENSG00000167840|chr17:5111792-5111866' had 6 sgRNA group(s) downsampled to combi_cell_num_max=1000 per group. Total cells for disco test: 6000.
  Target 'ENSG00000167840|chr17:5123012-5123108' had 4 sgRNA group(s) downsampled to combi_cell_num_max=1000 per group. Total cells for disco test: 5254.
  Target 'ENSG00000159915|chr19:44259915-44259999' had 5 sgRNA group(s) downsampled to combi_cell_num_max=1000 per group. Total cells for disco test: 5455.
  Target 'ENSG00000159917|chr19:44304740-44305014' had 3 sgRNA group(s) downsampled to combi_cell_num_max=1000 per group. Total cells for disco test: 4749.
  Target 'ENSG00000130856|chr18:76822605-76823037' had 5 sgRNA group(s) downsampled to combi_cell_num_max=1000 per group. Total cells for disco test: 5411.
  Target 'ENSG00000196793|chr10:43574307-43574563' had 5 sgRNA group(s) downsampled to combi_cell_num_max=1000 per group. Total cells for disco test: 5670.
  Target 'ENSG00000172466|chr18:35344123-35344443' had 5 sgRNA group(s) downsampled to combi_cell_num_max=1000 per group. Total cells for disco test: 5667.
  Target 'ENSG00000198105|chr10:37857362-37858133' had 1 sgRNA group(s) downsampled to combi_cell_num_max=1000 per group. Total cells for disco test: 4407.
  Target 'ENSG00000175395|chr10:37976389-37976619' had 6 sgRNA group(s) downsampled to combi_cell_num_max=1000 per group. Total cells for disco test: 6000.
  Target 'ENSG00000196150|chr8:144901175-144902108' had 4 sgRNA group(s) downsampled to combi_cell_num_max=1000 per group. Total cells for disco test: 5121.
  Target 'ENSG00000198169|chr8:144755402-144755503' had 4 sgRNA group(s) downsampled to combi_cell_num_max=1000 per group. Total cells for disco test: 4796.
  Target 'ENSG00000256771|chr19:19865898-19866125' had 3 sgRNA group(s) downsampled to combi_cell_num_max=1000 per group. Total cells for disco test: 4981.
  Target 'ENSG00000213096|chr19:24087147-24087457' had 4 sgRNA group(s) downsampled to combi_cell_num_max=1000 per group. Total cells for disco test: 4576.
  Target 'ENSG00000152454|chr19:57947259-57947703' had 6 sgRNA group(s) downsampled to combi_cell_num_max=1000 per group. Total cells for disco test: 6000.
  Target 'ENSG00000197134|chr19:22052494-22052793' had 2 sgRNA group(s) downsampled to combi_cell_num_max=1000 per group. Total cells for disco test: 4554.
  Target 'ENSG00000198393|chr12:132986403-132986470' had 3 sgRNA group(s) downsampled to combi_cell_num_max=1000 per group. Total cells for disco test: 3880.
  Target 'ENSG00000254004|chr19:36528039-36528685' had 3 sgRNA group(s) downsampled to combi_cell_num_max=1000 per group. Total cells for disco test: 4453.
  Target 'ENSG00000006194|chr16:3263823-3264213' had 4 sgRNA group(s) downsampled to combi_cell_num_max=1000 per group. Total cells for disco test: 5156.
  Target 'ENSG00000006194|chr16:3283506-3283924' had 5 sgRNA group(s) downsampled to combi_cell_num_max=1000 per group. Total cells for disco test: 5534.
  Target 'ENSG00000083844|chr19:57191534-57191713' had 2 sgRNA group(s) downsampled to combi_cell_num_max=1000 per group. Total cells for disco test: 4227.
  Target 'ENSG00000174652|chr19:9435317-9435534' had 4 sgRNA group(s) downsampled to combi_cell_num_max=1000 per group. Total cells for disco test: 5208.
  Target 'ENSG00000185947|chr16:31873799-31873914' had 6 sgRNA group(s) downsampled to combi_cell_num_max=1000 per group. Total cells for disco test: 6000.
  Target 'ENSG00000185947|chr16:31884557-31884981' had 5 sgRNA group(s) downsampled to combi_cell_num_max=1000 per group. Total cells for disco test: 5329.
  Target 'ENSG00000090612|chr12:133181484-133181582' had 5 sgRNA group(s) downsampled to combi_cell_num_max=1000 per group. Total cells for disco test: 5260.
  Target 'ENSG00000198039|chr7:64882559-64882971' had 6 sgRNA group(s) downsampled to combi_cell_num_max=1000 per group. Total cells for disco test: 6000.
  Target 'ENSG00000198039|chr7:64903278-64903730' had 5 sgRNA group(s) downsampled to combi_cell_num_max=1000 per group. Total cells for disco test: 5341.
  Target 'ENSG00000171606|chr19:58183110-58183429' had 6 sgRNA group(s) downsampled to combi_cell_num_max=1000 per group. Total cells for disco test: 6000.
  Target 'ENSG00000063587|chrX:153334160-153334413' had 4 sgRNA group(s) downsampled to combi_cell_num_max=1000 per group. Total cells for disco test: 4820.
  Target 'ENSG00000158805|chr16:89721558-89721760' had 5 sgRNA group(s) downsampled to combi_cell_num_max=1000 per group. Total cells for disco test: 5678.
  Target 'ENSG00000198839|chr7:112206713-112206896' had 3 sgRNA group(s) downsampled to combi_cell_num_max=1000 per group. Total cells for disco test: 4602.
  Target 'ENSG00000198538|chr19:52821234-52821613' had 4 sgRNA group(s) downsampled to combi_cell_num_max=1000 per group. Total cells for disco test: 5400.
  Target 'ENSG00000275004|chr22:22508407-22508725' had 4 sgRNA group(s) downsampled to combi_cell_num_max=1000 per group. Total cells for disco test: 5088.
  Target 'ENSG00000056277|chrX:130268724-130268895' had 3 sgRNA group(s) downsampled to combi_cell_num_max=1000 per group. Total cells for disco test: 5280.
  Target 'ENSG00000137871|chr15:56733236-56733478' had 5 sgRNA group(s) downsampled to combi_cell_num_max=1000 per group. Total cells for disco test: 5658.
  Target 'ENSG00000162702|chr1:200409523-200410048' had 3 sgRNA group(s) downsampled to combi_cell_num_max=1000 per group. Total cells for disco test: 4838.
  Target 'ENSG00000170265|chr7:149195553-149195953' had 4 sgRNA group(s) downsampled to combi_cell_num_max=1000 per group. Total cells for disco test: 5065.
  Target 'ENSG00000167637|chr19:43827376-43827637' had 3 sgRNA group(s) downsampled to combi_cell_num_max=1000 per group. Total cells for disco test: 4565.
  Target 'ENSG00000186026|chr19:44072127-44072357' had 4 sgRNA group(s) downsampled to combi_cell_num_max=1000 per group. Total cells for disco test: 4561.
  Target 'ENSG00000267508|chr19:44401379-44401597' had 4 sgRNA group(s) downsampled to combi_cell_num_max=1000 per group. Total cells for disco test: 5520.
  Target 'ENSG00000187607|chr17:15699589-15699694' had 4 sgRNA group(s) downsampled to combi_cell_num_max=1000 per group. Total cells for disco test: 4982.
  Target 'ENSG00000290687|chr17:18681916-18682305' had 1 sgRNA group(s) downsampled to combi_cell_num_max=1000 per group. Total cells for disco test: 2194.
  Target 'ENSG00000141040|chr17:16569036-16569213' had 4 sgRNA group(s) downsampled to combi_cell_num_max=1000 per group. Total cells for disco test: 4948.
  Target 'ENSG00000188994|chr6:87155556-87155839' had 6 sgRNA group(s) downsampled to combi_cell_num_max=1000 per group. Total cells for disco test: 6000.
  Target 'ENSG00000170684|chr19:45076421-45076536' had 6 sgRNA group(s) downsampled to combi_cell_num_max=1000 per group. Total cells for disco test: 6000.
  Target 'ENSG00000166526|chr7:100081668-100081759' had 4 sgRNA group(s) downsampled to combi_cell_num_max=1000 per group. Total cells for disco test: 5254.
  Target 'ENSG00000168661|chr19:34926908-34927189' had 4 sgRNA group(s) downsampled to combi_cell_num_max=1000 per group. Total cells for disco test: 5433.
  Target 'ENSG00000145908|chr5:150904662-150904987' had 4 sgRNA group(s) downsampled to combi_cell_num_max=1000 per group. Total cells for disco test: 5372.
  Target 'ENSG00000089335|chr19:34677704-34677864' had 5 sgRNA group(s) downsampled to combi_cell_num_max=1000 per group. Total cells for disco test: 5932.
  Target 'ENSG00000131845|chr19:57351288-57351548' had 4 sgRNA group(s) downsampled to combi_cell_num_max=1000 per group. Total cells for disco test: 4260.
  Target 'ENSG00000197935|chr6:29005332-29005593' had 3 sgRNA group(s) downsampled to combi_cell_num_max=1000 per group. Total cells for disco test: 4066.
  Target 'ENSG00000130803|chr19:9140427-9140577' had 5 sgRNA group(s) downsampled to combi_cell_num_max=1000 per group. Total cells for disco test: 5725.
  Target 'ENSG00000171467|chr6:43369183-43369425' had 3 sgRNA group(s) downsampled to combi_cell_num_max=1000 per group. Total cells for disco test: 4311.
  Target 'ENSG00000166188|chr16:57998407-57998471' had 6 sgRNA group(s) downsampled to combi_cell_num_max=1000 per group. Total cells for disco test: 6000.
  Target 'ENSG00000166188|chr16:57999336-57999680' had 4 sgRNA group(s) downsampled to combi_cell_num_max=1000 per group. Total cells for disco test: 4953.
  Target 'ENSG00000169740|chr10:43648759-43648907' had 4 sgRNA group(s) downsampled to combi_cell_num_max=1000 per group. Total cells for disco test: 5391.
  Target 'ENSG00000182986|chr19:52897306-52897706' had 5 sgRNA group(s) downsampled to combi_cell_num_max=1000 per group. Total cells for disco test: 5759.
  Target 'ENSG00000181315|chr6:26659331-26659764' had 4 sgRNA group(s) downsampled to combi_cell_num_max=1000 per group. Total cells for disco test: 5013.
  Target 'ENSG00000083812|chr19:58467033-58467572' had 2 sgRNA group(s) downsampled to combi_cell_num_max=1000 per group. Total cells for disco test: 4358.
  Target 'ENSG00000249471|chr19:58451623-58452050' had 4 sgRNA group(s) downsampled to combi_cell_num_max=1000 per group. Total cells for disco test: 4929.
  Target 'ENSG00000162664|chr1:89995135-89995651' had 5 sgRNA group(s) downsampled to combi_cell_num_max=1000 per group. Total cells for disco test: 5504.
  Target 'ENSG00000181894|chr19:58150697-58150764' had 6 sgRNA group(s) downsampled to combi_cell_num_max=1000 per group. Total cells for disco test: 6000.
  Target 'ENSG00000181894|chr19:58155013-58155112' had 4 sgRNA group(s) downsampled to combi_cell_num_max=1000 per group. Total cells for disco test: 4986.
  Target 'ENSG00000109445|chr4:141220952-141221198' had 3 sgRNA group(s) downsampled to combi_cell_num_max=1000 per group. Total cells for disco test: 4144.
  Target 'ENSG00000130844|chr19:53538393-53538513' had 4 sgRNA group(s) downsampled to combi_cell_num_max=1000 per group. Total cells for disco test: 5086.
  Target 'ENSG00000130844|chr19:53554801-53554910' had 4 sgRNA group(s) downsampled to combi_cell_num_max=1000 per group. Total cells for disco test: 5221.
  Target 'ENSG00000160961|chr19:14690103-14690341' had 3 sgRNA group(s) downsampled to combi_cell_num_max=1000 per group. Total cells for disco test: 5073.
  Target 'ENSG00000198185|chr20:46513299-46513529' had 4 sgRNA group(s) downsampled to combi_cell_num_max=1000 per group. Total cells for disco test: 4657.
  Target 'ENSG00000198026|chr20:45971950-45972198' had 4 sgRNA group(s) downsampled to combi_cell_num_max=1000 per group. Total cells for disco test: 5062.
  Target 'ENSG00000130684|chr20:25696742-25696816' had 6 sgRNA group(s) downsampled to combi_cell_num_max=1000 per group. Total cells for disco test: 6000.
  Target 'ENSG00000189180|chr10:38010655-38010954' had 2 sgRNA group(s) downsampled to combi_cell_num_max=1000 per group. Total cells for disco test: 4184.
  Target 'ENSG00000196693|chr10:42638274-42638532' had 5 sgRNA group(s) downsampled to combi_cell_num_max=1000 per group. Total cells for disco test: 5183.
  Target 'ENSG00000196378|chr8:144786891-144787326' had 5 sgRNA group(s) downsampled to combi_cell_num_max=1000 per group. Total cells for disco test: 5392.
  Target 'ENSG00000131061|chr20:33731978-33732065' had 5 sgRNA group(s) downsampled to combi_cell_num_max=1000 per group. Total cells for disco test: 5613.
  Target 'ENSG00000131061|chr20:33745173-33745430' had 3 sgRNA group(s) downsampled to combi_cell_num_max=1000 per group. Total cells for disco test: 4657.
  Target 'ENSG00000088876|chr20:2508666-2508928' had 3 sgRNA group(s) downsampled to combi_cell_num_max=1000 per group. Total cells for disco test: 4691.
  Target 'ENSG00000251247|chr19:36850897-36851117' had 6 sgRNA group(s) downsampled to combi_cell_num_max=1000 per group. Total cells for disco test: 6000.
  Target 'ENSG00000113761|chr5:177022688-177022784' had 3 sgRNA group(s) downsampled to combi_cell_num_max=1000 per group. Total cells for disco test: 4911.
  Target 'ENSG00000197937|chr19:53158931-53159050' had 5 sgRNA group(s) downsampled to combi_cell_num_max=1000 per group. Total cells for disco test: 5353.
  Target 'ENSG00000169981|chr3:44648704-44649095' had 5 sgRNA group(s) downsampled to combi_cell_num_max=1000 per group. Total cells for disco test: 5136.
  Target 'ENSG00000256683|chr19:51986552-51986848' had 5 sgRNA group(s) downsampled to combi_cell_num_max=1000 per group. Total cells for disco test: 5378.
  Target 'ENSG00000169131|chr5:178730364-178730667' had 5 sgRNA group(s) downsampled to combi_cell_num_max=1000 per group. Total cells for disco test: 5442.
  Target 'ENSG00000178338|chr5:178859971-178860059' had 4 sgRNA group(s) downsampled to combi_cell_num_max=1000 per group. Total cells for disco test: 4689.
  Target 'ENSG00000177932|chr5:179060365-179060907' had 4 sgRNA group(s) downsampled to combi_cell_num_max=1000 per group. Total cells for disco test: 4969.
  Target 'ENSG00000198816|chr19:7516069-7516508' had 3 sgRNA group(s) downsampled to combi_cell_num_max=1000 per group. Total cells for disco test: 4678.
  Target 'ENSG00000198816|chr19:7519936-7520131' had 4 sgRNA group(s) downsampled to combi_cell_num_max=1000 per group. Total cells for disco test: 5080.
  Target 'ENSG00000160094|chr1:33256472-33256878' had 4 sgRNA group(s) downsampled to combi_cell_num_max=1000 per group. Total cells for disco test: 4289.
  Target 'ENSG00000138311|chr10:62374398-62374656' had 4 sgRNA group(s) downsampled to combi_cell_num_max=1000 per group. Total cells for disco test: 5214.
  Target 'ENSG00000178175|chr5:72506901-72507674' had 5 sgRNA group(s) downsampled to combi_cell_num_max=1000 per group. Total cells for disco test: 5887.
  Target 'ENSG00000165244|chr9:96417943-96418397' had 5 sgRNA group(s) downsampled to combi_cell_num_max=1000 per group. Total cells for disco test: 5412.
  Target 'ENSG00000075407|chr10:38094372-38094443' had 4 sgRNA group(s) downsampled to combi_cell_num_max=1000 per group. Total cells for disco test: 4886.
  Target 'ENSG00000161298|chr19:36604949-36605695' had 6 sgRNA group(s) downsampled to combi_cell_num_max=1000 per group. Total cells for disco test: 6000.
  Target 'ENSG00000188283|chr19:37218157-37218461' had 3 sgRNA group(s) downsampled to combi_cell_num_max=1000 per group. Total cells for disco test: 4389.
  Target 'ENSG00000126746|chr12:6689064-6689469' had 4 sgRNA group(s) downsampled to combi_cell_num_max=1000 per group. Total cells for disco test: 5268.
  Target 'ENSG00000161642|chr12:54384435-54384696' had 5 sgRNA group(s) downsampled to combi_cell_num_max=1000 per group. Total cells for disco test: 5172.
  Target 'ENSG00000161642|chr12:54391127-54391313' had 4 sgRNA group(s) downsampled to combi_cell_num_max=1000 per group. Total cells for disco test: 4883.
  Target 'ENSG00000144331|chr2:179861183-179861559' had 4 sgRNA group(s) downsampled to combi_cell_num_max=1000 per group. Total cells for disco test: 4803.
  Target 'ENSG00000187595|chr17:42062943-42063072' had 6 sgRNA group(s) downsampled to combi_cell_num_max=1000 per group. Total cells for disco test: 6000.
  Target 'ENSG00000151789|chr3:21751092-21751194' had 4 sgRNA group(s) downsampled to combi_cell_num_max=1000 per group. Total cells for disco test: 4732.
  Target 'ENSG00000124613|chr6:27388991-27389183' had 2 sgRNA group(s) downsampled to combi_cell_num_max=1000 per group. Total cells for disco test: 4109.
  Target 'ENSG00000160908|chr7:99499856-99500271' had 6 sgRNA group(s) downsampled to combi_cell_num_max=1000 per group. Total cells for disco test: 6000.
  Target 'ENSG00000186918|chr8:28385780-28386215' had 3 sgRNA group(s) downsampled to combi_cell_num_max=1000 per group. Total cells for disco test: 3920.
  Target 'ENSG00000186496|chr18:35377057-35377303' had 5 sgRNA group(s) downsampled to combi_cell_num_max=1000 per group. Total cells for disco test: 5855.
  Target 'ENSG00000186812|chr18:35241100-35241256' had 5 sgRNA group(s) downsampled to combi_cell_num_max=1000 per group. Total cells for disco test: 5060.
  Target 'ENSG00000197024|chr7:149147464-149147654' had 4 sgRNA group(s) downsampled to combi_cell_num_max=1000 per group. Total cells for disco test: 4970.
  Target 'ENSG00000215421|chr18:74631035-74631516' had 5 sgRNA group(s) downsampled to combi_cell_num_max=1000 per group. Total cells for disco test: 5527.
  Target 'ENSG00000175213|chr11:46701025-46701291' had 5 sgRNA group(s) downsampled to combi_cell_num_max=1000 per group. Total cells for disco test: 5442.
  Target 'ENSG00000147124|chrX:47482683-47483208' had 3 sgRNA group(s) downsampled to combi_cell_num_max=1000 per group. Total cells for disco test: 4638.
  Target 'ENSG00000119725|chr14:73886822-73886984' had 2 sgRNA group(s) downsampled to combi_cell_num_max=1000 per group. Total cells for disco test: 4065.
  Target 'ENSG00000133250|chr19:8513907-8514173' had 3 sgRNA group(s) downsampled to combi_cell_num_max=1000 per group. Total cells for disco test: 3854.
  Target 'ENSG00000170954|chr19:53132436-53132897' had 6 sgRNA group(s) downsampled to combi_cell_num_max=1000 per group. Total cells for disco test: 6000.
  Target 'ENSG00000083817|chr19:57578811-57578897' had 5 sgRNA group(s) downsampled to combi_cell_num_max=1000 per group. Total cells for disco test: 5276.
  Target 'ENSG00000173480|chr19:57916103-57916587' had 3 sgRNA group(s) downsampled to combi_cell_num_max=1000 per group. Total cells for disco test: 4316.
  Target 'ENSG00000196724|chr19:57935104-57935348' had 6 sgRNA group(s) downsampled to combi_cell_num_max=1000 per group. Total cells for disco test: 6000.
  Target 'ENSG00000105136|chr19:57487784-57487945' had 3 sgRNA group(s) downsampled to combi_cell_num_max=1000 per group. Total cells for disco test: 5371.
  Target 'ENSG00000197050|chr19:37078434-37078543' had 4 sgRNA group(s) downsampled to combi_cell_num_max=1000 per group. Total cells for disco test: 5544.
  Target 'ENSG00000102935|chr16:49822528-49822747' had 4 sgRNA group(s) downsampled to combi_cell_num_max=1000 per group. Total cells for disco test: 5119.
  Target 'ENSG00000102935|chr16:49826915-49826993' had 6 sgRNA group(s) downsampled to combi_cell_num_max=1000 per group. Total cells for disco test: 6000.
  Target 'ENSG00000204947|chr7:149126112-149126304' had 1 sgRNA group(s) downsampled to combi_cell_num_max=1000 per group. Total cells for disco test: 4294.
  Target 'ENSG00000130818|chr19:9538448-9538647' had 4 sgRNA group(s) downsampled to combi_cell_num_max=1000 per group. Total cells for disco test: 5925.
  Target 'ENSG00000131116|chr19:43619333-43619634' had 4 sgRNA group(s) downsampled to combi_cell_num_max=1000 per group. Total cells for disco test: 4698.
  Target 'ENSG00000197013|chr19:21505584-21506000' had 6 sgRNA group(s) downsampled to combi_cell_num_max=1000 per group. Total cells for disco test: 6000.
  Target 'ENSG00000198521|chr19:21835749-21836001' had 4 sgRNA group(s) downsampled to combi_cell_num_max=1000 per group. Total cells for disco test: 4899.
  Target 'ENSG00000198521|chr19:21851980-21852062' had 4 sgRNA group(s) downsampled to combi_cell_num_max=1000 per group. Total cells for disco test: 5604.
  Target 'ENSG00000118620|chr19:21020649-21021123' had 6 sgRNA group(s) downsampled to combi_cell_num_max=1000 per group. Total cells for disco test: 6000.
  Target 'ENSG00000196705|chr19:21142065-21142512' had 5 sgRNA group(s) downsampled to combi_cell_num_max=1000 per group. Total cells for disco test: 5622.
  Target 'ENSG00000256087|chr19:52048539-52048834' had 3 sgRNA group(s) downsampled to combi_cell_num_max=1000 per group. Total cells for disco test: 4352.
  Target 'ENSG00000197647|chr19:12035582-12035721' had 4 sgRNA group(s) downsampled to combi_cell_num_max=1000 per group. Total cells for disco test: 5729.
  Target 'ENSG00000125945|chr1:23368188-23368316' had 2 sgRNA group(s) downsampled to combi_cell_num_max=1000 per group. Total cells for disco test: 4278.
  Target 'ENSG00000125945|chr1:23369540-23369830' had 5 sgRNA group(s) downsampled to combi_cell_num_max=1000 per group. Total cells for disco test: 5812.
  Target 'ENSG00000183621|chr10:30999302-30999462' had 4 sgRNA group(s) downsampled to combi_cell_num_max=1000 per group. Total cells for disco test: 5850.
  Target 'ENSG00000183621|chr10:31031657-31031890' had 5 sgRNA group(s) downsampled to combi_cell_num_max=1000 per group. Total cells for disco test: 5175.
  Target 'ENSG00000171291|chr19:11848723-11848994' had 6 sgRNA group(s) downsampled to combi_cell_num_max=1000 per group. Total cells for disco test: 6000.
  Target 'ENSG00000197857|chr19:12294725-12294880' had 5 sgRNA group(s) downsampled to combi_cell_num_max=1000 per group. Total cells for disco test: 5263.
  Target 'ENSG00000171295|chr19:11814281-11814377' had 5 sgRNA group(s) downsampled to combi_cell_num_max=1000 per group. Total cells for disco test: 5862.
  Target 'ENSG00000197044|chr19:11767003-11767421' had 4 sgRNA group(s) downsampled to combi_cell_num_max=1000 per group. Total cells for disco test: 4925.
  Target 'ENSG00000198342|chr19:12365551-12365666' had 4 sgRNA group(s) downsampled to combi_cell_num_max=1000 per group. Total cells for disco test: 4691.
  Target 'ENSG00000180855|chr19:12440937-12441003' had 4 sgRNA group(s) downsampled to combi_cell_num_max=1000 per group. Total cells for disco test: 4988.
  Target 'ENSG00000167685|chr19:56141306-56141713' had 3 sgRNA group(s) downsampled to combi_cell_num_max=1000 per group. Total cells for disco test: 5828.
  Target 'ENSG00000185219|chr3:44477415-44477677' had 5 sgRNA group(s) downsampled to combi_cell_num_max=1000 per group. Total cells for disco test: 5331.
  Target 'ENSG00000083838|chr19:58476185-58476390' had 5 sgRNA group(s) downsampled to combi_cell_num_max=1000 per group. Total cells for disco test: 5713.
  Target 'ENSG00000173275|chrX:135344793-135344886' had 5 sgRNA group(s) downsampled to combi_cell_num_max=1000 per group. Total cells for disco test: 5791.
  Target 'ENSG00000124459|chr19:43935015-43935290' had 4 sgRNA group(s) downsampled to combi_cell_num_max=1000 per group. Total cells for disco test: 5156.
  Target 'ENSG00000112200|chr6:57090051-57090201' had 5 sgRNA group(s) downsampled to combi_cell_num_max=1000 per group. Total cells for disco test: 5329.
  Target 'ENSG00000178187|chr5:178941224-178941469' had 6 sgRNA group(s) downsampled to combi_cell_num_max=1000 per group. Total cells for disco test: 6000.
  Target 'ENSG00000197714|chr19:57280484-57280693' had 5 sgRNA group(s) downsampled to combi_cell_num_max=1000 per group. Total cells for disco test: 5285.
  Target 'ENSG00000197808|chr19:36666780-36666847' had 3 sgRNA group(s) downsampled to combi_cell_num_max=1000 per group. Total cells for disco test: 4589.
  Target 'ENSG00000148143|chr9:106863207-106863501' had 5 sgRNA group(s) downsampled to combi_cell_num_max=1000 per group. Total cells for disco test: 5674.
  Target 'ENSG00000181444|chr7:149773197-149773587' had 3 sgRNA group(s) downsampled to combi_cell_num_max=1000 per group. Total cells for disco test: 4677.
  Target 'ENSG00000204604|chr19:52857215-52857599' had 3 sgRNA group(s) downsampled to combi_cell_num_max=1000 per group. Total cells for disco test: 4364.
  Target 'ENSG00000225614|chr16:88427472-88427591' had 5 sgRNA group(s) downsampled to combi_cell_num_max=1000 per group. Total cells for disco test: 5186.
  Target 'ENSG00000197016|chr19:56567472-56567742' had 2 sgRNA group(s) downsampled to combi_cell_num_max=1000 per group. Total cells for disco test: 3452.
  Target 'ENSG00000196263|chr19:56507866-56508086' had 4 sgRNA group(s) downsampled to combi_cell_num_max=1000 per group. Total cells for disco test: 5532.
  Target 'ENSG00000142528|chr19:50025980-50026224' had 4 sgRNA group(s) downsampled to combi_cell_num_max=1000 per group. Total cells for disco test: 5212.
  Target 'ENSG00000164185|chr5:122129551-122129970' had 4 sgRNA group(s) downsampled to combi_cell_num_max=1000 per group. Total cells for disco test: 5190.
  Target 'ENSG00000185177|chr7:57132078-57132204' had 1 sgRNA group(s) downsampled to combi_cell_num_max=1000 per group. Total cells for disco test: 3077.
  Target 'ENSG00000180035|chr16:30395465-30395994' had 5 sgRNA group(s) downsampled to combi_cell_num_max=1000 per group. Total cells for disco test: 5330.
  Target 'ENSG00000198464|chr19:52297165-52297635' had 4 sgRNA group(s) downsampled to combi_cell_num_max=1000 per group. Total cells for disco test: 5305.
  Target 'ENSG00000173258|chr9:111525195-111525607' had 5 sgRNA group(s) downsampled to combi_cell_num_max=1000 per group. Total cells for disco test: 5869.
  Target 'ENSG00000127081|chr9:92877602-92878061' had 5 sgRNA group(s) downsampled to combi_cell_num_max=1000 per group. Total cells for disco test: 5356.
  Target 'ENSG00000198298|chr10:43606463-43606550' had 4 sgRNA group(s) downsampled to combi_cell_num_max=1000 per group. Total cells for disco test: 5088.
  Target 'ENSG00000256229|chr19:20167219-20167664' had 5 sgRNA group(s) downsampled to combi_cell_num_max=1000 per group. Total cells for disco test: 5777.
  Target 'ENSG00000265763|chr10:47379809-47379996' had 5 sgRNA group(s) downsampled to combi_cell_num_max=1000 per group. Total cells for disco test: 5878.
  Target 'ENSG00000265763|chr10:47384088-47384304' had 5 sgRNA group(s) downsampled to combi_cell_num_max=1000 per group. Total cells for disco test: 5797.
  Target 'ENSG00000188033|chr19:12610582-12610795' had 5 sgRNA group(s) downsampled to combi_cell_num_max=1000 per group. Total cells for disco test: 5532.
  Target 'ENSG00000177599|chr19:11798590-11798800' had 4 sgRNA group(s) downsampled to combi_cell_num_max=1000 per group. Total cells for disco test: 5707.
  Target 'ENSG00000229676|chr19:22634333-22634755' had 5 sgRNA group(s) downsampled to combi_cell_num_max=1000 per group. Total cells for disco test: 5854.
  Target 'ENSG00000196268|chr19:21397161-21397525' had 5 sgRNA group(s) downsampled to combi_cell_num_max=1000 per group. Total cells for disco test: 5164.
  Target 'ENSG00000162714|chr1:247331476-247331860' had 6 sgRNA group(s) downsampled to combi_cell_num_max=1000 per group. Total cells for disco test: 6000.
  Target 'ENSG00000174586|chr19:58362645-58362762' had 3 sgRNA group(s) downsampled to combi_cell_num_max=1000 per group. Total cells for disco test: 3942.
  Target 'ENSG00000103199|chr16:4767090-4767168' had 5 sgRNA group(s) downsampled to combi_cell_num_max=1000 per group. Total cells for disco test: 5739.
  Target 'ENSG00000186446|chr3:44729629-44729728' had 5 sgRNA group(s) downsampled to combi_cell_num_max=1000 per group. Total cells for disco test: 5464.
  Target 'ENSG00000196653|chr3:44712639-44712726' had 5 sgRNA group(s) downsampled to combi_cell_num_max=1000 per group. Total cells for disco test: 5474.
  Target 'ENSG00000165655|chr10:75401576-75401776' had 5 sgRNA group(s) downsampled to combi_cell_num_max=1000 per group. Total cells for disco test: 5556.
  Target 'ENSG00000081665|chr19:19821320-19821799' had 5 sgRNA group(s) downsampled to combi_cell_num_max=1000 per group. Total cells for disco test: 5202.
  Target 'ENSG00000168813|chr19:32345638-32345845' had 3 sgRNA group(s) downsampled to combi_cell_num_max=1000 per group. Total cells for disco test: 5132.
  Target 'ENSG00000081386|chr9:96777850-96778088' had 6 sgRNA group(s) downsampled to combi_cell_num_max=1000 per group. Total cells for disco test: 6000.
  Target 'ENSG00000198546|chr10:133308569-133309307' had 3 sgRNA group(s) downsampled to combi_cell_num_max=1000 per group. Total cells for disco test: 3269.
  Target 'ENSG00000243943|chr2:27583020-27583141' had 4 sgRNA group(s) downsampled to combi_cell_num_max=1000 per group. Total cells for disco test: 5037.
  Target 'ENSG00000196700|chr20:63969602-63969965' had 3 sgRNA group(s) downsampled to combi_cell_num_max=1000 per group. Total cells for disco test: 4502.
  Target 'ENSG00000163795|chr2:27380581-27380757' had 3 sgRNA group(s) downsampled to combi_cell_num_max=1000 per group. Total cells for disco test: 4484.
  Target 'ENSG00000144026|chr2:95159466-95159578' had 3 sgRNA group(s) downsampled to combi_cell_num_max=1000 per group. Total cells for disco test: 4126.
  Target 'ENSG00000144026|chr2:95165541-95165662' had 5 sgRNA group(s) downsampled to combi_cell_num_max=1000 per group. Total cells for disco test: 5097.
  Target 'ENSG00000101493|chr18:76494781-76495199' had 4 sgRNA group(s) downsampled to combi_cell_num_max=1000 per group. Total cells for disco test: 5787.
  Target 'ENSG00000197363|chr8:144798904-144799294' had 4 sgRNA group(s) downsampled to combi_cell_num_max=1000 per group. Total cells for disco test: 5859.
  Target 'ENSG00000177853|chr10:96129910-96130497' had 3 sgRNA group(s) downsampled to combi_cell_num_max=1000 per group. Total cells for disco test: 4912.
  Target 'ENSG00000178163|chr4:10457085-10457415' had 4 sgRNA group(s) downsampled to combi_cell_num_max=1000 per group. Total cells for disco test: 4729.
  Target 'ENSG00000175322|chr18:14132147-14132431' had 4 sgRNA group(s) downsampled to combi_cell_num_max=1000 per group. Total cells for disco test: 5500.
  Target 'ENSG00000198795|chr18:25351845-25352141' had 6 sgRNA group(s) downsampled to combi_cell_num_max=1000 per group. Total cells for disco test: 6000.
  Target 'ENSG00000171443|chr19:55600345-55600518' had 3 sgRNA group(s) downsampled to combi_cell_num_max=1000 per group. Total cells for disco test: 4735.
  Target 'ENSG00000167625|chr19:42220266-42220385' had 5 sgRNA group(s) downsampled to combi_cell_num_max=1000 per group. Total cells for disco test: 5475.
  Target 'ENSG00000189164|chr19:37371150-37371265' had 5 sgRNA group(s) downsampled to combi_cell_num_max=1000 per group. Total cells for disco test: 5090.
  Target 'ENSG00000167555|chr19:52397845-52398303' had 4 sgRNA group(s) downsampled to combi_cell_num_max=1000 per group. Total cells for disco test: 4538.
  Target 'ENSG00000186020|chr19:36573005-36573282' had 5 sgRNA group(s) downsampled to combi_cell_num_max=1000 per group. Total cells for disco test: 5823.
  Target 'ENSG00000183647|chr19:57599888-57599977' had 4 sgRNA group(s) downsampled to combi_cell_num_max=1000 per group. Total cells for disco test: 4974.
  Target 'ENSG00000074657|chr18:58863471-58863895' had 5 sgRNA group(s) downsampled to combi_cell_num_max=1000 per group. Total cells for disco test: 5184.
  Target 'ENSG00000074657|chr18:58864861-58865069' had 4 sgRNA group(s) downsampled to combi_cell_num_max=1000 per group. Total cells for disco test: 5357.
  Target 'ENSG00000198633|chr19:52429149-52429548' had 5 sgRNA group(s) downsampled to combi_cell_num_max=1000 per group. Total cells for disco test: 5871.
  Target 'ENSG00000198597|chr19:30372355-30372825' had 6 sgRNA group(s) downsampled to combi_cell_num_max=1000 per group. Total cells for disco test: 6000.
  Target 'ENSG00000171817|chr19:37551366-37551599' had 4 sgRNA group(s) downsampled to combi_cell_num_max=1000 per group. Total cells for disco test: 5033.
  Target 'ENSG00000171817|chr19:37594867-37594968' had 5 sgRNA group(s) downsampled to combi_cell_num_max=1000 per group. Total cells for disco test: 5408.
  Target 'ENSG00000118156|chr19:47540858-47540955' had 5 sgRNA group(s) downsampled to combi_cell_num_max=1000 per group. Total cells for disco test: 5454.
  Target 'ENSG00000178229|chr19:57320483-57320614' had 5 sgRNA group(s) downsampled to combi_cell_num_max=1000 per group. Total cells for disco test: 5689.
  Target 'ENSG00000198131|chr19:58228916-58229101' had 5 sgRNA group(s) downsampled to combi_cell_num_max=1000 per group. Total cells for disco test: 5842.
  Target 'ENSG00000187187|chr19:39997060-39997163' had 4 sgRNA group(s) downsampled to combi_cell_num_max=1000 per group. Total cells for disco test: 5822.
  Target 'ENSG00000152433|chr19:57363543-57363704' had 5 sgRNA group(s) downsampled to combi_cell_num_max=1000 per group. Total cells for disco test: 5857.
  Target 'ENSG00000188785|chr19:57389857-57390163' had 2 sgRNA group(s) downsampled to combi_cell_num_max=1000 per group. Total cells for disco test: 3945.
  Target 'ENSG00000121406|chr19:57527382-57527755' had 4 sgRNA group(s) downsampled to combi_cell_num_max=1000 per group. Total cells for disco test: 4953.
  Target 'ENSG00000251369|chr19:57559735-57559886' had 4 sgRNA group(s) downsampled to combi_cell_num_max=1000 per group. Total cells for disco test: 5197.
  Target 'ENSG00000204519|chr19:57681980-57682215' had 6 sgRNA group(s) downsampled to combi_cell_num_max=1000 per group. Total cells for disco test: 6000.
  Target 'ENSG00000178935|chr19:57814838-57814916' had 3 sgRNA group(s) downsampled to combi_cell_num_max=1000 per group. Total cells for disco test: 4306.
  Target 'ENSG00000172006|chr19:2819875-2820243' had 5 sgRNA group(s) downsampled to combi_cell_num_max=1000 per group. Total cells for disco test: 5171.
  Target 'ENSG00000186300|chr19:2841473-2841542' had 4 sgRNA group(s) downsampled to combi_cell_num_max=1000 per group. Total cells for disco test: 5001.
  Target 'ENSG00000172000|chr19:2867311-2867573' had 5 sgRNA group(s) downsampled to combi_cell_num_max=1000 per group. Total cells for disco test: 5567.
  Target 'ENSG00000130544|chr19:7069669-7069861' had 6 sgRNA group(s) downsampled to combi_cell_num_max=1000 per group. Total cells for disco test: 6000.
  Target 'ENSG00000167785|chr19:8832123-8832315' had 3 sgRNA group(s) downsampled to combi_cell_num_max=1000 per group. Total cells for disco test: 5087.
  Target 'ENSG00000188321|chr19:9324199-9324432' had 3 sgRNA group(s) downsampled to combi_cell_num_max=1000 per group. Total cells for disco test: 3865.
  Target 'ENSG00000270011|chr19:9324239-9324329' had 3 sgRNA group(s) downsampled to combi_cell_num_max=1000 per group. Total cells for disco test: 3000.
  Target 'ENSG00000198028|chr19:9498329-9498565' had 5 sgRNA group(s) downsampled to combi_cell_num_max=1000 per group. Total cells for disco test: 5168.
  Target 'ENSG00000171469|chr19:9621015-9621236' had 6 sgRNA group(s) downsampled to combi_cell_num_max=1000 per group. Total cells for disco test: 6000.
  Target 'ENSG00000171466|chr19:9674624-9675085' had 6 sgRNA group(s) downsampled to combi_cell_num_max=1000 per group. Total cells for disco test: 6000.
  Target 'ENSG00000188868|chr19:12333265-12333611' had 5 sgRNA group(s) downsampled to combi_cell_num_max=1000 per group. Total cells for disco test: 5459.
  Target 'ENSG00000249709|chr19:12551173-12551462' had 4 sgRNA group(s) downsampled to combi_cell_num_max=1000 per group. Total cells for disco test: 4285.
  Target 'ENSG00000196357|chr19:36214555-36214913' had 5 sgRNA group(s) downsampled to combi_cell_num_max=1000 per group. Total cells for disco test: 5407.
  Target 'ENSG00000186017|chr19:36489319-36489560' had 5 sgRNA group(s) downsampled to combi_cell_num_max=1000 per group. Total cells for disco test: 5296.
  Target 'ENSG00000189042|chr19:36687619-36687810' had 3 sgRNA group(s) downsampled to combi_cell_num_max=1000 per group. Total cells for disco test: 4377.
  Target 'ENSG00000198453|chr19:36916351-36916589' had 6 sgRNA group(s) downsampled to combi_cell_num_max=1000 per group. Total cells for disco test: 6000.
  Target 'ENSG00000196437|chr19:37466947-37467235' had 5 sgRNA group(s) downsampled to combi_cell_num_max=1000 per group. Total cells for disco test: 5718.
  Target 'ENSG00000171970|chr19:2900952-2901025' had 3 sgRNA group(s) downsampled to combi_cell_num_max=1000 per group. Total cells for disco test: 4154.
  Target 'ENSG00000171827|chr19:37467515-37467700' had 5 sgRNA group(s) downsampled to combi_cell_num_max=1000 per group. Total cells for disco test: 5299.
  Target 'ENSG00000171827|chr19:37469357-37469633' had 5 sgRNA group(s) downsampled to combi_cell_num_max=1000 per group. Total cells for disco test: 5323.
  Target 'ENSG00000180479|chr19:37594338-37594741' had 5 sgRNA group(s) downsampled to combi_cell_num_max=1000 per group. Total cells for disco test: 5182.
  Target 'ENSG00000180938|chr8:124973307-124973501' had 2 sgRNA group(s) downsampled to combi_cell_num_max=1000 per group. Total cells for disco test: 4235.
  Target 'ENSG00000189144|chr19:37779354-37779915' had 6 sgRNA group(s) downsampled to combi_cell_num_max=1000 per group. Total cells for disco test: 6000.
  Target 'ENSG00000105732|chr19:42076166-42076229' had 1 sgRNA group(s) downsampled to combi_cell_num_max=1000 per group. Total cells for disco test: 1584.
  Target 'ENSG00000105732|chr19:42079194-42079588' had 6 sgRNA group(s) downsampled to combi_cell_num_max=1000 per group. Total cells for disco test: 6000.
  Target 'ENSG00000176472|chr19:43533413-43533800' had 5 sgRNA group(s) downsampled to combi_cell_num_max=1000 per group. Total cells for disco test: 5609.
  Target 'ENSG00000124444|chr19:43596605-43596983' had 4 sgRNA group(s) downsampled to combi_cell_num_max=1000 per group. Total cells for disco test: 4948.
  Target 'ENSG00000161551|chr19:51887666-51887940' had 4 sgRNA group(s) downsampled to combi_cell_num_max=1000 per group. Total cells for disco test: 5513.
  Target 'ENSG00000258405|chr19:52453566-52453872' had 5 sgRNA group(s) downsampled to combi_cell_num_max=1000 per group. Total cells for disco test: 5303.
  Target 'ENSG00000218891|chr19:55580641-55580850' had 3 sgRNA group(s) downsampled to combi_cell_num_max=1000 per group. Total cells for disco test: 4179.
  Target 'ENSG00000213015|chr19:55635027-55635217' had 5 sgRNA group(s) downsampled to combi_cell_num_max=1000 per group. Total cells for disco test: 5999.
  Target 'ENSG00000213015|chr19:55641046-55641275' had 4 sgRNA group(s) downsampled to combi_cell_num_max=1000 per group. Total cells for disco test: 4794.
  Target 'ENSG00000171425|chr19:55643639-55643714' had 4 sgRNA group(s) downsampled to combi_cell_num_max=1000 per group. Total cells for disco test: 5288.
  Target 'ENSG00000018869|chr19:56393453-56393536' had 4 sgRNA group(s) downsampled to combi_cell_num_max=1000 per group. Total cells for disco test: 5246.
  Target 'ENSG00000198440|chr19:56404081-56404441' had 3 sgRNA group(s) downsampled to combi_cell_num_max=1000 per group. Total cells for disco test: 5161.
  Target 'ENSG00000171574|chr19:58408681-58408946' had 6 sgRNA group(s) downsampled to combi_cell_num_max=1000 per group. Total cells for disco test: 6000.
  Target 'ENSG00000196967|chr19:37172579-37172706' had 3 sgRNA group(s) downsampled to combi_cell_num_max=1000 per group. Total cells for disco test: 3865.
  Target 'ENSG00000245680|chr19:37210319-37210569' had 4 sgRNA group(s) downsampled to combi_cell_num_max=1000 per group. Total cells for disco test: 5285.
  Target 'ENSG00000083828|chr19:57769688-57769930' had 4 sgRNA group(s) downsampled to combi_cell_num_max=1000 per group. Total cells for disco test: 5091.
  Target 'ENSG00000198466|chr19:57849864-57850330' had 5 sgRNA group(s) downsampled to combi_cell_num_max=1000 per group. Total cells for disco test: 5606.
  Target 'ENSG00000269343|chr19:57830307-57830841' had 5 sgRNA group(s) downsampled to combi_cell_num_max=1000 per group. Total cells for disco test: 5625.
  Target 'ENSG00000164048|chr3:48241142-48241397' had 5 sgRNA group(s) downsampled to combi_cell_num_max=1000 per group. Total cells for disco test: 5392.
  Target 'ENSG00000166716|chr15:84748588-84748975' had 6 sgRNA group(s) downsampled to combi_cell_num_max=1000 per group. Total cells for disco test: 6000.
  Target 'ENSG00000142684|chr1:26169886-26170370' had 2 sgRNA group(s) downsampled to combi_cell_num_max=1000 per group. Total cells for disco test: 3889.
  Target 'ENSG00000180626|chr17:5191773-5191885' had 4 sgRNA group(s) downsampled to combi_cell_num_max=1000 per group. Total cells for disco test: 5019.
  Target 'ENSG00000172748|chr8:232385-232904' had 2 sgRNA group(s) downsampled to combi_cell_num_max=1000 per group. Total cells for disco test: 3994.
  Target 'ENSG00000167981|chr16:3443253-3443482' had 4 sgRNA group(s) downsampled to combi_cell_num_max=1000 per group. Total cells for disco test: 4972.
  Target 'ENSG00000167962|chr16:2009590-2009786' had 3 sgRNA group(s) downsampled to combi_cell_num_max=1000 per group. Total cells for disco test: 4044.
  Target 'ENSG00000153896|chr19:34773139-34773206' had 4 sgRNA group(s) downsampled to combi_cell_num_max=1000 per group. Total cells for disco test: 5185.
  Target 'ENSG00000189190|chr19:52786280-52786789' had 4 sgRNA group(s) downsampled to combi_cell_num_max=1000 per group. Total cells for disco test: 4473.
  Target 'ENSG00000196458|chr12:132956111-132956348' had 3 sgRNA group(s) downsampled to combi_cell_num_max=1000 per group. Total cells for disco test: 4784.
  Target 'ENSG00000166704|chr19:58002729-58002806' had 6 sgRNA group(s) downsampled to combi_cell_num_max=1000 per group. Total cells for disco test: 6000.
  Target 'ENSG00000198182|chr19:37719376-37719750' had 3 sgRNA group(s) downsampled to combi_cell_num_max=1000 per group. Total cells for disco test: 4729.
  Target 'ENSG00000168916|chr5:124746563-124746650' had 4 sgRNA group(s) downsampled to combi_cell_num_max=1000 per group. Total cells for disco test: 5582.
  Target 'ENSG00000168916|chr5:124748433-124748848' had 5 sgRNA group(s) downsampled to combi_cell_num_max=1000 per group. Total cells for disco test: 5827.
  Target 'ENSG00000180357|chr15:64499308-64499625' had 5 sgRNA group(s) downsampled to combi_cell_num_max=1000 per group. Total cells for disco test: 5179.
  Target 'ENSG00000167554|chr19:52336284-52336769' had 4 sgRNA group(s) downsampled to combi_cell_num_max=1000 per group. Total cells for disco test: 5120.
  Target 'ENSG00000213020|chr19:52734629-52735021' had 4 sgRNA group(s) downsampled to combi_cell_num_max=1000 per group. Total cells for disco test: 4917.
  Target 'ENSG00000176024|chr19:51927443-51927703' had 2 sgRNA group(s) downsampled to combi_cell_num_max=1000 per group. Total cells for disco test: 4245.
  Target 'ENSG00000142556|chr19:52028250-52028411' had 5 sgRNA group(s) downsampled to combi_cell_num_max=1000 per group. Total cells for disco test: 5758.
  Target 'ENSG00000197619|chr19:52008137-52008210' had 5 sgRNA group(s) downsampled to combi_cell_num_max=1000 per group. Total cells for disco test: 5065.
  Target 'ENSG00000204611|chr19:52139499-52139934' had 4 sgRNA group(s) downsampled to combi_cell_num_max=1000 per group. Total cells for disco test: 4848.
  Target 'ENSG00000157657|chr9:113876242-113876541' had 3 sgRNA group(s) downsampled to combi_cell_num_max=1000 per group. Total cells for disco test: 4698.
  Target 'ENSG00000177873|chr3:40477174-40477349' had 5 sgRNA group(s) downsampled to combi_cell_num_max=1000 per group. Total cells for disco test: 5063.
  Target 'ENSG00000177842|chr3:40506098-40506156' had 4 sgRNA group(s) downsampled to combi_cell_num_max=1000 per group. Total cells for disco test: 5244.
  Target 'ENSG00000172888|chr3:40524961-40525170' had 5 sgRNA group(s) downsampled to combi_cell_num_max=1000 per group. Total cells for disco test: 5285.
  Target 'ENSG00000183309|chr8:143636041-143636225' had 4 sgRNA group(s) downsampled to combi_cell_num_max=1000 per group. Total cells for disco test: 4793.
  Target 'ENSG00000197566|chr17:16653731-16653826' had 5 sgRNA group(s) downsampled to combi_cell_num_max=1000 per group. Total cells for disco test: 5247.
  Target 'ENSG00000257591|chr19:12156627-12156719' had 4 sgRNA group(s) downsampled to combi_cell_num_max=1000 per group. Total cells for disco test: 4792.
  Target 'ENSG00000188171|chr19:20661066-20661608' had 2 sgRNA group(s) downsampled to combi_cell_num_max=1000 per group. Total cells for disco test: 4964.
  Target 'ENSG00000198551|chr19:11597454-11597570' had 5 sgRNA group(s) downsampled to combi_cell_num_max=1000 per group. Total cells for disco test: 5405.
  Target 'ENSG00000197483|chr19:55476626-55476821' had 5 sgRNA group(s) downsampled to combi_cell_num_max=1000 per group. Total cells for disco test: 5457.
  Target 'ENSG00000102870|chr16:30786960-30787188' had 2 sgRNA group(s) downsampled to combi_cell_num_max=1000 per group. Total cells for disco test: 3932.
  Target 'ENSG00000221994|chrX:48071350-48071661' had 4 sgRNA group(s) downsampled to combi_cell_num_max=1000 per group. Total cells for disco test: 5030.
  Target 'ENSG00000121864|chr3:179322853-179323271' had 4 sgRNA group(s) downsampled to combi_cell_num_max=1000 per group. Total cells for disco test: 5879.
  Target 'ENSG00000167528|chr12:48350788-48350903' had 4 sgRNA group(s) downsampled to combi_cell_num_max=1000 per group. Total cells for disco test: 5292.
  Target 'ENSG00000122482|chr1:91021414-91022076' had 5 sgRNA group(s) downsampled to combi_cell_num_max=1000 per group. Total cells for disco test: 5352.
  Target 'ENSG00000175809|chrX:22272967-22273314' had 4 sgRNA group(s) downsampled to combi_cell_num_max=1000 per group. Total cells for disco test: 5111.
  Target 'ENSG00000167395|chr16:31074431-31074837' had 2 sgRNA group(s) downsampled to combi_cell_num_max=1000 per group. Total cells for disco test: 3542.
  Target 'ENSG00000179930|chr1:182061243-182061726' had 4 sgRNA group(s) downsampled to combi_cell_num_max=1000 per group. Total cells for disco test: 5174.
  Target 'ENSG00000198093|chr19:51904785-51905005' had 5 sgRNA group(s) downsampled to combi_cell_num_max=1000 per group. Total cells for disco test: 5954.
  Target 'ENSG00000198740|chr17:49361901-49362152' had 4 sgRNA group(s) downsampled to combi_cell_num_max=1000 per group. Total cells for disco test: 5788.
  Target 'ENSG00000161914|chr19:11505753-11505848' had 3 sgRNA group(s) downsampled to combi_cell_num_max=1000 per group. Total cells for disco test: 5230.
  Target 'ENSG00000175105|chr3:88139198-88139375' had 4 sgRNA group(s) downsampled to combi_cell_num_max=1000 per group. Total cells for disco test: 5013.
  Target 'ENSG00000197343|chr7:99558677-99558967' had 5 sgRNA group(s) downsampled to combi_cell_num_max=1000 per group. Total cells for disco test: 5361.
  Target 'ENSG00000144792|chr3:44584993-44585223' had 5 sgRNA group(s) downsampled to combi_cell_num_max=1000 per group. Total cells for disco test: 5116.
  Target 'ENSG00000182983|chr3:42906147-42906503' had 3 sgRNA group(s) downsampled to combi_cell_num_max=1000 per group. Total cells for disco test: 4381.
  Target 'ENSG00000179195|chr12:123973207-123973518' had 5 sgRNA group(s) downsampled to combi_cell_num_max=1000 per group. Total cells for disco test: 5781.
  Target 'ENSG00000197497|chr19:53193238-53193355' had 4 sgRNA group(s) downsampled to combi_cell_num_max=1000 per group. Total cells for disco test: 4931.
  Target 'ENSG00000198046|chr19:56477265-56477326' had 2 sgRNA group(s) downsampled to combi_cell_num_max=1000 per group. Total cells for disco test: 4326.
  Target 'ENSG00000167394|chr16:31061487-31061784' had 2 sgRNA group(s) downsampled to combi_cell_num_max=1000 per group. Total cells for disco test: 4904.
  Target 'ENSG00000188295|chr1:247104086-247104368' had 5 sgRNA group(s) downsampled to combi_cell_num_max=1000 per group. Total cells for disco test: 5349.
  Target 'ENSG00000277462|chr1:247078347-247078806' had 4 sgRNA group(s) downsampled to combi_cell_num_max=1000 per group. Total cells for disco test: 4723.
  Target 'ENSG00000083814|chr19:57727407-57727591' had 5 sgRNA group(s) downsampled to combi_cell_num_max=1000 per group. Total cells for disco test: 5324.
  Target 'ENSG00000171161|chr1:248838231-248838565' had 5 sgRNA group(s) downsampled to combi_cell_num_max=1000 per group. Total cells for disco test: 5549.
  Target 'ENSG00000251192|chrX:46545361-46545455' had 4 sgRNA group(s) downsampled to combi_cell_num_max=1000 per group. Total cells for disco test: 5268.
  Target 'ENSG00000197372|chr19:23686689-23687152' had 5 sgRNA group(s) downsampled to combi_cell_num_max=1000 per group. Total cells for disco test: 5993.
  Target 'ENSG00000196109|chr19:22196649-22196949' had 4 sgRNA group(s) downsampled to combi_cell_num_max=1000 per group. Total cells for disco test: 4910.
  Target 'ENSG00000197928|chr19:53254674-53254882' had 4 sgRNA group(s) downsampled to combi_cell_num_max=1000 per group. Total cells for disco test: 5123.
  Target 'ENSG00000181450|chr1:227563558-227563916' had 4 sgRNA group(s) downsampled to combi_cell_num_max=1000 per group. Total cells for disco test: 5273.
  Target 'ENSG00000197123|chr7:64248982-64249326' had 3 sgRNA group(s) downsampled to combi_cell_num_max=1000 per group. Total cells for disco test: 4093.
  Target 'ENSG00000173041|chr7:64562638-64563076' had 4 sgRNA group(s) downsampled to combi_cell_num_max=1000 per group. Total cells for disco test: 5480.
  Target 'ENSG00000196172|chr19:23758567-23758886' had 4 sgRNA group(s) downsampled to combi_cell_num_max=1000 per group. Total cells for disco test: 4770.
  Target 'ENSG00000197124|chr19:20039118-20039496' had 5 sgRNA group(s) downsampled to combi_cell_num_max=1000 per group. Total cells for disco test: 5122.
  Target 'ENSG00000176083|chr1:26370343-26370769' had 4 sgRNA group(s) downsampled to combi_cell_num_max=1000 per group. Total cells for disco test: 5366.
  Target 'ENSG00000117010|chr1:40531633-40531742' had 4 sgRNA group(s) downsampled to combi_cell_num_max=1000 per group. Total cells for disco test: 5765.
  Target 'ENSG00000143373|chr1:151282244-151282684' had 5 sgRNA group(s) downsampled to combi_cell_num_max=1000 per group. Total cells for disco test: 5379.
  Target 'ENSG00000229809|chr16:30571633-30571755' had 5 sgRNA group(s) downsampled to combi_cell_num_max=1000 per group. Total cells for disco test: 5274.
  Target 'ENSG00000156853|chr16:30610117-30610394' had 5 sgRNA group(s) downsampled to combi_cell_num_max=1000 per group. Total cells for disco test: 5622.
  Target 'ENSG00000198429|chr19:11887782-11888052' had 5 sgRNA group(s) downsampled to combi_cell_num_max=1000 per group. Total cells for disco test: 5364.
  Target 'ENSG00000164011|chr1:42846603-42846685' had 5 sgRNA group(s) downsampled to combi_cell_num_max=1000 per group. Total cells for disco test: 5467.
  Target 'ENSG00000171163|chr1:248858768-248859075' had 4 sgRNA group(s) downsampled to combi_cell_num_max=1000 per group. Total cells for disco test: 5258.
  Target 'ENSG00000197472|chr1:247007598-247008074' had 5 sgRNA group(s) downsampled to combi_cell_num_max=1000 per group. Total cells for disco test: 5524.
  Target 'ENSG00000185730|chr8:143291402-143291647' had 4 sgRNA group(s) downsampled to combi_cell_num_max=1000 per group. Total cells for disco test: 4502.
  Target 'ENSG00000143067|chr1:119647908-119648279' had 6 sgRNA group(s) downsampled to combi_cell_num_max=1000 per group. Total cells for disco test: 6000.
  Target 'ENSG00000196110|chr19:9304950-9305137' had 4 sgRNA group(s) downsampled to combi_cell_num_max=1000 per group. Total cells for disco test: 4834.
  Target 'ENSG00000196110|chr19:9309449-9309741' had 4 sgRNA group(s) downsampled to combi_cell_num_max=1000 per group. Total cells for disco test: 5492.
  Target 'ENSG00000147789|chr8:144827546-144827664' had 4 sgRNA group(s) downsampled to combi_cell_num_max=1000 per group. Total cells for disco test: 4444.
  Target 'ENSG00000187792|chr22:23750907-23751099' had 5 sgRNA group(s) downsampled to combi_cell_num_max=1000 per group. Total cells for disco test: 5495.
  Target 'ENSG00000167562|chr19:52570273-52570715' had 5 sgRNA group(s) downsampled to combi_cell_num_max=1000 per group. Total cells for disco test: 5276.
  Target 'ENSG00000183779|chr8:37695762-37696290' had 3 sgRNA group(s) downsampled to combi_cell_num_max=1000 per group. Total cells for disco test: 4576.
  Target 'ENSG00000164684|chr8:80873496-80874508' had 4 sgRNA group(s) downsampled to combi_cell_num_max=1000 per group. Total cells for disco test: 4768.
  Target 'ENSG00000196946|chr12:8156626-8156917' had 4 sgRNA group(s) downsampled to combi_cell_num_max=1000 per group. Total cells for disco test: 5855.
  Target 'ENSG00000120963|chr8:101205100-101205456' had 4 sgRNA group(s) downsampled to combi_cell_num_max=1000 per group. Total cells for disco test: 5334.
  Target 'ENSG00000181135|chr8:143684490-143684665' had 5 sgRNA group(s) downsampled to combi_cell_num_max=1000 per group. Total cells for disco test: 5400.
  Target 'ENSG00000182141|chr19:21328872-21329414' had 4 sgRNA group(s) downsampled to combi_cell_num_max=1000 per group. Total cells for disco test: 5356.
  Target 'ENSG00000197951|chr19:56595272-56595431' had 3 sgRNA group(s) downsampled to combi_cell_num_max=1000 per group. Total cells for disco test: 4398.
  Target 'ENSG00000140548|chr15:90001322-90001761' had 5 sgRNA group(s) downsampled to combi_cell_num_max=1000 per group. Total cells for disco test: 5188.
  Target 'ENSG00000147180|chrX:85244029-85244219' had 6 sgRNA group(s) downsampled to combi_cell_num_max=1000 per group. Total cells for disco test: 6000.
  Target 'ENSG00000178665|chr7:55887473-55887555' had 4 sgRNA group(s) downsampled to combi_cell_num_max=1000 per group. Total cells for disco test: 5088.
  Target 'ENSG00000160352|chr19:21082248-21082674' had 5 sgRNA group(s) downsampled to combi_cell_num_max=1000 per group. Total cells for disco test: 5694.
  Target 'ENSG00000182111|chr7:57450152-57450671' had 5 sgRNA group(s) downsampled to combi_cell_num_max=1000 per group. Total cells for disco test: 5502.
  Target 'ENSG00000227124|chr3:75785103-75785548' had 2 sgRNA group(s) downsampled to combi_cell_num_max=1000 per group. Total cells for disco test: 3372.
  Target 'ENSG00000250312|chr4:124521-124759' had 5 sgRNA group(s) downsampled to combi_cell_num_max=1000 per group. Total cells for disco test: 5093.
  Target 'ENSG00000197302|chr16:31713278-31713575' had 5 sgRNA group(s) downsampled to combi_cell_num_max=1000 per group. Total cells for disco test: 5459.
  Target 'ENSG00000182903|chr4:473918-474198' had 5 sgRNA group(s) downsampled to combi_cell_num_max=1000 per group. Total cells for disco test: 5421.
  Target 'ENSG00000182903|chr4:499060-499143' had 3 sgRNA group(s) downsampled to combi_cell_num_max=1000 per group. Total cells for disco test: 4249.
  Target 'ENSG00000213967|chr19:23914882-23915302' had 4 sgRNA group(s) downsampled to combi_cell_num_max=1000 per group. Total cells for disco test: 5131.
  Target 'ENSG00000214652|chr7:64045494-64045742' had 6 sgRNA group(s) downsampled to combi_cell_num_max=1000 per group. Total cells for disco test: 6000.
  Target 'ENSG00000196350|chr19:22286430-22286687' had 4 sgRNA group(s) downsampled to combi_cell_num_max=1000 per group. Total cells for disco test: 4962.
  Target 'ENSG00000183850|chr19:23117045-23117481' had 4 sgRNA group(s) downsampled to combi_cell_num_max=1000 per group. Total cells for disco test: 5771.
  Target 'ENSG00000186777|chr4:305400-305466' had 4 sgRNA group(s) downsampled to combi_cell_num_max=1000 per group. Total cells for disco test: 4456.
  Target 'ENSG00000223614|chr7:64207366-64207645' had 3 sgRNA group(s) downsampled to combi_cell_num_max=1000 per group. Total cells for disco test: 3566.
  Target 'ENSG00000234444|chr7:64307448-64307870' had 5 sgRNA group(s) downsampled to combi_cell_num_max=1000 per group. Total cells for disco test: 5951.
  Target 'ENSG00000234444|chr7:64314004-64314140' had 4 sgRNA group(s) downsampled to combi_cell_num_max=1000 per group. Total cells for disco test: 4851.
  Target 'ENSG00000237440|chr19:20565326-20565672' had 2 sgRNA group(s) downsampled to combi_cell_num_max=1000 per group. Total cells for disco test: 4023.
  Target 'ENSG00000185252|chr22:20394177-20394269' had 5 sgRNA group(s) downsampled to combi_cell_num_max=1000 per group. Total cells for disco test: 5125.
  Target 'ENSG00000139651|chr12:53180727-53181195' had 6 sgRNA group(s) downsampled to combi_cell_num_max=1000 per group. Total cells for disco test: 6000.
  Target 'ENSG00000181220|chr7:149497652-149497840' had 5 sgRNA group(s) downsampled to combi_cell_num_max=1000 per group. Total cells for disco test: 5569.
  Target 'ENSG00000186230|chr19:57435341-57435564' had 4 sgRNA group(s) downsampled to combi_cell_num_max=1000 per group. Total cells for disco test: 5455.
  Target 'ENSG00000141579|chr17:82839794-82839974' had 3 sgRNA group(s) downsampled to combi_cell_num_max=1000 per group. Total cells for disco test: 4965.
  Target 'ENSG00000162086|chr16:3305500-3305683' had 3 sgRNA group(s) downsampled to combi_cell_num_max=1000 per group. Total cells for disco test: 4813.
  Target 'ENSG00000186376|chrX:135343627-135344068' had 4 sgRNA group(s) downsampled to combi_cell_num_max=1000 per group. Total cells for disco test: 5388.
  Target 'ENSG00000065029|chr6:35259746-35260057' had 2 sgRNA group(s) downsampled to combi_cell_num_max=1000 per group. Total cells for disco test: 4516.
  Target 'ENSG00000160336|chr19:53432042-53432477' had 4 sgRNA group(s) downsampled to combi_cell_num_max=1000 per group. Total cells for disco test: 5715.
  Target 'ENSG00000169951|chr16:30558285-30558367' had 1 sgRNA group(s) downsampled to combi_cell_num_max=1000 per group. Total cells for disco test: 4545.
  Target 'ENSG00000196417|chr19:53365701-53365970' had 4 sgRNA group(s) downsampled to combi_cell_num_max=1000 per group. Total cells for disco test: 4580.
  Target 'ENSG00000196417|chr19:53395172-53395545' had 4 sgRNA group(s) downsampled to combi_cell_num_max=1000 per group. Total cells for disco test: 4776.
  Target 'ENSG00000196214|chr19:52269583-52269837' had 5 sgRNA group(s) downsampled to combi_cell_num_max=1000 per group. Total cells for disco test: 5654.
  Target 'ENSG00000169957|chr16:30526290-30526578' had 4 sgRNA group(s) downsampled to combi_cell_num_max=1000 per group. Total cells for disco test: 4434.
  Target 'ENSG00000175691|chr19:2944873-2944958' had 5 sgRNA group(s) downsampled to combi_cell_num_max=1000 per group. Total cells for disco test: 5229.
  Target 'ENSG00000198146|chr15:34988094-34988286' had 3 sgRNA group(s) downsampled to combi_cell_num_max=1000 per group. Total cells for disco test: 4653.
  Target 'ENSG00000179965|chr16:30407629-30407741' had 4 sgRNA group(s) downsampled to combi_cell_num_max=1000 per group. Total cells for disco test: 5047.
  Target 'ENSG00000197128|chr19:57477306-57477564' had 6 sgRNA group(s) downsampled to combi_cell_num_max=1000 per group. Total cells for disco test: 6000.
  Target 'ENSG00000152439|chr19:57499907-57500081' had 5 sgRNA group(s) downsampled to combi_cell_num_max=1000 per group. Total cells for disco test: 5189.
  Target 'ENSG00000196391|chr15:90352297-90352541' had 4 sgRNA group(s) downsampled to combi_cell_num_max=1000 per group. Total cells for disco test: 5180.
  Target 'ENSG00000196456|chr7:150379335-150379593' had 4 sgRNA group(s) downsampled to combi_cell_num_max=1000 per group. Total cells for disco test: 4935.
  Target 'ENSG00000152443|chr19:57746810-57747071' had 2 sgRNA group(s) downsampled to combi_cell_num_max=1000 per group. Total cells for disco test: 5214.
  Target 'ENSG00000196453|chr7:149460580-149460913' had 2 sgRNA group(s) downsampled to combi_cell_num_max=1000 per group. Total cells for disco test: 3894.
  Target 'ENSG00000170100|chr16:89217699-89217799' had 5 sgRNA group(s) downsampled to combi_cell_num_max=1000 per group. Total cells for disco test: 5371.
  Target 'ENSG00000197782|chr19:40090652-40090937' had 4 sgRNA group(s) downsampled to combi_cell_num_max=1000 per group. Total cells for disco test: 4562.
  Target 'ENSG00000128000|chr19:40055862-40056189' had 1 sgRNA group(s) downsampled to combi_cell_num_max=1000 per group. Total cells for disco test: 3506.
  Target 'ENSG00000290988|chr19:37692075-37692259' had 4 sgRNA group(s) downsampled to combi_cell_num_max=1000 per group. Total cells for disco test: 5710.
  Target 'ENSG00000196597|chr9:96854289-96854513' had 4 sgRNA group(s) downsampled to combi_cell_num_max=1000 per group. Total cells for disco test: 4814.
  Target 'ENSG00000204946|chr7:149262215-149262374' had 5 sgRNA group(s) downsampled to combi_cell_num_max=1000 per group. Total cells for disco test: 5084.
  Target 'ENSG00000179922|chr19:55624470-55624550' had 4 sgRNA group(s) downsampled to combi_cell_num_max=1000 per group. Total cells for disco test: 5470.
  Target 'ENSG00000197162|chr16:30585535-30585715' had 3 sgRNA group(s) downsampled to combi_cell_num_max=1000 per group. Total cells for disco test: 4727.
  Target 'ENSG00000197362|chr7:149090514-149090726' had 2 sgRNA group(s) downsampled to combi_cell_num_max=1000 per group. Total cells for disco test: 4021.
  Target 'ENSG00000142409|chr19:56120825-56121263' had 6 sgRNA group(s) downsampled to combi_cell_num_max=1000 per group. Total cells for disco test: 6000.
  Target 'ENSG00000198556|chr7:99472891-99472977' had 3 sgRNA group(s) downsampled to combi_cell_num_max=1000 per group. Total cells for disco test: 4854.
  Target 'ENSG00000196152|chr9:127424413-127424559' had 4 sgRNA group(s) downsampled to combi_cell_num_max=1000 per group. Total cells for disco test: 5225.
  Target 'ENSG00000197863|chr19:36838291-36838371' had 4 sgRNA group(s) downsampled to combi_cell_num_max=1000 per group. Total cells for disco test: 5493.
  Target 'ENSG00000197863|chr19:36850076-36850282' had 6 sgRNA group(s) downsampled to combi_cell_num_max=1000 per group. Total cells for disco test: 6000.
  Target 'ENSG00000173875|chr19:12610928-12611166' had 5 sgRNA group(s) downsampled to combi_cell_num_max=1000 per group. Total cells for disco test: 5251.
  Target 'ENSG00000180884|chr19:34963965-34964244' had 3 sgRNA group(s) downsampled to combi_cell_num_max=1000 per group. Total cells for disco test: 4672.
  Target 'ENSG00000188227|chr19:37506929-37507216' had 6 sgRNA group(s) downsampled to combi_cell_num_max=1000 per group. Total cells for disco test: 6000.
  Target 'ENSG00000196466|chr19:12400949-12401251' had 6 sgRNA group(s) downsampled to combi_cell_num_max=1000 per group. Total cells for disco test: 6000.
  Target 'ENSG00000278129|chr19:58278982-58279050' had 5 sgRNA group(s) downsampled to combi_cell_num_max=1000 per group. Total cells for disco test: 5463.
  Target 'ENSG00000174255|chr3:114237081-114237364' had 5 sgRNA group(s) downsampled to combi_cell_num_max=1000 per group. Total cells for disco test: 5274.
  Target 'ENSG00000048405|chr7:127392621-127392694' had 5 sgRNA group(s) downsampled to combi_cell_num_max=1000 per group. Total cells for disco test: 5512.
  Target 'ENSG00000170396|chr2:184598425-184598817' had 3 sgRNA group(s) downsampled to combi_cell_num_max=1000 per group. Total cells for disco test: 4765.
  Target 'ENSG00000182348|chr7:88759453-88759920' had 5 sgRNA group(s) downsampled to combi_cell_num_max=1000 per group. Total cells for disco test: 5335.
  Target 'ENSG00000204524|chr19:57240688-57240817' had 1 sgRNA group(s) downsampled to combi_cell_num_max=1000 per group. Total cells for disco test: 4033.
  Target 'ENSG00000198482|chr19:52535991-52536409' had 5 sgRNA group(s) downsampled to combi_cell_num_max=1000 per group. Total cells for disco test: 5987.
  Target 'ENSG00000197779|chrX:47836882-47836954' had 3 sgRNA group(s) downsampled to combi_cell_num_max=1000 per group. Total cells for disco test: 4600.
  Target 'ENSG00000198346|chr19:53468079-53468148' had 3 sgRNA group(s) downsampled to combi_cell_num_max=1000 per group. Total cells for disco test: 4072.
  Target 'ENSG00000204514|chr19:57888774-57888976' had 5 sgRNA group(s) downsampled to combi_cell_num_max=1000 per group. Total cells for disco test: 5729.
  Target 'ENSG00000180257|chr19:52942344-52942598' had 3 sgRNA group(s) downsampled to combi_cell_num_max=1000 per group. Total cells for disco test: 3610.
  Target 'ENSG00000180257|chr19:52962453-52962859' had 3 sgRNA group(s) downsampled to combi_cell_num_max=1000 per group. Total cells for disco test: 4630.
  Target 'ENSG00000102984|chr16:71884056-71884630' had 4 sgRNA group(s) downsampled to combi_cell_num_max=1000 per group. Total cells for disco test: 5270.
  Target 'ENSG00000197933|chr19:11738654-11738942' had 4 sgRNA group(s) downsampled to combi_cell_num_max=1000 per group. Total cells for disco test: 5410.
  Target 'ENSG00000151612|chr4:145938449-145938841' had 4 sgRNA group(s) downsampled to combi_cell_num_max=1000 per group. Total cells for disco test: 5059.
  Target 'ENSG00000185869|chr19:36915869-36916157' had 5 sgRNA group(s) downsampled to combi_cell_num_max=1000 per group. Total cells for disco test: 5681.
  Target 'ENSG00000167766|chr19:52617762-52618060' had 4 sgRNA group(s) downsampled to combi_cell_num_max=1000 per group. Total cells for disco test: 4808.
  Target 'ENSG00000167766|chr19:52636984-52637203' had 5 sgRNA group(s) downsampled to combi_cell_num_max=1000 per group. Total cells for disco test: 5273.
  Target 'ENSG00000167766|chr19:52637955-52638354' had 4 sgRNA group(s) downsampled to combi_cell_num_max=1000 per group. Total cells for disco test: 5285.
  Target 'ENSG00000198783|chr17:34961581-34961951' had 3 sgRNA group(s) downsampled to combi_cell_num_max=1000 per group. Total cells for disco test: 3284.
  Target 'ENSG00000124203|chr20:59191056-59191404' had 3 sgRNA group(s) downsampled to combi_cell_num_max=1000 per group. Total cells for disco test: 4378.
  Target 'ENSG00000127903|chr19:56671672-56671780' had 3 sgRNA group(s) downsampled to combi_cell_num_max=1000 per group. Total cells for disco test: 4853.
  Target 'ENSG00000196267|chr19:52171255-52171661' had 5 sgRNA group(s) downsampled to combi_cell_num_max=1000 per group. Total cells for disco test: 5325.
  Target 'ENSG00000152475|chr19:58380782-58381055' had 4 sgRNA group(s) downsampled to combi_cell_num_max=1000 per group. Total cells for disco test: 5081.
  Target 'ENSG00000022976|chr14:102319739-102319958' had 4 sgRNA group(s) downsampled to combi_cell_num_max=1000 per group. Total cells for disco test: 4868.
  Target 'ENSG00000198040|chr12:133037459-133037943' had 4 sgRNA group(s) downsampled to combi_cell_num_max=1000 per group. Total cells for disco test: 4651.
  Target 'ENSG00000197608|chr19:52095342-52095775' had 5 sgRNA group(s) downsampled to combi_cell_num_max=1000 per group. Total cells for disco test: 5561.
  Target 'ENSG00000176723|chr16:31442713-31442788' had 4 sgRNA group(s) downsampled to combi_cell_num_max=1000 per group. Total cells for disco test: 5646.
  Target 'ENSG00000223547|chr19:12064732-12064825' had 3 sgRNA group(s) downsampled to combi_cell_num_max=1000 per group. Total cells for disco test: 4538.
  Target 'ENSG00000213799|chr19:53333772-53334183' had 6 sgRNA group(s) downsampled to combi_cell_num_max=1000 per group. Total cells for disco test: 6000.
  Target 'ENSG00000196605|chr19:9768525-9768627' had 3 sgRNA group(s) downsampled to combi_cell_num_max=1000 per group. Total cells for disco test: 4963.
  Target 'ENSG00000105750|chr19:20923274-20923584' had 2 sgRNA group(s) downsampled to combi_cell_num_max=1000 per group. Total cells for disco test: 4696.
  Target 'ENSG00000267041|chr19:36772561-36772801' had 5 sgRNA group(s) downsampled to combi_cell_num_max=1000 per group. Total cells for disco test: 5663.
  Target 'ENSG00000178917|chr3:44510386-44510648' had 3 sgRNA group(s) downsampled to combi_cell_num_max=1000 per group. Total cells for disco test: 5601.
  Target 'ENSG00000236609|chr7:6616139-6616214' had 4 sgRNA group(s) downsampled to combi_cell_num_max=1000 per group. Total cells for disco test: 4873.
  Target 'ENSG00000236609|chr7:6621436-6621978' had 3 sgRNA group(s) downsampled to combi_cell_num_max=1000 per group. Total cells for disco test: 4180.
  Target 'ENSG00000197385|chr3:31981477-31981824' had 6 sgRNA group(s) downsampled to combi_cell_num_max=1000 per group. Total cells for disco test: 6000.
  Target 'ENSG00000106479|chr7:149838423-149838637' had 4 sgRNA group(s) downsampled to combi_cell_num_max=1000 per group. Total cells for disco test: 5005.
  Target 'ENSG00000261221|chr19:55613576-55613726' had 6 sgRNA group(s) downsampled to combi_cell_num_max=1000 per group. Total cells for disco test: 6000.
  Target 'ENSG00000257446|chr19:12052874-12052973' had 4 sgRNA group(s) downsampled to combi_cell_num_max=1000 per group. Total cells for disco test: 5495.
  Target 'ENSG00000234284|chr5:179023847-179024198' had 5 sgRNA group(s) downsampled to combi_cell_num_max=1000 per group. Total cells for disco test: 5648.
  Target 'ENSG00000221923|chr19:52369942-52370264' had 4 sgRNA group(s) downsampled to combi_cell_num_max=1000 per group. Total cells for disco test: 5152.
  Target 'ENSG00000228623|chr9:113011973-113012220' had 4 sgRNA group(s) downsampled to combi_cell_num_max=1000 per group. Total cells for disco test: 4722.
  Target 'ENSG00000213793|chr19:52917444-52917684' had 5 sgRNA group(s) downsampled to combi_cell_num_max=1000 per group. Total cells for disco test: 5530.
  Target 'ENSG00000213793|chr19:52923049-52923467' had 5 sgRNA group(s) downsampled to combi_cell_num_max=1000 per group. Total cells for disco test: 5527.
  Target 'ENSG00000214029|chr12:133130060-133130283' had 3 sgRNA group(s) downsampled to combi_cell_num_max=1000 per group. Total cells for disco test: 4805.
  Target 'ENSG00000213988|chr19:20077972-20078429' had 6 sgRNA group(s) downsampled to combi_cell_num_max=1000 per group. Total cells for disco test: 6000.
  Target 'ENSG00000167232|chr19:23394981-23395465' had 3 sgRNA group(s) downsampled to combi_cell_num_max=1000 per group. Total cells for disco test: 4151.
  Target 'ENSG00000146757|chr7:65373872-65374109' had 5 sgRNA group(s) downsampled to combi_cell_num_max=1000 per group. Total cells for disco test: 5878.
  Target 'ENSG00000184635|chr19:19900914-19901245' had 6 sgRNA group(s) downsampled to combi_cell_num_max=1000 per group. Total cells for disco test: 6000.
  Target 'ENSG00000197360|chr19:22422062-22422323' had 5 sgRNA group(s) downsampled to combi_cell_num_max=1000 per group. Total cells for disco test: 5542.
  Target 'ENSG00000213973|chr19:22783798-22784120' had 6 sgRNA group(s) downsampled to combi_cell_num_max=1000 per group. Total cells for disco test: 6000.
  Target 'ENSG00000124201|chr20:49277973-49278255' had 6 sgRNA group(s) downsampled to combi_cell_num_max=1000 per group. Total cells for disco test: 6000.
  Target 'ENSG00000152467|chr19:58034095-58034377' had 5 sgRNA group(s) downsampled to combi_cell_num_max=1000 per group. Total cells for disco test: 5236.
  Target 'ENSG00000130182|chr16:3099047-3099236' had 5 sgRNA group(s) downsampled to combi_cell_num_max=1000 per group. Total cells for disco test: 5229.
  Target 'ENSG00000158691|chr6:28399674-28399739' had 6 sgRNA group(s) downsampled to combi_cell_num_max=1000 per group. Total cells for disco test: 6000.
  Target 'ENSG00000196812|chr6:28124619-28124850' had 3 sgRNA group(s) downsampled to combi_cell_num_max=1000 per group. Total cells for disco test: 4349.
  Target 'ENSG00000121413|chr19:58098124-58098236' had 3 sgRNA group(s) downsampled to combi_cell_num_max=1000 per group. Total cells for disco test: 4577.
  Target 'ENSG00000121413|chr19:58118357-58118404' had 4 sgRNA group(s) downsampled to combi_cell_num_max=1000 per group. Total cells for disco test: 5022.
  Target 'ENSG00000176371|chr15:84601017-84601301' had 5 sgRNA group(s) downsampled to combi_cell_num_max=1000 per group. Total cells for disco test: 5607.
  Target 'ENSG00000121903|chr1:33472651-33472855' had 3 sgRNA group(s) downsampled to combi_cell_num_max=1000 per group. Total cells for disco test: 4983.
  Target 'ENSG00000166529|chr7:100049783-100049839' had 6 sgRNA group(s) downsampled to combi_cell_num_max=1000 per group. Total cells for disco test: 6000.
  Target 'ENSG00000182318|chr19:58327028-58327250' had 3 sgRNA group(s) downsampled to combi_cell_num_max=1000 per group. Total cells for disco test: 4810.
  Target 'ENSG00000187987|chr6:28443243-28443443' had 6 sgRNA group(s) downsampled to combi_cell_num_max=1000 per group. Total cells for disco test: 6000.
  Target 'ENSG00000197037|chr7:99616956-99617045' had 4 sgRNA group(s) downsampled to combi_cell_num_max=1000 per group. Total cells for disco test: 4719.
  Target 'ENSG00000197062|chr6:28267048-28267351' had 5 sgRNA group(s) downsampled to combi_cell_num_max=1000 per group. Total cells for disco test: 5344.
  Target 'ENSG00000140265|chr15:43368720-43369016' had 4 sgRNA group(s) downsampled to combi_cell_num_max=1000 per group. Total cells for disco test: 5658.
  Target 'ENSG00000186814|chr18:35290160-35290216' had 2 sgRNA group(s) downsampled to combi_cell_num_max=1000 per group. Total cells for disco test: 4189.
  Target 'ENSG00000235109|chr6:28335932-28336114' had 4 sgRNA group(s) downsampled to combi_cell_num_max=1000 per group. Total cells for disco test: 5539.
  Target 'ENSG00000235109|chr6:28354038-28354173' had 3 sgRNA group(s) downsampled to combi_cell_num_max=1000 per group. Total cells for disco test: 4885.
  Target 'ENSG00000140987|chr16:3400663-3401000' had 3 sgRNA group(s) downsampled to combi_cell_num_max=1000 per group. Total cells for disco test: 4253.
  Target 'ENSG00000131848|chr19:56227807-56228240' had 3 sgRNA group(s) downsampled to combi_cell_num_max=1000 per group. Total cells for disco test: 4521.
  Target 'ENSG00000131848|chr19:56368051-56368370' had 5 sgRNA group(s) downsampled to combi_cell_num_max=1000 per group. Total cells for disco test: 5769.
  Target 'ENSG00000197213|chr19:56192556-56193059' had 5 sgRNA group(s) downsampled to combi_cell_num_max=1000 per group. Total cells for disco test: 5749.
  Target 'ENSG00000197213|chr19:56197524-56197908' had 4 sgRNA group(s) downsampled to combi_cell_num_max=1000 per group. Total cells for disco test: 5081.
  Target 'ENSG00000137185|chr6:28225252-28225537' had 4 sgRNA group(s) downsampled to combi_cell_num_max=1000 per group. Total cells for disco test: 4945.
  Target 'ENSG00000153975|chr6:116668524-116668765' had 6 sgRNA group(s) downsampled to combi_cell_num_max=1000 per group. Total cells for disco test: 6000.
  Target 'ENSG00000198205|chrX:57909415-57909817' had 3 sgRNA group(s) downsampled to combi_cell_num_max=1000 per group. Total cells for disco test: 4925.
  Target 'ENSG00000198455|chrX:57592664-57593066' had 2 sgRNA group(s) downsampled to combi_cell_num_max=1000 per group. Total cells for disco test: 3910.
  Target 'ENSG00000070476|chr3:126475546-126475943' had 5 sgRNA group(s) downsampled to combi_cell_num_max=1000 per group. Total cells for disco test: 5521.
  Target 'ENSG00000036549|chr1:77682531-77683403' had 4 sgRNA group(s) downsampled to combi_cell_num_max=1000 per group. Total cells for disco test: 5345.

Finished processing all targets.
Aggregating results and saving to CSV...
Successfully saved outlier p-values to '/cellar/users/aklie/projects/tf_perturb_seq/datasets/Huangfu_HUES8-embryonic-stemcell-differentiation_TF-Perturb-seq/results/energy_distance/sceptre_v1/targeting_outlier_table.csv'
Num of non-targeting gRNAs: 600
Downsampled 539 non-targeting sgRNA group(s) to 1000 cells before pairwise_torch.
k-means analysis of non-targeting
[0 1 2] [ 49 549   2]
largest group:  1
largest group ratio:  0.915
[step2] energy distance vs non-targeting
--- Configuration Loaded ---
{
    "output_file_name_list": {
        "OUTPUT_FOLDER": "/cellar/users/aklie/projects/tf_perturb_seq/datasets/Huangfu_HUES8-embryonic-stemcell-differentiation_TF-Perturb-seq/results/energy_distance/sceptre_v1",
        "targeting_outlier_table": "targeting_outlier_table.csv",
        "non_targeting_outlier_table": "non_targeting_outlier_table.csv",
        "edist_pvalue_table": "pval_edist_full.csv",
        "edist_target_by_target_matrix": "target_by_target_matrix.csv",
        "edist_embedding_info": "edist_embedding_info.csv",
        "pca_table": "pca_dataframe.pickle",
        "gRNA_dict": "gRNA_dict.pickle",
        "discordance_gRNA_table": "discordance_gRNA.csv",
        "OVERWRITE_PCA_DICT": false
    },
    "input_data": {
        "annotation_file": {
            "file_path": "/cellar/users/aklie/projects/tf_perturb_seq/datasets/Huangfu_HUES8-embryonic-stemcell-differentiation_TF-Perturb-seq/results/energy_distance/sceptre_v1/annotation_table.csv",
            "concatenate_key": "intended_target_name"
        },
        "h5ad_file": {
            "file_path": "/cellar/users/aklie/projects/tf_perturb_seq/datasets/Huangfu_HUES8-embryonic-stemcell-differentiation_TF-Perturb-seq/results/energy_distance/sceptre_v1/preprocessed.h5ad",
            "obsm_key": "X_pca"
        },
        "sgRNA_file": {
            "file_path": "/cellar/users/aklie/projects/tf_perturb_seq/datasets/Huangfu_HUES8-embryonic-stemcell-differentiation_TF-Perturb-seq/results/energy_distance/sceptre_v1/gRNA_dict.pickle"
        }
    },
    "gRNA_filtering": {
        "perform_targeting_filtering": true,
        "perform_nontargeting_filtering": true,
        "threshold_gRNA_num": 6,
        "combi_count": 4,
        "total_permute_disco": 1000,
        "combi_cell_num_max": 1000,
        "batch_num_basic": 120
    },
    "permutation_test": {
        "permute_per_bg": 1000,
        "num_of_bg": 20,
        "non_target_pick": 2000,
        "target_cell_num_max": 2000,
        "batch_num_basic": 200,
        "use_matched_bg": false
    },
    "aggregate": {
        "downsampling_maximum": 10000
    }
}
--------------------------
--- Processing PCA data ---
Loading existing PCA file '/cellar/users/aklie/projects/tf_perturb_seq/datasets/Huangfu_HUES8-embryonic-stemcell-differentiation_TF-Perturb-seq/results/energy_distance/sceptre_v1/pca_dataframe.pickle'.

--- Processing gRNA dictionary ---
Loading existing gRNA dictionary file '/cellar/users/aklie/projects/tf_perturb_seq/datasets/Huangfu_HUES8-embryonic-stemcell-differentiation_TF-Perturb-seq/results/energy_distance/sceptre_v1/gRNA_dict.pickle'.
gRNA dictionary loaded successfully. Found 14151 types of gRNAs.

--- Processing finished ---
Load csv formated annotation file
annotation file loaded
--------
safe-targeting: 0 gRNAs
non-targeting: 600 gRNAs
targeting: 12934 gRNAs
positive control: 19 gRNAs
negative control: 598 gRNAs
variant: 0 gRNAs
14151 gRNAs are found in both annotation and gRNA_dict
0 gRNAs are found only in annotation (possibly dropout)
0 gRNAs are found only in gRNA_dict
Total: 2267
Use non-targeting background
Too many (2532) cell per target downsampled to 2000
Too many (82681) cell per target downsampled to 2000
Too many (48455) cell per target downsampled to 2000
Too many (13167) cell per target downsampled to 2000
Too many (8275) cell per target downsampled to 2000
Too many (29691) cell per target downsampled to 2000
Too many (22876) cell per target downsampled to 2000
Too many (28426) cell per target downsampled to 2000
Too many (35012) cell per target downsampled to 2000
Too many (14384) cell per target downsampled to 2000

Saving intermediate results after processing 10 regions...
Intermediate results saved.

Too many (8186) cell per target downsampled to 2000
Too many (35050) cell per target downsampled to 2000
Too many (21773) cell per target downsampled to 2000
Too many (20332) cell per target downsampled to 2000
Too many (21655) cell per target downsampled to 2000
Too many (35933) cell per target downsampled to 2000
Too many (13208) cell per target downsampled to 2000
Too many (31507) cell per target downsampled to 2000
Too many (38164) cell per target downsampled to 2000
Too many (37281) cell per target downsampled to 2000

Saving intermediate results after processing 20 regions...
Intermediate results saved.

Too many (19080) cell per target downsampled to 2000
Too many (42865) cell per target downsampled to 2000
Too many (24288) cell per target downsampled to 2000
Too many (23548) cell per target downsampled to 2000
Too many (24625) cell per target downsampled to 2000
Too many (48834) cell per target downsampled to 2000
Too many (26037) cell per target downsampled to 2000
Too many (27448) cell per target downsampled to 2000
Too many (23806) cell per target downsampled to 2000
Too many (17523) cell per target downsampled to 2000

Saving intermediate results after processing 30 regions...
Intermediate results saved.

Too many (24072) cell per target downsampled to 2000
Too many (10649) cell per target downsampled to 2000
Too many (14478) cell per target downsampled to 2000
Too many (17767) cell per target downsampled to 2000
Too many (22572) cell per target downsampled to 2000
Too many (42538) cell per target downsampled to 2000
Too many (37022) cell per target downsampled to 2000
Too many (17149) cell per target downsampled to 2000
Too many (27430) cell per target downsampled to 2000
Too many (24383) cell per target downsampled to 2000

Saving intermediate results after processing 40 regions...
Intermediate results saved.

Too many (8216) cell per target downsampled to 2000
Too many (17537) cell per target downsampled to 2000
Too many (24734) cell per target downsampled to 2000
Too many (20402) cell per target downsampled to 2000
Too many (37963) cell per target downsampled to 2000
Too many (21412) cell per target downsampled to 2000
Too many (24540) cell per target downsampled to 2000
Too many (21103) cell per target downsampled to 2000
Too many (18901) cell per target downsampled to 2000
Too many (24885) cell per target downsampled to 2000

Saving intermediate results after processing 50 regions...
Intermediate results saved.

Too many (22991) cell per target downsampled to 2000
Too many (18110) cell per target downsampled to 2000
Too many (34833) cell per target downsampled to 2000
Too many (25542) cell per target downsampled to 2000
Too many (17760) cell per target downsampled to 2000
Too many (30443) cell per target downsampled to 2000
Too many (39925) cell per target downsampled to 2000
Too many (30507) cell per target downsampled to 2000
Too many (19132) cell per target downsampled to 2000
Too many (18338) cell per target downsampled to 2000

Saving intermediate results after processing 60 regions...
Intermediate results saved.

Too many (34744) cell per target downsampled to 2000
Too many (17499) cell per target downsampled to 2000
Too many (14013) cell per target downsampled to 2000
Too many (21653) cell per target downsampled to 2000
Too many (22240) cell per target downsampled to 2000
Too many (42898) cell per target downsampled to 2000
Too many (29052) cell per target downsampled to 2000
Too many (21227) cell per target downsampled to 2000
Too many (22104) cell per target downsampled to 2000
Too many (26231) cell per target downsampled to 2000

Saving intermediate results after processing 70 regions...
Intermediate results saved.

Too many (25437) cell per target downsampled to 2000
Too many (31531) cell per target downsampled to 2000
Too many (26407) cell per target downsampled to 2000
Too many (43506) cell per target downsampled to 2000
Too many (36305) cell per target downsampled to 2000
Too many (16969) cell per target downsampled to 2000
Too many (17212) cell per target downsampled to 2000
Too many (19330) cell per target downsampled to 2000
Too many (11570) cell per target downsampled to 2000
Too many (12798) cell per target downsampled to 2000

Saving intermediate results after processing 80 regions...
Intermediate results saved.

Too many (13794) cell per target downsampled to 2000
Too many (34991) cell per target downsampled to 2000
Too many (34606) cell per target downsampled to 2000
Too many (18921) cell per target downsampled to 2000
Too many (16465) cell per target downsampled to 2000
Too many (17945) cell per target downsampled to 2000
Too many (36106) cell per target downsampled to 2000
Too many (26018) cell per target downsampled to 2000
Too many (41227) cell per target downsampled to 2000
Too many (18587) cell per target downsampled to 2000

Saving intermediate results after processing 90 regions...
Intermediate results saved.

Too many (9146) cell per target downsampled to 2000
Too many (14328) cell per target downsampled to 2000
Too many (19767) cell per target downsampled to 2000
Too many (30997) cell per target downsampled to 2000
Too many (15834) cell per target downsampled to 2000
Too many (24676) cell per target downsampled to 2000
Too many (12417) cell per target downsampled to 2000
Too many (11865) cell per target downsampled to 2000
Too many (16780) cell per target downsampled to 2000
Too many (31549) cell per target downsampled to 2000

Saving intermediate results after processing 100 regions...
Intermediate results saved.

Too many (24161) cell per target downsampled to 2000
Too many (14738) cell per target downsampled to 2000
Too many (15934) cell per target downsampled to 2000
Too many (11215) cell per target downsampled to 2000
Too many (22171) cell per target downsampled to 2000
Too many (11674) cell per target downsampled to 2000
Too many (5498) cell per target downsampled to 2000
Too many (7527) cell per target downsampled to 2000
Too many (7121) cell per target downsampled to 2000

Saving intermediate results after processing 110 regions...
Intermediate results saved.

Too many (21536) cell per target downsampled to 2000
Too many (15201) cell per target downsampled to 2000
Too many (13849) cell per target downsampled to 2000
Too many (21526) cell per target downsampled to 2000
Too many (26380) cell per target downsampled to 2000
Too many (14466) cell per target downsampled to 2000
Too many (15267) cell per target downsampled to 2000
Too many (12798) cell per target downsampled to 2000
Too many (19454) cell per target downsampled to 2000
Too many (18023) cell per target downsampled to 2000

Saving intermediate results after processing 120 regions...
Intermediate results saved.

Too many (11651) cell per target downsampled to 2000
Too many (19566) cell per target downsampled to 2000
Too many (8660) cell per target downsampled to 2000
Too many (19068) cell per target downsampled to 2000
Too many (13116) cell per target downsampled to 2000
Too many (10886) cell per target downsampled to 2000
Too many (11576) cell per target downsampled to 2000
Too many (12147) cell per target downsampled to 2000
Too many (19824) cell per target downsampled to 2000
Too many (7292) cell per target downsampled to 2000

Saving intermediate results after processing 130 regions...
Intermediate results saved.

Too many (18911) cell per target downsampled to 2000
Too many (12217) cell per target downsampled to 2000
Too many (7920) cell per target downsampled to 2000
Too many (23650) cell per target downsampled to 2000
Too many (23060) cell per target downsampled to 2000
Too many (27546) cell per target downsampled to 2000
Too many (16456) cell per target downsampled to 2000
Too many (10376) cell per target downsampled to 2000
Too many (13265) cell per target downsampled to 2000
Too many (8285) cell per target downsampled to 2000

Saving intermediate results after processing 140 regions...
Intermediate results saved.

Too many (22032) cell per target downsampled to 2000
Too many (10376) cell per target downsampled to 2000
Too many (21737) cell per target downsampled to 2000
Too many (20905) cell per target downsampled to 2000
Too many (8074) cell per target downsampled to 2000
Too many (10606) cell per target downsampled to 2000
Too many (19506) cell per target downsampled to 2000
Too many (15556) cell per target downsampled to 2000
Too many (11924) cell per target downsampled to 2000
Too many (9949) cell per target downsampled to 2000

Saving intermediate results after processing 150 regions...
Intermediate results saved.

Too many (6022) cell per target downsampled to 2000
Too many (8318) cell per target downsampled to 2000
Too many (14970) cell per target downsampled to 2000
Too many (11206) cell per target downsampled to 2000
Too many (9659) cell per target downsampled to 2000
Too many (16294) cell per target downsampled to 2000
Too many (6126) cell per target downsampled to 2000
Too many (8435) cell per target downsampled to 2000
Too many (21190) cell per target downsampled to 2000
Too many (11616) cell per target downsampled to 2000

Saving intermediate results after processing 160 regions...
Intermediate results saved.

Too many (10897) cell per target downsampled to 2000
Too many (19092) cell per target downsampled to 2000
Too many (11699) cell per target downsampled to 2000
Too many (22784) cell per target downsampled to 2000
Too many (12961) cell per target downsampled to 2000
Too many (7731) cell per target downsampled to 2000
Too many (13299) cell per target downsampled to 2000
Too many (8950) cell per target downsampled to 2000
Too many (13914) cell per target downsampled to 2000

Saving intermediate results after processing 170 regions...
Intermediate results saved.

Too many (8825) cell per target downsampled to 2000
Too many (30212) cell per target downsampled to 2000
Too many (18400) cell per target downsampled to 2000
Too many (8583) cell per target downsampled to 2000
Too many (12340) cell per target downsampled to 2000
Too many (15546) cell per target downsampled to 2000
Too many (18503) cell per target downsampled to 2000
Too many (6512) cell per target downsampled to 2000
Too many (7287) cell per target downsampled to 2000
Too many (10557) cell per target downsampled to 2000

Saving intermediate results after processing 180 regions...
Intermediate results saved.

Too many (8432) cell per target downsampled to 2000
Too many (9982) cell per target downsampled to 2000
Too many (12149) cell per target downsampled to 2000
Too many (8182) cell per target downsampled to 2000
Too many (13033) cell per target downsampled to 2000
Too many (22518) cell per target downsampled to 2000
Too many (11611) cell per target downsampled to 2000
Too many (18829) cell per target downsampled to 2000
Too many (7522) cell per target downsampled to 2000
Too many (6747) cell per target downsampled to 2000

Saving intermediate results after processing 190 regions...
Intermediate results saved.

Too many (10187) cell per target downsampled to 2000
Too many (12387) cell per target downsampled to 2000
Too many (17917) cell per target downsampled to 2000
Too many (3184) cell per target downsampled to 2000
Too many (8664) cell per target downsampled to 2000
Too many (5951) cell per target downsampled to 2000
Too many (8464) cell per target downsampled to 2000
Too many (12902) cell per target downsampled to 2000
Too many (14397) cell per target downsampled to 2000
Too many (14145) cell per target downsampled to 2000

Saving intermediate results after processing 200 regions...
Intermediate results saved.

Too many (5894) cell per target downsampled to 2000
Too many (7110) cell per target downsampled to 2000
Too many (18356) cell per target downsampled to 2000
Too many (11252) cell per target downsampled to 2000
Too many (12594) cell per target downsampled to 2000
Too many (11440) cell per target downsampled to 2000
Too many (7168) cell per target downsampled to 2000
Too many (13760) cell per target downsampled to 2000
Too many (18393) cell per target downsampled to 2000
Too many (8467) cell per target downsampled to 2000

Saving intermediate results after processing 210 regions...
Intermediate results saved.

Too many (12950) cell per target downsampled to 2000
Too many (13449) cell per target downsampled to 2000
Too many (10498) cell per target downsampled to 2000
Too many (8753) cell per target downsampled to 2000
Too many (11495) cell per target downsampled to 2000
Too many (13531) cell per target downsampled to 2000
Too many (12063) cell per target downsampled to 2000
Too many (9192) cell per target downsampled to 2000
Too many (4981) cell per target downsampled to 2000

Saving intermediate results after processing 220 regions...
Intermediate results saved.

Too many (8791) cell per target downsampled to 2000
Too many (11446) cell per target downsampled to 2000
Too many (16784) cell per target downsampled to 2000
Too many (7631) cell per target downsampled to 2000
Too many (11484) cell per target downsampled to 2000
Too many (6623) cell per target downsampled to 2000
Too many (8128) cell per target downsampled to 2000
Too many (6516) cell per target downsampled to 2000
Too many (9479) cell per target downsampled to 2000
Too many (11575) cell per target downsampled to 2000

Saving intermediate results after processing 230 regions...
Intermediate results saved.

Too many (4760) cell per target downsampled to 2000
Too many (11859) cell per target downsampled to 2000
Too many (8486) cell per target downsampled to 2000
Too many (16080) cell per target downsampled to 2000
Too many (9203) cell per target downsampled to 2000
Too many (2873) cell per target downsampled to 2000
Too many (7869) cell per target downsampled to 2000
Too many (6449) cell per target downsampled to 2000
Too many (8131) cell per target downsampled to 2000
Too many (3821) cell per target downsampled to 2000

Saving intermediate results after processing 240 regions...
Intermediate results saved.

Too many (12419) cell per target downsampled to 2000
Too many (14347) cell per target downsampled to 2000
Too many (9846) cell per target downsampled to 2000
Too many (11686) cell per target downsampled to 2000
Too many (13324) cell per target downsampled to 2000
Too many (7458) cell per target downsampled to 2000
Too many (14708) cell per target downsampled to 2000
Too many (17525) cell per target downsampled to 2000
Too many (9148) cell per target downsampled to 2000
Too many (11611) cell per target downsampled to 2000

Saving intermediate results after processing 250 regions...
Intermediate results saved.

Too many (15277) cell per target downsampled to 2000
Too many (10492) cell per target downsampled to 2000
Too many (9914) cell per target downsampled to 2000
Too many (10836) cell per target downsampled to 2000
Too many (4055) cell per target downsampled to 2000
Too many (11472) cell per target downsampled to 2000
Too many (26011) cell per target downsampled to 2000
Too many (13122) cell per target downsampled to 2000
Too many (11516) cell per target downsampled to 2000

Saving intermediate results after processing 260 regions...
Intermediate results saved.

Too many (16978) cell per target downsampled to 2000
Too many (4552) cell per target downsampled to 2000
Too many (8563) cell per target downsampled to 2000
Too many (3719) cell per target downsampled to 2000
Too many (7125) cell per target downsampled to 2000
Too many (13318) cell per target downsampled to 2000
Too many (23497) cell per target downsampled to 2000
Too many (7687) cell per target downsampled to 2000
Too many (9466) cell per target downsampled to 2000
Too many (2679) cell per target downsampled to 2000

Saving intermediate results after processing 270 regions...
Intermediate results saved.

Too many (38037) cell per target downsampled to 2000
Too many (15208) cell per target downsampled to 2000
Too many (17124) cell per target downsampled to 2000
Too many (8397) cell per target downsampled to 2000
Too many (8848) cell per target downsampled to 2000
Too many (13961) cell per target downsampled to 2000
Too many (14189) cell per target downsampled to 2000
Too many (6631) cell per target downsampled to 2000
Too many (18727) cell per target downsampled to 2000
Too many (3644) cell per target downsampled to 2000

Saving intermediate results after processing 280 regions...
Intermediate results saved.

Too many (19589) cell per target downsampled to 2000
Too many (8255) cell per target downsampled to 2000
Too many (17129) cell per target downsampled to 2000
Too many (6574) cell per target downsampled to 2000
Too many (6511) cell per target downsampled to 2000
Too many (12131) cell per target downsampled to 2000
Too many (9477) cell per target downsampled to 2000
Too many (20102) cell per target downsampled to 2000
Too many (5121) cell per target downsampled to 2000
Too many (14837) cell per target downsampled to 2000

Saving intermediate results after processing 290 regions...
Intermediate results saved.

Too many (18055) cell per target downsampled to 2000
Too many (3811) cell per target downsampled to 2000
Too many (24639) cell per target downsampled to 2000
Too many (6148) cell per target downsampled to 2000
Too many (17355) cell per target downsampled to 2000
Too many (7414) cell per target downsampled to 2000
Too many (21534) cell per target downsampled to 2000
Too many (8565) cell per target downsampled to 2000
Too many (16281) cell per target downsampled to 2000
Too many (11483) cell per target downsampled to 2000

Saving intermediate results after processing 300 regions...
Intermediate results saved.

Too many (6516) cell per target downsampled to 2000
Too many (8542) cell per target downsampled to 2000
Too many (19081) cell per target downsampled to 2000
Too many (16736) cell per target downsampled to 2000
Too many (10182) cell per target downsampled to 2000
Too many (6795) cell per target downsampled to 2000
Too many (18379) cell per target downsampled to 2000
Too many (17208) cell per target downsampled to 2000
Too many (13019) cell per target downsampled to 2000
Too many (8977) cell per target downsampled to 2000

Saving intermediate results after processing 310 regions...
Intermediate results saved.

Too many (14127) cell per target downsampled to 2000
Too many (25418) cell per target downsampled to 2000
Too many (18652) cell per target downsampled to 2000
Too many (11421) cell per target downsampled to 2000
Too many (5140) cell per target downsampled to 2000
Too many (12029) cell per target downsampled to 2000
Too many (11579) cell per target downsampled to 2000
Too many (20001) cell per target downsampled to 2000
Too many (16659) cell per target downsampled to 2000
Too many (19013) cell per target downsampled to 2000

Saving intermediate results after processing 320 regions...
Intermediate results saved.

Too many (11668) cell per target downsampled to 2000
Too many (8535) cell per target downsampled to 2000
Too many (13736) cell per target downsampled to 2000
Too many (14981) cell per target downsampled to 2000
Too many (8935) cell per target downsampled to 2000
Too many (10907) cell per target downsampled to 2000
Too many (12752) cell per target downsampled to 2000
Too many (6093) cell per target downsampled to 2000
Too many (14400) cell per target downsampled to 2000
Too many (21268) cell per target downsampled to 2000

Saving intermediate results after processing 330 regions...
Intermediate results saved.

Too many (3925) cell per target downsampled to 2000
Too many (10596) cell per target downsampled to 2000
Too many (18190) cell per target downsampled to 2000
Too many (19725) cell per target downsampled to 2000
Too many (14248) cell per target downsampled to 2000
Too many (23396) cell per target downsampled to 2000
Too many (6563) cell per target downsampled to 2000
Too many (19982) cell per target downsampled to 2000
Too many (19344) cell per target downsampled to 2000
Too many (8181) cell per target downsampled to 2000

Saving intermediate results after processing 340 regions...
Intermediate results saved.

Too many (11854) cell per target downsampled to 2000
Too many (15514) cell per target downsampled to 2000
Too many (5915) cell per target downsampled to 2000
Too many (11597) cell per target downsampled to 2000
Too many (16455) cell per target downsampled to 2000
Too many (19999) cell per target downsampled to 2000
Too many (5791) cell per target downsampled to 2000
Too many (18236) cell per target downsampled to 2000
Too many (3643) cell per target downsampled to 2000
Too many (10151) cell per target downsampled to 2000

Saving intermediate results after processing 350 regions...
Intermediate results saved.

Too many (17069) cell per target downsampled to 2000
Too many (12108) cell per target downsampled to 2000
Too many (38337) cell per target downsampled to 2000
Too many (5650) cell per target downsampled to 2000
Too many (10460) cell per target downsampled to 2000
Too many (13338) cell per target downsampled to 2000
Too many (16994) cell per target downsampled to 2000
Too many (6711) cell per target downsampled to 2000
Too many (15296) cell per target downsampled to 2000
Too many (17580) cell per target downsampled to 2000

Saving intermediate results after processing 360 regions...
Intermediate results saved.

Too many (6810) cell per target downsampled to 2000
Too many (7829) cell per target downsampled to 2000
Too many (11800) cell per target downsampled to 2000
Too many (15080) cell per target downsampled to 2000
Too many (10805) cell per target downsampled to 2000
Too many (19314) cell per target downsampled to 2000
Too many (10765) cell per target downsampled to 2000
Too many (10456) cell per target downsampled to 2000
Too many (11824) cell per target downsampled to 2000
Too many (9692) cell per target downsampled to 2000

Saving intermediate results after processing 370 regions...
Intermediate results saved.

Too many (7388) cell per target downsampled to 2000
Too many (17458) cell per target downsampled to 2000
Too many (23368) cell per target downsampled to 2000
Too many (19929) cell per target downsampled to 2000
Too many (9549) cell per target downsampled to 2000
Too many (11305) cell per target downsampled to 2000
Too many (15754) cell per target downsampled to 2000
Too many (10330) cell per target downsampled to 2000
Too many (8040) cell per target downsampled to 2000
Too many (8935) cell per target downsampled to 2000

Saving intermediate results after processing 380 regions...
Intermediate results saved.

Too many (18390) cell per target downsampled to 2000
Too many (6868) cell per target downsampled to 2000
Too many (22762) cell per target downsampled to 2000
Too many (3472) cell per target downsampled to 2000
Too many (8482) cell per target downsampled to 2000
Too many (13397) cell per target downsampled to 2000
Too many (10272) cell per target downsampled to 2000
Too many (6090) cell per target downsampled to 2000
Too many (4046) cell per target downsampled to 2000
Too many (21516) cell per target downsampled to 2000

Saving intermediate results after processing 390 regions...
Intermediate results saved.

Too many (9165) cell per target downsampled to 2000
Too many (21640) cell per target downsampled to 2000
Too many (14695) cell per target downsampled to 2000
Too many (12494) cell per target downsampled to 2000
Too many (7256) cell per target downsampled to 2000
Too many (12578) cell per target downsampled to 2000
Too many (11696) cell per target downsampled to 2000
Too many (2155) cell per target downsampled to 2000
Too many (10355) cell per target downsampled to 2000
Too many (14217) cell per target downsampled to 2000

Saving intermediate results after processing 400 regions...
Intermediate results saved.

Too many (6650) cell per target downsampled to 2000
Too many (14977) cell per target downsampled to 2000
Too many (16873) cell per target downsampled to 2000
Too many (3080) cell per target downsampled to 2000
Too many (31780) cell per target downsampled to 2000
Too many (8200) cell per target downsampled to 2000
Too many (18779) cell per target downsampled to 2000
Too many (6928) cell per target downsampled to 2000
Too many (10322) cell per target downsampled to 2000
Too many (6888) cell per target downsampled to 2000

Saving intermediate results after processing 410 regions...
Intermediate results saved.

Too many (18763) cell per target downsampled to 2000
Too many (23420) cell per target downsampled to 2000
Too many (23328) cell per target downsampled to 2000
Too many (8888) cell per target downsampled to 2000
Too many (17361) cell per target downsampled to 2000
Too many (12907) cell per target downsampled to 2000
Too many (12221) cell per target downsampled to 2000
Too many (6733) cell per target downsampled to 2000
Too many (6138) cell per target downsampled to 2000
Too many (9476) cell per target downsampled to 2000

Saving intermediate results after processing 420 regions...
Intermediate results saved.

Too many (16955) cell per target downsampled to 2000
Too many (10739) cell per target downsampled to 2000
Too many (12121) cell per target downsampled to 2000
Too many (15670) cell per target downsampled to 2000
Too many (12529) cell per target downsampled to 2000
Too many (15094) cell per target downsampled to 2000
Too many (9301) cell per target downsampled to 2000
Too many (15323) cell per target downsampled to 2000
Too many (6093) cell per target downsampled to 2000
Too many (12004) cell per target downsampled to 2000

Saving intermediate results after processing 430 regions...
Intermediate results saved.

Too many (10010) cell per target downsampled to 2000
Too many (6890) cell per target downsampled to 2000
Too many (18433) cell per target downsampled to 2000
Too many (18010) cell per target downsampled to 2000
Too many (8213) cell per target downsampled to 2000
Too many (12495) cell per target downsampled to 2000
Too many (15836) cell per target downsampled to 2000
Too many (26617) cell per target downsampled to 2000
Too many (7432) cell per target downsampled to 2000
Too many (15417) cell per target downsampled to 2000

Saving intermediate results after processing 440 regions...
Intermediate results saved.

Too many (10385) cell per target downsampled to 2000
Too many (25202) cell per target downsampled to 2000
Too many (6912) cell per target downsampled to 2000
Too many (4207) cell per target downsampled to 2000
Too many (31134) cell per target downsampled to 2000
Too many (23101) cell per target downsampled to 2000
Too many (4971) cell per target downsampled to 2000
Too many (10951) cell per target downsampled to 2000
Too many (9860) cell per target downsampled to 2000
Too many (10148) cell per target downsampled to 2000

Saving intermediate results after processing 450 regions...
Intermediate results saved.

Too many (14483) cell per target downsampled to 2000
Too many (13778) cell per target downsampled to 2000
Too many (12992) cell per target downsampled to 2000
Too many (8888) cell per target downsampled to 2000
Too many (3988) cell per target downsampled to 2000
Too many (12547) cell per target downsampled to 2000
Too many (20332) cell per target downsampled to 2000
Too many (31336) cell per target downsampled to 2000
Too many (7782) cell per target downsampled to 2000
Too many (15228) cell per target downsampled to 2000

Saving intermediate results after processing 460 regions...
Intermediate results saved.

Too many (7426) cell per target downsampled to 2000
Too many (12323) cell per target downsampled to 2000
Too many (13496) cell per target downsampled to 2000
Too many (17066) cell per target downsampled to 2000
Too many (11654) cell per target downsampled to 2000
Too many (14862) cell per target downsampled to 2000
Too many (7335) cell per target downsampled to 2000
Too many (14640) cell per target downsampled to 2000
Too many (14717) cell per target downsampled to 2000
Too many (4970) cell per target downsampled to 2000

Saving intermediate results after processing 470 regions...
Intermediate results saved.

Too many (4773) cell per target downsampled to 2000
Too many (14410) cell per target downsampled to 2000
Too many (7107) cell per target downsampled to 2000
Too many (12581) cell per target downsampled to 2000
Too many (6082) cell per target downsampled to 2000
Too many (15204) cell per target downsampled to 2000
Too many (21405) cell per target downsampled to 2000
Too many (11832) cell per target downsampled to 2000
Too many (13564) cell per target downsampled to 2000
Too many (14768) cell per target downsampled to 2000

Saving intermediate results after processing 480 regions...
Intermediate results saved.

Too many (15807) cell per target downsampled to 2000
Too many (18182) cell per target downsampled to 2000
Too many (14841) cell per target downsampled to 2000
Too many (3669) cell per target downsampled to 2000
Too many (8000) cell per target downsampled to 2000
Too many (21155) cell per target downsampled to 2000
Too many (10922) cell per target downsampled to 2000
Too many (6794) cell per target downsampled to 2000
Too many (6191) cell per target downsampled to 2000
Too many (18605) cell per target downsampled to 2000

Saving intermediate results after processing 490 regions...
Intermediate results saved.

Too many (17849) cell per target downsampled to 2000
Too many (9035) cell per target downsampled to 2000
Too many (12453) cell per target downsampled to 2000
Too many (5609) cell per target downsampled to 2000
Too many (12636) cell per target downsampled to 2000
Too many (18808) cell per target downsampled to 2000
Too many (11274) cell per target downsampled to 2000
Too many (16195) cell per target downsampled to 2000
Too many (8690) cell per target downsampled to 2000
Too many (7571) cell per target downsampled to 2000

Saving intermediate results after processing 500 regions...
Intermediate results saved.

Too many (15023) cell per target downsampled to 2000
Too many (16323) cell per target downsampled to 2000
Too many (20030) cell per target downsampled to 2000
Too many (21361) cell per target downsampled to 2000
Too many (6274) cell per target downsampled to 2000
Too many (24044) cell per target downsampled to 2000
Too many (9212) cell per target downsampled to 2000
Too many (9561) cell per target downsampled to 2000
Too many (14146) cell per target downsampled to 2000

Saving intermediate results after processing 510 regions...
Intermediate results saved.

Too many (7573) cell per target downsampled to 2000
Too many (24270) cell per target downsampled to 2000
Too many (7201) cell per target downsampled to 2000
Too many (9421) cell per target downsampled to 2000
Too many (12005) cell per target downsampled to 2000
Too many (5995) cell per target downsampled to 2000
Too many (17088) cell per target downsampled to 2000
Too many (5510) cell per target downsampled to 2000
Too many (13296) cell per target downsampled to 2000
Too many (16538) cell per target downsampled to 2000

Saving intermediate results after processing 520 regions...
Intermediate results saved.

Too many (21493) cell per target downsampled to 2000
Too many (18809) cell per target downsampled to 2000
Too many (5468) cell per target downsampled to 2000
Too many (14386) cell per target downsampled to 2000
Too many (13096) cell per target downsampled to 2000
Too many (9667) cell per target downsampled to 2000
Too many (7585) cell per target downsampled to 2000
Too many (15430) cell per target downsampled to 2000
Too many (16439) cell per target downsampled to 2000
Too many (11041) cell per target downsampled to 2000

Saving intermediate results after processing 530 regions...
Intermediate results saved.

Too many (16612) cell per target downsampled to 2000
Too many (16265) cell per target downsampled to 2000
Too many (15227) cell per target downsampled to 2000
Too many (10659) cell per target downsampled to 2000
Too many (14002) cell per target downsampled to 2000
Too many (10573) cell per target downsampled to 2000
Too many (9048) cell per target downsampled to 2000
Too many (14781) cell per target downsampled to 2000
Too many (6059) cell per target downsampled to 2000
Too many (8733) cell per target downsampled to 2000

Saving intermediate results after processing 540 regions...
Intermediate results saved.

Too many (28356) cell per target downsampled to 2000
Too many (10290) cell per target downsampled to 2000
Too many (15712) cell per target downsampled to 2000
Too many (11496) cell per target downsampled to 2000
Too many (9682) cell per target downsampled to 2000
Too many (19941) cell per target downsampled to 2000
Too many (19597) cell per target downsampled to 2000
Too many (10106) cell per target downsampled to 2000
Too many (19610) cell per target downsampled to 2000
Too many (10952) cell per target downsampled to 2000

Saving intermediate results after processing 550 regions...
Intermediate results saved.

Too many (14487) cell per target downsampled to 2000
Too many (22234) cell per target downsampled to 2000
Too many (7434) cell per target downsampled to 2000
Too many (8450) cell per target downsampled to 2000
Too many (9059) cell per target downsampled to 2000
Too many (9324) cell per target downsampled to 2000
Too many (3556) cell per target downsampled to 2000
Too many (3584) cell per target downsampled to 2000
Too many (8174) cell per target downsampled to 2000

Saving intermediate results after processing 560 regions...
Intermediate results saved.

Too many (8539) cell per target downsampled to 2000
Too many (8319) cell per target downsampled to 2000
Too many (12868) cell per target downsampled to 2000
Too many (2499) cell per target downsampled to 2000
Too many (9530) cell per target downsampled to 2000
Too many (9319) cell per target downsampled to 2000
Too many (10980) cell per target downsampled to 2000
Too many (16343) cell per target downsampled to 2000
Too many (22320) cell per target downsampled to 2000
Too many (42422) cell per target downsampled to 2000

Saving intermediate results after processing 570 regions...
Intermediate results saved.

Too many (13709) cell per target downsampled to 2000
Too many (6123) cell per target downsampled to 2000
Too many (18590) cell per target downsampled to 2000
Too many (12057) cell per target downsampled to 2000
Too many (14377) cell per target downsampled to 2000
Too many (10369) cell per target downsampled to 2000
Too many (28162) cell per target downsampled to 2000
Too many (11229) cell per target downsampled to 2000
Too many (12671) cell per target downsampled to 2000
Too many (2401) cell per target downsampled to 2000

Saving intermediate results after processing 580 regions...
Intermediate results saved.

Too many (12316) cell per target downsampled to 2000
Too many (20618) cell per target downsampled to 2000
Too many (14660) cell per target downsampled to 2000
Too many (16143) cell per target downsampled to 2000
Too many (8378) cell per target downsampled to 2000
Too many (17257) cell per target downsampled to 2000
Too many (16827) cell per target downsampled to 2000
Too many (6346) cell per target downsampled to 2000
Too many (19772) cell per target downsampled to 2000
Too many (14280) cell per target downsampled to 2000

Saving intermediate results after processing 590 regions...
Intermediate results saved.

Too many (6801) cell per target downsampled to 2000
Too many (17562) cell per target downsampled to 2000
Too many (7661) cell per target downsampled to 2000
Too many (15369) cell per target downsampled to 2000
Too many (12160) cell per target downsampled to 2000
Too many (18754) cell per target downsampled to 2000
Too many (12252) cell per target downsampled to 2000
Too many (11934) cell per target downsampled to 2000
Too many (6871) cell per target downsampled to 2000

Saving intermediate results after processing 600 regions...
Intermediate results saved.

Too many (9917) cell per target downsampled to 2000
Too many (3426) cell per target downsampled to 2000
Too many (16947) cell per target downsampled to 2000
Too many (10845) cell per target downsampled to 2000
Too many (6048) cell per target downsampled to 2000
Too many (6830) cell per target downsampled to 2000
Too many (13193) cell per target downsampled to 2000
Too many (19231) cell per target downsampled to 2000
Too many (11687) cell per target downsampled to 2000
Too many (12145) cell per target downsampled to 2000

Saving intermediate results after processing 610 regions...
Intermediate results saved.

Too many (6162) cell per target downsampled to 2000
Too many (9767) cell per target downsampled to 2000
Too many (20243) cell per target downsampled to 2000
Too many (14727) cell per target downsampled to 2000
Too many (7967) cell per target downsampled to 2000
Too many (10255) cell per target downsampled to 2000
Too many (14364) cell per target downsampled to 2000
Too many (17453) cell per target downsampled to 2000
Too many (6745) cell per target downsampled to 2000
Too many (10250) cell per target downsampled to 2000

Saving intermediate results after processing 620 regions...
Intermediate results saved.

Too many (16364) cell per target downsampled to 2000
Too many (9142) cell per target downsampled to 2000
Too many (17978) cell per target downsampled to 2000
Too many (19549) cell per target downsampled to 2000
Too many (8014) cell per target downsampled to 2000
Too many (14238) cell per target downsampled to 2000
Too many (16717) cell per target downsampled to 2000
Too many (16405) cell per target downsampled to 2000
Too many (3657) cell per target downsampled to 2000
Too many (5680) cell per target downsampled to 2000

Saving intermediate results after processing 630 regions...
Intermediate results saved.

Too many (21206) cell per target downsampled to 2000
Too many (12458) cell per target downsampled to 2000
Too many (13650) cell per target downsampled to 2000
Too many (13606) cell per target downsampled to 2000
Too many (22318) cell per target downsampled to 2000
Too many (16651) cell per target downsampled to 2000
Too many (30909) cell per target downsampled to 2000
Too many (7490) cell per target downsampled to 2000
Too many (20700) cell per target downsampled to 2000
Too many (7864) cell per target downsampled to 2000

Saving intermediate results after processing 640 regions...
Intermediate results saved.

Too many (19990) cell per target downsampled to 2000
Too many (25743) cell per target downsampled to 2000
Too many (19840) cell per target downsampled to 2000
Too many (13320) cell per target downsampled to 2000
Too many (8736) cell per target downsampled to 2000
Too many (9735) cell per target downsampled to 2000
Too many (16420) cell per target downsampled to 2000
Too many (21796) cell per target downsampled to 2000
Too many (30802) cell per target downsampled to 2000
Too many (14057) cell per target downsampled to 2000

Saving intermediate results after processing 650 regions...
Intermediate results saved.

Too many (28589) cell per target downsampled to 2000
Too many (10899) cell per target downsampled to 2000
Too many (12346) cell per target downsampled to 2000
Too many (6308) cell per target downsampled to 2000
Too many (9878) cell per target downsampled to 2000
Too many (14332) cell per target downsampled to 2000
Too many (5849) cell per target downsampled to 2000
Too many (7739) cell per target downsampled to 2000
Too many (7569) cell per target downsampled to 2000
Too many (10036) cell per target downsampled to 2000

Saving intermediate results after processing 660 regions...
Intermediate results saved.

Too many (19360) cell per target downsampled to 2000
Too many (35255) cell per target downsampled to 2000
Too many (20998) cell per target downsampled to 2000
Too many (13988) cell per target downsampled to 2000
Too many (16326) cell per target downsampled to 2000
Too many (13063) cell per target downsampled to 2000
Too many (12030) cell per target downsampled to 2000
Too many (9408) cell per target downsampled to 2000
Too many (9700) cell per target downsampled to 2000
Too many (7793) cell per target downsampled to 2000

Saving intermediate results after processing 670 regions...
Intermediate results saved.

Too many (5587) cell per target downsampled to 2000
Too many (26452) cell per target downsampled to 2000
Too many (11970) cell per target downsampled to 2000
Too many (10847) cell per target downsampled to 2000
Too many (13565) cell per target downsampled to 2000
Too many (14759) cell per target downsampled to 2000
Too many (24682) cell per target downsampled to 2000
Too many (17214) cell per target downsampled to 2000
Too many (11242) cell per target downsampled to 2000
Too many (6062) cell per target downsampled to 2000

Saving intermediate results after processing 680 regions...
Intermediate results saved.

Too many (16389) cell per target downsampled to 2000
Too many (19423) cell per target downsampled to 2000
Too many (11138) cell per target downsampled to 2000
Too many (14064) cell per target downsampled to 2000
Too many (7461) cell per target downsampled to 2000
Too many (22547) cell per target downsampled to 2000
Too many (7653) cell per target downsampled to 2000
Too many (14456) cell per target downsampled to 2000
Too many (13830) cell per target downsampled to 2000
Too many (22947) cell per target downsampled to 2000

Saving intermediate results after processing 690 regions...
Intermediate results saved.

Too many (6449) cell per target downsampled to 2000
Too many (6713) cell per target downsampled to 2000
Too many (13474) cell per target downsampled to 2000
Too many (11840) cell per target downsampled to 2000
Too many (26722) cell per target downsampled to 2000
Too many (9904) cell per target downsampled to 2000
Too many (7373) cell per target downsampled to 2000
Too many (5104) cell per target downsampled to 2000
Too many (7089) cell per target downsampled to 2000
Too many (25689) cell per target downsampled to 2000

Saving intermediate results after processing 700 regions...
Intermediate results saved.

Too many (17442) cell per target downsampled to 2000
Too many (11179) cell per target downsampled to 2000
Too many (25709) cell per target downsampled to 2000
Too many (24098) cell per target downsampled to 2000
Too many (6243) cell per target downsampled to 2000
Too many (12300) cell per target downsampled to 2000
Too many (24670) cell per target downsampled to 2000
Too many (5598) cell per target downsampled to 2000
Too many (9549) cell per target downsampled to 2000
Too many (13630) cell per target downsampled to 2000

Saving intermediate results after processing 710 regions...
Intermediate results saved.

Too many (17797) cell per target downsampled to 2000
Too many (17514) cell per target downsampled to 2000
Too many (16223) cell per target downsampled to 2000
Too many (23743) cell per target downsampled to 2000
Too many (5541) cell per target downsampled to 2000
Too many (5328) cell per target downsampled to 2000
Too many (6203) cell per target downsampled to 2000
Too many (5460) cell per target downsampled to 2000
Too many (17537) cell per target downsampled to 2000
Too many (16200) cell per target downsampled to 2000

Saving intermediate results after processing 720 regions...
Intermediate results saved.

Too many (7824) cell per target downsampled to 2000
Too many (22890) cell per target downsampled to 2000
Too many (9086) cell per target downsampled to 2000
Too many (6344) cell per target downsampled to 2000
Too many (18612) cell per target downsampled to 2000
Too many (8764) cell per target downsampled to 2000
Too many (9477) cell per target downsampled to 2000
Too many (10035) cell per target downsampled to 2000
Too many (7640) cell per target downsampled to 2000
Too many (17646) cell per target downsampled to 2000

Saving intermediate results after processing 730 regions...
Intermediate results saved.

Too many (15941) cell per target downsampled to 2000
Too many (14204) cell per target downsampled to 2000
Too many (13071) cell per target downsampled to 2000
Too many (8296) cell per target downsampled to 2000
Too many (5904) cell per target downsampled to 2000
Too many (8267) cell per target downsampled to 2000
Too many (14752) cell per target downsampled to 2000
Too many (9635) cell per target downsampled to 2000
Too many (12268) cell per target downsampled to 2000
Too many (9807) cell per target downsampled to 2000

Saving intermediate results after processing 740 regions...
Intermediate results saved.

Too many (12114) cell per target downsampled to 2000
Too many (8214) cell per target downsampled to 2000
Too many (9124) cell per target downsampled to 2000
Too many (9989) cell per target downsampled to 2000
Too many (7294) cell per target downsampled to 2000
Too many (30942) cell per target downsampled to 2000
Too many (5733) cell per target downsampled to 2000
Too many (17880) cell per target downsampled to 2000
Too many (12306) cell per target downsampled to 2000
Too many (9030) cell per target downsampled to 2000

Saving intermediate results after processing 750 regions...
Intermediate results saved.

Too many (19563) cell per target downsampled to 2000
Too many (14992) cell per target downsampled to 2000
Too many (10839) cell per target downsampled to 2000
Too many (20626) cell per target downsampled to 2000
Too many (13094) cell per target downsampled to 2000
Too many (12862) cell per target downsampled to 2000
Too many (9805) cell per target downsampled to 2000
Too many (8563) cell per target downsampled to 2000
Too many (5221) cell per target downsampled to 2000
Too many (19387) cell per target downsampled to 2000

Saving intermediate results after processing 760 regions...
Intermediate results saved.

Too many (20234) cell per target downsampled to 2000
Too many (11157) cell per target downsampled to 2000
Too many (8568) cell per target downsampled to 2000
Too many (6660) cell per target downsampled to 2000
Too many (9652) cell per target downsampled to 2000
Too many (13610) cell per target downsampled to 2000
Too many (17892) cell per target downsampled to 2000
Too many (17571) cell per target downsampled to 2000
Too many (11695) cell per target downsampled to 2000
Too many (15816) cell per target downsampled to 2000

Saving intermediate results after processing 770 regions...
Intermediate results saved.

Too many (20957) cell per target downsampled to 2000
Too many (9129) cell per target downsampled to 2000
Too many (13145) cell per target downsampled to 2000
Too many (8879) cell per target downsampled to 2000
Too many (15077) cell per target downsampled to 2000
Too many (12212) cell per target downsampled to 2000
Too many (14357) cell per target downsampled to 2000
Too many (19446) cell per target downsampled to 2000
Too many (4659) cell per target downsampled to 2000
Too many (11817) cell per target downsampled to 2000

Saving intermediate results after processing 780 regions...
Intermediate results saved.

Too many (12640) cell per target downsampled to 2000
Too many (8301) cell per target downsampled to 2000
Too many (20563) cell per target downsampled to 2000
Too many (13578) cell per target downsampled to 2000
Too many (6151) cell per target downsampled to 2000
Too many (9153) cell per target downsampled to 2000
Too many (12637) cell per target downsampled to 2000
Too many (9012) cell per target downsampled to 2000
Too many (14577) cell per target downsampled to 2000
Too many (17488) cell per target downsampled to 2000

Saving intermediate results after processing 790 regions...
Intermediate results saved.

Too many (7890) cell per target downsampled to 2000
Too many (13866) cell per target downsampled to 2000
Too many (8160) cell per target downsampled to 2000
Too many (16602) cell per target downsampled to 2000
Too many (11801) cell per target downsampled to 2000
Too many (16573) cell per target downsampled to 2000
Too many (8720) cell per target downsampled to 2000
Too many (19209) cell per target downsampled to 2000
Too many (11048) cell per target downsampled to 2000
Too many (14088) cell per target downsampled to 2000

Saving intermediate results after processing 800 regions...
Intermediate results saved.

Too many (13996) cell per target downsampled to 2000
Too many (21686) cell per target downsampled to 2000
Too many (4052) cell per target downsampled to 2000
Too many (11232) cell per target downsampled to 2000
Too many (27445) cell per target downsampled to 2000
Too many (4426) cell per target downsampled to 2000
Too many (20337) cell per target downsampled to 2000
Too many (5545) cell per target downsampled to 2000
Too many (27400) cell per target downsampled to 2000
Too many (6479) cell per target downsampled to 2000

Saving intermediate results after processing 810 regions...
Intermediate results saved.

Too many (13644) cell per target downsampled to 2000
Too many (8618) cell per target downsampled to 2000
Too many (14851) cell per target downsampled to 2000
Too many (10293) cell per target downsampled to 2000
Too many (9394) cell per target downsampled to 2000
Too many (13742) cell per target downsampled to 2000
Too many (19727) cell per target downsampled to 2000
Too many (11015) cell per target downsampled to 2000
Too many (10311) cell per target downsampled to 2000
Too many (21310) cell per target downsampled to 2000

Saving intermediate results after processing 820 regions...
Intermediate results saved.

Too many (12961) cell per target downsampled to 2000
Too many (12110) cell per target downsampled to 2000
Too many (10536) cell per target downsampled to 2000
Too many (5749) cell per target downsampled to 2000
Too many (14587) cell per target downsampled to 2000
Too many (24841) cell per target downsampled to 2000
Too many (9559) cell per target downsampled to 2000
Too many (25808) cell per target downsampled to 2000
Too many (14177) cell per target downsampled to 2000
Too many (26351) cell per target downsampled to 2000

Saving intermediate results after processing 830 regions...
Intermediate results saved.

Too many (14106) cell per target downsampled to 2000
Too many (8368) cell per target downsampled to 2000
Too many (11995) cell per target downsampled to 2000
Too many (7453) cell per target downsampled to 2000
Too many (13282) cell per target downsampled to 2000
Too many (17464) cell per target downsampled to 2000
Too many (22823) cell per target downsampled to 2000
Too many (12134) cell per target downsampled to 2000
Too many (8901) cell per target downsampled to 2000
Too many (12150) cell per target downsampled to 2000

Saving intermediate results after processing 840 regions...
Intermediate results saved.

Too many (16690) cell per target downsampled to 2000
Too many (11861) cell per target downsampled to 2000
Too many (10849) cell per target downsampled to 2000
Too many (9100) cell per target downsampled to 2000
Too many (13775) cell per target downsampled to 2000
Too many (5833) cell per target downsampled to 2000
Too many (13924) cell per target downsampled to 2000
Too many (18782) cell per target downsampled to 2000
Too many (16322) cell per target downsampled to 2000
Too many (10934) cell per target downsampled to 2000

Saving intermediate results after processing 850 regions...
Intermediate results saved.

Too many (16251) cell per target downsampled to 2000
Too many (11468) cell per target downsampled to 2000
Too many (14255) cell per target downsampled to 2000
Too many (13687) cell per target downsampled to 2000
Too many (19407) cell per target downsampled to 2000
Too many (17033) cell per target downsampled to 2000
Too many (11296) cell per target downsampled to 2000
Too many (13152) cell per target downsampled to 2000
Too many (13982) cell per target downsampled to 2000
Too many (10938) cell per target downsampled to 2000

Saving intermediate results after processing 860 regions...
Intermediate results saved.

Too many (14102) cell per target downsampled to 2000
Too many (3613) cell per target downsampled to 2000
Too many (2861) cell per target downsampled to 2000
Too many (15923) cell per target downsampled to 2000
Too many (14592) cell per target downsampled to 2000
Too many (13620) cell per target downsampled to 2000
Too many (13310) cell per target downsampled to 2000
Too many (14400) cell per target downsampled to 2000
Too many (4160) cell per target downsampled to 2000
Too many (11621) cell per target downsampled to 2000

Saving intermediate results after processing 870 regions...
Intermediate results saved.

Too many (24527) cell per target downsampled to 2000
Too many (5510) cell per target downsampled to 2000
Too many (34324) cell per target downsampled to 2000
Too many (13865) cell per target downsampled to 2000
Too many (9126) cell per target downsampled to 2000
Too many (15265) cell per target downsampled to 2000
Too many (6175) cell per target downsampled to 2000
Too many (6375) cell per target downsampled to 2000
Too many (13956) cell per target downsampled to 2000

Saving intermediate results after processing 880 regions...
Intermediate results saved.

Too many (10620) cell per target downsampled to 2000
Too many (13265) cell per target downsampled to 2000
Too many (12651) cell per target downsampled to 2000
Too many (4828) cell per target downsampled to 2000
Too many (8777) cell per target downsampled to 2000
Too many (9392) cell per target downsampled to 2000
Too many (13981) cell per target downsampled to 2000
Too many (7272) cell per target downsampled to 2000
Too many (4214) cell per target downsampled to 2000
Too many (6790) cell per target downsampled to 2000

Saving intermediate results after processing 890 regions...
Intermediate results saved.

Too many (3628) cell per target downsampled to 2000
Too many (9190) cell per target downsampled to 2000
Too many (8731) cell per target downsampled to 2000
Too many (15998) cell per target downsampled to 2000
Too many (21668) cell per target downsampled to 2000
Too many (18183) cell per target downsampled to 2000
Too many (6452) cell per target downsampled to 2000
Too many (13466) cell per target downsampled to 2000
Too many (7422) cell per target downsampled to 2000
Too many (15507) cell per target downsampled to 2000

Saving intermediate results after processing 900 regions...
Intermediate results saved.

Too many (13380) cell per target downsampled to 2000
Too many (3247) cell per target downsampled to 2000
Too many (13074) cell per target downsampled to 2000
Too many (3305) cell per target downsampled to 2000
Too many (9647) cell per target downsampled to 2000
Too many (22256) cell per target downsampled to 2000
Too many (6625) cell per target downsampled to 2000
Too many (8235) cell per target downsampled to 2000
Too many (15781) cell per target downsampled to 2000
Too many (22308) cell per target downsampled to 2000

Saving intermediate results after processing 910 regions...
Intermediate results saved.

Too many (8141) cell per target downsampled to 2000
Too many (12402) cell per target downsampled to 2000
Too many (10189) cell per target downsampled to 2000
Too many (6271) cell per target downsampled to 2000
Too many (12286) cell per target downsampled to 2000
Too many (16411) cell per target downsampled to 2000
Too many (7765) cell per target downsampled to 2000
Too many (15970) cell per target downsampled to 2000
Too many (11657) cell per target downsampled to 2000
Too many (18634) cell per target downsampled to 2000

Saving intermediate results after processing 920 regions...
Intermediate results saved.

Too many (11082) cell per target downsampled to 2000
Too many (17983) cell per target downsampled to 2000
Too many (17279) cell per target downsampled to 2000
Too many (9569) cell per target downsampled to 2000
Too many (6159) cell per target downsampled to 2000
Too many (11079) cell per target downsampled to 2000
Too many (7099) cell per target downsampled to 2000
Too many (5711) cell per target downsampled to 2000
Too many (13057) cell per target downsampled to 2000
Too many (13460) cell per target downsampled to 2000

Saving intermediate results after processing 930 regions...
Intermediate results saved.

Too many (18413) cell per target downsampled to 2000
Too many (7804) cell per target downsampled to 2000
Too many (9376) cell per target downsampled to 2000
Too many (13877) cell per target downsampled to 2000
Too many (4417) cell per target downsampled to 2000
Too many (21034) cell per target downsampled to 2000
Too many (9599) cell per target downsampled to 2000
Too many (12879) cell per target downsampled to 2000
Too many (10167) cell per target downsampled to 2000
Too many (9641) cell per target downsampled to 2000

Saving intermediate results after processing 940 regions...
Intermediate results saved.

Too many (14050) cell per target downsampled to 2000
Too many (11917) cell per target downsampled to 2000
Too many (11178) cell per target downsampled to 2000
Too many (11774) cell per target downsampled to 2000
Too many (7353) cell per target downsampled to 2000
Too many (8120) cell per target downsampled to 2000
Too many (20199) cell per target downsampled to 2000
Too many (7515) cell per target downsampled to 2000
Too many (4804) cell per target downsampled to 2000
Too many (10402) cell per target downsampled to 2000

Saving intermediate results after processing 950 regions...
Intermediate results saved.

Too many (15057) cell per target downsampled to 2000
Too many (8826) cell per target downsampled to 2000
Too many (10446) cell per target downsampled to 2000
Too many (15807) cell per target downsampled to 2000
Too many (15652) cell per target downsampled to 2000
Too many (23934) cell per target downsampled to 2000
Too many (13998) cell per target downsampled to 2000
Too many (16516) cell per target downsampled to 2000
Too many (5436) cell per target downsampled to 2000
Too many (10828) cell per target downsampled to 2000

Saving intermediate results after processing 960 regions...
Intermediate results saved.

Too many (19378) cell per target downsampled to 2000
Too many (12301) cell per target downsampled to 2000
Too many (6671) cell per target downsampled to 2000
Too many (9759) cell per target downsampled to 2000
Too many (14485) cell per target downsampled to 2000
Too many (8973) cell per target downsampled to 2000
Too many (16663) cell per target downsampled to 2000
Too many (5534) cell per target downsampled to 2000
Too many (13392) cell per target downsampled to 2000
Too many (19522) cell per target downsampled to 2000

Saving intermediate results after processing 970 regions...
Intermediate results saved.

Too many (17221) cell per target downsampled to 2000
Too many (12172) cell per target downsampled to 2000
Too many (11111) cell per target downsampled to 2000
Too many (10275) cell per target downsampled to 2000
Too many (9521) cell per target downsampled to 2000
Too many (34434) cell per target downsampled to 2000
Too many (11585) cell per target downsampled to 2000
Too many (5388) cell per target downsampled to 2000
Too many (14433) cell per target downsampled to 2000
Too many (14343) cell per target downsampled to 2000

Saving intermediate results after processing 980 regions...
Intermediate results saved.

Too many (35081) cell per target downsampled to 2000
Too many (23688) cell per target downsampled to 2000
Too many (18872) cell per target downsampled to 2000
Too many (17841) cell per target downsampled to 2000
Too many (10211) cell per target downsampled to 2000
Too many (14965) cell per target downsampled to 2000
Too many (17390) cell per target downsampled to 2000
Too many (11735) cell per target downsampled to 2000
Too many (5568) cell per target downsampled to 2000
Too many (16432) cell per target downsampled to 2000

Saving intermediate results after processing 990 regions...
Intermediate results saved.

Too many (10610) cell per target downsampled to 2000
Too many (12954) cell per target downsampled to 2000
Too many (18506) cell per target downsampled to 2000
Too many (8556) cell per target downsampled to 2000
Too many (18915) cell per target downsampled to 2000
Too many (8165) cell per target downsampled to 2000
Too many (10184) cell per target downsampled to 2000
Too many (9740) cell per target downsampled to 2000
Too many (7945) cell per target downsampled to 2000
Too many (10983) cell per target downsampled to 2000

Saving intermediate results after processing 1000 regions...
Intermediate results saved.

Too many (15317) cell per target downsampled to 2000
Too many (10252) cell per target downsampled to 2000
Too many (9855) cell per target downsampled to 2000
Too many (8014) cell per target downsampled to 2000
Too many (8131) cell per target downsampled to 2000
Too many (19118) cell per target downsampled to 2000
Too many (12502) cell per target downsampled to 2000
Too many (15699) cell per target downsampled to 2000
Too many (7988) cell per target downsampled to 2000

Saving intermediate results after processing 1010 regions...
Intermediate results saved.

Too many (14132) cell per target downsampled to 2000
Too many (9609) cell per target downsampled to 2000
Too many (11963) cell per target downsampled to 2000
Too many (18191) cell per target downsampled to 2000
Too many (13419) cell per target downsampled to 2000
Too many (11455) cell per target downsampled to 2000
Too many (6388) cell per target downsampled to 2000
Too many (10044) cell per target downsampled to 2000
Too many (10040) cell per target downsampled to 2000
Too many (13161) cell per target downsampled to 2000

Saving intermediate results after processing 1020 regions...
Intermediate results saved.

Too many (10827) cell per target downsampled to 2000
Too many (8984) cell per target downsampled to 2000
Too many (9462) cell per target downsampled to 2000
Too many (18130) cell per target downsampled to 2000
Too many (12282) cell per target downsampled to 2000
Too many (13283) cell per target downsampled to 2000
Too many (13550) cell per target downsampled to 2000
Too many (11957) cell per target downsampled to 2000
Too many (8471) cell per target downsampled to 2000
Too many (21400) cell per target downsampled to 2000

Saving intermediate results after processing 1030 regions...
Intermediate results saved.

Too many (29792) cell per target downsampled to 2000
Too many (11435) cell per target downsampled to 2000
Too many (23893) cell per target downsampled to 2000
Too many (14913) cell per target downsampled to 2000
Too many (8542) cell per target downsampled to 2000
Too many (13485) cell per target downsampled to 2000
Too many (22140) cell per target downsampled to 2000
Too many (13836) cell per target downsampled to 2000
Too many (7494) cell per target downsampled to 2000
Too many (10281) cell per target downsampled to 2000

Saving intermediate results after processing 1040 regions...
Intermediate results saved.

Too many (13789) cell per target downsampled to 2000
Too many (6324) cell per target downsampled to 2000
Too many (10024) cell per target downsampled to 2000
Too many (5369) cell per target downsampled to 2000
Too many (30103) cell per target downsampled to 2000
Too many (5143) cell per target downsampled to 2000
Too many (10958) cell per target downsampled to 2000
Too many (5516) cell per target downsampled to 2000
Too many (11286) cell per target downsampled to 2000
Too many (15143) cell per target downsampled to 2000

Saving intermediate results after processing 1050 regions...
Intermediate results saved.

Too many (7971) cell per target downsampled to 2000
Too many (10449) cell per target downsampled to 2000
Too many (9613) cell per target downsampled to 2000
Too many (20884) cell per target downsampled to 2000
Too many (23008) cell per target downsampled to 2000
Too many (13022) cell per target downsampled to 2000
Too many (8532) cell per target downsampled to 2000
Too many (4651) cell per target downsampled to 2000
Too many (15493) cell per target downsampled to 2000
Too many (11135) cell per target downsampled to 2000

Saving intermediate results after processing 1060 regions...
Intermediate results saved.

Too many (8257) cell per target downsampled to 2000
Too many (18605) cell per target downsampled to 2000
Too many (6355) cell per target downsampled to 2000
Too many (18010) cell per target downsampled to 2000
Too many (7448) cell per target downsampled to 2000
Too many (7705) cell per target downsampled to 2000
Too many (24175) cell per target downsampled to 2000
Too many (22771) cell per target downsampled to 2000
Too many (4707) cell per target downsampled to 2000
Too many (3471) cell per target downsampled to 2000

Saving intermediate results after processing 1070 regions...
Intermediate results saved.

Too many (17438) cell per target downsampled to 2000
Too many (8438) cell per target downsampled to 2000
Too many (12229) cell per target downsampled to 2000
Too many (22400) cell per target downsampled to 2000
Too many (13031) cell per target downsampled to 2000
Too many (15743) cell per target downsampled to 2000
Too many (18610) cell per target downsampled to 2000
Too many (8778) cell per target downsampled to 2000
Too many (7073) cell per target downsampled to 2000
Too many (9039) cell per target downsampled to 2000

Saving intermediate results after processing 1080 regions...
Intermediate results saved.

Too many (12581) cell per target downsampled to 2000
Too many (8173) cell per target downsampled to 2000
Too many (12078) cell per target downsampled to 2000
Too many (13074) cell per target downsampled to 2000
Too many (6607) cell per target downsampled to 2000
Too many (11338) cell per target downsampled to 2000
Too many (11350) cell per target downsampled to 2000
Too many (14159) cell per target downsampled to 2000
Too many (19494) cell per target downsampled to 2000
Too many (9216) cell per target downsampled to 2000

Saving intermediate results after processing 1090 regions...
Intermediate results saved.

Too many (11621) cell per target downsampled to 2000
Too many (8553) cell per target downsampled to 2000
Too many (3894) cell per target downsampled to 2000
Too many (10764) cell per target downsampled to 2000
Too many (8428) cell per target downsampled to 2000
Too many (23048) cell per target downsampled to 2000
Too many (12636) cell per target downsampled to 2000
Too many (20718) cell per target downsampled to 2000
Too many (8840) cell per target downsampled to 2000
Too many (16405) cell per target downsampled to 2000

Saving intermediate results after processing 1100 regions...
Intermediate results saved.

Too many (4402) cell per target downsampled to 2000
Too many (11207) cell per target downsampled to 2000
Too many (9025) cell per target downsampled to 2000
Too many (13770) cell per target downsampled to 2000
Too many (12974) cell per target downsampled to 2000
Too many (7774) cell per target downsampled to 2000
Too many (13880) cell per target downsampled to 2000
Too many (7665) cell per target downsampled to 2000
Too many (8963) cell per target downsampled to 2000
Too many (8383) cell per target downsampled to 2000

Saving intermediate results after processing 1110 regions...
Intermediate results saved.

Too many (21076) cell per target downsampled to 2000
Too many (9588) cell per target downsampled to 2000
Too many (14910) cell per target downsampled to 2000
Too many (12297) cell per target downsampled to 2000
Too many (33991) cell per target downsampled to 2000
Too many (12735) cell per target downsampled to 2000
Too many (9443) cell per target downsampled to 2000
Too many (14886) cell per target downsampled to 2000
Too many (7505) cell per target downsampled to 2000
Too many (9247) cell per target downsampled to 2000

Saving intermediate results after processing 1120 regions...
Intermediate results saved.

Too many (12786) cell per target downsampled to 2000
Too many (18516) cell per target downsampled to 2000
Too many (11701) cell per target downsampled to 2000
Too many (18363) cell per target downsampled to 2000
Too many (22825) cell per target downsampled to 2000
Too many (21907) cell per target downsampled to 2000
Too many (11488) cell per target downsampled to 2000
Too many (9642) cell per target downsampled to 2000
Too many (8261) cell per target downsampled to 2000
Too many (26855) cell per target downsampled to 2000

Saving intermediate results after processing 1130 regions...
Intermediate results saved.

Too many (11161) cell per target downsampled to 2000
Too many (6566) cell per target downsampled to 2000
Too many (13369) cell per target downsampled to 2000
Too many (15217) cell per target downsampled to 2000
Too many (17947) cell per target downsampled to 2000
Too many (4360) cell per target downsampled to 2000
Too many (5659) cell per target downsampled to 2000
Too many (7188) cell per target downsampled to 2000
Too many (10795) cell per target downsampled to 2000

Saving intermediate results after processing 1140 regions...
Intermediate results saved.

Too many (10162) cell per target downsampled to 2000
Too many (18934) cell per target downsampled to 2000
Too many (6709) cell per target downsampled to 2000
Too many (12195) cell per target downsampled to 2000
Too many (32479) cell per target downsampled to 2000
Too many (18550) cell per target downsampled to 2000
Too many (10926) cell per target downsampled to 2000
Too many (10478) cell per target downsampled to 2000
Too many (8603) cell per target downsampled to 2000
Too many (10027) cell per target downsampled to 2000

Saving intermediate results after processing 1150 regions...
Intermediate results saved.

Too many (9446) cell per target downsampled to 2000
Too many (11322) cell per target downsampled to 2000
Too many (19997) cell per target downsampled to 2000
Too many (7390) cell per target downsampled to 2000
Too many (11439) cell per target downsampled to 2000
Too many (14031) cell per target downsampled to 2000
Too many (15837) cell per target downsampled to 2000
Too many (13542) cell per target downsampled to 2000
Too many (17145) cell per target downsampled to 2000
Too many (21542) cell per target downsampled to 2000

Saving intermediate results after processing 1160 regions...
Intermediate results saved.

Too many (4379) cell per target downsampled to 2000
Too many (5914) cell per target downsampled to 2000
Too many (6610) cell per target downsampled to 2000
Too many (9704) cell per target downsampled to 2000
Too many (6702) cell per target downsampled to 2000
Too many (9619) cell per target downsampled to 2000
Too many (10995) cell per target downsampled to 2000
Too many (13838) cell per target downsampled to 2000
Too many (19554) cell per target downsampled to 2000
Too many (18531) cell per target downsampled to 2000

Saving intermediate results after processing 1170 regions...
Intermediate results saved.

Too many (22969) cell per target downsampled to 2000
Too many (14354) cell per target downsampled to 2000
Too many (5765) cell per target downsampled to 2000
Too many (8646) cell per target downsampled to 2000
Too many (21134) cell per target downsampled to 2000
Too many (16802) cell per target downsampled to 2000
Too many (10798) cell per target downsampled to 2000
Too many (15690) cell per target downsampled to 2000
Too many (15185) cell per target downsampled to 2000
Too many (5479) cell per target downsampled to 2000

Saving intermediate results after processing 1180 regions...
Intermediate results saved.

Too many (15852) cell per target downsampled to 2000
Too many (27663) cell per target downsampled to 2000
Too many (19099) cell per target downsampled to 2000
Too many (7995) cell per target downsampled to 2000
Too many (7417) cell per target downsampled to 2000
Too many (11809) cell per target downsampled to 2000
Too many (12771) cell per target downsampled to 2000
Too many (13873) cell per target downsampled to 2000
Too many (5454) cell per target downsampled to 2000
Too many (17185) cell per target downsampled to 2000

Saving intermediate results after processing 1190 regions...
Intermediate results saved.

Too many (18150) cell per target downsampled to 2000
Too many (9322) cell per target downsampled to 2000
Too many (13799) cell per target downsampled to 2000
Too many (10143) cell per target downsampled to 2000
Too many (14209) cell per target downsampled to 2000
Too many (7233) cell per target downsampled to 2000
Too many (11355) cell per target downsampled to 2000
Too many (10215) cell per target downsampled to 2000
Too many (14842) cell per target downsampled to 2000
Too many (10457) cell per target downsampled to 2000

Saving intermediate results after processing 1200 regions...
Intermediate results saved.

Too many (17949) cell per target downsampled to 2000
Too many (5323) cell per target downsampled to 2000
Too many (19333) cell per target downsampled to 2000
Too many (15161) cell per target downsampled to 2000
Too many (10398) cell per target downsampled to 2000
Too many (9665) cell per target downsampled to 2000
Too many (19330) cell per target downsampled to 2000
Too many (15402) cell per target downsampled to 2000
Too many (14364) cell per target downsampled to 2000
Too many (6782) cell per target downsampled to 2000

Saving intermediate results after processing 1210 regions...
Intermediate results saved.

Too many (24330) cell per target downsampled to 2000
Too many (8284) cell per target downsampled to 2000
Too many (9618) cell per target downsampled to 2000
Too many (17377) cell per target downsampled to 2000
Too many (21842) cell per target downsampled to 2000
Too many (8452) cell per target downsampled to 2000
Too many (8101) cell per target downsampled to 2000
Too many (23603) cell per target downsampled to 2000
Too many (12422) cell per target downsampled to 2000
Too many (5307) cell per target downsampled to 2000

Saving intermediate results after processing 1220 regions...
Intermediate results saved.

Too many (12722) cell per target downsampled to 2000
Too many (10340) cell per target downsampled to 2000
Too many (7033) cell per target downsampled to 2000
Too many (6242) cell per target downsampled to 2000
Too many (7869) cell per target downsampled to 2000
Too many (14457) cell per target downsampled to 2000
Too many (15555) cell per target downsampled to 2000
Too many (7782) cell per target downsampled to 2000
Too many (15903) cell per target downsampled to 2000
Too many (19286) cell per target downsampled to 2000

Saving intermediate results after processing 1230 regions...
Intermediate results saved.

Too many (30828) cell per target downsampled to 2000
Too many (10388) cell per target downsampled to 2000
Too many (23572) cell per target downsampled to 2000
Too many (10470) cell per target downsampled to 2000
Too many (4556) cell per target downsampled to 2000
Too many (9137) cell per target downsampled to 2000
Too many (15048) cell per target downsampled to 2000
Too many (5788) cell per target downsampled to 2000
Too many (12439) cell per target downsampled to 2000

Saving intermediate results after processing 1240 regions...
Intermediate results saved.

Too many (29123) cell per target downsampled to 2000
Too many (19368) cell per target downsampled to 2000
Too many (21615) cell per target downsampled to 2000
Too many (10523) cell per target downsampled to 2000
Too many (7217) cell per target downsampled to 2000
Too many (16282) cell per target downsampled to 2000
Too many (15238) cell per target downsampled to 2000
Too many (6024) cell per target downsampled to 2000
Too many (14742) cell per target downsampled to 2000
Too many (7545) cell per target downsampled to 2000

Saving intermediate results after processing 1250 regions...
Intermediate results saved.

Too many (11571) cell per target downsampled to 2000
Too many (14187) cell per target downsampled to 2000
Too many (13227) cell per target downsampled to 2000
Too many (7721) cell per target downsampled to 2000
Too many (30184) cell per target downsampled to 2000
Too many (6014) cell per target downsampled to 2000
Too many (34377) cell per target downsampled to 2000
Too many (11518) cell per target downsampled to 2000
Too many (11271) cell per target downsampled to 2000
Too many (24725) cell per target downsampled to 2000

Saving intermediate results after processing 1260 regions...
Intermediate results saved.

Too many (15502) cell per target downsampled to 2000
Too many (8118) cell per target downsampled to 2000
Too many (16215) cell per target downsampled to 2000
Too many (9577) cell per target downsampled to 2000
Too many (22430) cell per target downsampled to 2000
Too many (8517) cell per target downsampled to 2000
Too many (9707) cell per target downsampled to 2000
Too many (11602) cell per target downsampled to 2000
Too many (6317) cell per target downsampled to 2000
Too many (11154) cell per target downsampled to 2000

Saving intermediate results after processing 1270 regions...
Intermediate results saved.

Too many (25498) cell per target downsampled to 2000
Too many (11382) cell per target downsampled to 2000
Too many (13733) cell per target downsampled to 2000
Too many (18280) cell per target downsampled to 2000
Too many (13538) cell per target downsampled to 2000
Too many (10913) cell per target downsampled to 2000
Too many (33401) cell per target downsampled to 2000
Too many (18733) cell per target downsampled to 2000
Too many (6531) cell per target downsampled to 2000
Too many (13791) cell per target downsampled to 2000

Saving intermediate results after processing 1280 regions...
Intermediate results saved.

Too many (11337) cell per target downsampled to 2000
Too many (16524) cell per target downsampled to 2000
Too many (18161) cell per target downsampled to 2000
Too many (20402) cell per target downsampled to 2000
Too many (22577) cell per target downsampled to 2000
Too many (6952) cell per target downsampled to 2000
Too many (11415) cell per target downsampled to 2000
Too many (11842) cell per target downsampled to 2000
Too many (16326) cell per target downsampled to 2000
Too many (10071) cell per target downsampled to 2000

Saving intermediate results after processing 1290 regions...
Intermediate results saved.

Too many (7570) cell per target downsampled to 2000
Too many (7390) cell per target downsampled to 2000
Too many (6477) cell per target downsampled to 2000
Too many (15879) cell per target downsampled to 2000
Too many (12053) cell per target downsampled to 2000
Too many (20795) cell per target downsampled to 2000
Too many (5796) cell per target downsampled to 2000
Too many (6922) cell per target downsampled to 2000
Too many (22717) cell per target downsampled to 2000
Too many (7605) cell per target downsampled to 2000

Saving intermediate results after processing 1300 regions...
Intermediate results saved.

Too many (9220) cell per target downsampled to 2000
Too many (43123) cell per target downsampled to 2000
Too many (14622) cell per target downsampled to 2000
Too many (9492) cell per target downsampled to 2000
Too many (29020) cell per target downsampled to 2000
Too many (8961) cell per target downsampled to 2000
Too many (12623) cell per target downsampled to 2000
Too many (6231) cell per target downsampled to 2000
Too many (25193) cell per target downsampled to 2000
Too many (21342) cell per target downsampled to 2000

Saving intermediate results after processing 1310 regions...
Intermediate results saved.

Too many (12593) cell per target downsampled to 2000
Too many (9707) cell per target downsampled to 2000
Too many (23305) cell per target downsampled to 2000
Too many (9195) cell per target downsampled to 2000
Too many (16936) cell per target downsampled to 2000
Too many (8666) cell per target downsampled to 2000
Too many (8796) cell per target downsampled to 2000
Too many (10440) cell per target downsampled to 2000
Too many (9746) cell per target downsampled to 2000
Too many (7714) cell per target downsampled to 2000

Saving intermediate results after processing 1320 regions...
Intermediate results saved.

Too many (9138) cell per target downsampled to 2000
Too many (3656) cell per target downsampled to 2000
Too many (15462) cell per target downsampled to 2000
Too many (11041) cell per target downsampled to 2000
Too many (9443) cell per target downsampled to 2000
Too many (15246) cell per target downsampled to 2000
Too many (13960) cell per target downsampled to 2000
Too many (14558) cell per target downsampled to 2000
Too many (7381) cell per target downsampled to 2000
Too many (12930) cell per target downsampled to 2000

Saving intermediate results after processing 1330 regions...
Intermediate results saved.

Too many (16916) cell per target downsampled to 2000
Too many (16754) cell per target downsampled to 2000
Too many (14208) cell per target downsampled to 2000
Too many (6413) cell per target downsampled to 2000
Too many (16705) cell per target downsampled to 2000
Too many (10696) cell per target downsampled to 2000
Too many (2008) cell per target downsampled to 2000
Too many (15459) cell per target downsampled to 2000
Too many (11402) cell per target downsampled to 2000
Too many (11749) cell per target downsampled to 2000

Saving intermediate results after processing 1340 regions...
Intermediate results saved.

Too many (15081) cell per target downsampled to 2000
Too many (10726) cell per target downsampled to 2000
Too many (29413) cell per target downsampled to 2000
Too many (19261) cell per target downsampled to 2000
Too many (24992) cell per target downsampled to 2000
Too many (5219) cell per target downsampled to 2000
Too many (13595) cell per target downsampled to 2000
Too many (18198) cell per target downsampled to 2000
Too many (10354) cell per target downsampled to 2000
Too many (5552) cell per target downsampled to 2000

Saving intermediate results after processing 1350 regions...
Intermediate results saved.

Too many (4650) cell per target downsampled to 2000
Too many (20356) cell per target downsampled to 2000
Too many (11904) cell per target downsampled to 2000
Too many (13277) cell per target downsampled to 2000
Too many (13347) cell per target downsampled to 2000
Too many (6480) cell per target downsampled to 2000
Too many (15989) cell per target downsampled to 2000
Too many (18561) cell per target downsampled to 2000
Too many (11678) cell per target downsampled to 2000
Too many (29225) cell per target downsampled to 2000

Saving intermediate results after processing 1360 regions...
Intermediate results saved.

Too many (15022) cell per target downsampled to 2000
Too many (6036) cell per target downsampled to 2000
Too many (8233) cell per target downsampled to 2000
Too many (4147) cell per target downsampled to 2000
Too many (3349) cell per target downsampled to 2000
Too many (8185) cell per target downsampled to 2000
Too many (10049) cell per target downsampled to 2000
Too many (16634) cell per target downsampled to 2000
Too many (11836) cell per target downsampled to 2000
Too many (10038) cell per target downsampled to 2000

Saving intermediate results after processing 1370 regions...
Intermediate results saved.

Too many (17177) cell per target downsampled to 2000
Too many (12987) cell per target downsampled to 2000
Too many (10519) cell per target downsampled to 2000
Too many (11464) cell per target downsampled to 2000
Too many (3828) cell per target downsampled to 2000
Too many (7752) cell per target downsampled to 2000
Too many (30657) cell per target downsampled to 2000
Too many (11247) cell per target downsampled to 2000
Too many (6568) cell per target downsampled to 2000
Too many (17744) cell per target downsampled to 2000

Saving intermediate results after processing 1380 regions...
Intermediate results saved.

Too many (10362) cell per target downsampled to 2000
Too many (8127) cell per target downsampled to 2000
Too many (5656) cell per target downsampled to 2000
Too many (9825) cell per target downsampled to 2000
Too many (18054) cell per target downsampled to 2000
Too many (6053) cell per target downsampled to 2000
Too many (7260) cell per target downsampled to 2000
Too many (24030) cell per target downsampled to 2000
Too many (12091) cell per target downsampled to 2000
Too many (12329) cell per target downsampled to 2000

Saving intermediate results after processing 1390 regions...
Intermediate results saved.

Too many (41017) cell per target downsampled to 2000
Too many (18684) cell per target downsampled to 2000
Too many (16373) cell per target downsampled to 2000
Too many (15558) cell per target downsampled to 2000
Too many (11124) cell per target downsampled to 2000
Too many (10554) cell per target downsampled to 2000
Too many (15965) cell per target downsampled to 2000
Too many (17347) cell per target downsampled to 2000
Too many (7449) cell per target downsampled to 2000

Saving intermediate results after processing 1400 regions...
Intermediate results saved.

Too many (4623) cell per target downsampled to 2000
Too many (5519) cell per target downsampled to 2000
Too many (11508) cell per target downsampled to 2000
Too many (24223) cell per target downsampled to 2000
Too many (6835) cell per target downsampled to 2000
Too many (17179) cell per target downsampled to 2000
Too many (21200) cell per target downsampled to 2000
Too many (8137) cell per target downsampled to 2000
Too many (7207) cell per target downsampled to 2000

Saving intermediate results after processing 1410 regions...
Intermediate results saved.

Too many (19831) cell per target downsampled to 2000
Too many (10944) cell per target downsampled to 2000
Too many (36057) cell per target downsampled to 2000
Too many (9745) cell per target downsampled to 2000
Too many (15723) cell per target downsampled to 2000
Too many (12681) cell per target downsampled to 2000
Too many (14171) cell per target downsampled to 2000
Too many (13261) cell per target downsampled to 2000
Too many (11107) cell per target downsampled to 2000
Too many (18173) cell per target downsampled to 2000

Saving intermediate results after processing 1420 regions...
Intermediate results saved.

Too many (2749) cell per target downsampled to 2000
Too many (16532) cell per target downsampled to 2000
Too many (17732) cell per target downsampled to 2000
Too many (9910) cell per target downsampled to 2000
Too many (14237) cell per target downsampled to 2000
Too many (9551) cell per target downsampled to 2000
Too many (15037) cell per target downsampled to 2000
Too many (11275) cell per target downsampled to 2000
Too many (15062) cell per target downsampled to 2000
Too many (3891) cell per target downsampled to 2000

Saving intermediate results after processing 1430 regions...
Intermediate results saved.

Too many (9499) cell per target downsampled to 2000
Too many (14367) cell per target downsampled to 2000
Too many (16398) cell per target downsampled to 2000
Too many (11033) cell per target downsampled to 2000
Too many (16687) cell per target downsampled to 2000
Too many (8830) cell per target downsampled to 2000
Too many (12397) cell per target downsampled to 2000
Too many (21345) cell per target downsampled to 2000
Too many (12273) cell per target downsampled to 2000
Too many (22601) cell per target downsampled to 2000

Saving intermediate results after processing 1440 regions...
Intermediate results saved.

Too many (5482) cell per target downsampled to 2000
Too many (18680) cell per target downsampled to 2000
Too many (23689) cell per target downsampled to 2000
Too many (20829) cell per target downsampled to 2000
Too many (13336) cell per target downsampled to 2000
Too many (12228) cell per target downsampled to 2000
Too many (11128) cell per target downsampled to 2000
Too many (30382) cell per target downsampled to 2000
Too many (17202) cell per target downsampled to 2000
Too many (10106) cell per target downsampled to 2000

Saving intermediate results after processing 1450 regions...
Intermediate results saved.

Too many (24269) cell per target downsampled to 2000
Too many (13445) cell per target downsampled to 2000
Too many (3367) cell per target downsampled to 2000
Too many (18330) cell per target downsampled to 2000
Too many (4641) cell per target downsampled to 2000
Too many (12839) cell per target downsampled to 2000
Too many (14964) cell per target downsampled to 2000
Too many (26284) cell per target downsampled to 2000
Too many (18914) cell per target downsampled to 2000
Too many (15185) cell per target downsampled to 2000

Saving intermediate results after processing 1460 regions...
Intermediate results saved.

Too many (13125) cell per target downsampled to 2000
Too many (7673) cell per target downsampled to 2000
Too many (5655) cell per target downsampled to 2000
Too many (7749) cell per target downsampled to 2000
Too many (7157) cell per target downsampled to 2000
Too many (10609) cell per target downsampled to 2000
Too many (13942) cell per target downsampled to 2000
Too many (12222) cell per target downsampled to 2000
Too many (9480) cell per target downsampled to 2000
Too many (18727) cell per target downsampled to 2000

Saving intermediate results after processing 1470 regions...
Intermediate results saved.

Too many (12402) cell per target downsampled to 2000
Too many (17574) cell per target downsampled to 2000
Too many (14041) cell per target downsampled to 2000
Too many (9794) cell per target downsampled to 2000
Too many (8102) cell per target downsampled to 2000
Too many (24476) cell per target downsampled to 2000
Too many (5093) cell per target downsampled to 2000
Too many (12381) cell per target downsampled to 2000
Too many (20529) cell per target downsampled to 2000
Too many (14309) cell per target downsampled to 2000

Saving intermediate results after processing 1480 regions...
Intermediate results saved.

Too many (12556) cell per target downsampled to 2000
Too many (5502) cell per target downsampled to 2000
Too many (12150) cell per target downsampled to 2000
Too many (37439) cell per target downsampled to 2000
Too many (6978) cell per target downsampled to 2000
Too many (13862) cell per target downsampled to 2000
Too many (15876) cell per target downsampled to 2000
Too many (5457) cell per target downsampled to 2000
Too many (12037) cell per target downsampled to 2000

Saving intermediate results after processing 1490 regions...
Intermediate results saved.

Too many (11708) cell per target downsampled to 2000
Too many (9280) cell per target downsampled to 2000
Too many (13354) cell per target downsampled to 2000
Too many (8952) cell per target downsampled to 2000
Too many (10133) cell per target downsampled to 2000
Too many (19337) cell per target downsampled to 2000
Too many (6139) cell per target downsampled to 2000
Too many (21267) cell per target downsampled to 2000
Too many (11363) cell per target downsampled to 2000
Too many (12858) cell per target downsampled to 2000

Saving intermediate results after processing 1500 regions...
Intermediate results saved.

Too many (16019) cell per target downsampled to 2000
Too many (11616) cell per target downsampled to 2000
Too many (16022) cell per target downsampled to 2000
Too many (11446) cell per target downsampled to 2000
Too many (19474) cell per target downsampled to 2000
Too many (21503) cell per target downsampled to 2000
Too many (10356) cell per target downsampled to 2000
Too many (10646) cell per target downsampled to 2000
Too many (13919) cell per target downsampled to 2000
Too many (10043) cell per target downsampled to 2000

Saving intermediate results after processing 1510 regions...
Intermediate results saved.

Too many (10519) cell per target downsampled to 2000
Too many (8491) cell per target downsampled to 2000
Too many (17648) cell per target downsampled to 2000
Too many (11293) cell per target downsampled to 2000
Too many (5412) cell per target downsampled to 2000
Too many (10365) cell per target downsampled to 2000
Too many (9578) cell per target downsampled to 2000
Too many (13312) cell per target downsampled to 2000
Too many (12047) cell per target downsampled to 2000
Too many (15708) cell per target downsampled to 2000

Saving intermediate results after processing 1520 regions...
Intermediate results saved.

Too many (12560) cell per target downsampled to 2000
Too many (10605) cell per target downsampled to 2000
Too many (9941) cell per target downsampled to 2000
Too many (20978) cell per target downsampled to 2000
Too many (12592) cell per target downsampled to 2000
Too many (10683) cell per target downsampled to 2000
Too many (19250) cell per target downsampled to 2000
Too many (15754) cell per target downsampled to 2000
Too many (22483) cell per target downsampled to 2000
Too many (6303) cell per target downsampled to 2000

Saving intermediate results after processing 1530 regions...
Intermediate results saved.

Too many (23949) cell per target downsampled to 2000
Too many (13489) cell per target downsampled to 2000
Too many (8715) cell per target downsampled to 2000
Too many (13436) cell per target downsampled to 2000
Too many (11310) cell per target downsampled to 2000
Too many (7721) cell per target downsampled to 2000
Too many (9340) cell per target downsampled to 2000
Too many (7244) cell per target downsampled to 2000
Too many (12273) cell per target downsampled to 2000
Too many (12856) cell per target downsampled to 2000

Saving intermediate results after processing 1540 regions...
Intermediate results saved.

Too many (17145) cell per target downsampled to 2000
Too many (13281) cell per target downsampled to 2000
Too many (14428) cell per target downsampled to 2000
Too many (16320) cell per target downsampled to 2000
Too many (8954) cell per target downsampled to 2000
Too many (7596) cell per target downsampled to 2000
Too many (10326) cell per target downsampled to 2000
Too many (10912) cell per target downsampled to 2000
Too many (7481) cell per target downsampled to 2000
Too many (18091) cell per target downsampled to 2000

Saving intermediate results after processing 1550 regions...
Intermediate results saved.

Too many (13651) cell per target downsampled to 2000
Too many (13173) cell per target downsampled to 2000
Too many (9975) cell per target downsampled to 2000
Too many (5382) cell per target downsampled to 2000
Too many (18097) cell per target downsampled to 2000
Too many (13177) cell per target downsampled to 2000
Too many (13572) cell per target downsampled to 2000
Too many (14710) cell per target downsampled to 2000
Too many (8413) cell per target downsampled to 2000
Too many (13275) cell per target downsampled to 2000

Saving intermediate results after processing 1560 regions...
Intermediate results saved.

Too many (18561) cell per target downsampled to 2000
Too many (42891) cell per target downsampled to 2000
Too many (12244) cell per target downsampled to 2000
Too many (14015) cell per target downsampled to 2000
Too many (5250) cell per target downsampled to 2000
Too many (9868) cell per target downsampled to 2000
Too many (16092) cell per target downsampled to 2000
Too many (11477) cell per target downsampled to 2000
Too many (4565) cell per target downsampled to 2000
Too many (23045) cell per target downsampled to 2000

Saving intermediate results after processing 1570 regions...
Intermediate results saved.

Too many (7918) cell per target downsampled to 2000
Too many (10366) cell per target downsampled to 2000
Too many (5346) cell per target downsampled to 2000
Too many (7003) cell per target downsampled to 2000
Too many (19945) cell per target downsampled to 2000
Too many (6578) cell per target downsampled to 2000
Too many (19908) cell per target downsampled to 2000
Too many (15806) cell per target downsampled to 2000
Too many (7362) cell per target downsampled to 2000
Too many (17366) cell per target downsampled to 2000

Saving intermediate results after processing 1580 regions...
Intermediate results saved.

Too many (7500) cell per target downsampled to 2000
Too many (3590) cell per target downsampled to 2000
Too many (22023) cell per target downsampled to 2000
Too many (14590) cell per target downsampled to 2000
Too many (12182) cell per target downsampled to 2000
Too many (6634) cell per target downsampled to 2000
Too many (14342) cell per target downsampled to 2000
Too many (5656) cell per target downsampled to 2000
Too many (12055) cell per target downsampled to 2000
Too many (10223) cell per target downsampled to 2000

Saving intermediate results after processing 1590 regions...
Intermediate results saved.

Too many (6295) cell per target downsampled to 2000
Too many (11366) cell per target downsampled to 2000
Too many (20726) cell per target downsampled to 2000
Too many (12164) cell per target downsampled to 2000
Too many (15655) cell per target downsampled to 2000
Too many (17189) cell per target downsampled to 2000
Too many (11750) cell per target downsampled to 2000
Too many (14688) cell per target downsampled to 2000
Too many (10257) cell per target downsampled to 2000
Too many (18092) cell per target downsampled to 2000

Saving intermediate results after processing 1600 regions...
Intermediate results saved.

Too many (7080) cell per target downsampled to 2000
Too many (25503) cell per target downsampled to 2000
Too many (12876) cell per target downsampled to 2000
Too many (8977) cell per target downsampled to 2000
Too many (13687) cell per target downsampled to 2000
Too many (22743) cell per target downsampled to 2000
Too many (18649) cell per target downsampled to 2000
Too many (10200) cell per target downsampled to 2000
Too many (18114) cell per target downsampled to 2000
Too many (22883) cell per target downsampled to 2000

Saving intermediate results after processing 1610 regions...
Intermediate results saved.

Too many (10432) cell per target downsampled to 2000
Too many (9114) cell per target downsampled to 2000
Too many (13732) cell per target downsampled to 2000
Too many (13689) cell per target downsampled to 2000
Too many (10565) cell per target downsampled to 2000
Too many (8134) cell per target downsampled to 2000
Too many (10386) cell per target downsampled to 2000
Too many (10965) cell per target downsampled to 2000
Too many (5087) cell per target downsampled to 2000
Too many (8922) cell per target downsampled to 2000

Saving intermediate results after processing 1620 regions...
Intermediate results saved.

Too many (15440) cell per target downsampled to 2000
Too many (8819) cell per target downsampled to 2000
Too many (5011) cell per target downsampled to 2000
Too many (10636) cell per target downsampled to 2000
Too many (10147) cell per target downsampled to 2000
Too many (21934) cell per target downsampled to 2000
Too many (20999) cell per target downsampled to 2000
Too many (13874) cell per target downsampled to 2000
Too many (18312) cell per target downsampled to 2000
Too many (9821) cell per target downsampled to 2000

Saving intermediate results after processing 1630 regions...
Intermediate results saved.

Too many (19023) cell per target downsampled to 2000
Too many (7823) cell per target downsampled to 2000
Too many (11437) cell per target downsampled to 2000
Too many (16524) cell per target downsampled to 2000
Too many (12075) cell per target downsampled to 2000
Too many (9059) cell per target downsampled to 2000
Too many (9991) cell per target downsampled to 2000
Too many (8350) cell per target downsampled to 2000
Too many (4656) cell per target downsampled to 2000
Too many (10609) cell per target downsampled to 2000

Saving intermediate results after processing 1640 regions...
Intermediate results saved.

Too many (11652) cell per target downsampled to 2000
Too many (6738) cell per target downsampled to 2000
Too many (27806) cell per target downsampled to 2000
Too many (19896) cell per target downsampled to 2000
Too many (19348) cell per target downsampled to 2000
Too many (2061) cell per target downsampled to 2000
Too many (18350) cell per target downsampled to 2000
Too many (10830) cell per target downsampled to 2000
Too many (2504) cell per target downsampled to 2000
Too many (8114) cell per target downsampled to 2000

Saving intermediate results after processing 1650 regions...
Intermediate results saved.

Too many (9462) cell per target downsampled to 2000
Too many (13649) cell per target downsampled to 2000
Too many (25027) cell per target downsampled to 2000
Too many (10828) cell per target downsampled to 2000
Too many (44369) cell per target downsampled to 2000
Too many (8994) cell per target downsampled to 2000
Too many (21541) cell per target downsampled to 2000
Too many (24943) cell per target downsampled to 2000
Too many (11798) cell per target downsampled to 2000
Too many (9984) cell per target downsampled to 2000

Saving intermediate results after processing 1660 regions...
Intermediate results saved.

Too many (14482) cell per target downsampled to 2000
Too many (12715) cell per target downsampled to 2000
Too many (15736) cell per target downsampled to 2000
Too many (10942) cell per target downsampled to 2000
Too many (8197) cell per target downsampled to 2000
Too many (16311) cell per target downsampled to 2000
Too many (13240) cell per target downsampled to 2000
Too many (12437) cell per target downsampled to 2000
Too many (25661) cell per target downsampled to 2000
Too many (26671) cell per target downsampled to 2000

Saving intermediate results after processing 1670 regions...
Intermediate results saved.

Too many (7058) cell per target downsampled to 2000
Too many (6329) cell per target downsampled to 2000
Too many (12830) cell per target downsampled to 2000
Too many (15958) cell per target downsampled to 2000
Too many (35538) cell per target downsampled to 2000
Too many (9605) cell per target downsampled to 2000
Too many (16526) cell per target downsampled to 2000
Too many (6433) cell per target downsampled to 2000
Too many (16156) cell per target downsampled to 2000
Too many (28117) cell per target downsampled to 2000

Saving intermediate results after processing 1680 regions...
Intermediate results saved.

Too many (10329) cell per target downsampled to 2000
Too many (17523) cell per target downsampled to 2000
Too many (12168) cell per target downsampled to 2000
Too many (11335) cell per target downsampled to 2000
Too many (16820) cell per target downsampled to 2000
Too many (15966) cell per target downsampled to 2000
Too many (10647) cell per target downsampled to 2000
Too many (17176) cell per target downsampled to 2000
Too many (7063) cell per target downsampled to 2000
Too many (26784) cell per target downsampled to 2000

Saving intermediate results after processing 1690 regions...
Intermediate results saved.

Too many (5502) cell per target downsampled to 2000
Too many (16585) cell per target downsampled to 2000
Too many (13591) cell per target downsampled to 2000
Too many (10499) cell per target downsampled to 2000
Too many (16379) cell per target downsampled to 2000
Too many (10074) cell per target downsampled to 2000
Too many (11612) cell per target downsampled to 2000
Too many (10817) cell per target downsampled to 2000
Too many (12152) cell per target downsampled to 2000
Too many (21995) cell per target downsampled to 2000

Saving intermediate results after processing 1700 regions...
Intermediate results saved.

Too many (10160) cell per target downsampled to 2000
Too many (12935) cell per target downsampled to 2000
Too many (16026) cell per target downsampled to 2000
Too many (15774) cell per target downsampled to 2000
Too many (8268) cell per target downsampled to 2000
Too many (8080) cell per target downsampled to 2000
Too many (10836) cell per target downsampled to 2000
Too many (17201) cell per target downsampled to 2000
Too many (9245) cell per target downsampled to 2000
Too many (7214) cell per target downsampled to 2000

Saving intermediate results after processing 1710 regions...
Intermediate results saved.

Too many (9541) cell per target downsampled to 2000
Too many (18224) cell per target downsampled to 2000
Too many (3149) cell per target downsampled to 2000
Too many (26451) cell per target downsampled to 2000
Too many (6503) cell per target downsampled to 2000
Too many (12222) cell per target downsampled to 2000
Too many (14942) cell per target downsampled to 2000
Too many (8272) cell per target downsampled to 2000
Too many (9728) cell per target downsampled to 2000
Too many (19310) cell per target downsampled to 2000

Saving intermediate results after processing 1720 regions...
Intermediate results saved.

Too many (4552) cell per target downsampled to 2000
Too many (7625) cell per target downsampled to 2000
Too many (7677) cell per target downsampled to 2000
Too many (9032) cell per target downsampled to 2000
Too many (8643) cell per target downsampled to 2000
Too many (16644) cell per target downsampled to 2000
Too many (21033) cell per target downsampled to 2000
Too many (13167) cell per target downsampled to 2000
Too many (14526) cell per target downsampled to 2000
Too many (13290) cell per target downsampled to 2000

Saving intermediate results after processing 1730 regions...
Intermediate results saved.

Too many (8508) cell per target downsampled to 2000
Too many (9699) cell per target downsampled to 2000
Too many (12758) cell per target downsampled to 2000
Too many (15388) cell per target downsampled to 2000
Too many (11927) cell per target downsampled to 2000
Too many (13797) cell per target downsampled to 2000
Too many (6891) cell per target downsampled to 2000
Too many (24614) cell per target downsampled to 2000
Too many (10909) cell per target downsampled to 2000
Too many (15086) cell per target downsampled to 2000

Saving intermediate results after processing 1740 regions...
Intermediate results saved.

Too many (9752) cell per target downsampled to 2000
Too many (13543) cell per target downsampled to 2000
Too many (21187) cell per target downsampled to 2000
Too many (21559) cell per target downsampled to 2000
Too many (24163) cell per target downsampled to 2000
Too many (14461) cell per target downsampled to 2000
Too many (17215) cell per target downsampled to 2000
Too many (11445) cell per target downsampled to 2000
Too many (10190) cell per target downsampled to 2000
Too many (13680) cell per target downsampled to 2000

Saving intermediate results after processing 1750 regions...
Intermediate results saved.

Too many (3706) cell per target downsampled to 2000
Too many (9673) cell per target downsampled to 2000
Too many (8971) cell per target downsampled to 2000
Too many (14498) cell per target downsampled to 2000
Too many (5215) cell per target downsampled to 2000
Too many (6987) cell per target downsampled to 2000
Too many (9951) cell per target downsampled to 2000
Too many (20608) cell per target downsampled to 2000
Too many (8587) cell per target downsampled to 2000
Too many (7671) cell per target downsampled to 2000

Saving intermediate results after processing 1760 regions...
Intermediate results saved.

Too many (25237) cell per target downsampled to 2000
Too many (9739) cell per target downsampled to 2000
Too many (13514) cell per target downsampled to 2000
Too many (26286) cell per target downsampled to 2000
Too many (5019) cell per target downsampled to 2000
Too many (6632) cell per target downsampled to 2000
Too many (11655) cell per target downsampled to 2000
Too many (9469) cell per target downsampled to 2000
Too many (14807) cell per target downsampled to 2000
Too many (9647) cell per target downsampled to 2000

Saving intermediate results after processing 1770 regions...
Intermediate results saved.

Too many (7286) cell per target downsampled to 2000
Too many (13077) cell per target downsampled to 2000
Too many (11279) cell per target downsampled to 2000
Too many (12768) cell per target downsampled to 2000
Too many (6597) cell per target downsampled to 2000
Too many (3731) cell per target downsampled to 2000
Too many (19730) cell per target downsampled to 2000
Too many (11844) cell per target downsampled to 2000
Too many (13688) cell per target downsampled to 2000
Too many (18496) cell per target downsampled to 2000

Saving intermediate results after processing 1780 regions...
Intermediate results saved.

Too many (15729) cell per target downsampled to 2000
Too many (6966) cell per target downsampled to 2000
Too many (20778) cell per target downsampled to 2000
Too many (21940) cell per target downsampled to 2000
Too many (15623) cell per target downsampled to 2000
Too many (15020) cell per target downsampled to 2000
Too many (8790) cell per target downsampled to 2000
Too many (17164) cell per target downsampled to 2000
Too many (19440) cell per target downsampled to 2000
Too many (18030) cell per target downsampled to 2000

Saving intermediate results after processing 1790 regions...
Intermediate results saved.

Too many (11738) cell per target downsampled to 2000
Too many (11352) cell per target downsampled to 2000
Too many (6789) cell per target downsampled to 2000
Too many (12285) cell per target downsampled to 2000
Too many (14436) cell per target downsampled to 2000
Too many (7450) cell per target downsampled to 2000
Too many (7814) cell per target downsampled to 2000
Too many (8652) cell per target downsampled to 2000
Too many (18086) cell per target downsampled to 2000
Too many (14892) cell per target downsampled to 2000

Saving intermediate results after processing 1800 regions...
Intermediate results saved.

Too many (12829) cell per target downsampled to 2000
Too many (36366) cell per target downsampled to 2000
Too many (18864) cell per target downsampled to 2000
Too many (8065) cell per target downsampled to 2000
Too many (11139) cell per target downsampled to 2000
Too many (4677) cell per target downsampled to 2000
Too many (18088) cell per target downsampled to 2000
Too many (15239) cell per target downsampled to 2000
Too many (6019) cell per target downsampled to 2000
Too many (29037) cell per target downsampled to 2000

Saving intermediate results after processing 1810 regions...
Intermediate results saved.

Too many (10625) cell per target downsampled to 2000
Too many (15676) cell per target downsampled to 2000
Too many (21782) cell per target downsampled to 2000
Too many (16762) cell per target downsampled to 2000
Too many (11387) cell per target downsampled to 2000
Too many (23459) cell per target downsampled to 2000
Too many (9860) cell per target downsampled to 2000
Too many (12410) cell per target downsampled to 2000
Too many (4678) cell per target downsampled to 2000
Too many (21215) cell per target downsampled to 2000

Saving intermediate results after processing 1820 regions...
Intermediate results saved.

Too many (5478) cell per target downsampled to 2000
Too many (8828) cell per target downsampled to 2000
Too many (13308) cell per target downsampled to 2000
Too many (5470) cell per target downsampled to 2000
Too many (13823) cell per target downsampled to 2000
Too many (14515) cell per target downsampled to 2000
Too many (13226) cell per target downsampled to 2000
Too many (21738) cell per target downsampled to 2000
Too many (10966) cell per target downsampled to 2000

Saving intermediate results after processing 1830 regions...
Intermediate results saved.

Too many (7839) cell per target downsampled to 2000
Too many (22706) cell per target downsampled to 2000
Too many (11690) cell per target downsampled to 2000
Too many (11769) cell per target downsampled to 2000
Too many (11758) cell per target downsampled to 2000
Too many (15191) cell per target downsampled to 2000
Too many (14038) cell per target downsampled to 2000
Too many (13291) cell per target downsampled to 2000
Too many (5170) cell per target downsampled to 2000
Too many (13951) cell per target downsampled to 2000

Saving intermediate results after processing 1840 regions...
Intermediate results saved.

Too many (7785) cell per target downsampled to 2000
Too many (18830) cell per target downsampled to 2000
Too many (21369) cell per target downsampled to 2000
Too many (12317) cell per target downsampled to 2000
Too many (11592) cell per target downsampled to 2000
Too many (9253) cell per target downsampled to 2000
Too many (8006) cell per target downsampled to 2000
Too many (10250) cell per target downsampled to 2000
Too many (11215) cell per target downsampled to 2000
Too many (25506) cell per target downsampled to 2000

Saving intermediate results after processing 1850 regions...
Intermediate results saved.

Too many (19367) cell per target downsampled to 2000
Too many (17773) cell per target downsampled to 2000
Too many (8188) cell per target downsampled to 2000
Too many (13373) cell per target downsampled to 2000
Too many (13414) cell per target downsampled to 2000
Too many (14690) cell per target downsampled to 2000
Too many (26163) cell per target downsampled to 2000
Too many (9722) cell per target downsampled to 2000
Too many (9754) cell per target downsampled to 2000
Too many (10058) cell per target downsampled to 2000

Saving intermediate results after processing 1860 regions...
Intermediate results saved.

Too many (8041) cell per target downsampled to 2000
Too many (16482) cell per target downsampled to 2000
Too many (14537) cell per target downsampled to 2000
Too many (11067) cell per target downsampled to 2000
Too many (15654) cell per target downsampled to 2000
Too many (4731) cell per target downsampled to 2000
Too many (20376) cell per target downsampled to 2000
Too many (15031) cell per target downsampled to 2000
Too many (18912) cell per target downsampled to 2000
Too many (20282) cell per target downsampled to 2000

Saving intermediate results after processing 1870 regions...
Intermediate results saved.

Too many (8089) cell per target downsampled to 2000
Too many (13324) cell per target downsampled to 2000
Too many (10899) cell per target downsampled to 2000
Too many (7184) cell per target downsampled to 2000
Too many (13647) cell per target downsampled to 2000
Too many (12038) cell per target downsampled to 2000
Too many (16461) cell per target downsampled to 2000
Too many (11450) cell per target downsampled to 2000
Too many (17399) cell per target downsampled to 2000
Too many (17068) cell per target downsampled to 2000

Saving intermediate results after processing 1880 regions...
Intermediate results saved.

Too many (13784) cell per target downsampled to 2000
Too many (9133) cell per target downsampled to 2000
Too many (9548) cell per target downsampled to 2000
Too many (19329) cell per target downsampled to 2000
Too many (7708) cell per target downsampled to 2000
Too many (21719) cell per target downsampled to 2000
Too many (12518) cell per target downsampled to 2000
Too many (4134) cell per target downsampled to 2000
Too many (18617) cell per target downsampled to 2000
Too many (10263) cell per target downsampled to 2000

Saving intermediate results after processing 1890 regions...
Intermediate results saved.

Too many (16220) cell per target downsampled to 2000
Too many (15624) cell per target downsampled to 2000
Too many (9721) cell per target downsampled to 2000
Too many (13972) cell per target downsampled to 2000
Too many (14892) cell per target downsampled to 2000
Too many (7417) cell per target downsampled to 2000
Too many (6984) cell per target downsampled to 2000
Too many (11984) cell per target downsampled to 2000
Too many (36995) cell per target downsampled to 2000
Too many (19964) cell per target downsampled to 2000

Saving intermediate results after processing 1900 regions...
Intermediate results saved.

Too many (6571) cell per target downsampled to 2000
Too many (15656) cell per target downsampled to 2000
Too many (7682) cell per target downsampled to 2000
Too many (15983) cell per target downsampled to 2000
Too many (14070) cell per target downsampled to 2000
Too many (25478) cell per target downsampled to 2000
Too many (6588) cell per target downsampled to 2000
Too many (10799) cell per target downsampled to 2000
Too many (12416) cell per target downsampled to 2000
Too many (30679) cell per target downsampled to 2000

Saving intermediate results after processing 1910 regions...
Intermediate results saved.

Too many (28036) cell per target downsampled to 2000
Too many (24856) cell per target downsampled to 2000
Too many (8131) cell per target downsampled to 2000
Too many (12211) cell per target downsampled to 2000
Too many (15713) cell per target downsampled to 2000
Too many (18121) cell per target downsampled to 2000
Too many (4904) cell per target downsampled to 2000
Too many (11072) cell per target downsampled to 2000
Too many (14441) cell per target downsampled to 2000
Too many (8739) cell per target downsampled to 2000

Saving intermediate results after processing 1920 regions...
Intermediate results saved.

Too many (24847) cell per target downsampled to 2000
Too many (22469) cell per target downsampled to 2000
Too many (11019) cell per target downsampled to 2000
Too many (12010) cell per target downsampled to 2000
Too many (9693) cell per target downsampled to 2000
Too many (11916) cell per target downsampled to 2000
Too many (8478) cell per target downsampled to 2000
Too many (14753) cell per target downsampled to 2000
Too many (22622) cell per target downsampled to 2000
Too many (14606) cell per target downsampled to 2000

Saving intermediate results after processing 1930 regions...
Intermediate results saved.

Too many (10683) cell per target downsampled to 2000
Too many (13355) cell per target downsampled to 2000
Too many (19211) cell per target downsampled to 2000
Too many (23855) cell per target downsampled to 2000
Too many (9958) cell per target downsampled to 2000
Too many (17357) cell per target downsampled to 2000
Too many (7121) cell per target downsampled to 2000
Too many (6110) cell per target downsampled to 2000
Too many (11080) cell per target downsampled to 2000
Too many (5724) cell per target downsampled to 2000

Saving intermediate results after processing 1940 regions...
Intermediate results saved.

Too many (12850) cell per target downsampled to 2000
Too many (10726) cell per target downsampled to 2000
Too many (12924) cell per target downsampled to 2000
Too many (4565) cell per target downsampled to 2000
Too many (8283) cell per target downsampled to 2000
Too many (9631) cell per target downsampled to 2000
Too many (16530) cell per target downsampled to 2000
Too many (11008) cell per target downsampled to 2000
Too many (11739) cell per target downsampled to 2000
Too many (12370) cell per target downsampled to 2000

Saving intermediate results after processing 1950 regions...
Intermediate results saved.

Too many (16437) cell per target downsampled to 2000
Too many (15153) cell per target downsampled to 2000
Too many (14957) cell per target downsampled to 2000
Too many (11740) cell per target downsampled to 2000
Too many (15834) cell per target downsampled to 2000
Too many (17152) cell per target downsampled to 2000
Too many (10434) cell per target downsampled to 2000
Too many (7845) cell per target downsampled to 2000
Too many (12039) cell per target downsampled to 2000
Too many (14232) cell per target downsampled to 2000

Saving intermediate results after processing 1960 regions...
Intermediate results saved.

Too many (9802) cell per target downsampled to 2000
Too many (13644) cell per target downsampled to 2000
Too many (11661) cell per target downsampled to 2000
Too many (7489) cell per target downsampled to 2000
Too many (22549) cell per target downsampled to 2000
Too many (7625) cell per target downsampled to 2000
Too many (7037) cell per target downsampled to 2000
Too many (12600) cell per target downsampled to 2000
Too many (11581) cell per target downsampled to 2000
Too many (7569) cell per target downsampled to 2000

Saving intermediate results after processing 1970 regions...
Intermediate results saved.

Too many (16308) cell per target downsampled to 2000
Too many (13866) cell per target downsampled to 2000
Too many (9925) cell per target downsampled to 2000
Too many (10820) cell per target downsampled to 2000
Too many (12926) cell per target downsampled to 2000
Too many (9412) cell per target downsampled to 2000
Too many (25192) cell per target downsampled to 2000
Too many (6730) cell per target downsampled to 2000
Too many (35895) cell per target downsampled to 2000
Too many (21299) cell per target downsampled to 2000

Saving intermediate results after processing 1980 regions...
Intermediate results saved.

Too many (10354) cell per target downsampled to 2000
Too many (20195) cell per target downsampled to 2000
Too many (7350) cell per target downsampled to 2000
Too many (20500) cell per target downsampled to 2000
Too many (10888) cell per target downsampled to 2000
Too many (11308) cell per target downsampled to 2000
Too many (19406) cell per target downsampled to 2000
Too many (10634) cell per target downsampled to 2000
Too many (22749) cell per target downsampled to 2000
Too many (17660) cell per target downsampled to 2000

Saving intermediate results after processing 1990 regions...
Intermediate results saved.

Too many (12965) cell per target downsampled to 2000
Too many (15949) cell per target downsampled to 2000
Too many (18708) cell per target downsampled to 2000
Too many (21112) cell per target downsampled to 2000
Too many (5451) cell per target downsampled to 2000
Too many (12584) cell per target downsampled to 2000
Too many (12560) cell per target downsampled to 2000
Too many (24480) cell per target downsampled to 2000
Too many (20853) cell per target downsampled to 2000
Too many (20954) cell per target downsampled to 2000

Saving intermediate results after processing 2000 regions...
Intermediate results saved.

Too many (16501) cell per target downsampled to 2000
Too many (12305) cell per target downsampled to 2000
Too many (25074) cell per target downsampled to 2000
Too many (5810) cell per target downsampled to 2000
Too many (8474) cell per target downsampled to 2000
Too many (7362) cell per target downsampled to 2000
Too many (13327) cell per target downsampled to 2000
Too many (17827) cell per target downsampled to 2000
Too many (14210) cell per target downsampled to 2000
Too many (16879) cell per target downsampled to 2000

Saving intermediate results after processing 2010 regions...
Intermediate results saved.

Too many (16806) cell per target downsampled to 2000
Too many (27074) cell per target downsampled to 2000
Too many (15044) cell per target downsampled to 2000
Too many (7119) cell per target downsampled to 2000
Too many (28656) cell per target downsampled to 2000
Too many (20434) cell per target downsampled to 2000
Too many (7633) cell per target downsampled to 2000
Too many (22172) cell per target downsampled to 2000
Too many (8230) cell per target downsampled to 2000
Too many (22297) cell per target downsampled to 2000

Saving intermediate results after processing 2020 regions...
Intermediate results saved.

Too many (4679) cell per target downsampled to 2000
Too many (12308) cell per target downsampled to 2000
Too many (10833) cell per target downsampled to 2000
Too many (13917) cell per target downsampled to 2000
Too many (14797) cell per target downsampled to 2000
Too many (14526) cell per target downsampled to 2000
Too many (11293) cell per target downsampled to 2000
Too many (5301) cell per target downsampled to 2000
Too many (12886) cell per target downsampled to 2000

Saving intermediate results after processing 2030 regions...
Intermediate results saved.

Too many (8115) cell per target downsampled to 2000
Too many (18707) cell per target downsampled to 2000
Too many (11957) cell per target downsampled to 2000
Too many (8615) cell per target downsampled to 2000
Too many (16159) cell per target downsampled to 2000
Too many (11117) cell per target downsampled to 2000
Too many (11933) cell per target downsampled to 2000
Too many (8160) cell per target downsampled to 2000
Too many (17268) cell per target downsampled to 2000
Too many (19525) cell per target downsampled to 2000

Saving intermediate results after processing 2040 regions...
Intermediate results saved.

Too many (14056) cell per target downsampled to 2000
Too many (13421) cell per target downsampled to 2000
Too many (8848) cell per target downsampled to 2000
Too many (23309) cell per target downsampled to 2000
Too many (7946) cell per target downsampled to 2000
Too many (8400) cell per target downsampled to 2000
Too many (7142) cell per target downsampled to 2000
Too many (24942) cell per target downsampled to 2000
Too many (19624) cell per target downsampled to 2000
Too many (9192) cell per target downsampled to 2000

Saving intermediate results after processing 2050 regions...
Intermediate results saved.

Too many (14133) cell per target downsampled to 2000
Too many (9455) cell per target downsampled to 2000
Too many (21360) cell per target downsampled to 2000
Too many (15300) cell per target downsampled to 2000
Too many (19209) cell per target downsampled to 2000
Too many (11077) cell per target downsampled to 2000
Too many (13192) cell per target downsampled to 2000
Too many (7312) cell per target downsampled to 2000
Too many (15323) cell per target downsampled to 2000
Too many (18358) cell per target downsampled to 2000

Saving intermediate results after processing 2060 regions...
Intermediate results saved.

Too many (17729) cell per target downsampled to 2000
Too many (4395) cell per target downsampled to 2000
Too many (13091) cell per target downsampled to 2000
Too many (15522) cell per target downsampled to 2000
Too many (9126) cell per target downsampled to 2000
Too many (10968) cell per target downsampled to 2000
Too many (15169) cell per target downsampled to 2000
Too many (19582) cell per target downsampled to 2000
Too many (7004) cell per target downsampled to 2000
Too many (24372) cell per target downsampled to 2000

Saving intermediate results after processing 2070 regions...
Intermediate results saved.

Too many (4606) cell per target downsampled to 2000
Too many (6212) cell per target downsampled to 2000
Too many (14821) cell per target downsampled to 2000
Too many (16095) cell per target downsampled to 2000
Too many (18377) cell per target downsampled to 2000
Too many (18920) cell per target downsampled to 2000
Too many (19151) cell per target downsampled to 2000
Too many (6050) cell per target downsampled to 2000
Too many (7749) cell per target downsampled to 2000
Too many (8906) cell per target downsampled to 2000

Saving intermediate results after processing 2080 regions...
Intermediate results saved.

Too many (14713) cell per target downsampled to 2000
Too many (8322) cell per target downsampled to 2000
Too many (15564) cell per target downsampled to 2000
Too many (13516) cell per target downsampled to 2000
Too many (21522) cell per target downsampled to 2000
Too many (5668) cell per target downsampled to 2000
Too many (12906) cell per target downsampled to 2000
Too many (14075) cell per target downsampled to 2000
Too many (10100) cell per target downsampled to 2000
Too many (6043) cell per target downsampled to 2000

Saving intermediate results after processing 2090 regions...
Intermediate results saved.

Too many (22096) cell per target downsampled to 2000
Too many (20033) cell per target downsampled to 2000
Too many (11879) cell per target downsampled to 2000
Too many (9704) cell per target downsampled to 2000
Too many (9745) cell per target downsampled to 2000
Too many (5634) cell per target downsampled to 2000
Too many (5215) cell per target downsampled to 2000
Too many (22266) cell per target downsampled to 2000
Too many (11427) cell per target downsampled to 2000
Too many (12349) cell per target downsampled to 2000

Saving intermediate results after processing 2100 regions...
Intermediate results saved.

Too many (10437) cell per target downsampled to 2000
Too many (13009) cell per target downsampled to 2000
Too many (16969) cell per target downsampled to 2000
Too many (8025) cell per target downsampled to 2000
Too many (6184) cell per target downsampled to 2000
Too many (14892) cell per target downsampled to 2000
Too many (12430) cell per target downsampled to 2000
Too many (19694) cell per target downsampled to 2000
Too many (13702) cell per target downsampled to 2000
Too many (15383) cell per target downsampled to 2000

Saving intermediate results after processing 2110 regions...
Intermediate results saved.

Too many (8421) cell per target downsampled to 2000
Too many (17651) cell per target downsampled to 2000
Too many (10751) cell per target downsampled to 2000
Too many (8765) cell per target downsampled to 2000
Too many (5164) cell per target downsampled to 2000
Too many (7504) cell per target downsampled to 2000
Too many (8902) cell per target downsampled to 2000
Too many (11340) cell per target downsampled to 2000
Too many (15942) cell per target downsampled to 2000
Too many (5297) cell per target downsampled to 2000

Saving intermediate results after processing 2120 regions...
Intermediate results saved.

Too many (9686) cell per target downsampled to 2000
Too many (16195) cell per target downsampled to 2000
Too many (14421) cell per target downsampled to 2000
Too many (18549) cell per target downsampled to 2000
Too many (12628) cell per target downsampled to 2000
Too many (7539) cell per target downsampled to 2000
Too many (9529) cell per target downsampled to 2000
Too many (14108) cell per target downsampled to 2000
Too many (5971) cell per target downsampled to 2000
Too many (9825) cell per target downsampled to 2000

Saving intermediate results after processing 2130 regions...
Intermediate results saved.

Too many (16727) cell per target downsampled to 2000
Too many (18562) cell per target downsampled to 2000
Too many (13199) cell per target downsampled to 2000
Too many (18015) cell per target downsampled to 2000
Too many (18248) cell per target downsampled to 2000
Too many (11168) cell per target downsampled to 2000
Too many (8843) cell per target downsampled to 2000
Too many (12522) cell per target downsampled to 2000
Too many (11173) cell per target downsampled to 2000
Too many (17880) cell per target downsampled to 2000

Saving intermediate results after processing 2140 regions...
Intermediate results saved.

Too many (6470) cell per target downsampled to 2000
Too many (8102) cell per target downsampled to 2000
Too many (15545) cell per target downsampled to 2000
Too many (14202) cell per target downsampled to 2000
Too many (16041) cell per target downsampled to 2000
Too many (17108) cell per target downsampled to 2000
Too many (11004) cell per target downsampled to 2000
Too many (8002) cell per target downsampled to 2000
Too many (11253) cell per target downsampled to 2000
Too many (5961) cell per target downsampled to 2000

Saving intermediate results after processing 2150 regions...
Intermediate results saved.

Too many (15553) cell per target downsampled to 2000
Too many (11381) cell per target downsampled to 2000
Too many (6334) cell per target downsampled to 2000
Too many (6805) cell per target downsampled to 2000
Too many (5602) cell per target downsampled to 2000
Too many (16184) cell per target downsampled to 2000
Too many (14398) cell per target downsampled to 2000
Too many (18331) cell per target downsampled to 2000
Too many (9213) cell per target downsampled to 2000
Too many (19196) cell per target downsampled to 2000

Saving intermediate results after processing 2160 regions...
Intermediate results saved.

Too many (6910) cell per target downsampled to 2000
Too many (10111) cell per target downsampled to 2000
Too many (27471) cell per target downsampled to 2000
Too many (17646) cell per target downsampled to 2000
Too many (5164) cell per target downsampled to 2000
Too many (7265) cell per target downsampled to 2000
Too many (9077) cell per target downsampled to 2000
Too many (7340) cell per target downsampled to 2000
Too many (12240) cell per target downsampled to 2000
Too many (12041) cell per target downsampled to 2000

Saving intermediate results after processing 2170 regions...
Intermediate results saved.

Too many (3534) cell per target downsampled to 2000
Too many (14211) cell per target downsampled to 2000
Too many (12190) cell per target downsampled to 2000
Too many (11715) cell per target downsampled to 2000
Too many (20133) cell per target downsampled to 2000
Too many (6844) cell per target downsampled to 2000
Too many (8938) cell per target downsampled to 2000
Too many (12975) cell per target downsampled to 2000
Too many (18602) cell per target downsampled to 2000
Too many (16632) cell per target downsampled to 2000

Saving intermediate results after processing 2180 regions...
Intermediate results saved.

Too many (8773) cell per target downsampled to 2000
Too many (15949) cell per target downsampled to 2000
Too many (12282) cell per target downsampled to 2000
Too many (4673) cell per target downsampled to 2000
Too many (18920) cell per target downsampled to 2000
Too many (14665) cell per target downsampled to 2000
Too many (11261) cell per target downsampled to 2000
Too many (9045) cell per target downsampled to 2000
Too many (12801) cell per target downsampled to 2000
Too many (6927) cell per target downsampled to 2000

Saving intermediate results after processing 2190 regions...
Intermediate results saved.

Too many (10394) cell per target downsampled to 2000
Too many (6870) cell per target downsampled to 2000
Too many (11351) cell per target downsampled to 2000
Too many (3663) cell per target downsampled to 2000
Too many (12037) cell per target downsampled to 2000
Too many (24051) cell per target downsampled to 2000
Too many (12268) cell per target downsampled to 2000
Too many (14162) cell per target downsampled to 2000
Too many (15400) cell per target downsampled to 2000
Too many (21086) cell per target downsampled to 2000

Saving intermediate results after processing 2200 regions...
Intermediate results saved.

Too many (11902) cell per target downsampled to 2000
Too many (23686) cell per target downsampled to 2000
Too many (13854) cell per target downsampled to 2000
Too many (16356) cell per target downsampled to 2000
Too many (19473) cell per target downsampled to 2000
Too many (10367) cell per target downsampled to 2000
Too many (12267) cell per target downsampled to 2000
Too many (10876) cell per target downsampled to 2000
Too many (12483) cell per target downsampled to 2000
Too many (10903) cell per target downsampled to 2000

Saving intermediate results after processing 2210 regions...
Intermediate results saved.

Too many (9776) cell per target downsampled to 2000
Too many (18939) cell per target downsampled to 2000
Too many (10648) cell per target downsampled to 2000
Too many (9288) cell per target downsampled to 2000
Too many (6105) cell per target downsampled to 2000
Too many (15632) cell per target downsampled to 2000
Too many (8450) cell per target downsampled to 2000
Too many (8093) cell per target downsampled to 2000
Too many (11260) cell per target downsampled to 2000
Too many (8333) cell per target downsampled to 2000

Saving intermediate results after processing 2220 regions...
Intermediate results saved.

Too many (4633) cell per target downsampled to 2000
Too many (10087) cell per target downsampled to 2000
Too many (18867) cell per target downsampled to 2000
Too many (7623) cell per target downsampled to 2000
Too many (14476) cell per target downsampled to 2000
Too many (14547) cell per target downsampled to 2000
Too many (23081) cell per target downsampled to 2000
Too many (9535) cell per target downsampled to 2000
Too many (16184) cell per target downsampled to 2000
Too many (14382) cell per target downsampled to 2000

Saving intermediate results after processing 2230 regions...
Intermediate results saved.

Too many (14346) cell per target downsampled to 2000
Too many (7267) cell per target downsampled to 2000
Too many (25230) cell per target downsampled to 2000
Too many (22444) cell per target downsampled to 2000
Too many (12252) cell per target downsampled to 2000
Too many (14934) cell per target downsampled to 2000
Too many (12947) cell per target downsampled to 2000
Too many (25323) cell per target downsampled to 2000
Too many (24609) cell per target downsampled to 2000
Too many (7741) cell per target downsampled to 2000

Saving intermediate results after processing 2240 regions...
Intermediate results saved.

Too many (10147) cell per target downsampled to 2000
Too many (14242) cell per target downsampled to 2000
Too many (6285) cell per target downsampled to 2000
Too many (5865) cell per target downsampled to 2000
Too many (15357) cell per target downsampled to 2000
Too many (10321) cell per target downsampled to 2000
Too many (7080) cell per target downsampled to 2000
Too many (17610) cell per target downsampled to 2000
Too many (9530) cell per target downsampled to 2000
Too many (13321) cell per target downsampled to 2000

Saving intermediate results after processing 2250 regions...
Intermediate results saved.

Too many (21426) cell per target downsampled to 2000
Too many (11139) cell per target downsampled to 2000
Too many (16227) cell per target downsampled to 2000
Too many (7397) cell per target downsampled to 2000
Too many (22682) cell per target downsampled to 2000
Too many (5527) cell per target downsampled to 2000
Too many (7269) cell per target downsampled to 2000
Too many (10514) cell per target downsampled to 2000
Too many (20166) cell per target downsampled to 2000
Too many (19671) cell per target downsampled to 2000

Saving intermediate results after processing 2260 regions...
Intermediate results saved.

Too many (22427) cell per target downsampled to 2000
Too many (17003) cell per target downsampled to 2000
Too many (28727) cell per target downsampled to 2000
Too many (11454) cell per target downsampled to 2000
Too many (9568) cell per target downsampled to 2000
Too many (10917) cell per target downsampled to 2000
Too many (7914) cell per target downsampled to 2000

Processing complete. Saving final results...
Final results saved to /cellar/users/aklie/projects/tf_perturb_seq/datasets/Huangfu_HUES8-embryonic-stemcell-differentiation_TF-Perturb-seq/results/energy_distance/sceptre_v1/pval_edist_full.csv
[step2.1] diagnostic plots
generate folder for figure: /cellar/users/aklie/projects/tf_perturb_seq/datasets/Huangfu_HUES8-embryonic-stemcell-differentiation_TF-Perturb-seq/results/energy_distance/sceptre_v1/image
Load csv formated annotation file
annotation file loaded
--------
safe-targeting: 0 gRNAs
non-targeting: 600 gRNAs
targeting: 12934 gRNAs
positive control: 19 gRNAs
negative control: 598 gRNAs
variant: 0 gRNAs
Number of regions in each type:
negative control : 100
positive control : 4
targeting : 2163
[step3] SKIPPED (run separately after picking cutoffs in config3.json)
[done] energy distance pipeline complete: /cellar/users/aklie/projects/tf_perturb_seq/datasets/Huangfu_HUES8-embryonic-stemcell-differentiation_TF-Perturb-seq/results/energy_distance/sceptre_v1
