guide_id	gene_name	label	log2_fc	p_value
AARS#chr16:70289397-70289415(-)	AARS	positive control	-0.95566875	0.0254555121825887
AARS#chr16:70289419-70289437(-)	AARS	positive control	0.20685755	0.5346423756737563
AARS#chr16:70289477-70289495(-)	AARS	positive control	-0.7838817	0.0197640809057729
B2M#chr15:44711560-44711578(-)	B2M	positive control	-2.0982645	8.383172336433756e-118
CD151#chr11:833006-833024(+)	CD151	positive control		
CD151#chr11:833042-833060(-)	CD151	positive control		
CD29#chr10:32958199-32958217(-)	CD29	positive control	-0.03744965	0.0192529920815829
CD55#chr1:207321714-207321732(+)	CD55	positive control	-2.7837634	2.93865437557856e-43
CD81#chr11:2377315-2377333(+)#strong	CD81	positive control	-0.8610241	7.322002999361982e-176
CD81#chr11:2377315-2377333(+)#weak	CD81	positive control	-0.03878844	0.0445711455927836
DNAJC19#chr3:180989302-180989320(-)	DNAJC19	positive control	-0.9920975	1.4313329130620206e-131
DNAJC19#chr3:180989327-180989345(-)	DNAJC19	positive control	-0.93853176	2.235484589253622e-47
DNAJC19#chr3:180989630-180989648(-)	DNAJC19	positive control	-0.41766855	0.2640107514962058
MALAT1#chr11:65497796-65497814(-)	MALAT1	positive control	-2.7082791	0.0
NGFRAP1#chrX:103376320-103376338(+)	NGFRAP1	positive control	-2.4481103	0.0
POLR1D#chr13:27621863-27621881(-)	POLR1D	positive control	-0.7354308	9.29441474987586e-26
POLR1D#chr13:27621883-27621901(-)	POLR1D	positive control	-0.19358832	0.5385116168391471
POLR1D#chr13:27621915-27621933(-)	POLR1D	positive control	-0.6004013	6.1652300598014e-19
TFRC#chr3:196082075-196082093(-)	TFRC	positive control	-2.5867016	4.945512887237478e-199
non-targeting_00006		non_targeting		
non-targeting_00010		non_targeting		
non-targeting_00013		non_targeting		
non-targeting_00018		non_targeting		
non-targeting_00020		non_targeting		
non-targeting_00021		non_targeting		
non-targeting_00026		non_targeting		
non-targeting_00037		non_targeting		
non-targeting_00047		non_targeting		
non-targeting_00062		non_targeting		
non-targeting_00081		non_targeting		
non-targeting_00095		non_targeting		
non-targeting_00131		non_targeting		
non-targeting_00148		non_targeting		
non-targeting_00158		non_targeting		
non-targeting_00162		non_targeting		
non-targeting_00164		non_targeting		
non-targeting_00166		non_targeting		
non-targeting_00169		non_targeting		
non-targeting_00170		non_targeting		
non-targeting_00176		non_targeting		
non-targeting_00179		non_targeting		
non-targeting_00183		non_targeting		
non-targeting_00186		non_targeting		
non-targeting_00190		non_targeting		
non-targeting_00205		non_targeting		
non-targeting_00215		non_targeting		
non-targeting_00227		non_targeting		
non-targeting_00234		non_targeting		
non-targeting_00250		non_targeting		
non-targeting_00265		non_targeting		
non-targeting_00271		non_targeting		
non-targeting_00284		non_targeting		
non-targeting_00287		non_targeting		
non-targeting_00289		non_targeting		
non-targeting_00293		non_targeting		
non-targeting_00296		non_targeting		
non-targeting_00298		non_targeting		
non-targeting_00306		non_targeting		
non-targeting_00316		non_targeting		
non-targeting_00320		non_targeting		
non-targeting_00324		non_targeting		
non-targeting_00326		non_targeting		
non-targeting_00327		non_targeting		
non-targeting_00340		non_targeting		
non-targeting_00341		non_targeting		
non-targeting_00347		non_targeting		
non-targeting_00352		non_targeting		
non-targeting_00407		non_targeting		
non-targeting_00410		non_targeting		
non-targeting_00412		non_targeting		
non-targeting_00426		non_targeting		
non-targeting_00431		non_targeting		
non-targeting_00445		non_targeting		
non-targeting_00446		non_targeting		
non-targeting_00461		non_targeting		
non-targeting_00474		non_targeting		
non-targeting_00483		non_targeting		
non-targeting_00484		non_targeting		
non-targeting_00485		non_targeting		
non-targeting_00492		non_targeting		
non-targeting_00496		non_targeting		
non-targeting_00497		non_targeting		
non-targeting_00501		non_targeting		
non-targeting_00503		non_targeting		
non-targeting_00509		non_targeting		
non-targeting_00516		non_targeting		
non-targeting_00517		non_targeting		
non-targeting_00518		non_targeting		
non-targeting_00528		non_targeting		
non-targeting_00531		non_targeting		
non-targeting_00538		non_targeting		
non-targeting_00539		non_targeting		
non-targeting_00544		non_targeting		
non-targeting_00545		non_targeting		
non-targeting_00550		non_targeting		
non-targeting_00559		non_targeting		
non-targeting_00570		non_targeting		
non-targeting_00582		non_targeting		
non-targeting_00599		non_targeting		
non-targeting_00609		non_targeting		
non-targeting_00610		non_targeting		
non-targeting_00611		non_targeting		
non-targeting_00612		non_targeting		
non-targeting_00620		non_targeting		
non-targeting_00629		non_targeting		
non-targeting_00634		non_targeting		
non-targeting_00635		non_targeting		
non-targeting_00642		non_targeting		
non-targeting_00652		non_targeting		
non-targeting_00657		non_targeting		
non-targeting_00659		non_targeting		
non-targeting_00664		non_targeting		
non-targeting_00678		non_targeting		
non-targeting_00688		non_targeting		
non-targeting_00689		non_targeting		
non-targeting_00692		non_targeting		
non-targeting_00696		non_targeting		
non-targeting_00698		non_targeting		
non-targeting_00699		non_targeting		
non-targeting_00702		non_targeting		
non-targeting_00709		non_targeting		
non-targeting_00712		non_targeting		
non-targeting_00718		non_targeting		
non-targeting_00749		non_targeting		
non-targeting_00750		non_targeting		
non-targeting_00753		non_targeting		
non-targeting_00756		non_targeting		
non-targeting_00762		non_targeting		
non-targeting_00769		non_targeting		
non-targeting_00771		non_targeting		
non-targeting_00781		non_targeting		
non-targeting_00784		non_targeting		
non-targeting_00787		non_targeting		
non-targeting_00797		non_targeting		
non-targeting_00803		non_targeting		
non-targeting_00811		non_targeting		
non-targeting_00823		non_targeting		
non-targeting_00827		non_targeting		
non-targeting_00843		non_targeting		
non-targeting_00852		non_targeting		
non-targeting_00856		non_targeting		
non-targeting_00860		non_targeting		
non-targeting_00862		non_targeting		
non-targeting_00863		non_targeting		
non-targeting_00881		non_targeting		
non-targeting_00886		non_targeting		
non-targeting_00903		non_targeting		
non-targeting_00907		non_targeting		
non-targeting_00923		non_targeting		
non-targeting_00932		non_targeting		
non-targeting_00934		non_targeting		
non-targeting_00940		non_targeting		
non-targeting_00954		non_targeting		
non-targeting_00962		non_targeting		
non-targeting_00963		non_targeting		
non-targeting_00977		non_targeting		
non-targeting_00979		non_targeting		
non-targeting_00984		non_targeting		
non-targeting_00986		non_targeting		
non-targeting_00987		non_targeting		
non-targeting_00991		non_targeting		
non-targeting_00996		non_targeting		
non-targeting_00998		non_targeting		
non-targeting_00999		non_targeting		
non-targeting_01008		non_targeting		
non-targeting_01012		non_targeting		
non-targeting_01018		non_targeting		
non-targeting_01031		non_targeting		
non-targeting_01034		non_targeting		
non-targeting_01035		non_targeting		
non-targeting_01044		non_targeting		
non-targeting_01047		non_targeting		
non-targeting_01053		non_targeting		
non-targeting_01055		non_targeting		
non-targeting_01086		non_targeting		
non-targeting_01089		non_targeting		
non-targeting_01093		non_targeting		
non-targeting_01101		non_targeting		
non-targeting_01102		non_targeting		
non-targeting_01107		non_targeting		
non-targeting_01109		non_targeting		
non-targeting_01117		non_targeting		
non-targeting_01130		non_targeting		
non-targeting_01136		non_targeting		
non-targeting_01139		non_targeting		
non-targeting_01142		non_targeting		
non-targeting_01155		non_targeting		
non-targeting_01177		non_targeting		
non-targeting_01185		non_targeting		
non-targeting_01188		non_targeting		
non-targeting_01190		non_targeting		
non-targeting_01197		non_targeting		
non-targeting_01206		non_targeting		
non-targeting_01209		non_targeting		
non-targeting_01215		non_targeting		
non-targeting_01218		non_targeting		
non-targeting_01224		non_targeting		
non-targeting_01227		non_targeting		
non-targeting_01236		non_targeting		
non-targeting_01241		non_targeting		
non-targeting_01242		non_targeting		
non-targeting_01245		non_targeting		
non-targeting_01269		non_targeting		
non-targeting_01273		non_targeting		
non-targeting_01278		non_targeting		
non-targeting_01288		non_targeting		
non-targeting_01294		non_targeting		
non-targeting_01295		non_targeting		
non-targeting_01296		non_targeting		
non-targeting_01298		non_targeting		
non-targeting_01311		non_targeting		
non-targeting_01326		non_targeting		
non-targeting_01332		non_targeting		
non-targeting_01339		non_targeting		
non-targeting_01341		non_targeting		
non-targeting_01342		non_targeting		
non-targeting_01344		non_targeting		
non-targeting_01348		non_targeting		
non-targeting_01349		non_targeting		
non-targeting_01355		non_targeting		
non-targeting_01359		non_targeting		
non-targeting_01368		non_targeting		
non-targeting_01371		non_targeting		
non-targeting_01373		non_targeting		
non-targeting_01376		non_targeting		
non-targeting_01382		non_targeting		
non-targeting_01395		non_targeting		
non-targeting_01401		non_targeting		
non-targeting_01403		non_targeting		
non-targeting_01412		non_targeting		
non-targeting_01421		non_targeting		
non-targeting_01425		non_targeting		
non-targeting_01431		non_targeting		
non-targeting_01432		non_targeting		
non-targeting_01436		non_targeting		
non-targeting_01451		non_targeting		
non-targeting_01460		non_targeting		
non-targeting_01469		non_targeting		
non-targeting_01482		non_targeting		
non-targeting_01485		non_targeting		
non-targeting_01493		non_targeting		
non-targeting_01498		non_targeting		
non-targeting_01499		non_targeting		
non-targeting_01524		non_targeting		
non-targeting_01525		non_targeting		
non-targeting_01527		non_targeting		
non-targeting_01528		non_targeting		
non-targeting_01530		non_targeting		
non-targeting_01538		non_targeting		
non-targeting_01550		non_targeting		
non-targeting_01566		non_targeting		
non-targeting_01570		non_targeting		
non-targeting_01572		non_targeting		
non-targeting_01581		non_targeting		
non-targeting_01586		non_targeting		
non-targeting_01591		non_targeting		
non-targeting_01593		non_targeting		
non-targeting_01603		non_targeting		
non-targeting_01607		non_targeting		
non-targeting_01615		non_targeting		
non-targeting_01628		non_targeting		
non-targeting_01629		non_targeting		
non-targeting_01636		non_targeting		
non-targeting_01648		non_targeting		
non-targeting_01655		non_targeting		
non-targeting_01666		non_targeting		
non-targeting_01668		non_targeting		
non-targeting_01669		non_targeting		
non-targeting_01679		non_targeting		
non-targeting_01681		non_targeting		
non-targeting_01684		non_targeting		
non-targeting_01695		non_targeting		
non-targeting_01705		non_targeting		
non-targeting_01721		non_targeting		
non-targeting_01723		non_targeting		
non-targeting_01725		non_targeting		
non-targeting_01736		non_targeting		
non-targeting_01744		non_targeting		
non-targeting_01757		non_targeting		
non-targeting_01759		non_targeting		
non-targeting_01763		non_targeting		
non-targeting_01778		non_targeting		
non-targeting_01779		non_targeting		
non-targeting_01786		non_targeting		
non-targeting_01796		non_targeting		
non-targeting_01800		non_targeting		
non-targeting_01801		non_targeting		
non-targeting_01806		non_targeting		
non-targeting_01822		non_targeting		
non-targeting_01826		non_targeting		
non-targeting_01831		non_targeting		
non-targeting_01833		non_targeting		
non-targeting_01855		non_targeting		
non-targeting_01857		non_targeting		
non-targeting_01859		non_targeting		
non-targeting_01861		non_targeting		
non-targeting_01869		non_targeting		
non-targeting_01879		non_targeting		
non-targeting_01890		non_targeting		
non-targeting_01900		non_targeting		
non-targeting_01903		non_targeting		
non-targeting_01908		non_targeting		
non-targeting_01910		non_targeting		
non-targeting_01914		non_targeting		
non-targeting_01920		non_targeting		
non-targeting_01922		non_targeting		
non-targeting_01923		non_targeting		
non-targeting_01933		non_targeting		
non-targeting_01938		non_targeting		
non-targeting_01939		non_targeting		
non-targeting_01942		non_targeting		
non-targeting_01946		non_targeting		
non-targeting_01948		non_targeting		
non-targeting_01955		non_targeting		
non-targeting_01956		non_targeting		
non-targeting_01957		non_targeting		
non-targeting_01958		non_targeting		
non-targeting_01961		non_targeting		
non-targeting_01967		non_targeting		
non-targeting_01976		non_targeting		
non-targeting_01981		non_targeting		
non-targeting_01987		non_targeting		
non-targeting_01989		non_targeting		
non-targeting_01992		non_targeting		
non-targeting_01999		non_targeting		
non-targeting_02002		non_targeting		
non-targeting_02004		non_targeting		
non-targeting_02010		non_targeting		
non-targeting_02021		non_targeting		
non-targeting_02027		non_targeting		
non-targeting_02030		non_targeting		
non-targeting_02034		non_targeting		
non-targeting_02037		non_targeting		
non-targeting_02046		non_targeting		
non-targeting_02049		non_targeting		
non-targeting_02052		non_targeting		
non-targeting_02057		non_targeting		
non-targeting_02074		non_targeting		
non-targeting_02080		non_targeting		
non-targeting_02085		non_targeting		
non-targeting_02093		non_targeting		
non-targeting_02095		non_targeting		
non-targeting_02097		non_targeting		
non-targeting_02100		non_targeting		
non-targeting_02114		non_targeting		
non-targeting_02119		non_targeting		
non-targeting_02121		non_targeting		
non-targeting_02126		non_targeting		
non-targeting_02152		non_targeting		
non-targeting_02154		non_targeting		
non-targeting_02178		non_targeting		
non-targeting_02180		non_targeting		
non-targeting_02181		non_targeting		
non-targeting_02183		non_targeting		
non-targeting_02196		non_targeting		
non-targeting_02198		non_targeting		
non-targeting_02200		non_targeting		
non-targeting_02202		non_targeting		
non-targeting_02205		non_targeting		
non-targeting_02216		non_targeting		
non-targeting_02223		non_targeting		
non-targeting_02226		non_targeting		
non-targeting_02227		non_targeting		
non-targeting_02229		non_targeting		
non-targeting_02233		non_targeting		
non-targeting_02237		non_targeting		
non-targeting_02242		non_targeting		
non-targeting_02243		non_targeting		
non-targeting_02244		non_targeting		
non-targeting_02260		non_targeting		
non-targeting_02262		non_targeting		
non-targeting_02271		non_targeting		
non-targeting_02272		non_targeting		
non-targeting_02273		non_targeting		
non-targeting_02276		non_targeting		
non-targeting_02282		non_targeting		
non-targeting_02293		non_targeting		
non-targeting_02298		non_targeting		
non-targeting_02307		non_targeting		
non-targeting_02309		non_targeting		
non-targeting_02310		non_targeting		
non-targeting_02312		non_targeting		
non-targeting_02314		non_targeting		
non-targeting_02332		non_targeting		
non-targeting_02340		non_targeting		
non-targeting_02354		non_targeting		
non-targeting_02357		non_targeting		
non-targeting_02364		non_targeting		
non-targeting_02385		non_targeting		
non-targeting_02396		non_targeting		
non-targeting_02401		non_targeting		
non-targeting_02416		non_targeting		
non-targeting_02417		non_targeting		
non-targeting_02421		non_targeting		
non-targeting_02432		non_targeting		
non-targeting_02433		non_targeting		
non-targeting_02442		non_targeting		
non-targeting_02443		non_targeting		
non-targeting_02446		non_targeting		
non-targeting_02455		non_targeting		
non-targeting_02456		non_targeting		
non-targeting_02459		non_targeting		
non-targeting_02461		non_targeting		
non-targeting_02462		non_targeting		
non-targeting_02465		non_targeting		
non-targeting_02466		non_targeting		
non-targeting_02467		non_targeting		
non-targeting_02468		non_targeting		
non-targeting_02478		non_targeting		
non-targeting_02484		non_targeting		
non-targeting_02487		non_targeting		
non-targeting_02488		non_targeting		
non-targeting_02493		non_targeting		
non-targeting_02496		non_targeting		
non-targeting_02498		non_targeting		
non-targeting_02510		non_targeting		
non-targeting_02511		non_targeting		
non-targeting_02513		non_targeting		
non-targeting_02514		non_targeting		
non-targeting_02515		non_targeting		
non-targeting_02520		non_targeting		
non-targeting_02524		non_targeting		
non-targeting_02537		non_targeting		
non-targeting_02542		non_targeting		
non-targeting_02567		non_targeting		
non-targeting_02570		non_targeting		
non-targeting_02573		non_targeting		
non-targeting_02577		non_targeting		
non-targeting_02578		non_targeting		
non-targeting_02580		non_targeting		
non-targeting_02595		non_targeting		
non-targeting_02597		non_targeting		
non-targeting_02600		non_targeting		
non-targeting_02602		non_targeting		
non-targeting_02607		non_targeting		
non-targeting_02608		non_targeting		
non-targeting_02610		non_targeting		
non-targeting_02611		non_targeting		
non-targeting_02628		non_targeting		
non-targeting_02633		non_targeting		
non-targeting_02643		non_targeting		
non-targeting_02649		non_targeting		
non-targeting_02654		non_targeting		
non-targeting_02668		non_targeting		
non-targeting_02691		non_targeting		
non-targeting_02694		non_targeting		
non-targeting_02705		non_targeting		
non-targeting_02712		non_targeting		
non-targeting_02729		non_targeting		
non-targeting_02736		non_targeting		
non-targeting_02741		non_targeting		
non-targeting_02748		non_targeting		
non-targeting_02764		non_targeting		
non-targeting_02766		non_targeting		
non-targeting_02773		non_targeting		
non-targeting_02776		non_targeting		
non-targeting_02777		non_targeting		
non-targeting_02778		non_targeting		
non-targeting_02779		non_targeting		
non-targeting_02785		non_targeting		
non-targeting_02787		non_targeting		
non-targeting_02789		non_targeting		
non-targeting_02790		non_targeting		
non-targeting_02794		non_targeting		
non-targeting_02799		non_targeting		
non-targeting_02802		non_targeting		
non-targeting_02803		non_targeting		
non-targeting_02811		non_targeting		
non-targeting_02816		non_targeting		
non-targeting_02820		non_targeting		
non-targeting_02821		non_targeting		
non-targeting_02823		non_targeting		
non-targeting_02829		non_targeting		
non-targeting_02830		non_targeting		
non-targeting_02836		non_targeting		
non-targeting_02840		non_targeting		
non-targeting_02845		non_targeting		
non-targeting_02872		non_targeting		
non-targeting_02877		non_targeting		
non-targeting_02879		non_targeting		
non-targeting_02894		non_targeting		
non-targeting_02896		non_targeting		
non-targeting_02900		non_targeting		
non-targeting_02908		non_targeting		
non-targeting_02923		non_targeting		
non-targeting_02937		non_targeting		
non-targeting_02949		non_targeting		
non-targeting_02957		non_targeting		
non-targeting_02960		non_targeting		
non-targeting_02963		non_targeting		
non-targeting_02983		non_targeting		
non-targeting_02989		non_targeting		
non-targeting_02996		non_targeting		
non-targeting_02999		non_targeting		
non-targeting_03001		non_targeting		
non-targeting_03004		non_targeting		
non-targeting_03006		non_targeting		
non-targeting_03012		non_targeting		
non-targeting_03027		non_targeting		
non-targeting_03035		non_targeting		
non-targeting_03037		non_targeting		
non-targeting_03045		non_targeting		
non-targeting_03049		non_targeting		
non-targeting_03054		non_targeting		
non-targeting_03060		non_targeting		
non-targeting_03063		non_targeting		
non-targeting_03068		non_targeting		
non-targeting_03080		non_targeting		
non-targeting_03081		non_targeting		
non-targeting_03097		non_targeting		
non-targeting_03108		non_targeting		
non-targeting_03123		non_targeting		
non-targeting_03124		non_targeting		
non-targeting_03129		non_targeting		
non-targeting_03141		non_targeting		
non-targeting_03155		non_targeting		
non-targeting_03158		non_targeting		
non-targeting_03171		non_targeting		
non-targeting_03197		non_targeting		
non-targeting_03198		non_targeting		
non-targeting_03203		non_targeting		
non-targeting_03205		non_targeting		
non-targeting_03216		non_targeting		
non-targeting_03219		non_targeting		
non-targeting_03223		non_targeting		
non-targeting_03231		non_targeting		
non-targeting_03238		non_targeting		
non-targeting_03240		non_targeting		
non-targeting_03246		non_targeting		
non-targeting_03249		non_targeting		
non-targeting_03262		non_targeting		
non-targeting_03269		non_targeting		
non-targeting_03273		non_targeting		
non-targeting_03284		non_targeting		
non-targeting_03290		non_targeting		
non-targeting_03294		non_targeting		
non-targeting_03296		non_targeting		
non-targeting_03306		non_targeting		
non-targeting_03315		non_targeting		
non-targeting_03318		non_targeting		
non-targeting_03319		non_targeting		
non-targeting_03323		non_targeting		
non-targeting_03342		non_targeting		
non-targeting_03345		non_targeting		
non-targeting_03347		non_targeting		
non-targeting_03358		non_targeting		
non-targeting_03368		non_targeting		
non-targeting_03370		non_targeting		
non-targeting_03393		non_targeting		
non-targeting_03394		non_targeting		
non-targeting_03398		non_targeting		
non-targeting_03404		non_targeting		
non-targeting_03424		non_targeting		
non-targeting_03426		non_targeting		
non-targeting_03438		non_targeting		
non-targeting_03449		non_targeting		
non-targeting_03454		non_targeting		
non-targeting_03471		non_targeting		
non-targeting_03473		non_targeting		
non-targeting_03475		non_targeting		
non-targeting_03478		non_targeting		
non-targeting_03479		non_targeting		
non-targeting_03482		non_targeting		
non-targeting_03483		non_targeting		
non-targeting_03484		non_targeting		
non-targeting_03486		non_targeting		
non-targeting_03491		non_targeting		
non-targeting_03492		non_targeting		
non-targeting_03500		non_targeting		
non-targeting_03514		non_targeting		
non-targeting_03523		non_targeting		
non-targeting_03525		non_targeting		
non-targeting_03530		non_targeting		
non-targeting_03549		non_targeting		
non-targeting_03552		non_targeting		
non-targeting_03553		non_targeting		
non-targeting_03554		non_targeting		
non-targeting_03555		non_targeting		
non-targeting_03560		non_targeting		
non-targeting_03572		non_targeting		
non-targeting_03581		non_targeting		
non-targeting_03591		non_targeting		
non-targeting_03600		non_targeting		
non-targeting_03605		non_targeting		
non-targeting_03614		non_targeting		
non-targeting_03616		non_targeting		
non-targeting_03617		non_targeting		
non-targeting_03623		non_targeting		
non-targeting_03624		non_targeting		
non-targeting_03627		non_targeting		
non-targeting_03629		non_targeting		
non-targeting_03631		non_targeting		
non-targeting_03639		non_targeting		
non-targeting_03647		non_targeting		
non-targeting_03649		non_targeting		
non-targeting_03670		non_targeting		
non-targeting_03674		non_targeting		
non-targeting_03679		non_targeting		
non-targeting_03691		non_targeting		
non-targeting_03692		non_targeting		
non-targeting_03694		non_targeting		
non-targeting_03695		non_targeting		
non-targeting_03700		non_targeting		
non-targeting_03705		non_targeting		
non-targeting_03706		non_targeting		
non-targeting_03713		non_targeting		
non-targeting_03715		non_targeting		
non-targeting_03731		non_targeting		
non-targeting_03735		non_targeting		
non-targeting_03740		non_targeting		
non-targeting_03750		non_targeting		
non-targeting_03751		non_targeting		
non-targeting_03753		non_targeting		
non-targeting_03756		non_targeting		
non-targeting_03758		non_targeting		
non-targeting_03761		non_targeting		
non-targeting_03762		non_targeting		
non-targeting_03768		non_targeting		
non-targeting_03783		non_targeting		
OR10G4#chr11:124015582-124015600(-)	OR10G4	negative control		
OR10G4#chr11:124015633-124015651(+)	OR10G4	negative control		
OR10G4#chr11:124015592-124015610(-)	OR10G4	negative control		
OR10G4#chr11:124015821-124015839(+)	OR10G4	negative control		
OR10G4#chr11:124015588-124015606(-)	OR10G4	negative control		
OR10G4#chr11:124015972-124015990(-)	OR10G4	negative control		
OR10H2#chr19:15728014-15728032(+)	OR10H2	negative control		
OR10H2#chr19:15728018-15728036(-)	OR10H2	negative control		
OR10H2#chr19:15728027-15728045(-)	OR10H2	negative control		
OR10H2#chr19:15728031-15728049(+)	OR10H2	negative control		
OR10H2#chr19:15728232-15728250(-)	OR10H2	negative control		
OR10H2#chr19:15728440-15728458(+)	OR10H2	negative control		
OR10H5#chr19:15793970-15793988(-)	OR10H5	negative control		
OR10H5#chr19:15794019-15794037(+)	OR10H5	negative control		
OR10H5#chr19:15794030-15794048(-)	OR10H5	negative control		
OR10H5#chr19:15794035-15794053(+)	OR10H5	negative control		
OR10H5#chr19:15794050-15794068(-)	OR10H5	negative control		
OR10H5#chr19:15794245-15794263(-)	OR10H5	negative control		
OR10K1#chr1:158465517-158465535(-)	OR10K1	negative control		
OR10K1#chr1:158465535-158465553(-)	OR10K1	negative control		
OR10K1#chr1:158465545-158465563(-)	OR10K1	negative control		
OR10K1#chr1:158465563-158465581(-)	OR10K1	negative control		
OR10K1#chr1:158465707-158465725(-)	OR10K1	negative control		
OR10K1#chr1:158465725-158465743(-)	OR10K1	negative control		
OR10P1#chr12:55636874-55636892(+)	OR10P1	negative control		
OR10P1#chr12:55636879-55636897(+)	OR10P1	negative control		
OR10P1#chr12:55636922-55636940(-)	OR10P1	negative control		
OR10P1#chr12:55637086-55637104(-)	OR10P1	negative control		
OR10P1#chr12:55637115-55637133(-)	OR10P1	negative control		
OR10P1#chr12:55637295-55637313(-)	OR10P1	negative control		
OR10V1#chr11:59713406-59713424(-)	OR10V1	negative control		
OR10V1#chr11:59713770-59713788(+)	OR10V1	negative control		
OR10V1#chr11:59713841-59713859(-)	OR10V1	negative control		
OR10V1#chr11:59713845-59713863(-)	OR10V1	negative control		
OR10V1#chr11:59713848-59713866(+)	OR10V1	negative control		
OR10V1#chr11:59713862-59713880(+)	OR10V1	negative control		
OR11H6#chr14:20223618-20223636(+)	OR11H6	negative control		
OR11H6#chr14:20223687-20223705(-)	OR11H6	negative control		
OR11H6#chr14:20223808-20223826(-)	OR11H6	negative control		
OR11H6#chr14:20223839-20223857(+)	OR11H6	negative control		
OR11H6#chr14:20223859-20223877(-)	OR11H6	negative control		
OR11H6#chr14:20223901-20223919(+)	OR11H6	negative control		
OR11L1#chr1:247841641-247841659(+)	OR11L1	negative control		
OR11L1#chr1:247841745-247841763(-)	OR11L1	negative control		
OR11L1#chr1:247841777-247841795(-)	OR11L1	negative control		
OR11L1#chr1:247841819-247841837(+)	OR11L1	negative control		
OR11L1#chr1:247841856-247841874(+)	OR11L1	negative control		
OR11L1#chr1:247841887-247841905(+)	OR11L1	negative control		
OR12D2#chr6:29396626-29396644(+)	OR12D2	negative control		
OR12D2#chr6:29396725-29396743(-)	OR12D2	negative control		
OR12D2#chr6:29396891-29396909(-)	OR12D2	negative control		
OR12D2#chr6:29396896-29396914(-)	OR12D2	negative control		
OR12D2#chr6:29396900-29396918(-)	OR12D2	negative control		
OR12D2#chr6:29397013-29397031(-)	OR12D2	negative control		
OR12D3#chr6:29374860-29374878(+)	OR12D3	negative control		
OR12D3#chr6:29375021-29375039(+)	OR12D3	negative control		
OR12D3#chr6:29375038-29375056(+)	OR12D3	negative control		
OR12D3#chr6:29375225-29375243(+)	OR12D3	negative control		
OR12D3#chr6:29375241-29375259(-)	OR12D3	negative control		
OR12D3#chr6:29375250-29375268(-)	OR12D3	negative control		
OR13C9#chr9:104617741-104617759(+)	OR13C9	negative control		
OR13C9#chr9:104617752-104617770(-)	OR13C9	negative control		
OR13C9#chr9:104617767-104617785(-)	OR13C9	negative control		
OR13C9#chr9:104618142-104618160(-)	OR13C9	negative control		
OR13C9#chr9:104618198-104618216(-)	OR13C9	negative control		
OR13C9#chr9:104618204-104618222(-)	OR13C9	negative control		
OR13G1#chr1:247672569-247672587(+)	OR13G1	negative control		
OR13G1#chr1:247672969-247672987(+)	OR13G1	negative control		
OR13G1#chr1:247672980-247672998(-)	OR13G1	negative control		
OR13G1#chr1:247673007-247673025(-)	OR13G1	negative control		
OR13G1#chr1:247673030-247673048(+)	OR13G1	negative control		
OR13G1#chr1:247673041-247673059(+)	OR13G1	negative control		
OR14J1#chr6:29306639-29306657(-)	OR14J1	negative control		
OR14J1#chr6:29306672-29306690(+)	OR14J1	negative control		
OR14J1#chr6:29306710-29306728(+)	OR14J1	negative control		
OR14J1#chr6:29306784-29306802(+)	OR14J1	negative control		
OR14J1#chr6:29306826-29306844(-)	OR14J1	negative control		
OR14J1#chr6:29307105-29307123(-)	OR14J1	negative control		
OR1J4#chr9:122519128-122519146(+)	OR1J4	negative control		
OR1J4#chr9:122519415-122519433(-)	OR1J4	negative control		
OR1J4#chr9:122519527-122519545(-)	OR1J4	negative control		
OR1J4#chr9:122519593-122519611(-)	OR1J4	negative control		
OR1J4#chr9:122519598-122519616(-)	OR1J4	negative control		
OR1J4#chr9:122519610-122519628(-)	OR1J4	negative control		
OR1L8#chr9:122568064-122568082(+)	OR1L8	negative control		
OR1L8#chr9:122568298-122568316(+)	OR1L8	negative control		
OR1L8#chr9:122568355-122568373(-)	OR1L8	negative control		
OR1L8#chr9:122568361-122568379(+)	OR1L8	negative control		
OR1L8#chr9:122568415-122568433(+)	OR1L8	negative control		
OR1L8#chr9:122568542-122568560(-)	OR1L8	negative control		
OR1M1#chr19:9093628-9093646(-)	OR1M1	negative control		
OR1M1#chr19:9093559-9093577(-)	OR1M1	negative control		
OR1M1#chr19:9083140-9083157(-)	OR1M1	negative control		
OR1M1#chr19:9093352-9093370(-)	OR1M1	negative control		
OR1M1#chr19:9093293-9093311(+)	OR1M1	negative control		
OR1M1#chr19:9093345-9093363(+)	OR1M1	negative control		
OR1N2#chr9:122553156-122553174(+)	OR1N2	negative control		
OR1N2#chr9:122553189-122553207(+)	OR1N2	negative control		
OR1N2#chr9:122553194-122553212(+)	OR1N2	negative control		
OR1N2#chr9:122553204-122553222(+)	OR1N2	negative control		
OR1N2#chr9:122553259-122553277(-)	OR1N2	negative control		
OR1N2#chr9:122553317-122553335(+)	OR1N2	negative control		
OR2A1#chr7:144318508-144318526(-)	OR2A1	negative control		
OR2A1#chr7:144318533-144318551(+)	OR2A1	negative control		
OR2A1#chr7:144318597-144318615(-)	OR2A1	negative control		
OR2A1#chr7:144318522-144318540(-)	OR2A1	negative control		
OR2A1#chr7:144318110-144318128(+)	OR2A1	negative control		
OR2A1#chr7:144318332-144318350(+)	OR2A1	negative control		
OR2A2#chr7:144109537-144109555(+)	OR2A2	negative control		
OR2A2#chr7:144109541-144109559(-)	OR2A2	negative control		
OR2A2#chr7:144109545-144109563(-)	OR2A2	negative control		
OR2A2#chr7:144109550-144109568(-)	OR2A2	negative control		
OR2A2#chr7:144109569-144109587(+)	OR2A2	negative control		
OR2A2#chr7:144109621-144109639(-)	OR2A2	negative control		
OR2AE1#chr7:99876774-99876792(-)	OR2AE1	negative control		
OR2AE1#chr7:99876921-99876939(+)	OR2AE1	negative control		
OR2AE1#chr7:99876989-99877007(-)	OR2AE1	negative control		
OR2AE1#chr7:99876993-99877011(+)	OR2AE1	negative control		
OR2AE1#chr7:99877042-99877060(-)	OR2AE1	negative control		
OR2AE1#chr7:99877053-99877071(-)	OR2AE1	negative control		
OR2B2#chr6:27912238-27912256(+)	OR2B2	negative control		
OR2B2#chr6:27912275-27912293(+)	OR2B2	negative control		
OR2B2#chr6:27912292-27912310(-)	OR2B2	negative control		
OR2B2#chr6:27912307-27912325(+)	OR2B2	negative control		
OR2B2#chr6:27912343-27912361(+)	OR2B2	negative control		
OR2B2#chr6:27912385-27912403(-)	OR2B2	negative control		
OR2B3#chr6:29086819-29086837(-)	OR2B3	negative control		
OR2B3#chr6:29086911-29086929(+)	OR2B3	negative control		
OR2B3#chr6:29086928-29086946(+)	OR2B3	negative control		
OR2B3#chr6:29087071-29087089(+)	OR2B3	negative control		
OR2B3#chr6:29087110-29087128(-)	OR2B3	negative control		
OR2B3#chr6:29087152-29087170(+)	OR2B3	negative control		
OR2C3#chr1:247533505-247533523(-)	OR2C3	negative control		
OR2C3#chr1:247533537-247533555(-)	OR2C3	negative control		
OR2C3#chr1:247533589-247533607(+)	OR2C3	negative control		
OR2C3#chr1:247533600-247533618(+)	OR2C3	negative control		
OR2C3#chr1:247533639-247533657(-)	OR2C3	negative control		
OR2C3#chr1:247533832-247533850(+)	OR2C3	negative control		
OR2F2#chr7:143935236-143935254(+)	OR2F2	negative control		
OR2F2#chr7:143935250-143935268(-)	OR2F2	negative control		
OR2F2#chr7:143935277-143935295(-)	OR2F2	negative control		
OR2F2#chr7:143935321-143935339(-)	OR2F2	negative control		
OR2F2#chr7:143935334-143935352(+)	OR2F2	negative control		
OR2F2#chr7:143935598-143935616(-)	OR2F2	negative control		
OR2H1#chr6:29458497-29458515(-)	OR2H1	negative control		
OR2H1#chr6:29458502-29458520(+)	OR2H1	negative control		
OR2H1#chr6:29458515-29458533(-)	OR2H1	negative control		
OR2H1#chr6:29458545-29458563(-)	OR2H1	negative control		
OR2H1#chr6:29458600-29458618(-)	OR2H1	negative control		
OR2H1#chr6:29458651-29458669(+)	OR2H1	negative control		
OR2H2#chr6:29587964-29587982(-)	OR2H2	negative control		
OR2H2#chr6:29587948-29587966(+)	OR2H2	negative control		
OR2H2#chr6:29587983-29588001(+)	OR2H2	negative control		
OR2H2#chr6:29587956-29587974(-)	OR2H2	negative control		
OR2H2#chr6:29588001-29588019(-)	OR2H2	negative control		
OR2H2#chr6:29588039-29588057(+)	OR2H2	negative control		
OR2J3#chr6:29111908-29111926(+)	OR2J3	negative control		
OR2J3#chr6:29111966-29111984(+)	OR2J3	negative control		
OR2J3#chr6:29112136-29112154(+)	OR2J3	negative control		
OR2J3#chr6:29112313-29112331(-)	OR2J3	negative control		
OR2J3#chr6:29112328-29112346(-)	OR2J3	negative control		
OR2J3#chr6:29112363-29112381(-)	OR2J3	negative control		
OR2M2#chr1:248179968-248179986(+)	OR2M2	negative control		
OR2M2#chr1:248180051-248180069(-)	OR2M2	negative control		
OR2M2#chr1:248180055-248180073(-)	OR2M2	negative control		
OR2M2#chr1:248180076-248180094(+)	OR2M2	negative control		
OR2M2#chr1:248180081-248180099(-)	OR2M2	negative control		
OR2M2#chr1:248180290-248180308(+)	OR2M2	negative control		
OR2M3#chr1:248202784-248202802(-)	OR2M3	negative control		
OR2M3#chr1:248202810-248202828(+)	OR2M3	negative control		
OR2M3#chr1:248202834-248202852(+)	OR2M3	negative control		
OR2M3#chr1:248202852-248202870(-)	OR2M3	negative control		
OR2M3#chr1:248203022-248203040(-)	OR2M3	negative control		
OR2M3#chr1:248203055-248203073(+)	OR2M3	negative control		
OR2T1#chr1:248405979-248405997(+)	OR2T1	negative control		
OR2T1#chr1:248406033-248406051(-)	OR2T1	negative control		
OR2T1#chr1:248406088-248406106(-)	OR2T1	negative control		
OR2T1#chr1:248406130-248406148(+)	OR2T1	negative control		
OR2T1#chr1:248406453-248406471(-)	OR2T1	negative control		
OR2T1#chr1:248406459-248406477(-)	OR2T1	negative control		
OR2T11#chr1:248627133-248627151(+)	OR2T11	negative control		
OR2T11#chr1:248627140-248627158(+)	OR2T11	negative control		
OR2T11#chr1:248627151-248627169(+)	OR2T11	negative control		
OR2T11#chr1:248627157-248627175(+)	OR2T11	negative control		
OR2T11#chr1:248627161-248627179(+)	OR2T11	negative control		
OR2T11#chr1:248627187-248627205(+)	OR2T11	negative control		
OR2T29#chr1:248559436-248559454(-)	OR2T29	negative control		
OR2T29#chr1:248559063-248559081(+)	OR2T29	negative control		
OR2T29#chr1:248559069-248559087(+)	OR2T29	negative control		
OR2T29#chr1:248559153-248559171(+)	OR2T29	negative control		
OR2T29#chr1:248559209-248559227(-)	OR2T29	negative control		
OR2T29#chr1:248559057-248559075(+)	OR2T29	negative control		
OR2T33#chr1:248273366-248273384(+)	OR2T33	negative control		
OR2T33#chr1:248273377-248273395(-)	OR2T33	negative control		
OR2T33#chr1:248273774-248273792(+)	OR2T33	negative control		
OR2T33#chr1:248273370-248273388(-)	OR2T33	negative control		
OR2T33#chr1:248273608-248273626(+)	OR2T33	negative control		
OR2T33#chr1:248273814-248273832(-)	OR2T33	negative control		
OR2T4#chr1:248361647-248361665(+)	OR2T4	negative control		
OR2T4#chr1:248361661-248361679(+)	OR2T4	negative control		
OR2T4#chr1:248361672-248361690(-)	OR2T4	negative control		
OR2T4#chr1:248361743-248361761(+)	OR2T4	negative control		
OR2T4#chr1:248361749-248361767(-)	OR2T4	negative control		
OR2T4#chr1:248361981-248361999(+)	OR2T4	negative control		
OR2T5#chr1:248488610-248488628(+)	OR2T5	negative control		
OR2T5#chr1:248488642-248488660(-)	OR2T5	negative control		
OR2T5#chr1:248488626-248488644(+)	OR2T5	negative control		
OR2T5#chr1:248488673-248488691(-)	OR2T5	negative control		
OR2T5#chr1:248488667-248488685(+)	OR2T5	negative control		
OR2T6#chr1:248387619-248387637(+)	OR2T6	negative control		
OR2T6#chr1:248387631-248387649(-)	OR2T6	negative control		
OR2T6#chr1:248387637-248387655(-)	OR2T6	negative control		
OR2T6#chr1:248387650-248387668(-)	OR2T6	negative control		
OR2T6#chr1:248387850-248387868(+)	OR2T6	negative control		
OR2T6#chr1:248387883-248387901(-)	OR2T6	negative control		
OR2W1#chr6:29045005-29045023(+)	OR2W1	negative control		
OR2W1#chr6:29045057-29045075(-)	OR2W1	negative control		
OR2W1#chr6:29045149-29045167(+)	OR2W1	negative control		
OR2W1#chr6:29045198-29045216(-)	OR2W1	negative control		
OR2W1#chr6:29045219-29045237(+)	OR2W1	negative control		
OR2W1#chr6:29045225-29045243(+)	OR2W1	negative control		
OR2Y1#chr5:180739882-180739900(+)	OR2Y1	negative control		
OR2Y1#chr5:180740039-180740057(+)	OR2Y1	negative control		
OR2Y1#chr5:180740057-180740075(-)	OR2Y1	negative control		
OR2Y1#chr5:180740066-180740084(+)	OR2Y1	negative control		
OR2Y1#chr5:180740101-180740119(-)	OR2Y1	negative control		
OR2Y1#chr5:180740104-180740122(-)	OR2Y1	negative control		
OR4A5#chr11:54707108-54707126(+)	OR4A5	negative control		
OR4A5#chr11:54706815-54706833(-)	OR4A5	negative control		
OR4A5#chr11:54706846-54706864(-)	OR4A5	negative control		
OR4A5#chr11:54706838-54706856(-)	OR4A5	negative control		
OR4A5#chr11:54707042-54707060(-)	OR4A5	negative control		
OR4A5#chr11:54707159-54707177(-)	OR4A5	negative control		
OR4B1#chr11:48216783-48216801(+)	OR4B1	negative control		
OR4B1#chr11:48216903-48216921(-)	OR4B1	negative control		
OR4B1#chr11:48216916-48216934(-)	OR4B1	negative control		
OR4B1#chr11:48216992-48217010(-)	OR4B1	negative control		
OR4B1#chr11:48217001-48217019(-)	OR4B1	negative control		
OR4B1#chr11:48217006-48217024(-)	OR4B1	negative control		
OR4C12#chr11:49982501-49982519(-)	OR4C12	negative control		
OR4C12#chr11:49982441-49982459(-)	OR4C12	negative control		
OR4C12#chr11:49982426-49982444(+)	OR4C12	negative control		
OR4C12#chr11:49982069-49982087(-)	OR4C12	negative control		
OR4C12#chr11:49982075-49982093(-)	OR4C12	negative control		
OR4C12#chr11:49982102-49982120(+)	OR4C12	negative control		
OR4C15#chr11:55554359-55554377(-)	OR4C15	negative control		
OR4C15#chr11:55554408-55554426(-)	OR4C15	negative control		
OR4C15#chr11:55554415-55554433(-)	OR4C15	negative control		
OR4C15#chr11:55554422-55554440(+)	OR4C15	negative control		
OR4C15#chr11:55554563-55554581(+)	OR4C15	negative control		
OR4C15#chr11:55554663-55554681(-)	OR4C15	negative control		
OR4C3#chr11:48324973-48324991(-)	OR4C3	negative control		
OR4C3#chr11:48325061-48325079(+)	OR4C3	negative control		
OR4C3#chr11:48324939-48324957(-)	OR4C3	negative control		
OR4C3#chr11:48325014-48325032(-)	OR4C3	negative control		
OR4C3#chr11:48325175-48325193(-)	OR4C3	negative control		
OR4C3#chr11:48325004-48325022(+)	OR4C3	negative control		
OR4C45#chr11:50032962-50032980(-)	OR4C45	negative control		
OR4C45#chr11:50033133-50033151(-)	OR4C45	negative control		
OR4C45#chr11:50032909-50032927(-)	OR4C45	negative control		
OR4C45#chr11:48352272-48352290(+)	OR4C45	negative control		
OR4C45#chr11:48352419-48352437(-)	OR4C45	negative control		
OR4C45#chr11:48352348-48352366(-)	OR4C45	negative control		
OR4D10#chr11:59477375-59477393(+)	OR4D10	negative control		
OR4D10#chr11:59477418-59477436(+)	OR4D10	negative control		
OR4D10#chr11:59477433-59477451(+)	OR4D10	negative control		
OR4D10#chr11:59477472-59477490(+)	OR4D10	negative control		
OR4D10#chr11:59477485-59477503(-)	OR4D10	negative control		
OR4D10#chr11:59477710-59477728(-)	OR4D10	negative control		
OR4D11#chr11:59503558-59503576(+)	OR4D11	negative control		
OR4D11#chr11:59503638-59503656(-)	OR4D11	negative control		
OR4D11#chr11:59503799-59503817(-)	OR4D11	negative control		
OR4D11#chr11:59503850-59503868(-)	OR4D11	negative control		
OR4D11#chr11:59503890-59503908(-)	OR4D11	negative control		
OR4D11#chr11:59504009-59504027(+)	OR4D11	negative control		
OR4D5#chr11:123939612-123939630(-)	OR4D5	negative control		
OR4D5#chr11:123939653-123939671(+)	OR4D5	negative control		
OR4D5#chr11:123939745-123939763(-)	OR4D5	negative control		
OR4D5#chr11:123939823-123939841(-)	OR4D5	negative control		
OR4D5#chr11:123939843-123939861(-)	OR4D5	negative control		
OR4D5#chr11:123939886-123939904(-)	OR4D5	negative control		
OR4E2#chr14:21665065-21665083(+)	OR4E2	negative control		
OR4E2#chr14:21665100-21665118(-)	OR4E2	negative control		
OR4E2#chr14:21665124-21665142(+)	OR4E2	negative control		
OR4E2#chr14:21665271-21665289(-)	OR4E2	negative control		
OR4E2#chr14:21665312-21665330(+)	OR4E2	negative control		
OR4E2#chr14:21665408-21665426(-)	OR4E2	negative control		
OR4F5#chr1:69073-69091(+)	OR4F5	negative control		
OR4F5#chr1:69150-69168(-)	OR4F5	negative control		
OR4F5#chr1:69497-69515(+)	OR4F5	negative control		
OR4F5#chr1:69546-69564(-)	OR4F5	negative control		
OR4F5#chr1:69557-69575(+)	OR4F5	negative control		
OR4F5#chr1:69568-69586(+)	OR4F5	negative control		
OR4K13#chr14:20034327-20034345(+)	OR4K13	negative control		
OR4K13#chr14:20034476-20034494(-)	OR4K13	negative control		
OR4K13#chr14:20034589-20034607(+)	OR4K13	negative control		
OR4K13#chr14:20034652-20034670(-)	OR4K13	negative control		
OR4K13#chr14:20034723-20034741(+)	OR4K13	negative control		
OR4K13#chr14:20034731-20034749(-)	OR4K13	negative control		
OR4Q3#chr14:19747592-19747610(-)	OR4Q3	negative control		
OR4Q3#chr14:19747643-19747661(-)	OR4Q3	negative control		
OR4Q3#chr14:19747649-19747667(-)	OR4Q3	negative control		
OR4Q3#chr14:19747764-19747782(+)	OR4Q3	negative control		
OR4Q3#chr14:19747818-19747836(-)	OR4Q3	negative control		
OR4Q3#chr14:19747829-19747847(-)	OR4Q3	negative control		
OR51A2#chr11:4955421-4955439(+)	OR51A2	negative control		
OR51A2#chr11:4955215-4955233(+)	OR51A2	negative control		
OR51A2#chr11:4955541-4955559(-)	OR51A2	negative control		
OR51A2#chr11:4955432-4955450(+)	OR51A2	negative control		
OR51A2#chr11:4955309-4955327(+)	OR51A2	negative control		
OR51A4#chr11:4947127-4947145(+)	OR51A4	negative control		
OR51A4#chr11:4946806-4946824(+)	OR51A4	negative control		
OR51A4#chr11:4946793-4946811(+)	OR51A4	negative control		
OR51A4#chr11:4946690-4946708(+)	OR51A4	negative control		
OR51A4#chr11:4947042-4947060(+)	OR51A4	negative control		
OR51A4#chr11:4947045-4947063(+)	OR51A4	negative control		
OR51B4#chr11:5301689-5301707(+)	OR51B4	negative control		
OR51B4#chr11:5301722-5301740(+)	OR51B4	negative control		
OR51B4#chr11:5301900-5301918(-)	OR51B4	negative control		
OR51B4#chr11:5301902-5301920(+)	OR51B4	negative control		
OR51B4#chr11:5301927-5301945(+)	OR51B4	negative control		
OR51B4#chr11:5301931-5301949(+)	OR51B4	negative control		
OR51E2#chr11:4697729-4697747(+)	OR51E2	negative control		
OR51E2#chr11:4697784-4697802(+)	OR51E2	negative control		
OR51E2#chr11:4697787-4697805(+)	OR51E2	negative control		
OR51E2#chr11:4697798-4697816(-)	OR51E2	negative control		
OR51E2#chr11:4697804-4697822(-)	OR51E2	negative control		
OR51E2#chr11:4697819-4697837(+)	OR51E2	negative control		
OR51F1#chr11:4769700-4769718(-)	OR51F1	negative control		
OR51F1#chr11:4769834-4769852(+)	OR51F1	negative control		
OR51F1#chr11:4769839-4769857(+)	OR51F1	negative control		
OR51F1#chr11:4769859-4769877(+)	OR51F1	negative control		
OR51F1#chr11:4769863-4769881(+)	OR51F1	negative control		
OR51F1#chr11:4769917-4769935(-)	OR51F1	negative control		
OR51F2#chr11:4821341-4821359(-)	OR51F2	negative control		
OR51F2#chr11:4821421-4821439(-)	OR51F2	negative control		
OR51F2#chr11:4821495-4821513(-)	OR51F2	negative control		
OR51F2#chr11:4821498-4821516(-)	OR51F2	negative control		
OR51F2#chr11:4821577-4821595(-)	OR51F2	negative control		
OR51F2#chr11:4821672-4821690(-)	OR51F2	negative control		
OR51L1#chr11:4998966-4998984(+)	OR51L1	negative control		
OR51L1#chr11:4999019-4999037(-)	OR51L1	negative control		
OR51L1#chr11:4999030-4999048(-)	OR51L1	negative control		
OR51L1#chr11:4999043-4999061(-)	OR51L1	negative control		
OR51L1#chr11:4999212-4999230(-)	OR51L1	negative control		
OR51L1#chr11:4999463-4999481(-)	OR51L1	negative control		
OR51T1#chr11:4881897-4881915(-)	OR51T1	negative control		
OR51T1#chr11:4881940-4881958(+)	OR51T1	negative control		
OR51T1#chr11:4881944-4881962(-)	OR51T1	negative control		
OR51T1#chr11:4882129-4882147(-)	OR51T1	negative control		
OR51T1#chr11:4882174-4882192(-)	OR51T1	negative control		
OR51T1#chr11:4882293-4882311(-)	OR51T1	negative control		
OR52E6#chr11:5841399-5841417(+)	OR52E6	negative control		
OR52E6#chr11:5841429-5841447(-)	OR52E6	negative control		
OR52E6#chr11:5841549-5841567(-)	OR52E6	negative control		
OR52E6#chr11:5841661-5841679(+)	OR52E6	negative control		
OR52E6#chr11:5841669-5841687(-)	OR52E6	negative control		
OR52E6#chr11:5841873-5841891(+)	OR52E6	negative control		
OR52N2#chr11:5820323-5820341(-)	OR52N2	negative control		
OR52N2#chr11:5820326-5820344(-)	OR52N2	negative control		
OR52N2#chr11:5820334-5820352(-)	OR52N2	negative control		
OR52N2#chr11:5820362-5820380(-)	OR52N2	negative control		
OR52N2#chr11:5820377-5820395(+)	OR52N2	negative control		
OR52N2#chr11:5820452-5820470(+)	OR52N2	negative control		
OR52W1#chr11:6199166-6199184(-)	OR52W1	negative control		
OR52W1#chr11:6199193-6199211(-)	OR52W1	negative control		
OR52W1#chr11:6199203-6199221(-)	OR52W1	negative control		
OR52W1#chr11:6199206-6199224(+)	OR52W1	negative control		
OR52W1#chr11:6199295-6199313(+)	OR52W1	negative control		
OR52W1#chr11:6199309-6199327(-)	OR52W1	negative control		
OR56A4#chr11:6002699-6002717(+)	OR56A4	negative control		
OR56A4#chr11:6003071-6003089(+)	OR56A4	negative control		
OR56A4#chr11:6003099-6003117(-)	OR56A4	negative control		
OR56A4#chr11:6003152-6003170(-)	OR56A4	negative control		
OR56A4#chr11:6003156-6003174(-)	OR56A4	negative control		
OR56A4#chr11:6003168-6003186(-)	OR56A4	negative control		
OR5A2#chr11:59422637-59422655(+)	OR5A2	negative control		
OR5A2#chr11:59422652-59422670(+)	OR5A2	negative control		
OR5A2#chr11:59422700-59422718(+)	OR5A2	negative control		
OR5A2#chr11:59422706-59422724(+)	OR5A2	negative control		
OR5A2#chr11:59422935-59422953(+)	OR5A2	negative control		
OR5A2#chr11:59422953-59422971(-)	OR5A2	negative control		
OR5AC2#chr3:98087167-98087185(+)	OR5AC2	negative control		
OR5AC2#chr3:98087223-98087241(+)	OR5AC2	negative control		
OR5AC2#chr3:98087242-98087260(-)	OR5AC2	negative control		
OR5AC2#chr3:98087405-98087423(-)	OR5AC2	negative control		
OR5AC2#chr3:98087415-98087433(-)	OR5AC2	negative control		
OR5AC2#chr3:98087459-98087477(-)	OR5AC2	negative control		
OR5AK2#chr11:56988903-56988921(+)	OR5AK2	negative control		
OR5AK2#chr11:56988915-56988933(-)	OR5AK2	negative control		
OR5AK2#chr11:56988938-56988956(+)	OR5AK2	negative control		
OR5AK2#chr11:56988964-56988982(+)	OR5AK2	negative control		
OR5AK2#chr11:56988973-56988991(-)	OR5AK2	negative control		
OR5AK2#chr11:56989325-56989343(+)	OR5AK2	negative control		
OR5AP2#chr11:56642005-56642023(+)	OR5AP2	negative control		
OR5AP2#chr11:56642016-56642034(+)	OR5AP2	negative control		
OR5AP2#chr11:56642206-56642224(+)	OR5AP2	negative control		
OR5AP2#chr11:56642303-56642321(-)	OR5AP2	negative control		
OR5AP2#chr11:56642348-56642366(+)	OR5AP2	negative control		
OR5AP2#chr11:56642417-56642435(-)	OR5AP2	negative control		
OR5B3#chr11:58403140-58403158(+)	OR5B3	negative control		
OR5B3#chr11:58403160-58403178(+)	OR5B3	negative control		
OR5B3#chr11:58403172-58403190(-)	OR5B3	negative control		
OR5B3#chr11:58403318-58403336(+)	OR5B3	negative control		
OR5B3#chr11:58403342-58403360(+)	OR5B3	negative control		
OR5B3#chr11:58403411-58403429(+)	OR5B3	negative control		
OR5C1#chr9:122788936-122788954(+)	OR5C1	negative control		
OR5C1#chr9:122788961-122788979(-)	OR5C1	negative control		
OR5C1#chr9:122788970-122788988(-)	OR5C1	negative control		
OR5C1#chr9:122789013-122789031(-)	OR5C1	negative control		
OR5C1#chr9:122789044-122789062(-)	OR5C1	negative control		
OR5C1#chr9:122789219-122789237(-)	OR5C1	negative control		
OR5D13#chr11:55773469-55773487(+)	OR5D13	negative control		
OR5D13#chr11:55773474-55773492(-)	OR5D13	negative control		
OR5D13#chr11:55773667-55773685(-)	OR5D13	negative control		
OR5D13#chr11:55773831-55773849(-)	OR5D13	negative control		
OR5D13#chr11:55773844-55773862(-)	OR5D13	negative control		
OR5D13#chr11:55773878-55773896(+)	OR5D13	negative control		
OR5K2#chr3:98497654-98497672(-)	OR5K2	negative control		
OR5K2#chr3:98497647-98497665(-)	OR5K2	negative control		
OR5K2#chr3:98498079-98498097(-)	OR5K2	negative control		
OR5K2#chr3:98497925-98497943(+)	OR5K2	negative control		
OR5K2#chr3:98498014-98498032(+)	OR5K2	negative control		
OR5K2#chr3:98497663-98497681(+)	OR5K2	negative control		
OR5K3#chr3:98390654-98390672(+)	OR5K3	negative control		
OR5K3#chr3:98390688-98390706(-)	OR5K3	negative control		
OR5K3#chr3:98390691-98390709(+)	OR5K3	negative control		
OR5K3#chr3:98390780-98390798(+)	OR5K3	negative control		
OR5K3#chr3:98390863-98390881(-)	OR5K3	negative control		
OR5K3#chr3:98391111-98391129(-)	OR5K3	negative control		
OR5L1#chr11:55811444-55811462(-)	OR5L1	negative control		
OR5L1#chr11:55811447-55811465(-)	OR5L1	negative control		
OR5L1#chr11:55811449-55811467(+)	OR5L1	negative control		
OR5L1#chr11:55811591-55811609(-)	OR5L1	negative control		
OR5L1#chr11:55811595-55811613(-)	OR5L1	negative control		
OR5L1#chr11:55811779-55811797(+)	OR5L1	negative control		
OR5L2#chr11:55827202-55827220(+)	OR5L2	negative control		
OR5L2#chr11:55827343-55827361(-)	OR5L2	negative control		
OR5L2#chr11:55827531-55827549(+)	OR5L2	negative control		
OR5L2#chr11:55827606-55827624(-)	OR5L2	negative control		
OR5L2#chr11:55827624-55827642(+)	OR5L2	negative control		
OR5L2#chr11:55827653-55827671(+)	OR5L2	negative control		
OR5M1#chr11:56613041-56613059(+)	OR5M1	negative control		
OR5M1#chr11:56613050-56613068(-)	OR5M1	negative control		
OR5M1#chr11:56613038-56613056(-)	OR5M1	negative control		
OR5M1#chr11:56613290-56613308(+)	OR5M1	negative control		
OR5M1#chr11:56613072-56613090(+)	OR5M1	negative control		
OR5M1#chr11:56613320-56613338(+)	OR5M1	negative control		
OR5M11#chr11:56542866-56542884(+)	OR5M11	negative control		
OR5M11#chr11:56542923-56542941(+)	OR5M11	negative control		
OR5M11#chr11:56543003-56543021(+)	OR5M11	negative control		
OR5M11#chr11:56543051-56543069(+)	OR5M11	negative control		
OR5M11#chr11:56543213-56543231(-)	OR5M11	negative control		
OR5M11#chr11:56543263-56543281(-)	OR5M11	negative control		
OR5M8#chr11:56491201-56491219(+)	OR5M8	negative control		
OR5M8#chr11:56491206-56491224(+)	OR5M8	negative control		
OR5M8#chr11:56491300-56491318(+)	OR5M8	negative control		
OR5M8#chr11:56491311-56491329(+)	OR5M8	negative control		
OR5M8#chr11:56491352-56491370(-)	OR5M8	negative control		
OR5M8#chr11:56491372-56491390(+)	OR5M8	negative control		
OR5P2#chr11:7796641-7796659(+)	OR5P2	negative control		
OR5P2#chr11:7796652-7796670(+)	OR5P2	negative control		
OR5P2#chr11:7796656-7796674(+)	OR5P2	negative control		
OR5P2#chr11:7796835-7796853(+)	OR5P2	negative control		
OR5P2#chr11:7796893-7796911(+)	OR5P2	negative control		
OR5P2#chr11:7796904-7796922(-)	OR5P2	negative control		
OR5T1#chr11:56275563-56275581(+)	OR5T1	negative control		
OR5T1#chr11:56275626-56275644(+)	OR5T1	negative control		
OR5T1#chr11:56275642-56275660(+)	OR5T1	negative control		
OR5T1#chr11:56275654-56275672(-)	OR5T1	negative control		
OR5T1#chr11:56275775-56275793(+)	OR5T1	negative control		
OR5T1#chr11:56275785-56275803(+)	OR5T1	negative control		
OR5T2#chr11:56232943-56232961(+)	OR5T2	negative control		
OR5T2#chr11:56232950-56232968(-)	OR5T2	negative control		
OR5T2#chr11:56232961-56232979(+)	OR5T2	negative control		
OR5T2#chr11:56233025-56233043(-)	OR5T2	negative control		
OR5T2#chr11:56233128-56233146(+)	OR5T2	negative control		
OR5T2#chr11:56233248-56233266(-)	OR5T2	negative control		
OR5T3#chr11:56252182-56252200(+)	OR5T3	negative control		
OR5T3#chr11:56252198-56252216(+)	OR5T3	negative control		
OR5T3#chr11:56252268-56252286(+)	OR5T3	negative control		
OR5T3#chr11:56252296-56252314(-)	OR5T3	negative control		
OR5T3#chr11:56252390-56252408(+)	OR5T3	negative control		
OR5T3#chr11:56252400-56252418(+)	OR5T3	negative control		
OR6C1#chr12:55320611-55320629(-)	OR6C1	negative control		
OR6C1#chr12:55320686-55320704(-)	OR6C1	negative control		
OR6C1#chr12:55320728-55320746(-)	OR6C1	negative control		
OR6C1#chr12:55320820-55320838(-)	OR6C1	negative control		
OR6C1#chr12:55320831-55320849(-)	OR6C1	negative control		
OR6C1#chr12:55320981-55320999(-)	OR6C1	negative control		
OR6F1#chr1:247712580-247712598(+)	OR6F1	negative control		
OR6F1#chr1:247712583-247712601(+)	OR6F1	negative control		
OR6F1#chr1:247712614-247712632(-)	OR6F1	negative control		
OR6F1#chr1:247712739-247712757(+)	OR6F1	negative control		
OR6F1#chr1:247712748-247712766(-)	OR6F1	negative control		
OR6F1#chr1:247712786-247712804(-)	OR6F1	negative control		
OR6M1#chr11:123806275-123806293(+)	OR6M1	negative control		
OR6M1#chr11:123806297-123806315(+)	OR6M1	negative control		
OR6M1#chr11:123806341-123806359(-)	OR6M1	negative control		
OR6M1#chr11:123806344-123806362(+)	OR6M1	negative control		
OR6M1#chr11:123806348-123806366(-)	OR6M1	negative control		
OR6M1#chr11:123806377-123806395(+)	OR6M1	negative control		
OR6P1#chr1:158563306-158563324(+)	OR6P1	negative control		
OR6P1#chr1:158563324-158563342(+)	OR6P1	negative control		
OR6P1#chr1:158563354-158563372(+)	OR6P1	negative control		
OR6P1#chr1:158563561-158563579(-)	OR6P1	negative control		
OR6P1#chr1:158563565-158563583(-)	OR6P1	negative control		
OR6P1#chr1:158563591-158563609(-)	OR6P1	negative control		
OR7A10#chr19:14841808-14841826(-)	OR7A10	negative control		
OR7A10#chr19:14841526-14841544(-)	OR7A10	negative control		
OR7A10#chr19:14841835-14841853(-)	OR7A10	negative control		
OR7A10#chr19:14841550-14841568(-)	OR7A10	negative control		
OR7A10#chr19:14841555-14841573(-)	OR7A10	negative control		
OR7A10#chr19:14841657-14841675(+)	OR7A10	negative control		
OR8A1#chr11:124570013-124570031(-)	OR8A1	negative control		
OR8A1#chr11:124570015-124570033(+)	OR8A1	negative control		
OR8A1#chr11:124570033-124570051(-)	OR8A1	negative control		
OR8A1#chr11:124570051-124570069(-)	OR8A1	negative control		
OR8A1#chr11:124570207-124570225(+)	OR8A1	negative control		
OR8A1#chr11:124570215-124570233(-)	OR8A1	negative control		
OR8B3#chr11:124397255-124397273(-)	OR8B3	negative control		
OR8B3#chr11:124397067-124397085(-)	OR8B3	negative control		
OR8B3#chr11:124397270-124397288(+)	OR8B3	negative control		
OR8B3#chr11:124397218-124397236(+)	OR8B3	negative control		
OR8B3#chr11:124397352-124397370(+)	OR8B3	negative control		
OR8B3#chr11:124397233-124397251(-)	OR8B3	negative control		
OR8B4#chr11:124424460-124424478(-)	OR8B4	negative control		
OR8B4#chr11:124424470-124424488(+)	OR8B4	negative control		
OR8B4#chr11:124424618-124424636(+)	OR8B4	negative control		
OR8B4#chr11:124424757-124424775(-)	OR8B4	negative control		
OR8B4#chr11:124424812-124424830(+)	OR8B4	negative control		
OR8B4#chr11:124424874-124424892(+)	OR8B4	negative control		
OR8B8#chr11:124440925-124440943(+)	OR8B8	negative control		
OR8B8#chr11:124441045-124441063(+)	OR8B8	negative control		
OR8B8#chr11:124441048-124441066(+)	OR8B8	negative control		
OR8B8#chr11:124441085-124441103(-)	OR8B8	negative control		
OR8B8#chr11:124441088-124441106(+)	OR8B8	negative control		
OR8B8#chr11:124441095-124441113(+)	OR8B8	negative control		
OR8G5#chr11:124264825-124264843(+)	OR8G5	negative control		
OR8G5#chr11:124264859-124264877(-)	OR8G5	negative control		
OR8G5#chr11:124264914-124264932(-)	OR8G5	negative control		
OR8G5#chr11:124264949-124264967(-)	OR8G5	negative control		
OR8G5#chr11:124264953-124264971(+)	OR8G5	negative control		
OR8G5#chr11:124264958-124264976(+)	OR8G5	negative control		
OR8H1#chr11:56290602-56290620(+)	OR8H1	negative control		
OR8H1#chr11:56290648-56290666(+)	OR8H1	negative control		
OR8H1#chr11:56290660-56290678(+)	OR8H1	negative control		
OR8H1#chr11:56290964-56290982(+)	OR8H1	negative control		
OR8H1#chr11:56290973-56290991(+)	OR8H1	negative control		
OR8H1#chr11:56291061-56291079(-)	OR8H1	negative control		
OR8H3#chr11:56122784-56122802(-)	OR8H3	negative control		
OR8H3#chr11:56122474-56122492(-)	OR8H3	negative control		
OR8H3#chr11:56122638-56122656(+)	OR8H3	negative control		
OR8H3#chr11:56122768-56122786(+)	OR8H3	negative control		
OR8H3#chr11:56122359-56122377(+)	OR8H3	negative control		
OR8H3#chr11:56122421-56122439(+)	OR8H3	negative control		
OR8K1#chr11:56345948-56345966(-)	OR8K1	negative control		
OR8K1#chr11:56346060-56346078(+)	OR8K1	negative control		
OR8K1#chr11:56346121-56346139(+)	OR8K1	negative control		
OR8K1#chr11:56346135-56346153(-)	OR8K1	negative control		
OR8K1#chr11:56346152-56346170(-)	OR8K1	negative control		
OR8K1#chr11:56346166-56346184(+)	OR8K1	negative control		
OR8U8#chr11:56375606-56375624(+)	OR8U8	negative control		
OR8U8#chr11:56375627-56375645(+)	OR8U8	negative control		
OR8U8#chr11:56375674-56375692(-)	OR8U8	negative control		
OR8U8#chr11:56375683-56375701(-)	OR8U8	negative control		
OR8U8#chr11:56375720-56375738(+)	OR8U8	negative control		
OR8U8#chr11:56375907-56375925(+)	OR8U8	negative control		
OR9A2#chr7:143027064-143027082(+)	OR9A2	negative control		
OR9A2#chr7:143027076-143027094(+)	OR9A2	negative control		
OR9A2#chr7:143027079-143027097(+)	OR9A2	negative control		
OR9A2#chr7:143027089-143027107(+)	OR9A2	negative control		
OR9A2#chr7:143027141-143027159(-)	OR9A2	negative control		
OR9A2#chr7:143027198-143027216(+)	OR9A2	negative control		
OR9I1#chr11:58118981-58118999(+)	OR9I1	negative control		
OR9I1#chr11:58119039-58119057(+)	OR9I1	negative control		
OR9I1#chr11:58119191-58119209(+)	OR9I1	negative control		
OR9I1#chr11:58119364-58119382(+)	OR9I1	negative control		
OR9I1#chr11:58119401-58119419(-)	OR9I1	negative control		
OR9I1#chr11:58119404-58119422(+)	OR9I1	negative control		
OR9K2#chr12:55129678-55129696(+)	OR9K2	negative control		
OR9K2#chr12:55129753-55129771(-)	OR9K2	negative control		
OR9K2#chr12:55129818-55129836(-)	OR9K2	negative control		
OR9K2#chr12:55129906-55129924(-)	OR9K2	negative control		
OR9K2#chr12:55129954-55129972(+)	OR9K2	negative control		
OR9K2#chr12:55130160-55130178(-)	OR9K2	negative control		
OR9Q1#chr11:58023897-58023915(+)	OR9Q1	negative control		
OR9Q1#chr11:58023920-58023938(+)	OR9Q1	negative control		
OR9Q1#chr11:58023930-58023948(+)	OR9Q1	negative control		
OR9Q1#chr11:58024084-58024102(+)	OR9Q1	negative control		
OR9Q1#chr11:58024089-58024107(+)	OR9Q1	negative control		
OR9Q1#chr11:58024262-58024280(+)	OR9Q1	negative control		
ORAI1#chr12:121626500-121626518(+)	ORAI1	negative control		
ORAI1#chr12:121626540-121626558(+)	ORAI1	negative control		
ORAI1#chr12:121626554-121626572(-)	ORAI1	negative control		
ORAI1#chr12:121626557-121626575(-)	ORAI1	negative control		
ORAI1#chr12:121626580-121626598(-)	ORAI1	negative control		
ORAI1#chr12:121626783-121626801(+)	ORAI1	negative control		
AATF#chr17:36948966-36948984(+)	AATF	targeting	-0.124488354	0.7159386658270398
AATF#chr17:36949013-36949031(+)	AATF	targeting	-0.010833986	0.971622984322634
AATF#chr17:36949020-36949038(+)	AATF	targeting	0.26825935	0.666152974207821
AATF#chr17:36949026-36949044(+)	AATF	targeting	-0.04006717	0.9645152535532088
AATF#chr17:36949031-36949049(+)	AATF	targeting	0.077720225	0.9340051411354842
AATF#chr17:36949070-36949088(-)	AATF	targeting	-0.1315627	0.5003615133358859
ADNP#chr20:50930828-50930846(-)	ADNP	targeting	-0.007684388	0.942853202340118
ADNP#chr20:50931012-50931030(+)	ADNP	targeting	0.35101345	0.2808620874558599
ADNP#chr20:50931046-50931064(+)	ADNP	targeting	0.0037848633	0.949568665892992
ADNP#chr20:50931094-50931112(+)	ADNP	targeting	-0.19495086	0.3912068007936747
ADNP#chr20:50931150-50931168(+)	ADNP	targeting	-0.7763229	5.1332640402265374e-14
ADNP#chr20:50931407-50931425(+)	ADNP	targeting	0.016454337	0.7414467920141465
ADNP2#chr18:80109299-80109317(+)	ADNP2	targeting	-0.46405396	0.1705805363754172
ADNP2#chr18:80109461-80109479(+)	ADNP2	targeting	-0.7398151	0.0117718129316017
ADNP2#chr18:80109541-80109559(-)	ADNP2	targeting	-0.18023387	0.1444271985299815
ADNP2#chr18:80109632-80109650(+)	ADNP2	targeting	-1.8392437	7.027529370470445e-05
ADNP2#chr18:80109744-80109762(+)	ADNP2	targeting	-0.61002207	2.5807808854182843e-05
ADNP2#chr18:80109768-80109786(+)	ADNP2	targeting	-1.0777364	8.026561724578119e-09
AEBP1#chr7:44104396-44104414(-)	AEBP1	targeting	-0.42689294	0.6067757231577745
AEBP1#chr7:44104404-44104422(-)	AEBP1	targeting	-0.2192839	0.5513408799949118
AEBP1#chr7:44104431-44104449(-)	AEBP1	targeting	-0.946284	0.0284134098950773
AEBP1#chr7:44104495-44104513(-)	AEBP1	targeting	-1.172046	0.0701218094911007
AEBP1#chr7:44104513-44104531(-)	AEBP1	targeting	-0.4812944	0.5126935579284089
AEBP1#chr7:44104728-44104746(-)	AEBP1	targeting	-1.1011902	0.076672724141273
AEBP2#chr12:19439636-19439654(+)	AEBP2	targeting	-2.3524024	1.8701896531706352e-05
AEBP2#chr12:19439703-19439721(+)	AEBP2	targeting	-1.2007015	5.27874602840284e-12
AEBP2#chr12:19439710-19439728(-)	AEBP2	targeting	-0.27957267	0.0418697661402413
AEBP2#chr12:19439728-19439746(-)	AEBP2	targeting	-2.5158825	8.885650489563805e-06
AEBP2#chr12:19439774-19439792(-)	AEBP2	targeting	-0.025428457	0.8684768962934953
AEBP2#chr12:19440058-19440076(+)	AEBP2	targeting	-0.15858382	0.7534785672597821
AFF1#chr4:86935010-86935028(+)	AFF1	targeting	-0.010850202	0.954283562373168
AFF1#chr4:86935044-86935062(-)	AFF1	targeting	-0.4805774	1.807768678391372e-05
AFF1#chr4:86935062-86935080(-)	AFF1	targeting	-0.14634526	0.4802855312518095
AFF1#chr4:86935098-86935116(-)	AFF1	targeting	-0.25934562	0.1249243735440059
AFF1#chr4:86935206-86935224(+)	AFF1	targeting	-0.32125476	0.001718992809672
AFF1#chr4:86935211-86935229(+)	AFF1	targeting	-0.50471485	2.0184028308047684e-15
AFF2#chrX:148500809-148500827(-)	AFF2	targeting	-0.23605205	0.7402632435450947
AFF2#chrX:148500812-148500830(-)	AFF2	targeting	0.63585824	0.1661456201728627
AFF2#chrX:148500845-148500863(+)	AFF2	targeting	-0.5790099	0.3882266894722654
AFF2#chrX:148500904-148500922(-)	AFF2	targeting	-0.6608585	0.0409261528116451
AFF2#chrX:148501085-148501103(-)	AFF2	targeting	-1.1644816	0.0205777673285769
AFF2#chrX:148501171-148501189(-)	AFF2	targeting	0.027973086	0.9470110040713268
AFF3#chr2:100142311-100142329(+)	AFF3	targeting		
AFF3#chr2:100142359-100142377(+)	AFF3	targeting		
AFF3#chr2:100142402-100142420(+)	AFF3	targeting		
AFF3#chr2:100142430-100142448(-)	AFF3	targeting		
AFF3#chr2:100142435-100142453(+)	AFF3	targeting		
AFF3#chr2:100142516-100142534(-)	AFF3	targeting		
AFF4#chr5:132963540-132963558(+)	AFF4	targeting	-1.6239964	2.408151540892429e-10
AFF4#chr5:132963567-132963585(+)	AFF4	targeting	-2.1235735	2.525823007168125e-17
AFF4#chr5:132963570-132963588(+)	AFF4	targeting	-1.9940747	6.446126848110693e-13
AFF4#chr5:132963573-132963591(+)	AFF4	targeting	-0.03638937	0.7943824648598723
AFF4#chr5:132963579-132963597(-)	AFF4	targeting	-0.9385021	1.06062170717783e-10
AFF4#chr5:132963620-132963638(+)	AFF4	targeting	-0.49874586	3.985382346662272e-10
AHCTF1#chr1:246931690-246931708(-)	AHCTF1	targeting	0.06552729	0.7672664678029283
AHCTF1#chr1:246931812-246931830(+)	AHCTF1	targeting	-0.41808084	0.017236630965567
AHCTF1#chr1:246931857-246931875(-)	AHCTF1	targeting	-0.16651715	0.2674694298725147
AHCTF1#chr1:246931878-246931896(-)	AHCTF1	targeting	0.09897168	0.1938955226674178
AHCTF1#chr1:246931893-246931911(-)	AHCTF1	targeting	0.23417355	0.304815944545632
AHCTF1#chr1:246931917-246931935(-)	AHCTF1	targeting	-0.017428737	0.9585463958525668
AHCY#chr20:34302905-34302923(+)	AHCY	targeting	-1.1380441	0.0119705288246266
AHCY#chr20:34303124-34303142(+)	AHCY	targeting	-1.199617	0.0448942833482739
AHCY#chr20:34303269-34303287(+)	AHCY	targeting	-0.17495282	0.5223092164214489
AHCY#chr20:34303275-34303293(+)	AHCY	targeting	-0.25681192	0.2343894749076896
AHCY#chr20:34303314-34303332(+)	AHCY	targeting	-0.5865698	0.185124844487947
AHCY#chr20:34303319-34303337(+)	AHCY	targeting	-1.8800914	0.0470854683408171
AHDC1#chr1:27604043-27604061(-)	AHDC1	targeting	-0.67087257	0.0111225587617406
AHDC1#chr1:27604143-27604161(-)	AHDC1	targeting	-1.8447466	5.820223521723533e-07
AHDC1#chr1:27604157-27604175(-)	AHDC1	targeting	-2.7790358	6.132641279462384e-05
AHDC1#chr1:27604162-27604180(-)	AHDC1	targeting	-1.5123671	1.0854520525413544e-08
AHDC1#chr1:27604171-27604189(+)	AHDC1	targeting	-0.47540304	0.1821172169891731
AHDC1#chr1:27604175-27604193(-)	AHDC1	targeting	-0.5653495	0.4979867703262267
AHR#chr7:17298669-17298687(-)	AHR	targeting		
AHR#chr7:17298686-17298704(-)	AHR	targeting		
AHR#chr7:17298697-17298715(-)	AHR	targeting		
AHR#chr7:17298699-17298717(+)	AHR	targeting		
AHR#chr7:17298718-17298736(+)	AHR	targeting		
AHR#chr7:17298882-17298900(-)	AHR	targeting		
AHRR#chr5:321718-321736(-)	AHRR	targeting		
AHRR#chr5:321764-321782(+)	AHRR	targeting		
AHRR#chr5:321781-321799(-)	AHRR	targeting		
AHRR#chr5:321939-321957(-)	AHRR	targeting		
AHRR#chr5:321970-321988(+)	AHRR	targeting		
AHRR#chr5:322598-322616(-)	AHRR	targeting		
AIRE#chr21:44285835-44285853(+)	AIRE	targeting		
AIRE#chr21:44285858-44285876(+)	AIRE	targeting		
AIRE#chr21:44285923-44285941(-)	AIRE	targeting		
AIRE#chr21:44285926-44285944(+)	AIRE	targeting		
AIRE#chr21:44285954-44285972(-)	AIRE	targeting		
AIRE#chr21:44286097-44286115(+)	AIRE	targeting		
AKAP8#chr19:15379705-15379723(-)	AKAP8	targeting	0.08785977	0.7066510031197514
AKAP8#chr19:15379715-15379733(-)	AKAP8	targeting	0.09939512	0.6468068532544944
AKAP8#chr19:15379724-15379742(-)	AKAP8	targeting	0.12771791	0.6306432283128451
AKAP8#chr19:15379731-15379749(-)	AKAP8	targeting	0.20030567	0.4521448502051509
AKAP8#chr19:15379748-15379766(-)	AKAP8	targeting	0.043108664	0.9096664552342194
AKAP8#chr19:15379759-15379777(-)	AKAP8	targeting	-0.08278941	0.730216193808213
AKAP8L#chr19:15418544-15418562(+)	AKAP8L	targeting	0.11086438	0.6098330073422781
AKAP8L#chr19:15418604-15418622(+)	AKAP8L	targeting	0.22336857	0.4133652150570303
AKAP8L#chr19:15418907-15418925(+)	AKAP8L	targeting	-0.7569196	0.0002683632248972
AKAP8L#chr19:15418913-15418931(-)	AKAP8L	targeting	-0.13937177	0.5970412025626841
AKAP8L#chr19:15418947-15418965(-)	AKAP8L	targeting	-0.7803255	0.0293973454672666
AKAP8L#chr19:15418979-15418997(-)	AKAP8L	targeting	-1.449537	0.0063863553339797
AKNA#chr9:114387893-114387911(-)	AKNA	targeting		
AKNA#chr9:114387912-114387930(-)	AKNA	targeting		
AKNA#chr9:114387944-114387962(-)	AKNA	targeting		
AKNA#chr9:114387968-114387986(-)	AKNA	targeting		
AKNA#chr9:114387971-114387989(-)	AKNA	targeting		
AKNA#chr9:114387991-114388009(-)	AKNA	targeting		
AKNA#chr9:114398167-114398185(+)	AKNA	targeting		
AKNA#chr9:114398208-114398226(+)	AKNA	targeting		
AKNA#chr9:114398425-114398443(+)	AKNA	targeting		
AKNA#chr9:114398430-114398448(-)	AKNA	targeting		
AKNA#chr9:114398453-114398471(-)	AKNA	targeting		
AKNA#chr9:114398456-114398474(-)	AKNA	targeting		
ALX1#chr12:85280208-85280226(-)	ALX1	targeting		
ALX1#chr12:85280221-85280239(-)	ALX1	targeting		
ALX1#chr12:85280233-85280251(-)	ALX1	targeting		
ALX1#chr12:85280237-85280255(+)	ALX1	targeting		
ALX1#chr12:85280244-85280262(+)	ALX1	targeting		
ALX1#chr12:85280290-85280308(-)	ALX1	targeting		
ALX3#chr1:110070253-110070271(+)	ALX3	targeting		
ALX3#chr1:110070544-110070562(+)	ALX3	targeting		
ALX3#chr1:110070549-110070567(-)	ALX3	targeting		
ALX3#chr1:110070558-110070576(-)	ALX3	targeting		
ALX3#chr1:110070570-110070588(+)	ALX3	targeting		
ALX3#chr1:110070620-110070638(+)	ALX3	targeting		
ALX4#chr11:44309662-44309680(-)	ALX4	targeting		
ALX4#chr11:44309866-44309884(-)	ALX4	targeting		
ALX4#chr11:44309981-44309999(-)	ALX4	targeting		
ALX4#chr11:44309986-44310004(+)	ALX4	targeting		
ALX4#chr11:44309995-44310013(+)	ALX4	targeting		
ALX4#chr11:44310001-44310019(+)	ALX4	targeting		
ALYREF#chr17:81891193-81891211(-)	ALYREF	targeting	-0.1992588	0.5742316949310043
ALYREF#chr17:81891325-81891343(-)	ALYREF	targeting	0.058720056	0.6793337132635884
ALYREF#chr17:81891340-81891358(-)	ALYREF	targeting	-0.37500632	0.5493685965480408
ALYREF#chr17:81891389-81891407(-)	ALYREF	targeting	0.24029644	0.1341038936662331
ALYREF#chr17:81891556-81891574(+)	ALYREF	targeting	-0.035316907	0.8386698054835638
ALYREF#chr17:81891562-81891580(+)	ALYREF	targeting	-0.57162005	0.0184825478523838
ANHX#chr12:133235485-133235503(-)	ANHX	targeting		
ANHX#chr12:133235488-133235506(-)	ANHX	targeting		
ANHX#chr12:133235629-133235647(-)	ANHX	targeting		
ANHX#chr12:133235804-133235822(-)	ANHX	targeting		
ANHX#chr12:133235809-133235827(-)	ANHX	targeting		
ANHX#chr12:133235820-133235838(-)	ANHX	targeting		
ANKRD1#chr10:90920906-90920924(-)	ANKRD1	targeting	-0.28353098	0.4079810761449068
ANKRD1#chr10:90921003-90921021(-)	ANKRD1	targeting	-1.1415907	0.0865505778591319
ANKRD1#chr10:90921024-90921042(-)	ANKRD1	targeting	-1.9922553	0.0006920288406306
ANKRD1#chr10:90921075-90921093(-)	ANKRD1	targeting	-1.3979295	0.1255779060337541
ANKRD1#chr10:90921097-90921115(-)	ANKRD1	targeting	-1.2075697	0.2362528982551424
ANKRD1#chr10:90921102-90921120(-)	ANKRD1	targeting	-2.399496	0.0456756651210332
ANKRD30A#chr10:37125662-37125680(+)	ANKRD30A	targeting		
ANKRD30A#chr10:37125789-37125807(-)	ANKRD30A	targeting		
ANKRD30A#chr10:37125807-37125825(-)	ANKRD30A	targeting		
ANKRD30A#chr10:37125810-37125828(-)	ANKRD30A	targeting		
ANKRD30A#chr10:37125841-37125859(-)	ANKRD30A	targeting		
ANKRD30A#chr10:37125882-37125900(-)	ANKRD30A	targeting		
ANKZF1#chr2:219229800-219229818(-)	ANKZF1	targeting	-2.70005	0.0010146301839578
ANKZF1#chr2:219229833-219229851(+)	ANKZF1	targeting	-0.10615058	0.5854451384094117
ANKZF1#chr2:219229847-219229865(+)	ANKZF1	targeting	-0.1902468	0.5536484864948987
ANKZF1#chr2:219229865-219229883(-)	ANKZF1	targeting	-1.5227609	0.1627433178768869
ANKZF1#chr2:219229881-219229899(-)	ANKZF1	targeting	-0.86052966	0.1776859346323603
ANKZF1#chr2:219229892-219229910(-)	ANKZF1	targeting	-1.2484065	0.018515064090363
APITD1#chr1:10430503-10430521(+)	APITD1	targeting		
APITD1#chr1:10430724-10430742(+)	APITD1	targeting		
APITD1#chr1:10430743-10430761(+)	APITD1	targeting		
APITD1#chr1:10430776-10430794(+)	APITD1	targeting		
APITD1#chr1:10430787-10430805(+)	APITD1	targeting		
APITD1#chr1:10430988-10431006(-)	APITD1	targeting		
AR#chrX:67544023-67544041(+)	AR	targeting		
AR#chrX:67544028-67544046(-)	AR	targeting		
AR#chrX:67544050-67544068(+)	AR	targeting		
AR#chrX:67544055-67544073(+)	AR	targeting		
AR#chrX:67544380-67544398(-)	AR	targeting		
AR#chrX:67544404-67544422(-)	AR	targeting		
ARGFX#chr3:121567957-121567975(+)	ARGFX	targeting		
ARGFX#chr3:121567973-121567991(-)	ARGFX	targeting		
ARGFX#chr3:121567993-121568011(+)	ARGFX	targeting		
ARGFX#chr3:121568003-121568021(+)	ARGFX	targeting		
ARGFX#chr3:121568031-121568049(+)	ARGFX	targeting		
ARGFX#chr3:121568185-121568203(+)	ARGFX	targeting		
ARHGAP35#chr19:46918664-46918682(+)	ARHGAP35	targeting	-0.042275947	0.6907063473226578
ARHGAP35#chr19:46918712-46918730(-)	ARHGAP35	targeting	0.092991576	0.7276882219302079
ARHGAP35#chr19:46918723-46918741(+)	ARHGAP35	targeting	-0.24661602	0.2529678153224347
ARHGAP35#chr19:46918733-46918751(+)	ARHGAP35	targeting	-0.044714876	0.7082913371128317
ARHGAP35#chr19:46918798-46918816(-)	ARHGAP35	targeting	-0.0072783064	0.9468591167969388
ARHGAP35#chr19:46918849-46918867(+)	ARHGAP35	targeting	-0.18223466	0.4166781345771154
ARID1A#chr1:26696017-26696035(-)	ARID1A	targeting	-0.13902919	0.0166042246508786
ARID1A#chr1:26696019-26696037(+)	ARID1A	targeting	-0.19163227	6.394342391702496e-12
ARID1A#chr1:26696034-26696052(+)	ARID1A	targeting	-0.43423077	3.819501446218432e-09
ARID1A#chr1:26696089-26696107(-)	ARID1A	targeting	-0.10351982	0.2299410491134851
ARID1A#chr1:26696255-26696273(+)	ARID1A	targeting	-0.20102945	0.0175845971327932
ARID1A#chr1:26696464-26696482(-)	ARID1A	targeting	-0.08896126	0.2654960037900445
ARID1B#chr6:156777663-156777681(+)	ARID1B	targeting	0.12366462	0.0863273844945892
ARID1B#chr6:156777673-156777691(-)	ARID1B	targeting	0.14788944	0.1436337335412227
ARID1B#chr6:156777838-156777856(+)	ARID1B	targeting	0.09934958	0.7718786210899738
ARID1B#chr6:156777964-156777982(+)	ARID1B	targeting	-0.08872951	0.0267239736083197
ARID1B#chr6:156777978-156777996(+)	ARID1B	targeting	-0.046914004	0.6476700745011951
ARID1B#chr6:156777991-156778009(+)	ARID1B	targeting	-0.18589276	0.0039072115021434
ARID1B#chr6:156779041-156779059(-)	ARID1B	targeting	0.09493693	0.4096412404372124
ARID1B#chr6:156779148-156779166(+)	ARID1B	targeting	0.05052926	0.6329715254828487
ARID1B#chr6:156779151-156779169(+)	ARID1B	targeting	0.023732893	0.8585335827687679
ARID1B#chr6:156779179-156779197(-)	ARID1B	targeting	0.0061808913	0.9031343920956632
ARID1B#chr6:156779185-156779203(-)	ARID1B	targeting	0.037401367	0.5631690981155014
ARID1B#chr6:156779212-156779230(+)	ARID1B	targeting	0.15523504	0.1516902700663008
ARID2#chr12:45729704-45729722(-)	ARID2	targeting	-0.3805449	0.0184747249535889
ARID2#chr12:45729715-45729733(-)	ARID2	targeting	-0.2977153	2.9269171010093254e-06
ARID2#chr12:45729728-45729746(+)	ARID2	targeting	-0.27431127	0.000345344721471
ARID2#chr12:45729741-45729759(-)	ARID2	targeting	-0.92133254	3.6586863179027837e-09
ARID2#chr12:45729745-45729763(+)	ARID2	targeting	-0.958269	1.146105925819302e-05
ARID2#chr12:45729939-45729957(+)	ARID2	targeting	-0.03869028	0.7815703085426832
ARID3A#chr19:926002-926020(+)	ARID3A	targeting	-0.059930794	0.6974590768406514
ARID3A#chr19:926005-926023(+)	ARID3A	targeting	-0.70095605	0.0016491245834656
ARID3A#chr19:926027-926045(+)	ARID3A	targeting	-0.07125075	0.4933847667960672
ARID3A#chr19:926047-926065(+)	ARID3A	targeting	-0.35298884	0.1047070775400614
ARID3A#chr19:926086-926104(-)	ARID3A	targeting	-0.54365164	0.0548319648330771
ARID3A#chr19:926415-926433(+)	ARID3A	targeting	-0.058752112	0.445713360298102
ARID3B#chr15:74541326-74541344(-)	ARID3B	targeting	0.118659265	0.4961221028559116
ARID3B#chr15:74541329-74541347(+)	ARID3B	targeting	-0.35798112	0.1637480492745304
ARID3B#chr15:74541356-74541374(-)	ARID3B	targeting	-0.18531252	0.093979180891797
ARID3B#chr15:74541430-74541448(+)	ARID3B	targeting	-0.21310122	0.3339662759315207
ARID3B#chr15:74541494-74541512(+)	ARID3B	targeting	-0.001774303	0.9818202143788684
ARID3B#chr15:74541575-74541593(+)	ARID3B	targeting	-0.031546015	0.8149388959044516
ARID3C#chr9:34628366-34628384(+)	ARID3C	targeting		
ARID3C#chr9:34628416-34628434(+)	ARID3C	targeting		
ARID3C#chr9:34628454-34628472(+)	ARID3C	targeting		
ARID3C#chr9:34628514-34628532(+)	ARID3C	targeting		
ARID3C#chr9:34628527-34628545(+)	ARID3C	targeting		
ARID3C#chr9:34628530-34628548(+)	ARID3C	targeting		
ARID4A#chr14:58298554-58298572(+)	ARID4A	targeting	0.054142278	0.6190731628627755
ARID4A#chr14:58298563-58298581(+)	ARID4A	targeting	0.069652766	0.686891686121816
ARID4A#chr14:58298609-58298627(-)	ARID4A	targeting	0.048524775	0.8718843372646432
ARID4A#chr14:58298630-58298648(-)	ARID4A	targeting	-0.6065833	0.1424644749768287
ARID4A#chr14:58298725-58298743(+)	ARID4A	targeting	0.040899195	0.7808256608755288
ARID4A#chr14:58298771-58298789(-)	ARID4A	targeting	-0.72056794	0.1197554766607506
ARID4B#chr1:235327775-235327793(+)	ARID4B	targeting	0.27439362	0.1164040348993658
ARID4B#chr1:235327938-235327956(-)	ARID4B	targeting	-0.07119828	0.2959813389337363
ARID4B#chr1:235328130-235328148(-)	ARID4B	targeting	-0.08344154	0.5710721101983516
ARID4B#chr1:235328134-235328152(-)	ARID4B	targeting	-0.25681528	2.826892394054804e-07
ARID4B#chr1:235328139-235328157(+)	ARID4B	targeting	-0.30582166	0.0552787806928072
ARID4B#chr1:235328153-235328171(-)	ARID4B	targeting	-0.09852459	0.4363252339197818
ARID5A#chr2:96536779-96536797(+)	ARID5A	targeting		
ARID5A#chr2:96536782-96536800(+)	ARID5A	targeting		
ARID5A#chr2:96536810-96536828(-)	ARID5A	targeting		
ARID5A#chr2:96536818-96536836(-)	ARID5A	targeting		
ARID5A#chr2:96536823-96536841(-)	ARID5A	targeting		
ARID5A#chr2:96536828-96536846(-)	ARID5A	targeting		
ARID5B#chr10:61901180-61901198(+)	ARID5B	targeting		
ARID5B#chr10:61901192-61901210(+)	ARID5B	targeting		
ARID5B#chr10:61901199-61901217(-)	ARID5B	targeting		
ARID5B#chr10:61901407-61901425(-)	ARID5B	targeting		
ARID5B#chr10:61901414-61901432(-)	ARID5B	targeting		
ARID5B#chr10:61901425-61901443(-)	ARID5B	targeting		
ARNT#chr1:150876336-150876354(-)	ARNT	targeting	-2.0746422	0.001129158685756
ARNT#chr1:150876496-150876514(-)	ARNT	targeting	-0.0022271131	0.9960324010037872
ARNT#chr1:150876534-150876552(-)	ARNT	targeting	0.008713414	0.9688691750720312
ARNT#chr1:150876540-150876558(-)	ARNT	targeting	-1.4590313	7.865010252083457e-05
ARNT#chr1:150876545-150876563(-)	ARNT	targeting	-1.8882082	0.0003800500584279
ARNT#chr1:150876694-150876712(+)	ARNT	targeting	-0.45160323	0.0025180809131086
ARNT2#chr15:80404389-80404407(+)	ARNT2	targeting	-0.5046559	0.2721074983760935
ARNT2#chr15:80404392-80404410(+)	ARNT2	targeting	0.8171568	0.0808564027767699
ARNT2#chr15:80404399-80404417(-)	ARNT2	targeting	-1.4616852	0.0047165833412775
ARNT2#chr15:80404425-80404443(-)	ARNT2	targeting	0.035167832	0.9695550907142244
ARNT2#chr15:80404483-80404501(-)	ARNT2	targeting	-1.804297	3.775903754329739e-07
ARNT2#chr15:80404739-80404757(-)	ARNT2	targeting	-2.6579933	1.107717706323868e-05
ARNTL#chr11:13277791-13277809(+)	ARNTL	targeting		
ARNTL#chr11:13277812-13277830(+)	ARNTL	targeting		
ARNTL#chr11:13277815-13277833(+)	ARNTL	targeting		
ARNTL#chr11:13277842-13277860(-)	ARNTL	targeting		
ARNTL#chr11:13277874-13277892(-)	ARNTL	targeting		
ARNTL#chr11:13277877-13277895(-)	ARNTL	targeting		
ARNTL2#chr12:27332901-27332919(+)	ARNTL2	targeting	0.9893247	0.0336492865475929
ARNTL2#chr12:27332908-27332926(-)	ARNTL2	targeting	-0.56849957	0.2612056846241339
ARNTL2#chr12:27332910-27332928(+)	ARNTL2	targeting	-1.6958864	0.0007926721076079
ARNTL2#chr12:27332918-27332936(-)	ARNTL2	targeting	-0.39623505	0.4643945167926521
ARNTL2#chr12:27332934-27332952(+)	ARNTL2	targeting	-1.1998534	0.0014870199544754
ARNTL2#chr12:27333120-27333138(+)	ARNTL2	targeting	0.71659666	0.3090200841916486
ARX#chrX:25012852-25012870(-)	ARX	targeting		
ARX#chrX:25012868-25012886(-)	ARX	targeting		
ARX#chrX:25012893-25012911(-)	ARX	targeting		
ARX#chrX:25013038-25013056(+)	ARX	targeting		
ARX#chrX:25013073-25013091(-)	ARX	targeting		
ARX#chrX:25013082-25013100(-)	ARX	targeting		
ARX#chrX:25015643-25015661(+)	ARX	targeting		
ARX#chrX:25015715-25015733(-)	ARX	targeting		
ARX#chrX:25015719-25015737(-)	ARX	targeting		
ARX#chrX:25015914-25015932(-)	ARX	targeting		
ARX#chrX:25015931-25015949(-)	ARX	targeting		
ARX#chrX:25015937-25015955(-)	ARX	targeting		
ASCL1#chr12:102957684-102957702(+)	ASCL1	targeting		
ASCL1#chr12:102957688-102957706(+)	ASCL1	targeting		
ASCL1#chr12:102957701-102957719(+)	ASCL1	targeting		
ASCL1#chr12:102957707-102957725(+)	ASCL1	targeting		
ASCL1#chr12:102957713-102957731(+)	ASCL1	targeting		
ASCL1#chr12:102957717-102957735(-)	ASCL1	targeting		
ASCL2#chr11:2270949-2270967(-)	ASCL2	targeting		
ASCL2#chr11:2270952-2270970(-)	ASCL2	targeting		
ASCL2#chr11:2270964-2270982(+)	ASCL2	targeting		
ASCL2#chr11:2270990-2271008(+)	ASCL2	targeting		
ASCL2#chr11:2270998-2271016(-)	ASCL2	targeting		
ASCL2#chr11:2271021-2271039(+)	ASCL2	targeting		
ASCL3#chr11:8942688-8942706(+)	ASCL3	targeting		
ASCL3#chr11:8942758-8942776(-)	ASCL3	targeting		
ASCL3#chr11:8942940-8942958(+)	ASCL3	targeting		
ASCL3#chr11:8942949-8942967(+)	ASCL3	targeting		
ASCL3#chr11:8942956-8942974(-)	ASCL3	targeting		
ASCL3#chr11:8942988-8943006(-)	ASCL3	targeting		
ASCL4#chr12:107774516-107774534(-)	ASCL4	targeting		
ASCL4#chr12:107774635-107774653(-)	ASCL4	targeting		
ASCL4#chr12:107774639-107774657(-)	ASCL4	targeting		
ASCL4#chr12:107774646-107774664(+)	ASCL4	targeting		
ASCL4#chr12:107774698-107774716(-)	ASCL4	targeting		
ASCL4#chr12:107774791-107774809(+)	ASCL4	targeting		
ASCL5#chr1:201127066-201127084(-)	ASCL5	targeting		
ASCL5#chr1:201127144-201127162(+)	ASCL5	targeting		
ASCL5#chr1:201127180-201127198(-)	ASCL5	targeting		
ASCL5#chr1:201127186-201127204(+)	ASCL5	targeting		
ASCL5#chr1:201127190-201127208(-)	ASCL5	targeting		
ASCL5#chr1:201127216-201127234(-)	ASCL5	targeting		
ASH1L#chr1:155562570-155562588(-)	ASH1L	targeting	-0.3368946	0.1701805154517298
ASH1L#chr1:155562701-155562719(-)	ASH1L	targeting	-0.02171547	0.907368263130534
ASH1L#chr1:155562711-155562729(-)	ASH1L	targeting	-0.19132508	0.1438771771747801
ASH1L#chr1:155562714-155562732(-)	ASH1L	targeting	-0.09740133	0.2446401007977937
ASH1L#chr1:155562720-155562738(-)	ASH1L	targeting	-0.23937707	0.2276047943215699
ASH1L#chr1:155562738-155562756(+)	ASH1L	targeting	0.06767005	0.4192455480678814
ATF1#chr12:50764087-50764105(+)	ATF1	targeting	-1.9630286	6.383392120561651e-11
ATF1#chr12:50764099-50764117(-)	ATF1	targeting	-1.5012366	5.846456894454661e-05
ATF1#chr12:50764102-50764120(-)	ATF1	targeting	-0.0367428	0.9390441588123436
ATF1#chr12:50764108-50764126(+)	ATF1	targeting	-1.9223871	3.044148440398283e-11
ATF1#chr12:50764117-50764135(+)	ATF1	targeting	-0.2800937	0.1105845978708679
ATF1#chr12:50764349-50764367(+)	ATF1	targeting	-0.2374758	0.1907923455347283
ATF2#chr2:175167692-175167710(+)	ATF2	targeting	-0.34102935	0.058504632868757
ATF2#chr2:175167724-175167742(+)	ATF2	targeting	0.07545821	0.7346348193493093
ATF2#chr2:175167773-175167791(-)	ATF2	targeting	-0.046639718	0.7811019230434503
ATF2#chr2:175167915-175167933(+)	ATF2	targeting	-1.0257735	3.823859559287985e-05
ATF2#chr2:175167932-175167950(+)	ATF2	targeting	0.7179538	0.346477414582474
ATF2#chr2:175168168-175168186(-)	ATF2	targeting	0.039153676	0.8650245376479557
ATF3#chr1:212608762-212608780(-)	ATF3	targeting		
ATF3#chr1:212608813-212608831(-)	ATF3	targeting		
ATF3#chr1:212608826-212608844(-)	ATF3	targeting		
ATF3#chr1:212608846-212608864(-)	ATF3	targeting		
ATF3#chr1:212608979-212608997(-)	ATF3	targeting		
ATF3#chr1:212609017-212609035(-)	ATF3	targeting		
ATF4#chr22:39520302-39520320(+)	ATF4	targeting	-1.0568508	9.544641002243175e-15
ATF4#chr22:39520523-39520541(+)	ATF4	targeting	0.07148981	0.8375914497029386
ATF4#chr22:39520746-39520764(+)	ATF4	targeting	0.021561267	0.9415725771102496
ATF4#chr22:39520828-39520846(+)	ATF4	targeting	-0.16805284	0.1712465495547375
ATF4#chr22:39520976-39520994(-)	ATF4	targeting	-0.19418477	0.3904972490004095
ATF4#chr22:39521013-39521031(+)	ATF4	targeting	-0.16696884	0.1383351270525876
ATF5#chr19:49929110-49929128(-)	ATF5	targeting		
ATF5#chr19:49929171-49929189(-)	ATF5	targeting		
ATF5#chr19:49929217-49929235(-)	ATF5	targeting		
ATF5#chr19:49929260-49929278(-)	ATF5	targeting		
ATF5#chr19:49929443-49929461(-)	ATF5	targeting		
ATF5#chr19:49929461-49929479(-)	ATF5	targeting		
ATF6#chr1:161766403-161766421(-)	ATF6	targeting	-0.69196343	6.466049438660753e-10
ATF6#chr1:161766405-161766423(+)	ATF6	targeting	-0.2629741	0.5322175064525088
ATF6#chr1:161766503-161766521(-)	ATF6	targeting	-0.78172415	0.4248029292143596
ATF6#chr1:161766506-161766524(-)	ATF6	targeting	-0.74140483	0.0221500151264759
ATF6#chr1:161766517-161766535(-)	ATF6	targeting	-0.9438809	0.0001105636477026
ATF6#chr1:161766564-161766582(-)	ATF6	targeting	-1.8946271	0.0009233364960538
ATF6B#chr6:32127823-32127841(-)	ATF6B	targeting		
ATF6B#chr6:32127829-32127847(-)	ATF6B	targeting		
ATF6B#chr6:32127972-32127990(-)	ATF6B	targeting		
ATF6B#chr6:32128007-32128025(-)	ATF6B	targeting		
ATF6B#chr6:32128052-32128070(-)	ATF6B	targeting		
ATF6B#chr6:32128150-32128168(+)	ATF6B	targeting		
ATF7#chr12:53625858-53625876(-)	ATF7	targeting		
ATF7#chr12:53625930-53625948(-)	ATF7	targeting		
ATF7#chr12:53625936-53625954(-)	ATF7	targeting		
ATF7#chr12:53625965-53625983(-)	ATF7	targeting		
ATF7#chr12:53626323-53626341(-)	ATF7	targeting		
ATF7#chr12:53626351-53626369(-)	ATF7	targeting		
ATMIN#chr16:81035828-81035846(+)	ATMIN	targeting		
ATMIN#chr16:81035840-81035858(-)	ATMIN	targeting		
ATMIN#chr16:81036048-81036066(+)	ATMIN	targeting		
ATMIN#chr16:81036060-81036078(-)	ATMIN	targeting		
ATMIN#chr16:81036084-81036102(-)	ATMIN	targeting		
ATMIN#chr16:81036185-81036203(-)	ATMIN	targeting		
ATN1#chr12:6927791-6927809(-)	ATN1	targeting	-0.33030853	0.0614265586491306
ATN1#chr12:6927798-6927816(-)	ATN1	targeting	-1.122657	0.0038043712165042
ATN1#chr12:6927809-6927827(-)	ATN1	targeting	-0.5935916	0.1331483752558072
ATN1#chr12:6927867-6927885(+)	ATN1	targeting	-0.2568258	0.3087048588697779
ATN1#chr12:6927880-6927898(-)	ATN1	targeting	-0.4826234	0.0003713565526233
ATN1#chr12:6928230-6928248(-)	ATN1	targeting	0.3989366	0.4377980343532304
ATOH1#chr4:93828777-93828795(+)	ATOH1	targeting		
ATOH1#chr4:93828783-93828801(+)	ATOH1	targeting		
ATOH1#chr4:93828895-93828913(-)	ATOH1	targeting		
ATOH1#chr4:93828954-93828972(+)	ATOH1	targeting		
ATOH1#chr4:93829002-93829020(-)	ATOH1	targeting		
ATOH1#chr4:93829068-93829086(-)	ATOH1	targeting		
ATOH7#chr10:68231719-68231737(+)	ATOH7	targeting		
ATOH7#chr10:68231763-68231781(-)	ATOH7	targeting		
ATOH7#chr10:68232031-68232049(-)	ATOH7	targeting		
ATOH7#chr10:68232053-68232071(+)	ATOH7	targeting		
ATOH7#chr10:68232065-68232083(-)	ATOH7	targeting		
ATOH7#chr10:68232108-68232126(+)	ATOH7	targeting		
ATOH8#chr2:85753861-85753879(+)	ATOH8	targeting		
ATOH8#chr2:85753885-85753903(+)	ATOH8	targeting		
ATOH8#chr2:85754108-85754126(+)	ATOH8	targeting		
ATOH8#chr2:85754233-85754251(+)	ATOH8	targeting		
ATOH8#chr2:85754366-85754384(+)	ATOH8	targeting		
ATOH8#chr2:85754496-85754514(-)	ATOH8	targeting		
ATXN7#chr3:63864353-63864371(+)	ATXN7	targeting	-0.12213352	0.4467306442246114
ATXN7#chr3:63864362-63864380(+)	ATXN7	targeting	0.0068525975	0.970057539424128
ATXN7#chr3:63864365-63864383(+)	ATXN7	targeting	-0.06232077	0.7547217783260576
ATXN7#chr3:63864380-63864398(-)	ATXN7	targeting	0.39632013	0.2363772450219797
ATXN7#chr3:63864536-63864554(-)	ATXN7	targeting	-0.58808464	9.836534035316474e-06
ATXN7#chr3:63864544-63864562(+)	ATXN7	targeting	-0.14640509	0.0105834090212962
ATXN7#chr3:63912488-63912506(-)	ATXN7	targeting	0.033402704	0.8883200905587368
ATXN7#chr3:63912514-63912532(-)	ATXN7	targeting	-0.2994609	0.1194403376136388
ATXN7#chr3:63912525-63912543(-)	ATXN7	targeting	0.3426661	0.0524949665645394
ATXN7#chr3:63912567-63912585(-)	ATXN7	targeting	-0.25447702	0.002283617179078
ATXN7#chr3:63912765-63912783(+)	ATXN7	targeting	-0.065117866	0.4696780188603092
ATXN7#chr3:63912872-63912890(+)	ATXN7	targeting	0.036598302	0.8860870339162822
BACH1#chr21:29298933-29298951(+)	BACH1	targeting	-0.20420143	0.3242725342522895
BACH1#chr21:29298940-29298958(+)	BACH1	targeting	-1.0129175	7.249805414822882e-06
BACH1#chr21:29298969-29298987(+)	BACH1	targeting	-0.9456662	4.578028315955098e-05
BACH1#chr21:29299032-29299050(+)	BACH1	targeting	-0.61056036	5.2996945266576383e-05
BACH1#chr21:29299038-29299056(+)	BACH1	targeting	-0.365826	0.2524786858443488
BACH1#chr21:29299374-29299392(-)	BACH1	targeting	-1.0267149	1.1845465947886348e-17
BACH2#chr6:90296557-90296575(+)	BACH2	targeting	0.03452682	0.8683106023155558
BACH2#chr6:90296577-90296595(+)	BACH2	targeting	-0.10651829	0.7150911933978171
BACH2#chr6:90296594-90296612(+)	BACH2	targeting	-0.13421367	0.6672351195408093
BACH2#chr6:90296633-90296651(-)	BACH2	targeting	-0.22084115	0.3088785987868659
BACH2#chr6:90296742-90296760(-)	BACH2	targeting	0.14088567	0.3721449635176035
BACH2#chr6:90296761-90296779(+)	BACH2	targeting	-0.49769226	0.1682795566861033
BARHL1#chr9:132582161-132582179(-)	BARHL1	targeting		
BARHL1#chr9:132582610-132582628(+)	BARHL1	targeting		
BARHL1#chr9:132582614-132582632(+)	BARHL1	targeting		
BARHL1#chr9:132582640-132582658(+)	BARHL1	targeting		
BARHL1#chr9:132582657-132582675(+)	BARHL1	targeting		
BARHL1#chr9:132582832-132582850(-)	BARHL1	targeting		
BARHL2#chr1:90716733-90716751(-)	BARHL2	targeting		
BARHL2#chr1:90717005-90717023(+)	BARHL2	targeting		
BARHL2#chr1:90717110-90717128(-)	BARHL2	targeting		
BARHL2#chr1:90717225-90717243(-)	BARHL2	targeting		
BARHL2#chr1:90717236-90717254(-)	BARHL2	targeting		
BARHL2#chr1:90717285-90717303(-)	BARHL2	targeting		
BARX1#chr9:93955157-93955175(-)	BARX1	targeting		
BARX1#chr9:93955169-93955187(-)	BARX1	targeting		
BARX1#chr9:93955228-93955246(+)	BARX1	targeting		
BARX1#chr9:93955231-93955249(+)	BARX1	targeting		
BARX1#chr9:93955329-93955347(+)	BARX1	targeting		
BARX1#chr9:93955339-93955357(-)	BARX1	targeting		
BARX2#chr11:129375645-129375663(+)	BARX2	targeting		
BARX2#chr11:129375648-129375666(+)	BARX2	targeting		
BARX2#chr11:129375686-129375704(-)	BARX2	targeting		
BARX2#chr11:129375689-129375707(-)	BARX2	targeting		
BARX2#chr11:129375835-129375853(+)	BARX2	targeting		
BARX2#chr11:129376029-129376047(-)	BARX2	targeting		
BATF#chr14:75522489-75522507(-)	BATF	targeting		
BATF#chr14:75522501-75522519(+)	BATF	targeting		
BATF#chr14:75522513-75522531(+)	BATF	targeting		
BATF#chr14:75522520-75522538(+)	BATF	targeting		
BATF#chr14:75522535-75522553(+)	BATF	targeting		
BATF#chr14:75522554-75522572(+)	BATF	targeting		
BATF2#chr11:64996888-64996906(+)	BATF2	targeting		
BATF2#chr11:64996901-64996919(-)	BATF2	targeting		
BATF2#chr11:64996904-64996922(+)	BATF2	targeting		
BATF2#chr11:64996907-64996925(+)	BATF2	targeting		
BATF2#chr11:64996917-64996935(+)	BATF2	targeting		
BATF2#chr11:64996968-64996986(+)	BATF2	targeting		
BATF3#chr1:212699536-212699554(-)	BATF3	targeting		
BATF3#chr1:212699754-212699772(-)	BATF3	targeting		
BATF3#chr1:212699815-212699833(-)	BATF3	targeting		
BATF3#chr1:212699890-212699908(-)	BATF3	targeting		
BATF3#chr1:212699913-212699931(-)	BATF3	targeting		
BATF3#chr1:212699932-212699950(-)	BATF3	targeting		
BAZ1B#chr7:73522094-73522112(+)	BAZ1B	targeting	-0.10342902	0.3115371114813298
BAZ1B#chr7:73522104-73522122(+)	BAZ1B	targeting	0.20885752	0.0514826481818651
BAZ1B#chr7:73522175-73522193(+)	BAZ1B	targeting	0.13645089	0.3179176226168024
BAZ1B#chr7:73522181-73522199(-)	BAZ1B	targeting	-0.11160297	0.1938810088480052
BAZ1B#chr7:73522211-73522229(+)	BAZ1B	targeting	-0.101729706	0.3596365685811543
BAZ1B#chr7:73522273-73522291(-)	BAZ1B	targeting	-0.03302187	0.8611486229050734
BAZ2A#chr12:56630070-56630088(-)	BAZ2A	targeting	-0.021366822	0.9391108063340888
BAZ2A#chr12:56630192-56630210(+)	BAZ2A	targeting	-0.055486094	0.7661707268104918
BAZ2A#chr12:56630196-56630214(+)	BAZ2A	targeting	0.057052873	0.6787030469775341
BAZ2A#chr12:56630267-56630285(+)	BAZ2A	targeting	-0.7495204	1.4750826394685665e-07
BAZ2A#chr12:56630299-56630317(+)	BAZ2A	targeting	-0.014732629	0.9499338792558192
BAZ2A#chr12:56630305-56630323(-)	BAZ2A	targeting	-0.044531874	0.7953540733374902
BAZ2A#chr12:56636114-56636132(-)	BAZ2A	targeting	0.02146869	0.9091399115515766
BAZ2A#chr12:56636129-56636147(-)	BAZ2A	targeting	0.06436436	0.8231586737135899
BAZ2A#chr12:56636184-56636202(-)	BAZ2A	targeting	-0.0080353515	0.9591461310355818
BAZ2A#chr12:56636336-56636354(+)	BAZ2A	targeting	-0.067815125	0.8125029859138261
BAZ2A#chr12:56636344-56636362(-)	BAZ2A	targeting	0.32397646	0.0021545096402132
BAZ2A#chr12:56636362-56636380(+)	BAZ2A	targeting	0.45361573	0.0049584643436778
BAZ2B#chr2:159615263-159615281(+)	BAZ2B	targeting	-0.40436015	0.0259878053116012
BAZ2B#chr2:159615518-159615536(+)	BAZ2B	targeting	-2.0819697	1.852871847223112e-30
BAZ2B#chr2:159615604-159615622(+)	BAZ2B	targeting	-0.054370068	0.0929651938654592
BAZ2B#chr2:159615770-159615788(+)	BAZ2B	targeting	-1.2969334	7.598964476863231e-18
BAZ2B#chr2:159616059-159616077(+)	BAZ2B	targeting	-1.6415888	5.693979861117239e-25
BAZ2B#chr2:159616074-159616092(+)	BAZ2B	targeting	-1.9511465	6.399115951052191e-43
BBX#chr3:107522983-107523001(+)	BBX	targeting	-0.822717	3.549027273294268e-09
BBX#chr3:107523018-107523036(-)	BBX	targeting	-0.9685436	4.497022676916488e-08
BBX#chr3:107523046-107523064(+)	BBX	targeting	0.26010495	0.0003174536417037
BBX#chr3:107523051-107523069(-)	BBX	targeting	-0.30301023	0.0007604522539575
BBX#chr3:107523450-107523468(+)	BBX	targeting	-0.16066876	0.4326930427920963
BBX#chr3:107523479-107523497(-)	BBX	targeting	-0.25661775	0.1431820902043061
BCL11A#chr2:60553025-60553043(+)	BCL11A	targeting	-0.084461816	0.6071248065121496
BCL11A#chr2:60553255-60553273(+)	BCL11A	targeting	-0.68182003	0.0355643837207991
BCL11A#chr2:60553342-60553360(+)	BCL11A	targeting	-0.3511163	0.0073279191331622
BCL11A#chr2:60553435-60553453(+)	BCL11A	targeting	-0.23487514	0.4013416213778895
BCL11A#chr2:60553448-60553466(+)	BCL11A	targeting	-0.2104292	0.2227656197667771
BCL11A#chr2:60553583-60553601(+)	BCL11A	targeting	0.058561124	0.7745260651988302
BCL11B#chr14:99271339-99271357(+)	BCL11B	targeting	-0.9682201	0.0503157165088178
BCL11B#chr14:99271348-99271366(-)	BCL11B	targeting	-0.56977713	0.0206365416893215
BCL11B#chr14:99271546-99271564(-)	BCL11B	targeting	-0.07525959	0.7167869783013618
BCL11B#chr14:99271677-99271695(-)	BCL11B	targeting	0.055950712	0.8911687383400142
BCL11B#chr14:99271681-99271699(+)	BCL11B	targeting	-0.0244005	0.954250843972516
BCL11B#chr14:99271684-99271702(+)	BCL11B	targeting	-0.1627807	0.6552382229805326
BCL3#chr19:44748690-44748708(-)	BCL3	targeting		
BCL3#chr19:44748737-44748755(-)	BCL3	targeting		
BCL3#chr19:44748740-44748758(-)	BCL3	targeting		
BCL3#chr19:44748758-44748776(-)	BCL3	targeting		
BCL3#chr19:44748765-44748783(+)	BCL3	targeting		
BCL3#chr19:44748797-44748815(-)	BCL3	targeting		
BCL6#chr3:187745312-187745330(+)	BCL6	targeting		
BCL6#chr3:187745315-187745333(+)	BCL6	targeting		
BCL6#chr3:187745392-187745410(+)	BCL6	targeting		
BCL6#chr3:187745399-187745417(+)	BCL6	targeting		
BCL6#chr3:187745424-187745442(-)	BCL6	targeting		
BCL6#chr3:187745429-187745447(-)	BCL6	targeting		
BCL6B#chr17:7023024-7023042(+)	BCL6B	targeting		
BCL6B#chr17:7023062-7023080(+)	BCL6B	targeting		
BCL6B#chr17:7023113-7023131(+)	BCL6B	targeting		
BCL6B#chr17:7023127-7023145(+)	BCL6B	targeting		
BCL6B#chr17:7023290-7023308(+)	BCL6B	targeting		
BCL6B#chr17:7023481-7023499(+)	BCL6B	targeting		
BCLAF1#chr6:136289352-136289370(+)	BCLAF1	targeting	0.20022199	0.0432791131214759
BCLAF1#chr6:136289370-136289388(+)	BCLAF1	targeting	-1.8324983	1.0974279110594156e-12
BCLAF1#chr6:136289746-136289764(+)	BCLAF1	targeting	-0.07691501	0.4207657499939699
BCLAF1#chr6:136289751-136289769(-)	BCLAF1	targeting	0.02055206	0.8553664017704701
BCLAF1#chr6:136289760-136289778(-)	BCLAF1	targeting	-0.14206591	0.4145187259461615
BCLAF1#chr6:136289801-136289819(-)	BCLAF1	targeting	-0.66042984	0.0002748434697049
BDP1#chr5:71455663-71455681(+)	BDP1	targeting	0.48543122	0.4267942885729102
BDP1#chr5:71455669-71455687(-)	BDP1	targeting	-0.29347804	0.2762536735202177
BDP1#chr5:71455680-71455698(+)	BDP1	targeting	-0.4728415	0.4786845571723678
BDP1#chr5:71455683-71455701(+)	BDP1	targeting	-0.16359854	0.7873294549691422
BDP1#chr5:71455867-71455885(-)	BDP1	targeting	0.3615592	0.6337744828897498
BDP1#chr5:71455876-71455894(-)	BDP1	targeting	-0.56856513	0.0032224290973537
BHLHA15#chr7:98211445-98211463(+)	BHLHA15	targeting		
BHLHA15#chr7:98211478-98211496(+)	BHLHA15	targeting		
BHLHA15#chr7:98211488-98211506(-)	BHLHA15	targeting		
BHLHA15#chr7:98211496-98211514(-)	BHLHA15	targeting		
BHLHA15#chr7:98211502-98211520(+)	BHLHA15	targeting		
BHLHA15#chr7:98211507-98211525(+)	BHLHA15	targeting		
BHLHA9#chr17:1270414-1270432(+)	BHLHA9	targeting		
BHLHA9#chr17:1270441-1270459(+)	BHLHA9	targeting		
BHLHA9#chr17:1270468-1270486(-)	BHLHA9	targeting		
BHLHA9#chr17:1270475-1270493(-)	BHLHA9	targeting		
BHLHA9#chr17:1270483-1270501(+)	BHLHA9	targeting		
BHLHA9#chr17:1270835-1270853(+)	BHLHA9	targeting		
BHLHB9#chrX:102720710-102720728(+)	BHLHB9	targeting		
BHLHB9#chrX:102720760-102720778(-)	BHLHB9	targeting		
BHLHB9#chrX:102720780-102720798(+)	BHLHB9	targeting		
BHLHB9#chrX:102720783-102720801(+)	BHLHB9	targeting		
BHLHB9#chrX:102720791-102720809(+)	BHLHB9	targeting		
BHLHB9#chrX:102721101-102721119(-)	BHLHB9	targeting		
BHLHE22#chr8:64580369-64580387(+)	BHLHE22	targeting		
BHLHE22#chr8:64580379-64580397(-)	BHLHE22	targeting		
BHLHE22#chr8:64580384-64580402(+)	BHLHE22	targeting		
BHLHE22#chr8:64580389-64580407(+)	BHLHE22	targeting		
BHLHE22#chr8:64580403-64580421(+)	BHLHE22	targeting		
BHLHE22#chr8:64580430-64580448(+)	BHLHE22	targeting		
BHLHE23#chr20:63006621-63006639(-)	BHLHE23	targeting		
BHLHE23#chr20:63006626-63006644(+)	BHLHE23	targeting		
BHLHE23#chr20:63006758-63006776(+)	BHLHE23	targeting		
BHLHE23#chr20:63006774-63006792(+)	BHLHE23	targeting		
BHLHE23#chr20:63006825-63006843(-)	BHLHE23	targeting		
BHLHE23#chr20:63006934-63006952(-)	BHLHE23	targeting		
BHLHE40#chr3:4979339-4979357(-)	BHLHE40	targeting		
BHLHE40#chr3:4979454-4979472(+)	BHLHE40	targeting		
BHLHE40#chr3:4979487-4979505(-)	BHLHE40	targeting		
BHLHE40#chr3:4979490-4979508(-)	BHLHE40	targeting		
BHLHE40#chr3:4979495-4979513(+)	BHLHE40	targeting		
BHLHE40#chr3:4979520-4979538(-)	BHLHE40	targeting		
BHLHE41#chr12:26124401-26124419(+)	BHLHE41	targeting		
BHLHE41#chr12:26124827-26124845(+)	BHLHE41	targeting		
BHLHE41#chr12:26124833-26124851(+)	BHLHE41	targeting		
BHLHE41#chr12:26124843-26124861(+)	BHLHE41	targeting		
BHLHE41#chr12:26125000-26125018(-)	BHLHE41	targeting		
BHLHE41#chr12:26125007-26125025(+)	BHLHE41	targeting		
BID#chr22:17774375-17774393(+)	BID	targeting	-0.22431545	0.3196903994667781
BID#chr22:17774378-17774396(+)	BID	targeting	-0.29299983	0.3368293330725027
BID#chr22:17774427-17774445(+)	BID	targeting	-0.4965774	0.1041423967178484
BID#chr22:17774433-17774451(-)	BID	targeting	-0.17119776	0.720038223340848
BID#chr22:17774466-17774484(-)	BID	targeting	-0.7702522	0.0029198330021278
BID#chr22:17774469-17774487(-)	BID	targeting	-1.072444	0.0047156952038757
BLZF1#chr1:169368201-169368219(+)	BLZF1	targeting	-1.99099	2.2569522778792908e-05
BLZF1#chr1:169368205-169368223(+)	BLZF1	targeting	-1.3845434	0.0247361212699593
BLZF1#chr1:169368211-169368229(+)	BLZF1	targeting	-1.5868	0.0112466426333923
BLZF1#chr1:169368219-169368237(+)	BLZF1	targeting	-0.5923884	0.4736744294597662
BLZF1#chr1:169368230-169368248(+)	BLZF1	targeting	-1.0659426	0.0524116365196971
BLZF1#chr1:169368236-169368254(+)	BLZF1	targeting	-2.2943943	2.822074396039107e-06
BMP2#chr20:6767708-6767726(-)	BMP2	targeting	-0.24198075	0.3336167354357434
BMP2#chr20:6767711-6767729(-)	BMP2	targeting	0.11174275	0.5821677904853917
BMP2#chr20:6767769-6767787(-)	BMP2	targeting	-1.577458	1.7118443615259144e-06
BMP2#chr20:6767775-6767793(-)	BMP2	targeting	-1.7600049	2.062363303242982e-17
BMP2#chr20:6767800-6767818(-)	BMP2	targeting	-1.5297289	4.957174789717749e-19
BMP2#chr20:6767811-6767829(-)	BMP2	targeting	-1.1738683	0.0053350039273254
BMP2#chr20:6770086-6770104(+)	BMP2	targeting	0.0870987	0.5207164006848374
BMP2#chr20:6770109-6770127(+)	BMP2	targeting	0.12099464	0.4698693824704132
BMP2#chr20:6770112-6770130(+)	BMP2	targeting	0.06842479	0.6218828139229298
BMP2#chr20:6770137-6770155(-)	BMP2	targeting	0.016120506	0.9249878708636794
BMP2#chr20:6770144-6770162(-)	BMP2	targeting	-0.06747066	0.7341976015838803
BMP2#chr20:6770169-6770187(-)	BMP2	targeting	0.10538911	0.553229630263395
BNC1#chr15:83284408-83284426(+)	BNC1	targeting		
BNC1#chr15:83284446-83284464(-)	BNC1	targeting		
BNC1#chr15:83284595-83284613(-)	BNC1	targeting		
BNC1#chr15:83284627-83284645(+)	BNC1	targeting		
BNC1#chr15:83284643-83284661(-)	BNC1	targeting		
BNC1#chr15:83284649-83284667(+)	BNC1	targeting		
BNC2#chr9:16870387-16870405(-)	BNC2	targeting	0.28701553	0.4213614376971745
BNC2#chr9:16870407-16870425(-)	BNC2	targeting	0.06483673	0.7829848696653041
BNC2#chr9:16870459-16870477(+)	BNC2	targeting	-0.2834744	0.5891582963493225
BNC2#chr9:16870678-16870696(-)	BNC2	targeting	-2.7723727	0.0118071054642229
BNC2#chr9:16870684-16870702(-)	BNC2	targeting	-1.7651597	0.0048491091558283
BNC2#chr9:16870770-16870788(-)	BNC2	targeting	-0.19781354	0.6396049836214348
BOLA1#chr1:149886904-149886922(-)	BOLA1	targeting		
BOLA1#chr1:149886916-149886934(+)	BOLA1	targeting		
BOLA1#chr1:149886964-149886982(-)	BOLA1	targeting		
BOLA1#chr1:149887313-149887331(-)	BOLA1	targeting		
BOLA1#chr1:149887318-149887336(-)	BOLA1	targeting		
BOLA1#chr1:149887408-149887426(-)	BOLA1	targeting		
BOLA1#chr1:149899571-149899589(+)	BOLA1	targeting		
BOLA1#chr1:149899584-149899602(-)	BOLA1	targeting		
BOLA1#chr1:149899612-149899630(+)	BOLA1	targeting		
BOLA1#chr1:149899632-149899650(-)	BOLA1	targeting		
BOLA1#chr1:149899637-149899655(-)	BOLA1	targeting		
BOLA1#chr1:149899640-149899658(+)	BOLA1	targeting		
BOLA3#chr2:74147470-74147488(-)	BOLA3	targeting	-0.14768866	0.6091138617451213
BOLA3#chr2:74147698-74147716(-)	BOLA3	targeting	-0.9075428	0.1534652746230177
BOLA3#chr2:74147813-74147831(-)	BOLA3	targeting	-1.1095937	0.0776647338019608
BOLA3#chr2:74147818-74147836(+)	BOLA3	targeting	0.31917176	0.1943178288186828
BOLA3#chr2:74147884-74147902(-)	BOLA3	targeting	-1.1238811	0.0252800021477297
BOLA3#chr2:74147911-74147929(+)	BOLA3	targeting	-1.8446558	3.118939101077654e-05
BPTF#chr17:67825489-67825507(-)	BPTF	targeting	-0.20265326	0.2460784299174921
BPTF#chr17:67825499-67825517(+)	BPTF	targeting	-0.16404997	0.2249905439745562
BPTF#chr17:67825531-67825549(+)	BPTF	targeting	-0.012180738	0.8391216625319544
BPTF#chr17:67825536-67825554(+)	BPTF	targeting	-0.67070067	1.795081772174687e-09
BPTF#chr17:67825589-67825607(-)	BPTF	targeting	0.07354084	0.3822800193122732
BPTF#chr17:67825593-67825611(-)	BPTF	targeting	-0.7728199	0.002957234416191
BRF2#chr8:37849632-37849650(-)	BRF2	targeting		
BRF2#chr8:37849641-37849659(+)	BRF2	targeting		
BRF2#chr8:37849779-37849797(-)	BRF2	targeting		
BRF2#chr8:37849829-37849847(+)	BRF2	targeting		
BRF2#chr8:37849843-37849861(+)	BRF2	targeting		
BRF2#chr8:37849847-37849865(+)	BRF2	targeting		
BRIP1#chr17:61863088-61863106(+)	BRIP1	targeting	-0.19936496	0.8042448310481041
BRIP1#chr17:61863105-61863123(+)	BRIP1	targeting	-0.15795085	0.6869999459743306
BRIP1#chr17:61863259-61863277(-)	BRIP1	targeting	-0.67471915	0.374754962914804
BRIP1#chr17:61863467-61863485(-)	BRIP1	targeting	1.0354123	0.2870841826726862
BRIP1#chr17:61863476-61863494(-)	BRIP1	targeting	-0.03989947	0.960186527860584
BRIP1#chr17:61863481-61863499(-)	BRIP1	targeting	0.10571401	0.9117857369349786
BRPF1#chr3:9731788-9731806(-)	BRPF1	targeting	-1.2283616	0.0621926318293974
BRPF1#chr3:9731794-9731812(-)	BRPF1	targeting	-0.69763047	0.2807613164910959
BRPF1#chr3:9731797-9731815(-)	BRPF1	targeting	-1.8514076	0.0814898613165752
BRPF1#chr3:9731809-9731827(-)	BRPF1	targeting	-0.28658098	0.5698733543461938
BRPF1#chr3:9731842-9731860(-)	BRPF1	targeting	-0.26245353	0.3805529343791127
BRPF1#chr3:9732219-9732237(+)	BRPF1	targeting	-0.8573624	0.3138549320735839
BSX#chr11:122981695-122981713(+)	BSX	targeting		
BSX#chr11:122981698-122981716(+)	BSX	targeting		
BSX#chr11:122981750-122981768(+)	BSX	targeting		
BSX#chr11:122981762-122981780(-)	BSX	targeting		
BSX#chr11:122981765-122981783(-)	BSX	targeting		
BSX#chr11:122981792-122981810(+)	BSX	targeting		
C11orf95#chr11:63768516-63768534(-)	C11orf95	targeting	0.5323813	0.0817580426561678
C11orf95#chr11:63768588-63768606(-)	C11orf95	targeting	-0.82761645	0.006405731228231
C11orf95#chr11:63768717-63768735(+)	C11orf95	targeting	-0.121671036	0.7496840036504924
C11orf95#chr11:63768721-63768739(+)	C11orf95	targeting	0.33800206	0.4911772237878287
C11orf95#chr11:63768737-63768755(+)	C11orf95	targeting	-0.01848431	0.9683447801148284
C11orf95#chr11:63768756-63768774(+)	C11orf95	targeting	-0.09839661	0.7782800233730277
C1orf85#chr1:156291408-156291426(+)	C1orf85	targeting		
C1orf85#chr1:156291420-156291438(+)	C1orf85	targeting		
C1orf85#chr1:156291445-156291463(-)	C1orf85	targeting		
C1orf85#chr1:156291458-156291476(-)	C1orf85	targeting		
C1orf85#chr1:156291484-156291502(-)	C1orf85	targeting		
C1orf85#chr1:156291528-156291546(-)	C1orf85	targeting		
C1orf85#chr1:156295450-156295468(-)	C1orf85	targeting		
C1orf85#chr1:156295616-156295634(-)	C1orf85	targeting		
C1orf85#chr1:156295628-156295646(+)	C1orf85	targeting		
C1orf85#chr1:156295641-156295659(-)	C1orf85	targeting		
C1orf85#chr1:156295646-156295664(+)	C1orf85	targeting		
C1orf85#chr1:156295664-156295682(-)	C1orf85	targeting		
CAMTA1#chr1:6785486-6785504(+)	CAMTA1	targeting	0.015617211	0.8572257737422327
CAMTA1#chr1:6785500-6785518(+)	CAMTA1	targeting	-0.1238265	0.1681072795472778
CAMTA1#chr1:6785503-6785521(+)	CAMTA1	targeting	-0.079158306	0.5619129359330504
CAMTA1#chr1:6785628-6785646(+)	CAMTA1	targeting	-0.036514245	0.8532661921657513
CAMTA1#chr1:6785637-6785655(+)	CAMTA1	targeting	0.032687094	0.6939077998651696
CAMTA1#chr1:6785739-6785757(+)	CAMTA1	targeting	-0.235776	0.066472656092804
CAMTA2#chr17:4987228-4987246(+)	CAMTA2	targeting		
CAMTA2#chr17:4987256-4987274(+)	CAMTA2	targeting		
CAMTA2#chr17:4987260-4987278(+)	CAMTA2	targeting		
CAMTA2#chr17:4987413-4987431(-)	CAMTA2	targeting		
CAMTA2#chr17:4987583-4987601(-)	CAMTA2	targeting		
CAMTA2#chr17:4987598-4987616(-)	CAMTA2	targeting		
CAPN15#chr16:527699-527717(+)	CAPN15	targeting	0.101043634	0.6769492193393286
CAPN15#chr16:527777-527795(+)	CAPN15	targeting	-0.2229734	0.6208186226828641
CAPN15#chr16:527787-527805(+)	CAPN15	targeting	-0.012759417	0.9674995328656196
CAPN15#chr16:527790-527808(+)	CAPN15	targeting	-0.16603288	0.572998423760409
CAPN15#chr16:527910-527928(+)	CAPN15	targeting	-0.5012829	0.5928873390035834
CAPN15#chr16:528017-528035(-)	CAPN15	targeting	0.11595867	0.7155778669930728
CARF#chr2:202912011-202912029(-)	CARF	targeting		
CARF#chr2:202912095-202912113(+)	CARF	targeting		
CARF#chr2:202912099-202912117(-)	CARF	targeting		
CARF#chr2:202912210-202912228(+)	CARF	targeting		
CARF#chr2:202912236-202912254(-)	CARF	targeting		
CARF#chr2:202912280-202912298(+)	CARF	targeting		
CARHSP1#chr16:8868922-8868940(+)	CARHSP1	targeting	-0.8240684	0.2627145303225994
CARHSP1#chr16:8868963-8868981(-)	CARHSP1	targeting	-0.3253572	0.5629466558568608
CARHSP1#chr16:8868968-8868986(-)	CARHSP1	targeting	-0.8637581	0.266661156665197
CARHSP1#chr16:8868977-8868995(-)	CARHSP1	targeting	-1.3315074	0.0012328881386628
CARHSP1#chr16:8868987-8869005(-)	CARHSP1	targeting	-1.513201	0.0002753549126956
CARHSP1#chr16:8868994-8869012(-)	CARHSP1	targeting	-1.6035174	0.0033723600793316
CASZ1#chr1:10796226-10796244(+)	CASZ1	targeting		
CASZ1#chr1:10796352-10796370(-)	CASZ1	targeting		
CASZ1#chr1:10796380-10796398(-)	CASZ1	targeting		
CASZ1#chr1:10796427-10796445(-)	CASZ1	targeting		
CASZ1#chr1:10796554-10796572(-)	CASZ1	targeting		
CASZ1#chr1:10796584-10796602(+)	CASZ1	targeting		
CBFA2T2#chr20:33490073-33490091(+)	CBFA2T2	targeting	-1.5592872	6.121378192917901e-05
CBFA2T2#chr20:33490076-33490094(+)	CBFA2T2	targeting	-1.1887542	0.0040242624754819
CBFA2T2#chr20:33490125-33490143(+)	CBFA2T2	targeting	-0.29950956	0.406206047200047
CBFA2T2#chr20:33490128-33490146(+)	CBFA2T2	targeting	-1.502517	0.0014451829718722
CBFA2T2#chr20:33490158-33490176(+)	CBFA2T2	targeting	-0.014986482	0.9046861380262808
CBFA2T2#chr20:33490254-33490272(+)	CBFA2T2	targeting	-2.2279072	9.544218750112102e-11
CBFA2T3#chr16:88941114-88941132(-)	CBFA2T3	targeting		
CBFA2T3#chr16:88941265-88941283(-)	CBFA2T3	targeting		
CBFA2T3#chr16:88941296-88941314(+)	CBFA2T3	targeting		
CBFA2T3#chr16:88941306-88941324(-)	CBFA2T3	targeting		
CBFA2T3#chr16:88941309-88941327(-)	CBFA2T3	targeting		
CBFA2T3#chr16:88941340-88941358(-)	CBFA2T3	targeting		
CBFA2T3#chr16:88976567-88976585(+)	CBFA2T3	targeting		
CBFA2T3#chr16:88976915-88976933(+)	CBFA2T3	targeting		
CBFA2T3#chr16:88976928-88976946(-)	CBFA2T3	targeting		
CBFA2T3#chr16:88976947-88976965(-)	CBFA2T3	targeting		
CBFA2T3#chr16:88976959-88976977(+)	CBFA2T3	targeting		
CBFA2T3#chr16:88976964-88976982(-)	CBFA2T3	targeting		
CBFB#chr16:67029150-67029168(+)	CBFB	targeting	-1.8900892	1.5489391816602382e-16
CBFB#chr16:67029163-67029181(+)	CBFB	targeting	-2.8215332	2.0681306893223106e-37
CBFB#chr16:67029169-67029187(+)	CBFB	targeting	-1.4320842	5.27183411663189e-10
CBFB#chr16:67029172-67029190(+)	CBFB	targeting	-1.9100226	1.317098747721428e-06
CBFB#chr16:67029333-67029351(+)	CBFB	targeting	-0.27780816	0.0779882264690984
CBFB#chr16:67029635-67029653(-)	CBFB	targeting	-1.313266	6.256639139932825e-22
CBL#chr11:119206273-119206291(-)	CBL	targeting	0.136442	0.5764726603442721
CBL#chr11:119206341-119206359(-)	CBL	targeting	-0.4120841	0.0013100253235333
CBL#chr11:119206361-119206379(-)	CBL	targeting	-0.10212142	0.5810179889820577
CBL#chr11:119206565-119206583(+)	CBL	targeting	-1.0299488	4.59093164061563e-17
CBL#chr11:119206664-119206682(+)	CBL	targeting	-0.4171843	0.0010198313588397
CBL#chr11:119206680-119206698(+)	CBL	targeting	-0.3757703	0.0360383927828975
CBX2#chr17:79778178-79778196(+)	CBX2	targeting	-0.67160577	0.3268894037487559
CBX2#chr17:79778181-79778199(+)	CBX2	targeting	-0.18038246	0.5322295970028311
CBX2#chr17:79778187-79778205(-)	CBX2	targeting	-0.039083086	0.9080130621078863
CBX2#chr17:79778389-79778407(+)	CBX2	targeting	-0.23295122	0.4477570303959621
CBX2#chr17:79778394-79778412(+)	CBX2	targeting	-0.5688607	0.0173190531880542
CBX2#chr17:79778611-79778629(-)	CBX2	targeting	-0.07581628	0.6359261320679814
CC2D1A#chr19:13906226-13906244(+)	CC2D1A	targeting	-1.6641247	0.0256402867227599
CC2D1A#chr19:13906247-13906265(-)	CC2D1A	targeting	-1.1977272	0.0642500987355796
CC2D1A#chr19:13906260-13906278(+)	CC2D1A	targeting	-2.8207598	0.009799028346435
CC2D1A#chr19:13906264-13906282(+)	CC2D1A	targeting	-1.5719415	0.0175031409262304
CC2D1A#chr19:13906268-13906286(-)	CC2D1A	targeting	-0.2490579	0.5033207249125609
CC2D1A#chr19:13906274-13906292(+)	CC2D1A	targeting	-2.712468	0.0013614736541118
CCDC169-SOHLH2#chr13:36297716-36297734(-)	CCDC169-SOHLH2	targeting		
CCDC169-SOHLH2#chr13:36297743-36297761(-)	CCDC169-SOHLH2	targeting		
CCDC169-SOHLH2#chr13:36297792-36297810(+)	CCDC169-SOHLH2	targeting		
CCDC169-SOHLH2#chr13:36297813-36297831(+)	CCDC169-SOHLH2	targeting		
CCDC169-SOHLH2#chr13:36297830-36297848(-)	CCDC169-SOHLH2	targeting		
CCDC169-SOHLH2#chr13:36297833-36297851(-)	CCDC169-SOHLH2	targeting		
CCDC17#chr1:45623809-45623827(+)	CCDC17	targeting		
CCDC17#chr1:45623824-45623842(+)	CCDC17	targeting		
CCDC17#chr1:45623867-45623885(+)	CCDC17	targeting		
CCDC17#chr1:45623947-45623965(+)	CCDC17	targeting		
CCDC17#chr1:45624012-45624030(+)	CCDC17	targeting		
CCDC17#chr1:45624023-45624041(-)	CCDC17	targeting		
CCDC79#chr16:66800995-66801013(+)	CCDC79	targeting		
CCDC79#chr16:66801005-66801023(+)	CCDC79	targeting		
CCDC79#chr16:66801021-66801039(-)	CCDC79	targeting		
CCDC79#chr16:66801032-66801050(-)	CCDC79	targeting		
CCDC79#chr16:66801041-66801059(+)	CCDC79	targeting		
CCDC79#chr16:66801092-66801110(-)	CCDC79	targeting		
CCNT2#chr2:134918534-134918552(-)	CCNT2	targeting	-0.12571946	0.4931094781132284
CCNT2#chr2:134918820-134918838(+)	CCNT2	targeting	-0.03443674	0.8951871121520143
CCNT2#chr2:134918826-134918844(+)	CCNT2	targeting	0.34584802	0.0953454863282228
CCNT2#chr2:134918837-134918855(+)	CCNT2	targeting	-0.04961677	0.7860710946648748
CCNT2#chr2:134918843-134918861(+)	CCNT2	targeting	-0.014968057	0.9596646592934992
CCNT2#chr2:134918850-134918868(+)	CCNT2	targeting	-0.13524625	0.5211393092719514
CDC5L#chr6:44387559-44387577(+)	CDC5L	targeting	-0.2306491	0.7286326688384379
CDC5L#chr6:44387718-44387736(+)	CDC5L	targeting	0.023512049	0.9565290092787062
CDC5L#chr6:44387754-44387772(-)	CDC5L	targeting	-0.3917649	0.6369040430736601
CDC5L#chr6:44387761-44387779(-)	CDC5L	targeting	-0.46179324	0.5573335652495206
CDC5L#chr6:44387946-44387964(+)	CDC5L	targeting	-0.113631904	0.3643072342685489
CDC5L#chr6:44388201-44388219(-)	CDC5L	targeting	-0.35804605	0.0818408522989749
CDCA7L#chr7:21945702-21945720(+)	CDCA7L	targeting	-0.3845217	0.4683225929425576
CDCA7L#chr7:21945812-21945830(-)	CDCA7L	targeting	-1.6249688	0.0016710744608495
CDCA7L#chr7:21945846-21945864(-)	CDCA7L	targeting	-2.564102	0.0029523875325511
CDCA7L#chr7:21945851-21945869(+)	CDCA7L	targeting	-0.8495223	0.2797237062656079
CDCA7L#chr7:21945856-21945874(-)	CDCA7L	targeting	-1.2495627	0.0943088394669331
CDCA7L#chr7:21945896-21945914(-)	CDCA7L	targeting	-0.9301581	0.137085062783717
CDIP1#chr16:4538326-4538344(+)	CDIP1	targeting	-0.9407598	0.0125433589915467
CDIP1#chr16:4538340-4538358(+)	CDIP1	targeting	-2.0251346	1.730352253378197e-28
CDIP1#chr16:4538363-4538381(+)	CDIP1	targeting	-0.023078164	0.9804714076836818
CDIP1#chr16:4538464-4538482(-)	CDIP1	targeting	-1.9052402	0.0179365421080225
CDIP1#chr16:4538716-4538734(-)	CDIP1	targeting	-1.5948801	1.645599800369688e-06
CDIP1#chr16:4538732-4538750(+)	CDIP1	targeting	-0.05820168	0.8401966761720422
CDK1#chr10:60778506-60778524(+)	CDK1	targeting	0.49719366	0.3698132152885078
CDK1#chr10:60778555-60778573(-)	CDK1	targeting	0.2000829	0.6717475980283633
CDK1#chr10:60778604-60778622(+)	CDK1	targeting	-0.92198825	0.1287614583374353
CDK1#chr10:60778734-60778752(+)	CDK1	targeting	-0.08500407	0.8224343043812948
CDK1#chr10:60778957-60778975(-)	CDK1	targeting	-0.3045585	0.4862500189847857
CDK1#chr10:60778964-60778982(+)	CDK1	targeting	-0.780974	0.0398436587052313
CDK2#chr12:55966798-55966816(+)	CDK2	targeting		
CDK2#chr12:55966801-55966819(+)	CDK2	targeting		
CDK2#chr12:55966804-55966822(+)	CDK2	targeting		
CDK2#chr12:55966881-55966899(-)	CDK2	targeting		
CDK2#chr12:55966884-55966902(+)	CDK2	targeting		
CDK2#chr12:55967292-55967310(+)	CDK2	targeting		
CDK7#chr5:69234849-69234867(+)	CDK7	targeting	-0.35796642	0.135380144602028
CDK7#chr5:69234863-69234881(+)	CDK7	targeting	-1.4024638	0.0387457511414832
CDK7#chr5:69234932-69234950(-)	CDK7	targeting	-0.000460701	0.9995605867478208
CDK7#chr5:69234944-69234962(-)	CDK7	targeting	-0.6058942	0.0408995275394828
CDK7#chr5:69235044-69235062(+)	CDK7	targeting	-0.4647353	0.0102724356198228
CDK7#chr5:69235103-69235121(-)	CDK7	targeting	-1.2665256	0.0246609445685832
CDK9#chr9:127786028-127786046(+)	CDK9	targeting	-0.27282712	0.0874805823829573
CDK9#chr9:127786102-127786120(+)	CDK9	targeting	0.450602	0.2161128068586708
CDK9#chr9:127786345-127786363(-)	CDK9	targeting	-0.1939145	0.4725582028132032
CDK9#chr9:127786450-127786468(+)	CDK9	targeting	-0.87947845	0.0514462702560079
CDK9#chr9:127786464-127786482(-)	CDK9	targeting	-0.07482398	0.8820458957015429
CDK9#chr9:127786578-127786596(-)	CDK9	targeting	0.30343425	0.3897667499418422
CDX1#chr5:150166777-150166795(+)	CDX1	targeting		
CDX1#chr5:150166800-150166818(+)	CDX1	targeting		
CDX1#chr5:150166803-150166821(+)	CDX1	targeting		
CDX1#chr5:150166913-150166931(-)	CDX1	targeting		
CDX1#chr5:150166994-150167012(-)	CDX1	targeting		
CDX1#chr5:150167042-150167060(+)	CDX1	targeting		
CDX2#chr13:27968887-27968905(+)	CDX2	targeting		
CDX2#chr13:27969084-27969102(+)	CDX2	targeting		
CDX2#chr13:27969143-27969161(-)	CDX2	targeting		
CDX2#chr13:27969235-27969253(+)	CDX2	targeting		
CDX2#chr13:27969240-27969258(+)	CDX2	targeting		
CDX2#chr13:27969259-27969277(+)	CDX2	targeting		
CDX4#chrX:73447036-73447054(+)	CDX4	targeting		
CDX4#chrX:73447039-73447057(+)	CDX4	targeting		
CDX4#chrX:73447049-73447067(-)	CDX4	targeting		
CDX4#chrX:73447054-73447072(+)	CDX4	targeting		
CDX4#chrX:73447089-73447107(-)	CDX4	targeting		
CDX4#chrX:73447109-73447127(+)	CDX4	targeting		
CEBPA#chr19:33302398-33302416(+)	CEBPA	targeting		
CEBPA#chr19:33302433-33302451(+)	CEBPA	targeting		
CEBPA#chr19:33302492-33302510(-)	CEBPA	targeting		
CEBPA#chr19:33302504-33302522(+)	CEBPA	targeting		
CEBPA#chr19:33302514-33302532(-)	CEBPA	targeting		
CEBPA#chr19:33302522-33302540(-)	CEBPA	targeting		
CEBPB#chr20:50190831-50190849(+)	CEBPB	targeting	-1.5793226	0.0061016291763139
CEBPB#chr20:50190842-50190860(+)	CEBPB	targeting	-0.30389977	0.3627691907563164
CEBPB#chr20:50190893-50190911(-)	CEBPB	targeting	-0.11809667	0.7052656433164635
CEBPB#chr20:50190901-50190919(+)	CEBPB	targeting	-0.7719694	0.2171729776968914
CEBPB#chr20:50191264-50191282(-)	CEBPB	targeting	-1.9532635	0.0278536435377395
CEBPB#chr20:50191392-50191410(-)	CEBPB	targeting	-0.44192278	0.5208739050365205
CEBPD#chr8:47737882-47737900(+)	CEBPD	targeting		
CEBPD#chr8:47737912-47737930(+)	CEBPD	targeting		
CEBPD#chr8:47738054-47738072(+)	CEBPD	targeting		
CEBPD#chr8:47738092-47738110(+)	CEBPD	targeting		
CEBPD#chr8:47738104-47738122(+)	CEBPD	targeting		
CEBPD#chr8:47738134-47738152(+)	CEBPD	targeting		
CEBPE#chr14:23118800-23118818(+)	CEBPE	targeting		
CEBPE#chr14:23118955-23118973(+)	CEBPE	targeting		
CEBPE#chr14:23119002-23119020(-)	CEBPE	targeting		
CEBPE#chr14:23119022-23119040(+)	CEBPE	targeting		
CEBPE#chr14:23119027-23119045(-)	CEBPE	targeting		
CEBPE#chr14:23119054-23119072(-)	CEBPE	targeting		
CEBPG#chr19:33373314-33373332(+)	CEBPG	targeting	0.07627725	0.9331238502575966
CEBPG#chr19:33373721-33373739(+)	CEBPG	targeting	0.16172819	0.8638076596835953
CEBPG#chr19:33373773-33373791(-)	CEBPG	targeting	-0.44087154	0.0950880783678105
CEBPG#chr19:33373840-33373858(+)	CEBPG	targeting	-0.3256669	0.1327369767021479
CEBPG#chr19:33373912-33373930(+)	CEBPG	targeting	-0.19166015	0.3798699618924691
CEBPG#chr19:33374148-33374166(-)	CEBPG	targeting	-0.36557832	0.4480537201580788
CEBPZ#chr2:37231360-37231378(-)	CEBPZ	targeting	-1.2839335	0.1183475237292206
CEBPZ#chr2:37231363-37231381(-)	CEBPZ	targeting	-0.32506186	0.4454524491909976
CEBPZ#chr2:37231486-37231504(-)	CEBPZ	targeting	-0.48942247	0.0361202605354131
CEBPZ#chr2:37231510-37231528(-)	CEBPZ	targeting	0.25643867	0.1055001770399215
CEBPZ#chr2:37231555-37231573(-)	CEBPZ	targeting	-0.06754181	0.6912827081195615
CEBPZ#chr2:37231602-37231620(-)	CEBPZ	targeting	0.09008857	0.3560964659243472
CENPA#chr2:26764279-26764297(+)	CENPA	targeting	-1.4443247	0.1291904167568692
CENPA#chr2:26764287-26764305(+)	CENPA	targeting	-0.07004397	0.7993398259870192
CENPA#chr2:26764319-26764337(-)	CENPA	targeting	0.23382314	0.3881398475993923
CENPA#chr2:26764336-26764354(-)	CENPA	targeting	-0.18177412	0.5043598537554148
CENPA#chr2:26764345-26764363(-)	CENPA	targeting	-0.41276544	0.2246223920703181
CENPA#chr2:26764701-26764719(-)	CENPA	targeting	-0.6142449	0.0434710291332907
CENPA#chr2:26786054-26786072(+)	CENPA	targeting	-0.0012426007	0.9988340105121544
CENPA#chr2:26786065-26786083(+)	CENPA	targeting	0.048433986	0.9574628034620496
CENPA#chr2:26786072-26786090(+)	CENPA	targeting	-0.11749289	0.893453897038309
CENPA#chr2:26786088-26786106(+)	CENPA	targeting	-0.281889	0.7353507471693412
CENPA#chr2:26786128-26786146(-)	CENPA	targeting	-0.8876102	0.365660736989347
CENPA#chr2:26786294-26786312(-)	CENPA	targeting	-0.96561867	0.1730912182270198
CENPB#chr20:3786303-3786321(-)	CENPB	targeting	-0.66721463	0.1055390522215049
CENPB#chr20:3786306-3786324(-)	CENPB	targeting	-0.33636615	0.395638336134177
CENPB#chr20:3786401-3786419(-)	CENPB	targeting	-1.9832911	0.0005177809451355
CENPB#chr20:3786429-3786447(-)	CENPB	targeting	-1.1736147	0.0941241537709755
CENPB#chr20:3786638-3786656(+)	CENPB	targeting	0.043403774	0.8972823835549558
CENPB#chr20:3786731-3786749(+)	CENPB	targeting	-1.1216167	0.1384795692750081
CENPBD1#chr16:89972053-89972071(+)	CENPBD1	targeting		
CENPBD1#chr16:89972419-89972437(+)	CENPBD1	targeting		
CENPBD1#chr16:89972457-89972475(+)	CENPBD1	targeting		
CENPBD1#chr16:89972462-89972480(+)	CENPBD1	targeting		
CENPBD1#chr16:89972468-89972486(+)	CENPBD1	targeting		
CENPBD1#chr16:89972488-89972506(+)	CENPBD1	targeting		
CENPT#chr16:67833458-67833476(+)	CENPT	targeting		
CENPT#chr16:67833793-67833811(-)	CENPT	targeting		
CENPT#chr16:67833824-67833842(+)	CENPT	targeting		
CENPT#chr16:67833830-67833848(+)	CENPT	targeting		
CENPT#chr16:67833846-67833864(+)	CENPT	targeting		
CENPT#chr16:67833878-67833896(-)	CENPT	targeting		
CGGBP1#chr3:88058882-88058900(+)	CGGBP1	targeting	-0.20091492	0.0130202278071684
CGGBP1#chr3:88058936-88058954(-)	CGGBP1	targeting	-0.48076752	0.1259249699498989
CGGBP1#chr3:88058939-88058957(-)	CGGBP1	targeting	-0.72667897	1.6387502971155008e-07
CGGBP1#chr3:88058941-88058959(+)	CGGBP1	targeting	-0.213579	0.2995987467589353
CGGBP1#chr3:88058945-88058963(-)	CGGBP1	targeting	-1.0670028	1.5968140719379094e-06
CGGBP1#chr3:88058999-88059017(+)	CGGBP1	targeting	-0.010795018	0.9502109929487628
CGGBP1#chr3:88149561-88149579(+)	CGGBP1	targeting	-0.0056031724	0.9201132690309952
CGGBP1#chr3:88149639-88149657(-)	CGGBP1	targeting	-0.07746156	0.5491270652228872
CGGBP1#chr3:88149778-88149796(-)	CGGBP1	targeting	0.14305954	0.3900788655776215
CGGBP1#chr3:88149816-88149834(+)	CGGBP1	targeting	-0.44794717	0.1359196988323752
CGGBP1#chr3:88149820-88149838(-)	CGGBP1	targeting	-0.09875259	0.3268494039872445
CGGBP1#chr3:88149853-88149871(+)	CGGBP1	targeting	-0.1949505	0.1456558894734433
CHAMP1#chr13:114314348-114314366(-)	CHAMP1	targeting	-0.8230754	1.3613738371319149e-06
CHAMP1#chr13:114314498-114314516(+)	CHAMP1	targeting	-1.1461562	0.0089993799384689
CHAMP1#chr13:114314526-114314544(+)	CHAMP1	targeting	-1.0263957	0.0913902315392666
CHAMP1#chr13:114314532-114314550(-)	CHAMP1	targeting	-0.8354839	0.2089673942354449
CHAMP1#chr13:114314599-114314617(-)	CHAMP1	targeting	0.031791873	0.8617718961777204
CHAMP1#chr13:114314701-114314719(-)	CHAMP1	targeting	-0.11408872	0.7177162675504236
CHCHD3#chr7:133081758-133081776(+)	CHCHD3	targeting	-0.8728725	0.0108953219790129
CHCHD3#chr7:133081828-133081846(+)	CHCHD3	targeting	0.015825335	0.9445512945390878
CHCHD3#chr7:133081839-133081857(+)	CHCHD3	targeting	-0.18312176	0.4181745411960785
CHCHD3#chr7:133081859-133081877(-)	CHCHD3	targeting	-0.70256394	3.930609170542257e-07
CHCHD3#chr7:133081936-133081954(-)	CHCHD3	targeting	-0.051770654	0.5563841478660808
CHCHD3#chr7:133081999-133082017(+)	CHCHD3	targeting	-0.067587845	0.5623798097993946
CHD7#chr8:60678741-60678759(+)	CHD7	targeting	-0.12542225	0.3207488048785044
CHD7#chr8:60678842-60678860(+)	CHD7	targeting	-0.054516636	0.2763927339827249
CHD7#chr8:60679000-60679018(+)	CHD7	targeting	0.010429407	0.9128521988209022
CHD7#chr8:60679015-60679033(-)	CHD7	targeting	-0.17687851	0.023295547749681
CHD7#chr8:60679043-60679061(+)	CHD7	targeting	-0.02002037	0.8111696567357725
CHD7#chr8:60679062-60679080(+)	CHD7	targeting	-0.0032027515	0.9850514779593096
CHMP2A#chr19:58554638-58554656(+)	CHMP2A	targeting	-0.6887758	0.0573923653356879
CHMP2A#chr19:58554895-58554913(+)	CHMP2A	targeting	-0.119232155	0.8413715702550367
CHMP2A#chr19:58554931-58554949(-)	CHMP2A	targeting	-0.44450212	0.0020830372823056
CHMP2A#chr19:58554969-58554987(+)	CHMP2A	targeting	-0.5101357	0.1376611999687406
CHMP2A#chr19:58555057-58555075(-)	CHMP2A	targeting	-0.4328258	0.6247573955484509
CHMP2A#chr19:58555071-58555089(-)	CHMP2A	targeting	-0.3195103	0.6901560034654052
CIC#chr19:42283973-42283991(+)	CIC	targeting	-0.18773581	0.7088083140316135
CIC#chr19:42284528-42284546(+)	CIC	targeting	-0.67413485	0.2360239714555295
CIC#chr19:42284531-42284549(+)	CIC	targeting	-0.104592636	0.8173285173887304
CIC#chr19:42284543-42284561(-)	CIC	targeting	0.1602661	0.75763989776338
CIC#chr19:42284726-42284744(-)	CIC	targeting	0.33120483	0.3372357895583126
CIC#chr19:42284820-42284838(+)	CIC	targeting	0.1334234	0.6048140537926661
CIR1#chr2:174395256-174395274(+)	CIR1	targeting	-0.033937287	0.8551271494648947
CIR1#chr2:174395440-174395458(+)	CIR1	targeting	-0.37979445	0.5911117854710989
CIR1#chr2:174395531-174395549(-)	CIR1	targeting	0.405687	0.4579038377973258
CIR1#chr2:174395629-174395647(+)	CIR1	targeting	-0.8788932	0.0809797027397919
CIR1#chr2:174395686-174395704(-)	CIR1	targeting	-0.21083674	0.5091765076358696
CIR1#chr2:174395689-174395707(-)	CIR1	targeting	-0.41492715	0.071672013008703
CIZ1#chr9:128191469-128191487(-)	CIZ1	targeting	-0.026148194	0.9216458001578828
CIZ1#chr9:128191534-128191552(+)	CIZ1	targeting	0.02784449	0.9506575527096162
CIZ1#chr9:128191538-128191556(-)	CIZ1	targeting	-1.2744721	0.0695340551960338
CIZ1#chr9:128191543-128191561(-)	CIZ1	targeting	-1.7288557	0.0001427637170363
CIZ1#chr9:128191560-128191578(-)	CIZ1	targeting	-0.05063633	0.9271979215426236
CIZ1#chr9:128191564-128191582(+)	CIZ1	targeting	-0.12252923	0.4584359784607643
CLOCK#chr4:55546719-55546737(+)	CLOCK	targeting	-0.25100526	0.5325324609168227
CLOCK#chr4:55546763-55546781(+)	CLOCK	targeting	-1.5655893	0.0013860639112548
CLOCK#chr4:55546775-55546793(+)	CLOCK	targeting	-0.07289306	0.5358630265051341
CLOCK#chr4:55546778-55546796(+)	CLOCK	targeting	-0.1476864	0.426910373691272
CLOCK#chr4:55546809-55546827(-)	CLOCK	targeting	0.041788604	0.7870929085789553
CLOCK#chr4:55546817-55546835(-)	CLOCK	targeting	-0.091539636	0.4127583911422139
CNBP#chr3:129183655-129183673(+)	CNBP	targeting	-0.20359913	0.0083026976708648
CNBP#chr3:129183680-129183698(-)	CNBP	targeting	-1.4439784	2.480726394418801e-54
CNBP#chr3:129183703-129183721(-)	CNBP	targeting	-1.3274938	1.6724906784693892e-23
CNBP#chr3:129183829-129183847(+)	CNBP	targeting	-2.3159025	0.0
CNBP#chr3:129183871-129183889(-)	CNBP	targeting	-0.04419251	0.5096252117694895
CNBP#chr3:129183882-129183900(-)	CNBP	targeting	-1.1942331	4.501004322817317e-24
CNOT7#chr8:17246615-17246633(-)	CNOT7	targeting	-0.029651647	0.7965852440306684
CNOT7#chr8:17246631-17246649(+)	CNOT7	targeting	-0.13189556	0.3118609003749135
CNOT7#chr8:17246644-17246662(-)	CNOT7	targeting	0.026016412	0.9089450063258872
CNOT7#chr8:17246845-17246863(-)	CNOT7	targeting	0.045971144	0.7128605504433554
CNOT7#chr8:17246863-17246881(-)	CNOT7	targeting	-0.1640486	0.4416768599204509
CNOT7#chr8:17246883-17246901(+)	CNOT7	targeting	0.15975168	0.218788532376895
CNOT8#chr5:154858527-154858545(+)	CNOT8	targeting	-1.2852453	0.0046973124740414
CNOT8#chr5:154858631-154858649(+)	CNOT8	targeting	-1.4781094	0.000812680423785
CNOT8#chr5:154858638-154858656(+)	CNOT8	targeting	-1.0370007	0.0004535861318598
CNOT8#chr5:154858659-154858677(+)	CNOT8	targeting	-0.37095162	0.274214397673246
CNOT8#chr5:154858687-154858705(-)	CNOT8	targeting	-0.33956867	0.2066021960263683
CNOT8#chr5:154858693-154858711(-)	CNOT8	targeting	0.017624952	0.964276501085548
COX20#chr1:244835661-244835679(+)	COX20	targeting	-0.16851074	0.731899300716324
COX20#chr1:244835668-244835686(+)	COX20	targeting	-0.22361109	0.5948713066693754
COX20#chr1:244835671-244835689(+)	COX20	targeting	-0.22641282	0.7817214910559945
COX20#chr1:244835677-244835695(-)	COX20	targeting	-0.41498974	0.4682999831321874
COX20#chr1:244835727-244835745(-)	COX20	targeting	-0.11919764	0.7134859127017587
COX20#chr1:244835861-244835879(-)	COX20	targeting	0.20597212	0.4018768952894787
CPEB1#chr15:82628003-82628021(+)	CPEB1	targeting		
CPEB1#chr15:82628013-82628031(-)	CPEB1	targeting		
CPEB1#chr15:82628091-82628109(+)	CPEB1	targeting		
CPEB1#chr15:82628348-82628366(+)	CPEB1	targeting		
CPEB1#chr15:82628419-82628437(-)	CPEB1	targeting		
CPEB1#chr15:82628466-82628484(+)	CPEB1	targeting		
CPEB1#chr15:82647585-82647603(+)	CPEB1	targeting		
CPEB1#chr15:82647599-82647617(+)	CPEB1	targeting		
CPEB1#chr15:82647613-82647631(-)	CPEB1	targeting		
CPEB1#chr15:82647691-82647709(-)	CPEB1	targeting		
CPEB1#chr15:82647840-82647858(+)	CPEB1	targeting		
CPEB1#chr15:82648003-82648021(-)	CPEB1	targeting		
CPXCR1#chrX:88747206-88747224(+)	CPXCR1	targeting		
CPXCR1#chrX:88747220-88747238(+)	CPXCR1	targeting		
CPXCR1#chrX:88747227-88747245(+)	CPXCR1	targeting		
CPXCR1#chrX:88747281-88747299(-)	CPXCR1	targeting		
CPXCR1#chrX:88747294-88747312(-)	CPXCR1	targeting		
CPXCR1#chrX:88747299-88747317(-)	CPXCR1	targeting		
CRAMP1L#chr16:1612352-1612370(+)	CRAMP1L	targeting		
CRAMP1L#chr16:1612359-1612377(-)	CRAMP1L	targeting		
CRAMP1L#chr16:1612380-1612398(+)	CRAMP1L	targeting		
CRAMP1L#chr16:1612383-1612401(+)	CRAMP1L	targeting		
CRAMP1L#chr16:1612386-1612404(+)	CRAMP1L	targeting		
CRAMP1L#chr16:1612402-1612420(+)	CRAMP1L	targeting		
CRAMP1L#chr16:1614195-1614213(-)	CRAMP1L	targeting		
CRAMP1L#chr16:1614211-1614229(+)	CRAMP1L	targeting		
CRAMP1L#chr16:1614220-1614238(-)	CRAMP1L	targeting		
CRAMP1L#chr16:1614228-1614246(-)	CRAMP1L	targeting		
CRAMP1L#chr16:1614350-1614368(-)	CRAMP1L	targeting		
CRAMP1L#chr16:1614377-1614395(-)	CRAMP1L	targeting		
CREB1#chr2:207529949-207529967(+)	CREB1	targeting	-1.0168643	2.5980213361826432e-08
CREB1#chr2:207529952-207529970(+)	CREB1	targeting	-0.010146457	0.9469481652796912
CREB1#chr2:207529977-207529995(+)	CREB1	targeting	-1.1063339	0.0026978314482649
CREB1#chr2:207529986-207530004(-)	CREB1	targeting	0.21621042	0.4651002177548585
CREB1#chr2:207529998-207530016(+)	CREB1	targeting	0.02991425	0.8657099091560017
CREB1#chr2:207530010-207530028(+)	CREB1	targeting	-0.07000347	0.6395853129481468
CREB3#chr9:35732435-35732453(-)	CREB3	targeting	0.016692858	0.9375051375792516
CREB3#chr9:35732612-35732630(+)	CREB3	targeting	-0.08796535	0.7836786351723526
CREB3#chr9:35732642-35732660(+)	CREB3	targeting	-0.7306307	0.0290698667139292
CREB3#chr9:35732652-35732670(+)	CREB3	targeting	-0.27848417	0.4253492971692785
CREB3#chr9:35732659-35732677(+)	CREB3	targeting	-0.91377676	0.0026539947446419
CREB3#chr9:35732664-35732682(+)	CREB3	targeting	-0.8772831	0.0005708202932693
CREB3L1#chr11:46277718-46277736(+)	CREB3L1	targeting		
CREB3L1#chr11:46277729-46277747(-)	CREB3L1	targeting		
CREB3L1#chr11:46277901-46277919(-)	CREB3L1	targeting		
CREB3L1#chr11:46278030-46278048(+)	CREB3L1	targeting		
CREB3L1#chr11:46278062-46278080(-)	CREB3L1	targeting		
CREB3L1#chr11:46278065-46278083(-)	CREB3L1	targeting		
CREB3L2#chr7:138001962-138001980(+)	CREB3L2	targeting	-1.4945729	3.9654638145298575e-24
CREB3L2#chr7:138001986-138002004(+)	CREB3L2	targeting	0.20925094	0.5567317104816955
CREB3L2#chr7:138002022-138002040(+)	CREB3L2	targeting	-0.2487367	0.1453968757747984
CREB3L2#chr7:138002030-138002048(-)	CREB3L2	targeting	-2.5163126	6.36610298479442e-16
CREB3L2#chr7:138002038-138002056(-)	CREB3L2	targeting	-2.7061703	1.2560676303916962e-16
CREB3L2#chr7:138002071-138002089(-)	CREB3L2	targeting	-1.9851369	1.1697295390814478e-05
CREB3L3#chr19:4153665-4153683(+)	CREB3L3	targeting		
CREB3L3#chr19:4153669-4153687(+)	CREB3L3	targeting		
CREB3L3#chr19:4153699-4153717(+)	CREB3L3	targeting		
CREB3L3#chr19:4153714-4153732(-)	CREB3L3	targeting		
CREB3L3#chr19:4153783-4153801(-)	CREB3L3	targeting		
CREB3L3#chr19:4153993-4154011(+)	CREB3L3	targeting		
CREB3L4#chr1:153967871-153967889(-)	CREB3L4	targeting		
CREB3L4#chr1:153967906-153967924(-)	CREB3L4	targeting		
CREB3L4#chr1:153967919-153967937(-)	CREB3L4	targeting		
CREB3L4#chr1:153967928-153967946(+)	CREB3L4	targeting		
CREB3L4#chr1:153967940-153967958(+)	CREB3L4	targeting		
CREB3L4#chr1:153968146-153968164(-)	CREB3L4	targeting		
CREB5#chr7:28412495-28412513(+)	CREB5	targeting		
CREB5#chr7:28412654-28412672(+)	CREB5	targeting		
CREB5#chr7:28412657-28412675(+)	CREB5	targeting		
CREB5#chr7:28412671-28412689(+)	CREB5	targeting		
CREB5#chr7:28412684-28412702(+)	CREB5	targeting		
CREB5#chr7:28412701-28412719(-)	CREB5	targeting		
CREB5#chr7:28435647-28435665(+)	CREB5	targeting		
CREB5#chr7:28435678-28435696(+)	CREB5	targeting		
CREB5#chr7:28435826-28435844(+)	CREB5	targeting		
CREB5#chr7:28435929-28435947(+)	CREB5	targeting		
CREB5#chr7:28435983-28436001(+)	CREB5	targeting		
CREB5#chr7:28435990-28436008(+)	CREB5	targeting		
CREBBP#chr16:3880184-3880202(-)	CREBBP	targeting	0.03693388	0.7343797604440829
CREBBP#chr16:3880190-3880208(+)	CREBBP	targeting	0.09888208	0.314556129609108
CREBBP#chr16:3880623-3880641(+)	CREBBP	targeting	0.066627614	0.9426823532306546
CREBBP#chr16:3880650-3880668(-)	CREBBP	targeting	-0.15403655	0.4485982537973046
CREBBP#chr16:3880656-3880674(+)	CREBBP	targeting	0.10674875	0.6881177341983375
CREBBP#chr16:3880675-3880693(+)	CREBBP	targeting	-0.3021928	0.0081625894778379
CREBL2#chr12:12611865-12611883(+)	CREBL2	targeting	0.27980572	0.5515225271414156
CREBL2#chr12:12611873-12611891(-)	CREBL2	targeting	-0.45842385	0.5437658320289537
CREBL2#chr12:12611909-12611927(+)	CREBL2	targeting	-1.1216258	0.0210823381901346
CREBL2#chr12:12611913-12611931(+)	CREBL2	targeting	-2.2635803	0.002020181315832
CREBL2#chr12:12612075-12612093(-)	CREBL2	targeting	-2.0952766	0.0001487189950753
CREBL2#chr12:12612081-12612099(-)	CREBL2	targeting	-1.8576721	3.8058384904681696e-05
CREBRF#chr5:173056364-173056382(+)	CREBRF	targeting	-0.16092429	0.3460271621296452
CREBRF#chr5:173056387-173056405(+)	CREBRF	targeting	0.14158225	0.658909853093014
CREBRF#chr5:173056395-173056413(+)	CREBRF	targeting	-0.5227218	0.0888942231282728
CREBRF#chr5:173056402-173056420(+)	CREBRF	targeting	0.21243383	0.3299106911743498
CREBRF#chr5:173056465-173056483(-)	CREBRF	targeting	0.21181555	0.6445305716642484
CREBRF#chr5:173056468-173056486(-)	CREBRF	targeting	-0.12174005	0.6142846599790992
CREBRF#chr5:173057409-173057427(+)	CREBRF	targeting	-0.46779647	0.1115044262276033
CREBRF#chr5:173057437-173057455(-)	CREBRF	targeting	-1.2047217	0.0224387106525955
CREBRF#chr5:173057442-173057460(-)	CREBRF	targeting	-0.014776217	0.948716823352774
CREBRF#chr5:173057452-173057470(-)	CREBRF	targeting	-0.52619296	0.1242416933838912
CREBRF#chr5:173057454-173057472(+)	CREBRF	targeting	-0.049747743	0.8139253748539389
CREBRF#chr5:173057471-173057489(+)	CREBRF	targeting	-0.15388782	0.6556782979676042
CREBZF#chr11:85664859-85664877(+)	CREBZF	targeting	-1.0366716	9.59869534646854e-07
CREBZF#chr11:85665025-85665043(+)	CREBZF	targeting	0.08938982	0.7765739089948116
CREBZF#chr11:85665030-85665048(+)	CREBZF	targeting	-0.43219447	0.0818991100146664
CREBZF#chr11:85665053-85665071(+)	CREBZF	targeting	-1.3403867	0.0001506282498144
CREBZF#chr11:85665083-85665101(-)	CREBZF	targeting	-0.17064115	0.6562632526283034
CREBZF#chr11:85665094-85665112(+)	CREBZF	targeting	-1.33575	7.442372920347408e-05
CREM#chr10:35127292-35127310(+)	CREM	targeting	-2.9536555	1.460598540382873e-05
CREM#chr10:35127304-35127322(+)	CREM	targeting	-1.3702673	0.0337182765930677
CREM#chr10:35127338-35127356(+)	CREM	targeting	-0.5321002	0.0186667892868438
CREM#chr10:35127343-35127361(+)	CREM	targeting	-0.047456942	0.8371963574768359
CREM#chr10:35127352-35127370(-)	CREM	targeting	0.23635258	0.1511282706784232
CREM#chr10:35127371-35127389(-)	CREM	targeting	-0.052640423	0.7758231350343754
CRTC1#chr19:18683705-18683723(+)	CRTC1	targeting	0.51921487	0.049109058418126
CRTC1#chr19:18683724-18683742(-)	CRTC1	targeting	-0.16900659	0.6248911124604912
CRTC1#chr19:18683745-18683763(+)	CRTC1	targeting	-0.09988702	0.6106294325718812
CRTC1#chr19:18683748-18683766(+)	CRTC1	targeting	-0.19331478	0.6188383957005432
CRTC1#chr19:18683751-18683769(+)	CRTC1	targeting	-0.8659608	0.0818980026770341
CRTC1#chr19:18683955-18683973(+)	CRTC1	targeting	0.08014732	0.6368134556156266
CRTC2#chr1:153958148-153958166(-)	CRTC2	targeting		
CRTC2#chr1:153958285-153958303(-)	CRTC2	targeting		
CRTC2#chr1:153958588-153958606(-)	CRTC2	targeting		
CRTC2#chr1:153958591-153958609(-)	CRTC2	targeting		
CRTC2#chr1:153958594-153958612(-)	CRTC2	targeting		
CRTC2#chr1:153958629-153958647(-)	CRTC2	targeting		
CRTC3#chr15:90529917-90529935(-)	CRTC3	targeting	-0.05271634	0.8499152551347595
CRTC3#chr15:90529953-90529971(-)	CRTC3	targeting	-1.2143756	0.1047238687587231
CRTC3#chr15:90529960-90529978(+)	CRTC3	targeting	-1.9549091	0.0126171105208512
CRTC3#chr15:90529988-90530006(+)	CRTC3	targeting	-0.18538244	0.7154174196543812
CRTC3#chr15:90529992-90530010(+)	CRTC3	targeting	-0.14678739	0.7146537997177049
CRTC3#chr15:90530308-90530326(+)	CRTC3	targeting	-2.137549	1.0389501367256468e-11
CRX#chr19:47821957-47821975(+)	CRX	targeting		
CRX#chr19:47821961-47821979(-)	CRX	targeting		
CRX#chr19:47821964-47821982(+)	CRX	targeting		
CRX#chr19:47821993-47822011(-)	CRX	targeting		
CRX#chr19:47822000-47822018(-)	CRX	targeting		
CRX#chr19:47822009-47822027(+)	CRX	targeting		
CSNK2A1#chr20:543439-543457(-)	CSNK2A1	targeting	-0.9435052	5.243604506920088e-09
CSNK2A1#chr20:543647-543665(+)	CSNK2A1	targeting	-2.202372	0.018900148778843
CSNK2A1#chr20:543656-543674(+)	CSNK2A1	targeting	-2.0205867	7.726530675820384e-09
CSNK2A1#chr20:543665-543683(-)	CSNK2A1	targeting	-1.7286233	3.8794657390245446e-10
CSNK2A1#chr20:543722-543740(+)	CSNK2A1	targeting	-0.06547517	0.2963599242254044
CSNK2A1#chr20:543735-543753(+)	CSNK2A1	targeting	-2.169035	0.0044791815544225
CSRNP1#chr3:39153191-39153209(-)	CSRNP1	targeting		
CSRNP1#chr3:39153499-39153517(-)	CSRNP1	targeting		
CSRNP1#chr3:39153507-39153525(-)	CSRNP1	targeting		
CSRNP1#chr3:39153517-39153535(+)	CSRNP1	targeting		
CSRNP1#chr3:39153551-39153569(-)	CSRNP1	targeting		
CSRNP1#chr3:39153555-39153573(+)	CSRNP1	targeting		
CSRNP2#chr12:51083285-51083303(+)	CSRNP2	targeting	-0.03696198	0.8603580259417687
CSRNP2#chr12:51083359-51083377(-)	CSRNP2	targeting	0.38355312	0.1521844108165644
CSRNP2#chr12:51083362-51083380(-)	CSRNP2	targeting	-0.964743	0.0620125741180645
CSRNP2#chr12:51083365-51083383(-)	CSRNP2	targeting	-0.34660903	0.2991231827068638
CSRNP2#chr12:51083570-51083588(-)	CSRNP2	targeting	-0.82772344	0.0002836737611042
CSRNP2#chr12:51083580-51083598(-)	CSRNP2	targeting	-0.09483625	0.7826526407175998
CSRNP3#chr2:165469718-165469736(-)	CSRNP3	targeting	-1.2104974	0.0038665795493591
CSRNP3#chr2:165469732-165469750(-)	CSRNP3	targeting	0.1252209	0.4639279946845498
CSRNP3#chr2:165469872-165469890(-)	CSRNP3	targeting	-0.10313254	0.4127881405374257
CSRNP3#chr2:165469964-165469982(-)	CSRNP3	targeting	-1.9607294	0.0012726601638783
CSRNP3#chr2:165470105-165470123(-)	CSRNP3	targeting	-2.023116	5.010027809865438e-07
CSRNP3#chr2:165470181-165470199(+)	CSRNP3	targeting	-0.8294639	3.1353011067548727e-06
CSRNP3#chr2:165572313-165572331(+)	CSRNP3	targeting	-0.21999158	0.3101656742008092
CSRNP3#chr2:165572341-165572359(-)	CSRNP3	targeting	-0.16682427	0.5763543425957911
CSRNP3#chr2:165572352-165572370(+)	CSRNP3	targeting	0.16034049	0.4697135512205377
CSRNP3#chr2:165572358-165572376(-)	CSRNP3	targeting	-0.004089008	0.9913589276096952
CSRNP3#chr2:165572406-165572424(+)	CSRNP3	targeting	-0.05146347	0.8863637754207165
CSRNP3#chr2:165572427-165572445(+)	CSRNP3	targeting	-0.4077432	0.2097630056003064
CTBP1#chr4:1248901-1248919(+)	CTBP1	targeting	-0.50840336	0.18843661071017
CTBP1#chr4:1248918-1248936(-)	CTBP1	targeting	0.2121154	0.7227724670104465
CTBP1#chr4:1248941-1248959(+)	CTBP1	targeting	-0.16065717	0.5395602747547292
CTBP1#chr4:1249075-1249093(-)	CTBP1	targeting	-1.4961354	0.0074605053579071
CTBP1#chr4:1249078-1249096(-)	CTBP1	targeting	0.022864308	0.9422179403558396
CTBP1#chr4:1249086-1249104(-)	CTBP1	targeting	-1.1795273	0.099333050100695
CTBP2#chr10:125160815-125160833(+)	CTBP2	targeting	-0.23079184	0.0156560976107672
CTBP2#chr10:125160829-125160847(-)	CTBP2	targeting	-0.27220333	0.3596458166820311
CTBP2#chr10:125160982-125161000(-)	CTBP2	targeting	0.015122654	0.9221114238513336
CTBP2#chr10:125160991-125161009(-)	CTBP2	targeting	-0.19152941	0.0701745762038319
CTBP2#chr10:125160999-125161017(+)	CTBP2	targeting	0.20586091	0.0911893420112182
CTBP2#chr10:125161014-125161032(+)	CTBP2	targeting	-0.34847885	0.0365162590169971
CTCF#chr16:67562457-67562475(-)	CTCF	targeting	0.39751804	0.4502055611860045
CTCF#chr16:67562487-67562505(-)	CTCF	targeting	0.18058494	0.6000752581815625
CTCF#chr16:67562592-67562610(+)	CTCF	targeting	0.08648153	0.47296293494649
CTCF#chr16:67562762-67562780(-)	CTCF	targeting	-0.08171912	0.7160587212864444
CTCF#chr16:67562848-67562866(-)	CTCF	targeting	-0.13772957	0.3102917339698969
CTCF#chr16:67563030-67563048(-)	CTCF	targeting	-0.0204902	0.8688297750901337
CTCFL#chr20:57524858-57524876(-)	CTCFL	targeting		
CTCFL#chr20:57524998-57525016(+)	CTCFL	targeting		
CTCFL#chr20:57525058-57525076(-)	CTCFL	targeting		
CTCFL#chr20:57525087-57525105(-)	CTCFL	targeting		
CTCFL#chr20:57525096-57525114(-)	CTCFL	targeting		
CTCFL#chr20:57525128-57525146(+)	CTCFL	targeting		
CTNNB1#chr3:41199511-41199529(-)	CTNNB1	targeting	-0.003349434	0.9785922419023076
CTNNB1#chr3:41199513-41199531(+)	CTNNB1	targeting	-0.049740225	0.6194859541139832
CTNNB1#chr3:41199530-41199548(+)	CTNNB1	targeting	-0.010995915	0.8931291135561393
CTNNB1#chr3:41199540-41199558(+)	CTNNB1	targeting	-0.22895311	0.1423487470015609
CTNNB1#chr3:41199687-41199705(-)	CTNNB1	targeting	-0.040452957	0.6565165747226049
CTNNB1#chr3:41199692-41199710(-)	CTNNB1	targeting	-0.29509547	0.2660214726575448
CUX1#chr7:101815965-101815983(-)	CUX1	targeting	-0.08889023	0.3443849650280364
CUX1#chr7:101815990-101816008(-)	CUX1	targeting	-0.49143934	5.6956130741449605e-09
CUX1#chr7:101815993-101816011(-)	CUX1	targeting	-0.27694625	8.830172085495634e-05
CUX1#chr7:101816013-101816031(+)	CUX1	targeting	-0.0009556066	0.9873927156239324
CUX1#chr7:101816223-101816241(+)	CUX1	targeting	-0.10494582	0.1639832461612788
CUX1#chr7:101816329-101816347(-)	CUX1	targeting	-0.06491907	0.2902890017627472
CUX2#chr12:111033734-111033752(+)	CUX2	targeting	-0.004030777	0.9749037005666092
CUX2#chr12:111033739-111033757(+)	CUX2	targeting	-0.016553894	0.9271820294396024
CUX2#chr12:111033747-111033765(-)	CUX2	targeting	-0.10404448	0.3378462460060564
CUX2#chr12:111033816-111033834(+)	CUX2	targeting	-0.5694497	0.0021926194094304
CUX2#chr12:111034286-111034304(+)	CUX2	targeting	-0.19690199	0.0124745029240667
CUX2#chr12:111034295-111034313(-)	CUX2	targeting	-0.0751627	0.7856802786065225
CXXC1#chr18:50287456-50287474(-)	CXXC1	targeting	0.060885847	0.8807009597093877
CXXC1#chr18:50287479-50287497(-)	CXXC1	targeting	0.29327536	0.3969817611180671
CXXC1#chr18:50287509-50287527(-)	CXXC1	targeting	-0.20959534	0.6777860085788685
CXXC1#chr18:50287639-50287657(+)	CXXC1	targeting	0.2051628	0.7992146000682638
CXXC1#chr18:50287651-50287669(+)	CXXC1	targeting	-0.26747033	0.7429642072961651
CXXC1#chr18:50287660-50287678(+)	CXXC1	targeting	0.4783245	0.3793062314188236
CXXC4#chr4:104494819-104494837(+)	CXXC4	targeting	-0.96627575	0.0249387418811345
CXXC4#chr4:104494822-104494840(+)	CXXC4	targeting	-2.085183	0.01147106680126
CXXC4#chr4:104494852-104494870(-)	CXXC4	targeting	-1.7661394	0.0012309036480332
CXXC4#chr4:104494857-104494875(-)	CXXC4	targeting	-1.036209	0.170955022243686
CXXC4#chr4:104494877-104494895(-)	CXXC4	targeting	-1.6664602	0.0360531698832514
CXXC4#chr4:104494882-104494900(+)	CXXC4	targeting	-1.5658708	4.524854566293014e-06
CXXC5#chr5:139648375-139648393(+)	CXXC5	targeting	-0.11578473	0.7474260072821963
CXXC5#chr5:139648396-139648414(+)	CXXC5	targeting	-0.5763112	0.0018827691079744
CXXC5#chr5:139648431-139648449(+)	CXXC5	targeting	-0.41146988	0.0202003755370851
CXXC5#chr5:139648846-139648864(-)	CXXC5	targeting	-0.36046544	0.3259176153217801
CXXC5#chr5:139648928-139648946(-)	CXXC5	targeting	-0.28038573	0.180297667635303
CXXC5#chr5:139648951-139648969(+)	CXXC5	targeting	-0.1878457	0.0814305419756128
DACH1#chr13:71866817-71866835(+)	DACH1	targeting		
DACH1#chr13:71866882-71866900(+)	DACH1	targeting		
DACH1#chr13:71866943-71866961(+)	DACH1	targeting		
DACH1#chr13:71866956-71866974(+)	DACH1	targeting		
DACH1#chr13:71866969-71866987(+)	DACH1	targeting		
DACH1#chr13:71867030-71867048(-)	DACH1	targeting		
DACH2#chrX:86148458-86148476(+)	DACH2	targeting		
DACH2#chrX:86148484-86148502(+)	DACH2	targeting		
DACH2#chrX:86148677-86148695(-)	DACH2	targeting		
DACH2#chrX:86148702-86148720(-)	DACH2	targeting		
DACH2#chrX:86148717-86148735(-)	DACH2	targeting		
DACH2#chrX:86148728-86148746(-)	DACH2	targeting		
DAXX#chr6:33320201-33320219(-)	DAXX	targeting	-0.037683986	0.9166861394159967
DAXX#chr6:33320384-33320402(+)	DAXX	targeting	0.053989846	0.8689641026567354
DAXX#chr6:33320387-33320405(+)	DAXX	targeting	-1.1998156	0.0047708745367409
DAXX#chr6:33320394-33320412(-)	DAXX	targeting	-0.208948	0.4894933422375294
DAXX#chr6:33320401-33320419(+)	DAXX	targeting	-0.113502994	0.6338868774233124
DAXX#chr6:33320435-33320453(-)	DAXX	targeting	-0.27772117	0.4369899114888186
DAXX#chr6:33322835-33322853(-)	DAXX	targeting	-0.0089053735	0.97211327218652
DAXX#chr6:33322873-33322891(-)	DAXX	targeting	-0.6719572	0.0053751925225023
DAXX#chr6:33322889-33322907(-)	DAXX	targeting	-1.3710668	0.0002594663072602
DAXX#chr6:33322895-33322913(-)	DAXX	targeting	-1.658325	9.823487840437422e-05
DAXX#chr6:33322910-33322928(-)	DAXX	targeting	-0.5803811	0.3972155661579938
DAXX#chr6:33322945-33322963(+)	DAXX	targeting	-0.20811202	0.5770041363023878
DBP#chr19:48637077-48637095(+)	DBP	targeting		
DBP#chr19:48637258-48637276(+)	DBP	targeting		
DBP#chr19:48637295-48637313(+)	DBP	targeting		
DBP#chr19:48637325-48637343(+)	DBP	targeting		
DBP#chr19:48637329-48637347(+)	DBP	targeting		
DBP#chr19:48637367-48637385(+)	DBP	targeting		
DBX1#chr11:20160243-20160261(+)	DBX1	targeting		
DBX1#chr11:20160402-20160420(-)	DBX1	targeting		
DBX1#chr11:20160441-20160459(-)	DBX1	targeting		
DBX1#chr11:20160453-20160471(-)	DBX1	targeting		
DBX1#chr11:20160458-20160476(+)	DBX1	targeting		
DBX1#chr11:20160474-20160492(-)	DBX1	targeting		
DBX2#chr12:45050884-45050902(+)	DBX2	targeting		
DBX2#chr12:45050940-45050958(-)	DBX2	targeting		
DBX2#chr12:45051027-45051045(-)	DBX2	targeting		
DBX2#chr12:45051055-45051073(+)	DBX2	targeting		
DBX2#chr12:45051063-45051081(+)	DBX2	targeting		
DBX2#chr12:45051072-45051090(-)	DBX2	targeting		
DCP1A#chr3:53347309-53347327(-)	DCP1A	targeting	-0.6197087	0.0141787250254219
DCP1A#chr3:53347372-53347390(+)	DCP1A	targeting	-0.23213999	0.3733690219015966
DCP1A#chr3:53347493-53347511(-)	DCP1A	targeting	-1.3526862	0.0217380961933133
DCP1A#chr3:53347497-53347515(-)	DCP1A	targeting	-0.5716199	0.0947008901518439
DCP1A#chr3:53347514-53347532(-)	DCP1A	targeting	-1.7257878	2.7005450608688163e-06
DCP1A#chr3:53347517-53347535(-)	DCP1A	targeting	-1.5934073	0.0001533741017158
DDB1#chr11:61313506-61313524(+)	DDB1	targeting	-0.14255139	0.4773434989693441
DDB1#chr11:61313585-61313603(+)	DDB1	targeting	0.07195027	0.6521518964024886
DDB1#chr11:61313640-61313658(+)	DDB1	targeting	0.0729378	0.5767372013223206
DDB1#chr11:61313644-61313662(+)	DDB1	targeting	0.17866647	0.6086182384415246
DDB1#chr11:61313676-61313694(-)	DDB1	targeting	-0.16721763	0.3460986382222839
DDB1#chr11:61313905-61313923(+)	DDB1	targeting	-0.14875427	0.2240504279378995
DDB1#chr11:61332691-61332709(+)	DDB1	targeting	-0.053130772	0.6207930195382171
DDB1#chr11:61332786-61332804(-)	DDB1	targeting	-0.09191027	0.5989696877534785
DDB1#chr11:61332795-61332813(-)	DDB1	targeting	0.18470927	0.8361067184171227
DDB1#chr11:61332998-61333016(+)	DDB1	targeting	0.026375072	0.7692343381262171
DDB1#chr11:61333087-61333105(-)	DDB1	targeting	-0.6302176	0.2059891329381354
DDB1#chr11:61333152-61333170(-)	DDB1	targeting	-0.63737494	0.1174110020660625
DDB2#chr11:47215068-47215086(-)	DDB2	targeting	-0.5390089	0.3708973203056817
DDB2#chr11:47215089-47215107(-)	DDB2	targeting	-0.59284085	0.2107454134686033
DDB2#chr11:47215093-47215111(-)	DDB2	targeting	-1.2805791	0.0008740875225249
DDB2#chr11:47215110-47215128(+)	DDB2	targeting	-0.78939253	0.0040518777458995
DDB2#chr11:47215119-47215137(+)	DDB2	targeting	-1.4261334	0.0162394488483021
DDB2#chr11:47215264-47215282(-)	DDB2	targeting	-1.3773404	0.0010780855917368
DDIT3#chr12:57520012-57520030(+)	DDIT3	targeting		
DDIT3#chr12:57520109-57520127(+)	DDIT3	targeting		
DDIT3#chr12:57520300-57520318(-)	DDIT3	targeting		
DDIT3#chr12:57520306-57520324(-)	DDIT3	targeting		
DDIT3#chr12:57520313-57520331(+)	DDIT3	targeting		
DDIT3#chr12:57520427-57520445(-)	DDIT3	targeting		
DEAF1#chr11:695016-695034(-)	DEAF1	targeting	-0.9261811	0.0038692188690978
DEAF1#chr11:695038-695056(-)	DEAF1	targeting	0.22715507	0.6059745001003276
DEAF1#chr11:695044-695062(-)	DEAF1	targeting	-0.26890007	0.3760142039137408
DEAF1#chr11:695047-695065(-)	DEAF1	targeting	-1.200495	0.0150414177746883
DEAF1#chr11:695058-695076(-)	DEAF1	targeting	-0.13737148	0.7020569779469905
DEAF1#chr11:695232-695250(+)	DEAF1	targeting	-1.1422198	2.9164922490272783e-08
DEK#chr6:18264115-18264133(-)	DEK	targeting	-1.0036179	0.0001052312561422
DEK#chr6:18264331-18264349(-)	DEK	targeting	-0.053931825	0.5408917985067152
DEK#chr6:18264417-18264435(+)	DEK	targeting	0.14066902	0.1833309702099626
DEK#chr6:18264460-18264478(-)	DEK	targeting	-0.4901784	0.0735236490906714
DEK#chr6:18264466-18264484(+)	DEK	targeting	-0.24430934	0.1574806129601417
DEK#chr6:18264480-18264498(-)	DEK	targeting	-0.052380525	0.6587155496386918
DENND4A#chr15:65791857-65791875(-)	DENND4A	targeting	0.8022062	0.2409881372308736
DENND4A#chr15:65792035-65792053(+)	DENND4A	targeting	0.35676256	0.4044656828906041
DENND4A#chr15:65792063-65792081(+)	DENND4A	targeting	0.35432088	0.1185906320585167
DENND4A#chr15:65792074-65792092(+)	DENND4A	targeting	-0.0016020556	0.996720539345758
DENND4A#chr15:65792238-65792256(-)	DENND4A	targeting	-1.6764542	0.0004192534052992
DENND4A#chr15:65792250-65792268(-)	DENND4A	targeting	-1.6140025	0.0082284781399034
DHX9#chr1:182839339-182839357(-)	DHX9	targeting	0.1479589	0.058160029185624
DHX9#chr1:182839351-182839369(-)	DHX9	targeting	-0.06360198	0.3762985168451884
DHX9#chr1:182839368-182839386(-)	DHX9	targeting	-0.08285459	0.605848516710991
DHX9#chr1:182839744-182839762(+)	DHX9	targeting	-0.3580525	0.0255982590497235
DHX9#chr1:182839757-182839775(+)	DHX9	targeting	-0.039636105	0.4881775475034056
DHX9#chr1:182839803-182839821(-)	DHX9	targeting	-0.074414685	0.6785837567393501
DLX1#chr2:172084789-172084807(+)	DLX1	targeting		
DLX1#chr2:172084794-172084812(+)	DLX1	targeting		
DLX1#chr2:172084831-172084849(+)	DLX1	targeting		
DLX1#chr2:172084998-172085016(-)	DLX1	targeting		
DLX1#chr2:172085080-172085098(+)	DLX1	targeting		
DLX1#chr2:172085188-172085206(-)	DLX1	targeting		
DLX2#chr2:172102174-172102192(+)	DLX2	targeting		
DLX2#chr2:172102474-172102492(+)	DLX2	targeting		
DLX2#chr2:172102600-172102618(-)	DLX2	targeting		
DLX2#chr2:172102690-172102708(-)	DLX2	targeting		
DLX2#chr2:172102735-172102753(-)	DLX2	targeting		
DLX2#chr2:172102865-172102883(+)	DLX2	targeting		
DLX3#chr17:49994942-49994960(+)	DLX3	targeting		
DLX3#chr17:49994994-49995012(-)	DLX3	targeting		
DLX3#chr17:49995018-49995036(-)	DLX3	targeting		
DLX3#chr17:49995051-49995069(+)	DLX3	targeting		
DLX3#chr17:49995173-49995191(-)	DLX3	targeting		
DLX3#chr17:49995194-49995212(-)	DLX3	targeting		
DLX4#chr17:49968574-49968592(+)	DLX4	targeting		
DLX4#chr17:49968577-49968595(+)	DLX4	targeting		
DLX4#chr17:49968580-49968598(+)	DLX4	targeting		
DLX4#chr17:49968602-49968620(+)	DLX4	targeting		
DLX4#chr17:49968807-49968825(-)	DLX4	targeting		
DLX4#chr17:49969196-49969214(+)	DLX4	targeting		
DLX5#chr7:97024545-97024563(+)	DLX5	targeting		
DLX5#chr7:97024679-97024697(-)	DLX5	targeting		
DLX5#chr7:97024711-97024729(+)	DLX5	targeting		
DLX5#chr7:97024797-97024815(+)	DLX5	targeting		
DLX5#chr7:97024818-97024836(-)	DLX5	targeting		
DLX5#chr7:97024822-97024840(-)	DLX5	targeting		
DLX6#chr7:97005732-97005750(-)	DLX6	targeting		
DLX6#chr7:97005871-97005889(+)	DLX6	targeting		
DLX6#chr7:97005904-97005922(+)	DLX6	targeting		
DLX6#chr7:97006187-97006205(-)	DLX6	targeting		
DLX6#chr7:97006324-97006342(-)	DLX6	targeting		
DLX6#chr7:97006328-97006346(-)	DLX6	targeting		
DMAP1#chr1:44213473-44213491(+)	DMAP1	targeting	-0.19678253	0.8178128971887588
DMAP1#chr1:44213512-44213530(+)	DMAP1	targeting	-0.11087251	0.8968128775954441
DMAP1#chr1:44213521-44213539(-)	DMAP1	targeting	-0.23733172	0.7601927604932478
DMAP1#chr1:44213562-44213580(+)	DMAP1	targeting	0.07358372	0.8878615917844915
DMAP1#chr1:44213719-44213737(-)	DMAP1	targeting	-1.6708932	0.0321086641595653
DMAP1#chr1:44213847-44213865(+)	DMAP1	targeting	0.20922431	0.6551351950783728
DMBX1#chr1:46506659-46506677(+)	DMBX1	targeting		
DMBX1#chr1:46506826-46506844(+)	DMBX1	targeting		
DMBX1#chr1:46506837-46506855(+)	DMBX1	targeting		
DMBX1#chr1:46506873-46506891(-)	DMBX1	targeting		
DMBX1#chr1:46506980-46506998(-)	DMBX1	targeting		
DMBX1#chr1:46507156-46507174(+)	DMBX1	targeting		
DMRT1#chr9:841745-841763(-)	DMRT1	targeting		
DMRT1#chr9:841748-841766(-)	DMRT1	targeting		
DMRT1#chr9:841751-841769(-)	DMRT1	targeting		
DMRT1#chr9:841766-841784(-)	DMRT1	targeting		
DMRT1#chr9:841779-841797(-)	DMRT1	targeting		
DMRT1#chr9:841938-841956(+)	DMRT1	targeting		
DMRT2#chr9:1050312-1050330(+)	DMRT2	targeting		
DMRT2#chr9:1050392-1050410(-)	DMRT2	targeting		
DMRT2#chr9:1050395-1050413(-)	DMRT2	targeting		
DMRT2#chr9:1050404-1050422(-)	DMRT2	targeting		
DMRT2#chr9:1050431-1050449(-)	DMRT2	targeting		
DMRT2#chr9:1050606-1050624(-)	DMRT2	targeting		
DMRT3#chr9:976710-976728(+)	DMRT3	targeting		
DMRT3#chr9:976720-976738(-)	DMRT3	targeting		
DMRT3#chr9:976723-976741(-)	DMRT3	targeting		
DMRT3#chr9:976740-976758(-)	DMRT3	targeting		
DMRT3#chr9:976858-976876(+)	DMRT3	targeting		
DMRT3#chr9:976873-976891(+)	DMRT3	targeting		
DMRTA1#chr9:22447064-22447082(+)	DMRTA1	targeting		
DMRTA1#chr9:22447448-22447466(-)	DMRTA1	targeting		
DMRTA1#chr9:22447453-22447471(+)	DMRTA1	targeting		
DMRTA1#chr9:22447507-22447525(+)	DMRTA1	targeting		
DMRTA1#chr9:22447518-22447536(+)	DMRTA1	targeting		
DMRTA1#chr9:22447545-22447563(-)	DMRTA1	targeting		
DMRTA2#chr1:50423378-50423396(-)	DMRTA2	targeting		
DMRTA2#chr1:50423404-50423422(+)	DMRTA2	targeting		
DMRTA2#chr1:50423416-50423434(-)	DMRTA2	targeting		
DMRTA2#chr1:50423434-50423452(-)	DMRTA2	targeting		
DMRTA2#chr1:50423450-50423468(-)	DMRTA2	targeting		
DMRTA2#chr1:50423457-50423475(-)	DMRTA2	targeting		
DMRTB1#chr1:53459882-53459900(-)	DMRTB1	targeting		
DMRTB1#chr1:53459905-53459923(-)	DMRTB1	targeting		
DMRTB1#chr1:53459908-53459926(-)	DMRTB1	targeting		
DMRTB1#chr1:53459919-53459937(-)	DMRTB1	targeting		
DMRTB1#chr1:53459934-53459952(-)	DMRTB1	targeting		
DMRTB1#chr1:53460075-53460093(+)	DMRTB1	targeting		
DMRTC2#chr19:41845109-41845127(-)	DMRTC2	targeting		
DMRTC2#chr19:41845155-41845173(-)	DMRTC2	targeting		
DMRTC2#chr19:41845235-41845253(-)	DMRTC2	targeting		
DMRTC2#chr19:41845245-41845263(-)	DMRTC2	targeting		
DMRTC2#chr19:41845276-41845294(-)	DMRTC2	targeting		
DMRTC2#chr19:41845439-41845457(+)	DMRTC2	targeting		
DMTF1#chr7:87152460-87152478(+)	DMTF1	targeting	-1.3167052	8.558893339984617e-08
DMTF1#chr7:87152469-87152487(-)	DMTF1	targeting	-0.7900251	6.0432010698749485e-09
DMTF1#chr7:87152522-87152540(-)	DMTF1	targeting	0.16025636	0.4615427807049096
DMTF1#chr7:87152639-87152657(-)	DMTF1	targeting	-0.047724005	0.544751534762152
DMTF1#chr7:87152817-87152835(+)	DMTF1	targeting	0.006310618	0.9582496480147968
DMTF1#chr7:87152871-87152889(+)	DMTF1	targeting	-0.01180626	0.9626617862889292
DNAJC1#chr10:22003461-22003479(-)	DNAJC1	targeting	-1.4457594	2.20571005355604e-05
DNAJC1#chr10:22003601-22003619(+)	DNAJC1	targeting	-1.5774665	8.910348763807403e-11
DNAJC1#chr10:22003604-22003622(+)	DNAJC1	targeting	-0.061347548	0.742215837832097
DNAJC1#chr10:22003679-22003697(-)	DNAJC1	targeting	-1.7080326	5.808854341981993e-09
DNAJC1#chr10:22003682-22003700(+)	DNAJC1	targeting	-2.4218512	8.393870159751532e-29
DNAJC1#chr10:22003692-22003710(+)	DNAJC1	targeting	-0.42469817	0.309900804732411
DNAJC2#chr7:103344313-103344331(+)	DNAJC2	targeting	-1.8785712	8.040997492549043e-09
DNAJC2#chr7:103344452-103344470(+)	DNAJC2	targeting	-0.67470145	0.1175782516535389
DNAJC2#chr7:103344526-103344544(+)	DNAJC2	targeting	-1.788111	6.423921438558097e-07
DNAJC2#chr7:103344725-103344743(-)	DNAJC2	targeting	-2.3728948	0.0020443470143411
DNAJC2#chr7:103344728-103344746(+)	DNAJC2	targeting	-0.66038406	0.2607105980339133
DNAJC2#chr7:103344779-103344797(+)	DNAJC2	targeting	-0.9625286	0.0201581358600555
DNAJC21#chr5:34929559-34929577(-)	DNAJC21	targeting	-0.44803283	0.0516032420649573
DNAJC21#chr5:34929609-34929627(-)	DNAJC21	targeting	-2.177736	0.0110697811103701
DNAJC21#chr5:34929631-34929649(-)	DNAJC21	targeting	-0.9271542	0.0074208813551617
DNAJC21#chr5:34929641-34929659(-)	DNAJC21	targeting	-1.0225006	1.4185063677580837e-06
DNAJC21#chr5:34929915-34929933(-)	DNAJC21	targeting	-1.0090368	0.0289955182945751
DNAJC21#chr5:34930029-34930047(-)	DNAJC21	targeting	-0.0018153496	0.9947454583079736
DNMT1#chr19:10194838-10194856(+)	DNMT1	targeting	-1.4648758	3.2797433092889067e-19
DNMT1#chr19:10194848-10194866(+)	DNMT1	targeting	0.017624011	0.849290802014382
DNMT1#chr19:10194883-10194901(+)	DNMT1	targeting	-1.149047	4.60301390001212e-06
DNMT1#chr19:10194886-10194904(+)	DNMT1	targeting	-1.0485677	0.1905970687167091
DNMT1#chr19:10194901-10194919(+)	DNMT1	targeting	-0.084145464	0.5387312360144354
DNMT1#chr19:10194904-10194922(+)	DNMT1	targeting	-0.64105004	0.0941231741649809
DNTTIP1#chr20:45791972-45791990(+)	DNTTIP1	targeting	-2.3804262	0.0015218444404895
DNTTIP1#chr20:45791997-45792015(+)	DNTTIP1	targeting	-1.0473679	0.1286401544597514
DNTTIP1#chr20:45792006-45792024(-)	DNTTIP1	targeting	-0.633784	0.1859469734279062
DNTTIP1#chr20:45792035-45792053(-)	DNTTIP1	targeting	-0.38822103	0.2362638299438709
DNTTIP1#chr20:45792039-45792057(+)	DNTTIP1	targeting	-1.9561706	5.729601278977851e-07
DNTTIP1#chr20:45792448-45792466(-)	DNTTIP1	targeting	-0.6426889	5.116315091348445e-07
DOT1L#chr19:2163942-2163960(+)	DOT1L	targeting	0.044176172	0.8130764006520376
DOT1L#chr19:2163945-2163963(+)	DOT1L	targeting	-0.4037079	0.3040137044184649
DOT1L#chr19:2164168-2164186(+)	DOT1L	targeting	-0.06935294	0.8213253197040912
DOT1L#chr19:2164317-2164335(-)	DOT1L	targeting	-0.8734108	0.0515823410540441
DOT1L#chr19:2164382-2164400(-)	DOT1L	targeting	-0.0058890358	0.988696157203685
DOT1L#chr19:2164408-2164426(-)	DOT1L	targeting	0.24905393	0.125596561664256
DPF1#chr19:38224100-38224118(+)	DPF1	targeting		
DPF1#chr19:38224107-38224125(+)	DPF1	targeting		
DPF1#chr19:38224117-38224135(+)	DPF1	targeting		
DPF1#chr19:38224126-38224144(-)	DPF1	targeting		
DPF1#chr19:38224142-38224160(-)	DPF1	targeting		
DPF1#chr19:38224181-38224199(-)	DPF1	targeting		
DPF1#chr19:38229237-38229255(+)	DPF1	targeting		
DPF1#chr19:38229277-38229295(-)	DPF1	targeting		
DPF1#chr19:38229559-38229577(+)	DPF1	targeting		
DPF1#chr19:38229565-38229583(+)	DPF1	targeting		
DPF1#chr19:38229677-38229695(-)	DPF1	targeting		
DPF1#chr19:38229686-38229704(+)	DPF1	targeting		
DPF2#chr11:65333834-65333852(+)	DPF2	targeting	-1.1964122	0.0009570366953172
DPF2#chr11:65333855-65333873(+)	DPF2	targeting	-1.4855311	8.309864266427349e-05
DPF2#chr11:65334029-65334047(+)	DPF2	targeting	-0.3624889	0.1533654190027774
DPF2#chr11:65334094-65334112(+)	DPF2	targeting	-1.5173007	4.55580661994589e-06
DPF2#chr11:65334228-65334246(-)	DPF2	targeting	-0.6677904	0.0235959631939569
DPF2#chr11:65334271-65334289(+)	DPF2	targeting	-1.49599	0.0044667058978046
DPF2#chr11:65341437-65341455(+)	DPF2	targeting	-0.12700474	0.5864211988289295
DPF2#chr11:65341526-65341544(-)	DPF2	targeting	-0.7485966	0.1353579397851426
DPF2#chr11:65341539-65341557(-)	DPF2	targeting	0.04820117	0.8398874188416638
DPF2#chr11:65341611-65341629(-)	DPF2	targeting	0.062000863	0.67716810158936
DPF2#chr11:65341677-65341695(-)	DPF2	targeting	-0.27586272	0.1325716477118051
DPF2#chr11:65341704-65341722(-)	DPF2	targeting	0.18112174	0.437907576803684
DPF3#chr14:72893624-72893642(+)	DPF3	targeting		
DPF3#chr14:72893755-72893773(-)	DPF3	targeting		
DPF3#chr14:72893873-72893891(-)	DPF3	targeting		
DPF3#chr14:72893926-72893944(+)	DPF3	targeting		
DPF3#chr14:72894046-72894064(+)	DPF3	targeting		
DPF3#chr14:72894088-72894106(-)	DPF3	targeting		
DPRX#chr19:53632066-53632084(+)	DPRX	targeting		
DPRX#chr19:53632072-53632090(-)	DPRX	targeting		
DPRX#chr19:53632079-53632097(-)	DPRX	targeting		
DPRX#chr19:53632228-53632246(+)	DPRX	targeting		
DPRX#chr19:53632231-53632249(+)	DPRX	targeting		
DPRX#chr19:53632244-53632262(-)	DPRX	targeting		
DR1#chr1:93345941-93345959(-)	DR1	targeting	-1.2445196	0.0080506110273268
DR1#chr1:93345972-93345990(-)	DR1	targeting	-0.8411685	2.1991586152624608e-11
DR1#chr1:93345987-93346005(-)	DR1	targeting	-1.093339	1.0355546327336165e-12
DR1#chr1:93346146-93346164(+)	DR1	targeting	-1.1272093	0.0039989677827323
DR1#chr1:93346284-93346302(-)	DR1	targeting	-0.5151154	0.0735244528790941
DR1#chr1:93346298-93346316(-)	DR1	targeting	0.05037736	0.8598440786210526
DRAP1#chr11:65919262-65919280(+)	DRAP1	targeting	0.20432997	0.1883435880290322
DRAP1#chr11:65919295-65919313(+)	DRAP1	targeting	0.040230367	0.7200263243668823
DRAP1#chr11:65919403-65919421(+)	DRAP1	targeting	0.10646994	0.7012325065278211
DRAP1#chr11:65919407-65919425(+)	DRAP1	targeting	0.25528932	0.2592257801766242
DRAP1#chr11:65919464-65919482(+)	DRAP1	targeting	-0.58982223	0.0003795594525817
DRAP1#chr11:65919473-65919491(+)	DRAP1	targeting	-0.5723039	0.000742204383933
DRGX#chr10:49395565-49395583(+)	DRGX	targeting		
DRGX#chr10:49395671-49395689(+)	DRGX	targeting		
DRGX#chr10:49395918-49395936(+)	DRGX	targeting		
DRGX#chr10:49395976-49395994(-)	DRGX	targeting		
DRGX#chr10:49396035-49396053(+)	DRGX	targeting		
DRGX#chr10:49396066-49396084(-)	DRGX	targeting		
DUXA#chr19:57167103-57167121(-)	DUXA	targeting		
DUXA#chr19:57167337-57167355(+)	DUXA	targeting		
DUXA#chr19:57167354-57167372(-)	DUXA	targeting		
DUXA#chr19:57167387-57167405(-)	DUXA	targeting		
DUXA#chr19:57167390-57167408(+)	DUXA	targeting		
DUXA#chr19:57167409-57167427(+)	DUXA	targeting		
DZIP1#chr13:95643045-95643063(-)	DZIP1	targeting	-1.522409	0.0214714250915816
DZIP1#chr13:95644488-95644506(+)	DZIP1	targeting	-2.1086686	6.069289530538606e-18
DZIP1#chr13:95644660-95644678(-)	DZIP1	targeting	-2.1216455	7.559381243712961e-07
DZIP1#chr13:95644665-95644683(-)	DZIP1	targeting	-1.3587953	0.0065456177612794
DZIP1#chr13:95644682-95644700(-)	DZIP1	targeting	-2.0935318	2.1277413899189456e-17
DZIP1#chr13:95644695-95644713(+)	DZIP1	targeting	-1.4127493	0.0028582635911484
E2F1#chr20:33685928-33685946(+)	E2F1	targeting	-0.07678269	0.8887390268435619
E2F1#chr20:33685992-33686010(-)	E2F1	targeting	-0.36012426	0.4522760266745492
E2F1#chr20:33686282-33686300(+)	E2F1	targeting	-0.8035812	0.2929165308826287
E2F1#chr20:33686320-33686338(+)	E2F1	targeting	-0.09688237	0.8597475453275224
E2F1#chr20:33686333-33686351(-)	E2F1	targeting	0.47751704	0.1871764101756808
E2F1#chr20:33686366-33686384(+)	E2F1	targeting	-0.3564341	0.299068526542156
E2F2#chr1:23531127-23531145(+)	E2F2	targeting	-0.3009326	0.5800222822128804
E2F2#chr1:23531150-23531168(+)	E2F2	targeting	-1.5642505	0.0423933460312072
E2F2#chr1:23531153-23531171(+)	E2F2	targeting	-1.8139547	0.0175986930151023
E2F2#chr1:23531183-23531201(+)	E2F2	targeting	-0.17164719	0.6602079400548699
E2F2#chr1:23531193-23531211(-)	E2F2	targeting	-2.0924861	0.0016700596848494
E2F2#chr1:23531200-23531218(-)	E2F2	targeting	-1.3621945	0.0880489329560796
E2F3#chr6:20401910-20401928(-)	E2F3	targeting	0.14425994	0.0270766822277465
E2F3#chr6:20401917-20401935(+)	E2F3	targeting	-0.16512442	0.4636804262456471
E2F3#chr6:20401951-20401969(-)	E2F3	targeting	-0.09117144	0.6154092068683241
E2F3#chr6:20401954-20401972(-)	E2F3	targeting	-0.10598535	0.6536660073065912
E2F3#chr6:20401963-20401981(-)	E2F3	targeting	-0.13780151	0.1429580005252979
E2F3#chr6:20401978-20401996(-)	E2F3	targeting	0.10325681	0.409512617027447
E2F3#chr6:20403635-20403653(+)	E2F3	targeting	-0.07662643	0.7078063364196158
E2F3#chr6:20403644-20403662(-)	E2F3	targeting	0.14999494	0.5508813127028285
E2F3#chr6:20403740-20403758(-)	E2F3	targeting	-0.540603	0.0103133245316973
E2F3#chr6:20403743-20403761(-)	E2F3	targeting	-0.5378066	0.0107043647282703
E2F3#chr6:20403791-20403809(-)	E2F3	targeting	-0.16193685	0.2613513754995677
E2F3#chr6:20403836-20403854(+)	E2F3	targeting	-0.16739835	0.0894940231240812
E2F4#chr16:67192147-67192165(+)	E2F4	targeting	0.017771937	0.9225241523538806
E2F4#chr16:67192257-67192275(+)	E2F4	targeting	0.051542114	0.8077364082827779
E2F4#chr16:67192370-67192388(+)	E2F4	targeting	0.23596211	0.7632934583500525
E2F4#chr16:67192414-67192432(+)	E2F4	targeting	-0.041447096	0.94713830215523
E2F4#chr16:67192612-67192630(-)	E2F4	targeting	-0.05079172	0.885425472664678
E2F4#chr16:67192644-67192662(+)	E2F4	targeting	-0.08206792	0.7090164966244248
E2F5#chr8:85177154-85177172(-)	E2F5	targeting	-1.4946789	2.899608944856936e-13
E2F5#chr8:85177170-85177188(+)	E2F5	targeting	0.029959163	0.9297270600609644
E2F5#chr8:85177178-85177196(-)	E2F5	targeting	-0.48436493	0.2699326831498247
E2F5#chr8:85177182-85177200(-)	E2F5	targeting	-0.35106412	0.1014637442154191
E2F5#chr8:85177191-85177209(+)	E2F5	targeting	-0.32685295	0.5329818450560263
E2F5#chr8:85177195-85177213(-)	E2F5	targeting	-0.8606122	0.0001441351709675
E2F6#chr2:11465667-11465685(+)	E2F6	targeting	-0.65700346	0.1073825725013789
E2F6#chr2:11465759-11465777(-)	E2F6	targeting	-0.6166751	0.0200950710723557
E2F6#chr2:11465819-11465837(-)	E2F6	targeting	-0.14091238	0.5407532210072745
E2F6#chr2:11466080-11466098(+)	E2F6	targeting	-1.9839661	4.141020607856519e-17
E2F6#chr2:11466083-11466101(+)	E2F6	targeting	-1.5910194	0.0027243735795748
E2F6#chr2:11466166-11466184(-)	E2F6	targeting	-0.4847309	0.0428795515057163
E2F7#chr12:77065471-77065489(+)	E2F7	targeting	-1.8112009	0.001705868866356
E2F7#chr12:77065518-77065536(+)	E2F7	targeting	-0.94335157	0.0655167830889617
E2F7#chr12:77065527-77065545(-)	E2F7	targeting	0.46486703	0.2943859235792842
E2F7#chr12:77065543-77065561(-)	E2F7	targeting	-2.1353245	0.0016997705703131
E2F7#chr12:77065555-77065573(-)	E2F7	targeting	-1.9441873	0.0369817376752091
E2F7#chr12:77065559-77065577(-)	E2F7	targeting	-3.2076511	1.6653545061621375e-05
E2F8#chr11:19241177-19241195(-)	E2F8	targeting		
E2F8#chr11:19241205-19241223(+)	E2F8	targeting		
E2F8#chr11:19241369-19241387(-)	E2F8	targeting		
E2F8#chr11:19241390-19241408(-)	E2F8	targeting		
E2F8#chr11:19241404-19241422(+)	E2F8	targeting		
E2F8#chr11:19241549-19241567(-)	E2F8	targeting		
E4F1#chr16:2223600-2223618(+)	E4F1	targeting	0.28139308	0.7247917279124085
E4F1#chr16:2223608-2223626(+)	E4F1	targeting	0.48896027	0.2763776328359975
E4F1#chr16:2223623-2223641(+)	E4F1	targeting	-0.3333513	0.6974710014982798
E4F1#chr16:2223635-2223653(+)	E4F1	targeting	-0.09320281	0.899246171662761
E4F1#chr16:2223648-2223666(-)	E4F1	targeting	-0.0697573	0.8001850851052164
E4F1#chr16:2223944-2223962(-)	E4F1	targeting	-0.12960845	0.6836408384175634
EBF1#chr5:159099155-159099173(+)	EBF1	targeting		
EBF1#chr5:159099343-159099361(-)	EBF1	targeting		
EBF1#chr5:159099837-159099855(+)	EBF1	targeting		
EBF1#chr5:159099840-159099858(+)	EBF1	targeting		
EBF1#chr5:159099872-159099890(+)	EBF1	targeting		
EBF1#chr5:159099899-159099917(-)	EBF1	targeting		
EBF2#chr8:26045114-26045132(-)	EBF2	targeting		
EBF2#chr8:26045318-26045336(+)	EBF2	targeting		
EBF2#chr8:26045342-26045360(+)	EBF2	targeting		
EBF2#chr8:26045379-26045397(+)	EBF2	targeting		
EBF2#chr8:26045388-26045406(+)	EBF2	targeting		
EBF2#chr8:26045392-26045410(-)	EBF2	targeting		
EBF3#chr10:129963920-129963938(+)	EBF3	targeting		
EBF3#chr10:129964158-129964176(+)	EBF3	targeting		
EBF3#chr10:129964170-129964188(+)	EBF3	targeting		
EBF3#chr10:129964213-129964231(+)	EBF3	targeting		
EBF3#chr10:129964259-129964277(-)	EBF3	targeting		
EBF3#chr10:129964267-129964285(-)	EBF3	targeting		
EBF4#chr20:2692766-2692784(+)	EBF4	targeting		
EBF4#chr20:2692779-2692797(-)	EBF4	targeting		
EBF4#chr20:2692782-2692800(+)	EBF4	targeting		
EBF4#chr20:2692945-2692963(+)	EBF4	targeting		
EBF4#chr20:2692956-2692974(+)	EBF4	targeting		
EBF4#chr20:2693141-2693159(-)	EBF4	targeting		
EEA1#chr12:92929090-92929108(-)	EEA1	targeting	-2.0798633	1.7162841062260471e-37
EEA1#chr12:92929093-92929111(-)	EEA1	targeting	-1.6042167	6.94345366403368e-21
EEA1#chr12:92929213-92929231(+)	EEA1	targeting	-1.3954304	0.0006015954343012
EEA1#chr12:92929220-92929238(-)	EEA1	targeting	-1.0191363	4.4552968307724607e-10
EEA1#chr12:92929224-92929242(+)	EEA1	targeting	-2.1746514	5.341304657013696e-13
EEA1#chr12:92929256-92929274(+)	EEA1	targeting	-1.8822299	5.215732893880096e-05
EGR1#chr5:138465451-138465469(+)	EGR1	targeting		
EGR1#chr5:138465484-138465502(+)	EGR1	targeting		
EGR1#chr5:138465518-138465536(-)	EGR1	targeting		
EGR1#chr5:138465843-138465861(-)	EGR1	targeting		
EGR1#chr5:138465901-138465919(-)	EGR1	targeting		
EGR1#chr5:138465925-138465943(-)	EGR1	targeting		
EGR1#chr5:138468856-138468874(-)	EGR1	targeting		
EGR1#chr5:138468859-138468877(+)	EGR1	targeting		
EGR1#chr5:138468872-138468890(-)	EGR1	targeting		
EGR1#chr5:138468910-138468928(+)	EGR1	targeting		
EGR1#chr5:138468923-138468941(-)	EGR1	targeting		
EGR1#chr5:138468931-138468949(+)	EGR1	targeting		
EGR2#chr10:62815914-62815932(+)	EGR2	targeting		
EGR2#chr10:62815931-62815949(+)	EGR2	targeting		
EGR2#chr10:62815948-62815966(-)	EGR2	targeting		
EGR2#chr10:62816056-62816074(-)	EGR2	targeting		
EGR2#chr10:62816261-62816279(-)	EGR2	targeting		
EGR2#chr10:62816288-62816306(-)	EGR2	targeting		
EGR3#chr8:22692940-22692958(-)	EGR3	targeting		
EGR3#chr8:22692993-22693011(-)	EGR3	targeting		
EGR3#chr8:22693013-22693031(+)	EGR3	targeting		
EGR3#chr8:22693023-22693041(+)	EGR3	targeting		
EGR3#chr8:22693441-22693459(-)	EGR3	targeting		
EGR3#chr8:22693446-22693464(-)	EGR3	targeting		
EGR4#chr2:73293148-73293166(-)	EGR4	targeting		
EGR4#chr2:73293165-73293183(-)	EGR4	targeting		
EGR4#chr2:73293247-73293265(+)	EGR4	targeting		
EGR4#chr2:73293303-73293321(+)	EGR4	targeting		
EGR4#chr2:73293453-73293471(+)	EGR4	targeting		
EGR4#chr2:73293528-73293546(-)	EGR4	targeting		
EHF#chr11:34621107-34621125(+)	EHF	targeting		
EHF#chr11:34621125-34621143(-)	EHF	targeting		
EHF#chr11:34621134-34621152(-)	EHF	targeting		
EHF#chr11:34621140-34621158(-)	EHF	targeting		
EHF#chr11:34621173-34621191(-)	EHF	targeting		
EHF#chr11:34621489-34621507(-)	EHF	targeting		
ELF1#chr13:41018921-41018939(-)	ELF1	targeting	-0.4991483	0.0026572754975306
ELF1#chr13:41019068-41019086(-)	ELF1	targeting	0.18618777	0.3762583598102436
ELF1#chr13:41019167-41019185(-)	ELF1	targeting	-0.27715465	0.280584806250698
ELF1#chr13:41019230-41019248(-)	ELF1	targeting	-0.1871722	0.2564204201373374
ELF1#chr13:41019282-41019300(-)	ELF1	targeting	0.47699398	0.0266310568592636
ELF1#chr13:41019299-41019317(+)	ELF1	targeting	-0.63395625	7.524610614076852e-07
ELF2#chr4:139177160-139177178(+)	ELF2	targeting	0.12091262	0.4768615889799439
ELF2#chr4:139177166-139177184(+)	ELF2	targeting	-0.49689656	0.0172593177560379
ELF2#chr4:139177169-139177187(+)	ELF2	targeting	-0.36473888	0.009362157243113
ELF2#chr4:139177176-139177194(-)	ELF2	targeting	0.021917313	0.793439406012198
ELF2#chr4:139177179-139177197(-)	ELF2	targeting	0.0911246	0.3853272613817584
ELF2#chr4:139177184-139177202(+)	ELF2	targeting	-0.16316019	0.4159270110684182
ELF3#chr1:202010633-202010651(-)	ELF3	targeting		
ELF3#chr1:202010686-202010704(-)	ELF3	targeting		
ELF3#chr1:202010699-202010717(-)	ELF3	targeting		
ELF3#chr1:202010702-202010720(-)	ELF3	targeting		
ELF3#chr1:202010707-202010725(-)	ELF3	targeting		
ELF3#chr1:202010804-202010822(+)	ELF3	targeting		
ELF4#chrX:130110164-130110182(+)	ELF4	targeting		
ELF4#chrX:130110167-130110185(+)	ELF4	targeting		
ELF4#chrX:130110478-130110496(+)	ELF4	targeting		
ELF4#chrX:130110502-130110520(+)	ELF4	targeting		
ELF4#chrX:130110794-130110812(+)	ELF4	targeting		
ELF4#chrX:130110798-130110816(+)	ELF4	targeting		
ELF5#chr11:34513668-34513686(+)	ELF5	targeting		
ELF5#chr11:34513671-34513689(+)	ELF5	targeting		
ELF5#chr11:34513686-34513704(+)	ELF5	targeting		
ELF5#chr11:34513689-34513707(+)	ELF5	targeting		
ELF5#chr11:34513698-34513716(+)	ELF5	targeting		
ELF5#chr11:34513708-34513726(+)	ELF5	targeting		
ELK1#chrX:47650499-47650517(+)	ELK1	targeting	-0.5217103	0.2597966304463828
ELK1#chrX:47650502-47650520(+)	ELK1	targeting	-0.44797128	0.3509173411264382
ELK1#chrX:47650562-47650580(-)	ELK1	targeting	-0.7000105	0.0283777564615216
ELK1#chrX:47650574-47650592(-)	ELK1	targeting	-0.97784966	0.2400315931514816
ELK1#chrX:47650584-47650602(-)	ELK1	targeting	-0.5792702	0.4819521952699974
ELK1#chrX:47650587-47650605(+)	ELK1	targeting	-0.016701039	0.9590302635371788
ELK3#chr12:96194449-96194467(+)	ELK3	targeting	0.2461917	0.2779147709978303
ELK3#chr12:96194464-96194482(-)	ELK3	targeting	0.039212357	0.9173175178046028
ELK3#chr12:96194497-96194515(-)	ELK3	targeting	-0.8329069	0.0914355656816111
ELK3#chr12:96194629-96194647(+)	ELK3	targeting	-0.75171965	0.0272079696339306
ELK3#chr12:96194697-96194715(+)	ELK3	targeting	-1.0053161	0.0269762760846416
ELK3#chr12:96194893-96194911(-)	ELK3	targeting	-0.12088222	0.6491943730500436
ELK4#chr1:205631589-205631607(+)	ELK4	targeting	-0.71833664	0.0793846534573864
ELK4#chr1:205631753-205631771(+)	ELK4	targeting	-0.11031264	0.5386463106359507
ELK4#chr1:205631913-205631931(+)	ELK4	targeting	-0.22511637	0.3598966469223124
ELK4#chr1:205631965-205631983(-)	ELK4	targeting	-1.5541248	0.0009967932297419
ELK4#chr1:205631968-205631986(-)	ELK4	targeting	-1.0109575	0.003849137223741
ELK4#chr1:205631979-205631997(-)	ELK4	targeting	-0.74657124	0.2321777070827478
ELMSAN1#chr14:73760063-73760081(-)	ELMSAN1	targeting	-0.24662125	0.5377918884753299
ELMSAN1#chr14:73760154-73760172(+)	ELMSAN1	targeting	-0.3061509	0.0808216758664633
ELMSAN1#chr14:73760157-73760175(+)	ELMSAN1	targeting	-0.1970938	0.4762501622019801
ELMSAN1#chr14:73760170-73760188(+)	ELMSAN1	targeting	-0.73855823	0.1155130598403717
ELMSAN1#chr14:73760204-73760222(+)	ELMSAN1	targeting	-0.044020288	0.8829420853456232
ELMSAN1#chr14:73760267-73760285(-)	ELMSAN1	targeting	0.21360058	0.5719431911512045
ELMSAN1#chr14:73786788-73786806(+)	ELMSAN1	targeting	-0.39762768	0.2419106092159793
ELMSAN1#chr14:73786836-73786854(-)	ELMSAN1	targeting	-0.6121444	0.1709639341996632
ELMSAN1#chr14:73786947-73786965(-)	ELMSAN1	targeting	0.1548912	0.6663661340339817
ELMSAN1#chr14:73787100-73787118(+)	ELMSAN1	targeting	-0.30074635	0.6201934917611
ELMSAN1#chr14:73787113-73787131(+)	ELMSAN1	targeting	-0.5832532	0.032234812332481
ELMSAN1#chr14:73787120-73787138(+)	ELMSAN1	targeting	-0.046439003	0.8517996473795613
ELP3#chr8:28093183-28093201(+)	ELP3	targeting	-0.04792851	0.9515960163181004
ELP3#chr8:28093186-28093204(+)	ELP3	targeting	-0.8719204	0.0762329881126045
ELP3#chr8:28093199-28093217(+)	ELP3	targeting	-0.51316905	0.3684458604549133
ELP3#chr8:28093340-28093358(+)	ELP3	targeting	-0.97308284	0.0135340147851229
ELP3#chr8:28093355-28093373(-)	ELP3	targeting	-0.4515853	0.591837147641004
ELP3#chr8:28093358-28093376(-)	ELP3	targeting	-0.06445146	0.9370534442350122
EMX1#chr2:72916331-72916349(+)	EMX1	targeting		
EMX1#chr2:72916338-72916356(+)	EMX1	targeting		
EMX1#chr2:72916344-72916362(+)	EMX1	targeting		
EMX1#chr2:72916349-72916367(+)	EMX1	targeting		
EMX1#chr2:72916367-72916385(+)	EMX1	targeting		
EMX1#chr2:72916394-72916412(-)	EMX1	targeting		
EMX1#chr2:72917516-72917534(-)	EMX1	targeting		
EMX1#chr2:72917559-72917577(+)	EMX1	targeting		
EMX1#chr2:72917590-72917608(+)	EMX1	targeting		
EMX1#chr2:72917631-72917649(-)	EMX1	targeting		
EMX1#chr2:72917719-72917737(-)	EMX1	targeting		
EMX1#chr2:72917730-72917748(+)	EMX1	targeting		
EMX2#chr10:117542757-117542775(+)	EMX2	targeting		
EMX2#chr10:117542776-117542794(-)	EMX2	targeting		
EMX2#chr10:117542787-117542805(-)	EMX2	targeting		
EMX2#chr10:117543015-117543033(-)	EMX2	targeting		
EMX2#chr10:117543588-117543606(-)	EMX2	targeting		
EMX2#chr10:117543631-117543649(-)	EMX2	targeting		
EN1#chr2:118847273-118847291(+)	EN1	targeting		
EN1#chr2:118847283-118847301(+)	EN1	targeting		
EN1#chr2:118847579-118847597(+)	EN1	targeting		
EN1#chr2:118847591-118847609(+)	EN1	targeting		
EN1#chr2:118847598-118847616(-)	EN1	targeting		
EN1#chr2:118847638-118847656(+)	EN1	targeting		
EN2#chr7:155458296-155458314(+)	EN2	targeting		
EN2#chr7:155458312-155458330(+)	EN2	targeting		
EN2#chr7:155458317-155458335(+)	EN2	targeting		
EN2#chr7:155458326-155458344(+)	EN2	targeting		
EN2#chr7:155458339-155458357(+)	EN2	targeting		
EN2#chr7:155458345-155458363(-)	EN2	targeting		
ENO1#chr1:8878289-8878307(-)	ENO1	targeting	-1.5772319	1.0163094691157756e-56
ENO1#chr1:8878297-8878315(-)	ENO1	targeting	-1.669546	8.070984685409712e-14
ENO1#chr1:8878595-8878613(+)	ENO1	targeting	-1.3566513	1.6735408416980526e-31
ENO1#chr1:8878631-8878649(+)	ENO1	targeting	-1.6881454	1.7997973278000994e-30
ENO1#chr1:8878678-8878696(-)	ENO1	targeting	-0.94112116	0.2016553881094828
ENO1#chr1:8878700-8878718(-)	ENO1	targeting	-0.33005694	0.413850143780887
EOMES#chr3:27721831-27721849(+)	EOMES	targeting	0.03337169	0.8379526568869617
EOMES#chr3:27721839-27721857(-)	EOMES	targeting	0.077030346	0.3718050828615965
EOMES#chr3:27721869-27721887(-)	EOMES	targeting	-0.14203577	0.2890209446709592
EOMES#chr3:27721889-27721907(-)	EOMES	targeting	-0.07774185	0.9326605723965848
EOMES#chr3:27722213-27722231(+)	EOMES	targeting	0.2804681	0.0486725253689334
EOMES#chr3:27722331-27722349(-)	EOMES	targeting	-0.27824038	0.0078554410157064
EP300#chr22:41091729-41091747(-)	EP300	targeting	-0.65956956	2.7632227255013944e-07
EP300#chr22:41091732-41091750(+)	EP300	targeting	-0.44631097	0.0105508066639002
EP300#chr22:41091738-41091756(+)	EP300	targeting	-0.67534053	1.1932470461405165e-05
EP300#chr22:41091822-41091840(+)	EP300	targeting	-0.30615008	0.1210630974953427
EP300#chr22:41091897-41091915(+)	EP300	targeting	-0.101579554	0.4156743837374902
EP300#chr22:41092885-41092903(-)	EP300	targeting	0.029263414	0.8048778188323652
EP400#chr12:131949997-131950015(-)	EP400	targeting	-0.35746464	0.1691977551879178
EP400#chr12:131950001-131950019(-)	EP400	targeting	-0.0161795	0.9862666079204891
EP400#chr12:131950009-131950027(+)	EP400	targeting	-0.19677939	0.4878586893031833
EP400#chr12:131950026-131950044(+)	EP400	targeting	-0.5321275	0.0015730958450294
EP400#chr12:131950064-131950082(+)	EP400	targeting	-0.32258096	0.1850942847670393
EP400#chr12:131950301-131950319(-)	EP400	targeting	0.17797661	0.3818499925698491
EPAS1#chr2:46297412-46297430(+)	EPAS1	targeting		
EPAS1#chr2:46297454-46297472(+)	EPAS1	targeting		
EPAS1#chr2:46297459-46297477(-)	EPAS1	targeting		
EPAS1#chr2:46297469-46297487(+)	EPAS1	targeting		
EPAS1#chr2:46297479-46297497(-)	EPAS1	targeting		
EPAS1#chr2:46297667-46297685(-)	EPAS1	targeting		
ERCC2#chr19:45370298-45370316(+)	ERCC2	targeting	-0.27773383	0.4900509044768016
ERCC2#chr19:45370337-45370355(-)	ERCC2	targeting	-0.077066615	0.93073358494023
ERCC2#chr19:45370387-45370405(-)	ERCC2	targeting	0.37725133	0.127476900743587
ERCC2#chr19:45370529-45370547(-)	ERCC2	targeting	0.076598495	0.7551242081876357
ERCC2#chr19:45370548-45370566(-)	ERCC2	targeting	-0.17489669	0.8203536517359146
ERCC2#chr19:45370552-45370570(-)	ERCC2	targeting	-0.22939153	0.7938539266879325
ERCC3#chr2:127293743-127293761(+)	ERCC3	targeting	-0.4733213	0.093089880535051
ERCC3#chr2:127293893-127293911(-)	ERCC3	targeting	-0.6445892	0.2294633891753964
ERCC3#chr2:127293912-127293930(+)	ERCC3	targeting	-0.43650848	0.2719399546938301
ERCC3#chr2:127294103-127294121(+)	ERCC3	targeting	-0.55634683	0.3990647573084832
ERCC3#chr2:127294113-127294131(+)	ERCC3	targeting	-0.57688487	0.2508115152672867
ERCC3#chr2:127294120-127294138(-)	ERCC3	targeting	-1.2154663	0.2114008488718824
ERCC6#chr10:49538753-49538771(-)	ERCC6	targeting	-2.0585947	0.000299140924836
ERCC6#chr10:49538844-49538862(+)	ERCC6	targeting	-2.0452378	0.0003136196681183
ERCC6#chr10:49539005-49539023(-)	ERCC6	targeting	-1.4350189	0.0780872318538695
ERCC6#chr10:49539008-49539026(-)	ERCC6	targeting	-0.4872654	0.5247565020662518
ERCC6#chr10:49539015-49539033(-)	ERCC6	targeting	-2.1099286	4.711756595072343e-06
ERCC6#chr10:49539018-49539036(-)	ERCC6	targeting	-0.50306815	0.397183927966353
ERCC8#chr5:60944795-60944813(+)	ERCC8	targeting	-1.2763519	1.710439343842935e-05
ERCC8#chr5:60945003-60945021(-)	ERCC8	targeting	-1.3735263	0.0132136441266461
ERCC8#chr5:60945005-60945023(+)	ERCC8	targeting	-2.3993728	0.00010725606698
ERCC8#chr5:60945026-60945044(-)	ERCC8	targeting	-1.1107405	0.1879875793863491
ERCC8#chr5:60945041-60945059(+)	ERCC8	targeting	0.10951595	0.3122500546615528
ERCC8#chr5:60945048-60945066(-)	ERCC8	targeting	-0.6063908	0.0059211199034817
ERF#chr19:42254865-42254883(+)	ERF	targeting		
ERF#chr19:42255054-42255072(-)	ERF	targeting		
ERF#chr19:42255063-42255081(-)	ERF	targeting		
ERF#chr19:42255080-42255098(-)	ERF	targeting		
ERF#chr19:42255111-42255129(-)	ERF	targeting		
ERF#chr19:42255150-42255168(-)	ERF	targeting		
ERG#chr21:38498180-38498198(+)	ERG	targeting		
ERG#chr21:38498243-38498261(+)	ERG	targeting		
ERG#chr21:38498247-38498265(-)	ERG	targeting		
ERG#chr21:38498360-38498378(-)	ERG	targeting		
ERG#chr21:38498454-38498472(+)	ERG	targeting		
ERG#chr21:38498505-38498523(+)	ERG	targeting		
ERG#chr21:38660770-38660788(+)	ERG	targeting		
ERG#chr21:38660906-38660924(+)	ERG	targeting		
ERG#chr21:38660910-38660928(-)	ERG	targeting		
ERG#chr21:38660924-38660942(+)	ERG	targeting		
ERG#chr21:38660931-38660949(-)	ERG	targeting		
ERG#chr21:38660959-38660977(-)	ERG	targeting		
ESR1#chr6:151690512-151690530(+)	ESR1	targeting		
ESR1#chr6:151690537-151690555(+)	ESR1	targeting		
ESR1#chr6:151690573-151690591(+)	ESR1	targeting		
ESR1#chr6:151690613-151690631(-)	ESR1	targeting		
ESR1#chr6:151690618-151690636(-)	ESR1	targeting		
ESR1#chr6:151690648-151690666(+)	ESR1	targeting		
ESR1#chr6:151807705-151807723(-)	ESR1	targeting		
ESR1#chr6:151807707-151807725(+)	ESR1	targeting		
ESR1#chr6:151807723-151807741(-)	ESR1	targeting		
ESR1#chr6:151807735-151807753(-)	ESR1	targeting		
ESR1#chr6:151807745-151807763(-)	ESR1	targeting		
ESR1#chr6:151808091-151808109(-)	ESR1	targeting		
ESR2#chr14:64294125-64294143(-)	ESR2	targeting		
ESR2#chr14:64294195-64294213(-)	ESR2	targeting		
ESR2#chr14:64294197-64294215(+)	ESR2	targeting		
ESR2#chr14:64294203-64294221(-)	ESR2	targeting		
ESR2#chr14:64294293-64294311(-)	ESR2	targeting		
ESR2#chr14:64294296-64294314(-)	ESR2	targeting		
ESRRA#chr11:64305569-64305587(+)	ESRRA	targeting		
ESRRA#chr11:64305576-64305594(-)	ESRRA	targeting		
ESRRA#chr11:64305585-64305603(+)	ESRRA	targeting		
ESRRA#chr11:64305592-64305610(+)	ESRRA	targeting		
ESRRA#chr11:64305599-64305617(-)	ESRRA	targeting		
ESRRA#chr11:64305705-64305723(-)	ESRRA	targeting		
ESRRB#chr14:76407528-76407546(-)	ESRRB	targeting	0.39115933	0.2349836467189222
ESRRB#chr14:76407545-76407563(+)	ESRRB	targeting	-0.3003093	0.5457644898717853
ESRRB#chr14:76407585-76407603(+)	ESRRB	targeting	-0.0355125	0.8597608985550029
ESRRB#chr14:76407595-76407613(+)	ESRRB	targeting	0.14989406	0.7198572677631416
ESRRB#chr14:76407702-76407720(+)	ESRRB	targeting	-0.38098323	0.2687066299956329
ESRRB#chr14:76407814-76407832(-)	ESRRB	targeting	0.12107618	0.7085890805478899
ESRRG#chr1:216805031-216805049(-)	ESRRG	targeting	0.21135129	0.157829508972097
ESRRG#chr1:216805102-216805120(+)	ESRRG	targeting	-0.17922398	0.483001814933893
ESRRG#chr1:216805273-216805291(+)	ESRRG	targeting	0.13170816	0.5796981176332674
ESRRG#chr1:216805313-216805331(-)	ESRRG	targeting	0.06669528	0.8069624068829657
ESRRG#chr1:216805343-216805361(+)	ESRRG	targeting	-0.26007158	0.1849699586217912
ESRRG#chr1:216805352-216805370(-)	ESRRG	targeting	-0.6220134	0.0147865217576942
ESRRG#chr1:216939239-216939257(+)	ESRRG	targeting	0.10796743	0.5401963921249162
ESRRG#chr1:216939282-216939300(-)	ESRRG	targeting	-0.0012991922	0.995952935899417
ESRRG#chr1:216939550-216939568(+)	ESRRG	targeting	-0.010927285	0.9854661604674028
ESRRG#chr1:216939560-216939578(-)	ESRRG	targeting	-0.022826964	0.8590184334613176
ESRRG#chr1:216939584-216939602(-)	ESRRG	targeting	-0.11593255	0.6101466362311195
ESRRG#chr1:216939589-216939607(+)	ESRRG	targeting	-0.24350269	0.4204255038258563
ESRRG#chr1:217076892-217076910(+)	ESRRG	targeting	-0.5269561	0.1737464465610758
ESRRG#chr1:217076936-217076954(-)	ESRRG	targeting	-0.15876912	0.5014087956135125
ESRRG#chr1:217076942-217076960(+)	ESRRG	targeting	-0.19003047	0.699461681027356
ESRRG#chr1:217076946-217076964(+)	ESRRG	targeting	-0.05046119	0.88801419317362
ESRRG#chr1:217076958-217076976(+)	ESRRG	targeting	-0.14606881	0.5038072934537603
ESRRG#chr1:217076962-217076980(+)	ESRRG	targeting	-0.1433851	0.7242042549653627
ESRRG#chr1:217089641-217089659(-)	ESRRG	targeting	0.2430935	0.3077212209261359
ESRRG#chr1:217089644-217089662(-)	ESRRG	targeting	0.20972003	0.2644603894574879
ESRRG#chr1:217089679-217089697(+)	ESRRG	targeting	0.30277956	0.3219887113702785
ESRRG#chr1:217089753-217089771(+)	ESRRG	targeting	-0.08409426	0.7827257487672212
ESRRG#chr1:217089783-217089801(+)	ESRRG	targeting	-0.08430939	0.7391802147066483
ESRRG#chr1:217089846-217089864(-)	ESRRG	targeting	0.08163966	0.6777600886923433
ESRRG#chr1:217137553-217137571(-)	ESRRG	targeting	-0.44376847	0.1174041371088438
ESRRG#chr1:217137627-217137645(-)	ESRRG	targeting	-0.3400343	0.3137898823221965
ESRRG#chr1:217137665-217137683(-)	ESRRG	targeting	-0.22548884	0.2992491865842119
ESRRG#chr1:217137700-217137718(-)	ESRRG	targeting	-0.77605057	0.0001112319867222
ESRRG#chr1:217137716-217137734(+)	ESRRG	targeting	-0.20963989	0.5014837904686056
ESRRG#chr1:217137767-217137785(-)	ESRRG	targeting	-0.4613268	0.1267767613110939
ESX1#chrX:104254640-104254658(+)	ESX1	targeting		
ESX1#chrX:104254695-104254713(-)	ESX1	targeting		
ESX1#chrX:104254898-104254916(+)	ESX1	targeting		
ESX1#chrX:104254902-104254920(+)	ESX1	targeting		
ESX1#chrX:104254908-104254926(+)	ESX1	targeting		
ESX1#chrX:104254923-104254941(+)	ESX1	targeting		
ETF1#chr5:138542792-138542810(+)	ETF1	targeting	0.13424647	0.2962741922734482
ETF1#chr5:138542935-138542953(-)	ETF1	targeting	0.056447275	0.816103964558879
ETF1#chr5:138543016-138543034(-)	ETF1	targeting	-0.044333752	0.8087945492570434
ETF1#chr5:138543103-138543121(+)	ETF1	targeting	0.5250295	0.3562078860315003
ETF1#chr5:138543152-138543170(+)	ETF1	targeting	0.11143944	0.5764146425762992
ETF1#chr5:138543159-138543177(+)	ETF1	targeting	-0.21563941	0.2595114690116564
ETS1#chr11:128521897-128521915(+)	ETS1	targeting	-1.1739213	0.0026437688714262
ETS1#chr11:128522136-128522154(-)	ETS1	targeting	-1.9742877	1.6074038128550228e-10
ETS1#chr11:128522153-128522171(-)	ETS1	targeting	-0.858718	0.0791560812522221
ETS1#chr11:128522159-128522177(+)	ETS1	targeting	-2.0629334	0.0300080699387008
ETS1#chr11:128522260-128522278(-)	ETS1	targeting	-0.30869016	0.1514245075648098
ETS1#chr11:128522351-128522369(-)	ETS1	targeting	-1.8727094	2.308315379042484e-07
ETS2#chr21:38805495-38805513(+)	ETS2	targeting	-0.5974427	0.4415471152815274
ETS2#chr21:38805914-38805932(-)	ETS2	targeting	-1.4236637	0.0010592189392902
ETS2#chr21:38805938-38805956(+)	ETS2	targeting	-1.7289581	7.374417549659374e-05
ETS2#chr21:38805984-38806002(+)	ETS2	targeting	-1.046232	0.0498051189239473
ETS2#chr21:38806352-38806370(-)	ETS2	targeting	-0.35369298	0.67580164392359
ETS2#chr21:38806376-38806394(-)	ETS2	targeting	-1.2882552	0.0017922794317271
ETV1#chr7:13988864-13988882(+)	ETV1	targeting	-1.7561393	0.0091717989093611
ETV1#chr7:13989455-13989473(+)	ETV1	targeting	-1.1040869	0.0945561038311239
ETV1#chr7:13989628-13989646(+)	ETV1	targeting	-1.0396479	0.10687909138772
ETV1#chr7:13989646-13989664(-)	ETV1	targeting	-2.3685348	0.0022893623718901
ETV1#chr7:13989662-13989680(+)	ETV1	targeting	-1.6295518	3.950800001352894e-05
ETV1#chr7:13989665-13989683(+)	ETV1	targeting	-1.5150914	0.0023063426591062
ETV2#chr19:35643622-35643640(+)	ETV2	targeting		
ETV2#chr19:35643694-35643712(-)	ETV2	targeting		
ETV2#chr19:35643705-35643723(-)	ETV2	targeting		
ETV2#chr19:35643803-35643821(+)	ETV2	targeting		
ETV2#chr19:35643833-35643851(+)	ETV2	targeting		
ETV2#chr19:35643867-35643885(+)	ETV2	targeting		
ETV3#chr1:157138269-157138287(+)	ETV3	targeting	-0.05954377	0.831732257615898
ETV3#chr1:157138272-157138290(+)	ETV3	targeting	-0.663568	0.1899487644049839
ETV3#chr1:157138318-157138336(-)	ETV3	targeting	-0.16690233	0.563892538778928
ETV3#chr1:157138325-157138343(+)	ETV3	targeting	-1.4996403	0.0013744288154048
ETV3#chr1:157138335-157138353(-)	ETV3	targeting	-1.8265767	1.303455427151333e-05
ETV3#chr1:157138337-157138355(+)	ETV3	targeting	-2.0396333	0.0150860711478703
ETV3L#chr1:157099693-157099711(+)	ETV3L	targeting		
ETV3L#chr1:157099740-157099758(+)	ETV3L	targeting		
ETV3L#chr1:157099756-157099774(+)	ETV3L	targeting		
ETV3L#chr1:157099773-157099791(-)	ETV3L	targeting		
ETV3L#chr1:157099786-157099804(-)	ETV3L	targeting		
ETV3L#chr1:157099793-157099811(+)	ETV3L	targeting		
ETV4#chr17:43545833-43545851(+)	ETV4	targeting		
ETV4#chr17:43545905-43545923(-)	ETV4	targeting		
ETV4#chr17:43546073-43546091(+)	ETV4	targeting		
ETV4#chr17:43546172-43546190(-)	ETV4	targeting		
ETV4#chr17:43546269-43546287(-)	ETV4	targeting		
ETV4#chr17:43546438-43546456(+)	ETV4	targeting		
ETV5#chr3:186108574-186108592(+)	ETV5	targeting	-0.26101404	0.0374133230607528
ETV5#chr3:186108856-186108874(-)	ETV5	targeting	0.13817643	0.5290947023533568
ETV5#chr3:186109036-186109054(+)	ETV5	targeting	-1.3481395	2.723546708800067e-19
ETV5#chr3:186109046-186109064(-)	ETV5	targeting	-1.934165	4.1960213239701616e-06
ETV5#chr3:186109059-186109077(+)	ETV5	targeting	-1.7834666	1.288680040280945e-13
ETV5#chr3:186109065-186109083(-)	ETV5	targeting	-1.9454225	1.8320241065278136e-05
ETV6#chr12:11649771-11649789(+)	ETV6	targeting	-0.47825631	0.1004631727527597
ETV6#chr12:11649971-11649989(+)	ETV6	targeting	0.07285339	0.806967448421415
ETV6#chr12:11649974-11649992(+)	ETV6	targeting	-0.025841337	0.9234025701745284
ETV6#chr12:11649993-11650011(+)	ETV6	targeting	-1.1078688	0.0086229662136733
ETV6#chr12:11650108-11650126(-)	ETV6	targeting	-0.0025977402	0.9850287837130683
ETV6#chr12:11650177-11650195(-)	ETV6	targeting	-0.76674116	8.210976698024084e-05
ETV7#chr6:36387625-36387643(-)	ETV7	targeting		
ETV7#chr6:36387635-36387653(+)	ETV7	targeting		
ETV7#chr6:36387640-36387658(-)	ETV7	targeting		
ETV7#chr6:36387649-36387667(-)	ETV7	targeting		
ETV7#chr6:36387652-36387670(+)	ETV7	targeting		
ETV7#chr6:36387661-36387679(+)	ETV7	targeting		
EVX1#chr7:27242793-27242811(+)	EVX1	targeting		
EVX1#chr7:27242799-27242817(-)	EVX1	targeting		
EVX1#chr7:27242801-27242819(+)	EVX1	targeting		
EVX1#chr7:27242819-27242837(+)	EVX1	targeting		
EVX1#chr7:27243013-27243031(+)	EVX1	targeting		
EVX1#chr7:27243163-27243181(-)	EVX1	targeting		
EVX2#chr2:176083458-176083476(-)	EVX2	targeting		
EVX2#chr2:176083589-176083607(+)	EVX2	targeting		
EVX2#chr2:176083809-176083827(+)	EVX2	targeting		
EVX2#chr2:176083817-176083835(-)	EVX2	targeting		
EVX2#chr2:176083822-176083840(-)	EVX2	targeting		
EVX2#chr2:176083839-176083857(-)	EVX2	targeting		
EWSR1#chr22:29268329-29268347(+)	EWSR1	targeting	0.042964187	0.8523278136382458
EWSR1#chr22:29268338-29268356(+)	EWSR1	targeting	-0.08671849	0.5137108943746413
EWSR1#chr22:29268341-29268359(+)	EWSR1	targeting	-0.51150316	7.498028287653194e-05
EWSR1#chr22:29268347-29268365(-)	EWSR1	targeting	-0.108445	0.3313653222356771
EWSR1#chr22:29268719-29268737(-)	EWSR1	targeting	-0.1755697	0.3238719288772496
EWSR1#chr22:29268734-29268752(-)	EWSR1	targeting	-0.036263067	0.8478629804700899
EZH1#chr17:42744841-42744859(+)	EZH1	targeting	-0.8614592	0.0149614645562498
EZH1#chr17:42744991-42745009(-)	EZH1	targeting	-1.0942678	0.2354189028150927
EZH1#chr17:42745013-42745031(-)	EZH1	targeting	-1.2659944	0.0116161889285008
EZH1#chr17:42745017-42745035(-)	EZH1	targeting	-1.1202768	0.0502741670211473
EZH1#chr17:42745027-42745045(-)	EZH1	targeting	-0.5038662	0.2464681706685858
EZH1#chr17:42745036-42745054(-)	EZH1	targeting	0.022921696	0.9260524487195744
EZH2#chr7:148883770-148883788(+)	EZH2	targeting	0.15258475	0.0078979202976996
EZH2#chr7:148883814-148883832(-)	EZH2	targeting	-0.103900395	0.7002608928870875
EZH2#chr7:148884043-148884061(+)	EZH2	targeting	-0.45328492	0.0840595431571172
EZH2#chr7:148884246-148884264(+)	EZH2	targeting	-0.42112458	0.0017268533758399
EZH2#chr7:148884256-148884274(-)	EZH2	targeting	-0.8904253	0.0632647983907237
EZH2#chr7:148884274-148884292(+)	EZH2	targeting	-0.88925505	4.213871203603237e-07
FAM170A#chr5:119629564-119629582(-)	FAM170A	targeting		
FAM170A#chr5:119629573-119629591(-)	FAM170A	targeting		
FAM170A#chr5:119629596-119629614(+)	FAM170A	targeting		
FAM170A#chr5:119629607-119629625(-)	FAM170A	targeting		
FAM170A#chr5:119629815-119629833(+)	FAM170A	targeting		
FAM170A#chr5:119629843-119629861(+)	FAM170A	targeting		
FAM200B#chr4:15681799-15681817(+)	FAM200B	targeting		
FAM200B#chr4:15681854-15681872(-)	FAM200B	targeting		
FAM200B#chr4:15681874-15681892(+)	FAM200B	targeting		
FAM200B#chr4:15681880-15681898(-)	FAM200B	targeting		
FAM200B#chr4:15681925-15681943(-)	FAM200B	targeting		
FAM200B#chr4:15682045-15682063(+)	FAM200B	targeting		
FBXL19#chr16:30923626-30923644(+)	FBXL19	targeting	0.076103866	0.827379107385183
FBXL19#chr16:30923630-30923648(-)	FBXL19	targeting	-0.6185697	0.4606125508819639
FBXL19#chr16:30923635-30923653(-)	FBXL19	targeting	0.19683293	0.6332654581411673
FBXL19#chr16:30923771-30923789(-)	FBXL19	targeting	0.1531386	0.4698994131754814
FBXL19#chr16:30923869-30923887(-)	FBXL19	targeting	-1.0192167	8.522448944631855e-05
FBXL19#chr16:30923891-30923909(+)	FBXL19	targeting	-0.7140672	0.0129741360433025
FBXO16#chr8:28489987-28490005(+)	FBXO16	targeting	-0.011081006	0.975983360031566
FBXO16#chr8:28490005-28490023(+)	FBXO16	targeting	-1.9547261	0.0290863394293514
FBXO16#chr8:28490062-28490080(+)	FBXO16	targeting	-1.8629192	0.0002735881163495
FBXO16#chr8:28490188-28490206(-)	FBXO16	targeting	-1.7786262	4.483218740701656e-05
FBXO16#chr8:28490205-28490223(-)	FBXO16	targeting	-1.5105164	0.0002166587880442
FBXO16#chr8:28490216-28490234(-)	FBXO16	targeting	-1.6688632	1.89501135979312e-05
FERD3L#chr7:19145629-19145647(-)	FERD3L	targeting		
FERD3L#chr7:19145642-19145660(-)	FERD3L	targeting		
FERD3L#chr7:19145799-19145817(-)	FERD3L	targeting		
FERD3L#chr7:19145816-19145834(-)	FERD3L	targeting		
FERD3L#chr7:19145848-19145866(-)	FERD3L	targeting		
FERD3L#chr7:19145858-19145876(-)	FERD3L	targeting		
FEV#chr2:218983882-218983900(-)	FEV	targeting		
FEV#chr2:218984299-218984317(-)	FEV	targeting		
FEV#chr2:218984863-218984881(-)	FEV	targeting		
FEV#chr2:218984882-218984900(-)	FEV	targeting		
FEV#chr2:218984965-218984983(-)	FEV	targeting		
FEV#chr2:218985164-218985182(+)	FEV	targeting		
FEZF1#chr7:122304437-122304455(-)	FEZF1	targeting		
FEZF1#chr7:122304481-122304499(-)	FEZF1	targeting		
FEZF1#chr7:122304485-122304503(-)	FEZF1	targeting		
FEZF1#chr7:122304498-122304516(-)	FEZF1	targeting		
FEZF1#chr7:122304634-122304652(+)	FEZF1	targeting		
FEZF1#chr7:122304720-122304738(-)	FEZF1	targeting		
FEZF2#chr3:62373460-62373478(-)	FEZF2	targeting		
FEZF2#chr3:62373492-62373510(-)	FEZF2	targeting		
FEZF2#chr3:62373498-62373516(+)	FEZF2	targeting		
FEZF2#chr3:62373524-62373542(+)	FEZF2	targeting		
FEZF2#chr3:62373532-62373550(-)	FEZF2	targeting		
FEZF2#chr3:62373537-62373555(+)	FEZF2	targeting		
FGF3#chr11:69818975-69818993(+)	FGF3	targeting		
FGF3#chr11:69818988-69819006(-)	FGF3	targeting		
FGF3#chr11:69819161-69819179(-)	FGF3	targeting		
FGF3#chr11:69819174-69819192(-)	FGF3	targeting		
FGF3#chr11:69819193-69819211(-)	FGF3	targeting		
FGF3#chr11:69819397-69819415(-)	FGF3	targeting		
FIGLA#chr2:70790394-70790412(-)	FIGLA	targeting		
FIGLA#chr2:70790470-70790488(+)	FIGLA	targeting		
FIGLA#chr2:70790586-70790604(-)	FIGLA	targeting		
FIGLA#chr2:70790605-70790623(+)	FIGLA	targeting		
FIGLA#chr2:70790624-70790642(+)	FIGLA	targeting		
FIGLA#chr2:70790655-70790673(-)	FIGLA	targeting		
FIZ1#chr19:55599431-55599449(+)	FIZ1	targeting		
FIZ1#chr19:55599478-55599496(-)	FIZ1	targeting		
FIZ1#chr19:55599481-55599499(-)	FIZ1	targeting		
FIZ1#chr19:55599489-55599507(+)	FIZ1	targeting		
FIZ1#chr19:55599528-55599546(-)	FIZ1	targeting		
FIZ1#chr19:55599538-55599556(-)	FIZ1	targeting		
FLI1#chr11:128694114-128694132(+)	FLI1	targeting		
FLI1#chr11:128694123-128694141(+)	FLI1	targeting		
FLI1#chr11:128694169-128694187(+)	FLI1	targeting		
FLI1#chr11:128694263-128694281(+)	FLI1	targeting		
FLI1#chr11:128694274-128694292(+)	FLI1	targeting		
FLI1#chr11:128694311-128694329(+)	FLI1	targeting		
FLYWCH1#chr16:2911990-2912008(+)	FLYWCH1	targeting		
FLYWCH1#chr16:2912007-2912025(-)	FLYWCH1	targeting		
FLYWCH1#chr16:2912039-2912057(-)	FLYWCH1	targeting		
FLYWCH1#chr16:2912073-2912091(+)	FLYWCH1	targeting		
FLYWCH1#chr16:2912399-2912417(-)	FLYWCH1	targeting		
FLYWCH1#chr16:2912402-2912420(-)	FLYWCH1	targeting		
FOS#chr14:75278820-75278838(-)	FOS	targeting		
FOS#chr14:75278829-75278847(-)	FOS	targeting		
FOS#chr14:75278853-75278871(+)	FOS	targeting		
FOS#chr14:75278934-75278952(-)	FOS	targeting		
FOS#chr14:75279053-75279071(-)	FOS	targeting		
FOS#chr14:75279082-75279100(-)	FOS	targeting		
FOS#chr14:75280037-75280055(-)	FOS	targeting		
FOS#chr14:75280039-75280057(+)	FOS	targeting		
FOS#chr14:75280064-75280082(+)	FOS	targeting		
FOS#chr14:75280079-75280097(-)	FOS	targeting		
FOS#chr14:75280085-75280103(+)	FOS	targeting		
FOS#chr14:75280089-75280107(+)	FOS	targeting		
FOSB#chr19:45468003-45468021(+)	FOSB	targeting		
FOSB#chr19:45468008-45468026(+)	FOSB	targeting		
FOSB#chr19:45468029-45468047(+)	FOSB	targeting		
FOSB#chr19:45468208-45468226(-)	FOSB	targeting		
FOSB#chr19:45468214-45468232(+)	FOSB	targeting		
FOSB#chr19:45468311-45468329(-)	FOSB	targeting		
FOSB#chr19:45469465-45469483(-)	FOSB	targeting		
FOSB#chr19:45469483-45469501(-)	FOSB	targeting		
FOSB#chr19:45469504-45469522(+)	FOSB	targeting		
FOSB#chr19:45469510-45469528(+)	FOSB	targeting		
FOSB#chr19:45469514-45469532(+)	FOSB	targeting		
FOSB#chr19:45469543-45469561(-)	FOSB	targeting		
FOSL1#chr11:65899942-65899960(+)	FOSL1	targeting		
FOSL1#chr11:65900009-65900027(+)	FOSL1	targeting		
FOSL1#chr11:65900324-65900342(-)	FOSL1	targeting		
FOSL1#chr11:65900326-65900344(+)	FOSL1	targeting		
FOSL1#chr11:65900341-65900359(+)	FOSL1	targeting		
FOSL1#chr11:65900350-65900368(+)	FOSL1	targeting		
FOSL2#chr2:28392854-28392872(+)	FOSL2	targeting		
FOSL2#chr2:28392867-28392885(+)	FOSL2	targeting		
FOSL2#chr2:28392925-28392943(+)	FOSL2	targeting		
FOSL2#chr2:28393064-28393082(-)	FOSL2	targeting		
FOSL2#chr2:28393274-28393292(-)	FOSL2	targeting		
FOSL2#chr2:28393563-28393581(-)	FOSL2	targeting		
FOXA1#chr14:37594968-37594986(-)	FOXA1	targeting	-1.3852209	5.222400497481281e-06
FOXA1#chr14:37595006-37595024(+)	FOXA1	targeting	-0.95932776	0.0363581429269661
FOXA1#chr14:37595214-37595232(-)	FOXA1	targeting	-0.4920883	0.4453705380019449
FOXA1#chr14:37595220-37595238(+)	FOXA1	targeting	-0.6490829	0.2976979211661629
FOXA1#chr14:37595227-37595245(-)	FOXA1	targeting	-1.39572	0.2027831097643248
FOXA1#chr14:37595248-37595266(-)	FOXA1	targeting	-1.4071646	0.0016096911633172
FOXA2#chr20:22584176-22584194(+)	FOXA2	targeting	-1.5072978	1.1734408832753774e-06
FOXA2#chr20:22584194-22584212(-)	FOXA2	targeting	-0.005115923	0.9815328299068284
FOXA2#chr20:22584206-22584224(+)	FOXA2	targeting	0.017201839	0.9276947953614514
FOXA2#chr20:22584219-22584237(-)	FOXA2	targeting	0.16182669	0.2430794354392051
FOXA2#chr20:22584571-22584589(+)	FOXA2	targeting	-2.1100163	2.3026877367289464e-14
FOXA2#chr20:22584737-22584755(+)	FOXA2	targeting	-1.0182414	6.610350965359464e-13
FOXA3#chr19:45864323-45864341(+)	FOXA3	targeting	-0.6472075	0.4305279773542322
FOXA3#chr19:45864335-45864353(+)	FOXA3	targeting	-0.51342916	0.2082951062912141
FOXA3#chr19:45864338-45864356(+)	FOXA3	targeting	-1.1392719	0.0004561374631112
FOXA3#chr19:45864388-45864406(-)	FOXA3	targeting	-1.2733009	4.54324632344312e-05
FOXA3#chr19:45864493-45864511(+)	FOXA3	targeting	-1.5524247	0.0003185413754426
FOXA3#chr19:45864496-45864514(+)	FOXA3	targeting	-2.0626097	0.0017643177815126
FOXB1#chr15:60004259-60004277(+)	FOXB1	targeting		
FOXB1#chr15:60004272-60004290(-)	FOXB1	targeting		
FOXB1#chr15:60004309-60004327(+)	FOXB1	targeting		
FOXB1#chr15:60004410-60004428(-)	FOXB1	targeting		
FOXB1#chr15:60004461-60004479(+)	FOXB1	targeting		
FOXB1#chr15:60004673-60004691(-)	FOXB1	targeting		
FOXB2#chr9:77019667-77019685(-)	FOXB2	targeting		
FOXB2#chr9:77019701-77019719(-)	FOXB2	targeting		
FOXB2#chr9:77019706-77019724(+)	FOXB2	targeting		
FOXB2#chr9:77019725-77019743(-)	FOXB2	targeting		
FOXB2#chr9:77019798-77019816(-)	FOXB2	targeting		
FOXB2#chr9:77019884-77019902(+)	FOXB2	targeting		
FOXC1#chr6:1610046-1610064(+)	FOXC1	targeting	-1.8456396	0.0116003712719565
FOXC1#chr6:1610086-1610104(+)	FOXC1	targeting	-1.8057107	7.343108716976336e-10
FOXC1#chr6:1610142-1610160(-)	FOXC1	targeting	-1.0688674	2.4164020084716338e-08
FOXC1#chr6:1610167-1610185(-)	FOXC1	targeting	-1.034577	9.47109689355736e-08
FOXC1#chr6:1610548-1610566(+)	FOXC1	targeting	-0.33683354	0.2424693698390529
FOXC1#chr6:1610636-1610654(-)	FOXC1	targeting	-0.03491552	0.9194252074126904
FOXC2#chr16:86566897-86566915(+)	FOXC2	targeting		
FOXC2#chr16:86566914-86566932(-)	FOXC2	targeting		
FOXC2#chr16:86567049-86567067(-)	FOXC2	targeting		
FOXC2#chr16:86567107-86567125(-)	FOXC2	targeting		
FOXC2#chr16:86567149-86567167(-)	FOXC2	targeting		
FOXC2#chr16:86567412-86567430(+)	FOXC2	targeting		
FOXD1#chr5:73448566-73448584(-)	FOXD1	targeting		
FOXD1#chr5:73448698-73448716(+)	FOXD1	targeting		
FOXD1#chr5:73448708-73448726(+)	FOXD1	targeting		
FOXD1#chr5:73448713-73448731(+)	FOXD1	targeting		
FOXD1#chr5:73448717-73448735(-)	FOXD1	targeting		
FOXD1#chr5:73448742-73448760(+)	FOXD1	targeting		
FOXD2#chr1:47438322-47438340(+)	FOXD2	targeting		
FOXD2#chr1:47438328-47438346(+)	FOXD2	targeting		
FOXD2#chr1:47438331-47438349(+)	FOXD2	targeting		
FOXD2#chr1:47438338-47438356(+)	FOXD2	targeting		
FOXD2#chr1:47438353-47438371(+)	FOXD2	targeting		
FOXD2#chr1:47438382-47438400(+)	FOXD2	targeting		
FOXD3#chr1:63322574-63322592(+)	FOXD3	targeting		
FOXD3#chr1:63322593-63322611(-)	FOXD3	targeting		
FOXD3#chr1:63322628-63322646(-)	FOXD3	targeting		
FOXD3#chr1:63322631-63322649(-)	FOXD3	targeting		
FOXD3#chr1:63322654-63322672(-)	FOXD3	targeting		
FOXD3#chr1:63322797-63322815(+)	FOXD3	targeting		
FOXD3#chr1:63323785-63323803(+)	FOXD3	targeting		
FOXD3#chr1:63323807-63323825(+)	FOXD3	targeting		
FOXD3#chr1:63323827-63323845(+)	FOXD3	targeting		
FOXD3#chr1:63323830-63323848(+)	FOXD3	targeting		
FOXD3#chr1:63323852-63323870(+)	FOXD3	targeting		
FOXD3#chr1:63323880-63323898(-)	FOXD3	targeting		
FOXD4L1#chr2:113499201-113499219(-)	FOXD4L1	targeting		
FOXD4L1#chr2:113499205-113499223(-)	FOXD4L1	targeting		
FOXD4L1#chr2:113499462-113499480(+)	FOXD4L1	targeting		
FOXD4L1#chr2:113499465-113499483(+)	FOXD4L1	targeting		
FOXD4L1#chr2:113499492-113499510(+)	FOXD4L1	targeting		
FOXD4L1#chr2:113499552-113499570(-)	FOXD4L1	targeting		
FOXE1#chr9:97853228-97853246(+)	FOXE1	targeting		
FOXE1#chr9:97853232-97853250(-)	FOXE1	targeting		
FOXE1#chr9:97853253-97853271(+)	FOXE1	targeting		
FOXE1#chr9:97853277-97853295(+)	FOXE1	targeting		
FOXE1#chr9:97853291-97853309(-)	FOXE1	targeting		
FOXE1#chr9:97853307-97853325(-)	FOXE1	targeting		
FOXE3#chr1:47416298-47416316(+)	FOXE3	targeting		
FOXE3#chr1:47416301-47416319(+)	FOXE3	targeting		
FOXE3#chr1:47416310-47416328(-)	FOXE3	targeting		
FOXE3#chr1:47416316-47416334(-)	FOXE3	targeting		
FOXE3#chr1:47416347-47416365(-)	FOXE3	targeting		
FOXE3#chr1:47416350-47416368(-)	FOXE3	targeting		
FOXF1#chr16:86510098-86510116(+)	FOXF1	targeting		
FOXF1#chr16:86510504-86510522(+)	FOXF1	targeting		
FOXF1#chr16:86510558-86510576(+)	FOXF1	targeting		
FOXF1#chr16:86510566-86510584(-)	FOXF1	targeting		
FOXF1#chr16:86510569-86510587(-)	FOXF1	targeting		
FOXF1#chr16:86510589-86510607(+)	FOXF1	targeting		
FOXF2#chr6:1389578-1389596(+)	FOXF2	targeting		
FOXF2#chr6:1389625-1389643(+)	FOXF2	targeting		
FOXF2#chr6:1389632-1389650(-)	FOXF2	targeting		
FOXF2#chr6:1389769-1389787(-)	FOXF2	targeting		
FOXF2#chr6:1389817-1389835(-)	FOXF2	targeting		
FOXF2#chr6:1389940-1389958(+)	FOXF2	targeting		
FOXG1#chr14:28766760-28766778(-)	FOXG1	targeting		
FOXG1#chr14:28766804-28766822(-)	FOXG1	targeting		
FOXG1#chr14:28766807-28766825(-)	FOXG1	targeting		
FOXG1#chr14:28766814-28766832(+)	FOXG1	targeting		
FOXG1#chr14:28766839-28766857(-)	FOXG1	targeting		
FOXG1#chr14:28766874-28766892(-)	FOXG1	targeting		
FOXH1#chr8:144475400-144475418(+)	FOXH1	targeting		
FOXH1#chr8:144475428-144475446(-)	FOXH1	targeting		
FOXH1#chr8:144475636-144475654(+)	FOXH1	targeting		
FOXH1#chr8:144475757-144475775(+)	FOXH1	targeting		
FOXH1#chr8:144475795-144475813(+)	FOXH1	targeting		
FOXH1#chr8:144475807-144475825(+)	FOXH1	targeting		
FOXI1#chr5:170105955-170105973(-)	FOXI1	targeting		
FOXI1#chr5:170106089-170106107(-)	FOXI1	targeting		
FOXI1#chr5:170106091-170106109(+)	FOXI1	targeting		
FOXI1#chr5:170106141-170106159(-)	FOXI1	targeting		
FOXI1#chr5:170106146-170106164(-)	FOXI1	targeting		
FOXI1#chr5:170106180-170106198(-)	FOXI1	targeting		
FOXI2#chr10:127737198-127737216(+)	FOXI2	targeting		
FOXI2#chr10:127737220-127737238(+)	FOXI2	targeting		
FOXI2#chr10:127737226-127737244(-)	FOXI2	targeting		
FOXI2#chr10:127737423-127737441(-)	FOXI2	targeting		
FOXI2#chr10:127737431-127737449(-)	FOXI2	targeting		
FOXI2#chr10:127737586-127737604(-)	FOXI2	targeting		
FOXI3#chr2:88452300-88452318(+)	FOXI3	targeting		
FOXI3#chr2:88452615-88452633(+)	FOXI3	targeting		
FOXI3#chr2:88452628-88452646(-)	FOXI3	targeting		
FOXI3#chr2:88452642-88452660(-)	FOXI3	targeting		
FOXI3#chr2:88452665-88452683(-)	FOXI3	targeting		
FOXI3#chr2:88452678-88452696(-)	FOXI3	targeting		
FOXJ1#chr17:76140958-76140976(+)	FOXJ1	targeting		
FOXJ1#chr17:76141110-76141128(-)	FOXJ1	targeting		
FOXJ1#chr17:76141131-76141149(+)	FOXJ1	targeting		
FOXJ1#chr17:76141188-76141206(-)	FOXJ1	targeting		
FOXJ1#chr17:76141232-76141250(-)	FOXJ1	targeting		
FOXJ1#chr17:76141283-76141301(-)	FOXJ1	targeting		
FOXJ2#chr12:8032745-8032763(-)	FOXJ2	targeting	-0.7864495	0.2181405820420168
FOXJ2#chr12:8032755-8032773(-)	FOXJ2	targeting	-1.9947293	0.0227848175058282
FOXJ2#chr12:8032766-8032784(+)	FOXJ2	targeting	-0.92882526	0.3363815661939185
FOXJ2#chr12:8032770-8032788(-)	FOXJ2	targeting	-2.178299	0.0312815679349114
FOXJ2#chr12:8032784-8032802(-)	FOXJ2	targeting	-1.4250833	0.1177063292219378
FOXJ2#chr12:8032793-8032811(-)	FOXJ2	targeting	-2.3059742	0.02361625172153
FOXJ3#chr1:42335120-42335138(+)	FOXJ3	targeting	-0.29814744	0.1028815125921263
FOXJ3#chr1:42335136-42335154(+)	FOXJ3	targeting	-0.14247164	0.3606312128978806
FOXJ3#chr1:42335142-42335160(+)	FOXJ3	targeting	-0.1261354	0.0752135902467182
FOXJ3#chr1:42335147-42335165(-)	FOXJ3	targeting	-0.91439193	4.5662427938781015e-11
FOXJ3#chr1:42335167-42335185(+)	FOXJ3	targeting	-0.93027437	0.0001951601089418
FOXJ3#chr1:42335207-42335225(-)	FOXJ3	targeting	-0.038891125	0.7100655331220235
FOXK1#chr7:4682291-4682309(+)	FOXK1	targeting	0.1232639	0.5706679899030237
FOXK1#chr7:4682301-4682319(+)	FOXK1	targeting	0.14495918	0.6306040984292349
FOXK1#chr7:4682306-4682324(+)	FOXK1	targeting	-0.113904454	0.4330652598662188
FOXK1#chr7:4682313-4682331(+)	FOXK1	targeting	-0.29250002	0.661374703719456
FOXK1#chr7:4682486-4682504(-)	FOXK1	targeting	-0.48209265	0.2270065689409152
FOXK1#chr7:4682777-4682795(-)	FOXK1	targeting	-0.15961942	0.4516951391394401
FOXK2#chr17:82519786-82519804(-)	FOXK2	targeting	-0.21296664	0.2873675699460258
FOXK2#chr17:82519789-82519807(-)	FOXK2	targeting	-0.00041177712	0.998640734610018
FOXK2#chr17:82519798-82519816(-)	FOXK2	targeting	-0.13646972	0.6639633580974459
FOXK2#chr17:82519812-82519830(-)	FOXK2	targeting	-0.30239233	0.122399979861344
FOXK2#chr17:82519874-82519892(+)	FOXK2	targeting	0.09232463	0.5506551412335261
FOXK2#chr17:82520125-82520143(-)	FOXK2	targeting	-0.17649752	0.1602622548519513
FOXL1#chr16:86578758-86578776(-)	FOXL1	targeting		
FOXL1#chr16:86578772-86578790(-)	FOXL1	targeting		
FOXL1#chr16:86578782-86578800(+)	FOXL1	targeting		
FOXL1#chr16:86578794-86578812(-)	FOXL1	targeting		
FOXL1#chr16:86578810-86578828(-)	FOXL1	targeting		
FOXL1#chr16:86578923-86578941(+)	FOXL1	targeting		
FOXL2#chr3:138946904-138946922(-)	FOXL2	targeting		
FOXL2#chr3:138946948-138946966(+)	FOXL2	targeting		
FOXL2#chr3:138947055-138947073(-)	FOXL2	targeting		
FOXL2#chr3:138947059-138947077(-)	FOXL2	targeting		
FOXL2#chr3:138947082-138947100(+)	FOXL2	targeting		
FOXL2#chr3:138947110-138947128(-)	FOXL2	targeting		
FOXM1#chr12:2876684-2876702(+)	FOXM1	targeting	-0.6660525	0.344062683952215
FOXM1#chr12:2876730-2876748(+)	FOXM1	targeting	0.14851105	0.8115309656078682
FOXM1#chr12:2876902-2876920(-)	FOXM1	targeting	-1.5228308	0.0001494925960199
FOXM1#chr12:2876939-2876957(-)	FOXM1	targeting	-2.1039119	0.0046896760015657
FOXM1#chr12:2876942-2876960(-)	FOXM1	targeting	-1.225411	0.1044398534501001
FOXM1#chr12:2877146-2877164(-)	FOXM1	targeting	-0.28695145	0.330791272912644
FOXN1#chr17:28506259-28506277(-)	FOXN1	targeting		
FOXN1#chr17:28506333-28506351(-)	FOXN1	targeting		
FOXN1#chr17:28506353-28506371(+)	FOXN1	targeting		
FOXN1#chr17:28506523-28506541(+)	FOXN1	targeting		
FOXN1#chr17:28506553-28506571(-)	FOXN1	targeting		
FOXN1#chr17:28506570-28506588(+)	FOXN1	targeting		
FOXN2#chr2:48314704-48314722(+)	FOXN2	targeting	-1.0242809	0.0121527430398722
FOXN2#chr2:48314712-48314730(-)	FOXN2	targeting	-1.8353062	0.0019537489642272
FOXN2#chr2:48314722-48314740(-)	FOXN2	targeting	0.67802304	0.0745323172453957
FOXN2#chr2:48314768-48314786(-)	FOXN2	targeting	-2.263088	0.0002179158996836
FOXN2#chr2:48315089-48315107(+)	FOXN2	targeting	0.08802988	0.8239734849886344
FOXN2#chr2:48315112-48315130(+)	FOXN2	targeting	0.2200006	0.4989042660293357
FOXN3#chr14:89416760-89416778(-)	FOXN3	targeting	-0.30770737	0.0340676931101983
FOXN3#chr14:89416781-89416799(+)	FOXN3	targeting	0.047395494	0.7175153634315572
FOXN3#chr14:89416955-89416973(+)	FOXN3	targeting	-0.57990396	0.0040547970447407
FOXN3#chr14:89417153-89417171(+)	FOXN3	targeting	0.030581456	0.8971524368172672
FOXN3#chr14:89417157-89417175(+)	FOXN3	targeting	0.022549545	0.8840727284675266
FOXN3#chr14:89417219-89417237(+)	FOXN3	targeting	-0.79423386	0.091853122540968
FOXN3#chr14:89618942-89618960(+)	FOXN3	targeting	0.42179704	0.0313314856273898
FOXN3#chr14:89618980-89618998(+)	FOXN3	targeting	-0.41465583	0.0074787429574967
FOXN3#chr14:89619053-89619071(+)	FOXN3	targeting	-0.40728596	0.1041460537139308
FOXN3#chr14:89619077-89619095(+)	FOXN3	targeting	-0.10783298	0.3482980339919939
FOXN3#chr14:89619123-89619141(-)	FOXN3	targeting	-0.07033261	0.6513589534706459
FOXN3#chr14:89619142-89619160(+)	FOXN3	targeting	-0.32778645	0.2212865030872964
FOXN4#chr12:109309163-109309181(+)	FOXN4	targeting		
FOXN4#chr12:109309179-109309197(-)	FOXN4	targeting		
FOXN4#chr12:109309192-109309210(-)	FOXN4	targeting		
FOXN4#chr12:109309205-109309223(-)	FOXN4	targeting		
FOXN4#chr12:109309215-109309233(-)	FOXN4	targeting		
FOXN4#chr12:109309259-109309277(-)	FOXN4	targeting		
FOXO1#chr13:40666236-40666254(+)	FOXO1	targeting	-0.09371657	0.79347645170995
FOXO1#chr13:40666536-40666554(+)	FOXO1	targeting	-0.21273667	0.3851506234870615
FOXO1#chr13:40666566-40666584(-)	FOXO1	targeting	-0.23786035	0.3688855211303571
FOXO1#chr13:40666572-40666590(+)	FOXO1	targeting	0.051671315	0.7614469030943705
FOXO1#chr13:40666580-40666598(-)	FOXO1	targeting	-0.23169585	0.3434394361512418
FOXO1#chr13:40666626-40666644(-)	FOXO1	targeting	-0.13861679	0.498820610727644
FOXO3#chr6:108559819-108559837(+)	FOXO3	targeting	0.1061023	0.6331014618986344
FOXO3#chr6:108559822-108559840(+)	FOXO3	targeting	-0.0122709805	0.9569636286187068
FOXO3#chr6:108559858-108559876(+)	FOXO3	targeting	-0.022818618	0.9419430765522908
FOXO3#chr6:108559861-108559879(+)	FOXO3	targeting	0.04117865	0.8235007685212243
FOXO3#chr6:108560086-108560104(-)	FOXO3	targeting	-0.49166754	0.4105866667549708
FOXO3#chr6:108560230-108560248(+)	FOXO3	targeting	0.004691961	0.9801039652692044
FOXO3#chr6:108560893-108560911(+)	FOXO3	targeting	-0.027232282	0.886673816293948
FOXO3#chr6:108560921-108560939(+)	FOXO3	targeting	0.10168254	0.6039344498761919
FOXO3#chr6:108560933-108560951(-)	FOXO3	targeting	-0.0928338	0.6777565191691503
FOXO3#chr6:108560936-108560954(+)	FOXO3	targeting	-0.36825	0.13525620070692
FOXO3#chr6:108560951-108560969(+)	FOXO3	targeting	-0.62228656	0.1023858089692561
FOXO3#chr6:108561174-108561192(+)	FOXO3	targeting	0.011586876	0.9708820007533367
FOXO4#chrX:71095999-71096017(+)	FOXO4	targeting		
FOXO4#chrX:71096008-71096026(+)	FOXO4	targeting		
FOXO4#chrX:71096014-71096032(+)	FOXO4	targeting		
FOXO4#chrX:71096087-71096105(+)	FOXO4	targeting		
FOXO4#chrX:71096090-71096108(+)	FOXO4	targeting		
FOXO4#chrX:71096233-71096251(+)	FOXO4	targeting		
FOXO6#chr1:41361492-41361510(+)	FOXO6	targeting		
FOXO6#chr1:41361499-41361517(+)	FOXO6	targeting		
FOXO6#chr1:41361659-41361677(+)	FOXO6	targeting		
FOXO6#chr1:41361736-41361754(-)	FOXO6	targeting		
FOXO6#chr1:41361940-41361958(+)	FOXO6	targeting		
FOXO6#chr1:41362164-41362182(+)	FOXO6	targeting		
FOXP1#chr3:71244600-71244618(+)	FOXP1	targeting	-0.021795727	0.9238335651453604
FOXP1#chr3:71244935-71244953(+)	FOXP1	targeting	-0.3264085	0.3843821266117631
FOXP1#chr3:71244941-71244959(-)	FOXP1	targeting	0.14303347	0.6270561268613177
FOXP1#chr3:71245079-71245097(+)	FOXP1	targeting	-0.42584065	0.2154798832768028
FOXP1#chr3:71245097-71245115(-)	FOXP1	targeting	0.26596588	0.6168657905844293
FOXP1#chr3:71245158-71245176(+)	FOXP1	targeting	0.36295643	0.3829777576327059
FOXP1#chr3:71543111-71543129(-)	FOXP1	targeting	-0.08105315	0.777640917185554
FOXP1#chr3:71543127-71543145(+)	FOXP1	targeting	-0.21813896	0.6118206723135589
FOXP1#chr3:71543421-71543439(+)	FOXP1	targeting	-0.216178	0.2974208705138577
FOXP1#chr3:71543441-71543459(+)	FOXP1	targeting	0.02257466	0.9248369842699168
FOXP1#chr3:71543494-71543512(+)	FOXP1	targeting	0.029013146	0.9629956357013568
FOXP1#chr3:71543508-71543526(-)	FOXP1	targeting	0.13480978	0.7635612372764856
FOXP1#chr3:71583570-71583588(+)	FOXP1	targeting	0.1481356	0.6538210709723418
FOXP1#chr3:71583755-71583773(+)	FOXP1	targeting	-0.5237133	0.1848322845075122
FOXP1#chr3:71583788-71583806(+)	FOXP1	targeting	-0.75893766	0.218524885519753
FOXP1#chr3:71583867-71583885(+)	FOXP1	targeting	0.17273389	0.3791661628687471
FOXP1#chr3:71583908-71583926(+)	FOXP1	targeting	-0.09041047	0.7701552185769637
FOXP1#chr3:71583953-71583971(-)	FOXP1	targeting	-0.31861523	0.1571061783929604
FOXP2#chr7:114414365-114414383(+)	FOXP2	targeting	-0.07785499	0.5515973350219264
FOXP2#chr7:114414522-114414540(+)	FOXP2	targeting	0.18218516	0.1080633376104334
FOXP2#chr7:114414536-114414554(+)	FOXP2	targeting	0.0696638	0.53345811500431
FOXP2#chr7:114414553-114414571(+)	FOXP2	targeting	-0.41970405	0.0206876301438984
FOXP2#chr7:114414671-114414689(+)	FOXP2	targeting	-0.252271	0.094859028130302
FOXP2#chr7:114414721-114414739(-)	FOXP2	targeting	-0.102919064	0.3873367603762013
FOXP2#chr7:114415016-114415034(-)	FOXP2	targeting	-0.019224718	0.8461369881745657
FOXP2#chr7:114415031-114415049(-)	FOXP2	targeting	-0.27896658	0.0585871276617529
FOXP2#chr7:114415042-114415060(-)	FOXP2	targeting	-0.054632176	0.7381250770914255
FOXP2#chr7:114415137-114415155(+)	FOXP2	targeting	0.12694144	0.642270215410135
FOXP2#chr7:114415189-114415207(+)	FOXP2	targeting	0.033966526	0.757795079232539
FOXP2#chr7:114415522-114415540(+)	FOXP2	targeting	0.06337503	0.68426453174591
FOXP3#chrX:49264466-49264484(-)	FOXP3	targeting		
FOXP3#chrX:49264622-49264640(+)	FOXP3	targeting		
FOXP3#chrX:49264631-49264649(+)	FOXP3	targeting		
FOXP3#chrX:49264644-49264662(+)	FOXP3	targeting		
FOXP3#chrX:49264663-49264681(-)	FOXP3	targeting		
FOXP3#chrX:49264666-49264684(+)	FOXP3	targeting		
FOXP4#chr6:41546382-41546400(-)	FOXP4	targeting	0.0019785638	0.9908034363966276
FOXP4#chr6:41546392-41546410(-)	FOXP4	targeting	0.015035552	0.9664775417459968
FOXP4#chr6:41546409-41546427(-)	FOXP4	targeting	-0.22637005	0.5179151293953507
FOXP4#chr6:41546529-41546547(+)	FOXP4	targeting	-0.05952596	0.7953855462612565
FOXP4#chr6:41546607-41546625(+)	FOXP4	targeting	0.2867853	0.4194825898391302
FOXP4#chr6:41546611-41546629(+)	FOXP4	targeting	0.225252	0.6390773557571153
FOXQ1#chr6:1312072-1312090(+)	FOXQ1	targeting	-3.099615	6.970845546249193e-05
FOXQ1#chr6:1312075-1312093(+)	FOXQ1	targeting	-0.24159841	0.7868745093032748
FOXQ1#chr6:1312126-1312144(+)	FOXQ1	targeting	-0.68833095	0.2778855280320063
FOXQ1#chr6:1312179-1312197(-)	FOXQ1	targeting	-1.4371216	0.0922025366871506
FOXQ1#chr6:1312192-1312210(-)	FOXQ1	targeting	-1.089792	0.0365886647110857
FOXQ1#chr6:1312302-1312320(-)	FOXQ1	targeting	-0.55808	0.3182442063627222
FOXR1#chr11:118971752-118971770(+)	FOXR1	targeting		
FOXR1#chr11:118971810-118971828(-)	FOXR1	targeting		
FOXR1#chr11:118971880-118971898(-)	FOXR1	targeting		
FOXR1#chr11:118971963-118971981(-)	FOXR1	targeting		
FOXR1#chr11:118971973-118971991(-)	FOXR1	targeting		
FOXR1#chr11:118971982-118972000(+)	FOXR1	targeting		
FOXR2#chrX:55623405-55623423(-)	FOXR2	targeting		
FOXR2#chrX:55623565-55623583(-)	FOXR2	targeting		
FOXR2#chrX:55623591-55623609(-)	FOXR2	targeting		
FOXR2#chrX:55623605-55623623(-)	FOXR2	targeting		
FOXR2#chrX:55623750-55623768(+)	FOXR2	targeting		
FOXR2#chrX:55623811-55623829(-)	FOXR2	targeting		
FOXS1#chr20:31845280-31845298(-)	FOXS1	targeting		
FOXS1#chr20:31845387-31845405(+)	FOXS1	targeting		
FOXS1#chr20:31845418-31845436(-)	FOXS1	targeting		
FOXS1#chr20:31845438-31845456(-)	FOXS1	targeting		
FOXS1#chr20:31845476-31845494(+)	FOXS1	targeting		
FOXS1#chr20:31845562-31845580(+)	FOXS1	targeting		
FUBP1#chr1:77978618-77978636(+)	FUBP1	targeting	-0.030341048	0.5532458112357885
FUBP1#chr1:77978669-77978687(+)	FUBP1	targeting	-0.23690806	0.0008746060084038
FUBP1#chr1:77978878-77978896(-)	FUBP1	targeting	-0.6671049	2.0152806580842676e-09
FUBP1#chr1:77979024-77979042(-)	FUBP1	targeting	-0.8021877	9.050093116925404e-05
FUBP1#chr1:77979030-77979048(-)	FUBP1	targeting	-0.67720723	0.0621154997009172
FUBP1#chr1:77979033-77979051(-)	FUBP1	targeting	-1.0979146	0.0219698901430718
FUBP3#chr9:130579043-130579061(+)	FUBP3	targeting	-0.038631797	0.8418722513610738
FUBP3#chr9:130579582-130579600(+)	FUBP3	targeting	-0.41762972	0.4057725637906554
FUBP3#chr9:130579587-130579605(+)	FUBP3	targeting	-0.98649746	0.0015716968316652
FUBP3#chr9:130579591-130579609(+)	FUBP3	targeting	-2.334683	0.0194282350305696
FUBP3#chr9:130579784-130579802(+)	FUBP3	targeting	-0.9518138	0.0035950766385889
FUBP3#chr9:130579826-130579844(+)	FUBP3	targeting	0.3351864	0.0140222474032728
FXN#chr9:69035708-69035726(+)	FXN	targeting		
FXN#chr9:69035775-69035793(+)	FXN	targeting		
FXN#chr9:69035803-69035821(-)	FXN	targeting		
FXN#chr9:69035818-69035836(-)	FXN	targeting		
FXN#chr9:69036073-69036091(-)	FXN	targeting		
FXN#chr9:69036078-69036096(-)	FXN	targeting		
GABPA#chr21:25734968-25734986(-)	GABPA	targeting	-0.113504775	0.2286441455602759
GABPA#chr21:25734975-25734993(+)	GABPA	targeting	-0.109784	0.669869053817447
GABPA#chr21:25734986-25735004(+)	GABPA	targeting	-0.17050233	0.7044322407923552
GABPA#chr21:25735008-25735026(+)	GABPA	targeting	-0.25015503	0.740418037530781
GABPA#chr21:25735454-25735472(-)	GABPA	targeting	0.03576449	0.8778697895520098
GABPA#chr21:25735573-25735591(-)	GABPA	targeting	0.013952131	0.96431246145602
GABPB1#chr15:50354626-50354644(+)	GABPB1	targeting	-0.044228543	0.8440610776868587
GABPB1#chr15:50354666-50354684(+)	GABPB1	targeting	-0.1072443	0.5397115126521925
GABPB1#chr15:50354682-50354700(+)	GABPB1	targeting	0.03757683	0.847296764532799
GABPB1#chr15:50354692-50354710(+)	GABPB1	targeting	-0.4352454	0.0750915346988391
GABPB1#chr15:50354995-50355013(+)	GABPB1	targeting	-0.22237734	0.3951628450522199
GABPB1#chr15:50355037-50355055(+)	GABPB1	targeting	-0.4207787	0.2748637416614226
GAS7#chr17:10198513-10198531(-)	GAS7	targeting	-0.975676	0.0036826818554784
GAS7#chr17:10198564-10198582(+)	GAS7	targeting	-1.6305898	0.0006829342362679
GAS7#chr17:10198666-10198684(+)	GAS7	targeting	-1.6254365	0.1036546238575931
GAS7#chr17:10198687-10198705(+)	GAS7	targeting	-0.7974739	0.2599912667948347
GAS7#chr17:10198702-10198720(+)	GAS7	targeting	-2.4432218	5.031561451250315e-07
GAS7#chr17:10198733-10198751(-)	GAS7	targeting	-1.9658991	8.761454499920584e-05
GATA1#chrX:48786581-48786599(-)	GATA1	targeting		
GATA1#chrX:48786584-48786602(-)	GATA1	targeting		
GATA1#chrX:48786594-48786612(+)	GATA1	targeting		
GATA1#chrX:48786627-48786645(-)	GATA1	targeting		
GATA1#chrX:48786700-48786718(-)	GATA1	targeting		
GATA1#chrX:48786706-48786724(-)	GATA1	targeting		
GATA2#chr3:128487497-128487515(-)	GATA2	targeting		
GATA2#chr3:128487807-128487825(+)	GATA2	targeting		
GATA2#chr3:128487820-128487838(+)	GATA2	targeting		
GATA2#chr3:128487883-128487901(-)	GATA2	targeting		
GATA2#chr3:128487893-128487911(-)	GATA2	targeting		
GATA2#chr3:128487918-128487936(-)	GATA2	targeting		
GATA2#chr3:128492779-128492797(+)	GATA2	targeting		
GATA2#chr3:128493094-128493112(+)	GATA2	targeting		
GATA2#chr3:128493133-128493151(+)	GATA2	targeting		
GATA2#chr3:128493142-128493160(+)	GATA2	targeting		
GATA2#chr3:128493151-128493169(-)	GATA2	targeting		
GATA2#chr3:128493159-128493177(+)	GATA2	targeting		
GATA3#chr10:8054872-8054890(-)	GATA3	targeting	-0.29973686	0.0139923236443454
GATA3#chr10:8054890-8054908(-)	GATA3	targeting	-0.32734877	0.0007936749921688
GATA3#chr10:8055021-8055039(+)	GATA3	targeting	-0.052435543	0.8378012069427968
GATA3#chr10:8055077-8055095(-)	GATA3	targeting	0.22492073	0.115133791686859
GATA3#chr10:8055184-8055202(-)	GATA3	targeting	-0.7964194	0.0027184892358555
GATA3#chr10:8055233-8055251(+)	GATA3	targeting	-0.17915179	0.1132824815841921
GATA4#chr8:11704145-11704163(+)	GATA4	targeting	-0.36729342	0.0061996186703259
GATA4#chr8:11704184-11704202(+)	GATA4	targeting	-0.48669317	3.66654193704015e-13
GATA4#chr8:11704190-11704208(+)	GATA4	targeting	0.022392143	0.901843457633702
GATA4#chr8:11704208-11704226(+)	GATA4	targeting	-0.23301347	0.0170645292942606
GATA4#chr8:11704233-11704251(-)	GATA4	targeting	0.08549313	0.4499853180241189
GATA4#chr8:11704271-11704289(-)	GATA4	targeting	-0.48919713	0.0260873757501135
GATA5#chr20:62475626-62475644(-)	GATA5	targeting		
GATA5#chr20:62475629-62475647(-)	GATA5	targeting		
GATA5#chr20:62475758-62475776(-)	GATA5	targeting		
GATA5#chr20:62475786-62475804(+)	GATA5	targeting		
GATA5#chr20:62475920-62475938(+)	GATA5	targeting		
GATA5#chr20:62475976-62475994(+)	GATA5	targeting		
GATA6#chr18:22169605-22169623(-)	GATA6	targeting	0.00021207586	0.9993166743216144
GATA6#chr18:22169615-22169633(-)	GATA6	targeting	-0.16365881	0.2600956633068204
GATA6#chr18:22169629-22169647(-)	GATA6	targeting	-0.048024565	0.7964156311732453
GATA6#chr18:22169648-22169666(-)	GATA6	targeting	0.14695576	0.3802685453205695
GATA6#chr18:22169651-22169669(-)	GATA6	targeting	0.24161255	0.3202268288473632
GATA6#chr18:22169676-22169694(-)	GATA6	targeting	0.21216188	0.2447221963343852
GATAD1#chr7:92447490-92447508(-)	GATAD1	targeting	-0.7218137	0.0213873097086011
GATAD1#chr7:92447503-92447521(-)	GATAD1	targeting	-1.2928674	0.0140906304975025
GATAD1#chr7:92447565-92447583(-)	GATAD1	targeting	-1.1281692	0.00441324416717
GATAD1#chr7:92447627-92447645(-)	GATAD1	targeting	-1.9927057	3.240945936297764e-19
GATAD1#chr7:92447635-92447653(-)	GATAD1	targeting	-0.977631	0.0510983697757517
GATAD1#chr7:92447642-92447660(+)	GATAD1	targeting	-0.3533924	0.0687456757692392
GATAD2A#chr19:19385794-19385812(+)	GATAD2A	targeting	-0.06770122	0.5884116435795397
GATAD2A#chr19:19385962-19385980(+)	GATAD2A	targeting	-0.13034356	0.560148602833697
GATAD2A#chr19:19385966-19385984(+)	GATAD2A	targeting	0.007082236	0.9726555294592508
GATAD2A#chr19:19386028-19386046(+)	GATAD2A	targeting	-0.08255086	0.6228261291140179
GATAD2A#chr19:19386042-19386060(-)	GATAD2A	targeting	-0.40580785	0.2623105133096612
GATAD2A#chr19:19386086-19386104(+)	GATAD2A	targeting	-0.570194	0.0668952050247478
GATAD2A#chr19:19405761-19405779(+)	GATAD2A	targeting	0.042756565	0.906482948797997
GATAD2A#chr19:19405799-19405817(+)	GATAD2A	targeting	-0.21380194	0.442220217985992
GATAD2A#chr19:19405804-19405822(-)	GATAD2A	targeting	-0.18614382	0.3647534304170662
GATAD2A#chr19:19405975-19405993(-)	GATAD2A	targeting	-0.4357748	0.0032800589468146
GATAD2A#chr19:19406203-19406221(-)	GATAD2A	targeting	-0.39038885	0.340688493983116
GATAD2A#chr19:19406220-19406238(-)	GATAD2A	targeting	-0.32186952	0.0027973242845179
GATAD2B#chr1:153922304-153922322(+)	GATAD2B	targeting	0.25124723	0.0021817182413794
GATAD2B#chr1:153922668-153922686(-)	GATAD2B	targeting	-2.3544192	1.6457383955037552e-18
GATAD2B#chr1:153922735-153922753(-)	GATAD2B	targeting	-0.34665897	0.3280532803167808
GATAD2B#chr1:153922885-153922903(+)	GATAD2B	targeting	-1.6691513	4.449362902966414e-28
GATAD2B#chr1:153922894-153922912(+)	GATAD2B	targeting	-0.06254744	0.5513492360404844
GATAD2B#chr1:153922897-153922915(+)	GATAD2B	targeting	-1.8144832	1.6827866534856524e-05
GBX1#chr7:151167377-151167395(+)	GBX1	targeting		
GBX1#chr7:151167451-151167469(+)	GBX1	targeting		
GBX1#chr7:151167457-151167475(+)	GBX1	targeting		
GBX1#chr7:151167572-151167590(-)	GBX1	targeting		
GBX1#chr7:151167617-151167635(+)	GBX1	targeting		
GBX1#chr7:151167675-151167693(+)	GBX1	targeting		
GBX1#chr7:151174474-151174492(+)	GBX1	targeting		
GBX1#chr7:151174485-151174503(-)	GBX1	targeting		
GBX1#chr7:151174706-151174724(-)	GBX1	targeting		
GBX1#chr7:151174709-151174727(-)	GBX1	targeting		
GBX1#chr7:151174719-151174737(-)	GBX1	targeting		
GBX1#chr7:151174724-151174742(-)	GBX1	targeting		
GBX2#chr2:236167979-236167997(+)	GBX2	targeting		
GBX2#chr2:236168298-236168316(-)	GBX2	targeting		
GBX2#chr2:236168310-236168328(-)	GBX2	targeting		
GBX2#chr2:236168331-236168349(-)	GBX2	targeting		
GBX2#chr2:236168345-236168363(+)	GBX2	targeting		
GBX2#chr2:236168351-236168369(-)	GBX2	targeting		
GCFC2#chr2:75710658-75710676(+)	GCFC2	targeting	-0.5291002	0.2747411623021563
GCFC2#chr2:75710661-75710679(+)	GCFC2	targeting	-0.6106401	0.3665618916964491
GCFC2#chr2:75710699-75710717(+)	GCFC2	targeting	-1.9269123	0.0031055686091695
GCFC2#chr2:75710710-75710728(-)	GCFC2	targeting	-2.1572785	7.093523927406914e-06
GCFC2#chr2:75710838-75710856(-)	GCFC2	targeting	-0.61112326	0.0067281709078222
GCFC2#chr2:75710882-75710900(-)	GCFC2	targeting	-2.4571843	0.003873295139033
GCM1#chr6:53148549-53148567(-)	GCM1	targeting		
GCM1#chr6:53148679-53148697(+)	GCM1	targeting		
GCM1#chr6:53148717-53148735(-)	GCM1	targeting		
GCM1#chr6:53148728-53148746(-)	GCM1	targeting		
GCM1#chr6:53148733-53148751(-)	GCM1	targeting		
GCM1#chr6:53148789-53148807(+)	GCM1	targeting		
GCM2#chr6:10881968-10881986(+)	GCM2	targeting		
GCM2#chr6:10881984-10882002(-)	GCM2	targeting		
GCM2#chr6:10881995-10882013(-)	GCM2	targeting		
GCM2#chr6:10882007-10882025(-)	GCM2	targeting		
GCM2#chr6:10882013-10882031(+)	GCM2	targeting		
GCM2#chr6:10882030-10882048(-)	GCM2	targeting		
GFI1#chr1:92483544-92483562(-)	GFI1	targeting		
GFI1#chr1:92483680-92483698(+)	GFI1	targeting		
GFI1#chr1:92483697-92483715(-)	GFI1	targeting		
GFI1#chr1:92483732-92483750(+)	GFI1	targeting		
GFI1#chr1:92483766-92483784(-)	GFI1	targeting		
GFI1#chr1:92483782-92483800(-)	GFI1	targeting		
GFI1#chr1:92485858-92485876(+)	GFI1	targeting		
GFI1#chr1:92485978-92485996(+)	GFI1	targeting		
GFI1#chr1:92485986-92486004(+)	GFI1	targeting		
GFI1#chr1:92485998-92486016(+)	GFI1	targeting		
GFI1#chr1:92486006-92486024(+)	GFI1	targeting		
GFI1#chr1:92486012-92486030(+)	GFI1	targeting		
GFI1B#chr9:132978740-132978758(+)	GFI1B	targeting		
GFI1B#chr9:132978759-132978777(+)	GFI1B	targeting		
GFI1B#chr9:132978780-132978798(+)	GFI1B	targeting		
GFI1B#chr9:132978789-132978807(+)	GFI1B	targeting		
GFI1B#chr9:132978795-132978813(-)	GFI1B	targeting		
GFI1B#chr9:132978798-132978816(-)	GFI1B	targeting		
GLI1#chr12:57459778-57459796(+)	GLI1	targeting		
GLI1#chr12:57459789-57459807(+)	GLI1	targeting		
GLI1#chr12:57459794-57459812(+)	GLI1	targeting		
GLI1#chr12:57459804-57459822(-)	GLI1	targeting		
GLI1#chr12:57459860-57459878(-)	GLI1	targeting		
GLI1#chr12:57459880-57459898(-)	GLI1	targeting		
GLI2#chr2:120792263-120792281(-)	GLI2	targeting	-0.1249999	0.6172297878804487
GLI2#chr2:120792273-120792291(+)	GLI2	targeting	-0.084418364	0.5547537420753947
GLI2#chr2:120792431-120792449(+)	GLI2	targeting	0.15757091	0.5703701489882832
GLI2#chr2:120792442-120792460(+)	GLI2	targeting	0.19760112	0.2022686558734621
GLI2#chr2:120792469-120792487(+)	GLI2	targeting	0.1852439	0.6522257237909921
GLI2#chr2:120792484-120792502(-)	GLI2	targeting	-0.12621188	0.4538364604695281
GLI2#chr2:120797294-120797312(+)	GLI2	targeting	-0.13485178	0.4212843052102676
GLI2#chr2:120797299-120797317(-)	GLI2	targeting	-0.4554013	0.1113937314535549
GLI2#chr2:120797303-120797321(+)	GLI2	targeting	0.296775	0.274291517454693
GLI2#chr2:120797349-120797367(-)	GLI2	targeting	-0.09608347	0.6627041571598001
GLI2#chr2:120797363-120797381(+)	GLI2	targeting	-0.29336584	0.3077738818620751
GLI2#chr2:120797367-120797385(-)	GLI2	targeting	0.010816797	0.9034754403430948
GLI3#chr7:42236803-42236821(+)	GLI3	targeting	0.28158256	0.525454860452852
GLI3#chr7:42236955-42236973(+)	GLI3	targeting	-0.20539314	0.5589812143803582
GLI3#chr7:42236958-42236976(+)	GLI3	targeting	0.08313436	0.805532515500043
GLI3#chr7:42236964-42236982(+)	GLI3	targeting	0.05548508	0.7778986482856228
GLI3#chr7:42236998-42237016(-)	GLI3	targeting	-0.20350488	0.4773942506316644
GLI3#chr7:42237160-42237178(+)	GLI3	targeting	-0.03207337	0.9096807367857608
GLI4#chr8:143267464-143267482(+)	GLI4	targeting	-0.28204307	0.6934168888459028
GLI4#chr8:143267470-143267488(-)	GLI4	targeting	-1.6357067	0.0148389694153874
GLI4#chr8:143267472-143267490(+)	GLI4	targeting	-0.96622485	0.0641609886069381
GLI4#chr8:143267477-143267495(-)	GLI4	targeting	-0.95294297	0.0871466058532906
GLI4#chr8:143267481-143267499(+)	GLI4	targeting	-0.40018445	0.5846316706275031
GLI4#chr8:143267536-143267554(-)	GLI4	targeting	-1.7161252	0.0022005913777001
GLIS1#chr1:53733856-53733874(+)	GLIS1	targeting	-0.1924461	0.4765706246738648
GLIS1#chr1:53734028-53734046(-)	GLIS1	targeting	-0.22474328	0.3942151249624144
GLIS1#chr1:53734031-53734049(-)	GLIS1	targeting	-0.070948645	0.6246781685148317
GLIS1#chr1:53734099-53734117(+)	GLIS1	targeting	0.18825378	0.5969685391851072
GLIS1#chr1:53734115-53734133(-)	GLIS1	targeting	0.099668235	0.65143974131497
GLIS1#chr1:53734117-53734135(+)	GLIS1	targeting	0.09224674	0.5616424567228009
GLIS2#chr16:4334854-4334872(+)	GLIS2	targeting		
GLIS2#chr16:4334905-4334923(-)	GLIS2	targeting		
GLIS2#chr16:4334910-4334928(-)	GLIS2	targeting		
GLIS2#chr16:4334915-4334933(-)	GLIS2	targeting		
GLIS2#chr16:4334951-4334969(-)	GLIS2	targeting		
GLIS2#chr16:4335057-4335075(-)	GLIS2	targeting		
GLIS3#chr9:4299836-4299854(-)	GLIS3	targeting	-1.2467816	0.0167918706516348
GLIS3#chr9:4299860-4299878(-)	GLIS3	targeting	-0.41595626	0.6340152377529817
GLIS3#chr9:4299870-4299888(+)	GLIS3	targeting	-0.45889142	0.1982361941489337
GLIS3#chr9:4299954-4299972(-)	GLIS3	targeting	-1.07119	0.0254862467500783
GLIS3#chr9:4299987-4300005(+)	GLIS3	targeting	-0.55407315	0.3543787700655944
GLIS3#chr9:4300060-4300078(+)	GLIS3	targeting	-0.60182005	0.1861261932433613
GLYR1#chr16:4847114-4847132(-)	GLYR1	targeting	0.0045988793	0.9742909686182712
GLYR1#chr16:4847230-4847248(-)	GLYR1	targeting	-0.1615206	0.3217247333662986
GLYR1#chr16:4847243-4847261(-)	GLYR1	targeting	-0.33006075	0.4139324332487534
GLYR1#chr16:4847276-4847294(-)	GLYR1	targeting	-0.063489474	0.6856234391486359
GLYR1#chr16:4847284-4847302(-)	GLYR1	targeting	0.11191726	0.5814114996947375
GLYR1#chr16:4847287-4847305(-)	GLYR1	targeting	-0.13633952	0.5804060062367761
GMEB1#chr1:28668819-28668837(+)	GMEB1	targeting	-0.6445437	0.11105006262569
GMEB1#chr1:28668978-28668996(-)	GMEB1	targeting	0.15598936	0.6188256415422828
GMEB1#chr1:28668986-28669004(-)	GMEB1	targeting	-0.22813106	0.3785741404830147
GMEB1#chr1:28669005-28669023(-)	GMEB1	targeting	-0.32925892	0.127298513424243
GMEB1#chr1:28669111-28669129(+)	GMEB1	targeting	0.30787754	0.2463161975190667
GMEB1#chr1:28669183-28669201(+)	GMEB1	targeting	0.13703465	0.8051945197824621
GMEB2#chr20:63626713-63626731(+)	GMEB2	targeting	-0.2893659	0.3829229569053508
GMEB2#chr20:63626873-63626891(+)	GMEB2	targeting	-0.3791317	0.3765142504639051
GMEB2#chr20:63626970-63626988(+)	GMEB2	targeting	0.733993	0.1274261416702884
GMEB2#chr20:63627041-63627059(-)	GMEB2	targeting	-0.3776812	0.6145363329731769
GMEB2#chr20:63627050-63627068(+)	GMEB2	targeting	-0.034083556	0.9129438724986404
GMEB2#chr20:63627055-63627073(-)	GMEB2	targeting	-0.40945327	0.5380424538056046
GON4L#chr1:155856958-155856976(-)	GON4L	targeting	-1.0718999	3.192490958218354e-08
GON4L#chr1:155857031-155857049(-)	GON4L	targeting	-0.9971932	3.910414688827634e-07
GON4L#chr1:155857058-155857076(-)	GON4L	targeting	-1.7119116	2.8403094490416924e-05
GON4L#chr1:155857156-155857174(-)	GON4L	targeting	-1.3552136	0.0081639029046711
GON4L#chr1:155857163-155857181(+)	GON4L	targeting	-0.21732669	0.0034289929741553
GON4L#chr1:155857169-155857187(+)	GON4L	targeting	-1.3569219	8.803271563870578e-05
GON4L#chr1:155859293-155859311(-)	GON4L	targeting	-0.1682179	0.3277563514745809
GON4L#chr1:155859306-155859324(-)	GON4L	targeting	-0.14029765	0.5252298386029713
GON4L#chr1:155859324-155859342(+)	GON4L	targeting	-0.12225847	0.6595290358781121
GON4L#chr1:155859330-155859348(+)	GON4L	targeting	-0.1294119	0.2781887286774868
GON4L#chr1:155859343-155859361(+)	GON4L	targeting	0.16375452	0.5452356255760407
GON4L#chr1:155859355-155859373(+)	GON4L	targeting	0.11453435	0.4285865524822148
GPBP1#chr5:57173821-57173839(+)	GPBP1	targeting	-0.10791052	0.1786111757975019
GPBP1#chr5:57174054-57174072(+)	GPBP1	targeting	0.39110246	0.0043097803708466
GPBP1#chr5:57174081-57174099(-)	GPBP1	targeting	-0.011024667	0.7802514255791051
GPBP1#chr5:57174086-57174104(+)	GPBP1	targeting	-0.4842365	0.0048983673058382
GPBP1#chr5:57174278-57174296(+)	GPBP1	targeting	0.006827857	0.956192247314272
GPBP1#chr5:57174320-57174338(+)	GPBP1	targeting	-0.024894416	0.6981638352348793
GPBP1L1#chr1:45686266-45686284(-)	GPBP1L1	targeting	0.08511512	0.5571063401424148
GPBP1L1#chr1:45686468-45686486(+)	GPBP1L1	targeting	-0.996664	7.703914290140153e-06
GPBP1L1#chr1:45686507-45686525(-)	GPBP1L1	targeting	0.073052116	0.5034107101839578
GPBP1L1#chr1:45686536-45686554(+)	GPBP1L1	targeting	-0.08365773	0.7919723952121533
GPBP1L1#chr1:45686541-45686559(-)	GPBP1L1	targeting	-0.35775834	0.0307401177509223
GPBP1L1#chr1:45686817-45686835(-)	GPBP1L1	targeting	-0.25930756	0.004143631116162
GRHL1#chr2:9951703-9951721(+)	GRHL1	targeting		
GRHL1#chr2:9951713-9951731(-)	GRHL1	targeting		
GRHL1#chr2:9951718-9951736(-)	GRHL1	targeting		
GRHL1#chr2:9951763-9951781(-)	GRHL1	targeting		
GRHL1#chr2:9951766-9951784(-)	GRHL1	targeting		
GRHL1#chr2:9951770-9951788(-)	GRHL1	targeting		
GRHL2#chr8:101492459-101492477(-)	GRHL2	targeting	-2.8514237	2.6313693824004603e-06
GRHL2#chr8:101492500-101492518(-)	GRHL2	targeting	-2.4606602	9.575503165372086e-16
GRHL2#chr8:101492605-101492623(+)	GRHL2	targeting	-1.8909756	4.048123907363046e-24
GRHL2#chr8:101492668-101492686(-)	GRHL2	targeting	-3.1241071	4.238196696619813e-08
GRHL2#chr8:101493045-101493063(-)	GRHL2	targeting	-2.3271885	8.178489760947767e-05
GRHL2#chr8:101493212-101493230(+)	GRHL2	targeting	-2.5928943	1.2602881528701515e-24
GRHL3#chr1:24319344-24319362(+)	GRHL3	targeting		
GRHL3#chr1:24319371-24319389(-)	GRHL3	targeting		
GRHL3#chr1:24319384-24319402(-)	GRHL3	targeting		
GRHL3#chr1:24319513-24319531(+)	GRHL3	targeting		
GRHL3#chr1:24319519-24319537(-)	GRHL3	targeting		
GRHL3#chr1:24319943-24319961(+)	GRHL3	targeting		
GSC#chr14:94769612-94769630(+)	GSC	targeting	-0.7357152	0.2858004684500884
GSC#chr14:94769685-94769703(+)	GSC	targeting	0.5870257	0.1542042808036724
GSC#chr14:94769846-94769864(+)	GSC	targeting	-1.2604302	0.0006571984189923
GSC#chr14:94769900-94769918(+)	GSC	targeting	-1.0143569	0.1325563027431582
GSC#chr14:94770059-94770077(+)	GSC	targeting	-0.032854512	0.9077900576174966
GSC2#chr22:19149909-19149927(+)	GSC2	targeting		
GSC2#chr22:19150116-19150134(-)	GSC2	targeting		
GSC2#chr22:19150183-19150201(+)	GSC2	targeting		
GSC2#chr22:19150201-19150219(+)	GSC2	targeting		
GSC2#chr22:19150207-19150225(+)	GSC2	targeting		
GSC2#chr22:19150233-19150251(+)	GSC2	targeting		
GSX1#chr13:27792500-27792518(+)	GSX1	targeting		
GSX1#chr13:27792506-27792524(-)	GSX1	targeting		
GSX1#chr13:27792527-27792545(-)	GSX1	targeting		
GSX1#chr13:27792555-27792573(-)	GSX1	targeting		
GSX1#chr13:27792567-27792585(-)	GSX1	targeting		
GSX1#chr13:27792737-27792755(+)	GSX1	targeting		
GSX2#chr4:54100171-54100189(+)	GSX2	targeting		
GSX2#chr4:54100185-54100203(-)	GSX2	targeting		
GSX2#chr4:54100212-54100230(-)	GSX2	targeting		
GSX2#chr4:54100219-54100237(+)	GSX2	targeting		
GSX2#chr4:54100226-54100244(-)	GSX2	targeting		
GSX2#chr4:54100251-54100269(+)	GSX2	targeting		
GTF2A1#chr14:81220447-81220465(+)	GTF2A1	targeting	-0.059447125	0.7732682478832562
GTF2A1#chr14:81220472-81220490(+)	GTF2A1	targeting	0.17745805	0.5938445855927647
GTF2A1#chr14:81220822-81220840(-)	GTF2A1	targeting	-0.04131073	0.9221934665861592
GTF2A1#chr14:81220875-81220893(-)	GTF2A1	targeting	-0.7389054	0.1628461710274625
GTF2A1#chr14:81220898-81220916(-)	GTF2A1	targeting	0.038385216	0.6761086365803226
GTF2A1#chr14:81220913-81220931(-)	GTF2A1	targeting	-0.2324402	0.3192705391903378
GTF2A1L#chr2:48617809-48617827(-)	GTF2A1L	targeting		
GTF2A1L#chr2:48617875-48617893(+)	GTF2A1L	targeting		
GTF2A1L#chr2:48617880-48617898(+)	GTF2A1L	targeting		
GTF2A1L#chr2:48617892-48617910(-)	GTF2A1L	targeting		
GTF2A1L#chr2:48617904-48617922(+)	GTF2A1L	targeting		
GTF2A1L#chr2:48617909-48617927(-)	GTF2A1L	targeting		
GTF2A2#chr15:59657160-59657178(-)	GTF2A2	targeting	-0.8255076	2.809636267445001e-05
GTF2A2#chr15:59657254-59657272(+)	GTF2A2	targeting	-0.110118404	0.5645316838538774
GTF2A2#chr15:59657323-59657341(-)	GTF2A2	targeting	-0.44099855	0.368536671135262
GTF2A2#chr15:59657438-59657456(+)	GTF2A2	targeting	-0.16566233	0.7145456015144009
GTF2A2#chr15:59657458-59657476(-)	GTF2A2	targeting	0.033725265	0.9292366015819928
GTF2A2#chr15:59657472-59657490(-)	GTF2A2	targeting	-0.94077	0.2396289767927991
GTF2B#chr1:88891086-88891104(-)	GTF2B	targeting	-0.53340447	0.0751154045762726
GTF2B#chr1:88891312-88891330(-)	GTF2B	targeting	0.06178222	0.9342416156920962
GTF2B#chr1:88891399-88891417(-)	GTF2B	targeting	-0.1351991	0.8622369948781603
GTF2B#chr1:88891464-88891482(+)	GTF2B	targeting	-0.033104986	0.965333103696438
GTF2B#chr1:88891468-88891486(+)	GTF2B	targeting	-0.3320542	0.7092489794375465
GTF2B#chr1:88891486-88891504(+)	GTF2B	targeting	-0.09917509	0.9131974098505588
GTF2E1#chr3:120742738-120742756(+)	GTF2E1	targeting	-1.1735101	0.0004886224360576
GTF2E1#chr3:120742803-120742821(-)	GTF2E1	targeting	-1.0464416	0.2039192836909503
GTF2E1#chr3:120742817-120742835(-)	GTF2E1	targeting	-0.86073613	0.2283563473938602
GTF2E1#chr3:120742948-120742966(-)	GTF2E1	targeting	-0.34100127	0.246317999066657
GTF2E1#chr3:120742951-120742969(+)	GTF2E1	targeting	-0.69253933	0.2881918956397719
GTF2E1#chr3:120742956-120742974(+)	GTF2E1	targeting	-0.27428645	0.5345519742165197
GTF2F1#chr19:6393083-6393101(-)	GTF2F1	targeting	-0.90477425	0.0013271062036659
GTF2F1#chr19:6393086-6393104(-)	GTF2F1	targeting	-0.41679403	0.0238618384942071
GTF2F1#chr19:6393109-6393127(+)	GTF2F1	targeting	-0.50170726	0.584012011532679
GTF2F1#chr19:6393118-6393136(+)	GTF2F1	targeting	-0.26020214	0.731005820204263
GTF2F1#chr19:6393122-6393140(-)	GTF2F1	targeting	0.16340631	0.8429822471412154
GTF2F1#chr19:6393127-6393145(-)	GTF2F1	targeting	-0.8300041	0.1923664851034384
GTF2F2#chr13:45120463-45120481(+)	GTF2F2	targeting	-0.09604041	0.5786344947171382
GTF2F2#chr13:45120508-45120526(+)	GTF2F2	targeting	0.12509021	0.7968059056695439
GTF2F2#chr13:45120546-45120564(-)	GTF2F2	targeting	-0.14131728	0.7336264284759125
GTF2F2#chr13:45120557-45120575(-)	GTF2F2	targeting	-0.9226394	0.0256288123897618
GTF2F2#chr13:45120575-45120593(-)	GTF2F2	targeting	-0.44142425	0.1266341680217385
GTF2F2#chr13:45120666-45120684(+)	GTF2F2	targeting	-0.5409731	0.0742234485560024
GTF2H1#chr11:18322583-18322601(-)	GTF2H1	targeting	-0.19572423	0.5841619207919853
GTF2H1#chr11:18322593-18322611(+)	GTF2H1	targeting	0.108161375	0.8992859095697403
GTF2H1#chr11:18322601-18322619(-)	GTF2H1	targeting	0.07769483	0.7996349891670407
GTF2H1#chr11:18322636-18322654(-)	GTF2H1	targeting	-0.17878123	0.7116874763878284
GTF2H1#chr11:18322751-18322769(+)	GTF2H1	targeting	-0.32070988	0.2513733133629189
GTF2H1#chr11:18322834-18322852(-)	GTF2H1	targeting	-0.32758978	0.0243154137850204
GTF2H3#chr12:123633820-123633838(-)	GTF2H3	targeting	-0.8414197	0.0180164028518442
GTF2H3#chr12:123633832-123633850(+)	GTF2H3	targeting	-0.7832934	0.2701055830814973
GTF2H3#chr12:123633857-123633875(+)	GTF2H3	targeting	-1.139794	0.0816625555558836
GTF2H3#chr12:123633861-123633879(-)	GTF2H3	targeting	-1.2671548	0.0055694497599827
GTF2H3#chr12:123633883-123633901(-)	GTF2H3	targeting	-0.5060096	0.4585720609650537
GTF2H3#chr12:123633906-123633924(-)	GTF2H3	targeting	-0.17217748	0.5889672257015512
GTF2I#chr7:74657753-74657771(-)	GTF2I	targeting	-0.22070241	0.5313841094404095
GTF2I#chr7:74657810-74657828(-)	GTF2I	targeting	-1.0743068	3.4985974671280633e-16
GTF2I#chr7:74657831-74657849(-)	GTF2I	targeting	-0.57801026	5.516160207922377e-05
GTF2I#chr7:74657834-74657852(+)	GTF2I	targeting	-0.04371697	0.5765846859790338
GTF2I#chr7:74657902-74657920(+)	GTF2I	targeting	-0.28371426	0.0450751965061952
GTF2I#chr7:74657913-74657931(-)	GTF2I	targeting	-0.191417	0.2218359422244713
GTF2IRD1#chr7:74453961-74453979(+)	GTF2IRD1	targeting	-2.1815972	3.017110364190972e-05
GTF2IRD1#chr7:74453965-74453983(+)	GTF2IRD1	targeting	-0.14680938	0.789804069837921
GTF2IRD1#chr7:74454043-74454061(-)	GTF2IRD1	targeting	-1.7035462	3.810027853655245e-10
GTF2IRD1#chr7:74454148-74454166(-)	GTF2IRD1	targeting	-0.3556331	0.0103310717817836
GTF2IRD1#chr7:74454156-74454174(+)	GTF2IRD1	targeting	-0.6930166	0.0188979229441483
GTF2IRD1#chr7:74454242-74454260(-)	GTF2IRD1	targeting	-0.42883363	0.0987933496749582
GTF3A#chr13:27424631-27424649(+)	GTF3A	targeting	-0.7684072	6.369457689423392e-06
GTF3A#chr13:27424674-27424692(-)	GTF3A	targeting	0.19838277	0.0918335825582468
GTF3A#chr13:27424739-27424757(-)	GTF3A	targeting	0.11736161	0.4819840208226121
GTF3A#chr13:27424747-27424765(+)	GTF3A	targeting	-0.07335658	0.7412244069898002
GTF3A#chr13:27425000-27425018(-)	GTF3A	targeting	-0.18814279	0.1433901740985741
GTF3A#chr13:27425120-27425138(-)	GTF3A	targeting	0.033570394	0.6537040848525522
GTF3C3#chr2:196799439-196799457(+)	GTF3C3	targeting	-0.45752946	0.433271786181722
GTF3C3#chr2:196799448-196799466(+)	GTF3C3	targeting	0.8655342	0.2473551304182109
GTF3C3#chr2:196799464-196799482(+)	GTF3C3	targeting	0.12353439	0.747694464580732
GTF3C3#chr2:196799638-196799656(-)	GTF3C3	targeting	0.03828344	0.9632913095654448
GTF3C3#chr2:196799674-196799692(-)	GTF3C3	targeting	-0.42899054	0.6335970264089714
GTF3C3#chr2:196799678-196799696(-)	GTF3C3	targeting	0.65572214	0.1017434374822372
GZF1#chr20:23362171-23362189(+)	GZF1	targeting	-0.28901947	0.4612469202453332
GZF1#chr20:23362184-23362202(+)	GZF1	targeting	-0.6245979	0.323999323269742
GZF1#chr20:23362188-23362206(-)	GZF1	targeting	-0.171618	0.7552798651182657
GZF1#chr20:23362191-23362209(+)	GZF1	targeting	0.11430916	0.7627618269433332
GZF1#chr20:23362289-23362307(-)	GZF1	targeting	-0.06736699	0.8512293145002703
GZF1#chr20:23362410-23362428(+)	GZF1	targeting	-0.5311116	0.0646887835195506
HAND1#chr5:154477779-154477797(+)	HAND1	targeting		
HAND1#chr5:154477830-154477848(+)	HAND1	targeting		
HAND1#chr5:154477998-154478016(-)	HAND1	targeting		
HAND1#chr5:154478161-154478179(-)	HAND1	targeting		
HAND1#chr5:154478176-154478194(-)	HAND1	targeting		
HAND1#chr5:154478186-154478204(-)	HAND1	targeting		
HAND2#chr4:173528891-173528909(+)	HAND2	targeting		
HAND2#chr4:173528910-173528928(+)	HAND2	targeting		
HAND2#chr4:173528916-173528934(+)	HAND2	targeting		
HAND2#chr4:173528966-173528984(-)	HAND2	targeting		
HAND2#chr4:173528971-173528989(-)	HAND2	targeting		
HAND2#chr4:173528988-173529006(-)	HAND2	targeting		
HAND2#chr4:173529737-173529755(+)	HAND2	targeting		
HAND2#chr4:173530047-173530065(-)	HAND2	targeting		
HAND2#chr4:173530136-173530154(+)	HAND2	targeting		
HAND2#chr4:173530139-173530157(+)	HAND2	targeting		
HAND2#chr4:173530152-173530170(+)	HAND2	targeting		
HAND2#chr4:173530168-173530186(+)	HAND2	targeting		
HBP1#chr7:107168995-107169013(+)	HBP1	targeting	-0.22701561	0.1010992671570592
HBP1#chr7:107169001-107169019(+)	HBP1	targeting	-0.23692824	0.3451089179550202
HBP1#chr7:107169015-107169033(+)	HBP1	targeting	-0.27279165	0.2293543331415976
HBP1#chr7:107169025-107169043(+)	HBP1	targeting	-0.13193177	0.4864145872877048
HBP1#chr7:107169048-107169066(+)	HBP1	targeting	0.13527055	0.681231727531505
HBP1#chr7:107169069-107169087(+)	HBP1	targeting	0.059313934	0.8078490068241758
HCFC1#chrX:153971169-153971187(-)	HCFC1	targeting	0.029042812	0.7738233978240199
HCFC1#chrX:153971194-153971212(-)	HCFC1	targeting	0.1920585	0.5480662553622828
HCFC1#chrX:153971197-153971215(-)	HCFC1	targeting	0.37617382	0.0043296747859476
HCFC1#chrX:153971614-153971632(-)	HCFC1	targeting	-0.3027195	0.4127403312945605
HCFC1#chrX:153971726-153971744(+)	HCFC1	targeting	-0.11965999	0.5216145660327818
HCFC1#chrX:153971755-153971773(+)	HCFC1	targeting	0.045604374	0.4268361863468455
HCLS1#chr3:121660717-121660735(-)	HCLS1	targeting		
HCLS1#chr3:121660838-121660856(-)	HCLS1	targeting		
HCLS1#chr3:121660853-121660871(-)	HCLS1	targeting		
HCLS1#chr3:121660864-121660882(+)	HCLS1	targeting		
HCLS1#chr3:121660868-121660886(-)	HCLS1	targeting		
HCLS1#chr3:121660895-121660913(-)	HCLS1	targeting		
HDAC1#chr1:32292127-32292145(+)	HDAC1	targeting	-1.4730155	3.707681794540573e-07
HDAC1#chr1:32292131-32292149(+)	HDAC1	targeting	-1.9324704	2.617524839338505e-06
HDAC1#chr1:32292165-32292183(+)	HDAC1	targeting	-2.0235736	4.692072280042609e-22
HDAC1#chr1:32292175-32292193(+)	HDAC1	targeting	-2.6894922	0.000501467328297
HDAC1#chr1:32292504-32292522(+)	HDAC1	targeting	-2.0946536	1.205606874335369e-06
HDAC1#chr1:32292593-32292611(-)	HDAC1	targeting	-2.0344508	4.347812982014816e-09
HDAC3#chr5:141636432-141636450(+)	HDAC3	targeting	0.0671936	0.780832895979809
HDAC3#chr5:141636489-141636507(-)	HDAC3	targeting	-0.57805705	0.292461269833645
HDAC3#chr5:141636651-141636669(+)	HDAC3	targeting	-0.023058765	0.9633753758977508
HDAC3#chr5:141636740-141636758(+)	HDAC3	targeting	-0.67268807	0.0077445582510777
HDAC3#chr5:141636759-141636777(+)	HDAC3	targeting	-0.78083616	0.3859176907034511
HDAC3#chr5:141636852-141636870(-)	HDAC3	targeting	-0.41195318	0.3371754755714813
HDAC4#chr2:239400976-239400994(-)	HDAC4	targeting	-0.39097318	0.0317916437835737
HDAC4#chr2:239401001-239401019(-)	HDAC4	targeting	0.33357674	0.0607592599932101
HDAC4#chr2:239401007-239401025(-)	HDAC4	targeting	0.04409152	0.8461995187160045
HDAC4#chr2:239401291-239401309(+)	HDAC4	targeting	-0.15773837	0.3390098524435944
HDAC4#chr2:239401344-239401362(+)	HDAC4	targeting	0.020818954	0.8779490206046833
HDAC4#chr2:239401427-239401445(-)	HDAC4	targeting	-0.048205957	0.8102428707167393
HDAC5#chr17:44123413-44123431(+)	HDAC5	targeting	0.24584535	0.5978556619120584
HDAC5#chr17:44123416-44123434(+)	HDAC5	targeting	-0.3048977	0.4506396983141701
HDAC5#chr17:44123575-44123593(-)	HDAC5	targeting	-0.4606817	0.2712478226512306
HDAC5#chr17:44123579-44123597(+)	HDAC5	targeting	-0.09413113	0.7517222237985223
HDAC5#chr17:44123582-44123600(+)	HDAC5	targeting	-0.107984856	0.7325284779612193
HDAC5#chr17:44123592-44123610(-)	HDAC5	targeting	-0.30264032	0.1622479623781619
HDGF#chr1:156751590-156751608(+)	HDGF	targeting	-0.087539345	0.4694757213855131
HDGF#chr1:156751593-156751611(+)	HDGF	targeting	0.046270728	0.7485985154433519
HDGF#chr1:156751611-156751629(+)	HDGF	targeting	0.15280007	0.0788728359797954
HDGF#chr1:156751617-156751635(+)	HDGF	targeting	-0.6782005	0.0047182196990737
HDGF#chr1:156751626-156751644(+)	HDGF	targeting	0.17571673	0.529020857116378
HDGF#chr1:156751696-156751714(-)	HDGF	targeting	-1.9954602	1.3239656965797404e-84
HDX#chrX:84502155-84502173(+)	HDX	targeting	-2.6234038	9.175800426599426e-15
HDX#chrX:84502288-84502306(-)	HDX	targeting	-1.7908007	1.1769911339146651e-05
HDX#chrX:84502355-84502373(+)	HDX	targeting	-2.1232557	0.0064693733876432
HDX#chrX:84502368-84502386(+)	HDX	targeting	-3.3943307	1.6695393073443376e-08
HDX#chrX:84502393-84502411(-)	HDX	targeting	-2.789078	1.7153387677084894e-24
HDX#chrX:84502437-84502455(-)	HDX	targeting	0.040614218	0.941707011350981
HELT#chr4:185018653-185018671(+)	HELT	targeting		
HELT#chr4:185018810-185018828(+)	HELT	targeting		
HELT#chr4:185018839-185018857(+)	HELT	targeting		
HELT#chr4:185018848-185018866(+)	HELT	targeting		
HELT#chr4:185018901-185018919(-)	HELT	targeting		
HELT#chr4:185018904-185018922(-)	HELT	targeting		
HELZ2#chr20:63563711-63563729(+)	HELZ2	targeting		
HELZ2#chr20:63563983-63564001(+)	HELZ2	targeting		
HELZ2#chr20:63564027-63564045(-)	HELZ2	targeting		
HELZ2#chr20:63564030-63564048(+)	HELZ2	targeting		
HELZ2#chr20:63564040-63564058(-)	HELZ2	targeting		
HELZ2#chr20:63564059-63564077(-)	HELZ2	targeting		
HELZ2#chr20:63573740-63573758(-)	HELZ2	targeting		
HELZ2#chr20:63573981-63573999(+)	HELZ2	targeting		
HELZ2#chr20:63574049-63574067(-)	HELZ2	targeting		
HELZ2#chr20:63574205-63574223(-)	HELZ2	targeting		
HELZ2#chr20:63574218-63574236(-)	HELZ2	targeting		
HELZ2#chr20:63574245-63574263(-)	HELZ2	targeting		
HES1#chr3:194136116-194136134(+)	HES1	targeting		
HES1#chr3:194136133-194136151(+)	HES1	targeting		
HES1#chr3:194136139-194136157(+)	HES1	targeting		
HES1#chr3:194136188-194136206(-)	HES1	targeting		
HES1#chr3:194136198-194136216(-)	HES1	targeting		
HES1#chr3:194136205-194136223(-)	HES1	targeting		
HES2#chr1:6419843-6419861(+)	HES2	targeting		
HES2#chr1:6419852-6419870(+)	HES2	targeting		
HES2#chr1:6419871-6419889(+)	HES2	targeting		
HES2#chr1:6419878-6419896(-)	HES2	targeting		
HES2#chr1:6419901-6419919(-)	HES2	targeting		
HES2#chr1:6419913-6419931(-)	HES2	targeting		
HES2#chr1:6424593-6424611(+)	HES2	targeting		
HES2#chr1:6424602-6424620(+)	HES2	targeting		
HES2#chr1:6424635-6424653(-)	HES2	targeting		
HES2#chr1:6424644-6424662(-)	HES2	targeting		
HES2#chr1:6424649-6424667(-)	HES2	targeting		
HES2#chr1:6424669-6424687(-)	HES2	targeting		
HES3#chr1:6244174-6244192(+)	HES3	targeting		
HES3#chr1:6244195-6244213(+)	HES3	targeting		
HES3#chr1:6244221-6244239(+)	HES3	targeting		
HES3#chr1:6244227-6244245(+)	HES3	targeting		
HES3#chr1:6244238-6244256(-)	HES3	targeting		
HES3#chr1:6244245-6244263(+)	HES3	targeting		
HES4#chr1:1000005-1000023(+)	HES4	targeting	-1.3505839	0.0001223416034097
HES4#chr1:1000010-1000028(+)	HES4	targeting	-1.2385002	0.0114481831559869
HES4#chr1:1000014-1000032(-)	HES4	targeting	-0.35106903	0.1871092232324118
HES4#chr1:1000054-1000072(+)	HES4	targeting	-1.4081537	0.1035358047984954
HES4#chr1:1000057-1000075(+)	HES4	targeting	-1.1837175	0.026373920927213
HES4#chr1:1000070-1000088(-)	HES4	targeting	-1.8837681	0.0040004382406833
HES5#chr1:2530052-2530070(+)	HES5	targeting		
HES5#chr1:2530160-2530178(+)	HES5	targeting		
HES5#chr1:2530168-2530186(+)	HES5	targeting		
HES5#chr1:2530176-2530194(+)	HES5	targeting		
HES5#chr1:2530231-2530249(+)	HES5	targeting		
HES5#chr1:2530273-2530291(+)	HES5	targeting		
HES6#chr2:238239969-238239987(-)	HES6	targeting		
HES6#chr2:238240014-238240032(+)	HES6	targeting		
HES6#chr2:238240020-238240038(-)	HES6	targeting		
HES6#chr2:238240130-238240148(+)	HES6	targeting		
HES6#chr2:238240324-238240342(-)	HES6	targeting		
HES6#chr2:238240599-238240617(-)	HES6	targeting		
HES7#chr17:8123848-8123866(-)	HES7	targeting		
HES7#chr17:8124030-8124048(-)	HES7	targeting		
HES7#chr17:8124058-8124076(-)	HES7	targeting		
HES7#chr17:8124075-8124093(-)	HES7	targeting		
HES7#chr17:8124092-8124110(-)	HES7	targeting		
HES7#chr17:8124095-8124113(-)	HES7	targeting		
HESX1#chr3:57199735-57199753(+)	HESX1	targeting		
HESX1#chr3:57199891-57199909(+)	HESX1	targeting		
HESX1#chr3:57199907-57199925(+)	HESX1	targeting		
HESX1#chr3:57199922-57199940(-)	HESX1	targeting		
HESX1#chr3:57199961-57199979(+)	HESX1	targeting		
HESX1#chr3:57199970-57199988(-)	HESX1	targeting		
HESX1#chr3:57226215-57226233(-)	HESX1	targeting		
HESX1#chr3:57226266-57226284(+)	HESX1	targeting		
HESX1#chr3:57226304-57226322(+)	HESX1	targeting		
HESX1#chr3:57226311-57226329(-)	HESX1	targeting		
HESX1#chr3:57226323-57226341(+)	HESX1	targeting		
HESX1#chr3:57226347-57226365(+)	HESX1	targeting		
HEY1#chr8:79767421-79767439(-)	HEY1	targeting		
HEY1#chr8:79767606-79767624(-)	HEY1	targeting		
HEY1#chr8:79767674-79767692(-)	HEY1	targeting		
HEY1#chr8:79767680-79767698(+)	HEY1	targeting		
HEY1#chr8:79767707-79767725(+)	HEY1	targeting		
HEY1#chr8:79767760-79767778(-)	HEY1	targeting		
HEY2#chr6:125749605-125749623(+)	HEY2	targeting	-1.7501795	3.132975561646807e-05
HEY2#chr6:125749625-125749643(+)	HEY2	targeting	-0.57107246	0.4486848811183773
HEY2#chr6:125749642-125749660(-)	HEY2	targeting	-0.76489764	0.0945987573807445
HEY2#chr6:125749664-125749682(-)	HEY2	targeting	-1.2254223	0.1270202745628213
HEY2#chr6:125749667-125749685(-)	HEY2	targeting	-0.31673136	0.6382223132023526
HEY2#chr6:125749817-125749835(+)	HEY2	targeting	-0.29723358	0.4038366286375031
HEYL#chr1:39639444-39639462(-)	HEYL	targeting		
HEYL#chr1:39639576-39639594(+)	HEYL	targeting		
HEYL#chr1:39639582-39639600(-)	HEYL	targeting		
HEYL#chr1:39639603-39639621(-)	HEYL	targeting		
HEYL#chr1:39639613-39639631(-)	HEYL	targeting		
HEYL#chr1:39639644-39639662(-)	HEYL	targeting		
HHEX#chr10:92689947-92689965(+)	HHEX	targeting	-1.8190638	0.0001805104252912
HHEX#chr10:92689988-92690006(-)	HHEX	targeting	-1.0706756	0.0153732747446434
HHEX#chr10:92689990-92690008(+)	HHEX	targeting	-0.4644376	0.2696410288455335
HHEX#chr10:92690024-92690042(-)	HHEX	targeting	-0.33879387	0.3136785596204882
HHEX#chr10:92690035-92690053(-)	HHEX	targeting	-0.22674827	0.1306422396458528
HHEX#chr10:92690179-92690197(-)	HHEX	targeting	-1.7339131	0.0013383427430775
HIC1#chr17:2055106-2055124(+)	HIC1	targeting		
HIC1#chr17:2055132-2055150(+)	HIC1	targeting		
HIC1#chr17:2055135-2055153(+)	HIC1	targeting		
HIC1#chr17:2055192-2055210(-)	HIC1	targeting		
HIC1#chr17:2055382-2055400(-)	HIC1	targeting		
HIC1#chr17:2055534-2055552(-)	HIC1	targeting		
HIF1A#chr14:61695519-61695537(+)	HIF1A	targeting	-0.98976594	0.0143242952952472
HIF1A#chr14:61695524-61695542(+)	HIF1A	targeting	-0.14413026	0.6873138328377691
HIF1A#chr14:61695530-61695548(-)	HIF1A	targeting	-2.1950996	2.7424062806694774e-07
HIF1A#chr14:61695556-61695574(-)	HIF1A	targeting	-0.96663827	0.0001030602141638
HIF1A#chr14:61695592-61695610(-)	HIF1A	targeting	-0.12528297	0.4049101049395818
HIF1A#chr14:61695605-61695623(-)	HIF1A	targeting	-0.46353018	0.333469816891743
HIF3A#chr19:46297059-46297077(+)	HIF3A	targeting	-2.2561703	0.0006427216663972
HIF3A#chr19:46297095-46297113(+)	HIF3A	targeting	-1.4487045	2.152250831837398e-05
HIF3A#chr19:46297098-46297116(+)	HIF3A	targeting	-2.0206375	0.0002124418970459
HIF3A#chr19:46297243-46297261(-)	HIF3A	targeting	-0.94598633	0.0538358547362062
HIF3A#chr19:46297253-46297271(+)	HIF3A	targeting	-1.2328424	0.0055127678457534
HIF3A#chr19:46297303-46297321(+)	HIF3A	targeting	-1.481635	1.1694510065066733e-17
HIF3A#chr19:46298414-46298432(-)	HIF3A	targeting	-0.06262797	0.8662517378034156
HIF3A#chr19:46298426-46298444(-)	HIF3A	targeting	-0.08742477	0.7383852807974847
HIF3A#chr19:46298477-46298495(-)	HIF3A	targeting	-0.511117	0.1638493987273751
HIF3A#chr19:46298497-46298515(-)	HIF3A	targeting	-0.8460921	0.1683800571018346
HIF3A#chr19:46298551-46298569(-)	HIF3A	targeting	-0.5452845	0.000281610284079
HIF3A#chr19:46298596-46298614(+)	HIF3A	targeting	-1.078353	0.0355866843356228
HINFP#chr11:119121581-119121599(+)	HINFP	targeting	0.40601775	0.6443621592041346
HINFP#chr11:119121585-119121603(+)	HINFP	targeting	-0.26569632	0.7409844720248111
HINFP#chr11:119121619-119121637(+)	HINFP	targeting	-0.10526888	0.895318242554918
HINFP#chr11:119121629-119121647(+)	HINFP	targeting	-0.16432376	0.8483620965284351
HINFP#chr11:119121633-119121651(-)	HINFP	targeting	-0.33465415	0.6557701112860661
HINFP#chr11:119121646-119121664(+)	HINFP	targeting	0.23326068	0.7484950377405247
HIRA#chr22:19431326-19431344(+)	HIRA	targeting	-0.34007895	0.4575342683567555
HIRA#chr22:19431442-19431460(-)	HIRA	targeting	-0.09928855	0.6574815952666775
HIRA#chr22:19431693-19431711(-)	HIRA	targeting	0.07693546	0.901212065690424
HIRA#chr22:19431700-19431718(+)	HIRA	targeting	-0.13128684	0.6423867677306645
HIRA#chr22:19431712-19431730(-)	HIRA	targeting	0.12821758	0.8845064114754256
HIRA#chr22:19431726-19431744(+)	HIRA	targeting	0.2230399	0.5099299262026201
HIRA#chr22:19447438-19447456(-)	HIRA	targeting	0.00030996263	0.9982332690747484
HIRA#chr22:19447613-19447631(+)	HIRA	targeting	-0.057402283	0.8419281424245668
HIRA#chr22:19447616-19447634(+)	HIRA	targeting	0.21543095	0.5234586624855729
HIRA#chr22:19447632-19447650(-)	HIRA	targeting	-0.17851107	0.5538578945183431
HIRA#chr22:19447675-19447693(-)	HIRA	targeting	-0.5961275	0.1103748639811164
HIRA#chr22:19447688-19447706(-)	HIRA	targeting	0.30364627	0.2249526451558709
HIVEP1#chr6:12011754-12011772(-)	HIVEP1	targeting	0.048363704	0.7466946685904123
HIVEP1#chr6:12011959-12011977(-)	HIVEP1	targeting	0.5684272	0.0737320919777008
HIVEP1#chr6:12011962-12011980(-)	HIVEP1	targeting	-0.018248783	0.9088454366464952
HIVEP1#chr6:12012007-12012025(-)	HIVEP1	targeting	0.042718936	0.8565905504556449
HIVEP1#chr6:12012029-12012047(+)	HIVEP1	targeting	-0.041727155	0.8651059750453528
HIVEP1#chr6:12012035-12012053(-)	HIVEP1	targeting	-0.50938916	0.0430758739612698
HIVEP2#chr6:142944844-142944862(-)	HIVEP2	targeting		
HIVEP2#chr6:142944950-142944968(+)	HIVEP2	targeting		
HIVEP2#chr6:142945001-142945019(-)	HIVEP2	targeting		
HIVEP2#chr6:142945087-142945105(+)	HIVEP2	targeting		
HIVEP2#chr6:142945158-142945176(-)	HIVEP2	targeting		
HIVEP2#chr6:142945197-142945215(-)	HIVEP2	targeting		
HIVEP3#chr1:41700740-41700758(+)	HIVEP3	targeting		
HIVEP3#chr1:41700771-41700789(+)	HIVEP3	targeting		
HIVEP3#chr1:41700886-41700904(-)	HIVEP3	targeting		
HIVEP3#chr1:41700914-41700932(+)	HIVEP3	targeting		
HIVEP3#chr1:41700970-41700988(+)	HIVEP3	targeting		
HIVEP3#chr1:41700973-41700991(+)	HIVEP3	targeting		
HIVEP3#chr1:41918239-41918257(+)	HIVEP3	targeting		
HIVEP3#chr1:41918456-41918474(-)	HIVEP3	targeting		
HIVEP3#chr1:41918583-41918601(+)	HIVEP3	targeting		
HIVEP3#chr1:41918667-41918685(-)	HIVEP3	targeting		
HIVEP3#chr1:41918877-41918895(-)	HIVEP3	targeting		
HIVEP3#chr1:41918883-41918901(-)	HIVEP3	targeting		
HIVEP3#chr1:41918887-41918905(-)	HIVEP3	targeting		
HIVEP3#chr1:41918893-41918911(-)	HIVEP3	targeting		
HKR1#chr19:37317887-37317905(+)	HKR1	targeting		
HKR1#chr19:37317892-37317910(+)	HKR1	targeting		
HKR1#chr19:37317921-37317939(+)	HKR1	targeting		
HKR1#chr19:37317975-37317993(+)	HKR1	targeting		
HKR1#chr19:37317985-37318003(-)	HKR1	targeting		
HKR1#chr19:37318062-37318080(+)	HKR1	targeting		
HKR1#chr19:37334666-37334684(+)	HKR1	targeting		
HKR1#chr19:37334673-37334691(+)	HKR1	targeting		
HKR1#chr19:37334691-37334709(+)	HKR1	targeting		
HKR1#chr19:37334702-37334720(-)	HKR1	targeting		
HKR1#chr19:37334705-37334723(-)	HKR1	targeting		
HKR1#chr19:37334735-37334753(-)	HKR1	targeting		
HLF#chr17:55264965-55264983(+)	HLF	targeting		
HLF#chr17:55264968-55264986(+)	HLF	targeting		
HLF#chr17:55265022-55265040(-)	HLF	targeting		
HLF#chr17:55265084-55265102(-)	HLF	targeting		
HLF#chr17:55265087-55265105(-)	HLF	targeting		
HLF#chr17:55265225-55265243(+)	HLF	targeting		
HLF#chr17:55267646-55267664(-)	HLF	targeting		
HLF#chr17:55267674-55267692(+)	HLF	targeting		
HLF#chr17:55267801-55267819(+)	HLF	targeting		
HLF#chr17:55267812-55267830(+)	HLF	targeting		
HLF#chr17:55267816-55267834(-)	HLF	targeting		
HLF#chr17:55267997-55268015(-)	HLF	targeting		
HLTF#chr3:149086130-149086148(-)	HLTF	targeting	-2.823674	1.3613490241427287e-05
HLTF#chr3:149086216-149086234(+)	HLTF	targeting	-2.3466935	6.788410477235581e-55
HLTF#chr3:149086456-149086474(-)	HLTF	targeting	-2.0994587	3.017111497953033e-06
HLTF#chr3:149086458-149086476(+)	HLTF	targeting	-2.5419292	2.037978780853082e-11
HLTF#chr3:149086490-149086508(-)	HLTF	targeting	-1.7187545	1.487633443632687e-11
HLTF#chr3:149086498-149086516(-)	HLTF	targeting	-2.1561217	4.497247073465472e-05
HLX#chr1:220879449-220879467(+)	HLX	targeting		
HLX#chr1:220879458-220879476(-)	HLX	targeting		
HLX#chr1:220879643-220879661(+)	HLX	targeting		
HLX#chr1:220879685-220879703(-)	HLX	targeting		
HLX#chr1:220879691-220879709(-)	HLX	targeting		
HLX#chr1:220879905-220879923(-)	HLX	targeting		
HMBOX1#chr8:28890364-28890382(+)	HMBOX1	targeting	-0.15074673	0.4235484963484308
HMBOX1#chr8:28890392-28890410(+)	HMBOX1	targeting	-0.07757809	0.5496714879789233
HMBOX1#chr8:28890602-28890620(-)	HMBOX1	targeting	-0.11835504	0.4427620915994116
HMBOX1#chr8:28890605-28890623(-)	HMBOX1	targeting	-0.9737726	1.5122382715569133e-05
HMBOX1#chr8:28890616-28890634(-)	HMBOX1	targeting	-0.10340009	0.5371732458371237
HMBOX1#chr8:28890658-28890676(+)	HMBOX1	targeting	-0.74449724	1.1459857050817465e-05
HMG20A#chr15:77420898-77420916(+)	HMG20A	targeting	-0.7178043	0.024884332188174
HMG20A#chr15:77420911-77420929(+)	HMG20A	targeting	-1.2960218	4.840691443187684e-05
HMG20A#chr15:77420933-77420951(+)	HMG20A	targeting	-1.998601	0.0007537933296338
HMG20A#chr15:77420938-77420956(+)	HMG20A	targeting	-0.84454834	0.0004115354121101
HMG20A#chr15:77420992-77421010(-)	HMG20A	targeting	-0.4371998	0.0353689593048508
HMG20A#chr15:77421106-77421124(+)	HMG20A	targeting	-0.1171214	0.3166922240089289
HMG20B#chr19:3572949-3572967(+)	HMG20B	targeting	-1.0799123	0.0006711920167477
HMG20B#chr19:3573008-3573026(-)	HMG20B	targeting	-2.5995169	0.0067370929910525
HMG20B#chr19:3573023-3573041(-)	HMG20B	targeting	-0.65501297	0.0132210898277633
HMG20B#chr19:3573186-3573204(+)	HMG20B	targeting	0.07152461	0.9375560567857544
HMG20B#chr19:3573401-3573419(-)	HMG20B	targeting	0.137456	0.5976544512590821
HMG20B#chr19:3573415-3573433(-)	HMG20B	targeting	-0.09594752	0.6190173739077598
HMG20B#chr19:3574338-3574356(-)	HMG20B	targeting	-0.087373205	0.6005977683673086
HMG20B#chr19:3574378-3574396(+)	HMG20B	targeting	-0.10158854	0.6104044911986699
HMG20B#chr19:3574386-3574404(-)	HMG20B	targeting	-0.12028149	0.7345409100177205
HMG20B#chr19:3574390-3574408(+)	HMG20B	targeting	-0.090606794	0.7408017067021349
HMG20B#chr19:3574407-3574425(-)	HMG20B	targeting	-0.48672557	0.242108598878558
HMG20B#chr19:3574441-3574459(+)	HMG20B	targeting	-0.08645909	0.7587539437895815
HMGA1#chr6:34236888-34236906(-)	HMGA1	targeting	-2.2460546	7.415962983091986e-28
HMGA1#chr6:34236895-34236913(+)	HMGA1	targeting	-0.6470794	6.161591578298718e-26
HMGA1#chr6:34236954-34236972(+)	HMGA1	targeting	-0.017359965	0.8161177549418979
HMGA1#chr6:34237064-34237082(+)	HMGA1	targeting	0.009073477	0.908346244813648
HMGA1#chr6:34237184-34237202(-)	HMGA1	targeting	0.07185524	0.6536688467617038
HMGA1#chr6:34237196-34237214(-)	HMGA1	targeting	-0.105428375	0.3323890314435382
HMGA2#chr12:65825064-65825082(-)	HMGA2	targeting	-0.05054295	0.4570014272588107
HMGA2#chr12:65825073-65825091(+)	HMGA2	targeting	-0.027851302	0.8691811926878344
HMGA2#chr12:65825083-65825101(-)	HMGA2	targeting	-0.90579134	9.243664454419038e-15
HMGA2#chr12:65825085-65825103(+)	HMGA2	targeting	-1.3646728	1.0593973129852752e-16
HMGA2#chr12:65825182-65825200(-)	HMGA2	targeting	-0.944977	5.231591188990886e-09
HMGA2#chr12:65825304-65825322(-)	HMGA2	targeting	-0.23399572	0.211020108213099
HMGB1#chr13:30465527-30465545(+)	HMGB1	targeting	0.2946308	0.0296383540471949
HMGB1#chr13:30465649-30465667(+)	HMGB1	targeting	0.061271545	0.6871854409773944
HMGB1#chr13:30465675-30465693(-)	HMGB1	targeting	0.04723501	0.5153070234731907
HMGB1#chr13:30465776-30465794(-)	HMGB1	targeting	0.13833188	0.0979856733495681
HMGB1#chr13:30465943-30465961(+)	HMGB1	targeting	0.04239479	0.7407198572109484
HMGB1#chr13:30465949-30465967(-)	HMGB1	targeting	0.022323627	0.884039589330683
HMGB1#chr13:30617290-30617308(+)	HMGB1	targeting	0.10157506	0.1414056803741732
HMGB1#chr13:30617431-30617449(+)	HMGB1	targeting	-0.064288005	0.7691195917809922
HMGB1#chr13:30617483-30617501(-)	HMGB1	targeting	-0.13344298	0.5191966523354176
HMGB1#chr13:30617487-30617505(+)	HMGB1	targeting	0.11323849	0.5119949843182718
HMGB1#chr13:30617492-30617510(-)	HMGB1	targeting	-0.071043976	0.1959979204990544
HMGB1#chr13:30617524-30617542(+)	HMGB1	targeting	-0.010850046	0.8956155137720491
HMGB2#chr4:173334068-173334086(+)	HMGB2	targeting	0.264021	0.2195844523582529
HMGB2#chr4:173334241-173334259(+)	HMGB2	targeting	-0.12818314	0.6249176865709887
HMGB2#chr4:173334299-173334317(+)	HMGB2	targeting	-1.4374284	1.0120899149754612e-09
HMGB2#chr4:173334332-173334350(-)	HMGB2	targeting	-1.8846306	1.8030726974680457e-17
HMGB2#chr4:173334334-173334352(+)	HMGB2	targeting	-0.1214189	0.2470616091943272
HMGB2#chr4:173334382-173334400(-)	HMGB2	targeting	-0.09419609	0.3103945972549303
HMGB3#chrX:150983336-150983354(-)	HMGB3	targeting	-0.94296867	2.0225910887921228e-16
HMGB3#chrX:150983356-150983374(+)	HMGB3	targeting	-0.09008822	0.56246599741788
HMGB3#chrX:150983484-150983502(-)	HMGB3	targeting	-0.47291857	0.0035214189648691
HMGB3#chrX:150983680-150983698(+)	HMGB3	targeting	-0.41044146	0.431340871611051
HMGB3#chrX:150983689-150983707(+)	HMGB3	targeting	0.054778848	0.8035459981763557
HMGB3#chrX:150983702-150983720(+)	HMGB3	targeting	-0.024358021	0.6414598821372334
HMGB4#chr1:33864063-33864081(-)	HMGB4	targeting		
HMGB4#chr1:33864113-33864131(+)	HMGB4	targeting		
HMGB4#chr1:33864125-33864143(-)	HMGB4	targeting		
HMGB4#chr1:33864151-33864169(-)	HMGB4	targeting		
HMGB4#chr1:33864280-33864298(+)	HMGB4	targeting		
HMGB4#chr1:33864295-33864313(-)	HMGB4	targeting		
HMGN2#chr1:26472410-26472428(+)	HMGN2	targeting	-0.24119428	0.0242008816702261
HMGN2#chr1:26472448-26472466(-)	HMGN2	targeting	-0.26264217	0.0002937819118158
HMGN2#chr1:26472679-26472697(+)	HMGN2	targeting	-0.9831341	2.06114483111196e-08
HMGN2#chr1:26472691-26472709(+)	HMGN2	targeting	-0.32183507	4.234215253012192e-05
HMGN2#chr1:26472804-26472822(+)	HMGN2	targeting	-0.53580683	8.388385956998204e-15
HMGN2#chr1:26472876-26472894(-)	HMGN2	targeting	-1.2529688	2.5709557880636972e-23
HMGN3#chr6:79234445-79234463(-)	HMGN3	targeting	-2.168602	1.0525148441031163e-09
HMGN3#chr6:79234654-79234672(+)	HMGN3	targeting	0.11065422	0.4451452337616531
HMGN3#chr6:79234675-79234693(-)	HMGN3	targeting	-1.6092019	9.937039883776934e-20
HMGN3#chr6:79234679-79234697(-)	HMGN3	targeting	-2.1194842	3.093746115021037e-80
HMGN3#chr6:79234689-79234707(+)	HMGN3	targeting	-2.3266182	3.2337043789036663e-14
HMGN3#chr6:79234727-79234745(-)	HMGN3	targeting	-1.9142987	9.718776038586836e-11
HMGXB3#chr5:150000722-150000740(-)	HMGXB3	targeting	-1.1649771	0.0269664064763708
HMGXB3#chr5:150000735-150000753(-)	HMGXB3	targeting	-1.7470694	3.244466609316952e-09
HMGXB3#chr5:150000745-150000763(-)	HMGXB3	targeting	-1.5121741	0.0242195051048526
HMGXB3#chr5:150000755-150000773(-)	HMGXB3	targeting	-2.0377257	6.18466344382042e-08
HMGXB3#chr5:150000760-150000778(+)	HMGXB3	targeting	-1.27662	1.1159484704758017e-15
HMGXB3#chr5:150000787-150000805(-)	HMGXB3	targeting	-2.1503758	0.0027018594149077
HMGXB4#chr22:35257503-35257521(+)	HMGXB4	targeting	0.03682333	0.8752164368848883
HMGXB4#chr22:35257514-35257532(+)	HMGXB4	targeting	-0.43780768	0.0004834278272416
HMGXB4#chr22:35257521-35257539(+)	HMGXB4	targeting	-1.616969	2.418727627766373e-08
HMGXB4#chr22:35257537-35257555(+)	HMGXB4	targeting	-1.4428515	3.252993852544397e-19
HMGXB4#chr22:35257543-35257561(+)	HMGXB4	targeting	-2.416608	1.1722232969620119e-35
HMGXB4#chr22:35257551-35257569(-)	HMGXB4	targeting	0.15531074	0.4441487897631004
HMX1#chr4:8871797-8871815(+)	HMX1	targeting	-0.50630784	0.2975187822726149
HMX1#chr4:8871806-8871824(-)	HMX1	targeting	-0.61613935	0.1301328054652969
HMX1#chr4:8871825-8871843(-)	HMX1	targeting	-1.1998808	0.09628325611127
HMX1#chr4:8871837-8871855(-)	HMX1	targeting	-2.1991413	6.552144531209059e-07
HMX1#chr4:8871849-8871867(-)	HMX1	targeting	-1.5063196	0.0002326523843196
HMX1#chr4:8872002-8872020(-)	HMX1	targeting	-1.3879613	0.0115467297524177
HMX2#chr10:123148104-123148122(+)	HMX2	targeting		
HMX2#chr10:123148137-123148155(+)	HMX2	targeting		
HMX2#chr10:123148162-123148180(+)	HMX2	targeting		
HMX2#chr10:123148183-123148201(+)	HMX2	targeting		
HMX2#chr10:123148200-123148218(-)	HMX2	targeting		
HMX2#chr10:123148210-123148228(-)	HMX2	targeting		
HMX3#chr10:123135982-123136000(-)	HMX3	targeting		
HMX3#chr10:123136026-123136044(+)	HMX3	targeting		
HMX3#chr10:123136048-123136066(+)	HMX3	targeting		
HMX3#chr10:123136158-123136176(+)	HMX3	targeting		
HMX3#chr10:123136204-123136222(-)	HMX3	targeting		
HMX3#chr10:123136360-123136378(+)	HMX3	targeting		
HNF1A#chr12:120978550-120978568(+)	HNF1A	targeting		
HNF1A#chr12:120978564-120978582(+)	HNF1A	targeting		
HNF1A#chr12:120978575-120978593(-)	HNF1A	targeting		
HNF1A#chr12:120978751-120978769(+)	HNF1A	targeting		
HNF1A#chr12:120978807-120978825(+)	HNF1A	targeting		
HNF1A#chr12:120979119-120979137(+)	HNF1A	targeting		
HNF1B#chr17:37744991-37745009(-)	HNF1B	targeting	-1.604888	0.0004777713605404
HNF1B#chr17:37744999-37745017(-)	HNF1B	targeting	-0.107047796	0.8240954112866431
HNF1B#chr17:37745001-37745019(+)	HNF1B	targeting	-1.601009	1.968350553456193e-07
HNF1B#chr17:37745009-37745027(-)	HNF1B	targeting	-0.7907796	0.1545869524823364
HNF1B#chr17:37745023-37745041(+)	HNF1B	targeting	-1.3710024	2.458014929542219e-07
HNF1B#chr17:37745027-37745045(-)	HNF1B	targeting	-1.2744715	0.1609596931952764
HNF4A#chr20:44401209-44401227(-)	HNF4A	targeting	-0.13139106	0.4767188983407564
HNF4A#chr20:44401236-44401254(-)	HNF4A	targeting	-0.027385792	0.9349349491363724
HNF4A#chr20:44401320-44401338(-)	HNF4A	targeting	0.2200783	0.511705501142929
HNF4A#chr20:44401322-44401340(+)	HNF4A	targeting	0.34473854	0.391023866790845
HNF4A#chr20:44401335-44401353(-)	HNF4A	targeting	-0.679985	0.2456699173619985
HNF4A#chr20:44401477-44401495(+)	HNF4A	targeting	-0.20672633	0.4090430209327264
HNF4G#chr8:75407668-75407686(-)	HNF4G	targeting	-1.1115893	0.0072398982845206
HNF4G#chr8:75407902-75407920(-)	HNF4G	targeting	-1.0778375	0.1986673459635655
HNF4G#chr8:75408038-75408056(+)	HNF4G	targeting	-0.7798966	0.1135463278670823
HNF4G#chr8:75408043-75408061(-)	HNF4G	targeting	-1.3819908	0.0012142018046079
HNF4G#chr8:75408050-75408068(+)	HNF4G	targeting	-1.2915113	0.0013460841125188
HNF4G#chr8:75408080-75408098(-)	HNF4G	targeting	-1.4539763	0.0030569122514087
HNF4G#chr8:75539906-75539924(+)	HNF4G	targeting	-0.55973816	0.1296794312790205
HNF4G#chr8:75539913-75539931(+)	HNF4G	targeting	0.16755258	0.2475913508168389
HNF4G#chr8:75539981-75539999(+)	HNF4G	targeting	0.4130363	0.297642564169405
HNF4G#chr8:75540060-75540078(+)	HNF4G	targeting	0.45463657	0.1147113438731682
HNF4G#chr8:75540135-75540153(+)	HNF4G	targeting	-0.5210537	0.4871254960003992
HNF4G#chr8:75540141-75540159(+)	HNF4G	targeting	0.18402423	0.3927946136083
HNRNPK#chr9:83979739-83979757(+)	HNRNPK	targeting	-0.20470136	0.0081683275248255
HNRNPK#chr9:83979957-83979975(+)	HNRNPK	targeting	0.066355236	0.3446923885794611
HNRNPK#chr9:83980187-83980205(-)	HNRNPK	targeting	-0.11902981	0.5130904984726503
HNRNPK#chr9:83980190-83980208(-)	HNRNPK	targeting	0.07150755	0.3996117455759628
HNRNPK#chr9:83980381-83980399(+)	HNRNPK	targeting	-0.23449284	0.0193053453513587
HNRNPK#chr9:83980605-83980623(-)	HNRNPK	targeting	0.0069401427	0.952408679157551
HNRNPU#chr1:244864256-244864274(-)	HNRNPU	targeting	-0.15044472	8.890004838831975e-12
HNRNPU#chr1:244864428-244864446(+)	HNRNPU	targeting	-0.026811885	0.5173644488370432
HNRNPU#chr1:244864448-244864466(+)	HNRNPU	targeting	-0.28071135	0.002322688722615
HNRNPU#chr1:244864455-244864473(-)	HNRNPU	targeting	0.048334107	0.7010812712264423
HNRNPU#chr1:244864475-244864493(-)	HNRNPU	targeting	-0.026990278	0.6146943694323108
HNRNPU#chr1:244864481-244864499(-)	HNRNPU	targeting	0.04570668	0.344576395333243
HOMEZ#chr14:23285859-23285877(+)	HOMEZ	targeting	-1.3545173	0.1614126058915665
HOMEZ#chr14:23285876-23285894(+)	HOMEZ	targeting	-3.5840375	0.0001029260174492
HOMEZ#chr14:23286036-23286054(+)	HOMEZ	targeting	-0.0789629	0.8153042363460354
HOMEZ#chr14:23286068-23286086(-)	HOMEZ	targeting	-1.812183	0.0154423924902667
HOMEZ#chr14:23286099-23286117(-)	HOMEZ	targeting	-2.577356	0.0063956231372479
HOMEZ#chr14:23286101-23286119(+)	HOMEZ	targeting	-2.8914475	0.0012416565114828
HOPX#chr4:56655786-56655804(+)	HOPX	targeting		
HOPX#chr4:56655966-56655984(+)	HOPX	targeting		
HOPX#chr4:56655970-56655988(-)	HOPX	targeting		
HOPX#chr4:56655981-56655999(+)	HOPX	targeting		
HOPX#chr4:56655994-56656012(-)	HOPX	targeting		
HOPX#chr4:56655999-56656017(+)	HOPX	targeting		
HOPX#chr4:56680799-56680817(-)	HOPX	targeting		
HOPX#chr4:56681039-56681057(-)	HOPX	targeting		
HOPX#chr4:56681221-56681239(-)	HOPX	targeting		
HOPX#chr4:56681237-56681255(+)	HOPX	targeting		
HOPX#chr4:56681243-56681261(+)	HOPX	targeting		
HOPX#chr4:56681266-56681284(+)	HOPX	targeting		
HOXA1#chr7:27095656-27095674(+)	HOXA1	targeting		
HOXA1#chr7:27095739-27095757(+)	HOXA1	targeting		
HOXA1#chr7:27095749-27095767(-)	HOXA1	targeting		
HOXA1#chr7:27095773-27095791(-)	HOXA1	targeting		
HOXA1#chr7:27095945-27095963(-)	HOXA1	targeting		
HOXA1#chr7:27095975-27095993(-)	HOXA1	targeting		
HOXA10#chr7:27174026-27174044(-)	HOXA10	targeting		
HOXA10#chr7:27174072-27174090(+)	HOXA10	targeting		
HOXA10#chr7:27174080-27174098(+)	HOXA10	targeting		
HOXA10#chr7:27174083-27174101(+)	HOXA10	targeting		
HOXA10#chr7:27174278-27174296(+)	HOXA10	targeting		
HOXA10#chr7:27174293-27174311(-)	HOXA10	targeting		
HOXA11#chr7:27184970-27184988(+)	HOXA11	targeting		
HOXA11#chr7:27185021-27185039(+)	HOXA11	targeting		
HOXA11#chr7:27185158-27185176(-)	HOXA11	targeting		
HOXA11#chr7:27185169-27185187(-)	HOXA11	targeting		
HOXA11#chr7:27185197-27185215(-)	HOXA11	targeting		
HOXA11#chr7:27185209-27185227(-)	HOXA11	targeting		
HOXA13#chr7:27199662-27199680(+)	HOXA13	targeting		
HOXA13#chr7:27199720-27199738(+)	HOXA13	targeting		
HOXA13#chr7:27200013-27200031(+)	HOXA13	targeting		
HOXA13#chr7:27200017-27200035(+)	HOXA13	targeting		
HOXA13#chr7:27200030-27200048(+)	HOXA13	targeting		
HOXA13#chr7:27200033-27200051(+)	HOXA13	targeting		
HOXA2#chr7:27102197-27102215(-)	HOXA2	targeting		
HOXA2#chr7:27102335-27102353(+)	HOXA2	targeting		
HOXA2#chr7:27102571-27102589(+)	HOXA2	targeting		
HOXA2#chr7:27102605-27102623(+)	HOXA2	targeting		
HOXA2#chr7:27102643-27102661(+)	HOXA2	targeting		
HOXA2#chr7:27102658-27102676(-)	HOXA2	targeting		
HOXA3#chr7:27113585-27113603(-)	HOXA3	targeting		
HOXA3#chr7:27113773-27113791(-)	HOXA3	targeting		
HOXA3#chr7:27113807-27113825(-)	HOXA3	targeting		
HOXA3#chr7:27113815-27113833(+)	HOXA3	targeting		
HOXA3#chr7:27113820-27113838(-)	HOXA3	targeting		
HOXA3#chr7:27113825-27113843(+)	HOXA3	targeting		
HOXA3#chr7:27152320-27152338(-)	HOXA3	targeting		
HOXA3#chr7:27152494-27152512(-)	HOXA3	targeting		
HOXA3#chr7:27152505-27152523(-)	HOXA3	targeting		
HOXA3#chr7:27152515-27152533(+)	HOXA3	targeting		
HOXA3#chr7:27152519-27152537(+)	HOXA3	targeting		
HOXA3#chr7:27152536-27152554(+)	HOXA3	targeting		
HOXA4#chr7:27129987-27130005(+)	HOXA4	targeting		
HOXA4#chr7:27130501-27130519(+)	HOXA4	targeting		
HOXA4#chr7:27130508-27130526(+)	HOXA4	targeting		
HOXA4#chr7:27130654-27130672(-)	HOXA4	targeting		
HOXA4#chr7:27130658-27130676(+)	HOXA4	targeting		
HOXA4#chr7:27130662-27130680(+)	HOXA4	targeting		
HOXA5#chr7:27143401-27143419(+)	HOXA5	targeting		
HOXA5#chr7:27143416-27143434(+)	HOXA5	targeting		
HOXA5#chr7:27143454-27143472(-)	HOXA5	targeting		
HOXA5#chr7:27143459-27143477(-)	HOXA5	targeting		
HOXA5#chr7:27143474-27143492(-)	HOXA5	targeting		
HOXA5#chr7:27143483-27143501(-)	HOXA5	targeting		
HOXA6#chr7:27150721-27150739(+)	HOXA6	targeting		
HOXA6#chr7:27150761-27150779(+)	HOXA6	targeting		
HOXA6#chr7:27150873-27150891(-)	HOXA6	targeting		
HOXA6#chr7:27150876-27150894(-)	HOXA6	targeting		
HOXA6#chr7:27150883-27150901(+)	HOXA6	targeting		
HOXA6#chr7:27150943-27150961(+)	HOXA6	targeting		
HOXA7#chr7:27156333-27156351(+)	HOXA7	targeting		
HOXA7#chr7:27156376-27156394(+)	HOXA7	targeting		
HOXA7#chr7:27156422-27156440(-)	HOXA7	targeting		
HOXA7#chr7:27156627-27156645(-)	HOXA7	targeting		
HOXA7#chr7:27156647-27156665(-)	HOXA7	targeting		
HOXA7#chr7:27156688-27156706(-)	HOXA7	targeting		
HOXA9#chr7:27165269-27165287(+)	HOXA9	targeting		
HOXA9#chr7:27165445-27165463(-)	HOXA9	targeting		
HOXA9#chr7:27165457-27165475(-)	HOXA9	targeting		
HOXA9#chr7:27165484-27165502(-)	HOXA9	targeting		
HOXA9#chr7:27165494-27165512(-)	HOXA9	targeting		
HOXA9#chr7:27165526-27165544(+)	HOXA9	targeting		
HOXB1#chr17:48530907-48530925(+)	HOXB1	targeting		
HOXB1#chr17:48530919-48530937(+)	HOXB1	targeting		
HOXB1#chr17:48530957-48530975(-)	HOXB1	targeting		
HOXB1#chr17:48530965-48530983(-)	HOXB1	targeting		
HOXB1#chr17:48530969-48530987(+)	HOXB1	targeting		
HOXB1#chr17:48531001-48531019(-)	HOXB1	targeting		
HOXB13#chr17:48728263-48728281(-)	HOXB13	targeting		
HOXB13#chr17:48728455-48728473(+)	HOXB13	targeting		
HOXB13#chr17:48728468-48728486(+)	HOXB13	targeting		
HOXB13#chr17:48728604-48728622(+)	HOXB13	targeting		
HOXB13#chr17:48728620-48728638(+)	HOXB13	targeting		
HOXB13#chr17:48728661-48728679(-)	HOXB13	targeting		
HOXB2#chr17:48544532-48544550(+)	HOXB2	targeting		
HOXB2#chr17:48544616-48544634(+)	HOXB2	targeting		
HOXB2#chr17:48544676-48544694(+)	HOXB2	targeting		
HOXB2#chr17:48544690-48544708(-)	HOXB2	targeting		
HOXB2#chr17:48545788-48545806(-)	HOXB2	targeting		
HOXB2#chr17:48546003-48546021(+)	HOXB2	targeting		
HOXB3#chr17:48589980-48589998(+)	HOXB3	targeting		
HOXB3#chr17:48590026-48590044(-)	HOXB3	targeting		
HOXB3#chr17:48590141-48590159(+)	HOXB3	targeting		
HOXB3#chr17:48590148-48590166(-)	HOXB3	targeting		
HOXB3#chr17:48590180-48590198(-)	HOXB3	targeting		
HOXB3#chr17:48590217-48590235(-)	HOXB3	targeting		
HOXB4#chr17:48577853-48577871(-)	HOXB4	targeting		
HOXB4#chr17:48578194-48578212(-)	HOXB4	targeting		
HOXB4#chr17:48578196-48578214(+)	HOXB4	targeting		
HOXB4#chr17:48578204-48578222(-)	HOXB4	targeting		
HOXB4#chr17:48578368-48578386(-)	HOXB4	targeting		
HOXB4#chr17:48578433-48578451(-)	HOXB4	targeting		
HOXB5#chr17:48593315-48593333(+)	HOXB5	targeting		
HOXB5#chr17:48593384-48593402(+)	HOXB5	targeting		
HOXB5#chr17:48593470-48593488(+)	HOXB5	targeting		
HOXB5#chr17:48593486-48593504(+)	HOXB5	targeting		
HOXB5#chr17:48593534-48593552(-)	HOXB5	targeting		
HOXB5#chr17:48593679-48593697(+)	HOXB5	targeting		
HOXB6#chr17:48597963-48597981(+)	HOXB6	targeting		
HOXB6#chr17:48597999-48598017(-)	HOXB6	targeting		
HOXB6#chr17:48598100-48598118(+)	HOXB6	targeting		
HOXB6#chr17:48598136-48598154(+)	HOXB6	targeting		
HOXB6#chr17:48598175-48598193(-)	HOXB6	targeting		
HOXB6#chr17:48598186-48598204(-)	HOXB6	targeting		
HOXB6#chr17:48604687-48604705(+)	HOXB6	targeting		
HOXB6#chr17:48604939-48604957(-)	HOXB6	targeting		
HOXB6#chr17:48604944-48604962(+)	HOXB6	targeting		
HOXB6#chr17:48604949-48604967(+)	HOXB6	targeting		
HOXB6#chr17:48604959-48604977(-)	HOXB6	targeting		
HOXB6#chr17:48604963-48604981(-)	HOXB6	targeting		
HOXB7#chr17:48610567-48610585(-)	HOXB7	targeting		
HOXB7#chr17:48610579-48610597(-)	HOXB7	targeting		
HOXB7#chr17:48610608-48610626(+)	HOXB7	targeting		
HOXB7#chr17:48610743-48610761(+)	HOXB7	targeting		
HOXB7#chr17:48610786-48610804(-)	HOXB7	targeting		
HOXB7#chr17:48610920-48610938(+)	HOXB7	targeting		
HOXB8#chr17:48613218-48613236(-)	HOXB8	targeting		
HOXB8#chr17:48613233-48613251(-)	HOXB8	targeting		
HOXB8#chr17:48613246-48613264(-)	HOXB8	targeting		
HOXB8#chr17:48613408-48613426(+)	HOXB8	targeting		
HOXB8#chr17:48613418-48613436(+)	HOXB8	targeting		
HOXB8#chr17:48613466-48613484(+)	HOXB8	targeting		
HOXB8#chr17:48614728-48614746(+)	HOXB8	targeting		
HOXB8#chr17:48614731-48614749(+)	HOXB8	targeting		
HOXB8#chr17:48614822-48614840(+)	HOXB8	targeting		
HOXB8#chr17:48615022-48615040(+)	HOXB8	targeting		
HOXB8#chr17:48615031-48615049(-)	HOXB8	targeting		
HOXB8#chr17:48615034-48615052(-)	HOXB8	targeting		
HOXB9#chr17:48626080-48626098(+)	HOXB9	targeting		
HOXB9#chr17:48626278-48626296(+)	HOXB9	targeting		
HOXB9#chr17:48626298-48626316(+)	HOXB9	targeting		
HOXB9#chr17:48626314-48626332(+)	HOXB9	targeting		
HOXB9#chr17:48626334-48626352(+)	HOXB9	targeting		
HOXB9#chr17:48626355-48626373(-)	HOXB9	targeting		
HOXC10#chr12:53985176-53985194(+)	HOXC10	targeting		
HOXC10#chr12:53985220-53985238(-)	HOXC10	targeting		
HOXC10#chr12:53985223-53985241(-)	HOXC10	targeting		
HOXC10#chr12:53985375-53985393(+)	HOXC10	targeting		
HOXC10#chr12:53985407-53985425(+)	HOXC10	targeting		
HOXC10#chr12:53985414-53985432(+)	HOXC10	targeting		
HOXC11#chr12:53973243-53973261(+)	HOXC11	targeting		
HOXC11#chr12:53973262-53973280(-)	HOXC11	targeting		
HOXC11#chr12:53973276-53973294(+)	HOXC11	targeting		
HOXC11#chr12:53973368-53973386(-)	HOXC11	targeting		
HOXC11#chr12:53973423-53973441(-)	HOXC11	targeting		
HOXC11#chr12:53973447-53973465(+)	HOXC11	targeting		
HOXC12#chr12:53954897-53954915(+)	HOXC12	targeting		
HOXC12#chr12:53954913-53954931(+)	HOXC12	targeting		
HOXC12#chr12:53954958-53954976(-)	HOXC12	targeting		
HOXC12#chr12:53954970-53954988(+)	HOXC12	targeting		
HOXC12#chr12:53955131-53955149(-)	HOXC12	targeting		
HOXC12#chr12:53955160-53955178(-)	HOXC12	targeting		
HOXC13#chr12:53938848-53938866(+)	HOXC13	targeting		
HOXC13#chr12:53938853-53938871(-)	HOXC13	targeting		
HOXC13#chr12:53938866-53938884(-)	HOXC13	targeting		
HOXC13#chr12:53939067-53939085(+)	HOXC13	targeting		
HOXC13#chr12:53939265-53939283(+)	HOXC13	targeting		
HOXC13#chr12:53939278-53939296(-)	HOXC13	targeting		
HOXC4#chr12:54053840-54053858(+)	HOXC4	targeting		
HOXC4#chr12:54053843-54053861(+)	HOXC4	targeting		
HOXC4#chr12:54053844-54053862(+)	HOXC4	targeting		
HOXC4#chr12:54054229-54054247(-)	HOXC4	targeting		
HOXC4#chr12:54054290-54054308(-)	HOXC4	targeting		
HOXC4#chr12:54054468-54054486(-)	HOXC4	targeting		
HOXC5#chr12:54017313-54017331(+)	HOXC5	targeting		
HOXC5#chr12:54017326-54017344(+)	HOXC5	targeting		
HOXC6#chr12:54016901-54016919(-)	HOXC6	targeting		
HOXC6#chr12:54017023-54017041(-)	HOXC6	targeting		
HOXC8#chr12:54008945-54008963(+)	HOXC8	targeting		
HOXC8#chr12:54008955-54008973(+)	HOXC8	targeting		
HOXC8#chr12:54009001-54009019(+)	HOXC8	targeting		
HOXC8#chr12:54009010-54009028(-)	HOXC8	targeting		
HOXC8#chr12:54009087-54009105(-)	HOXC8	targeting		
HOXC8#chr12:54009234-54009252(+)	HOXC8	targeting		
HOXC9#chr12:54000184-54000202(-)	HOXC9	targeting		
HOXC9#chr12:54000324-54000342(-)	HOXC9	targeting		
HOXC9#chr12:54000346-54000364(-)	HOXC9	targeting		
HOXC9#chr12:54000399-54000417(-)	HOXC9	targeting		
HOXC9#chr12:54000412-54000430(-)	HOXC9	targeting		
HOXC9#chr12:54000542-54000560(+)	HOXC9	targeting		
HOXD1#chr2:176188658-176188676(+)	HOXD1	targeting		
HOXD1#chr2:176188664-176188682(+)	HOXD1	targeting		
HOXD1#chr2:176188682-176188700(+)	HOXD1	targeting		
HOXD1#chr2:176188686-176188704(+)	HOXD1	targeting		
HOXD1#chr2:176188706-176188724(+)	HOXD1	targeting		
HOXD1#chr2:176188888-176188906(-)	HOXD1	targeting		
HOXD10#chr2:176108768-176108786(+)	HOXD10	targeting		
HOXD10#chr2:176108789-176108807(+)	HOXD10	targeting		
HOXD10#chr2:176108803-176108821(-)	HOXD10	targeting		
HOXD10#chr2:176108814-176108832(+)	HOXD10	targeting		
HOXD10#chr2:176108823-176108841(+)	HOXD10	targeting		
HOXD10#chr2:176108887-176108905(-)	HOXD10	targeting		
HOXD10#chr2:176116780-176116798(-)	HOXD10	targeting		
HOXD10#chr2:176116945-176116963(-)	HOXD10	targeting		
HOXD10#chr2:176117053-176117071(-)	HOXD10	targeting		
HOXD10#chr2:176117220-176117238(-)	HOXD10	targeting		
HOXD10#chr2:176117241-176117259(-)	HOXD10	targeting		
HOXD10#chr2:176117265-176117283(-)	HOXD10	targeting		
HOXD11#chr2:176104538-176104556(+)	HOXD11	targeting		
HOXD11#chr2:176104549-176104567(-)	HOXD11	targeting		
HOXD11#chr2:176104562-176104580(+)	HOXD11	targeting		
HOXD11#chr2:176104569-176104587(-)	HOXD11	targeting		
HOXD11#chr2:176104583-176104601(+)	HOXD11	targeting		
HOXD11#chr2:176104934-176104952(-)	HOXD11	targeting		
HOXD12#chr2:176099808-176099826(+)	HOXD12	targeting		
HOXD12#chr2:176099818-176099836(+)	HOXD12	targeting		
HOXD12#chr2:176099924-176099942(-)	HOXD12	targeting		
HOXD12#chr2:176099992-176100010(+)	HOXD12	targeting		
HOXD12#chr2:176100001-176100019(-)	HOXD12	targeting		
HOXD12#chr2:176100163-176100181(-)	HOXD12	targeting		
HOXD13#chr2:176092704-176092722(+)	HOXD13	targeting		
HOXD13#chr2:176092790-176092808(+)	HOXD13	targeting		
HOXD13#chr2:176092839-176092857(-)	HOXD13	targeting		
HOXD13#chr2:176092902-176092920(+)	HOXD13	targeting		
HOXD13#chr2:176093013-176093031(-)	HOXD13	targeting		
HOXD13#chr2:176093121-176093139(-)	HOXD13	targeting		
HOXD3#chr2:176136581-176136599(-)	HOXD3	targeting		
HOXD3#chr2:176136607-176136625(-)	HOXD3	targeting		
HOXD3#chr2:176136633-176136651(+)	HOXD3	targeting		
HOXD3#chr2:176136647-176136665(-)	HOXD3	targeting		
HOXD3#chr2:176136654-176136672(-)	HOXD3	targeting		
HOXD3#chr2:176136821-176136839(-)	HOXD3	targeting		
HOXD4#chr2:176151634-176151652(+)	HOXD4	targeting		
HOXD4#chr2:176151652-176151670(+)	HOXD4	targeting		
HOXD4#chr2:176151665-176151683(-)	HOXD4	targeting		
HOXD4#chr2:176151725-176151743(+)	HOXD4	targeting		
HOXD4#chr2:176151778-176151796(-)	HOXD4	targeting		
HOXD4#chr2:176151803-176151821(+)	HOXD4	targeting		
HOXD8#chr2:176129726-176129744(-)	HOXD8	targeting		
HOXD8#chr2:176129735-176129753(+)	HOXD8	targeting		
HOXD8#chr2:176129769-176129787(+)	HOXD8	targeting		
HOXD8#chr2:176129781-176129799(+)	HOXD8	targeting		
HOXD8#chr2:176129975-176129993(+)	HOXD8	targeting		
HOXD8#chr2:176130614-176130632(+)	HOXD8	targeting		
HOXD9#chr2:176122703-176122721(+)	HOXD9	targeting		
HOXD9#chr2:176122706-176122724(+)	HOXD9	targeting		
HOXD9#chr2:176122755-176122773(+)	HOXD9	targeting		
HOXD9#chr2:176122759-176122777(+)	HOXD9	targeting		
HOXD9#chr2:176122950-176122968(-)	HOXD9	targeting		
HOXD9#chr2:176123001-176123019(-)	HOXD9	targeting		
HR#chr8:22130604-22130622(+)	HR	targeting		
HR#chr8:22130932-22130950(+)	HR	targeting		
HR#chr8:22130942-22130960(+)	HR	targeting		
HR#chr8:22130945-22130963(+)	HR	targeting		
HR#chr8:22130984-22131002(-)	HR	targeting		
HR#chr8:22130998-22131016(+)	HR	targeting		
HR#chr8:22133281-22133299(+)	HR	targeting		
HR#chr8:22133289-22133307(+)	HR	targeting		
HR#chr8:22133306-22133324(-)	HR	targeting		
HR#chr8:22133345-22133363(-)	HR	targeting		
HR#chr8:22133354-22133372(+)	HR	targeting		
HR#chr8:22133366-22133384(-)	HR	targeting		
HSF1#chr8:144291598-144291616(+)	HSF1	targeting	-0.3804711	0.161203910539823
HSF1#chr8:144291626-144291644(-)	HSF1	targeting	0.049519353	0.7773077021075784
HSF1#chr8:144291810-144291828(-)	HSF1	targeting	0.055641424	0.6978058615700526
HSF1#chr8:144291831-144291849(-)	HSF1	targeting	-0.16431502	0.3206442060957059
HSF1#chr8:144291970-144291988(-)	HSF1	targeting	-0.38408834	0.0848639175303917
HSF1#chr8:144292000-144292018(+)	HSF1	targeting	0.23722745	0.4124741979908569
HSF2#chr6:122399639-122399657(+)	HSF2	targeting	-1.4119467	0.0528282900538581
HSF2#chr6:122399683-122399701(+)	HSF2	targeting	-0.79747385	0.0276630906350332
HSF2#chr6:122399688-122399706(-)	HSF2	targeting	-1.4722203	0.0158322380421867
HSF2#chr6:122399694-122399712(-)	HSF2	targeting	-0.30448273	0.2410374631395352
HSF2#chr6:122399815-122399833(+)	HSF2	targeting	-0.9907329	0.0006896884946193
HSF2#chr6:122399863-122399881(-)	HSF2	targeting	-1.1606792	0.0005354080134526
HSF4#chr16:67163614-67163632(+)	HSF4	targeting		
HSF4#chr16:67164784-67164802(-)	HSF4	targeting		
HSF4#chr16:67164797-67164815(-)	HSF4	targeting		
HSF4#chr16:67164964-67164982(-)	HSF4	targeting		
HSF4#chr16:67165015-67165033(-)	HSF4	targeting		
HSF4#chr16:67165099-67165117(+)	HSF4	targeting		
HSF5#chr17:58488319-58488337(-)	HSF5	targeting		
HSF5#chr17:58488325-58488343(-)	HSF5	targeting		
HSF5#chr17:58488340-58488358(-)	HSF5	targeting		
HSF5#chr17:58488362-58488380(-)	HSF5	targeting		
HSF5#chr17:58488378-58488396(-)	HSF5	targeting		
HSF5#chr17:58488383-58488401(-)	HSF5	targeting		
ID1#chr20:31605319-31605337(-)	ID1	targeting	-0.15991898	0.3122630759778635
ID1#chr20:31605341-31605359(-)	ID1	targeting	-0.1091909	0.1833647769734107
ID1#chr20:31605361-31605379(-)	ID1	targeting	-0.28618234	4.938332050960986e-05
ID1#chr20:31605383-31605401(+)	ID1	targeting	-1.0464089	5.966154073580122e-14
ID1#chr20:31605446-31605464(+)	ID1	targeting	-2.2891057	1.1726906246400445e-23
ID1#chr20:31605512-31605530(-)	ID1	targeting	0.017933723	0.8611135082493089
ID2#chr2:8679225-8679243(+)	ID2	targeting	0.2649758	0.337227377875231
ID2#chr2:8679245-8679263(-)	ID2	targeting	-0.27035162	0.5149915234838084
ID2#chr2:8679255-8679273(+)	ID2	targeting	-0.32153955	0.3057299177095647
ID2#chr2:8679292-8679310(-)	ID2	targeting	-0.2520953	0.5108953193859024
ID2#chr2:8679304-8679322(-)	ID2	targeting	-1.7894355	2.239364188803755e-07
ID2#chr2:8679467-8679485(-)	ID2	targeting	-1.5258664	2.237032814773129e-05
ID2#chr2:8682041-8682059(-)	ID2	targeting	-2.6070046	0.0008535903288547
ID2#chr2:8682044-8682062(-)	ID2	targeting	0.06490337	0.8156097427032533
ID2#chr2:8682052-8682070(+)	ID2	targeting	-0.58664197	0.2132136199549569
ID2#chr2:8682072-8682090(-)	ID2	targeting	0.28992262	0.3482825033354406
ID2#chr2:8682232-8682250(+)	ID2	targeting	-2.4438417	1.466180947912023e-18
ID2#chr2:8682248-8682266(-)	ID2	targeting	-1.6010017	0.0002919664828117
ID3#chr1:23559248-23559266(-)	ID3	targeting	-1.317378	1.3988068140487866e-17
ID3#chr1:23559271-23559289(+)	ID3	targeting	-1.2278216	2.173473582858833e-08
ID3#chr1:23559297-23559315(+)	ID3	targeting	-0.091518246	0.3786107966665771
ID3#chr1:23559423-23559441(-)	ID3	targeting	-0.93621016	2.7005199314742332e-08
ID3#chr1:23559483-23559501(-)	ID3	targeting	-2.0618913	9.197123055476302e-31
ID3#chr1:23559516-23559534(-)	ID3	targeting	-1.5775114	4.046392156485536e-23
ID4#chr6:19837361-19837379(+)	ID4	targeting	-1.1608889	0.2104850132670648
ID4#chr6:19837389-19837407(+)	ID4	targeting	-0.24596469	0.6551531206145804
ID4#chr6:19837395-19837413(+)	ID4	targeting	-0.1483826	0.7019788658487873
ID4#chr6:19837406-19837424(+)	ID4	targeting	-0.04776565	0.9331013349796342
ID4#chr6:19837455-19837473(+)	ID4	targeting	-0.4840033	0.0260993873806558
ID4#chr6:19837478-19837496(+)	ID4	targeting	0.08062559	0.7829038966649281
IFI16#chr1:159009908-159009926(-)	IFI16	targeting	-1.4198127	1.6025736962020455e-05
IFI16#chr1:159009913-159009931(+)	IFI16	targeting	-1.083387	0.0285850177304372
IFI16#chr1:159009944-159009962(-)	IFI16	targeting	-0.60833305	0.3417002557535856
IFI16#chr1:159009956-159009974(+)	IFI16	targeting	-0.49387717	0.492956637482594
IFI16#chr1:159009989-159010007(-)	IFI16	targeting	0.0061275847	0.9907077437064072
IFI16#chr1:159010208-159010226(+)	IFI16	targeting	0.4060084	0.2886802556442741
IGFBP1#chr7:45888502-45888520(-)	IGFBP1	targeting		
IGFBP1#chr7:45888536-45888554(+)	IGFBP1	targeting		
IGFBP1#chr7:45888546-45888564(-)	IGFBP1	targeting		
IGFBP1#chr7:45888561-45888579(-)	IGFBP1	targeting		
IGFBP1#chr7:45888572-45888590(-)	IGFBP1	targeting		
IGFBP1#chr7:45888756-45888774(-)	IGFBP1	targeting		
IGHMBP2#chr11:68903896-68903914(+)	IGHMBP2	targeting	-0.80336535	0.354952038620274
IGHMBP2#chr11:68903903-68903921(+)	IGHMBP2	targeting	-0.12843117	0.7830934330604155
IGHMBP2#chr11:68903912-68903930(+)	IGHMBP2	targeting	-1.1623296	0.007840398365849
IGHMBP2#chr11:68903929-68903947(+)	IGHMBP2	targeting	-0.5726228	0.473315401410775
IGHMBP2#chr11:68904107-68904125(+)	IGHMBP2	targeting	-0.48454577	0.1544705134234522
IGHMBP2#chr11:68904146-68904164(-)	IGHMBP2	targeting	-0.5245213	0.0976602165032345
IKZF1#chr7:50304289-50304307(-)	IKZF1	targeting		
IKZF1#chr7:50304679-50304697(+)	IKZF1	targeting		
IKZF1#chr7:50304747-50304765(-)	IKZF1	targeting		
IKZF1#chr7:50304754-50304772(+)	IKZF1	targeting		
IKZF1#chr7:50304772-50304790(-)	IKZF1	targeting		
IKZF1#chr7:50304781-50304799(+)	IKZF1	targeting		
IKZF2#chr2:213150244-213150262(+)	IKZF2	targeting	-1.2720217	0.0180381266274826
IKZF2#chr2:213150334-213150352(+)	IKZF2	targeting	-0.817946	0.1403356875070183
IKZF2#chr2:213150337-213150355(+)	IKZF2	targeting	-0.85609895	0.1387254342513269
IKZF2#chr2:213150357-213150375(+)	IKZF2	targeting	-1.1661147	0.1252902198500416
IKZF2#chr2:213150361-213150379(+)	IKZF2	targeting	-0.5402589	0.2470072441223128
IKZF2#chr2:213150394-213150412(+)	IKZF2	targeting	-0.019757092	0.9525927949888442
IKZF2#chr2:213151504-213151522(-)	IKZF2	targeting	-1.2264389	0.0619391683414059
IKZF2#chr2:213151511-213151529(+)	IKZF2	targeting	-0.020867394	0.9567740713595616
IKZF2#chr2:213151523-213151541(+)	IKZF2	targeting	-1.0841731	0.0364088840066752
IKZF2#chr2:213151544-213151562(+)	IKZF2	targeting	-1.6147351	9.564074401789516e-05
IKZF2#chr2:213151579-213151597(+)	IKZF2	targeting	0.21528715	0.2731145754549186
IKZF2#chr2:213151586-213151604(-)	IKZF2	targeting	-1.0196606	0.0928203827867068
IKZF3#chr17:39863853-39863871(-)	IKZF3	targeting		
IKZF3#chr17:39864126-39864144(-)	IKZF3	targeting		
IKZF3#chr17:39864148-39864166(+)	IKZF3	targeting		
IKZF3#chr17:39864156-39864174(-)	IKZF3	targeting		
IKZF3#chr17:39864191-39864209(-)	IKZF3	targeting		
IKZF3#chr17:39864197-39864215(-)	IKZF3	targeting		
IKZF4#chr12:56007477-56007495(+)	IKZF4	targeting		
IKZF4#chr12:56007508-56007526(+)	IKZF4	targeting		
IKZF4#chr12:56007550-56007568(-)	IKZF4	targeting		
IKZF4#chr12:56007553-56007571(+)	IKZF4	targeting		
IKZF4#chr12:56007702-56007720(-)	IKZF4	targeting		
IKZF4#chr12:56007714-56007732(+)	IKZF4	targeting		
IKZF4#chr12:56021506-56021524(-)	IKZF4	targeting		
IKZF4#chr12:56021510-56021528(-)	IKZF4	targeting		
IKZF4#chr12:56021513-56021531(+)	IKZF4	targeting		
IKZF4#chr12:56021523-56021541(-)	IKZF4	targeting		
IKZF4#chr12:56021541-56021559(-)	IKZF4	targeting		
IKZF4#chr12:56021552-56021570(-)	IKZF4	targeting		
IKZF5#chr10:123008585-123008603(-)	IKZF5	targeting	-0.79222983	0.2022974757424404
IKZF5#chr10:123008648-123008666(-)	IKZF5	targeting	-2.0628424	0.0063530722871207
IKZF5#chr10:123008729-123008747(-)	IKZF5	targeting	-1.301722	0.0940638447228922
IKZF5#chr10:123008750-123008768(-)	IKZF5	targeting	-2.0226753	0.0309570545717859
IKZF5#chr10:123008756-123008774(-)	IKZF5	targeting	-1.6920339	0.000586576879701
IKZF5#chr10:123008768-123008786(-)	IKZF5	targeting	0.12280692	0.6450065630600115
ILF2#chr1:153670768-153670786(-)	ILF2	targeting	-0.4164244	1.786639367706645e-06
ILF2#chr1:153670903-153670921(+)	ILF2	targeting	-0.58318394	0.0534503965244745
ILF2#chr1:153670953-153670971(-)	ILF2	targeting	-0.45022157	0.0222329964038186
ILF2#chr1:153670958-153670976(-)	ILF2	targeting	-0.7049511	0.1441249849157585
ILF2#chr1:153670971-153670989(-)	ILF2	targeting	-0.68863666	0.4388832391451971
ILF2#chr1:153670973-153670991(+)	ILF2	targeting	-0.6626503	0.0172025532543578
ILF3#chr19:10654324-10654342(+)	ILF3	targeting	0.0578059	0.7554497528201858
ILF3#chr19:10654337-10654355(-)	ILF3	targeting	0.3085025	0.0030212703204198
ILF3#chr19:10654340-10654358(-)	ILF3	targeting	-0.050462782	0.6525149364152258
ILF3#chr19:10654358-10654376(-)	ILF3	targeting	-0.13942581	0.4425624586999933
ILF3#chr19:10654361-10654379(-)	ILF3	targeting	0.086252935	0.1499171734082803
ILF3#chr19:10654371-10654389(-)	ILF3	targeting	0.10131725	0.2616058099185321
ING1#chr13:110713704-110713722(+)	ING1	targeting	0.2681931	0.2864086798982054
ING1#chr13:110713710-110713728(-)	ING1	targeting	-0.039886698	0.8567578936956934
ING1#chr13:110713712-110713730(+)	ING1	targeting	0.27149984	0.2271252386518639
ING1#chr13:110713719-110713737(+)	ING1	targeting	0.132046	0.5543648629371989
ING1#chr13:110713774-110713792(-)	ING1	targeting	0.017889434	0.921808045167168
ING1#chr13:110714166-110714184(-)	ING1	targeting	-0.28173038	0.6240447291924942
ING1#chr13:110715839-110715857(-)	ING1	targeting	-0.75671893	0.1702102951909637
ING1#chr13:110715862-110715880(+)	ING1	targeting	-0.871323	0.1963633171370242
ING1#chr13:110716026-110716044(+)	ING1	targeting	0.459977	0.4745127650740155
ING1#chr13:110716096-110716114(-)	ING1	targeting	-0.351391	0.4834809703413844
ING1#chr13:110716107-110716125(-)	ING1	targeting	0.22209151	0.4214505601180137
ING1#chr13:110716241-110716259(-)	ING1	targeting	-0.12854479	0.567841565688751
ING4#chr12:6662864-6662882(-)	ING4	targeting	-0.021244502	0.950972251091134
ING4#chr12:6662869-6662887(-)	ING4	targeting	-0.5785379	0.2224854182600691
ING4#chr12:6662881-6662899(-)	ING4	targeting	-0.50513834	0.302760795654227
ING4#chr12:6663083-6663101(-)	ING4	targeting	0.17688859	0.5184914746277327
ING4#chr12:6663128-6663146(-)	ING4	targeting	-0.0261394	0.8883190426456394
ING4#chr12:6663136-6663154(-)	ING4	targeting	-0.29071194	0.4693702613450509
INSM1#chr20:20367876-20367894(+)	INSM1	targeting		
INSM1#chr20:20368102-20368120(+)	INSM1	targeting		
INSM1#chr20:20368114-20368132(+)	INSM1	targeting		
INSM1#chr20:20368129-20368147(+)	INSM1	targeting		
INSM1#chr20:20368144-20368162(-)	INSM1	targeting		
INSM1#chr20:20368562-20368580(-)	INSM1	targeting		
INSM2#chr14:35534144-35534162(+)	INSM2	targeting		
INSM2#chr14:35534209-35534227(-)	INSM2	targeting		
INSM2#chr14:35534219-35534237(-)	INSM2	targeting		
INSM2#chr14:35534225-35534243(-)	INSM2	targeting		
INSM2#chr14:35534259-35534277(-)	INSM2	targeting		
INSM2#chr14:35534358-35534376(-)	INSM2	targeting		
IRF1#chr5:132490578-132490596(+)	IRF1	targeting		
IRF1#chr5:132490705-132490723(+)	IRF1	targeting		
IRF1#chr5:132490739-132490757(+)	IRF1	targeting		
IRF1#chr5:132490744-132490762(+)	IRF1	targeting		
IRF1#chr5:132490752-132490770(-)	IRF1	targeting		
IRF1#chr5:132490759-132490777(+)	IRF1	targeting		
IRF2#chr4:184474320-184474338(-)	IRF2	targeting	-0.22196873	0.4637925318891238
IRF2#chr4:184474333-184474351(-)	IRF2	targeting	0.28060344	0.2438834410044608
IRF2#chr4:184474462-184474480(+)	IRF2	targeting	-0.23132323	0.6403340421368164
IRF2#chr4:184474506-184474524(-)	IRF2	targeting	-2.205623	5.557562379998003e-07
IRF2#chr4:184474525-184474543(+)	IRF2	targeting	-0.59570897	0.0356407914815561
IRF2#chr4:184474549-184474567(+)	IRF2	targeting	-1.786079	9.620428350410376e-07
IRF3#chr19:49665547-49665565(-)	IRF3	targeting	-1.8296484	2.1903598078966872e-12
IRF3#chr19:49665568-49665586(-)	IRF3	targeting	-1.2366625	0.0001605119930676
IRF3#chr19:49665601-49665619(-)	IRF3	targeting	-2.1811204	3.717932259192961e-10
IRF3#chr19:49665604-49665622(-)	IRF3	targeting	-1.1367086	0.0365628825689054
IRF3#chr19:49665674-49665692(-)	IRF3	targeting	-0.12695216	0.5984152182571192
IRF3#chr19:49665824-49665842(-)	IRF3	targeting	-0.471274	0.3588176541727252
IRF4#chr6:391762-391780(-)	IRF4	targeting		
IRF4#chr6:391778-391796(-)	IRF4	targeting		
IRF4#chr6:391797-391815(-)	IRF4	targeting		
IRF4#chr6:391799-391817(+)	IRF4	targeting		
IRF4#chr6:391856-391874(-)	IRF4	targeting		
IRF4#chr6:391941-391959(-)	IRF4	targeting		
IRF4#chr6:393212-393230(+)	IRF4	targeting		
IRF4#chr6:393230-393248(-)	IRF4	targeting		
IRF4#chr6:393235-393253(+)	IRF4	targeting		
IRF4#chr6:393248-393266(+)	IRF4	targeting		
IRF4#chr6:393258-393276(+)	IRF4	targeting		
IRF4#chr6:393266-393284(-)	IRF4	targeting		
IRF5#chr7:128937935-128937953(+)	IRF5	targeting		
IRF5#chr7:128937961-128937979(-)	IRF5	targeting		
IRF5#chr7:128938003-128938021(-)	IRF5	targeting		
IRF5#chr7:128938019-128938037(-)	IRF5	targeting		
IRF5#chr7:128938033-128938051(+)	IRF5	targeting		
IRF5#chr7:128938178-128938196(+)	IRF5	targeting		
IRF5#chr7:128940738-128940756(-)	IRF5	targeting		
IRF5#chr7:128940767-128940785(+)	IRF5	targeting		
IRF5#chr7:128940772-128940790(-)	IRF5	targeting		
IRF5#chr7:128940836-128940854(+)	IRF5	targeting		
IRF5#chr7:128940984-128941002(-)	IRF5	targeting		
IRF5#chr7:128941236-128941254(-)	IRF5	targeting		
IRF6#chr1:209805880-209805898(+)	IRF6	targeting		
IRF6#chr1:209805916-209805934(+)	IRF6	targeting		
IRF6#chr1:209805928-209805946(-)	IRF6	targeting		
IRF6#chr1:209806049-209806067(+)	IRF6	targeting		
IRF6#chr1:209806089-209806107(-)	IRF6	targeting		
IRF6#chr1:209806120-209806138(-)	IRF6	targeting		
IRF7#chr11:615694-615712(+)	IRF7	targeting		
IRF7#chr11:615749-615767(-)	IRF7	targeting		
IRF7#chr11:615840-615858(-)	IRF7	targeting		
IRF7#chr11:615874-615892(+)	IRF7	targeting		
IRF7#chr11:615907-615925(-)	IRF7	targeting		
IRF7#chr11:615917-615935(+)	IRF7	targeting		
IRF8#chr16:85899166-85899184(+)	IRF8	targeting		
IRF8#chr16:85899174-85899192(+)	IRF8	targeting		
IRF8#chr16:85899177-85899195(+)	IRF8	targeting		
IRF8#chr16:85899207-85899225(+)	IRF8	targeting		
IRF8#chr16:85899215-85899233(+)	IRF8	targeting		
IRF8#chr16:85899225-85899243(+)	IRF8	targeting		
IRF9#chr14:24161242-24161260(+)	IRF9	targeting		
IRF9#chr14:24161314-24161332(-)	IRF9	targeting		
IRF9#chr14:24161333-24161351(+)	IRF9	targeting		
IRF9#chr14:24161338-24161356(+)	IRF9	targeting		
IRF9#chr14:24161483-24161501(+)	IRF9	targeting		
IRF9#chr14:24161762-24161780(-)	IRF9	targeting		
IRX1#chr5:3595910-3595928(+)	IRX1	targeting	-0.38501796	0.5629475773501087
IRX1#chr5:3595917-3595935(+)	IRX1	targeting	-1.9609063	0.0018271203046105
IRX1#chr5:3595921-3595939(-)	IRX1	targeting	-0.05356157	0.9286331339162048
IRX1#chr5:3595929-3595947(+)	IRX1	targeting	-0.16692828	0.7673740362701983
IRX1#chr5:3595954-3595972(-)	IRX1	targeting	-0.23742963	0.5764296466890632
IRX1#chr5:3596281-3596299(-)	IRX1	targeting	-0.45775414	0.404099637672648
IRX2#chr5:2751254-2751272(+)	IRX2	targeting	-0.12406699	0.8189490508947199
IRX2#chr5:2751388-2751406(+)	IRX2	targeting	-0.1764996	0.67422185045615
IRX2#chr5:2751474-2751492(-)	IRX2	targeting	-0.08081901	0.8611908363150907
IRX2#chr5:2751601-2751619(+)	IRX2	targeting	-1.2191002	0.2252433986060004
IRX2#chr5:2751631-2751649(+)	IRX2	targeting	-0.03385749	0.8288071512207512
IRX2#chr5:2751639-2751657(+)	IRX2	targeting	-1.7465546	0.0007093254663607
IRX3#chr16:54286504-54286522(-)	IRX3	targeting		
IRX3#chr16:54286507-54286525(-)	IRX3	targeting		
IRX3#chr16:54286707-54286725(+)	IRX3	targeting		
IRX3#chr16:54286723-54286741(+)	IRX3	targeting		
IRX3#chr16:54286733-54286751(+)	IRX3	targeting		
IRX3#chr16:54286746-54286764(+)	IRX3	targeting		
IRX4#chr5:1886503-1886521(+)	IRX4	targeting	-0.8289258	0.173385125966589
IRX4#chr5:1886770-1886788(+)	IRX4	targeting	-0.41929004	0.5026166048320144
IRX4#chr5:1886853-1886871(-)	IRX4	targeting	-0.68351114	0.1954002778107823
IRX4#chr5:1886859-1886877(-)	IRX4	targeting	-1.2706308	0.0051817928323357
IRX4#chr5:1886919-1886937(+)	IRX4	targeting	-0.27336514	0.611304487114741
IRX4#chr5:1886928-1886946(-)	IRX4	targeting	-0.8210496	0.3161322895460349
IRX5#chr16:54930906-54930924(-)	IRX5	targeting		
IRX5#chr16:54931081-54931099(+)	IRX5	targeting		
IRX5#chr16:54931148-54931166(-)	IRX5	targeting		
IRX5#chr16:54931329-54931347(-)	IRX5	targeting		
IRX5#chr16:54931340-54931358(-)	IRX5	targeting		
IRX5#chr16:54931431-54931449(-)	IRX5	targeting		
IRX6#chr16:55324224-55324242(-)	IRX6	targeting		
IRX6#chr16:55324252-55324270(-)	IRX6	targeting		
IRX6#chr16:55324257-55324275(-)	IRX6	targeting		
IRX6#chr16:55324267-55324285(-)	IRX6	targeting		
IRX6#chr16:55324374-55324392(-)	IRX6	targeting		
IRX6#chr16:55324377-55324395(-)	IRX6	targeting		
ISL1#chr5:51383449-51383467(-)	ISL1	targeting	-0.0644651	0.70682059772089
ISL1#chr5:51383475-51383493(-)	ISL1	targeting	-0.03342308	0.8555787667006455
ISL1#chr5:51383483-51383501(-)	ISL1	targeting	0.15554684	0.6674190037843329
ISL1#chr5:51383489-51383507(-)	ISL1	targeting	-0.29640326	0.3359271301905553
ISL1#chr5:51383492-51383510(-)	ISL1	targeting	0.034563452	0.8187256199510701
ISL1#chr5:51383500-51383518(+)	ISL1	targeting	0.032155126	0.8598322914440805
ISL1#chr5:51386159-51386177(-)	ISL1	targeting	0.22913498	0.2509915429579866
ISL1#chr5:51386170-51386188(-)	ISL1	targeting	0.113301136	0.4015278125928585
ISL1#chr5:51386211-51386229(+)	ISL1	targeting	-0.031745017	0.8416413845017776
ISL1#chr5:51386226-51386244(+)	ISL1	targeting	-0.079172865	0.6312616464554436
ISL1#chr5:51386241-51386259(-)	ISL1	targeting	-0.16832091	0.4809690238128628
ISL1#chr5:51386461-51386479(-)	ISL1	targeting	0.30214366	0.0851579853095837
ISL2#chr15:76336768-76336786(+)	ISL2	targeting		
ISL2#chr15:76336785-76336803(-)	ISL2	targeting		
ISL2#chr15:76336798-76336816(+)	ISL2	targeting		
ISL2#chr15:76336849-76336867(-)	ISL2	targeting		
ISL2#chr15:76336856-76336874(-)	ISL2	targeting		
ISL2#chr15:76337151-76337169(+)	ISL2	targeting		
ISX#chr22:35066158-35066176(-)	ISX	targeting		
ISX#chr22:35066172-35066190(+)	ISX	targeting		
ISX#chr22:35066196-35066214(+)	ISX	targeting		
ISX#chr22:35066207-35066225(+)	ISX	targeting		
ISX#chr22:35066212-35066230(+)	ISX	targeting		
ISX#chr22:35066371-35066389(-)	ISX	targeting		
JAZF1#chr7:28180329-28180347(-)	JAZF1	targeting	0.007430329	0.9596788443965896
JAZF1#chr7:28180393-28180411(-)	JAZF1	targeting	0.005220168	0.9766063486105514
JAZF1#chr7:28180515-28180533(+)	JAZF1	targeting	-1.3794957	4.648744020573581e-10
JAZF1#chr7:28180598-28180616(-)	JAZF1	targeting	-0.49574032	0.001256650403722
JAZF1#chr7:28180704-28180722(+)	JAZF1	targeting	-1.5413644	3.9690005612492403e-25
JAZF1#chr7:28180747-28180765(+)	JAZF1	targeting	-0.8457261	0.1419581020746552
JDP2#chr14:75427713-75427731(-)	JDP2	targeting	0.050653115	0.9310898774583996
JDP2#chr14:75427983-75428001(+)	JDP2	targeting	-0.11983623	0.7007596938207079
JDP2#chr14:75428030-75428048(-)	JDP2	targeting	-1.2639749	0.067021073782338
JDP2#chr14:75428034-75428052(+)	JDP2	targeting	-0.652044	0.2895620893726429
JDP2#chr14:75428050-75428068(+)	JDP2	targeting	0.20640089	0.5235577873989969
JDP2#chr14:75428062-75428080(-)	JDP2	targeting	-0.3214789	0.4460110076299938
JRK#chr8:142669693-142669711(+)	JRK	targeting		
JRK#chr8:142669867-142669885(+)	JRK	targeting		
JRK#chr8:142669925-142669943(-)	JRK	targeting		
JRK#chr8:142669935-142669953(-)	JRK	targeting		
JRK#chr8:142669959-142669977(-)	JRK	targeting		
JRK#chr8:142669991-142670009(-)	JRK	targeting		
JRK#chr8:142681895-142681913(-)	JRK	targeting		
JRK#chr8:142681901-142681919(-)	JRK	targeting		
JRK#chr8:142681918-142681936(-)	JRK	targeting		
JRK#chr8:142681933-142681951(+)	JRK	targeting		
JRK#chr8:142681937-142681955(-)	JRK	targeting		
JRK#chr8:142681978-142681996(+)	JRK	targeting		
JRKL#chr11:96390024-96390042(+)	JRKL	targeting		
JRKL#chr11:96390032-96390050(-)	JRKL	targeting		
JRKL#chr11:96390034-96390052(+)	JRKL	targeting		
JRKL#chr11:96390041-96390059(+)	JRKL	targeting		
JRKL#chr11:96390056-96390074(+)	JRKL	targeting		
JRKL#chr11:96390219-96390237(-)	JRKL	targeting		
JUN#chr1:58783693-58783711(-)	JUN	targeting		
JUN#chr1:58783776-58783794(-)	JUN	targeting		
JUN#chr1:58783808-58783826(+)	JUN	targeting		
JUN#chr1:58783988-58784006(-)	JUN	targeting		
JUN#chr1:58784011-58784029(-)	JUN	targeting		
JUN#chr1:58784014-58784032(-)	JUN	targeting		
JUNB#chr19:12791480-12791498(+)	JUNB	targeting		
JUNB#chr19:12791514-12791532(-)	JUNB	targeting		
JUNB#chr19:12791566-12791584(+)	JUNB	targeting		
JUNB#chr19:12791572-12791590(-)	JUNB	targeting		
JUNB#chr19:12791585-12791603(+)	JUNB	targeting		
JUNB#chr19:12791675-12791693(+)	JUNB	targeting		
JUND#chr19:18281310-18281328(-)	JUND	targeting	-0.14938326	0.146885751808548
JUND#chr19:18281377-18281395(+)	JUND	targeting	-0.025372133	0.7376477156207686
JUND#chr19:18281382-18281400(+)	JUND	targeting	0.06375121	0.7671410944276964
JUND#chr19:18281512-18281530(-)	JUND	targeting	0.15238534	0.3053043751327582
JUND#chr19:18281553-18281571(-)	JUND	targeting	0.13660142	0.2125365858577349
JUND#chr19:18281604-18281622(-)	JUND	targeting	-0.8023523	1.2694414371462387e-05
JUP#chr17:41785955-41785973(-)	JUP	targeting	-1.5983707	6.175156394938885e-07
JUP#chr17:41785998-41786016(-)	JUP	targeting	-1.7539704	2.8901899427615543e-20
JUP#chr17:41786269-41786287(+)	JUP	targeting	-2.6265247	2.0084266799557186e-21
JUP#chr17:41786648-41786666(+)	JUP	targeting	-1.0442199	2.642275545229297e-08
JUP#chr17:41786656-41786674(+)	JUP	targeting	0.45889387	0.2494274552964864
JUP#chr17:41786689-41786707(-)	JUP	targeting	-1.3718946	5.678517195973763e-16
KAT2A#chr17:42121038-42121056(-)	KAT2A	targeting		
KAT2A#chr17:42121285-42121303(+)	KAT2A	targeting		
KAT2A#chr17:42121307-42121325(+)	KAT2A	targeting		
KAT2A#chr17:42121313-42121331(-)	KAT2A	targeting		
KAT2A#chr17:42121316-42121334(-)	KAT2A	targeting		
KAT2A#chr17:42121338-42121356(+)	KAT2A	targeting		
KAT7#chr17:49788711-49788729(+)	KAT7	targeting	0.04921828	0.8694685708129073
KAT7#chr17:49788717-49788735(+)	KAT7	targeting	-0.5970714	0.0157864846028669
KAT7#chr17:49788729-49788747(-)	KAT7	targeting	-0.30077884	0.24897742401908
KAT7#chr17:49788739-49788757(+)	KAT7	targeting	0.059621435	0.8033943380850841
KAT7#chr17:49789053-49789071(+)	KAT7	targeting	0.10691136	0.597832618353378
KAT7#chr17:49789100-49789118(+)	KAT7	targeting	-0.3904026	0.1125191271916343
KCMF1#chr2:84971165-84971183(+)	KCMF1	targeting	-0.0049156384	0.9663729460780772
KCMF1#chr2:84971337-84971355(+)	KCMF1	targeting	0.113294475	0.4457458625889736
KCMF1#chr2:84971345-84971363(-)	KCMF1	targeting	-0.073797286	0.7960103242170022
KCMF1#chr2:84971379-84971397(+)	KCMF1	targeting	0.19872308	0.2439710448198969
KCMF1#chr2:84971438-84971456(-)	KCMF1	targeting	0.0039981995	0.9803578509858738
KCMF1#chr2:84971645-84971663(-)	KCMF1	targeting	0.243312	0.1191078165164783
KCNIP3#chr2:95346509-95346527(-)	KCNIP3	targeting		
KCNIP3#chr2:95346512-95346530(-)	KCNIP3	targeting		
KCNIP3#chr2:95346548-95346566(+)	KCNIP3	targeting		
KCNIP3#chr2:95346794-95346812(-)	KCNIP3	targeting		
KCNIP3#chr2:95346920-95346938(-)	KCNIP3	targeting		
KCNIP3#chr2:95346952-95346970(+)	KCNIP3	targeting		
KDM2A#chr11:67119259-67119277(+)	KDM2A	targeting	0.1711681	0.2988028285515818
KDM2A#chr11:67119269-67119287(+)	KDM2A	targeting	-0.049367018	0.4443828751480412
KDM2A#chr11:67119272-67119290(+)	KDM2A	targeting	-0.063060306	0.5149924098700276
KDM2A#chr11:67119275-67119293(+)	KDM2A	targeting	-0.0003711511	0.9973320719761974
KDM2A#chr11:67119304-67119322(+)	KDM2A	targeting	-0.14931037	0.5243493340845253
KDM2A#chr11:67119317-67119335(-)	KDM2A	targeting	-1.3071513	0.0283878654526723
KDM2B#chr12:121580497-121580515(-)	KDM2B	targeting	-1.0428343	0.0129829126426094
KDM2B#chr12:121580500-121580518(-)	KDM2B	targeting	-1.3826758	0.0005823073639173
KDM2B#chr12:121580510-121580528(+)	KDM2B	targeting	-0.6373487	0.0126061637329058
KDM2B#chr12:121580525-121580543(+)	KDM2B	targeting	0.17377491	0.3803394299508604
KDM2B#chr12:121580548-121580566(+)	KDM2B	targeting	-0.6127079	5.719621795214534e-05
KDM2B#chr12:121580559-121580577(-)	KDM2B	targeting	-0.33366263	0.2857124407588807
KDM2B#chr12:121580716-121580734(-)	KDM2B	targeting	0.32262477	0.3515840389258242
KDM2B#chr12:121580892-121580910(-)	KDM2B	targeting	0.061887763	0.6022245001160422
KDM2B#chr12:121580949-121580967(+)	KDM2B	targeting	0.21799658	0.4984251328755879
KDM2B#chr12:121580978-121580996(-)	KDM2B	targeting	0.11695296	0.3826635773781539
KDM2B#chr12:121580988-121581006(+)	KDM2B	targeting	-0.0902818	0.4713153726177209
KDM2B#chr12:121581049-121581067(-)	KDM2B	targeting	-0.12536314	0.2207954158349414
KDM4C#chr9:6758033-6758051(+)	KDM4C	targeting	-2.5924764	9.11076195776883e-08
KDM4C#chr9:6758036-6758054(+)	KDM4C	targeting	-1.0120212	0.0070775095035049
KDM4C#chr9:6758083-6758101(+)	KDM4C	targeting	-0.72106326	0.0047488726661961
KDM4C#chr9:6758098-6758116(-)	KDM4C	targeting	0.14263654	0.7055862906279629
KDM4C#chr9:6758251-6758269(-)	KDM4C	targeting	-0.07070319	0.6977192657176228
KDM4C#chr9:6758341-6758359(-)	KDM4C	targeting	0.20408866	0.2515530409729839
KDM4E#chr11:95025301-95025319(+)	KDM4E	targeting		
KDM4E#chr11:95025345-95025363(+)	KDM4E	targeting		
KDM4E#chr11:95025358-95025376(+)	KDM4E	targeting		
KDM4E#chr11:95025373-95025391(-)	KDM4E	targeting		
KDM4E#chr11:95025493-95025511(-)	KDM4E	targeting		
KDM4E#chr11:95025511-95025529(+)	KDM4E	targeting		
KDM5B#chr1:202808200-202808218(+)	KDM5B	targeting	-0.38750756	0.0025028265876881
KDM5B#chr1:202808304-202808322(+)	KDM5B	targeting	-0.39627963	3.2793711421498786e-13
KDM5B#chr1:202808319-202808337(+)	KDM5B	targeting	-1.4827557	1.535150533017489e-28
KDM5B#chr1:202808367-202808385(-)	KDM5B	targeting	-0.011274457	0.9147521185355504
KDM5B#chr1:202808372-202808390(+)	KDM5B	targeting	-0.5167985	3.775317976280257e-07
KDM5B#chr1:202808382-202808400(-)	KDM5B	targeting	0.040477645	0.6738976497930097
KDM5C#chrX:53224936-53224954(-)	KDM5C	targeting	-0.20066041	0.2787497784556778
KDM5C#chrX:53224958-53224976(-)	KDM5C	targeting	-0.4965066	9.06986020187552e-05
KDM5C#chrX:53224982-53225000(+)	KDM5C	targeting	0.12175054	0.6395942891534793
KDM5C#chrX:53225129-53225147(-)	KDM5C	targeting	-0.97860765	0.0111164882403269
KDM5C#chrX:53225143-53225161(-)	KDM5C	targeting	-0.021931728	0.9393505013397604
KDM5C#chrX:53225149-53225167(-)	KDM5C	targeting	-1.8273735	2.3492529135887173e-05
KIAA1549#chr7:138981054-138981072(+)	KIAA1549	targeting	-1.1808428	0.0004780271509907
KIAA1549#chr7:138981067-138981085(+)	KIAA1549	targeting	-1.8218753	7.063377846785834e-09
KIAA1549#chr7:138981129-138981147(+)	KIAA1549	targeting	0.32190815	0.4604019089810832
KIAA1549#chr7:138981306-138981324(+)	KIAA1549	targeting	0.04478095	0.8202063117348668
KIAA1549#chr7:138981403-138981421(+)	KIAA1549	targeting	-0.7172404	0.0415896889021118
KIAA1549#chr7:138981459-138981477(-)	KIAA1549	targeting	-1.0736234	0.0018661335266516
KIAA2018#chr3:113696560-113696578(-)	KIAA2018	targeting	-0.04811489	0.8912034362995686
KIAA2018#chr3:113696563-113696581(-)	KIAA2018	targeting	-0.20052855	0.0312351177292703
KIAA2018#chr3:113696585-113696603(-)	KIAA2018	targeting	-3.4088025	0.0005951987848212
KIAA2018#chr3:113696595-113696613(-)	KIAA2018	targeting	-1.382887	0.0055347107697211
KIAA2018#chr3:113696597-113696615(+)	KIAA2018	targeting	-1.7313415	0.0009719227478726
KIAA2018#chr3:113696600-113696618(+)	KIAA2018	targeting	-1.1850913	0.0696253787967365
KIN#chr10:7787585-7787603(+)	KIN	targeting	0.16486022	0.2980693272758642
KIN#chr10:7787815-7787833(-)	KIN	targeting	0.063892595	0.6270244125756842
KIN#chr10:7787923-7787941(+)	KIN	targeting	0.112376355	0.5668153671055154
KIN#chr10:7787931-7787949(-)	KIN	targeting	-0.07616851	0.7754978365305835
KIN#chr10:7787968-7787986(-)	KIN	targeting	-0.38566044	0.2286231311783507
KIN#chr10:7787975-7787993(+)	KIN	targeting	-0.50441134	0.0108563654382145
KLF1#chr19:12886990-12887008(-)	KLF1	targeting		
KLF1#chr19:12887027-12887045(-)	KLF1	targeting		
KLF1#chr19:12887094-12887112(+)	KLF1	targeting		
KLF1#chr19:12887160-12887178(-)	KLF1	targeting		
KLF1#chr19:12887183-12887201(-)	KLF1	targeting		
KLF1#chr19:12887205-12887223(+)	KLF1	targeting		
KLF10#chr8:102653367-102653385(+)	KLF10	targeting		
KLF10#chr8:102653688-102653706(-)	KLF10	targeting		
KLF10#chr8:102653775-102653793(+)	KLF10	targeting		
KLF10#chr8:102653779-102653797(+)	KLF10	targeting		
KLF10#chr8:102653825-102653843(+)	KLF10	targeting		
KLF10#chr8:102653835-102653853(+)	KLF10	targeting		
KLF10#chr8:102655616-102655634(+)	KLF10	targeting		
KLF10#chr8:102655624-102655642(+)	KLF10	targeting		
KLF10#chr8:102655650-102655668(+)	KLF10	targeting		
KLF10#chr8:102655664-102655682(-)	KLF10	targeting		
KLF10#chr8:102655816-102655834(+)	KLF10	targeting		
KLF10#chr8:102655824-102655842(+)	KLF10	targeting		
KLF11#chr2:10043563-10043581(+)	KLF11	targeting	-0.25424707	0.7801537932533795
KLF11#chr2:10043597-10043615(+)	KLF11	targeting	-0.5557001	0.5526851107567828
KLF11#chr2:10043648-10043666(-)	KLF11	targeting	-1.517785	0.0674781663962188
KLF11#chr2:10043750-10043768(+)	KLF11	targeting	-1.4828566	0.0249201273344311
KLF11#chr2:10043778-10043796(-)	KLF11	targeting	0.17029569	0.739510629008473
KLF11#chr2:10044243-10044261(+)	KLF11	targeting	-0.19381966	0.7243793486207353
KLF12#chr13:74134068-74134086(-)	KLF12	targeting	-0.25119114	0.0432897265976827
KLF12#chr13:74134268-74134286(-)	KLF12	targeting	0.48810014	0.0374539167340397
KLF12#chr13:74134362-74134380(-)	KLF12	targeting	-2.5888605	1.4055877915790112e-11
KLF12#chr13:74134366-74134384(+)	KLF12	targeting	0.026990365	0.6434019037823896
KLF12#chr13:74134370-74134388(-)	KLF12	targeting	-0.14261307	0.3506337700027585
KLF12#chr13:74134378-74134396(-)	KLF12	targeting	-0.9149737	0.0452210910939022
KLF13#chr15:31326875-31326893(+)	KLF13	targeting	-0.3216857	0.4503988385017512
KLF13#chr15:31326900-31326918(-)	KLF13	targeting	-0.43664813	0.219721389125238
KLF13#chr15:31326920-31326938(-)	KLF13	targeting	-0.70164114	0.0986442804523294
KLF13#chr15:31326931-31326949(-)	KLF13	targeting	-0.34062982	0.4135947794441805
KLF13#chr15:31327226-31327244(-)	KLF13	targeting	-0.3756924	0.2814882936350837
KLF13#chr15:31327229-31327247(-)	KLF13	targeting	-0.028597578	0.9432574439775684
KLF14#chr7:130733721-130733739(-)	KLF14	targeting		
KLF14#chr7:130733769-130733787(-)	KLF14	targeting		
KLF14#chr7:130733936-130733954(-)	KLF14	targeting		
KLF14#chr7:130733992-130734010(+)	KLF14	targeting		
KLF14#chr7:130734030-130734048(-)	KLF14	targeting		
KLF15#chr3:126357131-126357149(-)	KLF15	targeting		
KLF15#chr3:126357181-126357199(-)	KLF15	targeting		
KLF15#chr3:126357235-126357253(-)	KLF15	targeting		
KLF15#chr3:126357309-126357327(+)	KLF15	targeting		
KLF15#chr3:126357345-126357363(+)	KLF15	targeting		
KLF15#chr3:126357352-126357370(-)	KLF15	targeting		
KLF16#chr19:1863088-1863106(+)	KLF16	targeting		
KLF16#chr19:1863099-1863117(+)	KLF16	targeting		
KLF16#chr19:1863542-1863560(+)	KLF16	targeting		
KLF16#chr19:1863545-1863563(+)	KLF16	targeting		
KLF16#chr19:1863563-1863581(+)	KLF16	targeting		
KLF16#chr19:1863566-1863584(+)	KLF16	targeting		
KLF17#chr1:44118838-44118856(+)	KLF17	targeting		
KLF17#chr1:44118854-44118872(-)	KLF17	targeting		
KLF17#chr1:44118897-44118915(-)	KLF17	targeting		
KLF17#chr1:44119017-44119035(+)	KLF17	targeting		
KLF17#chr1:44119077-44119095(+)	KLF17	targeting		
KLF17#chr1:44119092-44119110(+)	KLF17	targeting		
KLF2#chr19:16324879-16324897(-)	KLF2	targeting		
KLF2#chr19:16324899-16324917(-)	KLF2	targeting		
KLF2#chr19:16325045-16325063(+)	KLF2	targeting		
KLF2#chr19:16325204-16325222(-)	KLF2	targeting		
KLF2#chr19:16325223-16325241(+)	KLF2	targeting		
KLF2#chr19:16325226-16325244(+)	KLF2	targeting		
KLF3#chr4:38664155-38664173(-)	KLF3	targeting	0.14282902	0.6862838908495146
KLF3#chr4:38664168-38664186(-)	KLF3	targeting	-0.8375398	0.0004962828260493
KLF3#chr4:38664172-38664190(+)	KLF3	targeting	-0.36910886	0.3718603024771346
KLF3#chr4:38664187-38664205(-)	KLF3	targeting	-0.81636363	0.013521629127158
KLF3#chr4:38664215-38664233(-)	KLF3	targeting	0.79521054	0.0224063898671355
KLF3#chr4:38664397-38664415(+)	KLF3	targeting	-0.64456004	3.48873350430415e-07
KLF4#chr9:107488190-107488208(+)	KLF4	targeting		
KLF4#chr9:107488210-107488228(+)	KLF4	targeting		
KLF4#chr9:107488351-107488369(+)	KLF4	targeting		
KLF4#chr9:107488357-107488375(+)	KLF4	targeting		
KLF4#chr9:107488385-107488403(+)	KLF4	targeting		
KLF4#chr9:107488431-107488449(-)	KLF4	targeting		
KLF4#chr9:107489474-107489492(+)	KLF4	targeting		
KLF4#chr9:107489546-107489564(+)	KLF4	targeting		
KLF4#chr9:107489550-107489568(+)	KLF4	targeting		
KLF4#chr9:107489553-107489571(+)	KLF4	targeting		
KLF4#chr9:107489735-107489753(-)	KLF4	targeting		
KLF4#chr9:107489750-107489768(+)	KLF4	targeting		
KLF5#chr13:73059023-73059041(+)	KLF5	targeting	0.24814904	0.2029183899930332
KLF5#chr13:73059026-73059044(+)	KLF5	targeting	-0.031703856	0.8505324175008407
KLF5#chr13:73059033-73059051(+)	KLF5	targeting	-1.7941474	0.0043211576389775
KLF5#chr13:73059036-73059054(+)	KLF5	targeting	-0.49530402	0.3295857936806153
KLF5#chr13:73059074-73059092(+)	KLF5	targeting	-1.0163624	0.124699789155533
KLF5#chr13:73059196-73059214(-)	KLF5	targeting	-0.88076603	0.0137989276860481
KLF6#chr10:3784753-3784771(+)	KLF6	targeting	-0.118668705	0.4255339064397407
KLF6#chr10:3784756-3784774(+)	KLF6	targeting	-0.067196056	0.8602650503834376
KLF6#chr10:3784794-3784812(-)	KLF6	targeting	-0.25185856	0.4482979448679005
KLF6#chr10:3784918-3784936(+)	KLF6	targeting	-1.5022222	1.1911721904288032e-08
KLF6#chr10:3784955-3784973(+)	KLF6	targeting	0.35870296	0.3174694103074903
KLF6#chr10:3784981-3784999(+)	KLF6	targeting	-0.2881854	0.169934074234758
KLF7#chr2:207165468-207165486(+)	KLF7	targeting	-2.2449937	0.0038621921855249
KLF7#chr2:207165476-207165494(-)	KLF7	targeting	-0.94385076	0.0543587610105963
KLF7#chr2:207165878-207165896(+)	KLF7	targeting	-1.7545091	2.9000203253020924e-20
KLF7#chr2:207166131-207166149(-)	KLF7	targeting	-1.5199935	4.1392959257509247e-10
KLF7#chr2:207166395-207166413(+)	KLF7	targeting	-1.5877025	0.0718199920567006
KLF7#chr2:207166486-207166504(-)	KLF7	targeting	-0.8189246	0.0006597893508223
KLF8#chrX:56232404-56232422(-)	KLF8	targeting	-1.6206937	1.442582283840521e-09
KLF8#chrX:56232407-56232425(-)	KLF8	targeting	-1.5553288	5.603245627673521e-16
KLF8#chrX:56232420-56232438(-)	KLF8	targeting	-1.6764499	0.0003470324965324
KLF8#chrX:56232436-56232454(-)	KLF8	targeting	-2.4827042	2.4488551111769404e-09
KLF8#chrX:56232441-56232459(-)	KLF8	targeting	-2.6927161	3.2714704536469294e-08
KLF8#chrX:56232483-56232501(-)	KLF8	targeting	-1.362741	0.0003201682016324
KLF9#chr9:70413671-70413689(-)	KLF9	targeting		
KLF9#chr9:70413912-70413930(-)	KLF9	targeting		
KLF9#chr9:70413918-70413936(+)	KLF9	targeting		
KLF9#chr9:70413924-70413942(-)	KLF9	targeting		
KLF9#chr9:70413929-70413947(-)	KLF9	targeting		
KLF9#chr9:70413934-70413952(-)	KLF9	targeting		
KLRG1#chr12:8989657-8989675(+)	KLRG1	targeting		
KLRG1#chr12:8989675-8989693(-)	KLRG1	targeting		
KLRG1#chr12:8989682-8989700(+)	KLRG1	targeting		
KLRG1#chr12:8989691-8989709(-)	KLRG1	targeting		
KLRG1#chr12:8989758-8989776(+)	KLRG1	targeting		
KLRG1#chr12:8989800-8989818(+)	KLRG1	targeting		
KMT2A#chr11:118436485-118436503(-)	KMT2A	targeting	0.13131292	0.6247328746023466
KMT2A#chr11:118436495-118436513(+)	KMT2A	targeting	-0.0060231974	0.9700675993669996
KMT2A#chr11:118436509-118436527(+)	KMT2A	targeting	0.08522937	0.6987075889155219
KMT2A#chr11:118436541-118436559(+)	KMT2A	targeting	0.17193392	0.5323577058382167
KMT2A#chr11:118436544-118436562(+)	KMT2A	targeting	-0.20129979	0.5430801223621426
KMT2A#chr11:118436896-118436914(-)	KMT2A	targeting	-1.0418798	0.0182883364159626
KMT2B#chr19:35717990-35718008(+)	KMT2B	targeting	0.23931697	0.4742956938040839
KMT2B#chr19:35718003-35718021(-)	KMT2B	targeting	0.15035987	0.3639268262566161
KMT2B#chr19:35718203-35718221(-)	KMT2B	targeting	-0.17727832	0.7900901804325945
KMT2B#chr19:35718218-35718236(-)	KMT2B	targeting	0.13911135	0.7375341435674456
KMT2B#chr19:35718225-35718243(-)	KMT2B	targeting	-0.22436957	0.2878840433622834
KMT2B#chr19:35718366-35718384(+)	KMT2B	targeting	0.19359055	0.4312309624555411
KMT2B#chr19:35720238-35720256(-)	KMT2B	targeting	-0.2497244	0.5289738883950252
KMT2B#chr19:35720253-35720271(-)	KMT2B	targeting	0.10247881	0.4678375601196124
KMT2B#chr19:35720257-35720275(+)	KMT2B	targeting	0.2060858	0.3874294249041127
KMT2B#chr19:35720276-35720294(+)	KMT2B	targeting	0.06745673	0.7136562395033856
KMT2B#chr19:35720309-35720327(+)	KMT2B	targeting	0.21493599	0.3877817210143961
KMT2B#chr19:35720419-35720437(+)	KMT2B	targeting	0.5163606	0.0624880581317713
L3MBTL1#chr20:43507694-43507712(+)	L3MBTL1	targeting		
L3MBTL1#chr20:43507704-43507722(+)	L3MBTL1	targeting		
L3MBTL1#chr20:43507708-43507726(-)	L3MBTL1	targeting		
L3MBTL1#chr20:43507711-43507729(+)	L3MBTL1	targeting		
L3MBTL1#chr20:43507729-43507747(-)	L3MBTL1	targeting		
L3MBTL1#chr20:43507906-43507924(+)	L3MBTL1	targeting		
L3MBTL1#chr20:43514461-43514479(+)	L3MBTL1	targeting		
L3MBTL1#chr20:43514478-43514496(+)	L3MBTL1	targeting		
L3MBTL1#chr20:43514486-43514504(+)	L3MBTL1	targeting		
L3MBTL1#chr20:43514491-43514509(+)	L3MBTL1	targeting		
L3MBTL1#chr20:43514505-43514523(-)	L3MBTL1	targeting		
L3MBTL1#chr20:43514512-43514530(+)	L3MBTL1	targeting		
L3MBTL3#chr6:130018564-130018582(-)	L3MBTL3	targeting	-0.13980235	0.5811503275539573
L3MBTL3#chr6:130018570-130018588(-)	L3MBTL3	targeting	-0.31164828	0.3199731934063601
L3MBTL3#chr6:130018601-130018619(+)	L3MBTL3	targeting	-0.052799508	0.8805619092486772
L3MBTL3#chr6:130018607-130018625(-)	L3MBTL3	targeting	-0.58653134	0.2686921696156792
L3MBTL3#chr6:130018617-130018635(+)	L3MBTL3	targeting	0.045460045	0.8446576184839779
L3MBTL3#chr6:130018662-130018680(+)	L3MBTL3	targeting	0.3647857	0.4410136994092128
L3MBTL4#chr18:6414824-6414842(+)	L3MBTL4	targeting	-0.06987513	0.8309196330991682
L3MBTL4#chr18:6414827-6414845(+)	L3MBTL4	targeting	-0.5004113	0.312388212745864
L3MBTL4#chr18:6414831-6414849(+)	L3MBTL4	targeting	-1.0895872	0.1900310552179076
L3MBTL4#chr18:6414839-6414857(+)	L3MBTL4	targeting	-1.0836382	0.1916871869340038
L3MBTL4#chr18:6414863-6414881(+)	L3MBTL4	targeting	-2.2816987	0.0034455188173878
L3MBTL4#chr18:6414902-6414920(-)	L3MBTL4	targeting	-1.4325097	0.1795716025042842
LBX1#chr10:101228725-101228743(+)	LBX1	targeting		
LBX1#chr10:101228824-101228842(-)	LBX1	targeting		
LBX1#chr10:101229038-101229056(+)	LBX1	targeting		
LBX1#chr10:101229119-101229137(+)	LBX1	targeting		
LBX1#chr10:101229163-101229181(+)	LBX1	targeting		
LBX1#chr10:101229460-101229478(+)	LBX1	targeting		
LBX2#chr2:74503066-74503084(+)	LBX2	targeting		
LBX2#chr2:74503080-74503098(-)	LBX2	targeting		
LBX2#chr2:74503238-74503256(+)	LBX2	targeting		
LBX2#chr2:74503246-74503264(+)	LBX2	targeting		
LBX2#chr2:74503284-74503302(+)	LBX2	targeting		
LBX2#chr2:74503325-74503343(-)	LBX2	targeting		
LCOR#chr10:96832285-96832303(+)	LCOR	targeting	-1.2146834	8.584607541343698e-10
LCOR#chr10:96832290-96832308(+)	LCOR	targeting	-0.47192788	0.0014949021143943
LCOR#chr10:96832299-96832317(+)	LCOR	targeting	-1.0606118	0.0005640999518738
LCOR#chr10:96832900-96832918(-)	LCOR	targeting	0.12920699	0.4211580366797434
LCOR#chr10:96832960-96832978(+)	LCOR	targeting	-0.350539	0.009303417410455
LCOR#chr10:96833218-96833236(-)	LCOR	targeting	-0.44216	0.1118687615576288
LCORL#chr4:18021653-18021671(+)	LCORL	targeting	0.20953472	0.2427571493066263
LCORL#chr4:18021659-18021677(+)	LCORL	targeting	-0.15604368	0.5505535375108612
LCORL#chr4:18021672-18021690(+)	LCORL	targeting	-0.536945	0.0325371417745315
LCORL#chr4:18021744-18021762(-)	LCORL	targeting	-1.1904203	4.2609173738684063e-20
LCORL#chr4:18021835-18021853(+)	LCORL	targeting	0.068539776	0.6534489674119437
LCORL#chr4:18021905-18021923(-)	LCORL	targeting	0.399775	0.1141026766144249
LDB1#chr10:102114506-102114524(+)	LDB1	targeting	-0.111810975	0.8266153867860677
LDB1#chr10:102114516-102114534(-)	LDB1	targeting	-0.17014612	0.509992391315873
LDB1#chr10:102114908-102114926(+)	LDB1	targeting	-0.0015144297	0.9968616112856684
LDB1#chr10:102114975-102114993(-)	LDB1	targeting	-0.7576096	0.1525796881458657
LDB1#chr10:102114985-102115003(+)	LDB1	targeting	0.10382553	0.6791910379346751
LDB1#chr10:102114993-102115011(+)	LDB1	targeting	-1.0987296	0.1915408369036349
LDB1#chr10:102120103-102120121(-)	LDB1	targeting	0.28368837	0.3980459948559673
LDB1#chr10:102120268-102120286(+)	LDB1	targeting	-0.35220653	0.1976982052439303
LDB1#chr10:102120278-102120296(+)	LDB1	targeting	-0.62201023	0.365835609936964
LDB1#chr10:102120305-102120323(+)	LDB1	targeting	-0.13343185	0.533804202481125
LDB1#chr10:102120340-102120358(+)	LDB1	targeting	0.060975116	0.9315390272330558
LDB1#chr10:102120359-102120377(-)	LDB1	targeting	0.15069887	0.6705967641583122
LDB2#chr4:16898413-16898431(-)	LDB2	targeting	-1.3126928	0.0908736970493721
LDB2#chr4:16898528-16898546(+)	LDB2	targeting	-1.9632418	0.0030939132394164
LDB2#chr4:16898620-16898638(+)	LDB2	targeting	-0.13587885	0.8737699961823624
LDB2#chr4:16898632-16898650(+)	LDB2	targeting	-1.9258323	0.0624694444635909
LDB2#chr4:16898648-16898666(+)	LDB2	targeting	-0.7259588	0.3263152264600899
LDB2#chr4:16898653-16898671(+)	LDB2	targeting	-2.151951	0.0287440361574481
LEF1#chr4:108165900-108165918(-)	LEF1	targeting		
LEF1#chr4:108166028-108166046(+)	LEF1	targeting		
LEF1#chr4:108166189-108166207(+)	LEF1	targeting		
LEF1#chr4:108166254-108166272(-)	LEF1	targeting		
LEF1#chr4:108166263-108166281(+)	LEF1	targeting		
LEF1#chr4:108166273-108166291(+)	LEF1	targeting		
LEF1#chr4:108168675-108168693(-)	LEF1	targeting		
LEF1#chr4:108168679-108168697(-)	LEF1	targeting		
LEF1#chr4:108168727-108168745(-)	LEF1	targeting		
LEF1#chr4:108168777-108168795(-)	LEF1	targeting		
LEF1#chr4:108168834-108168852(+)	LEF1	targeting		
LEF1#chr4:108168846-108168864(-)	LEF1	targeting		
LEUTX#chr19:39776606-39776624(+)	LEUTX	targeting		
LEUTX#chr19:39776615-39776633(-)	LEUTX	targeting		
LEUTX#chr19:39776622-39776640(-)	LEUTX	targeting		
LEUTX#chr19:39776625-39776643(-)	LEUTX	targeting		
LEUTX#chr19:39776637-39776655(-)	LEUTX	targeting		
LEUTX#chr19:39776988-39777006(-)	LEUTX	targeting		
LHX1#chr17:36936747-36936765(+)	LHX1	targeting	0.44662794	0.0491421213390503
LHX1#chr17:36937137-36937155(+)	LHX1	targeting	0.06765861	0.6580774180571827
LHX1#chr17:36937292-36937310(+)	LHX1	targeting	-0.117885016	0.3045543887239119
LHX1#chr17:36937392-36937410(-)	LHX1	targeting	0.029348286	0.8972233935366657
LHX1#chr17:36937499-36937517(-)	LHX1	targeting	-0.19442086	0.1165073950463909
LHX1#chr17:36937747-36937765(+)	LHX1	targeting	0.26787892	0.336438494813044
LHX2#chr9:124011764-124011782(-)	LHX2	targeting		
LHX2#chr9:124011815-124011833(-)	LHX2	targeting		
LHX2#chr9:124011829-124011847(-)	LHX2	targeting		
LHX2#chr9:124011840-124011858(-)	LHX2	targeting		
LHX2#chr9:124011974-124011992(-)	LHX2	targeting		
LHX2#chr9:124012094-124012112(-)	LHX2	targeting		
LHX3#chr9:136203064-136203082(-)	LHX3	targeting		
LHX3#chr9:136203077-136203095(-)	LHX3	targeting		
LHX3#chr9:136203102-136203120(-)	LHX3	targeting		
LHX3#chr9:136203105-136203123(-)	LHX3	targeting		
LHX3#chr9:136203120-136203138(+)	LHX3	targeting		
LHX3#chr9:136203130-136203148(-)	LHX3	targeting		
LHX3#chr9:136204942-136204960(+)	LHX3	targeting		
LHX3#chr9:136205052-136205070(+)	LHX3	targeting		
LHX3#chr9:136205059-136205077(+)	LHX3	targeting		
LHX3#chr9:136205066-136205084(-)	LHX3	targeting		
LHX3#chr9:136205086-136205104(-)	LHX3	targeting		
LHX3#chr9:136205097-136205115(-)	LHX3	targeting		
LHX4#chr1:180230289-180230307(+)	LHX4	targeting		
LHX4#chr1:180230305-180230323(+)	LHX4	targeting		
LHX4#chr1:180230311-180230329(+)	LHX4	targeting		
LHX4#chr1:180230324-180230342(+)	LHX4	targeting		
LHX4#chr1:180230329-180230347(+)	LHX4	targeting		
LHX4#chr1:180230416-180230434(-)	LHX4	targeting		
LHX5#chr12:113471638-113471656(-)	LHX5	targeting		
LHX5#chr12:113471781-113471799(+)	LHX5	targeting		
LHX5#chr12:113471791-113471809(+)	LHX5	targeting		
LHX5#chr12:113471797-113471815(+)	LHX5	targeting		
LHX5#chr12:113471837-113471855(-)	LHX5	targeting		
LHX5#chr12:113471840-113471858(-)	LHX5	targeting		
LHX6#chr9:122213805-122213823(+)	LHX6	targeting		
LHX6#chr9:122213968-122213986(+)	LHX6	targeting		
LHX6#chr9:122213999-122214017(-)	LHX6	targeting		
LHX6#chr9:122214012-122214030(-)	LHX6	targeting		
LHX6#chr9:122214016-122214034(+)	LHX6	targeting		
LHX6#chr9:122214048-122214066(-)	LHX6	targeting		
LHX6#chr9:122228639-122228657(-)	LHX6	targeting		
LHX6#chr9:122228694-122228712(+)	LHX6	targeting		
LHX6#chr9:122228735-122228753(-)	LHX6	targeting		
LHX6#chr9:122228932-122228950(-)	LHX6	targeting		
LHX6#chr9:122228935-122228953(-)	LHX6	targeting		
LHX6#chr9:122228941-122228959(-)	LHX6	targeting		
LHX8#chr1:75136379-75136397(+)	LHX8	targeting		
LHX8#chr1:75136382-75136400(+)	LHX8	targeting		
LHX8#chr1:75136420-75136438(-)	LHX8	targeting		
LHX8#chr1:75136457-75136475(-)	LHX8	targeting		
LHX8#chr1:75136471-75136489(-)	LHX8	targeting		
LHX8#chr1:75136588-75136606(-)	LHX8	targeting		
LHX9#chr1:197917372-197917390(+)	LHX9	targeting		
LHX9#chr1:197917380-197917398(-)	LHX9	targeting		
LHX9#chr1:197917384-197917402(-)	LHX9	targeting		
LHX9#chr1:197917398-197917416(+)	LHX9	targeting		
LHX9#chr1:197917499-197917517(-)	LHX9	targeting		
LHX9#chr1:197917779-197917797(-)	LHX9	targeting		
LIN28A#chr1:26410815-26410833(-)	LIN28A	targeting	-3.0443447	3.501087465134089e-13
LIN28A#chr1:26410820-26410838(+)	LIN28A	targeting	-0.62449586	0.1271885239417644
LIN28A#chr1:26410974-26410992(+)	LIN28A	targeting	-0.11187707	0.6318222090496178
LIN28A#chr1:26411000-26411018(+)	LIN28A	targeting	-0.9366672	0.0042116420157895
LIN28A#chr1:26411092-26411110(+)	LIN28A	targeting	-0.7731639	7.79727586754862e-12
LIN28A#chr1:26411273-26411291(-)	LIN28A	targeting	-2.4796572	4.591983848571379e-23
LIN28B#chr6:104957001-104957019(+)	LIN28B	targeting	-0.9666014	0.0357839178849834
LIN28B#chr6:104957133-104957151(-)	LIN28B	targeting	0.16946523	0.1163166228235436
LIN28B#chr6:104957658-104957676(-)	LIN28B	targeting	-1.7886424	1.4479848369530486e-28
LIN28B#chr6:104957708-104957726(-)	LIN28B	targeting	-2.2084906	1.1625876636896596e-27
LIN28B#chr6:104958093-104958111(+)	LIN28B	targeting	-1.5612376	4.1409565514205055e-17
LIN28B#chr6:104958099-104958117(+)	LIN28B	targeting	-1.748317	1.1416469864079996e-17
LIN54#chr4:83010690-83010708(+)	LIN54	targeting	0.13593864	0.4412822232168781
LIN54#chr4:83010697-83010715(-)	LIN54	targeting	-0.18623036	0.3824742032472511
LIN54#chr4:83010740-83010758(-)	LIN54	targeting	-0.17171761	0.1587230240023381
LIN54#chr4:83010749-83010767(-)	LIN54	targeting	-0.6053141	0.0446637754512575
LIN54#chr4:83010780-83010798(-)	LIN54	targeting	-0.2847155	0.3537079816406644
LIN54#chr4:83010816-83010834(-)	LIN54	targeting	-0.7168776	0.0288474947360073
LIN54#chr4:83012667-83012685(+)	LIN54	targeting	0.21922658	0.4095855928047567
LIN54#chr4:83012782-83012800(+)	LIN54	targeting	-0.21602756	0.4940618083723204
LIN54#chr4:83012812-83012830(-)	LIN54	targeting	-0.029765446	0.9088806256249669
LIN54#chr4:83012815-83012833(-)	LIN54	targeting	-0.14227256	0.484546742260699
LIN54#chr4:83012835-83012853(-)	LIN54	targeting	-0.086216174	0.7815590750865127
LIN54#chr4:83012864-83012882(+)	LIN54	targeting	-0.12724367	0.7258960341085301
LIN9#chr1:226308769-226308787(+)	LIN9	targeting	-0.26108912	0.3725283302693661
LIN9#chr1:226309064-226309082(+)	LIN9	targeting	-0.23234981	0.0659074043692777
LIN9#chr1:226309097-226309115(+)	LIN9	targeting	-0.75479436	0.3083814638201374
LIN9#chr1:226309136-226309154(-)	LIN9	targeting	-0.7760234	0.0141952050541543
LIN9#chr1:226309139-226309157(-)	LIN9	targeting	-0.41518417	0.0435967916127356
LIN9#chr1:226309367-226309385(+)	LIN9	targeting	-0.00043217096	0.998419970795427
LITAF#chr16:11586834-11586852(-)	LITAF	targeting	-0.72443116	0.174764056407169
LITAF#chr16:11586848-11586866(-)	LITAF	targeting	-0.17696284	0.5271203301701455
LITAF#chr16:11586892-11586910(+)	LITAF	targeting	0.058298614	0.8903612647441866
LITAF#chr16:11586895-11586913(+)	LITAF	targeting	-1.7980667	0.0183026163062769
LITAF#chr16:11586900-11586918(-)	LITAF	targeting	-0.80148697	0.0189962821257657
LITAF#chr16:11586903-11586921(-)	LITAF	targeting	-0.08966646	0.7203639732982658
LMO1#chr11:8263389-8263407(+)	LMO1	targeting		
LMO1#chr11:8263564-8263582(-)	LMO1	targeting		
LMO1#chr11:8263576-8263594(-)	LMO1	targeting		
LMO1#chr11:8263815-8263833(+)	LMO1	targeting		
LMO1#chr11:8263825-8263843(+)	LMO1	targeting		
LMO1#chr11:8263850-8263868(-)	LMO1	targeting		
LMO1#chr11:8268289-8268307(-)	LMO1	targeting		
LMO1#chr11:8268302-8268320(+)	LMO1	targeting		
LMO1#chr11:8268332-8268350(-)	LMO1	targeting		
LMO1#chr11:8268367-8268385(-)	LMO1	targeting		
LMO1#chr11:8268395-8268413(-)	LMO1	targeting		
LMO1#chr11:8268766-8268784(-)	LMO1	targeting		
LMO3#chr12:16606259-16606277(-)	LMO3	targeting		
LMO3#chr12:16606270-16606288(-)	LMO3	targeting		
LMO3#chr12:16606428-16606446(-)	LMO3	targeting		
LMO3#chr12:16606441-16606459(+)	LMO3	targeting		
LMO3#chr12:16606459-16606477(-)	LMO3	targeting		
LMO3#chr12:16606468-16606486(-)	LMO3	targeting		
LMO3#chr12:16607887-16607905(-)	LMO3	targeting		
LMO3#chr12:16607984-16608002(+)	LMO3	targeting		
LMO3#chr12:16608021-16608039(+)	LMO3	targeting		
LMO3#chr12:16608036-16608054(-)	LMO3	targeting		
LMO3#chr12:16608065-16608083(-)	LMO3	targeting		
LMO3#chr12:16608080-16608098(-)	LMO3	targeting		
LMO4#chr1:87328483-87328501(+)	LMO4	targeting	-0.10562313	0.8373904441913678
LMO4#chr1:87328504-87328522(+)	LMO4	targeting	0.09649005	0.6390882913048607
LMO4#chr1:87328654-87328672(-)	LMO4	targeting	-0.23733759	0.3665223903520387
LMO4#chr1:87328669-87328687(-)	LMO4	targeting	-0.2936436	0.1613051962111694
LMO4#chr1:87328908-87328926(-)	LMO4	targeting	-0.25001934	0.0416123097962362
LMO4#chr1:87328916-87328934(-)	LMO4	targeting	-0.27264962	0.1031204691789322
LMX1A#chr1:165356441-165356459(-)	LMX1A	targeting		
LMX1A#chr1:165356465-165356483(-)	LMX1A	targeting		
LMX1A#chr1:165356627-165356645(+)	LMX1A	targeting		
LMX1A#chr1:165356662-165356680(-)	LMX1A	targeting		
LMX1A#chr1:165356686-165356704(-)	LMX1A	targeting		
LMX1A#chr1:165356696-165356714(-)	LMX1A	targeting		
LMX1B#chr9:126613929-126613947(+)	LMX1B	targeting	-0.36060807	0.3217044075500767
LMX1B#chr9:126613933-126613951(-)	LMX1B	targeting	-0.9838124	0.0449864375520868
LMX1B#chr9:126613937-126613955(+)	LMX1B	targeting	-0.689811	0.0347060697978793
LMX1B#chr9:126614166-126614184(-)	LMX1B	targeting	-0.5246616	0.3435404049031394
LMX1B#chr9:126614169-126614187(-)	LMX1B	targeting	0.0021167481	0.9962904040629028
LMX1B#chr9:126614357-126614375(-)	LMX1B	targeting	-0.6217473	0.3732670220880808
LRPPRC#chr2:43995605-43995623(-)	LRPPRC	targeting	-0.2056385	0.0100352490042756
LRPPRC#chr2:43995741-43995759(-)	LRPPRC	targeting	-0.14030673	0.2333422995767781
LRPPRC#chr2:43995814-43995832(+)	LRPPRC	targeting	-1.5521871	1.705362619380126e-21
LRPPRC#chr2:43995919-43995937(+)	LRPPRC	targeting	-0.51268244	0.0038093333890309
LRPPRC#chr2:43995947-43995965(-)	LRPPRC	targeting	-1.3487064	1.4974087629554877e-14
LRPPRC#chr2:43995974-43995992(+)	LRPPRC	targeting	-0.5074029	0.0210642658561849
LRRFIP1#chr2:237692132-237692150(+)	LRRFIP1	targeting	-0.08383473	0.4186478903240511
LRRFIP1#chr2:237692209-237692227(-)	LRRFIP1	targeting	-0.18692407	0.0306044954807393
LRRFIP1#chr2:237692216-237692234(+)	LRRFIP1	targeting	0.05595119	0.7408341298079033
LRRFIP1#chr2:237692225-237692243(-)	LRRFIP1	targeting	-0.06574117	0.6687874900912003
LRRFIP1#chr2:237692256-237692274(-)	LRRFIP1	targeting	0.112692505	0.489383484299653
LRRFIP1#chr2:237692582-237692600(+)	LRRFIP1	targeting	0.0603242	0.3942569079550242
LTF#chr3:46464688-46464706(-)	LTF	targeting		
LTF#chr3:46464809-46464827(+)	LTF	targeting		
LTF#chr3:46464817-46464835(+)	LTF	targeting		
LTF#chr3:46464832-46464850(+)	LTF	targeting		
LTF#chr3:46464870-46464888(+)	LTF	targeting		
LTF#chr3:46464880-46464898(+)	LTF	targeting		
LYL1#chr19:13102421-13102439(-)	LYL1	targeting		
LYL1#chr19:13102623-13102641(+)	LYL1	targeting		
LYL1#chr19:13102722-13102740(+)	LYL1	targeting		
LYL1#chr19:13102796-13102814(+)	LYL1	targeting		
LYL1#chr19:13102806-13102824(-)	LYL1	targeting		
LYL1#chr19:13102871-13102889(-)	LYL1	targeting		
LZTR1#chr22:20982302-20982320(+)	LZTR1	targeting		
LZTR1#chr22:20982330-20982348(-)	LZTR1	targeting		
LZTR1#chr22:20982338-20982356(+)	LZTR1	targeting		
LZTR1#chr22:20982354-20982372(+)	LZTR1	targeting		
LZTR1#chr22:20982364-20982382(+)	LZTR1	targeting		
LZTR1#chr22:20982377-20982395(+)	LZTR1	targeting		
LZTS1#chr8:20303850-20303868(+)	LZTS1	targeting	-0.38136142	0.549652677930949
LZTS1#chr8:20303874-20303892(+)	LZTS1	targeting	-1.1227409	0.2447777145433153
LZTS1#chr8:20303878-20303896(-)	LZTS1	targeting	-1.7744012	9.836451045841258e-05
LZTS1#chr8:20303889-20303907(+)	LZTS1	targeting	-1.8826555	1.941162565913849e-05
LZTS1#chr8:20303922-20303940(-)	LZTS1	targeting	-0.6139343	0.4246420091618743
LZTS1#chr8:20303927-20303945(-)	LZTS1	targeting	-1.724118	0.0024447314186794
MAEL#chr1:166989266-166989284(+)	MAEL	targeting		
MAEL#chr1:166989271-166989289(-)	MAEL	targeting		
MAEL#chr1:166989275-166989293(-)	MAEL	targeting		
MAEL#chr1:166989310-166989328(-)	MAEL	targeting		
MAEL#chr1:166989333-166989351(-)	MAEL	targeting		
MAEL#chr1:166989680-166989698(+)	MAEL	targeting		
MAF#chr16:79600543-79600561(+)	MAF	targeting		
MAF#chr16:79600549-79600567(+)	MAF	targeting		
MAF#chr16:79600620-79600638(+)	MAF	targeting		
MAF#chr16:79600676-79600694(-)	MAF	targeting		
MAF#chr16:79600687-79600705(-)	MAF	targeting		
MAF#chr16:79600725-79600743(-)	MAF	targeting		
MAFA#chr8:143430250-143430268(+)	MAFA	targeting		
MAFA#chr8:143430260-143430278(+)	MAFA	targeting		
MAFA#chr8:143430283-143430301(+)	MAFA	targeting		
MAFA#chr8:143430601-143430619(+)	MAFA	targeting		
MAFA#chr8:143430611-143430629(+)	MAFA	targeting		
MAFA#chr8:143430724-143430742(-)	MAFA	targeting		
MAFB#chr20:40688999-40689017(-)	MAFB	targeting		
MAFB#chr20:40689016-40689034(+)	MAFB	targeting		
MAFB#chr20:40689025-40689043(-)	MAFB	targeting		
MAFB#chr20:40689080-40689098(+)	MAFB	targeting		
MAFB#chr20:40689163-40689181(-)	MAFB	targeting		
MAFB#chr20:40689213-40689231(-)	MAFB	targeting		
MAFF#chr22:38202013-38202031(-)	MAFF	targeting		
MAFF#chr22:38202085-38202103(+)	MAFF	targeting		
MAFF#chr22:38202111-38202129(+)	MAFF	targeting		
MAFF#chr22:38202124-38202142(+)	MAFF	targeting		
MAFF#chr22:38202191-38202209(+)	MAFF	targeting		
MAFF#chr22:38202297-38202315(+)	MAFF	targeting		
MAFG#chr17:81927421-81927439(+)	MAFG	targeting	0.9297313	0.0104015244066331
MAFG#chr17:81927515-81927533(-)	MAFG	targeting	-0.32295915	0.2857447698633037
MAFG#chr17:81927656-81927674(+)	MAFG	targeting	-0.47094318	0.4109551467999104
MAFG#chr17:81927677-81927695(+)	MAFG	targeting	-0.091277495	0.8309517076238884
MAFG#chr17:81927686-81927704(-)	MAFG	targeting	0.028939484	0.9598785340394624
MAFG#chr17:81927716-81927734(-)	MAFG	targeting	-0.37894803	0.4995703691802171
MAFK#chr7:1530693-1530711(+)	MAFK	targeting		
MAFK#chr7:1530705-1530723(+)	MAFK	targeting		
MAFK#chr7:1530884-1530902(+)	MAFK	targeting		
MAFK#chr7:1530966-1530984(+)	MAFK	targeting		
MAFK#chr7:1530977-1530995(-)	MAFK	targeting		
MAFK#chr7:1531135-1531153(-)	MAFK	targeting		
MAP3K7#chr6:90586992-90587010(+)	MAP3K7	targeting	-2.129824	1.8586850800055585e-19
MAP3K7#chr6:90586995-90587013(+)	MAP3K7	targeting	-0.14488447	0.384724296931902
MAP3K7#chr6:90586998-90587016(+)	MAP3K7	targeting	-2.1676588	2.046503522713919e-15
MAP3K7#chr6:90587004-90587022(+)	MAP3K7	targeting	-2.3101454	8.57284687219507e-10
MAP3K7#chr6:90587041-90587059(-)	MAP3K7	targeting	-1.9329995	7.523776624500046e-11
MAP3K7#chr6:90587059-90587077(-)	MAP3K7	targeting	-0.2480647	0.1341536787666336
MAPK8IP1#chr11:45885650-45885668(+)	MAPK8IP1	targeting		
MAPK8IP1#chr11:45885692-45885710(-)	MAPK8IP1	targeting		
MAPK8IP1#chr11:45885705-45885723(+)	MAPK8IP1	targeting		
MAPK8IP1#chr11:45885711-45885729(-)	MAPK8IP1	targeting		
MAPK8IP1#chr11:45885716-45885734(-)	MAPK8IP1	targeting		
MAPK8IP1#chr11:45885806-45885824(+)	MAPK8IP1	targeting		
MAPK8IP1#chr11:45900113-45900131(-)	MAPK8IP1	targeting		
MAPK8IP1#chr11:45900121-45900139(-)	MAPK8IP1	targeting		
MAPK8IP1#chr11:45900142-45900160(-)	MAPK8IP1	targeting		
MAPK8IP1#chr11:45900144-45900162(+)	MAPK8IP1	targeting		
MAPK8IP1#chr11:45900148-45900166(+)	MAPK8IP1	targeting		
MAPK8IP1#chr11:45900486-45900504(+)	MAPK8IP1	targeting		
MARS#chr12:57488029-57488047(+)	MARS	targeting	-0.25791752	0.6189983363476099
MARS#chr12:57488101-57488119(+)	MARS	targeting	-0.8595627	0.1318911789176066
MARS#chr12:57488120-57488138(-)	MARS	targeting	0.10806509	0.900131873055963
MARS#chr12:57488140-57488158(+)	MARS	targeting	0.50530547	0.4871001631390075
MARS#chr12:57488423-57488441(-)	MARS	targeting	-0.80631644	4.974727813469565e-06
MARS#chr12:57488488-57488506(-)	MARS	targeting	-0.5329715	0.0932726648276342
MAX#chr14:65102168-65102186(+)	MAX	targeting	-0.36862704	0.2863814612168854
MAX#chr14:65102258-65102276(+)	MAX	targeting	-0.15748921	0.6658956330398482
MAX#chr14:65102294-65102312(-)	MAX	targeting	0.07579362	0.82800479653795
MAX#chr14:65102351-65102369(+)	MAX	targeting	0.0512515	0.8898568285560822
MAX#chr14:65102514-65102532(+)	MAX	targeting	-0.17075987	0.1970289790425891
MAX#chr14:65102517-65102535(+)	MAX	targeting	0.087528445	0.63944616810086
MAZ#chr16:29806750-29806768(+)	MAZ	targeting		
MAZ#chr16:29806782-29806800(-)	MAZ	targeting		
MAZ#chr16:29806804-29806822(-)	MAZ	targeting		
MAZ#chr16:29806882-29806900(+)	MAZ	targeting		
MAZ#chr16:29806940-29806958(+)	MAZ	targeting		
MAZ#chr16:29806956-29806974(-)	MAZ	targeting		
MBD1#chr18:50281312-50281330(-)	MBD1	targeting	-1.1762387	0.001263032704643
MBD1#chr18:50281327-50281345(-)	MBD1	targeting	-0.77526134	0.2499784550088652
MBD1#chr18:50281487-50281505(+)	MBD1	targeting	-1.1514434	0.0307979421187728
MBD1#chr18:50281503-50281521(-)	MBD1	targeting	-0.6736524	0.1093275584995996
MBD1#chr18:50281506-50281524(-)	MBD1	targeting	-1.0627265	0.1413762016059644
MBD1#chr18:50281549-50281567(-)	MBD1	targeting	-0.109711215	0.7621851953789631
MBD2#chr18:54224191-54224209(-)	MBD2	targeting	0.08156463	0.7596334490338623
MBD2#chr18:54224264-54224282(-)	MBD2	targeting	-0.6430721	0.0027364053200776
MBD2#chr18:54224450-54224468(+)	MBD2	targeting	-0.8868194	9.399118023276077e-08
MBD2#chr18:54224456-54224474(-)	MBD2	targeting	-1.1748636	7.44675339404252e-05
MBD2#chr18:54224596-54224614(-)	MBD2	targeting	-1.7468202	1.0153853753046652e-19
MBD2#chr18:54224607-54224625(-)	MBD2	targeting	-1.1329811	0.0025265250070834
MBD3#chr19:1592226-1592244(-)	MBD3	targeting	-0.59939504	0.4081200393740245
MBD3#chr19:1592260-1592278(+)	MBD3	targeting	-0.032448467	0.8914457988237963
MBD3#chr19:1592295-1592313(+)	MBD3	targeting	-0.10140944	0.9040721604241656
MBD3#chr19:1592326-1592344(+)	MBD3	targeting	0.11375067	0.6158397533270269
MBD3#chr19:1592550-1592568(+)	MBD3	targeting	-1.0592073	0.2738558122321919
MBD3#chr19:1592732-1592750(-)	MBD3	targeting	0.12419484	0.8616760700460204
MBD4#chr3:129439861-129439879(+)	MBD4	targeting		
MBD4#chr3:129439867-129439885(+)	MBD4	targeting		
MBD4#chr3:129439879-129439897(-)	MBD4	targeting		
MBD4#chr3:129439901-129439919(+)	MBD4	targeting		
MBD4#chr3:129439910-129439928(-)	MBD4	targeting		
MBD4#chr3:129439920-129439938(+)	MBD4	targeting		
MBD6#chr12:57522850-57522868(+)	MBD6	targeting		
MBD6#chr12:57522853-57522871(+)	MBD6	targeting		
MBD6#chr12:57522857-57522875(-)	MBD6	targeting		
MBD6#chr12:57522896-57522914(+)	MBD6	targeting		
MBD6#chr12:57522912-57522930(-)	MBD6	targeting		
MBD6#chr12:57522956-57522974(-)	MBD6	targeting		
MBNL2#chr13:97222358-97222376(+)	MBNL2	targeting	-0.73612833	0.0843065982320831
MBNL2#chr13:97222373-97222391(-)	MBNL2	targeting	-0.23354594	0.5368700030858755
MBNL2#chr13:97222388-97222406(+)	MBNL2	targeting	-0.36072403	0.1005260888168726
MBNL2#chr13:97222496-97222514(+)	MBNL2	targeting	-1.7298784	0.0055305742650725
MBNL2#chr13:97222511-97222529(+)	MBNL2	targeting	-2.1019776	4.5975813146743006e-10
MBNL2#chr13:97222515-97222533(+)	MBNL2	targeting	-2.2100217	1.2537557457275649e-08
MBNL3#chrX:132439461-132439479(-)	MBNL3	targeting		
MBNL3#chrX:132439571-132439589(+)	MBNL3	targeting		
MBNL3#chrX:132439629-132439647(+)	MBNL3	targeting		
MBNL3#chrX:132439635-132439653(-)	MBNL3	targeting		
MBNL3#chrX:132439644-132439662(+)	MBNL3	targeting		
MBNL3#chrX:132439655-132439673(+)	MBNL3	targeting		
MECOM#chr3:169663167-169663185(+)	MECOM	targeting	-2.3825464	2.2760758137876425e-12
MECOM#chr3:169663276-169663294(+)	MECOM	targeting	-1.4814061	0.0011080230241259
MECOM#chr3:169663362-169663380(-)	MECOM	targeting	-1.403492	0.0067622525318304
MECOM#chr3:169663624-169663642(-)	MECOM	targeting	-1.107022	1.076439814476596e-07
MECOM#chr3:169663675-169663693(-)	MECOM	targeting	-0.16080798	0.3869365493309395
MECOM#chr3:169663698-169663716(-)	MECOM	targeting	-0.82108617	0.0171659929187603
MECP2#chrX:154097249-154097267(+)	MECP2	targeting	-0.08252452	0.4319665524774928
MECP2#chrX:154097505-154097523(-)	MECP2	targeting	-0.7864749	0.0017291050378021
MECP2#chrX:154097655-154097673(+)	MECP2	targeting	0.19497451	0.3706291120476707
MECP2#chrX:154097683-154097701(+)	MECP2	targeting	0.33270982	0.0820478807014914
MECP2#chrX:154097692-154097710(-)	MECP2	targeting	-1.6559539	8.166891838208982e-06
MECP2#chrX:154097700-154097718(-)	MECP2	targeting	-0.76292104	0.1329142213916811
MED20#chr6:41920870-41920888(-)	MED20	targeting		
MED20#chr6:41920898-41920916(-)	MED20	targeting		
MED20#chr6:41921015-41921033(+)	MED20	targeting		
MED20#chr6:41921043-41921061(+)	MED20	targeting		
MED20#chr6:41921071-41921089(-)	MED20	targeting		
MED20#chr6:41921103-41921121(-)	MED20	targeting		
MED8#chr1:43389549-43389567(-)	MED8	targeting	0.16145082	0.7411280819705284
MED8#chr1:43389578-43389596(-)	MED8	targeting	0.047490537	0.8966094013242065
MED8#chr1:43389584-43389602(-)	MED8	targeting	0.038260136	0.9003470695513326
MED8#chr1:43389597-43389615(-)	MED8	targeting	0.48266226	0.2563874104953578
MED8#chr1:43389734-43389752(-)	MED8	targeting	-0.5078133	0.2022514522853263
MED8#chr1:43389761-43389779(-)	MED8	targeting	-0.0122864125	0.9791410771973584
MEF2A#chr15:99565983-99566001(+)	MEF2A	targeting	-0.44986224	0.0021232076548883
MEF2A#chr15:99565993-99566011(+)	MEF2A	targeting	-0.8443239	0.0412917568872286
MEF2A#chr15:99566017-99566035(+)	MEF2A	targeting	-1.5344328	0.0065592327470032
MEF2A#chr15:99566036-99566054(+)	MEF2A	targeting	-0.4360629	0.2891679040490716
MEF2A#chr15:99566084-99566102(+)	MEF2A	targeting	-0.07420259	0.2042476193677584
MEF2A#chr15:99566394-99566412(+)	MEF2A	targeting	-0.3031292	0.0186951562659966
MEF2B#chr19:19192052-19192070(-)	MEF2B	targeting		
MEF2B#chr19:19192107-19192125(+)	MEF2B	targeting		
MEF2B#chr19:19192117-19192135(-)	MEF2B	targeting		
MEF2B#chr19:19192121-19192139(+)	MEF2B	targeting		
MEF2B#chr19:19192126-19192144(-)	MEF2B	targeting		
MEF2B#chr19:19192133-19192151(+)	MEF2B	targeting		
MEF2C#chr5:88882940-88882958(+)	MEF2C	targeting		
MEF2C#chr5:88882969-88882987(-)	MEF2C	targeting		
MEF2C#chr5:88883097-88883115(-)	MEF2C	targeting		
MEF2C#chr5:88883132-88883150(+)	MEF2C	targeting		
MEF2C#chr5:88883142-88883160(-)	MEF2C	targeting		
MEF2C#chr5:88883285-88883303(+)	MEF2C	targeting		
MEF2D#chr1:156500540-156500558(-)	MEF2D	targeting		
MEF2D#chr1:156500748-156500766(+)	MEF2D	targeting		
MEF2D#chr1:156500752-156500770(-)	MEF2D	targeting		
MEF2D#chr1:156500766-156500784(-)	MEF2D	targeting		
MEF2D#chr1:156500776-156500794(+)	MEF2D	targeting		
MEF2D#chr1:156500786-156500804(+)	MEF2D	targeting		
MEIS1#chr2:66435107-66435125(-)	MEIS1	targeting	-0.22341561	0.2209646862371849
MEIS1#chr2:66435114-66435132(+)	MEIS1	targeting	0.18327308	0.5381105087013481
MEIS1#chr2:66435145-66435163(-)	MEIS1	targeting	-1.3600572	1.797279980334414e-05
MEIS1#chr2:66435173-66435191(+)	MEIS1	targeting	-1.0094043	0.0001469754574585
MEIS1#chr2:66435254-66435272(-)	MEIS1	targeting	-1.6125486	1.648889789474266e-08
MEIS1#chr2:66435356-66435374(+)	MEIS1	targeting	-0.6574938	0.0433469937332678
MEIS2#chr15:37100225-37100243(-)	MEIS2	targeting	0.38099906	0.5223328569940109
MEIS2#chr15:37100379-37100397(+)	MEIS2	targeting	-0.052731574	0.8337071623062845
MEIS2#chr15:37100414-37100432(+)	MEIS2	targeting	-0.28021583	0.0767383611982983
MEIS2#chr15:37100451-37100469(+)	MEIS2	targeting	-0.4123634	0.131866934917391
MEIS2#chr15:37100454-37100472(+)	MEIS2	targeting	-0.13469686	0.5181877416694641
MEIS2#chr15:37100468-37100486(+)	MEIS2	targeting	-0.28898245	0.6397276470944586
MEIS3#chr19:47406361-47406379(+)	MEIS3	targeting	0.009386626	0.966839771729676
MEIS3#chr19:47406373-47406391(-)	MEIS3	targeting	0.078241765	0.812572317614768
MEIS3#chr19:47406392-47406410(-)	MEIS3	targeting	0.17825176	0.2786363658496715
MEIS3#chr19:47406395-47406413(+)	MEIS3	targeting	0.10180763	0.4615340137839885
MEIS3#chr19:47406446-47406464(-)	MEIS3	targeting	0.53511685	0.0738842829984948
MEIS3#chr19:47406455-47406473(-)	MEIS3	targeting	0.22750127	0.3835066283245529
MEIS3#chr19:47419060-47419078(-)	MEIS3	targeting	-1.514279	3.1716574631556347e-12
MEIS3#chr19:47419159-47419177(-)	MEIS3	targeting	-1.3950169	0.019884885645289
MEIS3#chr19:47419404-47419422(+)	MEIS3	targeting	-1.8573098	1.5144058131798074e-08
MEIS3#chr19:47419425-47419443(+)	MEIS3	targeting	-0.4107675	0.4875522495748102
MEIS3#chr19:47419458-47419476(+)	MEIS3	targeting	-1.532463	0.0770766424043015
MEIS3#chr19:47419515-47419533(-)	MEIS3	targeting	-2.3229682	9.069601150808312e-09
MEOX1#chr17:43661758-43661776(-)	MEOX1	targeting		
MEOX1#chr17:43661779-43661797(-)	MEOX1	targeting		
MEOX1#chr17:43661858-43661876(-)	MEOX1	targeting		
MEOX1#chr17:43661863-43661881(-)	MEOX1	targeting		
MEOX1#chr17:43661873-43661891(+)	MEOX1	targeting		
MEOX1#chr17:43661900-43661918(-)	MEOX1	targeting		
MEOX2#chr7:15686268-15686286(+)	MEOX2	targeting		
MEOX2#chr7:15686280-15686298(+)	MEOX2	targeting		
MEOX2#chr7:15686420-15686438(+)	MEOX2	targeting		
MEOX2#chr7:15686582-15686600(+)	MEOX2	targeting		
MEOX2#chr7:15686618-15686636(+)	MEOX2	targeting		
MEOX2#chr7:15686644-15686662(+)	MEOX2	targeting		
MESP1#chr15:89750689-89750707(-)	MESP1	targeting		
MESP1#chr15:89750788-89750806(+)	MESP1	targeting		
MESP1#chr15:89750802-89750820(-)	MESP1	targeting		
MESP1#chr15:89750806-89750824(+)	MESP1	targeting		
MESP1#chr15:89750809-89750827(+)	MESP1	targeting		
MESP1#chr15:89750821-89750839(+)	MESP1	targeting		
MESP2#chr15:89776688-89776706(-)	MESP2	targeting		
MESP2#chr15:89776692-89776710(-)	MESP2	targeting		
MESP2#chr15:89776743-89776761(-)	MESP2	targeting		
MESP2#chr15:89776747-89776765(-)	MESP2	targeting		
MESP2#chr15:89776759-89776777(-)	MESP2	targeting		
MESP2#chr15:89776873-89776891(+)	MESP2	targeting		
MGA#chr15:41660428-41660446(+)	MGA	targeting	-0.2629419	0.228949345522377
MGA#chr15:41660463-41660481(+)	MGA	targeting	-0.063270055	0.7172077906264209
MGA#chr15:41660473-41660491(+)	MGA	targeting	-0.25059557	0.0463481594109601
MGA#chr15:41660479-41660497(-)	MGA	targeting	-0.45440993	0.0063341425420265
MGA#chr15:41660481-41660499(+)	MGA	targeting	-0.15924658	0.5683919951577174
MGA#chr15:41660683-41660701(-)	MGA	targeting	-0.21834625	0.2967415901306056
MIER1#chr1:66925017-66925035(+)	MIER1	targeting	-0.41267547	0.0047631977933431
MIER1#chr1:66925030-66925048(+)	MIER1	targeting	-0.3823913	0.0480304047125982
MIER1#chr1:66925033-66925051(+)	MIER1	targeting	-0.3228035	0.0396279529663969
MIER1#chr1:66925036-66925054(+)	MIER1	targeting	-0.25420952	0.1966361879966451
MIER1#chr1:66925303-66925321(-)	MIER1	targeting	0.110956445	0.9086687720413428
MIER1#chr1:66925359-66925377(+)	MIER1	targeting	-0.75625587	5.858025333737785e-05
MIER1#chr1:66930256-66930274(+)	MIER1	targeting	-0.18211383	0.2477384009315532
MIER1#chr1:66930305-66930323(-)	MIER1	targeting	0.10390591	0.700663590503178
MIER1#chr1:66930313-66930331(-)	MIER1	targeting	-0.16980518	0.1947778446193043
MIER1#chr1:66930332-66930350(-)	MIER1	targeting	0.49161026	0.2188933925393405
MIER1#chr1:66930363-66930381(-)	MIER1	targeting	-1.0770769	3.187023006270537e-07
MIER1#chr1:66930516-66930534(-)	MIER1	targeting	-0.6736113	0.0039410741149978
MIER2#chr19:344693-344711(+)	MIER2	targeting	-0.4792157	0.288651434882568
MIER2#chr19:344696-344714(+)	MIER2	targeting	-0.3030975	0.2584444779029752
MIER2#chr19:344763-344781(+)	MIER2	targeting	-1.0208213	0.2219918494961233
MIER2#chr19:344776-344794(-)	MIER2	targeting	-1.4712427	0.0370507111961862
MIER2#chr19:344779-344797(-)	MIER2	targeting	-1.7863137	0.0033872919287032
MIER2#chr19:344824-344842(-)	MIER2	targeting	-0.08735565	0.6779410307647619
MIER3#chr5:56951874-56951892(+)	MIER3	targeting	-0.6647003	0.2040165826561585
MIER3#chr5:56952075-56952093(-)	MIER3	targeting	-0.6180241	0.1466793504964654
MIER3#chr5:56952087-56952105(-)	MIER3	targeting	-0.13693778	0.7907914272451834
MIER3#chr5:56952096-56952114(-)	MIER3	targeting	0.0068901945	0.9824856270144284
MIER3#chr5:56952102-56952120(-)	MIER3	targeting	-0.25601438	0.4888369591700089
MIER3#chr5:56952221-56952239(+)	MIER3	targeting	-0.7084197	0.1377534426372424
MIS18BP1#chr14:45253069-45253087(-)	MIS18BP1	targeting	-0.9385034	0.0583781017976285
MIS18BP1#chr14:45253133-45253151(-)	MIS18BP1	targeting	-0.019270962	0.9819699272929178
MIS18BP1#chr14:45253148-45253166(-)	MIS18BP1	targeting	-0.6708314	0.375352776304685
MIS18BP1#chr14:45253165-45253183(-)	MIS18BP1	targeting	-0.8499692	0.3232049755458632
MIS18BP1#chr14:45253182-45253200(-)	MIS18BP1	targeting	-0.22313085	0.8061569164811383
MIS18BP1#chr14:45253185-45253203(-)	MIS18BP1	targeting	-2.1542273	3.183932912096934e-18
MITF#chr3:69739433-69739451(+)	MITF	targeting	-0.4184117	0.2088667165716451
MITF#chr3:69739482-69739500(+)	MITF	targeting	0.27458492	0.5703233557457024
MITF#chr3:69739501-69739519(-)	MITF	targeting	-0.5140687	0.4575824611401321
MITF#chr3:69739548-69739566(-)	MITF	targeting	-0.58869874	0.4198688130497318
MITF#chr3:69739691-69739709(-)	MITF	targeting	-0.103697866	0.7852889523865584
MITF#chr3:69739761-69739779(-)	MITF	targeting	-0.26740745	0.3447689198958299
MITF#chr3:69936575-69936593(+)	MITF	targeting	-0.61753875	0.1206580484499562
MITF#chr3:69936584-69936602(+)	MITF	targeting	0.016361045	0.9737475221096036
MITF#chr3:69936593-69936611(-)	MITF	targeting	-0.21488152	0.6946761620316475
MITF#chr3:69936612-69936630(-)	MITF	targeting	-0.44748262	0.3542912158340909
MITF#chr3:69936632-69936650(+)	MITF	targeting	0.2652383	0.377090293844039
MITF#chr3:69936650-69936668(+)	MITF	targeting	0.06014602	0.8834792570837936
MIXL1#chr1:226223551-226223569(+)	MIXL1	targeting	-1.4819759	0.0397784446301487
MIXL1#chr1:226223689-226223707(-)	MIXL1	targeting	-1.5306898	4.755627654638523e-05
MIXL1#chr1:226223695-226223713(-)	MIXL1	targeting	-0.53843737	0.1782234235000851
MIXL1#chr1:226223701-226223719(-)	MIXL1	targeting	-0.068758994	0.8451968379557466
MIXL1#chr1:226223728-226223746(-)	MIXL1	targeting	-1.7499111	0.0085966547915298
MIXL1#chr1:226223893-226223911(+)	MIXL1	targeting	-1.5513787	1.860563077704719e-07
MKX#chr10:27743072-27743090(+)	MKX	targeting		
MKX#chr10:27743466-27743484(+)	MKX	targeting		
MKX#chr10:27743482-27743500(-)	MKX	targeting		
MKX#chr10:27743486-27743504(+)	MKX	targeting		
MKX#chr10:27743490-27743508(+)	MKX	targeting		
MKX#chr10:27743510-27743528(+)	MKX	targeting		
MKX#chr10:27745573-27745591(-)	MKX	targeting		
MKX#chr10:27745575-27745593(+)	MKX	targeting		
MKX#chr10:27745746-27745764(+)	MKX	targeting		
MKX#chr10:27745755-27745773(-)	MKX	targeting		
MKX#chr10:27745777-27745795(-)	MKX	targeting		
MKX#chr10:27745782-27745800(-)	MKX	targeting		
MLLT1#chr19:6279482-6279500(+)	MLLT1	targeting	0.2909041	0.3732447080929038
MLLT1#chr19:6279862-6279880(-)	MLLT1	targeting	0.14114137	0.7133300592728786
MLLT1#chr19:6279871-6279889(-)	MLLT1	targeting	-0.13586435	0.8772630648777122
MLLT1#chr19:6279908-6279926(-)	MLLT1	targeting	0.007753461	0.9713669762537578
MLLT1#chr19:6279963-6279981(-)	MLLT1	targeting	-0.50844884	0.1266441547974909
MLLT1#chr19:6279966-6279984(+)	MLLT1	targeting	-0.8646209	0.1580684745082939
MLLT10#chr10:21534238-21534256(+)	MLLT10	targeting	-0.7222779	6.01847195713772e-07
MLLT10#chr10:21534283-21534301(-)	MLLT10	targeting	-0.5648593	7.094317636928676e-19
MLLT10#chr10:21534318-21534336(-)	MLLT10	targeting	-0.08851136	0.3776555781053121
MLLT10#chr10:21534330-21534348(-)	MLLT10	targeting	-0.5985182	5.491267426606107e-05
MLLT10#chr10:21534361-21534379(-)	MLLT10	targeting	-1.2954177	8.087239056153046e-15
MLLT10#chr10:21534657-21534675(+)	MLLT10	targeting	-0.0031262243	0.9785989749269502
MLLT3#chr9:20622314-20622332(-)	MLLT3	targeting	-0.11170142	0.5467641610792371
MLLT3#chr9:20622349-20622367(+)	MLLT3	targeting	-0.6127656	4.75848900908542e-05
MLLT3#chr9:20622360-20622378(+)	MLLT3	targeting	-2.539116	1.3821843868507718e-07
MLLT3#chr9:20622398-20622416(-)	MLLT3	targeting	-1.624375	3.7702802356861e-53
MLLT3#chr9:20622511-20622529(+)	MLLT3	targeting	-1.6338757	7.73830931046668e-05
MLLT3#chr9:20622528-20622546(+)	MLLT3	targeting	-2.2632136	2.8994866476206777e-06
MLX#chr17:42567093-42567111(+)	MLX	targeting	-0.23904075	0.3945167967190293
MLX#chr17:42567097-42567115(+)	MLX	targeting	0.047285527	0.920342636864068
MLX#chr17:42567110-42567128(+)	MLX	targeting	-1.2176688	0.0003075691707309
MLX#chr17:42567131-42567149(+)	MLX	targeting	-0.839429	0.1804272509683709
MLX#chr17:42567140-42567158(+)	MLX	targeting	-0.7494386	0.1538683063604081
MLX#chr17:42567149-42567167(-)	MLX	targeting	0.13041821	0.7481548674952216
MLXIP#chr12:122078791-122078809(-)	MLXIP	targeting	-0.9541079	0.0434758878758209
MLXIP#chr12:122078797-122078815(-)	MLXIP	targeting	-1.3055152	0.0001065035362395
MLXIP#chr12:122078809-122078827(+)	MLXIP	targeting	-0.49793142	0.254951282319887
MLXIP#chr12:122078849-122078867(-)	MLXIP	targeting	-0.5456132	0.0010038809562917
MLXIP#chr12:122079071-122079089(+)	MLXIP	targeting	-1.2108012	3.0499364061097884e-10
MLXIP#chr12:122079119-122079137(+)	MLXIP	targeting	-1.6722262	4.0888010229077616e-14
MLXIPL#chr7:73624018-73624036(+)	MLXIPL	targeting	-2.2493165	0.0023640682070276
MLXIPL#chr7:73624286-73624304(-)	MLXIPL	targeting	-1.450407	0.01390465811753
MLXIPL#chr7:73624347-73624365(-)	MLXIPL	targeting	-1.7133379	0.0315654715680775
MLXIPL#chr7:73624412-73624430(+)	MLXIPL	targeting	-0.13289435	0.6302733942915093
MLXIPL#chr7:73624471-73624489(-)	MLXIPL	targeting	-0.2586147	0.7365729970278088
MLXIPL#chr7:73624504-73624522(-)	MLXIPL	targeting	-2.0134923	0.0217543357507149
MMP3#chr11:102843508-102843526(+)	MMP3	targeting		
MMP3#chr11:102843534-102843552(+)	MMP3	targeting		
MMP3#chr11:102843591-102843609(+)	MMP3	targeting		
MMP3#chr11:102843604-102843622(-)	MMP3	targeting		
MMP3#chr11:102843607-102843625(-)	MMP3	targeting		
MMP3#chr11:102843617-102843635(-)	MMP3	targeting		
MNAT1#chr14:60734731-60734749(-)	MNAT1	targeting	-0.13000913	0.8884534622493045
MNAT1#chr14:60734756-60734774(+)	MNAT1	targeting	0.044019368	0.9626653144046804
MNAT1#chr14:60734782-60734800(+)	MNAT1	targeting	-0.506006	0.3492510382008758
MNAT1#chr14:60734790-60734808(+)	MNAT1	targeting	-0.0668331	0.9389477517167418
MNAT1#chr14:60734793-60734811(+)	MNAT1	targeting	-0.50766885	0.5662636961742529
MNAT1#chr14:60734829-60734847(+)	MNAT1	targeting	-0.8485782	0.33725854003616
MNT#chr17:2400671-2400689(-)	MNT	targeting	0.17826743	0.3424823876756339
MNT#chr17:2400984-2401002(-)	MNT	targeting	0.1529172	0.6157848102279515
MNT#chr17:2400992-2401010(-)	MNT	targeting	-0.43095452	0.156825930211297
MNT#chr17:2401021-2401039(-)	MNT	targeting	0.20537554	0.5868538619582859
MNT#chr17:2401025-2401043(+)	MNT	targeting	0.049440514	0.7713325225814679
MNT#chr17:2401117-2401135(+)	MNT	targeting	-1.1558987	0.0718401864008612
MNX1#chr7:157010490-157010508(-)	MNX1	targeting	-0.107933894	0.7238564340288518
MNX1#chr7:157010601-157010619(-)	MNX1	targeting	-0.3015014	0.3590927013786837
MNX1#chr7:157010609-157010627(-)	MNX1	targeting	-0.1411179	0.6839691912962205
MNX1#chr7:157010623-157010641(+)	MNX1	targeting	-0.47860256	0.1124143761246802
MNX1#chr7:157010626-157010644(+)	MNX1	targeting	-0.52425706	0.3298191967392315
MNX1#chr7:157010657-157010675(-)	MNX1	targeting	-1.9381385	0.000382814334943
MSANTD1#chr4:3249156-3249174(-)	MSANTD1	targeting		
MSANTD1#chr4:3249189-3249207(+)	MSANTD1	targeting		
MSANTD1#chr4:3249193-3249211(-)	MSANTD1	targeting		
MSANTD1#chr4:3249220-3249238(-)	MSANTD1	targeting		
MSANTD1#chr4:3249223-3249241(-)	MSANTD1	targeting		
MSANTD1#chr4:3249343-3249361(+)	MSANTD1	targeting		
MSANTD3#chr9:100427143-100427161(+)	MSANTD3	targeting		
MSANTD3#chr9:100427191-100427209(+)	MSANTD3	targeting		
MSANTD3#chr9:100427197-100427215(+)	MSANTD3	targeting		
MSANTD3#chr9:100427361-100427379(-)	MSANTD3	targeting		
MSANTD3#chr9:100427385-100427403(-)	MSANTD3	targeting		
MSANTD3#chr9:100427393-100427411(+)	MSANTD3	targeting		
MSANTD4#chr11:106022122-106022140(+)	MSANTD4	targeting	-0.8664524	0.2783820887684323
MSANTD4#chr11:106022164-106022182(-)	MSANTD4	targeting	-0.54586655	0.0478714707786255
MSANTD4#chr11:106022170-106022188(-)	MSANTD4	targeting	-1.5036253	0.0474695418276097
MSANTD4#chr11:106022188-106022206(+)	MSANTD4	targeting	-1.8107179	0.0861521056684912
MSANTD4#chr11:106022201-106022219(+)	MSANTD4	targeting	-2.0031307	0.0001821054616388
MSANTD4#chr11:106022215-106022233(+)	MSANTD4	targeting	-3.1183963	8.58696059302176e-09
MSC#chr8:71843641-71843659(-)	MSC	targeting		
MSC#chr8:71843816-71843834(+)	MSC	targeting		
MSC#chr8:71843855-71843873(-)	MSC	targeting		
MSC#chr8:71844043-71844061(-)	MSC	targeting		
MSC#chr8:71844198-71844216(-)	MSC	targeting		
MSC#chr8:71844243-71844261(-)	MSC	targeting		
MSGN1#chr2:17816496-17816514(+)	MSGN1	targeting		
MSGN1#chr2:17816530-17816548(-)	MSGN1	targeting		
MSGN1#chr2:17816551-17816569(-)	MSGN1	targeting		
MSGN1#chr2:17816657-17816675(+)	MSGN1	targeting		
MSGN1#chr2:17816664-17816682(-)	MSGN1	targeting		
MSGN1#chr2:17816872-17816890(+)	MSGN1	targeting		
MSLN#chr16:761122-761140(+)	MSLN	targeting		
MSLN#chr16:761125-761143(+)	MSLN	targeting		
MSLN#chr16:761133-761151(+)	MSLN	targeting		
MSLN#chr16:761164-761182(-)	MSLN	targeting		
MSLN#chr16:761189-761207(-)	MSLN	targeting		
MSLN#chr16:761375-761393(-)	MSLN	targeting		
MSX1#chr4:4859679-4859697(-)	MSX1	targeting		
MSX1#chr4:4859691-4859709(+)	MSX1	targeting		
MSX1#chr4:4859704-4859722(+)	MSX1	targeting		
MSX1#chr4:4859709-4859727(+)	MSX1	targeting		
MSX1#chr4:4859722-4859740(+)	MSX1	targeting		
MSX1#chr4:4859867-4859885(+)	MSX1	targeting		
MSX2#chr5:174724606-174724624(-)	MSX2	targeting	-1.8374188	1.46212287064247e-05
MSX2#chr5:174724612-174724630(-)	MSX2	targeting	-0.0684694	0.8320911130751174
MSX2#chr5:174724699-174724717(-)	MSX2	targeting	0.1874411	0.6551187884777288
MSX2#chr5:174724834-174724852(-)	MSX2	targeting	-0.22875427	0.405847764502425
MSX2#chr5:174724837-174724855(-)	MSX2	targeting	-0.6071872	0.0546682874050787
MSX2#chr5:174724942-174724960(-)	MSX2	targeting	-0.061259452	0.7928340576715496
MTA1#chr14:105420040-105420058(+)	MTA1	targeting	-1.4915985	0.0147509391081046
MTA1#chr14:105420073-105420091(-)	MTA1	targeting	-2.3715599	1.2621808218762308e-05
MTA1#chr14:105420078-105420096(-)	MTA1	targeting	-1.4303081	8.567177556081898e-07
MTA1#chr14:105420177-105420195(-)	MTA1	targeting	0.4352175	0.1265154022759955
MTA1#chr14:105420209-105420227(-)	MTA1	targeting	0.116449535	0.7122663454309612
MTA1#chr14:105420239-105420257(+)	MTA1	targeting	0.096912526	0.5110409915309079
MTA2#chr11:62601399-62601417(-)	MTA2	targeting	0.5011204	0.2925614576707283
MTA2#chr11:62601415-62601433(-)	MTA2	targeting	-0.51274234	0.1998169045612649
MTA2#chr11:62601598-62601616(-)	MTA2	targeting	-0.4112336	0.2893107856985862
MTA2#chr11:62601604-62601622(-)	MTA2	targeting	-0.03000657	0.9147768557604808
MTA2#chr11:62601811-62601829(-)	MTA2	targeting	-1.4694064	0.0039889643885939
MTA2#chr11:62601826-62601844(-)	MTA2	targeting	-0.33365297	0.4343182965453278
MTA3#chr2:42568628-42568646(-)	MTA3	targeting	-0.77215326	2.1423574035068087e-08
MTA3#chr2:42568757-42568775(+)	MTA3	targeting	-2.4232202	9.529788032315153e-09
MTA3#chr2:42568766-42568784(-)	MTA3	targeting	-2.3312874	2.975362539542157e-09
MTA3#chr2:42568845-42568863(+)	MTA3	targeting	-1.4262408	1.4588789287793201e-15
MTA3#chr2:42568853-42568871(+)	MTA3	targeting	-1.8663653	8.009124636368014e-20
MTA3#chr2:42568869-42568887(+)	MTA3	targeting	-0.9532745	0.0428755850897126
MTERF#chr7:91880485-91880503(-)	MTERF	targeting	-0.45306814	0.5816347703912951
MTERF#chr7:91880642-91880660(-)	MTERF	targeting	-1.7416537	8.932627604887764e-10
MTERF#chr7:91880671-91880689(-)	MTERF	targeting	-2.571593	9.914990858105749e-07
MTERF#chr7:91880698-91880716(-)	MTERF	targeting	-2.882924	1.0866632759245036e-10
MTERF#chr7:91880701-91880719(-)	MTERF	targeting	-2.0711777	0.0001358559849296
MTERF#chr7:91880708-91880726(+)	MTERF	targeting	-0.73007005	0.0041998163440462
MTERFD1#chr8:96261507-96261525(+)	MTERFD1	targeting	-0.74202585	0.1477530336178334
MTERFD1#chr8:96261518-96261536(+)	MTERFD1	targeting	-0.13448325	0.8774571294479583
MTERFD1#chr8:96261536-96261554(+)	MTERFD1	targeting	-1.9669228	0.0161603689906628
MTERFD1#chr8:96261548-96261566(-)	MTERFD1	targeting	-0.7644185	0.2316180454931951
MTERFD1#chr8:96261561-96261579(-)	MTERFD1	targeting	-0.16714914	0.7120334402322441
MTERFD1#chr8:96261606-96261624(-)	MTERFD1	targeting	-0.44801494	0.6194258086461858
MTERFD2#chr2:241102129-241102147(+)	MTERFD2	targeting	-0.48607004	0.2611822006062094
MTERFD2#chr2:241102185-241102203(-)	MTERFD2	targeting	0.119993046	0.6965704702085814
MTERFD2#chr2:241102238-241102256(+)	MTERFD2	targeting	-0.16390981	0.6853827683336788
MTERFD2#chr2:241102263-241102281(-)	MTERFD2	targeting	-0.10334	0.697467754418589
MTERFD2#chr2:241102273-241102291(-)	MTERFD2	targeting	-0.19224137	0.4170631152480605
MTERFD2#chr2:241102324-241102342(-)	MTERFD2	targeting	-0.106781125	0.8573435858430645
MTERFD3#chr12:106986990-106987008(+)	MTERFD3	targeting		
MTERFD3#chr12:106987031-106987049(-)	MTERFD3	targeting		
MTERFD3#chr12:106987051-106987069(-)	MTERFD3	targeting		
MTERFD3#chr12:106987082-106987100(-)	MTERFD3	targeting		
MTERFD3#chr12:106987095-106987113(-)	MTERFD3	targeting		
MTERFD3#chr12:106987113-106987131(-)	MTERFD3	targeting		
MTF1#chr1:37859113-37859131(+)	MTF1	targeting	0.2977529	0.5287141618421636
MTF1#chr1:37859134-37859152(+)	MTF1	targeting	-0.25515515	0.3118256540406333
MTF1#chr1:37859526-37859544(-)	MTF1	targeting	-0.35438156	0.0518320319588508
MTF1#chr1:37859530-37859548(+)	MTF1	targeting	-1.9091094	0.0005843027490467
MTF1#chr1:37859573-37859591(-)	MTF1	targeting	-0.04445934	0.8470405246086092
MTF1#chr1:37859603-37859621(-)	MTF1	targeting	-0.14764841	0.7376057223219157
MTF2#chr1:93079260-93079278(+)	MTF2	targeting	-0.26821196	0.2811681804892167
MTF2#chr1:93079271-93079289(+)	MTF2	targeting	-0.05833644	0.6932142453162263
MTF2#chr1:93079283-93079301(+)	MTF2	targeting	-0.18971993	5.643467323578493e-05
MTF2#chr1:93079305-93079323(+)	MTF2	targeting	-1.1868657	7.007270886700332e-07
MTF2#chr1:93079342-93079360(-)	MTF2	targeting	0.28064704	0.1042442043598183
MTF2#chr1:93079653-93079671(-)	MTF2	targeting	-0.433082	0.2941880988558725
MXD1#chr2:69915082-69915100(+)	MXD1	targeting	0.40308607	0.1510283398711087
MXD1#chr2:69915117-69915135(+)	MXD1	targeting	0.32061914	0.3247025895444256
MXD1#chr2:69915120-69915138(+)	MXD1	targeting	-0.08560377	0.76205136527967
MXD1#chr2:69915162-69915180(-)	MXD1	targeting	0.074673004	0.8749315905203411
MXD1#chr2:69915166-69915184(-)	MXD1	targeting	0.031145513	0.91914486052725
MXD1#chr2:69915316-69915334(+)	MXD1	targeting	0.08311863	0.8027080696613398
MXD3#chr5:177311814-177311832(+)	MXD3	targeting		
MXD3#chr5:177311827-177311845(+)	MXD3	targeting		
MXD3#chr5:177311861-177311879(+)	MXD3	targeting		
MXD3#chr5:177311869-177311887(-)	MXD3	targeting		
MXD3#chr5:177311873-177311891(-)	MXD3	targeting		
MXD3#chr5:177311912-177311930(+)	MXD3	targeting		
MXD4#chr4:2261774-2261792(+)	MXD4	targeting	0.01879422	0.9296183972628996
MXD4#chr4:2261950-2261968(-)	MXD4	targeting	-0.19094086	0.2608659505591777
MXD4#chr4:2262072-2262090(-)	MXD4	targeting	-0.13417044	0.5482538105430512
MXD4#chr4:2262076-2262094(+)	MXD4	targeting	0.010021639	0.9670616934801626
MXD4#chr4:2262080-2262098(-)	MXD4	targeting	-2.7611814	1.9322748333724088e-14
MXD4#chr4:2262095-2262113(-)	MXD4	targeting	-1.6243968	0.000105716460889
MXI1#chr10:110207659-110207677(+)	MXI1	targeting	0.21215333	0.2343001767518987
MXI1#chr10:110207668-110207686(+)	MXI1	targeting	-0.41725343	0.1215663815642412
MXI1#chr10:110207672-110207690(+)	MXI1	targeting	-0.6214859	0.0220003348562365
MXI1#chr10:110207693-110207711(-)	MXI1	targeting	-0.48598212	2.9685486251789045e-05
MXI1#chr10:110207792-110207810(+)	MXI1	targeting	-0.5214805	0.0142594495516549
MXI1#chr10:110207831-110207849(+)	MXI1	targeting	-0.1712677	0.1993758290377415
MXI1#chr10:110225976-110225994(-)	MXI1	targeting	0.013414145	0.8865001515578681
MXI1#chr10:110225992-110226010(+)	MXI1	targeting	-0.07238215	0.803915048121125
MXI1#chr10:110226010-110226028(+)	MXI1	targeting	-0.02903982	0.8820565259951939
MXI1#chr10:110226160-110226178(+)	MXI1	targeting	-0.35774693	0.0157806488210182
MXI1#chr10:110226165-110226183(+)	MXI1	targeting	0.107932106	0.4582955762897709
MXI1#chr10:110226198-110226216(+)	MXI1	targeting	0.16101815	0.0831895515933237
MYB#chr6:135181384-135181402(+)	MYB	targeting		
MYB#chr6:135181413-135181431(-)	MYB	targeting		
MYB#chr6:135181468-135181486(-)	MYB	targeting		
MYB#chr6:135181510-135181528(+)	MYB	targeting		
MYB#chr6:135181621-135181639(+)	MYB	targeting		
MYB#chr6:135181887-135181905(-)	MYB	targeting		
MYBBP1A#chr17:4555048-4555066(-)	MYBBP1A	targeting	-0.60495526	0.4807679973879492
MYBBP1A#chr17:4555121-4555139(-)	MYBBP1A	targeting	-0.009334974	0.9881656659520308
MYBBP1A#chr17:4555295-4555313(+)	MYBBP1A	targeting	0.13889202	0.8722058711987762
MYBBP1A#chr17:4555324-4555342(-)	MYBBP1A	targeting	-0.130454	0.8841254545479444
MYBBP1A#chr17:4555369-4555387(-)	MYBBP1A	targeting	-0.381204	0.3876328334090678
MYBBP1A#chr17:4555407-4555425(+)	MYBBP1A	targeting	-0.3409162	0.6792941459397823
MYBL1#chr8:66612966-66612984(+)	MYBL1	targeting		
MYBL1#chr8:66613200-66613218(-)	MYBL1	targeting		
MYBL1#chr8:66613220-66613238(+)	MYBL1	targeting		
MYBL1#chr8:66613256-66613274(-)	MYBL1	targeting		
MYBL1#chr8:66613259-66613277(-)	MYBL1	targeting		
MYBL1#chr8:66613271-66613289(-)	MYBL1	targeting		
MYBL2#chr20:43667115-43667133(+)	MYBL2	targeting	-0.74906087	0.0084904123190243
MYBL2#chr20:43667123-43667141(+)	MYBL2	targeting	-0.5924671	0.3152675282586512
MYBL2#chr20:43667167-43667185(-)	MYBL2	targeting	-0.13877997	0.5037621799347223
MYBL2#chr20:43667197-43667215(-)	MYBL2	targeting	-0.8927804	0.2992353134603206
MYBL2#chr20:43667446-43667464(+)	MYBL2	targeting	-1.9951276	0.0565883803930361
MYBL2#chr20:43667527-43667545(+)	MYBL2	targeting	0.03133818	0.9409450821959184
MYC#chr8:127735559-127735577(-)	MYC	targeting		
MYC#chr8:127735640-127735658(-)	MYC	targeting		
MYC#chr8:127736042-127736060(+)	MYC	targeting		
MYC#chr8:127736243-127736261(+)	MYC	targeting		
MYC#chr8:127736323-127736341(+)	MYC	targeting		
MYC#chr8:127736682-127736700(+)	MYC	targeting		
MYCBP#chr1:38872965-38872983(+)	MYCBP	targeting		
MYCBP#chr1:38873084-38873102(+)	MYCBP	targeting		
MYCBP#chr1:38873087-38873105(+)	MYCBP	targeting		
MYCBP#chr1:38873174-38873192(-)	MYCBP	targeting		
MYCBP#chr1:38873177-38873195(-)	MYCBP	targeting		
MYCBP#chr1:38873344-38873362(-)	MYCBP	targeting		
MYCL#chr1:39901438-39901456(+)	MYCL	targeting	-0.2792675	0.6131759560543453
MYCL#chr1:39901598-39901616(+)	MYCL	targeting	-0.28558776	0.5902128010252312
MYCL#chr1:39901632-39901650(+)	MYCL	targeting	-0.31794247	0.5684447512879696
MYCL#chr1:39901821-39901839(+)	MYCL	targeting	-0.30626515	0.5051774366235032
MYCL#chr1:39901825-39901843(-)	MYCL	targeting	-0.3494564	0.3997728405574678
MYCL#chr1:39901853-39901871(-)	MYCL	targeting	-0.025375096	0.9438487420104578
MYCN#chr2:15940571-15940589(+)	MYCN	targeting	0.29685453	0.4890856657319767
MYCN#chr2:15940575-15940593(+)	MYCN	targeting	-0.5667473	0.4354275180261476
MYCN#chr2:15940583-15940601(+)	MYCN	targeting	-0.18605208	0.5526403392081685
MYCN#chr2:15940602-15940620(-)	MYCN	targeting	-0.29125562	0.6768155777829546
MYCN#chr2:15940728-15940746(+)	MYCN	targeting	0.3352942	0.5439623175346954
MYCN#chr2:15940778-15940796(+)	MYCN	targeting	-0.092879765	0.7262614091298392
MYCN#chr2:15941813-15941831(-)	MYCN	targeting	0.36566252	0.2857457274601666
MYCN#chr2:15941819-15941837(-)	MYCN	targeting	0.008819675	0.976486005911483
MYCN#chr2:15941869-15941887(-)	MYCN	targeting	-0.026791196	0.9396258912404588
MYCN#chr2:15941887-15941905(-)	MYCN	targeting	0.08721656	0.7407913282107337
MYCN#chr2:15941910-15941928(-)	MYCN	targeting	-0.015222136	0.9468323895351164
MYCN#chr2:15942182-15942200(+)	MYCN	targeting	-0.20457308	0.6249157228271209
MYEF2#chr15:48178257-48178275(+)	MYEF2	targeting	-0.033840466	0.8709763517608432
MYEF2#chr15:48178266-48178284(-)	MYEF2	targeting	-0.2793411	0.2216714243418872
MYEF2#chr15:48178276-48178294(+)	MYEF2	targeting	-2.0250392	1.4621550405425045e-05
MYEF2#chr15:48178279-48178297(+)	MYEF2	targeting	-2.5467646	2.731394282178643e-06
MYEF2#chr15:48178300-48178318(+)	MYEF2	targeting	-2.5755405	1.497843483228651e-12
MYEF2#chr15:48178307-48178325(-)	MYEF2	targeting	-0.3790377	0.516969069329726
MYF5#chr12:80716936-80716954(-)	MYF5	targeting		
MYF5#chr12:80716943-80716961(+)	MYF5	targeting		
MYF5#chr12:80716956-80716974(+)	MYF5	targeting		
MYF5#chr12:80716972-80716990(-)	MYF5	targeting		
MYF5#chr12:80716975-80716993(-)	MYF5	targeting		
MYF5#chr12:80717035-80717053(-)	MYF5	targeting		
MYF6#chr12:80707663-80707681(-)	MYF6	targeting		
MYF6#chr12:80707690-80707708(+)	MYF6	targeting		
MYF6#chr12:80707816-80707834(-)	MYF6	targeting		
MYF6#chr12:80707871-80707889(+)	MYF6	targeting		
MYF6#chr12:80707876-80707894(+)	MYF6	targeting		
MYF6#chr12:80707939-80707957(+)	MYF6	targeting		
MYNN#chr3:169773361-169773379(+)	MYNN	targeting	0.053673774	0.9436868323316892
MYNN#chr3:169773395-169773413(+)	MYNN	targeting	0.06482879	0.8339610232786995
MYNN#chr3:169773442-169773460(+)	MYNN	targeting	-0.35290748	0.2646075361234145
MYNN#chr3:169773446-169773464(-)	MYNN	targeting	-0.9545418	0.0854701064135034
MYNN#chr3:169773449-169773467(-)	MYNN	targeting	-1.125372	0.0342375280816819
MYNN#chr3:169773493-169773511(-)	MYNN	targeting	-0.5438346	0.1858265062832273
MYOCD#chr17:12665905-12665923(-)	MYOCD	targeting		
MYOCD#chr17:12665908-12665926(+)	MYOCD	targeting		
MYOCD#chr17:12665927-12665945(-)	MYOCD	targeting		
MYOCD#chr17:12665939-12665957(+)	MYOCD	targeting		
MYOCD#chr17:12665945-12665963(+)	MYOCD	targeting		
MYOCD#chr17:12666046-12666064(-)	MYOCD	targeting		
MYOD1#chr11:17719554-17719572(+)	MYOD1	targeting		
MYOD1#chr11:17719600-17719618(-)	MYOD1	targeting		
MYOD1#chr11:17719621-17719639(+)	MYOD1	targeting		
MYOD1#chr11:17719690-17719708(+)	MYOD1	targeting		
MYOD1#chr11:17719765-17719783(+)	MYOD1	targeting		
MYOD1#chr11:17719829-17719847(-)	MYOD1	targeting		
MYOG#chr1:203085771-203085789(+)	MYOG	targeting		
MYOG#chr1:203085803-203085821(-)	MYOG	targeting		
MYOG#chr1:203085918-203085936(+)	MYOG	targeting		
MYOG#chr1:203085921-203085939(+)	MYOG	targeting		
MYOG#chr1:203085944-203085962(+)	MYOG	targeting		
MYOG#chr1:203085954-203085972(+)	MYOG	targeting		
MYPOP#chr19:45902517-45902535(+)	MYPOP	targeting	-0.35621497	0.5183282883862459
MYPOP#chr19:45902521-45902539(+)	MYPOP	targeting	0.13772835	0.7103749868714768
MYPOP#chr19:45902551-45902569(+)	MYPOP	targeting	-0.9072643	0.2798877987647925
MYPOP#chr19:45902558-45902576(-)	MYPOP	targeting	-0.38000178	0.4881441126920407
MYPOP#chr19:45902579-45902597(+)	MYPOP	targeting	-1.4147902	0.1124071189527585
MYPOP#chr19:45902587-45902605(-)	MYPOP	targeting	-0.31198153	0.5076589466737677
MYRF#chr11:61752634-61752652(+)	MYRF	targeting		
MYRF#chr11:61752643-61752661(-)	MYRF	targeting		
MYRF#chr11:61752646-61752664(+)	MYRF	targeting		
MYRF#chr11:61752654-61752672(-)	MYRF	targeting		
MYRF#chr11:61752843-61752861(+)	MYRF	targeting		
MYRF#chr11:61752886-61752904(-)	MYRF	targeting		
MYRF#chr11:61755367-61755385(+)	MYRF	targeting		
MYRF#chr11:61755378-61755396(-)	MYRF	targeting		
MYRF#chr11:61755411-61755429(+)	MYRF	targeting		
MYRF#chr11:61755418-61755436(-)	MYRF	targeting		
MYRF#chr11:61755446-61755464(+)	MYRF	targeting		
MYRF#chr11:61755546-61755564(+)	MYRF	targeting		
MYRFL#chr12:69926616-69926634(+)	MYRFL	targeting		
MYRFL#chr12:69926669-69926687(+)	MYRFL	targeting		
MYRFL#chr12:69926681-69926699(+)	MYRFL	targeting		
MYRFL#chr12:69926716-69926734(-)	MYRFL	targeting		
MYRFL#chr12:69926793-69926811(+)	MYRFL	targeting		
MYRFL#chr12:69926838-69926856(-)	MYRFL	targeting		
MYSM1#chr1:58699625-58699643(-)	MYSM1	targeting	-1.1819898	0.064116760694755
MYSM1#chr1:58700007-58700025(-)	MYSM1	targeting	-0.19531085	0.7446713143578978
MYSM1#chr1:58700020-58700038(-)	MYSM1	targeting	0.0032945664	0.9969967801590732
MYSM1#chr1:58700037-58700055(-)	MYSM1	targeting	-0.506202	0.225951717120178
MYSM1#chr1:58700040-58700058(-)	MYSM1	targeting	-0.78574383	0.0368435749097038
MYSM1#chr1:58700052-58700070(-)	MYSM1	targeting	-0.7938165	0.0003312812991395
MYT1#chr20:64164482-64164500(-)	MYT1	targeting		
MYT1#chr20:64164486-64164504(-)	MYT1	targeting		
MYT1#chr20:64164492-64164510(-)	MYT1	targeting		
MYT1#chr20:64164495-64164513(-)	MYT1	targeting		
MYT1#chr20:64164536-64164554(-)	MYT1	targeting		
MYT1#chr20:64164546-64164564(+)	MYT1	targeting		
MYT1L#chr2:2330859-2330877(+)	MYT1L	targeting		
MYT1L#chr2:2331026-2331044(+)	MYT1L	targeting		
MYT1L#chr2:2331196-2331214(+)	MYT1L	targeting		
MYT1L#chr2:2331214-2331232(-)	MYT1L	targeting		
MYT1L#chr2:2331217-2331235(+)	MYT1L	targeting		
MYT1L#chr2:2331319-2331337(+)	MYT1L	targeting		
MZF1#chr19:58573134-58573152(-)	MZF1	targeting		
MZF1#chr19:58573256-58573274(-)	MZF1	targeting		
MZF1#chr19:58573265-58573283(-)	MZF1	targeting		
MZF1#chr19:58573303-58573321(+)	MZF1	targeting		
MZF1#chr19:58573307-58573325(-)	MZF1	targeting		
MZF1#chr19:58573333-58573351(-)	MZF1	targeting		
NACC2#chr9:136095046-136095064(+)	NACC2	targeting	-0.94770306	0.0082890201168503
NACC2#chr9:136095072-136095090(+)	NACC2	targeting	0.42581683	0.4304634704829574
NACC2#chr9:136095235-136095253(-)	NACC2	targeting	-0.5668916	0.2990977764106524
NACC2#chr9:136095242-136095260(+)	NACC2	targeting	-0.11723465	0.7338987398293075
NACC2#chr9:136095277-136095295(-)	NACC2	targeting	-1.4203504	0.0673277639698123
NACC2#chr9:136095291-136095309(-)	NACC2	targeting	-2.0016356	0.0003762313258276
NAIF1#chr9:128067243-128067261(-)	NAIF1	targeting		
NAIF1#chr9:128067253-128067271(-)	NAIF1	targeting		
NAIF1#chr9:128067286-128067304(-)	NAIF1	targeting		
NAIF1#chr9:128067301-128067319(+)	NAIF1	targeting		
NAIF1#chr9:128067307-128067325(-)	NAIF1	targeting		
NAIF1#chr9:128067329-128067347(-)	NAIF1	targeting		
NANOG#chr12:7789786-7789804(-)	NANOG	targeting		
NANOG#chr12:7789847-7789865(-)	NANOG	targeting		
NANOG#chr12:7789867-7789885(-)	NANOG	targeting		
NANOG#chr12:7789883-7789901(+)	NANOG	targeting		
NANOG#chr12:7789901-7789919(-)	NANOG	targeting		
NANOG#chr12:7789912-7789930(+)	NANOG	targeting		
NANOGNB#chr12:7765209-7765227(+)	NANOGNB	targeting		
NANOGNB#chr12:7765224-7765242(-)	NANOGNB	targeting		
NANOGNB#chr12:7765239-7765257(+)	NANOGNB	targeting		
NANOGNB#chr12:7765248-7765266(+)	NANOGNB	targeting		
NANOGNB#chr12:7765253-7765271(-)	NANOGNB	targeting		
NANOGNB#chr12:7765258-7765276(-)	NANOGNB	targeting		
NCL#chr2:231461443-231461461(+)	NCL	targeting	-0.06806259	0.2988420781660863
NCL#chr2:231461500-231461518(-)	NCL	targeting	-0.1260567	0.2300236030620872
NCL#chr2:231461515-231461533(-)	NCL	targeting	-0.12569216	0.2664861781343354
NCL#chr2:231461526-231461544(-)	NCL	targeting	0.029680008	0.7608611305399479
NCL#chr2:231461537-231461555(-)	NCL	targeting	0.039591655	0.7294624390524973
NCL#chr2:231461758-231461776(-)	NCL	targeting	-0.0094317375	0.883486846592373
NCL#chr2:231464232-231464250(-)	NCL	targeting	-0.14773972	0.1058446380267603
NCL#chr2:231464395-231464413(+)	NCL	targeting	-0.08181389	0.2790157508216296
NCL#chr2:231464404-231464422(+)	NCL	targeting	-0.12373668	0.0264932211744062
NCL#chr2:231464426-231464444(+)	NCL	targeting	-0.04360698	0.7732932111208243
NCL#chr2:231464444-231464462(+)	NCL	targeting	-0.067128345	0.5173073720698711
NCL#chr2:231464467-231464485(+)	NCL	targeting	-0.036976423	0.5545862729913271
NCOA1#chr2:24491867-24491885(-)	NCOA1	targeting	0.12730856	0.4612433284509137
NCOA1#chr2:24491881-24491899(+)	NCOA1	targeting	0.039935034	0.7260281965158886
NCOA1#chr2:24491885-24491903(-)	NCOA1	targeting	-0.119060405	0.2364102820424073
NCOA1#chr2:24491894-24491912(+)	NCOA1	targeting	0.018492749	0.9360064780577804
NCOA1#chr2:24491897-24491915(+)	NCOA1	targeting	0.36763847	0.0701256906455059
NCOA1#chr2:24491900-24491918(+)	NCOA1	targeting	0.26309866	0.0055953711417382
NCOA2#chr8:70403589-70403607(+)	NCOA2	targeting	-0.1969708	2.984937395362556e-06
NCOA2#chr8:70403753-70403771(+)	NCOA2	targeting	-0.030811729	0.8236967450980182
NCOA2#chr8:70403757-70403775(-)	NCOA2	targeting	-0.51192564	4.648028262827675e-05
NCOA2#chr8:70403759-70403777(+)	NCOA2	targeting	0.13736223	0.2931052712417027
NCOA2#chr8:70403794-70403812(-)	NCOA2	targeting	0.035972033	0.7693425260585403
NCOA2#chr8:70403813-70403831(-)	NCOA2	targeting	0.014765397	0.9088856634267044
NCOA3#chr20:47501905-47501923(+)	NCOA3	targeting	0.070041835	0.6381912635841958
NCOA3#chr20:47501920-47501938(+)	NCOA3	targeting	0.21508779	0.3449428596085133
NCOA3#chr20:47501923-47501941(+)	NCOA3	targeting	-1.5732417	4.987398255221086e-05
NCOA3#chr20:47501926-47501944(+)	NCOA3	targeting	-1.6103668	6.790219465321263e-09
NCOA3#chr20:47501933-47501951(+)	NCOA3	targeting	-2.0190718	5.5173744611875566e-11
NCOA3#chr20:47502095-47502113(+)	NCOA3	targeting	-0.2689431	0.0220736277843686
NCOA6#chr20:34825344-34825362(-)	NCOA6	targeting	-1.7487956	5.4642223507826926e-08
NCOA6#chr20:34825439-34825457(-)	NCOA6	targeting	-0.08421297	0.8128038486677203
NCOA6#chr20:34825444-34825462(-)	NCOA6	targeting	-1.1846671	7.9163319040723e-07
NCOA6#chr20:34825553-34825571(-)	NCOA6	targeting	-0.22865163	0.6380633213481954
NCOA6#chr20:34825598-34825616(+)	NCOA6	targeting	-2.071906	0.0096367577844545
NCOA6#chr20:34825611-34825629(+)	NCOA6	targeting	-0.30772033	0.2362766142259612
NCOR1#chr17:16215167-16215185(+)	NCOR1	targeting	0.10682549	0.4900791266810681
NCOR1#chr17:16215276-16215294(-)	NCOR1	targeting	-0.30251732	0.2957014659822418
NCOR1#chr17:16215310-16215328(+)	NCOR1	targeting	-1.2762715	1.1850638660047638e-05
NCOR1#chr17:16215343-16215361(+)	NCOR1	targeting	0.39954472	0.0041404704659443
NCOR1#chr17:16215434-16215452(+)	NCOR1	targeting	-0.11044459	0.6203365848885886
NCOR1#chr17:16215514-16215532(-)	NCOR1	targeting	0.15120882	0.0827159552715423
NCOR2#chr12:124495075-124495093(+)	NCOR2	targeting	0.07893332	0.400546332012176
NCOR2#chr12:124495092-124495110(+)	NCOR2	targeting	0.2625056	0.1362371806534677
NCOR2#chr12:124495141-124495159(-)	NCOR2	targeting	0.2393473	0.1887081143045073
NCOR2#chr12:124495232-124495250(+)	NCOR2	targeting	-0.12062936	0.4376314759596507
NCOR2#chr12:124495235-124495253(+)	NCOR2	targeting	-0.03919862	0.7735686532740569
NCOR2#chr12:124495329-124495347(-)	NCOR2	targeting	0.15382496	0.5799136956490472
NCOR2#chr12:124535348-124535366(+)	NCOR2	targeting	0.0744956	0.4480888855398389
NCOR2#chr12:124535360-124535378(-)	NCOR2	targeting	0.13432476	0.4032506648002094
NCOR2#chr12:124535387-124535405(-)	NCOR2	targeting	0.3153091	0.0630278519232106
NCOR2#chr12:124535495-124535513(+)	NCOR2	targeting	-0.42860997	0.4688780035460558
NCOR2#chr12:124535514-124535532(+)	NCOR2	targeting	0.2319154	0.3118995645269102
NCOR2#chr12:124535563-124535581(-)	NCOR2	targeting	-0.13042419	0.8023019483363957
NELFE#chr6:31958538-31958556(-)	NELFE	targeting	0.26588234	0.3007379225008663
NELFE#chr6:31958735-31958753(+)	NELFE	targeting	-0.46456805	0.1018256784806997
NELFE#chr6:31958876-31958894(+)	NELFE	targeting	-0.10154765	0.6757282205978312
NELFE#chr6:31958879-31958897(+)	NELFE	targeting	-0.050151527	0.8451238496450075
NELFE#chr6:31958918-31958936(-)	NELFE	targeting	0.013904817	0.9747223023674154
NELFE#chr6:31958947-31958965(-)	NELFE	targeting	0.008199554	0.9486454456251492
NEUROD1#chr2:181680432-181680450(-)	NEUROD1	targeting		
NEUROD1#chr2:181680473-181680491(-)	NEUROD1	targeting		
NEUROD1#chr2:181680481-181680499(-)	NEUROD1	targeting		
NEUROD1#chr2:181680491-181680509(-)	NEUROD1	targeting		
NEUROD1#chr2:181680496-181680514(-)	NEUROD1	targeting		
NEUROD1#chr2:181680515-181680533(-)	NEUROD1	targeting		
NEUROD2#chr17:39607725-39607743(+)	NEUROD2	targeting		
NEUROD2#chr17:39607843-39607861(+)	NEUROD2	targeting		
NEUROD2#chr17:39607892-39607910(+)	NEUROD2	targeting		
NEUROD2#chr17:39607905-39607923(+)	NEUROD2	targeting		
NEUROD2#chr17:39607938-39607956(+)	NEUROD2	targeting		
NEUROD2#chr17:39607954-39607972(+)	NEUROD2	targeting		
NEUROD4#chr12:55019944-55019962(+)	NEUROD4	targeting		
NEUROD4#chr12:55020004-55020022(+)	NEUROD4	targeting		
NEUROD4#chr12:55020016-55020034(+)	NEUROD4	targeting		
NEUROD4#chr12:55020021-55020039(+)	NEUROD4	targeting		
NEUROD4#chr12:55020024-55020042(+)	NEUROD4	targeting		
NEUROD4#chr12:55020158-55020176(+)	NEUROD4	targeting		
NEUROD6#chr7:31340297-31340315(+)	NEUROD6	targeting		
NEUROD6#chr7:31340474-31340492(+)	NEUROD6	targeting		
NEUROD6#chr7:31340642-31340660(-)	NEUROD6	targeting		
NEUROD6#chr7:31340675-31340693(-)	NEUROD6	targeting		
NEUROD6#chr7:31340740-31340758(-)	NEUROD6	targeting		
NEUROD6#chr7:31340747-31340765(-)	NEUROD6	targeting		
NEUROG1#chr5:135535736-135535754(+)	NEUROG1	targeting		
NEUROG1#chr5:135535750-135535768(+)	NEUROG1	targeting		
NEUROG1#chr5:135535903-135535921(-)	NEUROG1	targeting		
NEUROG1#chr5:135535915-135535933(-)	NEUROG1	targeting		
NEUROG1#chr5:135535942-135535960(+)	NEUROG1	targeting		
NEUROG1#chr5:135536048-135536066(+)	NEUROG1	targeting		
NEUROG2#chr4:112516087-112516105(+)	NEUROG2	targeting		
NEUROG2#chr4:112516356-112516374(-)	NEUROG2	targeting		
NEUROG2#chr4:112516494-112516512(+)	NEUROG2	targeting		
NEUROG2#chr4:112516549-112516567(-)	NEUROG2	targeting		
NEUROG2#chr4:112516552-112516570(-)	NEUROG2	targeting		
NEUROG2#chr4:112516559-112516577(-)	NEUROG2	targeting		
NEUROG3#chr10:69573174-69573192(+)	NEUROG3	targeting		
NEUROG3#chr10:69573184-69573202(-)	NEUROG3	targeting		
NEUROG3#chr10:69573317-69573335(+)	NEUROG3	targeting		
NEUROG3#chr10:69573345-69573363(+)	NEUROG3	targeting		
NEUROG3#chr10:69573370-69573388(-)	NEUROG3	targeting		
NEUROG3#chr10:69573377-69573395(+)	NEUROG3	targeting		
NF1#chr17:31094957-31094975(-)	NF1	targeting	-0.14034547	0.3996403571247832
NF1#chr17:31094976-31094994(+)	NF1	targeting	-0.19080532	0.0529743911988871
NF1#chr17:31094979-31094997(+)	NF1	targeting	-0.18412131	0.1143364674469333
NF1#chr17:31095004-31095022(+)	NF1	targeting	-0.14358774	0.2363205292405849
NF1#chr17:31095366-31095384(+)	NF1	targeting	0.012536425	0.9337033593403758
NF1#chr17:31095413-31095431(+)	NF1	targeting	-0.531547	0.002843040465303
NFAT5#chr16:69565960-69565978(+)	NFAT5	targeting	-0.16243203	0.2324017787839394
NFAT5#chr16:69565963-69565981(+)	NFAT5	targeting	0.05717305	0.6033279467162831
NFAT5#chr16:69566012-69566030(+)	NFAT5	targeting	-0.004695965	0.9649301372234976
NFAT5#chr16:69566063-69566081(-)	NFAT5	targeting	0.024572806	0.8085638380949949
NFAT5#chr16:69566154-69566172(+)	NFAT5	targeting	0.14830993	0.1752368008896097
NFAT5#chr16:69566453-69566471(+)	NFAT5	targeting	0.10496452	0.4793333147192403
NFATC1#chr18:79395945-79395963(+)	NFATC1	targeting	0.015635129	0.95703789805911
NFATC1#chr18:79395948-79395966(+)	NFATC1	targeting	-0.32476935	0.3477799227553314
NFATC1#chr18:79395957-79395975(-)	NFATC1	targeting	-0.4495027	0.0213660300427311
NFATC1#chr18:79395978-79395996(-)	NFATC1	targeting	-0.5641811	0.255959486409004
NFATC1#chr18:79395983-79396001(-)	NFATC1	targeting	0.03122391	0.9006017183443891
NFATC1#chr18:79396137-79396155(+)	NFATC1	targeting	-0.70416486	0.0476774928611437
NFATC1#chr18:79400300-79400318(+)	NFATC1	targeting	-0.4410277	0.3741721131129739
NFATC1#chr18:79400326-79400344(+)	NFATC1	targeting	-0.18529494	0.7002445611157155
NFATC1#chr18:79400329-79400347(+)	NFATC1	targeting	-0.8683885	0.2057325294668087
NFATC1#chr18:79400339-79400357(-)	NFATC1	targeting	-0.80107874	3.750816074990808e-05
NFATC1#chr18:79400379-79400397(+)	NFATC1	targeting	-0.99860084	0.0245973943006775
NFATC1#chr18:79400393-79400411(-)	NFATC1	targeting	-0.34413996	0.0986423658045839
NFATC2#chr20:51542468-51542486(-)	NFATC2	targeting	-0.27229887	0.6812317142307647
NFATC2#chr20:51542485-51542503(-)	NFATC2	targeting	-0.31157586	0.6285263990801611
NFATC2#chr20:51542621-51542639(+)	NFATC2	targeting	-0.882951	0.306180264246686
NFATC2#chr20:51542657-51542675(+)	NFATC2	targeting	-0.035718273	0.9181925933313806
NFATC2#chr20:51542668-51542686(+)	NFATC2	targeting	-0.14558877	0.8040617428487159
NFATC2#chr20:51542705-51542723(+)	NFATC2	targeting	-0.61199504	0.2694111618368479
NFATC2#chr20:51562564-51562582(+)	NFATC2	targeting	-0.26985323	0.6059716146685417
NFATC2#chr20:51562569-51562587(+)	NFATC2	targeting	-0.31532773	0.3955920494363809
NFATC2#chr20:51562603-51562621(-)	NFATC2	targeting	-0.06365313	0.8530865772877539
NFATC2#chr20:51562743-51562761(+)	NFATC2	targeting	0.02403197	0.9567782896217548
NFATC2#chr20:51562799-51562817(+)	NFATC2	targeting	0.19209959	0.5308897982596081
NFATC2#chr20:51562812-51562830(+)	NFATC2	targeting	-0.5816763	0.2609807238900695
NFATC3#chr16:68085437-68085455(+)	NFATC3	targeting	0.04888289	0.8692956269774728
NFATC3#chr16:68085443-68085461(+)	NFATC3	targeting	-0.26532945	0.484841657981889
NFATC3#chr16:68085446-68085464(+)	NFATC3	targeting	-0.13615836	0.5959039326326665
NFATC3#chr16:68085449-68085467(+)	NFATC3	targeting	-0.13299052	0.6619525306169627
NFATC3#chr16:68085453-68085471(+)	NFATC3	targeting	-1.6122798	0.0507704670739344
NFATC3#chr16:68085464-68085482(-)	NFATC3	targeting	-0.41341215	0.0784260466378979
NFATC4#chr14:24368179-24368197(+)	NFATC4	targeting		
NFATC4#chr14:24368190-24368208(+)	NFATC4	targeting		
NFATC4#chr14:24368233-24368251(+)	NFATC4	targeting		
NFATC4#chr14:24368326-24368344(+)	NFATC4	targeting		
NFATC4#chr14:24368347-24368365(+)	NFATC4	targeting		
NFATC4#chr14:24368548-24368566(+)	NFATC4	targeting		
NFE2#chr12:54300748-54300766(-)	NFE2	targeting		
NFE2#chr12:54300792-54300810(-)	NFE2	targeting		
NFE2#chr12:54300803-54300821(-)	NFE2	targeting		
NFE2#chr12:54300981-54300999(+)	NFE2	targeting		
NFE2#chr12:54300995-54301013(-)	NFE2	targeting		
NFE2#chr12:54301023-54301041(-)	NFE2	targeting		
NFE2L1#chr17:48048327-48048345(+)	NFE2L1	targeting	-0.7265661	0.0010932572231623
NFE2L1#chr17:48048364-48048382(+)	NFE2L1	targeting	-1.4167215	0.0214103757179293
NFE2L1#chr17:48048410-48048428(-)	NFE2L1	targeting	-1.0772254	0.068746433694408
NFE2L1#chr17:48048801-48048819(+)	NFE2L1	targeting	-0.35777822	0.3646709035324827
NFE2L1#chr17:48048814-48048832(+)	NFE2L1	targeting	-0.8021356	0.0041830238430062
NFE2L1#chr17:48048858-48048876(-)	NFE2L1	targeting	-0.7756505	0.0110812278282908
NFE2L2#chr2:177262937-177262955(+)	NFE2L2	targeting	-0.1640767	0.3901650847794095
NFE2L2#chr2:177263081-177263099(-)	NFE2L2	targeting	0.023200711	0.9028244804188174
NFE2L2#chr2:177263259-177263277(+)	NFE2L2	targeting	0.21923567	0.0076049011467673
NFE2L2#chr2:177263303-177263321(+)	NFE2L2	targeting	-0.21836944	0.4914421438725076
NFE2L2#chr2:177263406-177263424(-)	NFE2L2	targeting	0.026439525	0.8352655656735064
NFE2L2#chr2:177263473-177263491(-)	NFE2L2	targeting	0.036615424	0.7536235701997566
NFE2L2#chr2:177264304-177264322(-)	NFE2L2	targeting	-0.7856538	0.0171314912808501
NFE2L2#chr2:177264504-177264522(+)	NFE2L2	targeting	-0.03232401	0.8398538796296374
NFE2L2#chr2:177264634-177264652(+)	NFE2L2	targeting	-1.8591871	1.0745827732437767e-08
NFE2L2#chr2:177264708-177264726(+)	NFE2L2	targeting	-1.016632	1.4989426047069654e-16
NFE2L2#chr2:177264713-177264731(-)	NFE2L2	targeting	-1.1992412	0.0003966096637981
NFE2L2#chr2:177264719-177264737(+)	NFE2L2	targeting	-0.13569811	0.5893651072437595
NFE2L3#chr7:26152418-26152436(+)	NFE2L3	targeting	0.22355829	0.7961069374218597
NFE2L3#chr7:26152421-26152439(+)	NFE2L3	targeting	-1.3913898	0.1563142465340902
NFE2L3#chr7:26152425-26152443(-)	NFE2L3	targeting	-1.8269362	0.0932099717886698
NFE2L3#chr7:26152579-26152597(-)	NFE2L3	targeting	-1.6575618	0.0185842738819578
NFE2L3#chr7:26152620-26152638(-)	NFE2L3	targeting	-0.8156719	0.1284006655085635
NFE2L3#chr7:26152801-26152819(-)	NFE2L3	targeting	-2.167291	0.0045315576901425
NFE4#chr7:102973634-102973652(-)	NFE4	targeting		
NFE4#chr7:102973641-102973659(+)	NFE4	targeting		
NFE4#chr7:102973646-102973664(-)	NFE4	targeting		
NFE4#chr7:102973672-102973690(-)	NFE4	targeting		
NFE4#chr7:102973869-102973887(-)	NFE4	targeting		
NFE4#chr7:102973985-102974003(-)	NFE4	targeting		
NFIA#chr1:61082313-61082331(-)	NFIA	targeting	-1.1647209	1.4645963816212506e-06
NFIA#chr1:61082538-61082556(+)	NFIA	targeting	-0.34549826	0.4397980767029972
NFIA#chr1:61082582-61082600(+)	NFIA	targeting	0.1813083	0.7569845701144924
NFIA#chr1:61082606-61082624(+)	NFIA	targeting	-0.18085411	0.4273083788732192
NFIA#chr1:61082808-61082826(+)	NFIA	targeting	-0.6818921	0.0216742607702239
NFIA#chr1:61082817-61082835(-)	NFIA	targeting	-0.2536196	0.4626265948337568
NFIB#chr9:14314037-14314055(+)	NFIB	targeting	-1.3117417	9.059145991095922e-28
NFIB#chr9:14314053-14314071(+)	NFIB	targeting	-1.4634098	2.0944980117189883e-11
NFIB#chr9:14314353-14314371(+)	NFIB	targeting	-0.5658428	0.0050418380484122
NFIB#chr9:14314558-14314576(-)	NFIB	targeting	-0.074403405	0.6067320596887871
NFIB#chr9:14314564-14314582(-)	NFIB	targeting	-0.14403412	0.4369670024675812
NFIB#chr9:14314567-14314585(-)	NFIB	targeting	-0.12264789	0.4561343274974709
NFIC#chr19:3359632-3359650(+)	NFIC	targeting	0.25216663	0.5609611936159229
NFIC#chr19:3359659-3359677(-)	NFIC	targeting	-0.120933846	0.8533913709187625
NFIC#chr19:3359671-3359689(-)	NFIC	targeting	0.6928149	0.0200253058126087
NFIC#chr19:3359684-3359702(-)	NFIC	targeting	-0.31416726	0.5598861483369602
NFIC#chr19:3359697-3359715(-)	NFIC	targeting	0.02052714	0.9383224293519664
NFIC#chr19:3359702-3359720(-)	NFIC	targeting	0.26497278	0.366659400355997
NFIC#chr19:3366629-3366647(-)	NFIC	targeting	-0.24516654	0.6639854596964445
NFIC#chr19:3366634-3366652(-)	NFIC	targeting	-0.4114094	0.5269044023288489
NFIC#chr19:3366660-3366678(-)	NFIC	targeting	0.2066734	0.6096161769821048
NFIC#chr19:3366665-3366683(-)	NFIC	targeting	0.084826894	0.9072790563312452
NFIC#chr19:3366859-3366877(-)	NFIC	targeting	-0.07097947	0.7564976333971848
NFIC#chr19:3366996-3367014(+)	NFIC	targeting	0.09578951	0.7885086610886588
NFIL3#chr9:91423445-91423463(+)	NFIL3	targeting	-0.580909	0.1626534030753135
NFIL3#chr9:91423593-91423611(-)	NFIL3	targeting	0.09649961	0.8241130109631549
NFIL3#chr9:91423642-91423660(-)	NFIL3	targeting	-0.047350865	0.956155330006064
NFIL3#chr9:91423794-91423812(-)	NFIL3	targeting	-0.20561539	0.7290800642886155
NFIL3#chr9:91423809-91423827(-)	NFIL3	targeting	0.33328265	0.3756811644435246
NFIL3#chr9:91423817-91423835(+)	NFIL3	targeting	-0.5395176	0.3895336848201088
NFIX#chr19:12995451-12995469(-)	NFIX	targeting		
NFIX#chr19:12995529-12995547(+)	NFIX	targeting		
NFIX#chr19:12995550-12995568(+)	NFIX	targeting		
NFIX#chr19:12995553-12995571(+)	NFIX	targeting		
NFIX#chr19:12995596-12995614(+)	NFIX	targeting		
NFIX#chr19:12995848-12995866(-)	NFIX	targeting		
NFIX#chr19:13023980-13023998(+)	NFIX	targeting		
NFIX#chr19:13023988-13024006(+)	NFIX	targeting		
NFIX#chr19:13023998-13024016(+)	NFIX	targeting		
NFIX#chr19:13024018-13024036(-)	NFIX	targeting		
NFIX#chr19:13024158-13024176(-)	NFIX	targeting		
NFIX#chr19:13024247-13024265(-)	NFIX	targeting		
NFKB1#chr4:102501359-102501377(+)	NFKB1	targeting	-1.3532662	0.0407236125115655
NFKB1#chr4:102501442-102501460(-)	NFKB1	targeting	-1.6803038	0.0018068552093936
NFKB1#chr4:102501448-102501466(-)	NFKB1	targeting	-2.2554145	0.0029557635936997
NFKB1#chr4:102501476-102501494(-)	NFKB1	targeting	-1.5434169	0.000217508898238
NFKB1#chr4:102501529-102501547(+)	NFKB1	targeting	-0.22670904	0.5345678706132933
NFKB1#chr4:102501532-102501550(+)	NFKB1	targeting	-2.409116	0.0001314735675122
NFKB2#chr10:102395738-102395756(+)	NFKB2	targeting		
NFKB2#chr10:102395756-102395774(-)	NFKB2	targeting		
NFKB2#chr10:102395763-102395781(+)	NFKB2	targeting		
NFKB2#chr10:102395766-102395784(+)	NFKB2	targeting		
NFKB2#chr10:102395773-102395791(-)	NFKB2	targeting		
NFKB2#chr10:102395931-102395949(-)	NFKB2	targeting		
NFKBIA#chr14:35403160-35403178(+)	NFKBIA	targeting	-0.19507071	0.0382962026830094
NFKBIA#chr14:35403163-35403181(+)	NFKBIA	targeting	0.15578659	0.3389479788224939
NFKBIA#chr14:35403190-35403208(+)	NFKBIA	targeting	-0.60286975	0.2241088835472371
NFKBIA#chr14:35403218-35403236(-)	NFKBIA	targeting	0.38578612	0.0150180222520074
NFKBIA#chr14:35403224-35403242(+)	NFKBIA	targeting	-0.6004457	0.0875839366730058
NFKBIA#chr14:35403237-35403255(+)	NFKBIA	targeting	-0.18075746	0.1613639086653808
NFKBIA#chr14:35404413-35404431(-)	NFKBIA	targeting	-1.3399553	2.1368525962259868e-23
NFKBIA#chr14:35404458-35404476(+)	NFKBIA	targeting	-0.024957005	0.8803600426755966
NFKBIA#chr14:35404527-35404545(-)	NFKBIA	targeting	-0.108446136	0.3226404716643508
NFKBIA#chr14:35404550-35404568(-)	NFKBIA	targeting	-0.1705019	0.2569245116340093
NFKBIA#chr14:35404576-35404594(-)	NFKBIA	targeting	-0.42144212	0.0620319007093186
NFKBIA#chr14:35404625-35404643(+)	NFKBIA	targeting	-0.2474656	0.2862814096215647
NFKBIB#chr19:38899974-38899992(+)	NFKBIB	targeting	-0.9326667	0.1554158269477336
NFKBIB#chr19:38899978-38899996(+)	NFKBIB	targeting	-0.8485198	0.2806805207195335
NFKBIB#chr19:38899987-38900005(+)	NFKBIB	targeting	-0.5574618	0.2014903335640942
NFKBIB#chr19:38899990-38900008(+)	NFKBIB	targeting	-0.74492365	0.2860569351973797
NFKBIB#chr19:38900016-38900034(-)	NFKBIB	targeting	0.046274252	0.8281742340102334
NFKBIB#chr19:38900244-38900262(-)	NFKBIB	targeting	-0.63136476	0.2296157877927716
NFKBID#chr19:35898586-35898604(-)	NFKBID	targeting	0.33214185	0.4851064761635224
NFKBID#chr19:35898631-35898649(-)	NFKBID	targeting	-0.9822252	0.0768841966559341
NFKBID#chr19:35898662-35898680(-)	NFKBID	targeting	0.24108799	0.4807348044562226
NFKBID#chr19:35898761-35898779(-)	NFKBID	targeting	-0.16477744	0.6220679312879965
NFKBID#chr19:35898816-35898834(-)	NFKBID	targeting	-0.2863611	0.4744735804621136
NFKBID#chr19:35898921-35898939(+)	NFKBID	targeting	-0.049916986	0.8459617322668206
NFKBID#chr19:35900398-35900416(-)	NFKBID	targeting	-2.164648	0.0019322754630409
NFKBID#chr19:35900455-35900473(-)	NFKBID	targeting	0.0062948167	0.9888461597370042
NFKBID#chr19:35900458-35900476(+)	NFKBID	targeting	-0.060026996	0.9396428670222032
NFKBID#chr19:35900506-35900524(-)	NFKBID	targeting	-0.78456926	0.1662242266226829
NFKBID#chr19:35900531-35900549(-)	NFKBID	targeting	-0.4602927	0.386038206968482
NFKBID#chr19:35900540-35900558(-)	NFKBID	targeting	-1.4662141	0.0113912583553378
NFKBIE#chr6:44265463-44265481(+)	NFKBIE	targeting		
NFKBIE#chr6:44265467-44265485(-)	NFKBIE	targeting		
NFKBIE#chr6:44265473-44265491(+)	NFKBIE	targeting		
NFKBIE#chr6:44265533-44265551(-)	NFKBIE	targeting		
NFKBIE#chr6:44265535-44265553(+)	NFKBIE	targeting		
NFKBIE#chr6:44265542-44265560(-)	NFKBIE	targeting		
NFKBIL1#chr6:31547595-31547613(-)	NFKBIL1	targeting	-0.35050362	0.5397536360372186
NFKBIL1#chr6:31547624-31547642(+)	NFKBIL1	targeting	-0.34667772	0.3573745322346774
NFKBIL1#chr6:31547629-31547647(-)	NFKBIL1	targeting	-0.65312934	0.1599856314291707
NFKBIL1#chr6:31547649-31547667(-)	NFKBIL1	targeting	-0.38309857	0.4721137821495281
NFKBIL1#chr6:31547656-31547674(-)	NFKBIL1	targeting	-0.29063487	0.7337399540021294
NFKBIL1#chr6:31547659-31547677(+)	NFKBIL1	targeting	-2.0096974	0.0355489320013713
NFKBIZ#chr3:101827963-101827981(+)	NFKBIZ	targeting		
NFKBIZ#chr3:101827992-101828010(-)	NFKBIZ	targeting		
NFKBIZ#chr3:101828002-101828020(-)	NFKBIZ	targeting		
NFKBIZ#chr3:101828013-101828031(+)	NFKBIZ	targeting		
NFKBIZ#chr3:101828257-101828275(-)	NFKBIZ	targeting		
NFKBIZ#chr3:101828297-101828315(-)	NFKBIZ	targeting		
NFKBIZ#chr3:101849514-101849532(-)	NFKBIZ	targeting		
NFKBIZ#chr3:101849537-101849555(-)	NFKBIZ	targeting		
NFKBIZ#chr3:101849561-101849579(-)	NFKBIZ	targeting		
NFKBIZ#chr3:101849581-101849599(+)	NFKBIZ	targeting		
NFKBIZ#chr3:101849587-101849605(-)	NFKBIZ	targeting		
NFKBIZ#chr3:101849849-101849867(-)	NFKBIZ	targeting		
NFRKB#chr11:129895173-129895191(+)	NFRKB	targeting	-0.51252824	0.2966391165545018
NFRKB#chr11:129895190-129895208(-)	NFRKB	targeting	-0.31365943	0.5743609039463474
NFRKB#chr11:129895346-129895364(-)	NFRKB	targeting	0.9698116	0.1381753135379775
NFRKB#chr11:129895492-129895510(-)	NFRKB	targeting	-0.32021073	0.6713708012994596
NFRKB#chr11:129895517-129895535(-)	NFRKB	targeting	0.078801565	0.9125068086790202
NFRKB#chr11:129895543-129895561(-)	NFRKB	targeting	-0.085373096	0.6958657014715663
NFX1#chr9:33290489-33290507(+)	NFX1	targeting	-0.08364971	0.7052129425236632
NFX1#chr9:33290537-33290555(+)	NFX1	targeting	-0.8336676	0.0037455908891261
NFX1#chr9:33290545-33290563(+)	NFX1	targeting	-1.189728	0.0001222667527225
NFX1#chr9:33290555-33290573(+)	NFX1	targeting	-1.163109	0.0636611052669261
NFX1#chr9:33290558-33290576(+)	NFX1	targeting	-1.0854424	7.264387068767299e-05
NFX1#chr9:33290577-33290595(+)	NFX1	targeting	-0.08843215	0.8585508341452491
NFXL1#chr4:47914253-47914271(+)	NFXL1	targeting	-1.2079998	0.0092694291155136
NFXL1#chr4:47914262-47914280(+)	NFXL1	targeting	-0.34890825	0.681789205591868
NFXL1#chr4:47914361-47914379(-)	NFXL1	targeting	-0.9839991	1.1499550880135414e-05
NFXL1#chr4:47914511-47914529(+)	NFXL1	targeting	-2.0354328	6.292911108636518e-05
NFXL1#chr4:47914561-47914579(+)	NFXL1	targeting	-1.4627819	0.0217237495933618
NFXL1#chr4:47914573-47914591(+)	NFXL1	targeting	-1.8555208	0.0205487962481607
NFYA#chr6:41072917-41072935(+)	NFYA	targeting		
NFYA#chr6:41072952-41072970(-)	NFYA	targeting		
NFYA#chr6:41072964-41072982(+)	NFYA	targeting		
NFYA#chr6:41073003-41073021(+)	NFYA	targeting		
NFYA#chr6:41073016-41073034(-)	NFYA	targeting		
NFYA#chr6:41073510-41073528(-)	NFYA	targeting		
NFYB#chr12:104137785-104137803(+)	NFYB	targeting	0.175429	0.6150127495247462
NFYB#chr12:104137839-104137857(+)	NFYB	targeting	-0.41648433	0.1714167639453371
NFYB#chr12:104137842-104137860(+)	NFYB	targeting	-0.53958285	0.3949263814590344
NFYB#chr12:104138089-104138107(+)	NFYB	targeting	-0.12391438	0.2276607471573094
NFYB#chr12:104138101-104138119(+)	NFYB	targeting	-0.3509215	0.3215104868654693
NFYB#chr12:104138174-104138192(-)	NFYB	targeting	-0.029547907	0.8679497594358886
NFYC#chr1:40691737-40691755(-)	NFYC	targeting	-0.9636461	0.0395989875459083
NFYC#chr1:40691756-40691774(-)	NFYC	targeting	0.113250144	0.4722788723028165
NFYC#chr1:40691784-40691802(-)	NFYC	targeting	-0.041775238	0.7728128645707912
NFYC#chr1:40691803-40691821(-)	NFYC	targeting	-0.22355664	0.0121658743354104
NFYC#chr1:40691951-40691969(-)	NFYC	targeting	-0.26061425	0.7567330892553278
NFYC#chr1:40692009-40692027(-)	NFYC	targeting	-0.5531124	0.0126344728404937
NHLH1#chr1:160367169-160367187(-)	NHLH1	targeting		
NHLH1#chr1:160367259-160367277(+)	NHLH1	targeting		
NHLH1#chr1:160367297-160367315(-)	NHLH1	targeting		
NHLH1#chr1:160367320-160367338(-)	NHLH1	targeting		
NHLH1#chr1:160367451-160367469(-)	NHLH1	targeting		
NHLH1#chr1:160367579-160367597(-)	NHLH1	targeting		
NHLH2#chr1:115840808-115840826(+)	NHLH2	targeting		
NHLH2#chr1:115841017-115841035(+)	NHLH2	targeting		
NHLH2#chr1:115841040-115841058(+)	NHLH2	targeting		
NHLH2#chr1:115841080-115841098(+)	NHLH2	targeting		
NHLH2#chr1:115841117-115841135(-)	NHLH2	targeting		
NHLH2#chr1:115841124-115841142(-)	NHLH2	targeting		
NHP2#chr5:178153560-178153578(+)	NHP2	targeting	-0.5214457	0.0350256858502008
NHP2#chr5:178153842-178153860(+)	NHP2	targeting	0.36498153	0.6543607081470231
NHP2#chr5:178153856-178153874(+)	NHP2	targeting	-0.5287718	0.1034781970388128
NHP2#chr5:178153868-178153886(-)	NHP2	targeting	-0.63248247	0.2299131858191714
NHP2#chr5:178153916-178153934(-)	NHP2	targeting	-0.4063484	0.3793670840317189
NHP2#chr5:178153980-178153998(+)	NHP2	targeting	0.2510494	0.2067204741643751
NKRF#chrX:119605641-119605659(-)	NKRF	targeting	-1.2184793	1.3142873014419952e-05
NKRF#chrX:119605770-119605788(+)	NKRF	targeting	-0.2350814	0.6502225362843459
NKRF#chrX:119605793-119605811(+)	NKRF	targeting	-0.44608176	0.4946934933114854
NKRF#chrX:119605798-119605816(-)	NKRF	targeting	-0.8687267	0.3116744357332454
NKRF#chrX:119605847-119605865(-)	NKRF	targeting	-1.8523536	0.025567891514344
NKRF#chrX:119605853-119605871(-)	NKRF	targeting	-0.28843418	0.7214236157685554
NKX1-1#chr4:1406252-1406270(+)	NKX1-1	targeting		
NKX1-1#chr4:1406262-1406280(+)	NKX1-1	targeting		
NKX1-1#chr4:1406267-1406285(+)	NKX1-1	targeting		
NKX1-1#chr4:1406289-1406307(+)	NKX1-1	targeting		
NKX1-1#chr4:1406321-1406339(+)	NKX1-1	targeting		
NKX1-1#chr4:1406326-1406344(-)	NKX1-1	targeting		
NKX1-2#chr10:124449538-124449556(-)	NKX1-2	targeting		
NKX1-2#chr10:124449796-124449814(-)	NKX1-2	targeting		
NKX1-2#chr10:124449938-124449956(+)	NKX1-2	targeting		
NKX1-2#chr10:124449991-124450009(+)	NKX1-2	targeting		
NKX1-2#chr10:124450002-124450020(+)	NKX1-2	targeting		
NKX1-2#chr10:124450009-124450027(-)	NKX1-2	targeting		
NKX2-1#chr14:36520163-36520181(+)	NKX2-1	targeting		
NKX2-1#chr14:36520188-36520206(+)	NKX2-1	targeting		
NKX2-1#chr14:36520193-36520211(-)	NKX2-1	targeting		
NKX2-1#chr14:36520201-36520219(-)	NKX2-1	targeting		
NKX2-1#chr14:36520237-36520255(-)	NKX2-1	targeting		
NKX2-1#chr14:36520718-36520736(-)	NKX2-1	targeting		
NKX2-2#chr20:21513964-21513982(+)	NKX2-2	targeting		
NKX2-2#chr20:21513968-21513986(+)	NKX2-2	targeting		
NKX2-2#chr20:21513977-21513995(+)	NKX2-2	targeting		
NKX2-2#chr20:21513992-21514010(+)	NKX2-2	targeting		
NKX2-2#chr20:21513996-21514014(-)	NKX2-2	targeting		
NKX2-2#chr20:21514044-21514062(+)	NKX2-2	targeting		
NKX2-3#chr10:99532950-99532968(+)	NKX2-3	targeting		
NKX2-3#chr10:99532963-99532981(+)	NKX2-3	targeting		
NKX2-3#chr10:99532966-99532984(+)	NKX2-3	targeting		
NKX2-3#chr10:99532979-99532997(+)	NKX2-3	targeting		
NKX2-3#chr10:99532985-99533003(+)	NKX2-3	targeting		
NKX2-3#chr10:99533012-99533030(+)	NKX2-3	targeting		
NKX2-4#chr20:21397174-21397192(-)	NKX2-4	targeting		
NKX2-4#chr20:21397258-21397276(+)	NKX2-4	targeting		
NKX2-4#chr20:21397435-21397453(+)	NKX2-4	targeting		
NKX2-4#chr20:21397489-21397507(+)	NKX2-4	targeting		
NKX2-4#chr20:21397492-21397510(+)	NKX2-4	targeting		
NKX2-4#chr20:21397496-21397514(-)	NKX2-4	targeting		
NKX2-5#chr5:173234977-173234995(+)	NKX2-5	targeting		
NKX2-5#chr5:173235095-173235113(+)	NKX2-5	targeting		
NKX2-5#chr5:173235098-173235116(+)	NKX2-5	targeting		
NKX2-5#chr5:173235108-173235126(+)	NKX2-5	targeting		
NKX2-5#chr5:173235158-173235176(-)	NKX2-5	targeting		
NKX2-5#chr5:173235192-173235210(+)	NKX2-5	targeting		
NKX2-6#chr8:23706141-23706159(+)	NKX2-6	targeting		
NKX2-6#chr8:23706334-23706352(-)	NKX2-6	targeting		
NKX2-6#chr8:23706449-23706467(+)	NKX2-6	targeting		
NKX2-6#chr8:23706503-23706521(+)	NKX2-6	targeting		
NKX2-6#chr8:23706552-23706570(+)	NKX2-6	targeting		
NKX2-6#chr8:23706594-23706612(+)	NKX2-6	targeting		
NKX2-8#chr14:36582330-36582348(+)	NKX2-8	targeting		
NKX2-8#chr14:36582361-36582379(+)	NKX2-8	targeting		
NKX2-8#chr14:36582379-36582397(-)	NKX2-8	targeting		
NKX2-8#chr14:36582552-36582570(-)	NKX2-8	targeting		
NKX2-8#chr14:36582574-36582592(-)	NKX2-8	targeting		
NKX2-8#chr14:36582608-36582626(+)	NKX2-8	targeting		
NKX3-1#chr8:23682459-23682477(+)	NKX3-1	targeting		
NKX3-1#chr8:23682873-23682891(+)	NKX3-1	targeting		
NKX3-1#chr8:23682903-23682921(-)	NKX3-1	targeting		
NKX3-1#chr8:23682906-23682924(-)	NKX3-1	targeting		
NKX3-1#chr8:23682937-23682955(-)	NKX3-1	targeting		
NKX3-1#chr8:23682950-23682968(-)	NKX3-1	targeting		
NKX3-2#chr4:13544781-13544799(-)	NKX3-2	targeting		
NKX3-2#chr4:13544940-13544958(+)	NKX3-2	targeting		
NKX3-2#chr4:13544947-13544965(-)	NKX3-2	targeting		
NKX3-2#chr4:13544982-13545000(-)	NKX3-2	targeting		
NKX3-2#chr4:13545018-13545036(-)	NKX3-2	targeting		
NKX3-2#chr4:13545022-13545040(-)	NKX3-2	targeting		
NKX6-1#chr4:84497571-84497589(+)	NKX6-1	targeting		
NKX6-1#chr4:84497762-84497780(+)	NKX6-1	targeting		
NKX6-1#chr4:84497772-84497790(-)	NKX6-1	targeting		
NKX6-1#chr4:84497831-84497849(+)	NKX6-1	targeting		
NKX6-1#chr4:84498095-84498113(+)	NKX6-1	targeting		
NKX6-1#chr4:84498251-84498269(-)	NKX6-1	targeting		
NKX6-2#chr10:132785746-132785764(-)	NKX6-2	targeting		
NKX6-2#chr10:132785771-132785789(+)	NKX6-2	targeting		
NKX6-2#chr10:132785838-132785856(+)	NKX6-2	targeting		
NKX6-2#chr10:132785885-132785903(-)	NKX6-2	targeting		
NKX6-2#chr10:132785916-132785934(+)	NKX6-2	targeting		
NKX6-2#chr10:132785930-132785948(+)	NKX6-2	targeting		
NKX6-3#chr8:41650618-41650636(-)	NKX6-3	targeting		
NKX6-3#chr8:41650725-41650743(+)	NKX6-3	targeting		
NKX6-3#chr8:41650729-41650747(+)	NKX6-3	targeting		
NKX6-3#chr8:41650735-41650753(-)	NKX6-3	targeting		
NKX6-3#chr8:41650776-41650794(-)	NKX6-3	targeting		
NKX6-3#chr8:41650786-41650804(-)	NKX6-3	targeting		
NME1-NME2#chr17:51166428-51166446(-)	NME1-NME2	targeting		
NME1-NME2#chr17:51166487-51166505(-)	NME1-NME2	targeting		
NME1-NME2#chr17:51166521-51166539(-)	NME1-NME2	targeting		
NME1-NME2#chr17:51166533-51166551(-)	NME1-NME2	targeting		
NME1-NME2#chr17:51166587-51166605(-)	NME1-NME2	targeting		
NME1-NME2#chr17:51166633-51166651(-)	NME1-NME2	targeting		
NMI#chr2:151289396-151289414(+)	NMI	targeting		
NMI#chr2:151289399-151289417(+)	NMI	targeting		
NMI#chr2:151289409-151289427(-)	NMI	targeting		
NMI#chr2:151289587-151289605(-)	NMI	targeting		
NMI#chr2:151289609-151289627(-)	NMI	targeting		
NMI#chr2:151289664-151289682(+)	NMI	targeting		
NOBOX#chr7:144403629-144403647(-)	NOBOX	targeting		
NOBOX#chr7:144403642-144403660(+)	NOBOX	targeting		
NOBOX#chr7:144403649-144403667(+)	NOBOX	targeting		
NOBOX#chr7:144403654-144403672(+)	NOBOX	targeting		
NOBOX#chr7:144403659-144403677(-)	NOBOX	targeting		
NOBOX#chr7:144403693-144403711(-)	NOBOX	targeting		
NOBOX#chr7:144409954-144409972(-)	NOBOX	targeting		
NOBOX#chr7:144410145-144410163(-)	NOBOX	targeting		
NOBOX#chr7:144410167-144410185(-)	NOBOX	targeting		
NOBOX#chr7:144410190-144410208(-)	NOBOX	targeting		
NOBOX#chr7:144410213-144410231(+)	NOBOX	targeting		
NOBOX#chr7:144410227-144410245(-)	NOBOX	targeting		
NOC3L#chr10:94362680-94362698(+)	NOC3L	targeting	-0.42917126	0.4569182577575431
NOC3L#chr10:94362718-94362736(+)	NOC3L	targeting	-0.26565707	0.7905385622340325
NOC3L#chr10:94362886-94362904(+)	NOC3L	targeting	-0.17732291	0.5510556802846567
NOC3L#chr10:94362905-94362923(-)	NOC3L	targeting	-0.06081024	0.9429639769880354
NOC3L#chr10:94362924-94362942(-)	NOC3L	targeting	-0.31461972	0.6700366817192775
NOC3L#chr10:94362931-94362949(-)	NOC3L	targeting	-0.051119246	0.956855952113458
NONO#chrX:71283701-71283719(+)	NONO	targeting	-0.3088758	0.0104444683045159
NONO#chrX:71283795-71283813(+)	NONO	targeting	-0.49238008	1.4091330745769e-16
NONO#chrX:71283843-71283861(-)	NONO	targeting	-0.17663312	0.0265896963162646
NONO#chrX:71284000-71284018(-)	NONO	targeting	-0.6355729	0.0004811231801745
NONO#chrX:71284045-71284063(+)	NONO	targeting	-0.2121583	0.1637729038996397
NONO#chrX:71284055-71284073(+)	NONO	targeting	-0.9557078	1.6888724855336314e-46
NOTCH1#chr9:136523467-136523485(+)	NOTCH1	targeting		
NOTCH1#chr9:136523877-136523895(+)	NOTCH1	targeting		
NOTCH1#chr9:136523881-136523899(-)	NOTCH1	targeting		
NOTCH1#chr9:136523887-136523905(+)	NOTCH1	targeting		
NOTCH1#chr9:136523894-136523912(-)	NOTCH1	targeting		
NOTCH1#chr9:136523901-136523919(+)	NOTCH1	targeting		
NOTCH1#chr9:136545759-136545777(+)	NOTCH1	targeting		
NOTCH1#chr9:136545778-136545796(+)	NOTCH1	targeting		
NOTCH1#chr9:136545901-136545919(-)	NOTCH1	targeting		
NOTCH1#chr9:136546028-136546046(-)	NOTCH1	targeting		
NOTCH1#chr9:136546031-136546049(+)	NOTCH1	targeting		
NOTCH1#chr9:136546044-136546062(+)	NOTCH1	targeting		
NOTO#chr2:73202554-73202572(-)	NOTO	targeting		
NOTO#chr2:73202565-73202583(+)	NOTO	targeting		
NOTO#chr2:73202577-73202595(-)	NOTO	targeting		
NOTO#chr2:73202640-73202658(-)	NOTO	targeting		
NOTO#chr2:73202648-73202666(-)	NOTO	targeting		
NOTO#chr2:73202663-73202681(-)	NOTO	targeting		
NOV#chr8:119416423-119416441(+)	NOV	targeting	0.028066682	0.9192538288516836
NOV#chr8:119416433-119416451(+)	NOV	targeting	-0.53607315	0.3850100792504388
NOV#chr8:119416442-119416460(+)	NOV	targeting	-0.0207773	0.952331515520961
NOV#chr8:119416480-119416498(-)	NOV	targeting	0.06027503	0.7424313406664255
NOV#chr8:119416672-119416690(-)	NOV	targeting	0.18379442	0.4077882184294062
NOV#chr8:119416736-119416754(-)	NOV	targeting	-0.092613086	0.7358102226937904
NPAS1#chr19:47019822-47019840(+)	NPAS1	targeting		
NPAS1#chr19:47019840-47019858(+)	NPAS1	targeting		
NPAS1#chr19:47019867-47019885(-)	NPAS1	targeting		
NPAS1#chr19:47019900-47019918(-)	NPAS1	targeting		
NPAS1#chr19:47020043-47020061(-)	NPAS1	targeting		
NPAS1#chr19:47020156-47020174(+)	NPAS1	targeting		
NPAS2#chr2:100820125-100820143(+)	NPAS2	targeting		
NPAS2#chr2:100820159-100820177(-)	NPAS2	targeting		
NPAS2#chr2:100820170-100820188(+)	NPAS2	targeting		
NPAS2#chr2:100820188-100820206(-)	NPAS2	targeting		
NPAS2#chr2:100820398-100820416(-)	NPAS2	targeting		
NPAS2#chr2:100820611-100820629(-)	NPAS2	targeting		
NPAS3#chr14:32934669-32934687(+)	NPAS3	targeting	0.06392392	0.607656655296858
NPAS3#chr14:32934675-32934693(+)	NPAS3	targeting	-0.039866216	0.860172687477603
NPAS3#chr14:32934687-32934705(+)	NPAS3	targeting	0.42318502	0.0264595299365848
NPAS3#chr14:32934699-32934717(+)	NPAS3	targeting	0.0778647	0.8669030429635818
NPAS3#chr14:32934961-32934979(+)	NPAS3	targeting	0.5674253	0.0866236309019871
NPAS3#chr14:32935129-32935147(-)	NPAS3	targeting	0.4670066	0.2381259947897476
NPAS4#chr11:66420993-66421011(+)	NPAS4	targeting		
NPAS4#chr11:66420996-66421014(+)	NPAS4	targeting		
NPAS4#chr11:66421059-66421077(-)	NPAS4	targeting		
NPAS4#chr11:66421115-66421133(-)	NPAS4	targeting		
NPAS4#chr11:66421174-66421192(-)	NPAS4	targeting		
NPAS4#chr11:66421408-66421426(+)	NPAS4	targeting		
NR0B1#chrX:30308627-30308645(+)	NR0B1	targeting		
NR0B1#chrX:30308630-30308648(+)	NR0B1	targeting		
NR0B1#chrX:30309137-30309155(-)	NR0B1	targeting		
NR0B1#chrX:30309142-30309160(-)	NR0B1	targeting		
NR0B1#chrX:30309338-30309356(-)	NR0B1	targeting		
NR0B1#chrX:30309343-30309361(-)	NR0B1	targeting		
NR0B2#chr1:26913803-26913821(+)	NR0B2	targeting		
NR0B2#chr1:26913869-26913887(+)	NR0B2	targeting		
NR0B2#chr1:26913872-26913890(+)	NR0B2	targeting		
NR0B2#chr1:26913893-26913911(+)	NR0B2	targeting		
NR0B2#chr1:26913908-26913926(+)	NR0B2	targeting		
NR0B2#chr1:26913922-26913940(-)	NR0B2	targeting		
NR1D1#chr17:40100455-40100473(+)	NR1D1	targeting		
NR1D1#chr17:40100485-40100503(+)	NR1D1	targeting		
NR1D1#chr17:40100521-40100539(+)	NR1D1	targeting		
NR1D1#chr17:40100557-40100575(-)	NR1D1	targeting		
NR1D1#chr17:40100604-40100622(-)	NR1D1	targeting		
NR1D1#chr17:40100614-40100632(-)	NR1D1	targeting		
NR1D2#chr3:23945281-23945299(-)	NR1D2	targeting	-1.0407482	0.0077198904107613
NR1D2#chr3:23945303-23945321(-)	NR1D2	targeting	0.17206658	0.6011902978390058
NR1D2#chr3:23945338-23945356(-)	NR1D2	targeting	-0.96781665	0.0425227239129619
NR1D2#chr3:23945341-23945359(-)	NR1D2	targeting	-0.19473018	0.3089892393802479
NR1D2#chr3:23945345-23945363(+)	NR1D2	targeting	-0.055957075	0.7268022675365827
NR1D2#chr3:23945394-23945412(-)	NR1D2	targeting	-0.10517406	0.6217990185370696
NR1H2#chr19:50376443-50376461(-)	NR1H2	targeting	0.2686143	0.4164183735373626
NR1H2#chr19:50376447-50376465(+)	NR1H2	targeting	-0.76793015	0.1334274402791107
NR1H2#chr19:50376468-50376486(+)	NR1H2	targeting	-0.6010071	0.0516909268309107
NR1H2#chr19:50376514-50376532(+)	NR1H2	targeting	-0.11399784	0.6521902374171216
NR1H2#chr19:50376560-50376578(+)	NR1H2	targeting	-0.30911398	0.3977985403791811
NR1H2#chr19:50376685-50376703(-)	NR1H2	targeting	-0.94839835	0.0847725519728863
NR1H3#chr11:47248900-47248918(+)	NR1H3	targeting	-0.61861724	0.2855877035099009
NR1H3#chr11:47248913-47248931(+)	NR1H3	targeting	-1.6143858	0.0011203971221261
NR1H3#chr11:47248928-47248946(+)	NR1H3	targeting	-0.3798026	0.6473392363975738
NR1H3#chr11:47249325-47249343(-)	NR1H3	targeting	0.30953425	0.3637333534189519
NR1H3#chr11:47249344-47249362(-)	NR1H3	targeting	0.01276167	0.9640104368877084
NR1H3#chr11:47249355-47249373(-)	NR1H3	targeting	-0.05281815	0.93004059706904
NR1H3#chr11:47258018-47258036(-)	NR1H3	targeting	-0.15999956	0.7272685255742078
NR1H3#chr11:47258025-47258043(+)	NR1H3	targeting	-0.53014946	0.251432725264088
NR1H3#chr11:47258034-47258052(-)	NR1H3	targeting	-0.18982336	0.6581471893205073
NR1H3#chr11:47258037-47258055(-)	NR1H3	targeting	-0.2877653	0.501846320575488
NR1H3#chr11:47258100-47258118(-)	NR1H3	targeting	0.060219128	0.8357097192508612
NR1H3#chr11:47258104-47258122(-)	NR1H3	targeting	-0.10241877	0.7950724817500242
NR1H4#chr12:100473850-100473868(+)	NR1H4	targeting		
NR1H4#chr12:100473875-100473893(-)	NR1H4	targeting		
NR1H4#chr12:100473878-100473896(-)	NR1H4	targeting		
NR1H4#chr12:100473922-100473940(-)	NR1H4	targeting		
NR1H4#chr12:100473933-100473951(-)	NR1H4	targeting		
NR1H4#chr12:100473976-100473994(+)	NR1H4	targeting		
NR1I2#chr3:119782064-119782082(+)	NR1I2	targeting		
NR1I2#chr3:119782103-119782121(-)	NR1I2	targeting		
NR1I2#chr3:119782175-119782193(+)	NR1I2	targeting		
NR1I2#chr3:119782184-119782202(-)	NR1I2	targeting		
NR1I2#chr3:119782189-119782207(-)	NR1I2	targeting		
NR1I2#chr3:119782246-119782264(+)	NR1I2	targeting		
NR1I3#chr1:161238132-161238150(-)	NR1I3	targeting		
NR1I3#chr1:161238137-161238155(+)	NR1I3	targeting		
NR1I3#chr1:161238151-161238169(-)	NR1I3	targeting		
NR1I3#chr1:161238166-161238184(+)	NR1I3	targeting		
NR1I3#chr1:161238221-161238239(-)	NR1I3	targeting		
NR1I3#chr1:161238247-161238265(+)	NR1I3	targeting		
NR2C1#chr12:95073472-95073490(+)	NR2C1	targeting	-0.25559422	0.4560735180915449
NR2C1#chr12:95073489-95073507(-)	NR2C1	targeting	0.05261568	0.7691069441873281
NR2C1#chr12:95073493-95073511(+)	NR2C1	targeting	-0.37506792	0.0393940514644789
NR2C1#chr12:95073496-95073514(+)	NR2C1	targeting	-0.64955884	0.0398050648305645
NR2C1#chr12:95073609-95073627(+)	NR2C1	targeting	-0.12239139	0.4612250257500253
NR2C1#chr12:95073641-95073659(+)	NR2C1	targeting	-0.18195114	0.4040183107271888
NR2C2#chr3:14947595-14947613(-)	NR2C2	targeting	-0.005817897	0.984419664702614
NR2C2#chr3:14947599-14947617(-)	NR2C2	targeting	-0.30636916	0.3934995910347955
NR2C2#chr3:14947602-14947620(-)	NR2C2	targeting	0.1804316	0.7512100613758673
NR2C2#chr3:14947635-14947653(-)	NR2C2	targeting	0.4025147	0.3557279148357917
NR2C2#chr3:14947849-14947867(+)	NR2C2	targeting	-0.46548343	0.0185245347252018
NR2C2#chr3:14947876-14947894(-)	NR2C2	targeting	-0.030735906	0.781015330489248
NR2E1#chr6:108166052-108166070(+)	NR2E1	targeting		
NR2E1#chr6:108166087-108166105(+)	NR2E1	targeting		
NR2E1#chr6:108166163-108166181(-)	NR2E1	targeting		
NR2E1#chr6:108166174-108166192(-)	NR2E1	targeting		
NR2E1#chr6:108166283-108166301(+)	NR2E1	targeting		
NR2E1#chr6:108166546-108166564(+)	NR2E1	targeting		
NR2E3#chr15:71810585-71810603(+)	NR2E3	targeting		
NR2E3#chr15:71810726-71810744(+)	NR2E3	targeting		
NR2E3#chr15:71810762-71810780(+)	NR2E3	targeting		
NR2E3#chr15:71810811-71810829(+)	NR2E3	targeting		
NR2E3#chr15:71810841-71810859(+)	NR2E3	targeting		
NR2E3#chr15:71811391-71811409(+)	NR2E3	targeting		
NR2F1#chr5:93583202-93583220(+)	NR2F1	targeting		
NR2F1#chr5:93583216-93583234(-)	NR2F1	targeting		
NR2F1#chr5:93583219-93583237(-)	NR2F1	targeting		
NR2F1#chr5:93583245-93583263(-)	NR2F1	targeting		
NR2F1#chr5:93583479-93583497(-)	NR2F1	targeting		
NR2F1#chr5:93583564-93583582(-)	NR2F1	targeting		
NR2F2#chr15:96330679-96330697(+)	NR2F2	targeting		
NR2F2#chr15:96330872-96330890(-)	NR2F2	targeting		
NR2F2#chr15:96330935-96330953(-)	NR2F2	targeting		
NR2F2#chr15:96331089-96331107(+)	NR2F2	targeting		
NR2F2#chr15:96331113-96331131(+)	NR2F2	targeting		
NR2F2#chr15:96331130-96331148(+)	NR2F2	targeting		
NR2F6#chr19:17245077-17245095(-)	NR2F6	targeting	0.06654536	0.6298314857469252
NR2F6#chr19:17245174-17245192(-)	NR2F6	targeting	0.047095504	0.6454425415571539
NR2F6#chr19:17245204-17245222(-)	NR2F6	targeting	0.1861957	0.4655345675952559
NR2F6#chr19:17245854-17245872(-)	NR2F6	targeting	-0.13416618	0.480166689164368
NR2F6#chr19:17245903-17245921(-)	NR2F6	targeting	0.14210306	0.3173120078157846
NR2F6#chr19:17245916-17245934(-)	NR2F6	targeting	0.19864932	0.1420390755216393
NR3C1#chr5:143403435-143403453(+)	NR3C1	targeting	-0.26434433	0.2106119295716247
NR3C1#chr5:143403522-143403540(-)	NR3C1	targeting	-0.20674154	0.2739495073048972
NR3C1#chr5:143403612-143403630(+)	NR3C1	targeting	-0.1476981	0.2516817510593872
NR3C1#chr5:143403626-143403644(+)	NR3C1	targeting	1.0897421	0.0720022538883239
NR3C1#chr5:143403647-143403665(+)	NR3C1	targeting	0.059488896	0.7921852268385126
NR3C1#chr5:143404087-143404105(-)	NR3C1	targeting	-1.9652654	7.929594645707523e-09
NR3C2#chr4:148442046-148442064(-)	NR3C2	targeting		
NR3C2#chr4:148442060-148442078(-)	NR3C2	targeting		
NR3C2#chr4:148442152-148442170(-)	NR3C2	targeting		
NR3C2#chr4:148442179-148442197(-)	NR3C2	targeting		
NR3C2#chr4:148442303-148442321(+)	NR3C2	targeting		
NR3C2#chr4:148442322-148442340(-)	NR3C2	targeting		
NR4A1#chr12:52051450-52051468(+)	NR4A1	targeting		
NR4A1#chr12:52051453-52051471(+)	NR4A1	targeting		
NR4A1#chr12:52051473-52051491(+)	NR4A1	targeting		
NR4A1#chr12:52051486-52051504(+)	NR4A1	targeting		
NR4A1#chr12:52051493-52051511(+)	NR4A1	targeting		
NR4A1#chr12:52051657-52051675(+)	NR4A1	targeting		
NR4A2#chr2:156332660-156332678(+)	NR4A2	targeting		
NR4A2#chr2:156332665-156332683(+)	NR4A2	targeting		
NR4A2#chr2:156332677-156332695(-)	NR4A2	targeting		
NR4A2#chr2:156332696-156332714(-)	NR4A2	targeting		
NR4A2#chr2:156332707-156332725(-)	NR4A2	targeting		
NR4A2#chr2:156332731-156332749(-)	NR4A2	targeting		
NR4A2#chr2:156341981-156341999(-)	NR4A2	targeting		
NR4A2#chr2:156342014-156342032(-)	NR4A2	targeting		
NR4A2#chr2:156342017-156342035(-)	NR4A2	targeting		
NR4A2#chr2:156342198-156342216(+)	NR4A2	targeting		
NR4A2#chr2:156342317-156342335(+)	NR4A2	targeting		
NR4A2#chr2:156342419-156342437(-)	NR4A2	targeting		
NR4A3#chr9:99821952-99821970(-)	NR4A3	targeting		
NR4A3#chr9:99822046-99822064(-)	NR4A3	targeting		
NR4A3#chr9:99822069-99822087(-)	NR4A3	targeting		
NR4A3#chr9:99822076-99822094(-)	NR4A3	targeting		
NR4A3#chr9:99822185-99822203(-)	NR4A3	targeting		
NR4A3#chr9:99822206-99822224(+)	NR4A3	targeting		
NR5A1#chr9:124507318-124507336(+)	NR5A1	targeting		
NR5A1#chr9:124507328-124507346(+)	NR5A1	targeting		
NR5A1#chr9:124507357-124507375(+)	NR5A1	targeting		
NR5A1#chr9:124507361-124507379(+)	NR5A1	targeting		
NR5A1#chr9:124507405-124507423(-)	NR5A1	targeting		
NR5A1#chr9:124507436-124507454(-)	NR5A1	targeting		
NR5A2#chr1:200027620-200027638(+)	NR5A2	targeting	0.074487746	0.8454542432332036
NR5A2#chr1:200027822-200027840(-)	NR5A2	targeting	-0.10548229	0.8665775600676544
NR5A2#chr1:200027833-200027851(-)	NR5A2	targeting	0.5511454	0.1535924132872098
NR5A2#chr1:200027891-200027909(+)	NR5A2	targeting	0.18658487	0.7200231047469253
NR5A2#chr1:200027899-200027917(+)	NR5A2	targeting	-0.18432443	0.6807287057190958
NR5A2#chr1:200027908-200027926(-)	NR5A2	targeting	0.042065255	0.9170227570157036
NR5A2#chr1:200039585-200039603(+)	NR5A2	targeting	-0.45807105	0.3197352194302006
NR5A2#chr1:200039613-200039631(-)	NR5A2	targeting	-0.45605814	0.3121989648407382
NR5A2#chr1:200039630-200039648(-)	NR5A2	targeting	0.34927586	0.3988800820226053
NR5A2#chr1:200039661-200039679(+)	NR5A2	targeting	-0.1139364	0.7616738280805838
NR5A2#chr1:200039672-200039690(-)	NR5A2	targeting	0.030641235	0.9499521752492316
NR5A2#chr1:200039700-200039718(-)	NR5A2	targeting	-0.7307571	0.4238324958755631
NR6A1#chr9:124771088-124771106(-)	NR6A1	targeting	-0.0021752992	0.9671362594710338
NR6A1#chr9:124771091-124771109(-)	NR6A1	targeting	-0.083277	0.107042233080921
NR6A1#chr9:124771230-124771248(+)	NR6A1	targeting	-0.07364596	0.4905408676183352
NR6A1#chr9:124771245-124771263(+)	NR6A1	targeting	0.26537487	0.272372909821827
NR6A1#chr9:124771323-124771341(-)	NR6A1	targeting	-0.1435516	0.2526741461128317
NR6A1#chr9:124771328-124771346(-)	NR6A1	targeting	0.05453125	0.4828970745548583
NRF1#chr7:129611731-129611749(+)	NRF1	targeting	0.31320596	0.4176330540698678
NRF1#chr7:129611772-129611790(+)	NRF1	targeting	-1.0030704	0.1764826097684928
NRF1#chr7:129611785-129611803(+)	NRF1	targeting	-0.2137449	0.2823526639061874
NRF1#chr7:129611835-129611853(-)	NRF1	targeting	-0.2104062	0.1438127291796897
NRF1#chr7:129612079-129612097(-)	NRF1	targeting	-0.040650424	0.8103151752283201
NRF1#chr7:129612091-129612109(-)	NRF1	targeting	-0.3005103	0.1484842495733069
NRL#chr14:24084376-24084394(+)	NRL	targeting		
NRL#chr14:24084380-24084398(+)	NRL	targeting		
NRL#chr14:24084401-24084419(+)	NRL	targeting		
NRL#chr14:24084408-24084426(+)	NRL	targeting		
NRL#chr14:24084576-24084594(+)	NRL	targeting		
NRL#chr14:24084634-24084652(+)	NRL	targeting		
NRL#chr14:24114692-24114710(-)	NRL	targeting		
NRL#chr14:24114844-24114862(+)	NRL	targeting		
NRL#chr14:24114865-24114883(+)	NRL	targeting		
NRL#chr14:24114920-24114938(-)	NRL	targeting		
NRL#chr14:24114922-24114940(+)	NRL	targeting		
NRL#chr14:24114954-24114972(-)	NRL	targeting		
OLIG1#chr21:33070145-33070163(-)	OLIG1	targeting		
OLIG1#chr21:33070183-33070201(+)	OLIG1	targeting		
OLIG1#chr21:33070188-33070206(-)	OLIG1	targeting		
OLIG1#chr21:33070200-33070218(-)	OLIG1	targeting		
OLIG1#chr21:33070342-33070360(-)	OLIG1	targeting		
OLIG1#chr21:33070500-33070518(+)	OLIG1	targeting		
OLIG2#chr21:33025910-33025928(+)	OLIG2	targeting		
OLIG2#chr21:33025951-33025969(+)	OLIG2	targeting		
OLIG2#chr21:33025971-33025989(+)	OLIG2	targeting		
OLIG2#chr21:33025978-33025996(-)	OLIG2	targeting		
OLIG2#chr21:33025987-33026005(-)	OLIG2	targeting		
OLIG2#chr21:33026180-33026198(-)	OLIG2	targeting		
OLIG3#chr6:137493996-137494014(+)	OLIG3	targeting		
OLIG3#chr6:137494180-137494198(+)	OLIG3	targeting		
OLIG3#chr6:137494184-137494202(+)	OLIG3	targeting		
OLIG3#chr6:137494194-137494212(+)	OLIG3	targeting		
OLIG3#chr6:137494337-137494355(-)	OLIG3	targeting		
OLIG3#chr6:137494343-137494361(-)	OLIG3	targeting		
ONECUT1#chr15:52790001-52790019(-)	ONECUT1	targeting		
ONECUT1#chr15:52790278-52790296(-)	ONECUT1	targeting		
ONECUT1#chr15:52790302-52790320(+)	ONECUT1	targeting		
ONECUT1#chr15:52790311-52790329(-)	ONECUT1	targeting		
ONECUT1#chr15:52790321-52790339(-)	ONECUT1	targeting		
ONECUT1#chr15:52790353-52790371(-)	ONECUT1	targeting		
ONECUT2#chr18:57435363-57435381(-)	ONECUT2	targeting	-0.86619586	0.0471266316939123
ONECUT2#chr18:57435398-57435416(+)	ONECUT2	targeting	-1.780061	0.0301663783738024
ONECUT2#chr18:57435404-57435422(-)	ONECUT2	targeting	-1.3735797	0.001353858916755
ONECUT2#chr18:57435421-57435439(+)	ONECUT2	targeting	-0.89918774	0.1269971623174819
ONECUT2#chr18:57435425-57435443(-)	ONECUT2	targeting	-1.0693433	0.114803095945002
ONECUT2#chr18:57435730-57435748(-)	ONECUT2	targeting	-1.4050896	0.0002398382248037
ONECUT3#chr19:1753571-1753589(+)	ONECUT3	targeting		
ONECUT3#chr19:1753578-1753596(-)	ONECUT3	targeting		
ONECUT3#chr19:1753585-1753603(+)	ONECUT3	targeting		
ONECUT3#chr19:1753600-1753618(+)	ONECUT3	targeting		
ONECUT3#chr19:1753610-1753628(-)	ONECUT3	targeting		
ONECUT3#chr19:1753751-1753769(+)	ONECUT3	targeting		
OSR1#chr2:19358516-19358534(-)	OSR1	targeting		
OSR1#chr2:19358533-19358551(+)	OSR1	targeting		
OSR1#chr2:19358560-19358578(-)	OSR1	targeting		
OSR1#chr2:19358579-19358597(+)	OSR1	targeting		
OSR1#chr2:19358584-19358602(+)	OSR1	targeting		
OSR1#chr2:19358598-19358616(-)	OSR1	targeting		
OSR2#chr8:98944419-98944437(+)	OSR2	targeting		
OSR2#chr8:98944475-98944493(+)	OSR2	targeting		
OSR2#chr8:98944513-98944531(+)	OSR2	targeting		
OSR2#chr8:98944525-98944543(-)	OSR2	targeting		
OSR2#chr8:98944529-98944547(-)	OSR2	targeting		
OSR2#chr8:98944803-98944821(-)	OSR2	targeting		
OTP#chr5:77638317-77638335(-)	OTP	targeting		
OTP#chr5:77638428-77638446(+)	OTP	targeting		
OTP#chr5:77638492-77638510(-)	OTP	targeting		
OTP#chr5:77638511-77638529(+)	OTP	targeting		
OTP#chr5:77638545-77638563(+)	OTP	targeting		
OTP#chr5:77638675-77638693(+)	OTP	targeting		
OTX1#chr2:63050796-63050814(+)	OTX1	targeting		
OTX1#chr2:63050807-63050825(+)	OTX1	targeting		
OTX1#chr2:63050865-63050883(-)	OTX1	targeting		
OTX1#chr2:63050877-63050895(+)	OTX1	targeting		
OTX1#chr2:63050888-63050906(-)	OTX1	targeting		
OTX1#chr2:63050962-63050980(-)	OTX1	targeting		
OTX2#chr14:56810257-56810275(-)	OTX2	targeting	0.06865675	0.7454526462857225
OTX2#chr14:56810367-56810385(+)	OTX2	targeting	0.15382905	0.2848252685869678
OTX2#chr14:56810377-56810395(+)	OTX2	targeting	0.1886321	0.3469508145012527
OTX2#chr14:56810423-56810441(+)	OTX2	targeting	0.11505003	0.5743778456445165
OTX2#chr14:56810449-56810467(+)	OTX2	targeting	-0.08628205	0.6959599733460177
OTX2#chr14:56810456-56810474(-)	OTX2	targeting	0.15532719	0.5257873290082267
OVOL1#chr11:65787089-65787107(+)	OVOL1	targeting		
OVOL1#chr11:65787140-65787158(-)	OVOL1	targeting		
OVOL1#chr11:65787144-65787162(-)	OVOL1	targeting		
OVOL1#chr11:65787157-65787175(-)	OVOL1	targeting		
OVOL1#chr11:65787256-65787274(-)	OVOL1	targeting		
OVOL1#chr11:65787296-65787314(+)	OVOL1	targeting		
OVOL2#chr20:18057670-18057688(+)	OVOL2	targeting	-1.4317962	1.715699634884347e-08
OVOL2#chr20:18057679-18057697(+)	OVOL2	targeting	-1.208721	5.7092133901393135e-05
OVOL2#chr20:18057811-18057829(+)	OVOL2	targeting	-0.067614734	0.7796509835256789
OVOL2#chr20:18057823-18057841(-)	OVOL2	targeting	-0.29752854	0.5815551011278215
OVOL2#chr20:18057841-18057859(-)	OVOL2	targeting	0.7440693	0.1225482438380832
OVOL2#chr20:18057852-18057870(+)	OVOL2	targeting	-0.11378696	0.7231547483612943
OVOL3#chr19:36111180-36111198(+)	OVOL3	targeting		
OVOL3#chr19:36111211-36111229(+)	OVOL3	targeting		
OVOL3#chr19:36111234-36111252(+)	OVOL3	targeting		
OVOL3#chr19:36111248-36111266(-)	OVOL3	targeting		
OVOL3#chr19:36111277-36111295(-)	OVOL3	targeting		
OVOL3#chr19:36111652-36111670(-)	OVOL3	targeting		
OXSR1#chr3:38165607-38165625(+)	OXSR1	targeting	-0.019912744	0.9146981789017076
OXSR1#chr3:38165614-38165632(+)	OXSR1	targeting	-0.6342867	0.0022783775364687
OXSR1#chr3:38165642-38165660(+)	OXSR1	targeting	-1.8194402	8.605237251110729e-07
OXSR1#chr3:38165654-38165672(-)	OXSR1	targeting	-0.29479814	0.1102098929524161
OXSR1#chr3:38165728-38165746(+)	OXSR1	targeting	-0.6217204	0.0082774916153159
OXSR1#chr3:38165872-38165890(-)	OXSR1	targeting	-1.7121806	3.9694186180166917e-20
PA2G4#chr12:56104508-56104526(+)	PA2G4	targeting	-0.8324197	0.0009289300707117
PA2G4#chr12:56104525-56104543(-)	PA2G4	targeting	0.2340639	0.3255160511659848
PA2G4#chr12:56104948-56104966(-)	PA2G4	targeting	-0.4486145	0.1565986991494757
PA2G4#chr12:56104975-56104993(-)	PA2G4	targeting	-0.046607647	0.7780056900200816
PA2G4#chr12:56105004-56105022(+)	PA2G4	targeting	0.214361	0.3565857533821924
PA2G4#chr12:56105014-56105032(+)	PA2G4	targeting	-0.1616753	0.4210035191935734
PARP1#chr1:226407640-226407658(+)	PARP1	targeting	-1.4542509	3.333744276389739e-06
PARP1#chr1:226407971-226407989(-)	PARP1	targeting	-1.4980206	1.1201105284389833e-33
PARP1#chr1:226408000-226408018(-)	PARP1	targeting	-0.7716913	1.0124538375254836e-10
PARP1#chr1:226408005-226408023(+)	PARP1	targeting	-0.17535447	0.1659798669399224
PARP1#chr1:226408047-226408065(-)	PARP1	targeting	-0.412149	0.2228400415823688
PARP1#chr1:226408074-226408092(-)	PARP1	targeting	-2.0972667	0.0181958219090041
PATZ1#chr22:31343112-31343130(-)	PATZ1	targeting		
PATZ1#chr22:31343234-31343252(+)	PATZ1	targeting		
PATZ1#chr22:31343237-31343255(+)	PATZ1	targeting		
PATZ1#chr22:31343240-31343258(+)	PATZ1	targeting		
PATZ1#chr22:31343297-31343315(-)	PATZ1	targeting		
PATZ1#chr22:31343302-31343320(-)	PATZ1	targeting		
PATZ1#chr22:31345964-31345982(+)	PATZ1	targeting		
PATZ1#chr22:31346083-31346101(-)	PATZ1	targeting		
PATZ1#chr22:31346117-31346135(+)	PATZ1	targeting		
PATZ1#chr22:31346264-31346282(-)	PATZ1	targeting		
PATZ1#chr22:31346313-31346331(+)	PATZ1	targeting		
PATZ1#chr22:31346321-31346339(-)	PATZ1	targeting		
PAWR#chr12:79690271-79690289(+)	PAWR	targeting	-0.15545963	0.3653390105732529
PAWR#chr12:79690444-79690462(+)	PAWR	targeting	-0.123394154	0.5491851400628767
PAWR#chr12:79690475-79690493(-)	PAWR	targeting	-0.040095408	0.7703376690639709
PAWR#chr12:79690496-79690514(-)	PAWR	targeting	0.13412498	0.6324419902121954
PAWR#chr12:79690521-79690539(-)	PAWR	targeting	-0.19917025	0.2677803096107576
PAWR#chr12:79690660-79690678(+)	PAWR	targeting	-0.35749167	0.0103270483951048
PAX1#chr20:21705708-21705726(+)	PAX1	targeting		
PAX1#chr20:21705714-21705732(+)	PAX1	targeting		
PAX1#chr20:21705739-21705757(+)	PAX1	targeting		
PAX1#chr20:21705883-21705901(-)	PAX1	targeting		
PAX1#chr20:21706083-21706101(+)	PAX1	targeting		
PAX1#chr20:21706128-21706146(-)	PAX1	targeting		
PAX2#chr10:100745594-100745612(-)	PAX2	targeting	0.18817443	0.4713846509049125
PAX2#chr10:100745602-100745620(+)	PAX2	targeting	-1.1048006	0.04339357506768
PAX2#chr10:100745610-100745628(-)	PAX2	targeting	-0.8059298	0.0394098749629556
PAX2#chr10:100745793-100745811(+)	PAX2	targeting	-0.41929558	0.0062470953007196
PAX2#chr10:100746019-100746037(+)	PAX2	targeting	-0.3667257	0.0905246629544503
PAX2#chr10:100746074-100746092(+)	PAX2	targeting	-0.33138433	0.6610758087855373
PAX3#chr2:222298570-222298588(+)	PAX3	targeting		
PAX3#chr2:222298648-222298666(+)	PAX3	targeting		
PAX3#chr2:222298737-222298755(+)	PAX3	targeting		
PAX3#chr2:222298891-222298909(+)	PAX3	targeting		
PAX3#chr2:222298918-222298936(+)	PAX3	targeting		
PAX3#chr2:222298979-222298997(-)	PAX3	targeting		
PAX4#chr7:127615452-127615470(-)	PAX4	targeting		
PAX4#chr7:127615506-127615524(-)	PAX4	targeting		
PAX4#chr7:127615630-127615648(-)	PAX4	targeting		
PAX4#chr7:127615633-127615651(-)	PAX4	targeting		
PAX4#chr7:127615648-127615666(-)	PAX4	targeting		
PAX4#chr7:127615671-127615689(-)	PAX4	targeting		
PAX5#chr9:37033984-37034002(-)	PAX5	targeting		
PAX5#chr9:37034365-37034383(+)	PAX5	targeting		
PAX5#chr9:37034369-37034387(+)	PAX5	targeting		
PAX5#chr9:37034422-37034440(-)	PAX5	targeting		
PAX5#chr9:37034436-37034454(+)	PAX5	targeting		
PAX5#chr9:37034446-37034464(-)	PAX5	targeting		
PAX6#chr11:31810704-31810722(-)	PAX6	targeting	0.1104773	0.5370699809286636
PAX6#chr11:31810707-31810725(+)	PAX6	targeting	0.16305369	0.5544309576652757
PAX6#chr11:31810830-31810848(-)	PAX6	targeting	-0.33596328	0.07585066321271
PAX6#chr11:31811066-31811084(+)	PAX6	targeting	-0.37824497	0.3066174299456332
PAX6#chr11:31811071-31811089(+)	PAX6	targeting	0.37322557	0.1924052804212907
PAX6#chr11:31811302-31811320(-)	PAX6	targeting	-0.2620974	0.4131191472560562
PAX7#chr1:18630918-18630936(-)	PAX7	targeting	-0.98511523	0.2759917581683593
PAX7#chr1:18630926-18630944(-)	PAX7	targeting	-0.78372914	0.1187088284274566
PAX7#chr1:18630935-18630953(-)	PAX7	targeting	-0.28037712	0.5739376095384096
PAX7#chr1:18630939-18630957(+)	PAX7	targeting	-1.5398183	0.042603985002621
PAX7#chr1:18631120-18631138(-)	PAX7	targeting	-1.0428095	0.0183285647784942
PAX7#chr1:18631249-18631267(-)	PAX7	targeting	-1.1298741	0.1490426582896599
PAX9#chr14:36657577-36657595(+)	PAX9	targeting		
PAX9#chr14:36657602-36657620(+)	PAX9	targeting		
PAX9#chr14:36657623-36657641(+)	PAX9	targeting		
PAX9#chr14:36657639-36657657(-)	PAX9	targeting		
PAX9#chr14:36657650-36657668(-)	PAX9	targeting		
PAX9#chr14:36657836-36657854(-)	PAX9	targeting		
PAX9#chr14:36661870-36661888(-)	PAX9	targeting		
PAX9#chr14:36661897-36661915(+)	PAX9	targeting		
PAX9#chr14:36662072-36662090(+)	PAX9	targeting		
PAX9#chr14:36662111-36662129(+)	PAX9	targeting		
PAX9#chr14:36662114-36662132(+)	PAX9	targeting		
PAX9#chr14:36662280-36662298(+)	PAX9	targeting		
PAXBP1#chr21:32771283-32771301(+)	PAXBP1	targeting	-0.6267051	0.0133018462561821
PAXBP1#chr21:32771371-32771389(-)	PAXBP1	targeting	-0.072399445	0.2256189878622036
PAXBP1#chr21:32771560-32771578(+)	PAXBP1	targeting	-0.5917725	0.1648273293468633
PAXBP1#chr21:32771651-32771669(-)	PAXBP1	targeting	-0.17245431	0.8099692595094458
PAXBP1#chr21:32771655-32771673(+)	PAXBP1	targeting	-0.22153577	0.5489977029215496
PAXBP1#chr21:32771757-32771775(-)	PAXBP1	targeting	-0.4923249	0.0179989972284504
PBRM1#chr3:52685525-52685543(-)	PBRM1	targeting	-0.26948708	0.0861078887424964
PBRM1#chr3:52685565-52685583(+)	PBRM1	targeting	-0.18343179	0.1237510033925741
PBRM1#chr3:52685850-52685868(-)	PBRM1	targeting	-0.21634579	0.1333805656281562
PBRM1#chr3:52685856-52685874(-)	PBRM1	targeting	-0.9118973	0.0005795991673616
PBRM1#chr3:52685886-52685904(-)	PBRM1	targeting	-0.0068447515	0.950688687054792
PBRM1#chr3:52685892-52685910(-)	PBRM1	targeting	-0.33075914	0.0068290736873154
PBX1#chr1:164559214-164559232(+)	PBX1	targeting	-0.18514472	0.1553337983277974
PBX1#chr1:164559248-164559266(-)	PBX1	targeting	-1.6372461	4.386599650638434e-16
PBX1#chr1:164559263-164559281(-)	PBX1	targeting	-0.4423508	0.0001984178729091
PBX1#chr1:164559303-164559321(-)	PBX1	targeting	-1.6670023	7.701430896988574e-36
PBX1#chr1:164559306-164559324(-)	PBX1	targeting	-0.7054961	5.799442924767422e-09
PBX1#chr1:164559435-164559453(-)	PBX1	targeting	-0.18565531	0.0108805954365955
PBX2#chr6:32189804-32189822(+)	PBX2	targeting	-0.9361006	0.0185160881106491
PBX2#chr6:32189815-32189833(-)	PBX2	targeting	-0.85539937	0.0686526983576006
PBX2#chr6:32189981-32189999(-)	PBX2	targeting	-1.4230789	0.0389647655582414
PBX2#chr6:32189985-32190003(-)	PBX2	targeting	-0.9461456	0.02200951961605
PBX2#chr6:32190150-32190168(+)	PBX2	targeting	-2.131973	8.843093167385167e-05
PBX2#chr6:32190164-32190182(-)	PBX2	targeting	-2.0529258	0.0007420957899505
PBX3#chr9:125747450-125747468(+)	PBX3	targeting	-0.2248505	0.2533379966651516
PBX3#chr9:125747466-125747484(+)	PBX3	targeting	-0.50640327	0.0154450072032542
PBX3#chr9:125747472-125747490(+)	PBX3	targeting	-0.0036881415	0.9622628907301586
PBX3#chr9:125747481-125747499(+)	PBX3	targeting	0.103227556	0.6205414292022822
PBX3#chr9:125747491-125747509(-)	PBX3	targeting	-0.79062986	0.0077768456850748
PBX3#chr9:125747503-125747521(+)	PBX3	targeting	-0.13089438	0.4027718218891399
PBX4#chr19:19618419-19618437(-)	PBX4	targeting	-1.0565271	0.1187927200093087
PBX4#chr19:19618461-19618479(-)	PBX4	targeting	-0.9649795	0.1806865524718284
PBX4#chr19:19618473-19618491(-)	PBX4	targeting	-1.3204588	0.0111031712810397
PBX4#chr19:19618666-19618684(-)	PBX4	targeting	-1.7185801	0.0111236663868154
PBX4#chr19:19618674-19618692(-)	PBX4	targeting	-0.28760567	0.7018783485044509
PBX4#chr19:19618701-19618719(-)	PBX4	targeting	-0.36496463	0.61880313313146
PCGF2#chr17:38748035-38748053(+)	PCGF2	targeting		
PCGF2#chr17:38748087-38748105(+)	PCGF2	targeting		
PCGF2#chr17:38748269-38748287(+)	PCGF2	targeting		
PCGF2#chr17:38748276-38748294(-)	PCGF2	targeting		
PCGF2#chr17:38748293-38748311(+)	PCGF2	targeting		
PCGF2#chr17:38748302-38748320(+)	PCGF2	targeting		
PCGF2#chr17:38749713-38749731(+)	PCGF2	targeting		
PCGF2#chr17:38749731-38749749(-)	PCGF2	targeting		
PCGF2#chr17:38749745-38749763(+)	PCGF2	targeting		
PCGF2#chr17:38749750-38749768(-)	PCGF2	targeting		
PCGF2#chr17:38749765-38749783(-)	PCGF2	targeting		
PCGF2#chr17:38749787-38749805(-)	PCGF2	targeting		
PCGF6#chr10:103350606-103350624(+)	PCGF6	targeting	-0.28996968	0.3307006720237372
PCGF6#chr10:103351014-103351032(-)	PCGF6	targeting	-1.527003	6.629549551657737e-11
PCGF6#chr10:103351060-103351078(-)	PCGF6	targeting	-1.1737319	0.056455838969164
PCGF6#chr10:103351064-103351082(+)	PCGF6	targeting	-0.4586392	0.5728256791033276
PCGF6#chr10:103351069-103351087(+)	PCGF6	targeting	-1.8516372	6.101021840435018e-05
PCGF6#chr10:103351127-103351145(-)	PCGF6	targeting	0.0139749	0.9532820590498264
PDX1#chr13:27919991-27920009(+)	PDX1	targeting		
PDX1#chr13:27920015-27920033(+)	PDX1	targeting		
PDX1#chr13:27920042-27920060(-)	PDX1	targeting		
PDX1#chr13:27920057-27920075(-)	PDX1	targeting		
PDX1#chr13:27920125-27920143(+)	PDX1	targeting		
PDX1#chr13:27920236-27920254(-)	PDX1	targeting		
PEG3#chr19:56840478-56840496(-)	PEG3	targeting		
PEG3#chr19:56840617-56840635(+)	PEG3	targeting		
PEG3#chr19:56840621-56840639(-)	PEG3	targeting		
PFDN5#chr12:53295544-53295562(-)	PFDN5	targeting		
PFDN5#chr12:53295550-53295568(+)	PFDN5	targeting		
PFDN5#chr12:53295565-53295583(-)	PFDN5	targeting		
PFDN5#chr12:53295571-53295589(+)	PFDN5	targeting		
PFDN5#chr12:53295799-53295817(-)	PFDN5	targeting		
PFDN5#chr12:53295928-53295946(+)	PFDN5	targeting		
PGBD1#chr6:28281608-28281626(+)	PGBD1	targeting	0.1670934	0.6383630708977182
PGBD1#chr6:28281612-28281630(-)	PGBD1	targeting	0.14742546	0.7143514654048191
PGBD1#chr6:28281644-28281662(+)	PGBD1	targeting	-1.0024112	0.0442737627032333
PGBD1#chr6:28281658-28281676(-)	PGBD1	targeting	-0.58547115	0.2810023997844157
PGBD1#chr6:28281688-28281706(-)	PGBD1	targeting	-0.69479716	0.1110619863652324
PGBD1#chr6:28281773-28281791(-)	PGBD1	targeting	-1.0489877	0.0001699909877725
PGR#chr11:101128901-101128919(+)	PGR	targeting		
PGR#chr11:101128955-101128973(+)	PGR	targeting		
PGR#chr11:101128991-101129009(+)	PGR	targeting		
PGR#chr11:101129194-101129212(-)	PGR	targeting		
PGR#chr11:101129792-101129810(-)	PGR	targeting		
PGR#chr11:101129794-101129812(+)	PGR	targeting		
PHB2#chr12:6970304-6970322(+)	PHB2	targeting	-0.018007062	0.7847028444260151
PHB2#chr12:6970617-6970635(+)	PHB2	targeting	-0.12603258	0.4987620060260713
PHB2#chr12:6970629-6970647(-)	PHB2	targeting	-0.4861492	0.3470558157370926
PHB2#chr12:6970633-6970651(+)	PHB2	targeting	-0.048429787	0.9543503836008091
PHB2#chr12:6970637-6970655(+)	PHB2	targeting	-0.08866575	0.6105039510466046
PHB2#chr12:6970649-6970667(+)	PHB2	targeting	-0.41801324	1.3660103635358738e-07
PHF1#chr6:33410814-33410832(-)	PHF1	targeting	-0.5866374	0.3787302572252716
PHF1#chr6:33411035-33411053(-)	PHF1	targeting	-0.9200056	0.0743190164440635
PHF1#chr6:33411060-33411078(+)	PHF1	targeting	0.024760583	0.955436578661206
PHF1#chr6:33411070-33411088(-)	PHF1	targeting	0.032172848	0.9575201960443936
PHF1#chr6:33411164-33411182(-)	PHF1	targeting	-0.24691984	0.7026010381190475
PHF1#chr6:33411206-33411224(+)	PHF1	targeting	-0.024930427	0.9575555794179298
PHF19#chr9:120877109-120877127(-)	PHF19	targeting		
PHF19#chr9:120877117-120877135(-)	PHF19	targeting		
PHF19#chr9:120877124-120877142(+)	PHF19	targeting		
PHF19#chr9:120877127-120877145(+)	PHF19	targeting		
PHF19#chr9:120877130-120877148(+)	PHF19	targeting		
PHF19#chr9:120877181-120877199(-)	PHF19	targeting		
PHF2#chr9:93576789-93576807(-)	PHF2	targeting	-1.2499171	0.0074388182526732
PHF2#chr9:93576806-93576824(-)	PHF2	targeting	-0.11253755	0.6708774265916999
PHF2#chr9:93576812-93576830(-)	PHF2	targeting	-1.6390654	5.412593718762469e-05
PHF2#chr9:93576839-93576857(+)	PHF2	targeting	-0.029941767	0.9067596900866268
PHF2#chr9:93576994-93577012(-)	PHF2	targeting	-0.3617867	0.1380872822131059
PHF2#chr9:93577011-93577029(-)	PHF2	targeting	-1.0961057	0.0171029022391017
PHF20#chr20:35772051-35772069(+)	PHF20	targeting	-1.9073396	2.978455401560317e-08
PHF20#chr20:35772070-35772088(+)	PHF20	targeting	-0.7177211	0.0011976816479732
PHF20#chr20:35772177-35772195(-)	PHF20	targeting	-1.2053736	3.8347549576031545e-05
PHF20#chr20:35772218-35772236(+)	PHF20	targeting	-1.3972096	0.0032038940154786
PHF20#chr20:35772298-35772316(+)	PHF20	targeting	-0.8239019	0.0021116767753756
PHF20#chr20:35772397-35772415(+)	PHF20	targeting	-0.56744486	0.0031924949266777
PHF21A#chr11:46120798-46120816(+)	PHF21A	targeting	-1.0248687	6.586299508053944e-06
PHF21A#chr11:46120944-46120962(+)	PHF21A	targeting	-0.19086456	0.5252864642433654
PHF21A#chr11:46121424-46121442(-)	PHF21A	targeting	-2.7086806	0.002353098245241
PHF21A#chr11:46121428-46121446(-)	PHF21A	targeting	-2.064047	4.522903893870157e-86
PHF21A#chr11:46121429-46121447(-)	PHF21A	targeting	-1.4123248	1.685298539688963e-18
PHF21A#chr11:46121474-46121492(-)	PHF21A	targeting	-0.29586947	0.5392555294996753
PHOX2A#chr11:72243925-72243943(+)	PHOX2A	targeting		
PHOX2A#chr11:72244087-72244105(+)	PHOX2A	targeting		
PHOX2A#chr11:72244125-72244143(-)	PHOX2A	targeting		
PHOX2A#chr11:72244141-72244159(-)	PHOX2A	targeting		
PHOX2A#chr11:72244152-72244170(-)	PHOX2A	targeting		
PHOX2A#chr11:72244162-72244180(-)	PHOX2A	targeting		
PHOX2B#chr4:41748316-41748334(+)	PHOX2B	targeting		
PHOX2B#chr4:41748400-41748418(-)	PHOX2B	targeting		
PHOX2B#chr4:41748419-41748437(+)	PHOX2B	targeting		
PHOX2B#chr4:41748444-41748462(+)	PHOX2B	targeting		
PHOX2B#chr4:41748552-41748570(+)	PHOX2B	targeting		
PHOX2B#chr4:41748729-41748747(-)	PHOX2B	targeting		
PHTF1#chr1:113758992-113759010(-)	PHTF1	targeting	-1.5926627	0.0006399775808002
PHTF1#chr1:113759206-113759224(+)	PHTF1	targeting	-2.4701273	4.7954032162178887e-11
PHTF1#chr1:113759465-113759483(-)	PHTF1	targeting	-2.3497827	0.0007178947915835
PHTF1#chr1:113759474-113759492(+)	PHTF1	targeting	-0.7670716	0.0002837331019302
PHTF1#chr1:113759484-113759502(-)	PHTF1	targeting	-0.10913185	0.7243289815869729
PHTF1#chr1:113759506-113759524(-)	PHTF1	targeting	-1.71579	0.0003289145372568
PIAS3#chr1:145858990-145859008(-)	PIAS3	targeting		
PIAS3#chr1:145859594-145859612(+)	PIAS3	targeting		
PIAS3#chr1:145859606-145859624(+)	PIAS3	targeting		
PIAS3#chr1:145859703-145859721(+)	PIAS3	targeting		
PIAS3#chr1:145859755-145859773(+)	PIAS3	targeting		
PIAS3#chr1:145859773-145859791(+)	PIAS3	targeting		
PIAS4#chr19:4007737-4007755(-)	PIAS4	targeting	-0.24259213	0.3686265418972377
PIAS4#chr19:4007743-4007761(+)	PIAS4	targeting	-0.5800543	0.0249229611405207
PIAS4#chr19:4007988-4008006(-)	PIAS4	targeting	-0.13887358	0.6279827167368475
PIAS4#chr19:4008098-4008116(-)	PIAS4	targeting	0.13935761	0.8798773691418291
PIAS4#chr19:4008101-4008119(-)	PIAS4	targeting	0.008624972	0.9807222092360696
PIAS4#chr19:4008224-4008242(-)	PIAS4	targeting	-0.09062994	0.7176033382837104
PIN1#chr19:9835357-9835375(+)	PIN1	targeting	-1.069101	0.0205216289510548
PIN1#chr19:9835369-9835387(-)	PIN1	targeting	-1.185646	0.0469719752959679
PIN1#chr19:9835498-9835516(-)	PIN1	targeting	-0.16461511	0.4911600414675838
PIN1#chr19:9835513-9835531(+)	PIN1	targeting	-0.051623926	0.8088710006533821
PIN1#chr19:9835542-9835560(+)	PIN1	targeting	-0.16865161	0.3497925647074961
PIN1#chr19:9835554-9835572(-)	PIN1	targeting	-1.8552065	6.169663921227453e-21
PITX1#chr5:135034178-135034196(+)	PITX1	targeting	-0.59918535	0.0779426369418447
PITX1#chr5:135034184-135034202(+)	PITX1	targeting	-1.2269157	0.0877159503100959
PITX1#chr5:135034188-135034206(+)	PITX1	targeting	-0.11389773	0.8418123807405404
PITX1#chr5:135034194-135034212(+)	PITX1	targeting	-1.1742338	0.1849829978787946
PITX1#chr5:135034205-135034223(-)	PITX1	targeting	0.32685712	0.5142023231093285
PITX1#chr5:135034251-135034269(-)	PITX1	targeting	-0.5701872	0.4242456341469935
PITX2#chr4:110622979-110622997(+)	PITX2	targeting	-0.026231444	0.9267838513682398
PITX2#chr4:110622991-110623009(+)	PITX2	targeting	-0.25422707	0.22910586108351
PITX2#chr4:110622998-110623016(+)	PITX2	targeting	-0.17149656	0.6093893011081694
PITX2#chr4:110623048-110623066(-)	PITX2	targeting	-0.16220556	0.4806416370982346
PITX2#chr4:110623052-110623070(+)	PITX2	targeting	-0.19877431	0.2962926135129008
PITX2#chr4:110623065-110623083(-)	PITX2	targeting	-0.29615262	0.0759259822957667
PITX2#chr4:110636773-110636791(-)	PITX2	targeting	-0.023125917	0.8572490711501607
PITX2#chr4:110636905-110636923(+)	PITX2	targeting	-0.02368285	0.9033223417901004
PITX2#chr4:110636915-110636933(+)	PITX2	targeting	-0.48635727	0.1022481453745075
PITX2#chr4:110636925-110636943(+)	PITX2	targeting	-0.123692155	0.6257024000286522
PITX2#chr4:110636950-110636968(-)	PITX2	targeting	-0.22620514	0.402212927981844
PITX2#chr4:110636994-110637012(-)	PITX2	targeting	-0.15739208	0.5723830952560757
PITX3#chr10:102241370-102241388(+)	PITX3	targeting		
PITX3#chr10:102241411-102241429(+)	PITX3	targeting		
PITX3#chr10:102241458-102241476(-)	PITX3	targeting		
PITX3#chr10:102241464-102241482(+)	PITX3	targeting		
PITX3#chr10:102241468-102241486(+)	PITX3	targeting		
PITX3#chr10:102241504-102241522(-)	PITX3	targeting		
PKNOX1#chr21:42974570-42974588(+)	PKNOX1	targeting	-0.17501584	0.1780078808495149
PKNOX1#chr21:42974574-42974592(+)	PKNOX1	targeting	-0.38351387	0.1394845915757599
PKNOX1#chr21:42974621-42974639(-)	PKNOX1	targeting	0.12017135	0.3828673479542815
PKNOX1#chr21:42974663-42974681(-)	PKNOX1	targeting	-0.5242978	0.1992224548724843
PKNOX1#chr21:42974719-42974737(-)	PKNOX1	targeting	-1.4928347	1.627201482427259e-12
PKNOX1#chr21:42974797-42974815(-)	PKNOX1	targeting	-0.5993342	0.0494633612712202
PKNOX2#chr11:125164701-125164719(-)	PKNOX2	targeting	-2.487599	0.0069959099862975
PKNOX2#chr11:125164728-125164746(+)	PKNOX2	targeting	0.25307578	0.6815196232076992
PKNOX2#chr11:125164756-125164774(+)	PKNOX2	targeting	-0.38646162	0.5135831880165094
PKNOX2#chr11:125164905-125164923(+)	PKNOX2	targeting	-0.42750308	0.287138209879264
PKNOX2#chr11:125164992-125165010(+)	PKNOX2	targeting	-2.3138597	0.007990181442661
PKNOX2#chr11:125165014-125165032(+)	PKNOX2	targeting	-1.3021927	0.0041529008151809
PLAG1#chr8:56210845-56210863(-)	PLAG1	targeting	-0.41727686	0.4258792779780954
PLAG1#chr8:56211036-56211054(-)	PLAG1	targeting	0.008417029	0.9692729331977996
PLAG1#chr8:56211066-56211084(-)	PLAG1	targeting	0.07769684	0.6778759148840616
PLAG1#chr8:56211261-56211279(-)	PLAG1	targeting	-1.562076	1.285538620855169e-05
PLAG1#chr8:56211281-56211299(-)	PLAG1	targeting	-2.1697834	3.403158120580957e-07
PLAG1#chr8:56211290-56211308(-)	PLAG1	targeting	-0.74860585	0.0031301264638399
PLAGL1#chr6:144008147-144008165(+)	PLAGL1	targeting	-1.055131	0.0025481212114551
PLAGL1#chr6:144008228-144008246(-)	PLAGL1	targeting	-1.0318568	0.189745176084017
PLAGL1#chr6:144008232-144008250(-)	PLAGL1	targeting	-1.30081	0.0023470269683624
PLAGL1#chr6:144008239-144008257(+)	PLAGL1	targeting	-1.4231873	0.0005016412458699
PLAGL1#chr6:144008247-144008265(-)	PLAGL1	targeting	-0.00041006165	0.9993686562919548
PLAGL1#chr6:144008251-144008269(-)	PLAGL1	targeting	-0.16149084	0.7269056665900205
PLAGL1#chr6:144064515-144064533(-)	PLAGL1	targeting	0.33996695	0.3293552764369685
PLAGL1#chr6:144064522-144064540(-)	PLAGL1	targeting	0.021679262	0.961483696142728
PLAGL1#chr6:144064541-144064559(-)	PLAGL1	targeting	-0.17946677	0.5927934041782774
PLAGL1#chr6:144064558-144064576(-)	PLAGL1	targeting	0.318203	0.2504111681092746
PLAGL1#chr6:144064564-144064582(+)	PLAGL1	targeting	-0.14438011	0.7119562910706954
PLAGL1#chr6:144064567-144064585(+)	PLAGL1	targeting	0.86118776	0.0557707367005817
PLAGL2#chr20:32207339-32207357(+)	PLAGL2	targeting	0.13052791	0.5562479978079261
PLAGL2#chr20:32207512-32207530(+)	PLAGL2	targeting	-0.11641811	0.5218374674097312
PLAGL2#chr20:32207692-32207710(+)	PLAGL2	targeting	-0.48555624	0.1473471376839748
PLAGL2#chr20:32207697-32207715(-)	PLAGL2	targeting	-0.054837182	0.8400746077682175
PLAGL2#chr20:32207707-32207725(-)	PLAGL2	targeting	-1.6486871	0.0010056421889219
PLAGL2#chr20:32207714-32207732(+)	PLAGL2	targeting	-0.26158714	0.5633784411658478
PLEK#chr2:68365269-68365287(+)	PLEK	targeting		
PLEK#chr2:68365318-68365336(-)	PLEK	targeting		
PLEK#chr2:68365345-68365363(+)	PLEK	targeting		
PLEK#chr2:68365356-68365374(+)	PLEK	targeting		
PLEK#chr2:68365461-68365479(+)	PLEK	targeting		
PLEK#chr2:68365523-68365541(+)	PLEK	targeting		
PLEKHA5#chr12:19129746-19129764(-)	PLEKHA5	targeting	-0.072505295	0.3397145015084026
PLEKHA5#chr12:19129782-19129800(+)	PLEKHA5	targeting	-0.8871341	1.837431153201654e-09
PLEKHA5#chr12:19129785-19129803(+)	PLEKHA5	targeting	-1.0481579	7.833398630617129e-11
PLEKHA5#chr12:19129849-19129867(+)	PLEKHA5	targeting	-0.34159923	0.021626837398256
PLEKHA5#chr12:19129903-19129921(+)	PLEKHA5	targeting	-0.077424645	0.9134556949571654
PLEKHA5#chr12:19129969-19129987(-)	PLEKHA5	targeting	-0.35963392	0.0181980466167109
PLSCR1#chr3:146544361-146544379(-)	PLSCR1	targeting	-1.6982946	5.403925098058815e-09
PLSCR1#chr3:146544479-146544497(-)	PLSCR1	targeting	-2.8948963	7.814459483987111e-10
PLSCR1#chr3:146544499-146544517(+)	PLSCR1	targeting	-1.2148943	0.0117691836492249
PLSCR1#chr3:146544538-146544556(-)	PLSCR1	targeting	-2.1574054	2.8148883746772496e-18
PLSCR1#chr3:146544540-146544558(+)	PLSCR1	targeting	-0.7106948	0.1327262282270994
PLSCR1#chr3:146544589-146544607(+)	PLSCR1	targeting	-1.7213267	1.4098947819767695e-10
POGK#chr1:166839472-166839490(-)	POGK	targeting	-0.2922629	0.2862856533331374
POGK#chr1:166839498-166839516(+)	POGK	targeting	-1.2491738	0.0549169425008417
POGK#chr1:166839507-166839525(+)	POGK	targeting	-1.9166397	1.84205886524802e-06
POGK#chr1:166839708-166839726(-)	POGK	targeting	-0.27278662	0.2131249067103499
POGK#chr1:166839711-166839729(-)	POGK	targeting	-1.3933336	5.893315326972805e-07
POGK#chr1:166839717-166839735(-)	POGK	targeting	-1.7813891	4.544064165728734e-21
POLR3C#chr1:145824185-145824203(+)	POLR3C	targeting	-0.29408863	0.3406628803916114
POLR3C#chr1:145824228-145824246(-)	POLR3C	targeting	-0.8105483	1.6581303076421905e-07
POLR3C#chr1:145824242-145824260(+)	POLR3C	targeting	-0.4807956	0.0010354771892063
POLR3C#chr1:145824245-145824263(+)	POLR3C	targeting	-0.8122859	0.0051410495311518
POLR3C#chr1:145824249-145824267(+)	POLR3C	targeting	0.2566	0.7146447813429242
POLR3C#chr1:145824304-145824322(-)	POLR3C	targeting	-1.1382414	0.0260406218737597
POLR3K#chr16:53124-53142(+)	POLR3K	targeting	-0.07295968	0.9365374934871022
POLR3K#chr16:53482-53500(+)	POLR3K	targeting	-0.78826064	0.001738625565927
POLR3K#chr16:53547-53565(-)	POLR3K	targeting	-0.5147118	0.2814617153297226
POLR3K#chr16:53558-53576(-)	POLR3K	targeting	-0.95444715	6.14620243770953e-07
POLR3K#chr16:53610-53628(-)	POLR3K	targeting	-0.40097865	0.5238919766592789
POLR3K#chr16:53633-53651(-)	POLR3K	targeting	0.078694664	0.929145371345664
POU1F1#chr3:87276317-87276335(+)	POU1F1	targeting		
POU1F1#chr3:87276347-87276365(+)	POU1F1	targeting		
POU1F1#chr3:87276372-87276390(+)	POU1F1	targeting		
POU1F1#chr3:87276543-87276561(-)	POU1F1	targeting		
POU1F1#chr3:87276578-87276596(+)	POU1F1	targeting		
POU1F1#chr3:87276594-87276612(-)	POU1F1	targeting		
POU2AF1#chr11:111378968-111378986(-)	POU2AF1	targeting		
POU2AF1#chr11:111379053-111379071(-)	POU2AF1	targeting		
POU2AF1#chr11:111379117-111379135(-)	POU2AF1	targeting		
POU2AF1#chr11:111379216-111379234(-)	POU2AF1	targeting		
POU2AF1#chr11:111379224-111379242(+)	POU2AF1	targeting		
POU2AF1#chr11:111379258-111379276(-)	POU2AF1	targeting		
POU2F1#chr1:167220883-167220901(+)	POU2F1	targeting	-0.04355635	0.5060858624548916
POU2F1#chr1:167220887-167220905(+)	POU2F1	targeting	-0.13921303	0.5298466167913174
POU2F1#chr1:167220890-167220908(+)	POU2F1	targeting	0.11807218	0.5115275964103738
POU2F1#chr1:167220922-167220940(+)	POU2F1	targeting	-0.10595078	0.4973151769427151
POU2F1#chr1:167220925-167220943(+)	POU2F1	targeting	0.03489839	0.7728685897077001
POU2F1#chr1:167221054-167221072(+)	POU2F1	targeting	-0.028664196	0.8378615285895397
POU2F1#chr1:167329073-167329091(+)	POU2F1	targeting	0.06236973	0.6596544953249022
POU2F1#chr1:167329124-167329142(-)	POU2F1	targeting	0.029232224	0.7225382074917237
POU2F1#chr1:167329140-167329158(-)	POU2F1	targeting	0.05394909	0.6700109466084373
POU2F1#chr1:167329144-167329162(-)	POU2F1	targeting	0.056739345	0.7301393155082727
POU2F1#chr1:167329153-167329171(-)	POU2F1	targeting	-0.019432807	0.8662412679236907
POU2F1#chr1:167329492-167329510(-)	POU2F1	targeting	0.17026278	0.2051773464948123
POU2F2#chr19:42132366-42132384(+)	POU2F2	targeting		
POU2F2#chr19:42132393-42132411(-)	POU2F2	targeting		
POU2F2#chr19:42132409-42132427(+)	POU2F2	targeting		
POU2F2#chr19:42132423-42132441(-)	POU2F2	targeting		
POU2F2#chr19:42132458-42132476(-)	POU2F2	targeting		
POU2F2#chr19:42132462-42132480(-)	POU2F2	targeting		
POU2F3#chr11:120236634-120236652(-)	POU2F3	targeting		
POU2F3#chr11:120236731-120236749(-)	POU2F3	targeting		
POU2F3#chr11:120236802-120236820(+)	POU2F3	targeting		
POU2F3#chr11:120236806-120236824(+)	POU2F3	targeting		
POU2F3#chr11:120236841-120236859(+)	POU2F3	targeting		
POU2F3#chr11:120236943-120236961(-)	POU2F3	targeting		
POU2F3#chr11:120240137-120240155(+)	POU2F3	targeting		
POU2F3#chr11:120240182-120240200(+)	POU2F3	targeting		
POU2F3#chr11:120240185-120240203(+)	POU2F3	targeting		
POU2F3#chr11:120240197-120240215(+)	POU2F3	targeting		
POU2F3#chr11:120240235-120240253(+)	POU2F3	targeting		
POU2F3#chr11:120240248-120240266(+)	POU2F3	targeting		
POU3F1#chr1:38046469-38046487(-)	POU3F1	targeting		
POU3F1#chr1:38046517-38046535(-)	POU3F1	targeting		
POU3F1#chr1:38046561-38046579(+)	POU3F1	targeting		
POU3F1#chr1:38046576-38046594(-)	POU3F1	targeting		
POU3F1#chr1:38046706-38046724(-)	POU3F1	targeting		
POU3F1#chr1:38046779-38046797(-)	POU3F1	targeting		
POU3F2#chr6:98834545-98834563(-)	POU3F2	targeting		
POU3F2#chr6:98834551-98834569(+)	POU3F2	targeting		
POU3F2#chr6:98834856-98834874(+)	POU3F2	targeting		
POU3F2#chr6:98834929-98834947(+)	POU3F2	targeting		
POU3F2#chr6:98834989-98835007(+)	POU3F2	targeting		
POU3F2#chr6:98835058-98835076(+)	POU3F2	targeting		
POU3F3#chr2:104855534-104855552(-)	POU3F3	targeting		
POU3F3#chr2:104855683-104855701(-)	POU3F3	targeting		
POU3F3#chr2:104855698-104855716(-)	POU3F3	targeting		
POU3F3#chr2:104855706-104855724(+)	POU3F3	targeting		
POU3F3#chr2:104855711-104855729(-)	POU3F3	targeting		
POU3F3#chr2:104855752-104855770(+)	POU3F3	targeting		
POU3F4#chrX:83508307-83508325(+)	POU3F4	targeting		
POU3F4#chrX:83508341-83508359(-)	POU3F4	targeting		
POU3F4#chrX:83508349-83508367(-)	POU3F4	targeting		
POU3F4#chrX:83508368-83508386(-)	POU3F4	targeting		
POU3F4#chrX:83508371-83508389(-)	POU3F4	targeting		
POU3F4#chrX:83508374-83508392(-)	POU3F4	targeting		
POU4F1#chr13:78603113-78603131(-)	POU4F1	targeting		
POU4F1#chr13:78603497-78603515(-)	POU4F1	targeting		
POU4F1#chr13:78603536-78603554(-)	POU4F1	targeting		
POU4F1#chr13:78603545-78603563(-)	POU4F1	targeting		
POU4F1#chr13:78603567-78603585(-)	POU4F1	targeting		
POU4F1#chr13:78603597-78603615(-)	POU4F1	targeting		
POU4F2#chr4:146638902-146638920(+)	POU4F2	targeting		
POU4F2#chr4:146638907-146638925(-)	POU4F2	targeting		
POU4F2#chr4:146638916-146638934(+)	POU4F2	targeting		
POU4F2#chr4:146638941-146638959(+)	POU4F2	targeting		
POU4F2#chr4:146638970-146638988(+)	POU4F2	targeting		
POU4F2#chr4:146639111-146639129(-)	POU4F2	targeting		
POU4F3#chr5:146338859-146338877(-)	POU4F3	targeting		
POU4F3#chr5:146338894-146338912(-)	POU4F3	targeting		
POU4F3#chr5:146339030-146339048(+)	POU4F3	targeting		
POU4F3#chr5:146339072-146339090(-)	POU4F3	targeting		
POU4F3#chr5:146339079-146339097(-)	POU4F3	targeting		
POU4F3#chr5:146339094-146339112(-)	POU4F3	targeting		
POU5F1#chr6:31170169-31170187(-)	POU5F1	targeting		
POU5F1#chr6:31170199-31170217(-)	POU5F1	targeting		
POU5F1#chr6:31170203-31170221(+)	POU5F1	targeting		
POU5F1#chr6:31170652-31170670(-)	POU5F1	targeting		
POU5F1#chr6:31170654-31170672(+)	POU5F1	targeting		
POU5F1#chr6:31170702-31170720(-)	POU5F1	targeting		
POU5F1#chr6:31180431-31180449(-)	POU5F1	targeting		
POU5F1#chr6:31180445-31180463(+)	POU5F1	targeting		
POU5F1#chr6:31180648-31180666(+)	POU5F1	targeting		
POU5F1#chr6:31180664-31180682(+)	POU5F1	targeting		
POU5F1#chr6:31180667-31180685(+)	POU5F1	targeting		
POU5F1#chr6:31180692-31180710(-)	POU5F1	targeting		
POU5F1B#chr8:127415817-127415835(+)	POU5F1B	targeting		
POU5F1B#chr8:127415899-127415917(+)	POU5F1B	targeting		
POU5F1B#chr8:127415916-127415934(+)	POU5F1B	targeting		
POU5F1B#chr8:127415933-127415951(-)	POU5F1B	targeting		
POU5F1B#chr8:127416060-127416078(+)	POU5F1B	targeting		
POU5F1B#chr8:127416203-127416221(-)	POU5F1B	targeting		
POU5F2#chr5:93741205-93741223(-)	POU5F2	targeting		
POU5F2#chr5:93741548-93741566(+)	POU5F2	targeting		
POU5F2#chr5:93741553-93741571(+)	POU5F2	targeting		
POU5F2#chr5:93741565-93741583(+)	POU5F2	targeting		
POU5F2#chr5:93741575-93741593(+)	POU5F2	targeting		
POU5F2#chr5:93741593-93741611(+)	POU5F2	targeting		
POU6F1#chr12:51217777-51217795(-)	POU6F1	targeting		
POU6F1#chr12:51217806-51217824(-)	POU6F1	targeting		
POU6F1#chr12:51217850-51217868(+)	POU6F1	targeting		
POU6F1#chr12:51217865-51217883(-)	POU6F1	targeting		
POU6F1#chr12:51218011-51218029(-)	POU6F1	targeting		
POU6F1#chr12:51218077-51218095(-)	POU6F1	targeting		
POU6F2#chr7:39006819-39006837(+)	POU6F2	targeting	0.6106234	0.0328918107509134
POU6F2#chr7:39006825-39006843(+)	POU6F2	targeting	0.07494528	0.7940718686747559
POU6F2#chr7:39006895-39006913(-)	POU6F2	targeting	0.14716625	0.7958488871521929
POU6F2#chr7:39006899-39006917(-)	POU6F2	targeting	-0.2079082	0.4989548539756823
POU6F2#chr7:39006997-39007015(-)	POU6F2	targeting	0.13364598	0.5273139424610465
POU6F2#chr7:39007063-39007081(+)	POU6F2	targeting	0.2571113	0.6241363224115826
PPARA#chr22:46150517-46150535(+)	PPARA	targeting	-1.1475987	0.0760165757433588
PPARA#chr22:46150590-46150608(+)	PPARA	targeting	-0.1637314	0.6061567855103442
PPARA#chr22:46150602-46150620(-)	PPARA	targeting	-0.88643485	0.08434939316793
PPARA#chr22:46150609-46150627(+)	PPARA	targeting	0.19805625	0.5862279378461799
PPARA#chr22:46150715-46150733(+)	PPARA	targeting	-0.8897376	0.2896887558028304
PPARA#chr22:46150829-46150847(+)	PPARA	targeting	-0.6510139	0.1100186324742298
PPARD#chr6:35342557-35342575(+)	PPARD	targeting	-0.12130834	0.7548236821382825
PPARD#chr6:35342583-35342601(+)	PPARD	targeting	-1.6325486	0.0005316337558736
PPARD#chr6:35342666-35342684(-)	PPARD	targeting	-0.2682676	0.4534561169406934
PPARD#chr6:35342743-35342761(+)	PPARD	targeting	0.62482184	0.1270985952595213
PPARD#chr6:35342807-35342825(+)	PPARD	targeting	0.14409369	0.6415159119088271
PPARD#chr6:35342966-35342984(-)	PPARD	targeting	-0.09991237	0.8060598750830429
PPARG#chr3:12287955-12287973(-)	PPARG	targeting		
PPARG#chr3:12287970-12287988(+)	PPARG	targeting		
PPARG#chr3:12287980-12287998(-)	PPARG	targeting		
PPARG#chr3:12288012-12288030(+)	PPARG	targeting		
PPARG#chr3:12288139-12288157(+)	PPARG	targeting		
PPARG#chr3:12288377-12288395(-)	PPARG	targeting		
PPARG#chr3:12289043-12289061(+)	PPARG	targeting		
PPARG#chr3:12289049-12289067(+)	PPARG	targeting		
PPARG#chr3:12289065-12289083(+)	PPARG	targeting		
PPARG#chr3:12289114-12289132(+)	PPARG	targeting		
PPARG#chr3:12289126-12289144(-)	PPARG	targeting		
PPARG#chr3:12289132-12289150(-)	PPARG	targeting		
PPIL4#chr6:149545865-149545883(+)	PPIL4	targeting	-0.10890786	0.3610735999978257
PPIL4#chr6:149545980-149545998(-)	PPIL4	targeting	-0.38060763	0.0090418065227848
PPIL4#chr6:149546005-149546023(-)	PPIL4	targeting	-0.26511368	0.065089609140525
PPIL4#chr6:149546014-149546032(-)	PPIL4	targeting	-0.4353571	0.0598441434764453
PPIL4#chr6:149546020-149546038(+)	PPIL4	targeting	-0.91536903	0.0286306738058496
PPIL4#chr6:149546025-149546043(-)	PPIL4	targeting	-1.2415472	7.680727372846209e-06
PPP1CB#chr2:28752075-28752093(-)	PPP1CB	targeting	-0.2604792	0.5426286488968993
PPP1CB#chr2:28752110-28752128(+)	PPP1CB	targeting	-0.019202312	0.8412409712525686
PPP1CB#chr2:28752194-28752212(+)	PPP1CB	targeting	-1.021534	0.1687573022792602
PPP1CB#chr2:28752500-28752518(-)	PPP1CB	targeting	-0.93981594	0.035938898418488
PPP1CB#chr2:28752512-28752530(-)	PPP1CB	targeting	0.027910756	0.913862649854981
PPP1CB#chr2:28752547-28752565(-)	PPP1CB	targeting	-0.2807432	0.2205422406441861
PPP1R13L#chr19:45404905-45404923(-)	PPP1R13L	targeting	-0.5413356	0.0719403176559292
PPP1R13L#chr19:45404928-45404946(-)	PPP1R13L	targeting	0.19333372	0.8319680735727955
PPP1R13L#chr19:45404979-45404997(+)	PPP1R13L	targeting	-0.82502127	0.0772995933210901
PPP1R13L#chr19:45404986-45405004(+)	PPP1R13L	targeting	-1.9102898	0.0042006509228252
PPP1R13L#chr19:45404996-45405014(+)	PPP1R13L	targeting	-1.1115227	0.1194201858866471
PPP1R13L#chr19:45405023-45405041(-)	PPP1R13L	targeting	-0.104634956	0.8936838653126165
PPP1R13L#chr19:45405894-45405912(-)	PPP1R13L	targeting	-0.463426	0.2305071718982542
PPP1R13L#chr19:45406102-45406120(-)	PPP1R13L	targeting	-0.39003798	0.2362024690899453
PPP1R13L#chr19:45406142-45406160(-)	PPP1R13L	targeting	0.4442372	0.0814543742059171
PPP1R13L#chr19:45406162-45406180(-)	PPP1R13L	targeting	0.10108557	0.8582343881217247
PPP1R13L#chr19:45406273-45406291(-)	PPP1R13L	targeting	-0.27665132	0.7496968774113342
PPP1R13L#chr19:45406366-45406384(-)	PPP1R13L	targeting	-1.0525237	0.0645356602752531
PRDM1#chr6:106086357-106086375(-)	PRDM1	targeting	0.18172392	0.2058921085506106
PRDM1#chr6:106086361-106086379(+)	PRDM1	targeting	0.15000224	0.0012458819302278
PRDM1#chr6:106086366-106086384(+)	PRDM1	targeting	0.3591941	1.891608654829917e-05
PRDM1#chr6:106086370-106086388(-)	PRDM1	targeting	-0.20399596	0.1778697645389273
PRDM1#chr6:106086384-106086402(+)	PRDM1	targeting	0.16247198	0.3821660313133197
PRDM1#chr6:106086403-106086421(-)	PRDM1	targeting	0.27958986	0.0101477437724896
PRDM10#chr11:130002305-130002323(+)	PRDM10	targeting	-0.17148785	0.5931828343336496
PRDM10#chr11:130002340-130002358(+)	PRDM10	targeting	-0.14984915	0.7578774749016265
PRDM10#chr11:130002574-130002592(+)	PRDM10	targeting	-0.22697152	0.4927127451619607
PRDM10#chr11:130002760-130002778(+)	PRDM10	targeting	0.30436268	0.3172844332449009
PRDM10#chr11:130002769-130002787(-)	PRDM10	targeting	0.004930743	0.9863352801556776
PRDM10#chr11:130002817-130002835(+)	PRDM10	targeting	0.010621103	0.9294509138984396
PRDM11#chr11:45093992-45094010(-)	PRDM11	targeting		
PRDM11#chr11:45094026-45094044(-)	PRDM11	targeting		
PRDM11#chr11:45094029-45094047(+)	PRDM11	targeting		
PRDM11#chr11:45094118-45094136(-)	PRDM11	targeting		
PRDM11#chr11:45094227-45094245(+)	PRDM11	targeting		
PRDM11#chr11:45094404-45094422(+)	PRDM11	targeting		
PRDM11#chr11:45095797-45095815(+)	PRDM11	targeting		
PRDM11#chr11:45095827-45095845(-)	PRDM11	targeting		
PRDM11#chr11:45095837-45095855(-)	PRDM11	targeting		
PRDM11#chr11:45095861-45095879(-)	PRDM11	targeting		
PRDM11#chr11:45095878-45095896(-)	PRDM11	targeting		
PRDM11#chr11:45096064-45096082(-)	PRDM11	targeting		
PRDM12#chr9:130664216-130664234(+)	PRDM12	targeting		
PRDM12#chr9:130664462-130664480(-)	PRDM12	targeting		
PRDM12#chr9:130664578-130664596(-)	PRDM12	targeting		
PRDM12#chr9:130664640-130664658(+)	PRDM12	targeting		
PRDM12#chr9:130664651-130664669(-)	PRDM12	targeting		
PRDM12#chr9:130664847-130664865(-)	PRDM12	targeting		
PRDM13#chr6:99613909-99613927(-)	PRDM13	targeting		
PRDM13#chr6:99613917-99613935(-)	PRDM13	targeting		
PRDM13#chr6:99613926-99613944(-)	PRDM13	targeting		
PRDM13#chr6:99613947-99613965(-)	PRDM13	targeting		
PRDM13#chr6:99613950-99613968(-)	PRDM13	targeting		
PRDM13#chr6:99613975-99613993(-)	PRDM13	targeting		
PRDM14#chr8:70070761-70070779(+)	PRDM14	targeting		
PRDM14#chr8:70070794-70070812(+)	PRDM14	targeting		
PRDM14#chr8:70071021-70071039(+)	PRDM14	targeting		
PRDM14#chr8:70071193-70071211(-)	PRDM14	targeting		
PRDM14#chr8:70071196-70071214(+)	PRDM14	targeting		
PRDM14#chr8:70071214-70071232(+)	PRDM14	targeting		
PRDM15#chr21:41879012-41879030(+)	PRDM15	targeting	-0.33385023	0.2489143093705975
PRDM15#chr21:41879276-41879294(-)	PRDM15	targeting	-0.0074871816	0.9843946745898648
PRDM15#chr21:41879278-41879296(+)	PRDM15	targeting	0.25908288	0.5554406409939667
PRDM15#chr21:41879284-41879302(+)	PRDM15	targeting	0.059407946	0.8886726469393015
PRDM15#chr21:41879305-41879323(-)	PRDM15	targeting	-0.08494324	0.8183038342462392
PRDM15#chr21:41879312-41879330(-)	PRDM15	targeting	-0.48848805	0.5520163469287251
PRDM16#chr1:3069214-3069232(+)	PRDM16	targeting		
PRDM16#chr1:3069251-3069269(+)	PRDM16	targeting		
PRDM16#chr1:3069255-3069273(-)	PRDM16	targeting		
PRDM16#chr1:3069257-3069275(+)	PRDM16	targeting		
PRDM16#chr1:3069261-3069279(-)	PRDM16	targeting		
PRDM16#chr1:3069270-3069288(-)	PRDM16	targeting		
PRDM2#chr1:13704871-13704889(+)	PRDM2	targeting	0.057521038	0.7900687021861333
PRDM2#chr1:13704881-13704899(-)	PRDM2	targeting	0.008238007	0.9629293496641664
PRDM2#chr1:13704885-13704903(+)	PRDM2	targeting	0.04833571	0.9598228077584204
PRDM2#chr1:13705032-13705050(+)	PRDM2	targeting	0.11640264	0.563359497174414
PRDM2#chr1:13705098-13705116(-)	PRDM2	targeting	0.38259965	0.1514188915436332
PRDM2#chr1:13705190-13705208(-)	PRDM2	targeting	-0.01568898	0.9572312389065462
PRDM4#chr12:107760712-107760730(+)	PRDM4	targeting	-0.4868865	0.5046634107709702
PRDM4#chr12:107760855-107760873(+)	PRDM4	targeting	-0.7297284	0.0352227962956732
PRDM4#chr12:107761075-107761093(-)	PRDM4	targeting	-0.51599	0.1450185803913606
PRDM4#chr12:107761118-107761136(+)	PRDM4	targeting	-0.14533618	0.7728819355799923
PRDM4#chr12:107761128-107761146(-)	PRDM4	targeting	-0.0033484518	0.9914480274985747
PRDM4#chr12:107761134-107761152(-)	PRDM4	targeting	-0.099090494	0.6061263796743996
PRDM5#chr4:120922635-120922653(-)	PRDM5	targeting	-1.3464875	0.0013611365697303
PRDM5#chr4:120922678-120922696(+)	PRDM5	targeting	-0.9234022	0.0001927062793129
PRDM5#chr4:120922691-120922709(-)	PRDM5	targeting	-1.2104571	0.0746849201658965
PRDM5#chr4:120922694-120922712(+)	PRDM5	targeting	-0.65312976	0.4709662769384992
PRDM5#chr4:120922701-120922719(+)	PRDM5	targeting	-2.3137743	9.100090229368969e-18
PRDM5#chr4:120922789-120922807(-)	PRDM5	targeting	-2.886333	4.10711075663747e-08
PRDM6#chr5:123089231-123089249(+)	PRDM6	targeting		
PRDM6#chr5:123089239-123089257(+)	PRDM6	targeting		
PRDM6#chr5:123089252-123089270(+)	PRDM6	targeting		
PRDM6#chr5:123089278-123089296(+)	PRDM6	targeting		
PRDM6#chr5:123089291-123089309(+)	PRDM6	targeting		
PRDM6#chr5:123089296-123089314(-)	PRDM6	targeting		
PRDM7#chr16:90075543-90075561(-)	PRDM7	targeting		
PRDM7#chr16:90075612-90075630(-)	PRDM7	targeting		
PRDM7#chr16:90075807-90075825(-)	PRDM7	targeting		
PRDM7#chr16:90075828-90075846(-)	PRDM7	targeting		
PRDM7#chr16:90075831-90075849(-)	PRDM7	targeting		
PRDM7#chr16:90075883-90075901(+)	PRDM7	targeting		
PRDM8#chr4:80183804-80183822(-)	PRDM8	targeting		
PRDM8#chr4:80183828-80183846(+)	PRDM8	targeting		
PRDM8#chr4:80183837-80183855(-)	PRDM8	targeting		
PRDM8#chr4:80183845-80183863(-)	PRDM8	targeting		
PRDM8#chr4:80183966-80183984(+)	PRDM8	targeting		
PRDM8#chr4:80184003-80184021(-)	PRDM8	targeting		
PRDM8#chr4:80197522-80197540(-)	PRDM8	targeting		
PRDM8#chr4:80197581-80197599(-)	PRDM8	targeting		
PRDM8#chr4:80197621-80197639(+)	PRDM8	targeting		
PRDM8#chr4:80197716-80197734(-)	PRDM8	targeting		
PRDM8#chr4:80197756-80197774(-)	PRDM8	targeting		
PRDM8#chr4:80197849-80197867(-)	PRDM8	targeting		
PRDM9#chr5:23507593-23507611(-)	PRDM9	targeting		
PRDM9#chr5:23507606-23507624(-)	PRDM9	targeting		
PRDM9#chr5:23507609-23507627(-)	PRDM9	targeting		
PRDM9#chr5:23507611-23507629(+)	PRDM9	targeting		
PRDM9#chr5:23507629-23507647(+)	PRDM9	targeting		
PRDM9#chr5:23507643-23507661(+)	PRDM9	targeting		
PREB#chr2:27134161-27134179(+)	PREB	targeting	0.4644339	0.1730342989479163
PREB#chr2:27134583-27134601(+)	PREB	targeting	-0.03888392	0.96313458023875
PREB#chr2:27134592-27134610(-)	PREB	targeting	-0.11679804	0.9009370620132572
PREB#chr2:27134597-27134615(-)	PREB	targeting	-0.26818606	0.7195300845465729
PREB#chr2:27134610-27134628(-)	PREB	targeting	0.3292641	0.7326219454188514
PREB#chr2:27134614-27134632(-)	PREB	targeting	-0.63052005	0.4056190466986454
PRKRIP1#chr7:102363890-102363908(-)	PRKRIP1	targeting	-0.9735731	0.0007269119143462
PRKRIP1#chr7:102363973-102363991(+)	PRKRIP1	targeting	0.15110907	0.5221499758558596
PRKRIP1#chr7:102364021-102364039(+)	PRKRIP1	targeting	-0.102184445	0.7448536453466694
PRKRIP1#chr7:102364030-102364048(-)	PRKRIP1	targeting	0.3143224	0.054973079709192
PRKRIP1#chr7:102364234-102364252(+)	PRKRIP1	targeting	-0.40549636	0.4158460229902759
PRKRIP1#chr7:102364284-102364302(+)	PRKRIP1	targeting	0.28915045	0.0703361463962663
PRKRIP1#chr7:102396413-102396431(-)	PRKRIP1	targeting	-0.11970468	0.6443065039203875
PRKRIP1#chr7:102396415-102396433(+)	PRKRIP1	targeting	-0.37749276	0.203220106863003
PRKRIP1#chr7:102396423-102396441(-)	PRKRIP1	targeting	-0.5970424	0.1317368327242448
PRKRIP1#chr7:102396431-102396449(-)	PRKRIP1	targeting	-0.088749945	0.4448884174998883
PRKRIP1#chr7:102396434-102396452(-)	PRKRIP1	targeting	-0.085018665	0.7311014611504142
PRKRIP1#chr7:102396454-102396472(-)	PRKRIP1	targeting	-0.03399097	0.8117685002993087
PRKRIR#chr11:76380661-76380679(+)	PRKRIR	targeting	0.23662175	0.4254419233557783
PRKRIR#chr11:76380706-76380724(-)	PRKRIR	targeting	-0.100467585	0.7494864674818612
PRKRIR#chr11:76380980-76380998(+)	PRKRIR	targeting	-0.18879858	0.5488879032289478
PRKRIR#chr11:76381000-76381018(+)	PRKRIR	targeting	-0.18586767	0.6218864535923105
PRKRIR#chr11:76381039-76381057(-)	PRKRIR	targeting	0.05634408	0.8119824934832987
PRKRIR#chr11:76381057-76381075(-)	PRKRIR	targeting	-0.22835903	0.767477695842476
PRMT3#chr11:20387715-20387733(+)	PRMT3	targeting	-1.0138034	0.0033624409398651
PRMT3#chr11:20387758-20387776(+)	PRMT3	targeting	-0.05541327	0.8997518114309284
PRMT3#chr11:20387775-20387793(-)	PRMT3	targeting	-1.0808635	0.0837338510376649
PRMT3#chr11:20387827-20387845(-)	PRMT3	targeting	-1.3012717	4.627217907980919e-10
PRMT3#chr11:20387944-20387962(-)	PRMT3	targeting	-0.37945148	0.0515949731892891
PRMT3#chr11:20388186-20388204(-)	PRMT3	targeting	-0.36255422	0.4825086627598228
PROP1#chr5:177995827-177995845(-)	PROP1	targeting		
PROP1#chr5:177995884-177995902(-)	PROP1	targeting		
PROP1#chr5:177996028-177996046(-)	PROP1	targeting		
PROP1#chr5:177996183-177996201(-)	PROP1	targeting		
PROP1#chr5:177996232-177996250(-)	PROP1	targeting		
PROP1#chr5:177996278-177996296(-)	PROP1	targeting		
PROX1#chr1:213987944-213987962(+)	PROX1	targeting	-0.06969021	0.7594112390374363
PROX1#chr1:213987971-213987989(-)	PROX1	targeting	-0.39078912	0.3388022028611174
PROX1#chr1:213988004-213988022(-)	PROX1	targeting	-0.86196303	0.0798968748301081
PROX1#chr1:213988047-213988065(-)	PROX1	targeting	-0.9257244	0.1969273606909309
PROX1#chr1:213988063-213988081(-)	PROX1	targeting	-1.4512042	0.0472135489704032
PROX1#chr1:213988468-213988486(-)	PROX1	targeting	0.06466071	0.7932869994060043
PROX2#chr14:74863532-74863550(-)	PROX2	targeting		
PROX2#chr14:74863581-74863599(+)	PROX2	targeting		
PROX2#chr14:74863701-74863719(+)	PROX2	targeting		
PROX2#chr14:74863764-74863782(-)	PROX2	targeting		
PROX2#chr14:74863767-74863785(+)	PROX2	targeting		
PROX2#chr14:74863778-74863796(+)	PROX2	targeting		
PRR12#chr19:49591192-49591210(+)	PRR12	targeting	0.0052821394	0.9642736358506352
PRR12#chr19:49591198-49591216(-)	PRR12	targeting	-0.40392512	0.2259156991396423
PRR12#chr19:49591215-49591233(+)	PRR12	targeting	-2.0211666	0.0016493664508771
PRR12#chr19:49591222-49591240(-)	PRR12	targeting	0.08753569	0.6108482712207606
PRR12#chr19:49591631-49591649(-)	PRR12	targeting	-0.66156834	0.1489195641696897
PRR12#chr19:49591642-49591660(-)	PRR12	targeting	0.028204687	0.9110947766483808
PRRX1#chr1:170663129-170663147(+)	PRRX1	targeting		
PRRX1#chr1:170663167-170663185(+)	PRRX1	targeting		
PRRX1#chr1:170663215-170663233(+)	PRRX1	targeting		
PRRX1#chr1:170663258-170663276(-)	PRRX1	targeting		
PRRX1#chr1:170663400-170663418(+)	PRRX1	targeting		
PRRX1#chr1:170663452-170663470(-)	PRRX1	targeting		
PRRX1#chr1:170664225-170664243(+)	PRRX1	targeting		
PRRX1#chr1:170664230-170664248(+)	PRRX1	targeting		
PRRX1#chr1:170664247-170664265(+)	PRRX1	targeting		
PRRX1#chr1:170664265-170664283(+)	PRRX1	targeting		
PRRX1#chr1:170664370-170664388(+)	PRRX1	targeting		
PRRX1#chr1:170664415-170664433(+)	PRRX1	targeting		
PRRX2#chr9:129665716-129665734(-)	PRRX2	targeting		
PRRX2#chr9:129665734-129665752(+)	PRRX2	targeting		
PRRX2#chr9:129665742-129665760(+)	PRRX2	targeting		
PRRX2#chr9:129665807-129665825(-)	PRRX2	targeting		
PRRX2#chr9:129665896-129665914(-)	PRRX2	targeting		
PRRX2#chr9:129666073-129666091(+)	PRRX2	targeting		
PSIP1#chr9:15510566-15510584(-)	PSIP1	targeting	-0.048305932	0.4656491383604905
PSIP1#chr9:15510764-15510782(+)	PSIP1	targeting	0.2663896	0.0130979856076338
PSIP1#chr9:15510768-15510786(+)	PSIP1	targeting	-0.12043515	0.440685442649221
PSIP1#chr9:15510958-15510976(-)	PSIP1	targeting	-1.8379438	5.778537473398436e-25
PSIP1#chr9:15510969-15510987(+)	PSIP1	targeting	-1.4866146	1.4723925667986766e-08
PSIP1#chr9:15510987-15511005(+)	PSIP1	targeting	0.08178014	0.3505695041015849
PSMA1#chr11:14519918-14519936(+)	PSMA1	targeting	0.12030913	0.7754026525557441
PSMA1#chr11:14519973-14519991(-)	PSMA1	targeting	-0.32522953	0.1161522002391825
PSMA1#chr11:14520074-14520092(+)	PSMA1	targeting	-0.008006839	0.9618264136927326
PSMA1#chr11:14520283-14520301(+)	PSMA1	targeting	-0.0816055	0.703834084993323
PSMA1#chr11:14520286-14520304(+)	PSMA1	targeting	-0.107806325	0.8274061762778624
PSMA1#chr11:14520299-14520317(-)	PSMA1	targeting	-0.50704503	0.2811319879496144
PSMB1#chr6:170552827-170552845(+)	PSMB1	targeting	-0.44340804	1.2477135715879732e-17
PSMB1#chr6:170553037-170553055(+)	PSMB1	targeting	-0.84399843	1.1779605637017932e-05
PSMB1#chr6:170553205-170553223(+)	PSMB1	targeting	-0.31748804	0.0024491595324471
PSMB1#chr6:170553228-170553246(+)	PSMB1	targeting	-1.7956628	0.0908024707401282
PSMB1#chr6:170553258-170553276(-)	PSMB1	targeting	-0.62814283	0.0034543477082926
PSMB1#chr6:170553267-170553285(-)	PSMB1	targeting	-0.62229925	3.965437106305399e-07
PSMB4#chr1:151399570-151399588(+)	PSMB4	targeting	0.11735907	0.3337031458864478
PSMB4#chr1:151399580-151399598(-)	PSMB4	targeting	0.059490062	0.598849768879228
PSMB4#chr1:151399606-151399624(+)	PSMB4	targeting	0.005762324	0.9840476539497008
PSMB4#chr1:151399616-151399634(-)	PSMB4	targeting	0.060581207	0.7359948783817762
PSMB4#chr1:151399752-151399770(+)	PSMB4	targeting	0.059024204	0.6223233116011277
PSMB4#chr1:151399794-151399812(+)	PSMB4	targeting	-0.077321194	0.5401253120921282
PSMC3#chr11:47425762-47425780(-)	PSMC3	targeting	0.0651558	0.6967584923767016
PSMC3#chr11:47425869-47425887(-)	PSMC3	targeting	-0.1295997	0.1147320275340061
PSMC3#chr11:47426188-47426206(+)	PSMC3	targeting	0.036431395	0.9302486333531438
PSMC3#chr11:47426207-47426225(-)	PSMC3	targeting	0.12078168	0.2903820419392166
PSMC3#chr11:47426220-47426238(-)	PSMC3	targeting	-0.23223202	0.2331704697215819
PSMC3#chr11:47426246-47426264(+)	PSMC3	targeting	-0.18615091	0.1879404085794613
PTF1A#chr10:23192333-23192351(-)	PTF1A	targeting		
PTF1A#chr10:23192366-23192384(+)	PTF1A	targeting		
PTF1A#chr10:23192369-23192387(+)	PTF1A	targeting		
PTF1A#chr10:23192616-23192634(-)	PTF1A	targeting		
PTF1A#chr10:23192719-23192737(-)	PTF1A	targeting		
PTF1A#chr10:23192793-23192811(+)	PTF1A	targeting		
PTTG1#chr5:160421840-160421858(+)	PTTG1	targeting	-0.0448613	0.9589838670964872
PTTG1#chr5:160421856-160421874(+)	PTTG1	targeting	-0.44592983	0.2199338271816721
PTTG1#chr5:160421865-160421883(-)	PTTG1	targeting	-1.4808788	1.2072753699946396e-08
PTTG1#chr5:160421910-160421928(+)	PTTG1	targeting	0.015366754	0.9865002986274212
PTTG1#chr5:160421916-160421934(+)	PTTG1	targeting	-0.100454226	0.9169363859108568
PTTG1#chr5:160422043-160422061(+)	PTTG1	targeting	-0.98138565	0.2261189542061077
PUF60#chr8:143828848-143828866(-)	PUF60	targeting	-0.3038532	0.1959592808983669
PUF60#chr8:143829249-143829267(+)	PUF60	targeting	0.09228502	0.7518940079184029
PUF60#chr8:143829269-143829287(+)	PUF60	targeting	-0.18117052	0.7654056071893498
PUF60#chr8:143829303-143829321(-)	PUF60	targeting	-0.23451032	0.1295340935902945
PUF60#chr8:143829314-143829332(-)	PUF60	targeting	0.18048848	0.2927261787512894
PUF60#chr8:143829354-143829372(-)	PUF60	targeting	-0.15944678	0.262507169060264
PURA#chr5:140107805-140107823(-)	PURA	targeting	-0.5772649	0.2927476705860704
PURA#chr5:140107819-140107837(-)	PURA	targeting	-0.70172685	0.1063713692025862
PURA#chr5:140107848-140107866(+)	PURA	targeting	0.04459293	0.8917723177228516
PURA#chr5:140107852-140107870(+)	PURA	targeting	0.24036005	0.4709114918629481
PURA#chr5:140108047-140108065(+)	PURA	targeting	-0.298396	0.1271097521533518
PURA#chr5:140108061-140108079(-)	PURA	targeting	-0.11966209	0.5775921958647097
PURA#chr5:140114164-140114182(+)	PURA	targeting	-0.9090419	0.0093804826507457
PURA#chr5:140114167-140114185(+)	PURA	targeting	-0.17968099	0.577494621052195
PURA#chr5:140114180-140114198(+)	PURA	targeting	-0.79316926	0.021997404770497
PURA#chr5:140114195-140114213(+)	PURA	targeting	-0.11224018	0.8109617144575648
PURA#chr5:140114333-140114351(-)	PURA	targeting	-0.32113597	0.289558578274991
PURA#chr5:140114504-140114522(-)	PURA	targeting	-0.47229266	0.2081608908989252
PURB#chr7:44885259-44885277(+)	PURB	targeting	0.26441106	0.34060109193305
PURB#chr7:44885348-44885366(-)	PURB	targeting	-0.28506312	0.2367204010923947
PURB#chr7:44885437-44885455(-)	PURB	targeting	-0.4643103	0.1429284240693754
PURB#chr7:44885463-44885481(-)	PURB	targeting	-2.1825972	5.263012764647642e-08
PURB#chr7:44885510-44885528(-)	PURB	targeting	0.3466618	0.2103669551724248
PURB#chr7:44885530-44885548(-)	PURB	targeting	-0.061648093	0.7978502873201342
PURG#chr8:31033103-31033121(-)	PURG	targeting	-0.6292004	0.3538966446988965
PURG#chr8:31033270-31033288(+)	PURG	targeting	-0.18426476	0.5580261126212582
PURG#chr8:31033283-31033301(-)	PURG	targeting	-0.1990215	0.5425674417038737
PURG#chr8:31033295-31033313(-)	PURG	targeting	0.040235505	0.9069311575059926
PURG#chr8:31033298-31033316(-)	PURG	targeting	-1.8827894	0.065394628753487
PURG#chr8:31033301-31033319(-)	PURG	targeting	0.16618323	0.5343312181435302
RAG1#chr11:36567997-36568015(+)	RAG1	targeting		
RAG1#chr11:36568002-36568020(+)	RAG1	targeting		
RAG1#chr11:36568049-36568067(-)	RAG1	targeting		
RAG1#chr11:36568077-36568095(-)	RAG1	targeting		
RAG1#chr11:36568085-36568103(+)	RAG1	targeting		
RAG1#chr11:36568399-36568417(+)	RAG1	targeting		
RARA#chr17:40318275-40318293(-)	RARA	targeting		
RARA#chr17:40318306-40318324(+)	RARA	targeting		
RARA#chr17:40318318-40318336(+)	RARA	targeting		
RARA#chr17:40318332-40318350(-)	RARA	targeting		
RARA#chr17:40318481-40318499(-)	RARA	targeting		
RARA#chr17:40318518-40318536(-)	RARA	targeting		
RARA#chr17:40342381-40342399(-)	RARA	targeting		
RARA#chr17:40342397-40342415(+)	RARA	targeting		
RARA#chr17:40342412-40342430(-)	RARA	targeting		
RARA#chr17:40342418-40342436(+)	RARA	targeting		
RARA#chr17:40342427-40342445(-)	RARA	targeting		
RARA#chr17:40342570-40342588(+)	RARA	targeting		
RARB#chr3:25428258-25428276(+)	RARB	targeting	-0.82857543	0.1229022083863116
RARB#chr3:25428276-25428294(+)	RARB	targeting	-0.91542596	0.0184255604234425
RARB#chr3:25428280-25428298(+)	RARB	targeting	-0.14581157	0.7876228240362481
RARB#chr3:25428320-25428338(-)	RARB	targeting	-1.30939	0.1111768181235671
RARB#chr3:25428455-25428473(+)	RARB	targeting	-0.720271	0.0039509096832671
RARB#chr3:25428500-25428518(-)	RARB	targeting	-0.7766897	0.0101173699543959
RARG#chr12:53220106-53220124(+)	RARG	targeting		
RARG#chr12:53220228-53220246(+)	RARG	targeting		
RARG#chr12:53220287-53220305(+)	RARG	targeting		
RARG#chr12:53220315-53220333(-)	RARG	targeting		
RARG#chr12:53220324-53220342(-)	RARG	targeting		
RARG#chr12:53220331-53220349(-)	RARG	targeting		
RARG#chr12:53231789-53231807(-)	RARG	targeting		
RARG#chr12:53231836-53231854(-)	RARG	targeting		
RARG#chr12:53231922-53231940(+)	RARG	targeting		
RARG#chr12:53231962-53231980(-)	RARG	targeting		
RARG#chr12:53232068-53232086(-)	RARG	targeting		
RARG#chr12:53232177-53232195(-)	RARG	targeting		
RAX#chr18:59273308-59273326(-)	RAX	targeting		
RAX#chr18:59273335-59273353(+)	RAX	targeting		
RAX#chr18:59273338-59273356(+)	RAX	targeting		
RAX#chr18:59273375-59273393(-)	RAX	targeting		
RAX#chr18:59273382-59273400(-)	RAX	targeting		
RAX#chr18:59273388-59273406(+)	RAX	targeting		
RAX2#chr19:3771993-3772011(-)	RAX2	targeting		
RAX2#chr19:3772174-3772192(+)	RAX2	targeting		
RAX2#chr19:3772178-3772196(-)	RAX2	targeting		
RAX2#chr19:3772183-3772201(-)	RAX2	targeting		
RAX2#chr19:3772207-3772225(-)	RAX2	targeting		
RAX2#chr19:3772246-3772264(+)	RAX2	targeting		
RB1#chr13:48303814-48303832(+)	RB1	targeting	0.28834924	0.559030566975476
RB1#chr13:48303843-48303861(-)	RB1	targeting	-0.0049333	0.9780389495037178
RB1#chr13:48303865-48303883(-)	RB1	targeting	-0.0032858793	0.9949921133434548
RB1#chr13:48303868-48303886(-)	RB1	targeting	-0.04206017	0.8590726950855474
RB1#chr13:48303878-48303896(-)	RB1	targeting	-0.78918123	0.0247747091777338
RB1#chr13:48303901-48303919(-)	RB1	targeting	-0.12323689	0.720027584230043
RB1CC1#chr8:52656074-52656092(+)	RB1CC1	targeting	-0.15650712	0.8454565399178269
RB1CC1#chr8:52656078-52656096(-)	RB1CC1	targeting	-0.010709986	0.9449094266859404
RB1CC1#chr8:52656162-52656180(-)	RB1CC1	targeting	-0.40299916	0.0853032751574759
RB1CC1#chr8:52656174-52656192(-)	RB1CC1	targeting	0.021951836	0.8297341367557362
RB1CC1#chr8:52656470-52656488(-)	RB1CC1	targeting	0.027051805	0.92462878219326
RB1CC1#chr8:52656474-52656492(-)	RB1CC1	targeting	-0.37251768	0.2791315598912393
RB1CC1#chr8:52714363-52714381(+)	RB1CC1	targeting	-0.09230741	0.606014253432307
RB1CC1#chr8:52714368-52714386(+)	RB1CC1	targeting	0.17567925	0.3767740448903454
RB1CC1#chr8:52714373-52714391(+)	RB1CC1	targeting	-1.1154479	0.0039533626146752
RB1CC1#chr8:52714391-52714409(+)	RB1CC1	targeting	0.31482807	0.0350940803081977
RB1CC1#chr8:52714398-52714416(-)	RB1CC1	targeting	0.09316141	0.4521874086655305
RB1CC1#chr8:52714410-52714428(-)	RB1CC1	targeting	-0.12695529	0.3418040059493623
RBAK#chr7:5045853-5045871(-)	RBAK	targeting		
RBAK#chr7:5045951-5045969(+)	RBAK	targeting		
RBAK#chr7:5046047-5046065(-)	RBAK	targeting		
RBAK#chr7:5046093-5046111(-)	RBAK	targeting		
RBAK#chr7:5046201-5046219(-)	RBAK	targeting		
RBAK#chr7:5046275-5046293(+)	RBAK	targeting		
RBAK#chr7:5072118-5072136(+)	RBAK	targeting		
RBAK#chr7:5072142-5072160(+)	RBAK	targeting		
RBAK#chr7:5072160-5072178(+)	RBAK	targeting		
RBAK#chr7:5072194-5072212(-)	RBAK	targeting		
RBAK#chr7:5072199-5072217(+)	RBAK	targeting		
RBAK#chr7:5072217-5072235(+)	RBAK	targeting		
RBCK1#chr20:408225-408243(+)	RBCK1	targeting	-0.9414244	0.0056868471531582
RBCK1#chr20:408321-408339(-)	RBCK1	targeting	-0.5175772	0.2091540695550888
RBCK1#chr20:408327-408345(+)	RBCK1	targeting	-0.31645772	0.3768321045718261
RBCK1#chr20:408333-408351(-)	RBCK1	targeting	-1.3417009	0.0002107951223998
RBCK1#chr20:408376-408394(+)	RBCK1	targeting	-0.56448543	0.1295920556622843
RBCK1#chr20:408540-408558(-)	RBCK1	targeting	-0.91296923	0.0040387747701045
RBL2#chr16:53434495-53434513(-)	RBL2	targeting	0.036428254	0.8795272890386518
RBL2#chr16:53434520-53434538(-)	RBL2	targeting	-0.9278465	0.0016444745674683
RBL2#chr16:53434526-53434544(-)	RBL2	targeting	-2.2454035	0.0003842029914799
RBL2#chr16:53434529-53434547(+)	RBL2	targeting	-0.22663324	0.4397716988793799
RBL2#chr16:53434546-53434564(-)	RBL2	targeting	-0.09413133	0.7778712057054187
RBL2#chr16:53434563-53434581(-)	RBL2	targeting	-0.68412435	0.0695407788630558
RBL2#chr16:53435641-53435659(+)	RBL2	targeting	0.115446515	0.5579254802575515
RBL2#chr16:53435699-53435717(+)	RBL2	targeting	-0.03487159	0.7622627670861735
RBL2#chr16:53435705-53435723(+)	RBL2	targeting	-0.65745544	0.1339873062406843
RBL2#chr16:53435724-53435742(+)	RBL2	targeting	0.1298988	0.5863611359671792
RBL2#chr16:53435862-53435880(+)	RBL2	targeting	0.022981375	0.952846574822436
RBL2#chr16:53435865-53435883(+)	RBL2	targeting	0.7406152	0.01654293901362
RBMS1#chr2:160493615-160493633(+)	RBMS1	targeting	-0.13721217	0.2636389690080928
RBMS1#chr2:160493621-160493639(+)	RBMS1	targeting	0.08225616	0.4478813402550327
RBMS1#chr2:160493650-160493668(-)	RBMS1	targeting	-0.29896197	0.0019158509013011
RBMS1#chr2:160493758-160493776(+)	RBMS1	targeting	-0.21286198	0.1363930940161645
RBMS1#chr2:160493790-160493808(+)	RBMS1	targeting	-0.15090854	0.2303081217569305
RBMS1#chr2:160493815-160493833(+)	RBMS1	targeting	-0.55971605	3.251572212214498e-15
RBPJ#chr4:26320966-26320984(+)	RBPJ	targeting	0.2689897	0.3082977460058139
RBPJ#chr4:26320979-26320997(+)	RBPJ	targeting	-0.033306744	0.6570001489872058
RBPJ#chr4:26321011-26321029(+)	RBPJ	targeting	-0.1727296	0.0011682945365903
RBPJ#chr4:26321028-26321046(+)	RBPJ	targeting	-0.11294972	0.3991709883269219
RBPJ#chr4:26321040-26321058(+)	RBPJ	targeting	-0.11023201	0.4006382300586287
RBPJ#chr4:26321046-26321064(+)	RBPJ	targeting	-0.10911262	0.1484990606241829
RBPJL#chr20:45306865-45306883(+)	RBPJL	targeting		
RBPJL#chr20:45306869-45306887(+)	RBPJL	targeting		
RBPJL#chr20:45306873-45306891(+)	RBPJL	targeting		
RBPJL#chr20:45306917-45306935(+)	RBPJL	targeting		
RBPJL#chr20:45306921-45306939(-)	RBPJL	targeting		
RBPJL#chr20:45307105-45307123(-)	RBPJL	targeting		
RC3H2#chr9:122905107-122905125(-)	RC3H2	targeting	-1.696883	1.9338693400511088e-10
RC3H2#chr9:122905128-122905146(+)	RC3H2	targeting	-0.74027616	0.0400992253759726
RC3H2#chr9:122905237-122905255(-)	RC3H2	targeting	-0.86633784	0.0040566570570692
RC3H2#chr9:122905243-122905261(+)	RC3H2	targeting	0.0697936	0.8010879135042291
RC3H2#chr9:122905246-122905264(+)	RC3H2	targeting	-0.9120655	0.0010903840244985
RC3H2#chr9:122905249-122905267(+)	RC3H2	targeting	-1.6765163	2.314188782357817e-05
RCAN1#chr21:34526660-34526678(-)	RCAN1	targeting		
RCAN1#chr21:34526783-34526801(-)	RCAN1	targeting		
RCAN1#chr21:34526798-34526816(-)	RCAN1	targeting		
RCAN1#chr21:34526806-34526824(+)	RCAN1	targeting		
RCAN1#chr21:34526811-34526829(-)	RCAN1	targeting		
RCAN1#chr21:34526816-34526834(-)	RCAN1	targeting		
RCOR1#chr14:102592629-102592647(+)	RCOR1	targeting	-1.3160902	3.293892845470203e-07
RCOR1#chr14:102592641-102592659(-)	RCOR1	targeting	-1.377817	5.40608528469653e-07
RCOR1#chr14:102592656-102592674(-)	RCOR1	targeting	-1.4287483	0.0002146937896482
RCOR1#chr14:102592688-102592706(+)	RCOR1	targeting	0.23838678	0.0035624403161291
RCOR1#chr14:102592698-102592716(+)	RCOR1	targeting	-0.18053986	0.0196047312531506
RCOR1#chr14:102592904-102592922(+)	RCOR1	targeting	-0.07954732	0.6455827472333743
RCOR2#chr11:63916556-63916574(+)	RCOR2	targeting	-0.51042265	0.2296428380563942
RCOR2#chr11:63916700-63916718(+)	RCOR2	targeting	-1.2839829	0.01544522058396
RCOR2#chr11:63916766-63916784(-)	RCOR2	targeting	0.1144837	0.8501337446950951
RCOR2#chr11:63917063-63917081(+)	RCOR2	targeting	-0.40166393	0.31546605157865
RCOR2#chr11:63917105-63917123(-)	RCOR2	targeting	-1.442019	0.000363975950892
RCOR2#chr11:63917144-63917162(-)	RCOR2	targeting	-0.45020667	0.1626677851184834
RCOR3#chr1:211259379-211259397(+)	RCOR3	targeting	-0.505889	1.7426550713605475e-08
RCOR3#chr1:211259384-211259402(+)	RCOR3	targeting	-1.2365813	0.0214167839288406
RCOR3#chr1:211259390-211259408(+)	RCOR3	targeting	-0.9528744	5.823819404056464e-19
RCOR3#chr1:211259420-211259438(-)	RCOR3	targeting	-0.23033321	0.0512547956359473
RCOR3#chr1:211259551-211259569(-)	RCOR3	targeting	-1.3755095	6.692553069375526e-20
RCOR3#chr1:211259578-211259596(+)	RCOR3	targeting	-1.0929542	5.953245926250723e-07
REL#chr2:60881597-60881615(+)	REL	targeting	-1.5329114	0.0497453288469025
REL#chr2:60881600-60881618(+)	REL	targeting	-1.5472548	4.605860521796778e-06
REL#chr2:60881604-60881622(-)	REL	targeting	-2.5509984	0.000218426923306
REL#chr2:60881613-60881631(-)	REL	targeting	-1.9302427	4.824677133549039e-06
REL#chr2:60881624-60881642(+)	REL	targeting	-2.7984748	2.3298790846962974e-06
REL#chr2:60881640-60881658(+)	REL	targeting	-0.7518231	0.0725343162622151
RELA#chr11:65662554-65662572(-)	RELA	targeting		
RELA#chr11:65662876-65662894(-)	RELA	targeting		
RELA#chr11:65662888-65662906(+)	RELA	targeting		
RELA#chr11:65662891-65662909(+)	RELA	targeting		
RELA#chr11:65662899-65662917(-)	RELA	targeting		
RELA#chr11:65662935-65662953(-)	RELA	targeting		
RELB#chr19:45001504-45001522(-)	RELB	targeting		
RELB#chr19:45001510-45001528(-)	RELB	targeting		
RELB#chr19:45001518-45001536(-)	RELB	targeting		
RELB#chr19:45001526-45001544(-)	RELB	targeting		
RELB#chr19:45001544-45001562(-)	RELB	targeting		
RELB#chr19:45001891-45001909(+)	RELB	targeting		
REPIN1#chr7:150368865-150368883(+)	REPIN1	targeting		
REPIN1#chr7:150368894-150368912(-)	REPIN1	targeting		
REPIN1#chr7:150368904-150368922(-)	REPIN1	targeting		
REPIN1#chr7:150369051-150369069(+)	REPIN1	targeting		
REPIN1#chr7:150369111-150369129(+)	REPIN1	targeting		
REPIN1#chr7:150369624-150369642(-)	REPIN1	targeting		
RERE#chr1:8817358-8817376(+)	RERE	targeting	-0.14760572	0.1057829823054607
RERE#chr1:8817552-8817570(+)	RERE	targeting	-0.078864425	0.585271432988608
RERE#chr1:8817613-8817631(-)	RERE	targeting	0.096847	0.5658228905990903
RERE#chr1:8817624-8817642(+)	RERE	targeting	-0.16171648	0.1354297911800679
RERE#chr1:8817646-8817664(+)	RERE	targeting	-0.30632564	2.4284302436584204e-15
RERE#chr1:8817659-8817677(-)	RERE	targeting	-0.33076397	8.578003179244616e-06
REST#chr4:56907913-56907931(+)	REST	targeting	-0.270682	0.0734182630856511
REST#chr4:56907930-56907948(+)	REST	targeting	0.2150158	0.1191714434055037
REST#chr4:56907941-56907959(-)	REST	targeting	0.006123216	0.9335282420418292
REST#chr4:56908123-56908141(-)	REST	targeting	-0.18680194	0.6502570318506269
REST#chr4:56908162-56908180(+)	REST	targeting	-0.24775243	0.009263289200809
REST#chr4:56908287-56908305(+)	REST	targeting	0.03507733	0.832468982018598
REST#chr4:56908921-56908939(+)	REST	targeting	0.042865664	0.7895885871419226
REST#chr4:56908955-56908973(+)	REST	targeting	-0.11316726	0.4680451706169902
REST#chr4:56908960-56908978(-)	REST	targeting	-0.038121235	0.7826655029445342
REST#chr4:56908979-56908997(+)	REST	targeting	-0.26235124	0.0263878535538195
REST#chr4:56908984-56909002(-)	REST	targeting	-0.50517106	0.0348479961651175
REST#chr4:56909347-56909365(-)	REST	targeting	-0.8878918	0.0082695330070689
REXO4#chr9:133417559-133417577(-)	REXO4	targeting	-0.6082478	0.1505788455389627
REXO4#chr9:133417953-133417971(-)	REXO4	targeting	-1.1621075	0.215492417409777
REXO4#chr9:133417964-133417982(+)	REXO4	targeting	-0.15130104	0.7488215611740594
REXO4#chr9:133417972-133417990(-)	REXO4	targeting	0.008563173	0.9891409847569052
REXO4#chr9:133417985-133418003(-)	REXO4	targeting	-0.62336504	0.3303340204199303
REXO4#chr9:133417997-133418015(-)	REXO4	targeting	-0.13531944	0.7553841320017243
RFX1#chr19:14006259-14006277(-)	RFX1	targeting	-0.52735466	0.1803297278184195
RFX1#chr19:14006275-14006293(-)	RFX1	targeting	-0.4030981	0.1029010065935371
RFX1#chr19:14006284-14006302(-)	RFX1	targeting	-0.10636972	0.5092744702456129
RFX1#chr19:14006298-14006316(-)	RFX1	targeting	-0.764979	0.0726617774736583
RFX1#chr19:14006301-14006319(-)	RFX1	targeting	-0.9343228	1.2456365420154601e-17
RFX1#chr19:14006331-14006349(-)	RFX1	targeting	-0.036101036	0.9416858157291872
RFX2#chr19:6110396-6110414(+)	RFX2	targeting	-1.453854	3.6722823380278814e-06
RFX2#chr19:6110447-6110465(+)	RFX2	targeting	0.26429844	0.742938242814539
RFX2#chr19:6110463-6110481(-)	RFX2	targeting	-0.7355895	0.1292374761480438
RFX2#chr19:6110466-6110484(+)	RFX2	targeting	-0.4935435	0.412140100690095
RFX2#chr19:6110485-6110503(-)	RFX2	targeting	0.12388505	0.7102516300170844
RFX2#chr19:6110487-6110505(+)	RFX2	targeting	-1.0505195	0.052392420651563
RFX3#chr9:3525576-3525594(+)	RFX3	targeting	0.062216096	0.7423516110620274
RFX3#chr9:3525579-3525597(+)	RFX3	targeting	0.028790353	0.884893729058315
RFX3#chr9:3525730-3525748(+)	RFX3	targeting	0.18947102	0.3949067421280919
RFX3#chr9:3525964-3525982(+)	RFX3	targeting	-0.07772785	0.7505148277905898
RFX3#chr9:3525969-3525987(+)	RFX3	targeting	-0.112503625	0.4550880662492437
RFX3#chr9:3525974-3525992(+)	RFX3	targeting	-0.29996786	0.3804105731324206
RFX4#chr12:106583082-106583100(-)	RFX4	targeting		
RFX4#chr12:106583085-106583103(-)	RFX4	targeting		
RFX4#chr12:106583174-106583192(-)	RFX4	targeting		
RFX4#chr12:106583177-106583195(-)	RFX4	targeting		
RFX4#chr12:106583293-106583311(+)	RFX4	targeting		
RFX4#chr12:106583361-106583379(-)	RFX4	targeting		
RFX5#chr1:151346898-151346916(-)	RFX5	targeting		
RFX5#chr1:151347017-151347035(+)	RFX5	targeting		
RFX5#chr1:151347173-151347191(+)	RFX5	targeting		
RFX5#chr1:151347213-151347231(-)	RFX5	targeting		
RFX5#chr1:151347232-151347250(-)	RFX5	targeting		
RFX5#chr1:151347255-151347273(-)	RFX5	targeting		
RFX6#chr6:116877226-116877244(-)	RFX6	targeting		
RFX6#chr6:116877243-116877261(+)	RFX6	targeting		
RFX6#chr6:116877246-116877264(+)	RFX6	targeting		
RFX6#chr6:116877258-116877276(+)	RFX6	targeting		
RFX6#chr6:116877330-116877348(-)	RFX6	targeting		
RFX6#chr6:116877340-116877358(-)	RFX6	targeting		
RFX7#chr15:56243337-56243355(+)	RFX7	targeting	-2.3248339	5.991220658408281e-07
RFX7#chr15:56243349-56243367(+)	RFX7	targeting	-0.9264085	3.0773516604907954e-14
RFX7#chr15:56243486-56243504(+)	RFX7	targeting	-2.9736292	8.44920419331892e-07
RFX7#chr15:56243720-56243738(-)	RFX7	targeting	-1.0982355	1.1669069982318183e-05
RFX7#chr15:56243721-56243739(-)	RFX7	targeting	-0.8874769	0.0860233997076011
RFX7#chr15:56243738-56243756(-)	RFX7	targeting	-2.6164138	0.0144012705951453
RFX8#chr2:101474204-101474222(-)	RFX8	targeting		
RFX8#chr2:101474347-101474365(-)	RFX8	targeting		
RFX8#chr2:101474425-101474443(-)	RFX8	targeting		
RFX8#chr2:101474454-101474472(+)	RFX8	targeting		
RFX8#chr2:101474567-101474585(+)	RFX8	targeting		
RFX8#chr2:101475004-101475022(-)	RFX8	targeting		
RFXANK#chr19:19192941-19192959(+)	RFXANK	targeting	-1.3513564	7.453375944201383e-05
RFXANK#chr19:19192959-19192977(+)	RFXANK	targeting	-0.37173796	0.3966282824598508
RFXANK#chr19:19192969-19192987(-)	RFXANK	targeting	-1.7685277	0.031049345074041
RFXANK#chr19:19192995-19193013(+)	RFXANK	targeting	-0.049521834	0.8978331859579788
RFXANK#chr19:19193000-19193018(-)	RFXANK	targeting	-0.68825454	0.0938945580746019
RFXANK#chr19:19193172-19193190(-)	RFXANK	targeting	-0.5969186	0.1026375937560381
RFXAP#chr13:36819231-36819249(+)	RFXAP	targeting	-1.0846026	0.0674948271350501
RFXAP#chr13:36819241-36819259(-)	RFXAP	targeting	-0.27793616	0.4269865892676059
RFXAP#chr13:36819245-36819263(-)	RFXAP	targeting	-0.8854618	0.3096227918963061
RFXAP#chr13:36819258-36819276(-)	RFXAP	targeting	-2.0193064	4.0367634734327223e-08
RFXAP#chr13:36819265-36819283(-)	RFXAP	targeting	-1.9308989	0.0221447089478213
RFXAP#chr13:36819300-36819318(-)	RFXAP	targeting	0.335053	0.2256664226829549
RHOXF1#chrX:120116206-120116224(-)	RHOXF1	targeting		
RHOXF1#chrX:120116346-120116364(+)	RHOXF1	targeting		
RHOXF1#chrX:120116354-120116372(+)	RHOXF1	targeting		
RHOXF1#chrX:120116374-120116392(+)	RHOXF1	targeting		
RHOXF1#chrX:120116377-120116395(+)	RHOXF1	targeting		
RHOXF1#chrX:120116451-120116469(-)	RHOXF1	targeting		
RLF#chr1:40161382-40161400(+)	RLF	targeting	-0.3848648	0.0088769029566788
RLF#chr1:40161395-40161413(+)	RLF	targeting	-0.072982125	0.5083587139359862
RLF#chr1:40161445-40161463(+)	RLF	targeting	-1.4365066	4.296148539715991e-05
RLF#chr1:40161811-40161829(-)	RLF	targeting	-0.4436467	0.0015427570528158
RLF#chr1:40161828-40161846(-)	RLF	targeting	-0.71395713	0.0010624870612787
RLF#chr1:40161854-40161872(-)	RLF	targeting	-1.6138805	4.3204471809687454e-06
RNF141#chr11:10540908-10540926(+)	RNF141	targeting	-1.0732208	2.0560873775449962e-07
RNF141#chr11:10540994-10541012(+)	RNF141	targeting	0.53301024	0.0876486083599069
RNF141#chr11:10541106-10541124(+)	RNF141	targeting	-0.49333125	0.3713411193313162
RNF141#chr11:10541130-10541148(+)	RNF141	targeting	-1.6835504	0.0668334878352674
RNF141#chr11:10541136-10541154(+)	RNF141	targeting	-0.17914012	0.3241617447898901
RNF141#chr11:10541174-10541192(+)	RNF141	targeting	0.16420864	0.7200102111504743
RNF2#chr1:185045530-185045548(+)	RNF2	targeting	-0.22869341	0.0257759440075933
RNF2#chr1:185045547-185045565(+)	RNF2	targeting	-1.2629644	3.4125328054646914e-08
RNF2#chr1:185045550-185045568(+)	RNF2	targeting	-0.30023602	0.1182801404213117
RNF2#chr1:185045559-185045577(-)	RNF2	targeting	-0.09773727	0.3663992121467719
RNF2#chr1:185045599-185045617(-)	RNF2	targeting	-2.7456293	3.1866471012705857e-06
RNF2#chr1:185045956-185045974(-)	RNF2	targeting	-1.9767468	9.197027851771508e-79
RNF4#chr4:2469096-2469114(+)	RNF4	targeting	-1.077452	5.330259359930674e-10
RNF4#chr4:2469128-2469146(+)	RNF4	targeting	-2.0624819	0.0069861295066694
RNF4#chr4:2469140-2469158(+)	RNF4	targeting	-0.31659174	0.4262305807288625
RNF4#chr4:2469491-2469509(-)	RNF4	targeting	0.6742074	0.4056714171488675
RNF4#chr4:2469598-2469616(+)	RNF4	targeting	-0.23934858	0.657230419962205
RNF4#chr4:2469602-2469620(+)	RNF4	targeting	-0.26153475	0.7407442992213903
RORA#chr15:61229051-61229069(-)	RORA	targeting	-1.5326012	4.143790957068053e-08
RORA#chr15:61229399-61229417(+)	RORA	targeting	-0.15263945	0.3211442930773376
RORA#chr15:61229418-61229436(+)	RORA	targeting	-0.0774248	0.7755507603656235
RORA#chr15:61229421-61229439(+)	RORA	targeting	-0.16958407	0.574286983148262
RORA#chr15:61229445-61229463(+)	RORA	targeting	-0.15002994	0.1560017984164784
RORA#chr15:61229453-61229471(+)	RORA	targeting	-0.0014607089	0.9911414083196206
RORB#chr9:74497302-74497320(-)	RORB	targeting		
RORB#chr9:74497318-74497336(-)	RORB	targeting		
RORB#chr9:74497369-74497387(-)	RORB	targeting		
RORB#chr9:74497376-74497394(-)	RORB	targeting		
RORB#chr9:74497398-74497416(+)	RORB	targeting		
RORB#chr9:74497412-74497430(-)	RORB	targeting		
RORC#chr1:151825869-151825887(-)	RORC	targeting		
RORC#chr1:151825970-151825988(+)	RORC	targeting		
RORC#chr1:151825976-151825994(+)	RORC	targeting		
RORC#chr1:151825992-151826010(+)	RORC	targeting		
RORC#chr1:151826078-151826096(+)	RORC	targeting		
RORC#chr1:151826084-151826102(-)	RORC	targeting		
RORC#chr1:151831572-151831590(-)	RORC	targeting		
RORC#chr1:151831591-151831609(-)	RORC	targeting		
RORC#chr1:151831669-151831687(-)	RORC	targeting		
RORC#chr1:151831712-151831730(+)	RORC	targeting		
RORC#chr1:151831727-151831745(-)	RORC	targeting		
RORC#chr1:151831746-151831764(+)	RORC	targeting		
RPA3#chr7:7640061-7640079(+)	RPA3	targeting	-0.36411148	0.0393535272560907
RPA3#chr7:7640068-7640086(+)	RPA3	targeting	-1.288828	0.0482721623981704
RPA3#chr7:7640252-7640270(-)	RPA3	targeting	-1.3880849	0.0012713658318837
RPA3#chr7:7640436-7640454(+)	RPA3	targeting	-0.36714223	0.6421309072731387
RPA3#chr7:7640725-7640743(-)	RPA3	targeting	-0.47170743	0.0040397104779995
RPA3#chr7:7640729-7640747(+)	RPA3	targeting	-0.9415266	0.2525293476756718
RPF1#chr1:84479276-84479294(+)	RPF1	targeting	0.28535485	0.6050382310898983
RPF1#chr1:84479295-84479313(-)	RPF1	targeting	-0.04256289	0.9632143278079646
RPF1#chr1:84479500-84479518(+)	RPF1	targeting	-0.086961515	0.9059428352776864
RPF1#chr1:84479505-84479523(+)	RPF1	targeting	-0.5284643	0.0174222398686426
RPF1#chr1:84479567-84479585(+)	RPF1	targeting	-0.30608833	0.6751768404151137
RPF1#chr1:84479671-84479689(-)	RPF1	targeting	-0.66621846	0.284342218429059
RPS4X#chrX:72276872-72276890(-)	RPS4X	targeting	-0.52218264	0.2104262084108706
RPS4X#chrX:72277038-72277056(-)	RPS4X	targeting	-0.58281535	0.0385971019864196
RPS4X#chrX:72277176-72277194(+)	RPS4X	targeting	-0.7016915	0.2476477499238397
RPS4X#chrX:72277186-72277204(+)	RPS4X	targeting	-0.12807812	0.0672503739194872
RPS4X#chrX:72277224-72277242(-)	RPS4X	targeting	-0.3161339	0.5466712782058233
RPS4X#chrX:72277227-72277245(-)	RPS4X	targeting	0.059465986	0.5179366897779556
RREB1#chr6:7107748-7107766(+)	RREB1	targeting	-0.053605724	0.773346364703754
RREB1#chr6:7107758-7107776(+)	RREB1	targeting	-0.10480885	0.4593126403243511
RREB1#chr6:7107781-7107799(+)	RREB1	targeting	0.03391521	0.8383302967048919
RREB1#chr6:7107795-7107813(+)	RREB1	targeting	0.04555219	0.644327986811535
RREB1#chr6:7107994-7108012(-)	RREB1	targeting	-0.36853415	0.0173876463611276
RREB1#chr6:7108075-7108093(-)	RREB1	targeting	-0.2983429	0.0098921416632873
RUNX1#chr21:35048840-35048858(+)	RUNX1	targeting		
RUNX1#chr21:35048844-35048862(-)	RUNX1	targeting		
RUNX1#chr21:35048923-35048941(-)	RUNX1	targeting		
RUNX1#chr21:35049003-35049021(-)	RUNX1	targeting		
RUNX1#chr21:35049033-35049051(-)	RUNX1	targeting		
RUNX1#chr21:35049166-35049184(+)	RUNX1	targeting		
RUNX1T1#chr8:92062352-92062370(-)	RUNX1T1	targeting	0.18818578	0.4629877845059665
RUNX1T1#chr8:92062514-92062532(+)	RUNX1T1	targeting	0.08080199	0.6236746707078922
RUNX1T1#chr8:92062548-92062566(-)	RUNX1T1	targeting	-0.27825332	0.42311481457868
RUNX1T1#chr8:92062556-92062574(-)	RUNX1T1	targeting	0.18177442	0.0915099915236405
RUNX1T1#chr8:92062562-92062580(+)	RUNX1T1	targeting	-0.080993354	0.5297689642738055
RUNX1T1#chr8:92062572-92062590(-)	RUNX1T1	targeting	0.39063635	0.1032294019304859
RUNX1T1#chr8:92095014-92095032(-)	RUNX1T1	targeting	0.09883091	0.8269369009843536
RUNX1T1#chr8:92095018-92095036(-)	RUNX1T1	targeting	-0.25683004	0.3008565124951186
RUNX1T1#chr8:92095158-92095176(+)	RUNX1T1	targeting	-0.07707001	0.4774964566540329
RUNX1T1#chr8:92095168-92095186(-)	RUNX1T1	targeting	-0.07289797	0.7334792396991509
RUNX1T1#chr8:92095171-92095189(-)	RUNX1T1	targeting	-0.37165266	0.1124049096117768
RUNX1T1#chr8:92095215-92095233(-)	RUNX1T1	targeting	-0.006145727	0.9822993268553416
RUNX2#chr6:45328358-45328376(-)	RUNX2	targeting		
RUNX2#chr6:45328443-45328461(-)	RUNX2	targeting		
RUNX2#chr6:45328452-45328470(-)	RUNX2	targeting		
RUNX2#chr6:45328479-45328497(+)	RUNX2	targeting		
RUNX2#chr6:45328592-45328610(+)	RUNX2	targeting		
RUNX2#chr6:45328621-45328639(+)	RUNX2	targeting		
RUNX2#chr6:45422307-45422325(-)	RUNX2	targeting		
RUNX2#chr6:45422309-45422327(+)	RUNX2	targeting		
RUNX2#chr6:45422346-45422364(-)	RUNX2	targeting		
RUNX2#chr6:45422349-45422367(-)	RUNX2	targeting		
RUNX2#chr6:45422358-45422376(-)	RUNX2	targeting		
RUNX2#chr6:45422389-45422407(-)	RUNX2	targeting		
RUNX3#chr1:24930025-24930043(-)	RUNX3	targeting		
RUNX3#chr1:24930133-24930151(-)	RUNX3	targeting		
RUNX3#chr1:24930218-24930236(+)	RUNX3	targeting		
RUNX3#chr1:24930249-24930267(-)	RUNX3	targeting		
RUNX3#chr1:24930262-24930280(-)	RUNX3	targeting		
RUNX3#chr1:24930265-24930283(-)	RUNX3	targeting		
RUNX3#chr1:24964606-24964624(-)	RUNX3	targeting		
RUNX3#chr1:24964924-24964942(+)	RUNX3	targeting		
RUNX3#chr1:24964930-24964948(+)	RUNX3	targeting		
RUNX3#chr1:24964978-24964996(+)	RUNX3	targeting		
RUNX3#chr1:24964986-24965004(-)	RUNX3	targeting		
RUNX3#chr1:24965022-24965040(-)	RUNX3	targeting		
RUVBL1#chr3:128123370-128123388(-)	RUVBL1	targeting	-1.4959822	2.8519270137502692e-08
RUVBL1#chr3:128123581-128123599(-)	RUVBL1	targeting	-0.88238555	0.0646801491940443
RUVBL1#chr3:128123586-128123604(-)	RUVBL1	targeting	-0.76269	0.0003029480605271
RUVBL1#chr3:128123735-128123753(+)	RUVBL1	targeting	-1.0414991	0.0546159067260279
RUVBL1#chr3:128123785-128123803(-)	RUVBL1	targeting	-0.004496225	0.9962470312227985
RUVBL1#chr3:128123791-128123809(-)	RUVBL1	targeting	-0.63334364	0.3492150436342581
RXRA#chr9:134326449-134326467(+)	RXRA	targeting	-0.049450934	0.8848379605867723
RXRA#chr9:134326479-134326497(+)	RXRA	targeting	0.13273849	0.6617488378206512
RXRA#chr9:134326642-134326660(-)	RXRA	targeting	-0.8432303	0.0016489758913051
RXRA#chr9:134326789-134326807(-)	RXRA	targeting	0.13048592	0.5212589797853111
RXRA#chr9:134326815-134326833(+)	RXRA	targeting	0.017586121	0.9488072221061888
RXRA#chr9:134326903-134326921(+)	RXRA	targeting	0.39655936	0.0577081920523948
RXRB#chr6:33200036-33200054(+)	RXRB	targeting		
RXRB#chr6:33200411-33200429(-)	RXRB	targeting		
RXRB#chr6:33200429-33200447(+)	RXRB	targeting		
RXRB#chr6:33200605-33200623(-)	RXRB	targeting		
RXRB#chr6:33200638-33200656(-)	RXRB	targeting		
RXRB#chr6:33200653-33200671(+)	RXRB	targeting		
RXRG#chr1:165444669-165444687(-)	RXRG	targeting	-1.7339658	0.0307097046684274
RXRG#chr1:165445012-165445030(+)	RXRG	targeting	-1.5483129	0.107728608766153
RXRG#chr1:165445040-165445058(+)	RXRG	targeting	-0.057742838	0.9338406820094288
RXRG#chr1:165445047-165445065(-)	RXRG	targeting	0.013562515	0.975875746690828
RXRG#chr1:165445058-165445076(+)	RXRG	targeting	-0.5560925	0.4685708616312152
RXRG#chr1:165445071-165445089(-)	RXRG	targeting	-1.7621446	6.26068127295575e-05
SACM1L#chr3:45689317-45689335(+)	SACM1L	targeting	-0.6892141	0.0070639408315256
SACM1L#chr3:45689393-45689411(+)	SACM1L	targeting	-2.2593079	1.0394906279226503e-08
SACM1L#chr3:45689396-45689414(+)	SACM1L	targeting	-0.4467214	0.0767238871419013
SACM1L#chr3:45689454-45689472(+)	SACM1L	targeting	-1.5809629	8.978384588134185e-09
SACM1L#chr3:45689645-45689663(-)	SACM1L	targeting	-0.9883222	5.807636125908672e-05
SACM1L#chr3:45689666-45689684(+)	SACM1L	targeting	-0.8810188	2.2589017742368735e-11
SAFB#chr19:5623093-5623111(+)	SAFB	targeting	-0.09073865	0.7372606914073161
SAFB#chr19:5623108-5623126(+)	SAFB	targeting	-0.06231576	0.8412749505743804
SAFB#chr19:5623141-5623159(+)	SAFB	targeting	-0.04910181	0.681846289071206
SAFB#chr19:5623162-5623180(+)	SAFB	targeting	-0.03702264	0.7267511693028015
SAFB#chr19:5623204-5623222(+)	SAFB	targeting	-0.081132695	0.588421265877566
SAFB#chr19:5623506-5623524(-)	SAFB	targeting	0.011701197	0.9595126908741218
SAFB2#chr19:5622527-5622545(-)	SAFB2	targeting	-0.092427485	0.5368861522488295
SAFB2#chr19:5622679-5622697(+)	SAFB2	targeting	0.08106405	0.8403815288993974
SAFB2#chr19:5622728-5622746(-)	SAFB2	targeting	0.008928454	0.972150481382848
SAFB2#chr19:5622738-5622756(-)	SAFB2	targeting	-0.06800198	0.8372823660170317
SAFB2#chr19:5622741-5622759(-)	SAFB2	targeting	-0.34429735	0.3032958540519784
SAFB2#chr19:5622757-5622775(-)	SAFB2	targeting	-0.5927004	0.24636861656735
SALL1#chr16:51151031-51151049(+)	SALL1	targeting	0.029714579	0.6871719097451381
SALL1#chr16:51151180-51151198(+)	SALL1	targeting	0.33761454	0.0330231965922502
SALL1#chr16:51151196-51151214(+)	SALL1	targeting	0.005300752	0.9564745565680188
SALL1#chr16:51151233-51151251(-)	SALL1	targeting	0.039693546	0.7785406922869377
SALL1#chr16:51151236-51151254(-)	SALL1	targeting	-0.12099158	0.3767728616159448
SALL1#chr16:51151243-51151261(+)	SALL1	targeting	0.006755346	0.9763783081921584
SALL2#chr14:21525987-21526005(-)	SALL2	targeting	-0.4590375	0.5592546880622424
SALL2#chr14:21526044-21526062(-)	SALL2	targeting	-0.604371	0.1354066996443126
SALL2#chr14:21526110-21526128(-)	SALL2	targeting	-0.10836005	0.7843660945921186
SALL2#chr14:21526190-21526208(+)	SALL2	targeting	-0.8995197	0.1692038997927347
SALL2#chr14:21526221-21526239(+)	SALL2	targeting	-0.21467543	0.6253309300471608
SALL2#chr14:21526240-21526258(+)	SALL2	targeting	-0.3371159	0.4992888180107609
SALL3#chr18:78979845-78979863(-)	SALL3	targeting	-0.3101769	0.2822142525045549
SALL3#chr18:78979858-78979876(-)	SALL3	targeting	-1.355955	0.1049575062762932
SALL3#chr18:78979907-78979925(+)	SALL3	targeting	-0.1814534	0.807114187672984
SALL3#chr18:78979998-78980016(+)	SALL3	targeting	0.15694246	0.5208802196184329
SALL3#chr18:78980028-78980046(-)	SALL3	targeting	0.063257776	0.5775153470170964
SALL3#chr18:78980434-78980452(+)	SALL3	targeting	-0.07572671	0.7745033100550898
SALL4#chr20:51801947-51801965(+)	SALL4	targeting	-0.61421615	0.0846443398588551
SALL4#chr20:51801991-51802009(+)	SALL4	targeting	-0.19691655	0.3896194835147576
SALL4#chr20:51802001-51802019(+)	SALL4	targeting	0.10546048	0.6968323519451761
SALL4#chr20:51802216-51802234(-)	SALL4	targeting	0.12110048	0.4984856821085028
SALL4#chr20:51802403-51802421(+)	SALL4	targeting	-0.0210756	0.9451606585839448
SALL4#chr20:51802458-51802476(-)	SALL4	targeting	-0.5142289	0.2716702711012816
SATB1#chr3:18424848-18424866(+)	SATB1	targeting		
SATB1#chr3:18425000-18425018(-)	SATB1	targeting		
SATB1#chr3:18425125-18425143(-)	SATB1	targeting		
SATB1#chr3:18425288-18425306(-)	SATB1	targeting		
SATB1#chr3:18425310-18425328(-)	SATB1	targeting		
SATB1#chr3:18425323-18425341(+)	SATB1	targeting		
SATB1#chr3:18444605-18444623(+)	SATB1	targeting		
SATB1#chr3:18444645-18444663(+)	SATB1	targeting		
SATB1#chr3:18444791-18444809(+)	SATB1	targeting		
SATB1#chr3:18444802-18444820(+)	SATB1	targeting		
SATB1#chr3:18444812-18444830(+)	SATB1	targeting		
SATB1#chr3:18444817-18444835(+)	SATB1	targeting		
SATB2#chr2:199457903-199457921(-)	SATB2	targeting	-1.1174353	0.0032841959516063
SATB2#chr2:199458419-199458437(+)	SATB2	targeting	-1.0580046	0.0464205855574775
SATB2#chr2:199458477-199458495(+)	SATB2	targeting	-0.055003863	0.8361701653074711
SATB2#chr2:199458536-199458554(-)	SATB2	targeting	-0.3802971	0.0879011082758818
SATB2#chr2:199458624-199458642(+)	SATB2	targeting	-0.763337	0.1875839989949633
SATB2#chr2:199458657-199458675(+)	SATB2	targeting	0.38485417	0.212928942592183
SCAND3#chr6:28587057-28587075(+)	SCAND3	targeting		
SCAND3#chr6:28587205-28587223(-)	SCAND3	targeting		
SCAND3#chr6:28587221-28587239(+)	SCAND3	targeting		
SCAND3#chr6:28587232-28587250(-)	SCAND3	targeting		
SCAND3#chr6:28587280-28587298(-)	SCAND3	targeting		
SCAND3#chr6:28587303-28587321(-)	SCAND3	targeting		
SCAPER#chr15:76905260-76905278(-)	SCAPER	targeting	-3.4720645	0.0001792553328374
SCAPER#chr15:76905269-76905287(+)	SCAPER	targeting	-0.44954214	0.0013721504341264
SCAPER#chr15:76905301-76905319(-)	SCAPER	targeting	-1.5545242	5.5029316324963925e-06
SCAPER#chr15:76905303-76905321(+)	SCAPER	targeting	-0.003198619	0.9819285224373352
SCAPER#chr15:76905306-76905324(+)	SCAPER	targeting	-0.36174178	0.3042205341014101
SCAPER#chr15:76905311-76905329(-)	SCAPER	targeting	-2.434087	5.737350433617329e-13
SCMH1#chr1:41160713-41160731(+)	SCMH1	targeting	-0.22570962	0.4057248298047569
SCMH1#chr1:41160738-41160756(+)	SCMH1	targeting	-0.0041972827	0.9793791633419184
SCMH1#chr1:41160806-41160824(+)	SCMH1	targeting	0.046768993	0.8806831403415984
SCMH1#chr1:41160825-41160843(-)	SCMH1	targeting	0.17319979	0.2400958078256403
SCMH1#chr1:41160877-41160895(-)	SCMH1	targeting	-0.030049246	0.8306164757720497
SCMH1#chr1:41160884-41160902(-)	SCMH1	targeting	0.31941253	0.0544053605113082
SCMH1#chr1:41161088-41161106(-)	SCMH1	targeting	-0.14874896	0.2408398051439219
SCMH1#chr1:41161160-41161178(+)	SCMH1	targeting	0.07766279	0.4357603094420745
SCMH1#chr1:41161353-41161371(+)	SCMH1	targeting	-0.06981245	0.6482925086357056
SCMH1#chr1:41161361-41161379(-)	SCMH1	targeting	0.15682629	0.4243502948368867
SCMH1#chr1:41161366-41161384(-)	SCMH1	targeting	-0.11034458	0.3664506373990712
SCMH1#chr1:41161420-41161438(+)	SCMH1	targeting	0.033702504	0.8640046411797888
SCML4#chr6:107824001-107824019(+)	SCML4	targeting		
SCML4#chr6:107824076-107824094(+)	SCML4	targeting		
SCML4#chr6:107824128-107824146(-)	SCML4	targeting		
SCML4#chr6:107824241-107824259(-)	SCML4	targeting		
SCML4#chr6:107824244-107824262(-)	SCML4	targeting		
SCML4#chr6:107824304-107824322(+)	SCML4	targeting		
SCRT1#chr8:144336352-144336370(-)	SCRT1	targeting		
SCRT1#chr8:144336453-144336471(-)	SCRT1	targeting		
SCRT1#chr8:144336621-144336639(+)	SCRT1	targeting		
SCRT1#chr8:144336670-144336688(+)	SCRT1	targeting		
SCRT1#chr8:144336676-144336694(+)	SCRT1	targeting		
SCRT1#chr8:144336706-144336724(-)	SCRT1	targeting		
SCRT2#chr20:676442-676460(-)	SCRT2	targeting		
SCRT2#chr20:676587-676605(-)	SCRT2	targeting		
SCRT2#chr20:676599-676617(-)	SCRT2	targeting		
SCRT2#chr20:676604-676622(+)	SCRT2	targeting		
SCRT2#chr20:676621-676639(+)	SCRT2	targeting		
SCRT2#chr20:676625-676643(-)	SCRT2	targeting		
SCXA#chr8:144266603-144266621(-)	SCXA	targeting		
SCXA#chr8:144266609-144266627(-)	SCXA	targeting		
SCXA#chr8:144266615-144266633(-)	SCXA	targeting		
SCXA#chr8:144266644-144266662(-)	SCXA	targeting		
SCXA#chr8:144266652-144266670(-)	SCXA	targeting		
SCXB#chr8:144266662-144266680(+)	SCXB	targeting		
SCXB#chr8:144266665-144266683(+)	SCXB	targeting		
SCXB#chr8:144267049-144267067(+)	SCXB	targeting		
SCXB#chr8:144267056-144267074(-)	SCXB	targeting		
SCXB#chr8:144267059-144267077(-)	SCXB	targeting		
SEBOX#chr17:28370126-28370144(-)	SEBOX	targeting		
SEBOX#chr17:28370176-28370194(+)	SEBOX	targeting		
SEBOX#chr17:28370203-28370221(-)	SEBOX	targeting		
SEBOX#chr17:28370252-28370270(-)	SEBOX	targeting		
SEBOX#chr17:28370255-28370273(+)	SEBOX	targeting		
SEBOX#chr17:28370260-28370278(+)	SEBOX	targeting		
SETBP1#chr18:44680123-44680141(+)	SETBP1	targeting	-0.0666929	0.695902405512266
SETBP1#chr18:44680134-44680152(+)	SETBP1	targeting	-1.4512099	4.747181167520121e-06
SETBP1#chr18:44680150-44680168(+)	SETBP1	targeting	-0.86936677	0.0886926136328691
SETBP1#chr18:44680231-44680249(+)	SETBP1	targeting	-1.4168622	5.803976476050924e-12
SETBP1#chr18:44680375-44680393(+)	SETBP1	targeting	-1.6927493	2.344303773296394e-19
SETBP1#chr18:44680774-44680792(-)	SETBP1	targeting	-0.34337592	0.1681473495481894
SETD1A#chr16:30958041-30958059(-)	SETD1A	targeting	-0.19699043	0.6520952884242115
SETD1A#chr16:30958065-30958083(-)	SETD1A	targeting	-0.43763888	0.505694779265659
SETD1A#chr16:30958075-30958093(-)	SETD1A	targeting	0.14847213	0.6198666378048605
SETD1A#chr16:30958372-30958390(+)	SETD1A	targeting	-0.06725387	0.929073743939101
SETD1A#chr16:30958432-30958450(+)	SETD1A	targeting	-0.25962588	0.1100680905808532
SETD1A#chr16:30958461-30958479(+)	SETD1A	targeting	-0.26248083	0.4600008998389666
SETDB1#chr1:150926319-150926337(+)	SETDB1	targeting	-1.0606176	1.970041338134129e-05
SETDB1#chr1:150926386-150926404(-)	SETDB1	targeting	-1.0274072	0.0004910170689033
SETDB1#chr1:150926457-150926475(-)	SETDB1	targeting	-0.37346983	0.1826482290642576
SETDB1#chr1:150926660-150926678(+)	SETDB1	targeting	-1.859173	1.7675236140955108e-10
SETDB1#chr1:150926673-150926691(-)	SETDB1	targeting	-1.9551913	1.9865606421863608e-10
SETDB1#chr1:150926815-150926833(-)	SETDB1	targeting	-1.8585162	2.8747760850033275e-06
SETDB2#chr13:49444287-49444305(-)	SETDB2	targeting	-1.3602041	0.0154251886011286
SETDB2#chr13:49444290-49444308(+)	SETDB2	targeting	-0.5574661	0.3187437435482695
SETDB2#chr13:49444298-49444316(-)	SETDB2	targeting	-1.4387192	0.0642491431523614
SETDB2#chr13:49444304-49444322(+)	SETDB2	targeting	-1.5625587	0.0004179624111991
SETDB2#chr13:49444316-49444334(+)	SETDB2	targeting	-1.3513409	0.0023784299411734
SETDB2#chr13:49444499-49444517(+)	SETDB2	targeting	-1.0626993	0.0072795521859759
SGSM2#chr17:2337491-2337509(-)	SGSM2	targeting		
SGSM2#chr17:2337499-2337517(+)	SGSM2	targeting		
SGSM2#chr17:2337518-2337536(+)	SGSM2	targeting		
SGSM2#chr17:2337672-2337690(+)	SGSM2	targeting		
SGSM2#chr17:2337683-2337701(+)	SGSM2	targeting		
SGSM2#chr17:2337752-2337770(+)	SGSM2	targeting		
SH3D19#chr4:151225913-151225931(-)	SH3D19	targeting	-0.026625142	0.6391199648328115
SH3D19#chr4:151226049-151226067(-)	SH3D19	targeting	-0.061089773	0.4015109860506446
SH3D19#chr4:151226176-151226194(+)	SH3D19	targeting	0.036152996	0.7534852249996038
SH3D19#chr4:151226229-151226247(+)	SH3D19	targeting	-0.021676414	0.735438467311061
SH3D19#chr4:151226392-151226410(+)	SH3D19	targeting	0.08885082	0.4626376442474265
SH3D19#chr4:151226428-151226446(-)	SH3D19	targeting	-0.031099144	0.7792613043984657
SH3D19#chr4:151227651-151227669(-)	SH3D19	targeting	-0.070824385	0.1584604381408896
SH3D19#chr4:151227818-151227836(+)	SH3D19	targeting	-0.06927774	0.6635629842859958
SH3D19#chr4:151227856-151227874(+)	SH3D19	targeting	0.01464306	0.9021178222877392
SH3D19#chr4:151227860-151227878(-)	SH3D19	targeting	-0.15483163	0.0656204660988438
SH3D19#chr4:151227872-151227890(+)	SH3D19	targeting	-0.042190388	0.5628883990348621
SH3D19#chr4:151227877-151227895(+)	SH3D19	targeting	0.006564324	0.9490490622811026
SHOX#chrX:630721-630739(+)	SHOX	targeting		
SHOX#chrX:630807-630825(+)	SHOX	targeting		
SHOX#chrX:630851-630869(+)	SHOX	targeting		
SHOX#chrX:631061-631079(+)	SHOX	targeting		
SHOX#chrX:631185-631203(-)	SHOX	targeting		
SHOX#chrX:631210-631228(-)	SHOX	targeting		
SHOX2#chr3:158105681-158105699(-)	SHOX2	targeting		
SHOX2#chr3:158105685-158105703(-)	SHOX2	targeting		
SHOX2#chr3:158105702-158105720(+)	SHOX2	targeting		
SHOX2#chr3:158105709-158105727(-)	SHOX2	targeting		
SHOX2#chr3:158105730-158105748(-)	SHOX2	targeting		
SHOX2#chr3:158105743-158105761(-)	SHOX2	targeting		
SIM1#chr6:100464680-100464698(-)	SIM1	targeting		
SIM1#chr6:100464837-100464855(-)	SIM1	targeting		
SIM1#chr6:100464843-100464861(-)	SIM1	targeting		
SIM1#chr6:100464846-100464864(-)	SIM1	targeting		
SIM1#chr6:100464863-100464881(+)	SIM1	targeting		
SIM1#chr6:100464901-100464919(-)	SIM1	targeting		
SIM2#chr21:36699107-36699125(+)	SIM2	targeting		
SIM2#chr21:36699132-36699150(+)	SIM2	targeting		
SIM2#chr21:36699158-36699176(+)	SIM2	targeting		
SIM2#chr21:36699164-36699182(-)	SIM2	targeting		
SIM2#chr21:36699200-36699218(+)	SIM2	targeting		
SIM2#chr21:36699546-36699564(-)	SIM2	targeting		
SIN3A#chr15:75451442-75451460(-)	SIN3A	targeting	0.1683877	0.2107838802896097
SIN3A#chr15:75451489-75451507(+)	SIN3A	targeting	-0.051805943	0.5772314531808725
SIN3A#chr15:75451573-75451591(+)	SIN3A	targeting	-0.04077294	0.8617779409410735
SIN3A#chr15:75451603-75451621(+)	SIN3A	targeting	-0.19789523	0.4210344330208687
SIN3A#chr15:75451610-75451628(+)	SIN3A	targeting	0.098195076	0.5231135133148985
SIN3A#chr15:75451681-75451699(-)	SIN3A	targeting	-0.4930841	0.0034273193345057
SIN3A#chr15:75455340-75455358(+)	SIN3A	targeting	0.1405992	0.6337301749190001
SIN3A#chr15:75455408-75455426(+)	SIN3A	targeting	-0.23806252	0.2211526481132744
SIN3A#chr15:75455658-75455676(-)	SIN3A	targeting	-0.49720627	0.217422660522426
SIN3A#chr15:75455699-75455717(+)	SIN3A	targeting	0.08434059	0.4603989408664544
SIN3A#chr15:75455734-75455752(+)	SIN3A	targeting	-0.20858029	0.0482076915090006
SIN3A#chr15:75455799-75455817(+)	SIN3A	targeting	-0.09297902	0.2109054136833771
SIRT6#chr19:4182476-4182494(-)	SIRT6	targeting		
SIRT6#chr19:4182496-4182514(-)	SIRT6	targeting		
SIRT6#chr19:4182521-4182539(-)	SIRT6	targeting		
SIRT6#chr19:4182524-4182542(-)	SIRT6	targeting		
SIRT6#chr19:4182536-4182554(-)	SIRT6	targeting		
SIRT6#chr19:4182574-4182592(-)	SIRT6	targeting		
SIX1#chr14:60649343-60649361(+)	SIX1	targeting		
SIX1#chr14:60649377-60649395(+)	SIX1	targeting		
SIX1#chr14:60649418-60649436(-)	SIX1	targeting		
SIX1#chr14:60649446-60649464(-)	SIX1	targeting		
SIX1#chr14:60649450-60649468(-)	SIX1	targeting		
SIX1#chr14:60649470-60649488(-)	SIX1	targeting		
SIX2#chr2:45009077-45009095(+)	SIX2	targeting		
SIX2#chr2:45009265-45009283(-)	SIX2	targeting		
SIX2#chr2:45009392-45009410(-)	SIX2	targeting		
SIX2#chr2:45009395-45009413(-)	SIX2	targeting		
SIX2#chr2:45009400-45009418(-)	SIX2	targeting		
SIX2#chr2:45009425-45009443(-)	SIX2	targeting		
SIX3#chr2:44941742-44941760(+)	SIX3	targeting	-0.99571145	0.022238153784837
SIX3#chr2:44941766-44941784(+)	SIX3	targeting	0.4834717	0.2050442400041201
SIX3#chr2:44941769-44941787(+)	SIX3	targeting	-0.15091504	0.7431916776938026
SIX3#chr2:44941942-44941960(-)	SIX3	targeting	-1.61055	0.0156133180677641
SIX3#chr2:44942017-44942035(-)	SIX3	targeting	-1.0314847	0.2540744419167634
SIX3#chr2:44942122-44942140(-)	SIX3	targeting	-0.1448625	0.695322223252425
SIX4#chr14:60723908-60723926(+)	SIX4	targeting		
SIX4#chr14:60723972-60723990(-)	SIX4	targeting		
SIX4#chr14:60723994-60724012(-)	SIX4	targeting		
SIX4#chr14:60724271-60724289(+)	SIX4	targeting		
SIX4#chr14:60724310-60724328(-)	SIX4	targeting		
SIX4#chr14:60724329-60724347(-)	SIX4	targeting		
SIX5#chr19:45768763-45768781(-)	SIX5	targeting		
SIX5#chr19:45769085-45769103(-)	SIX5	targeting		
SIX5#chr19:45769172-45769190(+)	SIX5	targeting		
SIX5#chr19:45769207-45769225(-)	SIX5	targeting		
SIX5#chr19:45769211-45769229(-)	SIX5	targeting		
SIX5#chr19:45769291-45769309(-)	SIX5	targeting		
SIX6#chr14:60509189-60509207(+)	SIX6	targeting		
SIX6#chr14:60509222-60509240(-)	SIX6	targeting		
SIX6#chr14:60509225-60509243(-)	SIX6	targeting		
SIX6#chr14:60509228-60509246(-)	SIX6	targeting		
SIX6#chr14:60509263-60509281(-)	SIX6	targeting		
SIX6#chr14:60509272-60509290(-)	SIX6	targeting		
SKI#chr1:2228531-2228549(+)	SKI	targeting	0.34527776	0.2101295687663289
SKI#chr1:2228752-2228770(+)	SKI	targeting	0.12681769	0.3798128801947801
SKI#chr1:2228758-2228776(+)	SKI	targeting	-0.06313045	0.7553124800205722
SKI#chr1:2228905-2228923(+)	SKI	targeting	0.27737275	0.2097521784114167
SKI#chr1:2228908-2228926(+)	SKI	targeting	0.06930393	0.604332963032157
SKI#chr1:2228911-2228929(+)	SKI	targeting	0.08973915	0.6843148180336744
SKIL#chr3:170357705-170357723(+)	SKIL	targeting	-0.985748	5.02053123483548e-14
SKIL#chr3:170357710-170357728(+)	SKIL	targeting	-0.57850194	0.0438975703748624
SKIL#chr3:170357748-170357766(+)	SKIL	targeting	-1.5149535	2.0692069220636205e-11
SKIL#chr3:170357824-170357842(+)	SKIL	targeting	-0.569213	1.9038795722406243e-05
SKIL#chr3:170357956-170357974(+)	SKIL	targeting	-0.0155504495	0.8723523212288936
SKIL#chr3:170358109-170358127(-)	SKIL	targeting	-0.7974922	0.0115268525305861
SKOR1#chr15:67823370-67823388(-)	SKOR1	targeting		
SKOR1#chr15:67823373-67823391(+)	SKOR1	targeting		
SKOR1#chr15:67823387-67823405(-)	SKOR1	targeting		
SKOR1#chr15:67823398-67823416(-)	SKOR1	targeting		
SKOR1#chr15:67823503-67823521(+)	SKOR1	targeting		
SKOR1#chr15:67823657-67823675(-)	SKOR1	targeting		
SKOR2#chr18:47248838-47248856(+)	SKOR2	targeting		
SKOR2#chr18:47249051-47249069(+)	SKOR2	targeting		
SKOR2#chr18:47249114-47249132(+)	SKOR2	targeting		
SKOR2#chr18:47249138-47249156(+)	SKOR2	targeting		
SKOR2#chr18:47249144-47249162(-)	SKOR2	targeting		
SKOR2#chr18:47249155-47249173(+)	SKOR2	targeting		
SLC22A1#chr6:160121862-160121880(+)	SLC22A1	targeting		
SLC22A1#chr6:160121934-160121952(-)	SLC22A1	targeting		
SLC22A1#chr6:160121942-160121960(-)	SLC22A1	targeting		
SLC22A1#chr6:160121946-160121964(-)	SLC22A1	targeting		
SLC22A1#chr6:160122074-160122092(-)	SLC22A1	targeting		
SLC22A1#chr6:160122194-160122212(+)	SLC22A1	targeting		
SLC2A4RG#chr20:63739767-63739785(+)	SLC2A4RG	targeting	-0.15905075	0.8265444329253174
SLC2A4RG#chr20:63739796-63739814(+)	SLC2A4RG	targeting	-1.058682	0.0891092117958955
SLC2A4RG#chr20:63739799-63739817(+)	SLC2A4RG	targeting	-3.4680274	0.0005979499579986
SLC2A4RG#chr20:63739860-63739878(-)	SLC2A4RG	targeting	-0.36270416	0.0582220132836478
SLC2A4RG#chr20:63740347-63740365(-)	SLC2A4RG	targeting	-0.5422265	0.0361983437883618
SLC2A4RG#chr20:63740362-63740380(-)	SLC2A4RG	targeting	0.04722497	0.8423711354293616
SLC30A9#chr4:41990536-41990554(+)	SLC30A9	targeting	-1.8380296	2.853237711287053e-05
SLC30A9#chr4:41990560-41990578(+)	SLC30A9	targeting	0.0047209566	0.9893090468686996
SLC30A9#chr4:41990570-41990588(+)	SLC30A9	targeting	-1.6472676	0.0012314248995221
SLC30A9#chr4:41990582-41990600(+)	SLC30A9	targeting	-1.0290334	0.012432510267565
SLC30A9#chr4:41990600-41990618(+)	SLC30A9	targeting	-1.4790912	0.0011443691075101
SLC30A9#chr4:41990709-41990727(+)	SLC30A9	targeting	-1.0981529	4.896179749447493e-05
SMAD1#chr4:145481793-145481811(+)	SMAD1	targeting	-1.451494	2.2409547727533038e-10
SMAD1#chr4:145481844-145481862(+)	SMAD1	targeting	0.20996773	0.1909050971005674
SMAD1#chr4:145481902-145481920(+)	SMAD1	targeting	-0.31965667	0.4834323387237085
SMAD1#chr4:145482072-145482090(-)	SMAD1	targeting	-0.22380333	0.1000993881647251
SMAD1#chr4:145482248-145482266(-)	SMAD1	targeting	0.06809101	0.8223319093484289
SMAD1#chr4:145482280-145482298(-)	SMAD1	targeting	-1.5463146	7.90467411524086e-06
SMAD2#chr18:47930139-47930157(+)	SMAD2	targeting	-0.037968013	0.8657539875672314
SMAD2#chr18:47930145-47930163(-)	SMAD2	targeting	-0.11354645	0.379318250142621
SMAD2#chr18:47930329-47930347(-)	SMAD2	targeting	0.32013333	0.0753499747103046
SMAD2#chr18:47930387-47930405(-)	SMAD2	targeting	-0.061168533	0.499044915302669
SMAD2#chr18:47930850-47930868(-)	SMAD2	targeting	-0.009582482	0.940609806183184
SMAD2#chr18:47930896-47930914(-)	SMAD2	targeting	0.0177951	0.8353661062990819
SMAD3#chr15:67065846-67065864(-)	SMAD3	targeting	-2.2109985	4.616376112714718e-11
SMAD3#chr15:67065895-67065913(-)	SMAD3	targeting	-0.6338851	0.1143795954159484
SMAD3#chr15:67065899-67065917(-)	SMAD3	targeting	-0.8156953	0.0665757968317003
SMAD3#chr15:67065923-67065941(-)	SMAD3	targeting	0.2277209	0.4511977190540749
SMAD3#chr15:67065928-67065946(-)	SMAD3	targeting	-1.9188015	1.0672777657708137e-12
SMAD3#chr15:67066195-67066213(+)	SMAD3	targeting	-1.3506845	4.2342521292306274e-14
SMAD4#chr18:51030218-51030236(+)	SMAD4	targeting	0.16332301	0.4913414125829002
SMAD4#chr18:51030257-51030275(-)	SMAD4	targeting	-0.5238604	0.018234623565755
SMAD4#chr18:51030262-51030280(+)	SMAD4	targeting	0.03903533	0.5056082014572649
SMAD4#chr18:51030267-51030285(+)	SMAD4	targeting	-0.328021	0.1486573115004539
SMAD4#chr18:51030318-51030336(-)	SMAD4	targeting	-0.5185452	0.0216538894040544
SMAD4#chr18:51030678-51030696(-)	SMAD4	targeting	-1.0759754	0.0302927640203073
SMAD5#chr5:136132866-136132884(+)	SMAD5	targeting	-0.39944965	0.1859320262578424
SMAD5#chr5:136132872-136132890(-)	SMAD5	targeting	-1.0864801	6.28293934251494e-07
SMAD5#chr5:136132916-136132934(+)	SMAD5	targeting	-0.15880156	0.4150825100812968
SMAD5#chr5:136132985-136133003(+)	SMAD5	targeting	-1.2278786	3.256430561923577e-05
SMAD5#chr5:136133253-136133271(+)	SMAD5	targeting	0.008274399	0.910610642121089
SMAD5#chr5:136133352-136133370(-)	SMAD5	targeting	-1.9183843	7.932866183715908e-31
SMAD6#chr15:66702324-66702342(+)	SMAD6	targeting	-1.2404397	5.793121023240159e-12
SMAD6#chr15:66702369-66702387(-)	SMAD6	targeting	-0.67714745	0.0001114081104925
SMAD6#chr15:66702372-66702390(-)	SMAD6	targeting	-0.284125	0.4073426114711858
SMAD6#chr15:66702382-66702400(-)	SMAD6	targeting	-1.2396929	3.08103675979921e-06
SMAD6#chr15:66702386-66702404(+)	SMAD6	targeting	-0.766863	0.0011423230453381
SMAD6#chr15:66702572-66702590(-)	SMAD6	targeting	-0.52273494	0.0037865148833596
SMAD7#chr18:48948885-48948903(-)	SMAD7	targeting	-0.012784327	0.9427271741780688
SMAD7#chr18:48949062-48949080(+)	SMAD7	targeting	0.44959176	0.0070516081423112
SMAD7#chr18:48949278-48949296(+)	SMAD7	targeting	0.65397435	0.0283106547136951
SMAD7#chr18:48949286-48949304(-)	SMAD7	targeting	-0.21902749	0.3999557560168248
SMAD7#chr18:48949303-48949321(-)	SMAD7	targeting	0.2657637	0.3403462848780122
SMAD7#chr18:48950637-48950655(+)	SMAD7	targeting	-0.11048156	0.7902635171356901
SMAD9#chr13:36919721-36919739(-)	SMAD9	targeting	-1.9022318	3.984349369891309e-09
SMAD9#chr13:36919797-36919815(-)	SMAD9	targeting	-0.06412916	0.843390258328343
SMAD9#chr13:36919979-36919997(+)	SMAD9	targeting	-2.399269	2.706965448347248e-12
SMAD9#chr13:36920171-36920189(-)	SMAD9	targeting	-0.12044463	0.4874342217281134
SMAD9#chr13:36920219-36920237(+)	SMAD9	targeting	-1.1256831	0.1206252486491522
SMAD9#chr13:36920246-36920264(-)	SMAD9	targeting	-2.846952	1.1199876126125033e-15
SMARCA1#chrX:129523007-129523025(+)	SMARCA1	targeting	-0.6985341	2.6634669816893524e-26
SMARCA1#chrX:129523093-129523111(+)	SMARCA1	targeting	-1.5963008	2.493543516124304e-20
SMARCA1#chrX:129523265-129523283(-)	SMARCA1	targeting	-1.5405079	2.680000357955165e-05
SMARCA1#chrX:129523268-129523286(-)	SMARCA1	targeting	-0.22986475	0.2588151950688153
SMARCA1#chrX:129523375-129523393(+)	SMARCA1	targeting	-1.8727458	2.331108875426105e-19
SMARCA1#chrX:129523483-129523501(-)	SMARCA1	targeting	-2.5359406	4.695924313663085e-31
SMARCA2#chr9:2015338-2015356(-)	SMARCA2	targeting		
SMARCA2#chr9:2015348-2015366(+)	SMARCA2	targeting		
SMARCA2#chr9:2015385-2015403(-)	SMARCA2	targeting		
SMARCA2#chr9:2015442-2015460(-)	SMARCA2	targeting		
SMARCA2#chr9:2015446-2015464(-)	SMARCA2	targeting		
SMARCA2#chr9:2015547-2015565(+)	SMARCA2	targeting		
SMARCA4#chr19:10961045-10961063(+)	SMARCA4	targeting	-0.040032245	0.6599951362298857
SMARCA4#chr19:10961052-10961070(-)	SMARCA4	targeting	0.030482354	0.7361433356398945
SMARCA4#chr19:10961138-10961156(+)	SMARCA4	targeting	0.0029754003	0.9823147020228288
SMARCA4#chr19:10961495-10961513(-)	SMARCA4	targeting	-0.16849291	0.028820729852498
SMARCA4#chr19:10961500-10961518(+)	SMARCA4	targeting	0.05122417	0.6219477693802281
SMARCA4#chr19:10961507-10961525(-)	SMARCA4	targeting	0.054101728	0.7566884170120716
SMARCA5#chr4:143513688-143513706(+)	SMARCA5	targeting	-0.48237914	0.001555798359343
SMARCA5#chr4:143513692-143513710(-)	SMARCA5	targeting	-1.0932056	7.909243230521255e-11
SMARCA5#chr4:143513705-143513723(+)	SMARCA5	targeting	-0.0074293558	0.9549801614106984
SMARCA5#chr4:143513723-143513741(+)	SMARCA5	targeting	-0.08006765	0.1007351205318175
SMARCA5#chr4:143513961-143513979(-)	SMARCA5	targeting	-0.15637887	0.6104596284769449
SMARCA5#chr4:143514094-143514112(-)	SMARCA5	targeting	-0.7103973	6.7117741555456e-10
SMARCB1#chr22:23786987-23787005(+)	SMARCB1	targeting	0.045040764	0.78043538745919
SMARCB1#chr22:23786990-23787008(+)	SMARCB1	targeting	-0.24849808	0.021673987675835
SMARCB1#chr22:23786994-23787012(-)	SMARCB1	targeting	0.086890124	0.4831912640941438
SMARCB1#chr22:23787031-23787049(+)	SMARCB1	targeting	0.19218343	0.5874384142511101
SMARCB1#chr22:23787045-23787063(-)	SMARCB1	targeting	-0.011745098	0.9422511661133628
SMARCB1#chr22:23787375-23787393(+)	SMARCB1	targeting	-0.020043133	0.9317392578282488
SMARCB1#chr22:23791770-23791788(-)	SMARCB1	targeting	-0.2850441	0.1067107008215386
SMARCB1#chr22:23791773-23791791(-)	SMARCB1	targeting	-0.0020041268	0.9877221451258422
SMARCB1#chr22:23791794-23791812(+)	SMARCB1	targeting	-0.07670424	0.4961963873092008
SMARCB1#chr22:23791797-23791815(+)	SMARCB1	targeting	-0.111115605	0.4528717313916661
SMARCB1#chr22:23791807-23791825(-)	SMARCB1	targeting	-0.1887272	0.2825478710086992
SMARCB1#chr22:23791813-23791831(+)	SMARCB1	targeting	-0.0062013045	0.9678243496607822
SMARCC1#chr3:47781383-47781401(+)	SMARCC1	targeting	-0.1944804	0.0057943388960261
SMARCC1#chr3:47781489-47781507(-)	SMARCC1	targeting	-0.35809994	8.940448549207374e-69
SMARCC1#chr3:47781809-47781827(-)	SMARCC1	targeting	-1.0656748	8.543232457142889e-23
SMARCC1#chr3:47781830-47781848(-)	SMARCC1	targeting	-0.14034685	0.6356841215990605
SMARCC1#chr3:47781840-47781858(-)	SMARCC1	targeting	-1.3586633	5.693640595690939e-53
SMARCC1#chr3:47781854-47781872(-)	SMARCC1	targeting	-0.19161241	0.143591188636342
SMARCC2#chr12:56189298-56189316(-)	SMARCC2	targeting		
SMARCC2#chr12:56189382-56189400(+)	SMARCC2	targeting		
SMARCC2#chr12:56189439-56189457(-)	SMARCC2	targeting		
SMARCC2#chr12:56189442-56189460(-)	SMARCC2	targeting		
SMARCC2#chr12:56189458-56189476(-)	SMARCC2	targeting		
SMARCC2#chr12:56189461-56189479(-)	SMARCC2	targeting		
SMYD2#chr1:214281195-214281213(-)	SMYD2	targeting	-0.50237393	0.0009532794422007
SMYD2#chr1:214281215-214281233(+)	SMYD2	targeting	-0.39522004	0.2700712643014669
SMYD2#chr1:214281239-214281257(+)	SMYD2	targeting	-0.22230436	0.5696107943777887
SMYD2#chr1:214281256-214281274(-)	SMYD2	targeting	-0.34217033	0.4441285937285915
SMYD2#chr1:214281370-214281388(-)	SMYD2	targeting	-1.3064412	0.0009130740452118
SMYD2#chr1:214281407-214281425(-)	SMYD2	targeting	-1.0812404	0.0255055325304277
SMYD3#chr1:246507012-246507030(+)	SMYD3	targeting	-0.8271755	1.5326287483143694e-05
SMYD3#chr1:246507018-246507036(+)	SMYD3	targeting	0.086464114	0.2913666366827513
SMYD3#chr1:246507047-246507065(+)	SMYD3	targeting	-1.1832457	1.3484093898288502e-09
SMYD3#chr1:246507202-246507220(-)	SMYD3	targeting	-2.0234213	1.2425933003304742e-35
SMYD3#chr1:246507239-246507257(-)	SMYD3	targeting	-0.08094438	0.5269173692347899
SMYD3#chr1:246507244-246507262(+)	SMYD3	targeting	-0.062044945	0.5042334816494884
SNAI1#chr20:49982975-49982993(+)	SNAI1	targeting		
SNAI1#chr20:49982987-49983005(+)	SNAI1	targeting		
SNAI1#chr20:49983000-49983018(-)	SNAI1	targeting		
SNAI1#chr20:49983052-49983070(-)	SNAI1	targeting		
SNAI1#chr20:49983194-49983212(+)	SNAI1	targeting		
SNAI1#chr20:49983454-49983472(+)	SNAI1	targeting		
SNAI2#chr8:48921305-48921323(+)	SNAI2	targeting		
SNAI2#chr8:48921322-48921340(+)	SNAI2	targeting		
SNAI2#chr8:48921325-48921343(+)	SNAI2	targeting		
SNAI2#chr8:48921368-48921386(-)	SNAI2	targeting		
SNAI2#chr8:48921371-48921389(+)	SNAI2	targeting		
SNAI2#chr8:48921375-48921393(+)	SNAI2	targeting		
SNAI3#chr16:88686281-88686299(-)	SNAI3	targeting		
SNAI3#chr16:88686402-88686420(+)	SNAI3	targeting		
SNAI3#chr16:88686460-88686478(-)	SNAI3	targeting		
SNAI3#chr16:88686467-88686485(-)	SNAI3	targeting		
SNAI3#chr16:88686475-88686493(+)	SNAI3	targeting		
SNAI3#chr16:88686481-88686499(-)	SNAI3	targeting		
SNAPC1#chr14:61762410-61762428(+)	SNAPC1	targeting	0.15999886	0.8625272215959165
SNAPC1#chr14:61762418-61762436(-)	SNAPC1	targeting	-0.36217335	0.1299761215754724
SNAPC1#chr14:61762428-61762446(+)	SNAPC1	targeting	-0.63008547	0.4722322452494413
SNAPC1#chr14:61762444-61762462(+)	SNAPC1	targeting	-1.1757482	0.2704221265657423
SNAPC1#chr14:61762712-61762730(-)	SNAPC1	targeting	-1.2835356	0.0035392602388505
SNAPC1#chr14:61762778-61762796(-)	SNAPC1	targeting	-0.33340678	0.7076597573982761
SNAPC2#chr19:7920344-7920362(+)	SNAPC2	targeting		
SNAPC2#chr19:7920354-7920372(-)	SNAPC2	targeting		
SNAPC2#chr19:7920392-7920410(+)	SNAPC2	targeting		
SNAPC2#chr19:7920764-7920782(+)	SNAPC2	targeting		
SNAPC2#chr19:7921000-7921018(+)	SNAPC2	targeting		
SNAPC2#chr19:7921020-7921038(+)	SNAPC2	targeting		
SNAPC3#chr9:15422862-15422880(+)	SNAPC3	targeting	-0.3311886	0.5888304440137637
SNAPC3#chr9:15422881-15422899(+)	SNAPC3	targeting	-0.5553874	0.2302317364552759
SNAPC3#chr9:15422897-15422915(-)	SNAPC3	targeting	-0.3568097	0.3236173977000012
SNAPC3#chr9:15422902-15422920(+)	SNAPC3	targeting	0.046759512	0.9314871674084706
SNAPC3#chr9:15422905-15422923(+)	SNAPC3	targeting	-0.25287315	0.4164448541611693
SNAPC3#chr9:15423102-15423120(+)	SNAPC3	targeting	-1.8311328	0.0059884592984915
SNAPC4#chr9:136376833-136376851(-)	SNAPC4	targeting	0.24232571	0.1309624421438799
SNAPC4#chr9:136377162-136377180(-)	SNAPC4	targeting	0.0321881	0.9317417731078708
SNAPC4#chr9:136377244-136377262(-)	SNAPC4	targeting	-0.2926919	0.4156526320797242
SNAPC4#chr9:136377252-136377270(+)	SNAPC4	targeting	-0.32979167	0.6366356564793327
SNAPC4#chr9:136377436-136377454(-)	SNAPC4	targeting	0.2922374	0.4285599181140773
SNAPC4#chr9:136377467-136377485(+)	SNAPC4	targeting	0.034950152	0.9444755234160032
SNAPC5#chr15:66497410-66497428(-)	SNAPC5	targeting	-0.89085096	0.0250107617687789
SNAPC5#chr15:66497598-66497616(+)	SNAPC5	targeting	-1.1787146	0.0033352264424359
SNAPC5#chr15:66497739-66497757(+)	SNAPC5	targeting	-0.28911498	0.4792873814561997
SNAPC5#chr15:66497752-66497770(-)	SNAPC5	targeting	0.017596915	0.975621507834409
SNAPC5#chr15:66497756-66497774(-)	SNAPC5	targeting	-0.39114946	0.507144983201131
SNAPC5#chr15:66497759-66497777(-)	SNAPC5	targeting	-0.5508978	0.2219596897042066
SOHLH1#chr9:135699409-135699427(+)	SOHLH1	targeting		
SOHLH1#chr9:135699419-135699437(+)	SOHLH1	targeting		
SOHLH1#chr9:135699425-135699443(+)	SOHLH1	targeting		
SOHLH1#chr9:135699437-135699455(-)	SOHLH1	targeting		
SOHLH1#chr9:135699440-135699458(-)	SOHLH1	targeting		
SOHLH1#chr9:135699459-135699477(-)	SOHLH1	targeting		
SOHLH2#chr13:36214360-36214378(-)	SOHLH2	targeting		
SOHLH2#chr13:36214473-36214491(+)	SOHLH2	targeting		
SOHLH2#chr13:36214485-36214503(+)	SOHLH2	targeting		
SOHLH2#chr13:36214498-36214516(+)	SOHLH2	targeting		
SOHLH2#chr13:36214532-36214550(-)	SOHLH2	targeting		
SOHLH2#chr13:36214534-36214552(+)	SOHLH2	targeting		
SON#chr21:33543047-33543065(+)	SON	targeting	0.13257433	0.4479224050602962
SON#chr21:33543066-33543084(+)	SON	targeting	-0.20808348	0.6332071024009613
SON#chr21:33543453-33543471(-)	SON	targeting	0.0010358453	0.989140952768924
SON#chr21:33543472-33543490(-)	SON	targeting	-0.06648496	0.4871171634653067
SON#chr21:33543484-33543502(-)	SON	targeting	-0.091577515	0.7668125859039505
SON#chr21:33543549-33543567(-)	SON	targeting	0.15344918	0.3355137468698906
SON#chr21:33549545-33549563(-)	SON	targeting	0.4535282	0.5108061678390692
SON#chr21:33549648-33549666(+)	SON	targeting	0.1192252	0.4391339129867336
SON#chr21:33549718-33549736(-)	SON	targeting	0.021214142	0.8608673836901332
SON#chr21:33549742-33549760(-)	SON	targeting	-0.043642994	0.7033610548754652
SON#chr21:33549770-33549788(-)	SON	targeting	-0.20582247	0.1202820598120907
SON#chr21:33549796-33549814(+)	SON	targeting	-0.10487173	0.2228508427331627
SOX1#chr13:112067181-112067199(-)	SOX1	targeting		
SOX1#chr13:112067199-112067217(-)	SOX1	targeting		
SOX1#chr13:112067214-112067232(-)	SOX1	targeting		
SOX1#chr13:112067233-112067251(+)	SOX1	targeting		
SOX1#chr13:112067596-112067614(-)	SOX1	targeting		
SOX1#chr13:112067788-112067806(+)	SOX1	targeting		
SOX10#chr22:37984345-37984363(+)	SOX10	targeting		
SOX10#chr22:37984471-37984489(+)	SOX10	targeting		
SOX10#chr22:37984475-37984493(+)	SOX10	targeting		
SOX10#chr22:37984502-37984520(-)	SOX10	targeting		
SOX10#chr22:37984509-37984527(-)	SOX10	targeting		
SOX10#chr22:37984524-37984542(-)	SOX10	targeting		
SOX11#chr2:5692396-5692414(+)	SOX11	targeting	-1.1502993	2.236425440826601e-05
SOX11#chr2:5692405-5692423(-)	SOX11	targeting	-1.100758	0.0179620037334347
SOX11#chr2:5692428-5692446(+)	SOX11	targeting	-0.12142541	0.6141559895239668
SOX11#chr2:5692449-5692467(-)	SOX11	targeting	-1.6797401	7.452041867204168e-09
SOX11#chr2:5692490-5692508(-)	SOX11	targeting	-0.18192391	0.0465789354943827
SOX11#chr2:5692493-5692511(-)	SOX11	targeting	-0.5408834	2.6523570149064245e-08
SOX12#chr20:325872-325890(-)	SOX12	targeting		
SOX12#chr20:325891-325909(-)	SOX12	targeting		
SOX12#chr20:325907-325925(+)	SOX12	targeting		
SOX12#chr20:325911-325929(-)	SOX12	targeting		
SOX12#chr20:325941-325959(+)	SOX12	targeting		
SOX12#chr20:326068-326086(+)	SOX12	targeting		
SOX13#chr1:204073095-204073113(-)	SOX13	targeting	-0.80282664	0.0036212761430576
SOX13#chr1:204073104-204073122(-)	SOX13	targeting	-0.49780455	0.2735202304866027
SOX13#chr1:204073138-204073156(-)	SOX13	targeting	-0.8112505	0.0351944417822681
SOX13#chr1:204073154-204073172(-)	SOX13	targeting	0.05011427	0.8521466564689062
SOX13#chr1:204073191-204073209(+)	SOX13	targeting	-0.7478994	0.0031470309435939
SOX13#chr1:204073305-204073323(+)	SOX13	targeting	-0.9763322	0.0631151393241357
SOX14#chr3:137764309-137764327(-)	SOX14	targeting		
SOX14#chr3:137764344-137764362(+)	SOX14	targeting		
SOX14#chr3:137764348-137764366(+)	SOX14	targeting		
SOX14#chr3:137764362-137764380(-)	SOX14	targeting		
SOX14#chr3:137764570-137764588(-)	SOX14	targeting		
SOX14#chr3:137764672-137764690(+)	SOX14	targeting		
SOX15#chr17:7589761-7589779(-)	SOX15	targeting		
SOX15#chr17:7589891-7589909(-)	SOX15	targeting		
SOX15#chr17:7590016-7590034(-)	SOX15	targeting		
SOX15#chr17:7590030-7590048(-)	SOX15	targeting		
SOX15#chr17:7590038-7590056(+)	SOX15	targeting		
SOX15#chr17:7590057-7590075(+)	SOX15	targeting		
SOX17#chr8:54457938-54457956(+)	SOX17	targeting	-0.38239533	0.2028450765008949
SOX17#chr8:54457963-54457981(-)	SOX17	targeting	-1.2912318	2.9612968840726195e-30
SOX17#chr8:54457983-54458001(+)	SOX17	targeting	-2.019376	3.1627476777893456e-61
SOX17#chr8:54457986-54458004(+)	SOX17	targeting	-1.9188985	6.494590781296538e-18
SOX17#chr8:54458095-54458113(+)	SOX17	targeting	-2.6588316	2.8262790328421416e-41
SOX17#chr8:54458136-54458154(+)	SOX17	targeting	-0.38541356	0.0008009747875396
SOX18#chr20:64049282-64049300(-)	SOX18	targeting		
SOX18#chr20:64049410-64049428(+)	SOX18	targeting		
SOX18#chr20:64049589-64049607(-)	SOX18	targeting		
SOX18#chr20:64049605-64049623(+)	SOX18	targeting		
SOX18#chr20:64049609-64049627(+)	SOX18	targeting		
SOX18#chr20:64049617-64049635(+)	SOX18	targeting		
SOX2#chr3:181711908-181711926(+)	SOX2	targeting		
SOX2#chr3:181712018-181712036(-)	SOX2	targeting		
SOX2#chr3:181712126-181712144(+)	SOX2	targeting		
SOX2#chr3:181712171-181712189(-)	SOX2	targeting		
SOX2#chr3:181712398-181712416(+)	SOX2	targeting		
SOX2#chr3:181712421-181712439(+)	SOX2	targeting		
SOX21#chr13:94712239-94712257(-)	SOX21	targeting		
SOX21#chr13:94712467-94712485(+)	SOX21	targeting		
SOX21#chr13:94712498-94712516(-)	SOX21	targeting		
SOX21#chr13:94712500-94712518(+)	SOX21	targeting		
SOX21#chr13:94712503-94712521(+)	SOX21	targeting		
SOX21#chr13:94712518-94712536(-)	SOX21	targeting		
SOX3#chrX:140504675-140504693(-)	SOX3	targeting		
SOX3#chrX:140504822-140504840(+)	SOX3	targeting		
SOX3#chrX:140504849-140504867(+)	SOX3	targeting		
SOX3#chrX:140504955-140504973(+)	SOX3	targeting		
SOX3#chrX:140505001-140505019(+)	SOX3	targeting		
SOX3#chrX:140505018-140505036(-)	SOX3	targeting		
SOX30#chr5:157651937-157651955(+)	SOX30	targeting		
SOX30#chr5:157652293-157652311(-)	SOX30	targeting		
SOX30#chr5:157652312-157652330(+)	SOX30	targeting		
SOX30#chr5:157652316-157652334(+)	SOX30	targeting		
SOX30#chr5:157652331-157652349(-)	SOX30	targeting		
SOX30#chr5:157652343-157652361(-)	SOX30	targeting		
SOX30#chr5:157671198-157671216(-)	SOX30	targeting		
SOX30#chr5:157671368-157671386(+)	SOX30	targeting		
SOX30#chr5:157671371-157671389(+)	SOX30	targeting		
SOX30#chr5:157671377-157671395(-)	SOX30	targeting		
SOX30#chr5:157671387-157671405(-)	SOX30	targeting		
SOX30#chr5:157671427-157671445(-)	SOX30	targeting		
SOX4#chr6:21593726-21593744(+)	SOX4	targeting	-0.20268583	0.024072223617642
SOX4#chr6:21593797-21593815(-)	SOX4	targeting	-0.40836197	0.0001473071272349
SOX4#chr6:21593972-21593990(-)	SOX4	targeting	-0.1368423	0.4716844434488965
SOX4#chr6:21593986-21594004(-)	SOX4	targeting	-0.28590366	1.0882454985326863e-05
SOX4#chr6:21594155-21594173(+)	SOX4	targeting	-0.68412805	0.0168747762683409
SOX4#chr6:21594209-21594227(-)	SOX4	targeting	-0.5276222	1.7054232157529625e-07
SOX4#chr6:21597711-21597729(+)	SOX4	targeting	-0.0699587	0.6448495349669985
SOX4#chr6:21597757-21597775(-)	SOX4	targeting	-0.020763773	0.8458296627075408
SOX4#chr6:21597813-21597831(-)	SOX4	targeting	0.18221873	0.1010427323853914
SOX4#chr6:21597868-21597886(-)	SOX4	targeting	0.062969945	0.5437892046501529
SOX4#chr6:21597874-21597892(+)	SOX4	targeting	-0.028459234	0.8577326442896785
SOX4#chr6:21597895-21597913(+)	SOX4	targeting	0.14441474	0.0828183884103164
SOX5#chr12:23895747-23895765(+)	SOX5	targeting	0.047773834	0.7425540319245714
SOX5#chr12:23895795-23895813(-)	SOX5	targeting	0.0012844997	0.9845425077970398
SOX5#chr12:23895978-23895996(+)	SOX5	targeting	-0.21701626	0.1589647439323724
SOX5#chr12:23895983-23896001(+)	SOX5	targeting	-0.027168952	0.7910548419226157
SOX5#chr12:23895994-23896012(-)	SOX5	targeting	-0.016009755	0.8871574043441691
SOX5#chr12:23896007-23896025(+)	SOX5	targeting	-0.1380645	0.4074491547647068
SOX5#chr12:23949569-23949587(+)	SOX5	targeting	-0.04770349	0.5480745518812987
SOX5#chr12:23949655-23949673(-)	SOX5	targeting	0.038940135	0.846897556963639
SOX5#chr12:23949664-23949682(-)	SOX5	targeting	-0.22294034	0.2561813728307607
SOX5#chr12:23949827-23949845(-)	SOX5	targeting	-0.070153736	0.7801902486530222
SOX5#chr12:23949832-23949850(+)	SOX5	targeting	-0.2572221	0.117137567575002
SOX5#chr12:23949836-23949854(-)	SOX5	targeting	-0.003805271	0.979870056670831
SOX6#chr11:16341166-16341184(+)	SOX6	targeting		
SOX6#chr11:16341170-16341188(-)	SOX6	targeting		
SOX6#chr11:16341200-16341218(-)	SOX6	targeting		
SOX6#chr11:16341205-16341223(-)	SOX6	targeting		
SOX6#chr11:16341208-16341226(+)	SOX6	targeting		
SOX6#chr11:16341220-16341238(+)	SOX6	targeting		
SOX6#chr11:16402517-16402535(-)	SOX6	targeting		
SOX6#chr11:16402688-16402706(-)	SOX6	targeting		
SOX6#chr11:16402694-16402712(-)	SOX6	targeting		
SOX6#chr11:16402722-16402740(+)	SOX6	targeting		
SOX6#chr11:16402728-16402746(-)	SOX6	targeting		
SOX6#chr11:16402734-16402752(-)	SOX6	targeting		
SOX6#chr11:16475902-16475920(+)	SOX6	targeting		
SOX6#chr11:16476028-16476046(-)	SOX6	targeting		
SOX6#chr11:16476089-16476107(+)	SOX6	targeting		
SOX6#chr11:16476141-16476159(-)	SOX6	targeting		
SOX6#chr11:16476307-16476325(-)	SOX6	targeting		
SOX6#chr11:16476349-16476367(-)	SOX6	targeting		
SOX7#chr8:10839664-10839682(-)	SOX7	targeting		
SOX7#chr8:10839784-10839802(-)	SOX7	targeting		
SOX7#chr8:10839790-10839808(+)	SOX7	targeting		
SOX7#chr8:10839828-10839846(-)	SOX7	targeting		
SOX7#chr8:10839839-10839857(+)	SOX7	targeting		
SOX7#chr8:10839842-10839860(+)	SOX7	targeting		
SOX8#chr16:981821-981839(+)	SOX8	targeting		
SOX8#chr16:981825-981843(-)	SOX8	targeting		
SOX8#chr16:981840-981858(+)	SOX8	targeting		
SOX8#chr16:981956-981974(-)	SOX8	targeting		
SOX8#chr16:982134-982152(+)	SOX8	targeting		
SOX8#chr16:982388-982406(-)	SOX8	targeting		
SOX9#chr17:72121014-72121032(+)	SOX9	targeting		
SOX9#chr17:72121031-72121049(+)	SOX9	targeting		
SOX9#chr17:72121080-72121098(-)	SOX9	targeting		
SOX9#chr17:72121188-72121206(-)	SOX9	targeting		
SOX9#chr17:72121229-72121247(-)	SOX9	targeting		
SOX9#chr17:72121245-72121263(-)	SOX9	targeting		
SP1#chr12:53380184-53380202(-)	SP1	targeting	0.17376752	0.2820326712416429
SP1#chr12:53380195-53380213(-)	SP1	targeting	-0.8267971	0.0771586101405549
SP1#chr12:53380213-53380231(-)	SP1	targeting	-0.6155681	0.0346095307650236
SP1#chr12:53380293-53380311(-)	SP1	targeting	-0.32394704	0.1332589130937011
SP1#chr12:53380367-53380385(+)	SP1	targeting	0.17863715	0.2094862999065904
SP1#chr12:53380591-53380609(-)	SP1	targeting	0.20564502	0.2814902222308715
SP100#chr2:230416187-230416205(+)	SP100	targeting		
SP100#chr2:230416194-230416212(-)	SP100	targeting		
SP100#chr2:230416229-230416247(+)	SP100	targeting		
SP100#chr2:230416237-230416255(+)	SP100	targeting		
SP100#chr2:230416358-230416376(-)	SP100	targeting		
SP100#chr2:230416596-230416614(+)	SP100	targeting		
SP110#chr2:230219609-230219627(+)	SP110	targeting		
SP110#chr2:230219732-230219750(-)	SP110	targeting		
SP110#chr2:230219743-230219761(-)	SP110	targeting		
SP110#chr2:230219891-230219909(+)	SP110	targeting		
SP110#chr2:230219921-230219939(+)	SP110	targeting		
SP110#chr2:230219933-230219951(+)	SP110	targeting		
SP140#chr2:230225743-230225761(+)	SP140	targeting		
SP140#chr2:230225760-230225778(-)	SP140	targeting		
SP140#chr2:230225815-230225833(+)	SP140	targeting		
SP140#chr2:230225926-230225944(-)	SP140	targeting		
SP140#chr2:230225928-230225946(+)	SP140	targeting		
SP140#chr2:230225935-230225953(-)	SP140	targeting		
SP140L#chr2:230327166-230327184(+)	SP140L	targeting		
SP140L#chr2:230327198-230327216(+)	SP140L	targeting		
SP140L#chr2:230327210-230327228(+)	SP140L	targeting		
SP140L#chr2:230327215-230327233(+)	SP140L	targeting		
SP140L#chr2:230327241-230327259(+)	SP140L	targeting		
SP140L#chr2:230327416-230327434(+)	SP140L	targeting		
SP2#chr17:47896230-47896248(+)	SP2	targeting		
SP2#chr17:47896273-47896291(+)	SP2	targeting		
SP2#chr17:47896308-47896326(-)	SP2	targeting		
SP2#chr17:47896658-47896676(-)	SP2	targeting		
SP2#chr17:47896689-47896707(-)	SP2	targeting		
SP2#chr17:47896702-47896720(-)	SP2	targeting		
SP3#chr2:173963513-173963531(-)	SP3	targeting	0.12584983	0.2306592455845117
SP3#chr2:173963585-173963603(+)	SP3	targeting	-0.21191363	0.395326754085666
SP3#chr2:173963614-173963632(+)	SP3	targeting	0.3309481	0.4979543352948155
SP3#chr2:173963847-173963865(+)	SP3	targeting	-0.3736298	0.0219440647884187
SP3#chr2:173963853-173963871(+)	SP3	targeting	-0.8526399	2.414289752957389e-08
SP3#chr2:173964242-173964260(+)	SP3	targeting	0.11036136	0.600279800203632
SP4#chr7:21428042-21428060(+)	SP4	targeting	-0.8317651	0.2317405383159154
SP4#chr7:21428095-21428113(+)	SP4	targeting	-1.1145356	2.4502884639501973e-19
SP4#chr7:21428125-21428143(-)	SP4	targeting	-0.14473666	0.71185536792208
SP4#chr7:21428141-21428159(-)	SP4	targeting	-1.941526	0.0325263571803257
SP4#chr7:21428144-21428162(-)	SP4	targeting	-0.36798272	0.1029407782499397
SP4#chr7:21428238-21428256(+)	SP4	targeting	0.24151619	0.3688947289954034
SP5#chr2:170715355-170715373(+)	SP5	targeting		
SP5#chr2:170715364-170715382(+)	SP5	targeting		
SP5#chr2:170715389-170715407(+)	SP5	targeting		
SP5#chr2:170715437-170715455(-)	SP5	targeting		
SP5#chr2:170715565-170715583(+)	SP5	targeting		
SP5#chr2:170716304-170716322(-)	SP5	targeting		
SP6#chr17:47850987-47851005(+)	SP6	targeting		
SP6#chr17:47851021-47851039(+)	SP6	targeting		
SP6#chr17:47851024-47851042(+)	SP6	targeting		
SP6#chr17:47851083-47851101(+)	SP6	targeting		
SP6#chr17:47851141-47851159(-)	SP6	targeting		
SP6#chr17:47851144-47851162(-)	SP6	targeting		
SP7#chr12:53336226-53336244(-)	SP7	targeting		
SP7#chr12:53336279-53336297(-)	SP7	targeting		
SP7#chr12:53336295-53336313(-)	SP7	targeting		
SP7#chr12:53336303-53336321(-)	SP7	targeting		
SP7#chr12:53336315-53336333(-)	SP7	targeting		
SP7#chr12:53336372-53336390(+)	SP7	targeting		
SP8#chr7:20786502-20786520(+)	SP8	targeting	-0.09299308	0.9117326089954576
SP8#chr7:20786673-20786691(+)	SP8	targeting	-0.042085804	0.8811901489336118
SP8#chr7:20786692-20786710(-)	SP8	targeting	0.08373376	0.7135242673780986
SP8#chr7:20786818-20786836(-)	SP8	targeting	0.04600825	0.8973156802379371
SP8#chr7:20786821-20786839(-)	SP8	targeting	-0.20425016	0.5531214828588403
SP8#chr7:20786907-20786925(-)	SP8	targeting	-0.71767986	0.0899757548108503
SP9#chr2:174334930-174334948(+)	SP9	targeting		
SP9#chr2:174334966-174334984(+)	SP9	targeting		
SP9#chr2:174334975-174334993(-)	SP9	targeting		
SP9#chr2:174335013-174335031(-)	SP9	targeting		
SP9#chr2:174335091-174335109(+)	SP9	targeting		
SP9#chr2:174335159-174335177(+)	SP9	targeting		
SPDEF#chr6:34555882-34555900(+)	SPDEF	targeting		
SPDEF#chr6:34555931-34555949(-)	SPDEF	targeting		
SPDEF#chr6:34555961-34555979(+)	SPDEF	targeting		
SPDEF#chr6:34556236-34556254(+)	SPDEF	targeting		
SPDEF#chr6:34556245-34556263(+)	SPDEF	targeting		
SPDEF#chr6:34556280-34556298(+)	SPDEF	targeting		
SPEN#chr1:15847812-15847830(+)	SPEN	targeting	-0.03504325	0.7838320721682515
SPEN#chr1:15847822-15847840(+)	SPEN	targeting	-1.0191213	1.5510963069546337e-13
SPEN#chr1:15847830-15847848(+)	SPEN	targeting	-0.4668616	0.1161377171264025
SPEN#chr1:15847874-15847892(+)	SPEN	targeting	-0.8702995	0.000836280216901
SPEN#chr1:15847900-15847918(+)	SPEN	targeting	-0.212632	0.0727503358149653
SPEN#chr1:15848250-15848268(+)	SPEN	targeting	-0.15531868	0.4880782522543467
SPI1#chr11:47378292-47378310(+)	SPI1	targeting		
SPI1#chr11:47378429-47378447(-)	SPI1	targeting		
SPI1#chr11:47378432-47378450(+)	SPI1	targeting		
SPI1#chr11:47378469-47378487(+)	SPI1	targeting		
SPI1#chr11:47378477-47378495(+)	SPI1	targeting		
SPI1#chr11:47378513-47378531(-)	SPI1	targeting		
SPIB#chr19:50418934-50418952(+)	SPIB	targeting		
SPIB#chr19:50418954-50418972(+)	SPIB	targeting		
SPIB#chr19:50418957-50418975(+)	SPIB	targeting		
SPIB#chr19:50418975-50418993(+)	SPIB	targeting		
SPIB#chr19:50419000-50419018(-)	SPIB	targeting		
SPIB#chr19:50419171-50419189(-)	SPIB	targeting		
SPIC#chr12:101475319-101475337(+)	SPIC	targeting		
SPIC#chr12:101475482-101475500(+)	SPIC	targeting		
SPIC#chr12:101475502-101475520(-)	SPIC	targeting		
SPIC#chr12:101475560-101475578(-)	SPIC	targeting		
SPIC#chr12:101475674-101475692(+)	SPIC	targeting		
SPIC#chr12:101475786-101475804(+)	SPIC	targeting		
SPZ1#chr5:80320044-80320062(-)	SPZ1	targeting		
SPZ1#chr5:80320072-80320090(-)	SPZ1	targeting		
SPZ1#chr5:80320075-80320093(-)	SPZ1	targeting		
SPZ1#chr5:80320102-80320120(-)	SPZ1	targeting		
SPZ1#chr5:80320207-80320225(-)	SPZ1	targeting		
SPZ1#chr5:80320305-80320323(-)	SPZ1	targeting		
SRCAP#chr16:30698167-30698185(+)	SRCAP	targeting		
SRCAP#chr16:30698170-30698188(+)	SRCAP	targeting		
SRCAP#chr16:30698173-30698191(+)	SRCAP	targeting		
SRCAP#chr16:30698232-30698250(+)	SRCAP	targeting		
SRCAP#chr16:30699172-30699190(+)	SRCAP	targeting		
SRCAP#chr16:30699331-30699349(+)	SRCAP	targeting		
SREBF1#chr17:17823142-17823160(+)	SREBF1	targeting	0.19648752	0.5552402958436886
SREBF1#chr17:17823560-17823578(-)	SREBF1	targeting	-0.0026709803	0.993886559298022
SREBF1#chr17:17823577-17823595(-)	SREBF1	targeting	0.0300621	0.9259763445700934
SREBF1#chr17:17823584-17823602(-)	SREBF1	targeting	-0.08501309	0.8781239575290402
SREBF1#chr17:17823595-17823613(+)	SREBF1	targeting	-0.012831733	0.9686421993528284
SREBF1#chr17:17823601-17823619(-)	SREBF1	targeting	-0.65031075	0.294701392569059
SREBF1#chr17:17836540-17836558(+)	SREBF1	targeting	-0.5336726	0.0675767770439417
SREBF1#chr17:17836633-17836651(+)	SREBF1	targeting	-0.13474177	0.8677268395059705
SREBF1#chr17:17836858-17836876(+)	SREBF1	targeting	-0.5467016	0.2238490465205453
SREBF1#chr17:17836915-17836933(-)	SREBF1	targeting	-0.7621984	0.2007206138008203
SREBF1#chr17:17836918-17836936(-)	SREBF1	targeting	-1.0747181	0.0151740417928146
SREBF1#chr17:17836960-17836978(+)	SREBF1	targeting	-0.6353998	0.2804438465764606
SREBF2#chr22:41833139-41833157(+)	SREBF2	targeting	0.026807118	0.8978385298752509
SREBF2#chr22:41833144-41833162(+)	SREBF2	targeting	0.075218424	0.692254566372888
SREBF2#chr22:41833147-41833165(+)	SREBF2	targeting	-2.1295536	2.056712392359214e-21
SREBF2#chr22:41833156-41833174(-)	SREBF2	targeting	-2.060097	0.0017354872663326
SREBF2#chr22:41833263-41833281(+)	SREBF2	targeting	-2.527973	2.9223492805735033e-31
SREBF2#chr22:41833338-41833356(+)	SREBF2	targeting	-0.23444487	0.1260088265106489
SRF#chr6:43171413-43171431(+)	SRF	targeting	-0.20673923	0.413346325486454
SRF#chr6:43171449-43171467(+)	SRF	targeting	0.13515913	0.8301459372676282
SRF#chr6:43171489-43171507(-)	SRF	targeting	-0.90635926	0.2035433330027553
SRF#chr6:43171528-43171546(+)	SRF	targeting	-0.43352216	0.4824425467209379
SRF#chr6:43171633-43171651(-)	SRF	targeting	0.16065367	0.719649536187414
SRF#chr6:43171868-43171886(+)	SRF	targeting	-0.21482903	0.577286091228919
SRY#chrY:2787313-2787331(-)	SRY	targeting		
SRY#chrY:2787382-2787400(-)	SRY	targeting		
SRY#chrY:2787596-2787614(+)	SRY	targeting		
SRY#chrY:2787618-2787636(+)	SRY	targeting		
SRY#chrY:2787671-2787689(-)	SRY	targeting		
SRY#chrY:2787687-2787705(-)	SRY	targeting		
SS18#chr18:26090413-26090431(-)	SS18	targeting	-1.5279157	0.0004868575358663
SS18#chr18:26090577-26090595(-)	SS18	targeting	-0.84145486	0.0054287188303951
SS18#chr18:26090580-26090598(-)	SS18	targeting	-1.2585328	0.0112699117246112
SS18#chr18:26090586-26090604(-)	SS18	targeting	-0.33101013	6.4763979216787e-05
SS18#chr18:26090591-26090609(+)	SS18	targeting	0.013342844	0.9413978812686864
SS18#chr18:26090609-26090627(+)	SS18	targeting	-0.47799438	0.2013178207938802
SSRP1#chr11:57335432-57335450(-)	SSRP1	targeting	-1.5824368	0.0007225042762757
SSRP1#chr11:57335442-57335460(-)	SSRP1	targeting	-0.10801497	0.8642337327330908
SSRP1#chr11:57335482-57335500(+)	SSRP1	targeting	-0.602768	0.4191659979601527
SSRP1#chr11:57335826-57335844(-)	SSRP1	targeting	-1.068823	0.2045562433046087
SSRP1#chr11:57335861-57335879(+)	SSRP1	targeting	-0.9435921	0.0384159235823483
SSRP1#chr11:57335865-57335883(-)	SSRP1	targeting	-0.5959782	0.4447601650585751
ST18#chr8:52409536-52409554(-)	ST18	targeting		
ST18#chr8:52409679-52409697(-)	ST18	targeting		
ST18#chr8:52409723-52409741(+)	ST18	targeting		
ST18#chr8:52409728-52409746(-)	ST18	targeting		
ST18#chr8:52409735-52409753(-)	ST18	targeting		
ST18#chr8:52409750-52409768(-)	ST18	targeting		
STAT1#chr2:191014019-191014037(+)	STAT1	targeting	-1.5865726	0.0001708872523065
STAT1#chr2:191014091-191014109(-)	STAT1	targeting	-2.1536882	3.587607899516505e-07
STAT1#chr2:191014107-191014125(+)	STAT1	targeting	-1.7525643	0.0065291752432162
STAT1#chr2:191014124-191014142(-)	STAT1	targeting	-1.6688223	7.643744964444641e-06
STAT1#chr2:191014142-191014160(-)	STAT1	targeting	-1.2536132	0.0021843619508105
STAT1#chr2:191014157-191014175(+)	STAT1	targeting	-1.662616	0.0380977533424816
STAT2#chr12:56360046-56360064(+)	STAT2	targeting	-2.7066312	5.464680987960468e-06
STAT2#chr12:56360071-56360089(+)	STAT2	targeting	-1.5084528	0.0088305868087799
STAT2#chr12:56360085-56360103(-)	STAT2	targeting	-3.0091684	0.0060145678930777
STAT2#chr12:56360089-56360107(-)	STAT2	targeting	-2.1139402	0.0009502769450571
STAT2#chr12:56360111-56360129(-)	STAT2	targeting	-1.1005282	0.1904445976287039
STAT2#chr12:56360116-56360134(-)	STAT2	targeting	-1.3724623	0.0157322856088343
STAT3#chr17:42388355-42388373(+)	STAT3	targeting	-2.8940792	0.0004068095347769
STAT3#chr17:42388362-42388380(-)	STAT3	targeting	-0.4933136	0.0270536944151123
STAT3#chr17:42388372-42388390(-)	STAT3	targeting	-0.029809244	0.9687343813378764
STAT3#chr17:42388396-42388414(-)	STAT3	targeting	-0.72325927	0.258456434157973
STAT3#chr17:42388399-42388417(+)	STAT3	targeting	-2.342966	0.027136230807136
STAT3#chr17:42388404-42388422(-)	STAT3	targeting	-0.6004089	0.2775903473959491
STAT4#chr2:191150702-191150720(+)	STAT4	targeting	0.22920193	0.7138867582024069
STAT4#chr2:191150765-191150783(+)	STAT4	targeting	-0.8619186	0.2749300494715874
STAT4#chr2:191150924-191150942(-)	STAT4	targeting	0.010831308	0.9799439246802552
STAT4#chr2:191150946-191150964(+)	STAT4	targeting	-0.2779031	0.6489645959721785
STAT4#chr2:191151006-191151024(-)	STAT4	targeting	-0.19151737	0.589159647324282
STAT4#chr2:191151069-191151087(-)	STAT4	targeting	-0.8674945	0.1007508392762453
STAT5A#chr17:42288767-42288785(+)	STAT5A	targeting		
STAT5A#chr17:42288809-42288827(+)	STAT5A	targeting		
STAT5A#chr17:42288858-42288876(+)	STAT5A	targeting		
STAT5A#chr17:42288874-42288892(+)	STAT5A	targeting		
STAT5A#chr17:42288961-42288979(-)	STAT5A	targeting		
STAT5A#chr17:42289018-42289036(+)	STAT5A	targeting		
STAT5B#chr17:42275927-42275945(-)	STAT5B	targeting	-0.18683438	0.3348302142172996
STAT5B#chr17:42276115-42276133(+)	STAT5B	targeting	-1.6476542	5.236552192800829e-06
STAT5B#chr17:42276250-42276268(-)	STAT5B	targeting	-0.14095435	0.6424658304783237
STAT5B#chr17:42276341-42276359(-)	STAT5B	targeting	-0.8586224	0.19581640465594
STAT5B#chr17:42276354-42276372(-)	STAT5B	targeting	-0.83796364	0.0019959318588632
STAT5B#chr17:42276371-42276389(-)	STAT5B	targeting	-0.6927054	0.1126103106137027
STAT6#chr12:57111112-57111130(+)	STAT6	targeting	-0.84117025	0.2539926176050612
STAT6#chr12:57111182-57111200(-)	STAT6	targeting	-1.3415582	0.0309278693057409
STAT6#chr12:57111334-57111352(-)	STAT6	targeting	-1.2511035	0.1478209516246014
STAT6#chr12:57111337-57111355(-)	STAT6	targeting	-0.92674065	0.2405294932058739
STAT6#chr12:57111362-57111380(-)	STAT6	targeting	-0.9720629	0.0284966853994472
STAT6#chr12:57111369-57111387(-)	STAT6	targeting	-2.9931896	0.0044039525496514
STOX2#chr4:183905333-183905351(-)	STOX2	targeting	-0.20448498	0.4724084707309475
STOX2#chr4:183905346-183905364(+)	STOX2	targeting	-0.3993895	0.0184089699545822
STOX2#chr4:183905379-183905397(+)	STOX2	targeting	-1.2201	0.0177716280761649
STOX2#chr4:183905523-183905541(-)	STOX2	targeting	-0.04206155	0.9032432745034862
STOX2#chr4:183905558-183905576(-)	STOX2	targeting	-0.04195313	0.8981256674661314
STOX2#chr4:183905791-183905809(-)	STOX2	targeting	-0.91050863	1.3255425394080027e-09
STOX2#chr4:183906652-183906670(+)	STOX2	targeting	-0.54768586	0.0071181864684579
STOX2#chr4:183906701-183906719(-)	STOX2	targeting	-0.55645645	0.2568940027121525
STOX2#chr4:183906708-183906726(+)	STOX2	targeting	-0.5906281	0.002376905484412
STOX2#chr4:183906716-183906734(-)	STOX2	targeting	-0.29582578	0.5338249715176826
STOX2#chr4:183906748-183906766(+)	STOX2	targeting	-1.7274652	2.758704664923837e-11
STOX2#chr4:183906751-183906769(+)	STOX2	targeting	-0.7308783	0.2494027169247883
STRA13#chr17:82022460-82022478(-)	STRA13	targeting	-0.022786869	0.8611650873907724
STRA13#chr17:82022644-82022662(+)	STRA13	targeting	0.17619413	0.1494123976659418
STRA13#chr17:82022814-82022832(-)	STRA13	targeting	0.040161937	0.8974481255375466
STRA13#chr17:82022823-82022841(-)	STRA13	targeting	-0.13729456	0.6210272350137984
STRA13#chr17:82022828-82022846(-)	STRA13	targeting	-0.51547337	0.0884870108017127
STRA13#chr17:82022857-82022875(-)	STRA13	targeting	-1.7359266	3.539753930460249e-05
STRAP#chr12:15882411-15882429(+)	STRAP	targeting	-1.2423884	1.3526111389864066e-10
STRAP#chr12:15882415-15882433(+)	STRAP	targeting	-0.4062035	0.2678575191254498
STRAP#chr12:15882440-15882458(-)	STRAP	targeting	-1.0516499	0.0920271100503234
STRAP#chr12:15882490-15882508(-)	STRAP	targeting	-0.60481286	1.4888077343072801e-19
STRAP#chr12:15882555-15882573(-)	STRAP	targeting	-0.15094136	0.354890911739484
STRAP#chr12:15882563-15882581(-)	STRAP	targeting	-0.6021198	0.1169877041312571
SUB1#chr5:32531822-32531840(+)	SUB1	targeting	-0.059435844	0.2510660687796289
SUB1#chr5:32531896-32531914(+)	SUB1	targeting	0.062313065	0.6546380330162791
SUB1#chr5:32532028-32532046(-)	SUB1	targeting	0.007318366	0.8926158036150195
SUB1#chr5:32532088-32532106(+)	SUB1	targeting	0.030929564	0.8262258593637107
SUB1#chr5:32532236-32532254(-)	SUB1	targeting	-0.03232021	0.7076590629201659
SUB1#chr5:32532254-32532272(+)	SUB1	targeting	0.0044388603	0.9743230959924492
SUB1#chr5:32585577-32585595(+)	SUB1	targeting	-1.1119653	8.281482251112208e-09
SUB1#chr5:32585593-32585611(-)	SUB1	targeting	-0.9020224	0.0065052991426391
SUB1#chr5:32585650-32585668(-)	SUB1	targeting	-0.5222869	5.194595189429768e-22
SUB1#chr5:32585750-32585768(-)	SUB1	targeting	-0.39844346	0.4525027033566905
SUB1#chr5:32585916-32585934(+)	SUB1	targeting	-0.01458543	0.8489496601320161
SUB1#chr5:32585956-32585974(+)	SUB1	targeting	-1.2794755	2.3017588476371544e-12
SULT2A1#chr19:47885921-47885939(-)	SULT2A1	targeting		
SULT2A1#chr19:47886119-47886137(-)	SULT2A1	targeting		
SULT2A1#chr19:47886267-47886285(+)	SULT2A1	targeting		
SULT2A1#chr19:47886275-47886293(-)	SULT2A1	targeting		
SULT2A1#chr19:47886292-47886310(+)	SULT2A1	targeting		
SULT2A1#chr19:47886298-47886316(+)	SULT2A1	targeting		
SUPT4H1#chr17:58352096-58352114(+)	SUPT4H1	targeting		
SUPT4H1#chr17:58352127-58352145(+)	SUPT4H1	targeting		
SUPT4H1#chr17:58352139-58352157(+)	SUPT4H1	targeting		
SUPT4H1#chr17:58352223-58352241(-)	SUPT4H1	targeting		
SUPT4H1#chr17:58352364-58352382(+)	SUPT4H1	targeting		
SUPT4H1#chr17:58352372-58352390(+)	SUPT4H1	targeting		
SUPT5H#chr19:39445597-39445615(+)	SUPT5H	targeting	-0.021441264	0.9810632183261508
SUPT5H#chr19:39445600-39445618(+)	SUPT5H	targeting	-0.39435127	0.5678350594057122
SUPT5H#chr19:39445603-39445621(+)	SUPT5H	targeting	-0.06016323	0.9473546393140928
SUPT5H#chr19:39445638-39445656(+)	SUPT5H	targeting	0.3597248	0.4291365735771595
SUPT5H#chr19:39445648-39445666(+)	SUPT5H	targeting	0.2114084	0.8217782764616917
SUPT5H#chr19:39445767-39445785(+)	SUPT5H	targeting	-0.2951043	0.1764014383895618
SUZ12#chr17:31937137-31937155(-)	SUZ12	targeting	0.0153488405	0.9546428917861098
SUZ12#chr17:31937142-31937160(-)	SUZ12	targeting	-0.7195556	0.0089123557140829
SUZ12#chr17:31937193-31937211(+)	SUZ12	targeting	-0.24519272	0.2142584259007545
SUZ12#chr17:31937204-31937222(+)	SUZ12	targeting	-0.11207579	0.658971361047202
SUZ12#chr17:31937316-31937334(+)	SUZ12	targeting	0.092175476	0.4740159832651445
SUZ12#chr17:31937369-31937387(+)	SUZ12	targeting	-0.057119243	0.5849188972693695
TADA2A#chr17:37406880-37406898(+)	TADA2A	targeting	-0.5860823	0.1882640489464738
TADA2A#chr17:37406896-37406914(+)	TADA2A	targeting	0.269951	0.6033504778882088
TADA2A#chr17:37406918-37406936(+)	TADA2A	targeting	-1.3240467	0.0482098942579715
TADA2A#chr17:37406934-37406952(+)	TADA2A	targeting	-1.9261266	0.0315385368605422
TADA2A#chr17:37407137-37407155(-)	TADA2A	targeting	-1.1293234	1.5501261368805186e-07
TADA2A#chr17:37407285-37407303(-)	TADA2A	targeting	-0.9739879	8.263030886635682e-09
TADA2B#chr4:7043374-7043392(+)	TADA2B	targeting		
TADA2B#chr4:7043382-7043400(+)	TADA2B	targeting		
TADA2B#chr4:7043678-7043696(-)	TADA2B	targeting		
TADA2B#chr4:7043717-7043735(-)	TADA2B	targeting		
TADA2B#chr4:7043720-7043738(-)	TADA2B	targeting		
TADA2B#chr4:7043905-7043923(-)	TADA2B	targeting		
TADA3#chr3:9792391-9792409(+)	TADA3	targeting		
TADA3#chr3:9792464-9792482(-)	TADA3	targeting		
TADA3#chr3:9792468-9792486(-)	TADA3	targeting		
TADA3#chr3:9792689-9792707(+)	TADA3	targeting		
TADA3#chr3:9792723-9792741(+)	TADA3	targeting		
TADA3#chr3:9792736-9792754(+)	TADA3	targeting		
TAF1#chrX:71366391-71366409(+)	TAF1	targeting	0.043869264	0.9273660095180648
TAF1#chrX:71366574-71366592(+)	TAF1	targeting	-0.5920199	0.4511222118264953
TAF1#chrX:71366754-71366772(-)	TAF1	targeting	-0.17839326	0.5246871997497057
TAF1#chrX:71366786-71366804(-)	TAF1	targeting	-0.18833157	0.6638989937871242
TAF1#chrX:71366802-71366820(-)	TAF1	targeting	-0.4519213	0.5501350739545394
TAF1#chrX:71366841-71366859(-)	TAF1	targeting	-0.411268	0.5643614148337148
TAF10#chr11:6611705-6611723(+)	TAF10	targeting	0.04050892	0.916442795272628
TAF10#chr11:6611740-6611758(-)	TAF10	targeting	0.14842549	0.7396943487186096
TAF10#chr11:6611938-6611956(-)	TAF10	targeting	-0.8339465	0.1471467953103858
TAF10#chr11:6612173-6612191(-)	TAF10	targeting	0.22852422	0.5772775807503047
TAF10#chr11:6612179-6612197(-)	TAF10	targeting	-1.1947249	0.1182226814502925
TAF10#chr11:6612185-6612203(+)	TAF10	targeting	-1.1548731	0.1429823196606107
TAF11#chr6:34887946-34887964(+)	TAF11	targeting	-0.5498239	0.0017144071210026
TAF11#chr6:34887951-34887969(+)	TAF11	targeting	-0.6470443	0.0001625305907781
TAF11#chr6:34887955-34887973(+)	TAF11	targeting	-0.95361036	0.0424097675653441
TAF11#chr6:34887970-34887988(+)	TAF11	targeting	-1.4678905	4.969021856979366e-05
TAF11#chr6:34887982-34888000(+)	TAF11	targeting	-0.08746524	0.8582907041999437
TAF11#chr6:34888036-34888054(-)	TAF11	targeting	-0.17998198	0.4749456125499468
TAF12#chr1:28642648-28642666(-)	TAF12	targeting	0.10306657	0.3265259548450024
TAF12#chr1:28642662-28642680(-)	TAF12	targeting	0.12764765	0.6588236142754231
TAF12#chr1:28643013-28643031(-)	TAF12	targeting	-0.9703895	0.0108459424132044
TAF12#chr1:28643015-28643033(-)	TAF12	targeting	-0.08668397	0.443223688590996
TAF12#chr1:28643060-28643078(-)	TAF12	targeting	-0.44823983	0.6316896318354575
TAF12#chr1:28643081-28643099(-)	TAF12	targeting	0.13969466	0.2510060129072332
TAF13#chr1:109075864-109075882(-)	TAF13	targeting	-0.4832215	0.327515140271101
TAF13#chr1:109075947-109075965(-)	TAF13	targeting	0.017741362	0.984911723841094
TAF13#chr1:109075951-109075969(-)	TAF13	targeting	-0.64044094	0.2589985385709725
TAF13#chr1:109075963-109075981(-)	TAF13	targeting	-0.041777324	0.9673601539950392
TAF13#chr1:109075991-109076009(-)	TAF13	targeting	-0.7859159	0.3119617617757909
TAF13#chr1:109076014-109076032(-)	TAF13	targeting	-0.21077721	0.5553079601373359
TAF1A#chr1:222589794-222589812(+)	TAF1A	targeting	-0.14774074	0.874111179780135
TAF1A#chr1:222589825-222589843(+)	TAF1A	targeting	0.08775406	0.9169905964882246
TAF1A#chr1:222589831-222589849(+)	TAF1A	targeting	-0.022311918	0.9803960029268604
TAF1A#chr1:222589839-222589857(+)	TAF1A	targeting	-0.010373005	0.9912038765292412
TAF1A#chr1:222589845-222589863(-)	TAF1A	targeting	-0.1291047	0.8535961494997601
TAF1A#chr1:222589875-222589893(-)	TAF1A	targeting	-0.8157079	0.3334713263115817
TAF1B#chr2:9843488-9843506(+)	TAF1B	targeting	-1.2048413	6.81709826074005e-05
TAF1B#chr2:9843501-9843519(-)	TAF1B	targeting	0.33505005	0.5598158194400658
TAF1B#chr2:9843513-9843531(+)	TAF1B	targeting	-0.221806	0.5617654826039897
TAF1B#chr2:9843533-9843551(+)	TAF1B	targeting	-0.5876558	0.1079485243829317
TAF1B#chr2:9843536-9843554(+)	TAF1B	targeting	-0.56901824	1.428864549603243e-07
TAF1B#chr2:9843540-9843558(-)	TAF1B	targeting	-0.0043163435	0.9694242480002504
TAF4#chr20:62065422-62065440(+)	TAF4	targeting	0.11128574	0.2797303785138202
TAF4#chr20:62065762-62065780(-)	TAF4	targeting	0.25969347	0.2551234668050476
TAF4#chr20:62065789-62065807(-)	TAF4	targeting	0.165533	0.4826033650919998
TAF4#chr20:62065810-62065828(-)	TAF4	targeting	-0.116103746	0.3970102967701541
TAF4#chr20:62065842-62065860(-)	TAF4	targeting	-0.61539274	0.121708998820379
TAF4#chr20:62065879-62065897(-)	TAF4	targeting	0.13021313	0.6740767526389271
TAF4B#chr18:26226441-26226459(+)	TAF4B	targeting	-0.007968861	0.975183646258593
TAF4B#chr18:26226486-26226504(+)	TAF4B	targeting	0.11377115	0.709966601179554
TAF4B#chr18:26226493-26226511(+)	TAF4B	targeting	-0.015495779	0.9631291002098032
TAF4B#chr18:26226675-26226693(-)	TAF4B	targeting	-1.8556195	0.047704796510934
TAF4B#chr18:26226677-26226695(+)	TAF4B	targeting	-2.5608141	0.0032074903007038
TAF4B#chr18:26226681-26226699(+)	TAF4B	targeting	-0.1991933	0.4617069630724713
TAF5#chr10:103367999-103368017(+)	TAF5	targeting	-0.22858524	0.7888083264203523
TAF5#chr10:103368024-103368042(+)	TAF5	targeting	0.14226823	0.8005990363140524
TAF5#chr10:103368041-103368059(-)	TAF5	targeting	0.23720177	0.6729978138748465
TAF5#chr10:103368283-103368301(+)	TAF5	targeting	-0.5984311	0.2678620958915747
TAF5#chr10:103368387-103368405(-)	TAF5	targeting	0.03363245	0.9354576000864104
TAF5#chr10:103368462-103368480(+)	TAF5	targeting	-0.08995117	0.8397082854619026
TAF5L#chr1:229625966-229625984(-)	TAF5L	targeting	-0.73985046	0.1093084064319638
TAF5L#chr1:229626046-229626064(+)	TAF5L	targeting	0.07723324	0.8382174844204376
TAF5L#chr1:229626047-229626065(-)	TAF5L	targeting	-0.2954911	0.4295602775957652
TAF5L#chr1:229626052-229626070(-)	TAF5L	targeting	-0.18175578	0.5622731777804593
TAF5L#chr1:229626089-229626107(-)	TAF5L	targeting	-0.22497244	0.4450756925674142
TAF5L#chr1:229626118-229626136(-)	TAF5L	targeting	0.0630955	0.7850881538131576
TAF6#chr7:100119096-100119114(+)	TAF6	targeting		
TAF6#chr7:100119232-100119250(+)	TAF6	targeting		
TAF6#chr7:100119248-100119266(-)	TAF6	targeting		
TAF6#chr7:100119288-100119306(+)	TAF6	targeting		
TAF6#chr7:100119316-100119334(-)	TAF6	targeting		
TAF6#chr7:100119359-100119377(-)	TAF6	targeting		
TAF7#chr5:141320328-141320346(+)	TAF7	targeting	-0.3501968	5.585945722113518e-05
TAF7#chr5:141320681-141320699(-)	TAF7	targeting	-0.3274731	0.2982189239930716
TAF7#chr5:141320738-141320756(+)	TAF7	targeting	-0.52102536	0.4707088967823034
TAF7#chr5:141320750-141320768(-)	TAF7	targeting	-1.6506187	0.0114167846612335
TAF7#chr5:141320754-141320772(-)	TAF7	targeting	-0.42854005	0.4461587559652744
TAF7#chr5:141320759-141320777(+)	TAF7	targeting	-0.22720358	1.5493866690642658e-06
TAF9#chr5:69369304-69369322(+)	TAF9	targeting		
TAF9#chr5:69369444-69369462(+)	TAF9	targeting		
TAF9#chr5:69369499-69369517(-)	TAF9	targeting		
TAF9#chr5:69369502-69369520(-)	TAF9	targeting		
TAF9#chr5:69369810-69369828(+)	TAF9	targeting		
TAF9#chr5:69369824-69369842(-)	TAF9	targeting		
TAL1#chr1:47229238-47229256(+)	TAL1	targeting		
TAL1#chr1:47229462-47229480(+)	TAL1	targeting		
TAL1#chr1:47229654-47229672(+)	TAL1	targeting		
TAL1#chr1:47229693-47229711(+)	TAL1	targeting		
TAL1#chr1:47229738-47229756(+)	TAL1	targeting		
TAL1#chr1:47229759-47229777(+)	TAL1	targeting		
TAL1#chr1:47231143-47231161(-)	TAL1	targeting		
TAL1#chr1:47231380-47231398(+)	TAL1	targeting		
TAL1#chr1:47231388-47231406(+)	TAL1	targeting		
TAL1#chr1:47231420-47231438(+)	TAL1	targeting		
TAL1#chr1:47231439-47231457(+)	TAL1	targeting		
TAL1#chr1:47231898-47231916(-)	TAL1	targeting		
TAL2#chr9:105662484-105662502(+)	TAL2	targeting		
TAL2#chr9:105662511-105662529(+)	TAL2	targeting		
TAL2#chr9:105662514-105662532(+)	TAL2	targeting		
TAL2#chr9:105662517-105662535(+)	TAL2	targeting		
TAL2#chr9:105662703-105662721(+)	TAL2	targeting		
TAL2#chr9:105662821-105662839(-)	TAL2	targeting		
TARDBP#chr1:11012652-11012670(+)	TARDBP	targeting	-0.104204394	0.6016333812115304
TARDBP#chr1:11012728-11012746(-)	TARDBP	targeting	-0.17272954	0.6912203904681091
TARDBP#chr1:11012733-11012751(+)	TARDBP	targeting	-0.026631193	0.8553285085768167
TARDBP#chr1:11012842-11012860(+)	TARDBP	targeting	0.36508438	0.3385319306609803
TARDBP#chr1:11012854-11012872(-)	TARDBP	targeting	0.37225083	0.1814899176927262
TARDBP#chr1:11013096-11013114(-)	TARDBP	targeting	0.04577562	0.7840465845040951
TAZ#chrX:154411586-154411604(-)	TAZ	targeting	-0.21396017	0.7715156006793082
TAZ#chrX:154411597-154411615(-)	TAZ	targeting	-1.3194922	0.0009754383239947
TAZ#chrX:154411730-154411748(+)	TAZ	targeting	-0.07943803	0.8158409468155459
TAZ#chrX:154411768-154411786(+)	TAZ	targeting	-0.03268452	0.9551081230391332
TAZ#chrX:154411908-154411926(+)	TAZ	targeting	-0.008916294	0.9863879691133236
TAZ#chrX:154412071-154412089(-)	TAZ	targeting	-0.50555205	0.3744309763638862
TBP#chr6:170554354-170554372(+)	TBP	targeting	-0.7703017	0.0831213002284475
TBP#chr6:170554358-170554376(+)	TBP	targeting	0.25268537	0.5914363382436171
TBP#chr6:170554373-170554391(+)	TBP	targeting	-1.2835324	0.1336129409216631
TBP#chr6:170554440-170554458(-)	TBP	targeting	-0.22603923	0.4679321962552223
TBP#chr6:170554590-170554608(-)	TBP	targeting	-0.5156492	0.0872695900109882
TBP#chr6:170554603-170554621(-)	TBP	targeting	-0.105577186	0.5864959226246451
TBPL1#chr6:133953223-133953241(-)	TBPL1	targeting	0.014911299	0.9377134838190544
TBPL1#chr6:133953268-133953286(-)	TBPL1	targeting	-0.20192848	0.5364399654442749
TBPL1#chr6:133953275-133953293(+)	TBPL1	targeting	-0.03936569	0.9367185200636672
TBPL1#chr6:133953423-133953441(-)	TBPL1	targeting	-0.7375366	0.0649960345390017
TBPL1#chr6:133953595-133953613(+)	TBPL1	targeting	0.08609791	0.7370802879968973
TBPL1#chr6:133953689-133953707(-)	TBPL1	targeting	0.48493	0.0535877770766901
TBPL2#chr14:55440393-55440411(-)	TBPL2	targeting		
TBPL2#chr14:55440539-55440557(+)	TBPL2	targeting		
TBPL2#chr14:55440545-55440563(-)	TBPL2	targeting		
TBPL2#chr14:55440547-55440565(+)	TBPL2	targeting		
TBPL2#chr14:55440580-55440598(-)	TBPL2	targeting		
TBPL2#chr14:55440599-55440617(+)	TBPL2	targeting		
TBR1#chr2:161416367-161416385(+)	TBR1	targeting		
TBR1#chr2:161416377-161416395(-)	TBR1	targeting		
TBR1#chr2:161416472-161416490(+)	TBR1	targeting		
TBR1#chr2:161416485-161416503(-)	TBR1	targeting		
TBR1#chr2:161416618-161416636(+)	TBR1	targeting		
TBR1#chr2:161416842-161416860(-)	TBR1	targeting		
TBX1#chr22:19760715-19760733(-)	TBX1	targeting	-1.1313989	0.0504802668121594
TBX1#chr22:19760762-19760780(+)	TBX1	targeting	-0.39649895	0.5767770518320658
TBX1#chr22:19760838-19760856(-)	TBX1	targeting	-1.0406166	0.1569468307201649
TBX1#chr22:19760977-19760995(-)	TBX1	targeting	-1.9650868	1.3939690724514989e-05
TBX1#chr22:19761079-19761097(-)	TBX1	targeting	-1.7413576	0.0503579254927338
TBX1#chr22:19761266-19761284(+)	TBX1	targeting	-1.051832	0.000475697417205
TBX10#chr11:67639556-67639574(-)	TBX10	targeting		
TBX10#chr11:67639676-67639694(-)	TBX10	targeting		
TBX10#chr11:67639683-67639701(+)	TBX10	targeting		
TBX10#chr11:67639691-67639709(-)	TBX10	targeting		
TBX10#chr11:67639737-67639755(-)	TBX10	targeting		
TBX10#chr11:67639749-67639767(-)	TBX10	targeting		
TBX15#chr1:118987627-118987645(-)	TBX15	targeting		
TBX15#chr1:118987630-118987648(-)	TBX15	targeting		
TBX15#chr1:118987666-118987684(-)	TBX15	targeting		
TBX15#chr1:118987820-118987838(+)	TBX15	targeting		
TBX15#chr1:118987905-118987923(+)	TBX15	targeting		
TBX15#chr1:118987979-118987997(-)	TBX15	targeting		
TBX18#chr6:84763067-84763085(-)	TBX18	targeting		
TBX18#chr6:84763073-84763091(-)	TBX18	targeting		
TBX18#chr6:84763376-84763394(+)	TBX18	targeting		
TBX18#chr6:84763409-84763427(+)	TBX18	targeting		
TBX18#chr6:84763415-84763433(-)	TBX18	targeting		
TBX18#chr6:84763446-84763464(-)	TBX18	targeting		
TBX18#chr6:84764350-84764368(+)	TBX18	targeting		
TBX18#chr6:84764491-84764509(+)	TBX18	targeting		
TBX18#chr6:84764508-84764526(+)	TBX18	targeting		
TBX18#chr6:84764520-84764538(+)	TBX18	targeting		
TBX18#chr6:84764566-84764584(-)	TBX18	targeting		
TBX18#chr6:84764580-84764598(+)	TBX18	targeting		
TBX19#chr1:168280888-168280906(+)	TBX19	targeting		
TBX19#chr1:168280901-168280919(+)	TBX19	targeting		
TBX19#chr1:168280935-168280953(+)	TBX19	targeting		
TBX19#chr1:168280966-168280984(-)	TBX19	targeting		
TBX19#chr1:168280982-168281000(-)	TBX19	targeting		
TBX19#chr1:168281222-168281240(+)	TBX19	targeting		
TBX2#chr17:61399846-61399864(+)	TBX2	targeting		
TBX2#chr17:61399917-61399935(+)	TBX2	targeting		
TBX2#chr17:61399921-61399939(-)	TBX2	targeting		
TBX2#chr17:61400072-61400090(-)	TBX2	targeting		
TBX2#chr17:61400075-61400093(-)	TBX2	targeting		
TBX2#chr17:61400283-61400301(-)	TBX2	targeting		
TBX20#chr7:35253814-35253832(+)	TBX20	targeting	-0.43646342	0.352325495891406
TBX20#chr7:35253849-35253867(+)	TBX20	targeting	-1.2080251	0.0161090362990899
TBX20#chr7:35254028-35254046(+)	TBX20	targeting	-1.3095989	0.0001764244525139
TBX20#chr7:35254049-35254067(+)	TBX20	targeting	-1.6329659	9.034732982347836e-05
TBX20#chr7:35254070-35254088(+)	TBX20	targeting	-0.80288285	0.0153862967407165
TBX20#chr7:35254103-35254121(-)	TBX20	targeting	-0.0878824	0.7972226505201747
TBX21#chr17:47733238-47733256(+)	TBX21	targeting		
TBX21#chr17:47733266-47733284(-)	TBX21	targeting		
TBX21#chr17:47733274-47733292(+)	TBX21	targeting		
TBX21#chr17:47733288-47733306(-)	TBX21	targeting		
TBX21#chr17:47733438-47733456(+)	TBX21	targeting		
TBX21#chr17:47733556-47733574(-)	TBX21	targeting		
TBX22#chrX:80014726-80014744(-)	TBX22	targeting		
TBX22#chrX:80014898-80014916(-)	TBX22	targeting		
TBX22#chrX:80014904-80014922(-)	TBX22	targeting		
TBX22#chrX:80014924-80014942(+)	TBX22	targeting		
TBX22#chrX:80014960-80014978(-)	TBX22	targeting		
TBX22#chrX:80014966-80014984(-)	TBX22	targeting		
TBX3#chr12:114684146-114684164(-)	TBX3	targeting	-0.7975807	0.055717538344575
TBX3#chr12:114684150-114684168(-)	TBX3	targeting	-0.27391535	0.5729227611490448
TBX3#chr12:114684156-114684174(-)	TBX3	targeting	-1.2125967	5.590334740289065e-10
TBX3#chr12:114684163-114684181(+)	TBX3	targeting	-0.07168257	0.7671068859909382
TBX3#chr12:114684173-114684191(+)	TBX3	targeting	-1.111017	4.570084318140374e-07
TBX3#chr12:114684178-114684196(+)	TBX3	targeting	-0.8526762	6.397311529596206e-05
TBX4#chr17:61452392-61452410(+)	TBX4	targeting		
TBX4#chr17:61452401-61452419(-)	TBX4	targeting		
TBX4#chr17:61452409-61452427(+)	TBX4	targeting		
TBX4#chr17:61452418-61452436(-)	TBX4	targeting		
TBX4#chr17:61452428-61452446(+)	TBX4	targeting		
TBX4#chr17:61452470-61452488(-)	TBX4	targeting		
TBX4#chr17:61456284-61456302(+)	TBX4	targeting		
TBX4#chr17:61456290-61456308(+)	TBX4	targeting		
TBX4#chr17:61456296-61456314(+)	TBX4	targeting		
TBX4#chr17:61456326-61456344(-)	TBX4	targeting		
TBX4#chr17:61456330-61456348(-)	TBX4	targeting		
TBX4#chr17:61456661-61456679(+)	TBX4	targeting		
TBX5#chr12:114405669-114405687(+)	TBX5	targeting		
TBX5#chr12:114405756-114405774(+)	TBX5	targeting		
TBX5#chr12:114405771-114405789(-)	TBX5	targeting		
TBX5#chr12:114405948-114405966(+)	TBX5	targeting		
TBX5#chr12:114406127-114406145(-)	TBX5	targeting		
TBX5#chr12:114406155-114406173(-)	TBX5	targeting		
TBX5#chr12:114407720-114407738(+)	TBX5	targeting		
TBX5#chr12:114407780-114407798(-)	TBX5	targeting		
TBX5#chr12:114407816-114407834(-)	TBX5	targeting		
TBX5#chr12:114407919-114407937(-)	TBX5	targeting		
TBX5#chr12:114407957-114407975(+)	TBX5	targeting		
TBX5#chr12:114407961-114407979(+)	TBX5	targeting		
TBX6#chr16:30091852-30091870(-)	TBX6	targeting		
TBX6#chr16:30091879-30091897(-)	TBX6	targeting		
TBX6#chr16:30091883-30091901(+)	TBX6	targeting		
TBX6#chr16:30091894-30091912(+)	TBX6	targeting		
TBX6#chr16:30091907-30091925(+)	TBX6	targeting		
TBX6#chr16:30091911-30091929(-)	TBX6	targeting		
TBXT#chr6:166167825-166167843(+)	TBXT	targeting		
TBXT#chr6:166168415-166168433(-)	TBXT	targeting		
TBXT#chr6:166168440-166168458(-)	TBXT	targeting		
TBXT#chr6:166168554-166168572(+)	TBXT	targeting		
TBXT#chr6:166168595-166168613(+)	TBXT	targeting		
TBXT#chr6:166168651-166168669(-)	TBXT	targeting		
TCEB1#chr8:73971680-73971698(+)	TCEB1	targeting	0.25437996	0.0986680254537012
TCEB1#chr8:73971753-73971771(+)	TCEB1	targeting	-0.39577124	0.152547783282056
TCEB1#chr8:73971958-73971976(-)	TCEB1	targeting	-0.26168776	0.0007306251319172
TCEB1#chr8:73972068-73972086(-)	TCEB1	targeting	-0.10601574	0.6387737870193089
TCEB1#chr8:73972112-73972130(-)	TCEB1	targeting	-0.10195812	0.5367355936461662
TCEB1#chr8:73972169-73972187(-)	TCEB1	targeting	0.33628854	0.0704365918032924
TCEB2#chr16:2777223-2777241(+)	TCEB2	targeting	0.043280713	0.412585189208588
TCEB2#chr16:2777232-2777250(-)	TCEB2	targeting	0.12707406	0.2111510967301494
TCEB2#chr16:2777239-2777257(-)	TCEB2	targeting	0.03308747	0.8612940744461077
TCEB2#chr16:2777254-2777272(-)	TCEB2	targeting	0.030467108	0.9459579855801444
TCEB2#chr16:2777577-2777595(-)	TCEB2	targeting	-0.17600644	0.0847817474634922
TCEB2#chr16:2777580-2777598(-)	TCEB2	targeting	-0.01904177	0.7653598989150149
TCEB3#chr1:23743462-23743480(+)	TCEB3	targeting		
TCEB3#chr1:23743465-23743483(+)	TCEB3	targeting		
TCEB3#chr1:23743498-23743516(+)	TCEB3	targeting		
TCEB3#chr1:23743513-23743531(+)	TCEB3	targeting		
TCEB3#chr1:23743617-23743635(+)	TCEB3	targeting		
TCEB3#chr1:23743851-23743869(-)	TCEB3	targeting		
TCERG1#chr5:146447332-146447350(+)	TCERG1	targeting	-0.8740832	5.329865550552491e-07
TCERG1#chr5:146447335-146447353(+)	TCERG1	targeting	0.02301322	0.7997979159852748
TCERG1#chr5:146447345-146447363(-)	TCERG1	targeting	0.0556881	0.3642361165517424
TCERG1#chr5:146447379-146447397(+)	TCERG1	targeting	-0.43017712	0.3214761374255787
TCERG1#chr5:146447393-146447411(+)	TCERG1	targeting	-0.69327116	0.0019226436709411
TCERG1#chr5:146447519-146447537(+)	TCERG1	targeting	-0.22577107	0.0270907690183428
TCF12#chr15:56918689-56918707(-)	TCF12	targeting	-0.11301095	0.1476058836420116
TCF12#chr15:56918695-56918713(+)	TCF12	targeting	-0.059367593	0.6464089717111106
TCF12#chr15:56918698-56918716(+)	TCF12	targeting	-0.17896256	0.0129854253631159
TCF12#chr15:56918702-56918720(-)	TCF12	targeting	-0.06949408	0.4142817656009049
TCF12#chr15:56918718-56918736(+)	TCF12	targeting	0.17889267	0.3204797936670516
TCF12#chr15:56918970-56918988(-)	TCF12	targeting	0.031355347	0.6938030041176744
TCF12#chr15:57219458-57219476(+)	TCF12	targeting	0.117221594	0.2036672026317875
TCF12#chr15:57219532-57219550(+)	TCF12	targeting	-0.063452534	0.3326776769736564
TCF12#chr15:57219540-57219558(-)	TCF12	targeting	0.08257344	0.5151465485870519
TCF12#chr15:57219545-57219563(-)	TCF12	targeting	-0.10088911	0.2938540333930706
TCF12#chr15:57219562-57219580(+)	TCF12	targeting	-0.041764475	0.6323449855970695
TCF12#chr15:57219656-57219674(+)	TCF12	targeting	-0.0688218	0.5728852340305051
TCF15#chr20:610019-610037(-)	TCF15	targeting		
TCF15#chr20:610219-610237(+)	TCF15	targeting		
TCF15#chr20:610250-610268(-)	TCF15	targeting		
TCF15#chr20:610256-610274(-)	TCF15	targeting		
TCF15#chr20:610259-610277(+)	TCF15	targeting		
TCF15#chr20:610267-610285(-)	TCF15	targeting		
TCF19#chr6:31158537-31158555(+)	TCF19	targeting		
TCF19#chr6:31158546-31158564(-)	TCF19	targeting		
TCF19#chr6:31158556-31158574(+)	TCF19	targeting		
TCF19#chr6:31158587-31158605(-)	TCF19	targeting		
TCF19#chr6:31158674-31158692(+)	TCF19	targeting		
TCF19#chr6:31158813-31158831(+)	TCF19	targeting		
TCF19#chr6:31159549-31159567(+)	TCF19	targeting		
TCF19#chr6:31159557-31159575(+)	TCF19	targeting		
TCF19#chr6:31159561-31159579(-)	TCF19	targeting		
TCF19#chr6:31159612-31159630(+)	TCF19	targeting		
TCF19#chr6:31159625-31159643(-)	TCF19	targeting		
TCF19#chr6:31159736-31159754(-)	TCF19	targeting		
TCF20#chr22:42214373-42214391(-)	TCF20	targeting	0.14543673	0.1670297654078539
TCF20#chr22:42214623-42214641(-)	TCF20	targeting	0.00949335	0.9401603979694136
TCF20#chr22:42214708-42214726(+)	TCF20	targeting	-0.04846746	0.5898765563926874
TCF20#chr22:42214716-42214734(+)	TCF20	targeting	-0.21967241	0.2892992658458659
TCF20#chr22:42214721-42214739(+)	TCF20	targeting	0.27352393	0.2494464312190226
TCF20#chr22:42214801-42214819(+)	TCF20	targeting	-0.03499901	0.9226039052399316
TCF21#chr6:133889105-133889123(-)	TCF21	targeting		
TCF21#chr6:133889116-133889134(+)	TCF21	targeting		
TCF21#chr6:133889128-133889146(-)	TCF21	targeting		
TCF21#chr6:133889150-133889168(+)	TCF21	targeting		
TCF21#chr6:133889177-133889195(-)	TCF21	targeting		
TCF21#chr6:133889193-133889211(-)	TCF21	targeting		
TCF23#chr2:27148989-27149007(+)	TCF23	targeting		
TCF23#chr2:27149084-27149102(-)	TCF23	targeting		
TCF23#chr2:27149087-27149105(-)	TCF23	targeting		
TCF23#chr2:27149248-27149266(+)	TCF23	targeting		
TCF23#chr2:27149373-27149391(+)	TCF23	targeting		
TCF23#chr2:27149425-27149443(-)	TCF23	targeting		
TCF24#chr8:66962512-66962530(+)	TCF24	targeting		
TCF24#chr8:66962516-66962534(+)	TCF24	targeting		
TCF24#chr8:66962521-66962539(+)	TCF24	targeting		
TCF24#chr8:66962524-66962542(+)	TCF24	targeting		
TCF24#chr8:66962546-66962564(+)	TCF24	targeting		
TCF24#chr8:66962558-66962576(+)	TCF24	targeting		
TCF25#chr16:89873615-89873633(-)	TCF25	targeting	-2.5394077	5.287114565426853e-37
TCF25#chr16:89873634-89873652(+)	TCF25	targeting	-0.8013216	0.0005401254728684
TCF25#chr16:89873638-89873656(-)	TCF25	targeting	-1.8342347	5.0174715521481936e-24
TCF25#chr16:89873646-89873664(-)	TCF25	targeting	-2.345155	9.790598315479195e-11
TCF25#chr16:89873668-89873686(-)	TCF25	targeting	0.014967881	0.9851428698092336
TCF25#chr16:89873670-89873688(+)	TCF25	targeting	-1.405181	0.0123512603704152
TCF3#chr19:1652545-1652563(-)	TCF3	targeting	-0.89396137	5.55591155869509e-10
TCF3#chr19:1652556-1652574(-)	TCF3	targeting	0.041249845	0.6518665353399455
TCF3#chr19:1652561-1652579(-)	TCF3	targeting	-1.6748921	7.499762633255396e-14
TCF3#chr19:1652579-1652597(-)	TCF3	targeting	-3.1782174	3.817381933310339e-11
TCF3#chr19:1652582-1652600(-)	TCF3	targeting	-2.9331834	6.683135615737681e-12
TCF3#chr19:1652588-1652606(-)	TCF3	targeting	-1.7364867	1.3052073875659306e-33
TCF4#chr18:55588030-55588048(-)	TCF4	targeting	-0.34132463	0.000638899769321
TCF4#chr18:55588175-55588193(-)	TCF4	targeting	-0.49527732	0.0942960642461114
TCF4#chr18:55588178-55588196(-)	TCF4	targeting	-1.6051114	2.6903892337657877e-32
TCF4#chr18:55588181-55588199(-)	TCF4	targeting	-1.8235008	1.21007286699073e-50
TCF4#chr18:55588214-55588232(-)	TCF4	targeting	-0.57282895	0.0004395991080948
TCF4#chr18:55588228-55588246(-)	TCF4	targeting	-2.2154386	9.22414526644894e-44
TCF7#chr5:134114699-134114717(-)	TCF7	targeting	-0.8229583	0.0213970262834937
TCF7#chr5:134114704-134114722(+)	TCF7	targeting	0.033719186	0.9141211382419344
TCF7#chr5:134114765-134114783(-)	TCF7	targeting	-0.43917295	0.2829608234734774
TCF7#chr5:134114769-134114787(-)	TCF7	targeting	0.117610574	0.7761050615662207
TCF7#chr5:134115497-134115515(+)	TCF7	targeting	-0.44777632	0.3045842504907718
TCF7#chr5:134115500-134115518(+)	TCF7	targeting	-0.20057578	0.5046638244524617
TCF7L1#chr2:85133442-85133460(+)	TCF7L1	targeting	-1.3664061	4.169811024126966e-145
TCF7L1#chr2:85133469-85133487(-)	TCF7L1	targeting	0.055112414	0.6018355417000385
TCF7L1#chr2:85133581-85133599(+)	TCF7L1	targeting	-0.063685775	0.4132298956952809
TCF7L1#chr2:85133584-85133602(+)	TCF7L1	targeting	0.049640805	0.8450103923938049
TCF7L1#chr2:85133800-85133818(+)	TCF7L1	targeting	-0.0995835	0.3483301761297984
TCF7L1#chr2:85133856-85133874(+)	TCF7L1	targeting	0.022117928	0.7981498407532213
TCF7L2#chr10:112950246-112950264(-)	TCF7L2	targeting	-0.93481946	3.9010426183402575e-24
TCF7L2#chr10:112950261-112950279(-)	TCF7L2	targeting	-0.6358222	9.330040024477852e-26
TCF7L2#chr10:112950266-112950284(-)	TCF7L2	targeting	0.07239005	0.7861910286594098
TCF7L2#chr10:112950277-112950295(-)	TCF7L2	targeting	-0.8276832	1.2387640270553461e-18
TCF7L2#chr10:112950282-112950300(-)	TCF7L2	targeting	-0.23380211	0.0578359183576656
TCF7L2#chr10:112950297-112950315(-)	TCF7L2	targeting	0.024245579	0.5695750785781102
TCFL5#chr20:62861520-62861538(-)	TCFL5	targeting	-1.6827772	0.0021199355924747
TCFL5#chr20:62861675-62861693(+)	TCFL5	targeting	-1.7540622	4.107066375196334e-07
TCFL5#chr20:62861756-62861774(-)	TCFL5	targeting	0.22252555	0.7566074819337582
TCFL5#chr20:62861763-62861781(-)	TCFL5	targeting	-0.7626461	0.1716809196993625
TCFL5#chr20:62861770-62861788(+)	TCFL5	targeting	-0.042465974	0.9388503364332322
TCFL5#chr20:62861817-62861835(-)	TCFL5	targeting	-0.019329019	0.9558546233208296
TEAD1#chr11:12674415-12674433(-)	TEAD1	targeting	-0.13379931	0.4074220263375239
TEAD1#chr11:12674427-12674445(-)	TEAD1	targeting	-0.1798709	0.2436979685084581
TEAD1#chr11:12674462-12674480(-)	TEAD1	targeting	-0.50984997	0.00481343852966
TEAD1#chr11:12674636-12674654(-)	TEAD1	targeting	-0.1663875	0.0269576796576755
TEAD1#chr11:12674689-12674707(+)	TEAD1	targeting	-0.34710294	8.936772190353324e-05
TEAD1#chr11:12674787-12674805(-)	TEAD1	targeting	-0.018224264	0.8089041388501375
TEAD2#chr19:49361570-49361588(+)	TEAD2	targeting	-0.22834949	0.4445685670566394
TEAD2#chr19:49362165-49362183(+)	TEAD2	targeting	-1.8605022	0.0264903990752149
TEAD2#chr19:49362190-49362208(-)	TEAD2	targeting	-1.6671059	0.0481076947437697
TEAD2#chr19:49362340-49362358(+)	TEAD2	targeting	-2.6263888	0.0025777496005186
TEAD2#chr19:49362361-49362379(-)	TEAD2	targeting	-1.0661902	0.2128372601889515
TEAD2#chr19:49362367-49362385(-)	TEAD2	targeting	-1.9245319	0.0648330856005327
TEAD3#chr6:35496860-35496878(+)	TEAD3	targeting	-0.33225128	0.7054932262782095
TEAD3#chr6:35496896-35496914(+)	TEAD3	targeting	0.08894979	0.8323114446041403
TEAD3#chr6:35496944-35496962(+)	TEAD3	targeting	-0.31473136	0.5202985492637925
TEAD3#chr6:35497000-35497018(+)	TEAD3	targeting	0.07725616	0.8969406002174434
TEAD3#chr6:35497004-35497022(+)	TEAD3	targeting	-0.017013423	0.9766240965629656
TEAD3#chr6:35497020-35497038(-)	TEAD3	targeting	-0.56213593	0.3792305662303309
TEAD4#chr12:2959413-2959431(+)	TEAD4	targeting	-0.09175913	0.767187310212511
TEAD4#chr12:2959419-2959437(-)	TEAD4	targeting	-2.3012953	0.0007400321322709
TEAD4#chr12:2959421-2959439(+)	TEAD4	targeting	0.037292764	0.861554580949344
TEAD4#chr12:2959424-2959442(+)	TEAD4	targeting	-0.36050197	0.5291738981221037
TEAD4#chr12:2959468-2959486(-)	TEAD4	targeting	-1.1425536	0.0330681052762143
TEAD4#chr12:2960027-2960045(-)	TEAD4	targeting	0.22250986	0.3961946403413809
TEF#chr22:41367463-41367481(-)	TEF	targeting		
TEF#chr22:41367473-41367491(-)	TEF	targeting		
TEF#chr22:41367534-41367552(-)	TEF	targeting		
TEF#chr22:41367545-41367563(-)	TEF	targeting		
TEF#chr22:41367696-41367714(+)	TEF	targeting		
TEF#chr22:41367725-41367743(-)	TEF	targeting		
TEF#chr22:41381930-41381948(-)	TEF	targeting		
TEF#chr22:41381940-41381958(+)	TEF	targeting		
TEF#chr22:41381955-41381973(-)	TEF	targeting		
TEF#chr22:41381961-41381979(+)	TEF	targeting		
TEF#chr22:41381980-41381998(+)	TEF	targeting		
TEF#chr22:41381992-41382010(-)	TEF	targeting		
TERF1#chr8:73008839-73008857(-)	TERF1	targeting	-0.12646809	0.4284095126893791
TERF1#chr8:73008841-73008859(+)	TERF1	targeting	-0.3950518	0.0478862489544488
TERF1#chr8:73008872-73008890(+)	TERF1	targeting	-0.13844967	0.2273945336905886
TERF1#chr8:73008875-73008893(+)	TERF1	targeting	0.06319591	0.8388537408055673
TERF1#chr8:73008890-73008908(+)	TERF1	targeting	0.16367131	0.3413660067778099
TERF1#chr8:73008922-73008940(-)	TERF1	targeting	-0.121154256	0.5765664128346462
TERF2#chr16:69385778-69385796(-)	TERF2	targeting	-0.044148974	0.7589268625429715
TERF2#chr16:69385809-69385827(-)	TERF2	targeting	0.08711035	0.706142173323175
TERF2#chr16:69385820-69385838(-)	TERF2	targeting	-0.061190885	0.8619503577556198
TERF2#chr16:69385845-69385863(-)	TERF2	targeting	-0.057122625	0.7345284220249888
TERF2#chr16:69385911-69385929(-)	TERF2	targeting	0.025216524	0.9318974011598532
TERF2#chr16:69385953-69385971(-)	TERF2	targeting	-1.3501613	0.0237136385556265
TET1#chr10:68560326-68560344(+)	TET1	targeting	-0.90809005	8.05605101120088e-06
TET1#chr10:68560336-68560354(+)	TET1	targeting	-0.39600307	0.0089055640298618
TET1#chr10:68560376-68560394(-)	TET1	targeting	-0.6264689	0.0500575302733317
TET1#chr10:68560447-68560465(-)	TET1	targeting	-0.93323153	2.963616714226944e-27
TET1#chr10:68560826-68560844(+)	TET1	targeting	-0.089597516	0.3845553406671838
TET1#chr10:68560869-68560887(+)	TET1	targeting	0.17816666	0.1020835098125965
TET2#chr4:105146928-105146946(+)	TET2	targeting	-1.1045201	0.0003903731430209
TET2#chr4:105146935-105146953(-)	TET2	targeting	-1.8004811	0.0836096742814594
TET2#chr4:105146959-105146977(+)	TET2	targeting	-1.4354775	5.3797688128751694e-14
TET2#chr4:105147117-105147135(+)	TET2	targeting	-0.2948249	0.4577965835124662
TET2#chr4:105147244-105147262(-)	TET2	targeting	-1.6791934	0.0001857932792434
TET2#chr4:105147252-105147270(-)	TET2	targeting	-0.97093296	0.0861055762594529
TET3#chr2:74046443-74046461(+)	TET3	targeting	0.096335955	0.565501781179065
TET3#chr2:74046497-74046515(+)	TET3	targeting	0.33203086	0.0728911572617298
TET3#chr2:74046510-74046528(-)	TET3	targeting	0.105215736	0.5685242046388153
TET3#chr2:74046540-74046558(-)	TET3	targeting	-0.17937922	0.5598246096287833
TET3#chr2:74046552-74046570(-)	TET3	targeting	0.07085285	0.6577960570491841
TET3#chr2:74046884-74046902(-)	TET3	targeting	-0.09037754	0.5161899078325407
TFAM#chr10:58385428-58385446(+)	TFAM	targeting	-0.38890153	0.4829862704495716
TFAM#chr10:58385443-58385461(+)	TFAM	targeting	-0.94878423	0.016221395184608
TFAM#chr10:58385449-58385467(-)	TFAM	targeting	0.08720291	0.9234510240128742
TFAM#chr10:58385643-58385661(-)	TFAM	targeting	-0.7095615	0.0932031456414281
TFAM#chr10:58385861-58385879(-)	TFAM	targeting	-0.35259143	0.0463565669950548
TFAM#chr10:58385914-58385932(-)	TFAM	targeting	-1.3456241	3.7895149389201193e-16
TFAP2A#chr6:10411951-10411969(-)	TFAP2A	targeting		
TFAP2A#chr6:10412140-10412158(-)	TFAP2A	targeting		
TFAP2A#chr6:10412152-10412170(+)	TFAP2A	targeting		
TFAP2A#chr6:10412160-10412178(+)	TFAP2A	targeting		
TFAP2A#chr6:10412243-10412261(+)	TFAP2A	targeting		
TFAP2A#chr6:10412334-10412352(-)	TFAP2A	targeting		
TFAP2A#chr6:10414597-10414615(+)	TFAP2A	targeting		
TFAP2A#chr6:10415016-10415034(-)	TFAP2A	targeting		
TFAP2A#chr6:10415033-10415051(-)	TFAP2A	targeting		
TFAP2A#chr6:10415048-10415066(+)	TFAP2A	targeting		
TFAP2A#chr6:10415058-10415076(+)	TFAP2A	targeting		
TFAP2A#chr6:10415071-10415089(+)	TFAP2A	targeting		
TFAP2B#chr6:50818872-50818890(-)	TFAP2B	targeting		
TFAP2B#chr6:50818904-50818922(-)	TFAP2B	targeting		
TFAP2B#chr6:50818907-50818925(-)	TFAP2B	targeting		
TFAP2B#chr6:50818912-50818930(+)	TFAP2B	targeting		
TFAP2B#chr6:50818952-50818970(+)	TFAP2B	targeting		
TFAP2B#chr6:50818987-50819005(-)	TFAP2B	targeting		
TFAP2C#chr20:56629301-56629319(+)	TFAP2C	targeting		
TFAP2C#chr20:56629327-56629345(+)	TFAP2C	targeting		
TFAP2C#chr20:56629342-56629360(+)	TFAP2C	targeting		
TFAP2C#chr20:56629345-56629363(+)	TFAP2C	targeting		
TFAP2C#chr20:56629390-56629408(-)	TFAP2C	targeting		
TFAP2C#chr20:56629730-56629748(-)	TFAP2C	targeting		
TFAP2D#chr6:50713810-50713828(+)	TFAP2D	targeting		
TFAP2D#chr6:50713889-50713907(+)	TFAP2D	targeting		
TFAP2D#chr6:50714069-50714087(-)	TFAP2D	targeting		
TFAP2D#chr6:50714074-50714092(-)	TFAP2D	targeting		
TFAP2D#chr6:50714185-50714203(-)	TFAP2D	targeting		
TFAP2D#chr6:50714188-50714206(-)	TFAP2D	targeting		
TFAP2E#chr1:35573297-35573315(+)	TFAP2E	targeting		
TFAP2E#chr1:35573300-35573318(+)	TFAP2E	targeting		
TFAP2E#chr1:35573376-35573394(-)	TFAP2E	targeting		
TFAP2E#chr1:35573389-35573407(-)	TFAP2E	targeting		
TFAP2E#chr1:35573434-35573452(-)	TFAP2E	targeting		
TFAP2E#chr1:35573603-35573621(-)	TFAP2E	targeting		
TFAP4#chr16:4272475-4272493(+)	TFAP4	targeting	-0.25255775	0.7489837249421722
TFAP4#chr16:4272526-4272544(+)	TFAP4	targeting	-0.1731959	0.3714846601589212
TFAP4#chr16:4272821-4272839(+)	TFAP4	targeting	0.16731082	0.6520975872965479
TFAP4#chr16:4272832-4272850(+)	TFAP4	targeting	-0.43397617	0.2995962837965504
TFAP4#chr16:4272849-4272867(+)	TFAP4	targeting	-0.24274166	0.4832017801116279
TFAP4#chr16:4272855-4272873(+)	TFAP4	targeting	-0.4416858	0.4539389710907099
TFCP2#chr12:51172863-51172881(-)	TFCP2	targeting	-1.8419571	2.2669301144152144e-10
TFCP2#chr12:51172915-51172933(-)	TFCP2	targeting	0.076042786	0.6524541016322464
TFCP2#chr12:51173055-51173073(-)	TFCP2	targeting	-1.7659308	7.64661529896529e-14
TFCP2#chr12:51173085-51173103(+)	TFCP2	targeting	-1.7643086	4.734424742922775e-34
TFCP2#chr12:51173096-51173114(-)	TFCP2	targeting	-0.72027224	0.0022309672543256
TFCP2#chr12:51173113-51173131(-)	TFCP2	targeting	-2.4332392	3.1853455608386425e-57
TFCP2L1#chr2:121284700-121284718(+)	TFCP2L1	targeting		
TFCP2L1#chr2:121284793-121284811(-)	TFCP2L1	targeting		
TFCP2L1#chr2:121284796-121284814(+)	TFCP2L1	targeting		
TFCP2L1#chr2:121285117-121285135(+)	TFCP2L1	targeting		
TFCP2L1#chr2:121285141-121285159(+)	TFCP2L1	targeting		
TFCP2L1#chr2:121285161-121285179(+)	TFCP2L1	targeting		
TFDP1#chr13:113584680-113584698(-)	TFDP1	targeting	-0.3501774	0.2977200942233626
TFDP1#chr13:113584683-113584701(-)	TFDP1	targeting	-0.15485561	0.4362823667067571
TFDP1#chr13:113584704-113584722(+)	TFDP1	targeting	-0.19962148	0.3435453421810563
TFDP1#chr13:113584729-113584747(-)	TFDP1	targeting	-2.063588	0.0022254007963425
TFDP1#chr13:113584743-113584761(+)	TFDP1	targeting	-0.59096974	0.129455729647386
TFDP1#chr13:113585114-113585132(-)	TFDP1	targeting	-0.03650178	0.8572579570756557
TFDP2#chr3:142028416-142028434(-)	TFDP2	targeting	-0.07920121	0.6182108343354199
TFDP2#chr3:142028549-142028567(-)	TFDP2	targeting	0.26225126	0.4031168645988734
TFDP2#chr3:142028561-142028579(+)	TFDP2	targeting	-0.28486526	0.7243877058869654
TFDP2#chr3:142028568-142028586(+)	TFDP2	targeting	-0.49955702	0.0654089343806443
TFDP2#chr3:142028581-142028599(-)	TFDP2	targeting	-0.13618381	0.6638454600521527
TFDP2#chr3:142028627-142028645(+)	TFDP2	targeting	-0.02284259	0.8978967230228101
TFDP2#chr3:142149260-142149278(-)	TFDP2	targeting	-0.7782859	1.6543803365315762e-60
TFDP2#chr3:142149385-142149403(+)	TFDP2	targeting	-0.77097094	6.891517929400186e-08
TFDP2#chr3:142149391-142149409(+)	TFDP2	targeting	-0.70731825	7.116553088871016e-05
TFDP2#chr3:142149448-142149466(-)	TFDP2	targeting	-1.2466203	6.466174614364512e-08
TFDP2#chr3:142149454-142149472(-)	TFDP2	targeting	-0.9900459	1.0460957991937272e-05
TFDP2#chr3:142149466-142149484(-)	TFDP2	targeting	-0.9302877	2.401930248969764e-15
TFDP3#chrX:133218167-133218185(+)	TFDP3	targeting		
TFDP3#chrX:133218307-133218325(+)	TFDP3	targeting		
TFDP3#chrX:133218319-133218337(+)	TFDP3	targeting		
TFDP3#chrX:133218327-133218345(-)	TFDP3	targeting		
TFDP3#chrX:133218332-133218350(-)	TFDP3	targeting		
TFDP3#chrX:133218347-133218365(-)	TFDP3	targeting		
TFEB#chr6:41733540-41733558(-)	TFEB	targeting		
TFEB#chr6:41733613-41733631(+)	TFEB	targeting		
TFEB#chr6:41733764-41733782(-)	TFEB	targeting		
TFEB#chr6:41733794-41733812(+)	TFEB	targeting		
TFEB#chr6:41733808-41733826(-)	TFEB	targeting		
TFEB#chr6:41733821-41733839(-)	TFEB	targeting		
TFEB#chr6:41735253-41735271(-)	TFEB	targeting		
TFEB#chr6:41735257-41735275(-)	TFEB	targeting		
TFEB#chr6:41735311-41735329(-)	TFEB	targeting		
TFEB#chr6:41735337-41735355(-)	TFEB	targeting		
TFEB#chr6:41735560-41735578(-)	TFEB	targeting		
TFEB#chr6:41735589-41735607(-)	TFEB	targeting		
TFEC#chr7:116030682-116030700(-)	TFEC	targeting		
TFEC#chr7:116030701-116030719(-)	TFEC	targeting		
TFEC#chr7:116030705-116030723(+)	TFEC	targeting		
TFEC#chr7:116030721-116030739(-)	TFEC	targeting		
TFEC#chr7:116030734-116030752(-)	TFEC	targeting		
TFEC#chr7:116030752-116030770(-)	TFEC	targeting		
TGFB1I1#chr16:31472156-31472174(-)	TGFB1I1	targeting		
TGFB1I1#chr16:31472181-31472199(+)	TGFB1I1	targeting		
TGFB1I1#chr16:31472190-31472208(-)	TGFB1I1	targeting		
TGFB1I1#chr16:31472200-31472218(-)	TGFB1I1	targeting		
TGFB1I1#chr16:31472515-31472533(+)	TGFB1I1	targeting		
TGFB1I1#chr16:31472530-31472548(+)	TGFB1I1	targeting		
TGIF1#chr18:3449733-3449751(+)	TGIF1	targeting	-0.4493967	0.0011983265870741
TGIF1#chr18:3450188-3450206(+)	TGIF1	targeting	-0.51262313	0.0146840807413401
TGIF1#chr18:3450196-3450214(+)	TGIF1	targeting	-0.037407488	0.7073700948061475
TGIF1#chr18:3450206-3450224(+)	TGIF1	targeting	-0.022903392	0.7907213131693633
TGIF1#chr18:3450211-3450229(+)	TGIF1	targeting	0.31040552	0.0499757563546588
TGIF1#chr18:3450603-3450621(-)	TGIF1	targeting	0.113262504	0.6018682180965713
TGIF2#chr20:36573621-36573639(-)	TGIF2	targeting		
TGIF2#chr20:36573623-36573641(+)	TGIF2	targeting		
TGIF2#chr20:36573627-36573645(+)	TGIF2	targeting		
TGIF2#chr20:36573636-36573654(-)	TGIF2	targeting		
TGIF2#chr20:36573639-36573657(+)	TGIF2	targeting		
TGIF2#chr20:36575034-36575052(+)	TGIF2	targeting		
TGIF2LX#chrX:89922068-89922086(+)	TGIF2LX	targeting		
TGIF2LX#chrX:89922078-89922096(-)	TGIF2LX	targeting		
TGIF2LX#chrX:89922084-89922102(+)	TGIF2LX	targeting		
TGIF2LX#chrX:89922096-89922114(-)	TGIF2LX	targeting		
TGIF2LY#chrY:3579227-3579245(+)	TGIF2LY	targeting		
TGIF2LY#chrY:3579237-3579255(-)	TGIF2LY	targeting		
TGIF2LY#chrY:3579243-3579261(+)	TGIF2LY	targeting		
TGIF2LY#chrY:3579255-3579273(-)	TGIF2LY	targeting		
THAP1#chr8:42842856-42842874(+)	THAP1	targeting	-0.86610574	0.2218883152564688
THAP1#chr8:42842882-42842900(+)	THAP1	targeting	-0.3559806	0.313526565424949
THAP1#chr8:42843072-42843090(-)	THAP1	targeting	-0.37979677	0.6341293139940455
THAP1#chr8:42843102-42843120(-)	THAP1	targeting	0.22344463	0.5762741076744098
THAP1#chr8:42843121-42843139(+)	THAP1	targeting	0.0026952922	0.9974530417121276
THAP1#chr8:42843331-42843349(-)	THAP1	targeting	0.24002856	0.4345318989467687
THAP10#chr15:70892321-70892339(-)	THAP10	targeting		
THAP10#chr15:70892365-70892383(+)	THAP10	targeting		
THAP10#chr15:70892370-70892388(-)	THAP10	targeting		
THAP10#chr15:70892375-70892393(-)	THAP10	targeting		
THAP10#chr15:70892406-70892424(-)	THAP10	targeting		
THAP10#chr15:70892431-70892449(+)	THAP10	targeting		
THAP11#chr16:67842300-67842318(+)	THAP11	targeting		
THAP11#chr16:67842327-67842345(-)	THAP11	targeting		
THAP11#chr16:67842333-67842351(-)	THAP11	targeting		
THAP11#chr16:67842753-67842771(+)	THAP11	targeting		
THAP11#chr16:67843033-67843051(-)	THAP11	targeting		
THAP11#chr16:67843042-67843060(-)	THAP11	targeting		
THAP2#chr12:71663070-71663088(+)	THAP2	targeting		
THAP2#chr12:71663084-71663102(-)	THAP2	targeting		
THAP2#chr12:71663101-71663119(-)	THAP2	targeting		
THAP2#chr12:71663134-71663152(-)	THAP2	targeting		
THAP2#chr12:71663421-71663439(+)	THAP2	targeting		
THAP2#chr12:71663452-71663470(-)	THAP2	targeting		
THAP2#chr12:71664371-71664389(-)	THAP2	targeting		
THAP2#chr12:71664379-71664397(-)	THAP2	targeting		
THAP2#chr12:71664392-71664410(+)	THAP2	targeting		
THAP2#chr12:71664425-71664443(-)	THAP2	targeting		
THAP2#chr12:71664470-71664488(-)	THAP2	targeting		
THAP2#chr12:71664578-71664596(-)	THAP2	targeting		
THAP3#chr1:6624884-6624902(-)	THAP3	targeting		
THAP3#chr1:6625178-6625196(+)	THAP3	targeting		
THAP3#chr1:6625187-6625205(-)	THAP3	targeting		
THAP3#chr1:6625206-6625224(-)	THAP3	targeting		
THAP3#chr1:6625290-6625308(-)	THAP3	targeting		
THAP3#chr1:6625588-6625606(-)	THAP3	targeting		
THAP4#chr2:241636760-241636778(+)	THAP4	targeting	-0.29436392	0.1097414627685532
THAP4#chr2:241636935-241636953(+)	THAP4	targeting	0.013127506	0.9312330439373618
THAP4#chr2:241636982-241637000(-)	THAP4	targeting	0.24652715	0.4616716800541599
THAP4#chr2:241637097-241637115(+)	THAP4	targeting	0.013482447	0.9518401010465974
THAP4#chr2:241637104-241637122(+)	THAP4	targeting	-0.01780301	0.9477473205531444
THAP4#chr2:241637142-241637160(+)	THAP4	targeting	-0.081835106	0.930632196433889
THAP5#chr7:108569393-108569411(+)	THAP5	targeting		
THAP5#chr7:108569627-108569645(-)	THAP5	targeting		
THAP5#chr7:108569631-108569649(+)	THAP5	targeting		
THAP5#chr7:108569643-108569661(-)	THAP5	targeting		
THAP5#chr7:108569665-108569683(-)	THAP5	targeting		
THAP5#chr7:108569699-108569717(-)	THAP5	targeting		
THAP6#chr4:75514441-75514459(+)	THAP6	targeting	-1.8097081	0.0045263107140643
THAP6#chr4:75514487-75514505(-)	THAP6	targeting	-0.51921964	0.073873510293821
THAP6#chr4:75514514-75514532(+)	THAP6	targeting	-1.6573378	0.0051538458762081
THAP6#chr4:75514665-75514683(-)	THAP6	targeting	-1.5395935	0.0324503914151809
THAP6#chr4:75514688-75514706(-)	THAP6	targeting	-0.99345183	0.3073290987889038
THAP6#chr4:75514692-75514710(-)	THAP6	targeting	-1.73431	0.0003156585006244
THAP7#chr22:21001546-21001564(+)	THAP7	targeting	0.10161047	0.683211099071712
THAP7#chr22:21001716-21001734(-)	THAP7	targeting	0.31545803	0.6225311000160842
THAP7#chr22:21001759-21001777(-)	THAP7	targeting	-1.8476788	0.0235902392379167
THAP7#chr22:21001902-21001920(+)	THAP7	targeting	-0.5152408	0.0669180485497582
THAP7#chr22:21002096-21002114(-)	THAP7	targeting	-1.5522516	0.0001460586020289
THAP7#chr22:21002107-21002125(-)	THAP7	targeting	-0.12073312	0.8073297255177285
THAP8#chr19:36054165-36054183(+)	THAP8	targeting		
THAP8#chr19:36054193-36054211(+)	THAP8	targeting		
THAP8#chr19:36054231-36054249(-)	THAP8	targeting		
THAP8#chr19:36054234-36054252(-)	THAP8	targeting		
THAP8#chr19:36054247-36054265(-)	THAP8	targeting		
THAP8#chr19:36054376-36054394(-)	THAP8	targeting		
THAP9#chr4:82900711-82900729(+)	THAP9	targeting	-1.0226368	0.06042271122561
THAP9#chr4:82900715-82900733(+)	THAP9	targeting	0.054465927	0.9127232665952408
THAP9#chr4:82900721-82900739(-)	THAP9	targeting	0.08043498	0.7688978667787225
THAP9#chr4:82900759-82900777(+)	THAP9	targeting	-0.45875427	0.3573638420206848
THAP9#chr4:82900763-82900781(+)	THAP9	targeting	0.03902842	0.843220168166967
THAP9#chr4:82901085-82901103(-)	THAP9	targeting	-0.9756263	0.0513960177648642
THRA#chr17:40062971-40062989(+)	THRA	targeting	-0.43443432	0.4398618045856851
THRA#chr17:40063009-40063027(-)	THRA	targeting	-0.010139459	0.9802557918634958
THRA#chr17:40063018-40063036(-)	THRA	targeting	-0.380873	0.5336636129994894
THRA#chr17:40063080-40063098(+)	THRA	targeting	-1.434104	2.411646552984435e-05
THRA#chr17:40063226-40063244(-)	THRA	targeting	-1.7163378	7.811336456647777e-05
THRA#chr17:40063238-40063256(-)	THRA	targeting	-1.3206735	0.0497850011771782
THRB#chr3:24494427-24494445(+)	THRB	targeting		
THRB#chr3:24494574-24494592(-)	THRB	targeting		
THRB#chr3:24494721-24494739(+)	THRB	targeting		
THRB#chr3:24494753-24494771(-)	THRB	targeting		
THRB#chr3:24494838-24494856(-)	THRB	targeting		
THRB#chr3:24494841-24494859(-)	THRB	targeting		
THYN1#chr11:134252963-134252981(+)	THYN1	targeting	-0.8915884	1.3058018691608996e-07
THYN1#chr11:134253303-134253321(+)	THYN1	targeting	-2.5238864	2.10106173587103e-09
THYN1#chr11:134253335-134253353(-)	THYN1	targeting	-0.123623066	0.5367400782745924
THYN1#chr11:134253347-134253365(+)	THYN1	targeting	-0.5442504	0.2185059593439716
THYN1#chr11:134253358-134253376(+)	THYN1	targeting	-0.12595122	0.5743571975163655
THYN1#chr11:134253363-134253381(-)	THYN1	targeting	0.02075796	0.9090160062216284
TIGD1#chr2:232550455-232550473(+)	TIGD1	targeting		
TIGD1#chr2:232550462-232550480(+)	TIGD1	targeting		
TIGD1#chr2:232550481-232550499(+)	TIGD1	targeting		
TIGD1#chr2:232550540-232550558(-)	TIGD1	targeting		
TIGD1#chr2:232550553-232550571(-)	TIGD1	targeting		
TIGD1#chr2:232550568-232550586(-)	TIGD1	targeting		
TIGD2#chr4:89113555-89113573(+)	TIGD2	targeting		
TIGD2#chr4:89113565-89113583(-)	TIGD2	targeting		
TIGD2#chr4:89113609-89113627(+)	TIGD2	targeting		
TIGD2#chr4:89113669-89113687(+)	TIGD2	targeting		
TIGD2#chr4:89113950-89113968(-)	TIGD2	targeting		
TIGD2#chr4:89113958-89113976(-)	TIGD2	targeting		
TIGD3#chr11:65354826-65354844(-)	TIGD3	targeting		
TIGD3#chr11:65354836-65354854(-)	TIGD3	targeting		
TIGD3#chr11:65354851-65354869(-)	TIGD3	targeting		
TIGD3#chr11:65354877-65354895(-)	TIGD3	targeting		
TIGD3#chr11:65355009-65355027(+)	TIGD3	targeting		
TIGD3#chr11:65355215-65355233(-)	TIGD3	targeting		
TIGD4#chr4:152779372-152779390(+)	TIGD4	targeting		
TIGD4#chr4:152779481-152779499(+)	TIGD4	targeting		
TIGD4#chr4:152779565-152779583(-)	TIGD4	targeting		
TIGD4#chr4:152779671-152779689(-)	TIGD4	targeting		
TIGD4#chr4:152779695-152779713(-)	TIGD4	targeting		
TIGD4#chr4:152779708-152779726(-)	TIGD4	targeting		
TIGD5#chr8:143597834-143597852(+)	TIGD5	targeting	0.325557	0.5484994249904066
TIGD5#chr8:143597895-143597913(+)	TIGD5	targeting	-0.080468215	0.8330527075521296
TIGD5#chr8:143597899-143597917(-)	TIGD5	targeting	0.15110141	0.6858890674236329
TIGD5#chr8:143598091-143598109(+)	TIGD5	targeting	-0.12766367	0.6271527162096182
TIGD5#chr8:143598094-143598112(+)	TIGD5	targeting	0.29510206	0.526313774274628
TIGD5#chr8:143598327-143598345(-)	TIGD5	targeting	-0.18134876	0.7103600157972729
TIGD6#chr5:150000467-150000485(-)	TIGD6	targeting		
TIGD6#chr5:150000508-150000526(+)	TIGD6	targeting		
TIGD6#chr5:150000522-150000540(-)	TIGD6	targeting		
TIGD6#chr5:150000543-150000561(+)	TIGD6	targeting		
TIGD6#chr5:150000555-150000573(-)	TIGD6	targeting		
TIGD6#chr5:150000586-150000604(-)	TIGD6	targeting		
TIGD7#chr16:3305345-3305363(+)	TIGD7	targeting		
TIGD7#chr16:3305370-3305388(+)	TIGD7	targeting		
TIGD7#chr16:3305376-3305394(-)	TIGD7	targeting		
TIGD7#chr16:3305389-3305407(+)	TIGD7	targeting		
TIGD7#chr16:3305463-3305481(-)	TIGD7	targeting		
TIGD7#chr16:3305666-3305684(-)	TIGD7	targeting		
TLX1#chr10:101131117-101131135(-)	TLX1	targeting		
TLX1#chr10:101131135-101131153(-)	TLX1	targeting		
TLX1#chr10:101131319-101131337(+)	TLX1	targeting		
TLX1#chr10:101131397-101131415(-)	TLX1	targeting		
TLX1#chr10:101131657-101131675(+)	TLX1	targeting		
TLX1#chr10:101131696-101131714(+)	TLX1	targeting		
TLX2#chr2:74514467-74514485(-)	TLX2	targeting		
TLX2#chr2:74514471-74514489(+)	TLX2	targeting		
TLX2#chr2:74514478-74514496(+)	TLX2	targeting		
TLX2#chr2:74514487-74514505(-)	TLX2	targeting		
TLX2#chr2:74514581-74514599(-)	TLX2	targeting		
TLX2#chr2:74514731-74514749(-)	TLX2	targeting		
TLX3#chr5:171309238-171309256(+)	TLX3	targeting		
TLX3#chr5:171309261-171309279(+)	TLX3	targeting		
TLX3#chr5:171309267-171309285(+)	TLX3	targeting		
TLX3#chr5:171309294-171309312(+)	TLX3	targeting		
TLX3#chr5:171309308-171309326(-)	TLX3	targeting		
TLX3#chr5:171309478-171309496(+)	TLX3	targeting		
TMF1#chr3:69052092-69052110(-)	TMF1	targeting		
TMF1#chr3:69052218-69052236(-)	TMF1	targeting		
TMF1#chr3:69052227-69052245(-)	TMF1	targeting		
TMF1#chr3:69052232-69052250(+)	TMF1	targeting		
TMF1#chr3:69052238-69052256(-)	TMF1	targeting		
TMF1#chr3:69052251-69052269(-)	TMF1	targeting		
TNXB#chr6:32109273-32109291(+)	TNXB	targeting		
TNXB#chr6:32109301-32109319(+)	TNXB	targeting		
TNXB#chr6:32109309-32109327(-)	TNXB	targeting		
TNXB#chr6:32109315-32109333(+)	TNXB	targeting		
TNXB#chr6:32109319-32109337(+)	TNXB	targeting		
TNXB#chr6:32109336-32109354(+)	TNXB	targeting		
TOPORS#chr9:32552356-32552374(+)	TOPORS	targeting		
TOPORS#chr9:32552510-32552528(-)	TOPORS	targeting		
TOPORS#chr9:32552519-32552537(+)	TOPORS	targeting		
TOPORS#chr9:32552582-32552600(-)	TOPORS	targeting		
TOPORS#chr9:32552603-32552621(-)	TOPORS	targeting		
TOPORS#chr9:32552616-32552634(-)	TOPORS	targeting		
TOX#chr8:59118601-59118619(+)	TOX	targeting	-1.2951087	0.0002854244292433
TOX#chr8:59118710-59118728(-)	TOX	targeting	-1.7233297	0.0318994898714164
TOX#chr8:59118843-59118861(+)	TOX	targeting	-2.6599154	0.0039366730860236
TOX#chr8:59119054-59119072(+)	TOX	targeting	-0.09638926	0.7423551231599435
TOX#chr8:59119061-59119079(+)	TOX	targeting	0.22912472	0.6937095242284461
TOX#chr8:59119110-59119128(-)	TOX	targeting	-1.3709317	0.0405244492182248
TOX2#chr20:43914841-43914859(+)	TOX2	targeting		
TOX2#chr20:43914848-43914866(-)	TOX2	targeting		
TOX2#chr20:43914890-43914908(-)	TOX2	targeting		
TOX2#chr20:43914893-43914911(-)	TOX2	targeting		
TOX2#chr20:43914903-43914921(-)	TOX2	targeting		
TOX2#chr20:43914906-43914924(-)	TOX2	targeting		
TOX3#chr16:52546796-52546814(-)	TOX3	targeting	-1.1138494	0.0330186531288524
TOX3#chr16:52546885-52546903(+)	TOX3	targeting	0.094552055	0.6575584682532868
TOX3#chr16:52547027-52547045(+)	TOX3	targeting	-1.3620119	4.2204131149457737e-08
TOX3#chr16:52547107-52547125(-)	TOX3	targeting	-0.17745075	0.7606313663107391
TOX3#chr16:52547110-52547128(-)	TOX3	targeting	-1.7726152	0.0067773723602145
TOX3#chr16:52547128-52547146(+)	TOX3	targeting	0.002303022	0.991074039707414
TOX4#chr14:21476886-21476904(-)	TOX4	targeting	0.12809606	0.3834628428091026
TOX4#chr14:21477189-21477207(+)	TOX4	targeting	-0.012642935	0.9261847547776694
TOX4#chr14:21477207-21477225(+)	TOX4	targeting	-0.05674656	0.8495640318770934
TOX4#chr14:21477379-21477397(+)	TOX4	targeting	0.019382702	0.9298243767978412
TOX4#chr14:21477402-21477420(+)	TOX4	targeting	0.032253504	0.8732079744356596
TOX4#chr14:21477594-21477612(+)	TOX4	targeting	0.29970053	0.3364378090370402
TP53#chr17:7687058-7687076(+)	TP53	targeting	-0.18688716	0.4184849761133654
TP53#chr17:7687217-7687235(-)	TP53	targeting	-0.7618	0.0008477295666959
TP53#chr17:7687366-7687384(+)	TP53	targeting	-0.47348806	0.000921391826146
TP53#chr17:7687449-7687467(-)	TP53	targeting	-0.7239067	0.1038562594486994
TP53#chr17:7687460-7687478(-)	TP53	targeting	-0.76575774	0.0119985503776433
TP53#chr17:7687466-7687484(-)	TP53	targeting	-2.2445092	6.228440265363476e-34
TP53BP1#chr15:43492900-43492918(-)	TP53BP1	targeting	-1.7798092	2.1005174716447767e-14
TP53BP1#chr15:43493093-43493111(-)	TP53BP1	targeting	-2.0737572	1.698662035255706e-21
TP53BP1#chr15:43493101-43493119(-)	TP53BP1	targeting	-1.7176901	9.634609268437591e-09
TP53BP1#chr15:43493105-43493123(-)	TP53BP1	targeting	-1.241932	0.0002770231031783
TP53BP1#chr15:43493115-43493133(-)	TP53BP1	targeting	-1.8313593	1.3858697069103498e-13
TP53BP1#chr15:43493159-43493177(-)	TP53BP1	targeting	-0.19562472	0.0778566725487389
TP53BP1#chr15:43510228-43510246(+)	TP53BP1	targeting	0.09363719	0.6080372476435341
TP53BP1#chr15:43510365-43510383(+)	TP53BP1	targeting	-0.081694275	0.7558840311442946
TP53BP1#chr15:43510403-43510421(-)	TP53BP1	targeting	-0.57867426	0.0198278908920782
TP53BP1#chr15:43510408-43510426(-)	TP53BP1	targeting	-0.006200082	0.9542525848905204
TP53BP1#chr15:43510417-43510435(+)	TP53BP1	targeting	0.2624636	0.5288177463623962
TP53BP1#chr15:43510464-43510482(-)	TP53BP1	targeting	0.11454773	0.6673980262848673
TP53BP2#chr1:223845711-223845729(+)	TP53BP2	targeting	-1.8591864	0.1147151674333013
TP53BP2#chr1:223845872-223845890(+)	TP53BP2	targeting	-0.113290474	0.5445164577392061
TP53BP2#chr1:223845898-223845916(+)	TP53BP2	targeting	-0.06367286	0.5404126497190396
TP53BP2#chr1:223845904-223845922(+)	TP53BP2	targeting	-0.04605507	0.7753493675042372
TP53BP2#chr1:223845938-223845956(-)	TP53BP2	targeting	-1.2488737	0.010915719308237
TP53BP2#chr1:223845949-223845967(-)	TP53BP2	targeting	-1.9736737	2.851030461685068e-06
TP63#chr3:189789703-189789721(+)	TP63	targeting		
TP63#chr3:189789712-189789730(+)	TP63	targeting		
TP63#chr3:189789715-189789733(+)	TP63	targeting		
TP63#chr3:189789720-189789738(+)	TP63	targeting		
TP63#chr3:189789822-189789840(+)	TP63	targeting		
TP63#chr3:189789826-189789844(-)	TP63	targeting		
TP73#chr1:3652548-3652566(+)	TP73	targeting		
TP73#chr1:3652565-3652583(+)	TP73	targeting		
TP73#chr1:3652766-3652784(+)	TP73	targeting		
TP73#chr1:3652902-3652920(+)	TP73	targeting		
TP73#chr1:3652976-3652994(+)	TP73	targeting		
TP73#chr1:3652988-3653006(+)	TP73	targeting		
TPI1#chr12:6867491-6867509(+)	TPI1	targeting	-1.1939313	1.0401604786007602e-11
TPI1#chr12:6867737-6867755(+)	TPI1	targeting	0.20317572	0.4081341273583438
TPI1#chr12:6867781-6867799(+)	TPI1	targeting	-1.6545653	9.74969120804352e-34
TPI1#chr12:6867852-6867870(+)	TPI1	targeting	-1.4760185	1.823179720063792e-40
TPI1#chr12:6867967-6867985(+)	TPI1	targeting	-0.43085238	1.155263697172838e-05
TPI1#chr12:6867977-6867995(+)	TPI1	targeting	-0.69831145	9.87482678742444e-12
TPRX1#chr19:47818602-47818620(+)	TPRX1	targeting		
TPRX1#chr19:47818608-47818626(+)	TPRX1	targeting		
TPRX1#chr19:47818615-47818633(+)	TPRX1	targeting		
TPRX1#chr19:47818673-47818691(+)	TPRX1	targeting		
TPRX1#chr19:47818692-47818710(-)	TPRX1	targeting		
TPRX1#chr19:47818703-47818721(-)	TPRX1	targeting		
TRAFD1#chr12:112125539-112125557(-)	TRAFD1	targeting	-1.8395109	1.8514448281314865e-08
TRAFD1#chr12:112125573-112125591(-)	TRAFD1	targeting	-1.6533296	0.0001873897076287
TRAFD1#chr12:112125609-112125627(-)	TRAFD1	targeting	-2.4065583	1.2640121128093798e-07
TRAFD1#chr12:112125611-112125629(+)	TRAFD1	targeting	-2.488231	0.0009308520212041
TRAFD1#chr12:112125617-112125635(-)	TRAFD1	targeting	-1.0805547	0.0685329730408678
TRAFD1#chr12:112125896-112125914(-)	TRAFD1	targeting	-1.6914331	9.049403681324241e-08
TRERF1#chr6:42451110-42451128(-)	TRERF1	targeting	-0.02903032	0.9163580626306888
TRERF1#chr6:42451566-42451584(-)	TRERF1	targeting	-1.7431953	0.0003018048754335
TRERF1#chr6:42451608-42451626(-)	TRERF1	targeting	-0.41096622	0.4941574602936843
TRERF1#chr6:42451720-42451738(-)	TRERF1	targeting	-1.151609	0.0137044374923717
TRERF1#chr6:42451762-42451780(-)	TRERF1	targeting	-0.57955545	0.3330605003130782
TRERF1#chr6:42451790-42451808(-)	TRERF1	targeting	-1.8886373	4.1471873613682185e-08
TRIM22#chr11:5689791-5689809(+)	TRIM22	targeting		
TRIM22#chr11:5689819-5689837(+)	TRIM22	targeting		
TRIM22#chr11:5689846-5689864(-)	TRIM22	targeting		
TRIM22#chr11:5689868-5689886(-)	TRIM22	targeting		
TRIM22#chr11:5689899-5689917(+)	TRIM22	targeting		
TRIM22#chr11:5689994-5690012(+)	TRIM22	targeting		
TRIM25#chr17:56913644-56913662(+)	TRIM25	targeting	-0.37029684	0.4791736654657069
TRIM25#chr17:56913652-56913670(-)	TRIM25	targeting	-0.8713873	0.0850552931496384
TRIM25#chr17:56913969-56913987(+)	TRIM25	targeting	-1.26827	0.1892784610355847
TRIM25#chr17:56913981-56913999(+)	TRIM25	targeting	-1.8370945	0.052426613928975
TRIM25#chr17:56913988-56914006(-)	TRIM25	targeting	-1.1988814	0.0157630309016928
TRIM25#chr17:56913998-56914016(-)	TRIM25	targeting	-1.7799029	0.0792582060620556
TRIM27#chr6:28923729-28923747(+)	TRIM27	targeting	0.26539588	0.1916861306846908
TRIM27#chr6:28923827-28923845(-)	TRIM27	targeting	-0.3469108	0.3174828324879467
TRIM27#chr6:28923867-28923885(+)	TRIM27	targeting	-0.12190956	0.6334620393055685
TRIM27#chr6:28923889-28923907(+)	TRIM27	targeting	-1.4818486	0.0006061540420478
TRIM27#chr6:28923907-28923925(-)	TRIM27	targeting	-0.45440376	0.2274730401893987
TRIM27#chr6:28923934-28923952(+)	TRIM27	targeting	-0.45494813	0.004508964313795
TRIM28#chr19:58544027-58544045(-)	TRIM28	targeting	-0.13427821	0.0972192389458452
TRIM28#chr19:58544504-58544522(+)	TRIM28	targeting	0.2642183	0.1382422123785598
TRIM28#chr19:58544525-58544543(+)	TRIM28	targeting	0.13930714	0.4199466026262742
TRIM28#chr19:58544584-58544602(-)	TRIM28	targeting	0.09051267	0.5263940082887213
TRIM28#chr19:58544664-58544682(+)	TRIM28	targeting	0.15604836	0.0504613970310582
TRIM28#chr19:58544740-58544758(+)	TRIM28	targeting	0.08095135	0.4677101519105364
TRIM29#chr11:120122614-120122632(+)	TRIM29	targeting		
TRIM29#chr11:120122975-120122993(+)	TRIM29	targeting		
TRIM29#chr11:120123006-120123024(-)	TRIM29	targeting		
TRIM29#chr11:120123013-120123031(-)	TRIM29	targeting		
TRIM29#chr11:120123016-120123034(-)	TRIM29	targeting		
TRIM29#chr11:120123064-120123082(+)	TRIM29	targeting		
TRIM29#chr11:120137900-120137918(-)	TRIM29	targeting		
TRIM29#chr11:120138049-120138067(+)	TRIM29	targeting		
TRIM29#chr11:120138072-120138090(+)	TRIM29	targeting		
TRIM29#chr11:120138084-120138102(+)	TRIM29	targeting		
TRIM29#chr11:120138111-120138129(+)	TRIM29	targeting		
TRIM29#chr11:120138128-120138146(-)	TRIM29	targeting		
TRPS1#chr8:115668571-115668589(+)	TRPS1	targeting	-0.36756778	0.0032923548917389
TRPS1#chr8:115668765-115668783(+)	TRPS1	targeting	-0.20533621	0.2320152496467735
TRPS1#chr8:115668772-115668790(+)	TRPS1	targeting	0.063135244	0.5946409521747249
TRPS1#chr8:115668838-115668856(+)	TRPS1	targeting	-1.3944771	4.335017175979284e-25
TRPS1#chr8:115668877-115668895(+)	TRPS1	targeting	0.081688285	0.0536151725046876
TRPS1#chr8:115668959-115668977(-)	TRPS1	targeting	-0.050652184	0.6966883297208175
TSC22D1#chr13:44436786-44436804(-)	TSC22D1	targeting	0.38358638	0.0076631841983903
TSC22D1#chr13:44436796-44436814(+)	TSC22D1	targeting	-0.25714722	0.0089671222313744
TSC22D1#chr13:44436810-44436828(-)	TSC22D1	targeting	-0.28723994	0.0004295872655653
TSC22D1#chr13:44436827-44436845(-)	TSC22D1	targeting	-0.006851875	0.9617948681115066
TSC22D1#chr13:44436839-44436857(-)	TSC22D1	targeting	-0.17520964	0.3714481654304056
TSC22D1#chr13:44436841-44436859(+)	TSC22D1	targeting	-0.52739507	0.0017065703338049
TSC22D2#chr3:150408282-150408300(+)	TSC22D2	targeting	-0.5979933	0.163535814375422
TSC22D2#chr3:150408357-150408375(-)	TSC22D2	targeting	-0.12856832	0.0950193906397723
TSC22D2#chr3:150408363-150408381(+)	TSC22D2	targeting	0.1958299	0.4819198714400562
TSC22D2#chr3:150408367-150408385(-)	TSC22D2	targeting	-0.09126499	0.687014107476718
TSC22D2#chr3:150408533-150408551(-)	TSC22D2	targeting	0.06733903	0.8350747234849698
TSC22D2#chr3:150408660-150408678(+)	TSC22D2	targeting	-0.09792234	0.6333787027153099
TSC22D3#chrX:107716580-107716598(+)	TSC22D3	targeting		
TSC22D3#chrX:107716781-107716799(-)	TSC22D3	targeting		
TSC22D3#chrX:107716919-107716937(+)	TSC22D3	targeting		
TSC22D3#chrX:107716976-107716994(+)	TSC22D3	targeting		
TSC22D3#chrX:107716991-107717009(+)	TSC22D3	targeting		
TSC22D3#chrX:107717021-107717039(-)	TSC22D3	targeting		
TSC22D4#chr7:100479017-100479035(-)	TSC22D4	targeting		
TSC22D4#chr7:100479088-100479106(+)	TSC22D4	targeting		
TSC22D4#chr7:100479117-100479135(-)	TSC22D4	targeting		
TSC22D4#chr7:100479148-100479166(-)	TSC22D4	targeting		
TSC22D4#chr7:100479152-100479170(+)	TSC22D4	targeting		
TSC22D4#chr7:100479241-100479259(-)	TSC22D4	targeting		
TSHZ1#chr18:75210878-75210896(+)	TSHZ1	targeting		
TSHZ1#chr18:75210885-75210903(+)	TSHZ1	targeting		
TSHZ1#chr18:75210930-75210948(-)	TSHZ1	targeting		
TSHZ1#chr18:75210935-75210953(-)	TSHZ1	targeting		
TSHZ1#chr18:75210959-75210977(-)	TSHZ1	targeting		
TSHZ1#chr18:75211235-75211253(+)	TSHZ1	targeting		
TSHZ2#chr20:52972312-52972330(+)	TSHZ2	targeting		
TSHZ2#chr20:52972366-52972384(+)	TSHZ2	targeting		
TSHZ2#chr20:52972396-52972414(-)	TSHZ2	targeting		
TSHZ2#chr20:52972471-52972489(+)	TSHZ2	targeting		
TSHZ2#chr20:52972685-52972703(-)	TSHZ2	targeting		
TSHZ3#chr19:31349211-31349229(-)	TSHZ3	targeting		
TSHZ3#chr19:31349335-31349353(-)	TSHZ3	targeting		
TSHZ3#chr19:31349354-31349372(+)	TSHZ3	targeting		
TSHZ3#chr19:31349405-31349423(+)	TSHZ3	targeting		
TSHZ3#chr19:31349409-31349427(+)	TSHZ3	targeting		
TSHZ3#chr19:31349416-31349434(+)	TSHZ3	targeting		
TTF1#chr9:132406633-132406651(-)	TTF1	targeting	-0.07344518	0.6715884605050003
TTF1#chr9:132406729-132406747(-)	TTF1	targeting	-0.09367572	0.6250139053473904
TTF1#chr9:132406792-132406810(-)	TTF1	targeting	-0.44796595	0.3832172267355798
TTF1#chr9:132406811-132406829(-)	TTF1	targeting	0.10880627	0.6428739910759751
TTF1#chr9:132406820-132406838(+)	TTF1	targeting	0.16944653	0.1885265027308641
TTF1#chr9:132406824-132406842(-)	TTF1	targeting	-0.16002582	0.32131890484691
TUB#chr11:8038774-8038792(+)	TUB	targeting	-0.16354907	0.7154177400454598
TUB#chr11:8038813-8038831(-)	TUB	targeting	-0.030736936	0.9556357296965424
TUB#chr11:8038831-8038849(-)	TUB	targeting	0.023458673	0.9331562779376912
TUB#chr11:8038855-8038873(-)	TUB	targeting	-0.38508493	0.4121562160693558
TUB#chr11:8038861-8038879(-)	TUB	targeting	-0.50521123	0.2287293560889909
TUB#chr11:8038872-8038890(-)	TUB	targeting	0.13466914	0.3876351265772285
TULP1#chr6:35512253-35512271(-)	TULP1	targeting		
TULP1#chr6:35512800-35512818(+)	TULP1	targeting		
TULP1#chr6:35512814-35512832(-)	TULP1	targeting		
TULP1#chr6:35512818-35512836(+)	TULP1	targeting		
TULP1#chr6:35512831-35512849(-)	TULP1	targeting		
TULP1#chr6:35512834-35512852(+)	TULP1	targeting		
TULP2#chr19:48898554-48898572(-)	TULP2	targeting		
TULP2#chr19:48898626-48898644(+)	TULP2	targeting		
TULP2#chr19:48898648-48898666(+)	TULP2	targeting		
TULP2#chr19:48898666-48898684(+)	TULP2	targeting		
TULP2#chr19:48898683-48898701(-)	TULP2	targeting		
TULP2#chr19:48898693-48898711(-)	TULP2	targeting		
TULP3#chr12:2877252-2877270(+)	TULP3	targeting	0.87496895	0.1379702254093671
TULP3#chr12:2877267-2877285(+)	TULP3	targeting	-0.06913168	0.8380171531379533
TULP3#chr12:2877292-2877310(+)	TULP3	targeting	0.09589825	0.6398753279006482
TULP3#chr12:2877296-2877314(-)	TULP3	targeting	-0.05268091	0.8446553788610494
TULP3#chr12:2877445-2877463(-)	TULP3	targeting	0.08566882	0.5588058286328408
TULP3#chr12:2877695-2877713(-)	TULP3	targeting	-0.094556265	0.6700750724871312
TULP3#chr12:2890882-2890900(+)	TULP3	targeting	-1.4881984	7.924428024163253e-06
TULP3#chr12:2890887-2890905(+)	TULP3	targeting	-0.9472302	7.712128264915126e-05
TULP3#chr12:2890903-2890921(+)	TULP3	targeting	-1.8537968	0.0006385697126607
TULP3#chr12:2890906-2890924(+)	TULP3	targeting	-1.6019138	0.0001282241637273
TULP3#chr12:2890937-2890955(-)	TULP3	targeting	-0.2026082	0.5548214971845439
TULP3#chr12:2891092-2891110(+)	TULP3	targeting	-1.5204642	2.4792364619186684e-07
TULP4#chr6:158312280-158312298(+)	TULP4	targeting	0.121179245	0.3451570675209323
TULP4#chr6:158312326-158312344(+)	TULP4	targeting	0.18583506	0.2633385401411225
TULP4#chr6:158312334-158312352(-)	TULP4	targeting	-0.32064807	0.2174509368325618
TULP4#chr6:158312563-158312581(-)	TULP4	targeting	-0.20127058	0.4329130328122174
TULP4#chr6:158312633-158312651(-)	TULP4	targeting	-0.09995208	0.4428955036350188
TULP4#chr6:158312685-158312703(-)	TULP4	targeting	0.020992639	0.784781512719252
TWIST1#chr7:19117247-19117265(-)	TWIST1	targeting		
TWIST1#chr7:19117438-19117456(+)	TWIST1	targeting		
TWIST1#chr7:19117443-19117461(+)	TWIST1	targeting		
TWIST1#chr7:19117543-19117561(+)	TWIST1	targeting		
TWIST1#chr7:19117578-19117596(+)	TWIST1	targeting		
TWIST1#chr7:19117619-19117637(-)	TWIST1	targeting		
TWIST2#chr2:238848065-238848083(-)	TWIST2	targeting		
TWIST2#chr2:238848070-238848088(-)	TWIST2	targeting		
TWIST2#chr2:238848127-238848145(-)	TWIST2	targeting		
TWIST2#chr2:238848247-238848265(-)	TWIST2	targeting		
TWIST2#chr2:238848266-238848284(+)	TWIST2	targeting		
TWIST2#chr2:238848355-238848373(+)	TWIST2	targeting		
UBN1#chr16:4847461-4847479(+)	UBN1	targeting	0.30963948	0.3432586900418484
UBN1#chr16:4847492-4847510(-)	UBN1	targeting	-0.55500895	0.0934475357382397
UBN1#chr16:4847495-4847513(-)	UBN1	targeting	0.36930114	0.0169185817228259
UBN1#chr16:4847498-4847516(-)	UBN1	targeting	0.09708669	0.5515454374351709
UBN1#chr16:4847515-4847533(+)	UBN1	targeting	-0.20348589	0.3682438804809367
UBN1#chr16:4847731-4847749(-)	UBN1	targeting	0.027388196	0.7609624717115181
UBP1#chr3:33439938-33439956(+)	UBP1	targeting	0.09126337	0.6957696341893824
UBP1#chr3:33439958-33439976(+)	UBP1	targeting	-0.013780163	0.913953656670681
UBP1#chr3:33440304-33440322(-)	UBP1	targeting	-0.59382594	0.2518247471411442
UBP1#chr3:33440336-33440354(-)	UBP1	targeting	-0.114200905	0.7617043065877025
UBP1#chr3:33440355-33440373(-)	UBP1	targeting	0.037147727	0.8925613369342523
UBP1#chr3:33440383-33440401(-)	UBP1	targeting	-1.1593708	0.0005828856416391
UNCX#chr7:1232867-1232885(+)	UNCX	targeting		
UNCX#chr7:1232883-1232901(+)	UNCX	targeting		
UNCX#chr7:1232911-1232929(-)	UNCX	targeting		
UNCX#chr7:1233092-1233110(-)	UNCX	targeting		
UNCX#chr7:1233099-1233117(-)	UNCX	targeting		
UNCX#chr7:1233110-1233128(-)	UNCX	targeting		
UNKL#chr16:1414603-1414621(+)	UNKL	targeting	0.005192275	0.990241212536779
UNKL#chr16:1414607-1414625(+)	UNKL	targeting	0.10026133	0.8667122580580373
UNKL#chr16:1414627-1414645(+)	UNKL	targeting	-0.9314397	0.1952787989492834
UNKL#chr16:1414664-1414682(-)	UNKL	targeting	-0.1748679	0.5046117051545524
UNKL#chr16:1414670-1414688(-)	UNKL	targeting	-1.0821377	0.1703351102554043
UNKL#chr16:1414673-1414691(-)	UNKL	targeting	-1.2719755	4.606811785768982e-07
USF1#chr1:161045659-161045677(+)	USF1	targeting		
USF1#chr1:161045844-161045862(-)	USF1	targeting		
USF1#chr1:161045905-161045923(-)	USF1	targeting		
USF1#chr1:161045911-161045929(-)	USF1	targeting		
USF1#chr1:161045916-161045934(-)	USF1	targeting		
USF1#chr1:161045927-161045945(-)	USF1	targeting		
USF2#chr19:35268935-35268953(+)	USF2	targeting	0.025709206	0.8279516917164432
USF2#chr19:35268940-35268958(-)	USF2	targeting	-0.9962655	0.1281160907137256
USF2#chr19:35268978-35268996(-)	USF2	targeting	-0.34041718	0.0586626550799761
USF2#chr19:35269435-35269453(+)	USF2	targeting	0.05114231	0.7747469576609028
USF2#chr19:35269444-35269462(+)	USF2	targeting	-0.0030821434	0.9889349339589096
USF2#chr19:35269447-35269465(+)	USF2	targeting	-0.18102913	0.5232048665469726
VAV1#chr19:6772667-6772685(-)	VAV1	targeting		
VAV1#chr19:6772709-6772727(+)	VAV1	targeting		
VAV1#chr19:6772718-6772736(+)	VAV1	targeting		
VAV1#chr19:6772733-6772751(+)	VAV1	targeting		
VAV1#chr19:6772905-6772923(+)	VAV1	targeting		
VAV1#chr19:6772917-6772935(-)	VAV1	targeting		
VAX1#chr10:117137808-117137826(-)	VAX1	targeting	-2.1783576	0.002628947904131
VAX1#chr10:117137814-117137832(+)	VAX1	targeting	-1.5798966	0.0200345306021909
VAX1#chr10:117138184-117138202(+)	VAX1	targeting	-1.1012677	0.0759644212064844
VAX1#chr10:117138354-117138372(-)	VAX1	targeting	-1.0772125	0.0991313838539061
VAX1#chr10:117138368-117138386(+)	VAX1	targeting	-1.490688	0.0279515033046828
VAX1#chr10:117138374-117138392(-)	VAX1	targeting	-0.9108842	0.1430155077967733
VAX2#chr2:70900586-70900604(+)	VAX2	targeting		
VAX2#chr2:70900592-70900610(+)	VAX2	targeting		
VAX2#chr2:70900596-70900614(-)	VAX2	targeting		
VAX2#chr2:70900605-70900623(+)	VAX2	targeting		
VAX2#chr2:70900614-70900632(+)	VAX2	targeting		
VAX2#chr2:70900719-70900737(+)	VAX2	targeting		
VDR#chr12:47904785-47904803(-)	VDR	targeting		
VDR#chr12:47904946-47904964(+)	VDR	targeting		
VDR#chr12:47904949-47904967(+)	VDR	targeting		
VDR#chr12:47904967-47904985(-)	VDR	targeting		
VDR#chr12:47904984-47905002(+)	VDR	targeting		
VDR#chr12:47905017-47905035(-)	VDR	targeting		
VENTX#chr10:133238114-133238132(-)	VENTX	targeting		
VENTX#chr10:133238140-133238158(-)	VENTX	targeting		
VENTX#chr10:133238240-133238258(-)	VENTX	targeting		
VENTX#chr10:133238255-133238273(-)	VENTX	targeting		
VENTX#chr10:133238312-133238330(-)	VENTX	targeting		
VENTX#chr10:133238360-133238378(+)	VENTX	targeting		
VEZF1#chr17:57987740-57987758(-)	VEZF1	targeting	-0.19015844	0.1545148028506916
VEZF1#chr17:57987902-57987920(-)	VEZF1	targeting	0.119945936	0.3550480308693025
VEZF1#chr17:57987934-57987952(+)	VEZF1	targeting	-0.060202993	0.6779556082475511
VEZF1#chr17:57988171-57988189(+)	VEZF1	targeting	-0.81876236	1.4520790598657874e-09
VEZF1#chr17:57988174-57988192(+)	VEZF1	targeting	-1.5865159	8.594127909898852e-06
VEZF1#chr17:57988214-57988232(+)	VEZF1	targeting	-1.6969664	3.565552778298564e-07
VPS72#chr1:151189714-151189732(+)	VPS72	targeting	-1.0674405	0.0262092837478632
VPS72#chr1:151189925-151189943(-)	VPS72	targeting	-0.9138799	0.0651099127761547
VPS72#chr1:151190115-151190133(-)	VPS72	targeting	-0.6870063	0.0609261953243593
VPS72#chr1:151190129-151190147(-)	VPS72	targeting	-0.011540678	0.9893030463814952
VPS72#chr1:151190157-151190175(-)	VPS72	targeting	-0.03934391	0.9666110469072904
VPS72#chr1:151190198-151190216(+)	VPS72	targeting	-0.4357389	0.316437931496726
VSX1#chr20:25077611-25077629(-)	VSX1	targeting		
VSX1#chr20:25077720-25077738(+)	VSX1	targeting		
VSX1#chr20:25077788-25077806(-)	VSX1	targeting		
VSX1#chr20:25077946-25077964(-)	VSX1	targeting		
VSX1#chr20:25077967-25077985(-)	VSX1	targeting		
VSX1#chr20:25077989-25078007(+)	VSX1	targeting		
VSX2#chr14:74239442-74239460(+)	VSX2	targeting		
VSX2#chr14:74239445-74239463(+)	VSX2	targeting		
VSX2#chr14:74239448-74239466(+)	VSX2	targeting		
VSX2#chr14:74239456-74239474(+)	VSX2	targeting		
VSX2#chr14:74239475-74239493(-)	VSX2	targeting		
VSX2#chr14:74239488-74239506(+)	VSX2	targeting		
WDHD1#chr14:55026736-55026754(-)	WDHD1	targeting	-0.842996	0.0002515914725873
WDHD1#chr14:55026849-55026867(+)	WDHD1	targeting	-0.21223731	0.4734902804338333
WDHD1#chr14:55026889-55026907(-)	WDHD1	targeting	-0.7645174	9.627727335072558e-06
WDHD1#chr14:55027010-55027028(+)	WDHD1	targeting	-0.9112584	0.1113073642091877
WDHD1#chr14:55027034-55027052(+)	WDHD1	targeting	-0.51139146	0.1965590707774953
WDHD1#chr14:55027044-55027062(-)	WDHD1	targeting	-0.964673	0.0004151553999061
WDR82#chr3:52278139-52278157(+)	WDR82	targeting	0.22280565	0.4497077208151231
WDR82#chr3:52278142-52278160(+)	WDR82	targeting	0.15955539	0.4533737922361514
WDR82#chr3:52278155-52278173(+)	WDR82	targeting	0.15043044	0.4326201365769806
WDR82#chr3:52278191-52278209(-)	WDR82	targeting	-0.3376973	0.3931216199666286
WDR82#chr3:52278581-52278599(-)	WDR82	targeting	-0.20315567	0.4193235906200595
WDR82#chr3:52278621-52278639(-)	WDR82	targeting	0.036127284	0.6589014234270092
WHSC1#chr4:1871399-1871417(+)	WHSC1	targeting	-0.45903808	0.3572319419717061
WHSC1#chr4:1871504-1871522(-)	WHSC1	targeting	-0.5340576	2.2861069741186127e-10
WHSC1#chr4:1871609-1871627(+)	WHSC1	targeting	-0.2762706	0.2085991122888931
WHSC1#chr4:1871766-1871784(+)	WHSC1	targeting	0.017710404	0.8730236766996026
WHSC1#chr4:1871808-1871826(+)	WHSC1	targeting	0.22821347	0.0425179651426882
WHSC1#chr4:1871851-1871869(+)	WHSC1	targeting	-0.40510282	0.0006946212911247
WIZ#chr19:15432185-15432203(+)	WIZ	targeting	0.3135491	0.0627127787193639
WIZ#chr19:15432227-15432245(+)	WIZ	targeting	-0.07769498	0.8532313137543197
WIZ#chr19:15432230-15432248(+)	WIZ	targeting	-0.86407006	0.2901857968487428
WIZ#chr19:15432346-15432364(+)	WIZ	targeting	-0.17604636	0.5064773644662883
WIZ#chr19:15432673-15432691(+)	WIZ	targeting	-0.32759497	0.4119180185477443
WIZ#chr19:15432704-15432722(-)	WIZ	targeting	-0.07312877	0.6685381844063341
WNK1#chr12:752553-752571(+)	WNK1	targeting	-1.8558854	3.902769776517941e-42
WNK1#chr12:752595-752613(+)	WNK1	targeting	-1.3142655	0.0070356912762364
WNK1#chr12:752598-752616(+)	WNK1	targeting	-0.16965964	0.4855399944285375
WNK1#chr12:753084-753102(-)	WNK1	targeting	-0.9496418	4.883435493460274e-06
WNK1#chr12:753106-753124(-)	WNK1	targeting	0.001010593	0.9894220023857312
WNK1#chr12:753220-753238(-)	WNK1	targeting	-0.3501296	3.876047144348709e-06
WT1#chr11:32435042-32435060(+)	WT1	targeting		
WT1#chr11:32435113-32435131(+)	WT1	targeting		
WT1#chr11:32435271-32435289(+)	WT1	targeting		
WT1#chr11:32435400-32435418(+)	WT1	targeting		
WT1#chr11:32435481-32435499(+)	WT1	targeting		
WT1#chr11:32435487-32435505(+)	WT1	targeting		
XBP1#chr22:28800497-28800515(-)	XBP1	targeting	-1.4707872	0.001070170419785
XBP1#chr22:28800515-28800533(-)	XBP1	targeting	-2.9511762	6.705788942794709e-09
XBP1#chr22:28800518-28800536(-)	XBP1	targeting	-2.4501631	8.529170500415694e-08
XBP1#chr22:28800521-28800539(-)	XBP1	targeting	-1.8223641	8.858858001488223e-18
XBP1#chr22:28800524-28800542(-)	XBP1	targeting	-1.2780093	3.4421633798464274e-05
XBP1#chr22:28800532-28800550(-)	XBP1	targeting	-1.1211786	0.0078911560014347
XPA#chr9:97697265-97697283(-)	XPA	targeting	-0.52765465	0.2572302225623336
XPA#chr9:97697277-97697295(+)	XPA	targeting	0.4050764	0.4090764538664585
XPA#chr9:97697286-97697304(-)	XPA	targeting	-0.26942706	0.4447826132394733
XPA#chr9:97697292-97697310(-)	XPA	targeting	-0.6446991	0.0760376283356671
XPA#chr9:97697302-97697320(-)	XPA	targeting	0.019075902	0.9581769170511684
XPA#chr9:97697308-97697326(-)	XPA	targeting	-0.32699132	0.3827143985981235
XRCC5#chr2:216109402-216109420(-)	XRCC5	targeting	-0.25997302	0.4345765447970998
XRCC5#chr2:216109406-216109424(+)	XRCC5	targeting	0.0064004296	0.9433330538349494
XRCC5#chr2:216109411-216109429(+)	XRCC5	targeting	-0.50340664	0.0015140111852642
XRCC5#chr2:216109424-216109442(-)	XRCC5	targeting	-0.045945745	0.8003476007953387
XRCC5#chr2:216109555-216109573(+)	XRCC5	targeting	-0.35629192	6.938655448941063e-12
XRCC5#chr2:216109562-216109580(+)	XRCC5	targeting	-0.20809883	0.0215463749959979
XRCC6#chr22:41621332-41621350(+)	XRCC6	targeting	-0.027095152	0.6439929605324484
XRCC6#chr22:41621336-41621354(-)	XRCC6	targeting	-0.51435596	0.0761001230993243
XRCC6#chr22:41621343-41621361(-)	XRCC6	targeting	0.030916609	0.8951268125149857
XRCC6#chr22:41621358-41621376(-)	XRCC6	targeting	-0.06012532	0.2873998832317517
XRCC6#chr22:41621674-41621692(+)	XRCC6	targeting	-0.3334278	0.0006299066628361
XRCC6#chr22:41621740-41621758(-)	XRCC6	targeting	-0.4610689	0.000884868744279
YAF2#chr12:42237972-42237990(+)	YAF2	targeting	-2.2167206	1.6683057246013126e-30
YAF2#chr12:42237998-42238016(+)	YAF2	targeting	-1.8778898	6.699504742165389e-20
YAF2#chr12:42238018-42238036(+)	YAF2	targeting	-0.23205325	0.2817793046819676
YAF2#chr12:42238142-42238160(+)	YAF2	targeting	-1.9832356	9.27787542105335e-06
YAF2#chr12:42238180-42238198(-)	YAF2	targeting	-1.7708892	5.050346981961987e-05
YAF2#chr12:42238214-42238232(-)	YAF2	targeting	-1.2242556	4.786188694630251e-06
YAP1#chr11:102110462-102110480(+)	YAP1	targeting	0.007287882	0.9071477715453504
YAP1#chr11:102110605-102110623(+)	YAP1	targeting	-0.16485809	0.4043568941465719
YAP1#chr11:102110619-102110637(-)	YAP1	targeting	-0.14682317	0.1255850336196424
YAP1#chr11:102110625-102110643(+)	YAP1	targeting	-0.35410988	0.5504172486627965
YAP1#chr11:102110804-102110822(-)	YAP1	targeting	-0.22598879	0.0663920688522636
YAP1#chr11:102110905-102110923(+)	YAP1	targeting	-0.08890045	0.3688355285398178
YBX1#chr1:42682410-42682428(-)	YBX1	targeting	0.033377346	0.7588257376714349
YBX1#chr1:42682415-42682433(-)	YBX1	targeting	0.10074329	0.3555948597354976
YBX1#chr1:42682734-42682752(+)	YBX1	targeting	-0.022417651	0.8566171064548339
YBX1#chr1:42682875-42682893(-)	YBX1	targeting	0.038286652	0.550209912269042
YBX1#chr1:42683140-42683158(-)	YBX1	targeting	-0.012725783	0.8704991560731182
YBX1#chr1:42683204-42683222(-)	YBX1	targeting	0.037104156	0.7345752741317164
YBX2#chr17:7294385-7294403(-)	YBX2	targeting	-2.343605	8.595869004652691e-06
YBX2#chr17:7294566-7294584(-)	YBX2	targeting	-0.39018556	0.6500578320463606
YBX2#chr17:7294570-7294588(-)	YBX2	targeting	-0.45393392	0.4798707714684811
YBX2#chr17:7294573-7294591(-)	YBX2	targeting	-0.4278606	0.5071664613990314
YBX2#chr17:7294592-7294610(-)	YBX2	targeting	-0.72580713	0.1861203546007617
YBX2#chr17:7294603-7294621(-)	YBX2	targeting	-1.0728946	0.228480360016883
YBX3#chr12:10722782-10722800(-)	YBX3	targeting	-0.48028108	0.010287671599445
YBX3#chr12:10722799-10722817(+)	YBX3	targeting	-0.12953554	0.463250617175949
YBX3#chr12:10722833-10722851(-)	YBX3	targeting	-0.48381913	0.0537072853765395
YBX3#chr12:10723005-10723023(-)	YBX3	targeting	0.27884746	0.1541260719054024
YBX3#chr12:10723357-10723375(+)	YBX3	targeting	-0.7164454	3.81252483191816e-07
YBX3#chr12:10723362-10723380(+)	YBX3	targeting	-1.4953425	5.652947986552182e-08
YEATS2#chr3:183697802-183697820(+)	YEATS2	targeting	0.12455063	0.262880919759103
YEATS2#chr3:183697805-183697823(+)	YEATS2	targeting	0.09059546	0.594847899978034
YEATS2#chr3:183697815-183697833(+)	YEATS2	targeting	-0.12060507	0.5743583004003526
YEATS2#chr3:183697850-183697868(-)	YEATS2	targeting	-0.1462782	0.2570847623840297
YEATS2#chr3:183697865-183697883(+)	YEATS2	targeting	-0.4225348	0.0006083915433677
YEATS2#chr3:183698229-183698247(-)	YEATS2	targeting	-0.053300653	0.6037062544476337
YWHAE#chr17:1399967-1399985(-)	YWHAE	targeting	-0.122177474	0.00232097693757
YWHAE#chr17:1399974-1399992(+)	YWHAE	targeting	-0.010421736	0.8467451290060961
YWHAE#chr17:1399978-1399996(-)	YWHAE	targeting	0.025417201	0.6920427658537808
YWHAE#chr17:1399989-1400007(-)	YWHAE	targeting	-0.081265196	0.0613236829063679
YWHAE#chr17:1400106-1400124(+)	YWHAE	targeting	0.04023207	0.4543498817659813
YWHAE#chr17:1400123-1400141(+)	YWHAE	targeting	-0.033749424	0.5960578991690763
YWHAZ#chr8:100951536-100951554(+)	YWHAZ	targeting	0.035921294	0.753568135016046
YWHAZ#chr8:100951615-100951633(+)	YWHAZ	targeting	0.00972269	0.8760873782308319
YWHAZ#chr8:100951751-100951769(-)	YWHAZ	targeting	-0.10000285	0.1932903279975582
YWHAZ#chr8:100951790-100951808(-)	YWHAZ	targeting	0.026742458	0.8712287494364168
YWHAZ#chr8:100951926-100951944(-)	YWHAZ	targeting	0.032156553	0.646897408290011
YWHAZ#chr8:100951944-100951962(+)	YWHAZ	targeting	-0.17256002	0.0650594014133048
YY1#chr14:100238828-100238846(+)	YY1	targeting	-0.033036713	0.7642872241002971
YY1#chr14:100239239-100239257(-)	YY1	targeting	0.007478777	0.9285428308409988
YY1#chr14:100239246-100239264(-)	YY1	targeting	0.18448387	0.3667229186225356
YY1#chr14:100239344-100239362(+)	YY1	targeting	-0.038623832	0.5936204635036939
YY1#chr14:100239491-100239509(-)	YY1	targeting	-0.09954848	0.3882398330593269
YY1#chr14:100239509-100239527(-)	YY1	targeting	-0.20751919	0.102178861463645
YY2#chrX:21856256-21856274(-)	YY2	targeting		
YY2#chrX:21856274-21856292(-)	YY2	targeting		
YY2#chrX:21856445-21856463(-)	YY2	targeting		
YY2#chrX:21856510-21856528(-)	YY2	targeting		
YY2#chrX:21856659-21856677(-)	YY2	targeting		
ZBED1#chrX:2500511-2500529(+)	ZBED1	targeting		
ZBED1#chrX:2500521-2500539(+)	ZBED1	targeting		
ZBED1#chrX:2500526-2500544(-)	ZBED1	targeting		
ZBED1#chrX:2500546-2500564(+)	ZBED1	targeting		
ZBED1#chrX:2500852-2500870(+)	ZBED1	targeting		
ZBED1#chrX:2500883-2500901(-)	ZBED1	targeting		
ZBED2#chr3:111594890-111594908(-)	ZBED2	targeting		
ZBED2#chr3:111595247-111595265(+)	ZBED2	targeting		
ZBED2#chr3:111595271-111595289(+)	ZBED2	targeting		
ZBED2#chr3:111595285-111595303(+)	ZBED2	targeting		
ZBED2#chr3:111595290-111595308(+)	ZBED2	targeting		
ZBED2#chr3:111595296-111595314(+)	ZBED2	targeting		
ZBED3#chr5:77086957-77086975(+)	ZBED3	targeting		
ZBED3#chr5:77086972-77086990(+)	ZBED3	targeting		
ZBED3#chr5:77087144-77087162(+)	ZBED3	targeting		
ZBED3#chr5:77087160-77087178(+)	ZBED3	targeting		
ZBED3#chr5:77087174-77087192(-)	ZBED3	targeting		
ZBED3#chr5:77087177-77087195(-)	ZBED3	targeting		
ZBED4#chr22:49853834-49853852(-)	ZBED4	targeting	-0.023828331	0.955675419436405
ZBED4#chr22:49853836-49853854(+)	ZBED4	targeting	-0.7062873	0.1201328617783391
ZBED4#chr22:49853845-49853863(+)	ZBED4	targeting	-0.025969617	0.9250409120224184
ZBED4#chr22:49853905-49853923(+)	ZBED4	targeting	-0.26474756	0.0439586754182476
ZBED4#chr22:49853914-49853932(-)	ZBED4	targeting	0.035572555	0.8881354834916091
ZBED4#chr22:49853944-49853962(-)	ZBED4	targeting	0.12285408	0.6786450344283345
ZBED5#chr11:10857566-10857584(-)	ZBED5	targeting	-0.56282806	0.0317452064029806
ZBED5#chr11:10857776-10857794(+)	ZBED5	targeting	-0.20289971	0.3773255640384662
ZBED5#chr11:10857986-10858004(+)	ZBED5	targeting	-0.18759777	0.6184879091493387
ZBED5#chr11:10858005-10858023(-)	ZBED5	targeting	-0.6150345	0.228949345522377
ZBED5#chr11:10858011-10858029(-)	ZBED5	targeting	-0.20156762	0.2836889693793817
ZBED5#chr11:10858013-10858031(+)	ZBED5	targeting	-0.12829177	0.4038135096206028
ZBED6#chr1:203796138-203796156(-)	ZBED6	targeting		
ZBED6#chr1:203796147-203796165(-)	ZBED6	targeting		
ZBED6#chr1:203796156-203796174(-)	ZBED6	targeting		
ZBED6#chr1:203796493-203796511(+)	ZBED6	targeting		
ZBTB1#chr14:64504027-64504045(-)	ZBTB1	targeting	0.5532971	0.2695100041426583
ZBTB1#chr14:64504739-64504757(+)	ZBTB1	targeting	0.024636855	0.9317915317858662
ZBTB1#chr14:64504768-64504786(-)	ZBTB1	targeting	0.15142107	0.3388160167251354
ZBTB1#chr14:64504797-64504815(-)	ZBTB1	targeting	-0.20622611	0.6058180832919657
ZBTB1#chr14:64505162-64505180(+)	ZBTB1	targeting	0.12595809	0.8338172577931536
ZBTB1#chr14:64505178-64505196(-)	ZBTB1	targeting	-0.7718576	0.236564522145995
ZBTB10#chr8:80486173-80486191(-)	ZBTB10	targeting	0.33082455	0.1624917531877114
ZBTB10#chr8:80486234-80486252(-)	ZBTB10	targeting	-0.31364238	0.1153556088091023
ZBTB10#chr8:80486242-80486260(-)	ZBTB10	targeting	-0.20509069	0.3903539901681981
ZBTB10#chr8:80486245-80486263(-)	ZBTB10	targeting	-0.33171967	0.2848984133092213
ZBTB10#chr8:80486254-80486272(-)	ZBTB10	targeting	0.20111425	0.6211781852864
ZBTB10#chr8:80486274-80486292(-)	ZBTB10	targeting	-0.5033393	0.1758932814513595
ZBTB11#chr3:101676999-101677017(+)	ZBTB11	targeting	0.11079899	0.2957415887943724
ZBTB11#chr3:101677054-101677072(+)	ZBTB11	targeting	-0.06701739	0.8131265556239494
ZBTB11#chr3:101677062-101677080(+)	ZBTB11	targeting	-0.36667	0.1925261394908441
ZBTB11#chr3:101677072-101677090(+)	ZBTB11	targeting	-0.0017962777	0.9952754817636704
ZBTB11#chr3:101677090-101677108(-)	ZBTB11	targeting	-0.043201666	0.9330223581905412
ZBTB11#chr3:101677121-101677139(+)	ZBTB11	targeting	0.046676613	0.7502135219545004
ZBTB12#chr6:31901544-31901562(+)	ZBTB12	targeting		
ZBTB12#chr6:31901700-31901718(-)	ZBTB12	targeting		
ZBTB12#chr6:31901888-31901906(-)	ZBTB12	targeting		
ZBTB12#chr6:31901980-31901998(+)	ZBTB12	targeting		
ZBTB12#chr6:31902056-31902074(+)	ZBTB12	targeting		
ZBTB12#chr6:31902059-31902077(+)	ZBTB12	targeting		
ZBTB14#chr18:5295464-5295482(+)	ZBTB14	targeting		
ZBTB14#chr18:5295479-5295497(+)	ZBTB14	targeting		
ZBTB14#chr18:5295519-5295537(-)	ZBTB14	targeting		
ZBTB14#chr18:5295844-5295862(-)	ZBTB14	targeting		
ZBTB14#chr18:5295968-5295986(+)	ZBTB14	targeting		
ZBTB14#chr18:5295985-5296003(-)	ZBTB14	targeting		
ZBTB16#chr11:114059720-114059738(+)	ZBTB16	targeting		
ZBTB16#chr11:114059766-114059784(+)	ZBTB16	targeting		
ZBTB16#chr11:114059777-114059795(-)	ZBTB16	targeting		
ZBTB16#chr11:114060121-114060139(+)	ZBTB16	targeting		
ZBTB16#chr11:114060129-114060147(+)	ZBTB16	targeting		
ZBTB16#chr11:114060190-114060208(+)	ZBTB16	targeting		
ZBTB17#chr1:15976004-15976022(+)	ZBTB17	targeting	-1.1810753	0.2330546434502831
ZBTB17#chr1:15976015-15976033(+)	ZBTB17	targeting	-0.11905248	0.729910074509504
ZBTB17#chr1:15976025-15976043(+)	ZBTB17	targeting	-0.32385722	0.6913382605447169
ZBTB17#chr1:15976067-15976085(+)	ZBTB17	targeting	-0.40142798	0.3547081030584854
ZBTB17#chr1:15976073-15976091(-)	ZBTB17	targeting	-0.04428091	0.8851071722927419
ZBTB17#chr1:15976076-15976094(-)	ZBTB17	targeting	-0.044399522	0.848965653461907
ZBTB18#chr1:244051272-244051290(+)	ZBTB18	targeting	-0.21679772	0.5233803166903455
ZBTB18#chr1:244051280-244051298(+)	ZBTB18	targeting	0.07738521	0.8230831872239239
ZBTB18#chr1:244051283-244051301(+)	ZBTB18	targeting	0.47060078	0.1998200029597831
ZBTB18#chr1:244051340-244051358(-)	ZBTB18	targeting	0.32644942	0.1896143412206928
ZBTB18#chr1:244051376-244051394(-)	ZBTB18	targeting	-0.0152305225	0.9584809877752016
ZBTB18#chr1:244051379-244051397(-)	ZBTB18	targeting	-0.13281333	0.7151990580979668
ZBTB2#chr6:151391075-151391093(+)	ZBTB2	targeting	0.18422358	0.5496773206676296
ZBTB2#chr6:151391447-151391465(+)	ZBTB2	targeting	0.31704718	0.3836832421521011
ZBTB2#chr6:151391535-151391553(+)	ZBTB2	targeting	0.3082899	0.6354910873755331
ZBTB2#chr6:151391541-151391559(-)	ZBTB2	targeting	-0.5456736	0.2540262049419624
ZBTB2#chr6:151391543-151391561(+)	ZBTB2	targeting	0.0013088827	0.996814065162145
ZBTB2#chr6:151391671-151391689(+)	ZBTB2	targeting	-0.1739472	0.8575096123175077
ZBTB20#chr3:114624540-114624558(-)	ZBTB20	targeting	-0.14576775	0.3166758823494624
ZBTB20#chr3:114624664-114624682(-)	ZBTB20	targeting	0.36848307	0.1887782128094209
ZBTB20#chr3:114624872-114624890(+)	ZBTB20	targeting	0.007021246	0.9815879052786354
ZBTB20#chr3:114624905-114624923(-)	ZBTB20	targeting	-0.12179847	0.6474848141024453
ZBTB20#chr3:114624914-114624932(-)	ZBTB20	targeting	0.12339909	0.7793066223271664
ZBTB20#chr3:114624977-114624995(-)	ZBTB20	targeting	-0.32962912	0.2333104473555975
ZBTB20#chr3:115146950-115146968(+)	ZBTB20	targeting	-1.1583129	3.6048908309031575e-10
ZBTB20#chr3:115147060-115147078(-)	ZBTB20	targeting	-0.6197574	0.0044782034079253
ZBTB20#chr3:115147221-115147239(-)	ZBTB20	targeting	-0.1589018	0.6344213651254449
ZBTB20#chr3:115147247-115147265(-)	ZBTB20	targeting	0.07736721	0.6056664487345589
ZBTB20#chr3:115147268-115147286(-)	ZBTB20	targeting	-0.035256304	0.9277535807592564
ZBTB20#chr3:115147271-115147289(-)	ZBTB20	targeting	-0.5387469	0.038295955664482
ZBTB21#chr21:42009912-42009930(+)	ZBTB21	targeting	-0.4938372	0.2007309422788797
ZBTB21#chr21:42010254-42010272(-)	ZBTB21	targeting	-0.05218245	0.8601407055922703
ZBTB21#chr21:42010280-42010298(+)	ZBTB21	targeting	-0.1986158	0.5343860366968645
ZBTB21#chr21:42010291-42010309(-)	ZBTB21	targeting	-0.06331973	0.851451467191555
ZBTB21#chr21:42010324-42010342(-)	ZBTB21	targeting	-0.20263612	0.4777553041061197
ZBTB21#chr21:42010353-42010371(+)	ZBTB21	targeting	-0.21206412	0.493424336442021
ZBTB22#chr6:33317539-33317557(-)	ZBTB22	targeting		
ZBTB22#chr6:33317674-33317692(+)	ZBTB22	targeting		
ZBTB22#chr6:33317681-33317699(-)	ZBTB22	targeting		
ZBTB22#chr6:33317684-33317702(-)	ZBTB22	targeting		
ZBTB22#chr6:33317691-33317709(+)	ZBTB22	targeting		
ZBTB22#chr6:33317729-33317747(-)	ZBTB22	targeting		
ZBTB24#chr6:109482896-109482914(+)	ZBTB24	targeting	-0.32115194	0.30795501388156
ZBTB24#chr6:109483043-109483061(+)	ZBTB24	targeting	-0.8324368	0.0560544178100538
ZBTB24#chr6:109483145-109483163(+)	ZBTB24	targeting	-0.9564924	0.0579739316556193
ZBTB24#chr6:109483178-109483196(-)	ZBTB24	targeting	-2.078168	0.0198905775908671
ZBTB24#chr6:109483217-109483235(+)	ZBTB24	targeting	-0.5340091	0.2861232872760528
ZBTB24#chr6:109483225-109483243(-)	ZBTB24	targeting	-1.0396974	0.2184690734244116
ZBTB25#chr14:64503671-64503689(-)	ZBTB25	targeting	-0.2798421	0.362809290012993
ZBTB25#chr14:64503684-64503702(+)	ZBTB25	targeting	-0.27595922	0.4805127032148009
ZBTB25#chr14:64503717-64503735(+)	ZBTB25	targeting	-1.003823	0.0033357957788799
ZBTB25#chr14:64503764-64503782(-)	ZBTB25	targeting	-0.54994076	0.0757401088385728
ZBTB25#chr14:64503795-64503813(-)	ZBTB25	targeting	-0.03623602	0.9038524634615944
ZBTB25#chr14:64503806-64503824(-)	ZBTB25	targeting	-0.88319856	0.0325707509685105
ZBTB26#chr9:122931221-122931239(-)	ZBTB26	targeting	-0.54378337	0.4104426389977029
ZBTB26#chr9:122931426-122931444(+)	ZBTB26	targeting	-0.5942349	0.2282296464942627
ZBTB26#chr9:122931447-122931465(+)	ZBTB26	targeting	-1.9826722	0.0243878671963099
ZBTB26#chr9:122931455-122931473(-)	ZBTB26	targeting	-1.7180248	0.0002399490536817
ZBTB26#chr9:122931458-122931476(-)	ZBTB26	targeting	-0.9656219	0.2479614469031439
ZBTB26#chr9:122931475-122931493(+)	ZBTB26	targeting	-0.8786592	0.0976508788899241
ZBTB3#chr11:62753866-62753884(-)	ZBTB3	targeting		
ZBTB3#chr11:62753959-62753977(+)	ZBTB3	targeting		
ZBTB3#chr11:62754062-62754080(+)	ZBTB3	targeting		
ZBTB3#chr11:62754078-62754096(+)	ZBTB3	targeting		
ZBTB3#chr11:62754091-62754109(+)	ZBTB3	targeting		
ZBTB3#chr11:62754137-62754155(-)	ZBTB3	targeting		
ZBTB32#chr19:35713418-35713436(+)	ZBTB32	targeting		
ZBTB32#chr19:35713469-35713487(-)	ZBTB32	targeting		
ZBTB32#chr19:35713515-35713533(-)	ZBTB32	targeting		
ZBTB32#chr19:35713518-35713536(-)	ZBTB32	targeting		
ZBTB32#chr19:35713527-35713545(-)	ZBTB32	targeting		
ZBTB32#chr19:35713583-35713601(+)	ZBTB32	targeting		
ZBTB33#chrX:120250729-120250747(+)	ZBTB33	targeting	-0.9484444	0.0644608263924973
ZBTB33#chrX:120250778-120250796(+)	ZBTB33	targeting	-0.1443906	0.7523099789271569
ZBTB33#chrX:120250789-120250807(-)	ZBTB33	targeting	-0.50480294	0.2192054761566141
ZBTB33#chrX:120250844-120250862(+)	ZBTB33	targeting	-1.197201	0.0881542009563386
ZBTB33#chrX:120251033-120251051(-)	ZBTB33	targeting	-2.146016	0.039989042064431
ZBTB33#chrX:120251210-120251228(-)	ZBTB33	targeting	-0.57213616	0.0925105490004975
ZBTB34#chr9:126860430-126860448(-)	ZBTB34	targeting	-0.71692586	0.0983392592743923
ZBTB34#chr9:126860491-126860509(+)	ZBTB34	targeting	-0.30475265	0.62879402745691
ZBTB34#chr9:126860706-126860724(-)	ZBTB34	targeting	-0.5636806	0.3395646528190627
ZBTB34#chr9:126860719-126860737(+)	ZBTB34	targeting	-0.062417995	0.8872461776199325
ZBTB34#chr9:126860816-126860834(+)	ZBTB34	targeting	-0.97257566	0.0938730246148335
ZBTB34#chr9:126860827-126860845(+)	ZBTB34	targeting	-0.43298125	0.3638964582991302
ZBTB37#chr1:173868382-173868400(+)	ZBTB37	targeting	-0.14754319	0.615357434419721
ZBTB37#chr1:173868385-173868403(+)	ZBTB37	targeting	0.13291341	0.7697407908407012
ZBTB37#chr1:173868390-173868408(-)	ZBTB37	targeting	-0.58059555	0.0002807121879531
ZBTB37#chr1:173868400-173868418(-)	ZBTB37	targeting	-0.35628277	0.378942817868025
ZBTB37#chr1:173868403-173868421(-)	ZBTB37	targeting	-0.76224613	0.0710133350696167
ZBTB37#chr1:173868421-173868439(-)	ZBTB37	targeting	-0.820268	0.0052364827757407
ZBTB38#chr3:141368488-141368506(+)	ZBTB38	targeting	-0.22834317	0.643282704135643
ZBTB38#chr3:141368582-141368600(-)	ZBTB38	targeting	0.018573532	0.9576849455395005
ZBTB38#chr3:141368768-141368786(+)	ZBTB38	targeting	-0.46335655	0.0402961724954482
ZBTB38#chr3:141368832-141368850(-)	ZBTB38	targeting	0.054856222	0.9022521271317704
ZBTB38#chr3:141368891-141368909(+)	ZBTB38	targeting	0.1299779	0.6611820361931768
ZBTB38#chr3:141368904-141368922(-)	ZBTB38	targeting	0.15037172	0.5348846985740685
ZBTB38#chr3:141402371-141402389(+)	ZBTB38	targeting	-1.0822059	0.0297918132422088
ZBTB38#chr3:141402387-141402405(+)	ZBTB38	targeting	-1.5920447	0.0057961732439215
ZBTB38#chr3:141402408-141402426(+)	ZBTB38	targeting	-0.37724045	0.2665118259296314
ZBTB38#chr3:141402413-141402431(-)	ZBTB38	targeting	-1.1212304	0.0316613625365655
ZBTB38#chr3:141402449-141402467(-)	ZBTB38	targeting	-1.3649445	0.0205532856021373
ZBTB38#chr3:141402578-141402596(+)	ZBTB38	targeting	-1.2980015	3.0016732713709383e-05
ZBTB39#chr12:57006094-57006112(-)	ZBTB39	targeting	-0.37708667	0.3511020767480987
ZBTB39#chr12:57006126-57006144(+)	ZBTB39	targeting	-0.15531293	0.681457739688398
ZBTB39#chr12:57006188-57006206(+)	ZBTB39	targeting	-0.6591263	0.2160031489016942
ZBTB39#chr12:57006467-57006485(+)	ZBTB39	targeting	-1.663036	0.0213995103366165
ZBTB39#chr12:57006479-57006497(-)	ZBTB39	targeting	-2.0923207	0.018683787840601
ZBTB39#chr12:57006497-57006515(-)	ZBTB39	targeting	0.4952572	0.1691810436953073
ZBTB4#chr17:7479228-7479246(+)	ZBTB4	targeting	-1.2715328	0.0004783280708898
ZBTB4#chr17:7479318-7479336(+)	ZBTB4	targeting	-0.9577768	0.0202380718910821
ZBTB4#chr17:7479331-7479349(+)	ZBTB4	targeting	-0.27246913	0.5448631522203253
ZBTB4#chr17:7479437-7479455(-)	ZBTB4	targeting	-0.4513329	0.2120754446586499
ZBTB4#chr17:7479612-7479630(+)	ZBTB4	targeting	-0.18441674	0.5162147544619511
ZBTB4#chr17:7479621-7479639(-)	ZBTB4	targeting	-2.0661037	0.0051091145661307
ZBTB4#chr17:7484149-7484167(+)	ZBTB4	targeting	-0.41005665	0.5110159353479795
ZBTB4#chr17:7484197-7484215(-)	ZBTB4	targeting	-0.0091661215	0.9738147203417096
ZBTB4#chr17:7484213-7484231(+)	ZBTB4	targeting	0.6754739	0.324804714451504
ZBTB4#chr17:7484218-7484236(-)	ZBTB4	targeting	0.09664828	0.7355767530401938
ZBTB4#chr17:7484242-7484260(-)	ZBTB4	targeting	-0.16545784	0.6599886716910437
ZBTB4#chr17:7484262-7484280(-)	ZBTB4	targeting	0.012081423	0.9738162363392128
ZBTB40#chr1:22451847-22451865(-)	ZBTB40	targeting	-3.0114017	1.3541769821128254e-07
ZBTB40#chr1:22451859-22451877(+)	ZBTB40	targeting	-0.37956396	0.1468359631662854
ZBTB40#chr1:22451960-22451978(+)	ZBTB40	targeting	-0.38701326	0.2058053527587003
ZBTB40#chr1:22452062-22452080(+)	ZBTB40	targeting	-1.0457178	0.0142233651347768
ZBTB40#chr1:22452223-22452241(+)	ZBTB40	targeting	-1.2575036	0.0010282983916846
ZBTB40#chr1:22452344-22452362(-)	ZBTB40	targeting	-1.3587775	0.0092446820269577
ZBTB41#chr1:197200732-197200750(+)	ZBTB41	targeting	0.107457675	0.5340828718742985
ZBTB41#chr1:197200748-197200766(+)	ZBTB41	targeting	0.27266857	0.2161436897370454
ZBTB41#chr1:197200920-197200938(+)	ZBTB41	targeting	0.01775152	0.9328430382170874
ZBTB41#chr1:197200954-197200972(-)	ZBTB41	targeting	-0.020243503	0.9558054628092028
ZBTB41#chr1:197200973-197200991(-)	ZBTB41	targeting	-0.23388168	0.3587233213337338
ZBTB41#chr1:197200988-197201006(-)	ZBTB41	targeting	-0.18054904	0.6314974195796306
ZBTB42#chr14:104800555-104800573(-)	ZBTB42	targeting		
ZBTB42#chr14:104800621-104800639(-)	ZBTB42	targeting		
ZBTB42#chr14:104800678-104800696(-)	ZBTB42	targeting		
ZBTB42#chr14:104800784-104800802(-)	ZBTB42	targeting		
ZBTB42#chr14:104801119-104801137(+)	ZBTB42	targeting		
ZBTB42#chr14:104801179-104801197(-)	ZBTB42	targeting		
ZBTB43#chr9:126805040-126805058(+)	ZBTB43	targeting	-0.79799414	0.0457654038119492
ZBTB43#chr9:126805050-126805068(+)	ZBTB43	targeting	-2.0260637	0.0007199807071732
ZBTB43#chr9:126805060-126805078(+)	ZBTB43	targeting	-1.1088469	0.0252807333801739
ZBTB43#chr9:126805063-126805081(+)	ZBTB43	targeting	-2.0780556	0.0053248926201563
ZBTB43#chr9:126805084-126805102(+)	ZBTB43	targeting	-1.4736934	0.0747877950974634
ZBTB43#chr9:126805126-126805144(-)	ZBTB43	targeting	-2.3084974	8.112474905532896e-07
ZBTB44#chr11:130314418-130314436(-)	ZBTB44	targeting	-1.4933792	6.207276736241995e-19
ZBTB44#chr11:130314493-130314511(+)	ZBTB44	targeting	-0.45535734	0.1354509640342588
ZBTB44#chr11:130314507-130314525(-)	ZBTB44	targeting	-0.1248391	0.4679562377211542
ZBTB44#chr11:130314542-130314560(-)	ZBTB44	targeting	-0.70157915	9.551486858344128e-05
ZBTB44#chr11:130314860-130314878(-)	ZBTB44	targeting	-1.6910118	7.158523681139392e-11
ZBTB44#chr11:130314863-130314881(-)	ZBTB44	targeting	-1.5867021	6.072125494183221e-24
ZBTB45#chr19:58519573-58519591(-)	ZBTB45	targeting	-1.0614024	0.0161920911160516
ZBTB45#chr19:58519730-58519748(-)	ZBTB45	targeting	-1.2777332	0.0016125782223371
ZBTB45#chr19:58519739-58519757(-)	ZBTB45	targeting	-1.3889147	0.1245104914262537
ZBTB45#chr19:58519744-58519762(-)	ZBTB45	targeting	-0.47506118	0.3235020808761882
ZBTB45#chr19:58519765-58519783(-)	ZBTB45	targeting	-0.2018198	0.7133620659974793
ZBTB45#chr19:58519781-58519799(-)	ZBTB45	targeting	-0.9156485	0.0239552374951683
ZBTB46#chr20:63830924-63830942(+)	ZBTB46	targeting	-0.36362374	0.1904089603353831
ZBTB46#chr20:63831154-63831172(-)	ZBTB46	targeting	-0.054846745	0.8726069737643308
ZBTB46#chr20:63831173-63831191(+)	ZBTB46	targeting	0.53260374	0.3190864353118481
ZBTB46#chr20:63831197-63831215(+)	ZBTB46	targeting	-0.010216042	0.9622133849830308
ZBTB46#chr20:63831216-63831234(-)	ZBTB46	targeting	0.1847643	0.622262715183284
ZBTB46#chr20:63831243-63831261(-)	ZBTB46	targeting	0.20464937	0.6327582336280816
ZBTB47#chr3:42653687-42653705(+)	ZBTB47	targeting		
ZBTB47#chr3:42653698-42653716(-)	ZBTB47	targeting		
ZBTB47#chr3:42653700-42653718(+)	ZBTB47	targeting		
ZBTB47#chr3:42653709-42653727(+)	ZBTB47	targeting		
ZBTB47#chr3:42653853-42653871(-)	ZBTB47	targeting		
ZBTB47#chr3:42653894-42653912(+)	ZBTB47	targeting		
ZBTB48#chr1:6580024-6580042(+)	ZBTB48	targeting	-1.293719	0.038175256418713
ZBTB48#chr1:6580029-6580047(+)	ZBTB48	targeting	-2.0078917	0.0350755799682165
ZBTB48#chr1:6580037-6580055(-)	ZBTB48	targeting	0.1013943	0.7934132579002005
ZBTB48#chr1:6580043-6580061(+)	ZBTB48	targeting	-0.15194327	0.8669352251867897
ZBTB48#chr1:6580058-6580076(+)	ZBTB48	targeting	-0.97464573	0.146602885380971
ZBTB48#chr1:6580265-6580283(-)	ZBTB48	targeting	-0.6450783	0.1625051945392704
ZBTB49#chr4:4290250-4290268(+)	ZBTB49	targeting		
ZBTB49#chr4:4290275-4290293(-)	ZBTB49	targeting		
ZBTB49#chr4:4290280-4290298(+)	ZBTB49	targeting		
ZBTB49#chr4:4290304-4290322(+)	ZBTB49	targeting		
ZBTB49#chr4:4290307-4290325(+)	ZBTB49	targeting		
ZBTB49#chr4:4290537-4290555(+)	ZBTB49	targeting		
ZBTB5#chr9:37464997-37465015(+)	ZBTB5	targeting	0.2072098	0.6828407336579705
ZBTB5#chr9:37465212-37465230(-)	ZBTB5	targeting	-0.13690574	0.646965201179165
ZBTB5#chr9:37465370-37465388(-)	ZBTB5	targeting	0.28386208	0.1663055516097042
ZBTB5#chr9:37465378-37465396(-)	ZBTB5	targeting	-0.9854771	0.0105171007825684
ZBTB5#chr9:37465402-37465420(+)	ZBTB5	targeting	-0.5284593	0.392625379392516
ZBTB5#chr9:37465422-37465440(+)	ZBTB5	targeting	-0.11334702	0.3928357360535026
ZBTB6#chr9:122913079-122913097(-)	ZBTB6	targeting	-0.5806911	0.2166848840344356
ZBTB6#chr9:122913098-122913116(+)	ZBTB6	targeting	-0.3205203	0.3329941267697335
ZBTB6#chr9:122913262-122913280(+)	ZBTB6	targeting	-0.68542796	0.2667337811450552
ZBTB6#chr9:122913281-122913299(+)	ZBTB6	targeting	0.6186337	0.2010043164319485
ZBTB6#chr9:122913296-122913314(-)	ZBTB6	targeting	0.15390518	0.7473507592241986
ZBTB6#chr9:122913302-122913320(-)	ZBTB6	targeting	-0.017173056	0.969876211381946
ZBTB7A#chr19:4065053-4065071(+)	ZBTB7A	targeting	0.015745377	0.9612610932928703
ZBTB7A#chr19:4065065-4065083(-)	ZBTB7A	targeting	0.24178995	0.6651898080556062
ZBTB7A#chr19:4065125-4065143(+)	ZBTB7A	targeting	-0.26858544	0.5043079591280072
ZBTB7A#chr19:4065292-4065310(+)	ZBTB7A	targeting	-0.058994506	0.7919816906569381
ZBTB7A#chr19:4065493-4065511(+)	ZBTB7A	targeting	-0.33519083	0.4850982808151919
ZBTB7A#chr19:4065501-4065519(+)	ZBTB7A	targeting	-0.035977803	0.9406096818554256
ZBTB7A#chr19:4066583-4066601(-)	ZBTB7A	targeting	0.10835279	0.5679579960927295
ZBTB7A#chr19:4066651-4066669(-)	ZBTB7A	targeting	0.18873776	0.6939934522697859
ZBTB7A#chr19:4066776-4066794(+)	ZBTB7A	targeting	0.1439017	0.7579802220110321
ZBTB7A#chr19:4066795-4066813(-)	ZBTB7A	targeting	-0.8028183	0.2303803848303217
ZBTB7A#chr19:4066834-4066852(-)	ZBTB7A	targeting	-0.6255139	0.260130428870098
ZBTB7A#chr19:4066865-4066883(-)	ZBTB7A	targeting	-0.16290611	0.6435790057666
ZBTB7B#chr1:155002792-155002810(+)	ZBTB7B	targeting		
ZBTB7B#chr1:155002809-155002827(+)	ZBTB7B	targeting		
ZBTB7B#chr1:155002827-155002845(+)	ZBTB7B	targeting		
ZBTB7B#chr1:155002849-155002867(+)	ZBTB7B	targeting		
ZBTB7B#chr1:155002896-155002914(-)	ZBTB7B	targeting		
ZBTB7B#chr1:155003266-155003284(-)	ZBTB7B	targeting		
ZBTB7C#chr18:48136623-48136641(-)	ZBTB7C	targeting		
ZBTB7C#chr18:48136891-48136909(+)	ZBTB7C	targeting		
ZBTB7C#chr18:48137043-48137061(+)	ZBTB7C	targeting		
ZBTB7C#chr18:48137066-48137084(+)	ZBTB7C	targeting		
ZBTB7C#chr18:48137113-48137131(-)	ZBTB7C	targeting		
ZBTB7C#chr18:48137119-48137137(-)	ZBTB7C	targeting		
ZBTB7C#chr18:48409299-48409317(-)	ZBTB7C	targeting		
ZBTB7C#chr18:48409302-48409320(-)	ZBTB7C	targeting		
ZBTB7C#chr18:48409309-48409327(-)	ZBTB7C	targeting		
ZBTB7C#chr18:48409326-48409344(-)	ZBTB7C	targeting		
ZBTB7C#chr18:48409341-48409359(+)	ZBTB7C	targeting		
ZBTB7C#chr18:48409346-48409364(-)	ZBTB7C	targeting		
ZBTB8A#chr1:32539184-32539202(-)	ZBTB8A	targeting		
ZBTB8A#chr1:32539465-32539483(+)	ZBTB8A	targeting		
ZBTB8A#chr1:32539475-32539493(+)	ZBTB8A	targeting		
ZBTB8A#chr1:32539478-32539496(+)	ZBTB8A	targeting		
ZBTB8A#chr1:32539508-32539526(-)	ZBTB8A	targeting		
ZBTB8A#chr1:32539901-32539919(+)	ZBTB8A	targeting		
ZBTB8B#chr1:32465059-32465077(+)	ZBTB8B	targeting		
ZBTB8B#chr1:32465081-32465099(+)	ZBTB8B	targeting		
ZBTB8B#chr1:32465102-32465120(+)	ZBTB8B	targeting		
ZBTB8B#chr1:32465137-32465155(-)	ZBTB8B	targeting		
ZBTB8B#chr1:32465326-32465344(-)	ZBTB8B	targeting		
ZBTB8B#chr1:32465416-32465434(+)	ZBTB8B	targeting		
ZBTB9#chr6:33454584-33454602(+)	ZBTB9	targeting		
ZBTB9#chr6:33454621-33454639(+)	ZBTB9	targeting		
ZBTB9#chr6:33454627-33454645(+)	ZBTB9	targeting		
ZBTB9#chr6:33454631-33454649(-)	ZBTB9	targeting		
ZBTB9#chr6:33454635-33454653(+)	ZBTB9	targeting		
ZBTB9#chr6:33454652-33454670(+)	ZBTB9	targeting		
ZC3H11A#chr1:203795608-203795626(+)	ZC3H11A	targeting		
ZC3H11A#chr1:203795887-203795905(-)	ZC3H11A	targeting		
ZC3H11A#chr1:203795997-203796015(-)	ZC3H11A	targeting		
ZC3H11A#chr1:203796053-203796071(-)	ZC3H11A	targeting		
ZC3H15#chr2:186486254-186486272(-)	ZC3H15	targeting	0.06710225	0.8051942275116117
ZC3H15#chr2:186486317-186486335(+)	ZC3H15	targeting	-1.7322187	6.468232650965162e-13
ZC3H15#chr2:186486333-186486351(-)	ZC3H15	targeting	-2.0114872	5.615184589400106e-19
ZC3H15#chr2:186486365-186486383(-)	ZC3H15	targeting	-1.274005	2.9592046870815708e-05
ZC3H15#chr2:186486604-186486622(-)	ZC3H15	targeting	-0.91182125	4.335658422629489e-07
ZC3H15#chr2:186486675-186486693(-)	ZC3H15	targeting	0.042305045	0.7943737010476736
ZC3H3#chr8:143541215-143541233(+)	ZC3H3	targeting	-0.4827379	0.2982250184523023
ZC3H3#chr8:143541365-143541383(+)	ZC3H3	targeting	-0.64251876	0.2576350015139558
ZC3H3#chr8:143541368-143541386(+)	ZC3H3	targeting	-0.41299573	0.2931429130055453
ZC3H3#chr8:143541398-143541416(-)	ZC3H3	targeting	-0.38173634	0.4262797133945076
ZC3H3#chr8:143541418-143541436(-)	ZC3H3	targeting	-1.0571991	0.1000174883700749
ZC3H3#chr8:143541421-143541439(-)	ZC3H3	targeting	0.2455515	0.6752388530506489
ZC3H8#chr2:112254687-112254705(-)	ZC3H8	targeting	-0.46383363	0.4505063471377096
ZC3H8#chr2:112254838-112254856(+)	ZC3H8	targeting	-0.41632748	0.4175013393703637
ZC3H8#chr2:112254988-112255006(-)	ZC3H8	targeting	-0.19945098	0.8102482349425717
ZC3H8#chr2:112254998-112255016(-)	ZC3H8	targeting	-0.21474539	0.7088783666347767
ZC3H8#chr2:112255035-112255053(-)	ZC3H8	targeting	0.07401307	0.9384064081536908
ZC3H8#chr2:112255045-112255063(+)	ZC3H8	targeting	0.05715218	0.9463733521692732
ZCCHC11#chr1:52552675-52552693(+)	ZCCHC11	targeting	-0.23288764	0.1892624213626973
ZCCHC11#chr1:52552740-52552758(-)	ZCCHC11	targeting	-0.7714734	4.759704890698e-05
ZCCHC11#chr1:52552773-52552791(+)	ZCCHC11	targeting	-0.054772384	0.5369415275252406
ZCCHC11#chr1:52553030-52553048(-)	ZCCHC11	targeting	-2.2161095	5.36553846258953e-77
ZCCHC11#chr1:52553033-52553051(-)	ZCCHC11	targeting	-1.610311	5.4220619456587376e-12
ZCCHC11#chr1:52553039-52553057(+)	ZCCHC11	targeting	-0.011931169	0.9481594383310662
ZCCHC6#chr9:86353974-86353992(-)	ZCCHC6	targeting	-0.18303213	0.2069711056971212
ZCCHC6#chr9:86354019-86354037(+)	ZCCHC6	targeting	0.030894788	0.9505953775959184
ZCCHC6#chr9:86354255-86354273(+)	ZCCHC6	targeting	-0.3960546	0.1084687985838881
ZCCHC6#chr9:86354323-86354341(+)	ZCCHC6	targeting	-0.97711504	0.0014404343913321
ZCCHC6#chr9:86354335-86354353(+)	ZCCHC6	targeting	-0.24218665	0.3270147093208102
ZCCHC6#chr9:86354342-86354360(+)	ZCCHC6	targeting	-2.203284	0.0004555825988469
ZEB1#chr10:31319210-31319228(+)	ZEB1	targeting		
ZEB1#chr10:31319217-31319235(+)	ZEB1	targeting		
ZEB1#chr10:31319220-31319238(+)	ZEB1	targeting		
ZEB1#chr10:31319261-31319279(+)	ZEB1	targeting		
ZEB1#chr10:31319272-31319290(+)	ZEB1	targeting		
ZEB1#chr10:31319282-31319300(+)	ZEB1	targeting		
ZEB1#chr10:31321407-31321425(+)	ZEB1	targeting		
ZEB1#chr10:31321491-31321509(-)	ZEB1	targeting		
ZEB1#chr10:31321507-31321525(-)	ZEB1	targeting		
ZEB1#chr10:31321579-31321597(+)	ZEB1	targeting		
ZEB1#chr10:31321648-31321666(-)	ZEB1	targeting		
ZEB1#chr10:31321651-31321669(-)	ZEB1	targeting		
ZEB2#chr2:144517224-144517242(-)	ZEB2	targeting		
ZEB2#chr2:144517531-144517549(+)	ZEB2	targeting		
ZEB2#chr2:144517534-144517552(+)	ZEB2	targeting		
ZEB2#chr2:144517539-144517557(-)	ZEB2	targeting		
ZEB2#chr2:144517579-144517597(-)	ZEB2	targeting		
ZEB2#chr2:144517590-144517608(-)	ZEB2	targeting		
ZEB2#chr2:144519796-144519814(-)	ZEB2	targeting		
ZEB2#chr2:144519881-144519899(+)	ZEB2	targeting		
ZEB2#chr2:144519989-144520007(+)	ZEB2	targeting		
ZEB2#chr2:144520025-144520043(+)	ZEB2	targeting		
ZEB2#chr2:144520064-144520082(+)	ZEB2	targeting		
ZEB2#chr2:144520136-144520154(+)	ZEB2	targeting		
ZFAT#chr8:134696330-134696348(+)	ZFAT	targeting	-0.31316036	0.2618103463389359
ZFAT#chr8:134696472-134696490(+)	ZFAT	targeting	0.07340144	0.861555059365736
ZFAT#chr8:134696481-134696499(-)	ZFAT	targeting	-0.124132745	0.8223601276984642
ZFAT#chr8:134696484-134696502(+)	ZFAT	targeting	0.23855206	0.5169052736650903
ZFAT#chr8:134696490-134696508(-)	ZFAT	targeting	0.2310751	0.6216363123305995
ZFAT#chr8:134696525-134696543(-)	ZFAT	targeting	0.14125885	0.8115097278347261
ZFAT#chr8:134712914-134712932(+)	ZFAT	targeting	-0.21932448	0.4582846178424603
ZFAT#chr8:134712982-134713000(+)	ZFAT	targeting	-0.7262736	0.0205908245732031
ZFAT#chr8:134712993-134713011(+)	ZFAT	targeting	0.41594416	0.3994105585794725
ZFAT#chr8:134713005-134713023(+)	ZFAT	targeting	-0.009478269	0.9696095871957994
ZFAT#chr8:134713008-134713026(+)	ZFAT	targeting	-0.35856533	0.246327677423561
ZFAT#chr8:134713037-134713055(+)	ZFAT	targeting	-0.10778172	0.7662058912293056
ZFHX2#chr14:23551486-23551504(+)	ZFHX2	targeting		
ZFHX2#chr14:23551536-23551554(+)	ZFHX2	targeting		
ZFHX2#chr14:23551713-23551731(-)	ZFHX2	targeting		
ZFHX2#chr14:23551720-23551738(-)	ZFHX2	targeting		
ZFHX2#chr14:23551726-23551744(-)	ZFHX2	targeting		
ZFHX2#chr14:23551741-23551759(+)	ZFHX2	targeting		
ZFHX2#chr14:23555709-23555727(-)	ZFHX2	targeting		
ZFHX2#chr14:23555858-23555876(-)	ZFHX2	targeting		
ZFHX2#chr14:23555868-23555886(-)	ZFHX2	targeting		
ZFHX2#chr14:23555871-23555889(-)	ZFHX2	targeting		
ZFHX2#chr14:23555883-23555901(-)	ZFHX2	targeting		
ZFHX2#chr14:23555889-23555907(+)	ZFHX2	targeting		
ZFHX3#chr16:73058801-73058819(+)	ZFHX3	targeting	-0.40325692	0.2745829661210857
ZFHX3#chr16:73058806-73058824(-)	ZFHX3	targeting	0.10258939	0.6630309915161106
ZFHX3#chr16:73058840-73058858(-)	ZFHX3	targeting	-0.27078584	0.0719452805036665
ZFHX3#chr16:73058854-73058872(+)	ZFHX3	targeting	-0.097424574	0.5255366066516431
ZFHX3#chr16:73058973-73058991(+)	ZFHX3	targeting	-0.08560251	0.4873011659142331
ZFHX3#chr16:73058989-73059007(+)	ZFHX3	targeting	-0.14953436	0.2667886066432419
ZFHX4#chr8:76681366-76681384(-)	ZFHX4	targeting	-0.19021253	0.5154850021554929
ZFHX4#chr8:76681371-76681389(+)	ZFHX4	targeting	-0.9825028	0.1321017121732761
ZFHX4#chr8:76681375-76681393(+)	ZFHX4	targeting	-0.73431915	0.3558269858551501
ZFHX4#chr8:76681423-76681441(-)	ZFHX4	targeting	-0.63551533	0.1733365277266945
ZFHX4#chr8:76681579-76681597(+)	ZFHX4	targeting	-0.96052164	0.0773551564299874
ZFHX4#chr8:76681762-76681780(-)	ZFHX4	targeting	-0.68477947	0.1527651487817011
ZFP1#chr16:75148500-75148518(+)	ZFP1	targeting	0.083881155	0.7921267759421414
ZFP1#chr16:75148532-75148550(+)	ZFP1	targeting	-0.28216895	0.613257036926445
ZFP1#chr16:75148587-75148605(-)	ZFP1	targeting	-0.25983733	0.4356319811446881
ZFP1#chr16:75148597-75148615(-)	ZFP1	targeting	0.031472865	0.8951297576356642
ZFP1#chr16:75148723-75148741(+)	ZFP1	targeting	-0.8449509	0.0025891187979867
ZFP1#chr16:75148752-75148770(+)	ZFP1	targeting	-0.9485165	0.0703003051154857
ZFP14#chr19:36378986-36379004(-)	ZFP14	targeting	-1.6825091	8.489260020367923e-07
ZFP14#chr19:36379123-36379141(+)	ZFP14	targeting	-0.6397798	0.4022054330551395
ZFP14#chr19:36379127-36379145(-)	ZFP14	targeting	-2.996355	0.001147961159245
ZFP14#chr19:36379142-36379160(-)	ZFP14	targeting	-0.11737113	0.5752874726303452
ZFP14#chr19:36379148-36379166(+)	ZFP14	targeting	-1.7987264	0.016489328079187
ZFP14#chr19:36379165-36379183(-)	ZFP14	targeting	-3.763369	0.000613003101409
ZFP2#chr5:178895913-178895931(+)	ZFP2	targeting	0.037485372	0.9015414604379164
ZFP2#chr5:178895922-178895940(+)	ZFP2	targeting	-0.048140217	0.9066550943329952
ZFP2#chr5:178895928-178895946(-)	ZFP2	targeting	0.001646975	0.9977216456574444
ZFP2#chr5:178896009-178896027(-)	ZFP2	targeting	-0.6790217	0.47246711687948
ZFP2#chr5:178896013-178896031(-)	ZFP2	targeting	-0.05692988	0.8974906692232817
ZFP2#chr5:178896064-178896082(+)	ZFP2	targeting	-1.2768427	0.079373353433583
ZFP28#chr19:56538962-56538980(+)	ZFP28	targeting		
ZFP28#chr19:56538976-56538994(+)	ZFP28	targeting		
ZFP28#chr19:56538988-56539006(-)	ZFP28	targeting		
ZFP28#chr19:56539007-56539025(+)	ZFP28	targeting		
ZFP28#chr19:56539011-56539029(-)	ZFP28	targeting		
ZFP28#chr19:56539192-56539210(+)	ZFP28	targeting		
ZFP3#chr17:5078470-5078488(+)	ZFP3	targeting		
ZFP3#chr17:5078474-5078492(-)	ZFP3	targeting		
ZFP3#chr17:5078483-5078501(+)	ZFP3	targeting		
ZFP3#chr17:5078523-5078541(-)	ZFP3	targeting		
ZFP3#chr17:5078538-5078556(-)	ZFP3	targeting		
ZFP3#chr17:5078548-5078566(+)	ZFP3	targeting		
ZFP30#chr19:37655388-37655406(-)	ZFP30	targeting	-2.0166538	1.1890693745101696e-05
ZFP30#chr19:37655410-37655428(+)	ZFP30	targeting	-2.7701848	4.5842707928248174e-05
ZFP30#chr19:37655417-37655435(-)	ZFP30	targeting	-1.9428507	0.0018888221819022
ZFP30#chr19:37655426-37655444(+)	ZFP30	targeting	-1.5779505	0.0211558245355724
ZFP30#chr19:37655444-37655462(-)	ZFP30	targeting	-1.6761242	0.0004986227787036
ZFP30#chr19:37655449-37655467(+)	ZFP30	targeting	-1.9841845	4.687650392062954e-07
ZFP36L1#chr14:68792657-68792675(-)	ZFP36L1	targeting	-0.1249656	0.511019346012181
ZFP36L1#chr14:68792972-68792990(+)	ZFP36L1	targeting	0.18617903	0.5427079954691992
ZFP36L1#chr14:68793002-68793020(+)	ZFP36L1	targeting	-0.25221276	0.4843642711792553
ZFP36L1#chr14:68793013-68793031(-)	ZFP36L1	targeting	-1.5152234	1.2467437526632598e-06
ZFP36L1#chr14:68793030-68793048(-)	ZFP36L1	targeting	-0.843156	0.0121917935771496
ZFP36L1#chr14:68793051-68793069(-)	ZFP36L1	targeting	-0.18896955	0.4121655791586105
ZFP36L1#chr14:68796030-68796048(-)	ZFP36L1	targeting	0.03951222	0.8800551142821248
ZFP36L1#chr14:68796034-68796052(-)	ZFP36L1	targeting	-0.25873852	0.3767322511656161
ZFP36L1#chr14:68796069-68796087(-)	ZFP36L1	targeting	0.0480199	0.8223137558367009
ZFP36L1#chr14:68796072-68796090(-)	ZFP36L1	targeting	0.07224395	0.7026427881799125
ZFP36L1#chr14:68796086-68796104(-)	ZFP36L1	targeting	-0.26454547	0.0010685718692474
ZFP36L1#chr14:68796092-68796110(-)	ZFP36L1	targeting	-0.862205	0.1346840898518342
ZFP36L2#chr2:43226323-43226341(+)	ZFP36L2	targeting	-0.21545759	0.3728334196748982
ZFP36L2#chr2:43226340-43226358(+)	ZFP36L2	targeting	-0.19628528	0.5116987516291542
ZFP36L2#chr2:43226390-43226408(+)	ZFP36L2	targeting	-0.0899366	0.5151866960867542
ZFP36L2#chr2:43226488-43226506(+)	ZFP36L2	targeting	0.0034098558	0.9936260003610324
ZFP36L2#chr2:43226629-43226647(-)	ZFP36L2	targeting	-0.82199734	0.0283245007585371
ZFP36L2#chr2:43226987-43227005(-)	ZFP36L2	targeting	-1.6283673	3.2460229680478895e-17
ZFP37#chr9:113056635-113056653(-)	ZFP37	targeting	-1.161635	0.1986365904383118
ZFP37#chr9:113056675-113056693(-)	ZFP37	targeting	-0.33244962	0.5520165479327066
ZFP37#chr9:113056684-113056702(+)	ZFP37	targeting	-0.69821024	0.374443157343153
ZFP37#chr9:113056700-113056718(-)	ZFP37	targeting	-0.034170974	0.9555604310651176
ZFP37#chr9:113056712-113056730(-)	ZFP37	targeting	-0.11352939	0.7792573278441984
ZFP37#chr9:113056744-113056762(-)	ZFP37	targeting	-0.02727421	0.931165122296923
ZFP41#chr8:143246938-143246956(+)	ZFP41	targeting		
ZFP41#chr8:143246947-143246965(+)	ZFP41	targeting		
ZFP41#chr8:143246954-143246972(+)	ZFP41	targeting		
ZFP41#chr8:143246960-143246978(+)	ZFP41	targeting		
ZFP41#chr8:143246992-143247010(+)	ZFP41	targeting		
ZFP41#chr8:143247004-143247022(-)	ZFP41	targeting		
ZFP42#chr4:187995781-187995799(-)	ZFP42	targeting		
ZFP42#chr4:187995811-187995829(+)	ZFP42	targeting		
ZFP42#chr4:187995820-187995838(+)	ZFP42	targeting		
ZFP42#chr4:187995988-187996006(-)	ZFP42	targeting		
ZFP42#chr4:187996003-187996021(-)	ZFP42	targeting		
ZFP42#chr4:187996009-187996027(-)	ZFP42	targeting		
ZFP42#chr4:188002752-188002770(+)	ZFP42	targeting		
ZFP42#chr4:188002771-188002789(+)	ZFP42	targeting		
ZFP42#chr4:188002811-188002829(+)	ZFP42	targeting		
ZFP42#chr4:188002842-188002860(+)	ZFP42	targeting		
ZFP42#chr4:188002980-188002998(+)	ZFP42	targeting		
ZFP42#chr4:188002987-188003005(-)	ZFP42	targeting		
ZFP57#chr6:29680861-29680879(+)	ZFP57	targeting		
ZFP57#chr6:29681071-29681089(+)	ZFP57	targeting		
ZFP57#chr6:29681082-29681100(-)	ZFP57	targeting		
ZFP57#chr6:29681086-29681104(+)	ZFP57	targeting		
ZFP57#chr6:29681096-29681114(+)	ZFP57	targeting		
ZFP57#chr6:29681110-29681128(+)	ZFP57	targeting		
ZFP62#chr5:180861140-180861158(+)	ZFP62	targeting	-0.16912141	0.0627061971624127
ZFP62#chr5:180861200-180861218(+)	ZFP62	targeting	-2.2499535	0.0356838020467084
ZFP62#chr5:180861206-180861224(+)	ZFP62	targeting	-0.47566515	0.1143327443871633
ZFP62#chr5:180861209-180861227(+)	ZFP62	targeting	-1.8889408	0.0027979144049871
ZFP62#chr5:180861236-180861254(-)	ZFP62	targeting	-0.121106505	0.8101673499098166
ZFP62#chr5:180861291-180861309(-)	ZFP62	targeting	-0.2011059	0.7088306876971479
ZFP64#chr20:52191376-52191394(-)	ZFP64	targeting	-0.6083093	0.013538624510801
ZFP64#chr20:52191430-52191448(-)	ZFP64	targeting	-0.22258493	0.2942424764949581
ZFP64#chr20:52191606-52191624(-)	ZFP64	targeting	-0.0529974	0.7866206700129252
ZFP64#chr20:52191662-52191680(+)	ZFP64	targeting	-0.21383768	0.2113972411721648
ZFP64#chr20:52191742-52191760(+)	ZFP64	targeting	-0.010227311	0.9611957461885418
ZFP64#chr20:52191753-52191771(-)	ZFP64	targeting	-0.3200312	0.2408647130946544
ZFP69#chr1:40477246-40477264(+)	ZFP69	targeting		
ZFP69#chr1:40477291-40477309(+)	ZFP69	targeting		
ZFP69#chr1:40477297-40477315(+)	ZFP69	targeting		
ZFP69#chr1:40477320-40477338(+)	ZFP69	targeting		
ZFP69#chr1:40477350-40477368(-)	ZFP69	targeting		
ZFP69#chr1:40477522-40477540(-)	ZFP69	targeting		
ZFP69B#chr1:40450108-40450126(+)	ZFP69B	targeting		
ZFP69B#chr1:40450121-40450139(+)	ZFP69B	targeting		
ZFP69B#chr1:40450125-40450143(+)	ZFP69B	targeting		
ZFP69B#chr1:40450130-40450148(+)	ZFP69B	targeting		
ZFP69B#chr1:40450176-40450194(+)	ZFP69B	targeting		
ZFP69B#chr1:40450275-40450293(+)	ZFP69B	targeting		
ZFP82#chr19:36418551-36418569(+)	ZFP82	targeting	-2.402214	2.273944328426545e-22
ZFP82#chr19:36418583-36418601(+)	ZFP82	targeting	-2.1025355	9.84940659254994e-05
ZFP82#chr19:36418586-36418604(+)	ZFP82	targeting	-1.7807536	0.0009797010344299
ZFP82#chr19:36418614-36418632(-)	ZFP82	targeting	-2.579851	7.950633659474973e-05
ZFP82#chr19:36418620-36418638(-)	ZFP82	targeting	-0.9123923	0.189988252046836
ZFP82#chr19:36418630-36418648(-)	ZFP82	targeting	-2.5439994	4.9351769346448015e-25
ZFP90#chr16:68530115-68530133(+)	ZFP90	targeting	0.2142814	0.3990809215455214
ZFP90#chr16:68530119-68530137(+)	ZFP90	targeting	-0.468525	0.0351522444158887
ZFP90#chr16:68530128-68530146(+)	ZFP90	targeting	-0.16539617	0.4744651108914061
ZFP90#chr16:68530169-68530187(-)	ZFP90	targeting	-0.15989046	0.6753755096882021
ZFP90#chr16:68530204-68530222(-)	ZFP90	targeting	-0.55110496	0.1510050224195349
ZFP90#chr16:68530304-68530322(+)	ZFP90	targeting	-0.2549221	0.0996104104212259
ZFP90#chr16:68539307-68539325(-)	ZFP90	targeting	-1.5277032	1.0604040620387585e-08
ZFP90#chr16:68539318-68539336(+)	ZFP90	targeting	-1.453398	0.0019860164966233
ZFP90#chr16:68539328-68539346(-)	ZFP90	targeting	-1.1278265	0.0096854350586965
ZFP90#chr16:68539332-68539350(-)	ZFP90	targeting	-1.2501446	1.7036525633412162e-10
ZFP90#chr16:68539334-68539352(+)	ZFP90	targeting	-0.9639868	2.6797907240445744e-05
ZFP90#chr16:68539362-68539380(-)	ZFP90	targeting	-0.9445384	0.0007409133463601
ZFP91#chr11:58579075-58579093(+)	ZFP91	targeting		
ZFP91#chr11:58579086-58579104(+)	ZFP91	targeting		
ZFP91#chr11:58579091-58579109(+)	ZFP91	targeting		
ZFP91#chr11:58579129-58579147(-)	ZFP91	targeting		
ZFP91#chr11:58579176-58579194(+)	ZFP91	targeting		
ZFP91#chr11:58579497-58579515(+)	ZFP91	targeting		
ZFP92#chrX:153418302-153418320(-)	ZFP92	targeting		
ZFP92#chrX:153418305-153418323(+)	ZFP92	targeting		
ZFP92#chrX:153418335-153418353(+)	ZFP92	targeting		
ZFP92#chrX:153418353-153418371(-)	ZFP92	targeting		
ZFP92#chrX:153418399-153418417(-)	ZFP92	targeting		
ZFP92#chrX:153418504-153418522(-)	ZFP92	targeting		
ZFPM1#chr16:88453285-88453303(+)	ZFPM1	targeting	-0.50232476	0.1041005700635059
ZFPM1#chr16:88453298-88453316(-)	ZFPM1	targeting	-0.29272333	0.182238003967464
ZFPM1#chr16:88453329-88453347(-)	ZFPM1	targeting	-0.64675987	0.4889550110656383
ZFPM1#chr16:88453342-88453360(-)	ZFPM1	targeting	-0.2616938	0.3012538117992112
ZFPM1#chr16:88453347-88453365(+)	ZFPM1	targeting	0.16788274	0.5468922809605601
ZFPM1#chr16:88453514-88453532(+)	ZFPM1	targeting	0.0019663968	0.996083004722122
ZFPM2#chr8:105318480-105318498(-)	ZFPM2	targeting	-1.7719941	1.2988857996141838e-07
ZFPM2#chr8:105318482-105318500(+)	ZFPM2	targeting	-2.591734	8.840691922319039e-17
ZFPM2#chr8:105318800-105318818(+)	ZFPM2	targeting	-1.1763685	0.1021682552251025
ZFPM2#chr8:105318831-105318849(+)	ZFPM2	targeting	-2.6024008	0.0003098415293764
ZFPM2#chr8:105318937-105318955(-)	ZFPM2	targeting	-1.4061013	0.000475741676593
ZFPM2#chr8:105318950-105318968(+)	ZFPM2	targeting	-2.2079732	0.0299983661885206
ZFX#chrX:24149531-24149549(-)	ZFX	targeting	-0.2091929	0.351239844044188
ZFX#chrX:24149783-24149801(-)	ZFX	targeting	-0.08949991	0.7891966285157679
ZFX#chrX:24149791-24149809(-)	ZFX	targeting	-0.23485602	0.5402533908145035
ZFX#chrX:24149795-24149813(-)	ZFX	targeting	-0.18959829	0.6135775515432458
ZFX#chrX:24149939-24149957(-)	ZFX	targeting	-0.05844831	0.6274226957551959
ZFX#chrX:24150152-24150170(-)	ZFX	targeting	-0.08946523	0.9281816166514448
ZFY#chrY:2935418-2935436(-)	ZFY	targeting	-2.6892948	1.771643985865354e-13
ZFY#chrY:2935426-2935444(+)	ZFY	targeting	0.39167795	0.1886550762181471
ZFY#chrY:2935434-2935452(-)	ZFY	targeting	-0.5041035	0.0254755740724067
ZFY#chrY:2935443-2935461(-)	ZFY	targeting	-2.3286583	2.163858778398302e-05
ZFY#chrY:2935591-2935609(-)	ZFY	targeting	-0.44114083	0.0386332217597443
ZFY#chrY:2935621-2935639(-)	ZFY	targeting	-0.13400525	0.4618133801326107
ZFYVE20#chr3:15098890-15098908(+)	ZFYVE20	targeting		
ZFYVE20#chr3:15099024-15099042(-)	ZFYVE20	targeting		
ZFYVE20#chr3:15099096-15099114(-)	ZFYVE20	targeting		
ZFYVE20#chr3:15099106-15099124(-)	ZFYVE20	targeting		
ZFYVE20#chr3:15099114-15099132(+)	ZFYVE20	targeting		
ZFYVE20#chr3:15099126-15099144(-)	ZFYVE20	targeting		
ZFYVE26#chr14:67816380-67816398(-)	ZFYVE26	targeting	-0.59365404	0.1547283552484681
ZFYVE26#chr14:67816396-67816414(-)	ZFYVE26	targeting	-0.3907154	0.2249700825417383
ZFYVE26#chr14:67816425-67816443(+)	ZFYVE26	targeting	-0.6103281	0.01535188353492
ZFYVE26#chr14:67816498-67816516(+)	ZFYVE26	targeting	0.023432098	0.955301042303348
ZFYVE26#chr14:67816511-67816529(-)	ZFYVE26	targeting	-0.68420917	0.0961616286291645
ZFYVE26#chr14:67816576-67816594(-)	ZFYVE26	targeting	-0.2609665	0.1704381590703417
ZGLP1#chr19:10305381-10305399(+)	ZGLP1	targeting		
ZGLP1#chr19:10305577-10305595(+)	ZGLP1	targeting		
ZGLP1#chr19:10305587-10305605(-)	ZGLP1	targeting		
ZGLP1#chr19:10305591-10305609(-)	ZGLP1	targeting		
ZGLP1#chr19:10305607-10305625(-)	ZGLP1	targeting		
ZGLP1#chr19:10305626-10305644(+)	ZGLP1	targeting		
ZGPAT#chr20:63707525-63707543(-)	ZGPAT	targeting		
ZGPAT#chr20:63707744-63707762(-)	ZGPAT	targeting		
ZGPAT#chr20:63708031-63708049(+)	ZGPAT	targeting		
ZGPAT#chr20:63708058-63708076(+)	ZGPAT	targeting		
ZGPAT#chr20:63708067-63708085(+)	ZGPAT	targeting		
ZGPAT#chr20:63708077-63708095(+)	ZGPAT	targeting		
ZHX1#chr8:123274172-123274190(-)	ZHX1	targeting		
ZHX1#chr8:123274202-123274220(+)	ZHX1	targeting		
ZHX1#chr8:123274252-123274270(-)	ZHX1	targeting		
ZHX1#chr8:123274255-123274273(-)	ZHX1	targeting		
ZHX1#chr8:123274258-123274276(-)	ZHX1	targeting		
ZHX1#chr8:123274581-123274599(+)	ZHX1	targeting		
ZHX2#chr8:122781741-122781759(+)	ZHX2	targeting	0.30184752	0.1048163676451792
ZHX2#chr8:122781745-122781763(-)	ZHX2	targeting	-0.058102574	0.5965539321669195
ZHX2#chr8:122781755-122781773(-)	ZHX2	targeting	0.054921117	0.8195784294296056
ZHX2#chr8:122781805-122781823(-)	ZHX2	targeting	0.08425046	0.5434940640995569
ZHX2#chr8:122781814-122781832(-)	ZHX2	targeting	0.0050938847	0.9850683420272398
ZHX2#chr8:122781820-122781838(+)	ZHX2	targeting	-0.0043754973	0.9822040044154168
ZHX3#chr20:41317403-41317421(+)	ZHX3	targeting	-0.6767541	0.098694208157219
ZHX3#chr20:41317412-41317430(+)	ZHX3	targeting	-0.21629687	0.7832529676679715
ZHX3#chr20:41317633-41317651(+)	ZHX3	targeting	-2.2119758	0.0199058966352271
ZHX3#chr20:41317674-41317692(-)	ZHX3	targeting	-0.12672311	0.8273799592509886
ZHX3#chr20:41317678-41317696(-)	ZHX3	targeting	-2.1485004	0.0053646763541927
ZHX3#chr20:41317707-41317725(-)	ZHX3	targeting	-0.62499297	0.0075652877213458
ZIC1#chr3:147409398-147409416(+)	ZIC1	targeting		
ZIC1#chr3:147409407-147409425(+)	ZIC1	targeting		
ZIC1#chr3:147409415-147409433(-)	ZIC1	targeting		
ZIC1#chr3:147409425-147409443(+)	ZIC1	targeting		
ZIC1#chr3:147409587-147409605(+)	ZIC1	targeting		
ZIC1#chr3:147409637-147409655(+)	ZIC1	targeting		
ZIC2#chr13:99981848-99981866(-)	ZIC2	targeting	0.0060742567	0.9575022343371614
ZIC2#chr13:99981853-99981871(-)	ZIC2	targeting	-0.009803945	0.9213865314644204
ZIC2#chr13:99981858-99981876(-)	ZIC2	targeting	0.11192495	0.451126701792181
ZIC2#chr13:99981874-99981892(+)	ZIC2	targeting	0.09728851	0.663123778171548
ZIC2#chr13:99982000-99982018(+)	ZIC2	targeting	-0.11826832	0.9037552129125556
ZIC2#chr13:99982237-99982255(+)	ZIC2	targeting	0.31565207	0.0537997425879822
ZIC3#chrX:137566129-137566147(+)	ZIC3	targeting	-0.116464704	0.5915093229047488
ZIC3#chrX:137566140-137566158(+)	ZIC3	targeting	-0.021338234	0.8465256546626511
ZIC3#chrX:137566145-137566163(+)	ZIC3	targeting	0.010605903	0.950785083744824
ZIC3#chrX:137566506-137566524(-)	ZIC3	targeting	-0.24161804	0.2428914542512101
ZIC3#chrX:137566510-137566528(-)	ZIC3	targeting	-0.21146993	0.3113108605741817
ZIC3#chrX:137566554-137566572(-)	ZIC3	targeting	-0.9349763	6.828562549925058e-07
ZIC4#chr3:147392038-147392056(+)	ZIC4	targeting		
ZIC4#chr3:147392110-147392128(-)	ZIC4	targeting		
ZIC4#chr3:147392219-147392237(-)	ZIC4	targeting		
ZIC4#chr3:147392276-147392294(+)	ZIC4	targeting		
ZIC4#chr3:147392284-147392302(-)	ZIC4	targeting		
ZIC4#chr3:147392300-147392318(+)	ZIC4	targeting		
ZIC4#chr3:147406276-147406294(+)	ZIC4	targeting		
ZIC4#chr3:147406282-147406300(-)	ZIC4	targeting		
ZIC4#chr3:147406291-147406309(-)	ZIC4	targeting		
ZIC4#chr3:147406344-147406362(-)	ZIC4	targeting		
ZIC4#chr3:147406448-147406466(-)	ZIC4	targeting		
ZIC4#chr3:147406495-147406513(+)	ZIC4	targeting		
ZIC5#chr13:99970915-99970933(-)	ZIC5	targeting	0.16845131	0.3681365333374971
ZIC5#chr13:99971058-99971076(+)	ZIC5	targeting	0.57415056	0.3662368077720922
ZIC5#chr13:99971061-99971079(+)	ZIC5	targeting	0.06619384	0.908670490214567
ZIC5#chr13:99971119-99971137(+)	ZIC5	targeting	0.32848892	0.3162637075207862
ZIC5#chr13:99971128-99971146(-)	ZIC5	targeting	-2.7310975	0.0025704703799795
ZIC5#chr13:99971134-99971152(+)	ZIC5	targeting	-0.87984484	0.0767286329624226
ZIK1#chr19:57584191-57584209(+)	ZIK1	targeting		
ZIK1#chr19:57584214-57584232(+)	ZIK1	targeting		
ZIK1#chr19:57584316-57584334(-)	ZIK1	targeting		
ZIK1#chr19:57584347-57584365(-)	ZIK1	targeting		
ZIK1#chr19:57584369-57584387(+)	ZIK1	targeting		
ZIK1#chr19:57584403-57584421(-)	ZIK1	targeting		
ZIM2#chr19:56840738-56840756(+)	ZIM2	targeting		
ZIM2#chr19:56840749-56840767(-)	ZIM2	targeting		
ZIM2#chr19:56840752-56840770(-)	ZIM2	targeting		
ZIM3#chr19:57145001-57145019(-)	ZIM3	targeting		
ZIM3#chr19:57145011-57145029(-)	ZIM3	targeting		
ZIM3#chr19:57145065-57145083(-)	ZIM3	targeting		
ZIM3#chr19:57145104-57145122(-)	ZIM3	targeting		
ZIM3#chr19:57145179-57145197(+)	ZIM3	targeting		
ZIM3#chr19:57145185-57145203(-)	ZIM3	targeting		
ZKSCAN1#chr7:100015610-100015628(+)	ZKSCAN1	targeting	-2.3473587	1.8827373462928826e-13
ZKSCAN1#chr7:100015627-100015645(+)	ZKSCAN1	targeting	-0.49069682	0.0166813003740174
ZKSCAN1#chr7:100015635-100015653(-)	ZKSCAN1	targeting	0.039434876	0.7359867247373393
ZKSCAN1#chr7:100015642-100015660(-)	ZKSCAN1	targeting	-0.039159488	0.8323462318798414
ZKSCAN1#chr7:100015654-100015672(-)	ZKSCAN1	targeting	0.09893982	0.3781463847073862
ZKSCAN1#chr7:100015965-100015983(+)	ZKSCAN1	targeting	-0.41712233	0.0190026129202935
ZKSCAN2#chr16:25257523-25257541(+)	ZKSCAN2	targeting		
ZKSCAN2#chr16:25257590-25257608(+)	ZKSCAN2	targeting		
ZKSCAN2#chr16:25257751-25257769(+)	ZKSCAN2	targeting		
ZKSCAN2#chr16:25257762-25257780(+)	ZKSCAN2	targeting		
ZKSCAN2#chr16:25257768-25257786(+)	ZKSCAN2	targeting		
ZKSCAN2#chr16:25257817-25257835(-)	ZKSCAN2	targeting		
ZKSCAN3#chr6:28349983-28350001(+)	ZKSCAN3	targeting		
ZKSCAN3#chr6:28349998-28350016(-)	ZKSCAN3	targeting		
ZKSCAN3#chr6:28350017-28350035(+)	ZKSCAN3	targeting		
ZKSCAN3#chr6:28350031-28350049(-)	ZKSCAN3	targeting		
ZKSCAN3#chr6:28350134-28350152(-)	ZKSCAN3	targeting		
ZKSCAN3#chr6:28350171-28350189(+)	ZKSCAN3	targeting		
ZKSCAN4#chr6:28252029-28252047(+)	ZKSCAN4	targeting		
ZKSCAN4#chr6:28252085-28252103(-)	ZKSCAN4	targeting		
ZKSCAN4#chr6:28252109-28252127(-)	ZKSCAN4	targeting		
ZKSCAN4#chr6:28252183-28252201(-)	ZKSCAN4	targeting		
ZKSCAN4#chr6:28252193-28252211(+)	ZKSCAN4	targeting		
ZKSCAN4#chr6:28252237-28252255(+)	ZKSCAN4	targeting		
ZKSCAN5#chr7:99504930-99504948(-)	ZKSCAN5	targeting	-0.039511494	0.9164275467526832
ZKSCAN5#chr7:99505234-99505252(+)	ZKSCAN5	targeting	-0.24605018	0.1613093336798463
ZKSCAN5#chr7:99505250-99505268(+)	ZKSCAN5	targeting	0.117381446	0.6822672337842997
ZKSCAN5#chr7:99505265-99505283(+)	ZKSCAN5	targeting	-0.044700485	0.912786250079144
ZKSCAN5#chr7:99505312-99505330(-)	ZKSCAN5	targeting	0.12846059	0.8557199030003697
ZKSCAN5#chr7:99505375-99505393(-)	ZKSCAN5	targeting	-0.18708608	0.6443665699771288
ZKSCAN7#chr3:44555188-44555206(-)	ZKSCAN7	targeting		
ZKSCAN7#chr3:44555221-44555239(+)	ZKSCAN7	targeting		
ZKSCAN7#chr3:44555227-44555245(+)	ZKSCAN7	targeting		
ZKSCAN7#chr3:44555242-44555260(-)	ZKSCAN7	targeting		
ZKSCAN7#chr3:44555250-44555268(+)	ZKSCAN7	targeting		
ZKSCAN7#chr3:44555254-44555272(-)	ZKSCAN7	targeting		
ZKSCAN8#chr6:28141881-28141899(-)	ZKSCAN8	targeting	-1.6425896	4.48774750415718e-06
ZKSCAN8#chr6:28141901-28141919(+)	ZKSCAN8	targeting	-1.3945951	6.624626401604739e-05
ZKSCAN8#chr6:28141917-28141935(-)	ZKSCAN8	targeting	-2.5546224	0.0005472304616196
ZKSCAN8#chr6:28141932-28141950(-)	ZKSCAN8	targeting	-0.5509031	0.0451032975131553
ZKSCAN8#chr6:28141951-28141969(-)	ZKSCAN8	targeting	-2.5013819	3.198198767642192e-15
ZKSCAN8#chr6:28142045-28142063(+)	ZKSCAN8	targeting	-2.0235016	5.204959293808441e-19
ZMAT1#chrX:101931596-101931614(+)	ZMAT1	targeting	-0.104679555	0.5829747610940634
ZMAT1#chrX:101931648-101931666(+)	ZMAT1	targeting	-0.013376286	0.9522869206773448
ZMAT1#chrX:101931962-101931980(+)	ZMAT1	targeting	-0.3906828	0.2137416829354091
ZMAT1#chrX:101931972-101931990(-)	ZMAT1	targeting	-0.26485497	0.6175363741392523
ZMAT1#chrX:101931975-101931993(+)	ZMAT1	targeting	0.17360562	0.6724329816195794
ZMAT1#chrX:101932005-101932023(-)	ZMAT1	targeting	0.44951335	0.2117637692208791
ZMAT2#chr5:140700458-140700476(+)	ZMAT2	targeting	-0.611669	4.376078775116852e-06
ZMAT2#chr5:140700462-140700480(+)	ZMAT2	targeting	-0.07118622	0.9036760880697888
ZMAT2#chr5:140700479-140700497(+)	ZMAT2	targeting	-1.3427657	0.0607670929176756
ZMAT2#chr5:140700492-140700510(+)	ZMAT2	targeting	-0.19876122	0.3559818127148635
ZMAT2#chr5:140700684-140700702(-)	ZMAT2	targeting	-0.6157443	0.0556216319792131
ZMAT2#chr5:140700932-140700950(+)	ZMAT2	targeting	-0.7950386	0.0418672304816721
ZMAT2#chr5:140703931-140703949(+)	ZMAT2	targeting	-0.177562	0.2696603789997224
ZMAT2#chr5:140703962-140703980(+)	ZMAT2	targeting	0.030192755	0.651098137918229
ZMAT2#chr5:140703984-140704002(+)	ZMAT2	targeting	0.091427274	0.4995390630799284
ZMAT2#chr5:140704091-140704109(+)	ZMAT2	targeting	-0.0660151	0.4795208652126574
ZMAT2#chr5:140704143-140704161(-)	ZMAT2	targeting	-0.0110757705	0.9466211822609204
ZMAT2#chr5:140704159-140704177(-)	ZMAT2	targeting	0.07313517	0.7038898235387181
ZMAT3#chr3:179071730-179071748(+)	ZMAT3	targeting	-0.14587098	0.7138266866499827
ZMAT3#chr3:179071737-179071755(-)	ZMAT3	targeting	0.62233174	0.5809018539414059
ZMAT3#chr3:179071767-179071785(+)	ZMAT3	targeting	-1.1008373	0.1608227584454245
ZMAT3#chr3:179071774-179071792(-)	ZMAT3	targeting	-1.1485534	0.0710253650617476
ZMAT3#chr3:179071779-179071797(-)	ZMAT3	targeting	-0.44193536	0.5354306543284836
ZMAT3#chr3:179071802-179071820(+)	ZMAT3	targeting	-2.3744125	0.0034754871470871
ZMAT4#chr8:40897731-40897749(-)	ZMAT4	targeting	-2.539116	4.453426252078784e-05
ZMAT4#chr8:40897736-40897754(+)	ZMAT4	targeting	-1.07421	0.168108307188698
ZMAT4#chr8:40897752-40897770(+)	ZMAT4	targeting	-2.6650517	0.0051571469734006
ZMAT4#chr8:40897788-40897806(+)	ZMAT4	targeting	-2.3001192	2.2341834032148336e-05
ZMAT4#chr8:40897800-40897818(-)	ZMAT4	targeting	-0.55389065	0.3848593465525203
ZMAT4#chr8:40897805-40897823(-)	ZMAT4	targeting	-1.2891259	0.0584373219556098
ZNF10#chr12:133130612-133130630(-)	ZNF10	targeting		
ZNF10#chr12:133130626-133130644(-)	ZNF10	targeting		
ZNF10#chr12:133130637-133130655(-)	ZNF10	targeting		
ZNF10#chr12:133130649-133130667(+)	ZNF10	targeting		
ZNF10#chr12:133130660-133130678(-)	ZNF10	targeting		
ZNF10#chr12:133130705-133130723(-)	ZNF10	targeting		
ZNF100#chr19:21767275-21767293(+)	ZNF100	targeting	-1.2767533	0.0015119804060396
ZNF100#chr19:21767278-21767296(+)	ZNF100	targeting	-2.2248344	2.876355563680335e-07
ZNF100#chr19:21767303-21767321(-)	ZNF100	targeting	-1.3819597	0.0048485328869108
ZNF100#chr19:21767498-21767516(-)	ZNF100	targeting	-0.14713244	0.4922199596425525
ZNF100#chr19:21767530-21767548(+)	ZNF100	targeting	-1.9136475	4.280763719445074e-06
ZNF100#chr19:21767538-21767556(+)	ZNF100	targeting	-2.438202	0.006546863760622
ZNF101#chr19:19668823-19668841(+)	ZNF101	targeting	-1.676347	0.0093194507684748
ZNF101#chr19:19668846-19668864(+)	ZNF101	targeting	-2.0434358	1.3190551872804155e-06
ZNF101#chr19:19668850-19668868(-)	ZNF101	targeting	-1.1153216	0.0703181517913126
ZNF101#chr19:19668873-19668891(-)	ZNF101	targeting	-2.5363863	3.084030831168314e-06
ZNF101#chr19:19668994-19669012(+)	ZNF101	targeting	-1.9875482	0.0113637487729827
ZNF101#chr19:19669097-19669115(-)	ZNF101	targeting	-2.4379752	0.0004053187776795
ZNF107#chr7:64666340-64666358(-)	ZNF107	targeting	-0.3434979	0.2574454406739163
ZNF107#chr7:64666362-64666380(+)	ZNF107	targeting	-2.4092011	1.4904322835316894e-06
ZNF107#chr7:64666374-64666392(-)	ZNF107	targeting	-0.4283721	0.1423592452728919
ZNF107#chr7:64666414-64666432(-)	ZNF107	targeting	-2.8624249	0.0092177146782855
ZNF107#chr7:64666598-64666616(-)	ZNF107	targeting	-2.1895053	4.797940602678135e-17
ZNF107#chr7:64666617-64666635(-)	ZNF107	targeting	-1.2348117	0.0501296136965953
ZNF112#chr19:44356328-44356346(+)	ZNF112	targeting		
ZNF112#chr19:44356419-44356437(+)	ZNF112	targeting		
ZNF112#chr19:44356613-44356631(+)	ZNF112	targeting		
ZNF112#chr19:44356616-44356634(+)	ZNF112	targeting		
ZNF112#chr19:44356630-44356648(+)	ZNF112	targeting		
ZNF112#chr19:44356664-44356682(-)	ZNF112	targeting		
ZNF114#chr19:48271358-48271376(+)	ZNF114	targeting	-2.3522947	2.5935852385008096e-06
ZNF114#chr19:48271361-48271379(+)	ZNF114	targeting	-1.9120603	0.0394002140905479
ZNF114#chr19:48271370-48271388(+)	ZNF114	targeting	-1.4335508	0.0073976974870928
ZNF114#chr19:48271392-48271410(+)	ZNF114	targeting	-1.76816	8.390092940753454e-05
ZNF114#chr19:48271576-48271594(-)	ZNF114	targeting	-2.3381848	3.1796459559705025e-08
ZNF114#chr19:48271603-48271621(-)	ZNF114	targeting	-0.5856891	0.1939075187784104
ZNF117#chr7:65006294-65006312(-)	ZNF117	targeting	-0.6927277	0.2035471827939511
ZNF117#chr7:65006349-65006367(-)	ZNF117	targeting	0.42718595	0.3246990810563235
ZNF117#chr7:65006363-65006381(+)	ZNF117	targeting	-1.8066641	0.0389170140962081
ZNF117#chr7:65006447-65006465(-)	ZNF117	targeting	-1.7944078	0.0057286482838707
ZNF117#chr7:65006601-65006619(+)	ZNF117	targeting	-1.2451797	0.2006500198108312
ZNF117#chr7:65006652-65006670(+)	ZNF117	targeting	-1.0503845	0.1647317298575223
ZNF12#chr7:6706658-6706676(+)	ZNF12	targeting		
ZNF12#chr7:6706716-6706734(-)	ZNF12	targeting		
ZNF12#chr7:6706867-6706885(+)	ZNF12	targeting		
ZNF12#chr7:6706881-6706899(-)	ZNF12	targeting		
ZNF12#chr7:6706894-6706912(+)	ZNF12	targeting		
ZNF12#chr7:6706903-6706921(+)	ZNF12	targeting		
ZNF121#chr19:9584127-9584145(+)	ZNF121	targeting	-1.6315004	1.219632404248636e-48
ZNF121#chr19:9584276-9584294(-)	ZNF121	targeting	-2.506106	6.887188892109941e-13
ZNF121#chr19:9584298-9584316(-)	ZNF121	targeting	-2.0706682	8.092530296208025e-07
ZNF121#chr19:9584423-9584441(-)	ZNF121	targeting	-1.4960369	8.501791741738005e-11
ZNF121#chr19:9584429-9584447(+)	ZNF121	targeting	-0.47599652	0.0169225669234094
ZNF121#chr19:9584469-9584487(-)	ZNF121	targeting	-1.6598682	1.0766701491661626e-10
ZNF124#chr1:247157695-247157713(+)	ZNF124	targeting	0.008288302	0.9667000060602312
ZNF124#chr1:247157722-247157740(-)	ZNF124	targeting	-0.17226191	0.5738607097451256
ZNF124#chr1:247157726-247157744(-)	ZNF124	targeting	-0.073939994	0.5254238671121007
ZNF124#chr1:247157871-247157889(+)	ZNF124	targeting	-0.19917418	0.0580829892716546
ZNF124#chr1:247157882-247157900(+)	ZNF124	targeting	-0.26423493	0.0557778322878809
ZNF124#chr1:247157935-247157953(-)	ZNF124	targeting	0.15698898	0.305176223118781
ZNF131#chr5:43120927-43120945(-)	ZNF131	targeting	0.09076688	0.6330764608420213
ZNF131#chr5:43120957-43120975(+)	ZNF131	targeting	-0.1676716	0.049091845417113
ZNF131#chr5:43121108-43121126(+)	ZNF131	targeting	-0.14820969	0.4957362916369767
ZNF131#chr5:43121139-43121157(+)	ZNF131	targeting	-0.18762776	0.083374873948589
ZNF131#chr5:43121623-43121641(+)	ZNF131	targeting	-0.7492954	0.0017202330393928
ZNF131#chr5:43121742-43121760(-)	ZNF131	targeting	-0.4457924	0.1650778397727014
ZNF132#chr19:58439915-58439933(+)	ZNF132	targeting		
ZNF132#chr19:58439932-58439950(+)	ZNF132	targeting		
ZNF132#chr19:58439937-58439955(+)	ZNF132	targeting		
ZNF132#chr19:58440082-58440100(-)	ZNF132	targeting		
ZNF132#chr19:58440134-58440152(+)	ZNF132	targeting		
ZNF132#chr19:58440137-58440155(+)	ZNF132	targeting		
ZNF133#chr20:18288534-18288552(+)	ZNF133	targeting		
ZNF133#chr20:18288575-18288593(+)	ZNF133	targeting		
ZNF133#chr20:18288585-18288603(-)	ZNF133	targeting		
ZNF133#chr20:18288620-18288638(-)	ZNF133	targeting		
ZNF133#chr20:18288641-18288659(-)	ZNF133	targeting		
ZNF133#chr20:18288790-18288808(+)	ZNF133	targeting		
ZNF134#chr19:57614231-57614249(-)	ZNF134	targeting	0.18496278	0.4618957704503335
ZNF134#chr19:57614247-57614265(+)	ZNF134	targeting	0.18698132	0.6201300231087763
ZNF134#chr19:57614250-57614268(+)	ZNF134	targeting	-1.7673749	0.0599295695598179
ZNF134#chr19:57614274-57614292(+)	ZNF134	targeting	-1.4292675	0.0063755469899687
ZNF134#chr19:57614282-57614300(+)	ZNF134	targeting	-0.63211817	0.3560219768089507
ZNF134#chr19:57614299-57614317(+)	ZNF134	targeting	-0.31895405	0.0720638487086931
ZNF135#chr19:58059252-58059270(+)	ZNF135	targeting	-1.1718717	0.0253791552092603
ZNF135#chr19:58059290-58059308(+)	ZNF135	targeting	-0.52957356	0.2049151660737065
ZNF135#chr19:58059299-58059317(+)	ZNF135	targeting	-0.77721196	0.2602938951287889
ZNF135#chr19:58059308-58059326(+)	ZNF135	targeting	-0.68953156	0.1650893165695858
ZNF135#chr19:58059312-58059330(+)	ZNF135	targeting	-0.4685906	0.4830101904792491
ZNF135#chr19:58059639-58059657(+)	ZNF135	targeting	-0.450015	0.1939494017683494
ZNF136#chr19:12163080-12163098(-)	ZNF136	targeting	-2.1823552	0.0053674377038833
ZNF136#chr19:12163107-12163125(+)	ZNF136	targeting	-0.3538097	0.5040928121468093
ZNF136#chr19:12163113-12163131(-)	ZNF136	targeting	-0.7105791	0.2070111727266902
ZNF136#chr19:12163127-12163145(-)	ZNF136	targeting	-2.7999146	0.0021704113792108
ZNF136#chr19:12163161-12163179(-)	ZNF136	targeting	-1.8608437	0.0005577218207223
ZNF136#chr19:12163345-12163363(-)	ZNF136	targeting	-1.5771953	0.0080189564029028
ZNF138#chr7:64794393-64794411(+)	ZNF138	targeting	-0.5956032	0.1545089113081552
ZNF138#chr7:64794461-64794479(-)	ZNF138	targeting	-2.9111478	1.27468970855825e-11
ZNF138#chr7:64794470-64794488(+)	ZNF138	targeting	-0.16035515	0.4551073344281119
ZNF138#chr7:64794478-64794496(-)	ZNF138	targeting	-2.0746098	5.460554461625383e-11
ZNF138#chr7:64794633-64794651(+)	ZNF138	targeting	-2.162597	2.84805573037453e-08
ZNF138#chr7:64794663-64794681(+)	ZNF138	targeting	-1.7152153	7.183399122138064e-13
ZNF14#chr19:19732727-19732745(-)	ZNF14	targeting	-1.0765064	0.2427671922837588
ZNF14#chr19:19732807-19732825(+)	ZNF14	targeting	-1.7286891	0.1190418915487822
ZNF14#chr19:19733011-19733029(+)	ZNF14	targeting	-0.91056263	0.0152078138292122
ZNF14#chr19:19733032-19733050(+)	ZNF14	targeting	-2.074938	0.0286713092480265
ZNF14#chr19:19733046-19733064(+)	ZNF14	targeting	-1.8390638	0.0523516154154716
ZNF14#chr19:19733085-19733103(-)	ZNF14	targeting	-0.081521004	0.884952462739252
ZNF140#chr12:133080917-133080935(+)	ZNF140	targeting	-1.3814822	0.0005005274837973
ZNF140#chr12:133080932-133080950(-)	ZNF140	targeting	-0.6867001	0.1250729945329691
ZNF140#chr12:133080934-133080952(+)	ZNF140	targeting	-0.89681756	0.0079064350437562
ZNF140#chr12:133080961-133080979(-)	ZNF140	targeting	-0.15458696	0.6188330743588769
ZNF140#chr12:133080965-133080983(-)	ZNF140	targeting	-0.1536515	0.5858731242991679
ZNF140#chr12:133080969-133080987(+)	ZNF140	targeting	-0.35495883	0.6302432798123065
ZNF141#chr4:337824-337842(+)	ZNF141	targeting	-1.3760207	0.0280696372602682
ZNF141#chr4:337831-337849(+)	ZNF141	targeting	-2.6653786	1.4424732641599762e-16
ZNF141#chr4:337837-337855(-)	ZNF141	targeting	-2.5936656	3.731811400524427e-20
ZNF141#chr4:337842-337860(-)	ZNF141	targeting	-2.2651806	2.0149526152087283e-08
ZNF141#chr4:337860-337878(+)	ZNF141	targeting	-0.09503343	0.5467533347498267
ZNF141#chr4:337888-337906(-)	ZNF141	targeting	-2.448909	1.3984620268901596e-09
ZNF142#chr2:218659385-218659403(+)	ZNF142	targeting	-1.251861	0.1281249699700225
ZNF142#chr2:218659389-218659407(+)	ZNF142	targeting	-0.13824825	0.8109634232955263
ZNF142#chr2:218659522-218659540(-)	ZNF142	targeting	-0.04854789	0.9549137494242091
ZNF142#chr2:218659591-218659609(+)	ZNF142	targeting	0.2901366	0.512127667022273
ZNF142#chr2:218659598-218659616(-)	ZNF142	targeting	-0.17400874	0.6543444447929225
ZNF142#chr2:218659605-218659623(+)	ZNF142	targeting	-0.80288184	0.053951002211881
ZNF143#chr11:9461024-9461042(+)	ZNF143	targeting	0.210809	0.403847304243377
ZNF143#chr11:9461040-9461058(+)	ZNF143	targeting	0.074311204	0.6100157601601217
ZNF143#chr11:9461276-9461294(-)	ZNF143	targeting	-0.059915446	0.6301534067390631
ZNF143#chr11:9461356-9461374(+)	ZNF143	targeting	-0.15196459	0.4555302807733533
ZNF143#chr11:9461359-9461377(+)	ZNF143	targeting	0.084557466	0.8440197612531373
ZNF143#chr11:9461484-9461502(-)	ZNF143	targeting	-0.06305572	0.9445130018749676
ZNF146#chr19:36215153-36215171(-)	ZNF146	targeting		
ZNF146#chr19:36215161-36215179(+)	ZNF146	targeting		
ZNF146#chr19:36215169-36215187(-)	ZNF146	targeting		
ZNF146#chr19:36215173-36215191(+)	ZNF146	targeting		
ZNF146#chr19:36215176-36215194(+)	ZNF146	targeting		
ZNF146#chr19:36215180-36215198(+)	ZNF146	targeting		
ZNF148#chr3:125374811-125374829(-)	ZNF148	targeting	0.01124887	0.8575297566286004
ZNF148#chr3:125374863-125374881(-)	ZNF148	targeting	0.07328453	0.5799111708637583
ZNF148#chr3:125374866-125374884(-)	ZNF148	targeting	-0.28040025	0.1631468059404268
ZNF148#chr3:125375085-125375103(+)	ZNF148	targeting	-0.8396864	5.363394593758218e-05
ZNF148#chr3:125375092-125375110(-)	ZNF148	targeting	-0.71471673	0.024456782996578
ZNF148#chr3:125375238-125375256(-)	ZNF148	targeting	-1.4559165	1.0217365853575985e-23
ZNF154#chr19:57708940-57708958(+)	ZNF154	targeting		
ZNF154#chr19:57708971-57708989(-)	ZNF154	targeting		
ZNF154#chr19:57709126-57709144(+)	ZNF154	targeting		
ZNF154#chr19:57709141-57709159(-)	ZNF154	targeting		
ZNF154#chr19:57709148-57709166(+)	ZNF154	targeting		
ZNF154#chr19:57709169-57709187(-)	ZNF154	targeting		
ZNF155#chr19:43984208-43984226(-)	ZNF155	targeting	-0.123051666	0.881315072966109
ZNF155#chr19:43984214-43984232(+)	ZNF155	targeting	-0.7570653	0.1494608856880805
ZNF155#chr19:43984245-43984263(-)	ZNF155	targeting	-0.16124088	0.7554262891998994
ZNF155#chr19:43984281-43984299(-)	ZNF155	targeting	-0.4011777	0.0722097939898311
ZNF155#chr19:43984389-43984407(-)	ZNF155	targeting	-0.13118093	0.8023156979977399
ZNF155#chr19:43984415-43984433(+)	ZNF155	targeting	-0.03406151	0.91930181049537
ZNF157#chrX:47370582-47370600(+)	ZNF157	targeting		
ZNF157#chrX:47370593-47370611(-)	ZNF157	targeting		
ZNF157#chrX:47370616-47370634(-)	ZNF157	targeting		
ZNF157#chrX:47370625-47370643(+)	ZNF157	targeting		
ZNF157#chrX:47370629-47370647(+)	ZNF157	targeting		
ZNF157#chrX:47370693-47370711(-)	ZNF157	targeting		
ZNF16#chr8:144950554-144950572(+)	ZNF16	targeting		
ZNF16#chr8:144950557-144950575(+)	ZNF16	targeting		
ZNF16#chr8:144950768-144950786(+)	ZNF16	targeting		
ZNF16#chr8:144950783-144950801(+)	ZNF16	targeting		
ZNF16#chr8:144950799-144950817(+)	ZNF16	targeting		
ZNF16#chr8:144950802-144950820(+)	ZNF16	targeting		
ZNF160#chr19:53103171-53103189(+)	ZNF160	targeting	-2.2193797	0.0002937206015179
ZNF160#chr19:53103315-53103333(+)	ZNF160	targeting	-2.178667	2.165211032785312e-22
ZNF160#chr19:53103347-53103365(+)	ZNF160	targeting	-2.1490521	2.9800074948052733e-08
ZNF160#chr19:53103365-53103383(+)	ZNF160	targeting	-2.039904	1.6490176014420598e-05
ZNF160#chr19:53103384-53103402(-)	ZNF160	targeting	-0.97201264	0.0672463900304047
ZNF160#chr19:53103403-53103421(-)	ZNF160	targeting	-0.09546244	0.7161567984120184
ZNF165#chr6:28080596-28080614(-)	ZNF165	targeting		
ZNF165#chr6:28080770-28080788(-)	ZNF165	targeting		
ZNF165#chr6:28080921-28080939(-)	ZNF165	targeting		
ZNF165#chr6:28080934-28080952(-)	ZNF165	targeting		
ZNF165#chr6:28080950-28080968(+)	ZNF165	targeting		
ZNF165#chr6:28080961-28080979(-)	ZNF165	targeting		
ZNF169#chr9:94259319-94259337(-)	ZNF169	targeting	-1.5334017	0.0006213931775449
ZNF169#chr9:94259326-94259344(-)	ZNF169	targeting	-1.9211842	5.334045739276422e-06
ZNF169#chr9:94259357-94259375(-)	ZNF169	targeting	-2.24839	0.0002074525144619
ZNF169#chr9:94259364-94259382(+)	ZNF169	targeting	-2.7524657	0.0178705268145208
ZNF169#chr9:94259367-94259385(+)	ZNF169	targeting	-2.1884778	0.0084736729165847
ZNF169#chr9:94259512-94259530(+)	ZNF169	targeting	-1.7627969	0.0020619886832203
ZNF17#chr19:57411155-57411173(+)	ZNF17	targeting		
ZNF17#chr19:57411170-57411188(-)	ZNF17	targeting		
ZNF17#chr19:57411173-57411191(-)	ZNF17	targeting		
ZNF17#chr19:57411194-57411212(+)	ZNF17	targeting		
ZNF17#chr19:57411211-57411229(-)	ZNF17	targeting		
ZNF17#chr19:57411323-57411341(-)	ZNF17	targeting		
ZNF174#chr16:3401220-3401238(-)	ZNF174	targeting		
ZNF174#chr16:3401230-3401248(-)	ZNF174	targeting		
ZNF174#chr16:3401249-3401267(-)	ZNF174	targeting		
ZNF174#chr16:3401266-3401284(-)	ZNF174	targeting		
ZNF174#chr16:3401514-3401532(-)	ZNF174	targeting		
ZNF174#chr16:3401647-3401665(-)	ZNF174	targeting		
ZNF175#chr19:51571288-51571306(-)	ZNF175	targeting		
ZNF175#chr19:51571320-51571338(-)	ZNF175	targeting		
ZNF175#chr19:51571329-51571347(+)	ZNF175	targeting		
ZNF175#chr19:51571356-51571374(+)	ZNF175	targeting		
ZNF175#chr19:51571370-51571388(+)	ZNF175	targeting		
ZNF175#chr19:51571466-51571484(+)	ZNF175	targeting		
ZNF177#chr19:9324331-9324349(-)	ZNF177	targeting		
ZNF177#chr19:9324342-9324360(+)	ZNF177	targeting		
ZNF177#chr19:9324371-9324389(-)	ZNF177	targeting		
ZNF177#chr19:9324501-9324519(+)	ZNF177	targeting		
ZNF177#chr19:9363025-9363043(-)	ZNF177	targeting		
ZNF177#chr19:9363032-9363050(-)	ZNF177	targeting		
ZNF177#chr19:9363078-9363096(-)	ZNF177	targeting		
ZNF177#chr19:9363093-9363111(-)	ZNF177	targeting		
ZNF177#chr19:9363223-9363241(-)	ZNF177	targeting		
ZNF177#chr19:9363271-9363289(+)	ZNF177	targeting		
ZNF18#chr17:11997206-11997224(-)	ZNF18	targeting		
ZNF18#chr17:11997332-11997350(-)	ZNF18	targeting		
ZNF18#chr17:11997386-11997404(+)	ZNF18	targeting		
ZNF18#chr17:11997390-11997408(-)	ZNF18	targeting		
ZNF18#chr17:11997413-11997431(-)	ZNF18	targeting		
ZNF18#chr17:11997421-11997439(+)	ZNF18	targeting		
ZNF180#chr19:44500421-44500439(-)	ZNF180	targeting	-1.9916312	2.414394249908412e-05
ZNF180#chr19:44500428-44500446(-)	ZNF180	targeting	-0.57896316	0.45915735328514
ZNF180#chr19:44500447-44500465(+)	ZNF180	targeting	-2.126911	0.0045808347829585
ZNF180#chr19:44500460-44500478(+)	ZNF180	targeting	-0.042335827	0.95165132182087
ZNF180#chr19:44500491-44500509(+)	ZNF180	targeting	-3.3350563	6.370497231638962e-05
ZNF180#chr19:44500526-44500544(+)	ZNF180	targeting	0.19819696	0.6122362712527796
ZNF181#chr19:34734243-34734261(+)	ZNF181	targeting		
ZNF181#chr19:34734254-34734272(+)	ZNF181	targeting		
ZNF181#chr19:34734273-34734291(-)	ZNF181	targeting		
ZNF181#chr19:34734281-34734299(-)	ZNF181	targeting		
ZNF181#chr19:34734294-34734312(+)	ZNF181	targeting		
ZNF181#chr19:34734306-34734324(-)	ZNF181	targeting		
ZNF182#chrX:48003785-48003803(-)	ZNF182	targeting		
ZNF182#chrX:48003877-48003895(-)	ZNF182	targeting		
ZNF182#chrX:48003906-48003924(-)	ZNF182	targeting		
ZNF182#chrX:48003969-48003987(-)	ZNF182	targeting		
ZNF182#chrX:48003983-48004001(-)	ZNF182	targeting		
ZNF182#chrX:48003994-48004012(-)	ZNF182	targeting		
ZNF184#chr6:27472838-27472856(+)	ZNF184	targeting	-0.11067707	0.7675923636658203
ZNF184#chr6:27472873-27472891(-)	ZNF184	targeting	-1.1525936	0.0060577730023982
ZNF184#chr6:27473041-27473059(-)	ZNF184	targeting	-1.5524349	0.1444533495168923
ZNF184#chr6:27473044-27473062(-)	ZNF184	targeting	-0.6787398	0.2103379683229749
ZNF184#chr6:27473051-27473069(+)	ZNF184	targeting	-0.20227595	0.5856921864141613
ZNF184#chr6:27473088-27473106(-)	ZNF184	targeting	-0.9897547	0.27546891110786
ZNF189#chr9:101398875-101398893(+)	ZNF189	targeting	-0.7317927	0.0892407736503516
ZNF189#chr9:101398901-101398919(+)	ZNF189	targeting	-0.7948351	0.085481728476668
ZNF189#chr9:101398914-101398932(+)	ZNF189	targeting	-2.158122	0.0016522194344159
ZNF189#chr9:101398926-101398944(+)	ZNF189	targeting	-1.7398095	0.0016055704076409
ZNF189#chr9:101399083-101399101(+)	ZNF189	targeting	-0.75912625	0.0136416114934425
ZNF189#chr9:101399139-101399157(-)	ZNF189	targeting	-0.69997805	0.0295740151460982
ZNF19#chr16:71484322-71484340(+)	ZNF19	targeting		
ZNF19#chr16:71484485-71484503(-)	ZNF19	targeting		
ZNF19#chr16:71484527-71484545(-)	ZNF19	targeting		
ZNF19#chr16:71484547-71484565(+)	ZNF19	targeting		
ZNF19#chr16:71484573-71484591(+)	ZNF19	targeting		
ZNF19#chr16:71484579-71484597(-)	ZNF19	targeting		
ZNF195#chr11:3378934-3378952(+)	ZNF195	targeting	-1.7721843	0.0193557068018488
ZNF195#chr11:3379090-3379108(+)	ZNF195	targeting	0.0145628555	0.9437880983327488
ZNF195#chr11:3379100-3379118(+)	ZNF195	targeting	-0.25335488	0.3559806518007326
ZNF195#chr11:3379108-3379126(-)	ZNF195	targeting	-0.049554136	0.8137374811046081
ZNF195#chr11:3379114-3379132(+)	ZNF195	targeting	-0.22560117	0.3877922262248036
ZNF195#chr11:3379133-3379151(-)	ZNF195	targeting	-1.9354213	8.362260697535918e-09
ZNF197#chr3:44625038-44625056(-)	ZNF197	targeting		
ZNF197#chr3:44625044-44625062(+)	ZNF197	targeting		
ZNF197#chr3:44625075-44625093(-)	ZNF197	targeting		
ZNF197#chr3:44625098-44625116(+)	ZNF197	targeting		
ZNF197#chr3:44625141-44625159(-)	ZNF197	targeting		
ZNF197#chr3:44625230-44625248(-)	ZNF197	targeting		
ZNF2#chr2:95165802-95165820(+)	ZNF2	targeting		
ZNF2#chr2:95165817-95165835(+)	ZNF2	targeting		
ZNF2#chr2:95165836-95165854(-)	ZNF2	targeting		
ZNF2#chr2:95165843-95165861(-)	ZNF2	targeting		
ZNF2#chr2:95165846-95165864(+)	ZNF2	targeting		
ZNF2#chr2:95166055-95166073(-)	ZNF2	targeting		
ZNF20#chr19:12140149-12140167(-)	ZNF20	targeting		
ZNF20#chr19:12140267-12140285(+)	ZNF20	targeting		
ZNF20#chr19:12140289-12140307(+)	ZNF20	targeting		
ZNF20#chr19:12140317-12140335(-)	ZNF20	targeting		
ZNF20#chr19:12140362-12140380(-)	ZNF20	targeting		
ZNF20#chr19:12140365-12140383(-)	ZNF20	targeting		
ZNF20#chr19:12156701-12156719(-)	ZNF20	targeting		
ZNF200#chr16:3234926-3234944(+)	ZNF200	targeting		
ZNF200#chr16:3235089-3235107(-)	ZNF200	targeting		
ZNF200#chr16:3235096-3235114(-)	ZNF200	targeting		
ZNF200#chr16:3235108-3235126(-)	ZNF200	targeting		
ZNF200#chr16:3235121-3235139(-)	ZNF200	targeting		
ZNF200#chr16:3235139-3235157(+)	ZNF200	targeting		
ZNF202#chr11:123741583-123741601(-)	ZNF202	targeting	0.49462318	0.3278478244638794
ZNF202#chr11:123741596-123741614(-)	ZNF202	targeting	-0.8769673	0.2093680434486605
ZNF202#chr11:123741606-123741624(-)	ZNF202	targeting	-1.8005584	0.0508521250743546
ZNF202#chr11:123741625-123741643(-)	ZNF202	targeting	-1.0727706	0.1323379948837874
ZNF202#chr11:123741636-123741654(-)	ZNF202	targeting	-1.8302041	0.0065109141943773
ZNF202#chr11:123741644-123741662(+)	ZNF202	targeting	-0.18001483	0.6908247238847516
ZNF205#chr16:3112604-3112622(-)	ZNF205	targeting		
ZNF205#chr16:3112608-3112626(-)	ZNF205	targeting		
ZNF205#chr16:3112614-3112632(+)	ZNF205	targeting		
ZNF205#chr16:3112617-3112635(+)	ZNF205	targeting		
ZNF205#chr16:3112629-3112647(-)	ZNF205	targeting		
ZNF205#chr16:3112744-3112762(+)	ZNF205	targeting		
ZNF207#chr17:32350174-32350192(+)	ZNF207	targeting	0.05739018	0.8612481521155677
ZNF207#chr17:32350182-32350200(-)	ZNF207	targeting	-0.24342602	0.4576902923617026
ZNF207#chr17:32350185-32350203(+)	ZNF207	targeting	0.111119464	0.8092229595289104
ZNF207#chr17:32350190-32350208(+)	ZNF207	targeting	-0.07961223	0.5742445807194253
ZNF207#chr17:32350199-32350217(+)	ZNF207	targeting	-0.039632805	0.5939227688155324
ZNF207#chr17:32350619-32350637(-)	ZNF207	targeting	-0.27089128	0.0273666005739769
ZNF207#chr17:32360678-32360696(-)	ZNF207	targeting	-0.14857641	0.2669108819891649
ZNF207#chr17:32360693-32360711(-)	ZNF207	targeting	-0.17111415	0.4929819317444608
ZNF207#chr17:32360762-32360780(-)	ZNF207	targeting	0.23452881	0.0135151762710421
ZNF207#chr17:32360842-32360860(-)	ZNF207	targeting	-0.101916306	0.8457846162337056
ZNF207#chr17:32360992-32361010(-)	ZNF207	targeting	-1.123727	0.0839466118487878
ZNF207#chr17:32361007-32361025(-)	ZNF207	targeting	0.12424784	0.5972806762073324
ZNF211#chr19:57633200-57633218(+)	ZNF211	targeting		
ZNF211#chr19:57633213-57633231(-)	ZNF211	targeting		
ZNF211#chr19:57633217-57633235(-)	ZNF211	targeting		
ZNF211#chr19:57633226-57633244(-)	ZNF211	targeting		
ZNF211#chr19:57633242-57633260(-)	ZNF211	targeting		
ZNF211#chr19:57633263-57633281(+)	ZNF211	targeting		
ZNF212#chr7:149239653-149239671(+)	ZNF212	targeting	-0.104163714	0.6807820096267228
ZNF212#chr7:149239656-149239674(+)	ZNF212	targeting	0.41280535	0.3169250687935941
ZNF212#chr7:149239679-149239697(+)	ZNF212	targeting	-0.64235896	0.1184873350148545
ZNF212#chr7:149239687-149239705(+)	ZNF212	targeting	-0.74006265	0.2423877223322059
ZNF212#chr7:149239702-149239720(+)	ZNF212	targeting	-0.34371567	0.2950317046269107
ZNF212#chr7:149239717-149239735(+)	ZNF212	targeting	0.6081115	0.1060435179778584
ZNF213#chr16:3135152-3135170(+)	ZNF213	targeting		
ZNF213#chr16:3135160-3135178(-)	ZNF213	targeting		
ZNF213#chr16:3135163-3135181(+)	ZNF213	targeting		
ZNF213#chr16:3135168-3135186(+)	ZNF213	targeting		
ZNF213#chr16:3135188-3135206(-)	ZNF213	targeting		
ZNF213#chr16:3135356-3135374(-)	ZNF213	targeting		
ZNF214#chr11:7020261-7020279(+)	ZNF214	targeting		
ZNF214#chr11:7020266-7020284(+)	ZNF214	targeting		
ZNF214#chr11:7020295-7020313(+)	ZNF214	targeting		
ZNF214#chr11:7020320-7020338(+)	ZNF214	targeting		
ZNF214#chr11:7020330-7020348(+)	ZNF214	targeting		
ZNF214#chr11:7020349-7020367(-)	ZNF214	targeting		
ZNF215#chr11:6926462-6926480(-)	ZNF215	targeting	-0.52368414	0.2435582021721883
ZNF215#chr11:6926525-6926543(+)	ZNF215	targeting	-1.9882094	0.0661738781531306
ZNF215#chr11:6926562-6926580(+)	ZNF215	targeting	-0.72273135	0.0425631780757485
ZNF215#chr11:6926567-6926585(+)	ZNF215	targeting	-1.396553	0.0980975641720309
ZNF215#chr11:6926898-6926916(+)	ZNF215	targeting	-2.7479808	0.0034408380850283
ZNF215#chr11:6926946-6926964(+)	ZNF215	targeting	-1.244022	0.0122435190153511
ZNF217#chr20:53568547-53568565(+)	ZNF217	targeting	0.15202273	0.4370653003328729
ZNF217#chr20:53568617-53568635(+)	ZNF217	targeting	0.09534584	0.6282886005362578
ZNF217#chr20:53568652-53568670(+)	ZNF217	targeting	0.22292997	0.3414848208581819
ZNF217#chr20:53568695-53568713(+)	ZNF217	targeting	-0.2658571	0.0727619926608507
ZNF217#chr20:53568838-53568856(+)	ZNF217	targeting	-0.044341944	0.8867608519902428
ZNF217#chr20:53568892-53568910(-)	ZNF217	targeting	0.043215644	0.8802208441554158
ZNF217#chr20:53593340-53593358(-)	ZNF217	targeting	-0.3952191	0.1401728224560158
ZNF217#chr20:53593544-53593562(+)	ZNF217	targeting	-0.36479145	0.1165093398735901
ZNF217#chr20:53593548-53593566(+)	ZNF217	targeting	0.24555637	0.5612338785447568
ZNF217#chr20:53593563-53593581(-)	ZNF217	targeting	0.17541757	0.5178871107114614
ZNF217#chr20:53593586-53593604(+)	ZNF217	targeting	-0.03253423	0.927780552311257
ZNF217#chr20:53593602-53593620(-)	ZNF217	targeting	-0.0249658	0.9120936956833278
ZNF219#chr14:21097948-21097966(-)	ZNF219	targeting	-0.77427286	0.1346492833334034
ZNF219#chr14:21098075-21098093(-)	ZNF219	targeting	0.014124839	0.9682188016328988
ZNF219#chr14:21098570-21098588(+)	ZNF219	targeting	-0.09726486	0.8518220381416727
ZNF219#chr14:21098598-21098616(+)	ZNF219	targeting	-1.942327	0.0155936572071996
ZNF219#chr14:21098601-21098619(+)	ZNF219	targeting	-0.22371234	0.4190173027560819
ZNF22#chr10:45000874-45000892(-)	ZNF22	targeting		
ZNF22#chr10:45000909-45000927(+)	ZNF22	targeting		
ZNF22#chr10:45000912-45000930(+)	ZNF22	targeting		
ZNF22#chr10:45000944-45000962(+)	ZNF22	targeting		
ZNF22#chr10:45000957-45000975(-)	ZNF22	targeting		
ZNF22#chr10:45000973-45000991(+)	ZNF22	targeting		
ZNF221#chr19:43951236-43951254(+)	ZNF221	targeting		
ZNF221#chr19:43951242-43951260(+)	ZNF221	targeting		
ZNF221#chr19:43951335-43951353(-)	ZNF221	targeting		
ZNF221#chr19:43951418-43951436(+)	ZNF221	targeting		
ZNF221#chr19:43951460-43951478(+)	ZNF221	targeting		
ZNF221#chr19:43951477-43951495(-)	ZNF221	targeting		
ZNF222#chr19:44025382-44025400(-)	ZNF222	targeting		
ZNF222#chr19:44025397-44025415(-)	ZNF222	targeting		
ZNF222#chr19:44025401-44025419(-)	ZNF222	targeting		
ZNF222#chr19:44025413-44025431(-)	ZNF222	targeting		
ZNF222#chr19:44025418-44025436(-)	ZNF222	targeting		
ZNF222#chr19:44025616-44025634(-)	ZNF222	targeting		
ZNF223#chr19:44051988-44052006(+)	ZNF223	targeting		
ZNF223#chr19:44052023-44052041(+)	ZNF223	targeting		
ZNF223#chr19:44052044-44052062(+)	ZNF223	targeting		
ZNF223#chr19:44052050-44052068(-)	ZNF223	targeting		
ZNF223#chr19:44052063-44052081(-)	ZNF223	targeting		
ZNF223#chr19:44052115-44052133(-)	ZNF223	targeting		
ZNF224#chr19:44094341-44094359(+)	ZNF224	targeting		
ZNF224#chr19:44094380-44094398(-)	ZNF224	targeting		
ZNF224#chr19:44094411-44094429(-)	ZNF224	targeting		
ZNF224#chr19:44094432-44094450(-)	ZNF224	targeting		
ZNF224#chr19:44094563-44094581(+)	ZNF224	targeting		
ZNF224#chr19:44094590-44094608(+)	ZNF224	targeting		
ZNF225#chr19:44113382-44113400(+)	ZNF225	targeting		
ZNF225#chr19:44113416-44113434(+)	ZNF225	targeting		
ZNF225#chr19:44113422-44113440(-)	ZNF225	targeting		
ZNF225#chr19:44113457-44113475(-)	ZNF225	targeting		
ZNF225#chr19:44113477-44113495(-)	ZNF225	targeting		
ZNF225#chr19:44113601-44113619(+)	ZNF225	targeting		
ZNF226#chr19:44141571-44141589(+)	ZNF226	targeting	-0.37097856	0.0371850636575908
ZNF226#chr19:44141583-44141601(+)	ZNF226	targeting	-0.70040953	0.0089152418815675
ZNF226#chr19:44141595-44141613(+)	ZNF226	targeting	-0.12835288	0.6600370061890501
ZNF226#chr19:44141635-44141653(-)	ZNF226	targeting	-0.24241188	0.2825491628591231
ZNF226#chr19:44141642-44141660(+)	ZNF226	targeting	-0.93003976	0.0160159364765194
ZNF226#chr19:44141649-44141667(-)	ZNF226	targeting	-0.4688739	0.1966707262399954
ZNF226#chr19:44165077-44165095(+)	ZNF226	targeting	-0.31161034	0.4347618627523958
ZNF226#chr19:44165093-44165111(-)	ZNF226	targeting	-0.05050844	0.8913658678817528
ZNF226#chr19:44165096-44165114(-)	ZNF226	targeting	-0.086575	0.8444867903454377
ZNF226#chr19:44165107-44165125(+)	ZNF226	targeting	-1.6988316	0.099389105052096
ZNF226#chr19:44165122-44165140(+)	ZNF226	targeting	0.3453601	0.0093756303721445
ZNF226#chr19:44165162-44165180(-)	ZNF226	targeting	-0.2558147	0.4536152295149094
ZNF227#chr19:44212565-44212583(+)	ZNF227	targeting	-0.21146125	0.7339287735680764
ZNF227#chr19:44212569-44212587(-)	ZNF227	targeting	-1.7522671	6.235548369705995e-05
ZNF227#chr19:44212582-44212600(-)	ZNF227	targeting	-0.55490583	0.5535594137446893
ZNF227#chr19:44212606-44212624(-)	ZNF227	targeting	-0.7232694	0.3725257143724723
ZNF227#chr19:44212634-44212652(-)	ZNF227	targeting	-1.1488303	0.1381782204989693
ZNF227#chr19:44212747-44212765(+)	ZNF227	targeting	-0.9123821	0.1109902974577386
ZNF229#chr19:44448380-44448398(+)	ZNF229	targeting		
ZNF229#chr19:44448386-44448404(-)	ZNF229	targeting		
ZNF229#chr19:44448391-44448409(-)	ZNF229	targeting		
ZNF229#chr19:44448398-44448416(-)	ZNF229	targeting		
ZNF229#chr19:44448401-44448419(+)	ZNF229	targeting		
ZNF229#chr19:44448457-44448475(-)	ZNF229	targeting		
ZNF23#chr16:71462117-71462135(+)	ZNF23	targeting		
ZNF23#chr16:71462174-71462192(+)	ZNF23	targeting		
ZNF23#chr16:71462195-71462213(-)	ZNF23	targeting		
ZNF23#chr16:71462199-71462217(+)	ZNF23	targeting		
ZNF23#chr16:71462212-71462230(-)	ZNF23	targeting		
ZNF23#chr16:71462215-71462233(-)	ZNF23	targeting		
ZNF23#chr16:71489230-71489248(-)	ZNF23	targeting		
ZNF23#chr16:71489233-71489251(+)	ZNF23	targeting		
ZNF23#chr16:71489243-71489261(-)	ZNF23	targeting		
ZNF23#chr16:71489301-71489319(+)	ZNF23	targeting		
ZNF23#chr16:71489306-71489324(+)	ZNF23	targeting		
ZNF23#chr16:71489309-71489327(+)	ZNF23	targeting		
ZNF230#chr19:44002999-44003017(-)	ZNF230	targeting		
ZNF230#chr19:44003020-44003038(-)	ZNF230	targeting		
ZNF230#chr19:44003036-44003054(-)	ZNF230	targeting		
ZNF230#chr19:44003169-44003187(+)	ZNF230	targeting		
ZNF230#chr19:44003268-44003286(-)	ZNF230	targeting		
ZNF230#chr19:44003271-44003289(-)	ZNF230	targeting		
ZNF232#chr17:5111792-5111810(+)	ZNF232	targeting		
ZNF232#chr17:5111795-5111813(+)	ZNF232	targeting		
ZNF232#chr17:5111806-5111824(+)	ZNF232	targeting		
ZNF232#chr17:5111812-5111830(-)	ZNF232	targeting		
ZNF232#chr17:5111836-5111854(-)	ZNF232	targeting		
ZNF232#chr17:5111848-5111866(-)	ZNF232	targeting		
ZNF232#chr17:5123012-5123030(+)	ZNF232	targeting		
ZNF232#chr17:5123049-5123067(+)	ZNF232	targeting		
ZNF232#chr17:5123055-5123073(-)	ZNF232	targeting		
ZNF232#chr17:5123064-5123082(+)	ZNF232	targeting		
ZNF232#chr17:5123076-5123094(-)	ZNF232	targeting		
ZNF232#chr17:5123090-5123108(-)	ZNF232	targeting		
ZNF233#chr19:44259915-44259933(+)	ZNF233	targeting		
ZNF233#chr19:44259919-44259937(-)	ZNF233	targeting		
ZNF233#chr19:44259932-44259950(-)	ZNF233	targeting		
ZNF233#chr19:44259948-44259966(+)	ZNF233	targeting		
ZNF233#chr19:44259958-44259976(-)	ZNF233	targeting		
ZNF233#chr19:44259981-44259999(-)	ZNF233	targeting		
ZNF235#chr19:44304740-44304758(+)	ZNF235	targeting	-0.9742272	0.0048379909362598
ZNF235#chr19:44304930-44304948(+)	ZNF235	targeting	-0.32306364	0.291666179595363
ZNF235#chr19:44304938-44304956(+)	ZNF235	targeting	-1.0580316	0.0170568755661094
ZNF235#chr19:44304973-44304991(-)	ZNF235	targeting	-1.493211	0.0042651292770435
ZNF235#chr19:44304976-44304994(-)	ZNF235	targeting	-0.30412912	0.5210474620254177
ZNF235#chr19:44304996-44305014(-)	ZNF235	targeting	-0.40272754	0.4575949721696657
ZNF236#chr18:76822605-76822623(-)	ZNF236	targeting	-0.58100814	0.1299496555135902
ZNF236#chr18:76822617-76822635(+)	ZNF236	targeting	-0.7583694	0.0770119331696808
ZNF236#chr18:76822805-76822823(-)	ZNF236	targeting	-0.87339354	0.0543713605363854
ZNF236#chr18:76822825-76822843(+)	ZNF236	targeting	-1.1072142	0.0006218382275989
ZNF236#chr18:76822983-76823001(+)	ZNF236	targeting	-0.2041835	0.2473430655564041
ZNF236#chr18:76823019-76823037(-)	ZNF236	targeting	-0.43345127	0.034419426166604
ZNF239#chr10:43574307-43574325(+)	ZNF239	targeting	-2.1852083	0.0037679055071614
ZNF239#chr10:43574496-43574514(-)	ZNF239	targeting	-1.3917413	0.1148390050765433
ZNF239#chr10:43574500-43574518(+)	ZNF239	targeting	-1.1924318	0.0164194621773751
ZNF239#chr10:43574529-43574547(+)	ZNF239	targeting	-0.39895642	0.5413379659506348
ZNF239#chr10:43574542-43574560(-)	ZNF239	targeting	-0.099871345	0.8824918032809081
ZNF239#chr10:43574545-43574563(-)	ZNF239	targeting	-0.6200374	0.2780779409655159
ZNF24#chr18:35344123-35344141(+)	ZNF24	targeting	-2.0330732	6.371819266558988e-08
ZNF24#chr18:35344231-35344249(-)	ZNF24	targeting	0.18476444	0.2351047701387198
ZNF24#chr18:35344253-35344271(+)	ZNF24	targeting	-0.6735429	0.0002834470529397
ZNF24#chr18:35344354-35344372(+)	ZNF24	targeting	-0.11398502	0.6270811681491897
ZNF24#chr18:35344386-35344404(+)	ZNF24	targeting	-0.49394628	0.1947963147847518
ZNF24#chr18:35344425-35344443(-)	ZNF24	targeting	-0.42388412	0.0465410974322979
ZNF248#chr10:37857362-37857380(+)	ZNF248	targeting		
ZNF248#chr10:37857422-37857440(-)	ZNF248	targeting		
ZNF248#chr10:37857612-37857630(+)	ZNF248	targeting		
ZNF248#chr10:37858065-37858083(-)	ZNF248	targeting		
ZNF248#chr10:37858097-37858115(+)	ZNF248	targeting		
ZNF248#chr10:37858115-37858133(+)	ZNF248	targeting		
ZNF25#chr10:37976389-37976407(+)	ZNF25	targeting		
ZNF25#chr10:37976555-37976573(-)	ZNF25	targeting		
ZNF25#chr10:37976559-37976577(-)	ZNF25	targeting		
ZNF25#chr10:37976568-37976586(+)	ZNF25	targeting		
ZNF25#chr10:37976579-37976597(-)	ZNF25	targeting		
ZNF25#chr10:37976601-37976619(-)	ZNF25	targeting		
ZNF250#chr8:144901175-144901193(+)	ZNF250	targeting	-0.9569957	0.1027919908196508
ZNF250#chr8:144901401-144901419(-)	ZNF250	targeting	-0.04014677	0.9046403182753078
ZNF250#chr8:144901411-144901429(+)	ZNF250	targeting	-0.20020168	0.334536381088742
ZNF250#chr8:144901485-144901503(-)	ZNF250	targeting	0.33056033	0.2411005561841216
ZNF250#chr8:144901892-144901910(-)	ZNF250	targeting	-2.3390248	0.0155640914345519
ZNF250#chr8:144902090-144902108(-)	ZNF250	targeting	-1.9271803	2.1593617465688528e-09
ZNF251#chr8:144755402-144755420(-)	ZNF251	targeting	-1.7659355	6.863456618889097e-07
ZNF251#chr8:144755414-144755432(+)	ZNF251	targeting	-2.2653692	0.0001654424310592
ZNF251#chr8:144755420-144755438(-)	ZNF251	targeting	-1.5317715	0.0182389936611998
ZNF251#chr8:144755425-144755443(+)	ZNF251	targeting	-1.3599004	0.0142689134040466
ZNF251#chr8:144755455-144755473(+)	ZNF251	targeting	-0.15488231	0.2605763496956114
ZNF251#chr8:144755485-144755503(-)	ZNF251	targeting	-1.4279816	0.0006211024918815
ZNF253#chr19:19865898-19865916(+)	ZNF253	targeting	-2.0173972	7.55153724492189e-15
ZNF253#chr19:19865907-19865925(-)	ZNF253	targeting	-1.2670264	0.0278276914684106
ZNF253#chr19:19865912-19865930(+)	ZNF253	targeting	-1.7492101	0.0028253534429348
ZNF253#chr19:19865935-19865953(+)	ZNF253	targeting	0.054475795	0.6997605872142503
ZNF253#chr19:19865964-19865982(-)	ZNF253	targeting	-1.0686568	0.0057798321286882
ZNF253#chr19:19866107-19866125(-)	ZNF253	targeting	-1.7247871	0.0035561364216764
ZNF254#chr19:24087147-24087165(+)	ZNF254	targeting	-0.63226986	5.389714462219204e-12
ZNF254#chr19:24087161-24087179(+)	ZNF254	targeting	-0.4706213	0.0241546371522333
ZNF254#chr19:24087164-24087182(+)	ZNF254	targeting	-0.32007578	0.0199634558840261
ZNF254#chr19:24087210-24087228(-)	ZNF254	targeting	-0.51688427	0.0405317778188225
ZNF254#chr19:24087217-24087235(-)	ZNF254	targeting	-1.1418822	0.0005859411805226
ZNF254#chr19:24087439-24087457(-)	ZNF254	targeting	-0.5262862	1.9975722432503734e-13
ZNF256#chr19:57947259-57947277(-)	ZNF256	targeting		
ZNF256#chr19:57947425-57947443(+)	ZNF256	targeting		
ZNF256#chr19:57947468-57947486(-)	ZNF256	targeting		
ZNF256#chr19:57947678-57947696(+)	ZNF256	targeting		
ZNF256#chr19:57947682-57947700(-)	ZNF256	targeting		
ZNF256#chr19:57947685-57947703(-)	ZNF256	targeting		
ZNF257#chr19:22052494-22052512(+)	ZNF257	targeting		
ZNF257#chr19:22052507-22052525(-)	ZNF257	targeting		
ZNF257#chr19:22052601-22052619(+)	ZNF257	targeting		
ZNF257#chr19:22052736-22052754(-)	ZNF257	targeting		
ZNF257#chr19:22052750-22052768(-)	ZNF257	targeting		
ZNF257#chr19:22052775-22052793(-)	ZNF257	targeting		
ZNF26#chr12:132986403-132986421(+)	ZNF26	targeting	0.09918507	0.5845061009611168
ZNF26#chr12:132986408-132986426(+)	ZNF26	targeting	0.12403036	0.8010836504112754
ZNF26#chr12:132986415-132986433(+)	ZNF26	targeting	-1.9539449	2.6244827060102784e-10
ZNF26#chr12:132986429-132986447(-)	ZNF26	targeting	-1.2177405	1.69689907346924e-06
ZNF26#chr12:132986432-132986450(+)	ZNF26	targeting	0.036588874	0.9638330023926062
ZNF26#chr12:132986452-132986470(-)	ZNF26	targeting	-0.6448981	0.1650999837500388
ZNF260#chr19:36528039-36528057(-)	ZNF260	targeting	-1.9874394	0.0011508679491897
ZNF260#chr19:36528200-36528218(+)	ZNF260	targeting	-0.32150903	0.6135333874724698
ZNF260#chr19:36528219-36528237(+)	ZNF260	targeting	-1.5933425	0.0001408826855751
ZNF260#chr19:36528282-36528300(+)	ZNF260	targeting	-1.3782172	0.0013717120950785
ZNF260#chr19:36528445-36528463(-)	ZNF260	targeting	-1.5431448	0.0026874102412672
ZNF260#chr19:36528667-36528685(-)	ZNF260	targeting	-0.14855835	0.1797124429964466
ZNF263#chr16:3263823-3263841(+)	ZNF263	targeting		
ZNF263#chr16:3263827-3263845(+)	ZNF263	targeting		
ZNF263#chr16:3264023-3264041(+)	ZNF263	targeting		
ZNF263#chr16:3264039-3264057(+)	ZNF263	targeting		
ZNF263#chr16:3264150-3264168(+)	ZNF263	targeting		
ZNF263#chr16:3264195-3264213(+)	ZNF263	targeting		
ZNF263#chr16:3283506-3283524(+)	ZNF263	targeting		
ZNF263#chr16:3283523-3283541(+)	ZNF263	targeting		
ZNF263#chr16:3283537-3283555(+)	ZNF263	targeting		
ZNF263#chr16:3283549-3283567(-)	ZNF263	targeting		
ZNF263#chr16:3283587-3283605(-)	ZNF263	targeting		
ZNF263#chr16:3283906-3283924(-)	ZNF263	targeting		
ZNF264#chr19:57191534-57191552(+)	ZNF264	targeting	-1.599818	0.1313852798346418
ZNF264#chr19:57191539-57191557(-)	ZNF264	targeting	-0.17189252	0.6585724952683851
ZNF264#chr19:57191550-57191568(-)	ZNF264	targeting	-0.20874658	0.6282005360802667
ZNF264#chr19:57191572-57191590(+)	ZNF264	targeting	-1.1041868	0.0151039445341257
ZNF264#chr19:57191691-57191709(-)	ZNF264	targeting	-2.379781	1.0634408035677512e-05
ZNF264#chr19:57191695-57191713(+)	ZNF264	targeting	-0.8621947	0.0236544064873608
ZNF266#chr19:9435317-9435335(+)	ZNF266	targeting	-2.2148697	0.0008238765005384
ZNF266#chr19:9435409-9435427(+)	ZNF266	targeting	-0.8674572	0.2677434102933631
ZNF266#chr19:9435461-9435479(-)	ZNF266	targeting	-1.5126559	0.0022809750535053
ZNF266#chr19:9435478-9435496(-)	ZNF266	targeting	-0.79321295	0.1875985704932713
ZNF266#chr19:9435482-9435500(-)	ZNF266	targeting	-1.1678382	0.0373061622225006
ZNF266#chr19:9435516-9435534(+)	ZNF266	targeting	-1.9081259	6.931133313626836e-24
ZNF267#chr16:31873799-31873817(+)	ZNF267	targeting	-1.8446051	0.0073299134533955
ZNF267#chr16:31873808-31873826(-)	ZNF267	targeting	-2.0917296	0.0033228077614933
ZNF267#chr16:31873827-31873845(-)	ZNF267	targeting	-1.1247647	0.0155792259065876
ZNF267#chr16:31873832-31873850(-)	ZNF267	targeting	-1.5647609	0.0018106447093523
ZNF267#chr16:31873840-31873858(-)	ZNF267	targeting	-1.2756393	0.0204906333096965
ZNF267#chr16:31873896-31873914(-)	ZNF267	targeting	-1.7082514	2.079849552123168e-06
ZNF267#chr16:31884557-31884575(-)	ZNF267	targeting	-0.006091433	0.9837325743812582
ZNF267#chr16:31884564-31884582(+)	ZNF267	targeting	0.028095223	0.9497816791188202
ZNF267#chr16:31884642-31884660(-)	ZNF267	targeting	0.28204027	0.5332270025683943
ZNF267#chr16:31884690-31884708(-)	ZNF267	targeting	-0.4685888	0.2407105868563893
ZNF267#chr16:31884802-31884820(-)	ZNF267	targeting	-0.029077904	0.8555995697028972
ZNF267#chr16:31884963-31884981(-)	ZNF267	targeting	0.09283579	0.7775743774952905
ZNF268#chr12:133181484-133181502(+)	ZNF268	targeting	-0.70632774	0.0623340498283912
ZNF268#chr12:133181509-133181527(-)	ZNF268	targeting	0.06006881	0.8556559784585489
ZNF268#chr12:133181512-133181530(-)	ZNF268	targeting	-0.06640908	0.7156414926002317
ZNF268#chr12:133181525-133181543(-)	ZNF268	targeting	-0.87827617	0.1014090054952665
ZNF268#chr12:133181545-133181563(-)	ZNF268	targeting	-0.9049371	0.1095534913097523
ZNF268#chr12:133181564-133181582(-)	ZNF268	targeting	-1.0188552	0.2218977502509957
ZNF273#chr7:64882559-64882577(-)	ZNF273	targeting	0.08183041	0.6808051534571558
ZNF273#chr7:64882572-64882590(+)	ZNF273	targeting	0.029218374	0.8867852617885972
ZNF273#chr7:64882644-64882662(-)	ZNF273	targeting	-0.20038803	0.6313764490041431
ZNF273#chr7:64882650-64882668(+)	ZNF273	targeting	0.23228738	0.2404607230944589
ZNF273#chr7:64882683-64882701(+)	ZNF273	targeting	-0.053720538	0.8584494583440805
ZNF273#chr7:64882953-64882971(-)	ZNF273	targeting	-0.16432267	0.7755650545809739
ZNF273#chr7:64903278-64903296(+)	ZNF273	targeting	-0.3291453	0.5267355461780998
ZNF273#chr7:64903505-64903523(-)	ZNF273	targeting	-1.7993234	7.898053197906068e-06
ZNF273#chr7:64903508-64903526(-)	ZNF273	targeting	-1.4116392	0.0488724097599865
ZNF273#chr7:64903529-64903547(-)	ZNF273	targeting	0.29716292	0.5490031906669216
ZNF273#chr7:64903692-64903710(-)	ZNF273	targeting	-1.8312604	2.2124328901728578e-07
ZNF273#chr7:64903712-64903730(+)	ZNF273	targeting	-1.2267005	0.0218546119962577
ZNF274#chr19:58183110-58183128(-)	ZNF274	targeting	-0.32876572	0.5070591867146644
ZNF274#chr19:58183125-58183143(-)	ZNF274	targeting	-0.9551461	0.0154393349005299
ZNF274#chr19:58183140-58183158(-)	ZNF274	targeting	-0.18629487	0.4931436196213062
ZNF274#chr19:58183182-58183200(-)	ZNF274	targeting	-0.042596254	0.7661706120600598
ZNF274#chr19:58183301-58183319(-)	ZNF274	targeting	-0.573974	0.2641673601534343
ZNF274#chr19:58183411-58183429(+)	ZNF274	targeting	-0.4958538	0.0951214798933041
ZNF275#chrX:153334160-153334178(+)	ZNF275	targeting	-0.74974716	0.3076734758833425
ZNF275#chrX:153334165-153334183(-)	ZNF275	targeting	-1.9861401	0.0547337696862737
ZNF275#chrX:153334171-153334189(+)	ZNF275	targeting	-0.7626195	0.292753596138168
ZNF275#chrX:153334201-153334219(-)	ZNF275	targeting	-1.9787729	0.0012816221819795
ZNF275#chrX:153334336-153334354(+)	ZNF275	targeting	-1.641077	0.0016602688319208
ZNF275#chrX:153334395-153334413(+)	ZNF275	targeting	-2.0139112	0.0032809055018669
ZNF276#chr16:89721558-89721576(+)	ZNF276	targeting		
ZNF276#chr16:89721568-89721586(+)	ZNF276	targeting		
ZNF276#chr16:89721577-89721595(+)	ZNF276	targeting		
ZNF276#chr16:89721585-89721603(-)	ZNF276	targeting		
ZNF276#chr16:89721613-89721631(-)	ZNF276	targeting		
ZNF276#chr16:89721742-89721760(-)	ZNF276	targeting		
ZNF277#chr7:112206713-112206731(-)	ZNF277	targeting	-2.4595935	0.0139503056142158
ZNF277#chr7:112206730-112206748(-)	ZNF277	targeting	-0.01832644	0.9252509814279316
ZNF277#chr7:112206736-112206754(-)	ZNF277	targeting	-0.017290177	0.9508730233843252
ZNF277#chr7:112206751-112206769(+)	ZNF277	targeting	-0.52428275	0.1189519799728195
ZNF277#chr7:112206772-112206790(+)	ZNF277	targeting	-0.25422436	0.4885749023541292
ZNF277#chr7:112206878-112206896(-)	ZNF277	targeting	-0.46606478	0.023025950018388
ZNF28#chr19:52821234-52821252(+)	ZNF28	targeting	-1.7029985	0.0182689031826079
ZNF28#chr19:52821335-52821353(+)	ZNF28	targeting	-1.6186436	0.0001101885205045
ZNF28#chr19:52821468-52821486(+)	ZNF28	targeting	-1.8546013	6.971235544235917e-05
ZNF28#chr19:52821489-52821507(+)	ZNF28	targeting	-0.75627196	0.0953323027749224
ZNF28#chr19:52821501-52821519(-)	ZNF28	targeting	-0.05103766	0.8831916069387431
ZNF28#chr19:52821595-52821613(-)	ZNF28	targeting	0.22845909	0.6446905920293615
ZNF280B#chr22:22508407-22508425(+)	ZNF280B	targeting	-1.3335066	0.0121035146073549
ZNF280B#chr22:22508468-22508486(+)	ZNF280B	targeting	-0.7846655	0.0021476595033311
ZNF280B#chr22:22508661-22508679(-)	ZNF280B	targeting	-1.7227945	0.0006605818853846
ZNF280B#chr22:22508688-22508706(+)	ZNF280B	targeting	-0.11069588	0.8348140982177513
ZNF280B#chr22:22508691-22508709(+)	ZNF280B	targeting	0.28740868	0.4391008067225966
ZNF280B#chr22:22508707-22508725(-)	ZNF280B	targeting	-2.3873765	1.859361322359429e-05
ZNF280C#chrX:130268724-130268742(-)	ZNF280C	targeting	-0.78363895	4.647126149704121e-05
ZNF280C#chrX:130268770-130268788(+)	ZNF280C	targeting	-1.7437378	0.0010241114252651
ZNF280C#chrX:130268787-130268805(+)	ZNF280C	targeting	-2.5408876	0.0001072875631539
ZNF280C#chrX:130268829-130268847(+)	ZNF280C	targeting	-2.4510496	9.341365905531216e-05
ZNF280C#chrX:130268859-130268877(+)	ZNF280C	targeting	-2.001793	0.00043765944498
ZNF280C#chrX:130268877-130268895(-)	ZNF280C	targeting	-1.8925245	0.0072335365862172
ZNF280D#chr15:56733236-56733254(-)	ZNF280D	targeting	-3.0805008	6.029792856694455e-08
ZNF280D#chr15:56733264-56733282(+)	ZNF280D	targeting	-1.3223473	0.0045820070359356
ZNF280D#chr15:56733445-56733463(+)	ZNF280D	targeting	-2.0558727	4.397995180163318e-05
ZNF280D#chr15:56733450-56733468(+)	ZNF280D	targeting	-2.3177469	0.0020544637529549
ZNF280D#chr15:56733455-56733473(+)	ZNF280D	targeting	-0.9514597	0.1040474110016533
ZNF280D#chr15:56733460-56733478(-)	ZNF280D	targeting	-1.7838572	0.0072252820190942
ZNF281#chr1:200409523-200409541(+)	ZNF281	targeting		
ZNF281#chr1:200409653-200409671(-)	ZNF281	targeting		
ZNF281#chr1:200409665-200409683(-)	ZNF281	targeting		
ZNF281#chr1:200409868-200409886(-)	ZNF281	targeting		
ZNF281#chr1:200410027-200410045(-)	ZNF281	targeting		
ZNF281#chr1:200410030-200410048(-)	ZNF281	targeting		
ZNF282#chr7:149195553-149195571(+)	ZNF282	targeting	-1.8794578	4.424629056945937e-05
ZNF282#chr7:149195589-149195607(+)	ZNF282	targeting	-0.0015895795	0.996007906193912
ZNF282#chr7:149195686-149195704(-)	ZNF282	targeting	-1.7191229	0.0800394016616332
ZNF282#chr7:149195738-149195756(+)	ZNF282	targeting	-1.0096287	0.0502951303845425
ZNF282#chr7:149195859-149195877(-)	ZNF282	targeting	-0.3633634	0.5622926760796771
ZNF282#chr7:149195935-149195953(+)	ZNF282	targeting	-0.052758686	0.8934667315134968
ZNF283#chr19:43827376-43827394(+)	ZNF283	targeting		
ZNF283#chr19:43827384-43827402(+)	ZNF283	targeting		
ZNF283#chr19:43827410-43827428(-)	ZNF283	targeting		
ZNF283#chr19:43827416-43827434(-)	ZNF283	targeting		
ZNF283#chr19:43827423-43827441(-)	ZNF283	targeting		
ZNF283#chr19:43827619-43827637(-)	ZNF283	targeting		
ZNF284#chr19:44072127-44072145(+)	ZNF284	targeting		
ZNF284#chr19:44072138-44072156(-)	ZNF284	targeting		
ZNF284#chr19:44072150-44072168(+)	ZNF284	targeting		
ZNF284#chr19:44072153-44072171(+)	ZNF284	targeting		
ZNF284#chr19:44072193-44072211(-)	ZNF284	targeting		
ZNF284#chr19:44072339-44072357(-)	ZNF284	targeting		
ZNF285#chr19:44401379-44401397(-)	ZNF285	targeting		
ZNF285#chr19:44401415-44401433(-)	ZNF285	targeting		
ZNF285#chr19:44401525-44401543(+)	ZNF285	targeting		
ZNF285#chr19:44401540-44401558(+)	ZNF285	targeting		
ZNF285#chr19:44401570-44401588(-)	ZNF285	targeting		
ZNF285#chr19:44401579-44401597(-)	ZNF285	targeting		
ZNF286A#chr17:15699589-15699607(+)	ZNF286A	targeting		
ZNF286A#chr17:15699598-15699616(-)	ZNF286A	targeting		
ZNF286A#chr17:15699603-15699621(-)	ZNF286A	targeting		
ZNF286A#chr17:15699608-15699626(-)	ZNF286A	targeting		
ZNF286A#chr17:15699667-15699685(+)	ZNF286A	targeting		
ZNF286A#chr17:15699676-15699694(-)	ZNF286A	targeting		
ZNF286B#chr17:18681916-18681934(+)	ZNF286B	targeting		
ZNF286B#chr17:18681929-18681947(-)	ZNF286B	targeting		
ZNF286B#chr17:18681981-18681999(+)	ZNF286B	targeting		
ZNF286B#chr17:18682149-18682167(-)	ZNF286B	targeting		
ZNF286B#chr17:18682284-18682302(-)	ZNF286B	targeting		
ZNF286B#chr17:18682287-18682305(+)	ZNF286B	targeting		
ZNF287#chr17:16569036-16569054(+)	ZNF287	targeting		
ZNF287#chr17:16569143-16569161(-)	ZNF287	targeting		
ZNF287#chr17:16569146-16569164(+)	ZNF287	targeting		
ZNF287#chr17:16569157-16569175(-)	ZNF287	targeting		
ZNF287#chr17:16569184-16569202(-)	ZNF287	targeting		
ZNF287#chr17:16569195-16569213(-)	ZNF287	targeting		
ZNF292#chr6:87155556-87155574(+)	ZNF292	targeting	-0.08359587	0.1345153430906003
ZNF292#chr6:87155561-87155579(+)	ZNF292	targeting	-0.07124872	0.2150950463508623
ZNF292#chr6:87155574-87155592(+)	ZNF292	targeting	-0.30468267	9.442828000146428e-07
ZNF292#chr6:87155600-87155618(+)	ZNF292	targeting	-1.6992815	2.193976718259144e-32
ZNF292#chr6:87155620-87155638(+)	ZNF292	targeting	-0.847777	1.917485670474397e-13
ZNF292#chr6:87155821-87155839(+)	ZNF292	targeting	-2.411799	6.423962350606157e-17
ZNF296#chr19:45076421-45076439(+)	ZNF296	targeting		
ZNF296#chr19:45076424-45076442(+)	ZNF296	targeting		
ZNF296#chr19:45076461-45076479(+)	ZNF296	targeting		
ZNF296#chr19:45076490-45076508(-)	ZNF296	targeting		
ZNF296#chr19:45076493-45076511(-)	ZNF296	targeting		
ZNF296#chr19:45076518-45076536(+)	ZNF296	targeting		
ZNF3#chr7:100081668-100081686(+)	ZNF3	targeting	-0.26411295	0.5948814191054964
ZNF3#chr7:100081684-100081702(-)	ZNF3	targeting	-0.4967248	0.1601436208621525
ZNF3#chr7:100081693-100081711(+)	ZNF3	targeting	-0.45815876	0.2837212582496343
ZNF3#chr7:100081706-100081724(-)	ZNF3	targeting	-0.20918293	0.4573589812615971
ZNF3#chr7:100081711-100081729(+)	ZNF3	targeting	-0.0866228	0.7052846224658034
ZNF3#chr7:100081741-100081759(-)	ZNF3	targeting	-0.121887706	0.6382655032419907
ZNF30#chr19:34926908-34926926(+)	ZNF30	targeting	-2.0149205	0.0061179272542049
ZNF30#chr19:34926911-34926929(+)	ZNF30	targeting	-0.63569945	0.1644867141885335
ZNF30#chr19:34926919-34926937(+)	ZNF30	targeting	-0.6564692	0.1645419841344187
ZNF30#chr19:34926925-34926943(+)	ZNF30	targeting	-1.8089643	0.0423654662550664
ZNF30#chr19:34927013-34927031(-)	ZNF30	targeting	-0.83327943	0.1247901986025078
ZNF30#chr19:34927171-34927189(+)	ZNF30	targeting	-1.5648218	0.1186131716806608
ZNF300#chr5:150904662-150904680(-)	ZNF300	targeting		
ZNF300#chr5:150904727-150904745(-)	ZNF300	targeting		
ZNF300#chr5:150904878-150904896(+)	ZNF300	targeting		
ZNF300#chr5:150904931-150904949(-)	ZNF300	targeting		
ZNF300#chr5:150904957-150904975(-)	ZNF300	targeting		
ZNF300#chr5:150904969-150904987(-)	ZNF300	targeting		
ZNF302#chr19:34677704-34677722(+)	ZNF302	targeting	-1.4534969	0.0003748250733966
ZNF302#chr19:34677714-34677732(+)	ZNF302	targeting	-1.5715724	0.0006391844505063
ZNF302#chr19:34677738-34677756(+)	ZNF302	targeting	-0.9741652	0.0686756561424032
ZNF302#chr19:34677763-34677781(-)	ZNF302	targeting	-2.8073575	9.16259379294737e-07
ZNF302#chr19:34677766-34677784(-)	ZNF302	targeting	-2.038705	6.017735565682591e-10
ZNF302#chr19:34677846-34677864(+)	ZNF302	targeting	-0.8448768	0.0007097911885297
ZNF304#chr19:57351288-57351306(-)	ZNF304	targeting		
ZNF304#chr19:57351291-57351309(+)	ZNF304	targeting		
ZNF304#chr19:57351309-57351327(+)	ZNF304	targeting		
ZNF304#chr19:57351314-57351332(+)	ZNF304	targeting		
ZNF304#chr19:57351488-57351506(-)	ZNF304	targeting		
ZNF304#chr19:57351530-57351548(-)	ZNF304	targeting		
ZNF311#chr6:29005332-29005350(+)	ZNF311	targeting		
ZNF311#chr6:29005335-29005353(+)	ZNF311	targeting		
ZNF311#chr6:29005454-29005472(+)	ZNF311	targeting		
ZNF311#chr6:29005471-29005489(-)	ZNF311	targeting		
ZNF311#chr6:29005478-29005496(+)	ZNF311	targeting		
ZNF311#chr6:29005575-29005593(-)	ZNF311	targeting		
ZNF317#chr19:9140427-9140445(+)	ZNF317	targeting	-0.37632176	0.4139055635368631
ZNF317#chr19:9140433-9140451(+)	ZNF317	targeting	-0.3320914	0.18583444670865
ZNF317#chr19:9140466-9140484(+)	ZNF317	targeting	0.1408067	0.7571710761763089
ZNF317#chr19:9140483-9140501(-)	ZNF317	targeting	-0.00150282	0.9977807080966034
ZNF317#chr19:9140494-9140512(-)	ZNF317	targeting	-0.17322932	0.3545952999979892
ZNF317#chr19:9140559-9140577(-)	ZNF317	targeting	-0.9517792	4.224250279723986e-05
ZNF318#chr6:43369183-43369201(-)	ZNF318	targeting	-0.052623246	0.8569621213729375
ZNF318#chr6:43369212-43369230(+)	ZNF318	targeting	-1.441738	0.060459142653925
ZNF318#chr6:43369384-43369402(+)	ZNF318	targeting	-0.7139223	0.1041920751182344
ZNF318#chr6:43369387-43369405(+)	ZNF318	targeting	-1.6225752	0.0648566679690638
ZNF318#chr6:43369402-43369420(+)	ZNF318	targeting	0.068460435	0.8827404683656184
ZNF318#chr6:43369407-43369425(+)	ZNF318	targeting	-0.43941814	0.1646824222362886
ZNF319#chr16:57998407-57998425(+)	ZNF319	targeting		
ZNF319#chr16:57998420-57998438(+)	ZNF319	targeting		
ZNF319#chr16:57998433-57998451(+)	ZNF319	targeting		
ZNF319#chr16:57998440-57998458(+)	ZNF319	targeting		
ZNF319#chr16:57998450-57998468(-)	ZNF319	targeting		
ZNF319#chr16:57998453-57998471(+)	ZNF319	targeting		
ZNF319#chr16:57999336-57999354(-)	ZNF319	targeting		
ZNF319#chr16:57999395-57999413(-)	ZNF319	targeting		
ZNF319#chr16:57999412-57999430(-)	ZNF319	targeting		
ZNF319#chr16:57999431-57999449(+)	ZNF319	targeting		
ZNF319#chr16:57999643-57999661(-)	ZNF319	targeting		
ZNF319#chr16:57999662-57999680(-)	ZNF319	targeting		
ZNF32#chr10:43648759-43648777(-)	ZNF32	targeting		
ZNF32#chr10:43648763-43648781(+)	ZNF32	targeting		
ZNF32#chr10:43648770-43648788(+)	ZNF32	targeting		
ZNF32#chr10:43648808-43648826(+)	ZNF32	targeting		
ZNF32#chr10:43648812-43648830(+)	ZNF32	targeting		
ZNF32#chr10:43648889-43648907(-)	ZNF32	targeting		
ZNF320#chr19:52897306-52897324(+)	ZNF320	targeting	-0.9288984	0.0180399483930218
ZNF320#chr19:52897382-52897400(+)	ZNF320	targeting	-1.7884948	2.490657056167887e-08
ZNF320#chr19:52897591-52897609(+)	ZNF320	targeting	-0.881352	0.0883395647018329
ZNF320#chr19:52897595-52897613(-)	ZNF320	targeting	-2.4113076	2.400623513180383e-09
ZNF320#chr19:52897597-52897615(+)	ZNF320	targeting	-2.1671839	1.1554991795151013e-05
ZNF320#chr19:52897688-52897706(-)	ZNF320	targeting	-1.4661808	0.0006316966179284
ZNF322#chr6:26659331-26659349(-)	ZNF322	targeting	0.2804679	0.2375689686604575
ZNF322#chr6:26659382-26659400(-)	ZNF322	targeting	-0.54959565	0.198439686758251
ZNF322#chr6:26659400-26659418(+)	ZNF322	targeting	-0.10744192	0.8593720402531558
ZNF322#chr6:26659424-26659442(+)	ZNF322	targeting	-1.0012404	0.0793599027296497
ZNF322#chr6:26659434-26659452(-)	ZNF322	targeting	-1.676326	1.1379619687705368e-05
ZNF322#chr6:26659746-26659764(-)	ZNF322	targeting	0.2694932	0.4911204891569743
ZNF324#chr19:58467033-58467051(+)	ZNF324	targeting		
ZNF324#chr19:58467114-58467132(+)	ZNF324	targeting		
ZNF324#chr19:58467128-58467146(-)	ZNF324	targeting		
ZNF324#chr19:58467130-58467148(+)	ZNF324	targeting		
ZNF324#chr19:58467169-58467187(+)	ZNF324	targeting		
ZNF324#chr19:58467554-58467572(-)	ZNF324	targeting		
ZNF324B#chr19:58451623-58451641(+)	ZNF324B	targeting		
ZNF324B#chr19:58451654-58451672(+)	ZNF324B	targeting		
ZNF324B#chr19:58451684-58451702(+)	ZNF324B	targeting		
ZNF324B#chr19:58451700-58451718(-)	ZNF324B	targeting		
ZNF324B#chr19:58451857-58451875(-)	ZNF324B	targeting		
ZNF324B#chr19:58452032-58452050(-)	ZNF324B	targeting		
ZNF326#chr1:89995135-89995153(-)	ZNF326	targeting	-2.285566	4.0878513709162683e-08
ZNF326#chr1:89995152-89995170(-)	ZNF326	targeting	-0.29499623	0.0638487020568812
ZNF326#chr1:89995158-89995176(+)	ZNF326	targeting	-2.398916	2.039612382622562e-09
ZNF326#chr1:89995167-89995185(+)	ZNF326	targeting	-0.63870543	0.0343774325262027
ZNF326#chr1:89995259-89995277(-)	ZNF326	targeting	-1.4585687	4.122261694400527e-20
ZNF326#chr1:89995633-89995651(-)	ZNF326	targeting	-1.1385669	2.532964266543013e-09
ZNF329#chr19:58150697-58150715(+)	ZNF329	targeting	-0.3137467	0.3746825044546348
ZNF329#chr19:58150714-58150732(+)	ZNF329	targeting	-0.39152032	0.4311226466151308
ZNF329#chr19:58150732-58150750(+)	ZNF329	targeting	-0.49793497	0.0183030300266091
ZNF329#chr19:58150736-58150754(+)	ZNF329	targeting	-0.40788105	0.4011680197664211
ZNF329#chr19:58150739-58150757(+)	ZNF329	targeting	-0.43220752	0.1708209447291647
ZNF329#chr19:58150746-58150764(+)	ZNF329	targeting	-0.4991518	0.2390412619081691
ZNF329#chr19:58155013-58155031(-)	ZNF329	targeting	-0.39264724	0.3869291015683759
ZNF329#chr19:58155026-58155044(+)	ZNF329	targeting	-0.76960164	0.0167232799451948
ZNF329#chr19:58155030-58155048(-)	ZNF329	targeting	-0.8291951	0.0030139951739653
ZNF329#chr19:58155063-58155081(+)	ZNF329	targeting	-1.0709032	0.0212055217995132
ZNF329#chr19:58155066-58155084(+)	ZNF329	targeting	-0.64432836	0.0838740212197884
ZNF329#chr19:58155094-58155112(-)	ZNF329	targeting	-0.7598296	0.3841010840874308
ZNF330#chr4:141220952-141220970(-)	ZNF330	targeting	-1.2290162	0.0221165608893416
ZNF330#chr4:141220955-141220973(-)	ZNF330	targeting	-0.8782342	0.1281316298618548
ZNF330#chr4:141220970-141220988(-)	ZNF330	targeting	-2.3094869	1.6774824624544476e-33
ZNF330#chr4:141220978-141220996(-)	ZNF330	targeting	-0.2124824	0.5887318759547244
ZNF330#chr4:141221114-141221132(+)	ZNF330	targeting	-0.99064165	0.0001385043994507
ZNF330#chr4:141221180-141221198(-)	ZNF330	targeting	-0.052250408	0.943231603119254
ZNF331#chr19:53538393-53538411(+)	ZNF331	targeting	-0.729996	0.1923233015450196
ZNF331#chr19:53538404-53538422(+)	ZNF331	targeting	-0.066850506	0.7459966534080149
ZNF331#chr19:53538440-53538458(+)	ZNF331	targeting	-0.155453	0.6636726226780215
ZNF331#chr19:53538443-53538461(+)	ZNF331	targeting	-0.411763	0.217660848309288
ZNF331#chr19:53538455-53538473(+)	ZNF331	targeting	0.32033688	0.3887419488552727
ZNF331#chr19:53538495-53538513(+)	ZNF331	targeting	-0.141825	0.6515197688431367
ZNF331#chr19:53554801-53554819(+)	ZNF331	targeting	0.32477912	0.2906486434418773
ZNF331#chr19:53554837-53554855(+)	ZNF331	targeting	0.06652259	0.8167179747591835
ZNF331#chr19:53554843-53554861(-)	ZNF331	targeting	-0.053799532	0.795796064663785
ZNF331#chr19:53554870-53554888(-)	ZNF331	targeting	-0.36595237	0.3383293065537209
ZNF331#chr19:53554889-53554907(+)	ZNF331	targeting	-0.14976262	0.5943547071767499
ZNF331#chr19:53554892-53554910(+)	ZNF331	targeting	0.1495371	0.6867848993443364
ZNF333#chr19:14690103-14690121(+)	ZNF333	targeting	-0.0155825615	0.9827150662851056
ZNF333#chr19:14690106-14690124(+)	ZNF333	targeting	-0.8333257	0.2440728144265512
ZNF333#chr19:14690118-14690136(+)	ZNF333	targeting	-0.22841276	0.7099815629670447
ZNF333#chr19:14690165-14690183(-)	ZNF333	targeting	-0.17359224	0.5940317230720948
ZNF333#chr19:14690279-14690297(+)	ZNF333	targeting	-2.0446303	0.0001271112610412
ZNF333#chr19:14690323-14690341(-)	ZNF333	targeting	-0.09626673	0.8434313925738828
ZNF334#chr20:46513299-46513317(-)	ZNF334	targeting	-2.3450272	8.872485338048463e-17
ZNF334#chr20:46513309-46513327(-)	ZNF334	targeting	-1.6860782	0.0042611303748098
ZNF334#chr20:46513491-46513509(+)	ZNF334	targeting	-3.357045	1.5310053234917394e-06
ZNF334#chr20:46513494-46513512(+)	ZNF334	targeting	-2.024337	0.0019533390461295
ZNF334#chr20:46513499-46513517(-)	ZNF334	targeting	-2.5600195	4.771420660910487e-07
ZNF334#chr20:46513511-46513529(+)	ZNF334	targeting	-0.74440515	0.1928834441382632
ZNF335#chr20:45971950-45971968(+)	ZNF335	targeting	-0.1702366	0.7728663276145923
ZNF335#chr20:45972106-45972124(+)	ZNF335	targeting	-0.4423407	0.1922537388518281
ZNF335#chr20:45972140-45972158(-)	ZNF335	targeting	-0.26732513	0.7260741262968302
ZNF335#chr20:45972147-45972165(-)	ZNF335	targeting	0.10795452	0.7759192394701797
ZNF335#chr20:45972158-45972176(-)	ZNF335	targeting	-0.008002226	0.9785462662025388
ZNF335#chr20:45972180-45972198(-)	ZNF335	targeting	-0.47854722	0.0906885540176209
ZNF337#chr20:25696742-25696760(+)	ZNF337	targeting	-0.59659654	0.2984659975705482
ZNF337#chr20:25696745-25696763(+)	ZNF337	targeting	0.18927735	0.6124830912389403
ZNF337#chr20:25696762-25696780(+)	ZNF337	targeting	-0.2516867	0.4392046497263748
ZNF337#chr20:25696780-25696798(+)	ZNF337	targeting	-0.7519405	0.1560362646177537
ZNF337#chr20:25696783-25696801(+)	ZNF337	targeting	-1.8871651	0.0292534259574992
ZNF337#chr20:25696798-25696816(-)	ZNF337	targeting	-0.68817234	0.1597376363489317
ZNF33A#chr10:38010655-38010673(-)	ZNF33A	targeting	-0.05116977	0.7914126767508709
ZNF33A#chr10:38010777-38010795(+)	ZNF33A	targeting	-1.639635	0.0087290574478525
ZNF33A#chr10:38010782-38010800(+)	ZNF33A	targeting	0.31633523	0.2262543212764182
ZNF33A#chr10:38010851-38010869(+)	ZNF33A	targeting	-2.0375454	1.8163958787231192e-12
ZNF33A#chr10:38010876-38010894(+)	ZNF33A	targeting	-1.9178394	2.3204693547647572e-20
ZNF33A#chr10:38010936-38010954(+)	ZNF33A	targeting	-1.5921093	2.171390021264232e-06
ZNF33B#chr10:42638274-42638292(+)	ZNF33B	targeting	-2.093138	1.4796335892670769e-07
ZNF33B#chr10:42638304-42638322(-)	ZNF33B	targeting	-2.6533427	5.098737283893416e-07
ZNF33B#chr10:42638307-42638325(+)	ZNF33B	targeting	-2.525876	4.150093757747684e-05
ZNF33B#chr10:42638447-42638465(+)	ZNF33B	targeting	-1.2281122	0.0028351037058793
ZNF33B#chr10:42638503-42638521(-)	ZNF33B	targeting	-2.7735426	0.0004878894582307
ZNF33B#chr10:42638514-42638532(-)	ZNF33B	targeting	-2.2019105	0.0020183314709876
ZNF34#chr8:144786891-144786909(+)	ZNF34	targeting		
ZNF34#chr8:144787201-144787219(+)	ZNF34	targeting		
ZNF34#chr8:144787260-144787278(-)	ZNF34	targeting		
ZNF34#chr8:144787263-144787281(-)	ZNF34	targeting		
ZNF34#chr8:144787289-144787307(-)	ZNF34	targeting		
ZNF34#chr8:144787308-144787326(-)	ZNF34	targeting		
ZNF341#chr20:33731978-33731996(+)	ZNF341	targeting		
ZNF341#chr20:33731981-33731999(+)	ZNF341	targeting		
ZNF341#chr20:33732004-33732022(+)	ZNF341	targeting		
ZNF341#chr20:33732020-33732038(-)	ZNF341	targeting		
ZNF341#chr20:33732042-33732060(+)	ZNF341	targeting		
ZNF341#chr20:33732047-33732065(-)	ZNF341	targeting		
ZNF341#chr20:33745173-33745191(+)	ZNF341	targeting		
ZNF341#chr20:33745191-33745209(-)	ZNF341	targeting		
ZNF341#chr20:33745202-33745220(-)	ZNF341	targeting		
ZNF341#chr20:33745204-33745222(+)	ZNF341	targeting		
ZNF341#chr20:33745232-33745250(-)	ZNF341	targeting		
ZNF341#chr20:33745412-33745430(-)	ZNF341	targeting		
ZNF343#chr20:2508666-2508684(+)	ZNF343	targeting		
ZNF343#chr20:2508832-2508850(+)	ZNF343	targeting		
ZNF343#chr20:2508883-2508901(-)	ZNF343	targeting		
ZNF343#chr20:2508885-2508903(+)	ZNF343	targeting		
ZNF343#chr20:2508897-2508915(-)	ZNF343	targeting		
ZNF343#chr20:2508910-2508928(-)	ZNF343	targeting		
ZNF345#chr19:36850897-36850915(+)	ZNF345	targeting		
ZNF345#chr19:36850910-36850928(+)	ZNF345	targeting		
ZNF345#chr19:36850925-36850943(+)	ZNF345	targeting		
ZNF345#chr19:36850946-36850964(+)	ZNF345	targeting		
ZNF345#chr19:36851095-36851113(+)	ZNF345	targeting		
ZNF345#chr19:36851099-36851117(-)	ZNF345	targeting		
ZNF346#chr5:177022688-177022706(+)	ZNF346	targeting	-1.556626	2.8585006904597525e-05
ZNF346#chr5:177022699-177022717(+)	ZNF346	targeting	-1.03002	0.1089876393286943
ZNF346#chr5:177022720-177022738(-)	ZNF346	targeting	-1.6321306	2.764892788812124e-05
ZNF346#chr5:177022742-177022760(+)	ZNF346	targeting	-2.1805682	4.255432519615322e-07
ZNF346#chr5:177022758-177022776(+)	ZNF346	targeting	-2.3052816	1.2355597363640718e-10
ZNF346#chr5:177022766-177022784(+)	ZNF346	targeting	-1.354388	0.000383863430462
ZNF347#chr19:53158931-53158949(+)	ZNF347	targeting	-1.4791937	9.838503102323755e-05
ZNF347#chr19:53158945-53158963(+)	ZNF347	targeting	-1.6745933	3.812457536543534e-17
ZNF347#chr19:53158953-53158971(+)	ZNF347	targeting	-1.6050878	0.0095322396610614
ZNF347#chr19:53158992-53159010(-)	ZNF347	targeting	-2.1154332	0.0023865841927828
ZNF347#chr19:53158996-53159014(+)	ZNF347	targeting	-0.77499676	0.0933917775149239
ZNF347#chr19:53159032-53159050(-)	ZNF347	targeting	-0.9865741	0.0626831132892435
ZNF35#chr3:44648704-44648722(+)	ZNF35	targeting		
ZNF35#chr3:44648739-44648757(-)	ZNF35	targeting		
ZNF35#chr3:44648754-44648772(+)	ZNF35	targeting		
ZNF35#chr3:44648832-44648850(+)	ZNF35	targeting		
ZNF35#chr3:44648947-44648965(-)	ZNF35	targeting		
ZNF35#chr3:44649077-44649095(+)	ZNF35	targeting		
ZNF350#chr19:51986552-51986570(+)	ZNF350	targeting		
ZNF350#chr19:51986571-51986589(+)	ZNF350	targeting		
ZNF350#chr19:51986610-51986628(-)	ZNF350	targeting		
ZNF350#chr19:51986637-51986655(-)	ZNF350	targeting		
ZNF350#chr19:51986777-51986795(+)	ZNF350	targeting		
ZNF350#chr19:51986830-51986848(-)	ZNF350	targeting		
ZNF354A#chr5:178730364-178730382(+)	ZNF354A	targeting		
ZNF354A#chr5:178730586-178730604(+)	ZNF354A	targeting		
ZNF354A#chr5:178730620-178730638(-)	ZNF354A	targeting		
ZNF354A#chr5:178730641-178730659(+)	ZNF354A	targeting		
ZNF354A#chr5:178730646-178730664(-)	ZNF354A	targeting		
ZNF354A#chr5:178730649-178730667(-)	ZNF354A	targeting		
ZNF354B#chr5:178859971-178859989(-)	ZNF354B	targeting	-2.7429998	0.0104685105213203
ZNF354B#chr5:178859994-178860012(+)	ZNF354B	targeting	-0.8650308	0.1188414129567356
ZNF354B#chr5:178860023-178860041(+)	ZNF354B	targeting	-1.0287062	0.100419610643193
ZNF354B#chr5:178860026-178860044(+)	ZNF354B	targeting	-1.1398338	0.2008028982815408
ZNF354B#chr5:178860037-178860055(-)	ZNF354B	targeting	-2.0578375	0.0043644013034833
ZNF354B#chr5:178860041-178860059(+)	ZNF354B	targeting	-1.2360128	0.0295335773985982
ZNF354C#chr5:179060365-179060383(-)	ZNF354C	targeting	-0.30184197	0.6860396567363298
ZNF354C#chr5:179060403-179060421(+)	ZNF354C	targeting	-0.88049805	0.169302880662022
ZNF354C#chr5:179060549-179060567(-)	ZNF354C	targeting	-1.2566859	0.0030080048474484
ZNF354C#chr5:179060573-179060591(-)	ZNF354C	targeting	-1.1498342	0.2031296061830525
ZNF354C#chr5:179060597-179060615(-)	ZNF354C	targeting	-1.3536267	0.0501622043671845
ZNF354C#chr5:179060889-179060907(+)	ZNF354C	targeting	-1.3374159	0.0462179523003563
ZNF358#chr19:7516069-7516087(+)	ZNF358	targeting	-0.18988805	0.6139377535734456
ZNF358#chr19:7516085-7516103(-)	ZNF358	targeting	0.13891573	0.6304429344121139
ZNF358#chr19:7516105-7516123(-)	ZNF358	targeting	-1.0898091	0.0043142432104419
ZNF358#chr19:7516107-7516125(+)	ZNF358	targeting	0.11513393	0.7912993142571778
ZNF358#chr19:7516350-7516368(-)	ZNF358	targeting	0.22113296	0.4481173077579269
ZNF358#chr19:7516490-7516508(+)	ZNF358	targeting	-0.31266257	0.2114995399248831
ZNF358#chr19:7519936-7519954(+)	ZNF358	targeting	0.27920276	0.602347975077683
ZNF358#chr19:7519943-7519961(+)	ZNF358	targeting	0.3728252	0.2940012623493527
ZNF358#chr19:7519948-7519966(+)	ZNF358	targeting	0.27532026	0.3951796777056644
ZNF358#chr19:7519973-7519991(-)	ZNF358	targeting	-0.3083019	0.4807736000523248
ZNF358#chr19:7519992-7520010(-)	ZNF358	targeting	0.10768043	0.7970847428737751
ZNF358#chr19:7520113-7520131(-)	ZNF358	targeting	0.29275158	0.3822854635552032
ZNF362#chr1:33256472-33256490(-)	ZNF362	targeting	-1.8761234	0.0103722611564029
ZNF362#chr1:33256494-33256512(+)	ZNF362	targeting	-0.06994565	0.8626151115814888
ZNF362#chr1:33256498-33256516(+)	ZNF362	targeting	-0.005643021	0.9939261488429404
ZNF362#chr1:33256515-33256533(-)	ZNF362	targeting	-0.30846244	0.0816634674745517
ZNF362#chr1:33256536-33256554(-)	ZNF362	targeting	-2.2528396	0.0006482192850706
ZNF362#chr1:33256860-33256878(+)	ZNF362	targeting	-0.23839426	0.3800784682102631
ZNF365#chr10:62374398-62374416(-)	ZNF365	targeting		
ZNF365#chr10:62374438-62374456(+)	ZNF365	targeting		
ZNF365#chr10:62374445-62374463(+)	ZNF365	targeting		
ZNF365#chr10:62374616-62374634(+)	ZNF365	targeting		
ZNF365#chr10:62374622-62374640(-)	ZNF365	targeting		
ZNF365#chr10:62374638-62374656(+)	ZNF365	targeting		
ZNF366#chr5:72506901-72506919(+)	ZNF366	targeting		
ZNF366#chr5:72507147-72507165(+)	ZNF366	targeting		
ZNF366#chr5:72507190-72507208(-)	ZNF366	targeting		
ZNF366#chr5:72507291-72507309(-)	ZNF366	targeting		
ZNF366#chr5:72507341-72507359(+)	ZNF366	targeting		
ZNF366#chr5:72507656-72507674(-)	ZNF366	targeting		
ZNF367#chr9:96417943-96417961(+)	ZNF367	targeting	0.5173137	0.0274269715788629
ZNF367#chr9:96418094-96418112(-)	ZNF367	targeting	-1.0857956	0.0325977533463231
ZNF367#chr9:96418289-96418307(+)	ZNF367	targeting	0.020593869	0.9401598032460275
ZNF367#chr9:96418300-96418318(-)	ZNF367	targeting	-0.3868811	0.3123936955083787
ZNF367#chr9:96418304-96418322(+)	ZNF367	targeting	-0.19586356	0.5666241480084104
ZNF367#chr9:96418379-96418397(-)	ZNF367	targeting	0.38731614	0.3376671008599886
ZNF37A#chr10:38094372-38094390(+)	ZNF37A	targeting		
ZNF37A#chr10:38094378-38094396(-)	ZNF37A	targeting		
ZNF37A#chr10:38094388-38094406(+)	ZNF37A	targeting		
ZNF37A#chr10:38094405-38094423(-)	ZNF37A	targeting		
ZNF37A#chr10:38094415-38094433(-)	ZNF37A	targeting		
ZNF37A#chr10:38094425-38094443(+)	ZNF37A	targeting		
ZNF382#chr19:36604949-36604967(+)	ZNF382	targeting	-0.7430028	0.1638830724920945
ZNF382#chr19:36605310-36605328(+)	ZNF382	targeting	-0.60298514	0.4488660394294133
ZNF382#chr19:36605317-36605335(+)	ZNF382	targeting	-0.4570057	0.501678033301816
ZNF382#chr19:36605500-36605518(-)	ZNF382	targeting	-0.8451762	0.0455743826224986
ZNF382#chr19:36605562-36605580(-)	ZNF382	targeting	-1.0191069	0.0512048065319576
ZNF382#chr19:36605677-36605695(+)	ZNF382	targeting	-1.7424136	0.0054222253870825
ZNF383#chr19:37218157-37218175(+)	ZNF383	targeting		
ZNF383#chr19:37218201-37218219(+)	ZNF383	targeting		
ZNF383#chr19:37218213-37218231(+)	ZNF383	targeting		
ZNF383#chr19:37218226-37218244(+)	ZNF383	targeting		
ZNF383#chr19:37218245-37218263(-)	ZNF383	targeting		
ZNF383#chr19:37218443-37218461(-)	ZNF383	targeting		
ZNF384#chr12:6689064-6689082(+)	ZNF384	targeting	-0.18978487	0.6924041845768664
ZNF384#chr12:6689079-6689097(+)	ZNF384	targeting	-0.31679338	0.6476708244679565
ZNF384#chr12:6689083-6689101(+)	ZNF384	targeting	-1.0791963	0.2266878473090523
ZNF384#chr12:6689189-6689207(+)	ZNF384	targeting	0.06878727	0.9131743219131664
ZNF384#chr12:6689207-6689225(+)	ZNF384	targeting	0.16225871	0.6759868700456582
ZNF384#chr12:6689451-6689469(+)	ZNF384	targeting	-0.8760686	0.0357550506671959
ZNF385A#chr12:54384435-54384453(+)	ZNF385A	targeting		
ZNF385A#chr12:54384460-54384478(+)	ZNF385A	targeting		
ZNF385A#chr12:54384487-54384505(+)	ZNF385A	targeting		
ZNF385A#chr12:54384502-54384520(+)	ZNF385A	targeting		
ZNF385A#chr12:54384634-54384652(-)	ZNF385A	targeting		
ZNF385A#chr12:54384678-54384696(-)	ZNF385A	targeting		
ZNF385A#chr12:54391127-54391145(+)	ZNF385A	targeting		
ZNF385A#chr12:54391140-54391158(+)	ZNF385A	targeting		
ZNF385A#chr12:54391264-54391282(-)	ZNF385A	targeting		
ZNF385A#chr12:54391273-54391291(-)	ZNF385A	targeting		
ZNF385A#chr12:54391287-54391305(-)	ZNF385A	targeting		
ZNF385A#chr12:54391295-54391313(-)	ZNF385A	targeting		
ZNF385B#chr2:179861183-179861201(+)	ZNF385B	targeting	-2.7907863	8.830601179146983e-06
ZNF385B#chr2:179861314-179861332(-)	ZNF385B	targeting	-1.2949011	0.0918030825058959
ZNF385B#chr2:179861326-179861344(-)	ZNF385B	targeting	-1.1837656	0.1011902369156038
ZNF385B#chr2:179861508-179861526(-)	ZNF385B	targeting	-0.2276302	0.7277387622748239
ZNF385B#chr2:179861517-179861535(+)	ZNF385B	targeting	-0.24974316	0.457291119067909
ZNF385B#chr2:179861541-179861559(+)	ZNF385B	targeting	-0.19245617	0.7495960059433027
ZNF385C#chr17:42062943-42062961(-)	ZNF385C	targeting		
ZNF385C#chr17:42062957-42062975(+)	ZNF385C	targeting		
ZNF385C#chr17:42062982-42063000(-)	ZNF385C	targeting		
ZNF385C#chr17:42062989-42063007(+)	ZNF385C	targeting		
ZNF385C#chr17:42063020-42063038(-)	ZNF385C	targeting		
ZNF385C#chr17:42063054-42063072(+)	ZNF385C	targeting		
ZNF385D#chr3:21751092-21751110(+)	ZNF385D	targeting	-0.55972666	0.5190854242721551
ZNF385D#chr3:21751150-21751168(-)	ZNF385D	targeting	0.024727771	0.961557363784716
ZNF385D#chr3:21751155-21751173(-)	ZNF385D	targeting	-0.39067516	0.615954395337597
ZNF385D#chr3:21751167-21751185(-)	ZNF385D	targeting	-0.09093134	0.8625345396531312
ZNF385D#chr3:21751173-21751191(-)	ZNF385D	targeting	0.13830557	0.663162729183691
ZNF385D#chr3:21751176-21751194(-)	ZNF385D	targeting	-0.28548113	0.4917280529866586
ZNF391#chr6:27388991-27389009(+)	ZNF391	targeting		
ZNF391#chr6:27389002-27389020(+)	ZNF391	targeting		
ZNF391#chr6:27389009-27389027(-)	ZNF391	targeting		
ZNF391#chr6:27389041-27389059(+)	ZNF391	targeting		
ZNF391#chr6:27389059-27389077(+)	ZNF391	targeting		
ZNF391#chr6:27389165-27389183(+)	ZNF391	targeting		
ZNF394#chr7:99499856-99499874(-)	ZNF394	targeting		
ZNF394#chr7:99499871-99499889(-)	ZNF394	targeting		
ZNF394#chr7:99499874-99499892(-)	ZNF394	targeting		
ZNF394#chr7:99500221-99500239(-)	ZNF394	targeting		
ZNF394#chr7:99500240-99500258(-)	ZNF394	targeting		
ZNF394#chr7:99500253-99500271(-)	ZNF394	targeting		
ZNF395#chr8:28385780-28385798(+)	ZNF395	targeting	0.06123651	0.7928256278380315
ZNF395#chr8:28385983-28386001(-)	ZNF395	targeting	-1.6348139	0.0015648673162354
ZNF395#chr8:28386146-28386164(+)	ZNF395	targeting	-0.5093139	0.3826015292819512
ZNF395#chr8:28386152-28386170(-)	ZNF395	targeting	-0.30436414	0.6528615267582684
ZNF395#chr8:28386156-28386174(-)	ZNF395	targeting	0.16406266	0.6457139734739401
ZNF395#chr8:28386197-28386215(-)	ZNF395	targeting	-0.82862186	0.0390384420898559
ZNF396#chr18:35377057-35377075(+)	ZNF396	targeting		
ZNF396#chr18:35377080-35377098(+)	ZNF396	targeting		
ZNF396#chr18:35377243-35377261(+)	ZNF396	targeting		
ZNF396#chr18:35377268-35377286(-)	ZNF396	targeting		
ZNF396#chr18:35377274-35377292(+)	ZNF396	targeting		
ZNF396#chr18:35377285-35377303(+)	ZNF396	targeting		
ZNF397#chr18:35241100-35241118(-)	ZNF397	targeting	-4.1460013	0.0001846676565575
ZNF397#chr18:35241102-35241120(+)	ZNF397	targeting	-2.0331182	3.114781763903096e-05
ZNF397#chr18:35241116-35241134(+)	ZNF397	targeting	-2.36865	7.534406488610124e-09
ZNF397#chr18:35241120-35241138(+)	ZNF397	targeting	-0.26118255	0.7713844328602386
ZNF397#chr18:35241235-35241253(+)	ZNF397	targeting	-2.0004401	0.0004358642015138
ZNF397#chr18:35241238-35241256(+)	ZNF397	targeting	-2.024134	2.476782807079964e-07
ZNF398#chr7:149147464-149147482(+)	ZNF398	targeting	0.021614762	0.951781189323984
ZNF398#chr7:149147489-149147507(-)	ZNF398	targeting	-0.9481476	0.0711628580335666
ZNF398#chr7:149147518-149147536(-)	ZNF398	targeting	-0.11382202	0.8090095742534822
ZNF398#chr7:149147526-149147544(-)	ZNF398	targeting	-0.9140169	0.0202098880705031
ZNF398#chr7:149147561-149147579(-)	ZNF398	targeting	-0.28957677	0.2478486372974642
ZNF398#chr7:149147636-149147654(+)	ZNF398	targeting	-1.1531031	0.0496740974030313
ZNF407#chr18:74631035-74631053(+)	ZNF407	targeting	-0.20289335	0.3633541722658716
ZNF407#chr18:74631100-74631118(+)	ZNF407	targeting	0.52286315	0.2277526987769524
ZNF407#chr18:74631105-74631123(-)	ZNF407	targeting	0.03016999	0.7719261370742234
ZNF407#chr18:74631239-74631257(+)	ZNF407	targeting	-0.05539057	0.6757739547239079
ZNF407#chr18:74631369-74631387(+)	ZNF407	targeting	-0.08358653	0.5943486430396738
ZNF407#chr18:74631498-74631516(-)	ZNF407	targeting	0.25299427	0.0377519345434144
ZNF408#chr11:46701025-46701043(+)	ZNF408	targeting		
ZNF408#chr11:46701033-46701051(+)	ZNF408	targeting		
ZNF408#chr11:46701036-46701054(+)	ZNF408	targeting		
ZNF408#chr11:46701039-46701057(+)	ZNF408	targeting		
ZNF408#chr11:46701079-46701097(+)	ZNF408	targeting		
ZNF408#chr11:46701273-46701291(-)	ZNF408	targeting		
ZNF41#chrX:47482683-47482701(+)	ZNF41	targeting	-0.07882356	0.9034776635396022
ZNF41#chrX:47482836-47482854(-)	ZNF41	targeting	-0.07909754	0.9202713167174844
ZNF41#chrX:47482931-47482949(-)	ZNF41	targeting	-1.1014118	0.1427205618934487
ZNF41#chrX:47483173-47483191(-)	ZNF41	targeting	-0.24128759	0.4997256730603188
ZNF41#chrX:47483178-47483196(-)	ZNF41	targeting	-0.43144715	0.4695267698450199
ZNF41#chrX:47483190-47483208(-)	ZNF41	targeting	0.08758885	0.8008906465538206
ZNF410#chr14:73886822-73886840(+)	ZNF410	targeting		
ZNF410#chr14:73886869-73886887(+)	ZNF410	targeting		
ZNF410#chr14:73886873-73886891(+)	ZNF410	targeting		
ZNF410#chr14:73886883-73886901(-)	ZNF410	targeting		
ZNF410#chr14:73886945-73886963(-)	ZNF410	targeting		
ZNF410#chr14:73886966-73886984(+)	ZNF410	targeting		
ZNF414#chr19:8513907-8513925(+)	ZNF414	targeting	-1.2140774	0.0163202428958172
ZNF414#chr19:8513910-8513928(+)	ZNF414	targeting	-1.3511065	0.0292581438732102
ZNF414#chr19:8514081-8514099(+)	ZNF414	targeting	-0.16952363	0.7220790286585639
ZNF414#chr19:8514095-8514113(+)	ZNF414	targeting	-0.86191136	0.3125244145967612
ZNF414#chr19:8514109-8514127(-)	ZNF414	targeting	-0.98661035	0.1547679675164136
ZNF414#chr19:8514155-8514173(-)	ZNF414	targeting	0.36396348	0.3876095616895859
ZNF415#chr19:53132436-53132454(+)	ZNF415	targeting		
ZNF415#chr19:53132779-53132797(+)	ZNF415	targeting		
ZNF415#chr19:53132825-53132843(+)	ZNF415	targeting		
ZNF415#chr19:53132867-53132885(-)	ZNF415	targeting		
ZNF415#chr19:53132873-53132891(-)	ZNF415	targeting		
ZNF415#chr19:53132879-53132897(-)	ZNF415	targeting		
ZNF416#chr19:57578811-57578829(+)	ZNF416	targeting		
ZNF416#chr19:57578816-57578834(-)	ZNF416	targeting		
ZNF416#chr19:57578829-57578847(+)	ZNF416	targeting		
ZNF416#chr19:57578832-57578850(+)	ZNF416	targeting		
ZNF416#chr19:57578844-57578862(+)	ZNF416	targeting		
ZNF416#chr19:57578879-57578897(-)	ZNF416	targeting		
ZNF417#chr19:57916103-57916121(-)	ZNF417	targeting		
ZNF417#chr19:57916208-57916226(+)	ZNF417	targeting		
ZNF417#chr19:57916381-57916399(-)	ZNF417	targeting		
ZNF417#chr19:57916524-57916542(+)	ZNF417	targeting		
ZNF417#chr19:57916569-57916587(-)	ZNF417	targeting		
ZNF418#chr19:57935104-57935122(+)	ZNF418	targeting	-1.3314936	0.035631777608841
ZNF418#chr19:57935110-57935128(+)	ZNF418	targeting	-1.3188344	0.0519679159937529
ZNF418#chr19:57935248-57935266(-)	ZNF418	targeting	-1.9050165	0.0182000832880294
ZNF418#chr19:57935303-57935321(-)	ZNF418	targeting	-1.6664953	0.0404515240492918
ZNF418#chr19:57935315-57935333(-)	ZNF418	targeting	-1.8403379	0.0016314905715889
ZNF418#chr19:57935330-57935348(-)	ZNF418	targeting	-2.2811613	0.0062331244581862
ZNF419#chr19:57487784-57487802(-)	ZNF419	targeting		
ZNF419#chr19:57487787-57487805(+)	ZNF419	targeting		
ZNF419#chr19:57487804-57487822(+)	ZNF419	targeting		
ZNF419#chr19:57487809-57487827(+)	ZNF419	targeting		
ZNF419#chr19:57487812-57487830(+)	ZNF419	targeting		
ZNF419#chr19:57487927-57487945(-)	ZNF419	targeting		
ZNF420#chr19:37078434-37078452(+)	ZNF420	targeting		
ZNF420#chr19:37078441-37078459(+)	ZNF420	targeting		
ZNF420#chr19:37078456-37078474(+)	ZNF420	targeting		
ZNF420#chr19:37078479-37078497(+)	ZNF420	targeting		
ZNF420#chr19:37078499-37078517(+)	ZNF420	targeting		
ZNF420#chr19:37078525-37078543(+)	ZNF420	targeting		
ZNF423#chr16:49822528-49822546(-)	ZNF423	targeting	-0.08232232	0.3663683477994506
ZNF423#chr16:49822546-49822564(+)	ZNF423	targeting	0.04412622	0.6690587116306159
ZNF423#chr16:49822664-49822682(-)	ZNF423	targeting	0.010935074	0.9678889309746116
ZNF423#chr16:49822674-49822692(-)	ZNF423	targeting	0.17667393	0.083583044290575
ZNF423#chr16:49822709-49822727(+)	ZNF423	targeting	0.05071189	0.8383762898318954
ZNF423#chr16:49822729-49822747(-)	ZNF423	targeting	-0.08381682	0.7351104783394218
ZNF423#chr16:49826915-49826933(+)	ZNF423	targeting	-0.029120632	0.5878694609795192
ZNF423#chr16:49826943-49826961(-)	ZNF423	targeting	-0.13212162	0.3042544225965145
ZNF423#chr16:49826949-49826967(+)	ZNF423	targeting	0.12742047	0.1695337170967882
ZNF423#chr16:49826957-49826975(-)	ZNF423	targeting	0.03734957	0.6988907392355932
ZNF423#chr16:49826962-49826980(+)	ZNF423	targeting	0.42787117	0.0468240693569457
ZNF423#chr16:49826975-49826993(-)	ZNF423	targeting	-0.22089791	0.1099793357751583
ZNF425#chr7:149126112-149126130(-)	ZNF425	targeting		
ZNF425#chr7:149126224-149126242(-)	ZNF425	targeting		
ZNF425#chr7:149126270-149126288(-)	ZNF425	targeting		
ZNF425#chr7:149126274-149126292(-)	ZNF425	targeting		
ZNF425#chr7:149126281-149126299(-)	ZNF425	targeting		
ZNF425#chr7:149126286-149126304(+)	ZNF425	targeting		
ZNF426#chr19:9538448-9538466(+)	ZNF426	targeting	-1.029851	0.0002069768111933
ZNF426#chr19:9538558-9538576(+)	ZNF426	targeting	-1.2072737	0.0928559661558127
ZNF426#chr19:9538565-9538583(-)	ZNF426	targeting	-0.8031127	0.0544028495715822
ZNF426#chr19:9538577-9538595(-)	ZNF426	targeting	0.17783804	0.4616729612061094
ZNF426#chr19:9538583-9538601(-)	ZNF426	targeting	-1.5992969	0.0141407225588536
ZNF426#chr19:9538629-9538647(+)	ZNF426	targeting	-0.72093904	0.0044068218696702
ZNF428#chr19:43619333-43619351(-)	ZNF428	targeting		
ZNF428#chr19:43619435-43619453(-)	ZNF428	targeting		
ZNF428#chr19:43619571-43619589(+)	ZNF428	targeting		
ZNF428#chr19:43619606-43619624(-)	ZNF428	targeting		
ZNF428#chr19:43619611-43619629(-)	ZNF428	targeting		
ZNF428#chr19:43619616-43619634(+)	ZNF428	targeting		
ZNF429#chr19:21505584-21505602(+)	ZNF429	targeting		
ZNF429#chr19:21505598-21505616(+)	ZNF429	targeting		
ZNF429#chr19:21505680-21505698(-)	ZNF429	targeting		
ZNF429#chr19:21505817-21505835(+)	ZNF429	targeting		
ZNF429#chr19:21505829-21505847(-)	ZNF429	targeting		
ZNF429#chr19:21505982-21506000(-)	ZNF429	targeting		
ZNF43#chr19:21835749-21835767(+)	ZNF43	targeting	-0.10383463	0.5771238141549397
ZNF43#chr19:21835765-21835783(+)	ZNF43	targeting	-0.066611305	0.2309685995110197
ZNF43#chr19:21835798-21835816(-)	ZNF43	targeting	-0.14886509	0.182222728441908
ZNF43#chr19:21835820-21835838(-)	ZNF43	targeting	-0.1596421	0.4409895257919829
ZNF43#chr19:21835941-21835959(+)	ZNF43	targeting	-0.35742095	8.483570528038746e-07
ZNF43#chr19:21835983-21836001(-)	ZNF43	targeting	0.03530661	0.721626361244536
ZNF43#chr19:21851980-21851998(+)	ZNF43	targeting	-2.0315871	1.5443020795210774e-09
ZNF43#chr19:21851993-21852011(+)	ZNF43	targeting	-2.0691729	2.3580402122207733e-07
ZNF43#chr19:21852002-21852020(+)	ZNF43	targeting	-1.7067534	1.8792609844440528e-61
ZNF43#chr19:21852013-21852031(+)	ZNF43	targeting	-2.3949442	5.695041785090381e-18
ZNF43#chr19:21852033-21852051(+)	ZNF43	targeting	-1.2728922	5.169200934152011e-10
ZNF43#chr19:21852044-21852062(-)	ZNF43	targeting	-0.065051705	0.6512970958077184
ZNF430#chr19:21020649-21020667(+)	ZNF430	targeting	-1.5666553	0.0164268835096046
ZNF430#chr19:21020662-21020680(-)	ZNF430	targeting	-2.9938679	6.849209809370838e-08
ZNF430#chr19:21020836-21020854(+)	ZNF430	targeting	-0.27352163	0.260074430470155
ZNF430#chr19:21020839-21020857(+)	ZNF430	targeting	-2.4489703	2.0626018369230498e-06
ZNF430#chr19:21021092-21021110(+)	ZNF430	targeting	-1.2120275	0.0425627700940618
ZNF430#chr19:21021105-21021123(+)	ZNF430	targeting	-0.41407838	0.1988767420931936
ZNF431#chr19:21142065-21142083(-)	ZNF431	targeting	-1.4627656	0.035622925419692
ZNF431#chr19:21142075-21142093(-)	ZNF431	targeting	-2.0848577	1.1863440301343083e-06
ZNF431#chr19:21142097-21142115(+)	ZNF431	targeting	-1.66608	9.724852238708516e-06
ZNF431#chr19:21142108-21142126(-)	ZNF431	targeting	-1.7148906	5.7552319433230106e-08
ZNF431#chr19:21142347-21142365(+)	ZNF431	targeting	-0.09909293	0.6993551627422194
ZNF431#chr19:21142494-21142512(+)	ZNF431	targeting	-2.1619732	1.272428872374067e-09
ZNF432#chr19:52048539-52048557(-)	ZNF432	targeting	0.11251934	0.8370743052608894
ZNF432#chr19:52048645-52048663(-)	ZNF432	targeting	-0.4340645	0.3907562325015717
ZNF432#chr19:52048662-52048680(-)	ZNF432	targeting	-1.4968541	0.1502748939834049
ZNF432#chr19:52048685-52048703(-)	ZNF432	targeting	-0.6110791	0.2161480738854772
ZNF432#chr19:52048746-52048764(-)	ZNF432	targeting	-0.30872172	0.414034703483035
ZNF432#chr19:52048816-52048834(-)	ZNF432	targeting	-0.23137511	0.2747810230474941
ZNF433#chr19:12035582-12035600(+)	ZNF433	targeting		
ZNF433#chr19:12035646-12035664(-)	ZNF433	targeting		
ZNF433#chr19:12035661-12035679(-)	ZNF433	targeting		
ZNF433#chr19:12035678-12035696(-)	ZNF433	targeting		
ZNF433#chr19:12035699-12035717(-)	ZNF433	targeting		
ZNF433#chr19:12035703-12035721(-)	ZNF433	targeting		
ZNF436#chr1:23368188-23368206(-)	ZNF436	targeting		
ZNF436#chr1:23368241-23368259(+)	ZNF436	targeting		
ZNF436#chr1:23368253-23368271(+)	ZNF436	targeting		
ZNF436#chr1:23368272-23368290(-)	ZNF436	targeting		
ZNF436#chr1:23368294-23368312(-)	ZNF436	targeting		
ZNF436#chr1:23368298-23368316(+)	ZNF436	targeting		
ZNF436#chr1:23369540-23369558(+)	ZNF436	targeting		
ZNF436#chr1:23369609-23369627(+)	ZNF436	targeting		
ZNF436#chr1:23369631-23369649(+)	ZNF436	targeting		
ZNF436#chr1:23369740-23369758(+)	ZNF436	targeting		
ZNF436#chr1:23369778-23369796(+)	ZNF436	targeting		
ZNF436#chr1:23369812-23369830(+)	ZNF436	targeting		
ZNF438#chr10:30999302-30999320(-)	ZNF438	targeting	0.2623086	0.1147415190610526
ZNF438#chr10:30999304-30999322(+)	ZNF438	targeting	0.17875859	0.4144771577773684
ZNF438#chr10:30999322-30999340(+)	ZNF438	targeting	-0.41702625	0.2132885675173743
ZNF438#chr10:30999396-30999414(-)	ZNF438	targeting	-0.5382338	0.1997760598993763
ZNF438#chr10:30999439-30999457(-)	ZNF438	targeting	0.100963116	0.8026219169795042
ZNF438#chr10:30999444-30999462(-)	ZNF438	targeting	-0.032235466	0.9243384750102768
ZNF438#chr10:31031657-31031675(-)	ZNF438	targeting	-1.3075538	0.0055312142669576
ZNF438#chr10:31031822-31031840(-)	ZNF438	targeting	-0.04234459	0.8987451961297215
ZNF438#chr10:31031841-31031859(+)	ZNF438	targeting	0.023871595	0.9225373246387798
ZNF438#chr10:31031855-31031873(+)	ZNF438	targeting	-0.42751735	0.4279518725757999
ZNF438#chr10:31031869-31031887(+)	ZNF438	targeting	-3.2007234	8.2572320513944e-10
ZNF438#chr10:31031872-31031890(+)	ZNF438	targeting	-2.478188	0.0002308196707039
ZNF439#chr19:11848723-11848741(+)	ZNF439	targeting		
ZNF439#chr19:11848765-11848783(-)	ZNF439	targeting		
ZNF439#chr19:11848767-11848785(+)	ZNF439	targeting		
ZNF439#chr19:11848771-11848789(-)	ZNF439	targeting		
ZNF439#chr19:11848840-11848858(-)	ZNF439	targeting		
ZNF439#chr19:11848976-11848994(-)	ZNF439	targeting		
ZNF44#chr19:12294725-12294743(+)	ZNF44	targeting		
ZNF44#chr19:12294733-12294751(-)	ZNF44	targeting		
ZNF44#chr19:12294767-12294785(-)	ZNF44	targeting		
ZNF44#chr19:12294785-12294803(+)	ZNF44	targeting		
ZNF44#chr19:12294793-12294811(+)	ZNF44	targeting		
ZNF44#chr19:12294862-12294880(-)	ZNF44	targeting		
ZNF440#chr19:11814281-11814299(-)	ZNF440	targeting		
ZNF440#chr19:11814285-11814303(-)	ZNF440	targeting		
ZNF440#chr19:11814290-11814308(-)	ZNF440	targeting		
ZNF440#chr19:11814294-11814312(+)	ZNF440	targeting		
ZNF440#chr19:11814301-11814319(+)	ZNF440	targeting		
ZNF440#chr19:11814359-11814377(-)	ZNF440	targeting		
ZNF441#chr19:11767003-11767021(+)	ZNF441	targeting		
ZNF441#chr19:11767007-11767025(+)	ZNF441	targeting		
ZNF441#chr19:11767070-11767088(-)	ZNF441	targeting		
ZNF441#chr19:11767226-11767244(+)	ZNF441	targeting		
ZNF441#chr19:11767318-11767336(-)	ZNF441	targeting		
ZNF441#chr19:11767403-11767421(+)	ZNF441	targeting		
ZNF442#chr19:12365551-12365569(+)	ZNF442	targeting		
ZNF442#chr19:12365568-12365586(-)	ZNF442	targeting		
ZNF442#chr19:12365571-12365589(+)	ZNF442	targeting		
ZNF442#chr19:12365580-12365598(-)	ZNF442	targeting		
ZNF442#chr19:12365586-12365604(-)	ZNF442	targeting		
ZNF442#chr19:12365648-12365666(+)	ZNF442	targeting		
ZNF443#chr19:12440937-12440955(-)	ZNF443	targeting		
ZNF443#chr19:12440944-12440962(-)	ZNF443	targeting		
ZNF443#chr19:12440948-12440966(-)	ZNF443	targeting		
ZNF443#chr19:12440964-12440982(-)	ZNF443	targeting		
ZNF443#chr19:12440980-12440998(-)	ZNF443	targeting		
ZNF443#chr19:12440985-12441003(+)	ZNF443	targeting		
ZNF444#chr19:56141306-56141324(+)	ZNF444	targeting	-0.21801473	0.5349757870134545
ZNF444#chr19:56141347-56141365(+)	ZNF444	targeting	-0.9321984	0.1772501813940961
ZNF444#chr19:56141409-56141427(+)	ZNF444	targeting	-0.97355807	0.01115408214538
ZNF444#chr19:56141446-56141464(+)	ZNF444	targeting	-0.3542999	0.3503984372794773
ZNF444#chr19:56141514-56141532(+)	ZNF444	targeting	0.07590267	0.7408251876770746
ZNF444#chr19:56141695-56141713(+)	ZNF444	targeting	-1.68634	0.0032661561310936
ZNF445#chr3:44477415-44477433(+)	ZNF445	targeting	-0.03405251	0.8926342527928532
ZNF445#chr3:44477448-44477466(+)	ZNF445	targeting	-1.4359596	0.0189409986238865
ZNF445#chr3:44477596-44477614(+)	ZNF445	targeting	-0.08362852	0.5697948498780229
ZNF445#chr3:44477600-44477618(-)	ZNF445	targeting	-0.99101543	0.0052792608662187
ZNF445#chr3:44477603-44477621(-)	ZNF445	targeting	-0.1754892	0.5025576511030776
ZNF445#chr3:44477659-44477677(-)	ZNF445	targeting	0.0037185159	0.9937660656963402
ZNF446#chr19:58476185-58476203(-)	ZNF446	targeting		
ZNF446#chr19:58476190-58476208(-)	ZNF446	targeting		
ZNF446#chr19:58476214-58476232(-)	ZNF446	targeting		
ZNF446#chr19:58476354-58476372(-)	ZNF446	targeting		
ZNF446#chr19:58476359-58476377(-)	ZNF446	targeting		
ZNF446#chr19:58476372-58476390(-)	ZNF446	targeting		
ZNF449#chrX:135344793-135344811(+)	ZNF449	targeting		
ZNF449#chrX:135344804-135344822(+)	ZNF449	targeting		
ZNF449#chrX:135344815-135344833(+)	ZNF449	targeting		
ZNF449#chrX:135344830-135344848(+)	ZNF449	targeting		
ZNF449#chrX:135344838-135344856(+)	ZNF449	targeting		
ZNF449#chrX:135344868-135344886(-)	ZNF449	targeting		
ZNF45#chr19:43935015-43935033(-)	ZNF45	targeting		
ZNF45#chr19:43935022-43935040(+)	ZNF45	targeting		
ZNF45#chr19:43935217-43935235(-)	ZNF45	targeting		
ZNF45#chr19:43935220-43935238(+)	ZNF45	targeting		
ZNF45#chr19:43935228-43935246(+)	ZNF45	targeting		
ZNF45#chr19:43935272-43935290(-)	ZNF45	targeting		
ZNF451#chr6:57090051-57090069(+)	ZNF451	targeting	-2.3649516	4.411800439800794e-21
ZNF451#chr6:57090062-57090080(+)	ZNF451	targeting	-1.6526176	8.118983741384763e-13
ZNF451#chr6:57090092-57090110(-)	ZNF451	targeting	-0.0137441	0.9468223866229204
ZNF451#chr6:57090121-57090139(-)	ZNF451	targeting	-1.1053493	0.0356282623471293
ZNF451#chr6:57090126-57090144(+)	ZNF451	targeting	-0.09728366	0.5038564682254446
ZNF451#chr6:57090183-57090201(+)	ZNF451	targeting	-1.3348281	0.0011481187012687
ZNF454#chr5:178941224-178941242(+)	ZNF454	targeting		
ZNF454#chr5:178941253-178941271(+)	ZNF454	targeting		
ZNF454#chr5:178941265-178941283(-)	ZNF454	targeting		
ZNF454#chr5:178941275-178941293(+)	ZNF454	targeting		
ZNF454#chr5:178941284-178941302(+)	ZNF454	targeting		
ZNF454#chr5:178941451-178941469(+)	ZNF454	targeting		
ZNF460#chr19:57280484-57280502(-)	ZNF460	targeting	-0.12322446	0.6057531130842964
ZNF460#chr19:57280494-57280512(+)	ZNF460	targeting	-1.8926073	0.007607450023939
ZNF460#chr19:57280507-57280525(+)	ZNF460	targeting	-0.42209426	0.1896362752284973
ZNF460#chr19:57280534-57280552(+)	ZNF460	targeting	-0.31672075	0.1076974408856022
ZNF460#chr19:57280606-57280624(-)	ZNF460	targeting	-0.5518347	0.1218169332039659
ZNF460#chr19:57280675-57280693(-)	ZNF460	targeting	-0.2778234	0.4771278505759715
ZNF461#chr19:36666780-36666798(-)	ZNF461	targeting		
ZNF461#chr19:36666795-36666813(-)	ZNF461	targeting		
ZNF461#chr19:36666799-36666817(-)	ZNF461	targeting		
ZNF461#chr19:36666805-36666823(-)	ZNF461	targeting		
ZNF461#chr19:36666813-36666831(-)	ZNF461	targeting		
ZNF461#chr19:36666829-36666847(-)	ZNF461	targeting		
ZNF462#chr9:106863207-106863225(-)	ZNF462	targeting	-0.8169473	1.5221195219403607e-06
ZNF462#chr9:106863210-106863228(-)	ZNF462	targeting	-0.7716337	1.74087475519368e-05
ZNF462#chr9:106863380-106863398(-)	ZNF462	targeting	-0.1603201	0.3151350224398895
ZNF462#chr9:106863383-106863401(-)	ZNF462	targeting	-0.4240556	0.1395212335934618
ZNF462#chr9:106863385-106863403(+)	ZNF462	targeting	-1.274738	1.3176991614041532e-08
ZNF462#chr9:106863483-106863501(+)	ZNF462	targeting	-0.92201144	0.0596065654339229
ZNF467#chr7:149773197-149773215(-)	ZNF467	targeting		
ZNF467#chr7:149773300-149773318(+)	ZNF467	targeting		
ZNF467#chr7:149773441-149773459(+)	ZNF467	targeting		
ZNF467#chr7:149773446-149773464(+)	ZNF467	targeting		
ZNF467#chr7:149773468-149773486(+)	ZNF467	targeting		
ZNF467#chr7:149773569-149773587(+)	ZNF467	targeting		
ZNF468#chr19:52857215-52857233(+)	ZNF468	targeting		
ZNF468#chr19:52857220-52857238(+)	ZNF468	targeting		
ZNF468#chr19:52857223-52857241(+)	ZNF468	targeting		
ZNF468#chr19:52857343-52857361(+)	ZNF468	targeting		
ZNF468#chr19:52857360-52857378(-)	ZNF468	targeting		
ZNF468#chr19:52857581-52857599(-)	ZNF468	targeting		
ZNF469#chr16:88427472-88427490(+)	ZNF469	targeting		
ZNF469#chr16:88427504-88427522(-)	ZNF469	targeting		
ZNF469#chr16:88427508-88427526(-)	ZNF469	targeting		
ZNF469#chr16:88427511-88427529(-)	ZNF469	targeting		
ZNF469#chr16:88427531-88427549(-)	ZNF469	targeting		
ZNF469#chr16:88427573-88427591(-)	ZNF469	targeting		
ZNF470#chr19:56567472-56567490(+)	ZNF470	targeting		
ZNF470#chr19:56567509-56567527(-)	ZNF470	targeting		
ZNF470#chr19:56567521-56567539(+)	ZNF470	targeting		
ZNF470#chr19:56567544-56567562(+)	ZNF470	targeting		
ZNF470#chr19:56567661-56567679(+)	ZNF470	targeting		
ZNF470#chr19:56567724-56567742(-)	ZNF470	targeting		
ZNF471#chr19:56507866-56507884(+)	ZNF471	targeting		
ZNF471#chr19:56507881-56507899(+)	ZNF471	targeting		
ZNF471#chr19:56507893-56507911(+)	ZNF471	targeting		
ZNF471#chr19:56507899-56507917(+)	ZNF471	targeting		
ZNF471#chr19:56507908-56507926(-)	ZNF471	targeting		
ZNF471#chr19:56508068-56508086(+)	ZNF471	targeting		
ZNF473#chr19:50025980-50025998(-)	ZNF473	targeting		
ZNF473#chr19:50026002-50026020(-)	ZNF473	targeting		
ZNF473#chr19:50026019-50026037(+)	ZNF473	targeting		
ZNF473#chr19:50026022-50026040(+)	ZNF473	targeting		
ZNF473#chr19:50026033-50026051(+)	ZNF473	targeting		
ZNF473#chr19:50026206-50026224(+)	ZNF473	targeting		
ZNF474#chr5:122129551-122129569(-)	ZNF474	targeting		
ZNF474#chr5:122129570-122129588(+)	ZNF474	targeting		
ZNF474#chr5:122129689-122129707(+)	ZNF474	targeting		
ZNF474#chr5:122129699-122129717(+)	ZNF474	targeting		
ZNF474#chr5:122129759-122129777(-)	ZNF474	targeting		
ZNF474#chr5:122129952-122129970(+)	ZNF474	targeting		
ZNF479#chr7:57132078-57132096(+)	ZNF479	targeting		
ZNF479#chr7:57132096-57132114(-)	ZNF479	targeting		
ZNF479#chr7:57132157-57132175(+)	ZNF479	targeting		
ZNF479#chr7:57132161-57132179(+)	ZNF479	targeting		
ZNF479#chr7:57132167-57132185(+)	ZNF479	targeting		
ZNF479#chr7:57132186-57132204(-)	ZNF479	targeting		
ZNF48#chr16:30395465-30395483(-)	ZNF48	targeting	-0.8448088	0.0686386687701876
ZNF48#chr16:30395474-30395492(+)	ZNF48	targeting	-0.6939272	0.0408851346805361
ZNF48#chr16:30395487-30395505(-)	ZNF48	targeting	0.21246436	0.5268067765914912
ZNF48#chr16:30395523-30395541(+)	ZNF48	targeting	0.02472263	0.9502156980705678
ZNF48#chr16:30395664-30395682(-)	ZNF48	targeting	-1.7626832	0.0115632334713809
ZNF48#chr16:30395976-30395994(+)	ZNF48	targeting	0.28205714	0.1492382490139517
ZNF480#chr19:52297165-52297183(+)	ZNF480	targeting	-0.47467706	0.2194431898677785
ZNF480#chr19:52297236-52297254(-)	ZNF480	targeting	-0.25612113	0.5169121730440347
ZNF480#chr19:52297275-52297293(+)	ZNF480	targeting	0.3194901	0.4183317275106473
ZNF480#chr19:52297418-52297436(-)	ZNF480	targeting	-0.3552183	0.4529164767145287
ZNF480#chr19:52297569-52297587(-)	ZNF480	targeting	-2.5953574	0.0007418706514817
ZNF480#chr19:52297617-52297635(-)	ZNF480	targeting	-1.6830367	0.0062248255082481
ZNF483#chr9:111525195-111525213(+)	ZNF483	targeting	-2.2738807	0.0149061829474241
ZNF483#chr9:111525248-111525266(+)	ZNF483	targeting	-2.3933098	0.003949304288035
ZNF483#chr9:111525343-111525361(+)	ZNF483	targeting	-1.8307703	0.0430939229938535
ZNF483#chr9:111525357-111525375(-)	ZNF483	targeting	-0.56978136	0.5090699186237022
ZNF483#chr9:111525395-111525413(+)	ZNF483	targeting	-1.2372476	0.0032291087015173
ZNF483#chr9:111525589-111525607(-)	ZNF483	targeting	-1.5255224	4.045376873779773e-05
ZNF484#chr9:92877602-92877620(-)	ZNF484	targeting		
ZNF484#chr9:92877614-92877632(-)	ZNF484	targeting		
ZNF484#chr9:92877811-92877829(+)	ZNF484	targeting		
ZNF484#chr9:92877903-92877921(-)	ZNF484	targeting		
ZNF484#chr9:92877933-92877951(-)	ZNF484	targeting		
ZNF484#chr9:92878043-92878061(+)	ZNF484	targeting		
ZNF485#chr10:43606463-43606481(-)	ZNF485	targeting		
ZNF485#chr10:43606466-43606484(+)	ZNF485	targeting		
ZNF485#chr10:43606471-43606489(+)	ZNF485	targeting		
ZNF485#chr10:43606476-43606494(+)	ZNF485	targeting		
ZNF485#chr10:43606492-43606510(+)	ZNF485	targeting		
ZNF485#chr10:43606532-43606550(-)	ZNF485	targeting		
ZNF486#chr19:20167219-20167237(+)	ZNF486	targeting		
ZNF486#chr19:20167373-20167391(-)	ZNF486	targeting		
ZNF486#chr19:20167592-20167610(-)	ZNF486	targeting		
ZNF486#chr19:20167616-20167634(-)	ZNF486	targeting		
ZNF486#chr19:20167634-20167652(-)	ZNF486	targeting		
ZNF486#chr19:20167646-20167664(+)	ZNF486	targeting		
ZNF488#chr10:47379809-47379827(+)	ZNF488	targeting		
ZNF488#chr10:47379908-47379926(-)	ZNF488	targeting		
ZNF488#chr10:47379932-47379950(-)	ZNF488	targeting		
ZNF488#chr10:47379970-47379988(-)	ZNF488	targeting		
ZNF488#chr10:47379973-47379991(-)	ZNF488	targeting		
ZNF488#chr10:47379978-47379996(+)	ZNF488	targeting		
ZNF488#chr10:47384088-47384106(+)	ZNF488	targeting		
ZNF488#chr10:47384203-47384221(+)	ZNF488	targeting		
ZNF488#chr10:47384234-47384252(+)	ZNF488	targeting		
ZNF488#chr10:47384272-47384290(-)	ZNF488	targeting		
ZNF488#chr10:47384274-47384292(+)	ZNF488	targeting		
ZNF488#chr10:47384286-47384304(+)	ZNF488	targeting		
ZNF490#chr19:12610582-12610600(-)	ZNF490	targeting	-2.4560215	2.8858672838291015e-07
ZNF490#chr19:12610620-12610638(+)	ZNF490	targeting	-0.41787902	0.3141121192238562
ZNF490#chr19:12610684-12610702(-)	ZNF490	targeting	-1.5595399	0.0004045277652417
ZNF490#chr19:12610721-12610739(-)	ZNF490	targeting	-0.50619274	0.3618242822177161
ZNF490#chr19:12610727-12610745(-)	ZNF490	targeting	-0.5673073	0.3613164960906531
ZNF490#chr19:12610777-12610795(+)	ZNF490	targeting	-1.8187554	0.0220763989590131
ZNF491#chr19:11798590-11798608(-)	ZNF491	targeting		
ZNF491#chr19:11798606-11798624(-)	ZNF491	targeting		
ZNF491#chr19:11798625-11798643(+)	ZNF491	targeting		
ZNF491#chr19:11798641-11798659(-)	ZNF491	targeting		
ZNF491#chr19:11798644-11798662(-)	ZNF491	targeting		
ZNF491#chr19:11798782-11798800(-)	ZNF491	targeting		
ZNF492#chr19:22634333-22634351(+)	ZNF492	targeting		
ZNF492#chr19:22634362-22634380(+)	ZNF492	targeting		
ZNF492#chr19:22634590-22634608(-)	ZNF492	targeting		
ZNF492#chr19:22634618-22634636(+)	ZNF492	targeting		
ZNF492#chr19:22634631-22634649(-)	ZNF492	targeting		
ZNF492#chr19:22634737-22634755(-)	ZNF492	targeting		
ZNF493#chr19:21397161-21397179(-)	ZNF493	targeting		
ZNF493#chr19:21397188-21397206(-)	ZNF493	targeting		
ZNF493#chr19:21397301-21397319(+)	ZNF493	targeting		
ZNF493#chr19:21397305-21397323(+)	ZNF493	targeting		
ZNF493#chr19:21397424-21397442(-)	ZNF493	targeting		
ZNF493#chr19:21397507-21397525(-)	ZNF493	targeting		
ZNF496#chr1:247331476-247331494(+)	ZNF496	targeting	0.10011668	0.6912848248376882
ZNF496#chr1:247331623-247331641(+)	ZNF496	targeting	-0.18953398	0.3181428505982995
ZNF496#chr1:247331640-247331658(+)	ZNF496	targeting	-0.004376856	0.9774910013195368
ZNF496#chr1:247331790-247331808(+)	ZNF496	targeting	-0.18169084	0.4730476684799876
ZNF496#chr1:247331806-247331824(-)	ZNF496	targeting	-0.06483656	0.693749463039131
ZNF496#chr1:247331842-247331860(+)	ZNF496	targeting	-0.35430312	0.030097462999722
ZNF497#chr19:58362645-58362663(+)	ZNF497	targeting		
ZNF497#chr19:58362679-58362697(-)	ZNF497	targeting		
ZNF497#chr19:58362690-58362708(+)	ZNF497	targeting		
ZNF497#chr19:58362736-58362754(+)	ZNF497	targeting		
ZNF497#chr19:58362740-58362758(+)	ZNF497	targeting		
ZNF497#chr19:58362744-58362762(+)	ZNF497	targeting		
ZNF500#chr16:4767090-4767108(+)	ZNF500	targeting		
ZNF500#chr16:4767105-4767123(+)	ZNF500	targeting		
ZNF500#chr16:4767126-4767144(+)	ZNF500	targeting		
ZNF500#chr16:4767138-4767156(-)	ZNF500	targeting		
ZNF500#chr16:4767146-4767164(+)	ZNF500	targeting		
ZNF500#chr16:4767150-4767168(+)	ZNF500	targeting		
ZNF501#chr3:44729629-44729647(-)	ZNF501	targeting		
ZNF501#chr3:44729641-44729659(+)	ZNF501	targeting		
ZNF501#chr3:44729658-44729676(+)	ZNF501	targeting		
ZNF501#chr3:44729667-44729685(-)	ZNF501	targeting		
ZNF501#chr3:44729669-44729687(+)	ZNF501	targeting		
ZNF501#chr3:44729710-44729728(-)	ZNF501	targeting		
ZNF502#chr3:44712639-44712657(-)	ZNF502	targeting		
ZNF502#chr3:44712679-44712697(+)	ZNF502	targeting		
ZNF502#chr3:44712687-44712705(-)	ZNF502	targeting		
ZNF502#chr3:44712693-44712711(-)	ZNF502	targeting		
ZNF502#chr3:44712696-44712714(-)	ZNF502	targeting		
ZNF502#chr3:44712708-44712726(-)	ZNF502	targeting		
ZNF503#chr10:75401576-75401594(+)	ZNF503	targeting		
ZNF503#chr10:75401690-75401708(-)	ZNF503	targeting		
ZNF503#chr10:75401697-75401715(+)	ZNF503	targeting		
ZNF503#chr10:75401718-75401736(-)	ZNF503	targeting		
ZNF503#chr10:75401743-75401761(-)	ZNF503	targeting		
ZNF503#chr10:75401758-75401776(-)	ZNF503	targeting		
ZNF506#chr19:19821320-19821338(+)	ZNF506	targeting		
ZNF506#chr19:19821354-19821372(+)	ZNF506	targeting		
ZNF506#chr19:19821435-19821453(-)	ZNF506	targeting		
ZNF506#chr19:19821510-19821528(-)	ZNF506	targeting		
ZNF506#chr19:19821732-19821750(+)	ZNF506	targeting		
ZNF506#chr19:19821781-19821799(-)	ZNF506	targeting		
ZNF507#chr19:32345638-32345656(+)	ZNF507	targeting	-0.44681266	0.0156508925474504
ZNF507#chr19:32345658-32345676(+)	ZNF507	targeting	-1.5667284	3.11140432036398e-05
ZNF507#chr19:32345681-32345699(+)	ZNF507	targeting	-0.025075728	0.9790737438636732
ZNF507#chr19:32345736-32345754(+)	ZNF507	targeting	-0.1924396	0.5391049101616252
ZNF507#chr19:32345806-32345824(-)	ZNF507	targeting	-1.8596106	0.0073077617284968
ZNF507#chr19:32345827-32345845(-)	ZNF507	targeting	-1.277972	0.0383980627031844
ZNF510#chr9:96777850-96777868(-)	ZNF510	targeting		
ZNF510#chr9:96777998-96778016(+)	ZNF510	targeting		
ZNF510#chr9:96778036-96778054(-)	ZNF510	targeting		
ZNF510#chr9:96778050-96778068(-)	ZNF510	targeting		
ZNF510#chr9:96778052-96778070(+)	ZNF510	targeting		
ZNF510#chr9:96778070-96778088(+)	ZNF510	targeting		
ZNF511#chr10:133308569-133308587(+)	ZNF511	targeting		
ZNF511#chr10:133308680-133308698(-)	ZNF511	targeting		
ZNF511#chr10:133308938-133308956(-)	ZNF511	targeting		
ZNF511#chr10:133309004-133309022(-)	ZNF511	targeting		
ZNF511#chr10:133309137-133309155(-)	ZNF511	targeting		
ZNF511#chr10:133309289-133309307(+)	ZNF511	targeting		
ZNF512#chr2:27583020-27583038(+)	ZNF512	targeting		
ZNF512#chr2:27583044-27583062(+)	ZNF512	targeting		
ZNF512#chr2:27583053-27583071(+)	ZNF512	targeting		
ZNF512#chr2:27583063-27583081(+)	ZNF512	targeting		
ZNF512#chr2:27583080-27583098(-)	ZNF512	targeting		
ZNF512#chr2:27583123-27583141(-)	ZNF512	targeting		
ZNF512B#chr20:63969602-63969620(+)	ZNF512B	targeting	-0.41426823	0.0719985547550411
ZNF512B#chr20:63969735-63969753(+)	ZNF512B	targeting	-1.3065596	0.0112166664502477
ZNF512B#chr20:63969810-63969828(+)	ZNF512B	targeting	-1.5575267	0.0359860285175533
ZNF512B#chr20:63969874-63969892(+)	ZNF512B	targeting	-0.47900796	0.4668366782471993
ZNF512B#chr20:63969943-63969961(-)	ZNF512B	targeting	0.13167785	0.8241694430551021
ZNF512B#chr20:63969947-63969965(-)	ZNF512B	targeting	0.2905195	0.4835685116415641
ZNF513#chr2:27380581-27380599(-)	ZNF513	targeting		
ZNF513#chr2:27380708-27380726(-)	ZNF513	targeting		
ZNF513#chr2:27380711-27380729(-)	ZNF513	targeting		
ZNF513#chr2:27380732-27380750(-)	ZNF513	targeting		
ZNF513#chr2:27380739-27380757(-)	ZNF513	targeting		
ZNF514#chr2:95159466-95159484(+)	ZNF514	targeting		
ZNF514#chr2:95159470-95159488(+)	ZNF514	targeting		
ZNF514#chr2:95159481-95159499(+)	ZNF514	targeting		
ZNF514#chr2:95159526-95159544(+)	ZNF514	targeting		
ZNF514#chr2:95159540-95159558(-)	ZNF514	targeting		
ZNF514#chr2:95159560-95159578(-)	ZNF514	targeting		
ZNF514#chr2:95165541-95165559(+)	ZNF514	targeting		
ZNF514#chr2:95165558-95165576(+)	ZNF514	targeting		
ZNF514#chr2:95165605-95165623(-)	ZNF514	targeting		
ZNF514#chr2:95165608-95165626(+)	ZNF514	targeting		
ZNF514#chr2:95165622-95165640(-)	ZNF514	targeting		
ZNF514#chr2:95165644-95165662(-)	ZNF514	targeting		
ZNF516#chr18:76494781-76494799(-)	ZNF516	targeting	-0.28254414	0.000679624035083
ZNF516#chr18:76494937-76494955(+)	ZNF516	targeting	-0.48465073	0.1782478338437631
ZNF516#chr18:76495041-76495059(+)	ZNF516	targeting	-0.24385734	0.0519528477065993
ZNF516#chr18:76495132-76495150(+)	ZNF516	targeting	-0.39864767	0.0458084434848925
ZNF516#chr18:76495140-76495158(-)	ZNF516	targeting	-0.031244446	0.7926700658162856
ZNF516#chr18:76495181-76495199(+)	ZNF516	targeting	0.0152301965	0.9337465769730554
ZNF517#chr8:144798904-144798922(-)	ZNF517	targeting		
ZNF517#chr8:144798907-144798925(+)	ZNF517	targeting		
ZNF517#chr8:144798931-144798949(+)	ZNF517	targeting		
ZNF517#chr8:144799073-144799091(-)	ZNF517	targeting		
ZNF517#chr8:144799123-144799141(-)	ZNF517	targeting		
ZNF517#chr8:144799276-144799294(-)	ZNF517	targeting		
ZNF518A#chr10:96129910-96129928(+)	ZNF518A	targeting	0.09261794	0.4307286435016876
ZNF518A#chr10:96129935-96129953(-)	ZNF518A	targeting	-1.2067645	0.000181988661256
ZNF518A#chr10:96130098-96130116(+)	ZNF518A	targeting	-0.32812688	0.0481801729435923
ZNF518A#chr10:96130127-96130145(-)	ZNF518A	targeting	-0.46294293	9.425875361069022e-07
ZNF518A#chr10:96130429-96130447(+)	ZNF518A	targeting	-1.4926339	0.0052013488791726
ZNF518A#chr10:96130479-96130497(+)	ZNF518A	targeting	-2.2695973	5.837836294247343e-13
ZNF518B#chr4:10457085-10457103(-)	ZNF518B	targeting	0.23354517	0.4036464667334347
ZNF518B#chr4:10457335-10457353(+)	ZNF518B	targeting	-2.387804	4.148337287028644e-15
ZNF518B#chr4:10457341-10457359(-)	ZNF518B	targeting	-3.827531	1.5320846021344122e-05
ZNF518B#chr4:10457350-10457368(+)	ZNF518B	targeting	-2.1699836	5.648749300722504e-08
ZNF518B#chr4:10457391-10457409(-)	ZNF518B	targeting	-1.5847939	0.0026346836217549
ZNF518B#chr4:10457397-10457415(-)	ZNF518B	targeting	-2.1997166	2.245816751276995e-05
ZNF519#chr18:14132147-14132165(+)	ZNF519	targeting	-1.8279823	9.219292364496005e-18
ZNF519#chr18:14132237-14132255(-)	ZNF519	targeting	-1.23104	0.0069123720977065
ZNF519#chr18:14132336-14132354(+)	ZNF519	targeting	-1.841778	0.000417908209013
ZNF519#chr18:14132401-14132419(+)	ZNF519	targeting	-1.3630817	0.04789339527652
ZNF519#chr18:14132407-14132425(-)	ZNF519	targeting	-2.2600431	2.0257867650819087e-10
ZNF519#chr18:14132413-14132431(-)	ZNF519	targeting	-1.126529	0.0466965071892194
ZNF521#chr18:25351845-25351863(+)	ZNF521	targeting	-2.0607667	7.586613467248078e-14
ZNF521#chr18:25351860-25351878(+)	ZNF521	targeting	-1.5232775	5.983182627546576e-36
ZNF521#chr18:25352069-25352087(+)	ZNF521	targeting	-0.2077499	0.0858953072879456
ZNF521#chr18:25352081-25352099(+)	ZNF521	targeting	-0.26860732	0.0044834785459503
ZNF521#chr18:25352113-25352131(-)	ZNF521	targeting	-0.025863754	0.9039623747606736
ZNF521#chr18:25352123-25352141(+)	ZNF521	targeting	-0.2882952	0.1120755231622688
ZNF524#chr19:55600345-55600363(-)	ZNF524	targeting		
ZNF524#chr19:55600357-55600375(-)	ZNF524	targeting		
ZNF524#chr19:55600388-55600406(+)	ZNF524	targeting		
ZNF524#chr19:55600399-55600417(+)	ZNF524	targeting		
ZNF524#chr19:55600405-55600423(+)	ZNF524	targeting		
ZNF524#chr19:55600500-55600518(-)	ZNF524	targeting		
ZNF526#chr19:42220266-42220284(+)	ZNF526	targeting		
ZNF526#chr19:42220293-42220311(-)	ZNF526	targeting		
ZNF526#chr19:42220325-42220343(-)	ZNF526	targeting		
ZNF526#chr19:42220338-42220356(+)	ZNF526	targeting		
ZNF526#chr19:42220344-42220362(+)	ZNF526	targeting		
ZNF526#chr19:42220367-42220385(+)	ZNF526	targeting		
ZNF527#chr19:37371150-37371168(+)	ZNF527	targeting		
ZNF527#chr19:37371174-37371192(+)	ZNF527	targeting		
ZNF527#chr19:37371196-37371214(+)	ZNF527	targeting		
ZNF527#chr19:37371201-37371219(-)	ZNF527	targeting		
ZNF527#chr19:37371214-37371232(+)	ZNF527	targeting		
ZNF527#chr19:37371247-37371265(+)	ZNF527	targeting		
ZNF528#chr19:52397845-52397863(+)	ZNF528	targeting		
ZNF528#chr19:52397860-52397878(+)	ZNF528	targeting		
ZNF528#chr19:52397917-52397935(-)	ZNF528	targeting		
ZNF528#chr19:52397944-52397962(-)	ZNF528	targeting		
ZNF528#chr19:52397957-52397975(+)	ZNF528	targeting		
ZNF528#chr19:52398285-52398303(-)	ZNF528	targeting		
ZNF529#chr19:36573005-36573023(-)	ZNF529	targeting	-0.11752637	0.6388053902877122
ZNF529#chr19:36573035-36573053(-)	ZNF529	targeting	-0.61599135	0.1171311826824552
ZNF529#chr19:36573064-36573082(+)	ZNF529	targeting	-0.56904733	0.2161186931665965
ZNF529#chr19:36573223-36573241(-)	ZNF529	targeting	-1.1385087	0.0141001923927213
ZNF529#chr19:36573256-36573274(-)	ZNF529	targeting	-0.29236302	0.463108313866951
ZNF529#chr19:36573264-36573282(-)	ZNF529	targeting	-1.0128192	0.0072134374898702
ZNF530#chr19:57599888-57599906(+)	ZNF530	targeting		
ZNF530#chr19:57599902-57599920(-)	ZNF530	targeting		
ZNF530#chr19:57599922-57599940(+)	ZNF530	targeting		
ZNF530#chr19:57599937-57599955(-)	ZNF530	targeting		
ZNF530#chr19:57599950-57599968(-)	ZNF530	targeting		
ZNF530#chr19:57599959-57599977(+)	ZNF530	targeting		
ZNF532#chr18:58863471-58863489(-)	ZNF532	targeting	-0.30116442	0.0156308610115856
ZNF532#chr18:58863479-58863497(-)	ZNF532	targeting	-1.6298918	2.5357353840294072e-71
ZNF532#chr18:58863666-58863684(+)	ZNF532	targeting	-1.7310122	3.299542733795826e-38
ZNF532#chr18:58863723-58863741(+)	ZNF532	targeting	-1.9753149	2.044961519508404e-06
ZNF532#chr18:58863728-58863746(+)	ZNF532	targeting	-1.7602853	7.8826406041041395e-25
ZNF532#chr18:58863877-58863895(-)	ZNF532	targeting	-0.39511332	0.0001691001431726
ZNF532#chr18:58864861-58864879(+)	ZNF532	targeting	-1.0914208	4.736623674215506e-15
ZNF532#chr18:58864896-58864914(-)	ZNF532	targeting	-1.0830127	1.9550979927206182e-10
ZNF532#chr18:58864910-58864928(+)	ZNF532	targeting	-0.40265536	0.0782134208859022
ZNF532#chr18:58864941-58864959(-)	ZNF532	targeting	-0.23358914	0.1239148825202145
ZNF532#chr18:58864946-58864964(-)	ZNF532	targeting	-0.4612543	9.262531385693376e-07
ZNF532#chr18:58865051-58865069(+)	ZNF532	targeting	-0.5803538	0.0567808932772422
ZNF534#chr19:52429149-52429167(+)	ZNF534	targeting		
ZNF534#chr19:52429197-52429215(-)	ZNF534	targeting		
ZNF534#chr19:52429239-52429257(-)	ZNF534	targeting		
ZNF534#chr19:52429242-52429260(-)	ZNF534	targeting		
ZNF534#chr19:52429419-52429437(-)	ZNF534	targeting		
ZNF534#chr19:52429530-52429548(+)	ZNF534	targeting		
ZNF536#chr19:30372355-30372373(-)	ZNF536	targeting		
ZNF536#chr19:30372358-30372376(-)	ZNF536	targeting		
ZNF536#chr19:30372435-30372453(+)	ZNF536	targeting		
ZNF536#chr19:30372442-30372460(-)	ZNF536	targeting		
ZNF536#chr19:30372798-30372816(-)	ZNF536	targeting		
ZNF536#chr19:30372807-30372825(-)	ZNF536	targeting		
ZNF540#chr19:37551366-37551384(-)	ZNF540	targeting		
ZNF540#chr19:37551395-37551413(+)	ZNF540	targeting		
ZNF540#chr19:37551403-37551421(+)	ZNF540	targeting		
ZNF540#chr19:37551411-37551429(-)	ZNF540	targeting		
ZNF540#chr19:37551437-37551455(-)	ZNF540	targeting		
ZNF540#chr19:37551581-37551599(-)	ZNF540	targeting		
ZNF540#chr19:37594867-37594885(+)	ZNF540	targeting		
ZNF540#chr19:37594872-37594890(+)	ZNF540	targeting		
ZNF540#chr19:37594899-37594917(+)	ZNF540	targeting		
ZNF540#chr19:37594920-37594938(+)	ZNF540	targeting		
ZNF540#chr19:37594926-37594944(-)	ZNF540	targeting		
ZNF540#chr19:37594950-37594968(-)	ZNF540	targeting		
ZNF541#chr19:47540858-47540876(+)	ZNF541	targeting		
ZNF541#chr19:47540906-47540924(-)	ZNF541	targeting		
ZNF541#chr19:47540910-47540928(+)	ZNF541	targeting		
ZNF541#chr19:47540918-47540936(-)	ZNF541	targeting		
ZNF541#chr19:47540924-47540942(-)	ZNF541	targeting		
ZNF541#chr19:47540937-47540955(-)	ZNF541	targeting		
ZNF543#chr19:57320483-57320501(+)	ZNF543	targeting		
ZNF543#chr19:57320526-57320544(-)	ZNF543	targeting		
ZNF543#chr19:57320532-57320550(-)	ZNF543	targeting		
ZNF543#chr19:57320543-57320561(+)	ZNF543	targeting		
ZNF543#chr19:57320546-57320564(+)	ZNF543	targeting		
ZNF543#chr19:57320596-57320614(-)	ZNF543	targeting		
ZNF544#chr19:58228916-58228934(+)	ZNF544	targeting		
ZNF544#chr19:58228927-58228945(-)	ZNF544	targeting		
ZNF544#chr19:58228935-58228953(+)	ZNF544	targeting		
ZNF544#chr19:58228950-58228968(+)	ZNF544	targeting		
ZNF544#chr19:58228963-58228981(-)	ZNF544	targeting		
ZNF544#chr19:58229083-58229101(+)	ZNF544	targeting		
ZNF546#chr19:39997060-39997078(+)	ZNF546	targeting	-1.3214496	0.0139442786743482
ZNF546#chr19:39997076-39997094(-)	ZNF546	targeting	-0.46827936	0.4377069435060882
ZNF546#chr19:39997084-39997102(+)	ZNF546	targeting	-0.48175958	0.3189424266819019
ZNF546#chr19:39997123-39997141(-)	ZNF546	targeting	-0.8094729	0.0257496729701157
ZNF546#chr19:39997142-39997160(+)	ZNF546	targeting	0.73261815	0.0683653321468667
ZNF546#chr19:39997145-39997163(+)	ZNF546	targeting	-1.0354011	0.0536260199879394
ZNF547#chr19:57363543-57363561(+)	ZNF547	targeting		
ZNF547#chr19:57363555-57363573(+)	ZNF547	targeting		
ZNF547#chr19:57363570-57363588(+)	ZNF547	targeting		
ZNF547#chr19:57363658-57363676(-)	ZNF547	targeting		
ZNF547#chr19:57363667-57363685(-)	ZNF547	targeting		
ZNF547#chr19:57363686-57363704(+)	ZNF547	targeting		
ZNF548#chr19:57389857-57389875(+)	ZNF548	targeting		
ZNF548#chr19:57389871-57389889(-)	ZNF548	targeting		
ZNF548#chr19:57389911-57389929(-)	ZNF548	targeting		
ZNF548#chr19:57389921-57389939(-)	ZNF548	targeting		
ZNF548#chr19:57389974-57389992(+)	ZNF548	targeting		
ZNF548#chr19:57390145-57390163(-)	ZNF548	targeting		
ZNF549#chr19:57527382-57527400(-)	ZNF549	targeting		
ZNF549#chr19:57527405-57527423(+)	ZNF549	targeting		
ZNF549#chr19:57527443-57527461(+)	ZNF549	targeting		
ZNF549#chr19:57527529-57527547(-)	ZNF549	targeting		
ZNF549#chr19:57527722-57527740(+)	ZNF549	targeting		
ZNF549#chr19:57527737-57527755(+)	ZNF549	targeting		
ZNF550#chr19:57559735-57559753(+)	ZNF550	targeting		
ZNF550#chr19:57559772-57559790(-)	ZNF550	targeting		
ZNF550#chr19:57559781-57559799(-)	ZNF550	targeting		
ZNF550#chr19:57559794-57559812(-)	ZNF550	targeting		
ZNF550#chr19:57559827-57559845(-)	ZNF550	targeting		
ZNF550#chr19:57559868-57559886(-)	ZNF550	targeting		
ZNF551#chr19:57681980-57681998(+)	ZNF551	targeting		
ZNF551#chr19:57682041-57682059(-)	ZNF551	targeting		
ZNF551#chr19:57682048-57682066(+)	ZNF551	targeting		
ZNF551#chr19:57682052-57682070(+)	ZNF551	targeting		
ZNF551#chr19:57682194-57682212(+)	ZNF551	targeting		
ZNF551#chr19:57682197-57682215(+)	ZNF551	targeting		
ZNF552#chr19:57814838-57814856(-)	ZNF552	targeting		
ZNF552#chr19:57814848-57814866(-)	ZNF552	targeting		
ZNF552#chr19:57814858-57814876(-)	ZNF552	targeting		
ZNF552#chr19:57814884-57814902(+)	ZNF552	targeting		
ZNF552#chr19:57814896-57814914(-)	ZNF552	targeting		
ZNF552#chr19:57814898-57814916(+)	ZNF552	targeting		
ZNF554#chr19:2819875-2819893(-)	ZNF554	targeting		
ZNF554#chr19:2819887-2819905(+)	ZNF554	targeting		
ZNF554#chr19:2819910-2819928(+)	ZNF554	targeting		
ZNF554#chr19:2819955-2819973(+)	ZNF554	targeting		
ZNF554#chr19:2819982-2820000(+)	ZNF554	targeting		
ZNF554#chr19:2820225-2820243(+)	ZNF554	targeting		
ZNF555#chr19:2841473-2841491(-)	ZNF555	targeting		
ZNF555#chr19:2841488-2841506(+)	ZNF555	targeting		
ZNF555#chr19:2841499-2841517(-)	ZNF555	targeting		
ZNF555#chr19:2841503-2841521(-)	ZNF555	targeting		
ZNF555#chr19:2841514-2841532(-)	ZNF555	targeting		
ZNF555#chr19:2841524-2841542(-)	ZNF555	targeting		
ZNF556#chr19:2867311-2867329(-)	ZNF556	targeting		
ZNF556#chr19:2867334-2867352(-)	ZNF556	targeting		
ZNF556#chr19:2867344-2867362(-)	ZNF556	targeting		
ZNF556#chr19:2867354-2867372(-)	ZNF556	targeting		
ZNF556#chr19:2867368-2867386(-)	ZNF556	targeting		
ZNF556#chr19:2867555-2867573(-)	ZNF556	targeting		
ZNF557#chr19:7069669-7069687(+)	ZNF557	targeting	-0.21072043	0.4646312445255435
ZNF557#chr19:7069716-7069734(+)	ZNF557	targeting	-0.6498725	0.2452734027803707
ZNF557#chr19:7069728-7069746(+)	ZNF557	targeting	-1.1531719	0.028516300745012
ZNF557#chr19:7069756-7069774(-)	ZNF557	targeting	-1.2585965	0.0704204627391679
ZNF557#chr19:7069775-7069793(-)	ZNF557	targeting	-1.4313239	0.0037767387826927
ZNF557#chr19:7069843-7069861(-)	ZNF557	targeting	-0.890207	0.0568907154115985
ZNF558#chr19:8832123-8832141(-)	ZNF558	targeting		
ZNF558#chr19:8832232-8832250(+)	ZNF558	targeting		
ZNF558#chr19:8832240-8832258(+)	ZNF558	targeting		
ZNF558#chr19:8832244-8832262(-)	ZNF558	targeting		
ZNF558#chr19:8832292-8832310(-)	ZNF558	targeting		
ZNF558#chr19:8832297-8832315(-)	ZNF558	targeting		
ZNF559#chr19:9324199-9324217(+)	ZNF559	targeting		
ZNF559#chr19:9324208-9324226(+)	ZNF559	targeting		
ZNF559#chr19:9324407-9324425(+)	ZNF559	targeting		
ZNF559#chr19:9324414-9324432(-)	ZNF559	targeting		
ZNF559-ZNF177#chr19:9324239-9324257(+)	ZNF559-ZNF177	targeting	-0.21361431	0.3669046715544307
ZNF559-ZNF177#chr19:9324247-9324265(+)	ZNF559-ZNF177	targeting	-0.63809633	0.4162437775530443
ZNF559-ZNF177#chr19:9324268-9324286(-)	ZNF559-ZNF177	targeting	-0.51373464	0.3196146307148889
ZNF560#chr19:9498329-9498347(-)	ZNF560	targeting		
ZNF560#chr19:9498338-9498356(+)	ZNF560	targeting		
ZNF560#chr19:9498343-9498361(-)	ZNF560	targeting		
ZNF560#chr19:9498400-9498418(-)	ZNF560	targeting		
ZNF560#chr19:9498410-9498428(-)	ZNF560	targeting		
ZNF560#chr19:9498547-9498565(+)	ZNF560	targeting		
ZNF561#chr19:9621015-9621033(-)	ZNF561	targeting	-2.3546543	3.035426042874989e-08
ZNF561#chr19:9621130-9621148(+)	ZNF561	targeting	-0.8768348	0.0344875552687536
ZNF561#chr19:9621172-9621190(+)	ZNF561	targeting	-1.3383031	3.937661598991478e-05
ZNF561#chr19:9621185-9621203(-)	ZNF561	targeting	-1.634338	0.0231509358216484
ZNF561#chr19:9621194-9621212(+)	ZNF561	targeting	-2.7882574	0.0099299805945203
ZNF561#chr19:9621218-9621236(+)	ZNF561	targeting	-0.3333764	0.1493385209019697
ZNF562#chr19:9674624-9674642(-)	ZNF562	targeting		
ZNF562#chr19:9674646-9674664(+)	ZNF562	targeting		
ZNF562#chr19:9674860-9674878(-)	ZNF562	targeting		
ZNF562#chr19:9675006-9675024(+)	ZNF562	targeting		
ZNF562#chr19:9675032-9675050(+)	ZNF562	targeting		
ZNF562#chr19:9675067-9675085(+)	ZNF562	targeting		
ZNF563#chr19:12333265-12333283(+)	ZNF563	targeting		
ZNF563#chr19:12333372-12333390(+)	ZNF563	targeting		
ZNF563#chr19:12333403-12333421(-)	ZNF563	targeting		
ZNF563#chr19:12333449-12333467(-)	ZNF563	targeting		
ZNF563#chr19:12333535-12333553(+)	ZNF563	targeting		
ZNF563#chr19:12333593-12333611(+)	ZNF563	targeting		
ZNF564#chr19:12551173-12551191(+)	ZNF564	targeting		
ZNF564#chr19:12551229-12551247(-)	ZNF564	targeting		
ZNF564#chr19:12551367-12551385(-)	ZNF564	targeting		
ZNF564#chr19:12551395-12551413(+)	ZNF564	targeting		
ZNF564#chr19:12551444-12551462(+)	ZNF564	targeting		
ZNF565#chr19:36214555-36214573(+)	ZNF565	targeting	-0.23190752	0.4117554096902087
ZNF565#chr19:36214631-36214649(-)	ZNF565	targeting	0.14199959	0.7268407686514544
ZNF565#chr19:36214634-36214652(-)	ZNF565	targeting	-0.60690874	0.0955707502115143
ZNF565#chr19:36214647-36214665(-)	ZNF565	targeting	-0.47387436	0.5706076548628995
ZNF565#chr19:36214810-36214828(-)	ZNF565	targeting	0.043678064	0.8913855875285599
ZNF565#chr19:36214895-36214913(+)	ZNF565	targeting	-0.90028757	0.009743651882195
ZNF566#chr19:36489319-36489337(+)	ZNF566	targeting	-1.1202793	0.0505635105544607
ZNF566#chr19:36489458-36489476(+)	ZNF566	targeting	-0.8348717	0.0830864881812229
ZNF566#chr19:36489483-36489501(-)	ZNF566	targeting	-1.3424947	0.0102789617040243
ZNF566#chr19:36489502-36489520(+)	ZNF566	targeting	-1.9398053	0.0002684706829023
ZNF566#chr19:36489509-36489527(-)	ZNF566	targeting	-1.634735	0.0031657169794387
ZNF566#chr19:36489542-36489560(-)	ZNF566	targeting	-1.4352591	0.1042109497060885
ZNF567#chr19:36687619-36687637(+)	ZNF567	targeting	0.40792608	0.1142497116203551
ZNF567#chr19:36687623-36687641(+)	ZNF567	targeting	-0.2616234	0.5836080285809364
ZNF567#chr19:36687627-36687645(+)	ZNF567	targeting	-0.36025342	0.5412461818672645
ZNF567#chr19:36687636-36687654(+)	ZNF567	targeting	-0.99012065	0.2536842352994573
ZNF567#chr19:36687647-36687665(+)	ZNF567	targeting	-0.89817244	0.106177066541538
ZNF567#chr19:36687792-36687810(+)	ZNF567	targeting	0.22770329	0.7156045244829421
ZNF568#chr19:36916351-36916369(+)	ZNF568	targeting		
ZNF568#chr19:36916398-36916416(-)	ZNF568	targeting		
ZNF568#chr19:36916413-36916431(-)	ZNF568	targeting		
ZNF568#chr19:36916541-36916559(+)	ZNF568	targeting		
ZNF568#chr19:36916547-36916565(+)	ZNF568	targeting		
ZNF568#chr19:36916571-36916589(+)	ZNF568	targeting		
ZNF569#chr19:37466947-37466965(+)	ZNF569	targeting	-1.0709571	0.0655674839799663
ZNF569#chr19:37467166-37467184(+)	ZNF569	targeting	-0.8904617	0.3105680606043823
ZNF569#chr19:37467191-37467209(+)	ZNF569	targeting	-1.0297493	0.0220245385848095
ZNF569#chr19:37467203-37467221(-)	ZNF569	targeting	-1.2121508	0.098783495538256
ZNF569#chr19:37467206-37467224(+)	ZNF569	targeting	-3.548979	0.0004427341527907
ZNF569#chr19:37467217-37467235(-)	ZNF569	targeting	-1.8041879	9.17504023081332e-05
ZNF57#chr19:2900952-2900970(-)	ZNF57	targeting		
ZNF57#chr19:2900966-2900984(-)	ZNF57	targeting		
ZNF57#chr19:2900976-2900994(-)	ZNF57	targeting		
ZNF57#chr19:2900982-2901000(-)	ZNF57	targeting		
ZNF57#chr19:2901002-2901020(+)	ZNF57	targeting		
ZNF57#chr19:2901007-2901025(-)	ZNF57	targeting		
ZNF570#chr19:37467515-37467533(-)	ZNF570	targeting		
ZNF570#chr19:37467537-37467555(+)	ZNF570	targeting		
ZNF570#chr19:37467545-37467563(+)	ZNF570	targeting		
ZNF570#chr19:37467612-37467630(+)	ZNF570	targeting		
ZNF570#chr19:37467671-37467689(+)	ZNF570	targeting		
ZNF570#chr19:37467682-37467700(+)	ZNF570	targeting		
ZNF570#chr19:37469357-37469375(+)	ZNF570	targeting		
ZNF570#chr19:37469379-37469397(+)	ZNF570	targeting		
ZNF570#chr19:37469385-37469403(+)	ZNF570	targeting		
ZNF570#chr19:37469393-37469411(-)	ZNF570	targeting		
ZNF570#chr19:37469415-37469433(-)	ZNF570	targeting		
ZNF570#chr19:37469615-37469633(+)	ZNF570	targeting		
ZNF571#chr19:37594338-37594356(+)	ZNF571	targeting		
ZNF571#chr19:37594536-37594554(+)	ZNF571	targeting		
ZNF571#chr19:37594695-37594713(+)	ZNF571	targeting		
ZNF571#chr19:37594702-37594720(+)	ZNF571	targeting		
ZNF571#chr19:37594707-37594725(+)	ZNF571	targeting		
ZNF571#chr19:37594723-37594741(-)	ZNF571	targeting		
ZNF572#chr8:124973307-124973325(-)	ZNF572	targeting		
ZNF572#chr8:124973317-124973335(+)	ZNF572	targeting		
ZNF572#chr8:124973321-124973339(+)	ZNF572	targeting		
ZNF572#chr8:124973369-124973387(-)	ZNF572	targeting		
ZNF572#chr8:124973372-124973390(-)	ZNF572	targeting		
ZNF572#chr8:124973483-124973501(+)	ZNF572	targeting		
ZNF573#chr19:37779354-37779372(-)	ZNF573	targeting	-1.6717716	0.0166986849280293
ZNF573#chr19:37779406-37779424(-)	ZNF573	targeting	-0.89826596	0.0328847585386228
ZNF573#chr19:37779553-37779571(+)	ZNF573	targeting	-2.353961	0.0005619379545186
ZNF573#chr19:37779567-37779585(+)	ZNF573	targeting	-0.2099894	0.4907501981916763
ZNF573#chr19:37779581-37779599(-)	ZNF573	targeting	-1.0066797	0.0358091253800003
ZNF573#chr19:37779897-37779915(+)	ZNF573	targeting	-1.6601119	0.0032124889593561
ZNF574#chr19:42076166-42076184(+)	ZNF574	targeting		
ZNF574#chr19:42076173-42076191(+)	ZNF574	targeting		
ZNF574#chr19:42076179-42076197(+)	ZNF574	targeting		
ZNF574#chr19:42076194-42076212(+)	ZNF574	targeting		
ZNF574#chr19:42076207-42076225(+)	ZNF574	targeting		
ZNF574#chr19:42076211-42076229(+)	ZNF574	targeting		
ZNF574#chr19:42079194-42079212(-)	ZNF574	targeting		
ZNF574#chr19:42079210-42079228(+)	ZNF574	targeting		
ZNF574#chr19:42079213-42079231(+)	ZNF574	targeting		
ZNF574#chr19:42079393-42079411(-)	ZNF574	targeting		
ZNF574#chr19:42079481-42079499(+)	ZNF574	targeting		
ZNF574#chr19:42079570-42079588(-)	ZNF574	targeting		
ZNF575#chr19:43533413-43533431(+)	ZNF575	targeting		
ZNF575#chr19:43533423-43533441(-)	ZNF575	targeting		
ZNF575#chr19:43533467-43533485(-)	ZNF575	targeting		
ZNF575#chr19:43533473-43533491(-)	ZNF575	targeting		
ZNF575#chr19:43533651-43533669(+)	ZNF575	targeting		
ZNF575#chr19:43533782-43533800(-)	ZNF575	targeting		
ZNF576#chr19:43596605-43596623(+)	ZNF576	targeting		
ZNF576#chr19:43596617-43596635(+)	ZNF576	targeting		
ZNF576#chr19:43596622-43596640(-)	ZNF576	targeting		
ZNF576#chr19:43596625-43596643(+)	ZNF576	targeting		
ZNF576#chr19:43596649-43596667(+)	ZNF576	targeting		
ZNF576#chr19:43596965-43596983(+)	ZNF576	targeting		
ZNF577#chr19:51887666-51887684(+)	ZNF577	targeting	0.036176175	0.8539541669895214
ZNF577#chr19:51887851-51887869(+)	ZNF577	targeting	-0.010335633	0.973478475408643
ZNF577#chr19:51887898-51887916(-)	ZNF577	targeting	0.08026848	0.6917349674939304
ZNF577#chr19:51887908-51887926(-)	ZNF577	targeting	-0.09330202	0.7606406713330348
ZNF577#chr19:51887911-51887929(-)	ZNF577	targeting	0.05552342	0.88431249974967
ZNF577#chr19:51887922-51887940(-)	ZNF577	targeting	0.31938	0.0962757256831915
ZNF578#chr19:52453566-52453584(+)	ZNF578	targeting	-0.9917762	0.0406896625823296
ZNF578#chr19:52453578-52453596(+)	ZNF578	targeting	0.3179754	0.2884102397538891
ZNF578#chr19:52453593-52453611(-)	ZNF578	targeting	-0.19463952	0.618017629538314
ZNF578#chr19:52453620-52453638(-)	ZNF578	targeting	0.20065914	0.6864755991484117
ZNF578#chr19:52453797-52453815(-)	ZNF578	targeting	-0.40019417	0.3401679823800504
ZNF578#chr19:52453854-52453872(-)	ZNF578	targeting	-0.40013674	0.1879952172818911
ZNF579#chr19:55580641-55580659(+)	ZNF579	targeting	-1.7052798	0.0022821816827306
ZNF579#chr19:55580786-55580804(+)	ZNF579	targeting	-0.57553345	0.3180389043675785
ZNF579#chr19:55580822-55580840(+)	ZNF579	targeting	-2.911189	7.508587120502312e-06
ZNF579#chr19:55580826-55580844(+)	ZNF579	targeting	-1.0141913	0.0935555460830025
ZNF579#chr19:55580829-55580847(+)	ZNF579	targeting	-1.2037468	0.1273052035414584
ZNF579#chr19:55580832-55580850(+)	ZNF579	targeting	-1.6132405	0.0229882462984369
ZNF580#chr19:55635027-55635045(+)	ZNF580	targeting		
ZNF580#chr19:55635035-55635053(+)	ZNF580	targeting		
ZNF580#chr19:55635048-55635066(+)	ZNF580	targeting		
ZNF580#chr19:55635055-55635073(-)	ZNF580	targeting		
ZNF580#chr19:55635058-55635076(+)	ZNF580	targeting		
ZNF580#chr19:55635199-55635217(+)	ZNF580	targeting		
ZNF580#chr19:55641046-55641064(-)	ZNF580	targeting		
ZNF580#chr19:55641076-55641094(+)	ZNF580	targeting		
ZNF580#chr19:55641087-55641105(-)	ZNF580	targeting		
ZNF580#chr19:55641103-55641121(-)	ZNF580	targeting		
ZNF580#chr19:55641106-55641124(-)	ZNF580	targeting		
ZNF580#chr19:55641257-55641275(+)	ZNF580	targeting		
ZNF581#chr19:55643639-55643657(-)	ZNF581	targeting		
ZNF581#chr19:55643658-55643676(+)	ZNF581	targeting		
ZNF581#chr19:55643667-55643685(-)	ZNF581	targeting		
ZNF581#chr19:55643670-55643688(-)	ZNF581	targeting		
ZNF581#chr19:55643687-55643705(-)	ZNF581	targeting		
ZNF581#chr19:55643696-55643714(-)	ZNF581	targeting		
ZNF582#chr19:56393453-56393471(+)	ZNF582	targeting		
ZNF582#chr19:56393491-56393509(+)	ZNF582	targeting		
ZNF582#chr19:56393500-56393518(+)	ZNF582	targeting		
ZNF582#chr19:56393507-56393525(-)	ZNF582	targeting		
ZNF582#chr19:56393510-56393528(-)	ZNF582	targeting		
ZNF582#chr19:56393518-56393536(-)	ZNF582	targeting		
ZNF583#chr19:56404081-56404099(+)	ZNF583	targeting		
ZNF583#chr19:56404091-56404109(+)	ZNF583	targeting		
ZNF583#chr19:56404314-56404332(+)	ZNF583	targeting		
ZNF583#chr19:56404331-56404349(-)	ZNF583	targeting		
ZNF583#chr19:56404347-56404365(-)	ZNF583	targeting		
ZNF583#chr19:56404423-56404441(+)	ZNF583	targeting		
ZNF584#chr19:58408681-58408699(+)	ZNF584	targeting	-1.2363048	0.0271185834200869
ZNF584#chr19:58408687-58408705(-)	ZNF584	targeting	-0.7502908	0.1476693488358051
ZNF584#chr19:58408690-58408708(+)	ZNF584	targeting	-0.9173377	0.0236808307401506
ZNF584#chr19:58408749-58408767(-)	ZNF584	targeting	-0.31856242	0.4784153370222587
ZNF584#chr19:58408845-58408863(+)	ZNF584	targeting	-0.9019902	0.0193442080831193
ZNF584#chr19:58408928-58408946(-)	ZNF584	targeting	0.23855485	0.4836058381464519
ZNF585A#chr19:37172579-37172597(-)	ZNF585A	targeting		
ZNF585A#chr19:37172627-37172645(+)	ZNF585A	targeting		
ZNF585A#chr19:37172655-37172673(+)	ZNF585A	targeting		
ZNF585A#chr19:37172666-37172684(-)	ZNF585A	targeting		
ZNF585A#chr19:37172669-37172687(+)	ZNF585A	targeting		
ZNF585A#chr19:37172688-37172706(-)	ZNF585A	targeting		
ZNF585B#chr19:37210319-37210337(+)	ZNF585B	targeting		
ZNF585B#chr19:37210444-37210462(+)	ZNF585B	targeting		
ZNF585B#chr19:37210478-37210496(+)	ZNF585B	targeting		
ZNF585B#chr19:37210495-37210513(+)	ZNF585B	targeting		
ZNF585B#chr19:37210511-37210529(-)	ZNF585B	targeting		
ZNF585B#chr19:37210551-37210569(-)	ZNF585B	targeting		
ZNF586#chr19:57769688-57769706(+)	ZNF586	targeting	-1.0976512	0.004625159877786
ZNF586#chr19:57769699-57769717(+)	ZNF586	targeting	-0.11433043	0.7622364030242353
ZNF586#chr19:57769702-57769720(+)	ZNF586	targeting	-1.4975867	0.0079998692650806
ZNF586#chr19:57769707-57769725(+)	ZNF586	targeting	-0.9940164	0.0006253589520956
ZNF586#chr19:57769859-57769877(-)	ZNF586	targeting	-1.1499606	4.410802316380695e-08
ZNF586#chr19:57769912-57769930(-)	ZNF586	targeting	-0.26561555	0.3988030602843275
ZNF587#chr19:57849864-57849882(+)	ZNF587	targeting		
ZNF587#chr19:57850065-57850083(-)	ZNF587	targeting		
ZNF587#chr19:57850148-57850166(-)	ZNF587	targeting		
ZNF587#chr19:57850207-57850225(-)	ZNF587	targeting		
ZNF587#chr19:57850253-57850271(+)	ZNF587	targeting		
ZNF587#chr19:57850312-57850330(-)	ZNF587	targeting		
ZNF587B#chr19:57830307-57830325(+)	ZNF587B	targeting		
ZNF587B#chr19:57830390-57830408(-)	ZNF587B	targeting		
ZNF587B#chr19:57830531-57830549(+)	ZNF587B	targeting		
ZNF587B#chr19:57830628-57830646(+)	ZNF587B	targeting		
ZNF587B#chr19:57830640-57830658(+)	ZNF587B	targeting		
ZNF587B#chr19:57830823-57830841(+)	ZNF587B	targeting		
ZNF589#chr3:48241142-48241160(-)	ZNF589	targeting	-0.20326616	0.2861864522077763
ZNF589#chr3:48241179-48241197(+)	ZNF589	targeting	-2.0411146	0.0021192346295629
ZNF589#chr3:48241276-48241294(+)	ZNF589	targeting	-2.3286376	3.3224106346734254e-05
ZNF589#chr3:48241325-48241343(+)	ZNF589	targeting	-1.5332351	0.0006722400408677
ZNF589#chr3:48241338-48241356(-)	ZNF589	targeting	-2.0144382	0.0049349212504717
ZNF589#chr3:48241379-48241397(-)	ZNF589	targeting	-0.7729918	0.0101724778685789
ZNF592#chr15:84748588-84748606(-)	ZNF592	targeting	-1.6878148	9.694510425472922e-06
ZNF592#chr15:84748602-84748620(-)	ZNF592	targeting	-0.02245844	0.9252260676024232
ZNF592#chr15:84748617-84748635(+)	ZNF592	targeting	-0.33718094	0.1959277095317964
ZNF592#chr15:84748630-84748648(-)	ZNF592	targeting	-0.6057737	0.1040793434759044
ZNF592#chr15:84748829-84748847(-)	ZNF592	targeting	-0.00867483	0.953016720590356
ZNF592#chr15:84748957-84748975(+)	ZNF592	targeting	0.10661256	0.4437177469824971
ZNF593#chr1:26169886-26169904(-)	ZNF593	targeting	-0.15812452	0.8553837722826806
ZNF593#chr1:26169958-26169976(-)	ZNF593	targeting	-0.6554492	0.1330658669725621
ZNF593#chr1:26169998-26170016(-)	ZNF593	targeting	-0.3108367	0.5747091754258604
ZNF593#chr1:26170310-26170328(-)	ZNF593	targeting	-0.77790564	0.0316253557688926
ZNF593#chr1:26170329-26170347(+)	ZNF593	targeting	0.4566731	0.4094465120496582
ZNF593#chr1:26170352-26170370(+)	ZNF593	targeting	-1.3409632	0.0383535991754933
ZNF594#chr17:5191773-5191791(+)	ZNF594	targeting		
ZNF594#chr17:5191787-5191805(+)	ZNF594	targeting		
ZNF594#chr17:5191793-5191811(+)	ZNF594	targeting		
ZNF594#chr17:5191798-5191816(-)	ZNF594	targeting		
ZNF594#chr17:5191827-5191845(-)	ZNF594	targeting		
ZNF594#chr17:5191867-5191885(-)	ZNF594	targeting		
ZNF596#chr8:232385-232403(+)	ZNF596	targeting		
ZNF596#chr8:232453-232471(-)	ZNF596	targeting		
ZNF596#chr8:232586-232604(-)	ZNF596	targeting		
ZNF596#chr8:232872-232890(+)	ZNF596	targeting		
ZNF596#chr8:232878-232896(+)	ZNF596	targeting		
ZNF596#chr8:232886-232904(-)	ZNF596	targeting		
ZNF597#chr16:3443253-3443271(-)	ZNF597	targeting		
ZNF597#chr16:3443270-3443288(-)	ZNF597	targeting		
ZNF597#chr16:3443276-3443294(-)	ZNF597	targeting		
ZNF597#chr16:3443426-3443444(+)	ZNF597	targeting		
ZNF597#chr16:3443451-3443469(-)	ZNF597	targeting		
ZNF597#chr16:3443464-3443482(-)	ZNF597	targeting		
ZNF598#chr16:2009590-2009608(+)	ZNF598	targeting		
ZNF598#chr16:2009744-2009762(-)	ZNF598	targeting		
ZNF598#chr16:2009752-2009770(+)	ZNF598	targeting		
ZNF598#chr16:2009756-2009774(+)	ZNF598	targeting		
ZNF598#chr16:2009765-2009783(-)	ZNF598	targeting		
ZNF598#chr16:2009768-2009786(-)	ZNF598	targeting		
ZNF599#chr19:34773139-34773157(-)	ZNF599	targeting		
ZNF599#chr19:34773148-34773166(+)	ZNF599	targeting		
ZNF599#chr19:34773157-34773175(-)	ZNF599	targeting		
ZNF599#chr19:34773177-34773195(+)	ZNF599	targeting		
ZNF599#chr19:34773185-34773203(-)	ZNF599	targeting		
ZNF599#chr19:34773188-34773206(+)	ZNF599	targeting		
ZNF600#chr19:52786280-52786298(+)	ZNF600	targeting	-2.1252673	7.599773442744352e-09
ZNF600#chr19:52786330-52786348(+)	ZNF600	targeting	0.051711693	0.8945589074898044
ZNF600#chr19:52786368-52786386(+)	ZNF600	targeting	-2.375378	1.807630279638667e-12
ZNF600#chr19:52786652-52786670(-)	ZNF600	targeting	-1.2336735	0.1557436507128066
ZNF600#chr19:52786722-52786740(+)	ZNF600	targeting	-0.44890115	0.3806213454895041
ZNF600#chr19:52786771-52786789(-)	ZNF600	targeting	0.38688326	0.1613044578448678
ZNF605#chr12:132956111-132956129(+)	ZNF605	targeting		
ZNF605#chr12:132956224-132956242(-)	ZNF605	targeting		
ZNF605#chr12:132956239-132956257(-)	ZNF605	targeting		
ZNF605#chr12:132956245-132956263(-)	ZNF605	targeting		
ZNF605#chr12:132956264-132956282(+)	ZNF605	targeting		
ZNF605#chr12:132956330-132956348(+)	ZNF605	targeting		
ZNF606#chr19:58002729-58002747(+)	ZNF606	targeting	-1.218557	0.0100335056490101
ZNF606#chr19:58002732-58002750(+)	ZNF606	targeting	-0.022609571	0.9495442716051814
ZNF606#chr19:58002765-58002783(-)	ZNF606	targeting	-1.3324151	0.0900645780222513
ZNF606#chr19:58002777-58002795(-)	ZNF606	targeting	-0.8787841	0.0170559115681096
ZNF606#chr19:58002779-58002797(+)	ZNF606	targeting	0.057807393	0.7923886978265191
ZNF606#chr19:58002788-58002806(-)	ZNF606	targeting	-1.3559163	0.0282625500762715
ZNF607#chr19:37719376-37719394(+)	ZNF607	targeting		
ZNF607#chr19:37719632-37719650(+)	ZNF607	targeting		
ZNF607#chr19:37719685-37719703(-)	ZNF607	targeting		
ZNF607#chr19:37719707-37719725(-)	ZNF607	targeting		
ZNF607#chr19:37719724-37719742(-)	ZNF607	targeting		
ZNF607#chr19:37719732-37719750(-)	ZNF607	targeting		
ZNF608#chr5:124746563-124746581(-)	ZNF608	targeting	-0.5142684	0.0002873485750255
ZNF608#chr5:124746566-124746584(-)	ZNF608	targeting	-0.23590392	0.0005496236377938
ZNF608#chr5:124746575-124746593(-)	ZNF608	targeting	-0.24878602	0.0388421280636815
ZNF608#chr5:124746591-124746609(-)	ZNF608	targeting	-0.6033985	3.853429981047265e-07
ZNF608#chr5:124746604-124746622(+)	ZNF608	targeting	-0.57770556	0.011649202315713
ZNF608#chr5:124746632-124746650(-)	ZNF608	targeting	-0.03304173	0.7694105256387954
ZNF608#chr5:124748433-124748451(-)	ZNF608	targeting	-0.8833143	2.3565421903049785e-08
ZNF608#chr5:124748477-124748495(-)	ZNF608	targeting	-1.0006392	6.749914889881273e-07
ZNF608#chr5:124748732-124748750(-)	ZNF608	targeting	-0.04510329	0.6183088459687921
ZNF608#chr5:124748755-124748773(+)	ZNF608	targeting	-0.12015798	0.1603939657918443
ZNF608#chr5:124748787-124748805(+)	ZNF608	targeting	-0.3097766	0.0017477559295116
ZNF608#chr5:124748830-124748848(-)	ZNF608	targeting	-0.56982476	3.8782380081221126e-10
ZNF609#chr15:64499308-64499326(-)	ZNF609	targeting	0.039977185	0.7281099064111975
ZNF609#chr15:64499310-64499328(+)	ZNF609	targeting	0.07123913	0.3728198591009981
ZNF609#chr15:64499314-64499332(+)	ZNF609	targeting	0.019596798	0.9475668905095578
ZNF609#chr15:64499326-64499344(-)	ZNF609	targeting	-0.20293203	0.044571800578893
ZNF609#chr15:64499469-64499487(+)	ZNF609	targeting	0.07155303	0.3342923216651752
ZNF609#chr15:64499607-64499625(-)	ZNF609	targeting	-0.070295855	0.2823609296182849
ZNF610#chr19:52336284-52336302(-)	ZNF610	targeting		
ZNF610#chr19:52336351-52336369(-)	ZNF610	targeting		
ZNF610#chr19:52336487-52336505(-)	ZNF610	targeting		
ZNF610#chr19:52336558-52336576(-)	ZNF610	targeting		
ZNF610#chr19:52336675-52336693(+)	ZNF610	targeting		
ZNF610#chr19:52336751-52336769(-)	ZNF610	targeting		
ZNF611#chr19:52734629-52734647(+)	ZNF611	targeting	-2.1936738	4.696433257895846e-22
ZNF611#chr19:52734679-52734697(+)	ZNF611	targeting	-1.0096332	1.999858425404664e-19
ZNF611#chr19:52734723-52734741(+)	ZNF611	targeting	-0.122454174	0.3005057876215035
ZNF611#chr19:52734854-52734872(-)	ZNF611	targeting	-1.791377	7.444313639614635e-09
ZNF611#chr19:52734953-52734971(-)	ZNF611	targeting	-1.0180453	0.005758852433168
ZNF611#chr19:52735003-52735021(-)	ZNF611	targeting	-1.8998681	8.083382064846935e-14
ZNF613#chr19:51927443-51927461(-)	ZNF613	targeting		
ZNF613#chr19:51927446-51927464(-)	ZNF613	targeting		
ZNF613#chr19:51927473-51927491(+)	ZNF613	targeting		
ZNF613#chr19:51927499-51927517(+)	ZNF613	targeting		
ZNF613#chr19:51927503-51927521(+)	ZNF613	targeting		
ZNF613#chr19:51927685-51927703(-)	ZNF613	targeting		
ZNF614#chr19:52028250-52028268(+)	ZNF614	targeting	-0.840871	0.3122786685942007
ZNF614#chr19:52028312-52028330(-)	ZNF614	targeting	-1.4727244	0.0025250265927806
ZNF614#chr19:52028350-52028368(+)	ZNF614	targeting	-1.4571286	0.0290029482347003
ZNF614#chr19:52028355-52028373(+)	ZNF614	targeting	-1.877318	0.0016791655795315
ZNF614#chr19:52028362-52028380(+)	ZNF614	targeting	-1.2624749	0.0681194722012687
ZNF614#chr19:52028393-52028411(-)	ZNF614	targeting	-1.2730553	0.0089342363741485
ZNF615#chr19:52008137-52008155(+)	ZNF615	targeting		
ZNF615#chr19:52008147-52008165(-)	ZNF615	targeting		
ZNF615#chr19:52008168-52008186(-)	ZNF615	targeting		
ZNF615#chr19:52008181-52008199(-)	ZNF615	targeting		
ZNF615#chr19:52008188-52008206(+)	ZNF615	targeting		
ZNF615#chr19:52008192-52008210(+)	ZNF615	targeting		
ZNF616#chr19:52139499-52139517(+)	ZNF616	targeting		
ZNF616#chr19:52139801-52139819(+)	ZNF616	targeting		
ZNF616#chr19:52139886-52139904(+)	ZNF616	targeting		
ZNF616#chr19:52139897-52139915(+)	ZNF616	targeting		
ZNF616#chr19:52139911-52139929(-)	ZNF616	targeting		
ZNF616#chr19:52139916-52139934(-)	ZNF616	targeting		
ZNF618#chr9:113876242-113876260(-)	ZNF618	targeting	0.0904126	0.8618192191482397
ZNF618#chr9:113876365-113876383(-)	ZNF618	targeting	-1.3962419	0.0004508938969862
ZNF618#chr9:113876376-113876394(+)	ZNF618	targeting	-2.0121396	7.245551904661193e-08
ZNF618#chr9:113876381-113876399(-)	ZNF618	targeting	-1.5369071	3.717759898757442e-05
ZNF618#chr9:113876439-113876457(+)	ZNF618	targeting	-0.14183892	0.3208846953074915
ZNF618#chr9:113876523-113876541(+)	ZNF618	targeting	0.05875794	0.6552055066511635
ZNF619#chr3:40477174-40477192(+)	ZNF619	targeting		
ZNF619#chr3:40477193-40477211(-)	ZNF619	targeting		
ZNF619#chr3:40477202-40477220(-)	ZNF619	targeting		
ZNF619#chr3:40477204-40477222(+)	ZNF619	targeting		
ZNF619#chr3:40477241-40477259(-)	ZNF619	targeting		
ZNF619#chr3:40477331-40477349(+)	ZNF619	targeting		
ZNF620#chr3:40506098-40506116(-)	ZNF620	targeting	-0.32495347	0.311596792065237
ZNF620#chr3:40506105-40506123(+)	ZNF620	targeting	-1.2062811	0.0019737811735467
ZNF620#chr3:40506112-40506130(+)	ZNF620	targeting	-0.41404513	0.3438103965942812
ZNF620#chr3:40506118-40506136(+)	ZNF620	targeting	-1.5746475	0.0447286964732115
ZNF620#chr3:40506129-40506147(+)	ZNF620	targeting	-0.22731386	0.5567259061678291
ZNF620#chr3:40506138-40506156(-)	ZNF620	targeting	-0.153955	0.8477600010262055
ZNF621#chr3:40524961-40524979(-)	ZNF621	targeting	-2.0993643	1.4730952782230206e-08
ZNF621#chr3:40524975-40524993(-)	ZNF621	targeting	-2.20289	1.3811161816299085e-06
ZNF621#chr3:40524994-40525012(+)	ZNF621	targeting	-0.59608483	0.2244582978863909
ZNF621#chr3:40525038-40525056(-)	ZNF621	targeting	-0.56117946	0.1181232750829067
ZNF621#chr3:40525125-40525143(-)	ZNF621	targeting	-1.6408464	0.0004694015603623
ZNF621#chr3:40525152-40525170(+)	ZNF621	targeting	-1.8457772	3.356800947298036e-09
ZNF623#chr8:143636041-143636059(+)	ZNF623	targeting	-2.4358017	0.0024660602143046
ZNF623#chr8:143636054-143636072(+)	ZNF623	targeting	-2.239381	0.0175631694387078
ZNF623#chr8:143636081-143636099(+)	ZNF623	targeting	-1.3929336	0.0005174721721806
ZNF623#chr8:143636085-143636103(-)	ZNF623	targeting	-0.39943796	0.5363944848251966
ZNF623#chr8:143636089-143636107(+)	ZNF623	targeting	-1.0554683	0.0033151031556799
ZNF623#chr8:143636207-143636225(+)	ZNF623	targeting	-0.97237873	0.0208684203022454
ZNF624#chr17:16653731-16653749(+)	ZNF624	targeting		
ZNF624#chr17:16653746-16653764(+)	ZNF624	targeting		
ZNF624#chr17:16653760-16653778(+)	ZNF624	targeting		
ZNF624#chr17:16653771-16653789(+)	ZNF624	targeting		
ZNF624#chr17:16653790-16653808(+)	ZNF624	targeting		
ZNF624#chr17:16653808-16653826(+)	ZNF624	targeting		
ZNF625#chr19:12156627-12156645(+)	ZNF625	targeting		
ZNF625#chr19:12156630-12156648(+)	ZNF625	targeting		
ZNF625#chr19:12156666-12156684(-)	ZNF625	targeting		
ZNF625#chr19:12156683-12156701(+)	ZNF625	targeting		
ZNF625#chr19:12156697-12156715(-)	ZNF625	targeting		
ZNF626#chr19:20661066-20661084(+)	ZNF626	targeting		
ZNF626#chr19:20661223-20661241(-)	ZNF626	targeting		
ZNF626#chr19:20661503-20661521(+)	ZNF626	targeting		
ZNF626#chr19:20661522-20661540(-)	ZNF626	targeting		
ZNF626#chr19:20661528-20661546(+)	ZNF626	targeting		
ZNF626#chr19:20661590-20661608(-)	ZNF626	targeting		
ZNF627#chr19:11597454-11597472(+)	ZNF627	targeting	-2.4687006	0.0240817966612557
ZNF627#chr19:11597481-11597499(-)	ZNF627	targeting	-2.0398812	2.1852106992010978e-13
ZNF627#chr19:11597497-11597515(-)	ZNF627	targeting	-1.1635915	0.063294045131396
ZNF627#chr19:11597521-11597539(-)	ZNF627	targeting	-0.03114154	0.7866254651474633
ZNF627#chr19:11597537-11597555(-)	ZNF627	targeting	-1.0552659	7.695481542663351e-06
ZNF627#chr19:11597552-11597570(-)	ZNF627	targeting	-1.3355471	0.0050718072838662
ZNF628#chr19:55476626-55476644(+)	ZNF628	targeting		
ZNF628#chr19:55476631-55476649(+)	ZNF628	targeting		
ZNF628#chr19:55476638-55476656(-)	ZNF628	targeting		
ZNF628#chr19:55476641-55476659(-)	ZNF628	targeting		
ZNF628#chr19:55476672-55476690(-)	ZNF628	targeting		
ZNF628#chr19:55476803-55476821(+)	ZNF628	targeting		
ZNF629#chr16:30786960-30786978(-)	ZNF629	targeting	-0.011291744	0.9678978372305228
ZNF629#chr16:30787095-30787113(+)	ZNF629	targeting	0.105950415	0.7678328201619722
ZNF629#chr16:30787110-30787128(+)	ZNF629	targeting	-0.40657777	0.398390558149002
ZNF629#chr16:30787136-30787154(+)	ZNF629	targeting	-0.78688854	0.1932340129583881
ZNF629#chr16:30787168-30787186(-)	ZNF629	targeting	-0.9705282	0.2356103014961961
ZNF629#chr16:30787170-30787188(+)	ZNF629	targeting	-1.2098382	0.2091804019509177
ZNF630#chrX:48071350-48071368(+)	ZNF630	targeting		
ZNF630#chrX:48071587-48071605(+)	ZNF630	targeting		
ZNF630#chrX:48071613-48071631(+)	ZNF630	targeting		
ZNF630#chrX:48071622-48071640(-)	ZNF630	targeting		
ZNF630#chrX:48071633-48071651(-)	ZNF630	targeting		
ZNF630#chrX:48071643-48071661(+)	ZNF630	targeting		
ZNF639#chr3:179322853-179322871(+)	ZNF639	targeting	-0.016160665	0.9205005428645462
ZNF639#chr3:179323013-179323031(+)	ZNF639	targeting	0.47299087	0.2809451690933698
ZNF639#chr3:179323029-179323047(-)	ZNF639	targeting	-0.1332013	0.4048728912067271
ZNF639#chr3:179323047-179323065(+)	ZNF639	targeting	0.28601718	0.252847532830367
ZNF639#chr3:179323223-179323241(-)	ZNF639	targeting	-1.142491	1.0011845257280666e-11
ZNF639#chr3:179323253-179323271(-)	ZNF639	targeting	-0.47232807	0.0414132782912132
ZNF641#chr12:48350788-48350806(-)	ZNF641	targeting		
ZNF641#chr12:48350850-48350868(-)	ZNF641	targeting		
ZNF641#chr12:48350853-48350871(-)	ZNF641	targeting		
ZNF641#chr12:48350857-48350875(-)	ZNF641	targeting		
ZNF641#chr12:48350879-48350897(+)	ZNF641	targeting		
ZNF641#chr12:48350885-48350903(+)	ZNF641	targeting		
ZNF644#chr1:91021414-91021432(+)	ZNF644	targeting	-2.5638897	3.355795993642021e-07
ZNF644#chr1:91021604-91021622(-)	ZNF644	targeting	-2.2118409	2.5581711218573443e-23
ZNF644#chr1:91021610-91021628(-)	ZNF644	targeting	-2.5901701	4.942811540232195e-61
ZNF644#chr1:91021792-91021810(-)	ZNF644	targeting	-1.7298198	1.706801924486336e-13
ZNF644#chr1:91022002-91022020(-)	ZNF644	targeting	-0.495892	0.0010048628866905
ZNF644#chr1:91022058-91022076(-)	ZNF644	targeting	-2.1002831	3.499442684018526e-22
ZNF645#chrX:22272967-22272985(+)	ZNF645	targeting		
ZNF645#chrX:22272986-22273004(-)	ZNF645	targeting		
ZNF645#chrX:22273007-22273025(-)	ZNF645	targeting		
ZNF645#chrX:22273038-22273056(+)	ZNF645	targeting		
ZNF645#chrX:22273283-22273301(+)	ZNF645	targeting		
ZNF645#chrX:22273296-22273314(+)	ZNF645	targeting		
ZNF646#chr16:31074431-31074449(+)	ZNF646	targeting		
ZNF646#chr16:31074464-31074482(-)	ZNF646	targeting		
ZNF646#chr16:31074475-31074493(-)	ZNF646	targeting		
ZNF646#chr16:31074611-31074629(+)	ZNF646	targeting		
ZNF646#chr16:31074714-31074732(-)	ZNF646	targeting		
ZNF646#chr16:31074819-31074837(+)	ZNF646	targeting		
ZNF648#chr1:182061243-182061261(-)	ZNF648	targeting		
ZNF648#chr1:182061627-182061645(+)	ZNF648	targeting		
ZNF648#chr1:182061683-182061701(+)	ZNF648	targeting		
ZNF648#chr1:182061696-182061714(-)	ZNF648	targeting		
ZNF648#chr1:182061705-182061723(+)	ZNF648	targeting		
ZNF648#chr1:182061708-182061726(+)	ZNF648	targeting		
ZNF649#chr19:51904785-51904803(+)	ZNF649	targeting		
ZNF649#chr19:51904801-51904819(+)	ZNF649	targeting		
ZNF649#chr19:51904957-51904975(-)	ZNF649	targeting		
ZNF649#chr19:51904967-51904985(-)	ZNF649	targeting		
ZNF649#chr19:51904975-51904993(-)	ZNF649	targeting		
ZNF649#chr19:51904987-51905005(-)	ZNF649	targeting		
ZNF652#chr17:49361901-49361919(-)	ZNF652	targeting	0.088110834	0.5313038498541423
ZNF652#chr17:49362036-49362054(-)	ZNF652	targeting	-0.7923722	0.0493565591988356
ZNF652#chr17:49362048-49362066(-)	ZNF652	targeting	0.39332235	0.2251794764911277
ZNF652#chr17:49362061-49362079(-)	ZNF652	targeting	0.10094644	0.533651148775903
ZNF652#chr17:49362094-49362112(-)	ZNF652	targeting	-0.08980126	0.601121017126456
ZNF652#chr17:49362134-49362152(-)	ZNF652	targeting	-0.09708949	0.5944500065004743
ZNF653#chr19:11505753-11505771(-)	ZNF653	targeting		
ZNF653#chr19:11505793-11505811(-)	ZNF653	targeting		
ZNF653#chr19:11505798-11505816(-)	ZNF653	targeting		
ZNF653#chr19:11505811-11505829(-)	ZNF653	targeting		
ZNF653#chr19:11505814-11505832(-)	ZNF653	targeting		
ZNF653#chr19:11505830-11505848(-)	ZNF653	targeting		
ZNF654#chr3:88139198-88139216(+)	ZNF654	targeting		
ZNF654#chr3:88139213-88139231(+)	ZNF654	targeting		
ZNF654#chr3:88139230-88139248(-)	ZNF654	targeting		
ZNF654#chr3:88139331-88139349(+)	ZNF654	targeting		
ZNF654#chr3:88139341-88139359(+)	ZNF654	targeting		
ZNF654#chr3:88139357-88139375(+)	ZNF654	targeting		
ZNF655#chr7:99558677-99558695(-)	ZNF655	targeting		
ZNF655#chr7:99558680-99558698(-)	ZNF655	targeting		
ZNF655#chr7:99558731-99558749(+)	ZNF655	targeting		
ZNF655#chr7:99558840-99558858(+)	ZNF655	targeting		
ZNF655#chr7:99558881-99558899(-)	ZNF655	targeting		
ZNF655#chr7:99558949-99558967(-)	ZNF655	targeting		
ZNF660#chr3:44584993-44585011(+)	ZNF660	targeting		
ZNF660#chr3:44585009-44585027(+)	ZNF660	targeting		
ZNF660#chr3:44585018-44585036(+)	ZNF660	targeting		
ZNF660#chr3:44585045-44585063(+)	ZNF660	targeting		
ZNF660#chr3:44585176-44585194(-)	ZNF660	targeting		
ZNF660#chr3:44585205-44585223(-)	ZNF660	targeting		
ZNF662#chr3:42906147-42906165(-)	ZNF662	targeting		
ZNF662#chr3:42906162-42906180(+)	ZNF662	targeting		
ZNF662#chr3:42906169-42906187(+)	ZNF662	targeting		
ZNF662#chr3:42906209-42906227(+)	ZNF662	targeting		
ZNF662#chr3:42906255-42906273(-)	ZNF662	targeting		
ZNF662#chr3:42906485-42906503(-)	ZNF662	targeting		
ZNF664#chr12:123973207-123973225(+)	ZNF664	targeting		
ZNF664#chr12:123973210-123973228(+)	ZNF664	targeting		
ZNF664#chr12:123973218-123973236(+)	ZNF664	targeting		
ZNF664#chr12:123973225-123973243(-)	ZNF664	targeting		
ZNF664#chr12:123973263-123973281(+)	ZNF664	targeting		
ZNF664#chr12:123973500-123973518(+)	ZNF664	targeting		
ZNF665#chr19:53193238-53193256(+)	ZNF665	targeting		
ZNF665#chr19:53193249-53193267(+)	ZNF665	targeting		
ZNF665#chr19:53193282-53193300(+)	ZNF665	targeting		
ZNF665#chr19:53193294-53193312(+)	ZNF665	targeting		
ZNF665#chr19:53193329-53193347(-)	ZNF665	targeting		
ZNF665#chr19:53193337-53193355(-)	ZNF665	targeting		
ZNF667#chr19:56477265-56477283(+)	ZNF667	targeting		
ZNF667#chr19:56477269-56477287(-)	ZNF667	targeting		
ZNF667#chr19:56477274-56477292(-)	ZNF667	targeting		
ZNF667#chr19:56477277-56477295(+)	ZNF667	targeting		
ZNF667#chr19:56477280-56477298(+)	ZNF667	targeting		
ZNF667#chr19:56477308-56477326(-)	ZNF667	targeting		
ZNF668#chr16:31061487-31061505(-)	ZNF668	targeting		
ZNF668#chr16:31061498-31061516(-)	ZNF668	targeting		
ZNF668#chr16:31061520-31061538(+)	ZNF668	targeting		
ZNF668#chr16:31061528-31061546(-)	ZNF668	targeting		
ZNF668#chr16:31061548-31061566(-)	ZNF668	targeting		
ZNF668#chr16:31061766-31061784(-)	ZNF668	targeting		
ZNF669#chr1:247104086-247104104(+)	ZNF669	targeting		
ZNF669#chr1:247104160-247104178(-)	ZNF669	targeting		
ZNF669#chr1:247104244-247104262(+)	ZNF669	targeting		
ZNF669#chr1:247104308-247104326(+)	ZNF669	targeting		
ZNF669#chr1:247104329-247104347(+)	ZNF669	targeting		
ZNF669#chr1:247104350-247104368(+)	ZNF669	targeting		
ZNF670#chr1:247078347-247078365(+)	ZNF670	targeting		
ZNF670#chr1:247078619-247078637(+)	ZNF670	targeting		
ZNF670#chr1:247078683-247078701(+)	ZNF670	targeting		
ZNF670#chr1:247078688-247078706(+)	ZNF670	targeting		
ZNF670#chr1:247078737-247078755(-)	ZNF670	targeting		
ZNF670#chr1:247078788-247078806(-)	ZNF670	targeting		
ZNF671#chr19:57727407-57727425(+)	ZNF671	targeting		
ZNF671#chr19:57727534-57727552(-)	ZNF671	targeting		
ZNF671#chr19:57727537-57727555(-)	ZNF671	targeting		
ZNF671#chr19:57727553-57727571(-)	ZNF671	targeting		
ZNF671#chr19:57727566-57727584(-)	ZNF671	targeting		
ZNF671#chr19:57727573-57727591(+)	ZNF671	targeting		
ZNF672#chr1:248838231-248838249(-)	ZNF672	targeting	-1.1446967	0.0338996364527758
ZNF672#chr1:248838298-248838316(-)	ZNF672	targeting	-0.81954145	0.2469970286539414
ZNF672#chr1:248838314-248838332(-)	ZNF672	targeting	-0.7604051	0.3172703587339095
ZNF672#chr1:248838411-248838429(+)	ZNF672	targeting	-0.3915943	0.3915312004543255
ZNF672#chr1:248838424-248838442(-)	ZNF672	targeting	-0.15281901	0.6539931128157561
ZNF672#chr1:248838547-248838565(+)	ZNF672	targeting	-1.5576737	0.0586868709761829
ZNF674#chrX:46545361-46545379(-)	ZNF674	targeting	-0.4060196	0.4225889318259166
ZNF674#chrX:46545366-46545384(-)	ZNF674	targeting	-0.5686811	0.2295144507713323
ZNF674#chrX:46545378-46545396(+)	ZNF674	targeting	-0.72791857	0.2750091987547203
ZNF674#chrX:46545382-46545400(+)	ZNF674	targeting	-0.29475433	0.6596857131749968
ZNF674#chrX:46545395-46545413(-)	ZNF674	targeting	-0.62769747	0.1336844781354766
ZNF674#chrX:46545437-46545455(-)	ZNF674	targeting	-0.7378232	0.2231657432821781
ZNF675#chr19:23686689-23686707(-)	ZNF675	targeting	-2.253177	3.823240595539791e-08
ZNF675#chr19:23686724-23686742(-)	ZNF675	targeting	-1.4384903	0.005866573677515
ZNF675#chr19:23686958-23686976(+)	ZNF675	targeting	-1.0684111	0.0208481424030684
ZNF675#chr19:23686964-23686982(-)	ZNF675	targeting	-1.8376596	0.0033551558893067
ZNF675#chr19:23687101-23687119(-)	ZNF675	targeting	-1.2596195	0.1169035877725963
ZNF675#chr19:23687134-23687152(+)	ZNF675	targeting	-1.5730983	0.0162605052857666
ZNF676#chr19:22196649-22196667(+)	ZNF676	targeting		
ZNF676#chr19:22196750-22196768(+)	ZNF676	targeting		
ZNF676#chr19:22196760-22196778(-)	ZNF676	targeting		
ZNF676#chr19:22196801-22196819(+)	ZNF676	targeting		
ZNF676#chr19:22196898-22196916(+)	ZNF676	targeting		
ZNF676#chr19:22196931-22196949(-)	ZNF676	targeting		
ZNF677#chr19:53254674-53254692(-)	ZNF677	targeting	-2.0318472	9.440375387600805e-08
ZNF677#chr19:53254771-53254789(+)	ZNF677	targeting	-1.7904161	2.782477002210565e-07
ZNF677#chr19:53254804-53254822(+)	ZNF677	targeting	-1.5711824	1.5646597967379858e-05
ZNF677#chr19:53254836-53254854(-)	ZNF677	targeting	-1.7099801	0.0585741952878886
ZNF677#chr19:53254854-53254872(+)	ZNF677	targeting	-1.0725011	0.1129068905778085
ZNF677#chr19:53254864-53254882(-)	ZNF677	targeting	-2.0363321	1.3191848841951957e-08
ZNF678#chr1:227563558-227563576(-)	ZNF678	targeting	-2.0284307	7.610051272722187e-09
ZNF678#chr1:227563573-227563591(-)	ZNF678	targeting	-1.3531439	0.040982582955995
ZNF678#chr1:227563590-227563608(-)	ZNF678	targeting	-1.7308397	0.0002017115888672
ZNF678#chr1:227563722-227563740(+)	ZNF678	targeting	-1.9558295	4.292869061910115e-16
ZNF678#chr1:227563816-227563834(-)	ZNF678	targeting	-1.8388271	0.0161551181469439
ZNF678#chr1:227563898-227563916(-)	ZNF678	targeting	-0.41212896	0.0128425000995619
ZNF679#chr7:64248982-64249000(+)	ZNF679	targeting		
ZNF679#chr7:64248989-64249007(-)	ZNF679	targeting		
ZNF679#chr7:64249002-64249020(-)	ZNF679	targeting		
ZNF679#chr7:64249300-64249318(+)	ZNF679	targeting		
ZNF679#chr7:64249305-64249323(-)	ZNF679	targeting		
ZNF679#chr7:64249308-64249326(+)	ZNF679	targeting		
ZNF680#chr7:64562638-64562656(+)	ZNF680	targeting		
ZNF680#chr7:64562833-64562851(-)	ZNF680	targeting		
ZNF680#chr7:64562980-64562998(+)	ZNF680	targeting		
ZNF680#chr7:64562985-64563003(+)	ZNF680	targeting		
ZNF680#chr7:64563028-64563046(+)	ZNF680	targeting		
ZNF680#chr7:64563058-64563076(-)	ZNF680	targeting		
ZNF681#chr19:23758567-23758585(+)	ZNF681	targeting	-1.3969791	0.0065988831025859
ZNF681#chr19:23758608-23758626(-)	ZNF681	targeting	-1.0919634	0.1594838582518905
ZNF681#chr19:23758622-23758640(+)	ZNF681	targeting	-0.22100674	0.6521100229866581
ZNF681#chr19:23758821-23758839(+)	ZNF681	targeting	-1.8486367	1.38853414873329e-05
ZNF681#chr19:23758863-23758881(+)	ZNF681	targeting	-1.6843705	0.0019975792597181
ZNF681#chr19:23758868-23758886(-)	ZNF681	targeting	-2.3555887	0.0183635219501698
ZNF682#chr19:20039118-20039136(+)	ZNF682	targeting	-2.776054	5.214005157162542e-27
ZNF682#chr19:20039182-20039200(+)	ZNF682	targeting	-1.6614646	2.878989970921467e-07
ZNF682#chr19:20039223-20039241(+)	ZNF682	targeting	-1.3555406	0.000826228798461
ZNF682#chr19:20039272-20039290(-)	ZNF682	targeting	-1.1564975	0.0705422243339483
ZNF682#chr19:20039311-20039329(-)	ZNF682	targeting	-2.0373313	1.247588303823426e-07
ZNF682#chr19:20039478-20039496(-)	ZNF682	targeting	-2.252021	0.0001135506796749
ZNF683#chr1:26370343-26370361(-)	ZNF683	targeting		
ZNF683#chr1:26370628-26370646(+)	ZNF683	targeting		
ZNF683#chr1:26370672-26370690(-)	ZNF683	targeting		
ZNF683#chr1:26370735-26370753(+)	ZNF683	targeting		
ZNF683#chr1:26370747-26370765(+)	ZNF683	targeting		
ZNF683#chr1:26370751-26370769(+)	ZNF683	targeting		
ZNF684#chr1:40531633-40531651(+)	ZNF684	targeting	-0.74544704	0.2149261819180858
ZNF684#chr1:40531677-40531695(+)	ZNF684	targeting	-0.9330253	0.1096222424451894
ZNF684#chr1:40531680-40531698(+)	ZNF684	targeting	-0.79879683	0.2089605350576547
ZNF684#chr1:40531686-40531704(-)	ZNF684	targeting	-0.19572337	0.7087307866761844
ZNF684#chr1:40531714-40531732(-)	ZNF684	targeting	-1.0071114	0.127838645304136
ZNF684#chr1:40531724-40531742(+)	ZNF684	targeting	-0.34655365	0.6007578262476452
ZNF687#chr1:151282244-151282262(-)	ZNF687	targeting	0.47008488	0.1892024855705179
ZNF687#chr1:151282292-151282310(+)	ZNF687	targeting	-1.3745682	0.083069143061924
ZNF687#chr1:151282505-151282523(-)	ZNF687	targeting	0.15360342	0.7043182422194986
ZNF687#chr1:151282547-151282565(-)	ZNF687	targeting	-0.35361677	0.4042046414667838
ZNF687#chr1:151282651-151282669(+)	ZNF687	targeting	0.13833493	0.6087240824630864
ZNF687#chr1:151282666-151282684(+)	ZNF687	targeting	-0.4350256	0.0863496337155436
ZNF688#chr16:30571633-30571651(+)	ZNF688	targeting		
ZNF688#chr16:30571645-30571663(-)	ZNF688	targeting		
ZNF688#chr16:30571692-30571710(-)	ZNF688	targeting		
ZNF688#chr16:30571702-30571720(+)	ZNF688	targeting		
ZNF688#chr16:30571732-30571750(-)	ZNF688	targeting		
ZNF688#chr16:30571737-30571755(-)	ZNF688	targeting		
ZNF689#chr16:30610117-30610135(+)	ZNF689	targeting		
ZNF689#chr16:30610292-30610310(+)	ZNF689	targeting		
ZNF689#chr16:30610335-30610353(+)	ZNF689	targeting		
ZNF689#chr16:30610343-30610361(-)	ZNF689	targeting		
ZNF689#chr16:30610363-30610381(-)	ZNF689	targeting		
ZNF689#chr16:30610376-30610394(-)	ZNF689	targeting		
ZNF69#chr19:11887782-11887800(-)	ZNF69	targeting		
ZNF69#chr19:11887785-11887803(+)	ZNF69	targeting		
ZNF69#chr19:11887817-11887835(-)	ZNF69	targeting		
ZNF69#chr19:11887827-11887845(-)	ZNF69	targeting		
ZNF69#chr19:11887858-11887876(-)	ZNF69	targeting		
ZNF69#chr19:11888034-11888052(+)	ZNF69	targeting		
ZNF691#chr1:42846603-42846621(+)	ZNF691	targeting		
ZNF691#chr1:42846618-42846636(-)	ZNF691	targeting		
ZNF691#chr1:42846626-42846644(+)	ZNF691	targeting		
ZNF691#chr1:42846629-42846647(+)	ZNF691	targeting		
ZNF691#chr1:42846637-42846655(-)	ZNF691	targeting		
ZNF691#chr1:42846667-42846685(-)	ZNF691	targeting		
ZNF692#chr1:248858768-248858786(+)	ZNF692	targeting		
ZNF692#chr1:248858841-248858859(+)	ZNF692	targeting		
ZNF692#chr1:248859013-248859031(-)	ZNF692	targeting		
ZNF692#chr1:248859040-248859058(+)	ZNF692	targeting		
ZNF692#chr1:248859046-248859064(+)	ZNF692	targeting		
ZNF692#chr1:248859057-248859075(-)	ZNF692	targeting		
ZNF695#chr1:247007598-247007616(+)	ZNF695	targeting		
ZNF695#chr1:247007876-247007894(-)	ZNF695	targeting		
ZNF695#chr1:247007978-247007996(+)	ZNF695	targeting		
ZNF695#chr1:247007984-247008002(-)	ZNF695	targeting		
ZNF695#chr1:247008036-247008054(-)	ZNF695	targeting		
ZNF695#chr1:247008056-247008074(+)	ZNF695	targeting		
ZNF696#chr8:143291402-143291420(+)	ZNF696	targeting		
ZNF696#chr8:143291468-143291486(+)	ZNF696	targeting		
ZNF696#chr8:143291494-143291512(+)	ZNF696	targeting		
ZNF696#chr8:143291497-143291515(+)	ZNF696	targeting		
ZNF696#chr8:143291621-143291639(-)	ZNF696	targeting		
ZNF696#chr8:143291629-143291647(-)	ZNF696	targeting		
ZNF697#chr1:119647908-119647926(+)	ZNF697	targeting	0.08694058	0.7656435888041371
ZNF697#chr1:119648021-119648039(+)	ZNF697	targeting	-0.38666812	0.4543407531482603
ZNF697#chr1:119648060-119648078(+)	ZNF697	targeting	-0.12053127	0.7975277731700557
ZNF697#chr1:119648082-119648100(+)	ZNF697	targeting	-1.4625655	0.0121067319327097
ZNF697#chr1:119648249-119648267(+)	ZNF697	targeting	-1.8164023	0.0084450961718635
ZNF697#chr1:119648261-119648279(+)	ZNF697	targeting	-0.61789274	0.3748235374472513
ZNF699#chr19:9304950-9304968(-)	ZNF699	targeting		
ZNF699#chr19:9304998-9305016(+)	ZNF699	targeting		
ZNF699#chr19:9305006-9305024(+)	ZNF699	targeting		
ZNF699#chr19:9305026-9305044(-)	ZNF699	targeting		
ZNF699#chr19:9305116-9305134(-)	ZNF699	targeting		
ZNF699#chr19:9305119-9305137(-)	ZNF699	targeting		
ZNF699#chr19:9309449-9309467(+)	ZNF699	targeting		
ZNF699#chr19:9309566-9309584(+)	ZNF699	targeting		
ZNF699#chr19:9309640-9309658(+)	ZNF699	targeting		
ZNF699#chr19:9309648-9309666(+)	ZNF699	targeting		
ZNF699#chr19:9309709-9309727(+)	ZNF699	targeting		
ZNF699#chr19:9309723-9309741(-)	ZNF699	targeting		
ZNF7#chr8:144827546-144827564(+)	ZNF7	targeting		
ZNF7#chr8:144827573-144827591(+)	ZNF7	targeting		
ZNF7#chr8:144827585-144827603(+)	ZNF7	targeting		
ZNF7#chr8:144827591-144827609(-)	ZNF7	targeting		
ZNF7#chr8:144827602-144827620(+)	ZNF7	targeting		
ZNF7#chr8:144827646-144827664(-)	ZNF7	targeting		
ZNF70#chr22:23750907-23750925(+)	ZNF70	targeting		
ZNF70#chr22:23750916-23750934(+)	ZNF70	targeting		
ZNF70#chr22:23751047-23751065(+)	ZNF70	targeting		
ZNF70#chr22:23751056-23751074(+)	ZNF70	targeting		
ZNF70#chr22:23751072-23751090(-)	ZNF70	targeting		
ZNF70#chr22:23751081-23751099(-)	ZNF70	targeting		
ZNF700#chr19:11925559-11925577(+)	ZNF700	targeting		
ZNF701#chr19:52570273-52570291(+)	ZNF701	targeting	-0.38834602	0.2751673188638011
ZNF701#chr19:52570307-52570325(-)	ZNF701	targeting	-0.06770876	0.8957765487382174
ZNF701#chr19:52570358-52570376(+)	ZNF701	targeting	0.19545993	0.8056239984976434
ZNF701#chr19:52570369-52570387(-)	ZNF701	targeting	-0.19388177	0.5985781294144679
ZNF701#chr19:52570431-52570449(-)	ZNF701	targeting	-1.249686	0.0107023270379615
ZNF701#chr19:52570697-52570715(+)	ZNF701	targeting	-0.9852547	0.0427414744859288
ZNF703#chr8:37695762-37695780(+)	ZNF703	targeting		
ZNF703#chr8:37695790-37695808(+)	ZNF703	targeting		
ZNF703#chr8:37695793-37695811(+)	ZNF703	targeting		
ZNF703#chr8:37696161-37696179(-)	ZNF703	targeting		
ZNF703#chr8:37696203-37696221(-)	ZNF703	targeting		
ZNF703#chr8:37696272-37696290(-)	ZNF703	targeting		
ZNF704#chr8:80873496-80873514(-)	ZNF704	targeting	0.028082531	0.9384745022431364
ZNF704#chr8:80873788-80873806(+)	ZNF704	targeting	-1.0775796	0.0024076290202201
ZNF704#chr8:80873791-80873809(+)	ZNF704	targeting	-0.5346117	0.0007813383220636
ZNF704#chr8:80873880-80873898(-)	ZNF704	targeting	-0.22432055	0.3785960786077547
ZNF704#chr8:80874487-80874505(-)	ZNF704	targeting	-0.30654985	0.6447638201871528
ZNF704#chr8:80874490-80874508(-)	ZNF704	targeting	-1.088214	0.0227367274798138
ZNF705A#chr12:8156626-8156644(+)	ZNF705A	targeting		
ZNF705A#chr12:8156665-8156683(-)	ZNF705A	targeting		
ZNF705A#chr12:8156791-8156809(+)	ZNF705A	targeting		
ZNF705A#chr12:8156794-8156812(+)	ZNF705A	targeting		
ZNF705A#chr12:8156799-8156817(+)	ZNF705A	targeting		
ZNF705A#chr12:8156899-8156917(+)	ZNF705A	targeting		
ZNF706#chr8:101205100-101205118(+)	ZNF706	targeting	-0.08490886	0.5771052880540486
ZNF706#chr8:101205114-101205132(-)	ZNF706	targeting	-0.5551044	0.0590734660072554
ZNF706#chr8:101205198-101205216(-)	ZNF706	targeting	-0.17337388	0.5785578281282813
ZNF706#chr8:101205386-101205404(-)	ZNF706	targeting	0.21601483	0.0772849262170991
ZNF706#chr8:101205430-101205448(-)	ZNF706	targeting	-0.27407423	0.0676066870884208
ZNF706#chr8:101205438-101205456(+)	ZNF706	targeting	-0.02422333	0.8464672782425998
ZNF707#chr8:143684490-143684508(+)	ZNF707	targeting		
ZNF707#chr8:143684507-143684525(+)	ZNF707	targeting		
ZNF707#chr8:143684510-143684528(+)	ZNF707	targeting		
ZNF707#chr8:143684524-143684542(-)	ZNF707	targeting		
ZNF707#chr8:143684538-143684556(-)	ZNF707	targeting		
ZNF707#chr8:143684647-143684665(+)	ZNF707	targeting		
ZNF708#chr19:21328872-21328890(+)	ZNF708	targeting	-2.4742904	3.0442270315177997e-20
ZNF708#chr19:21329270-21329288(+)	ZNF708	targeting	-3.4699855	6.67804467833194e-05
ZNF708#chr19:21329320-21329338(+)	ZNF708	targeting	-1.7148381	4.607125073566944e-05
ZNF708#chr19:21329386-21329404(-)	ZNF708	targeting	-1.8839566	0.0021914653609168
ZNF708#chr19:21329391-21329409(-)	ZNF708	targeting	-1.7632936	2.36841445879384e-05
ZNF708#chr19:21329396-21329414(-)	ZNF708	targeting	-1.7410505	0.0705815725254206
ZNF709#chr19:12551406-12551424(+)	ZNF709	targeting		
ZNF71#chr19:56595272-56595290(+)	ZNF71	targeting		
ZNF71#chr19:56595290-56595308(+)	ZNF71	targeting		
ZNF71#chr19:56595306-56595324(+)	ZNF71	targeting		
ZNF71#chr19:56595353-56595371(-)	ZNF71	targeting		
ZNF71#chr19:56595357-56595375(-)	ZNF71	targeting		
ZNF71#chr19:56595413-56595431(+)	ZNF71	targeting		
ZNF710#chr15:90001322-90001340(+)	ZNF710	targeting	-0.47651482	0.0969050352092907
ZNF710#chr15:90001327-90001345(-)	ZNF710	targeting	-1.4254931	0.0005682893979716
ZNF710#chr15:90001363-90001381(-)	ZNF710	targeting	-1.1155323	0.0002472529405675
ZNF710#chr15:90001446-90001464(+)	ZNF710	targeting	-1.6261293	0.0003147013695755
ZNF710#chr15:90001519-90001537(+)	ZNF710	targeting	-0.50431675	0.4665276706945636
ZNF710#chr15:90001743-90001761(-)	ZNF710	targeting	-0.2901674	0.0603665495390036
ZNF711#chrX:85244029-85244047(+)	ZNF711	targeting	-0.94823915	0.000554933555995
ZNF711#chrX:85244039-85244057(+)	ZNF711	targeting	-1.0023159	0.0300116410094917
ZNF711#chrX:85244055-85244073(-)	ZNF711	targeting	-1.162421	0.0033828014332172
ZNF711#chrX:85244088-85244106(-)	ZNF711	targeting	-2.519922	0.0032876842204605
ZNF711#chrX:85244176-85244194(+)	ZNF711	targeting	-1.5521182	0.0061193655929022
ZNF711#chrX:85244201-85244219(+)	ZNF711	targeting	-0.83242357	0.0261518624999887
ZNF713#chr7:55887473-55887491(-)	ZNF713	targeting		
ZNF713#chr7:55887483-55887501(+)	ZNF713	targeting		
ZNF713#chr7:55887491-55887509(-)	ZNF713	targeting		
ZNF713#chr7:55887512-55887530(-)	ZNF713	targeting		
ZNF713#chr7:55887524-55887542(+)	ZNF713	targeting		
ZNF713#chr7:55887537-55887555(-)	ZNF713	targeting		
ZNF714#chr19:21082248-21082266(-)	ZNF714	targeting	-1.6286132	5.424647566326869e-12
ZNF714#chr19:21082326-21082344(-)	ZNF714	targeting	-1.9006568	9.5929443095894e-07
ZNF714#chr19:21082382-21082400(+)	ZNF714	targeting	-1.6711819	8.364289316054402e-18
ZNF714#chr19:21082385-21082403(+)	ZNF714	targeting	-1.8231411	1.616783377818468e-15
ZNF714#chr19:21082573-21082591(+)	ZNF714	targeting	-1.9078197	1.4548449307265265e-08
ZNF714#chr19:21082656-21082674(-)	ZNF714	targeting	-0.16098046	0.5782315566287579
ZNF716#chr7:57450152-57450170(+)	ZNF716	targeting		
ZNF716#chr7:57450163-57450181(-)	ZNF716	targeting		
ZNF716#chr7:57450476-57450494(-)	ZNF716	targeting		
ZNF716#chr7:57450479-57450497(+)	ZNF716	targeting		
ZNF716#chr7:57450635-57450653(+)	ZNF716	targeting		
ZNF716#chr7:57450653-57450671(+)	ZNF716	targeting		
ZNF717#chr3:75785103-75785121(+)	ZNF717	targeting		
ZNF717#chr3:75785110-75785128(-)	ZNF717	targeting		
ZNF717#chr3:75785374-75785392(-)	ZNF717	targeting		
ZNF717#chr3:75785460-75785478(+)	ZNF717	targeting		
ZNF717#chr3:75785470-75785488(-)	ZNF717	targeting		
ZNF717#chr3:75785530-75785548(-)	ZNF717	targeting		
ZNF718#chr4:124521-124539(-)	ZNF718	targeting	-0.20227419	0.8257963257635815
ZNF718#chr4:124542-124560(-)	ZNF718	targeting	-2.97477	1.599565548346092e-17
ZNF718#chr4:124545-124563(+)	ZNF718	targeting	-0.34425065	0.2301092787149513
ZNF718#chr4:124558-124576(-)	ZNF718	targeting	-2.5799847	2.181798446526872e-11
ZNF718#chr4:124563-124581(-)	ZNF718	targeting	-2.5450146	4.463852859829304e-11
ZNF718#chr4:124741-124759(+)	ZNF718	targeting	-0.23840618	0.0858251596720777
ZNF720#chr16:31713278-31713296(+)	ZNF720	targeting	-1.4571437	1.0640938637530832e-06
ZNF720#chr16:31713303-31713321(+)	ZNF720	targeting	-0.3463457	0.4631230461845229
ZNF720#chr16:31713312-31713330(-)	ZNF720	targeting	-1.205606	0.0001631794587313
ZNF720#chr16:31713362-31713380(-)	ZNF720	targeting	-1.4432677	2.233677944022704e-07
ZNF720#chr16:31713449-31713467(+)	ZNF720	targeting	-0.5606414	1.5062348839232457e-07
ZNF720#chr16:31713557-31713575(-)	ZNF720	targeting	-1.6925511	3.323829416996987e-15
ZNF721#chr4:473918-473936(-)	ZNF721	targeting	0.13037185	0.6001278576746258
ZNF721#chr4:474090-474108(-)	ZNF721	targeting	0.33161256	0.1525096746454028
ZNF721#chr4:474130-474148(+)	ZNF721	targeting	-0.25463188	0.4670749239773354
ZNF721#chr4:474155-474173(-)	ZNF721	targeting	-0.21346278	0.5527181356170078
ZNF721#chr4:474158-474176(-)	ZNF721	targeting	0.10458095	0.5258964978392406
ZNF721#chr4:474180-474198(-)	ZNF721	targeting	-0.07598137	0.6340155164743104
ZNF721#chr4:499060-499078(+)	ZNF721	targeting	-0.15427747	0.5586879292435765
ZNF721#chr4:499085-499103(+)	ZNF721	targeting	0.30165228	0.3313128049056384
ZNF721#chr4:499092-499110(+)	ZNF721	targeting	0.57740915	0.0100767268607134
ZNF721#chr4:499103-499121(-)	ZNF721	targeting	-0.8730459	0.0765383187978807
ZNF721#chr4:499121-499139(-)	ZNF721	targeting	-0.41536412	0.4544746604080382
ZNF721#chr4:499125-499143(-)	ZNF721	targeting	-1.7848607	4.734017773547376e-08
ZNF726#chr19:23914882-23914900(+)	ZNF726	targeting		
ZNF726#chr19:23914922-23914940(-)	ZNF726	targeting		
ZNF726#chr19:23915083-23915101(-)	ZNF726	targeting		
ZNF726#chr19:23915113-23915131(-)	ZNF726	targeting		
ZNF726#chr19:23915182-23915200(-)	ZNF726	targeting		
ZNF726#chr19:23915284-23915302(+)	ZNF726	targeting		
ZNF727#chr7:64045494-64045512(-)	ZNF727	targeting		
ZNF727#chr7:64045509-64045527(-)	ZNF727	targeting		
ZNF727#chr7:64045518-64045536(-)	ZNF727	targeting		
ZNF727#chr7:64045523-64045541(-)	ZNF727	targeting		
ZNF727#chr7:64045543-64045561(-)	ZNF727	targeting		
ZNF727#chr7:64045724-64045742(+)	ZNF727	targeting		
ZNF729#chr19:22286430-22286448(+)	ZNF729	targeting		
ZNF729#chr19:22286442-22286460(-)	ZNF729	targeting		
ZNF729#chr19:22286488-22286506(+)	ZNF729	targeting		
ZNF729#chr19:22286492-22286510(-)	ZNF729	targeting		
ZNF729#chr19:22286518-22286536(-)	ZNF729	targeting		
ZNF729#chr19:22286669-22286687(-)	ZNF729	targeting		
ZNF730#chr19:23117045-23117063(-)	ZNF730	targeting	0.011498309	0.9482678977825654
ZNF730#chr19:23117048-23117066(-)	ZNF730	targeting	-0.046403993	0.8252815702057409
ZNF730#chr19:23117056-23117074(-)	ZNF730	targeting	-0.17314862	0.0056137508364359
ZNF730#chr19:23117102-23117120(+)	ZNF730	targeting	0.023790836	0.8825325416023345
ZNF730#chr19:23117329-23117347(-)	ZNF730	targeting	0.03320926	0.857052370929041
ZNF730#chr19:23117463-23117481(+)	ZNF730	targeting	-0.05402625	0.5935608713819094
ZNF732#chr4:305400-305418(-)	ZNF732	targeting	-1.2466439	0.0013456451601552
ZNF732#chr4:305408-305426(-)	ZNF732	targeting	-2.1864667	0.0007498236679183
ZNF732#chr4:305413-305431(+)	ZNF732	targeting	-1.8275915	0.0124485994765511
ZNF732#chr4:305417-305435(-)	ZNF732	targeting	-2.122364	6.066363804539583e-05
ZNF732#chr4:305419-305437(+)	ZNF732	targeting	-1.2718875	0.0298803113260303
ZNF732#chr4:305448-305466(-)	ZNF732	targeting	-1.5392503	0.0147179764445686
ZNF735#chr7:64207366-64207384(-)	ZNF735	targeting		
ZNF735#chr7:64207372-64207390(-)	ZNF735	targeting		
ZNF735#chr7:64207395-64207413(-)	ZNF735	targeting		
ZNF735#chr7:64207519-64207537(+)	ZNF735	targeting		
ZNF735#chr7:64207533-64207551(+)	ZNF735	targeting		
ZNF735#chr7:64207627-64207645(+)	ZNF735	targeting		
ZNF736#chr7:64307448-64307466(+)	ZNF736	targeting		
ZNF736#chr7:64307452-64307470(-)	ZNF736	targeting		
ZNF736#chr7:64307484-64307502(+)	ZNF736	targeting		
ZNF736#chr7:64307511-64307529(-)	ZNF736	targeting		
ZNF736#chr7:64307526-64307544(-)	ZNF736	targeting		
ZNF736#chr7:64307852-64307870(-)	ZNF736	targeting		
ZNF736#chr7:64314004-64314022(-)	ZNF736	targeting		
ZNF736#chr7:64314044-64314062(-)	ZNF736	targeting		
ZNF736#chr7:64314047-64314065(-)	ZNF736	targeting		
ZNF736#chr7:64314052-64314070(-)	ZNF736	targeting		
ZNF736#chr7:64314061-64314079(-)	ZNF736	targeting		
ZNF736#chr7:64314122-64314140(+)	ZNF736	targeting		
ZNF737#chr19:20565326-20565344(+)	ZNF737	targeting		
ZNF737#chr19:20565422-20565440(+)	ZNF737	targeting		
ZNF737#chr19:20565432-20565450(+)	ZNF737	targeting		
ZNF737#chr19:20565464-20565482(+)	ZNF737	targeting		
ZNF737#chr19:20565593-20565611(-)	ZNF737	targeting		
ZNF737#chr19:20565654-20565672(-)	ZNF737	targeting		
ZNF74#chr22:20394177-20394195(+)	ZNF74	targeting	-0.16408503	0.7772660550253855
ZNF74#chr22:20394191-20394209(-)	ZNF74	targeting	-2.5745492	5.1803923676767314e-05
ZNF74#chr22:20394214-20394232(-)	ZNF74	targeting	-1.0472164	0.0585340385085993
ZNF74#chr22:20394216-20394234(+)	ZNF74	targeting	-1.0211567	0.2212631321989154
ZNF74#chr22:20394226-20394244(-)	ZNF74	targeting	-0.18848968	0.4622575583998093
ZNF74#chr22:20394251-20394269(-)	ZNF74	targeting	-2.0949106	1.2900167446278192e-05
ZNF740#chr12:53180727-53180745(+)	ZNF740	targeting	-1.4746807	0.0016501127912772
ZNF740#chr12:53180734-53180752(-)	ZNF740	targeting	-0.20414515	0.4007435977629354
ZNF740#chr12:53180748-53180766(+)	ZNF740	targeting	-2.1766238	0.0265735844679519
ZNF740#chr12:53180755-53180773(-)	ZNF740	targeting	-0.21105415	0.4317126338489107
ZNF740#chr12:53181043-53181061(+)	ZNF740	targeting	0.0782784	0.8149367521511822
ZNF740#chr12:53181177-53181195(-)	ZNF740	targeting	0.32591623	0.2552927520185426
ZNF746#chr7:149497652-149497670(+)	ZNF746	targeting	-0.0928182	0.8483025964786242
ZNF746#chr7:149497660-149497678(-)	ZNF746	targeting	-2.616195	0.0018296279291986
ZNF746#chr7:149497696-149497714(-)	ZNF746	targeting	-0.9116145	0.068961826539015
ZNF746#chr7:149497714-149497732(-)	ZNF746	targeting	-1.0891306	0.012360372771407
ZNF746#chr7:149497763-149497781(+)	ZNF746	targeting	-1.4111342	0.0220731195731018
ZNF746#chr7:149497822-149497840(+)	ZNF746	targeting	-0.6584042	0.3909814044785712
ZNF747#chr16:30534889-30534907(-)	ZNF747	targeting		
ZNF749#chr19:57435341-57435359(-)	ZNF749	targeting		
ZNF749#chr19:57435349-57435367(+)	ZNF749	targeting		
ZNF749#chr19:57435367-57435385(-)	ZNF749	targeting		
ZNF749#chr19:57435371-57435389(+)	ZNF749	targeting		
ZNF749#chr19:57435397-57435415(-)	ZNF749	targeting		
ZNF749#chr19:57435546-57435564(+)	ZNF749	targeting		
ZNF750#chr17:82839794-82839812(-)	ZNF750	targeting		
ZNF750#chr17:82839911-82839929(+)	ZNF750	targeting		
ZNF750#chr17:82839941-82839959(+)	ZNF750	targeting		
ZNF750#chr17:82839947-82839965(+)	ZNF750	targeting		
ZNF750#chr17:82839950-82839968(+)	ZNF750	targeting		
ZNF750#chr17:82839956-82839974(-)	ZNF750	targeting		
ZNF75A#chr16:3305500-3305518(+)	ZNF75A	targeting	-1.240016	0.0375260208383066
ZNF75A#chr16:3305514-3305532(-)	ZNF75A	targeting	-0.8797074	0.0983485512653183
ZNF75A#chr16:3305517-3305535(+)	ZNF75A	targeting	-1.2956861	0.0035722329736264
ZNF75A#chr16:3305521-3305539(+)	ZNF75A	targeting	-1.2231995	0.0991529907187199
ZNF75A#chr16:3305546-3305564(+)	ZNF75A	targeting	-1.5566707	1.7552381279870504e-07
ZNF75A#chr16:3305665-3305683(-)	ZNF75A	targeting	-1.4080787	0.0001925448161126
ZNF75D#chrX:135343627-135343645(-)	ZNF75D	targeting	0.005981914	0.9821972135036048
ZNF75D#chrX:135343809-135343827(+)	ZNF75D	targeting	-0.106500804	0.7473421390511916
ZNF75D#chrX:135343980-135343998(-)	ZNF75D	targeting	-0.11942052	0.8353463022627694
ZNF75D#chrX:135343996-135344014(+)	ZNF75D	targeting	0.0485892	0.8778952730839569
ZNF75D#chrX:135344037-135344055(+)	ZNF75D	targeting	-1.6472845	0.0213674983139779
ZNF75D#chrX:135344050-135344068(-)	ZNF75D	targeting	-1.986362	8.75293456708349e-06
ZNF76#chr6:35259746-35259764(+)	ZNF76	targeting	-0.31110945	0.470957984757834
ZNF76#chr6:35259753-35259771(+)	ZNF76	targeting	-0.23438887	0.6434359489491381
ZNF76#chr6:35259795-35259813(+)	ZNF76	targeting	0.124458976	0.7381627857355316
ZNF76#chr6:35259950-35259968(-)	ZNF76	targeting	-0.28544155	0.658065397505723
ZNF76#chr6:35260013-35260031(-)	ZNF76	targeting	-0.9772893	0.0047821732791975
ZNF76#chr6:35260039-35260057(-)	ZNF76	targeting	-0.0774932	0.8312521977988742
ZNF761#chr19:53432042-53432060(-)	ZNF761	targeting		
ZNF761#chr19:53432156-53432174(+)	ZNF761	targeting		
ZNF761#chr19:53432160-53432178(+)	ZNF761	targeting		
ZNF761#chr19:53432330-53432348(-)	ZNF761	targeting		
ZNF761#chr19:53432373-53432391(+)	ZNF761	targeting		
ZNF761#chr19:53432459-53432477(-)	ZNF761	targeting		
ZNF763#chr19:11925077-11925095(+)	ZNF763	targeting		
ZNF764#chr16:30558285-30558303(+)	ZNF764	targeting	-1.6302698	0.0286135032920922
ZNF764#chr16:30558295-30558313(+)	ZNF764	targeting	-2.4353495	0.0291738921245219
ZNF764#chr16:30558307-30558325(+)	ZNF764	targeting	-2.2869608	0.0237181616260016
ZNF764#chr16:30558312-30558330(+)	ZNF764	targeting	-0.26870403	0.393299191489176
ZNF764#chr16:30558322-30558340(+)	ZNF764	targeting	-0.12726887	0.7093676030113449
ZNF764#chr16:30558349-30558367(-)	ZNF764	targeting	-1.2650287	0.0034756237217419
ZNF765#chr19:53365701-53365719(+)	ZNF765	targeting	0.048240628	0.8411055737649263
ZNF765#chr19:53365735-53365753(+)	ZNF765	targeting	0.032371253	0.9286576599621262
ZNF765#chr19:53365750-53365768(-)	ZNF765	targeting	-0.3583522	0.2702124709883976
ZNF765#chr19:53365775-53365793(-)	ZNF765	targeting	0.2107926	0.457355437277402
ZNF765#chr19:53365888-53365906(+)	ZNF765	targeting	0.029336924	0.9338434318431308
ZNF765#chr19:53365952-53365970(-)	ZNF765	targeting	-0.484967	0.0349806130926889
ZNF765#chr19:53395172-53395190(+)	ZNF765	targeting	0.08076891	0.821130867703916
ZNF765#chr19:53395184-53395202(-)	ZNF765	targeting	0.07601523	0.8245222144113884
ZNF765#chr19:53395188-53395206(-)	ZNF765	targeting	-0.6211288	0.1671547608163844
ZNF765#chr19:53395191-53395209(-)	ZNF765	targeting	-0.95612025	0.0106752349362492
ZNF765#chr19:53395511-53395529(-)	ZNF765	targeting	-0.92641544	9.526030234895746e-09
ZNF765#chr19:53395527-53395545(-)	ZNF765	targeting	0.22649673	0.5258377626564281
ZNF766#chr19:52269583-52269601(+)	ZNF766	targeting	0.13017808	0.636574030005756
ZNF766#chr19:52269596-52269614(+)	ZNF766	targeting	-0.79091793	0.015012844591522
ZNF766#chr19:52269607-52269625(+)	ZNF766	targeting	-1.6847826	0.002506765608851
ZNF766#chr19:52269644-52269662(-)	ZNF766	targeting	-0.19033282	0.4089179902844766
ZNF766#chr19:52269677-52269695(-)	ZNF766	targeting	-0.8676775	0.0044962243399362
ZNF766#chr19:52269819-52269837(-)	ZNF766	targeting	-0.0026387158	0.991473788041964
ZNF768#chr16:30526290-30526308(+)	ZNF768	targeting		
ZNF768#chr16:30526319-30526337(-)	ZNF768	targeting		
ZNF768#chr16:30526324-30526342(+)	ZNF768	targeting		
ZNF768#chr16:30526515-30526533(+)	ZNF768	targeting		
ZNF768#chr16:30526551-30526569(-)	ZNF768	targeting		
ZNF768#chr16:30526560-30526578(-)	ZNF768	targeting		
ZNF768#chr16:30534759-30534777(+)	ZNF768	targeting		
ZNF77#chr19:2944873-2944891(+)	ZNF77	targeting		
ZNF77#chr19:2944911-2944929(+)	ZNF77	targeting		
ZNF77#chr19:2944915-2944933(+)	ZNF77	targeting		
ZNF77#chr19:2944920-2944938(+)	ZNF77	targeting		
ZNF77#chr19:2944926-2944944(-)	ZNF77	targeting		
ZNF77#chr19:2944940-2944958(+)	ZNF77	targeting		
ZNF770#chr15:34988094-34988112(-)	ZNF770	targeting	-2.3702917	1.7525178868767853e-05
ZNF770#chr15:34988214-34988232(+)	ZNF770	targeting	-0.32065013	0.4914281100592391
ZNF770#chr15:34988231-34988249(+)	ZNF770	targeting	-1.0131336	0.0742726732016256
ZNF770#chr15:34988239-34988257(-)	ZNF770	targeting	0.5606471	0.2417237692398192
ZNF770#chr15:34988247-34988265(-)	ZNF770	targeting	-0.075724125	0.6714042006968755
ZNF770#chr15:34988268-34988286(+)	ZNF770	targeting	0.47913292	0.0148480942117931
ZNF771#chr16:30407629-30407647(-)	ZNF771	targeting	-0.034844793	0.9367094636799624
ZNF771#chr16:30407640-30407658(+)	ZNF771	targeting	-1.5696597	0.012019205036484
ZNF771#chr16:30407653-30407671(-)	ZNF771	targeting	-0.65665627	0.0932441245313886
ZNF771#chr16:30407658-30407676(-)	ZNF771	targeting	-2.1960435	0.0156418187083004
ZNF771#chr16:30407680-30407698(-)	ZNF771	targeting	0.102043465	0.652912560906357
ZNF771#chr16:30407723-30407741(-)	ZNF771	targeting	-1.8069569	7.03105113998201e-05
ZNF772#chr19:57477306-57477324(-)	ZNF772	targeting		
ZNF772#chr19:57477311-57477329(+)	ZNF772	targeting		
ZNF772#chr19:57477465-57477483(-)	ZNF772	targeting		
ZNF772#chr19:57477478-57477496(-)	ZNF772	targeting		
ZNF772#chr19:57477493-57477511(+)	ZNF772	targeting		
ZNF772#chr19:57477546-57477564(-)	ZNF772	targeting		
ZNF773#chr19:57499907-57499925(-)	ZNF773	targeting		
ZNF773#chr19:57499927-57499945(+)	ZNF773	targeting		
ZNF773#chr19:57499940-57499958(+)	ZNF773	targeting		
ZNF773#chr19:57499949-57499967(+)	ZNF773	targeting		
ZNF773#chr19:57499954-57499972(+)	ZNF773	targeting		
ZNF773#chr19:57500063-57500081(+)	ZNF773	targeting		
ZNF774#chr15:90352297-90352315(+)	ZNF774	targeting		
ZNF774#chr15:90352307-90352325(+)	ZNF774	targeting		
ZNF774#chr15:90352312-90352330(-)	ZNF774	targeting		
ZNF774#chr15:90352320-90352338(+)	ZNF774	targeting		
ZNF774#chr15:90352327-90352345(+)	ZNF774	targeting		
ZNF774#chr15:90352523-90352541(-)	ZNF774	targeting		
ZNF775#chr7:150379335-150379353(+)	ZNF775	targeting		
ZNF775#chr7:150379338-150379356(+)	ZNF775	targeting		
ZNF775#chr7:150379351-150379369(-)	ZNF775	targeting		
ZNF775#chr7:150379406-150379424(-)	ZNF775	targeting		
ZNF775#chr7:150379417-150379435(-)	ZNF775	targeting		
ZNF775#chr7:150379575-150379593(-)	ZNF775	targeting		
ZNF776#chr19:57746810-57746828(-)	ZNF776	targeting		
ZNF776#chr19:57746843-57746861(+)	ZNF776	targeting		
ZNF776#chr19:57746852-57746870(+)	ZNF776	targeting		
ZNF776#chr19:57746862-57746880(-)	ZNF776	targeting		
ZNF776#chr19:57747025-57747043(-)	ZNF776	targeting		
ZNF776#chr19:57747053-57747071(-)	ZNF776	targeting		
ZNF777#chr7:149460580-149460598(+)	ZNF777	targeting	-0.1927422	0.6836185389369932
ZNF777#chr7:149460631-149460649(+)	ZNF777	targeting	-0.76255757	0.1646267465554361
ZNF777#chr7:149460810-149460828(-)	ZNF777	targeting	-0.19907768	0.5534100262183326
ZNF777#chr7:149460824-149460842(+)	ZNF777	targeting	0.71352726	0.3501790466098058
ZNF777#chr7:149460834-149460852(-)	ZNF777	targeting	-0.02492472	0.9717197715880216
ZNF777#chr7:149460895-149460913(-)	ZNF777	targeting	-0.068510205	0.8561815714366494
ZNF778#chr16:89217699-89217717(-)	ZNF778	targeting	-0.5560194	0.2665845845124198
ZNF778#chr16:89217722-89217740(-)	ZNF778	targeting	-3.0453763	5.206606741639421e-06
ZNF778#chr16:89217750-89217768(-)	ZNF778	targeting	-1.1310087	0.2230066754477374
ZNF778#chr16:89217752-89217770(+)	ZNF778	targeting	0.10306041	0.8696884401407843
ZNF778#chr16:89217760-89217778(-)	ZNF778	targeting	-0.55141234	0.2920940214115249
ZNF778#chr16:89217781-89217799(-)	ZNF778	targeting	0.16391383	0.6716080702372585
ZNF780A#chr19:40090652-40090670(-)	ZNF780A	targeting		
ZNF780A#chr19:40090724-40090742(-)	ZNF780A	targeting		
ZNF780A#chr19:40090729-40090747(-)	ZNF780A	targeting		
ZNF780A#chr19:40090888-40090906(-)	ZNF780A	targeting		
ZNF780A#chr19:40090908-40090926(-)	ZNF780A	targeting		
ZNF780A#chr19:40090919-40090937(+)	ZNF780A	targeting		
ZNF780B#chr19:40055862-40055880(+)	ZNF780B	targeting	-2.2879987	0.0131913150942538
ZNF780B#chr19:40055934-40055952(-)	ZNF780B	targeting	-1.8720247	0.0134735188553172
ZNF780B#chr19:40056152-40056170(+)	ZNF780B	targeting	-0.4214439	0.3716631549309117
ZNF780B#chr19:40056158-40056176(-)	ZNF780B	targeting	-2.2230437	0.011695188789484
ZNF780B#chr19:40056161-40056179(-)	ZNF780B	targeting	-1.1961843	0.0013602474666257
ZNF780B#chr19:40056171-40056189(-)	ZNF780B	targeting	-2.6911514	0.0066617111729027
ZNF781#chr19:37692075-37692093(-)	ZNF781	targeting		
ZNF781#chr19:37692102-37692120(-)	ZNF781	targeting		
ZNF781#chr19:37692120-37692138(+)	ZNF781	targeting		
ZNF781#chr19:37692233-37692251(+)	ZNF781	targeting		
ZNF781#chr19:37692238-37692256(+)	ZNF781	targeting		
ZNF781#chr19:37692241-37692259(+)	ZNF781	targeting		
ZNF782#chr9:96854289-96854307(+)	ZNF782	targeting	-1.4155177	0.0032387739586464
ZNF782#chr9:96854433-96854451(-)	ZNF782	targeting	-1.2712952	2.8209382058828643e-05
ZNF782#chr9:96854436-96854454(-)	ZNF782	targeting	-0.89859635	6.278049657650327e-05
ZNF782#chr9:96854478-96854496(-)	ZNF782	targeting	-0.5986417	0.3234775536406942
ZNF782#chr9:96854484-96854502(+)	ZNF782	targeting	-0.5768637	0.1129362695781091
ZNF782#chr9:96854495-96854513(-)	ZNF782	targeting	0.12657183	0.443283419921752
ZNF783#chr7:149262215-149262233(-)	ZNF783	targeting	-0.39722997	0.5207807542756403
ZNF783#chr7:149262217-149262235(+)	ZNF783	targeting	-1.1165274	0.0747245600459032
ZNF783#chr7:149262221-149262239(+)	ZNF783	targeting	0.2725858	0.6507828997095493
ZNF783#chr7:149262276-149262294(-)	ZNF783	targeting	-0.20161174	0.7963385630612421
ZNF783#chr7:149262286-149262304(-)	ZNF783	targeting	0.43346077	0.2399252575142
ZNF783#chr7:149262356-149262374(-)	ZNF783	targeting	-1.7331175	0.0481321304593143
ZNF784#chr19:55624470-55624488(-)	ZNF784	targeting		
ZNF784#chr19:55624482-55624500(+)	ZNF784	targeting		
ZNF784#chr19:55624492-55624510(-)	ZNF784	targeting		
ZNF784#chr19:55624495-55624513(+)	ZNF784	targeting		
ZNF784#chr19:55624501-55624519(+)	ZNF784	targeting		
ZNF784#chr19:55624532-55624550(-)	ZNF784	targeting		
ZNF785#chr16:30585535-30585553(-)	ZNF785	targeting		
ZNF785#chr16:30585548-30585566(-)	ZNF785	targeting		
ZNF785#chr16:30585620-30585638(+)	ZNF785	targeting		
ZNF785#chr16:30585629-30585647(+)	ZNF785	targeting		
ZNF785#chr16:30585681-30585699(+)	ZNF785	targeting		
ZNF785#chr16:30585697-30585715(-)	ZNF785	targeting		
ZNF786#chr7:149090514-149090532(-)	ZNF786	targeting	-0.55658257	0.3248546473924124
ZNF786#chr7:149090607-149090625(+)	ZNF786	targeting	-1.9084159	1.625088329486774e-05
ZNF786#chr7:149090610-149090628(+)	ZNF786	targeting	-2.08299	0.0063383943580455
ZNF786#chr7:149090637-149090655(-)	ZNF786	targeting	-0.48527262	0.5427574315673052
ZNF786#chr7:149090640-149090658(-)	ZNF786	targeting	-1.6769856	0.0254015340755084
ZNF786#chr7:149090708-149090726(-)	ZNF786	targeting	-1.9434483	0.0308175245084925
ZNF787#chr19:56120825-56120843(+)	ZNF787	targeting	-0.33454397	0.413895787687181
ZNF787#chr19:56121064-56121082(-)	ZNF787	targeting	-0.3369345	0.1470748702187061
ZNF787#chr19:56121194-56121212(-)	ZNF787	targeting	-0.8609557	0.0009919080288983
ZNF787#chr19:56121213-56121231(+)	ZNF787	targeting	-0.1634295	0.211543385268428
ZNF787#chr19:56121219-56121237(+)	ZNF787	targeting	-2.0729141	8.397323877666856e-17
ZNF787#chr19:56121245-56121263(+)	ZNF787	targeting	-1.8808894	2.3875587767320724e-08
ZNF789#chr7:99472891-99472909(-)	ZNF789	targeting		
ZNF789#chr7:99472913-99472931(-)	ZNF789	targeting		
ZNF789#chr7:99472921-99472939(+)	ZNF789	targeting		
ZNF789#chr7:99472933-99472951(-)	ZNF789	targeting		
ZNF789#chr7:99472936-99472954(-)	ZNF789	targeting		
ZNF789#chr7:99472959-99472977(+)	ZNF789	targeting		
ZNF79#chr9:127424413-127424431(-)	ZNF79	targeting	-0.22091112	0.6143883826967007
ZNF79#chr9:127424416-127424434(+)	ZNF79	targeting	-0.07727824	0.8740882047343366
ZNF79#chr9:127424423-127424441(+)	ZNF79	targeting	0.03141261	0.9301434909623368
ZNF79#chr9:127424440-127424458(+)	ZNF79	targeting	0.04622238	0.91782705166455
ZNF79#chr9:127424468-127424486(-)	ZNF79	targeting	-0.4640237	0.5126157608568724
ZNF79#chr9:127424541-127424559(+)	ZNF79	targeting	-0.006596722	0.9698258011411364
ZNF790#chr19:36838291-36838309(+)	ZNF790	targeting	-0.17768432	0.7060395621910647
ZNF790#chr19:36838298-36838316(-)	ZNF790	targeting	0.37013632	0.4060578228789322
ZNF790#chr19:36838302-36838320(-)	ZNF790	targeting	-0.6036234	0.2161946955629975
ZNF790#chr19:36838338-36838356(+)	ZNF790	targeting	-1.3872275	0.0235434579850325
ZNF790#chr19:36838341-36838359(+)	ZNF790	targeting	-0.5252534	0.2578869832282275
ZNF790#chr19:36838353-36838371(-)	ZNF790	targeting	-0.5433223	0.2479056148688045
ZNF790#chr19:36850076-36850094(-)	ZNF790	targeting	0.048100166	0.8827825818539694
ZNF790#chr19:36850159-36850177(+)	ZNF790	targeting	-2.0160992	0.0044189017183895
ZNF790#chr19:36850182-36850200(+)	ZNF790	targeting	-0.4542406	0.2895489166292854
ZNF790#chr19:36850245-36850263(+)	ZNF790	targeting	0.081094906	0.848609301536599
ZNF790#chr19:36850255-36850273(-)	ZNF790	targeting	-1.1272361	0.1284382837497665
ZNF790#chr19:36850264-36850282(-)	ZNF790	targeting	0.102412745	0.7477367424613561
ZNF791#chr19:12610928-12610946(+)	ZNF791	targeting		
ZNF791#chr19:12610979-12610997(-)	ZNF791	targeting		
ZNF791#chr19:12611004-12611022(-)	ZNF791	targeting		
ZNF791#chr19:12611135-12611153(+)	ZNF791	targeting		
ZNF791#chr19:12611143-12611161(-)	ZNF791	targeting		
ZNF791#chr19:12611148-12611166(+)	ZNF791	targeting		
ZNF792#chr19:34963965-34963983(+)	ZNF792	targeting		
ZNF792#chr19:34964127-34964145(-)	ZNF792	targeting		
ZNF792#chr19:34964148-34964166(+)	ZNF792	targeting		
ZNF792#chr19:34964174-34964192(-)	ZNF792	targeting		
ZNF792#chr19:34964187-34964205(+)	ZNF792	targeting		
ZNF792#chr19:34964226-34964244(+)	ZNF792	targeting		
ZNF793#chr19:37506929-37506947(+)	ZNF793	targeting	-1.9327933	0.0183738333497807
ZNF793#chr19:37506946-37506964(+)	ZNF793	targeting	-1.9522688	0.0410425941549882
ZNF793#chr19:37506954-37506972(+)	ZNF793	targeting	-2.4482536	0.0010169415823471
ZNF793#chr19:37507117-37507135(+)	ZNF793	targeting	-0.9563267	0.2362614802760189
ZNF793#chr19:37507174-37507192(+)	ZNF793	targeting	-1.580756	0.006468831605641
ZNF793#chr19:37507198-37507216(+)	ZNF793	targeting	-1.517663	0.0409287553057499
ZNF799#chr19:12400949-12400967(+)	ZNF799	targeting		
ZNF799#chr19:12401086-12401104(+)	ZNF799	targeting		
ZNF799#chr19:12401120-12401138(-)	ZNF799	targeting		
ZNF799#chr19:12401141-12401159(+)	ZNF799	targeting		
ZNF799#chr19:12401188-12401206(+)	ZNF799	targeting		
ZNF799#chr19:12401233-12401251(+)	ZNF799	targeting		
ZNF8#chr19:58278982-58279000(-)	ZNF8	targeting		
ZNF8#chr19:58278985-58279003(-)	ZNF8	targeting		
ZNF8#chr19:58278987-58279005(+)	ZNF8	targeting		
ZNF8#chr19:58278990-58279008(+)	ZNF8	targeting		
ZNF8#chr19:58278999-58279017(+)	ZNF8	targeting		
ZNF8#chr19:58279032-58279050(-)	ZNF8	targeting		
ZNF80#chr3:114237081-114237099(-)	ZNF80	targeting		
ZNF80#chr3:114237084-114237102(-)	ZNF80	targeting		
ZNF80#chr3:114237095-114237113(-)	ZNF80	targeting		
ZNF80#chr3:114237128-114237146(+)	ZNF80	targeting		
ZNF80#chr3:114237343-114237361(+)	ZNF80	targeting		
ZNF80#chr3:114237346-114237364(+)	ZNF80	targeting		
ZNF800#chr7:127392621-127392639(-)	ZNF800	targeting	0.055214867	0.8993806894882814
ZNF800#chr7:127392631-127392649(+)	ZNF800	targeting	-1.190594	0.1083162228101643
ZNF800#chr7:127392638-127392656(-)	ZNF800	targeting	-1.4712021	0.0056340440938629
ZNF800#chr7:127392641-127392659(+)	ZNF800	targeting	-1.6020497	0.0693882443021384
ZNF800#chr7:127392647-127392665(+)	ZNF800	targeting	-2.5832314	1.5545595508100225e-07
ZNF800#chr7:127392676-127392694(+)	ZNF800	targeting	-2.1844563	0.0122761906121371
ZNF804A#chr2:184598425-184598443(-)	ZNF804A	targeting		
ZNF804A#chr2:184598448-184598466(-)	ZNF804A	targeting		
ZNF804A#chr2:184598522-184598540(+)	ZNF804A	targeting		
ZNF804A#chr2:184598731-184598749(+)	ZNF804A	targeting		
ZNF804A#chr2:184598785-184598803(+)	ZNF804A	targeting		
ZNF804A#chr2:184598799-184598817(-)	ZNF804A	targeting		
ZNF804B#chr7:88759453-88759471(-)	ZNF804B	targeting		
ZNF804B#chr7:88759691-88759709(-)	ZNF804B	targeting		
ZNF804B#chr7:88759705-88759723(-)	ZNF804B	targeting		
ZNF804B#chr7:88759709-88759727(+)	ZNF804B	targeting		
ZNF804B#chr7:88759797-88759815(+)	ZNF804B	targeting		
ZNF804B#chr7:88759902-88759920(-)	ZNF804B	targeting		
ZNF805#chr19:57240688-57240706(+)	ZNF805	targeting	-1.0975586	0.2333828873887506
ZNF805#chr19:57240692-57240710(+)	ZNF805	targeting	-2.398792	0.0238124760533336
ZNF805#chr19:57240750-57240768(-)	ZNF805	targeting	-0.43565634	0.464742198396323
ZNF805#chr19:57240757-57240775(-)	ZNF805	targeting	-0.05606158	0.8923159388770747
ZNF805#chr19:57240794-57240812(+)	ZNF805	targeting	-0.21185234	0.2717011548672349
ZNF805#chr19:57240799-57240817(+)	ZNF805	targeting	-0.22883695	0.5442714039701304
ZNF808#chr19:52535991-52536009(+)	ZNF808	targeting	-0.47354576	0.1781573351035461
ZNF808#chr19:52535994-52536012(+)	ZNF808	targeting	-0.15826279	0.6112260397206728
ZNF808#chr19:52536065-52536083(-)	ZNF808	targeting	-0.1908807	0.6755706738991122
ZNF808#chr19:52536093-52536111(-)	ZNF808	targeting	-0.7174996	0.010035262436569
ZNF808#chr19:52536386-52536404(-)	ZNF808	targeting	-0.55781525	0.1298783508061293
ZNF808#chr19:52536391-52536409(-)	ZNF808	targeting	-0.15477261	0.3035168074867378
ZNF81#chrX:47836882-47836900(+)	ZNF81	targeting	-1.92558	0.0243332518185349
ZNF81#chrX:47836888-47836906(+)	ZNF81	targeting	-1.79403	0.0020109367111421
ZNF81#chrX:47836894-47836912(+)	ZNF81	targeting	-0.42520788	0.2523913850556951
ZNF81#chrX:47836917-47836935(+)	ZNF81	targeting	-2.3482969	0.0001788881783716
ZNF81#chrX:47836925-47836943(-)	ZNF81	targeting	-1.6144174	0.0169828857492653
ZNF81#chrX:47836936-47836954(-)	ZNF81	targeting	-0.9271416	0.2292938843871693
ZNF813#chr19:53468079-53468097(+)	ZNF813	targeting	-0.93228036	0.0628130666495329
ZNF813#chr19:53468087-53468105(-)	ZNF813	targeting	-0.1430613	0.6643021318014499
ZNF813#chr19:53468093-53468111(-)	ZNF813	targeting	-0.18412945	0.704517960369671
ZNF813#chr19:53468100-53468118(+)	ZNF813	targeting	-0.92374575	0.0368044567455234
ZNF813#chr19:53468111-53468129(-)	ZNF813	targeting	-2.1080618	7.452671858792442e-07
ZNF813#chr19:53468130-53468148(+)	ZNF813	targeting	-2.415789	1.3904521354848552e-10
ZNF814#chr19:57888774-57888792(+)	ZNF814	targeting	-0.50933754	0.0357188686161874
ZNF814#chr19:57888819-57888837(+)	ZNF814	targeting	-0.873617	0.0237192371274121
ZNF814#chr19:57888872-57888890(+)	ZNF814	targeting	-0.11233459	0.5796894256576788
ZNF814#chr19:57888923-57888941(+)	ZNF814	targeting	-0.15389933	0.4942428713897807
ZNF814#chr19:57888945-57888963(+)	ZNF814	targeting	-0.3084609	0.0054598557118196
ZNF814#chr19:57888958-57888976(-)	ZNF814	targeting	-0.48795033	0.0695102351901905
ZNF816#chr19:52942344-52942362(+)	ZNF816	targeting		
ZNF816#chr19:52942394-52942412(-)	ZNF816	targeting		
ZNF816#chr19:52942483-52942501(+)	ZNF816	targeting		
ZNF816#chr19:52942531-52942549(+)	ZNF816	targeting		
ZNF816#chr19:52942544-52942562(-)	ZNF816	targeting		
ZNF816#chr19:52942580-52942598(-)	ZNF816	targeting		
ZNF816#chr19:52962453-52962471(+)	ZNF816	targeting		
ZNF816#chr19:52962793-52962811(-)	ZNF816	targeting		
ZNF816#chr19:52962801-52962819(-)	ZNF816	targeting		
ZNF816#chr19:52962805-52962823(+)	ZNF816	targeting		
ZNF816#chr19:52962817-52962835(-)	ZNF816	targeting		
ZNF816#chr19:52962841-52962859(-)	ZNF816	targeting		
ZNF821#chr16:71884056-71884074(+)	ZNF821	targeting		
ZNF821#chr16:71884114-71884132(+)	ZNF821	targeting		
ZNF821#chr16:71884468-71884486(-)	ZNF821	targeting		
ZNF821#chr16:71884557-71884575(-)	ZNF821	targeting		
ZNF821#chr16:71884605-71884623(-)	ZNF821	targeting		
ZNF821#chr16:71884612-71884630(-)	ZNF821	targeting		
ZNF823#chr19:11738654-11738672(-)	ZNF823	targeting		
ZNF823#chr19:11738658-11738676(+)	ZNF823	targeting		
ZNF823#chr19:11738731-11738749(+)	ZNF823	targeting		
ZNF823#chr19:11738780-11738798(-)	ZNF823	targeting		
ZNF823#chr19:11738883-11738901(+)	ZNF823	targeting		
ZNF823#chr19:11738924-11738942(-)	ZNF823	targeting		
ZNF827#chr4:145938449-145938467(+)	ZNF827	targeting	-1.3974696	5.079888566861607e-07
ZNF827#chr4:145938462-145938480(-)	ZNF827	targeting	-0.12860316	0.3211184190172276
ZNF827#chr4:145938765-145938783(+)	ZNF827	targeting	-0.7090981	0.0109844064004675
ZNF827#chr4:145938769-145938787(-)	ZNF827	targeting	-1.3892995	4.642160670199576e-05
ZNF827#chr4:145938820-145938838(+)	ZNF827	targeting	-2.117242	1.1673628761679711e-14
ZNF827#chr4:145938823-145938841(+)	ZNF827	targeting	-1.4638008	2.8300184347748984e-08
ZNF829#chr19:36915869-36915887(-)	ZNF829	targeting		
ZNF829#chr19:36915973-36915991(+)	ZNF829	targeting		
ZNF829#chr19:36915984-36916002(-)	ZNF829	targeting		
ZNF829#chr19:36916005-36916023(+)	ZNF829	targeting		
ZNF829#chr19:36916017-36916035(-)	ZNF829	targeting		
ZNF829#chr19:36916139-36916157(+)	ZNF829	targeting		
ZNF83#chr19:52617762-52617780(-)	ZNF83	targeting	0.3059884	0.5502711487134356
ZNF83#chr19:52617778-52617796(+)	ZNF83	targeting	-0.07289546	0.8459631585859861
ZNF83#chr19:52617848-52617866(+)	ZNF83	targeting	0.043319162	0.764428533404724
ZNF83#chr19:52617979-52617997(+)	ZNF83	targeting	0.15360627	0.3886947796345635
ZNF83#chr19:52618036-52618054(+)	ZNF83	targeting	0.12623386	0.5255950062837835
ZNF83#chr19:52618042-52618060(+)	ZNF83	targeting	0.0033162693	0.9824087404647226
ZNF83#chr19:52636984-52637002(-)	ZNF83	targeting	-0.16441703	0.2367292831349202
ZNF83#chr19:52636989-52637007(-)	ZNF83	targeting	0.18039238	0.4675001405557135
ZNF83#chr19:52637134-52637152(-)	ZNF83	targeting	-0.42171323	1.6933483228131649e-06
ZNF83#chr19:52637149-52637167(-)	ZNF83	targeting	-0.70748794	0.0160462348731666
ZNF83#chr19:52637161-52637179(-)	ZNF83	targeting	0.0013685131	0.9938463594040892
ZNF83#chr19:52637185-52637203(-)	ZNF83	targeting	0.11567163	0.6317745960394268
ZNF83#chr19:52637955-52637973(+)	ZNF83	targeting	-0.02835332	0.7661122314021096
ZNF83#chr19:52637961-52637979(+)	ZNF83	targeting	-0.08121528	0.6891328008003337
ZNF83#chr19:52638298-52638316(+)	ZNF83	targeting	-0.012700874	0.9401009871285152
ZNF83#chr19:52638314-52638332(-)	ZNF83	targeting	-0.18760796	0.3679483314884839
ZNF83#chr19:52638317-52638335(-)	ZNF83	targeting	0.009366568	0.9697891488575746
ZNF83#chr19:52638336-52638354(-)	ZNF83	targeting	-0.06915008	0.6467832585185104
ZNF830#chr17:34961581-34961599(+)	ZNF830	targeting		
ZNF830#chr17:34961586-34961604(-)	ZNF830	targeting		
ZNF830#chr17:34961589-34961607(-)	ZNF830	targeting		
ZNF830#chr17:34961783-34961801(+)	ZNF830	targeting		
ZNF830#chr17:34961925-34961943(-)	ZNF830	targeting		
ZNF830#chr17:34961933-34961951(-)	ZNF830	targeting		
ZNF831#chr20:59191056-59191074(-)	ZNF831	targeting		
ZNF831#chr20:59191136-59191154(-)	ZNF831	targeting		
ZNF831#chr20:59191197-59191215(-)	ZNF831	targeting		
ZNF831#chr20:59191237-59191255(+)	ZNF831	targeting		
ZNF831#chr20:59191252-59191270(+)	ZNF831	targeting		
ZNF831#chr20:59191386-59191404(-)	ZNF831	targeting		
ZNF835#chr19:56671672-56671690(+)	ZNF835	targeting		
ZNF835#chr19:56671691-56671709(-)	ZNF835	targeting		
ZNF835#chr19:56671699-56671717(-)	ZNF835	targeting		
ZNF835#chr19:56671702-56671720(-)	ZNF835	targeting		
ZNF835#chr19:56671706-56671724(-)	ZNF835	targeting		
ZNF835#chr19:56671762-56671780(-)	ZNF835	targeting		
ZNF836#chr19:52171255-52171273(+)	ZNF836	targeting		
ZNF836#chr19:52171378-52171396(+)	ZNF836	targeting		
ZNF836#chr19:52171423-52171441(+)	ZNF836	targeting		
ZNF836#chr19:52171593-52171611(+)	ZNF836	targeting		
ZNF836#chr19:52171634-52171652(+)	ZNF836	targeting		
ZNF836#chr19:52171643-52171661(-)	ZNF836	targeting		
ZNF837#chr19:58380782-58380800(+)	ZNF837	targeting		
ZNF837#chr19:58380936-58380954(-)	ZNF837	targeting		
ZNF837#chr19:58380941-58380959(+)	ZNF837	targeting		
ZNF837#chr19:58381014-58381032(+)	ZNF837	targeting		
ZNF837#chr19:58381024-58381042(-)	ZNF837	targeting		
ZNF837#chr19:58381037-58381055(+)	ZNF837	targeting		
ZNF839#chr14:102319739-102319757(+)	ZNF839	targeting	-0.4529259	0.4929579809713514
ZNF839#chr14:102319757-102319775(+)	ZNF839	targeting	-0.031215243	0.9152208212923107
ZNF839#chr14:102319764-102319782(-)	ZNF839	targeting	-0.5010334	0.1244103628120398
ZNF839#chr14:102319767-102319785(-)	ZNF839	targeting	-0.30566302	0.3408487645688741
ZNF839#chr14:102319788-102319806(+)	ZNF839	targeting	-1.4087837	0.0015572870621612
ZNF839#chr14:102319940-102319958(-)	ZNF839	targeting	-1.4628237	0.0305746551336607
ZNF84#chr12:133037459-133037477(+)	ZNF84	targeting	-0.20502785	0.3600789840789198
ZNF84#chr12:133037485-133037503(+)	ZNF84	targeting	0.33786407	0.5409907002069432
ZNF84#chr12:133037510-133037528(+)	ZNF84	targeting	-0.99749964	0.0048833048977689
ZNF84#chr12:133037513-133037531(+)	ZNF84	targeting	-1.0590514	0.0056795808162127
ZNF84#chr12:133037870-133037888(+)	ZNF84	targeting	-0.27415174	0.0889303466241787
ZNF84#chr12:133037925-133037943(+)	ZNF84	targeting	-0.8054911	1.3146679371217962e-09
ZNF841#chr19:52095342-52095360(-)	ZNF841	targeting		
ZNF841#chr19:52095627-52095645(+)	ZNF841	targeting		
ZNF841#chr19:52095684-52095702(+)	ZNF841	targeting		
ZNF841#chr19:52095738-52095756(-)	ZNF841	targeting		
ZNF841#chr19:52095743-52095761(-)	ZNF841	targeting		
ZNF841#chr19:52095757-52095775(+)	ZNF841	targeting		
ZNF843#chr16:31442713-31442731(+)	ZNF843	targeting		
ZNF843#chr16:31442716-31442734(+)	ZNF843	targeting		
ZNF843#chr16:31442722-31442740(-)	ZNF843	targeting		
ZNF843#chr16:31442747-31442765(+)	ZNF843	targeting		
ZNF843#chr16:31442753-31442771(+)	ZNF843	targeting		
ZNF843#chr16:31442770-31442788(+)	ZNF843	targeting		
ZNF844#chr19:12064732-12064750(+)	ZNF844	targeting		
ZNF844#chr19:12064743-12064761(-)	ZNF844	targeting		
ZNF844#chr19:12064768-12064786(-)	ZNF844	targeting		
ZNF844#chr19:12064801-12064819(-)	ZNF844	targeting		
ZNF844#chr19:12064804-12064822(-)	ZNF844	targeting		
ZNF844#chr19:12064807-12064825(-)	ZNF844	targeting		
ZNF845#chr19:53333772-53333790(+)	ZNF845	targeting	-1.9260652	0.0022136016715617
ZNF845#chr19:53333893-53333911(-)	ZNF845	targeting	-0.95904577	0.2246901542221384
ZNF845#chr19:53333921-53333939(+)	ZNF845	targeting	-1.257466	0.0983806769313564
ZNF845#chr19:53333927-53333945(-)	ZNF845	targeting	-1.1912307	0.0045663588115339
ZNF845#chr19:53333971-53333989(-)	ZNF845	targeting	-1.8475367	0.016468636561492
ZNF845#chr19:53334165-53334183(-)	ZNF845	targeting	-1.4405447	0.0007773083005396
ZNF846#chr19:9768525-9768543(+)	ZNF846	targeting	-0.12611268	0.6406578318340477
ZNF846#chr19:9768542-9768560(+)	ZNF846	targeting	-0.43503553	0.5251233775540873
ZNF846#chr19:9768555-9768573(-)	ZNF846	targeting	-0.13443242	0.5468131148830182
ZNF846#chr19:9768557-9768575(+)	ZNF846	targeting	-0.22282921	0.5601813938947888
ZNF846#chr19:9768597-9768615(-)	ZNF846	targeting	0.17088245	0.7110355731241789
ZNF846#chr19:9768609-9768627(-)	ZNF846	targeting	-0.3017098	0.3097198051523422
ZNF85#chr19:20923274-20923292(-)	ZNF85	targeting	-1.5178348	0.026542761086502
ZNF85#chr19:20923414-20923432(+)	ZNF85	targeting	-2.286038	1.107990589749497e-11
ZNF85#chr19:20923518-20923536(-)	ZNF85	targeting	-1.2058752	0.0120242135091613
ZNF85#chr19:20923531-20923549(-)	ZNF85	targeting	-1.7568337	0.0014433815451975
ZNF85#chr19:20923541-20923559(-)	ZNF85	targeting	-3.4669452	5.207752911505084e-06
ZNF85#chr19:20923566-20923584(+)	ZNF85	targeting	-0.7267928	0.1800900438360084
ZNF850#chr19:36772561-36772579(-)	ZNF850	targeting	-0.67240554	0.0236212877370954
ZNF850#chr19:36772719-36772737(+)	ZNF850	targeting	-0.58134294	0.1027224114391461
ZNF850#chr19:36772728-36772746(-)	ZNF850	targeting	-0.7215755	0.0668352779864912
ZNF850#chr19:36772765-36772783(-)	ZNF850	targeting	-0.30701676	0.3385308148241631
ZNF850#chr19:36772771-36772789(+)	ZNF850	targeting	-0.7761191	0.1171567423490461
ZNF850#chr19:36772783-36772801(+)	ZNF850	targeting	-1.0426587	9.34178097107802e-05
ZNF852#chr3:44510386-44510404(+)	ZNF852	targeting	-0.285034	0.5376065245566652
ZNF852#chr3:44510555-44510573(-)	ZNF852	targeting	-0.49632168	0.2911363789700023
ZNF852#chr3:44510564-44510582(-)	ZNF852	targeting	0.3766669	0.4115816083366438
ZNF852#chr3:44510567-44510585(-)	ZNF852	targeting	-0.19500734	0.7691646599798885
ZNF852#chr3:44510622-44510640(-)	ZNF852	targeting	-0.07188533	0.8548713443441488
ZNF852#chr3:44510630-44510648(-)	ZNF852	targeting	-0.48483422	0.1587332357424254
ZNF853#chr7:6616139-6616157(-)	ZNF853	targeting		
ZNF853#chr7:6616144-6616162(-)	ZNF853	targeting		
ZNF853#chr7:6616147-6616165(-)	ZNF853	targeting		
ZNF853#chr7:6616166-6616184(+)	ZNF853	targeting		
ZNF853#chr7:6616179-6616197(+)	ZNF853	targeting		
ZNF853#chr7:6616196-6616214(-)	ZNF853	targeting		
ZNF853#chr7:6621436-6621454(-)	ZNF853	targeting		
ZNF853#chr7:6621595-6621613(+)	ZNF853	targeting		
ZNF853#chr7:6621631-6621649(+)	ZNF853	targeting		
ZNF853#chr7:6621713-6621731(+)	ZNF853	targeting		
ZNF853#chr7:6621952-6621970(+)	ZNF853	targeting		
ZNF853#chr7:6621960-6621978(+)	ZNF853	targeting		
ZNF860#chr3:31981477-31981495(-)	ZNF860	targeting		
ZNF860#chr3:31981610-31981628(-)	ZNF860	targeting		
ZNF860#chr3:31981716-31981734(-)	ZNF860	targeting		
ZNF860#chr3:31981760-31981778(-)	ZNF860	targeting		
ZNF860#chr3:31981775-31981793(-)	ZNF860	targeting		
ZNF860#chr3:31981806-31981824(+)	ZNF860	targeting		
ZNF862#chr7:149838423-149838441(+)	ZNF862	targeting	-0.8065568	0.2678959251667148
ZNF862#chr7:149838456-149838474(-)	ZNF862	targeting	0.21830711	0.6027501816471972
ZNF862#chr7:149838460-149838478(-)	ZNF862	targeting	-0.16576011	0.5985010652883533
ZNF862#chr7:149838462-149838480(+)	ZNF862	targeting	-0.31519696	0.6568665793152205
ZNF862#chr7:149838498-149838516(-)	ZNF862	targeting	-1.1222258	0.1806329325180388
ZNF862#chr7:149838619-149838637(+)	ZNF862	targeting	-0.8562008	0.2314943679734648
ZNF865#chr19:55613576-55613594(-)	ZNF865	targeting		
ZNF865#chr19:55613604-55613622(+)	ZNF865	targeting		
ZNF865#chr19:55613613-55613631(-)	ZNF865	targeting		
ZNF865#chr19:55613616-55613634(+)	ZNF865	targeting		
ZNF865#chr19:55613623-55613641(+)	ZNF865	targeting		
ZNF865#chr19:55613708-55613726(-)	ZNF865	targeting		
ZNF878#chr19:12052874-12052892(+)	ZNF878	targeting		
ZNF878#chr19:12052884-12052902(+)	ZNF878	targeting		
ZNF878#chr19:12052894-12052912(+)	ZNF878	targeting		
ZNF878#chr19:12052929-12052947(-)	ZNF878	targeting		
ZNF878#chr19:12052936-12052954(-)	ZNF878	targeting		
ZNF878#chr19:12052955-12052973(-)	ZNF878	targeting		
ZNF879#chr5:179023847-179023865(+)	ZNF879	targeting		
ZNF879#chr5:179023853-179023871(-)	ZNF879	targeting		
ZNF879#chr5:179023860-179023878(-)	ZNF879	targeting		
ZNF879#chr5:179023890-179023908(+)	ZNF879	targeting		
ZNF879#chr5:179023947-179023965(+)	ZNF879	targeting		
ZNF879#chr5:179024180-179024198(-)	ZNF879	targeting		
ZNF880#chr19:52369942-52369960(+)	ZNF880	targeting	-1.2187972	0.0103828713153613
ZNF880#chr19:52370022-52370040(-)	ZNF880	targeting	-1.4474252	0.0368531575032438
ZNF880#chr19:52370030-52370048(+)	ZNF880	targeting	-0.7215218	0.1831176028482065
ZNF880#chr19:52370106-52370124(+)	ZNF880	targeting	-0.52741855	0.1276037502246707
ZNF880#chr19:52370173-52370191(-)	ZNF880	targeting	-0.7433345	0.2110672801159421
ZNF880#chr19:52370246-52370264(-)	ZNF880	targeting	-0.7107854	0.0508735025638987
ZNF883#chr9:113011973-113011991(-)	ZNF883	targeting		
ZNF883#chr9:113012008-113012026(-)	ZNF883	targeting		
ZNF883#chr9:113012108-113012126(+)	ZNF883	targeting		
ZNF883#chr9:113012113-113012131(+)	ZNF883	targeting		
ZNF883#chr9:113012169-113012187(+)	ZNF883	targeting		
ZNF883#chr9:113012202-113012220(-)	ZNF883	targeting		
ZNF888#chr19:52917444-52917462(-)	ZNF888	targeting	0.32760414	0.2827184598851373
ZNF888#chr19:52917471-52917489(-)	ZNF888	targeting	0.032127295	0.925362214542234
ZNF888#chr19:52917551-52917569(-)	ZNF888	targeting	0.030971434	0.8996130163111764
ZNF888#chr19:52917572-52917590(-)	ZNF888	targeting	-0.1414742	0.6867895614110743
ZNF888#chr19:52917644-52917662(-)	ZNF888	targeting	0.1451988	0.812652998669712
ZNF888#chr19:52917666-52917684(-)	ZNF888	targeting	-0.14516212	0.6640775217649754
ZNF888#chr19:52923049-52923067(+)	ZNF888	targeting	-0.33846793	0.3717776381518067
ZNF888#chr19:52923371-52923389(-)	ZNF888	targeting	-0.22622022	0.3016254293611426
ZNF888#chr19:52923394-52923412(+)	ZNF888	targeting	-0.2351912	0.6396503714821947
ZNF888#chr19:52923408-52923426(-)	ZNF888	targeting	-0.49742457	0.4623999397276306
ZNF888#chr19:52923412-52923430(+)	ZNF888	targeting	0.055064358	0.8990361481702258
ZNF888#chr19:52923449-52923467(-)	ZNF888	targeting	-0.43448037	0.3022810565485755
ZNF891#chr12:133130060-133130078(+)	ZNF891	targeting	-0.17535411	0.5553227823100911
ZNF891#chr12:133130165-133130183(+)	ZNF891	targeting	0.10361948	0.7479102999497276
ZNF891#chr12:133130180-133130198(-)	ZNF891	targeting	-0.052565873	0.9341630556844188
ZNF891#chr12:133130192-133130210(+)	ZNF891	targeting	0.5176925	0.3011024954673965
ZNF891#chr12:133130242-133130260(-)	ZNF891	targeting	-0.32169217	0.6115454951462513
ZNF891#chr12:133130265-133130283(-)	ZNF891	targeting	-0.3843051	0.4622936780332624
ZNF90#chr19:20077972-20077990(+)	ZNF90	targeting	-2.0631506	1.5081794114592355e-05
ZNF90#chr19:20078030-20078048(-)	ZNF90	targeting	-2.3954215	7.225756886396777e-15
ZNF90#chr19:20078148-20078166(-)	ZNF90	targeting	-1.817055	5.6552659241490255e-12
ZNF90#chr19:20078236-20078254(-)	ZNF90	targeting	-2.2297838	2.0109056560839609e-29
ZNF90#chr19:20078289-20078307(-)	ZNF90	targeting	-1.2873689	1.6474127679308023e-09
ZNF90#chr19:20078411-20078429(+)	ZNF90	targeting	-1.9185704	6.721232983448824e-08
ZNF91#chr19:23394981-23394999(-)	ZNF91	targeting	-2.2714167	7.322437006249815e-33
ZNF91#chr19:23395197-23395215(+)	ZNF91	targeting	-1.6740137	1.825790105678661e-06
ZNF91#chr19:23395263-23395281(-)	ZNF91	targeting	-1.7747487	1.137902311880986e-37
ZNF91#chr19:23395436-23395454(+)	ZNF91	targeting	-2.3231401	4.761685284107937e-16
ZNF91#chr19:23395439-23395457(+)	ZNF91	targeting	-1.2055628	0.0049730693623303
ZNF91#chr19:23395447-23395465(-)	ZNF91	targeting	-0.6139878	0.2232122256456996
ZNF92#chr7:65373872-65373890(-)	ZNF92	targeting	-1.0303615	0.0016042892272143
ZNF92#chr7:65373880-65373898(-)	ZNF92	targeting	-1.9266031	2.030073959425435e-05
ZNF92#chr7:65373898-65373916(+)	ZNF92	targeting	-0.4801062	0.0059102357088799
ZNF92#chr7:65373907-65373925(-)	ZNF92	targeting	-0.11709486	0.7686743081717453
ZNF92#chr7:65373927-65373945(-)	ZNF92	targeting	-1.8275589	3.796818036203681e-05
ZNF92#chr7:65374091-65374109(+)	ZNF92	targeting	-1.6279018	4.3811558148875335e-09
ZNF93#chr19:19900914-19900932(+)	ZNF93	targeting	-1.4857602	0.0010676386626148
ZNF93#chr19:19900933-19900951(+)	ZNF93	targeting	-2.2520845	1.4049257608817449e-12
ZNF93#chr19:19900998-19901016(-)	ZNF93	targeting	-1.3295664	0.003005703855742
ZNF93#chr19:19901103-19901121(+)	ZNF93	targeting	-0.07589556	0.5201627594222431
ZNF93#chr19:19901140-19901158(+)	ZNF93	targeting	-2.2600224	6.771263389141813e-12
ZNF93#chr19:19901227-19901245(-)	ZNF93	targeting	-1.3680415	7.680994615164151e-07
ZNF98#chr19:22422062-22422080(+)	ZNF98	targeting		
ZNF98#chr19:22422151-22422169(+)	ZNF98	targeting		
ZNF98#chr19:22422157-22422175(-)	ZNF98	targeting		
ZNF98#chr19:22422165-22422183(-)	ZNF98	targeting		
ZNF98#chr19:22422297-22422315(+)	ZNF98	targeting		
ZNF98#chr19:22422305-22422323(+)	ZNF98	targeting		
ZNF99#chr19:22783798-22783816(+)	ZNF99	targeting		
ZNF99#chr19:22783882-22783900(+)	ZNF99	targeting		
ZNF99#chr19:22783908-22783926(+)	ZNF99	targeting		
ZNF99#chr19:22783983-22784001(-)	ZNF99	targeting		
ZNF99#chr19:22784075-22784093(+)	ZNF99	targeting		
ZNF99#chr19:22784102-22784120(+)	ZNF99	targeting		
ZNFX1#chr20:49277973-49277991(+)	ZNFX1	targeting	-0.15119627	0.4254765411080342
ZNFX1#chr20:49278039-49278057(-)	ZNFX1	targeting	-0.6454081	0.0574558695164793
ZNFX1#chr20:49278049-49278067(-)	ZNFX1	targeting	-0.48393884	0.3162220089491522
ZNFX1#chr20:49278184-49278202(+)	ZNFX1	targeting	-1.4034866	0.1125601726416063
ZNFX1#chr20:49278225-49278243(+)	ZNFX1	targeting	-0.31373358	0.3439552458218174
ZNFX1#chr20:49278237-49278255(-)	ZNFX1	targeting	-0.054311026	0.8753054994986921
ZSCAN1#chr19:58034095-58034113(+)	ZSCAN1	targeting		
ZSCAN1#chr19:58034113-58034131(+)	ZSCAN1	targeting		
ZSCAN1#chr19:58034124-58034142(-)	ZSCAN1	targeting		
ZSCAN1#chr19:58034144-58034162(-)	ZSCAN1	targeting		
ZSCAN1#chr19:58034343-58034361(-)	ZSCAN1	targeting		
ZSCAN1#chr19:58034359-58034377(+)	ZSCAN1	targeting		
ZSCAN10#chr16:3099047-3099065(-)	ZSCAN10	targeting	-1.9525068	0.0123221702512047
ZSCAN10#chr16:3099058-3099076(-)	ZSCAN10	targeting	-1.895357	0.003425323546178
ZSCAN10#chr16:3099137-3099155(+)	ZSCAN10	targeting	-1.1300386	0.0484272283499772
ZSCAN10#chr16:3099192-3099210(+)	ZSCAN10	targeting	-1.6360625	0.0021103881542451
ZSCAN10#chr16:3099205-3099223(+)	ZSCAN10	targeting	-0.4052124	0.6363211973645888
ZSCAN10#chr16:3099218-3099236(+)	ZSCAN10	targeting	-1.4385595	0.0020388445123664
ZSCAN12#chr6:28399674-28399692(+)	ZSCAN12	targeting	-1.6317129	0.107812464136217
ZSCAN12#chr6:28399682-28399700(+)	ZSCAN12	targeting	-1.4369726	0.0035361101280995
ZSCAN12#chr6:28399688-28399706(-)	ZSCAN12	targeting	-0.90496516	0.1126242753098169
ZSCAN12#chr6:28399692-28399710(-)	ZSCAN12	targeting	-0.38294432	0.3604442628492194
ZSCAN12#chr6:28399714-28399732(-)	ZSCAN12	targeting	-0.44997618	0.1655395779529874
ZSCAN12#chr6:28399721-28399739(-)	ZSCAN12	targeting	-1.8165139	1.2903759434701177e-07
ZSCAN16#chr6:28124619-28124637(+)	ZSCAN16	targeting		
ZSCAN16#chr6:28124665-28124683(-)	ZSCAN16	targeting		
ZSCAN16#chr6:28124671-28124689(+)	ZSCAN16	targeting		
ZSCAN16#chr6:28124679-28124697(+)	ZSCAN16	targeting		
ZSCAN16#chr6:28124682-28124700(+)	ZSCAN16	targeting		
ZSCAN16#chr6:28124832-28124850(+)	ZSCAN16	targeting		
ZSCAN18#chr19:58098124-58098142(-)	ZSCAN18	targeting	-1.61481	0.0021071766627994
ZSCAN18#chr19:58098160-58098178(-)	ZSCAN18	targeting	-0.35537544	0.3814247065732181
ZSCAN18#chr19:58098177-58098195(+)	ZSCAN18	targeting	-0.22037652	0.7063289773116641
ZSCAN18#chr19:58098198-58098216(-)	ZSCAN18	targeting	-0.5395065	0.5416986605576011
ZSCAN18#chr19:58098211-58098229(-)	ZSCAN18	targeting	-0.49646404	0.547965591954795
ZSCAN18#chr19:58098218-58098236(-)	ZSCAN18	targeting	0.3661839	0.3707934150965924
ZSCAN18#chr19:58118357-58118375(-)	ZSCAN18	targeting	0.26768553	0.6202563062238452
ZSCAN18#chr19:58118360-58118378(-)	ZSCAN18	targeting	0.0035532475	0.994184850276324
ZSCAN18#chr19:58118369-58118387(-)	ZSCAN18	targeting	-0.16625328	0.4818896502982187
ZSCAN18#chr19:58118378-58118396(+)	ZSCAN18	targeting	-0.2561989	0.6678311846430498
ZSCAN18#chr19:58118382-58118400(-)	ZSCAN18	targeting	-0.06847	0.9040033290638922
ZSCAN18#chr19:58118386-58118404(-)	ZSCAN18	targeting	0.061941594	0.8206985431896681
ZSCAN2#chr15:84601017-84601035(-)	ZSCAN2	targeting		
ZSCAN2#chr15:84601036-84601054(-)	ZSCAN2	targeting		
ZSCAN2#chr15:84601044-84601062(+)	ZSCAN2	targeting		
ZSCAN2#chr15:84601128-84601146(+)	ZSCAN2	targeting		
ZSCAN2#chr15:84601261-84601279(-)	ZSCAN2	targeting		
ZSCAN2#chr15:84601283-84601301(-)	ZSCAN2	targeting		
ZSCAN20#chr1:33472651-33472669(-)	ZSCAN20	targeting		
ZSCAN20#chr1:33472664-33472682(-)	ZSCAN20	targeting		
ZSCAN20#chr1:33472667-33472685(+)	ZSCAN20	targeting		
ZSCAN20#chr1:33472671-33472689(+)	ZSCAN20	targeting		
ZSCAN20#chr1:33472681-33472699(+)	ZSCAN20	targeting		
ZSCAN20#chr1:33472837-33472855(+)	ZSCAN20	targeting		
ZSCAN21#chr7:100049783-100049801(+)	ZSCAN21	targeting	-0.20170549	0.6744526511218005
ZSCAN21#chr7:100049788-100049806(+)	ZSCAN21	targeting	0.1660834	0.682440390937197
ZSCAN21#chr7:100049796-100049814(+)	ZSCAN21	targeting	-0.4671677	0.3920917760229673
ZSCAN21#chr7:100049808-100049826(+)	ZSCAN21	targeting	-2.0013185	0.000459665830345
ZSCAN21#chr7:100049817-100049835(-)	ZSCAN21	targeting	-1.1950506	0.0601485886797899
ZSCAN21#chr7:100049821-100049839(+)	ZSCAN21	targeting	-2.0686173	7.55954861058117e-06
ZSCAN22#chr19:58327028-58327046(+)	ZSCAN22	targeting		
ZSCAN22#chr19:58327044-58327062(+)	ZSCAN22	targeting		
ZSCAN22#chr19:58327067-58327085(+)	ZSCAN22	targeting		
ZSCAN22#chr19:58327085-58327103(-)	ZSCAN22	targeting		
ZSCAN22#chr19:58327221-58327239(+)	ZSCAN22	targeting		
ZSCAN22#chr19:58327232-58327250(+)	ZSCAN22	targeting		
ZSCAN23#chr6:28443243-28443261(-)	ZSCAN23	targeting		
ZSCAN23#chr6:28443273-28443291(-)	ZSCAN23	targeting		
ZSCAN23#chr6:28443356-28443374(+)	ZSCAN23	targeting		
ZSCAN23#chr6:28443382-28443400(+)	ZSCAN23	targeting		
ZSCAN23#chr6:28443395-28443413(+)	ZSCAN23	targeting		
ZSCAN23#chr6:28443425-28443443(-)	ZSCAN23	targeting		
ZSCAN25#chr7:99616956-99616974(+)	ZSCAN25	targeting	-0.205173	0.6939139089388264
ZSCAN25#chr7:99616965-99616983(-)	ZSCAN25	targeting	-0.27407956	0.2748797228148283
ZSCAN25#chr7:99616969-99616987(+)	ZSCAN25	targeting	0.027898958	0.9646825998174589
ZSCAN25#chr7:99616984-99617002(-)	ZSCAN25	targeting	-1.7475303	0.0501258140975288
ZSCAN25#chr7:99617001-99617019(-)	ZSCAN25	targeting	0.04214208	0.8921515845399997
ZSCAN25#chr7:99617027-99617045(-)	ZSCAN25	targeting	-0.76198393	6.022598189647149e-08
ZSCAN26#chr6:28267048-28267066(-)	ZSCAN26	targeting		
ZSCAN26#chr6:28267057-28267075(+)	ZSCAN26	targeting		
ZSCAN26#chr6:28267073-28267091(-)	ZSCAN26	targeting		
ZSCAN26#chr6:28267076-28267094(+)	ZSCAN26	targeting		
ZSCAN26#chr6:28267102-28267120(-)	ZSCAN26	targeting		
ZSCAN26#chr6:28267333-28267351(-)	ZSCAN26	targeting		
ZSCAN29#chr15:43368720-43368738(+)	ZSCAN29	targeting		
ZSCAN29#chr15:43368904-43368922(-)	ZSCAN29	targeting		
ZSCAN29#chr15:43368917-43368935(+)	ZSCAN29	targeting		
ZSCAN29#chr15:43368925-43368943(-)	ZSCAN29	targeting		
ZSCAN29#chr15:43368936-43368954(+)	ZSCAN29	targeting		
ZSCAN29#chr15:43368998-43369016(-)	ZSCAN29	targeting		
ZSCAN30#chr18:35290160-35290178(+)	ZSCAN30	targeting		
ZSCAN30#chr18:35290167-35290185(+)	ZSCAN30	targeting		
ZSCAN30#chr18:35290173-35290191(+)	ZSCAN30	targeting		
ZSCAN30#chr18:35290184-35290202(+)	ZSCAN30	targeting		
ZSCAN30#chr18:35290195-35290213(+)	ZSCAN30	targeting		
ZSCAN30#chr18:35290198-35290216(+)	ZSCAN30	targeting		
ZSCAN31#chr6:28335932-28335950(+)	ZSCAN31	targeting		
ZSCAN31#chr6:28336048-28336066(+)	ZSCAN31	targeting		
ZSCAN31#chr6:28336068-28336086(+)	ZSCAN31	targeting		
ZSCAN31#chr6:28336084-28336102(+)	ZSCAN31	targeting		
ZSCAN31#chr6:28336093-28336111(+)	ZSCAN31	targeting		
ZSCAN31#chr6:28336096-28336114(+)	ZSCAN31	targeting		
ZSCAN31#chr6:28354038-28354056(-)	ZSCAN31	targeting		
ZSCAN31#chr6:28354042-28354060(-)	ZSCAN31	targeting		
ZSCAN31#chr6:28354085-28354103(+)	ZSCAN31	targeting		
ZSCAN31#chr6:28354104-28354122(+)	ZSCAN31	targeting		
ZSCAN31#chr6:28354149-28354167(+)	ZSCAN31	targeting		
ZSCAN31#chr6:28354155-28354173(-)	ZSCAN31	targeting		
ZSCAN32#chr16:3400663-3400681(+)	ZSCAN32	targeting		
ZSCAN32#chr16:3400914-3400932(+)	ZSCAN32	targeting		
ZSCAN32#chr16:3400926-3400944(+)	ZSCAN32	targeting		
ZSCAN32#chr16:3400947-3400965(-)	ZSCAN32	targeting		
ZSCAN32#chr16:3400979-3400997(-)	ZSCAN32	targeting		
ZSCAN32#chr16:3400982-3401000(+)	ZSCAN32	targeting		
ZSCAN5A#chr19:56227807-56227825(+)	ZSCAN5A	targeting	0.27215713	0.512210077051783
ZSCAN5A#chr19:56227904-56227922(+)	ZSCAN5A	targeting	-0.05185542	0.8268701124561761
ZSCAN5A#chr19:56228049-56228067(-)	ZSCAN5A	targeting	-0.53223336	0.2375058540910223
ZSCAN5A#chr19:56228199-56228217(-)	ZSCAN5A	targeting	-0.38458163	0.5090483158709813
ZSCAN5A#chr19:56228203-56228221(-)	ZSCAN5A	targeting	-0.17382425	0.673972188832282
ZSCAN5A#chr19:56228222-56228240(+)	ZSCAN5A	targeting	0.030156026	0.945013063833726
ZSCAN5A#chr19:56368051-56368069(-)	ZSCAN5A	targeting	-0.16627525	0.5482889542820548
ZSCAN5A#chr19:56368168-56368186(+)	ZSCAN5A	targeting	0.1343858	0.7177678295798655
ZSCAN5A#chr19:56368249-56368267(-)	ZSCAN5A	targeting	-0.45868328	0.2266061633346223
ZSCAN5A#chr19:56368322-56368340(+)	ZSCAN5A	targeting	-0.13893394	0.4994564886978631
ZSCAN5A#chr19:56368327-56368345(+)	ZSCAN5A	targeting	-0.5526464	0.3721509393152314
ZSCAN5A#chr19:56368352-56368370(-)	ZSCAN5A	targeting	-0.18775812	0.5844871719194292
ZSCAN5B#chr19:56192556-56192574(-)	ZSCAN5B	targeting		
ZSCAN5B#chr19:56192915-56192933(+)	ZSCAN5B	targeting		
ZSCAN5B#chr19:56192927-56192945(-)	ZSCAN5B	targeting		
ZSCAN5B#chr19:56192965-56192983(+)	ZSCAN5B	targeting		
ZSCAN5B#chr19:56193028-56193046(-)	ZSCAN5B	targeting		
ZSCAN5B#chr19:56193041-56193059(-)	ZSCAN5B	targeting		
ZSCAN5B#chr19:56197524-56197542(-)	ZSCAN5B	targeting		
ZSCAN5B#chr19:56197681-56197699(-)	ZSCAN5B	targeting		
ZSCAN5B#chr19:56197685-56197703(-)	ZSCAN5B	targeting		
ZSCAN5B#chr19:56197709-56197727(-)	ZSCAN5B	targeting		
ZSCAN5B#chr19:56197716-56197734(-)	ZSCAN5B	targeting		
ZSCAN5B#chr19:56197890-56197908(-)	ZSCAN5B	targeting		
ZSCAN9#chr6:28225252-28225270(+)	ZSCAN9	targeting	-1.8774368	0.0110904868137167
ZSCAN9#chr6:28225292-28225310(-)	ZSCAN9	targeting	-0.23727368	0.7343423413779766
ZSCAN9#chr6:28225297-28225315(-)	ZSCAN9	targeting	-1.44039	0.0020155698728893
ZSCAN9#chr6:28225309-28225327(-)	ZSCAN9	targeting	-1.4730651	0.0334701278853076
ZSCAN9#chr6:28225346-28225364(-)	ZSCAN9	targeting	-1.7209841	0.0099453482544253
ZSCAN9#chr6:28225519-28225537(-)	ZSCAN9	targeting	-1.8097738	0.0133229266048527
ZUFSP#chr6:116668524-116668542(+)	ZUFSP	targeting	-1.1846479	2.2175516357997744e-16
ZUFSP#chr6:116668529-116668547(+)	ZUFSP	targeting	-1.2710202	0.020811985009388
ZUFSP#chr6:116668590-116668608(-)	ZUFSP	targeting	-1.5406158	0.0034783472485502
ZUFSP#chr6:116668613-116668631(-)	ZUFSP	targeting	-1.1731453	0.0001810371371512
ZUFSP#chr6:116668711-116668729(+)	ZUFSP	targeting	-1.3712479	1.9879731112431552e-05
ZUFSP#chr6:116668747-116668765(-)	ZUFSP	targeting	-0.4886793	0.1512038120166668
ZXDA#chrX:57909415-57909433(+)	ZXDA	targeting		
ZXDA#chrX:57909694-57909712(-)	ZXDA	targeting		
ZXDA#chrX:57909739-57909757(+)	ZXDA	targeting		
ZXDA#chrX:57909779-57909797(+)	ZXDA	targeting		
ZXDA#chrX:57909782-57909800(+)	ZXDA	targeting		
ZXDA#chrX:57909799-57909817(+)	ZXDA	targeting		
ZXDB#chrX:57592664-57592682(-)	ZXDB	targeting		
ZXDB#chrX:57592723-57592741(-)	ZXDB	targeting		
ZXDB#chrX:57592757-57592775(-)	ZXDB	targeting		
ZXDB#chrX:57592769-57592787(+)	ZXDB	targeting		
ZXDB#chrX:57592846-57592864(-)	ZXDB	targeting		
ZXDB#chrX:57593048-57593066(-)	ZXDB	targeting		
ZXDC#chr3:126475546-126475564(+)	ZXDC	targeting	-1.1562968	0.070295371830409
ZXDC#chr3:126475849-126475867(+)	ZXDC	targeting	-0.24394874	0.300531939314952
ZXDC#chr3:126475861-126475879(+)	ZXDC	targeting	-1.24037	0.000244754138364
ZXDC#chr3:126475865-126475883(-)	ZXDC	targeting	0.03871146	0.753287354745739
ZXDC#chr3:126475920-126475938(-)	ZXDC	targeting	-0.13863334	0.7259432378001582
ZXDC#chr3:126475925-126475943(-)	ZXDC	targeting	-0.2124742	0.3890045829020041
ZZZ3#chr1:77682531-77682549(+)	ZZZ3	targeting	-0.8435245	1.2912635417619534e-10
ZZZ3#chr1:77682544-77682562(+)	ZZZ3	targeting	-0.08287024	0.7567979331068926
ZZZ3#chr1:77682717-77682735(+)	ZZZ3	targeting	0.22729631	0.247926940720399
ZZZ3#chr1:77683038-77683056(-)	ZZZ3	targeting	-0.16668119	0.4203740725156808
ZZZ3#chr1:77683358-77683376(+)	ZZZ3	targeting	-0.32307228	0.2092830152448186
ZZZ3#chr1:77683385-77683403(-)	ZZZ3	targeting	-0.2323981	0.5058785532795129
