target_id	ensembl_gene_id	gene_symbol	hgnc_approved_symbol	jaspar_tf_family	lambert_2018_dbd	type	cell_count	distance_mean	distance_rank_targeting	sig_distance_gt_NC_max	pval_mean	sig_pval_lt_0p05	n_outlier_grnas_in_run	n_grnas_in_run	locus
ENSG00000173145|chr10:94362680-94362949	ENSG00000173145	NOC3L	NOC3L		Unknown	targeting	1214	697.5328063964844	1.0	True	0.0	True	1270	13534	chr10:94362680-94362949
ENSG00000117133|chr1:84479276-84479689	ENSG00000117133	RPF1	RPF1			targeting	541	669.5195831298828	2.0	True	0.0	True	1270	13534	chr1:84479276-84479689
ENSG00000177125|chr9:126860430-126860845	ENSG00000177125	ZBTB34	ZBTB34		C2H2 ZF	targeting	2000	664.8975555419922	3.0	True	0.0	True	1270	13534	chr9:126860430-126860845
ENSG00000068305|chr15:99565983-99566412	ENSG00000068305	MEF2A	MEF2A	Regulators of differentiation	MADS box	targeting	2000	657.3028869628906	4.0	True	0.0	True	1270	13534	chr15:99565983-99566412
ENSG00000128000|chr19:40055862-40056189	ENSG00000128000	ZNF780B	ZNF780B	More than 3 adjacent zinc fingers	C2H2 ZF	targeting	2000	649.0390594482421	5.0	True	0.0	True	1270	13534	chr19:40055862-40056189
ENSG00000168724|chr5:34929559-34930047	ENSG00000168724	DNAJC21	DNAJC21		Unknown	targeting	2000	639.0901763916015	6.0	True	0.0	True	1270	13534	chr5:34929559-34930047
ENSG00000132604|chr16:69385778-69385971	ENSG00000132604	TERF2	TERF2		Myb/SANT	targeting	2000	638.3725006103516	7.0	True	0.0	True	1270	13534	chr16:69385778-69385971
ENSG00000197757|chr12:54016889-54017041	ENSG00000197757	HOXC6	HOXC6		Homeodomain	targeting	2000	637.5805694580079	8.0	True	0.0	True	1270	13534	chr12:54016889-54017041
ENSG00000139687|chr13:48303814-48303919	ENSG00000139687	RB1	RB1		Unknown	targeting	2000	635.9707275390625	9.0	True	0.0	True	1270	13534	chr13:48303814-48303919
ENSG00000168795|chr9:37464997-37465440	ENSG00000168795	ZBTB5	ZBTB5	BTB-POZ	C2H2 ZF	targeting	2000	635.7039916992187	10.0	True	0.0	True	1270	13534	chr9:37464997-37465440
ENSG00000146007|chr5:140700458-140700950	ENSG00000146007	ZMAT2	ZMAT2		Unknown	targeting	2000	635.3793792724609	11.0	True	0.0	True	1270	13534	chr5:140700458-140700950
ENSG00000116478|chr1:32292127-32292611	ENSG00000116478	HDAC1	HDAC1		Unknown	targeting	2000	635.2242950439453	12.0	True	0.0	True	1270	13534	chr1:32292127-32292611
ENSG00000142528|chr19:50025980-50026224	ENSG00000142528	ZNF473	ZNF473		C2H2 ZF	targeting	2000	631.6472869873047	13.0	True	0.0	True	1270	13534	chr19:50025980-50026224
ENSG00000010803|chr1:41160713-41160902	ENSG00000010803	SCMH1	SCMH1		Unknown	targeting	2000	631.1720672607422	14.0	True	0.0	True	1270	13534	chr1:41160713-41160902
ENSG00000113722|chr5:150166777-150167060	ENSG00000113722	CDX1	CDX1	HOX	Homeodomain	targeting	2000	631.0649383544921	15.0	True	0.0	True	1270	13534	chr5:150166777-150167060
ENSG00000177873|chr3:40477174-40477349	ENSG00000177873	ZNF619	ZNF619		C2H2 ZF	targeting	2000	629.143310546875	16.0	True	0.0	True	1270	13534	chr3:40477174-40477349
ENSG00000074219|chr19:49361570-49362385	ENSG00000074219	TEAD2	TEAD2	TEF-1-related factors	TEA	targeting	2000	629.0102355957031	17.0	True	0.0	True	1270	13534	chr19:49361570-49362385
ENSG00000104881|chr19:45404905-45405041	ENSG00000104881	PPP1R13L	PPP1R13L		Unknown	targeting	2000	628.1986907958984	18.0	True	0.0	True	1270	13534	chr19:45404905-45405041
ENSG00000140968|chr16:85899166-85899243	ENSG00000140968	IRF8	IRF8	Interferon-regulatory factors	IRF	targeting	2000	628.0620147705079	19.0	True	0.0	True	1270	13534	chr16:85899166-85899243
ENSG00000103495|chr16:29806750-29806974	ENSG00000103495	MAZ	MAZ	More than 3 adjacent zinc fingers	C2H2 ZF	targeting	2000	626.8001403808594	20.0	True	0.0	True	1270	13534	chr16:29806750-29806974
ENSG00000105127|chr19:15379705-15379777	ENSG00000105127	AKAP8	AKAP8		C2H2 ZF	targeting	2000	626.6263702392578	21.0	True	0.0	True	1270	13534	chr19:15379705-15379777
ENSG00000155090|chr8:102655616-102655842	ENSG00000155090	KLF10	KLF10	Three-zinc finger Kruppel-related	C2H2 ZF	targeting	2000	625.4072631835937	22.0	True	0.0	True	1270	13534	chr8:102655616-102655842
ENSG00000261787|chr8:66962512-66962576	ENSG00000261787	TCF24	TCF24		bHLH	targeting	2000	625.1783905029297	23.0	True	0.0	True	1270	13534	chr8:66962512-66962576
ENSG00000062370|chr19:44356328-44356682	ENSG00000062370	ZNF112	ZNF112		C2H2 ZF	targeting	2000	624.4395111083984	24.0	True	0.0	True	1270	13534	chr19:44356328-44356682
ENSG00000172789|chr12:54016889-54017344	ENSG00000172789	HOXC5	HOXC5		Homeodomain	targeting	2000	624.0676666259766	25.0	True	0.0	True	1270	13534	chr12:54016889-54017344
ENSG00000101544|chr18:80109299-80109786	ENSG00000101544	ADNP2	ADNP2		Homeodomain	targeting	2000	623.5755645751954	26.0	True	0.0	True	1270	13534	chr18:80109299-80109786
ENSG00000169136|chr19:49929110-49929479	ENSG00000169136	ATF5	ATF5		bZIP	targeting	766	622.8770050048828	27.0	True	0.0	True	1270	13534	chr19:49929110-49929479
ENSG00000214513|chr2:73202554-73202681	ENSG00000214513	NOTO	NOTO	NK	Homeodomain	targeting	2000	622.5060485839844	28.0	True	0.0	True	1270	13534	chr2:73202554-73202681
ENSG00000099956|chr22:23791770-23791831	ENSG00000099956	SMARCB1	SMARCB1		Unknown	targeting	2000	622.359017944336	29.0	True	0.0	True	1270	13534	chr22:23791770-23791831
ENSG00000166925|chr7:100479017-100479259	ENSG00000166925	TSC22D4	TSC22D4		Unknown	targeting	2000	621.3900177001954	30.0	True	0.0	True	1270	13534	chr7:100479017-100479259
ENSG00000164920|chr8:98944419-98944821	ENSG00000164920	OSR2	OSR2	More than 3 adjacent zinc fingers	C2H2 ZF	targeting	2000	621.3618957519532	31.0	True	0.0	True	1270	13534	chr8:98944419-98944821
ENSG00000185591|chr12:53380184-53380609	ENSG00000185591	SP1	SP1	Three-zinc finger Kruppel-related	C2H2 ZF	targeting	2000	620.8512268066406	32.0	True	0.0	True	1270	13534	chr12:53380184-53380609
ENSG00000188620|chr10:123135982-123136378	ENSG00000188620	HMX3	HMX3		Homeodomain	targeting	2000	620.6550048828125	33.0	True	0.0	True	1270	13534	chr10:123135982-123136378
ENSG00000112658|chr6:43171413-43171886	ENSG00000112658	SRF	SRF	Responders to external signals (SRF/RLM1)	MADS box	targeting	2000	620.4679321289062	34.0	True	0.0	True	1270	13534	chr6:43171413-43171886
ENSG00000134323|chr2:15940571-15940796	ENSG00000134323	MYCN	MYCN	bHLH-ZIP	bHLH	targeting	2000	620.1442443847657	35.0	True	0.0	True	1270	13534	chr2:15940571-15940796
ENSG00000137947|chr1:88891086-88891504	ENSG00000137947	GTF2B	GTF2B		Unknown	targeting	676	619.2948822021484	36.0	True	0.0	True	1270	13534	chr1:88891086-88891504
ENSG00000124664|chr6:34555882-34556298	ENSG00000124664	SPDEF	SPDEF	Ets-related	Ets	targeting	2000	618.6721221923829	37.0	True	0.0	True	1270	13534	chr6:34555882-34556298
ENSG00000060566|chr19:4153665-4154011	ENSG00000060566	CREB3L3	CREB3L3	CREB-related	bZIP	targeting	2000	618.4975860595703	38.0	True	0.0	True	1270	13534	chr19:4153665-4154011
ENSG00000146285|chr6:107824001-107824322	ENSG00000146285	SCML4	SCML4		AT hook	targeting	2000	618.0992706298828	39.0	True	0.0	True	1270	13534	chr6:107824001-107824322
ENSG00000162419|chr1:28668819-28669201	ENSG00000162419	GMEB1	GMEB1		SAND	targeting	2000	617.7978485107421	40.0	True	0.0	True	1270	13534	chr1:28668819-28669201
ENSG00000118689|chr6:108560893-108561192	ENSG00000118689	FOXO3	FOXO3	FOX	Forkhead	targeting	2000	617.4149536132812	41.0	True	0.0	True	1270	13534	chr6:108560893-108561192
ENSG00000146587|chr7:5045853-5046293	ENSG00000146587	RBAK	RBAK		C2H2 ZF	targeting	2000	617.0002685546875	42.0	True	0.0	True	1270	13534	chr7:5045853-5046293
ENSG00000116990|chr1:39901438-39901871	ENSG00000116990	MYCL	MYCL		bHLH	targeting	2000	616.0621032714844	43.0	True	0.0	True	1270	13534	chr1:39901438-39901871
ENSG00000129993|chr16:88941114-88941358	ENSG00000129993	CBFA2T3	CBFA2T3		Unknown	targeting	2000	614.5071990966796	44.0	True	0.0	True	1270	13534	chr16:88941114-88941358
ENSG00000186130|chr9:122913079-122913320	ENSG00000186130	ZBTB6	ZBTB6	More than 3 adjacent zinc fingers	C2H2 ZF	targeting	2000	614.4328735351562	45.0	True	0.0	True	1270	13534	chr9:122913079-122913320
ENSG00000159917|chr19:44304740-44305014	ENSG00000159917	ZNF235	ZNF235		C2H2 ZF	targeting	2000	614.2599029541016	46.0	True	0.0	True	1270	13534	chr19:44304740-44305014
ENSG00000168477|chr6:32109273-32109354	ENSG00000168477	TNXB	TNXB			targeting	2000	614.0398315429687	47.0	True	0.0	True	1270	13534	chr6:32109273-32109354
ENSG00000177468|chr6:137493996-137494361	ENSG00000177468	OLIG3	OLIG3	Tal-related	bHLH	targeting	2000	614.0195373535156	48.0	True	0.0	True	1270	13534	chr6:137493996-137494361
ENSG00000125812|chr20:23362171-23362428	ENSG00000125812	GZF1	GZF1		C2H2 ZF	targeting	2000	613.6231964111328	49.0	True	0.0	True	1270	13534	chr20:23362171-23362428
ENSG00000080298|chr9:3525576-3525992	ENSG00000080298	RFX3	RFX3	RFX-related factors	RFX	targeting	2000	613.2093444824219	50.0	True	0.0	True	1270	13534	chr9:3525576-3525992
ENSG00000143498|chr1:222589794-222589893	ENSG00000143498	TAF1A	TAF1A		Unknown	targeting	860	612.681039428711	51.0	True	0.0	True	1270	13534	chr1:222589794-222589893
ENSG00000248496|chr6:28587057-28587321	ENSG00000248496					targeting	2000	612.455923461914	52.0	True	0.0	True	1270	13534	chr6:28587057-28587321
ENSG00000272333|chr19:35720238-35720437	ENSG00000272333	KMT2B	KMT2B		CxxC; AT hook	targeting	2000	612.2456970214844	53.0	True	0.0	True	1270	13534	chr19:35720238-35720437
ENSG00000168874|chr2:85753861-85754514	ENSG00000168874	ATOH8	ATOH8		bHLH	targeting	2000	611.9427703857422	54.0	True	0.0	True	1270	13534	chr2:85753861-85754514
ENSG00000198728|chr10:102120103-102120377	ENSG00000198728	LDB1	LDB1			targeting	2000	611.6355682373047	55.0	True	0.0	True	1270	13534	chr10:102120103-102120377
ENSG00000164334|chr5:119629564-119629861	ENSG00000164334	FAM170A	FAM170A		C2H2 ZF	targeting	2000	611.3440979003906	56.0	True	0.0	True	1270	13534	chr5:119629564-119629861
ENSG00000118495|chr6:144064515-144064585	ENSG00000118495	PLAGL1	PLAGL1		C2H2 ZF	targeting	2000	611.2913482666015	57.0	True	0.0	True	1270	13534	chr6:144064515-144064585
ENSG00000172059|chr2:10043563-10044261	ENSG00000172059	KLF11	KLF11	Three-zinc finger Kruppel-related	C2H2 ZF	targeting	2000	610.7526611328125	58.0	True	0.0	True	1270	13534	chr2:10043563-10044261
ENSG00000203667|chr1:244835661-244835879	ENSG00000203667	COX20	COX20			targeting	2000	609.6505737304688	59.0	True	0.0	True	1270	13534	chr1:244835661-244835879
ENSG00000177551|chr1:115840808-115841142	ENSG00000177551	NHLH2	NHLH2	Tal-related	bHLH	targeting	2000	607.9902160644531	60.0	True	0.0	True	1270	13534	chr1:115840808-115841142
ENSG00000178665|chr7:55887473-55887555	ENSG00000178665	ZNF713	ZNF713		C2H2 ZF	targeting	2000	607.5744720458985	61.0	True	0.0	True	1270	13534	chr7:55887473-55887555
ENSG00000189299|chrX:55623405-55623829	ENSG00000189299	FOXR2	FOXR2		Forkhead	targeting	2000	607.4080169677734	62.0	True	0.0	True	1270	13534	chrX:55623405-55623829
ENSG00000130711|chr9:130664216-130664865	ENSG00000130711	PRDM12	PRDM12		C2H2 ZF	targeting	2000	607.3459442138671	63.0	True	0.0	True	1270	13534	chr9:130664216-130664865
ENSG00000131914|chr1:26410815-26411291	ENSG00000131914	LIN28A	LIN28A		CSD	targeting	2000	607.3318786621094	64.0	True	0.0	True	1270	13534	chr1:26410815-26411291
ENSG00000269404|chr19:50418934-50419189	ENSG00000269404	SPIB	SPIB	Ets-related	Ets	targeting	2000	606.9563598632812	65.0	True	0.0	True	1270	13534	chr19:50418934-50419189
ENSG00000064995|chr6:34887946-34888054	ENSG00000064995	TAF11	TAF11		Unknown	targeting	2000	606.6548706054688	66.0	True	0.0	True	1270	13534	chr6:34887946-34888054
ENSG00000217236|chr2:174334930-174335177	ENSG00000217236	SP9	SP9	Three-zinc finger Kruppel-related	C2H2 ZF	targeting	2000	606.6434509277344	67.0	True	0.0	True	1270	13534	chr2:174334930-174335177
ENSG00000101115|chr20:51801947-51802476	ENSG00000101115	SALL4	SALL4		C2H2 ZF	targeting	2000	606.4042266845703	68.0	True	0.0	True	1270	13534	chr20:51801947-51802476
ENSG00000180035|chr16:30395465-30395994	ENSG00000180035	ZNF48	ZNF48		C2H2 ZF	targeting	2000	605.6407897949218	69.0	True	0.0	True	1270	13534	chr16:30395465-30395994
ENSG00000089225|chr12:114405669-114406173	ENSG00000089225	TBX5	TBX5	TBX2-related factors	T-box	targeting	2000	605.6316040039062	70.0	True	0.0	True	1270	13534	chr12:114405669-114406173
ENSG00000162761|chr1:165356441-165356714	ENSG00000162761	LMX1A	LMX1A	HD-LIM	Homeodomain	targeting	2000	605.4789672851563	71.0	True	0.0	True	1270	13534	chr1:165356441-165356714
ENSG00000063515|chr22:19149909-19150251	ENSG00000063515	GSC2	GSC2	Paired-related HD factors	Homeodomain	targeting	2000	605.2818969726562	72.0	True	0.0	True	1270	13534	chr22:19149909-19150251
ENSG00000108511|chr17:48604687-48604981	ENSG00000108511	HOXB6	HOXB6	HOX	Homeodomain	targeting	2000	604.88779296875	73.0	True	0.0	True	1270	13534	chr17:48604687-48604981
ENSG00000198160|chr1:66925017-66925377	ENSG00000198160	MIER1	MIER1		Myb/SANT	targeting	2000	604.603890991211	74.0	True	0.0	True	1270	13534	chr1:66925017-66925377
ENSG00000049618|chr6:156779041-156779230	ENSG00000049618	ARID1B	ARID1B		ARID/BRIGHT	targeting	2000	603.5595886230469	75.0	True	0.0	True	1270	13534	chr6:156779041-156779230
ENSG00000152926|chr7:65006294-65006670	ENSG00000152926	ZNF117	ZNF117		C2H2 ZF	targeting	2000	603.4174499511719	76.0	True	0.0	True	1270	13534	chr7:65006294-65006670
ENSG00000187140|chr1:63323785-63323898	ENSG00000187140	FOXD3	FOXD3	FOX	Forkhead	targeting	2000	603.3073822021485	77.0	True	0.0	True	1270	13534	chr1:63323785-63323898
ENSG00000181450|chr1:227563558-227563916	ENSG00000181450	ZNF678	ZNF678	More than 3 adjacent zinc fingers	C2H2 ZF	targeting	2000	602.975375366211	78.0	True	0.0	True	1270	13534	chr1:227563558-227563916
ENSG00000198715|chr1:156291408-156291546	ENSG00000198715	C1orf85	GLMP		Unknown	targeting	2000	602.9082946777344	79.0	True	0.0	True	1270	13534	chr1:156291408-156291546
ENSG00000095794|chr10:35127292-35127389	ENSG00000095794	CREM	CREM	CREB-related factors	bZIP	targeting	2000	602.8453033447265	80.0	True	0.0	True	1270	13534	chr10:35127292-35127389
ENSG00000290687|chr17:18681916-18682305	ENSG00000290687	ZNF286B	ZNF286B	More than 3 adjacent zinc fingers	C2H2 ZF	targeting	1185	602.5252044677734	81.0	True	0.0	True	1270	13534	chr17:18681916-18682305
ENSG00000105732|chr19:42076166-42076229	ENSG00000105732	ZNF574	ZNF574	Factors with multiple dispersed zinc fingers	C2H2 ZF	targeting	1937	602.4493835449218	82.0	True	0.0	True	1270	13534	chr19:42076166-42076229
ENSG00000130522|chr19:18281310-18281622	ENSG00000130522	JUND	JUND	Jun-related	bZIP	targeting	2000	602.4256958007812	83.0	True	0.0	True	1270	13534	chr19:18281310-18281622
non-targeting|26|non-targeting:26-26						negative control	2000	602.3259094238281		False	0.0	True	1270	13534	non-targeting|26|non-targeting:26-26
ENSG00000153250|chr2:160493615-160493833	ENSG00000153250	RBMS1	RBMS1			targeting	2000	602.2021942138672	84.0	False	0.0	True	1270	13534	chr2:160493615-160493833
ENSG00000133794|chr11:13277791-13277895	ENSG00000133794	ARNTL	BMAL1		bHLH	targeting	2000	601.9192718505859	85.0	False	0.0	True	1270	13534	chr11:13277791-13277895
ENSG00000022976|chr14:102319739-102319958	ENSG00000022976	ZNF839	ZNF839		C2H2 ZF	targeting	2000	601.5646179199218	86.0	False	0.0	True	1270	13534	chr14:102319739-102319958
ENSG00000065526|chr1:15847812-15848268	ENSG00000065526	SPEN	SPEN		Unknown	targeting	2000	601.0509399414062	87.0	False	0.0	True	1270	13534	chr1:15847812-15848268
ENSG00000141579|chr17:82839794-82839974	ENSG00000141579	ZNF750	ZNF750		C2H2 ZF	targeting	2000	600.5780944824219	88.0	False	0.0	True	1270	13534	chr17:82839794-82839974
ENSG00000221923|chr19:52369942-52370264	ENSG00000221923	ZNF880	ZNF880		C2H2 ZF	targeting	2000	600.5573913574219	89.0	False	0.0	True	1270	13534	chr19:52369942-52370264
ENSG00000115966|chr2:175167692-175168186	ENSG00000115966	ATF2	ATF2	Jun-related	bZIP	targeting	2000	599.5430603027344	90.0	False	0.0	True	1270	13534	chr2:175167692-175168186
ENSG00000151612|chr4:145938449-145938841	ENSG00000151612	ZNF827	ZNF827	More than 3 adjacent zinc fingers	C2H2 ZF	targeting	2000	599.2246978759765	91.0	False	0.0	True	1270	13534	chr4:145938449-145938841
ENSG00000196482|chr1:217076892-217076980	ENSG00000196482	ESRRG	ESRRG		Nuclear receptor	targeting	2000	598.8863647460937	92.0	False	0.0	True	1270	13534	chr1:217076892-217076980
ENSG00000198807|chr14:36657577-36657854	ENSG00000198807	PAX9	PAX9	Paired domain only	Paired box	targeting	2000	598.8065979003907	93.0	False	0.0	True	1270	13534	chr14:36657577-36657854
non-targeting|56|non-targeting:56-56						negative control	2000	598.2472595214844		False	0.0	True	1270	13534	non-targeting|56|non-targeting:56-56
ENSG00000179774|chr10:68231719-68232126	ENSG00000179774	ATOH7	ATOH7	Tal-related	bHLH	targeting	2000	598.2232269287109	94.0	False	0.0	True	1270	13534	chr10:68231719-68232126
ENSG00000149136|chr11:57335432-57335883	ENSG00000149136	SSRP1	SSRP1		HMG/Sox	targeting	2000	598.1994476318359	95.0	False	0.0	True	1270	13534	chr11:57335432-57335883
ENSG00000167766|chr19:52617762-52618060	ENSG00000167766	ZNF83	ZNF83		C2H2 ZF	targeting	2000	598.0256378173829	96.0	False	0.0	True	1270	13534	chr19:52617762-52618060
ENSG00000108813|chr17:49968574-49969214	ENSG00000108813	DLX4	DLX4		Homeodomain	targeting	2000	597.5477935791016	97.0	False	0.0	True	1270	13534	chr17:49968574-49969214
ENSG00000160973|chr8:144475400-144475825	ENSG00000160973	FOXH1	FOXH1	FOX	Forkhead	targeting	2000	597.5308898925781	98.0	False	0.0	True	1270	13534	chr8:144475400-144475825
ENSG00000178919|chr9:97853228-97853325	ENSG00000178919	FOXE1	FOXE1	FOX	Forkhead	targeting	2000	597.4914733886719	99.0	False	0.0	True	1270	13534	chr9:97853228-97853325
non-targeting|87|non-targeting:87-87						negative control	2000	597.4072509765625		False	0.0	True	1270	13534	non-targeting|87|non-targeting:87-87
ENSG00000124613|chr6:27388991-27389183	ENSG00000124613	ZNF391	ZNF391		C2H2 ZF	targeting	2000	597.3183654785156	100.0	False	0.0	True	1270	13534	chr6:27388991-27389183
ENSG00000261678|chr8:144336352-144336724	ENSG00000261678	SCRT1	SCRT1	More than 3 adjacent zinc fingers	C2H2 ZF	targeting	2000	597.2972229003906	101.0	False	0.0	True	1270	13534	chr8:144336352-144336724
ENSG00000115041|chr2:95346509-95346970	ENSG00000115041	KCNIP3	KCNIP3		Unknown	targeting	2000	597.2196594238281	102.0	False	0.0	True	1270	13534	chr2:95346509-95346970
ENSG00000213921|chr19:39776606-39777006	ENSG00000213921	LEUTX	LEUTX	Paired-related HD	Homeodomain	targeting	2000	597.143032836914	103.0	False	0.0	True	1270	13534	chr19:39776606-39777006
ENSG00000131408|chr19:50376443-50376703	ENSG00000131408	NR1H2	NR1H2		Nuclear receptor	targeting	2000	596.9405151367188	104.0	False	0.0	True	1270	13534	chr19:50376443-50376703
ENSG00000198046|chr19:56477265-56477326	ENSG00000198046	ZNF667	ZNF667	More than 3 adjacent zinc fingers	C2H2 ZF	targeting	2000	596.9088012695313	105.0	False	0.0	True	1270	13534	chr19:56477265-56477326
ENSG00000043355|chr13:99981848-99982255	ENSG00000043355	ZIC2	ZIC2		C2H2 ZF	targeting	2000	596.4235748291015	106.0	False	0.0	True	1270	13534	chr13:99981848-99982255
ENSG00000159905|chr19:43951236-43951495	ENSG00000159905	ZNF221	ZNF221		C2H2 ZF	targeting	2000	595.9055725097656	107.0	False	0.0	True	1270	13534	chr19:43951236-43951495
ENSG00000157514|chrX:107716580-107717039	ENSG00000157514	TSC22D3	TSC22D3		Unknown	targeting	2000	595.8740661621093	108.0	False	0.0	True	1270	13534	chrX:107716580-107717039
ENSG00000115738|chr2:8682041-8682266	ENSG00000115738	ID2	ID2		bHLH	targeting	2000	595.8246429443359	109.0	False	0.0	True	1270	13534	chr2:8682041-8682266
ENSG00000168453|chr8:22133281-22133384	ENSG00000168453	HR	HR		Unknown	targeting	2000	595.2341827392578	110.0	False	0.0	True	1270	13534	chr8:22133281-22133384
ENSG00000156150|chr1:110070253-110070638	ENSG00000156150	ALX3	ALX3	Paired-related HD factors	Homeodomain	targeting	2000	595.2303466796875	111.0	False	0.0	True	1270	13534	chr1:110070253-110070638
ENSG00000123407|chr12:53954897-53955178	ENSG00000123407	HOXC12	HOXC12	HOX	Homeodomain	targeting	2000	594.9931793212891	112.0	False	0.0	True	1270	13534	chr12:53954897-53955178
ENSG00000120149|chr5:174724606-174724960	ENSG00000120149	MSX2	MSX2	NK	Homeodomain	targeting	2000	594.9906341552735	113.0	False	0.0	True	1270	13534	chr5:174724606-174724960
ENSG00000170260|chr7:149239653-149239735	ENSG00000170260	ZNF212	ZNF212		C2H2 ZF	targeting	2000	594.8614379882813	114.0	False	0.0	True	1270	13534	chr7:149239653-149239735
ENSG00000159200|chr21:34526660-34526834	ENSG00000159200	RCAN1	RCAN1		Unknown	targeting	2000	594.64072265625	115.0	False	0.0	True	1270	13534	chr21:34526660-34526834
ENSG00000180053|chr8:23706141-23706612	ENSG00000180053	NKX2-6	NKX2-6		Homeodomain	targeting	2000	594.4267303466797	116.0	False	0.0	True	1270	13534	chr8:23706141-23706612
ENSG00000139154|chr12:19439636-19440076	ENSG00000139154	AEBP2	AEBP2		C2H2 ZF	targeting	2000	594.3631744384766	117.0	False	0.0	True	1270	13534	chr12:19439636-19440076
ENSG00000144355|chr2:172084789-172085206	ENSG00000144355	DLX1	DLX1	NK	Homeodomain	targeting	2000	594.3428558349609	118.0	False	0.0	True	1270	13534	chr2:172084789-172085206
ENSG00000183495|chr12:131949997-131950319	ENSG00000183495	EP400	EP400		Unknown	targeting	2000	594.1135101318359	119.0	False	0.0	True	1270	13534	chr12:131949997-131950319
ENSG00000155545|chr5:56951874-56952239	ENSG00000155545	MIER3	MIER3		Myb/SANT	targeting	2000	594.0642639160156	120.0	False	0.0	True	1270	13534	chr5:56951874-56952239
ENSG00000164651|chr7:20786502-20786925	ENSG00000164651	SP8	SP8	Three-zinc finger Kruppel-related	C2H2 ZF	targeting	2000	594.0038879394531	121.0	False	0.0	True	1270	13534	chr7:20786502-20786925
ENSG00000254004|chr19:36528039-36528685	ENSG00000254004	ZNF260	ZNF260	More than 3 adjacent zinc fingers	C2H2 ZF	targeting	2000	593.8522644042969	122.0	False	0.0	True	1270	13534	chr19:36528039-36528685
ENSG00000121413|chr19:58098124-58098236	ENSG00000121413	ZSCAN18	ZSCAN18		C2H2 ZF	targeting	2000	593.8223449707032	123.0	False	0.0	True	1270	13534	chr19:58098124-58098236
ENSG00000236609|chr7:6621436-6621978	ENSG00000236609	ZNF853	ZNF853	More than 3 adjacent zinc fingers	C2H2 ZF	targeting	2000	593.4718475341797	124.0	False	0.0	True	1270	13534	chr7:6621436-6621978
ENSG00000172667|chr3:179071730-179071820	ENSG00000172667	ZMAT3	ZMAT3		C2H2 ZF	targeting	2000	593.1917053222656	125.0	False	0.0	True	1270	13534	chr3:179071730-179071820
ENSG00000160336|chr19:53432042-53432477	ENSG00000160336	ZNF761	ZNF761		C2H2 ZF	targeting	2000	593.1065155029297	126.0	False	0.0	True	1270	13534	chr19:53432042-53432477
non-targeting|44|non-targeting:44-44						negative control	2000	592.9316375732421		False	0.0	True	1270	13534	non-targeting|44|non-targeting:44-44
ENSG00000163064|chr2:118847273-118847656	ENSG00000163064	EN1	EN1	NK	Homeodomain	targeting	2000	592.7290496826172	127.0	False	0.0	True	1270	13534	chr2:118847273-118847656
ENSG00000203883|chr20:64049282-64049635	ENSG00000203883	SOX18	SOX18	SOX-related factors	HMG/Sox	targeting	2000	592.5472106933594	128.0	False	0.0	True	1270	13534	chr20:64049282-64049635
ENSG00000125285|chr13:94712239-94712536	ENSG00000125285	SOX21	SOX21	SOX-related factors	HMG/Sox	targeting	2000	592.3427185058594	129.0	False	0.0	True	1270	13534	chr13:94712239-94712536
ENSG00000256229|chr19:20167219-20167664	ENSG00000256229	ZNF486	ZNF486		C2H2 ZF	targeting	2000	591.9256164550782	130.0	False	0.0	True	1270	13534	chr19:20167219-20167664
ENSG00000197905|chr12:2959413-2960045	ENSG00000197905	TEAD4	TEAD4	TEF-1-related factors	TEA	targeting	2000	591.9011871337891	131.0	False	0.0	True	1270	13534	chr12:2959413-2960045
ENSG00000161551|chr19:51887666-51887940	ENSG00000161551	ZNF577	ZNF577		C2H2 ZF	targeting	2000	591.8102264404297	132.0	False	0.0	True	1270	13534	chr19:51887666-51887940
ENSG00000196466|chr19:12400949-12401251	ENSG00000196466	ZNF799	ZNF799		C2H2 ZF	targeting	2000	591.6192321777344	133.0	False	0.0	True	1270	13534	chr19:12400949-12401251
ENSG00000153879|chr19:33373314-33374166	ENSG00000153879	CEBPG	CEBPG	CEBP-related	bZIP	targeting	2000	591.4925262451172	134.0	False	0.0	True	1270	13534	chr19:33373314-33374166
ENSG00000148835|chr10:103367999-103368480	ENSG00000148835	TAF5	TAF5		Unknown	targeting	2000	591.314584350586	135.0	False	0.0	True	1270	13534	chr10:103367999-103368480
ENSG00000125945|chr1:23369540-23369830	ENSG00000125945	ZNF436	ZNF436	More than 3 adjacent zinc fingers	C2H2 ZF	targeting	2000	591.0771026611328	136.0	False	0.0	True	1270	13534	chr1:23369540-23369830
ENSG00000128709|chr2:176122703-176123019	ENSG00000128709	HOXD9	HOXD9	HOX	Homeodomain	targeting	2000	590.2853240966797	137.0	False	0.0	True	1270	13534	chr2:176122703-176123019
ENSG00000176024|chr19:51927443-51927703	ENSG00000176024	ZNF613	ZNF613		C2H2 ZF	targeting	2000	590.1379089355469	138.0	False	0.0	True	1270	13534	chr19:51927443-51927703
ENSG00000196967|chr19:37172579-37172706	ENSG00000196967	ZNF585A	ZNF585A		C2H2 ZF	targeting	2000	590.0262451171875	139.0	False	0.0	True	1270	13534	chr19:37172579-37172706
ENSG00000117595|chr1:209805880-209806138	ENSG00000117595	IRF6	IRF6	Interferon-regulatory factors	IRF	targeting	2000	590.0234008789063	140.0	False	0.0	True	1270	13534	chr1:209805880-209806138
ENSG00000198791|chr8:17246615-17246901	ENSG00000198791	CNOT7	CNOT7		Unknown	targeting	2000	589.9226135253906	141.0	False	0.0	True	1270	13534	chr8:17246615-17246901
ENSG00000181666|chr19:37317887-37318080	ENSG00000181666	HKR1	ZNF875		C2H2 ZF	targeting	2000	589.7026885986328	142.0	False	0.0	True	1270	13534	chr19:37317887-37318080
ENSG00000078399|chr7:27165269-27165544	ENSG00000078399	HOXA9	HOXA9	HOX	Homeodomain	targeting	2000	589.6857086181641	143.0	False	0.0	True	1270	13534	chr7:27165269-27165544
ENSG00000204498|chr6:31547595-31547677	ENSG00000204498	NFKBIL1	NFKBIL1		Unknown	targeting	2000	589.6458618164063	144.0	False	0.0	True	1270	13534	chr6:31547595-31547677
ENSG00000162772|chr1:212608762-212609035	ENSG00000162772	ATF3	ATF3	Fos-related	bZIP	targeting	2000	589.4877899169921	145.0	False	0.0	True	1270	13534	chr1:212608762-212609035
ENSG00000176842|chr16:54930906-54931449	ENSG00000176842	IRX5	IRX5	TALE-type HD	Homeodomain	targeting	2000	589.1185760498047	146.0	False	0.0	True	1270	13534	chr16:54930906-54931449
ENSG00000167380|chr19:44141571-44141667	ENSG00000167380	ZNF226	ZNF226	More than 3 adjacent zinc fingers	C2H2 ZF	targeting	2000	588.9341491699219	147.0	False	0.0	True	1270	13534	chr19:44141571-44141667
ENSG00000173451|chr12:71663070-71663470	ENSG00000173451	THAP2	THAP2		THAP finger	targeting	2000	588.9266815185547	148.0	False	0.0	True	1270	13534	chr12:71663070-71663470
ENSG00000136367|chr14:23555709-23555907	ENSG00000136367	ZFHX2	ZFHX2		Homeodomain	targeting	2000	588.7568634033203	149.0	False	0.0	True	1270	13534	chr14:23555709-23555907
ENSG00000112182|chr6:90296557-90296779	ENSG00000112182	BACH2	BACH2	Jun-related	bZIP	targeting	2000	588.7438873291015	150.0	False	0.0	True	1270	13534	chr6:90296557-90296779
ENSG00000106261|chr7:100015610-100015983	ENSG00000106261	ZKSCAN1	ZKSCAN1	More than 3 adjacent zinc fingers	C2H2 ZF	targeting	2000	588.7263122558594	151.0	False	0.0	True	1270	13534	chr7:100015610-100015983
ENSG00000148513|chr10:37125662-37125900	ENSG00000148513	ANKRD30A	ANKRD30A		Unknown	targeting	2000	588.4443450927735	152.0	False	0.0	True	1270	13534	chr10:37125662-37125900
ENSG00000229544|chr10:124449538-124450027	ENSG00000229544	NKX1-2	NKX1-2		Homeodomain	targeting	2000	588.2315124511719	153.0	False	0.0	True	1270	13534	chr10:124449538-124450027
ENSG00000198353|chr12:54053840-54054486	ENSG00000198353	HOXC4	HOXC4	HOX	Homeodomain	targeting	2000	588.0238739013672	154.0	False	0.0	True	1270	13534	chr12:54053840-54054486
ENSG00000105419|chr19:47419060-47419533	ENSG00000105419	MEIS3	MEIS3	TALE-type homeo domain factors	Homeodomain	targeting	2000	588.014697265625	155.0	False	0.0	True	1270	13534	chr19:47419060-47419533
ENSG00000198028|chr19:9498329-9498565	ENSG00000198028	ZNF560	ZNF560		C2H2 ZF	targeting	2000	587.9013488769531	156.0	False	0.0	True	1270	13534	chr19:9498329-9498565
ENSG00000197016|chr19:56567472-56567742	ENSG00000197016	ZNF470	ZNF470	Other factors with up to three adjacent zinc fingers	C2H2 ZF	targeting	2000	587.7926055908204	157.0	False	0.0	True	1270	13534	chr19:56567472-56567742
ENSG00000188981|chr4:3249156-3249361	ENSG00000188981	MSANTD1	MSANTD1	Myb-SANT	MADF	targeting	2000	587.6442352294922	158.0	False	0.0	True	1270	13534	chr4:3249156-3249361
ENSG00000153147|chr4:143513688-143514112	ENSG00000153147	SMARCA5	SMARCA5		Myb/SANT	targeting	2000	587.3718383789062	159.0	False	0.0	True	1270	13534	chr4:143513688-143514112
ENSG00000126012|chrX:53224936-53225167	ENSG00000126012	KDM5C	KDM5C		ARID/BRIGHT	targeting	2000	587.3581237792969	160.0	False	0.0	True	1270	13534	chrX:53224936-53225167
ENSG00000126003|chr20:32207339-32207732	ENSG00000126003	PLAGL2	PLAGL2	More than 3 adjacent zinc fingers	C2H2 ZF	targeting	2000	587.3156646728515	161.0	False	0.0	True	1270	13534	chr20:32207339-32207732
ENSG00000198039|chr7:64882559-64882971	ENSG00000198039	ZNF273	ZNF273		C2H2 ZF	targeting	2000	587.2065795898437	162.0	False	0.0	True	1270	13534	chr7:64882559-64882971
ENSG00000049618|chr6:156777663-156778009	ENSG00000049618	ARID1B	ARID1B		ARID/BRIGHT	targeting	2000	587.1201965332032	163.0	False	0.0	True	1270	13534	chr6:156777663-156778009
ENSG00000143365|chr1:151831572-151831764	ENSG00000143365	RORC	RORC	Thyroid hormone receptor-related factors (NR1)	Nuclear receptor	targeting	2000	587.0199645996094	164.0	False	0.0	True	1270	13534	chr1:151831572-151831764
ENSG00000117707|chr1:213987944-213988486	ENSG00000117707	PROX1	PROX1	HD-PROS factors	Prospero	targeting	2000	586.938998413086	165.0	False	0.0	True	1270	13534	chr1:213987944-213988486
ENSG00000121060|chr17:56913644-56914016	ENSG00000121060	TRIM25	TRIM25		Unknown	targeting	2000	586.7937774658203	166.0	False	0.0	True	1270	13534	chr17:56913644-56914016
ENSG00000104903|chr19:13102421-13102889	ENSG00000104903	LYL1	LYL1		bHLH	targeting	2000	586.7730072021484	167.0	False	0.0	True	1270	13534	chr19:13102421-13102889
ENSG00000168875|chr3:137764309-137764690	ENSG00000168875	SOX14	SOX14	SOX-related factors	HMG/Sox	targeting	2000	586.7481689453125	168.0	False	0.0	True	1270	13534	chr3:137764309-137764690
ENSG00000198466|chr19:57849864-57850330	ENSG00000198466	ZNF587	ZNF587		C2H2 ZF	targeting	2000	586.4994018554687	169.0	False	0.0	True	1270	13534	chr19:57849864-57850330
ENSG00000180257|chr19:52962453-52962859	ENSG00000180257	ZNF816	ZNF816	More than 3 adjacent zinc fingers	C2H2 ZF	targeting	2000	586.4718963623047	170.0	False	0.0	True	1270	13534	chr19:52962453-52962859
ENSG00000167034|chr8:23682459-23682968	ENSG00000167034	NKX3-1	NKX3-1	NK	Homeodomain	targeting	2000	586.4089538574219	171.0	False	0.0	True	1270	13534	chr8:23682459-23682968
ENSG00000178338|chr5:178859971-178860059	ENSG00000178338	ZNF354B	ZNF354B		C2H2 ZF	targeting	2000	586.3490844726563	172.0	False	0.0	True	1270	13534	chr5:178859971-178860059
ENSG00000196378|chr8:144786891-144787326	ENSG00000196378	ZNF34	ZNF34		C2H2 ZF	targeting	2000	586.2679321289063	173.0	False	0.0	True	1270	13534	chr8:144786891-144787326
ENSG00000124203|chr20:59191056-59191404	ENSG00000124203	ZNF831	ZNF831	Factors with multiple dispersed zinc fingers	C2H2 ZF	targeting	2000	586.2676391601562	174.0	False	0.0	True	1270	13534	chr20:59191056-59191404
ENSG00000174586|chr19:58362645-58362762	ENSG00000174586	ZNF497	ZNF497	More than 3 adjacent zinc fingers	C2H2 ZF	targeting	2000	586.243051147461	175.0	False	0.0	True	1270	13534	chr19:58362645-58362762
ENSG00000069812|chr1:6424593-6424687	ENSG00000069812	HES2	HES2	Hairy-related factors	bHLH	targeting	2000	586.1889587402344	176.0	False	0.0	True	1270	13534	chr1:6424593-6424687
ENSG00000087903|chr19:6110396-6110505	ENSG00000087903	RFX2	RFX2	RFX-related factors	RFX	targeting	2000	586.0724578857422	177.0	False	0.0	True	1270	13534	chr19:6110396-6110505
ENSG00000152467|chr19:58034095-58034377	ENSG00000152467	ZSCAN1	ZSCAN1		C2H2 ZF	targeting	2000	586.0145141601563	178.0	False	0.0	True	1270	13534	chr19:58034095-58034377
ENSG00000157557|chr21:38805495-38806394	ENSG00000157557	ETS2	ETS2	Ets-related	Ets	targeting	2000	585.9058837890625	179.0	False	0.0	True	1270	13534	chr21:38805495-38806394
ENSG00000197362|chr7:149090514-149090726	ENSG00000197362	ZNF786	ZNF786		C2H2 ZF	targeting	2000	585.7335571289062	180.0	False	0.0	True	1270	13534	chr7:149090514-149090726
ENSG00000118260|chr2:207529949-207530028	ENSG00000118260	CREB1	CREB1	CREB-related factors	bZIP	targeting	2000	585.6835540771484	181.0	False	0.0	True	1270	13534	chr2:207529949-207530028
ENSG00000205250|chr16:67192147-67192662	ENSG00000205250	E2F4	E2F4	E2F	E2F	targeting	2000	585.4294311523438	182.0	False	0.0	True	1270	13534	chr16:67192147-67192662
ENSG00000080603|chr16:30698167-30699349	ENSG00000080603	SRCAP	SRCAP		AT hook	targeting	2000	585.3015258789062	183.0	False	0.0	True	1270	13534	chr16:30698167-30699349
ENSG00000170561|chr5:2751254-2751657	ENSG00000170561	IRX2	IRX2	TALE-type HD	Homeodomain	targeting	2000	585.2014526367187	184.0	False	0.0	True	1270	13534	chr5:2751254-2751657
non-targeting|11|non-targeting:11-11						negative control	2000	584.9669799804688		False	0.0	True	1270	13534	non-targeting|11|non-targeting:11-11
ENSG00000165804|chr14:21097948-21098619	ENSG00000165804	ZNF219	ZNF219		C2H2 ZF	targeting	2000	584.9611572265625	185.0	False	0.0	True	1270	13534	chr14:21097948-21098619
ENSG00000108773|chr17:42121038-42121356	ENSG00000108773	KAT2A	KAT2A		Unknown	targeting	2000	584.9171813964844	186.0	False	0.0	True	1270	13534	chr17:42121038-42121356
ENSG00000167377|chr16:71489230-71489327	ENSG00000167377	ZNF23	ZNF23		C2H2 ZF	targeting	2000	584.9093536376953	187.0	False	0.0	True	1270	13534	chr16:71489230-71489327
ENSG00000124813|chr6:45422307-45422407	ENSG00000124813	RUNX2	RUNX2	Runt-related factors	Runt	targeting	2000	584.5029388427735	188.0	False	0.0	True	1270	13534	chr6:45422307-45422407
ENSG00000234444|chr7:64307448-64307870	ENSG00000234444	ZNF736	ZNF736		C2H2 ZF	targeting	2000	584.4329162597656	189.0	False	0.0	True	1270	13534	chr7:64307448-64307870
ENSG00000127989|chr7:91880485-91880726	ENSG00000127989	MTERF	MTERF1		mTERF	targeting	2000	584.2588134765625	190.0	False	0.0	True	1270	13534	chr7:91880485-91880726
ENSG00000228623|chr9:113011973-113012220	ENSG00000228623	ZNF883	ZNF883		C2H2 ZF	targeting	2000	584.2167144775391	191.0	False	0.0	True	1270	13534	chr9:113011973-113012220
ENSG00000110693|chr11:16475902-16476367	ENSG00000110693	SOX6	SOX6		HMG/Sox	targeting	2000	584.2164978027344	192.0	False	0.0	True	1270	13534	chr11:16475902-16476367
ENSG00000214022|chr7:150368865-150369642	ENSG00000214022	REPIN1	REPIN1		C2H2 ZF	targeting	2000	584.1718719482421	193.0	False	0.0	True	1270	13534	chr7:150368865-150369642
ENSG00000113916|chr3:187745312-187745447	ENSG00000113916	BCL6	BCL6	More than 3 adjacent zinc fingers	C2H2 ZF	targeting	2000	584.1506469726562	194.0	False	0.0	True	1270	13534	chr3:187745312-187745447
ENSG00000275410|chr17:37744991-37745045	ENSG00000275410	HNF1B	HNF1B	POU domain factors	Homeodomain	targeting	2000	584.0865234375	195.0	False	0.0	True	1270	13534	chr17:37744991-37745045
ENSG00000102349|chrX:56232404-56232501	ENSG00000102349	KLF8	KLF8	Three-zinc finger Kruppel-related	C2H2 ZF	targeting	2000	583.9103790283203	196.0	False	0.0	True	1270	13534	chrX:56232404-56232501
ENSG00000179528|chr2:74503066-74503343	ENSG00000179528	LBX2	LBX2	NK	Homeodomain	targeting	2000	583.8330230712891	197.0	False	0.0	True	1270	13534	chr2:74503066-74503343
ENSG00000065548|chr2:186486254-186486693	ENSG00000065548	ZC3H15	ZC3H15		CCCH ZF	targeting	2000	583.6696655273438	198.0	False	0.0	True	1270	13534	chr2:186486254-186486693
non-targeting|77|non-targeting:77-77						negative control	2000	583.417446899414		False	0.0	True	1270	13534	non-targeting|77|non-targeting:77-77
ENSG00000108001|chr10:129963920-129964285	ENSG00000108001	EBF3	EBF3	Early B-Cell Factor-related factors	EBF1	targeting	2000	583.4051635742187	199.0	False	0.0	True	1270	13534	chr10:129963920-129964285
ENSG00000171056|chr8:10839664-10839860	ENSG00000171056	SOX7	SOX7		HMG/Sox	targeting	2000	583.357470703125	200.0	False	0.0	True	1270	13534	chr8:10839664-10839860
ENSG00000275004|chr22:22508407-22508725	ENSG00000275004	ZNF280B	ZNF280B		C2H2 ZF	targeting	2000	583.3134857177735	201.0	False	0.0	True	1270	13534	chr22:22508407-22508725
ENSG00000143157|chr1:166839472-166839735	ENSG00000143157	POGK	POGK	More than 3 adjacent zinc fingers	Brinker	targeting	2000	583.0321685791016	202.0	False	0.0	True	1270	13534	chr1:166839472-166839735
ENSG00000105967|chr7:116030682-116030770	ENSG00000105967	TFEC	TFEC	bHLH-ZIP	bHLH	targeting	2000	582.9059875488281	203.0	False	0.0	True	1270	13534	chr7:116030682-116030770
ENSG00000124766|chr6:21597711-21597913	ENSG00000124766	SOX4	SOX4	SOX-related factors	HMG/Sox	targeting	2000	582.5888793945312	204.0	False	0.0	True	1270	13534	chr6:21597711-21597913
ENSG00000152977|chr3:147409398-147409655	ENSG00000152977	ZIC1	ZIC1	More than 3 adjacent zinc fingers	C2H2 ZF	targeting	2000	582.5344360351562	205.0	False	0.0	True	1270	13534	chr3:147409398-147409655
ENSG00000158055|chr1:24319344-24319961	ENSG00000158055	GRHL3	GRHL3		Grainyhead	targeting	2000	582.368862915039	206.0	False	0.0	True	1270	13534	chr1:24319344-24319961
ENSG00000138311|chr10:62374398-62374656	ENSG00000138311	ZNF365	ZNF365		C2H2 ZF	targeting	2000	582.3547119140625	207.0	False	0.0	True	1270	13534	chr10:62374398-62374656
ENSG00000167377|chr16:71462117-71462233	ENSG00000167377	ZNF23	ZNF23		C2H2 ZF	targeting	2000	582.2605529785156	208.0	False	0.0	True	1270	13534	chr16:71462117-71462233
ENSG00000196693|chr10:42638274-42638532	ENSG00000196693	ZNF33B	ZNF33B		C2H2 ZF	targeting	2000	582.1670623779297	209.0	False	0.0	True	1270	13534	chr10:42638274-42638532
ENSG00000108924|chr17:55267646-55268015	ENSG00000108924	HLF	HLF	CEBP-related	bZIP	targeting	2000	582.0735748291015	210.0	False	0.0	True	1270	13534	chr17:55267646-55268015
ENSG00000142556|chr19:52028250-52028411	ENSG00000142556	ZNF614	ZNF614		C2H2 ZF	targeting	2000	581.7959259033203	211.0	False	0.0	True	1270	13534	chr19:52028250-52028411
ENSG00000131127|chr4:337824-337906	ENSG00000131127	ZNF141	ZNF141		C2H2 ZF	targeting	2000	581.795132446289	212.0	False	0.0	True	1270	13534	chr4:337824-337906
ENSG00000164736|chr8:54457938-54458154	ENSG00000164736	SOX17	SOX17		HMG/Sox	targeting	2000	581.765576171875	213.0	False	0.0	True	1270	13534	chr8:54457938-54458154
ENSG00000169554|chr2:144519796-144520154	ENSG00000169554	ZEB2	ZEB2	HD-ZF	C2H2 ZF; Homeodomain	targeting	2000	581.3150817871094	214.0	False	0.0	True	1270	13534	chr2:144519796-144520154
ENSG00000183621|chr10:30999302-30999462	ENSG00000183621	ZNF438	ZNF438		C2H2 ZF	targeting	2000	580.9624603271484	215.0	False	0.0	True	1270	13534	chr10:30999302-30999462
ENSG00000176887|chr2:5692396-5692511	ENSG00000176887	SOX11	SOX11		HMG/Sox	targeting	2000	580.9469055175781	216.0	False	0.0	True	1270	13534	chr2:5692396-5692511
ENSG00000121653|chr11:45885650-45885824	ENSG00000121653	MAPK8IP1	MAPK8IP1			targeting	2000	580.8558013916015	217.0	False	0.0	True	1270	13534	chr11:45885650-45885824
ENSG00000001167|chr6:41072917-41073528	ENSG00000001167	NFYA	NFYA	Heteromeric CCAAT-binding	CBF/NF-Y	targeting	2000	580.8134002685547	218.0	False	0.0	True	1270	13534	chr6:41072917-41073528
ENSG00000150051|chr10:27745573-27745800	ENSG00000150051	MKX	MKX	TALE-type HD	Homeodomain	targeting	2000	580.7340270996094	219.0	False	0.0	True	1270	13534	chr10:27745573-27745800
ENSG00000174485|chr15:65791857-65792268	ENSG00000174485	DENND4A	DENND4A			targeting	2000	580.6769805908203	220.0	False	0.0	True	1270	13534	chr15:65791857-65792268
ENSG00000137265|chr6:393212-393284	ENSG00000137265	IRF4	IRF4	Interferon-regulatory factors	IRF	targeting	2000	580.648812866211	221.0	False	0.0	True	1270	13534	chr6:393212-393284
ENSG00000142065|chr19:36378986-36379183	ENSG00000142065	ZFP14	ZFP14	Factors with multiple dispersed zinc fingers	C2H2 ZF	targeting	2000	580.3548553466796	222.0	False	0.0	True	1270	13534	chr19:36378986-36379183
ENSG00000156030|chr14:73786788-73787138	ENSG00000156030	ELMSAN1	MIDEAS		Myb/SANT	targeting	2000	580.2005950927735	223.0	False	0.0	True	1270	13534	chr14:73786788-73787138
ENSG00000182944|chr22:29268329-29268752	ENSG00000182944	EWSR1	EWSR1		Unknown	targeting	2000	580.1105102539062	224.0	False	0.0	True	1270	13534	chr22:29268329-29268752
ENSG00000149480|chr11:62601399-62601844	ENSG00000149480	MTA2	MTA2		Myb/SANT; GATA	targeting	2000	579.9490447998047	225.0	False	0.0	True	1270	13534	chr11:62601399-62601844
ENSG00000155592|chr16:25257523-25257835	ENSG00000155592	ZKSCAN2	ZKSCAN2		C2H2 ZF	targeting	2000	579.9485321044922	226.0	False	0.0	True	1270	13534	chr16:25257523-25257835
ENSG00000148516|chr10:31319210-31319300	ENSG00000148516	ZEB1	ZEB1	HD-ZF factors	C2H2 ZF; Homeodomain	targeting	2000	579.8746795654297	227.0	False	0.0	True	1270	13534	chr10:31319210-31319300
ENSG00000188171|chr19:20661066-20661608	ENSG00000188171	ZNF626	ZNF626		C2H2 ZF	targeting	2000	579.5956848144531	228.0	False	0.0	True	1270	13534	chr19:20661066-20661608
non-targeting|76|non-targeting:76-76						negative control	2000	579.3175628662109		False	0.0	True	1270	13534	non-targeting|76|non-targeting:76-76
ENSG00000183733|chr2:70790394-70790673	ENSG00000183733	FIGLA	FIGLA	Tal-related	bHLH	targeting	2000	579.1099029541016	229.0	False	0.0	True	1270	13534	chr2:70790394-70790673
ENSG00000106038|chr7:27242793-27243181	ENSG00000106038	EVX1	EVX1	HOX	Homeodomain	targeting	2000	579.0587951660157	230.0	False	0.0	True	1270	13534	chr7:27242793-27243181
ENSG00000117318|chr1:23559248-23559534	ENSG00000117318	ID3	ID3		bHLH	targeting	2000	578.9107452392578	231.0	False	0.0	True	1270	13534	chr1:23559248-23559534
ENSG00000143995|chr2:66435107-66435374	ENSG00000143995	MEIS1	MEIS1	TALE-type homeo domain factors	Homeodomain	targeting	2000	578.8749176025391	232.0	False	0.0	True	1270	13534	chr2:66435107-66435374
ENSG00000212993|chr8:127415817-127416221	ENSG00000212993	POU5F1B	POU5F1B	POU domain factors	Homeodomain; POU	targeting	2000	578.8089569091796	233.0	False	0.0	True	1270	13534	chr8:127415817-127416221
ENSG00000198315|chr6:28141881-28142063	ENSG00000198315	ZKSCAN8	ZKSCAN8		C2H2 ZF	targeting	2000	578.7663879394531	234.0	False	0.0	True	1270	13534	chr6:28141881-28142063
ENSG00000185420|chr1:246507012-246507262	ENSG00000185420	SMYD3	SMYD3		Unknown	targeting	2000	578.6813842773438	235.0	False	0.0	True	1270	13534	chr1:246507012-246507262
ENSG00000123933|chr4:2261774-2262113	ENSG00000123933	MXD4	MXD4		bHLH	targeting	2000	578.6791137695312	236.0	False	0.0	True	1270	13534	chr4:2261774-2262113
ENSG00000121653|chr11:45900113-45900504	ENSG00000121653	MAPK8IP1	MAPK8IP1			targeting	2000	578.5322265625	237.0	False	0.0	True	1270	13534	chr11:45900113-45900504
ENSG00000125520|chr20:63739767-63740380	ENSG00000125520	SLC2A4RG	SLC2A4RG	Factors with multiple dispersed zinc fingers	C2H2 ZF	targeting	2000	578.3548187255859	238.0	False	0.0	True	1270	13534	chr20:63739767-63740380
ENSG00000197213|chr19:56192556-56193059	ENSG00000197213	ZSCAN5B	ZSCAN5B		C2H2 ZF	targeting	2000	578.2837738037109	239.0	False	0.0	True	1270	13534	chr19:56192556-56193059
ENSG00000164296|chr5:150000467-150000604	ENSG00000164296	TIGD6	TIGD6		CENPB	targeting	2000	578.1957397460938	240.0	False	0.0	True	1270	13534	chr5:150000467-150000604
ENSG00000263001|chr7:74657753-74657931	ENSG00000263001	GTF2I	GTF2I		GTF2I-like	targeting	2000	578.101318359375	241.0	False	0.0	True	1270	13534	chr7:74657753-74657931
non-targeting|59|non-targeting:59-59						negative control	2000	577.9758087158203		False	0.0	True	1270	13534	non-targeting|59|non-targeting:59-59
ENSG00000172216|chr20:50190831-50191410	ENSG00000172216	CEBPB	CEBPB	CEBP-related	bZIP	targeting	2000	577.8368499755859	242.0	False	0.0	True	1270	13534	chr20:50190831-50191410
ENSG00000276234|chr17:37406880-37407303	ENSG00000276234	TADA2A	TADA2A		Myb/SANT	targeting	2000	577.8241027832031	243.0	False	0.0	True	1270	13534	chr17:37406880-37407303
ENSG00000167380|chr19:44165077-44165180	ENSG00000167380	ZNF226	ZNF226	More than 3 adjacent zinc fingers	C2H2 ZF	targeting	2000	577.7866851806641	244.0	False	0.0	True	1270	13534	chr19:44165077-44165180
ENSG00000005801|chr11:3378934-3379151	ENSG00000005801	ZNF195	ZNF195		C2H2 ZF	targeting	2000	577.7592559814453	245.0	False	0.0	True	1270	13534	chr11:3378934-3379151
ENSG00000100207|chr22:42214373-42214819	ENSG00000100207	TCF20	TCF20		Unknown	targeting	2000	577.5490844726562	246.0	False	0.0	True	1270	13534	chr22:42214373-42214819
ENSG00000101126|chr20:50930828-50931425	ENSG00000101126	ADNP	ADNP		Homeodomain	targeting	2000	577.2775787353515	247.0	False	0.0	True	1270	13534	chr20:50930828-50931425
ENSG00000183434|chrX:133218167-133218365	ENSG00000183434	TFDP3	TFDP3		E2F	targeting	2000	577.2533966064453	248.0	False	0.0	True	1270	13534	chrX:133218167-133218365
ENSG00000107077|chr9:6758033-6758359	ENSG00000107077	KDM4C	KDM4C			targeting	2000	577.2444885253906	249.0	False	0.0	True	1270	13534	chr9:6758033-6758359
ENSG00000232237|chr1:201127066-201127234	ENSG00000232237	ASCL5	ASCL5		bHLH	targeting	2000	577.2231079101563	250.0	False	0.0	True	1270	13534	chr1:201127066-201127234
ENSG00000143578|chr1:153967871-153968164	ENSG00000143578	CREB3L4	CREB3L4	CREB-related factors	bZIP	targeting	2000	577.1751159667969	251.0	False	0.0	True	1270	13534	chr1:153967871-153968164
ENSG00000118900|chr16:4847461-4847749	ENSG00000118900	UBN1	UBN1		Unknown	targeting	2000	577.1233642578125	252.0	False	0.0	True	1270	13534	chr16:4847461-4847749
ENSG00000130589|chr20:63573740-63574263	ENSG00000130589	HELZ2	HELZ2		Unknown	targeting	2000	576.9714965820312	253.0	False	0.0	True	1270	13534	chr20:63573740-63574263
ENSG00000198715|chr1:156295450-156295682	ENSG00000198715	C1orf85	GLMP		Unknown	targeting	2000	576.8943145751953	254.0	False	0.0	True	1270	13534	chr1:156295450-156295682
ENSG00000168505|chr2:236167979-236168369	ENSG00000168505	GBX2	GBX2	HOX	Homeodomain	targeting	2000	576.8922790527344	255.0	False	0.0	True	1270	13534	chr2:236167979-236168369
non-targeting|7|non-targeting:7-7						negative control	2000	576.8652404785156		False	0.0	True	1270	13534	non-targeting|7|non-targeting:7-7
ENSG00000061337|chr8:20303850-20303945	ENSG00000061337	LZTS1	LZTS1		Unknown	targeting	2000	576.6887237548829	256.0	False	0.0	True	1270	13534	chr8:20303850-20303945
ENSG00000116819|chr1:35573297-35573621	ENSG00000116819	TFAP2E	TFAP2E	AP-2	AP-2	targeting	2000	576.4740997314453	257.0	False	0.0	True	1270	13534	chr1:35573297-35573621
ENSG00000168813|chr19:32345638-32345845	ENSG00000168813	ZNF507	ZNF507		C2H2 ZF	targeting	2000	576.4455413818359	258.0	False	0.0	True	1270	13534	chr19:32345638-32345845
ENSG00000096401|chr6:44387559-44388219	ENSG00000096401	CDC5L	CDC5L		Myb/SANT	targeting	2000	576.3916015625	259.0	False	0.0	True	1270	13534	chr6:44387559-44388219
ENSG00000167685|chr19:56141306-56141713	ENSG00000167685	ZNF444	ZNF444		C2H2 ZF	targeting	2000	576.3398162841797	260.0	False	0.0	True	1270	13534	chr19:56141306-56141713
ENSG00000007545|chr16:1612352-1612420	ENSG00000007545	CRAMP1L	CRAMP1		Myb/SANT	targeting	2000	575.7915985107422	261.0	False	0.0	True	1270	13534	chr16:1612352-1612420
ENSG00000176256|chr1:33864063-33864313	ENSG00000176256	HMGB4	HMGB4		HMG/Sox	targeting	2000	575.7780609130859	262.0	False	0.0	True	1270	13534	chr1:33864063-33864313
ENSG00000184517|chr16:75148500-75148770	ENSG00000184517	ZFP1	ZFP1		C2H2 ZF	targeting	2000	575.7007690429688	263.0	False	0.0	True	1270	13534	chr16:75148500-75148770
ENSG00000052850|chr11:44309662-44310019	ENSG00000052850	ALX4	ALX4		Homeodomain	targeting	2000	575.5196533203125	264.0	False	0.0	True	1270	13534	chr11:44309662-44310019
ENSG00000107485|chr10:8054872-8055251	ENSG00000107485	GATA3	GATA3	C4-GATA-related	GATA	targeting	2000	575.4296813964844	265.0	False	0.0	True	1270	13534	chr10:8054872-8055251
ENSG00000131115|chr19:44212565-44212765	ENSG00000131115	ZNF227	ZNF227		C2H2 ZF	targeting	2000	575.069921875	266.0	False	0.0	True	1270	13534	chr19:44212565-44212765
ENSG00000164185|chr5:122129551-122129970	ENSG00000164185	ZNF474	ZNF474		C2H2 ZF	targeting	2000	574.9657165527344	267.0	False	0.0	True	1270	13534	chr5:122129551-122129970
ENSG00000196267|chr19:52171255-52171661	ENSG00000196267	ZNF836	ZNF836	More than 3 adjacent zinc fingers	C2H2 ZF	targeting	2000	574.9533660888671	268.0	False	0.0	True	1270	13534	chr19:52171255-52171661
ENSG00000198105|chr10:37857362-37858133	ENSG00000198105	ZNF248	ZNF248		C2H2 ZF	targeting	2000	574.7469818115235	269.0	False	0.0	True	1270	13534	chr10:37857362-37858133
ENSG00000025434|chr11:47258018-47258122	ENSG00000025434	NR1H3	NR1H3		Nuclear receptor	targeting	2000	574.6005554199219	270.0	False	0.0	True	1270	13534	chr11:47258018-47258122
ENSG00000221869|chr8:47737882-47738152	ENSG00000221869	CEBPD	CEBPD	CEBP-related	bZIP	targeting	2000	574.5502197265625	271.0	False	0.0	True	1270	13534	chr8:47737882-47738152
ENSG00000175787|chr9:94259319-94259530	ENSG00000175787	ZNF169	ZNF169		C2H2 ZF	targeting	2000	574.4091430664063	272.0	False	0.0	True	1270	13534	chr9:94259319-94259530
ENSG00000185252|chr22:20394177-20394269	ENSG00000185252	ZNF74	ZNF74		C2H2 ZF	targeting	2000	574.0320678710938	273.0	False	0.0	True	1270	13534	chr22:20394177-20394269
ENSG00000126733|chrX:86148458-86148746	ENSG00000126733	DACH2	DACH2		Unknown	targeting	2000	573.9688171386719	274.0	False	0.0	True	1270	13534	chrX:86148458-86148746
ENSG00000198298|chr10:43606463-43606550	ENSG00000198298	ZNF485	ZNF485		C2H2 ZF	targeting	2000	573.9681091308594	275.0	False	0.0	True	1270	13534	chr10:43606463-43606550
ENSG00000130940|chr1:10796226-10796602	ENSG00000130940	CASZ1	CASZ1	Factors with multiple dispersed zinc fingers	C2H2 ZF	targeting	2000	573.4538330078125	276.0	False	0.0	True	1270	13534	chr1:10796226-10796602
ENSG00000020256|chr20:52191376-52191771	ENSG00000020256	ZFP64	ZFP64		C2H2 ZF	targeting	2000	573.4505981445312	277.0	False	0.0	True	1270	13534	chr20:52191376-52191771
non-targeting|74|non-targeting:74-74						negative control	2000	573.3090301513672		False	0.0	True	1270	13534	non-targeting|74|non-targeting:74-74
ENSG00000120068|chr17:48614728-48615052	ENSG00000120068	HOXB8	HOXB8	HOX	Homeodomain	targeting	2000	573.2893371582031	278.0	False	0.0	True	1270	13534	chr17:48614728-48615052
ENSG00000049768|chrX:49264466-49264684	ENSG00000049768	FOXP3	FOXP3	FOX	Forkhead	targeting	2000	573.2880340576172	279.0	False	0.0	True	1270	13534	chrX:49264466-49264684
ENSG00000101266|chr20:543439-543753	ENSG00000101266	CSNK2A1	CSNK2A1			targeting	2000	573.1824340820312	280.0	False	0.0	True	1270	13534	chr20:543439-543753
ENSG00000118495|chr6:144008147-144008269	ENSG00000118495	PLAGL1	PLAGL1		C2H2 ZF	targeting	2000	572.9761627197265	281.0	False	0.0	True	1270	13534	chr6:144008147-144008269
ENSG00000115163|chr2:26786054-26786312	ENSG00000115163	CENPA	CENPA		Unknown	targeting	1542	572.9581298828125	282.0	False	0.0	True	1270	13534	chr2:26786054-26786312
ENSG00000148400|chr9:136523467-136523919	ENSG00000148400	NOTCH1	NOTCH1		Unknown	targeting	2000	572.8664398193359	283.0	False	0.0	True	1270	13534	chr9:136523467-136523919
ENSG00000168310|chr4:184474320-184474567	ENSG00000168310	IRF2	IRF2	Interferon-regulatory factors	IRF	targeting	2000	572.7203216552734	284.0	False	0.0	True	1270	13534	chr4:184474320-184474567
ENSG00000177508|chr16:54286504-54286764	ENSG00000177508	IRX3	IRX3		Homeodomain	targeting	2000	572.7197937011719	285.0	False	0.0	True	1270	13534	chr16:54286504-54286764
ENSG00000143190|chr1:167329073-167329510	ENSG00000143190	POU2F1	POU2F1	POU domain factors	Homeodomain; POU	targeting	2000	572.6676055908204	286.0	False	0.0	True	1270	13534	chr1:167329073-167329510
ENSG00000196214|chr19:52269583-52269837	ENSG00000196214	ZNF766	ZNF766	More than 3 adjacent zinc fingers	C2H2 ZF	targeting	2000	572.6467559814453	287.0	False	0.0	True	1270	13534	chr19:52269583-52269837
ENSG00000173320|chr4:183906652-183906769	ENSG00000173320	STOX2	STOX2			targeting	2000	572.6093933105469	288.0	False	0.0	True	1270	13534	chr4:183906652-183906769
ENSG00000198081|chr18:5295464-5296003	ENSG00000198081	ZBTB14	ZBTB14	More than 3 adjacent zinc fingers	C2H2 ZF	targeting	2000	572.5196563720704	289.0	False	0.0	True	1270	13534	chr18:5295464-5296003
ENSG00000167785|chr19:8832123-8832315	ENSG00000167785	ZNF558	ZNF558	More than 3 adjacent zinc fingers	C2H2 ZF	targeting	2000	572.4378540039063	290.0	False	0.0	True	1270	13534	chr19:8832123-8832315
ENSG00000070444|chr17:2400671-2401135	ENSG00000070444	MNT	MNT	bHLH-ZIP	bHLH	targeting	2000	572.3844421386718	291.0	False	0.0	True	1270	13534	chr17:2400671-2401135
ENSG00000168062|chr11:64996888-64996986	ENSG00000168062	BATF2	BATF2		bZIP	targeting	2000	572.0980102539063	292.0	False	0.0	True	1270	13534	chr11:64996888-64996986
non-targeting|29|non-targeting:29-29						negative control	2000	572.0909912109375		False	0.0	True	1270	13534	non-targeting|29|non-targeting:29-29
ENSG00000147124|chrX:47482683-47483208	ENSG00000147124	ZNF41	ZNF41		C2H2 ZF	targeting	2000	572.0380065917968	293.0	False	0.0	True	1270	13534	chrX:47482683-47483208
ENSG00000169951|chr16:30558285-30558367	ENSG00000169951	ZNF764	ZNF764		C2H2 ZF	targeting	2000	572.0338806152344	294.0	False	0.0	True	1270	13534	chr16:30558285-30558367
ENSG00000168269|chr5:170105955-170106198	ENSG00000168269	FOXI1	FOXI1	FOX	Forkhead	targeting	2000	571.8830291748047	295.0	False	0.0	True	1270	13534	chr5:170105955-170106198
ENSG00000180884|chr19:34963965-34964244	ENSG00000180884	ZNF792	ZNF792		C2H2 ZF	targeting	2000	571.8542572021485	296.0	False	0.0	True	1270	13534	chr19:34963965-34964244
ENSG00000133937|chr14:94769612-94770077	ENSG00000133937	GSC	GSC	Paired-related HD factors	Homeodomain	targeting	2000	571.7913513183594	297.0	False	0.0	True	1270	13534	chr14:94769612-94770077
ENSG00000179111|chr17:8123848-8124113	ENSG00000179111	HES7	HES7	Hairy-related factors	bHLH	targeting	2000	571.4524353027343	298.0	False	0.0	True	1270	13534	chr17:8123848-8124113
ENSG00000131196|chr18:79400300-79400411	ENSG00000131196	NFATC1	NFATC1		Rel	targeting	2000	571.448696899414	299.0	False	0.0	True	1270	13534	chr18:79400300-79400411
ENSG00000197782|chr19:40090652-40090937	ENSG00000197782	ZNF780A	ZNF780A		C2H2 ZF	targeting	2000	571.4003082275391	300.0	False	0.0	True	1270	13534	chr19:40090652-40090937
ENSG00000147133|chrX:71366391-71366859	ENSG00000147133	TAF1	TAF1		Unknown	targeting	2000	571.2695709228516	301.0	False	0.0	True	1270	13534	chrX:71366391-71366859
ENSG00000278129|chr19:58278982-58279050	ENSG00000278129	ZNF8	ZNF8	Factors with multiple dispersed zinc fingers	C2H2 ZF	targeting	2000	571.1996520996094	302.0	False	0.0	True	1270	13534	chr19:58278982-58279050
ENSG00000138083|chr2:44941742-44942140	ENSG00000138083	SIX3	SIX3		Homeodomain	targeting	2000	571.154833984375	303.0	False	0.0	True	1270	13534	chr2:44941742-44942140
ENSG00000196132|chr20:64164482-64164564	ENSG00000196132	MYT1	MYT1	MYT	C2H2 ZF	targeting	2000	571.1320129394531	304.0	False	0.0	True	1270	13534	chr20:64164482-64164564
ENSG00000120690|chr13:41018921-41019317	ENSG00000120690	ELF1	ELF1	Ets-related	Ets	targeting	2000	571.1165924072266	305.0	False	0.0	True	1270	13534	chr13:41018921-41019317
ENSG00000175329|chr22:35066158-35066389	ENSG00000175329	ISX	ISX	Paired-related HD factors	Homeodomain	targeting	2000	571.1131652832031	306.0	False	0.0	True	1270	13534	chr22:35066158-35066389
ENSG00000120693|chr13:36919721-36920264	ENSG00000120693	SMAD9	SMAD9		SMAD	targeting	2000	571.099819946289	307.0	False	0.0	True	1270	13534	chr13:36919721-36920264
ENSG00000011590|chr19:35713418-35713601	ENSG00000011590	ZBTB32	ZBTB32	Other factors with up to three adjacent zinc fingers	C2H2 ZF	targeting	2000	570.9702667236328	308.0	False	0.0	True	1270	13534	chr19:35713418-35713601
ENSG00000185697|chr8:66612966-66613289	ENSG00000185697	MYBL1	MYBL1	Myb/SANT domain factors	Myb/SANT	targeting	2000	570.9646575927734	309.0	False	0.0	True	1270	13534	chr8:66612966-66613289
ENSG00000169297|chrX:30308627-30309361	ENSG00000169297	NR0B1	NR0B1		Unknown	targeting	2000	570.9488464355469	310.0	False	0.0	True	1270	13534	chrX:30308627-30309361
ENSG00000122859|chr10:69573174-69573395	ENSG00000122859	NEUROG3	NEUROG3		bHLH	targeting	2000	570.8543640136719	311.0	False	0.0	True	1270	13534	chr10:69573174-69573395
ENSG00000067955|chr16:67029150-67029653	ENSG00000067955	CBFB	CBFB		Unknown	targeting	2000	570.8354553222656	312.0	False	0.0	True	1270	13534	chr16:67029150-67029653
ENSG00000124191|chr20:43914841-43914924	ENSG00000124191	TOX2	TOX2		HMG/Sox	targeting	2000	570.6245056152344	313.0	False	0.0	True	1270	13534	chr20:43914841-43914924
ENSG00000141956|chr21:41879012-41879330	ENSG00000141956	PRDM15	PRDM15		C2H2 ZF	targeting	2000	570.4455444335938	314.0	False	0.0	True	1270	13534	chr21:41879012-41879330
ENSG00000170100|chr16:89217699-89217799	ENSG00000170100	ZNF778	ZNF778		C2H2 ZF	targeting	2000	570.3889099121094	315.0	False	0.0	True	1270	13534	chr16:89217699-89217799
ENSG00000227059|chr12:133235485-133235838	ENSG00000227059	ANHX	ANHX		Homeodomain	targeting	2000	570.1896514892578	316.0	False	0.0	True	1270	13534	chr12:133235485-133235838
ENSG00000100219|chr22:28800497-28800550	ENSG00000100219	XBP1	XBP1	XBP-1-related factors	bZIP	targeting	2000	570.1834197998047	317.0	False	0.0	True	1270	13534	chr22:28800497-28800550
ENSG00000141644|chr18:50281312-50281567	ENSG00000141644	MBD1	MBD1		MBD; CxxC ZF	targeting	2000	570.1548065185547	318.0	False	0.0	True	1270	13534	chr18:50281312-50281567
ENSG00000110768|chr11:18322583-18322852	ENSG00000110768	GTF2H1	GTF2H1		Unknown	targeting	2000	570.1120666503906	319.0	False	0.0	True	1270	13534	chr11:18322583-18322852
ENSG00000131668|chr9:93955157-93955357	ENSG00000131668	BARX1	BARX1	NK	Homeodomain	targeting	2000	570.0623077392578	320.0	False	0.0	True	1270	13534	chr9:93955157-93955357
ENSG00000167555|chr19:52397845-52398303	ENSG00000167555	ZNF528	ZNF528	More than 3 adjacent zinc fingers	C2H2 ZF	targeting	2000	569.8864654541015	321.0	False	0.0	True	1270	13534	chr19:52397845-52398303
ENSG00000188786|chr1:37859113-37859621	ENSG00000188786	MTF1	MTF1	More than 3 adjacent zinc fingers	C2H2 ZF	targeting	2000	569.7922119140625	322.0	False	0.0	True	1270	13534	chr1:37859113-37859621
ENSG00000023608|chr14:61762410-61762796	ENSG00000023608	SNAPC1	SNAPC1			targeting	2000	569.6673004150391	323.0	False	0.0	True	1270	13534	chr14:61762410-61762796
ENSG00000171467|chr6:43369183-43369425	ENSG00000171467	ZNF318	ZNF318		C2H2 ZF	targeting	2000	569.5882904052735	324.0	False	0.0	True	1270	13534	chr6:43369183-43369425
ENSG00000177842|chr3:40506098-40506156	ENSG00000177842	ZNF620	ZNF620		C2H2 ZF	targeting	2000	569.5532989501953	325.0	False	0.0	True	1270	13534	chr3:40506098-40506156
non-targeting|38|non-targeting:38-38						negative control	2000	569.5428619384766		False	0.0	True	1270	13534	non-targeting|38|non-targeting:38-38
ENSG00000144161|chr2:112254687-112255063	ENSG00000144161	ZC3H8	ZC3H8		CCCH ZF	targeting	2000	569.4670654296875	326.0	False	0.0	True	1270	13534	chr2:112254687-112255063
ENSG00000269699|chr19:56840668-56840770	ENSG00000269699	ZIM2	ZIM2		C2H2 ZF	targeting	2000	569.375942993164	327.0	False	0.0	True	1270	13534	chr19:56840668-56840770
ENSG00000162599|chr1:61082313-61082835	ENSG00000162599	NFIA	NFIA	Nuclear factor 1	SMAD	targeting	2000	569.2238037109375	328.0	False	0.0	True	1270	13534	chr1:61082313-61082835
ENSG00000126603|chr16:4334854-4335075	ENSG00000126603	GLIS2	GLIS2	More than 3 adjacent zinc fingers	C2H2 ZF	targeting	2000	569.12568359375	329.0	False	0.0	True	1270	13534	chr16:4334854-4335075
ENSG00000184486|chr6:98834545-98835076	ENSG00000184486	POU3F2	POU3F2	POU domain factors	Homeodomain; POU	targeting	2000	569.0009063720703	330.0	False	0.0	True	1270	13534	chr6:98834545-98835076
ENSG00000165606|chr10:49395565-49396084	ENSG00000165606	DRGX	DRGX	Paired-related HD factors	Homeodomain	targeting	2000	568.9286346435547	331.0	False	0.0	True	1270	13534	chr10:49395565-49396084
ENSG00000174738|chr3:23945281-23945412	ENSG00000174738	NR1D2	NR1D2	Thyroid hormone receptor-related factors (NR1)	Nuclear receptor	targeting	2000	568.9115753173828	332.0	False	0.0	True	1270	13534	chr3:23945281-23945412
ENSG00000114315|chr3:194136116-194136223	ENSG00000114315	HES1	HES1	Hairy-related factors	bHLH	targeting	2000	568.8654602050781	333.0	False	0.0	True	1270	13534	chr3:194136116-194136223
ENSG00000290292|chr14:23285859-23286119	ENSG00000290292	HOMEZ	HOMEZ	HD-ZF	Homeodomain	targeting	2000	568.860220336914	334.0	False	0.0	True	1270	13534	chr14:23285859-23286119
ENSG00000123364|chr12:53938848-53939296	ENSG00000123364	HOXC13	HOXC13	HOX	Homeodomain	targeting	2000	568.802783203125	335.0	False	0.0	True	1270	13534	chr12:53938848-53939296
ENSG00000116833|chr1:200027620-200027926	ENSG00000116833	NR5A2	NR5A2		Nuclear receptor	targeting	2000	568.7536529541015	336.0	False	0.0	True	1270	13534	chr1:200027620-200027926
ENSG00000196653|chr3:44712639-44712726	ENSG00000196653	ZNF502	ZNF502		C2H2 ZF	targeting	2000	568.6583465576172	337.0	False	0.0	True	1270	13534	chr3:44712639-44712726
ENSG00000180626|chr17:5191773-5191885	ENSG00000180626	ZNF594	ZNF594		C2H2 ZF	targeting	2000	568.5751922607421	338.0	False	0.0	True	1270	13534	chr17:5191773-5191885
ENSG00000163939|chr3:52685525-52685910	ENSG00000163939	PBRM1	PBRM1		HMG/Sox	targeting	2000	568.5111999511719	339.0	False	0.0	True	1270	13534	chr3:52685525-52685910
ENSG00000165462|chr11:72243925-72244180	ENSG00000165462	PHOX2A	PHOX2A	Paired-related HD factors	Homeodomain	targeting	2000	568.4851867675782	340.0	False	0.0	True	1270	13534	chr11:72243925-72244180
ENSG00000149922|chr16:30091852-30091929	ENSG00000149922	TBX6	TBX6	TBX6-related factors	T-box	targeting	2000	568.4755401611328	341.0	False	0.0	True	1270	13534	chr16:30091852-30091929
ENSG00000131013|chr6:149545865-149546043	ENSG00000131013	PPIL4	PPIL4			targeting	2000	568.3437866210937	342.0	False	0.0	True	1270	13534	chr6:149545865-149546043
ENSG00000165643|chr9:135699409-135699477	ENSG00000165643	SOHLH1	SOHLH1		bHLH	targeting	2000	568.2853881835938	343.0	False	0.0	True	1270	13534	chr9:135699409-135699477
non-targeting|16|non-targeting:16-16						negative control	2000	568.2226531982421		False	0.0	True	1270	13534	non-targeting|16|non-targeting:16-16
ENSG00000106852|chr9:122213805-122214066	ENSG00000106852	LHX6	LHX6	HD-LIM	Homeodomain	targeting	2000	568.1339508056641	344.0	False	0.0	True	1270	13534	chr9:122213805-122214066
ENSG00000117475|chr1:169368201-169368254	ENSG00000117475	BLZF1	BLZF1		Unknown	targeting	2000	568.1160247802734	345.0	False	0.0	True	1270	13534	chr1:169368201-169368254
ENSG00000182348|chr7:88759453-88759920	ENSG00000182348	ZNF804B	ZNF804B		C2H2 ZF	targeting	2000	568.0796203613281	346.0	False	0.0	True	1270	13534	chr7:88759453-88759920
ENSG00000204947|chr7:149126112-149126304	ENSG00000204947	ZNF425	ZNF425		C2H2 ZF	targeting	2000	568.0426452636718	347.0	False	0.0	True	1270	13534	chr7:149126112-149126304
ENSG00000108799|chr17:42744841-42745054	ENSG00000108799	EZH1	EZH1		Unknown	targeting	2000	567.9324371337891	348.0	False	0.0	True	1270	13534	chr17:42744841-42745054
ENSG00000185513|chr20:43507694-43507924	ENSG00000185513	L3MBTL1	L3MBTL1		C2H2 ZF	targeting	2000	567.8686279296875	349.0	False	0.0	True	1270	13534	chr20:43507694-43507924
ENSG00000184221|chr21:33070145-33070518	ENSG00000184221	OLIG1	OLIG1	Tal-related	bHLH	targeting	2000	567.8636749267578	350.0	False	0.0	True	1270	13534	chr21:33070145-33070518
ENSG00000163666|chr3:57226215-57226365	ENSG00000163666	HESX1	HESX1	Paired-related HD factors	Homeodomain	targeting	2000	567.7451721191406	351.0	False	0.0	True	1270	13534	chr3:57226215-57226365
ENSG00000198482|chr19:52535991-52536409	ENSG00000198482	ZNF808	ZNF808		C2H2 ZF	targeting	2000	567.7350311279297	352.0	False	0.0	True	1270	13534	chr19:52535991-52536409
ENSG00000135899|chr2:230219609-230219951	ENSG00000135899	SP110	SP110		SAND	targeting	2000	567.7018188476562	353.0	False	0.0	True	1270	13534	chr2:230219609-230219951
ENSG00000129194|chr17:7589761-7590075	ENSG00000129194	SOX15	SOX15	SOX-related factors	HMG/Sox	targeting	2000	567.4212188720703	354.0	False	0.0	True	1270	13534	chr17:7589761-7590075
ENSG00000008441|chr19:12995451-12995866	ENSG00000008441	NFIX	NFIX	Nuclear factor 1	SMAD	targeting	2000	567.3804779052734	355.0	False	0.0	True	1270	13534	chr19:12995451-12995866
ENSG00000106331|chr7:127615452-127615689	ENSG00000106331	PAX4	PAX4	Paired plus homeo domain	Homeodomain; Paired box	targeting	2000	567.3195495605469	356.0	False	0.0	True	1270	13534	chr7:127615452-127615689
ENSG00000148516|chr10:31321407-31321669	ENSG00000148516	ZEB1	ZEB1	HD-ZF factors	C2H2 ZF; Homeodomain	targeting	2000	567.2932342529297	357.0	False	0.0	True	1270	13534	chr10:31321407-31321669
ENSG00000164683|chr8:79767421-79767778	ENSG00000164683	HEY1	HEY1	Hairy-related factors	bHLH	targeting	2000	567.1839294433594	358.0	False	0.0	True	1270	13534	chr8:79767421-79767778
ENSG00000197863|chr19:36838291-36838371	ENSG00000197863	ZNF790	ZNF790		C2H2 ZF	targeting	2000	566.9958526611329	359.0	False	0.0	True	1270	13534	chr19:36838291-36838371
ENSG00000149968|chr11:102843508-102843635	ENSG00000149968	MMP3	MMP3			targeting	2000	566.9517364501953	360.0	False	0.0	True	1270	13534	chr11:102843508-102843635
ENSG00000105856|chr7:107168995-107169087	ENSG00000105856	HBP1	HBP1		HMG/Sox	targeting	2000	566.8286682128906	361.0	False	0.0	True	1270	13534	chr7:107168995-107169087
ENSG00000253293|chr7:27174026-27174311	ENSG00000253293	HOXA10	HOXA10	HOX	Homeodomain	targeting	2000	566.7250030517578	362.0	False	0.0	True	1270	13534	chr7:27174026-27174311
ENSG00000156983|chr3:9731788-9732237	ENSG00000156983	BRPF1	BRPF1		Unknown	targeting	2000	566.6816711425781	363.0	False	0.0	True	1270	13534	chr3:9731788-9732237
ENSG00000186812|chr18:35241100-35241256	ENSG00000186812	ZNF397	ZNF397		C2H2 ZF	targeting	2000	566.6406829833984	364.0	False	0.0	True	1270	13534	chr18:35241100-35241256
ENSG00000116044|chr2:177264304-177264737	ENSG00000116044	NFE2L2	NFE2L2	Jun-related	bZIP	targeting	2000	566.4053833007813	365.0	False	0.0	True	1270	13534	chr2:177264304-177264737
ENSG00000196482|chr1:217089641-217089864	ENSG00000196482	ESRRG	ESRRG		Nuclear receptor	targeting	2000	566.3942077636718	366.0	False	0.0	True	1270	13534	chr1:217089641-217089864
ENSG00000162676|chr1:92483544-92483800	ENSG00000162676	GFI1	GFI1	More than 3 adjacent zinc fingers	C2H2 ZF	targeting	2000	566.3125640869141	367.0	False	0.0	True	1270	13534	chr1:92483544-92483800
ENSG00000183734|chr11:2270949-2271039	ENSG00000183734	ASCL2	ASCL2		bHLH	targeting	2000	566.2023254394531	368.0	False	0.0	True	1270	13534	chr11:2270949-2271039
ENSG00000058673|chr1:203795608-203796113	ENSG00000058673	ZC3H11A	ZC3H11A		CCCH ZF	targeting	2000	566.1794708251953	369.0	False	0.0	True	1270	13534	chr1:203795608-203796113
ENSG00000104976|chr19:7920344-7921038	ENSG00000104976	SNAPC2	SNAPC2		Unknown	targeting	2000	566.0489776611328	370.0	False	0.0	True	1270	13534	chr19:7920344-7921038
ENSG00000140265|chr15:43368720-43369016	ENSG00000140265	ZSCAN29	ZSCAN29	More than 3 adjacent zinc fingers	C2H2 ZF	targeting	2000	565.9910278320312	371.0	False	0.0	True	1270	13534	chr15:43368720-43369016
ENSG00000178386|chr19:44051988-44052133	ENSG00000178386	ZNF223	ZNF223		C2H2 ZF	targeting	2000	565.9841186523438	372.0	False	0.0	True	1270	13534	chr19:44051988-44052133
ENSG00000141258|chr17:2337491-2337770	ENSG00000141258	SGSM2	SGSM2		BED ZF	targeting	2000	565.88046875	373.0	False	0.0	True	1270	13534	chr17:2337491-2337770
ENSG00000196646|chr19:12163080-12163363	ENSG00000196646	ZNF136	ZNF136	More than 3 adjacent zinc fingers	C2H2 ZF	targeting	2000	565.8626434326172	374.0	False	0.0	True	1270	13534	chr19:12163080-12163363
ENSG00000175550|chr11:65919262-65919491	ENSG00000175550	DRAP1	DRAP1		Unknown	targeting	2000	565.7892639160157	375.0	False	0.0	True	1270	13534	chr11:65919262-65919491
ENSG00000156030|chr14:73760063-73760285	ENSG00000156030	ELMSAN1	MIDEAS		Myb/SANT	targeting	2000	565.7825592041015	376.0	False	0.0	True	1270	13534	chr14:73760063-73760285
ENSG00000148826|chr10:132785746-132785948	ENSG00000148826	NKX6-2	NKX6-2	NK	Homeodomain	targeting	2000	565.7638366699218	377.0	False	0.0	True	1270	13534	chr10:132785746-132785948
ENSG00000124813|chr6:45328358-45328639	ENSG00000124813	RUNX2	RUNX2	Runt-related factors	Runt	targeting	2000	565.7449096679687	378.0	False	0.0	True	1270	13534	chr6:45328358-45328639
non-targeting|28|non-targeting:28-28						negative control	2000	565.7233215332031		False	0.0	True	1270	13534	non-targeting|28|non-targeting:28-28
ENSG00000104804|chr19:48898554-48898711	ENSG00000104804	TULP2	TULP2			targeting	2000	565.6753967285156	379.0	False	0.0	True	1270	13534	chr19:48898554-48898711
non-targeting|23|non-targeting:23-23						negative control	2000	565.666879272461		False	0.0	True	1270	13534	non-targeting|23|non-targeting:23-23
ENSG00000189308|chr4:83012667-83012882	ENSG00000189308	LIN54	LIN54		TCR/CxC	targeting	2000	565.6390686035156	380.0	False	0.0	True	1270	13534	chr4:83012667-83012882
ENSG00000101412|chr20:33685928-33686384	ENSG00000101412	E2F1	E2F1	E2F	E2F	targeting	2000	565.4372436523438	381.0	False	0.0	True	1270	13534	chr20:33685928-33686384
ENSG00000129535|chr14:24084376-24084652	ENSG00000129535	NRL	NRL	Maf-related	bZIP	targeting	2000	565.3528289794922	382.0	False	0.0	True	1270	13534	chr14:24084376-24084652
ENSG00000198846|chr8:59118601-59119128	ENSG00000198846	TOX	TOX		HMG/Sox	targeting	2000	565.2592895507812	383.0	False	0.0	True	1270	13534	chr8:59118601-59119128
ENSG00000124216|chr20:49982975-49983472	ENSG00000124216	SNAI1	SNAI1	More than 3 adjacent zinc fingers	C2H2 ZF	targeting	2000	565.2168365478516	384.0	False	0.0	True	1270	13534	chr20:49982975-49983472
ENSG00000196453|chr7:149460580-149460913	ENSG00000196453	ZNF777	ZNF777		C2H2 ZF	targeting	2000	565.2013214111328	385.0	False	0.0	True	1270	13534	chr7:149460580-149460913
ENSG00000117625|chr1:211259379-211259596	ENSG00000117625	RCOR3	RCOR3		Myb/SANT	targeting	2000	564.8048278808594	386.0	False	0.0	True	1270	13534	chr1:211259379-211259596
ENSG00000116793|chr1:113758992-113759524	ENSG00000116793	PHTF1	PHTF1		Unknown	targeting	2000	564.6984924316406	387.0	False	0.0	True	1270	13534	chr1:113758992-113759524
ENSG00000148704|chr10:117137808-117138392	ENSG00000148704	VAX1	VAX1	NK	Homeodomain	targeting	2000	564.3980590820313	388.0	False	0.0	True	1270	13534	chr10:117137808-117138392
ENSG00000125740|chr19:45468003-45468329	ENSG00000125740	FOSB	FOSB		bZIP	targeting	2000	564.3812469482422	389.0	False	0.0	True	1270	13534	chr19:45468003-45468329
ENSG00000103479|chr16:53435641-53435883	ENSG00000103479	RBL2	RBL2		Unknown	targeting	2000	564.2921600341797	390.0	False	0.0	True	1270	13534	chr16:53435641-53435883
ENSG00000182463|chr20:52972312-52972703	ENSG00000182463	TSHZ2	TSHZ2		C2H2 ZF	targeting	2000	564.1854431152344	391.0	False	0.0	True	1270	13534	chr20:52972312-52972703
ENSG00000204356|chr6:31958538-31958965	ENSG00000204356	NELFE	NELFE			targeting	2000	564.1604309082031	392.0	False	0.0	True	1270	13534	chr6:31958538-31958965
ENSG00000137310|chr6:31158537-31158831	ENSG00000137310	TCF19	TCF19		Unknown	targeting	2000	564.1170501708984	393.0	False	0.0	True	1270	13534	chr6:31158537-31158831
ENSG00000119614|chr14:74239442-74239506	ENSG00000119614	VSX2	VSX2	Paired-related HD factors	Homeodomain	targeting	2000	564.0916290283203	394.0	False	0.0	True	1270	13534	chr14:74239442-74239506
ENSG00000153487|chr13:110713704-110714184	ENSG00000153487	ING1	ING1			targeting	2000	563.9427490234375	395.0	False	0.0	True	1270	13534	chr13:110713704-110714184
ENSG00000198554|chr14:55026736-55027062	ENSG00000198554	WDHD1	WDHD1		HMG/Sox	targeting	2000	563.8475646972656	396.0	False	0.0	True	1270	13534	chr14:55026736-55027062
ENSG00000168916|chr5:124746563-124746650	ENSG00000168916	ZNF608	ZNF608		C2H2 ZF	targeting	2000	563.8191772460938	397.0	False	0.0	True	1270	13534	chr5:124746563-124746650
ENSG00000290988|chr19:37692075-37692259	ENSG00000290988	ZNF781	ZNF781		C2H2 ZF	targeting	2000	563.6539154052734	398.0	False	0.0	True	1270	13534	chr19:37692075-37692259
ENSG00000130751|chr19:47019822-47020174	ENSG00000130751	NPAS1	NPAS1		bHLH	targeting	2000	563.6415130615235	399.0	False	0.0	True	1270	13534	chr19:47019822-47020174
ENSG00000095574|chr10:123008585-123008786	ENSG00000095574	IKZF5	IKZF5		C2H2 ZF	targeting	2000	563.5691162109375	400.0	False	0.0	True	1270	13534	chr10:123008585-123008786
ENSG00000106399|chr7:7640061-7640747	ENSG00000106399	RPA3	RPA3			targeting	2000	563.5289703369141	401.0	False	0.0	True	1270	13534	chr7:7640061-7640747
ENSG00000169083|chrX:67544023-67544422	ENSG00000169083	AR	AR	Steroid hormone receptors (NR3)	Nuclear receptor	targeting	2000	563.5177612304688	402.0	False	0.0	True	1270	13534	chrX:67544023-67544422
ENSG00000154832|chr18:50287456-50287678	ENSG00000154832	CXXC1	CXXC1		CxxC	targeting	2000	563.5106079101563	403.0	False	0.0	True	1270	13534	chr18:50287456-50287678
ENSG00000170581|chr12:56360046-56360134	ENSG00000170581	STAT2	STAT2		STAT	targeting	2000	563.4839660644532	404.0	False	0.0	True	1270	13534	chr12:56360046-56360134
ENSG00000115163|chr2:26764279-26764719	ENSG00000115163	CENPA	CENPA		Unknown	targeting	2000	563.4804840087891	405.0	False	0.0	True	1270	13534	chr2:26764279-26764719
ENSG00000145912|chr5:178153560-178153998	ENSG00000145912	NHP2	NHP2			targeting	2000	563.385775756836	406.0	False	0.0	True	1270	13534	chr5:178153560-178153998
ENSG00000049167|chr5:60944795-60945066	ENSG00000049167	ERCC8	ERCC8			targeting	2000	563.2893188476562	407.0	False	0.0	True	1270	13534	chr5:60944795-60945066
ENSG00000115738|chr2:8679225-8679485	ENSG00000115738	ID2	ID2		bHLH	targeting	2000	563.10361328125	408.0	False	0.0	True	1270	13534	chr2:8679225-8679485
ENSG00000140307|chr15:59657160-59657490	ENSG00000140307	GTF2A2	GTF2A2		Unknown	targeting	2000	563.0908172607421	409.0	False	0.0	True	1270	13534	chr15:59657160-59657490
ENSG00000078699|chr20:33490073-33490272	ENSG00000078699	CBFA2T2	CBFA2T2		Unknown	targeting	2000	562.9041290283203	410.0	False	0.0	True	1270	13534	chr20:33490073-33490272
ENSG00000152443|chr19:57746810-57747071	ENSG00000152443	ZNF776	ZNF776		C2H2 ZF	targeting	2000	562.8715881347656	411.0	False	0.0	True	1270	13534	chr19:57746810-57747071
ENSG00000140987|chr16:3400663-3401000	ENSG00000140987	ZSCAN32	ZSCAN32		C2H2 ZF	targeting	2000	562.8056182861328	412.0	False	0.0	True	1270	13534	chr16:3400663-3401000
ENSG00000135374|chr11:34513668-34513726	ENSG00000135374	ELF5	ELF5	Ets-related	Ets	targeting	2000	562.77822265625	413.0	False	0.0	True	1270	13534	chr11:34513668-34513726
ENSG00000187607|chr17:15699589-15699694	ENSG00000187607	ZNF286A	ZNF286A		C2H2 ZF	targeting	2000	562.70693359375	414.0	False	0.0	True	1270	13534	chr17:15699589-15699694
ENSG00000180855|chr19:12440937-12441003	ENSG00000180855	ZNF443	ZNF443		C2H2 ZF	targeting	2000	562.6649841308594	415.0	False	0.0	True	1270	13534	chr19:12440937-12441003
ENSG00000135801|chr1:229625966-229626136	ENSG00000135801	TAF5L	TAF5L		Unknown	targeting	2000	562.545523071289	416.0	False	0.0	True	1270	13534	chr1:229625966-229626136
ENSG00000178662|chr2:165572313-165572445	ENSG00000178662	CSRNP3	CSRNP3		Unknown	targeting	2000	562.4543060302734	417.0	False	0.0	True	1270	13534	chr2:165572313-165572445
ENSG00000171817|chr19:37594867-37594968	ENSG00000171817	ZNF540	ZNF540		C2H2 ZF	targeting	2000	562.3038482666016	418.0	False	0.0	True	1270	13534	chr19:37594867-37594968
ENSG00000165702|chr9:132978740-132978816	ENSG00000165702	GFI1B	GFI1B		C2H2 ZF	targeting	2000	562.2612060546875	419.0	False	0.0	True	1270	13534	chr9:132978740-132978816
ENSG00000171469|chr19:9621015-9621236	ENSG00000171469	ZNF561	ZNF561		C2H2 ZF	targeting	2000	562.2497192382813	420.0	False	0.0	True	1270	13534	chr19:9621015-9621236
ENSG00000169594|chr15:83284408-83284667	ENSG00000169594	BNC1	BNC1		C2H2 ZF	targeting	2000	562.1002624511718	421.0	False	0.0	True	1270	13534	chr15:83284408-83284667
ENSG00000110693|chr11:16341166-16341238	ENSG00000110693	SOX6	SOX6		HMG/Sox	targeting	2000	562.0602874755859	422.0	False	0.0	True	1270	13534	chr11:16341166-16341238
ENSG00000014824|chr4:41990536-41990727	ENSG00000014824	SLC30A9	SLC30A9		Unknown	targeting	2000	561.8346954345703	423.0	False	0.0	True	1270	13534	chr4:41990536-41990727
ENSG00000248483|chr5:93741205-93741611	ENSG00000248483	POU5F2	POU5F2		Homeodomain; POU	targeting	2000	561.8296417236328	424.0	False	0.0	True	1270	13534	chr5:93741205-93741611
ENSG00000179059|chr4:187995781-187996027	ENSG00000179059	ZFP42	ZFP42	More than 3 adjacent zinc fingers	C2H2 ZF	targeting	2000	561.7908416748047	425.0	False	0.0	True	1270	13534	chr4:187995781-187996027
ENSG00000152192|chr13:78603113-78603615	ENSG00000152192	POU4F1	POU4F1	POU domain factors	Homeodomain; POU	targeting	2000	561.717318725586	426.0	False	0.0	True	1270	13534	chr13:78603113-78603615
ENSG00000118263|chr2:207165468-207166504	ENSG00000118263	KLF7	KLF7	Three-zinc finger Kruppel-related	C2H2 ZF	targeting	2000	561.6194152832031	427.0	False	0.0	True	1270	13534	chr2:207165468-207166504
ENSG00000173068|chr9:16870387-16870788	ENSG00000173068	BNC2	BNC2	Factors with multiple dispersed zinc fingers	C2H2 ZF	targeting	2000	561.5547882080078	428.0	False	0.0	True	1270	13534	chr9:16870387-16870788
ENSG00000137309|chr6:34236888-34237214	ENSG00000137309	HMGA1	HMGA1		AT hook	targeting	2000	561.536752319336	429.0	False	0.0	True	1270	13534	chr6:34236888-34237214
ENSG00000132274|chr11:5689791-5690012	ENSG00000132274	TRIM22	TRIM22		Unknown	targeting	2000	561.5361938476562	430.0	False	0.0	True	1270	13534	chr11:5689791-5690012
ENSG00000126767|chrX:47650499-47650605	ENSG00000126767	ELK1	ELK1	Ets-related	Ets	targeting	2000	561.2469329833984	431.0	False	0.0	True	1270	13534	chrX:47650499-47650605
ENSG00000004848|chrX:25015643-25015955	ENSG00000004848	ARX	ARX		Homeodomain	targeting	2000	561.2381408691406	432.0	False	0.0	True	1270	13534	chrX:25015643-25015955
ENSG00000067369|chr15:43492900-43493177	ENSG00000067369	TP53BP1	TP53BP1		Unknown	targeting	2000	561.2290161132812	433.0	False	0.0	True	1270	13534	chr15:43492900-43493177
ENSG00000180828|chr8:64580369-64580448	ENSG00000180828	BHLHE22	BHLHE22	Tal-related	bHLH	targeting	2000	561.2277465820313	434.0	False	0.0	True	1270	13534	chr8:64580369-64580448
ENSG00000196110|chr19:9309449-9309741	ENSG00000196110	ZNF699	ZNF699	More than 3 adjacent zinc fingers	C2H2 ZF	targeting	2000	561.1069061279297	435.0	False	0.0	True	1270	13534	chr19:9309449-9309741
ENSG00000146592|chr7:28435647-28436008	ENSG00000146592	CREB5	CREB5		bZIP	targeting	2000	560.9776794433594	436.0	False	0.0	True	1270	13534	chr7:28435647-28436008
ENSG00000064195|chr17:49994942-49995212	ENSG00000064195	DLX3	DLX3		Homeodomain	targeting	2000	560.9710723876954	437.0	False	0.0	True	1270	13534	chr17:49994942-49995212
ENSG00000273841|chr5:69369304-69369842	ENSG00000273841	TAF9	TAF9		Unknown	targeting	2000	560.9622344970703	438.0	False	0.0	True	1270	13534	chr5:69369304-69369842
ENSG00000204231|chr6:33200036-33200671	ENSG00000204231	RXRB	RXRB	RXR-related receptors (NR2)	Nuclear receptor	targeting	2000	560.9068939208985	439.0	False	0.0	True	1270	13534	chr6:33200036-33200671
ENSG00000197114|chr20:63707525-63708095	ENSG00000197114	ZGPAT	ZGPAT		CCCH ZF	targeting	2000	560.8714019775391	440.0	False	0.0	True	1270	13534	chr20:63707525-63708095
ENSG00000109101|chr17:28506259-28506588	ENSG00000109101	FOXN1	FOXN1		Forkhead	targeting	2000	560.6599578857422	441.0	False	0.0	True	1270	13534	chr17:28506259-28506588
ENSG00000111087|chr12:57459778-57459898	ENSG00000111087	GLI1	GLI1		C2H2 ZF	targeting	2000	560.6208801269531	442.0	False	0.0	True	1270	13534	chr12:57459778-57459898
ENSG00000173480|chr19:57916103-57916587	ENSG00000173480	ZNF417	ZNF417	Factors with multiple dispersed zinc fingers	C2H2 ZF	targeting	2000	560.5833343505859	443.0	False	0.0	True	1270	13534	chr19:57916103-57916587
ENSG00000141027|chr17:16215167-16215532	ENSG00000141027	NCOR1	NCOR1		Myb/SANT	targeting	2000	560.5093872070313	444.0	False	0.0	True	1270	13534	chr17:16215167-16215532
ENSG00000012223|chr3:46464688-46464898	ENSG00000012223	LTF	LTF		Unknown	targeting	2000	560.4087371826172	445.0	False	0.0	True	1270	13534	chr3:46464688-46464898
ENSG00000125347|chr5:132490578-132490777	ENSG00000125347	IRF1	IRF1	Interferon-regulatory factors	IRF	targeting	2000	560.3544128417968	446.0	False	0.0	True	1270	13534	chr5:132490578-132490777
ENSG00000171956|chr15:60004259-60004691	ENSG00000171956	FOXB1	FOXB1	FOX	Forkhead	targeting	2000	560.3116271972656	447.0	False	0.0	True	1270	13534	chr15:60004259-60004691
ENSG00000179909|chr19:57708940-57709187	ENSG00000179909	ZNF154	ZNF154		C2H2 ZF	targeting	2000	560.3063293457031	448.0	False	0.0	True	1270	13534	chr19:57708940-57709187
ENSG00000015475|chr22:17774375-17774487	ENSG00000015475	BID	BID			targeting	2000	560.2679962158203	449.0	False	0.0	True	1270	13534	chr22:17774375-17774487
ENSG00000174796|chr4:75514441-75514710	ENSG00000174796	THAP6	THAP6		THAP finger	targeting	2000	560.2338470458984	450.0	False	0.0	True	1270	13534	chr4:75514441-75514710
ENSG00000159387|chr16:55324224-55324395	ENSG00000159387	IRX6	IRX6		Homeodomain	targeting	2000	560.2223815917969	451.0	False	0.0	True	1270	13534	chr16:55324224-55324395
ENSG00000119950|chr10:110207659-110207849	ENSG00000119950	MXI1	MXI1	bHLH-ZIP	bHLH	targeting	2000	560.1551788330078	452.0	False	0.0	True	1270	13534	chr10:110207659-110207849
ENSG00000185730|chr8:143291402-143291647	ENSG00000185730	ZNF696	ZNF696	More than 3 adjacent zinc fingers	C2H2 ZF	targeting	2000	560.1256286621094	453.0	False	0.0	True	1270	13534	chr8:143291402-143291647
ENSG00000198815|chr1:42335120-42335225	ENSG00000198815	FOXJ3	FOXJ3		Forkhead	targeting	2000	560.1087371826172	454.0	False	0.0	True	1270	13534	chr1:42335120-42335225
ENSG00000162676|chr1:92485858-92486030	ENSG00000162676	GFI1	GFI1	More than 3 adjacent zinc fingers	C2H2 ZF	targeting	2000	559.982666015625	455.0	False	0.0	True	1270	13534	chr1:92485858-92486030
ENSG00000185610|chr12:45050884-45051090	ENSG00000185610	DBX2	DBX2		Homeodomain	targeting	2000	559.9814361572265	456.0	False	0.0	True	1270	13534	chr12:45050884-45051090
ENSG00000114554|chr8:119416423-119416754	ENSG00000114554					targeting	2000	559.9745788574219	457.0	False	0.0	True	1270	13534	chr8:119416423-119416754
ENSG00000178028|chr1:44213473-44213865	ENSG00000178028	DMAP1	DMAP1		Unknown	targeting	2000	559.9509124755859	458.0	False	0.0	True	1270	13534	chr1:44213473-44213865
ENSG00000185960|chrX:630721-631228	ENSG00000185960	SHOX	SHOX	Paired-related HD factors	Homeodomain	targeting	2000	559.7955291748046	459.0	False	0.0	True	1270	13534	chrX:630721-631228
non-targeting|46|non-targeting:46-46						negative control	2000	559.7441192626953		False	0.0	True	1270	13534	non-targeting|46|non-targeting:46-46
ENSG00000198034|chrX:72276872-72277245	ENSG00000198034	RPS4X	RPS4X			targeting	2000	559.61728515625	460.0	False	0.0	True	1270	13534	chrX:72276872-72277245
ENSG00000164379|chr6:1312072-1312320	ENSG00000164379	FOXQ1	FOXQ1		Forkhead	targeting	2000	559.5061187744141	461.0	False	0.0	True	1270	13534	chr6:1312072-1312320
ENSG00000178096|chr1:149886904-149887426	ENSG00000178096	BOLA1	BOLA1		Unknown	targeting	2000	559.3884399414062	462.0	False	0.0	True	1270	13534	chr1:149886904-149887426
ENSG00000166716|chr15:84748588-84748975	ENSG00000166716	ZNF592	ZNF592		C2H2 ZF	targeting	2000	559.3597381591796	463.0	False	0.0	True	1270	13534	chr15:84748588-84748975
ENSG00000257923|chr7:101815965-101816347	ENSG00000257923	CUX1	CUX1	HD-CUT	CUT; Homeodomain	targeting	2000	559.3265167236328	464.0	False	0.0	True	1270	13534	chr7:101815965-101816347
ENSG00000138380|chr2:202912011-202912298	ENSG00000138380	CARF	CARF		Unknown	targeting	2000	559.3202484130859	465.0	False	0.0	True	1270	13534	chr2:202912011-202912298
ENSG00000103326|chr16:527699-528035	ENSG00000103326	CAPN15	CAPN15		Unknown	targeting	2000	559.2484710693359	466.0	False	0.0	True	1270	13534	chr16:527699-528035
ENSG00000164600|chr7:31340297-31340765	ENSG00000164600	NEUROD6	NEUROD6		bHLH	targeting	2000	559.0529327392578	467.0	False	0.0	True	1270	13534	chr7:31340297-31340765
ENSG00000130844|chr19:53538393-53538513	ENSG00000130844	ZNF331	ZNF331	More than 3 adjacent zinc fingers	C2H2 ZF	targeting	2000	559.0003173828125	468.0	False	0.0	True	1270	13534	chr19:53538393-53538513
ENSG00000179059|chr4:188002752-188003005	ENSG00000179059	ZFP42	ZFP42	More than 3 adjacent zinc fingers	C2H2 ZF	targeting	2000	558.9569885253907	469.0	False	0.0	True	1270	13534	chr4:188002752-188003005
ENSG00000197024|chr7:149147464-149147654	ENSG00000197024	ZNF398	ZNF398		C2H2 ZF	targeting	2000	558.93076171875	470.0	False	0.0	True	1270	13534	chr7:149147464-149147654
ENSG00000127152|chr14:99271339-99271702	ENSG00000127152	BCL11B	BCL11B		C2H2 ZF	targeting	2000	558.8412292480468	471.0	False	0.0	True	1270	13534	chr14:99271339-99271702
ENSG00000147596|chr8:70070761-70071232	ENSG00000147596	PRDM14	PRDM14		C2H2 ZF	targeting	2000	558.8142547607422	472.0	False	0.0	True	1270	13534	chr8:70070761-70071232
ENSG00000061455|chr5:123089231-123089314	ENSG00000061455	PRDM6	PRDM6		C2H2 ZF	targeting	2000	558.7079620361328	473.0	False	0.0	True	1270	13534	chr5:123089231-123089314
ENSG00000196235|chr19:39445597-39445785	ENSG00000196235	SUPT5H	SUPT5H		Unknown	targeting	1519	558.6625762939453	474.0	False	0.0	True	1270	13534	chr19:39445597-39445785
ENSG00000198556|chr7:99472891-99472977	ENSG00000198556	ZNF789	ZNF789		C2H2 ZF	targeting	2000	558.6026611328125	475.0	False	0.0	True	1270	13534	chr7:99472891-99472977
ENSG00000132024|chr19:13906226-13906292	ENSG00000132024	CC2D1A	CC2D1A		Unknown	targeting	2000	558.5324127197266	476.0	False	0.0	True	1270	13534	chr19:13906226-13906292
ENSG00000125945|chr1:23368188-23368316	ENSG00000125945	ZNF436	ZNF436	More than 3 adjacent zinc fingers	C2H2 ZF	targeting	2000	558.5161407470703	477.0	False	0.0	True	1270	13534	chr1:23368188-23368316
ENSG00000196092|chr9:37033984-37034464	ENSG00000196092	PAX5	PAX5	Paired domain only	Paired box	targeting	2000	558.4799865722656	478.0	False	0.0	True	1270	13534	chr9:37033984-37034464
ENSG00000164532|chr7:35253814-35254121	ENSG00000164532	TBX20	TBX20	TBX1-related factors	T-box	targeting	2000	558.4628692626953	479.0	False	0.0	True	1270	13534	chr7:35253814-35254121
ENSG00000147180|chrX:85244029-85244219	ENSG00000147180	ZNF711	ZNF711		C2H2 ZF	targeting	2000	558.4282684326172	480.0	False	0.0	True	1270	13534	chrX:85244029-85244219
ENSG00000111669|chr12:6867491-6867995	ENSG00000111669	TPI1	TPI1			targeting	2000	558.3168060302735	481.0	False	0.0	True	1270	13534	chr12:6867491-6867995
ENSG00000006194|chr16:3283506-3283924	ENSG00000006194	ZNF263	ZNF263	More than 3 adjacent zinc fingers	C2H2 ZF	targeting	2000	558.2454162597656	482.0	False	0.0	True	1270	13534	chr16:3283506-3283924
ENSG00000143373|chr1:151282244-151282684	ENSG00000143373	ZNF687	ZNF687		C2H2 ZF	targeting	2000	558.2375305175781	483.0	False	0.0	True	1270	13534	chr1:151282244-151282684
ENSG00000185811|chr7:50304289-50304799	ENSG00000185811	IKZF1	IKZF1	Factors with multiple dispersed zinc fingers	C2H2 ZF	targeting	2000	558.1732421875	484.0	False	0.0	True	1270	13534	chr7:50304289-50304799
ENSG00000160352|chr19:21082248-21082674	ENSG00000160352	ZNF714	ZNF714		C2H2 ZF	targeting	2000	558.1464447021484	485.0	False	0.0	True	1270	13534	chr19:21082248-21082674
ENSG00000177606|chr1:58783693-58784032	ENSG00000177606	JUN	JUN	Jun-related	bZIP	targeting	2000	558.1307037353515	486.0	False	0.0	True	1270	13534	chr1:58783693-58784032
ENSG00000116016|chr2:46297412-46297685	ENSG00000116016	EPAS1	EPAS1	PAS domain factors	bHLH	targeting	2000	558.0322113037109	487.0	False	0.0	True	1270	13534	chr2:46297412-46297685
ENSG00000125820|chr20:21513964-21514062	ENSG00000125820	NKX2-2	NKX2-2	NK	Homeodomain	targeting	2000	557.9930053710938	488.0	False	0.0	True	1270	13534	chr20:21513964-21514062
ENSG00000198205|chrX:57909415-57909817	ENSG00000198205	ZXDA	ZXDA	More than 3 adjacent zinc fingers	C2H2 ZF	targeting	2000	557.9097778320313	489.0	False	0.0	True	1270	13534	chrX:57909415-57909817
ENSG00000124831|chr2:237692132-237692600	ENSG00000124831	LRRFIP1	LRRFIP1		Unknown	targeting	2000	557.8799011230469	490.0	False	0.0	True	1270	13534	chr2:237692132-237692600
ENSG00000032219|chr14:58298554-58298789	ENSG00000032219	ARID4A	ARID4A		ARID/BRIGHT	targeting	2000	557.8479949951172	491.0	False	0.0	True	1270	13534	chr14:58298554-58298789
ENSG00000128652|chr2:176136581-176136839	ENSG00000128652	HOXD3	HOXD3	HOX	Homeodomain	targeting	2000	557.6906860351562	492.0	False	0.0	True	1270	13534	chr2:176136581-176136839
ENSG00000169375|chr15:75455340-75455817	ENSG00000169375	SIN3A	SIN3A		Unknown	targeting	2000	557.6591918945312	493.0	False	0.0	True	1270	13534	chr15:75455340-75455817
ENSG00000196482|chr1:216805031-216805370	ENSG00000196482	ESRRG	ESRRG		Nuclear receptor	targeting	2000	557.5734100341797	494.0	False	0.0	True	1270	13534	chr1:216805031-216805370
ENSG00000124827|chr6:10881968-10882048	ENSG00000124827	GCM2	GCM2	GCM	GCM	targeting	2000	557.5159515380859	495.0	False	0.0	True	1270	13534	chr6:10881968-10882048
ENSG00000170689|chr17:48626080-48626373	ENSG00000170689	HOXB9	HOXB9	HOX	Homeodomain	targeting	2000	557.5006225585937	496.0	False	0.0	True	1270	13534	chr17:48626080-48626373
ENSG00000182141|chr19:21328872-21329414	ENSG00000182141	ZNF708	ZNF708	More than 3 adjacent zinc fingers	C2H2 ZF	targeting	2000	557.4912139892579	497.0	False	0.0	True	1270	13534	chr19:21328872-21329414
ENSG00000125968|chr20:31605319-31605530	ENSG00000125968	ID1	ID1		bHLH	targeting	2000	557.4799072265625	498.0	False	0.0	True	1270	13534	chr20:31605319-31605530
ENSG00000111049|chr12:80716936-80717053	ENSG00000111049	MYF5	MYF5	MyoD/ASC-related factors	bHLH	targeting	2000	557.4327667236328	499.0	False	0.0	True	1270	13534	chr12:80716936-80717053
ENSG00000166888|chr12:57111112-57111387	ENSG00000166888	STAT6	STAT6		STAT	targeting	2000	557.4272186279297	500.0	False	0.0	True	1270	13534	chr12:57111112-57111387
ENSG00000147601|chr8:73008839-73008940	ENSG00000147601	TERF1	TERF1		Myb/SANT	targeting	2000	557.3397918701172	501.0	False	0.0	True	1270	13534	chr8:73008839-73008940
ENSG00000099956|chr22:23786987-23787393	ENSG00000099956	SMARCB1	SMARCB1		Unknown	targeting	2000	557.3233245849609	502.0	False	0.0	True	1270	13534	chr22:23786987-23787393
ENSG00000106410|chr7:144403629-144403711	ENSG00000106410	NOBOX	NOBOX		Homeodomain	targeting	2000	557.3037872314453	503.0	False	0.0	True	1270	13534	chr7:144403629-144403711
ENSG00000147789|chr8:144827546-144827664	ENSG00000147789	ZNF7	ZNF7		C2H2 ZF	targeting	2000	557.2910705566406	504.0	False	0.0	True	1270	13534	chr8:144827546-144827664
ENSG00000120963|chr8:101205100-101205456	ENSG00000120963	ZNF706	ZNF706		C2H2 ZF	targeting	2000	557.2542663574219	505.0	False	0.0	True	1270	13534	chr8:101205100-101205456
ENSG00000181827|chr15:56243337-56243756	ENSG00000181827	RFX7	RFX7	RFX-related factors	RFX	targeting	2000	557.1650360107421	506.0	False	0.0	True	1270	13534	chr15:56243337-56243756
ENSG00000079102|chr8:92095014-92095233	ENSG00000079102	RUNX1T1	RUNX1T1		Unknown	targeting	2000	557.0456665039062	507.0	False	0.0	True	1270	13534	chr8:92095014-92095233
ENSG00000196437|chr19:37466947-37467235	ENSG00000196437	ZNF569	ZNF569		C2H2 ZF	targeting	2000	557.0235656738281	508.0	False	0.0	True	1270	13534	chr19:37466947-37467235
ENSG00000162702|chr1:200409523-200410048	ENSG00000162702	ZNF281	ZNF281	More than 3 adjacent zinc fingers	C2H2 ZF	targeting	2000	557.0002227783203	509.0	False	0.0	True	1270	13534	chr1:200409523-200410048
ENSG00000198839|chr7:112206713-112206896	ENSG00000198839	ZNF277	ZNF277		C2H2 ZF; BED ZF	targeting	2000	556.973989868164	510.0	False	0.0	True	1270	13534	chr7:112206713-112206896
ENSG00000147488|chr8:52409536-52409768	ENSG00000147488	ST18	ST18		C2H2 ZF	targeting	2000	556.9284576416015	511.0	False	0.0	True	1270	13534	chr8:52409536-52409768
ENSG00000198783|chr17:34961581-34961951	ENSG00000198783	ZNF830	ZNF830		C2H2 ZF	targeting	2000	556.9055480957031	512.0	False	0.0	True	1270	13534	chr17:34961581-34961951
ENSG00000116044|chr2:177262937-177263491	ENSG00000116044	NFE2L2	NFE2L2	Jun-related	bZIP	targeting	2000	556.8734954833984	513.0	False	0.0	True	1270	13534	chr2:177262937-177263491
ENSG00000131849|chr19:58439915-58440155	ENSG00000131849	ZNF132	ZNF132		C2H2 ZF	targeting	2000	556.8299621582031	514.0	False	0.0	True	1270	13534	chr19:58439915-58440155
ENSG00000196460|chr2:101474204-101475022	ENSG00000196460	RFX8	RFX8		RFX	targeting	2000	556.7631225585938	515.0	False	0.0	True	1270	13534	chr2:101474204-101475022
ENSG00000111424|chr12:47904785-47905035	ENSG00000111424	VDR	VDR	Thyroid hormone receptor-related factors (NR1)	Nuclear receptor	targeting	2000	556.7627716064453	516.0	False	0.0	True	1270	13534	chr12:47904785-47905035
ENSG00000006704|chr7:74453961-74454260	ENSG00000006704	GTF2IRD1	GTF2IRD1		GTF2I-like	targeting	2000	556.7245086669922	517.0	False	0.0	True	1270	13534	chr7:74453961-74454260
ENSG00000188785|chr19:57389857-57390163	ENSG00000188785	ZNF548	ZNF548		C2H2 ZF	targeting	2000	556.6937072753906	518.0	False	0.0	True	1270	13534	chr19:57389857-57390163
ENSG00000204859|chr1:6580024-6580283	ENSG00000204859	ZBTB48	ZBTB48	More than 3 adjacent zinc fingers	C2H2 ZF	targeting	2000	556.6747100830078	519.0	False	0.0	True	1270	13534	chr1:6580024-6580283
ENSG00000008197|chr6:50713810-50714206	ENSG00000008197	TFAP2D	TFAP2D		AP-2	targeting	2000	556.3928619384766	520.0	False	0.0	True	1270	13534	chr6:50713810-50714206
ENSG00000198908|chrX:102720710-102721119	ENSG00000198908	BHLHB9	GPRASP3			targeting	2000	556.3919311523438	521.0	False	0.0	True	1270	13534	chrX:102720710-102721119
ENSG00000126705|chr1:27604043-27604193	ENSG00000126705	AHDC1	AHDC1		AT hook	targeting	2000	556.3637573242188	522.0	False	0.0	True	1270	13534	chr1:27604043-27604193
ENSG00000188868|chr19:12333265-12333611	ENSG00000188868	ZNF563	ZNF563		C2H2 ZF	targeting	2000	556.3322021484375	523.0	False	0.0	True	1270	13534	chr19:12333265-12333611
ENSG00000172939|chr3:38165607-38165890	ENSG00000172939	OXSR1	OXSR1			targeting	2000	556.2536834716797	524.0	False	0.0	True	1270	13534	chr3:38165607-38165890
ENSG00000162624|chr1:75136379-75136606	ENSG00000162624	LHX8	LHX8		Homeodomain	targeting	2000	556.1904724121093	525.0	False	0.0	True	1270	13534	chr1:75136379-75136606
ENSG00000166949|chr15:67065846-67066213	ENSG00000166949	SMAD3	SMAD3	SMAD factors	SMAD	targeting	2000	556.14130859375	526.0	False	0.0	True	1270	13534	chr15:67065846-67066213
non-targeting|37|non-targeting:37-37						negative control	2000	556.122280883789		False	0.0	True	1270	13534	non-targeting|37|non-targeting:37-37
ENSG00000171574|chr19:58408681-58408946	ENSG00000171574	ZNF584	ZNF584		C2H2 ZF	targeting	2000	556.026611328125	527.0	False	0.0	True	1270	13534	chr19:58408681-58408946
ENSG00000164256|chr5:23507593-23507661	ENSG00000164256	PRDM9	PRDM9	Factors with multiple dispersed zinc fingers	C2H2 ZF	targeting	2000	556.0028625488281	528.0	False	0.0	True	1270	13534	chr5:23507593-23507661
ENSG00000119725|chr14:73886822-73886984	ENSG00000119725	ZNF410	ZNF410	More than 3 adjacent zinc fingers	C2H2 ZF	targeting	2000	555.8864654541015	529.0	False	0.0	True	1270	13534	chr14:73886822-73886984
ENSG00000225830|chr10:49538753-49539036	ENSG00000225830	ERCC6	ERCC6			targeting	2000	555.8847076416016	530.0	False	0.0	True	1270	13534	chr10:49538753-49539036
ENSG00000165655|chr10:75401576-75401776	ENSG00000165655	ZNF503	ZNF503		C2H2 ZF	targeting	2000	555.8721923828125	531.0	False	0.0	True	1270	13534	chr10:75401576-75401776
ENSG00000162664|chr1:89995135-89995651	ENSG00000162664	ZNF326	ZNF326		C2H2 ZF	targeting	2000	555.7392211914063	532.0	False	0.0	True	1270	13534	chr1:89995135-89995651
ENSG00000132846|chr5:77086957-77087195	ENSG00000132846	ZBED3	ZBED3		BED ZF	targeting	2000	555.676123046875	533.0	False	0.0	True	1270	13534	chr5:77086957-77087195
ENSG00000179922|chr19:55624470-55624550	ENSG00000179922	ZNF784	ZNF784	Factors with multiple dispersed zinc fingers	C2H2 ZF	targeting	2000	555.6407196044922	534.0	False	0.0	True	1270	13534	chr19:55624470-55624550
ENSG00000185670|chr11:62753866-62754155	ENSG00000185670	ZBTB3	ZBTB3		C2H2 ZF	targeting	2000	555.5465545654297	535.0	False	0.0	True	1270	13534	chr11:62753866-62754155
ENSG00000150907|chr13:40666236-40666644	ENSG00000150907	FOXO1	FOXO1		Forkhead	targeting	2000	555.5312072753907	536.0	False	0.0	True	1270	13534	chr13:40666236-40666644
ENSG00000048540|chr12:16607887-16608098	ENSG00000048540	LMO3	LMO3			targeting	2000	555.4812835693359	537.0	False	0.0	True	1270	13534	chr12:16607887-16608098
ENSG00000137504|chr11:85664859-85665112	ENSG00000137504	CREBZF	CREBZF		bZIP	targeting	2000	555.4253997802734	538.0	False	0.0	True	1270	13534	chr11:85664859-85665112
ENSG00000106536|chr7:39006819-39007081	ENSG00000106536	POU6F2	POU6F2	POU domain factors	Homeodomain; POU	targeting	2000	555.3992279052734	539.0	False	0.0	True	1270	13534	chr7:39006819-39007081
ENSG00000180318|chr12:85280208-85280308	ENSG00000180318	ALX1	ALX1		Homeodomain	targeting	2000	555.36650390625	540.0	False	0.0	True	1270	13534	chr12:85280208-85280308
non-targeting|92|non-targeting:92-92						negative control	2000	555.1966186523438		False	0.0	True	1270	13534	non-targeting|92|non-targeting:92-92
ENSG00000109851|chr11:20160243-20160492	ENSG00000109851	DBX1	DBX1		Homeodomain	targeting	2000	555.1728668212891	541.0	False	0.0	True	1270	13534	chr11:20160243-20160492
ENSG00000124782|chr6:7107748-7108093	ENSG00000124782	RREB1	RREB1	Factors with multiple dispersed zinc fingers	C2H2 ZF	targeting	2000	555.0602722167969	542.0	False	0.0	True	1270	13534	chr6:7107748-7108093
ENSG00000205922|chr19:1753571-1753769	ENSG00000205922	ONECUT3	ONECUT3	HD-CUT	CUT; Homeodomain	targeting	2000	554.9977813720703	543.0	False	0.0	True	1270	13534	chr19:1753571-1753769
ENSG00000121417|chr19:57633200-57633281	ENSG00000121417	ZNF211	ZNF211	Factors with multiple dispersed zinc fingers	C2H2 ZF	targeting	2000	554.9938873291015	544.0	False	0.0	True	1270	13534	chr19:57633200-57633281
ENSG00000081059|chr5:134114699-134115518	ENSG00000081059	TCF7	TCF7	TCF-7-related factors	HMG/Sox	targeting	2000	554.9216186523438	545.0	False	0.0	True	1270	13534	chr5:134114699-134115518
non-targeting|97|non-targeting:97-97						negative control	2000	554.8909790039063		False	0.0	True	1270	13534	non-targeting|97|non-targeting:97-97
ENSG00000132005|chr19:14006259-14006349	ENSG00000132005	RFX1	RFX1	RFX-related factors	RFX	targeting	2000	554.8431335449219	546.0	False	0.0	True	1270	13534	chr19:14006259-14006349
ENSG00000198633|chr19:52429149-52429548	ENSG00000198633	ZNF534	ZNF534		C2H2 ZF	targeting	2000	554.684765625	547.0	False	0.0	True	1270	13534	chr19:52429149-52429548
ENSG00000140262|chr15:56918689-56918988	ENSG00000140262	TCF12	TCF12	E2A	bHLH	targeting	2000	554.6439208984375	548.0	False	0.0	True	1270	13534	chr15:56918689-56918988
ENSG00000106689|chr9:124011764-124012112	ENSG00000106689	LHX2	LHX2	HD-LIM	Homeodomain	targeting	2000	554.6048400878906	549.0	False	0.0	True	1270	13534	chr9:124011764-124012112
ENSG00000140009|chr14:64294125-64294314	ENSG00000140009	ESR2	ESR2	Steroid hormone receptors (NR3)	Nuclear receptor	targeting	2000	554.4668334960937	550.0	False	0.0	True	1270	13534	chr14:64294125-64294314
non-targeting|64|non-targeting:64-64						negative control	2000	554.4386352539062		False	0.0	True	1270	13534	non-targeting|64|non-targeting:64-64
ENSG00000105722|chr19:42254865-42255168	ENSG00000105722	ERF	ERF	Ets-related	Ets	targeting	2000	554.3904724121094	551.0	False	0.0	True	1270	13534	chr19:42254865-42255168
ENSG00000137709|chr11:120240137-120240266	ENSG00000137709	POU2F3	POU2F3	POU domain factors	Homeodomain; POU	targeting	2000	554.3322570800781	552.0	False	0.0	True	1270	13534	chr11:120240137-120240266
ENSG00000103460|chr16:52546796-52547146	ENSG00000103460	TOX3	TOX3		HMG/Sox	targeting	2000	554.2110015869141	553.0	False	0.0	True	1270	13534	chr16:52546796-52547146
ENSG00000178229|chr19:57320483-57320614	ENSG00000178229	ZNF543	ZNF543		C2H2 ZF	targeting	2000	554.1189392089843	554.0	False	0.0	True	1270	13534	chr19:57320483-57320614
ENSG00000196605|chr19:9768525-9768627	ENSG00000196605	ZNF846	ZNF846		C2H2 ZF	targeting	2000	554.115444946289	555.0	False	0.0	True	1270	13534	chr19:9768525-9768627
ENSG00000188994|chr6:87155556-87155839	ENSG00000188994	ZNF292	ZNF292		C2H2 ZF	targeting	2000	554.0942108154297	556.0	False	0.0	True	1270	13534	chr6:87155556-87155839
ENSG00000197360|chr19:22422062-22422323	ENSG00000197360	ZNF98	ZNF98		C2H2 ZF	targeting	2000	554.0785949707031	557.0	False	0.0	True	1270	13534	chr19:22422062-22422323
ENSG00000163884|chr3:126357131-126357370	ENSG00000163884	KLF15	KLF15	Three-zinc finger Kruppel-related	C2H2 ZF	targeting	2000	554.0519958496094	558.0	False	0.0	True	1270	13534	chr3:126357131-126357370
ENSG00000154957|chr17:11997206-11997439	ENSG00000154957	ZNF18	ZNF18	More than 3 adjacent zinc fingers	C2H2 ZF	targeting	2000	553.9564575195312	559.0	False	0.0	True	1270	13534	chr17:11997206-11997439
ENSG00000141905|chr19:3359632-3359720	ENSG00000141905	NFIC	NFIC	Nuclear factor 1	SMAD	targeting	2000	553.9041931152344	560.0	False	0.0	True	1270	13534	chr19:3359632-3359720
ENSG00000166454|chr16:81035828-81036203	ENSG00000166454	ATMIN	ATMIN		C2H2 ZF	targeting	2000	553.8767059326171	561.0	False	0.0	True	1270	13534	chr16:81035828-81036203
non-targeting|34|non-targeting:34-34						negative control	2000	553.8701721191406		False	0.0	True	1270	13534	non-targeting|34|non-targeting:34-34
ENSG00000111676|chr12:6927791-6928248	ENSG00000111676	ATN1	ATN1			targeting	2000	553.7362731933594	562.0	False	0.0	True	1270	13534	chr12:6927791-6928248
ENSG00000197279|chr6:28080596-28080979	ENSG00000197279	ZNF165	ZNF165		C2H2 ZF	targeting	2000	553.7354858398437	563.0	False	0.0	True	1270	13534	chr6:28080596-28080979
ENSG00000176692|chr16:86566897-86567430	ENSG00000176692	FOXC2	FOXC2	FOX	Forkhead	targeting	2000	553.6379119873047	564.0	False	0.0	True	1270	13534	chr16:86566897-86567430
ENSG00000204920|chr19:43984208-43984433	ENSG00000204920	ZNF155	ZNF155		C2H2 ZF	targeting	2000	553.6214416503906	565.0	False	0.0	True	1270	13534	chr19:43984208-43984433
ENSG00000198939|chr5:178895913-178896082	ENSG00000198939	ZFP2	ZFP2		C2H2 ZF	targeting	2000	553.6082580566406	566.0	False	0.0	True	1270	13534	chr5:178895913-178896082
ENSG00000159140|chr21:33549545-33549814	ENSG00000159140	SON	SON		Unknown	targeting	2000	553.5289031982422	567.0	False	0.0	True	1270	13534	chr21:33549545-33549814
ENSG00000205857|chr12:7765209-7765276	ENSG00000205857	NANOGNB	NANOGNB		Homeodomain	targeting	2000	553.4339782714844	568.0	False	0.0	True	1270	13534	chr12:7765209-7765276
ENSG00000204946|chr7:149262215-149262374	ENSG00000204946	ZNF783	ZNF783		C2H2 ZF	targeting	2000	553.4317016601562	569.0	False	0.0	True	1270	13534	chr7:149262215-149262374
ENSG00000057935|chr2:42568628-42568887	ENSG00000057935	MTA3	MTA3		Myb/SANT; GATA	targeting	2000	553.4284027099609	570.0	False	0.0	True	1270	13534	chr2:42568628-42568887
ENSG00000186487|chr2:2330859-2331337	ENSG00000186487	MYT1L	MYT1L	MYT	C2H2 ZF	targeting	2000	553.3788482666016	571.0	False	0.0	True	1270	13534	chr2:2330859-2331337
ENSG00000148200|chr9:124771088-124771346	ENSG00000148200	NR6A1	NR6A1	GCNF-related receptors (NR6)	Nuclear receptor	targeting	2000	553.3090881347656	572.0	False	0.0	True	1270	13534	chr9:124771088-124771346
ENSG00000170325|chr11:130002305-130002835	ENSG00000170325	PRDM10	PRDM10		C2H2 ZF	targeting	2000	553.3034393310547	573.0	False	0.0	True	1270	13534	chr11:130002305-130002835
ENSG00000160007|chr19:46918664-46918867	ENSG00000160007	ARHGAP35	ARHGAP35		Unknown	targeting	2000	553.2829223632813	574.0	False	0.0	True	1270	13534	chr19:46918664-46918867
ENSG00000164853|chr7:1232867-1233128	ENSG00000164853	UNCX	UNCX	Paired-related HD factors	Homeodomain	targeting	2000	553.2799407958985	575.0	False	0.0	True	1270	13534	chr7:1232867-1233128
ENSG00000100426|chr22:49853834-49853962	ENSG00000100426	ZBED4	ZBED4	BED zinc finger factors	BED ZF	targeting	2000	553.2333526611328	576.0	False	0.0	True	1270	13534	chr22:49853834-49853962
ENSG00000197608|chr19:52095342-52095775	ENSG00000197608	ZNF841	ZNF841	More than 3 adjacent zinc fingers	C2H2 ZF	targeting	2000	553.2181793212891	577.0	False	0.0	True	1270	13534	chr19:52095342-52095775
ENSG00000266265|chr7:130733721-130734048	ENSG00000266265	KLF14	KLF14	Three-zinc finger Kruppel-related	C2H2 ZF	targeting	2000	553.1338470458984	578.0	False	0.0	True	1270	13534	chr7:130733721-130734048
ENSG00000197472|chr1:247007598-247008074	ENSG00000197472	ZNF695	ZNF695		C2H2 ZF	targeting	2000	553.094448852539	579.0	False	0.0	True	1270	13534	chr1:247007598-247008074
ENSG00000128573|chr7:114414365-114414739	ENSG00000128573	FOXP2	FOXP2	FOX	Forkhead	targeting	2000	553.0799102783203	580.0	False	0.0	True	1270	13534	chr7:114414365-114414739
ENSG00000105821|chr7:103344313-103344797	ENSG00000105821	DNAJC2	DNAJC2		Myb/SANT	targeting	2000	553.0520324707031	581.0	False	0.0	True	1270	13534	chr7:103344313-103344797
ENSG00000189403|chr13:30465527-30465967	ENSG00000189403	HMGB1	HMGB1		HMG/Sox	targeting	2000	553.0313354492188	582.0	False	0.0	True	1270	13534	chr13:30465527-30465967
ENSG00000196417|chr19:53395172-53395545	ENSG00000196417	ZNF765	ZNF765		C2H2 ZF	targeting	2000	552.9509460449219	583.0	False	0.0	True	1270	13534	chr19:53395172-53395545
ENSG00000131931|chr8:42842856-42843349	ENSG00000131931	THAP1	THAP1	THAP-related factors	THAP finger	targeting	2000	552.9419525146484	584.0	False	0.0	True	1270	13534	chr8:42842856-42843349
ENSG00000159216|chr21:35048840-35049184	ENSG00000159216	RUNX1	RUNX1	Runt-related factors	Runt	targeting	2000	552.661734008789	585.0	False	0.0	True	1270	13534	chr21:35048840-35049184
ENSG00000142611|chr1:3069214-3069288	ENSG00000142611	PRDM16	PRDM16		C2H2 ZF	targeting	2000	552.6441650390625	586.0	False	0.0	True	1270	13534	chr1:3069214-3069288
ENSG00000162601|chr1:58699625-58700070	ENSG00000162601	MYSM1	MYSM1		Myb/SANT	targeting	2000	552.639779663086	587.0	False	0.0	True	1270	13534	chr1:58699625-58700070
ENSG00000107807|chr10:101131117-101131714	ENSG00000107807	TLX1	TLX1		Homeodomain	targeting	2000	552.6308837890625	588.0	False	0.0	True	1270	13534	chr10:101131117-101131714
ENSG00000165588|chr14:56810257-56810474	ENSG00000165588	OTX2	OTX2	Paired-related HD factors	Homeodomain	targeting	2000	552.6000244140625	589.0	False	0.0	True	1270	13534	chr14:56810257-56810474
ENSG00000163909|chr1:39639444-39639662	ENSG00000163909	HEYL	HEYL		bHLH	targeting	2000	552.594091796875	590.0	False	0.0	True	1270	13534	chr1:39639444-39639662
ENSG00000275700|chr17:36948966-36949088	ENSG00000275700	AATF	AATF		Unknown	targeting	1984	552.54638671875	591.0	False	0.0	True	1270	13534	chr17:36948966-36949088
ENSG00000165495|chr11:125164701-125165032	ENSG00000165495	PKNOX2	PKNOX2	TALE-type homeo domain factors	Homeodomain	targeting	2000	552.4801574707031	592.0	False	0.0	True	1270	13534	chr11:125164701-125165032
ENSG00000169856|chr15:52790001-52790371	ENSG00000169856	ONECUT1	ONECUT1	HD-CUT	CUT; Homeodomain	targeting	2000	552.3596984863282	593.0	False	0.0	True	1270	13534	chr15:52790001-52790371
ENSG00000187792|chr22:23750907-23751099	ENSG00000187792	ZNF70	ZNF70	More than 3 adjacent zinc fingers	C2H2 ZF	targeting	2000	552.3364654541016	594.0	False	0.0	True	1270	13534	chr22:23750907-23751099
ENSG00000184895|chrY:2787313-2787705	ENSG00000184895	SRY	SRY	SOX-related factors	HMG/Sox	targeting	2000	552.2032958984375	595.0	False	0.0	True	1270	13534	chrY:2787313-2787705
ENSG00000198182|chr19:37719376-37719750	ENSG00000198182	ZNF607	ZNF607		C2H2 ZF	targeting	2000	552.0787658691406	596.0	False	0.0	True	1270	13534	chr19:37719376-37719750
ENSG00000186103|chr3:121567957-121568203	ENSG00000186103	ARGFX	ARGFX	Paired-related HD factors	Homeodomain	targeting	2000	551.9749816894531	597.0	False	0.0	True	1270	13534	chr3:121567957-121568203
ENSG00000120075|chr17:48593315-48593697	ENSG00000120075	HOXB5	HOXB5	HOX	Homeodomain	targeting	2000	551.9091827392579	598.0	False	0.0	True	1270	13534	chr17:48593315-48593697
ENSG00000123349|chr12:53295544-53295946	ENSG00000123349	PFDN5	PFDN5			targeting	2000	551.8463439941406	599.0	False	0.0	True	1270	13534	chr12:53295544-53295946
ENSG00000011243|chr19:15418544-15418997	ENSG00000011243	AKAP8L	AKAP8L		C2H2 ZF	targeting	2000	551.8442108154297	600.0	False	0.0	True	1270	13534	chr19:15418544-15418997
ENSG00000115816|chr2:37231360-37231620	ENSG00000115816	CEBPZ	CEBPZ		Unknown	targeting	2000	551.8111328125	601.0	False	0.0	True	1270	13534	chr2:37231360-37231620
non-targeting|30|non-targeting:30-30						negative control	2000	551.7938934326172		False	0.0	True	1270	13534	non-targeting|30|non-targeting:30-30
ENSG00000131848|chr19:56368051-56368370	ENSG00000131848	ZSCAN5A	ZSCAN5A		C2H2 ZF	targeting	2000	551.7297515869141	602.0	False	0.0	True	1270	13534	chr19:56368051-56368370
ENSG00000146757|chr7:65373872-65374109	ENSG00000146757	ZNF92	ZNF92		C2H2 ZF	targeting	2000	551.7048645019531	603.0	False	0.0	True	1270	13534	chr7:65373872-65374109
ENSG00000186777|chr4:305400-305466	ENSG00000186777	ZNF732	ZNF732	More than 3 adjacent zinc fingers	C2H2 ZF	targeting	2000	551.6703979492188	604.0	False	0.0	True	1270	13534	chr4:305400-305466
non-targeting|63|non-targeting:63-63						negative control	2000	551.6029205322266		False	0.0	True	1270	13534	non-targeting|63|non-targeting:63-63
ENSG00000064218|chr9:976710-976891	ENSG00000064218	DMRT3	DMRT3	DMRT factors	DM	targeting	2000	551.5504577636718	605.0	False	0.0	True	1270	13534	chr9:976710-976891
ENSG00000139800|chr13:99970915-99971152	ENSG00000139800	ZIC5	ZIC5	More than 3 adjacent zinc fingers	C2H2 ZF	targeting	2000	551.494775390625	606.0	False	0.0	True	1270	13534	chr13:99970915-99971152
ENSG00000172733|chr8:31033103-31033319	ENSG00000172733	PURG	PURG		Unknown	targeting	2000	551.4855712890625	607.0	False	0.0	True	1270	13534	chr8:31033103-31033319
non-targeting|40|non-targeting:40-40						negative control	2000	551.4310363769531		False	0.0	True	1270	13534	non-targeting|40|non-targeting:40-40
ENSG00000174446|chr15:66497410-66497777	ENSG00000174446	SNAPC5	SNAPC5		Unknown	targeting	2000	551.4168273925782	608.0	False	0.0	True	1270	13534	chr15:66497410-66497777
ENSG00000147140|chrX:71283701-71284073	ENSG00000147140	NONO	NONO		Unknown	targeting	2000	551.3264801025391	609.0	False	0.0	True	1270	13534	chrX:71283701-71284073
ENSG00000176678|chr16:86578758-86578941	ENSG00000176678	FOXL1	FOXL1	FOX	Forkhead	targeting	2000	551.2791534423828	610.0	False	0.0	True	1270	13534	chr16:86578758-86578941
ENSG00000016082|chr5:51386159-51386479	ENSG00000016082	ISL1	ISL1		Homeodomain	targeting	2000	551.1793365478516	611.0	False	0.0	True	1270	13534	chr5:51386159-51386479
ENSG00000127528|chr19:16324879-16325244	ENSG00000127528	KLF2	KLF2	Three-zinc finger Kruppel-related	C2H2 ZF	targeting	2000	551.1665344238281	612.0	False	0.0	True	1270	13534	chr19:16324879-16325244
ENSG00000125651|chr19:6393083-6393145	ENSG00000125651	GTF2F1	GTF2F1		Unknown	targeting	2000	551.1644104003906	613.0	False	0.0	True	1270	13534	chr19:6393083-6393145
ENSG00000165244|chr9:96417943-96418397	ENSG00000165244	ZNF367	ZNF367		C2H2 ZF	targeting	2000	551.0801818847656	614.0	False	0.0	True	1270	13534	chr9:96417943-96418397
ENSG00000159140|chr21:33543047-33543567	ENSG00000159140	SON	SON		Unknown	targeting	2000	551.019482421875	615.0	False	0.0	True	1270	13534	chr21:33543047-33543567
ENSG00000113658|chr5:136132866-136133370	ENSG00000113658	SMAD5	SMAD5	SMAD factors	SMAD	targeting	2000	550.8649444580078	616.0	False	0.0	True	1270	13534	chr5:136132866-136133370
ENSG00000188629|chr19:9363025-9363289	ENSG00000188629	ZNF177	ZNF177		C2H2 ZF	targeting	2000	550.7268615722656	617.0	False	0.0	True	1270	13534	chr19:9363025-9363289
ENSG00000171466|chr19:9674624-9675085	ENSG00000171466	ZNF562	ZNF562		C2H2 ZF	targeting	2000	550.7218170166016	618.0	False	0.0	True	1270	13534	chr19:9674624-9675085
ENSG00000278570|chr15:71810585-71811409	ENSG00000278570	NR2E3	NR2E3		Nuclear receptor	targeting	2000	550.594125366211	619.0	False	0.0	True	1270	13534	chr15:71810585-71811409
ENSG00000131910|chr1:26913803-26913940	ENSG00000131910	NR0B2	NR0B2		Unknown	targeting	2000	550.5683380126953	620.0	False	0.0	True	1270	13534	chr1:26913803-26913940
ENSG00000162613|chr1:77978618-77979051	ENSG00000162613	FUBP1	FUBP1		Unknown	targeting	2000	550.3674591064453	621.0	False	0.0	True	1270	13534	chr1:77978618-77979051
ENSG00000175592|chr11:65899942-65900368	ENSG00000175592	FOSL1	FOSL1	Fos-related	bZIP	targeting	2000	550.2657592773437	622.0	False	0.0	True	1270	13534	chr11:65899942-65900368
ENSG00000177311|chr3:141368488-141368922	ENSG00000177311	ZBTB38	ZBTB38		C2H2 ZF	targeting	2000	550.2531066894531	623.0	False	0.0	True	1270	13534	chr3:141368488-141368922
ENSG00000123374|chr12:55966798-55967310	ENSG00000123374	CDK2	CDK2			targeting	2000	550.249169921875	624.0	False	0.0	True	1270	13534	chr12:55966798-55967310
ENSG00000130338|chr6:158312280-158312703	ENSG00000130338	TULP4	TULP4		Unknown	targeting	2000	550.2108825683594	625.0	False	0.0	True	1270	13534	chr6:158312280-158312703
ENSG00000128604|chr7:128937935-128938196	ENSG00000128604	IRF5	IRF5	Interferon-regulatory factors	IRF	targeting	2000	550.186978149414	626.0	False	0.0	True	1270	13534	chr7:128937935-128938196
ENSG00000166407|chr11:8263389-8263868	ENSG00000166407	LMO1	LMO1			targeting	2000	549.954067993164	627.0	False	0.0	True	1270	13534	chr11:8263389-8263868
ENSG00000277462|chr1:247078347-247078806	ENSG00000277462	ZNF670	ZNF670		C2H2 ZF	targeting	2000	549.8784301757812	628.0	False	0.0	True	1270	13534	chr1:247078347-247078806
ENSG00000109320|chr4:102501359-102501550	ENSG00000109320	NFKB1	NFKB1	NF-kappaB-related factors	Rel	targeting	2000	549.8542633056641	629.0	False	0.0	True	1270	13534	chr4:102501359-102501550
ENSG00000085644|chr16:3135152-3135374	ENSG00000085644	ZNF213	ZNF213	More than 3 adjacent zinc fingers	C2H2 ZF	targeting	2000	549.8465301513672	630.0	False	0.0	True	1270	13534	chr16:3135152-3135374
ENSG00000198914|chr2:104855534-104855770	ENSG00000198914	POU3F3	POU3F3	POU domain factors	Homeodomain; POU	targeting	2000	549.7273254394531	631.0	False	0.0	True	1270	13534	chr2:104855534-104855770
ENSG00000181444|chr7:149773197-149773587	ENSG00000181444	ZNF467	ZNF467		C2H2 ZF	targeting	2000	549.7144592285156	632.0	False	0.0	True	1270	13534	chr7:149773197-149773587
ENSG00000167395|chr16:31074431-31074837	ENSG00000167395	ZNF646	ZNF646		C2H2 ZF	targeting	2000	549.6292602539063	633.0	False	0.0	True	1270	13534	chr16:31074431-31074837
ENSG00000185669|chr16:88686281-88686499	ENSG00000185669	SNAI3	SNAI3	More than 3 adjacent zinc fingers	C2H2 ZF	targeting	2000	549.6051208496094	634.0	False	0.0	True	1270	13534	chr16:88686281-88686499
ENSG00000160685|chr1:155002792-155003284	ENSG00000160685	ZBTB7B	ZBTB7B	More than 3 adjacent zinc fingers	C2H2 ZF	targeting	2000	549.5638854980468	635.0	False	0.0	True	1270	13534	chr1:155002792-155003284
ENSG00000096654|chr6:27472838-27473106	ENSG00000096654	ZNF184	ZNF184	More than 3 adjacent zinc fingers	C2H2 ZF	targeting	2000	549.5382446289062	636.0	False	0.0	True	1270	13534	chr6:27472838-27473106
ENSG00000101076|chr20:44401209-44401495	ENSG00000101076	HNF4A	HNF4A	RXR-related receptors (NR2)	Nuclear receptor	targeting	2000	549.5043060302735	637.0	False	0.0	True	1270	13534	chr20:44401209-44401495
ENSG00000180938|chr8:124973307-124973501	ENSG00000180938	ZNF572	ZNF572		C2H2 ZF	targeting	2000	549.3658477783204	638.0	False	0.0	True	1270	13534	chr8:124973307-124973501
ENSG00000127124|chr1:41700740-41700991	ENSG00000127124	HIVEP3	HIVEP3		C2H2 ZF	targeting	2000	549.3603515625	639.0	False	0.0	True	1270	13534	chr1:41700740-41700991
ENSG00000140993|chr16:3305345-3305684	ENSG00000140993	TIGD7	TIGD7	More than 3 adjacent zinc fingers	CENPB	targeting	2000	549.3551239013672	640.0	False	0.0	True	1270	13534	chr16:3305345-3305684
ENSG00000198816|chr19:7519936-7520131	ENSG00000198816	ZNF358	ZNF358		C2H2 ZF	targeting	2000	549.2646759033203	641.0	False	0.0	True	1270	13534	chr19:7519936-7520131
ENSG00000205899|chr17:1270414-1270853	ENSG00000205899	BHLHA9	BHLHA9		bHLH	targeting	2000	549.2243530273438	642.0	False	0.0	True	1270	13534	chr17:1270414-1270853
ENSG00000159184|chr17:48728263-48728679	ENSG00000159184	HOXB13	HOXB13	HOX	Homeodomain	targeting	2000	549.1652282714844	643.0	False	0.0	True	1270	13534	chr17:48728263-48728679
ENSG00000214717|chrX:2500511-2500901	ENSG00000214717	ZBED1	ZBED1	BED zinc finger factors	BED ZF	targeting	2000	549.0748321533204	644.0	False	0.0	True	1270	13534	chrX:2500511-2500901
ENSG00000196652|chr7:99504930-99505393	ENSG00000196652	ZKSCAN5	ZKSCAN5	Factors with multiple dispersed zinc fingers	C2H2 ZF	targeting	2000	549.0581146240235	645.0	False	0.0	True	1270	13534	chr7:99504930-99505393
ENSG00000157933|chr1:2228531-2228929	ENSG00000157933	SKI	SKI		Unknown	targeting	2000	549.0294952392578	646.0	False	0.0	True	1270	13534	chr1:2228531-2228929
ENSG00000125850|chr20:18057670-18057870	ENSG00000125850	OVOL2	OVOL2	More than 3 adjacent zinc fingers	C2H2 ZF	targeting	2000	548.9443237304688	647.0	False	0.0	True	1270	13534	chr20:18057670-18057870
ENSG00000184436|chr22:21001546-21002125	ENSG00000184436	THAP7	THAP7		THAP finger	targeting	2000	548.8749176025391	648.0	False	0.0	True	1270	13534	chr22:21001546-21002125
ENSG00000198830|chr1:26472410-26472894	ENSG00000198830	HMGN2	HMGN2			targeting	2000	548.8650604248047	649.0	False	0.0	True	1270	13534	chr1:26472410-26472894
ENSG00000173275|chrX:135344793-135344886	ENSG00000173275	ZNF449	ZNF449	More than 3 adjacent zinc fingers	C2H2 ZF	targeting	2000	548.8017974853516	650.0	False	0.0	True	1270	13534	chrX:135344793-135344886
ENSG00000122778|chr7:138981054-138981477	ENSG00000122778	KIAA1549	KIAA1549		Unknown	targeting	2000	548.7272064208985	651.0	False	0.0	True	1270	13534	chr7:138981054-138981477
non-targeting|80|non-targeting:80-80						negative control	2000	548.6991088867187		False	0.0	True	1270	13534	non-targeting|80|non-targeting:80-80
ENSG00000112041|chr6:35512253-35512852	ENSG00000112041	TULP1	TULP1			targeting	2000	548.6828063964844	652.0	False	0.0	True	1270	13534	chr6:35512253-35512852
ENSG00000105419|chr19:47406361-47406473	ENSG00000105419	MEIS3	MEIS3	TALE-type homeo domain factors	Homeodomain	targeting	2000	548.6695220947265	653.0	False	0.0	True	1270	13534	chr19:47406361-47406473
ENSG00000134532|chr12:23949569-23949854	ENSG00000134532	SOX5	SOX5		HMG/Sox	targeting	2000	548.6618804931641	654.0	False	0.0	True	1270	13534	chr12:23949569-23949854
ENSG00000112561|chr6:41733540-41733839	ENSG00000112561	TFEB	TFEB	bHLH-ZIP	bHLH	targeting	2000	548.597769165039	655.0	False	0.0	True	1270	13534	chr6:41733540-41733839
ENSG00000176946|chr2:241636760-241637160	ENSG00000176946	THAP4	THAP4		THAP finger	targeting	2000	548.5956085205078	656.0	False	0.0	True	1270	13534	chr2:241636760-241637160
ENSG00000074047|chr2:120792263-120792502	ENSG00000074047	GLI2	GLI2	More than 3 adjacent zinc fingers	C2H2 ZF	targeting	2000	548.505160522461	657.0	False	0.0	True	1270	13534	chr2:120792263-120792502
ENSG00000066422|chr3:101676999-101677139	ENSG00000066422	ZBTB11	ZBTB11	More than 3 adjacent zinc fingers	C2H2 ZF	targeting	2000	548.5006164550781	658.0	False	0.0	True	1270	13534	chr3:101676999-101677139
ENSG00000170549|chr5:3595910-3596299	ENSG00000170549	IRX1	IRX1	TALE-type HD	Homeodomain	targeting	2000	548.4807800292969	659.0	False	0.0	True	1270	13534	chr5:3595910-3596299
ENSG00000181638|chr8:143246938-143247022	ENSG00000181638	ZFP41	ZFP41		C2H2 ZF	targeting	2000	548.3659881591797	660.0	False	0.0	True	1270	13534	chr8:143246938-143247022
ENSG00000167800|chr11:67639556-67639767	ENSG00000167800	TBX10	TBX10		T-box	targeting	2000	548.3557312011719	661.0	False	0.0	True	1270	13534	chr11:67639556-67639767
ENSG00000169016|chr2:11465667-11466184	ENSG00000169016	E2F6	E2F6	E2F	E2F	targeting	2000	548.2914093017578	662.0	False	0.0	True	1270	13534	chr2:11465667-11466184
ENSG00000166860|chr12:57006094-57006515	ENSG00000166860	ZBTB39	ZBTB39		C2H2 ZF	targeting	2000	548.2913177490234	663.0	False	0.0	True	1270	13534	chr12:57006094-57006515
ENSG00000197857|chr19:12294725-12294880	ENSG00000197857	ZNF44	ZNF44		C2H2 ZF	targeting	2000	548.2817962646484	664.0	False	0.0	True	1270	13534	chr19:12294725-12294880
ENSG00000189120|chr17:47850987-47851162	ENSG00000189120	SP6	SP6		C2H2 ZF	targeting	2000	547.9950378417968	665.0	False	0.0	True	1270	13534	chr17:47850987-47851162
ENSG00000053254|chr14:89618942-89619160	ENSG00000053254	FOXN3	FOXN3	FOX	Forkhead	targeting	2000	547.9591369628906	666.0	False	0.0	True	1270	13534	chr14:89618942-89619160
ENSG00000081665|chr19:19821320-19821799	ENSG00000081665	ZNF506	ZNF506		C2H2 ZF	targeting	2000	547.9327087402344	667.0	False	0.0	True	1270	13534	chr19:19821320-19821799
ENSG00000106031|chr7:27199662-27200051	ENSG00000106031	HOXA13	HOXA13	HOX	Homeodomain	targeting	2000	547.9289489746094	668.0	False	0.0	True	1270	13534	chr7:27199662-27200051
ENSG00000108788|chr17:42567093-42567167	ENSG00000108788	MLX	MLX	bHLH-ZIP	bHLH	targeting	2000	547.8557434082031	669.0	False	0.0	True	1270	13534	chr17:42567093-42567167
ENSG00000006377|chr7:97005732-97006346	ENSG00000006377	DLX6	DLX6	NK	Homeodomain	targeting	2000	547.8223602294922	670.0	False	0.0	True	1270	13534	chr7:97005732-97006346
ENSG00000072364|chr5:132963540-132963638	ENSG00000072364	AFF4	AFF4		Unknown	targeting	2000	547.7749847412109	671.0	False	0.0	True	1270	13534	chr5:132963540-132963638
ENSG00000104825|chr19:38899974-38900262	ENSG00000104825	NFKBIB	NFKBIB		Unknown	targeting	2000	547.7738677978516	672.0	False	0.0	True	1270	13534	chr19:38899974-38900262
ENSG00000146678|chr7:45888502-45888774	ENSG00000146678	IGFBP1	IGFBP1			targeting	2000	547.5932220458984	673.0	False	0.0	True	1270	13534	chr7:45888502-45888774
ENSG00000173011|chr4:7043374-7043923	ENSG00000173011	TADA2B	TADA2B		Myb/SANT	targeting	2000	547.52978515625	674.0	False	0.0	True	1270	13534	chr4:7043374-7043923
ENSG00000181894|chr19:58155013-58155112	ENSG00000181894	ZNF329	ZNF329		C2H2 ZF	targeting	2000	547.5170745849609	675.0	False	0.0	True	1270	13534	chr19:58155013-58155112
ENSG00000074800|chr1:8878289-8878718	ENSG00000074800	ENO1	ENO1		Unknown	targeting	2000	547.4813720703125	676.0	False	0.0	True	1270	13534	chr1:8878289-8878718
ENSG00000198816|chr19:7516069-7516508	ENSG00000198816	ZNF358	ZNF358		C2H2 ZF	targeting	2000	547.4209350585937	677.0	False	0.0	True	1270	13534	chr19:7516069-7516508
ENSG00000178573|chr16:79600543-79600743	ENSG00000178573	MAF	MAF	Maf-related	bZIP	targeting	2000	547.4021392822266	678.0	False	0.0	True	1270	13534	chr16:79600543-79600743
ENSG00000177853|chr10:96129910-96130497	ENSG00000177853	ZNF518A	ZNF518A		C2H2 ZF	targeting	2000	547.3993255615235	679.0	False	0.0	True	1270	13534	chr10:96129910-96130497
ENSG00000009950|chr7:73624018-73624522	ENSG00000009950	MLXIPL	MLXIPL	bHLH-ZIP	bHLH	targeting	2000	547.3591766357422	680.0	False	0.0	True	1270	13534	chr7:73624018-73624522
non-targeting|75|non-targeting:75-75						negative control	2000	547.3098846435547		False	0.0	True	1270	13534	non-targeting|75|non-targeting:75-75
ENSG00000196350|chr19:22286430-22286687	ENSG00000196350	ZNF729	ZNF729		C2H2 ZF	targeting	2000	547.2672546386718	681.0	False	0.0	True	1270	13534	chr19:22286430-22286687
ENSG00000177494|chr3:111594890-111595314	ENSG00000177494	ZBED2	ZBED2	BED zinc finger factors	BED ZF	targeting	2000	547.2352691650391	682.0	False	0.0	True	1270	13534	chr3:111594890-111595314
ENSG00000105750|chr19:20923274-20923584	ENSG00000105750	ZNF85	ZNF85	More than 3 adjacent zinc fingers	C2H2 ZF	targeting	2000	547.1860626220703	683.0	False	0.0	True	1270	13534	chr19:20923274-20923584
ENSG00000221944|chr2:232550455-232550586	ENSG00000221944	TIGD1	TIGD1		CENPB	targeting	2000	547.1270812988281	684.0	False	0.0	True	1270	13534	chr2:232550455-232550586
ENSG00000142684|chr1:26169886-26170370	ENSG00000142684	ZNF593	ZNF593		C2H2 ZF	targeting	2000	547.045263671875	685.0	False	0.0	True	1270	13534	chr1:26169886-26170370
ENSG00000102804|chr13:44436786-44436859	ENSG00000102804	TSC22D1	TSC22D1		Unknown	targeting	2000	546.9920684814454	686.0	False	0.0	True	1270	13534	chr13:44436786-44436859
ENSG00000164916|chr7:4682291-4682795	ENSG00000164916	FOXK1	FOXK1	FOX	Forkhead	targeting	2000	546.9838409423828	687.0	False	0.0	True	1270	13534	chr7:4682291-4682795
ENSG00000177425|chr12:79690271-79690678	ENSG00000177425	PAWR	PAWR		Unknown	targeting	2000	546.9647735595703	688.0	False	0.0	True	1270	13534	chr12:79690271-79690678
ENSG00000159692|chr4:1248901-1249104	ENSG00000159692	CTBP1	CTBP1		Unknown	targeting	2000	546.9225219726562	689.0	False	0.0	True	1270	13534	chr4:1248901-1249104
ENSG00000025156|chr6:122399639-122399881	ENSG00000025156	HSF2	HSF2	HSF factors	HSF	targeting	2000	546.9043579101562	690.0	False	0.0	True	1270	13534	chr6:122399639-122399881
non-targeting|9|non-targeting:9-9						negative control	2000	546.8964324951172		False	0.0	True	1270	13534	non-targeting|9|non-targeting:9-9
ENSG00000134438|chr18:59273308-59273406	ENSG00000134438	RAX	RAX	Paired-related HD factors	Homeodomain	targeting	2000	546.87880859375	691.0	False	0.0	True	1270	13534	chr18:59273308-59273406
ENSG00000012504|chr12:100473850-100473994	ENSG00000012504	NR1H4	NR1H4	Thyroid hormone receptor-related factors (NR1)	Nuclear receptor	targeting	2000	546.8011810302735	692.0	False	0.0	True	1270	13534	chr12:100473850-100473994
ENSG00000136936|chr9:97697265-97697326	ENSG00000136936	XPA	XPA		Unknown	targeting	2000	546.7978912353516	693.0	False	0.0	True	1270	13534	chr9:97697265-97697326
non-targeting|10|non-targeting:10-10						negative control	2000	546.7960479736328		False	0.0	True	1270	13534	non-targeting|10|non-targeting:10-10
ENSG00000146232|chr6:44265463-44265560	ENSG00000146232	NFKBIE	NFKBIE			targeting	2000	546.7670349121094	694.0	False	0.0	True	1270	13534	chr6:44265463-44265560
ENSG00000056277|chrX:130268724-130268895	ENSG00000056277	ZNF280C	ZNF280C		C2H2 ZF	targeting	2000	546.7223083496094	695.0	False	0.0	True	1270	13534	chrX:130268724-130268895
ENSG00000131848|chr19:56227807-56228240	ENSG00000131848	ZSCAN5A	ZSCAN5A		C2H2 ZF	targeting	2000	546.7193603515625	696.0	False	0.0	True	1270	13534	chr19:56227807-56228240
ENSG00000185668|chr1:38046469-38046797	ENSG00000185668	POU3F1	POU3F1	POU domain factors	Homeodomain; POU	targeting	2000	546.6490875244141	697.0	False	0.0	True	1270	13534	chr1:38046469-38046797
ENSG00000197863|chr19:36850076-36850282	ENSG00000197863	ZNF790	ZNF790		C2H2 ZF	targeting	2000	546.6158081054688	698.0	False	0.0	True	1270	13534	chr19:36850076-36850282
ENSG00000129911|chr19:1863088-1863584	ENSG00000129911	KLF16	KLF16	Three-zinc finger Kruppel-related	C2H2 ZF	targeting	2000	546.6097259521484	699.0	False	0.0	True	1270	13534	chr19:1863088-1863584
ENSG00000129993|chr16:88976567-88976982	ENSG00000129993	CBFA2T3	CBFA2T3		Unknown	targeting	2000	546.4874328613281	700.0	False	0.0	True	1270	13534	chr16:88976567-88976982
ENSG00000101190|chr20:62861520-62861835	ENSG00000101190	TCFL5	TCFL5	PAS domain factors	bHLH	targeting	2000	546.4571563720704	701.0	False	0.0	True	1270	13534	chr20:62861520-62861835
ENSG00000124232|chr20:45306865-45307123	ENSG00000124232	RBPJL	RBPJL		CSL	targeting	2000	546.4342315673828	702.0	False	0.0	True	1270	13534	chr20:45306865-45307123
ENSG00000177599|chr19:11798590-11798800	ENSG00000177599	ZNF491	ZNF491		C2H2 ZF	targeting	2000	546.4217376708984	703.0	False	0.0	True	1270	13534	chr19:11798590-11798800
ENSG00000115844|chr2:172102174-172102883	ENSG00000115844	DLX2	DLX2		Homeodomain	targeting	2000	546.2536712646485	704.0	False	0.0	True	1270	13534	chr2:172102174-172102883
ENSG00000171940|chr20:53568547-53568910	ENSG00000171940	ZNF217	ZNF217		C2H2 ZF	targeting	2000	546.2385833740234	705.0	False	0.0	True	1270	13534	chr20:53568547-53568910
ENSG00000167394|chr16:31061487-31061784	ENSG00000167394	ZNF668	ZNF668		C2H2 ZF	targeting	2000	546.2239715576172	706.0	False	0.0	True	1270	13534	chr16:31061487-31061784
ENSG00000117036|chr1:157138269-157138355	ENSG00000117036	ETV3	ETV3	Ets-related	Ets	targeting	2000	546.2140716552734	707.0	False	0.0	True	1270	13534	chr1:157138269-157138355
ENSG00000164900|chr7:151174474-151174742	ENSG00000164900	GBX1	GBX1	HOX	Homeodomain	targeting	2000	546.1809173583985	708.0	False	0.0	True	1270	13534	chr7:151174474-151174742
ENSG00000168152|chr4:82900711-82901103	ENSG00000168152	THAP9	THAP9		THAP finger	targeting	2000	546.0954559326171	709.0	False	0.0	True	1270	13534	chr4:82900711-82901103
ENSG00000157429|chr16:71484322-71484597	ENSG00000157429	ZNF19	ZNF19		C2H2 ZF	targeting	2000	546.0895690917969	710.0	False	0.0	True	1270	13534	chr16:71484322-71484597
ENSG00000140396|chr8:70403589-70403831	ENSG00000140396	NCOA2	NCOA2		bHLH	targeting	2000	546.0795501708984	711.0	False	0.0	True	1270	13534	chr8:70403589-70403831
ENSG00000104884|chr19:45370298-45370570	ENSG00000104884	ERCC2	ERCC2			targeting	2000	546.0308471679688	712.0	False	0.0	True	1270	13534	chr19:45370298-45370570
ENSG00000114126|chr3:142028416-142028645	ENSG00000114126	TFDP2	TFDP2		E2F	targeting	2000	545.9872344970703	713.0	False	0.0	True	1270	13534	chr3:142028416-142028645
ENSG00000084093|chr4:56908921-56909365	ENSG00000084093	REST	REST	Factors with multiple dispersed zinc fingers	C2H2 ZF	targeting	2000	545.9445434570313	714.0	False	0.0	True	1270	13534	chr4:56908921-56909365
ENSG00000124920|chr11:61755367-61755564	ENSG00000124920	MYRF	MYRF		Ndt80/PhoG	targeting	2000	545.8401611328125	715.0	False	0.0	True	1270	13534	chr11:61755367-61755564
ENSG00000111145|chr12:96194449-96194911	ENSG00000111145	ELK3	ELK3	Ets-related	Ets	targeting	2000	545.8035827636719	716.0	False	0.0	True	1270	13534	chr12:96194449-96194911
ENSG00000115053|chr2:231464232-231464485	ENSG00000115053	NCL	NCL			targeting	2000	545.7793914794922	717.0	False	0.0	True	1270	13534	chr2:231464232-231464485
ENSG00000161940|chr17:7023024-7023499	ENSG00000161940	BCL6B	BCL6B	More than 3 adjacent zinc fingers	C2H2 ZF	targeting	2000	545.6880584716797	718.0	False	0.0	True	1270	13534	chr17:7023024-7023499
ENSG00000116833|chr1:200039585-200039718	ENSG00000116833	NR5A2	NR5A2		Nuclear receptor	targeting	2000	545.6878997802735	719.0	False	0.0	True	1270	13534	chr1:200039585-200039718
ENSG00000121406|chr19:57527382-57527755	ENSG00000121406	ZNF549	ZNF549	More than 3 adjacent zinc fingers	C2H2 ZF	targeting	2000	545.671728515625	720.0	False	0.0	True	1270	13534	chr19:57527382-57527755
ENSG00000220201|chr19:10305381-10305644	ENSG00000220201	ZGLP1	ZGLP1	C4-GATA-related	GATA	targeting	2000	545.6379974365234	721.0	False	0.0	True	1270	13534	chr19:10305381-10305644
ENSG00000126804|chr14:64504027-64505196	ENSG00000126804	ZBTB1	ZBTB1		C2H2 ZF	targeting	2000	545.6365753173828	722.0	False	0.0	True	1270	13534	chr14:64504027-64505196
ENSG00000131264|chrX:73447036-73447127	ENSG00000131264	CDX4	CDX4	HOX	Homeodomain	targeting	2000	545.5882873535156	723.0	False	0.0	True	1270	13534	chrX:73447036-73447127
ENSG00000176679|chrY:3579140-3579273	ENSG00000176679	TGIF2LY	TGIF2LY	TALE-type homeo domain factors	Homeodomain	targeting	2000	545.5359436035156	724.0	False	0.0	True	1270	13534	chrY:3579140-3579273
ENSG00000134138|chr15:37100225-37100486	ENSG00000134138	MEIS2	MEIS2	TALE-type homeo domain factors	Homeodomain	targeting	2000	545.4521484375	725.0	False	0.0	True	1270	13534	chr15:37100225-37100486
ENSG00000166402|chr11:8038774-8038890	ENSG00000166402	TUB	TUB		Unknown	targeting	2000	545.4127746582031	726.0	False	0.0	True	1270	13534	chr11:8038774-8038890
ENSG00000141568|chr17:82519786-82520143	ENSG00000141568	FOXK2	FOXK2	FOX	Forkhead	targeting	2000	545.3431610107422	727.0	False	0.0	True	1270	13534	chr17:82519786-82520143
ENSG00000128610|chr7:122304437-122304738	ENSG00000128610	FEZF1	FEZF1		C2H2 ZF	targeting	2000	545.2643676757813	728.0	False	0.0	True	1270	13534	chr7:122304437-122304738
ENSG00000173120|chr11:67119259-67119335	ENSG00000173120	KDM2A	KDM2A		CxxC	targeting	2000	545.2614013671875	729.0	False	0.0	True	1270	13534	chr11:67119259-67119335
ENSG00000186017|chr19:36489319-36489560	ENSG00000186017	ZNF566	ZNF566		C2H2 ZF	targeting	2000	545.2486602783204	730.0	False	0.0	True	1270	13534	chr19:36489319-36489560
ENSG00000036549|chr1:77682531-77683403	ENSG00000036549	ZZZ3	ZZZ3		Myb/SANT	targeting	2000	545.2333068847656	731.0	False	0.0	True	1270	13534	chr1:77682531-77683403
ENSG00000125952|chr14:65102168-65102535	ENSG00000125952	MAX	MAX	bHLH-ZIP	bHLH	targeting	2000	545.2208465576172	732.0	False	0.0	True	1270	13534	chr14:65102168-65102535
ENSG00000105732|chr19:42079194-42079588	ENSG00000105732	ZNF574	ZNF574	Factors with multiple dispersed zinc fingers	C2H2 ZF	targeting	2000	545.2175445556641	733.0	False	0.0	True	1270	13534	chr19:42079194-42079588
ENSG00000134107|chr3:4979339-4979538	ENSG00000134107	BHLHE40	BHLHE40	Hairy-related factors	bHLH	targeting	2000	545.1863677978515	734.0	False	0.0	True	1270	13534	chr3:4979339-4979538
ENSG00000196263|chr19:56507866-56508086	ENSG00000196263	ZNF471	ZNF471	More than 3 adjacent zinc fingers	C2H2 ZF	targeting	2000	545.1483184814454	735.0	False	0.0	True	1270	13534	chr19:56507866-56508086
ENSG00000141002|chr16:89873615-89873688	ENSG00000141002	TCF25	TCF25		Unknown	targeting	2000	545.0377593994141	736.0	False	0.0	True	1270	13534	chr16:89873615-89873688
ENSG00000164463|chr5:173056364-173056486	ENSG00000164463	CREBRF	CREBRF		bZIP	targeting	2000	545.0359161376953	737.0	False	0.0	True	1270	13534	chr5:173056364-173056486
ENSG00000118418|chr6:79234445-79234745	ENSG00000118418	HMGN3	HMGN3		HMG/Sox	targeting	2000	544.987191772461	738.0	False	0.0	True	1270	13534	chr6:79234445-79234745
ENSG00000187140|chr1:63322574-63322815	ENSG00000187140	FOXD3	FOXD3	FOX	Forkhead	targeting	2000	544.9621948242187	739.0	False	0.0	True	1270	13534	chr1:63322574-63322815
ENSG00000112238|chr6:99613909-99613993	ENSG00000112238	PRDM13	PRDM13	Factors with multiple dispersed zinc fingers	C2H2 ZF	targeting	2000	544.9166046142578	740.0	False	0.0	True	1270	13534	chr6:99613909-99613993
ENSG00000166823|chr15:89750689-89750839	ENSG00000166823	MESP1	MESP1		bHLH	targeting	2000	544.8605438232422	741.0	False	0.0	True	1270	13534	chr15:89750689-89750839
ENSG00000186376|chrX:135343627-135344068	ENSG00000186376	ZNF75D	ZNF75D	More than 3 adjacent zinc fingers	C2H2 ZF	targeting	2000	544.6954040527344	742.0	False	0.0	True	1270	13534	chrX:135343627-135344068
ENSG00000008018|chr6:170552827-170553285	ENSG00000008018	PSMB1	PSMB1			targeting	2000	544.6448669433594	743.0	False	0.0	True	1270	13534	chr6:170552827-170553285
ENSG00000260027|chr17:48610567-48610938	ENSG00000260027	HOXB7	HOXB7	HOX	Homeodomain	targeting	2000	544.6193664550781	744.0	False	0.0	True	1270	13534	chr17:48610567-48610938
ENSG00000171169|chr9:128067243-128067347	ENSG00000171169	NAIF1	NAIF1		MADF	targeting	2000	544.6067260742187	745.0	False	0.0	True	1270	13534	chr9:128067243-128067347
ENSG00000114439|chr3:107522983-107523497	ENSG00000114439	BBX	BBX		HMG/Sox	targeting	2000	544.5043670654297	746.0	False	0.0	True	1270	13534	chr3:107522983-107523497
ENSG00000218891|chr19:55580641-55580850	ENSG00000218891	ZNF579	ZNF579		C2H2 ZF	targeting	2000	544.4714782714843	747.0	False	0.0	True	1270	13534	chr19:55580641-55580850
ENSG00000197576|chr7:27129987-27130680	ENSG00000197576	HOXA4	HOXA4	HOX	Homeodomain	targeting	2000	544.4624114990235	748.0	False	0.0	True	1270	13534	chr7:27129987-27130680
ENSG00000106546|chr7:17298669-17298900	ENSG00000106546	AHR	AHR		bHLH	targeting	2000	544.4517578125	749.0	False	0.0	True	1270	13534	chr7:17298669-17298900
non-targeting|93|non-targeting:93-93						negative control	2000	544.4211700439453		False	0.0	True	1270	13534	non-targeting|93|non-targeting:93-93
ENSG00000151090|chr3:24494427-24494859	ENSG00000151090	THRB	THRB	Thyroid hormone receptor-related factors (NR1)	Nuclear receptor	targeting	2000	544.3520599365235	750.0	False	0.0	True	1270	13534	chr3:24494427-24494859
ENSG00000135457|chr12:51172863-51173131	ENSG00000135457	TFCP2	TFCP2	CP2-related factors	Grainyhead	targeting	2000	544.3516815185546	751.0	False	0.0	True	1270	13534	chr12:51172863-51173131
ENSG00000088876|chr20:2508666-2508928	ENSG00000088876	ZNF343	ZNF343	More than 3 adjacent zinc fingers	C2H2 ZF	targeting	2000	544.325228881836	752.0	False	0.0	True	1270	13534	chr20:2508666-2508928
ENSG00000197020|chr19:21767275-21767556	ENSG00000197020	ZNF100	ZNF100		C2H2 ZF	targeting	2000	544.2556365966797	753.0	False	0.0	True	1270	13534	chr19:21767275-21767556
non-targeting|45|non-targeting:45-45						negative control	2000	544.2069427490235		False	0.0	True	1270	13534	non-targeting|45|non-targeting:45-45
ENSG00000182979|chr14:105420040-105420257	ENSG00000182979	MTA1	MTA1		Myb/SANT; GATA	targeting	2000	544.0027038574219	754.0	False	0.0	True	1270	13534	chr14:105420040-105420257
ENSG00000204612|chr9:77019667-77019902	ENSG00000204612	FOXB2	FOXB2		Forkhead	targeting	2000	543.9963897705078	755.0	False	0.0	True	1270	13534	chr9:77019667-77019902
ENSG00000120094|chr17:48530907-48531019	ENSG00000120094	HOXB1	HOXB1	HOX	Homeodomain	targeting	2000	543.9962799072266	756.0	False	0.0	True	1270	13534	chr17:48530907-48531019
ENSG00000174306|chr20:41317403-41317725	ENSG00000174306	ZHX3	ZHX3		Homeodomain	targeting	2000	543.8177520751954	757.0	False	0.0	True	1270	13534	chr20:41317403-41317725
ENSG00000141040|chr17:16569036-16569213	ENSG00000141040	ZNF287	ZNF287		C2H2 ZF	targeting	2000	543.7576904296875	758.0	False	0.0	True	1270	13534	chr17:16569036-16569213
ENSG00000180806|chr12:54000184-54000560	ENSG00000180806	HOXC9	HOXC9	HOX	Homeodomain	targeting	2000	543.7543304443359	759.0	False	0.0	True	1270	13534	chr12:54000184-54000560
ENSG00000029993|chrX:150983336-150983720	ENSG00000029993	HMGB3	HMGB3		HMG/Sox	targeting	2000	543.7525115966797	760.0	False	0.0	True	1270	13534	chrX:150983336-150983720
ENSG00000170631|chr8:144950554-144950820	ENSG00000170631	ZNF16	ZNF16	More than 3 adjacent zinc fingers	C2H2 ZF	targeting	2000	543.73525390625	761.0	False	0.0	True	1270	13534	chr8:144950554-144950820
ENSG00000130726|chr19:58544027-58544758	ENSG00000130726	TRIM28	TRIM28		Unknown	targeting	2000	543.5491912841796	762.0	False	0.0	True	1270	13534	chr19:58544027-58544758
ENSG00000213999|chr19:19192052-19192151	ENSG00000213999	MEF2B	MEF2B	Regulators of differentiation	MADS box	targeting	2000	543.5268432617188	763.0	False	0.0	True	1270	13534	chr19:19192052-19192151
ENSG00000135638|chr2:72916331-72916412	ENSG00000135638	EMX1	EMX1	NK	Homeodomain	targeting	2000	543.4879943847657	764.0	False	0.0	True	1270	13534	chr2:72916331-72916412
ENSG00000126778|chr14:60649343-60649488	ENSG00000126778	SIX1	SIX1	HD-SINE	Homeodomain	targeting	2000	543.4773986816406	765.0	False	0.0	True	1270	13534	chr14:60649343-60649488
ENSG00000126368|chr17:40100455-40100632	ENSG00000126368	NR1D1	NR1D1	Thyroid hormone receptor-related factors (NR1)	Nuclear receptor	targeting	2000	543.4327545166016	766.0	False	0.0	True	1270	13534	chr17:40100455-40100632
ENSG00000145734|chr5:71455663-71455894	ENSG00000145734	BDP1	BDP1		Unknown	targeting	2000	543.4189514160156	767.0	False	0.0	True	1270	13534	chr5:71455663-71455894
ENSG00000197008|chr7:64794393-64794681	ENSG00000197008	ZNF138	ZNF138		C2H2 ZF	targeting	2000	543.1414031982422	768.0	False	0.0	True	1270	13534	chr7:64794393-64794681
ENSG00000196712|chr17:31094957-31095431	ENSG00000196712	NF1	NF1			targeting	2000	543.1291046142578	769.0	False	0.0	True	1270	13534	chr17:31094957-31095431
ENSG00000164611|chr5:160421840-160422061	ENSG00000164611	PTTG1	PTTG1		Unknown	targeting	2000	543.1054412841797	770.0	False	0.0	True	1270	13534	chr5:160421840-160422061
ENSG00000204514|chr19:57888774-57888976	ENSG00000204514	ZNF814	ZNF814	Factors with multiple dispersed zinc fingers	C2H2 ZF	targeting	2000	543.0857696533203	771.0	False	0.0	True	1270	13534	chr19:57888774-57888976
ENSG00000084676|chr2:24491867-24491918	ENSG00000084676	NCOA1	NCOA1		bHLH	targeting	2000	543.0848571777344	772.0	False	0.0	True	1270	13534	chr2:24491867-24491918
ENSG00000109685|chr4:1871399-1871869	ENSG00000109685	WHSC1	NSD2		HMG/Sox	targeting	2000	543.0510498046875	773.0	False	0.0	True	1270	13534	chr4:1871399-1871869
ENSG00000154727|chr21:25734968-25735591	ENSG00000154727	GABPA	GABPA	Ets-related	Ets	targeting	2000	543.0342224121093	774.0	False	0.0	True	1270	13534	chr21:25734968-25735591
ENSG00000213967|chr19:23914882-23915302	ENSG00000213967	ZNF726	ZNF726	More than 3 adjacent zinc fingers	C2H2 ZF	targeting	2000	542.9957244873046	775.0	False	0.0	True	1270	13534	chr19:23914882-23915302
ENSG00000116604|chr1:156500540-156500804	ENSG00000116604	MEF2D	MEF2D	Regulators of differentiation	MADS box	targeting	2000	542.9770263671875	776.0	False	0.0	True	1270	13534	chr1:156500540-156500804
ENSG00000025293|chr20:35772051-35772415	ENSG00000025293	PHF20	PHF20		AT hook	targeting	2000	542.9718994140625	777.0	False	0.0	True	1270	13534	chr20:35772051-35772415
ENSG00000196391|chr15:90352297-90352541	ENSG00000196391	ZNF774	ZNF774		C2H2 ZF	targeting	2000	542.9294830322266	778.0	False	0.0	True	1270	13534	chr15:90352297-90352541
ENSG00000007968|chr1:23531127-23531218	ENSG00000007968	E2F2	E2F2	E2F	E2F	targeting	2000	542.8801849365234	779.0	False	0.0	True	1270	13534	chr1:23531127-23531218
ENSG00000177045|chr19:45768763-45769309	ENSG00000177045	SIX5	SIX5		Homeodomain	targeting	2000	542.8379272460937	780.0	False	0.0	True	1270	13534	chr19:45768763-45769309
ENSG00000108924|chr17:55264965-55265243	ENSG00000108924	HLF	HLF	CEBP-related	bZIP	targeting	2000	542.823599243164	781.0	False	0.0	True	1270	13534	chr17:55264965-55265243
ENSG00000136630|chr1:220879449-220879923	ENSG00000136630	HLX	HLX		Homeodomain	targeting	2000	542.7636993408203	782.0	False	0.0	True	1270	13534	chr1:220879449-220879923
ENSG00000099381|chr16:30958041-30958479	ENSG00000099381	SETD1A	SETD1A			targeting	2000	542.7476013183593	783.0	False	0.0	True	1270	13534	chr16:30958041-30958479
ENSG00000172466|chr18:35344123-35344443	ENSG00000172466	ZNF24	ZNF24	More than 3 adjacent zinc fingers	C2H2 ZF	targeting	2000	542.6770324707031	784.0	False	0.0	True	1270	13534	chr18:35344123-35344443
ENSG00000144655|chr3:39153191-39153573	ENSG00000144655	CSRNP1	CSRNP1		Unknown	targeting	2000	542.6703033447266	785.0	False	0.0	True	1270	13534	chr3:39153191-39153573
ENSG00000229676|chr19:22634333-22634755	ENSG00000229676	ZNF492	ZNF492		C2H2 ZF	targeting	2000	542.6472595214843	786.0	False	0.0	True	1270	13534	chr19:22634333-22634755
ENSG00000070476|chr3:126475546-126475943	ENSG00000070476	ZXDC	ZXDC	More than 3 adjacent zinc fingers	C2H2 ZF	targeting	2000	542.6321228027343	787.0	False	0.0	True	1270	13534	chr3:126475546-126475943
ENSG00000164749|chr8:75539906-75540159	ENSG00000164749	HNF4G	HNF4G	RXR-related receptors (NR2)	Nuclear receptor	targeting	2000	542.6224792480468	788.0	False	0.0	True	1270	13534	chr8:75539906-75540159
ENSG00000175387|chr18:47930139-47930914	ENSG00000175387	SMAD2	SMAD2	SMAD factors	SMAD	targeting	2000	542.6152435302735	789.0	False	0.0	True	1270	13534	chr18:47930139-47930914
non-targeting|6|non-targeting:6-6						negative control	2000	542.5324798583985		False	0.0	True	1270	13534	non-targeting|6|non-targeting:6-6
ENSG00000147183|chrX:88747206-88747317	ENSG00000147183	CPXCR1	CPXCR1		C2H2 ZF	targeting	2000	542.4578521728515	790.0	False	0.0	True	1270	13534	chrX:88747206-88747317
ENSG00000023287|chr8:52714363-52714428	ENSG00000023287	RB1CC1	RB1CC1			targeting	2000	542.4415344238281	791.0	False	0.0	True	1270	13534	chr8:52714363-52714428
ENSG00000171940|chr20:53593340-53593620	ENSG00000171940	ZNF217	ZNF217		C2H2 ZF	targeting	2000	542.4058013916016	792.0	False	0.0	True	1270	13534	chr20:53593340-53593620
ENSG00000100146|chr22:37984345-37984542	ENSG00000100146	SOX10	SOX10	SOX-related factors	HMG/Sox	targeting	2000	542.3893798828125	793.0	False	0.0	True	1270	13534	chr22:37984345-37984542
ENSG00000131116|chr19:43619333-43619634	ENSG00000131116	ZNF428	ZNF428		C2H2 ZF	targeting	2000	542.2816986083984	794.0	False	0.0	True	1270	13534	chr19:43619333-43619634
ENSG00000180787|chr17:5078470-5078566	ENSG00000180787	ZFP3	ZFP3	More than 3 adjacent zinc fingers	C2H2 ZF	targeting	2000	542.2261962890625	795.0	False	0.0	True	1270	13534	chr17:5078470-5078566
ENSG00000187098|chr3:69936575-69936668	ENSG00000187098	MITF	MITF	bHLH-ZIP	bHLH	targeting	2000	542.2022399902344	796.0	False	0.0	True	1270	13534	chr3:69936575-69936668
ENSG00000177311|chr3:141402371-141402596	ENSG00000177311	ZBTB38	ZBTB38		C2H2 ZF	targeting	2000	542.2009185791015	797.0	False	0.0	True	1270	13534	chr3:141402371-141402596
ENSG00000089902|chr14:102592629-102592922	ENSG00000089902	RCOR1	RCOR1		Myb/SANT	targeting	2000	542.1644104003906	798.0	False	0.0	True	1270	13534	chr14:102592629-102592922
ENSG00000137273|chr6:1389578-1389958	ENSG00000137273	FOXF2	FOXF2	FOX	Forkhead	targeting	2000	542.1148406982422	799.0	False	0.0	True	1270	13534	chr6:1389578-1389958
ENSG00000083838|chr19:58476185-58476390	ENSG00000083838	ZNF446	ZNF446		C2H2 ZF	targeting	2000	542.0557800292969	800.0	False	0.0	True	1270	13534	chr19:58476185-58476390
ENSG00000196867|chr19:56538962-56539210	ENSG00000196867	ZFP28	ZFP28	More than 3 adjacent zinc fingers	C2H2 ZF	targeting	2000	542.052490234375	801.0	False	0.0	True	1270	13534	chr19:56538962-56539210
ENSG00000117000|chr1:40161382-40161872	ENSG00000117000	RLF	RLF		C2H2 ZF	targeting	2000	542.0182647705078	802.0	False	0.0	True	1270	13534	chr1:40161382-40161872
ENSG00000137338|chr6:28281608-28281791	ENSG00000137338	PGBD1	PGBD1		Unknown	targeting	2000	541.8384857177734	803.0	False	0.0	True	1270	13534	chr6:28281608-28281791
ENSG00000153487|chr13:110715839-110716259	ENSG00000153487	ING1	ING1			targeting	2000	541.8265869140625	804.0	False	0.0	True	1270	13534	chr13:110715839-110716259
ENSG00000116580|chr1:155856958-155857187	ENSG00000116580	GON4L	GON4L		Unknown	targeting	2000	541.7276641845704	805.0	False	0.0	True	1270	13534	chr1:155856958-155857187
ENSG00000065978|chr1:42682410-42683222	ENSG00000065978	YBX1	YBX1		CSD	targeting	2000	541.6814147949219	806.0	False	0.0	True	1270	13534	chr1:42682410-42683222
ENSG00000120068|chr17:48613218-48613484	ENSG00000120068	HOXB8	HOXB8	HOX	Homeodomain	targeting	2000	541.6715057373046	807.0	False	0.0	True	1270	13534	chr17:48613218-48613484
ENSG00000176182|chr19:45902517-45902605	ENSG00000176182	MYPOP	MYPOP	Myb-SANT	Myb/SANT	targeting	2000	541.6619293212891	808.0	False	0.0	True	1270	13534	chr19:45902517-45902605
ENSG00000189298|chr6:28349983-28350189	ENSG00000189298	ZKSCAN3	ZKSCAN3	More than 3 adjacent zinc fingers	C2H2 ZF	targeting	2000	541.4564819335938	809.0	False	0.0	True	1270	13534	chr6:28349983-28350189
ENSG00000131845|chr19:57351288-57351548	ENSG00000131845	ZNF304	ZNF304		C2H2 ZF	targeting	2000	541.3695281982422	810.0	False	0.0	True	1270	13534	chr19:57351288-57351548
ENSG00000164684|chr8:80873496-80874508	ENSG00000164684	ZNF704	ZNF704		C2H2 ZF	targeting	2000	541.3505310058594	811.0	False	0.0	True	1270	13534	chr8:80873496-80874508
ENSG00000172845|chr2:173963513-173964260	ENSG00000172845	SP3	SP3	Three-zinc finger Kruppel-related	C2H2 ZF	targeting	2000	541.3360900878906	812.0	False	0.0	True	1270	13534	chr2:173963513-173964260
ENSG00000016082|chr5:51383449-51383518	ENSG00000016082	ISL1	ISL1		Homeodomain	targeting	2000	541.3284240722656	813.0	False	0.0	True	1270	13534	chr5:51383449-51383518
ENSG00000116132|chr1:170664225-170664433	ENSG00000116132	PRRX1	PRRX1	Paired-related HD factors	Homeodomain	targeting	2000	541.3233093261719	814.0	False	0.0	True	1270	13534	chr1:170664225-170664433
ENSG00000223614|chr7:64207366-64207645	ENSG00000223614	ZNF735	ZNF735		C2H2 ZF	targeting	2000	541.3007751464844	815.0	False	0.0	True	1270	13534	chr7:64207366-64207645
ENSG00000134014|chr8:28093183-28093376	ENSG00000134014	ELP3	ELP3			targeting	2000	541.2913238525391	816.0	False	0.0	True	1270	13534	chr8:28093183-28093376
ENSG00000146592|chr7:28412495-28412719	ENSG00000146592	CREB5	CREB5		bZIP	targeting	2000	541.2731872558594	817.0	False	0.0	True	1270	13534	chr7:28412495-28412719
ENSG00000164048|chr3:48241142-48241397	ENSG00000164048	ZNF589	ZNF589		C2H2 ZF	targeting	2000	541.2672485351562	818.0	False	0.0	True	1270	13534	chr3:48241142-48241397
ENSG00000173404|chr20:20367876-20368580	ENSG00000173404	INSM1	INSM1	Factors with multiple dispersed zinc fingers	C2H2 ZF	targeting	2000	541.1625701904297	819.0	False	0.0	True	1270	13534	chr20:20367876-20368580
ENSG00000213793|chr19:52917444-52917684	ENSG00000213793	ZNF888	ZNF888		C2H2 ZF	targeting	2000	541.1474029541016	820.0	False	0.0	True	1270	13534	chr19:52917444-52917684
ENSG00000213020|chr19:52734629-52735021	ENSG00000213020	ZNF611	ZNF611		C2H2 ZF	targeting	2000	541.145718383789	821.0	False	0.0	True	1270	13534	chr19:52734629-52735021
non-targeting|58|non-targeting:58-58						negative control	2000	541.1452941894531		False	0.0	True	1270	13534	non-targeting|58|non-targeting:58-58
ENSG00000159588|chr1:45623809-45624041	ENSG00000159588	CCDC17	CCDC17		C2H2 ZF	targeting	2000	541.0977569580078	822.0	False	0.0	True	1270	13534	chr1:45623809-45624041
ENSG00000140836|chr16:73058801-73059007	ENSG00000140836	ZFHX3	ZFHX3		C2H2 ZF; Homeodomain	targeting	2000	541.0900115966797	823.0	False	0.0	True	1270	13534	chr16:73058801-73059007
ENSG00000234616|chr8:142669693-142670009	ENSG00000234616	JRK	JRK		CENPB	targeting	2000	541.0740966796875	824.0	False	0.0	True	1270	13534	chr8:142669693-142670009
non-targeting|91|non-targeting:91-91						negative control	2000	541.0706665039063		False	0.0	True	1270	13534	non-targeting|91|non-targeting:91-91
ENSG00000143321|chr1:156751590-156751714	ENSG00000143321	HDGF	HDGF			targeting	2000	540.9689422607422	825.0	False	0.0	True	1270	13534	chr1:156751590-156751714
ENSG00000186814|chr18:35290160-35290216	ENSG00000186814	ZSCAN30	ZSCAN30		C2H2 ZF	targeting	2000	540.9208923339844	826.0	False	0.0	True	1270	13534	chr18:35290160-35290216
ENSG00000066336|chr11:47378292-47378531	ENSG00000066336	SPI1	SPI1	Ets-related	Ets	targeting	2000	540.9010528564453	827.0	False	0.0	True	1270	13534	chr11:47378292-47378531
ENSG00000130382|chr19:6279482-6279984	ENSG00000130382	MLLT1	MLLT1		Unknown	targeting	2000	540.8963592529296	828.0	False	0.0	True	1270	13534	chr19:6279482-6279984
non-targeting|70|non-targeting:70-70						negative control	2000	540.8929992675781		False	0.0	True	1270	13534	non-targeting|70|non-targeting:70-70
ENSG00000065029|chr6:35259746-35260057	ENSG00000065029	ZNF76	ZNF76	More than 3 adjacent zinc fingers	C2H2 ZF	targeting	2000	540.8562896728515	829.0	False	0.0	True	1270	13534	chr6:35259746-35260057
ENSG00000196482|chr1:216939239-216939607	ENSG00000196482	ESRRG	ESRRG		Nuclear receptor	targeting	2000	540.8377288818359	830.0	False	0.0	True	1270	13534	chr1:216939239-216939607
ENSG00000078900|chr1:3652548-3653006	ENSG00000078900	TP73	TP73	p53-related factors	p53	targeting	2000	540.8353881835938	831.0	False	0.0	True	1270	13534	chr1:3652548-3653006
ENSG00000174197|chr15:41660428-41660701	ENSG00000174197	MGA	MGA	TBX6-related factors	T-box	targeting	2000	540.7975341796875	832.0	False	0.0	True	1270	13534	chr15:41660428-41660701
non-targeting|36|non-targeting:36-36						negative control	2000	540.7731506347657		False	0.0	True	1270	13534	non-targeting|36|non-targeting:36-36
ENSG00000122877|chr10:62815914-62816306	ENSG00000122877	EGR2	EGR2	Three-zinc finger Kruppel-related	C2H2 ZF	targeting	2000	540.7579864501953	833.0	False	0.0	True	1270	13534	chr10:62815914-62816306
ENSG00000079263|chr2:230225743-230225953	ENSG00000079263	SP140	SP140		SAND	targeting	2000	540.7489013671875	834.0	False	0.0	True	1270	13534	chr2:230225743-230225953
ENSG00000153234|chr2:156332660-156332749	ENSG00000153234	NR4A2	NR4A2	NGFI-B-related receptors (NR4)	Nuclear receptor	targeting	2000	540.6941589355469	835.0	False	0.0	True	1270	13534	chr2:156332660-156332749
ENSG00000154655|chr18:6414824-6414920	ENSG00000154655	L3MBTL4	L3MBTL4		C2H2 ZF	targeting	2000	540.6288482666016	836.0	False	0.0	True	1270	13534	chr18:6414824-6414920
ENSG00000185002|chr6:116877226-116877358	ENSG00000185002	RFX6	RFX6		RFX	targeting	2000	540.5362365722656	837.0	False	0.0	True	1270	13534	chr6:116877226-116877358
ENSG00000133740|chr8:85177154-85177213	ENSG00000133740	E2F5	E2F5		E2F	targeting	2000	540.4578521728515	838.0	False	0.0	True	1270	13534	chr8:85177154-85177213
ENSG00000113196|chr5:154477779-154478204	ENSG00000113196	HAND1	HAND1		bHLH	targeting	2000	540.3519653320312	839.0	False	0.0	True	1270	13534	chr5:154477779-154478204
ENSG00000175879|chr2:176129726-176130632	ENSG00000175879	HOXD8	HOXD8	HOX	Homeodomain	targeting	2000	540.3269195556641	840.0	False	0.0	True	1270	13534	chr2:176129726-176130632
ENSG00000116035|chr2:70900586-70900737	ENSG00000116035	VAX2	VAX2	NK	Homeodomain	targeting	2000	540.3066162109375	841.0	False	0.0	True	1270	13534	chr2:70900586-70900737
ENSG00000143257|chr1:161238132-161238265	ENSG00000143257	NR1I3	NR1I3	Thyroid hormone receptor-related factors (NR1)	Nuclear receptor	targeting	2000	540.2372833251953	842.0	False	0.0	True	1270	13534	chr1:161238132-161238265
ENSG00000180818|chr12:53985176-53985432	ENSG00000180818	HOXC10	HOXC10	HOX	Homeodomain	targeting	2000	540.1796295166016	843.0	False	0.0	True	1270	13534	chr12:53985176-53985432
ENSG00000196724|chr19:57935104-57935348	ENSG00000196724	ZNF418	ZNF418	Factors with multiple dispersed zinc fingers	C2H2 ZF	targeting	2000	540.1515106201172	844.0	False	0.0	True	1270	13534	chr19:57935104-57935348
ENSG00000215397|chr20:676442-676643	ENSG00000215397	SCRT2	SCRT2	More than 3 adjacent zinc fingers	C2H2 ZF	targeting	2000	540.1502044677734	845.0	False	0.0	True	1270	13534	chr20:676442-676643
ENSG00000213015|chr19:55635027-55635217	ENSG00000213015	ZNF580	ZNF580		C2H2 ZF	targeting	2000	539.9868408203125	846.0	False	0.0	True	1270	13534	chr19:55635027-55635217
ENSG00000179943|chr19:55599431-55599556	ENSG00000179943	FIZ1	FIZ1	Factors with multiple dispersed zinc fingers	C2H2 ZF	targeting	2000	539.9518005371094	847.0	False	0.0	True	1270	13534	chr19:55599431-55599556
ENSG00000176399|chr9:22447064-22447563	ENSG00000176399	DMRTA1	DMRTA1	DMRT factors	DM	targeting	2000	539.9198577880859	848.0	False	0.0	True	1270	13534	chr9:22447064-22447563
ENSG00000072736|chr16:68085437-68085482	ENSG00000072736	NFATC3	NFATC3	NFAT-related factors	Rel	targeting	2000	539.7925659179688	849.0	False	0.0	True	1270	13534	chr16:68085437-68085482
ENSG00000129028|chr15:70892321-70892449	ENSG00000129028	THAP10	THAP10		THAP finger	targeting	2000	539.7238098144531	850.0	False	0.0	True	1270	13534	chr15:70892321-70892449
ENSG00000116731|chr1:13704871-13705208	ENSG00000116731	PRDM2	PRDM2		C2H2 ZF	targeting	2000	539.7203430175781	851.0	False	0.0	True	1270	13534	chr1:13704871-13705208
ENSG00000198040|chr12:133037459-133037943	ENSG00000198040	ZNF84	ZNF84		C2H2 ZF	targeting	2000	539.7018402099609	852.0	False	0.0	True	1270	13534	chr12:133037459-133037943
ENSG00000130182|chr16:3099047-3099236	ENSG00000130182	ZSCAN10	ZSCAN10		C2H2 ZF	targeting	2000	539.6031127929688	853.0	False	0.0	True	1270	13534	chr16:3099047-3099236
ENSG00000237440|chr19:20565326-20565672	ENSG00000237440	ZNF737	ZNF737		C2H2 ZF	targeting	2000	539.5905364990234	854.0	False	0.0	True	1270	13534	chr19:20565326-20565672
ENSG00000204103|chr20:40688999-40689231	ENSG00000204103	MAFB	MAFB		bZIP	targeting	2000	539.5761779785156	855.0	False	0.0	True	1270	13534	chr20:40688999-40689231
ENSG00000083307|chr8:101492459-101493230	ENSG00000083307	GRHL2	GRHL2	Grainyhead-related factors	Grainyhead	targeting	2000	539.5753143310546	856.0	False	0.0	True	1270	13534	chr8:101492459-101493230
ENSG00000215612|chr4:8871797-8872020	ENSG00000215612	HMX1	HMX1		Homeodomain	targeting	2000	539.528564453125	857.0	False	0.0	True	1270	13534	chr4:8871797-8872020
ENSG00000214029|chr12:133130060-133130283	ENSG00000214029	ZNF891	ZNF891		C2H2 ZF	targeting	2000	539.5130279541015	858.0	False	0.0	True	1270	13534	chr12:133130060-133130283
ENSG00000198169|chr8:144755402-144755503	ENSG00000198169	ZNF251	ZNF251	Factors with multiple dispersed zinc fingers	C2H2 ZF	targeting	2000	539.4876312255859	859.0	False	0.0	True	1270	13534	chr8:144755402-144755503
ENSG00000196597|chr9:96854289-96854513	ENSG00000196597	ZNF782	ZNF782		C2H2 ZF	targeting	2000	539.2972045898438	860.0	False	0.0	True	1270	13534	chr9:96854289-96854513
non-targeting|14|non-targeting:14-14						negative control	2000	539.252099609375		False	0.0	True	1270	13534	non-targeting|14|non-targeting:14-14
non-targeting|84|non-targeting:84-84						negative control	2000	539.2069519042968		False	0.0	True	1270	13534	non-targeting|84|non-targeting:84-84
ENSG00000156469|chr8:96261507-96261624	ENSG00000156469	MTERFD1	MTERF3		mTERF	targeting	2000	539.20087890625	861.0	False	0.0	True	1270	13534	chr8:96261507-96261624
ENSG00000169689|chr17:82022460-82022875	ENSG00000169689	STRA13	CENPX		Unknown	targeting	2000	539.1819030761719	862.0	False	0.0	True	1270	13534	chr17:82022460-82022875
ENSG00000069011|chr5:135034178-135034269	ENSG00000069011	PITX1	PITX1	Paired-related HD factors	Homeodomain	targeting	2000	539.140283203125	863.0	False	0.0	True	1270	13534	chr5:135034178-135034269
non-targeting|79|non-targeting:79-79						negative control	2000	539.10712890625		False	0.0	True	1270	13534	non-targeting|79|non-targeting:79-79
ENSG00000198824|chr13:114314348-114314719	ENSG00000198824	CHAMP1	CHAMP1		C2H2 ZF	targeting	2000	539.0097778320312	864.0	False	0.0	True	1270	13534	chr13:114314348-114314719
ENSG00000198146|chr15:34988094-34988286	ENSG00000198146	ZNF770	ZNF770	Factors with multiple dispersed zinc fingers	C2H2 ZF	targeting	2000	538.8274017333985	865.0	False	0.0	True	1270	13534	chr15:34988094-34988286
ENSG00000030419|chr2:213150244-213150412	ENSG00000030419	IKZF2	IKZF2	Factors with multiple dispersed zinc fingers	C2H2 ZF	targeting	2000	538.819937133789	866.0	False	0.0	True	1270	13534	chr2:213150244-213150412
ENSG00000188227|chr19:37506929-37507216	ENSG00000188227	ZNF793	ZNF793		C2H2 ZF	targeting	2000	538.7045318603516	867.0	False	0.0	True	1270	13534	chr19:37506929-37507216
ENSG00000153234|chr2:156341981-156342437	ENSG00000153234	NR4A2	NR4A2	NGFI-B-related receptors (NR4)	Nuclear receptor	targeting	2000	538.6262786865234	868.0	False	0.0	True	1270	13534	chr2:156341981-156342437
ENSG00000067369|chr15:43510228-43510482	ENSG00000067369	TP53BP1	TP53BP1		Unknown	targeting	2000	538.6149139404297	869.0	False	0.0	True	1270	13534	chr15:43510228-43510482
ENSG00000166526|chr7:100081668-100081759	ENSG00000166526	ZNF3	ZNF3		C2H2 ZF	targeting	2000	538.5695617675781	870.0	False	0.0	True	1270	13534	chr7:100081668-100081759
ENSG00000138073|chr2:27134161-27134632	ENSG00000138073	PREB	PREB		Unknown	targeting	2000	538.5388763427734	871.0	False	0.0	True	1270	13534	chr2:27134161-27134632
ENSG00000197808|chr19:36666780-36666847	ENSG00000197808	ZNF461	ZNF461		C2H2 ZF	targeting	2000	538.5306915283203	872.0	False	0.0	True	1270	13534	chr19:36666780-36666847
non-targeting|4|non-targeting:4-4						negative control	2000	538.5269592285156		False	0.0	True	1270	13534	non-targeting|4|non-targeting:4-4
ENSG00000213246|chr17:58352096-58352390	ENSG00000213246	SUPT4H1	SUPT4H1		Unknown	targeting	2000	538.5177368164062	873.0	False	0.0	True	1270	13534	chr17:58352096-58352390
ENSG00000050344|chr7:26152418-26152819	ENSG00000050344	NFE2L3	NFE2L3		bZIP	targeting	2000	538.5098052978516	874.0	False	0.0	True	1270	13534	chr7:26152418-26152819
ENSG00000173039|chr11:65662554-65662953	ENSG00000173039	RELA	RELA	NF-kappaB-related factors	Rel	targeting	2000	538.4639312744141	875.0	False	0.0	True	1270	13534	chr11:65662554-65662953
ENSG00000143514|chr1:223845711-223845967	ENSG00000143514	TP53BP2	TP53BP2			targeting	2000	538.405322265625	876.0	False	0.0	True	1270	13534	chr1:223845711-223845967
ENSG00000105997|chr7:27113585-27113843	ENSG00000105997	HOXA3	HOXA3	HOX	Homeodomain	targeting	2000	538.3555236816406	877.0	False	0.0	True	1270	13534	chr7:27113585-27113843
ENSG00000134317|chr2:9951703-9951788	ENSG00000134317	GRHL1	GRHL1	Grainyhead-related factors	Grainyhead	targeting	2000	538.2925048828125	878.0	False	0.0	True	1270	13534	chr2:9951703-9951788
ENSG00000175322|chr18:14132147-14132431	ENSG00000175322	ZNF519	ZNF519		C2H2 ZF	targeting	2000	538.2349548339844	879.0	False	0.0	True	1270	13534	chr18:14132147-14132431
ENSG00000235109|chr6:28335932-28336114	ENSG00000235109	ZSCAN31	ZSCAN31	More than 3 adjacent zinc fingers	C2H2 ZF	targeting	2000	538.1842803955078	880.0	False	0.0	True	1270	13534	chr6:28335932-28336114
ENSG00000123685|chr1:212699536-212699950	ENSG00000123685	BATF3	BATF3	B-ATF-related factors	bZIP	targeting	2000	538.1431549072265	881.0	False	0.0	True	1270	13534	chr1:212699536-212699950
ENSG00000143194|chr1:166989266-166989698	ENSG00000143194	MAEL	MAEL		HMG/Sox	targeting	2000	538.0211761474609	882.0	False	0.0	True	1270	13534	chr1:166989266-166989698
ENSG00000128573|chr7:114415016-114415540	ENSG00000128573	FOXP2	FOXP2	FOX	Forkhead	targeting	2000	538.0038696289063	883.0	False	0.0	True	1270	13534	chr7:114415016-114415540
ENSG00000197937|chr19:53158931-53159050	ENSG00000197937	ZNF347	ZNF347	More than 3 adjacent zinc fingers	C2H2 ZF	targeting	2000	537.9841918945312	884.0	False	0.0	True	1270	13534	chr19:53158931-53159050
ENSG00000143032|chr1:90716733-90717303	ENSG00000143032	BARHL2	BARHL2	NK	Homeodomain	targeting	2000	537.9271026611328	885.0	False	0.0	True	1270	13534	chr1:90716733-90717303
ENSG00000184271|chr12:51217777-51218095	ENSG00000184271	POU6F1	POU6F1	POU domain factors	Homeodomain; POU	targeting	2000	537.7460205078125	886.0	False	0.0	True	1270	13534	chr12:51217777-51218095
ENSG00000105610|chr19:12886990-12887223	ENSG00000105610	KLF1	KLF1	Three-zinc finger Kruppel-related	C2H2 ZF	targeting	2000	537.6418518066406	887.0	False	0.0	True	1270	13534	chr19:12886990-12887223
ENSG00000163635|chr3:63912488-63912890	ENSG00000163635	ATXN7	ATXN7		Unknown	targeting	2000	537.6371124267578	888.0	False	0.0	True	1270	13534	chr3:63912488-63912890
ENSG00000099326|chr19:58573134-58573351	ENSG00000099326	MZF1	MZF1	More than 3 adjacent zinc fingers	C2H2 ZF	targeting	2000	537.6073791503907	889.0	False	0.0	True	1270	13534	chr19:58573134-58573351
ENSG00000109445|chr4:141220952-141221198	ENSG00000109445	ZNF330	ZNF330		NOA36-type ZF	targeting	2000	537.4779418945312	890.0	False	0.0	True	1270	13534	chr4:141220952-141221198
ENSG00000126351|chr17:40062971-40063256	ENSG00000126351	THRA	THRA	Thyroid hormone receptor-related factors (NR1)	Nuclear receptor	targeting	2000	537.4571411132813	891.0	False	0.0	True	1270	13534	chr17:40062971-40063256
ENSG00000177683|chr7:108569393-108569717	ENSG00000177683	THAP5	THAP5		THAP finger	targeting	2000	537.449496459961	892.0	False	0.0	True	1270	13534	chr7:108569393-108569717
ENSG00000123307|chr12:55019944-55020176	ENSG00000123307	NEUROD4	NEUROD4		bHLH	targeting	2000	537.4453002929688	893.0	False	0.0	True	1270	13534	chr12:55019944-55020176
ENSG00000152433|chr19:57363543-57363704	ENSG00000152433	ZNF547	ZNF547	More than 3 adjacent zinc fingers	C2H2 ZF	targeting	2000	537.4335418701172	894.0	False	0.0	True	1270	13534	chr19:57363543-57363704
ENSG00000178187|chr5:178941224-178941469	ENSG00000178187	ZNF454	ZNF454	More than 3 adjacent zinc fingers	C2H2 ZF	targeting	2000	537.3961303710937	895.0	False	0.0	True	1270	13534	chr5:178941224-178941469
ENSG00000213793|chr19:52923049-52923467	ENSG00000213793	ZNF888	ZNF888		C2H2 ZF	targeting	2000	537.3680786132812	896.0	False	0.0	True	1270	13534	chr19:52923049-52923467
ENSG00000108840|chr17:44123413-44123610	ENSG00000108840	HDAC5	HDAC5		Unknown	targeting	2000	537.328579711914	897.0	False	0.0	True	1270	13534	chr17:44123413-44123610
ENSG00000178917|chr3:44510386-44510648	ENSG00000178917	ZNF852	ZNF852		C2H2 ZF	targeting	2000	537.3003662109375	898.0	False	0.0	True	1270	13534	chr3:44510386-44510648
ENSG00000125816|chr20:21397174-21397514	ENSG00000125816	NKX2-4	NKX2-4	NK	Homeodomain	targeting	2000	537.2684204101563	899.0	False	0.0	True	1270	13534	chr20:21397174-21397514
ENSG00000108509|chr17:4987228-4987616	ENSG00000108509	CAMTA2	CAMTA2		CG-1	targeting	2000	537.1758178710937	900.0	False	0.0	True	1270	13534	chr17:4987228-4987616
ENSG00000185155|chr1:226223551-226223911	ENSG00000185155	MIXL1	MIXL1	Paired-related HD factors	Homeodomain	targeting	2000	537.1709411621093	901.0	False	0.0	True	1270	13534	chr1:226223551-226223911
ENSG00000102974|chr16:67562457-67563048	ENSG00000102974	CTCF	CTCF	More than 3 adjacent zinc fingers	C2H2 ZF	targeting	2000	537.1362548828125	902.0	False	0.0	True	1270	13534	chr16:67562457-67563048
ENSG00000129514|chr14:37594968-37595266	ENSG00000129514	FOXA1	FOXA1	FOX	Forkhead	targeting	2000	537.0340148925782	903.0	False	0.0	True	1270	13534	chr14:37594968-37595266
ENSG00000171316|chr8:60678741-60679080	ENSG00000171316	CHD7	CHD7		Unknown	targeting	2000	536.9737518310546	904.0	False	0.0	True	1270	13534	chr8:60678741-60679080
ENSG00000073861|chr17:47733238-47733574	ENSG00000073861	TBX21	TBX21	TBrain-related factors	T-box	targeting	2000	536.9420989990234	905.0	False	0.0	True	1270	13534	chr17:47733238-47733574
ENSG00000196767|chrX:83508307-83508392	ENSG00000196767	POU3F4	POU3F4	POU domain factors	Homeodomain; POU	targeting	2000	536.9233947753906	906.0	False	0.0	True	1270	13534	chrX:83508307-83508392
ENSG00000197647|chr19:12035582-12035721	ENSG00000197647	ZNF433	ZNF433		C2H2 ZF	targeting	2000	536.884976196289	907.0	False	0.0	True	1270	13534	chr19:12035582-12035721
ENSG00000204209|chr6:33322835-33322963	ENSG00000204209	DAXX	DAXX		Unknown	targeting	2000	536.8523803710938	908.0	False	0.0	True	1270	13534	chr6:33322835-33322963
ENSG00000179950|chr8:143828848-143829372	ENSG00000179950	PUF60	PUF60			targeting	2000	536.8478576660157	909.0	False	0.0	True	1270	13534	chr8:143828848-143829372
ENSG00000153048|chr16:8868922-8869012	ENSG00000153048	CARHSP1	CARHSP1		CSD	targeting	2000	536.7605133056641	910.0	False	0.0	True	1270	13534	chr16:8868922-8869012
ENSG00000077463|chr19:4182476-4182592	ENSG00000077463	SIRT6	SIRT6		Unknown	targeting	2000	536.7587799072265	911.0	False	0.0	True	1270	13534	chr19:4182476-4182592
ENSG00000176723|chr16:31442713-31442788	ENSG00000176723	ZNF843	ZNF843		C2H2 ZF	targeting	2000	536.7370330810547	912.0	False	0.0	True	1270	13534	chr16:31442713-31442788
non-targeting|13|non-targeting:13-13						negative control	2000	536.6302642822266		False	0.0	True	1270	13534	non-targeting|13|non-targeting:13-13
ENSG00000127081|chr9:92877602-92878061	ENSG00000127081	ZNF484	ZNF484		C2H2 ZF	targeting	2000	536.5632568359375	913.0	False	0.0	True	1270	13534	chr9:92877602-92878061
ENSG00000204366|chr6:31901544-31902077	ENSG00000204366	ZBTB12	ZBTB12	More than 3 adjacent zinc fingers	C2H2 ZF	targeting	2000	536.4643951416016	914.0	False	0.0	True	1270	13534	chr6:31901544-31902077
ENSG00000116539|chr1:155562570-155562756	ENSG00000116539	ASH1L	ASH1L		AT hook	targeting	2000	536.4145111083984	915.0	False	0.0	True	1270	13534	chr1:155562570-155562756
ENSG00000041988|chr1:6624884-6625606	ENSG00000041988	THAP3	THAP3		THAP finger	targeting	2000	536.3922241210937	916.0	False	0.0	True	1270	13534	chr1:6624884-6625606
ENSG00000198740|chr17:49361901-49362152	ENSG00000198740	ZNF652	ZNF652	More than 3 adjacent zinc fingers	C2H2 ZF	targeting	2000	536.3849853515625	917.0	False	0.0	True	1270	13534	chr17:49361901-49362152
ENSG00000183850|chr19:23117045-23117481	ENSG00000183850	ZNF730	ZNF730		C2H2 ZF	targeting	2000	536.2575286865234	918.0	False	0.0	True	1270	13534	chr19:23117045-23117481
ENSG00000168453|chr8:22130604-22131016	ENSG00000168453	HR	HR		Unknown	targeting	2000	536.2005126953125	919.0	False	0.0	True	1270	13534	chr8:22130604-22131016
ENSG00000125398|chr17:72121014-72121263	ENSG00000125398	SOX9	SOX9	SOX-related factors	HMG/Sox	targeting	2000	536.1683288574219	920.0	False	0.0	True	1270	13534	chr17:72121014-72121263
ENSG00000113649|chr5:146447332-146447537	ENSG00000113649	TCERG1	TCERG1			targeting	2000	536.1528747558593	921.0	False	0.0	True	1270	13534	chr5:146447332-146447537
ENSG00000106290|chr7:100119096-100119377	ENSG00000106290	TAF6	TAF6		Unknown	targeting	2000	536.1373321533204	922.0	False	0.0	True	1270	13534	chr7:100119096-100119377
ENSG00000150051|chr10:27743072-27743528	ENSG00000150051	MKX	MKX	TALE-type HD	Homeodomain	targeting	2000	536.1187316894532	923.0	False	0.0	True	1270	13534	chr10:27743072-27743528
ENSG00000120832|chr12:106986990-106987131	ENSG00000120832	MTERFD3	MTERF2		mTERF	targeting	2000	535.9326721191406	924.0	False	0.0	True	1270	13534	chr12:106986990-106987131
ENSG00000143033|chr1:93079260-93079671	ENSG00000143033	MTF2	MTF2		Unknown	targeting	2000	535.9238708496093	925.0	False	0.0	True	1270	13534	chr1:93079260-93079671
non-targeting|86|non-targeting:86-86						negative control	2000	535.815805053711		False	0.0	True	1270	13534	non-targeting|86|non-targeting:86-86
ENSG00000229809|chr16:30571633-30571755	ENSG00000229809	ZNF688	ZNF688		C2H2 ZF	targeting	2000	535.806494140625	926.0	False	0.0	True	1270	13534	chr16:30571633-30571755
ENSG00000137185|chr6:28225252-28225537	ENSG00000137185	ZSCAN9	ZSCAN9		C2H2 ZF	targeting	2000	535.7404388427734	927.0	False	0.0	True	1270	13534	chr6:28225252-28225537
ENSG00000119403|chr9:120877109-120877199	ENSG00000119403	PHF19	PHF19		Unknown	targeting	2000	535.7252563476562	928.0	False	0.0	True	1270	13534	chr9:120877109-120877199
ENSG00000005889|chrX:24149531-24150170	ENSG00000005889	ZFX	ZFX		C2H2 ZF	targeting	2000	535.7110748291016	929.0	False	0.0	True	1270	13534	chrX:24149531-24150170
ENSG00000075426|chr2:28392854-28393581	ENSG00000075426	FOSL2	FOSL2	Fos-related	bZIP	targeting	2000	535.6617401123046	930.0	False	0.0	True	1270	13534	chr2:28392854-28393581
ENSG00000100105|chr22:31345964-31346339	ENSG00000100105	PATZ1	PATZ1	Factors with multiple dispersed zinc fingers	C2H2 ZF; AT hook	targeting	2000	535.6416839599609	931.0	False	0.0	True	1270	13534	chr22:31345964-31346339
ENSG00000186766|chr10:127737198-127737604	ENSG00000186766	FOXI2	FOXI2		Forkhead	targeting	2000	535.363558959961	932.0	False	0.0	True	1270	13534	chr10:127737198-127737604
ENSG00000128563|chr7:102396413-102396472	ENSG00000128563	PRKRIP1	PRKRIP1			targeting	2000	535.3594970703125	933.0	False	0.0	True	1270	13534	chr7:102396413-102396472
ENSG00000178935|chr19:57814838-57814916	ENSG00000178935	ZNF552	ZNF552		C2H2 ZF	targeting	2000	535.3254852294922	934.0	False	0.0	True	1270	13534	chr19:57814838-57814916
ENSG00000197128|chr19:57477306-57477564	ENSG00000197128	ZNF772	ZNF772	Factors with multiple dispersed zinc fingers	C2H2 ZF	targeting	2000	535.2592346191407	935.0	False	0.0	True	1270	13534	chr19:57477306-57477564
ENSG00000186448|chr3:44625038-44625248	ENSG00000186448	ZNF197	ZNF197		C2H2 ZF	targeting	2000	535.2230621337891	936.0	False	0.0	True	1270	13534	chr3:44625038-44625248
ENSG00000148300|chr9:133417559-133418015	ENSG00000148300	REXO4	REXO4		Unknown	targeting	2000	535.2191558837891	937.0	False	0.0	True	1270	13534	chr9:133417559-133418015
ENSG00000100393|chr22:41091729-41092903	ENSG00000100393	EP300	EP300		Unknown	targeting	2000	535.194204711914	938.0	False	0.0	True	1270	13534	chr22:41091729-41092903
ENSG00000172888|chr3:40524961-40525170	ENSG00000172888	ZNF621	ZNF621		C2H2 ZF	targeting	2000	535.1732299804687	939.0	False	0.0	True	1270	13534	chr3:40524961-40525170
ENSG00000135547|chr6:125749605-125749835	ENSG00000135547	HEY2	HEY2	Hairy-related factors	bHLH	targeting	2000	535.1356567382812	940.0	False	0.0	True	1270	13534	chr6:125749605-125749835
ENSG00000177485|chrX:120250729-120251228	ENSG00000177485	ZBTB33	ZBTB33	Other factors with up to three adjacent zinc fingers	C2H2 ZF	targeting	2000	535.113558959961	941.0	False	0.0	True	1270	13534	chrX:120250729-120251228
ENSG00000213988|chr19:20077972-20078429	ENSG00000213988	ZNF90	ZNF90		C2H2 ZF	targeting	2000	535.0992431640625	942.0	False	0.0	True	1270	13534	chr19:20077972-20078429
ENSG00000110315|chr11:10540908-10541192	ENSG00000110315	RNF141	RNF141			targeting	2000	535.0556457519531	943.0	False	0.0	True	1270	13534	chr11:10540908-10541192
ENSG00000106948|chr9:114387893-114388009	ENSG00000106948	AKNA	AKNA		AT hook	targeting	2000	535.0303955078125	944.0	False	0.0	True	1270	13534	chr9:114387893-114388009
non-targeting|3|non-targeting:3-3						negative control	2000	535.0104309082031		False	0.0	True	1270	13534	non-targeting|3|non-targeting:3-3
ENSG00000136574|chr8:11704145-11704289	ENSG00000136574	GATA4	GATA4	C4-GATA-related	GATA	targeting	2000	535.0065704345703	945.0	False	0.0	True	1270	13534	chr8:11704145-11704289
ENSG00000171295|chr19:11814281-11814377	ENSG00000171295	ZNF440	ZNF440		C2H2 ZF	targeting	2000	534.9703979492188	946.0	False	0.0	True	1270	13534	chr19:11814281-11814377
ENSG00000110395|chr11:119206273-119206698	ENSG00000110395	CBL	CBL		Unknown	targeting	2000	534.9595153808593	947.0	False	0.0	True	1270	13534	chr11:119206273-119206698
ENSG00000213676|chr6:32127823-32128168	ENSG00000213676	ATF6B	ATF6B		bZIP	targeting	2000	534.9295501708984	948.0	False	0.0	True	1270	13534	chr6:32127823-32128168
ENSG00000169957|chr16:30526290-30526578	ENSG00000169957	ZNF768	ZNF768	More than 3 adjacent zinc fingers	C2H2 ZF	targeting	2000	534.8406555175782	949.0	False	0.0	True	1270	13534	chr16:30526290-30526578
ENSG00000141510|chr17:7687058-7687484	ENSG00000141510	TP53	TP53	p53-related factors	p53	targeting	2000	534.771484375	950.0	False	0.0	True	1270	13534	chr17:7687058-7687484
ENSG00000116580|chr1:155859293-155859373	ENSG00000116580	GON4L	GON4L		Unknown	targeting	2000	534.7438354492188	951.0	False	0.0	True	1270	13534	chr1:155859293-155859373
ENSG00000182111|chr7:57450152-57450671	ENSG00000182111	ZNF716	ZNF716		C2H2 ZF	targeting	2000	534.7077514648438	952.0	False	0.0	True	1270	13534	chr7:57450152-57450671
ENSG00000121903|chr1:33472651-33472855	ENSG00000121903	ZSCAN20	ZSCAN20		C2H2 ZF	targeting	2000	534.6160125732422	953.0	False	0.0	True	1270	13534	chr1:33472651-33472855
ENSG00000124440|chr19:46297059-46297321	ENSG00000124440	HIF3A	HIF3A	PAS	bHLH	targeting	2000	534.6073059082031	954.0	False	0.0	True	1270	13534	chr19:46297059-46297321
ENSG00000130700|chr20:62475626-62475994	ENSG00000130700	GATA5	GATA5	C4-GATA-related	GATA	targeting	2000	534.5652954101563	955.0	False	0.0	True	1270	13534	chr20:62475626-62475994
ENSG00000136944|chr9:126613929-126614375	ENSG00000136944	LMX1B	LMX1B	HD-LIM	Homeodomain	targeting	2000	534.5641174316406	956.0	False	0.0	True	1270	13534	chr9:126613929-126614375
ENSG00000102935|chr16:49822528-49822747	ENSG00000102935	ZNF423	ZNF423	Factors with multiple dispersed zinc fingers	C2H2 ZF	targeting	2000	534.5484985351562	957.0	False	0.0	True	1270	13534	chr16:49822528-49822747
ENSG00000029153|chr12:27332901-27333138	ENSG00000029153	ARNTL2	BMAL2		bHLH	targeting	2000	534.4355834960937	958.0	False	0.0	True	1270	13534	chr12:27332901-27333138
ENSG00000136352|chr14:36520163-36520736	ENSG00000136352	NKX2-1	NKX2-1		Homeodomain	targeting	2000	534.4014099121093	959.0	False	0.0	True	1270	13534	chr14:36520163-36520736
ENSG00000188779|chr15:67823370-67823675	ENSG00000188779	SKOR1	SKOR1		Unknown	targeting	2000	534.3510986328125	960.0	False	0.0	True	1270	13534	chr15:67823370-67823675
ENSG00000169155|chr9:126805040-126805144	ENSG00000169155	ZBTB43	ZBTB43		C2H2 ZF	targeting	2000	534.3278625488281	961.0	False	0.0	True	1270	13534	chr9:126805040-126805144
ENSG00000136603|chr3:170357705-170358127	ENSG00000136603	SKIL	SKIL		Unknown	targeting	2000	534.2797271728516	962.0	False	0.0	True	1270	13534	chr3:170357705-170358127
ENSG00000108511|chr17:48597963-48598204	ENSG00000108511	HOXB6	HOXB6	HOX	Homeodomain	targeting	2000	534.2724334716797	963.0	False	0.0	True	1270	13534	chr17:48597963-48598204
ENSG00000123268|chr12:50764087-50764367	ENSG00000123268	ATF1	ATF1		bZIP	targeting	2000	534.2723083496094	964.0	False	0.0	True	1270	13534	chr12:50764087-50764367
ENSG00000274529|chr17:28370126-28370278	ENSG00000274529	SEBOX	SEBOX		Homeodomain	targeting	2000	534.2038940429687	965.0	False	0.0	True	1270	13534	chr17:28370126-28370278
ENSG00000078246|chr12:2877252-2877713	ENSG00000078246	TULP3	TULP3			targeting	2000	534.1726898193359	966.0	False	0.0	True	1270	13534	chr12:2877252-2877713
ENSG00000166268|chr12:69926616-69926856	ENSG00000166268	MYRFL	MYRFL		Ndt80/PhoG	targeting	2000	534.1305755615234	967.0	False	0.0	True	1270	13534	chr12:69926616-69926856
non-targeting|89|non-targeting:89-89						negative control	2000	533.79013671875		False	0.0	True	1270	13534	non-targeting|89|non-targeting:89-89
ENSG00000143013|chr1:87328483-87328934	ENSG00000143013	LMO4	LMO4		Unknown	targeting	2000	533.7573883056641	968.0	False	0.0	True	1270	13534	chr1:87328483-87328934
ENSG00000137270|chr6:53148549-53148807	ENSG00000137270	GCM1	GCM1	GCM	GCM	targeting	2000	533.7269561767578	969.0	False	0.0	True	1270	13534	chr6:53148549-53148807
ENSG00000235268|chr11:95025301-95025529	ENSG00000235268	KDM4E	KDM4E			targeting	2000	533.7195983886719	970.0	False	0.0	True	1270	13534	chr11:95025301-95025529
ENSG00000104856|chr19:45001504-45001909	ENSG00000104856	RELB	RELB	NF-kappaB-related factors	Rel	targeting	2000	533.6013824462891	971.0	False	0.0	True	1270	13534	chr19:45001504-45001909
ENSG00000197050|chr19:37078434-37078543	ENSG00000197050	ZNF420	ZNF420		C2H2 ZF	targeting	2000	533.5707397460938	972.0	False	0.0	True	1270	13534	chr19:37078434-37078543
ENSG00000101216|chr20:63626713-63627073	ENSG00000101216	GMEB2	GMEB2	GMEB	SAND	targeting	2000	533.5630035400391	973.0	False	0.0	True	1270	13534	chr20:63626713-63627073
ENSG00000060138|chr12:10722782-10723380	ENSG00000060138	YBX3	YBX3		CSD	targeting	2000	533.561898803711	974.0	False	0.0	True	1270	13534	chr12:10722782-10723380
ENSG00000161298|chr19:36604949-36605695	ENSG00000161298	ZNF382	ZNF382	Factors with multiple dispersed zinc fingers	C2H2 ZF	targeting	2000	533.5567016601562	975.0	False	0.0	True	1270	13534	chr19:36604949-36605695
ENSG00000180479|chr19:37594338-37594741	ENSG00000180479	ZNF571	ZNF571		C2H2 ZF	targeting	2000	533.4318542480469	976.0	False	0.0	True	1270	13534	chr19:37594338-37594741
ENSG00000152784|chr4:80197522-80197867	ENSG00000152784	PRDM8	PRDM8		C2H2 ZF	targeting	2000	533.428759765625	977.0	False	0.0	True	1270	13534	chr4:80197522-80197867
ENSG00000204531|chr6:31170169-31170720	ENSG00000204531	POU5F1	POU5F1	POU domain factors	Homeodomain; POU	targeting	1716	533.4128723144531	978.0	False	0.0	True	1270	13534	chr6:31170169-31170720
ENSG00000130584|chr20:63830924-63831261	ENSG00000130584	ZBTB46	ZBTB46		C2H2 ZF	targeting	2000	533.3938720703125	979.0	False	0.0	True	1270	13534	chr20:63830924-63831261
ENSG00000211456|chr3:45689317-45689684	ENSG00000211456	SACM1L	SACM1L			targeting	2000	533.3786926269531	980.0	False	0.0	True	1270	13534	chr3:45689317-45689684
ENSG00000007237|chr17:10198513-10198751	ENSG00000007237	GAS7	GAS7		Unknown	targeting	2000	533.3251068115235	981.0	False	0.0	True	1270	13534	chr17:10198513-10198751
ENSG00000115297|chr2:74514467-74514749	ENSG00000115297	TLX2	TLX2	NK	Homeodomain	targeting	2000	533.3241241455078	982.0	False	0.0	True	1270	13534	chr2:74514467-74514749
ENSG00000176371|chr15:84601017-84601301	ENSG00000176371	ZSCAN2	ZSCAN2	More than 3 adjacent zinc fingers	C2H2 ZF	targeting	2000	533.278189086914	983.0	False	0.0	True	1270	13534	chr15:84601017-84601301
ENSG00000106948|chr9:114398167-114398474	ENSG00000106948	AKNA	AKNA		AT hook	targeting	2000	533.188119506836	984.0	False	0.0	True	1270	13534	chr9:114398167-114398474
ENSG00000127124|chr1:41918442-41918911	ENSG00000127124	HIVEP3	HIVEP3		C2H2 ZF	targeting	2000	533.0922760009765	985.0	False	0.0	True	1270	13534	chr1:41918442-41918911
ENSG00000187079|chr11:12674415-12674805	ENSG00000187079	TEAD1	TEAD1	TEF-1-related factors	TEA	targeting	2000	532.9970977783203	986.0	False	0.0	True	1270	13534	chr11:12674415-12674805
ENSG00000152454|chr19:57947259-57947703	ENSG00000152454	ZNF256	ZNF256		C2H2 ZF	targeting	2000	532.991552734375	987.0	False	0.0	True	1270	13534	chr19:57947259-57947703
non-targeting|2|non-targeting:2-2						negative control	2000	532.9490570068359		False	0.0	True	1270	13534	non-targeting|2|non-targeting:2-2
ENSG00000196110|chr19:9304950-9305137	ENSG00000196110	ZNF699	ZNF699	More than 3 adjacent zinc fingers	C2H2 ZF	targeting	2000	532.9065246582031	988.0	False	0.0	True	1270	13534	chr19:9304950-9305137
ENSG00000131196|chr18:79395945-79396155	ENSG00000131196	NFATC1	NFATC1		Rel	targeting	2000	532.8873077392578	989.0	False	0.0	True	1270	13534	chr18:79395945-79396155
ENSG00000251369|chr19:57559735-57559886	ENSG00000251369	ZNF550	ZNF550		C2H2 ZF	targeting	2000	532.8124114990235	990.0	False	0.0	True	1270	13534	chr19:57559735-57559886
ENSG00000106410|chr7:144409954-144410245	ENSG00000106410	NOBOX	NOBOX		Homeodomain	targeting	2000	532.7886596679688	991.0	False	0.0	True	1270	13534	chr7:144409954-144410245
ENSG00000165684|chr9:136376833-136377485	ENSG00000165684	SNAPC4	SNAPC4		Myb/SANT	targeting	2000	532.7131561279297	992.0	False	0.0	True	1270	13534	chr9:136376833-136377485
ENSG00000179195|chr12:123973207-123973518	ENSG00000179195	ZNF664	ZNF664		C2H2 ZF	targeting	2000	532.6014129638672	993.0	False	0.0	True	1270	13534	chr12:123973207-123973518
non-targeting|54|non-targeting:54-54						negative control	2000	532.5039886474609		False	0.0	True	1270	13534	non-targeting|54|non-targeting:54-54
ENSG00000131381|chr3:15098890-15099144	ENSG00000131381	ZFYVE20	RBSN		C2H2 ZF	targeting	2000	532.4234069824219	994.0	False	0.0	True	1270	13534	chr3:15098890-15099144
ENSG00000160908|chr7:99499856-99500271	ENSG00000160908	ZNF394	ZNF394		C2H2 ZF	targeting	2000	532.377685546875	995.0	False	0.0	True	1270	13534	chr7:99499856-99500271
ENSG00000106554|chr7:133081758-133082017	ENSG00000106554	CHCHD3	CHCHD3		Unknown	targeting	2000	532.3699981689454	996.0	False	0.0	True	1270	13534	chr7:133081758-133082017
ENSG00000137693|chr11:102110462-102110923	ENSG00000137693	YAP1	YAP1			targeting	2000	532.2861083984375	997.0	False	0.0	True	1270	13534	chr11:102110462-102110923
ENSG00000174279|chr2:176083458-176083857	ENSG00000174279	EVX2	EVX2	HOX	Homeodomain	targeting	2000	532.2815246582031	998.0	False	0.0	True	1270	13534	chr2:176083458-176083857
ENSG00000198176|chr13:113584680-113585132	ENSG00000198176	TFDP1	TFDP1	E2F	E2F	targeting	2000	532.2233306884766	999.0	False	0.0	True	1270	13534	chr13:113584680-113585132
ENSG00000156374|chr10:103350606-103351145	ENSG00000156374	PCGF6	PCGF6		Unknown	targeting	2000	532.1484466552735	1000.0	False	0.0	True	1270	13534	chr10:103350606-103351145
ENSG00000196387|chr12:133080917-133080987	ENSG00000196387	ZNF140	ZNF140	More than 3 adjacent zinc fingers	C2H2 ZF	targeting	2000	532.0021453857422	1001.0	False	0.0	True	1270	13534	chr12:133080917-133080987
ENSG00000170374|chr12:53336226-53336390	ENSG00000170374	SP7	SP7		C2H2 ZF	targeting	2000	531.993310546875	1002.0	False	0.0	True	1270	13534	chr12:53336226-53336390
ENSG00000164091|chr3:52278139-52278639	ENSG00000164091	WDR82	WDR82			targeting	2000	531.9481170654296	1003.0	False	0.0	True	1270	13534	chr3:52278139-52278639
non-targeting|5|non-targeting:5-5						negative control	2000	531.9459381103516		False	0.0	True	1270	13534	non-targeting|5|non-targeting:5-5
ENSG00000173757|chr17:42275927-42276389	ENSG00000173757	STAT5B	STAT5B		STAT	targeting	2000	531.9443115234375	1004.0	False	0.0	True	1270	13534	chr17:42275927-42276389
ENSG00000139793|chr13:97222358-97222533	ENSG00000139793	MBNL2	MBNL2		CCCH ZF	targeting	2000	531.8725463867188	1005.0	False	0.0	True	1270	13534	chr13:97222358-97222533
non-targeting|24|non-targeting:24-24						negative control	2000	531.8213317871093		False	0.0	True	1270	13534	non-targeting|24|non-targeting:24-24
ENSG00000177732|chr20:325872-326086	ENSG00000177732	SOX12	SOX12	SOX-related factors	HMG/Sox	targeting	2000	531.7644165039062	1006.0	False	0.0	True	1270	13534	chr20:325872-326086
ENSG00000175029|chr10:125160815-125161032	ENSG00000175029	CTBP2	CTBP2		Unknown	targeting	2000	531.7325012207032	1007.0	False	0.0	True	1270	13534	chr10:125160815-125161032
ENSG00000182568|chr3:18424848-18425341	ENSG00000182568	SATB1	SATB1	HD-CUT	CUT; Homeodomain	targeting	2000	531.667691040039	1008.0	False	0.0	True	1270	13534	chr3:18424848-18425341
ENSG00000163666|chr3:57199735-57199988	ENSG00000163666	HESX1	HESX1	Paired-related HD factors	Homeodomain	targeting	2000	531.6670440673828	1009.0	False	0.0	True	1270	13534	chr3:57199735-57199988
ENSG00000116809|chr1:15976004-15976094	ENSG00000116809	ZBTB17	ZBTB17	Factors with multiple dispersed zinc fingers	C2H2 ZF	targeting	2000	531.6222137451172	1010.0	False	0.0	True	1270	13534	chr1:15976004-15976094
ENSG00000131759|chr17:40318275-40318536	ENSG00000131759	RARA	RARA	Thyroid hormone receptor-related factors (NR1)	Nuclear receptor	targeting	2000	531.6114898681641	1011.0	False	0.0	True	1270	13534	chr17:40318275-40318536
ENSG00000130724|chr19:58554638-58555089	ENSG00000130724	CHMP2A	CHMP2A			targeting	2000	531.5659759521484	1012.0	False	0.0	True	1270	13534	chr19:58554638-58555089
ENSG00000089486|chr16:4538326-4538750	ENSG00000089486	CDIP1	CDIP1			targeting	2000	531.4987213134766	1013.0	False	0.0	True	1270	13534	chr16:4538326-4538750
ENSG00000166261|chr11:123741583-123741662	ENSG00000166261	ZNF202	ZNF202		C2H2 ZF	targeting	2000	531.4640197753906	1014.0	False	0.0	True	1270	13534	chr11:123741583-123741662
ENSG00000169744|chr4:16898413-16898671	ENSG00000169744	LDB2	LDB2			targeting	2000	531.4388793945312	1015.0	False	0.0	True	1270	13534	chr4:16898413-16898671
ENSG00000163170|chr2:74147470-74147929	ENSG00000163170	BOLA3	BOLA3		Unknown	targeting	2000	531.3728729248047	1016.0	False	0.0	True	1270	13534	chr2:74147470-74147929
ENSG00000100987|chr20:25077611-25078007	ENSG00000100987	VSX1	VSX1	Paired-related HD factors	Homeodomain	targeting	2000	531.3244995117187	1017.0	False	0.0	True	1270	13534	chr20:25077611-25078007
ENSG00000071794|chr3:149086130-149086516	ENSG00000071794	HLTF	HLTF		Unknown	targeting	2000	531.2644165039062	1018.0	False	0.0	True	1270	13534	chr3:149086130-149086516
ENSG00000100281|chr22:35257503-35257569	ENSG00000100281	HMGXB4	HMGXB4		HMG/Sox	targeting	2000	531.1608642578125	1019.0	False	0.0	True	1270	13534	chr22:35257503-35257569
non-targeting|98|non-targeting:98-98						negative control	2000	531.0795715332031		False	0.0	True	1270	13534	non-targeting|98|non-targeting:98-98
ENSG00000143171|chr1:165444669-165445089	ENSG00000143171	RXRG	RXRG	RXR-related receptors (NR2)	Nuclear receptor	targeting	2000	531.0523406982422	1020.0	False	0.0	True	1270	13534	chr1:165444669-165445089
ENSG00000005073|chr7:27184970-27185227	ENSG00000005073	HOXA11	HOXA11		Homeodomain	targeting	2000	531.033578491211	1021.0	False	0.0	True	1270	13534	chr7:27184970-27185227
ENSG00000007866|chr6:35496860-35497038	ENSG00000007866	TEAD3	TEAD3	TEF-1-related factors	TEA	targeting	2000	531.0263305664063	1022.0	False	0.0	True	1270	13534	chr6:35496860-35497038
ENSG00000172006|chr19:2819875-2820243	ENSG00000172006	ZNF554	ZNF554		C2H2 ZF	targeting	2000	530.8556671142578	1023.0	False	0.0	True	1270	13534	chr19:2819875-2820243
ENSG00000010539|chr16:3234926-3235157	ENSG00000010539	ZNF200	ZNF200		C2H2 ZF	targeting	2000	530.8014343261718	1024.0	False	0.0	True	1270	13534	chr16:3234926-3235157
ENSG00000166188|chr16:57998407-57998471	ENSG00000166188	ZNF319	ZNF319		C2H2 ZF	targeting	2000	530.6909820556641	1025.0	False	0.0	True	1270	13534	chr16:57998407-57998471
ENSG00000119919|chr10:99532950-99533030	ENSG00000119919	NKX2-3	NKX2-3	NK	Homeodomain	targeting	2000	530.6263031005859	1026.0	False	0.0	True	1270	13534	chr10:99532950-99533030
ENSG00000135341|chr6:90586992-90587077	ENSG00000135341	MAP3K7	MAP3K7		Unknown	targeting	2000	530.6190185546875	1027.0	False	0.0	True	1270	13534	chr6:90586992-90587077
ENSG00000198131|chr19:58228916-58229101	ENSG00000198131	ZNF544	ZNF544		C2H2 ZF	targeting	2000	530.5517333984375	1028.0	False	0.0	True	1270	13534	chr19:58228916-58229101
non-targeting|72|non-targeting:72-72						negative control	2000	530.5230224609375		False	0.0	True	1270	13534	non-targeting|72|non-targeting:72-72
ENSG00000133111|chr13:36819231-36819318	ENSG00000133111	RFXAP	RFXAP		Unknown	targeting	2000	530.5088439941406	1029.0	False	0.0	True	1270	13534	chr13:36819231-36819318
ENSG00000196418|chr1:247157695-247157953	ENSG00000196418	ZNF124	ZNF124		C2H2 ZF	targeting	2000	530.4334014892578	1030.0	False	0.0	True	1270	13534	chr1:247157695-247157953
ENSG00000124496|chr6:42451110-42451808	ENSG00000124496	TRERF1	TRERF1		C2H2 ZF; Myb/SANT	targeting	2000	530.4006256103515	1031.0	False	0.0	True	1270	13534	chr6:42451110-42451808
ENSG00000127445|chr19:9835357-9835572	ENSG00000127445	PIN1	PIN1		MBD	targeting	2000	530.3860900878906	1032.0	False	0.0	True	1270	13534	chr19:9835357-9835572
ENSG00000170265|chr7:149195553-149195953	ENSG00000170265	ZNF282	ZNF282	More than 3 adjacent zinc fingers	C2H2 ZF	targeting	2000	530.3626922607422	1033.0	False	0.0	True	1270	13534	chr7:149195553-149195953
ENSG00000205189|chr8:80486173-80486292	ENSG00000205189	ZBTB10	ZBTB10		C2H2 ZF	targeting	2000	530.3036590576172	1034.0	False	0.0	True	1270	13534	chr8:80486173-80486292
ENSG00000160113|chr19:17245077-17245934	ENSG00000160113	NR2F6	NR2F6	RXR-related receptors (NR2)	Nuclear receptor	targeting	2000	530.2358001708984	1035.0	False	0.0	True	1270	13534	chr19:17245077-17245934
ENSG00000184058|chr22:19760715-19761284	ENSG00000184058	TBX1	TBX1	TBX1-related factors	T-box	targeting	2000	530.2089202880859	1036.0	False	0.0	True	1270	13534	chr22:19760715-19761284
ENSG00000144331|chr2:179861183-179861559	ENSG00000144331	ZNF385B	ZNF385B		C2H2 ZF	targeting	2000	530.1876770019531	1037.0	False	0.0	True	1270	13534	chr2:179861183-179861559
ENSG00000072121|chr14:67816380-67816594	ENSG00000072121	ZFYVE26	ZFYVE26		FYVE-type ZF	targeting	2000	530.0377410888672	1038.0	False	0.0	True	1270	13534	chr14:67816380-67816594
ENSG00000112333|chr6:108166052-108166564	ENSG00000112333	NR2E1	NR2E1		Nuclear receptor	targeting	2000	530.0015838623046	1039.0	False	0.0	True	1270	13534	chr6:108166052-108166564
ENSG00000135903|chr2:222298570-222298997	ENSG00000135903	PAX3	PAX3	Paired plus homeo domain	Homeodomain; Paired box	targeting	2000	529.9942474365234	1040.0	False	0.0	True	1270	13534	chr2:222298570-222298997
ENSG00000181315|chr6:26659331-26659764	ENSG00000181315	ZNF322	ZNF322	More than 3 adjacent zinc fingers	C2H2 ZF	targeting	2000	529.9861846923828	1041.0	False	0.0	True	1270	13534	chr6:26659331-26659764
ENSG00000188342|chr13:45120463-45120684	ENSG00000188342	GTF2F2	GTF2F2		Unknown	targeting	2000	529.8885101318359	1042.0	False	0.0	True	1270	13534	chr13:45120463-45120684
ENSG00000258405|chr19:52453566-52453872	ENSG00000258405	ZNF578	ZNF578		C2H2 ZF	targeting	2000	529.8035461425782	1043.0	False	0.0	True	1270	13534	chr19:52453566-52453872
ENSG00000196357|chr19:36214555-36214913	ENSG00000196357	ZNF565	ZNF565		C2H2 ZF	targeting	2000	529.7060119628907	1044.0	False	0.0	True	1270	13534	chr19:36214555-36214913
ENSG00000173253|chr9:1050312-1050624	ENSG00000173253	DMRT2	DMRT2		DM	targeting	2000	529.648095703125	1045.0	False	0.0	True	1270	13534	chr9:1050312-1050624
ENSG00000118513|chr6:135181384-135181905	ENSG00000118513	MYB	MYB	Myb/SANT domain factors	Myb/SANT	targeting	2000	529.5338195800781	1046.0	False	0.0	True	1270	13534	chr6:135181384-135181905
ENSG00000164975|chr9:15422862-15423120	ENSG00000164975	SNAPC3	SNAPC3			targeting	2000	529.5145874023438	1047.0	False	0.0	True	1270	13534	chr9:15422862-15423120
ENSG00000182759|chr8:143430250-143430742	ENSG00000182759	MAFA	MAFA	Maf-related	bZIP	targeting	2000	529.4458557128906	1048.0	False	0.0	True	1270	13534	chr8:143430250-143430742
ENSG00000120784|chr19:37655388-37655467	ENSG00000120784	ZFP30	ZFP30		C2H2 ZF	targeting	2000	529.3068115234375	1049.0	False	0.0	True	1270	13534	chr19:37655388-37655467
ENSG00000089116|chr12:113471638-113471858	ENSG00000089116	LHX5	LHX5	HD-LIM	Homeodomain	targeting	2000	529.2669860839844	1050.0	False	0.0	True	1270	13534	chr12:113471638-113471858
ENSG00000172819|chr12:53220106-53220349	ENSG00000172819	RARG	RARG	Thyroid hormone receptor-related factors (NR1)	Nuclear receptor	targeting	2000	529.2364898681641	1051.0	False	0.0	True	1270	13534	chr12:53220106-53220349
ENSG00000140044|chr14:75427713-75428080	ENSG00000140044	JDP2	JDP2	Fos-related	bZIP	targeting	2000	529.079833984375	1052.0	False	0.0	True	1270	13534	chr14:75427713-75428080
ENSG00000121075|chr17:61452392-61452488	ENSG00000121075	TBX4	TBX4	TBX2-related factors	T-box	targeting	2000	529.0165435791016	1053.0	False	0.0	True	1270	13534	chr17:61452392-61452488
ENSG00000109132|chr4:41748316-41748747	ENSG00000109132	PHOX2B	PHOX2B	Paired-related HD factors	Homeodomain	targeting	2000	528.8687133789062	1054.0	False	0.0	True	1270	13534	chr4:41748316-41748747
ENSG00000163795|chr2:27380581-27380757	ENSG00000163795	ZNF513	ZNF513		C2H2 ZF	targeting	2000	528.8058227539062	1055.0	False	0.0	True	1270	13534	chr2:27380581-27380757
ENSG00000235109|chr6:28354038-28354173	ENSG00000235109	ZSCAN31	ZSCAN31	More than 3 adjacent zinc fingers	C2H2 ZF	targeting	2000	528.7797546386719	1056.0	False	0.0	True	1270	13534	chr6:28354038-28354173
ENSG00000174332|chr1:53733856-53734135	ENSG00000174332	GLIS1	GLIS1	More than 3 adjacent zinc fingers	C2H2 ZF	targeting	2000	528.7058044433594	1057.0	False	0.0	True	1270	13534	chr1:53733856-53734135
ENSG00000123636|chr2:159615263-159616092	ENSG00000123636	BAZ2B	BAZ2B		MBD	targeting	2000	528.6124237060546	1058.0	False	0.0	True	1270	13534	chr2:159615263-159616092
ENSG00000163435|chr1:202010633-202010822	ENSG00000163435	ELF3	ELF3	Ets-related	Ets; AT hook	targeting	2000	528.5780822753907	1059.0	False	0.0	True	1270	13534	chr1:202010633-202010822
non-targeting|90|non-targeting:90-90						negative control	2000	528.5745483398438		False	0.0	True	1270	13534	non-targeting|90|non-targeting:90-90
ENSG00000196458|chr12:132956111-132956348	ENSG00000196458	ZNF605	ZNF605		C2H2 ZF	targeting	2000	528.5161407470703	1060.0	False	0.0	True	1270	13534	chr12:132956111-132956348
ENSG00000006468|chr7:13988864-13989683	ENSG00000006468	ETV1	ETV1	Ets-related	Ets	targeting	2000	528.4832122802734	1061.0	False	0.0	True	1270	13534	chr7:13988864-13989683
ENSG00000196498|chr12:124535348-124535581	ENSG00000196498	NCOR2	NCOR2		Myb/SANT	targeting	2000	528.4644622802734	1062.0	False	0.0	True	1270	13534	chr12:124535348-124535581
ENSG00000198646|chr20:34825344-34825629	ENSG00000198646	NCOA6	NCOA6		Unknown	targeting	2000	528.4515380859375	1063.0	False	0.0	True	1270	13534	chr20:34825344-34825629
ENSG00000166337|chr11:6611705-6612203	ENSG00000166337	TAF10	TAF10		Unknown	targeting	2000	528.4204925537109	1064.0	False	0.0	True	1270	13534	chr11:6611705-6612203
ENSG00000198453|chr19:36916351-36916589	ENSG00000198453	ZNF568	ZNF568	More than 3 adjacent zinc fingers	C2H2 ZF	targeting	2000	528.3867126464844	1065.0	False	0.0	True	1270	13534	chr19:36916351-36916589
ENSG00000185551|chr15:96330679-96331148	ENSG00000185551	NR2F2	NR2F2	RXR-related receptors (NR2)	Nuclear receptor	targeting	2000	528.3515533447265	1066.0	False	0.0	True	1270	13534	chr15:96330679-96331148
ENSG00000112837|chr6:84763067-84763464	ENSG00000112837	TBX18	TBX18	TBX1-related factors	T-box	targeting	2000	528.2207427978516	1067.0	False	0.0	True	1270	13534	chr6:84763067-84763464
ENSG00000011451|chr19:15432185-15432722	ENSG00000011451	WIZ	WIZ		C2H2 ZF	targeting	2000	528.1804351806641	1068.0	False	0.0	True	1270	13534	chr19:15432185-15432722
ENSG00000182742|chr17:48577853-48578451	ENSG00000182742	HOXB4	HOXB4	HOX	Homeodomain	targeting	2000	528.0985412597656	1069.0	False	0.0	True	1270	13534	chr17:48577853-48578451
ENSG00000126856|chr16:90075543-90075901	ENSG00000126856	PRDM7	PRDM7		Unknown	targeting	2000	528.0282775878907	1070.0	False	0.0	True	1270	13534	chr16:90075543-90075901
ENSG00000148737|chr10:112950246-112950315	ENSG00000148737	TCF7L2	TCF7L2	TCF-7-related factors	HMG/Sox	targeting	2000	528.0236145019531	1071.0	False	0.0	True	1270	13534	chr10:112950246-112950315
non-targeting|20|non-targeting:20-20						negative control	2000	527.9334442138672		False	0.0	True	1270	13534	non-targeting|20|non-targeting:20-20
ENSG00000196700|chr20:63969602-63969965	ENSG00000196700	ZNF512B	ZNF512B		C2H2 ZF	targeting	2000	527.7906951904297	1072.0	False	0.0	True	1270	13534	chr20:63969602-63969965
ENSG00000186230|chr19:57435341-57435564	ENSG00000186230	ZNF749	ZNF749		C2H2 ZF	targeting	2000	527.70048828125	1073.0	False	0.0	True	1270	13534	chr19:57435341-57435564
ENSG00000163623|chr4:84497571-84498269	ENSG00000163623	NKX6-1	NKX6-1	NK	Homeodomain	targeting	2000	527.639761352539	1074.0	False	0.0	True	1270	13534	chr4:84497571-84498269
ENSG00000171735|chr1:6785486-6785757	ENSG00000171735	CAMTA1	CAMTA1		CG-1	targeting	2000	527.5363220214844	1075.0	False	0.0	True	1270	13534	chr1:6785486-6785757
ENSG00000167491|chr19:19405761-19406238	ENSG00000167491	GATAD2A	GATAD2A		GATA	targeting	2000	527.4759979248047	1076.0	False	0.0	True	1270	13534	chr19:19405761-19406238
ENSG00000197497|chr19:53193238-53193355	ENSG00000197497	ZNF665	ZNF665		C2H2 ZF	targeting	2000	527.447119140625	1077.0	False	0.0	True	1270	13534	chr19:53193238-53193355
ENSG00000124641|chr6:41920870-41921121	ENSG00000124641	MED20	MED20			targeting	2000	527.4276000976563	1078.0	False	0.0	True	1270	13534	chr6:41920870-41921121
ENSG00000089094|chr12:121580497-121580577	ENSG00000089094	KDM2B	KDM2B		CxxC	targeting	2000	527.3807189941406	1079.0	False	0.0	True	1270	13534	chr12:121580497-121580577
ENSG00000072310|chr17:17823142-17823619	ENSG00000072310	SREBF1	SREBF1	bHLH-ZIP	bHLH	targeting	2000	527.3719970703125	1080.0	False	0.0	True	1270	13534	chr17:17823142-17823619
ENSG00000125482|chr9:132406633-132406842	ENSG00000125482	TTF1	TTF1		Myb/SANT	targeting	2000	527.3643493652344	1081.0	False	0.0	True	1270	13534	chr9:132406633-132406842
ENSG00000221818|chr8:26045114-26045410	ENSG00000221818	EBF2	EBF2		EBF1	targeting	2000	527.3303070068359	1082.0	False	0.0	True	1270	13534	chr8:26045114-26045410
ENSG00000175325|chr5:177995827-177996296	ENSG00000175325	PROP1	PROP1	Paired-related HD factors	Homeodomain	targeting	2000	527.3116394042969	1083.0	False	0.0	True	1270	13534	chr5:177995827-177996296
ENSG00000111206|chr12:2876684-2877164	ENSG00000111206	FOXM1	FOXM1	FOX	Forkhead	targeting	2000	527.3100891113281	1084.0	False	0.0	True	1270	13534	chr12:2876684-2877164
ENSG00000189308|chr4:83010690-83010834	ENSG00000189308	LIN54	LIN54		TCR/CxC	targeting	2000	527.3052520751953	1085.0	False	0.0	True	1270	13534	chr4:83010690-83010834
ENSG00000159086|chr21:32771283-32771775	ENSG00000159086	PAXBP1	PAXBP1		Unknown	targeting	2000	527.2879211425782	1086.0	False	0.0	True	1270	13534	chr21:32771283-32771775
ENSG00000148411|chr9:136095046-136095309	ENSG00000148411	NACC2	NACC2	Other factors with up to three adjacent zinc fingers	Unknown	targeting	2000	527.2696502685546	1087.0	False	0.0	True	1270	13534	chr9:136095046-136095309
ENSG00000164299|chr5:80320044-80320323	ENSG00000164299	SPZ1	SPZ1		Unknown	targeting	2000	527.150927734375	1088.0	False	0.0	True	1270	13534	chr5:80320044-80320323
ENSG00000164104|chr4:173334068-173334400	ENSG00000164104	HMGB2	HMGB2		HMG/Sox	targeting	2000	527.1121063232422	1089.0	False	0.0	True	1270	13534	chr4:173334068-173334400
ENSG00000115956|chr2:68365269-68365541	ENSG00000115956	PLEK	PLEK		Unknown	targeting	2000	527.0964447021485	1090.0	False	0.0	True	1270	13534	chr2:68365269-68365541
ENSG00000184828|chr18:48409299-48409364	ENSG00000184828	ZBTB7C	ZBTB7C	More than 3 adjacent zinc fingers	C2H2 ZF	targeting	2000	527.0487823486328	1091.0	False	0.0	True	1270	13534	chr18:48409299-48409364
ENSG00000139187|chr12:8989657-8989818	ENSG00000139187	KLRG1	KLRG1			targeting	2000	527.0164489746094	1092.0	False	0.0	True	1270	13534	chr12:8989657-8989818
ENSG00000161914|chr19:11505753-11505848	ENSG00000161914	ZNF653	ZNF653		C2H2 ZF; AT hook	targeting	2000	527.0124908447266	1093.0	False	0.0	True	1270	13534	chr19:11505753-11505848
ENSG00000086102|chr9:33290489-33290595	ENSG00000086102	NFX1	NFX1		NFX	targeting	2000	526.976040649414	1094.0	False	0.0	True	1270	13534	chr9:33290489-33290595
ENSG00000146676|chr7:44885259-44885548	ENSG00000146676	PURB	PURB		Unknown	targeting	2000	526.8460876464844	1095.0	False	0.0	True	1270	13534	chr7:44885259-44885548
non-targeting|31|non-targeting:31-31						negative control	2000	526.7801513671875		False	0.0	True	1270	13534	non-targeting|31|non-targeting:31-31
ENSG00000169714|chr3:129183655-129183900	ENSG00000169714	CNBP	CNBP		Unknown	targeting	2000	526.6651947021485	1096.0	False	0.0	True	1270	13534	chr3:129183655-129183900
ENSG00000196498|chr12:124495075-124495347	ENSG00000196498	NCOR2	NCOR2		Myb/SANT	targeting	2000	526.6651947021485	1096.0	False	0.0	True	1270	13534	chr12:124495075-124495347
ENSG00000122145|chrX:80014726-80014984	ENSG00000122145	TBX22	TBX22		T-box	targeting	2000	526.66494140625	1098.0	False	0.0	True	1270	13534	chrX:80014726-80014984
non-targeting|66|non-targeting:66-66						negative control	2000	526.6635131835938		False	0.0	True	1270	13534	non-targeting|66|non-targeting:66-66
ENSG00000125492|chr9:132582161-132582850	ENSG00000125492	BARHL1	BARHL1	NK	Homeodomain	targeting	2000	526.5969512939453	1099.0	False	0.0	True	1270	13534	chr9:132582161-132582850
ENSG00000123095|chr12:26124401-26125025	ENSG00000123095	BHLHE41	BHLHE41	Hairy-related factors	bHLH	targeting	2000	526.5965454101563	1100.0	False	0.0	True	1270	13534	chr12:26124401-26125025
ENSG00000163635|chr3:63864353-63864562	ENSG00000163635	ATXN7	ATXN7		Unknown	targeting	2000	526.5829498291016	1101.0	False	0.0	True	1270	13534	chr3:63864353-63864562
ENSG00000151789|chr3:21751092-21751194	ENSG00000151789	ZNF385D	ZNF385D		C2H2 ZF	targeting	2000	526.5514282226562	1102.0	False	0.0	True	1270	13534	chr3:21751092-21751194
ENSG00000138095|chr2:43995605-43995992	ENSG00000138095	LRPPRC	LRPPRC			targeting	2000	526.5346710205079	1103.0	False	0.0	True	1270	13534	chr2:43995605-43995992
ENSG00000101457|chr20:45791972-45792466	ENSG00000101457	DNTTIP1	DNTTIP1	NFkappaB-related	AT hook	targeting	2000	526.4288818359375	1104.0	False	0.0	True	1270	13534	chr20:45791972-45792466
ENSG00000168661|chr19:34926908-34927189	ENSG00000168661	ZNF30	ZNF30		C2H2 ZF	targeting	2000	526.3804382324219	1105.0	False	0.0	True	1270	13534	chr19:34926908-34927189
ENSG00000143355|chr1:197917372-197917797	ENSG00000143355	LHX9	LHX9	HD-LIM	Homeodomain	targeting	2000	526.3757995605469	1106.0	False	0.0	True	1270	13534	chr1:197917372-197917797
ENSG00000102125|chrX:154411586-154412089	ENSG00000102125	TAZ	TAFAZZIN			targeting	2000	526.3401519775391	1107.0	False	0.0	True	1270	13534	chrX:154411586-154412089
ENSG00000081189|chr5:88882940-88883303	ENSG00000081189	MEF2C	MEF2C	Regulators of differentiation	MADS box	targeting	2000	526.3230865478515	1108.0	False	0.0	True	1270	13534	chr5:88882940-88883303
ENSG00000076108|chr12:56630070-56630323	ENSG00000076108	BAZ2A	BAZ2A		MBD; AT hook	targeting	2000	526.321890258789	1109.0	False	0.0	True	1270	13534	chr12:56630070-56630323
ENSG00000213762|chr19:57614231-57614317	ENSG00000213762	ZNF134	ZNF134	Factors with multiple dispersed zinc fingers	C2H2 ZF	targeting	2000	526.2833465576172	1110.0	False	0.0	True	1270	13534	chr19:57614231-57614317
ENSG00000134744|chr1:52552675-52553057	ENSG00000134744	ZCCHC11	TUT4		Unknown	targeting	2000	526.2594268798828	1111.0	False	0.0	True	1270	13534	chr1:52552675-52553057
ENSG00000056586|chr9:122905107-122905267	ENSG00000056586	RC3H2	RC3H2		CCCH ZF	targeting	2000	526.1354309082031	1112.0	False	0.0	True	1270	13534	chr9:122905107-122905267
ENSG00000091831|chr6:151807705-151808109	ENSG00000091831	ESR1	ESR1	Steroid hormone receptors (NR3)	Nuclear receptor	targeting	2000	526.1149139404297	1113.0	False	0.0	True	1270	13534	chr6:151807705-151808109
ENSG00000184635|chr19:19900914-19901245	ENSG00000184635	ZNF93	ZNF93	More than 3 adjacent zinc fingers	C2H2 ZF	targeting	2000	526.0938842773437	1114.0	False	0.0	True	1270	13534	chr19:19900914-19901245
ENSG00000141380|chr18:26090413-26090627	ENSG00000141380	SS18	SS18			targeting	2000	526.0258239746094	1115.0	False	0.0	True	1270	13534	chr18:26090413-26090627
ENSG00000120093|chr17:48589980-48590235	ENSG00000120093	HOXB3	HOXB3	HOX	Homeodomain	targeting	2000	526.0021270751953	1116.0	False	0.0	True	1270	13534	chr17:48589980-48590235
ENSG00000160062|chr1:32539184-32539919	ENSG00000160062	ZBTB8A	ZBTB8A	Other factors with up to three adjacent zinc fingers	C2H2 ZF	targeting	2000	525.9215881347657	1117.0	False	0.0	True	1270	13534	chr1:32539184-32539919
non-targeting|82|non-targeting:82-82						negative control	2000	525.9177215576171		False	0.0	True	1270	13534	non-targeting|82|non-targeting:82-82
ENSG00000105717|chr19:19618419-19618719	ENSG00000105717	PBX4	PBX4		Homeodomain	targeting	2000	525.8509582519531	1118.0	False	0.0	True	1270	13534	chr19:19618419-19618719
ENSG00000130844|chr19:53554801-53554910	ENSG00000130844	ZNF331	ZNF331	More than 3 adjacent zinc fingers	C2H2 ZF	targeting	2000	525.8310668945312	1119.0	False	0.0	True	1270	13534	chr19:53554801-53554910
ENSG00000135829|chr1:182839339-182839821	ENSG00000135829	DHX9	DHX9			targeting	2000	525.6525665283203	1120.0	False	0.0	True	1270	13534	chr1:182839339-182839821
ENSG00000171634|chr17:67825489-67825611	ENSG00000171634	BPTF	BPTF		Unknown	targeting	2000	525.6022094726562	1121.0	False	0.0	True	1270	13534	chr17:67825489-67825611
ENSG00000178163|chr4:10457085-10457415	ENSG00000178163	ZNF518B	ZNF518B	Factors with multiple dispersed zinc fingers	C2H2 ZF	targeting	2000	525.5513702392578	1122.0	False	0.0	True	1270	13534	chr4:10457085-10457415
ENSG00000107175|chr9:35732435-35732682	ENSG00000107175	CREB3	CREB3	CREB-related factors	bZIP	targeting	2000	525.5501342773438	1123.0	False	0.0	True	1270	13534	chr9:35732435-35732682
non-targeting|78|non-targeting:78-78						negative control	2000	525.5440612792969		False	0.0	True	1270	13534	non-targeting|78|non-targeting:78-78
ENSG00000185122|chr8:144291598-144292018	ENSG00000185122	HSF1	HSF1	HSF factors	HSF	targeting	2000	525.4815399169922	1124.0	False	0.0	True	1270	13534	chr8:144291598-144292018
ENSG00000181472|chr6:151391075-151391689	ENSG00000181472	ZBTB2	ZBTB2		C2H2 ZF	targeting	2000	525.4400665283204	1125.0	False	0.0	True	1270	13534	chr6:151391075-151391689
ENSG00000185947|chr16:31884557-31884981	ENSG00000185947	ZNF267	ZNF267		C2H2 ZF	targeting	2000	525.4276885986328	1126.0	False	0.0	True	1270	13534	chr16:31884557-31884981
ENSG00000177463|chr3:14947595-14947894	ENSG00000177463	NR2C2	NR2C2	RXR-related receptors (NR2)	Nuclear receptor	targeting	2000	525.4104522705078	1127.0	False	0.0	True	1270	13534	chr3:14947595-14947894
ENSG00000120837|chr12:104137785-104138192	ENSG00000120837	NFYB	NFYB	Heteromeric CCAAT-binding	Unknown	targeting	2000	525.3987030029297	1128.0	False	0.0	True	1270	13534	chr12:104137785-104138192
ENSG00000170802|chr2:48314704-48315130	ENSG00000170802	FOXN2	FOXN2		Forkhead	targeting	2000	525.3797821044922	1129.0	False	0.0	True	1270	13534	chr2:48314704-48315130
ENSG00000085276|chr3:169663167-169663716	ENSG00000085276	MECOM	MECOM		C2H2 ZF	targeting	2000	525.3664581298829	1130.0	False	0.0	True	1270	13534	chr3:169663167-169663716
non-targeting|73|non-targeting:73-73						negative control	2000	525.29619140625		False	0.0	True	1270	13534	non-targeting|73|non-targeting:73-73
ENSG00000221994|chrX:48071350-48071661	ENSG00000221994	ZNF630	ZNF630		C2H2 ZF	targeting	2000	525.1865081787109	1131.0	False	0.0	True	1270	13534	chrX:48071350-48071661
ENSG00000143842|chr1:204073095-204073323	ENSG00000143842	SOX13	SOX13	SOX-related factors	HMG/Sox	targeting	2000	525.1187591552734	1132.0	False	0.0	True	1270	13534	chr1:204073095-204073323
ENSG00000010030|chr6:36387625-36387679	ENSG00000010030	ETV7	ETV7	Ets-related	Ets	targeting	2000	525.0759735107422	1133.0	False	0.0	True	1270	13534	chr6:36387625-36387679
ENSG00000189420|chrX:153418302-153418522	ENSG00000189420	ZFP92	ZFP92		C2H2 ZF	targeting	2000	525.0387573242188	1134.0	False	0.0	True	1270	13534	chrX:153418302-153418522
ENSG00000143614|chr1:153922304-153922915	ENSG00000143614	GATAD2B	GATAD2B		GATA	targeting	2000	525.0200592041016	1135.0	False	0.0	True	1270	13534	chr1:153922304-153922915
ENSG00000113580|chr5:143403435-143404105	ENSG00000113580	NR3C1	NR3C1	Steroid hormone receptors (NR3)	Nuclear receptor	targeting	2000	525.0157867431641	1136.0	False	0.0	True	1270	13534	chr5:143403435-143404105
ENSG00000124766|chr6:21593726-21594227	ENSG00000124766	SOX4	SOX4	SOX-related factors	HMG/Sox	targeting	2000	524.994497680664	1137.0	False	0.0	True	1270	13534	chr6:21593726-21594227
ENSG00000114861|chr3:71583768-71583971	ENSG00000114861	FOXP1	FOXP1	FOX	Forkhead	targeting	2000	524.9412200927734	1138.0	False	0.0	True	1270	13534	chr3:71583768-71583971
ENSG00000180357|chr15:64499308-64499625	ENSG00000180357	ZNF609	ZNF609		C2H2 ZF	targeting	2000	524.8630310058594	1139.0	False	0.0	True	1270	13534	chr15:64499308-64499625
ENSG00000107164|chr9:130579043-130579844	ENSG00000107164	FUBP3	FUBP3		Unknown	targeting	2000	524.8456604003907	1140.0	False	0.0	True	1270	13534	chr9:130579043-130579844
ENSG00000089225|chr12:114407720-114407979	ENSG00000089225	TBX5	TBX5	TBX2-related factors	T-box	targeting	2000	524.8302978515625	1141.0	False	0.0	True	1270	13534	chr12:114407720-114407979
ENSG00000136770|chr10:22003461-22003710	ENSG00000136770	DNAJC1	DNAJC1		Myb/SANT	targeting	2000	524.8002624511719	1142.0	False	0.0	True	1270	13534	chr10:22003461-22003710
ENSG00000171720|chr5:141636432-141636870	ENSG00000171720	HDAC3	HDAC3		Unknown	targeting	2000	524.7882263183594	1143.0	False	0.0	True	1270	13534	chr5:141636432-141636870
ENSG00000075407|chr10:38094372-38094443	ENSG00000075407	ZNF37A	ZNF37A		C2H2 ZF	targeting	2000	524.7030364990235	1144.0	False	0.0	True	1270	13534	chr10:38094372-38094443
ENSG00000135638|chr2:72917516-72917748	ENSG00000135638	EMX1	EMX1	NK	Homeodomain	targeting	2000	524.6926574707031	1145.0	False	0.0	True	1270	13534	chr2:72917516-72917748
ENSG00000053254|chr14:89416760-89417237	ENSG00000053254	FOXN3	FOXN3	FOX	Forkhead	targeting	2000	524.6059448242188	1146.0	False	0.0	True	1270	13534	chr14:89416760-89417237
ENSG00000167554|chr19:52336284-52336769	ENSG00000167554	ZNF610	ZNF610	More than 3 adjacent zinc fingers	C2H2 ZF	targeting	2000	524.5581695556641	1147.0	False	0.0	True	1270	13534	chr19:52336284-52336769
ENSG00000167962|chr16:2009590-2009786	ENSG00000167962	ZNF598	ZNF598		C2H2 ZF	targeting	2000	524.46474609375	1148.0	False	0.0	True	1270	13534	chr16:2009590-2009786
ENSG00000178913|chr5:141320328-141320777	ENSG00000178913	TAF7	TAF7		Unknown	targeting	2000	524.4075378417969	1149.0	False	0.0	True	1270	13534	chr5:141320328-141320777
ENSG00000130675|chr7:157010490-157010675	ENSG00000130675	MNX1	MNX1	HOX	Homeodomain	targeting	2000	524.3747772216797	1150.0	False	0.0	True	1270	13534	chr7:157010490-157010675
ENSG00000171223|chr19:12791480-12791693	ENSG00000171223	JUNB	JUNB	Jun-related	bZIP	targeting	2000	524.3419311523437	1151.0	False	0.0	True	1270	13534	chr19:12791480-12791693
ENSG00000197123|chr7:64248982-64249326	ENSG00000197123	ZNF679	ZNF679		C2H2 ZF	targeting	2000	524.3120147705079	1152.0	False	0.0	True	1270	13534	chr7:64248982-64249326
ENSG00000105662|chr19:18683705-18683973	ENSG00000105662	CRTC1	CRTC1		Unknown	targeting	2000	524.3084045410156	1153.0	False	0.0	True	1270	13534	chr19:18683705-18683973
ENSG00000109906|chr11:114059720-114060208	ENSG00000109906	ZBTB16	ZBTB16		C2H2 ZF	targeting	2000	524.2914978027344	1154.0	False	0.0	True	1270	13534	chr11:114059720-114060208
ENSG00000152475|chr19:58380782-58381055	ENSG00000152475	ZNF837	ZNF837		C2H2 ZF	targeting	2000	524.1968078613281	1155.0	False	0.0	True	1270	13534	chr19:58380782-58381055
ENSG00000153814|chr7:28180329-28180765	ENSG00000153814	JAZF1	JAZF1		C2H2 ZF	targeting	2000	524.1950988769531	1156.0	False	0.0	True	1270	13534	chr7:28180329-28180765
ENSG00000186272|chr19:57411155-57411341	ENSG00000186272	ZNF17	ZNF17		C2H2 ZF	targeting	2000	524.0788879394531	1157.0	False	0.0	True	1270	13534	chr19:57411155-57411341
ENSG00000167232|chr19:23394981-23395465	ENSG00000167232	ZNF91	ZNF91		C2H2 ZF	targeting	2000	523.9794494628907	1158.0	False	0.0	True	1270	13534	chr19:23394981-23395465
ENSG00000143799|chr1:226407640-226408092	ENSG00000143799	PARP1	PARP1		Unknown	targeting	2000	523.8426483154296	1159.0	False	0.0	True	1270	13534	chr1:226407640-226408092
ENSG00000197724|chr9:93576789-93577029	ENSG00000197724	PHF2	PHF2			targeting	2000	523.8064453125	1160.0	False	0.0	True	1270	13534	chr9:93576789-93577029
ENSG00000121297|chr19:31349211-31349434	ENSG00000121297	TSHZ3	TSHZ3		C2H2 ZF	targeting	2000	523.6912872314454	1161.0	False	0.0	True	1270	13534	chr19:31349211-31349434
ENSG00000196268|chr19:21397161-21397525	ENSG00000196268	ZNF493	ZNF493	More than 3 adjacent zinc fingers	C2H2 ZF	targeting	2000	523.6824737548828	1162.0	False	0.0	True	1270	13534	chr19:21397161-21397525
ENSG00000119547|chr18:57435363-57435748	ENSG00000119547	ONECUT2	ONECUT2	HD-CUT	CUT; Homeodomain	targeting	2000	523.664907836914	1163.0	False	0.0	True	1270	13534	chr18:57435363-57435748
ENSG00000178403|chr4:112516087-112516577	ENSG00000178403	NEUROG2	NEUROG2	Tal-related	bHLH	targeting	2000	523.6032806396485	1164.0	False	0.0	True	1270	13534	chr4:112516087-112516577
ENSG00000180346|chr4:89113555-89113976	ENSG00000180346	TIGD2	TIGD2		CENPB	targeting	2000	523.5825103759765	1165.0	False	0.0	True	1270	13534	chr4:89113555-89113976
ENSG00000182983|chr3:42906147-42906503	ENSG00000182983	ZNF662	ZNF662		C2H2 ZF	targeting	2000	523.4726776123047	1166.0	False	0.0	True	1270	13534	chr3:42906147-42906503
ENSG00000109686|chr4:151227651-151227895	ENSG00000109686	SH3D19	SH3D19			targeting	2000	523.4042327880859	1167.0	False	0.0	True	1270	13534	chr4:151227651-151227895
non-targeting|35|non-targeting:35-35						negative control	2000	523.3850341796875		False	0.0	True	1270	13534	non-targeting|35|non-targeting:35-35
ENSG00000121075|chr17:61456284-61456679	ENSG00000121075	TBX4	TBX4	TBX2-related factors	T-box	targeting	2000	523.345816040039	1168.0	False	0.0	True	1270	13534	chr17:61456284-61456679
ENSG00000125826|chr20:408225-408558	ENSG00000125826	RBCK1	RBCK1		Unknown	targeting	2000	523.2762847900391	1169.0	False	0.0	True	1270	13534	chr20:408225-408558
ENSG00000171163|chr1:248858768-248859075	ENSG00000171163	ZNF692	ZNF692	More than 3 adjacent zinc fingers	C2H2 ZF	targeting	2000	523.2263366699219	1170.0	False	0.0	True	1270	13534	chr1:248858768-248859075
ENSG00000100811|chr14:100238828-100239527	ENSG00000100811	YY1	YY1	More than 3 adjacent zinc fingers	C2H2 ZF	targeting	2000	523.1620361328125	1171.0	False	0.0	True	1270	13534	chr14:100238828-100239527
ENSG00000076770|chrX:132439461-132439673	ENSG00000076770	MBNL3	MBNL3		CCCH ZF	targeting	2000	523.0466918945312	1172.0	False	0.0	True	1270	13534	chrX:132439461-132439673
ENSG00000103363|chr16:2777223-2777598	ENSG00000103363	TCEB2	ELOB			targeting	2000	523.0150146484375	1173.0	False	0.0	True	1270	13534	chr16:2777223-2777598
ENSG00000157613|chr11:46277718-46278083	ENSG00000157613	CREB3L1	CREB3L1	CREB-related factors	bZIP	targeting	2000	522.9564178466796	1174.0	False	0.0	True	1270	13534	chr11:46277718-46278083
ENSG00000182158|chr7:138001962-138002089	ENSG00000182158	CREB3L2	CREB3L2		bZIP	targeting	2000	522.956185913086	1175.0	False	0.0	True	1270	13534	chr7:138001962-138002089
ENSG00000178691|chr17:31937137-31937387	ENSG00000178691	SUZ12	SUZ12		Unknown	targeting	2000	522.7575408935547	1176.0	False	0.0	True	1270	13534	chr17:31937137-31937387
ENSG00000198342|chr19:12365551-12365666	ENSG00000198342	ZNF442	ZNF442		C2H2 ZF	targeting	2000	522.7404968261719	1177.0	False	0.0	True	1270	13534	chr19:12365551-12365666
ENSG00000171448|chr9:122931221-122931493	ENSG00000171448	ZBTB26	ZBTB26	More than 3 adjacent zinc fingers	C2H2 ZF	targeting	2000	522.5517181396484	1178.0	False	0.0	True	1270	13534	chr9:122931221-122931493
ENSG00000125798|chr20:22584176-22584755	ENSG00000125798	FOXA2	FOXA2	FOX	Forkhead	targeting	2000	522.5451782226562	1179.0	False	0.0	True	1270	13534	chr20:22584176-22584755
ENSG00000008441|chr19:13023980-13024265	ENSG00000008441	NFIX	NFIX	Nuclear factor 1	SMAD	targeting	2000	522.5386444091797	1180.0	False	0.0	True	1270	13534	chr19:13023980-13024265
non-targeting|21|non-targeting:21-21						negative control	2000	522.4558471679687		False	0.0	True	1270	13534	non-targeting|21|non-targeting:21-21
ENSG00000175213|chr11:46701025-46701291	ENSG00000175213	ZNF408	ZNF408		C2H2 ZF	targeting	2000	522.4330017089844	1181.0	False	0.0	True	1270	13534	chr11:46701025-46701291
ENSG00000196946|chr12:8156626-8156917	ENSG00000196946	ZNF705A	ZNF705A		C2H2 ZF	targeting	2000	522.3698364257813	1182.0	False	0.0	True	1270	13534	chr12:8156626-8156917
ENSG00000106459|chr7:129611731-129612109	ENSG00000106459	NRF1	NRF1	NRF	Unknown	targeting	2000	522.3609313964844	1183.0	False	0.0	True	1270	13534	chr7:129611731-129612109
ENSG00000164011|chr1:42846603-42846685	ENSG00000164011	ZNF691	ZNF691		C2H2 ZF	targeting	2000	522.3458312988281	1184.0	False	0.0	True	1270	13534	chr1:42846603-42846685
ENSG00000186300|chr19:2841473-2841542	ENSG00000186300	ZNF555	ZNF555		C2H2 ZF	targeting	2000	522.2859375	1185.0	False	0.0	True	1270	13534	chr19:2841473-2841542
ENSG00000008196|chr6:50818872-50819005	ENSG00000008196	TFAP2B	TFAP2B	AP-2	AP-2	targeting	2000	522.2830200195312	1186.0	False	0.0	True	1270	13534	chr6:50818872-50819005
ENSG00000197587|chr1:46506659-46507174	ENSG00000197587	DMBX1	DMBX1		Homeodomain	targeting	2000	522.2804931640625	1187.0	False	0.0	True	1270	13534	chr1:46506659-46507174
ENSG00000168779|chr3:158105681-158105761	ENSG00000168779	SHOX2	SHOX2		Homeodomain	targeting	2000	522.229443359375	1188.0	False	0.0	True	1270	13534	chr3:158105681-158105761
ENSG00000236287|chr11:10857566-10858031	ENSG00000236287	ZBED5	ZBED5	BED zinc finger factors	BED ZF	targeting	2000	522.1455627441406	1189.0	False	0.0	True	1270	13534	chr11:10857566-10858031
ENSG00000159592|chr1:45686266-45686835	ENSG00000159592	GPBP1L1	GPBP1L1		Unknown	targeting	2000	522.1189270019531	1190.0	False	0.0	True	1270	13534	chr1:45686266-45686835
non-targeting|52|non-targeting:52-52						negative control	2000	522.0850158691406		False	0.0	True	1270	13534	non-targeting|52|non-targeting:52-52
ENSG00000123411|chr12:56007477-56007732	ENSG00000123411	IKZF4	IKZF4		C2H2 ZF	targeting	2000	522.036734008789	1191.0	False	0.0	True	1270	13534	chr12:56007477-56007732
ENSG00000171476|chr4:56680799-56681284	ENSG00000171476	HOPX	HOPX		Homeodomain	targeting	2000	521.9491943359375	1192.0	False	0.0	True	1270	13534	chr4:56680799-56681284
ENSG00000169946|chr8:105318480-105318968	ENSG00000169946	ZFPM2	ZFPM2		C2H2 ZF	targeting	2000	521.9330230712891	1193.0	False	0.0	True	1270	13534	chr8:105318480-105318968
ENSG00000130818|chr19:9538448-9538647	ENSG00000130818	ZNF426	ZNF426		C2H2 ZF	targeting	2000	521.9155212402344	1194.0	False	0.0	True	1270	13534	chr19:9538448-9538647
ENSG00000102901|chr16:67833458-67833896	ENSG00000102901	CENPT	CENPT		Unknown	targeting	2000	521.7324493408203	1195.0	False	0.0	True	1270	13534	chr16:67833458-67833896
ENSG00000107187|chr9:136204942-136205115	ENSG00000107187	LHX3	LHX3		Homeodomain	targeting	2000	521.6579833984375	1196.0	False	0.0	True	1270	13534	chr9:136204942-136205115
ENSG00000159915|chr19:44259915-44259999	ENSG00000159915	ZNF233	ZNF233		C2H2 ZF	targeting	2000	521.5966735839844	1197.0	False	0.0	True	1270	13534	chr19:44259915-44259999
ENSG00000151615|chr4:146638902-146639129	ENSG00000151615	POU4F2	POU4F2	POU domain factors	Homeodomain; POU	targeting	2000	521.5853820800781	1198.0	False	0.0	True	1270	13534	chr4:146638902-146639129
ENSG00000176160|chr17:58488319-58488401	ENSG00000176160	HSF5	HSF5	HSF factors	HSF	targeting	2000	521.4193176269531	1199.0	False	0.0	True	1270	13534	chr17:58488319-58488401
ENSG00000205927|chr21:33025910-33026198	ENSG00000205927	OLIG2	OLIG2	Tal-related	bHLH	targeting	2000	521.3700927734375	1200.0	False	0.0	True	1270	13534	chr21:33025910-33026198
ENSG00000172262|chr5:43120927-43121760	ENSG00000172262	ZNF131	ZNF131	More than 3 adjacent zinc fingers	C2H2 ZF	targeting	2000	521.3496307373047	1201.0	False	0.0	True	1270	13534	chr5:43120927-43121760
ENSG00000132382|chr17:4555048-4555425	ENSG00000132382	MYBBP1A	MYBBP1A		Unknown	targeting	2000	521.2713195800782	1202.0	False	0.0	True	1270	13534	chr17:4555048-4555425
ENSG00000014164|chr8:143541215-143541439	ENSG00000014164	ZC3H3	ZC3H3		CCCH ZF	targeting	2000	521.2625305175782	1203.0	False	0.0	True	1270	13534	chr8:143541215-143541439
ENSG00000144485|chr2:238239969-238240617	ENSG00000144485	HES6	HES6	Hairy-related factors	bHLH	targeting	2000	521.2600311279297	1204.0	False	0.0	True	1270	13534	chr2:238239969-238240617
ENSG00000151650|chr10:133238114-133238378	ENSG00000151650	VENTX	VENTX	NK	Homeodomain	targeting	2000	521.259619140625	1205.0	False	0.0	True	1270	13534	chr10:133238114-133238378
non-targeting|50|non-targeting:50-50						negative control	2000	521.218051147461		False	0.0	True	1270	13534	non-targeting|50|non-targeting:50-50
ENSG00000163497|chr2:218983882-218985182	ENSG00000163497	FEV	FEV	Ets-related	Ets	targeting	2000	521.1471923828125	1206.0	False	0.0	True	1270	13534	chr2:218983882-218985182
ENSG00000197385|chr3:31981477-31981824	ENSG00000197385	ZNF860	ZNF860		C2H2 ZF	targeting	2000	521.084716796875	1207.0	False	0.0	True	1270	13534	chr3:31981477-31981824
ENSG00000162992|chr2:181680432-181680533	ENSG00000162992	NEUROD1	NEUROD1	Tal-related	bHLH	targeting	2000	521.0836517333985	1208.0	False	0.0	True	1270	13534	chr2:181680432-181680533
ENSG00000185129|chr5:140114164-140114522	ENSG00000185129	PURA	PURA		Unknown	targeting	2000	521.0738372802734	1209.0	False	0.0	True	1270	13534	chr5:140114164-140114522
ENSG00000160633|chr19:5623093-5623524	ENSG00000160633	SAFB	SAFB		Unknown	targeting	2000	520.9159118652344	1210.0	False	0.0	True	1270	13534	chr19:5623093-5623524
ENSG00000010818|chr6:142944844-142945215	ENSG00000010818	HIVEP2	HIVEP2		C2H2 ZF	targeting	2000	520.9133758544922	1211.0	False	0.0	True	1270	13534	chr6:142944844-142945215
ENSG00000111046|chr12:80707663-80707957	ENSG00000111046	MYF6	MYF6	MyoD/ASC-related factors	bHLH	targeting	2000	520.8775360107422	1212.0	False	0.0	True	1270	13534	chr12:80707663-80707957
ENSG00000145908|chr5:150904662-150904987	ENSG00000145908	ZNF300	ZNF300		C2H2 ZF	targeting	2000	520.828662109375	1213.0	False	0.0	True	1270	13534	chr5:150904662-150904987
ENSG00000165916|chr11:47425762-47426264	ENSG00000165916	PSMC3	PSMC3			targeting	2000	520.7784973144531	1214.0	False	0.0	True	1270	13534	chr11:47425762-47426264
ENSG00000124795|chr6:18264115-18264498	ENSG00000124795	DEK	DEK		Unknown	targeting	2000	520.7040374755859	1215.0	False	0.0	True	1270	13534	chr6:18264115-18264498
ENSG00000165556|chr13:27968887-27969277	ENSG00000165556	CDX2	CDX2	HOX	Homeodomain	targeting	2000	520.7011657714844	1216.0	False	0.0	True	1270	13534	chr13:27968887-27969277
ENSG00000171476|chr4:56655786-56656017	ENSG00000171476	HOPX	HOPX		Homeodomain	targeting	2000	520.6558166503906	1217.0	False	0.0	True	1270	13534	chr4:56655786-56656017
ENSG00000111249|chr12:111033734-111034313	ENSG00000111249	CUX2	CUX2	HD-CUT	CUT; Homeodomain	targeting	2000	520.6471893310547	1218.0	False	0.0	True	1270	13534	chr12:111033734-111034313
ENSG00000179627|chr14:104800555-104801197	ENSG00000179627	ZBTB42	ZBTB42		C2H2 ZF	targeting	2000	520.6275054931641	1219.0	False	0.0	True	1270	13534	chr14:104800555-104801197
ENSG00000172818|chr11:65787089-65787314	ENSG00000172818	OVOL1	OVOL1	More than 3 adjacent zinc fingers	C2H2 ZF	targeting	2000	520.6056823730469	1220.0	False	0.0	True	1270	13534	chr11:65787089-65787314
ENSG00000215021|chr12:6970304-6970667	ENSG00000215021	PHB2	PHB2		Unknown	targeting	2000	520.4683288574219	1221.0	False	0.0	True	1270	13534	chr12:6970304-6970667
ENSG00000165061|chr8:40897731-40897823	ENSG00000165061	ZMAT4	ZMAT4		C2H2 ZF	targeting	2000	520.4625732421875	1222.0	False	0.0	True	1270	13534	chr8:40897731-40897823
ENSG00000100906|chr14:35404413-35404643	ENSG00000100906	NFKBIA	NFKBIA		Unknown	targeting	2000	520.4399810791016	1223.0	False	0.0	True	1270	13534	chr14:35404413-35404643
ENSG00000186026|chr19:44072127-44072357	ENSG00000186026	ZNF284	ZNF284		C2H2 ZF	targeting	2000	520.4308990478515	1224.0	False	0.0	True	1270	13534	chr19:44072127-44072357
ENSG00000188629|chr19:9324271-9324519	ENSG00000188629	ZNF177	ZNF177		C2H2 ZF	targeting	2000	520.4202087402343	1225.0	False	0.0	True	1270	13534	chr19:9324271-9324519
ENSG00000163159|chr1:151189714-151190216	ENSG00000163159	VPS72	VPS72		Unknown	targeting	2000	520.41943359375	1226.0	False	0.0	True	1270	13534	chr1:151189714-151190216
ENSG00000260428|chr8:144266603-144266696	ENSG00000260428	SCXA	SCX		bHLH	targeting	2000	520.409213256836	1227.0	False	0.0	True	1270	13534	chr8:144266603-144266696
ENSG00000260428|chr8:144266603-144266696	ENSG00000260428	SCXB	SCX		bHLH	targeting	2000	520.409213256836	1227.0	False	0.0	True	1270	13534	chr8:144266603-144266696
ENSG00000260428|chr8:144266603-144266696	ENSG00000260428	SCXB	SCX		bHLH	targeting	2000	520.409213256836	1227.0	False	0.0	True	1270	13534	chr8:144266603-144266696
ENSG00000260428|chr8:144266603-144266696	ENSG00000260428	SCXA	SCX		bHLH	targeting	2000	520.409213256836	1227.0	False	0.0	True	1270	13534	chr8:144266603-144266696
ENSG00000062194|chr5:57173821-57174338	ENSG00000062194	GPBP1	GPBP1		Unknown	targeting	2000	520.3728240966797	1229.0	False	0.0	True	1270	13534	chr5:57173821-57174338
ENSG00000166211|chr12:101475319-101475804	ENSG00000166211	SPIC	SPIC	Ets-related	Ets	targeting	2000	520.3213348388672	1230.0	False	0.0	True	1270	13534	chr12:101475319-101475804
ENSG00000185650|chr14:68792657-68793069	ENSG00000185650	ZFP36L1	ZFP36L1		CCCH ZF	targeting	2000	520.2987731933594	1231.0	False	0.0	True	1270	13534	chr14:68792657-68793069
non-targeting|67|non-targeting:67-67						negative control	2000	520.1973724365234		False	0.0	True	1270	13534	non-targeting|67|non-targeting:67-67
ENSG00000102034|chrX:130110164-130110816	ENSG00000102034	ELF4	ELF4	Ets-related	Ets	targeting	2000	520.0991424560547	1232.0	False	0.0	True	1270	13534	chrX:130110164-130110816
ENSG00000129084|chr11:14519918-14520317	ENSG00000129084	PSMA1	PSMA1			targeting	2000	520.0520477294922	1233.0	False	0.0	True	1270	13534	chr11:14519918-14520317
ENSG00000163132|chr4:4859679-4859885	ENSG00000163132	MSX1	MSX1	NK	Homeodomain	targeting	2000	520.0402770996094	1234.0	False	0.0	True	1270	13534	chr4:4859679-4859885
ENSG00000251493|chr5:73448566-73448760	ENSG00000251493	FOXD1	FOXD1	FOX	Forkhead	targeting	2000	519.9412292480469	1235.0	False	0.0	True	1270	13534	chr5:73448566-73448760
ENSG00000180535|chr7:98211445-98211525	ENSG00000180535	BHLHA15	BHLHA15	Tal-related	bHLH	targeting	2000	519.9048797607422	1236.0	False	0.0	True	1270	13534	chr7:98211445-98211525
ENSG00000115750|chr2:9843488-9843558	ENSG00000115750	TAF1B	TAF1B		Unknown	targeting	2000	519.8681091308594	1237.0	False	0.0	True	1270	13534	chr2:9843488-9843558
ENSG00000148337|chr9:128191469-128191582	ENSG00000148337	CIZ1	CIZ1		Unknown	targeting	2000	519.8531097412109	1238.0	False	0.0	True	1270	13534	chr9:128191469-128191582
ENSG00000104221|chr8:37849632-37849865	ENSG00000104221	BRF2	BRF2		Unknown	targeting	2000	519.7144958496094	1239.0	False	0.0	True	1270	13534	chr8:37849632-37849865
ENSG00000100968|chr14:24368179-24368566	ENSG00000100968	NFATC4	NFATC4	NFAT-related factors	Rel	targeting	2000	519.6235595703125	1240.0	False	0.0	True	1270	13534	chr14:24368179-24368566
ENSG00000134323|chr2:15941813-15942200	ENSG00000134323	MYCN	MYCN	bHLH-ZIP	bHLH	targeting	2000	519.6220092773438	1241.0	False	0.0	True	1270	13534	chr2:15941813-15942200
ENSG00000122691|chr7:19117247-19117637	ENSG00000122691	TWIST1	TWIST1	Tal-related	bHLH	targeting	2000	519.6179260253906	1242.0	False	0.0	True	1270	13534	chr7:19117247-19117637
ENSG00000169375|chr15:75451442-75451699	ENSG00000169375	SIN3A	SIN3A		Unknown	targeting	2000	519.5645904541016	1243.0	False	0.0	True	1270	13534	chr15:75451442-75451699
ENSG00000103343|chr16:3401220-3401665	ENSG00000103343	ZNF174	ZNF174		C2H2 ZF	targeting	2000	519.5178527832031	1244.0	False	0.0	True	1270	13534	chr16:3401220-3401665
ENSG00000152784|chr4:80183804-80184021	ENSG00000152784	PRDM8	PRDM8		C2H2 ZF	targeting	2000	519.4760681152344	1245.0	False	0.0	True	1270	13534	chr4:80183804-80184021
ENSG00000135373|chr11:34621107-34621507	ENSG00000135373	EHF	EHF	Ets-related	Ets	targeting	2000	519.4630554199218	1246.0	False	0.0	True	1270	13534	chr11:34621107-34621507
ENSG00000171970|chr19:2900952-2901025	ENSG00000171970	ZNF57	ZNF57	More than 3 adjacent zinc fingers	C2H2 ZF	targeting	2000	519.4123413085938	1247.0	False	0.0	True	1270	13534	chr19:2900952-2901025
non-targeting|81|non-targeting:81-81						negative control	2000	519.4110900878907		False	0.0	True	1270	13534	non-targeting|81|non-targeting:81-81
ENSG00000171872|chr1:44118838-44119110	ENSG00000171872	KLF17	KLF17	Three-zinc finger Kruppel-related	C2H2 ZF	targeting	2000	519.3255004882812	1248.0	False	0.0	True	1270	13534	chr1:44118838-44119110
ENSG00000160224|chr21:44285835-44286115	ENSG00000160224	AIRE	AIRE		SAND	targeting	2000	519.2716674804688	1249.0	False	0.0	True	1270	13534	chr21:44285835-44286115
ENSG00000233608|chr2:238848065-238848373	ENSG00000233608	TWIST2	TWIST2		bHLH	targeting	2000	519.2073516845703	1250.0	False	0.0	True	1270	13534	chr2:238848065-238848373
ENSG00000120669|chr13:36214360-36214552	ENSG00000120669	SOHLH2	SOHLH2	PAS domain factors	bHLH	targeting	2000	519.1536926269531	1251.0	False	0.0	True	1270	13534	chr13:36214360-36214552
ENSG00000214575|chr15:82628003-82628484	ENSG00000214575	CPEB1	CPEB1		Unknown	targeting	2000	519.1449798583984	1252.0	False	0.0	True	1270	13534	chr15:82628003-82628484
ENSG00000152804|chr10:92689947-92690197	ENSG00000152804	HHEX	HHEX		Homeodomain	targeting	2000	519.049429321289	1253.0	False	0.0	True	1270	13534	chr10:92689947-92690197
ENSG00000189180|chr10:38010655-38010954	ENSG00000189180	ZNF33A	ZNF33A		C2H2 ZF	targeting	2000	518.9722747802734	1254.0	False	0.0	True	1270	13534	chr10:38010655-38010954
ENSG00000180257|chr19:52942344-52942598	ENSG00000180257	ZNF816	ZNF816	More than 3 adjacent zinc fingers	C2H2 ZF	targeting	2000	518.963427734375	1255.0	False	0.0	True	1270	13534	chr19:52942344-52942598
ENSG00000100105|chr22:31343112-31343320	ENSG00000100105	PATZ1	PATZ1	Factors with multiple dispersed zinc fingers	C2H2 ZF; AT hook	targeting	2000	518.9082153320312	1256.0	False	0.0	True	1270	13534	chr22:31343112-31343320
ENSG00000278318|chr19:44448380-44448475	ENSG00000278318	ZNF229	ZNF229		C2H2 ZF	targeting	2000	518.888916015625	1257.0	False	0.0	True	1270	13534	chr19:44448380-44448475
ENSG00000168214|chr4:26320966-26321064	ENSG00000168214	RBPJ	RBPJ	CSL-related factors	CSL	targeting	2000	518.7922485351562	1258.0	False	0.0	True	1270	13534	chr4:26320966-26321064
ENSG00000105698|chr19:35268935-35269465	ENSG00000105698	USF2	USF2	bHLH-ZIP	bHLH	targeting	2000	518.7079040527344	1259.0	False	0.0	True	1270	13534	chr19:35268935-35269465
ENSG00000196150|chr8:144901175-144902108	ENSG00000196150	ZNF250	ZNF250	More than 3 adjacent zinc fingers	C2H2 ZF	targeting	2000	518.6021362304688	1260.0	False	0.0	True	1270	13534	chr8:144901175-144902108
ENSG00000167840|chr17:5123012-5123108	ENSG00000167840	ZNF232	ZNF232		C2H2 ZF	targeting	2000	518.5915557861329	1261.0	False	0.0	True	1270	13534	chr17:5123012-5123108
ENSG00000205143|chr9:34628366-34628548	ENSG00000205143	ARID3C	ARID3C		ARID/BRIGHT	targeting	2000	518.5905670166015	1262.0	False	0.0	True	1270	13534	chr9:34628366-34628548
ENSG00000125878|chr20:610019-610285	ENSG00000125878	TCF15	TCF15		bHLH	targeting	2000	518.5582916259766	1263.0	False	0.0	True	1270	13534	chr20:610019-610285
ENSG00000140262|chr15:57219458-57219674	ENSG00000140262	TCF12	TCF12	E2A	bHLH	targeting	2000	518.5485443115234	1264.0	False	0.0	True	1270	13534	chr15:57219458-57219674
ENSG00000067082|chr10:3784753-3784999	ENSG00000067082	KLF6	KLF6	Three-zinc finger Kruppel-related	C2H2 ZF	targeting	2000	518.4938842773438	1265.0	False	0.0	True	1270	13534	chr10:3784753-3784999
ENSG00000118689|chr6:108559819-108560248	ENSG00000118689	FOXO3	FOXO3	FOX	Forkhead	targeting	2000	518.4806945800781	1266.0	False	0.0	True	1270	13534	chr6:108559819-108560248
ENSG00000196419|chr22:41621332-41621758	ENSG00000196419	XRCC6	XRCC6			targeting	2000	518.4561218261719	1267.0	False	0.0	True	1270	13534	chr22:41621332-41621758
ENSG00000188095|chr15:89776688-89776891	ENSG00000188095	MESP2	MESP2		bHLH	targeting	2000	518.4010925292969	1268.0	False	0.0	True	1270	13534	chr15:89776688-89776891
ENSG00000023287|chr8:52656074-52656492	ENSG00000023287	RB1CC1	RB1CC1			targeting	2000	518.3603729248047	1269.0	False	0.0	True	1270	13534	chr8:52656074-52656492
ENSG00000204519|chr19:57681980-57682215	ENSG00000204519	ZNF551	ZNF551	More than 3 adjacent zinc fingers	C2H2 ZF	targeting	2000	518.2978424072265	1270.0	False	0.0	True	1270	13534	chr19:57681980-57682215
ENSG00000197483|chr19:55476626-55476821	ENSG00000197483	ZNF628	ZNF628		C2H2 ZF	targeting	2000	518.245962524414	1271.0	False	0.0	True	1270	13534	chr19:55476626-55476821
ENSG00000101493|chr18:76494781-76495199	ENSG00000101493	ZNF516	ZNF516		C2H2 ZF	targeting	2000	518.1866241455078	1272.0	False	0.0	True	1270	13534	chr18:76494781-76495199
ENSG00000167766|chr19:52637955-52638354	ENSG00000167766	ZNF83	ZNF83		C2H2 ZF	targeting	2000	518.1661804199218	1273.0	False	0.0	True	1270	13534	chr19:52637955-52638354
ENSG00000088881|chr20:2692766-2693159	ENSG00000088881	EBF4	EBF4		EBF1	targeting	2000	518.1297454833984	1274.0	False	0.0	True	1270	13534	chr20:2692766-2693159
ENSG00000081386|chr9:96777850-96778088	ENSG00000081386	ZNF510	ZNF510	Factors with multiple dispersed zinc fingers	C2H2 ZF	targeting	2000	518.1124053955078	1275.0	False	0.0	True	1270	13534	chr9:96777850-96778088
ENSG00000130699|chr20:62065422-62065897	ENSG00000130699	TAF4	TAF4		Unknown	targeting	2000	518.1098510742188	1276.0	False	0.0	True	1270	13534	chr20:62065422-62065897
ENSG00000170178|chr2:176099808-176100181	ENSG00000170178	HOXD12	HOXD12	HOX	Homeodomain	targeting	2000	518.0577819824218	1277.0	False	0.0	True	1270	13534	chr2:176099808-176100181
ENSG00000250571|chr8:143267464-143267554	ENSG00000250571	GLI4	GLI4		C2H2 ZF	targeting	2000	517.9777038574218	1278.0	False	0.0	True	1270	13534	chr8:143267464-143267554
ENSG00000213973|chr19:22783798-22784120	ENSG00000213973	ZNF99	ZNF99		C2H2 ZF	targeting	2000	517.9234313964844	1279.0	False	0.0	True	1270	13534	chr19:22783798-22784120
ENSG00000243943|chr2:27583020-27583141	ENSG00000243943	ZNF512	ZNF512		C2H2 ZF; BED ZF	targeting	2000	517.9181610107422	1280.0	False	0.0	True	1270	13534	chr2:27583020-27583141
ENSG00000171827|chr19:37469357-37469633	ENSG00000171827	ZNF570	ZNF570		C2H2 ZF	targeting	2000	517.8307952880859	1281.0	False	0.0	True	1270	13534	chr19:37469357-37469633
ENSG00000106462|chr7:148883770-148884292	ENSG00000106462	EZH2	EZH2		Unknown	targeting	2000	517.819613647461	1282.0	False	0.0	True	1270	13534	chr7:148883770-148884292
ENSG00000185630|chr1:164559214-164559453	ENSG00000185630	PBX1	PBX1	TALE-type homeo domain factors	Homeodomain	targeting	2000	517.7974304199219	1283.0	False	0.0	True	1270	13534	chr1:164559214-164559453
ENSG00000183779|chr8:37695762-37696290	ENSG00000183779	ZNF703	ZNF703		C2H2 ZF	targeting	2000	517.7649047851562	1284.0	False	0.0	True	1270	13534	chr8:37695762-37696290
ENSG00000227124|chr3:75785103-75785548	ENSG00000227124	ZNF717	ZNF717		C2H2 ZF	targeting	2000	517.6234130859375	1285.0	False	0.0	True	1270	13534	chr3:75785103-75785548
ENSG00000076108|chr12:56636114-56636380	ENSG00000076108	BAZ2A	BAZ2A		MBD; AT hook	targeting	2000	517.6000671386719	1286.0	False	0.0	True	1270	13534	chr12:56636114-56636380
ENSG00000142409|chr19:56120825-56121263	ENSG00000142409	ZNF787	ZNF787		C2H2 ZF	targeting	2000	517.5834655761719	1287.0	False	0.0	True	1270	13534	chr19:56120825-56121263
ENSG00000091831|chr6:151690512-151690666	ENSG00000091831	ESR1	ESR1	Steroid hormone receptors (NR3)	Nuclear receptor	targeting	2000	517.4100372314454	1288.0	False	0.0	True	1270	13534	chr6:151690512-151690666
ENSG00000121481|chr1:185045530-185045974	ENSG00000121481	RNF2	RNF2		Unknown	targeting	2000	517.3925018310547	1289.0	False	0.0	True	1270	13534	chr1:185045530-185045974
ENSG00000025434|chr11:47248900-47249373	ENSG00000025434	NR1H3	NR1H3		Nuclear receptor	targeting	2000	517.3497161865234	1290.0	False	0.0	True	1270	13534	chr11:47248900-47249373
ENSG00000010244|chr17:32360678-32361025	ENSG00000010244	ZNF207	ZNF207		C2H2 ZF	targeting	2000	517.1847259521485	1291.0	False	0.0	True	1270	13534	chr17:32360678-32361025
ENSG00000164093|chr4:110622979-110623083	ENSG00000164093	PITX2	PITX2	Paired-related HD factors	Homeodomain	targeting	2000	517.142465209961	1292.0	False	0.0	True	1270	13534	chr4:110622979-110623083
ENSG00000141448|chr18:22169605-22169694	ENSG00000141448	GATA6	GATA6	C4-GATA-related	GATA	targeting	2000	517.1361511230468	1293.0	False	0.0	True	1270	13534	chr18:22169605-22169694
ENSG00000168772|chr4:104494819-104494900	ENSG00000168772	CXXC4	CXXC4		CxxC	targeting	2000	517.0583068847657	1294.0	False	0.0	True	1270	13534	chr4:104494819-104494900
ENSG00000140386|chr15:76905260-76905329	ENSG00000140386	SCAPER	SCAPER		Unknown	targeting	2000	517.02470703125	1295.0	False	0.0	True	1270	13534	chr15:76905260-76905329
ENSG00000101883|chrX:120116206-120116469	ENSG00000101883	RHOXF1	RHOXF1	Paired-related HD factors	Homeodomain	targeting	2000	516.9654541015625	1296.0	False	0.0	True	1270	13534	chrX:120116206-120116469
ENSG00000276644|chr13:71866817-71867048	ENSG00000276644	DACH1	DACH1		Unknown	targeting	2000	516.9171905517578	1297.0	False	0.0	True	1270	13534	chr13:71866817-71867048
ENSG00000234616|chr8:142681895-142681996	ENSG00000234616	JRK	JRK		CENPB	targeting	2000	516.8531066894532	1298.0	False	0.0	True	1270	13534	chr8:142681895-142681996
ENSG00000183684|chr17:81891193-81891580	ENSG00000183684	ALYREF	ALYREF			targeting	2000	516.8385833740234	1299.0	False	0.0	True	1270	13534	chr17:81891193-81891580
ENSG00000048540|chr12:16606259-16606486	ENSG00000048540	LMO3	LMO3			targeting	2000	516.7825958251954	1300.0	False	0.0	True	1270	13534	chr12:16606259-16606486
ENSG00000184677|chr1:22451847-22452362	ENSG00000184677	ZBTB40	ZBTB40	More than 3 adjacent zinc fingers	C2H2 ZF	targeting	2000	516.7142272949219	1301.0	False	0.0	True	1270	13534	chr1:22451847-22452362
ENSG00000059122|chr16:2911990-2912420	ENSG00000059122	FLYWCH1	FLYWCH1	FLYWCH1	FLYWCH	targeting	2000	516.6624725341796	1302.0	False	0.0	True	1270	13534	chr16:2911990-2912420
ENSG00000181722|chr3:115146950-115147289	ENSG00000181722	ZBTB20	ZBTB20		C2H2 ZF	targeting	2000	516.6521911621094	1303.0	False	0.0	True	1270	13534	chr3:115146950-115147289
ENSG00000135625|chr2:73293148-73293546	ENSG00000135625	EGR4	EGR4	Three-zinc finger Kruppel-related	C2H2 ZF	targeting	2000	516.5568115234375	1304.0	False	0.0	True	1270	13534	chr2:73293148-73293546
ENSG00000178951|chr19:4066583-4066883	ENSG00000178951	ZBTB7A	ZBTB7A	More than 3 adjacent zinc fingers	C2H2 ZF	targeting	2000	516.5026580810547	1305.0	False	0.0	True	1270	13534	chr19:4066583-4066883
ENSG00000135164|chr7:87152460-87152889	ENSG00000135164	DMTF1	DMTF1	Myb-SANT	Myb/SANT	targeting	2000	516.4359497070312	1306.0	False	0.0	True	1270	13534	chr7:87152460-87152889
ENSG00000196670|chr5:180861140-180861309	ENSG00000196670	ZFP62	ZFP62		C2H2 ZF	targeting	2000	516.3663818359375	1307.0	False	0.0	True	1270	13534	chr5:180861140-180861309
ENSG00000128714|chr2:176092704-176093139	ENSG00000128714	HOXD13	HOXD13	HOX	Homeodomain	targeting	2000	516.3598449707031	1308.0	False	0.0	True	1270	13534	chr2:176092704-176093139
ENSG00000186051|chr9:105662484-105662839	ENSG00000186051	TAL2	TAL2		bHLH	targeting	2000	516.3260681152344	1309.0	False	0.0	True	1270	13534	chr9:105662484-105662839
ENSG00000028277|chr19:42132366-42132480	ENSG00000028277	POU2F2	POU2F2	POU domain factors	Homeodomain; POU	targeting	2000	516.2825866699219	1310.0	False	0.0	True	1270	13534	chr19:42132366-42132480
ENSG00000109787|chr4:38664155-38664415	ENSG00000109787	KLF3	KLF3	Three-zinc finger Kruppel-related	C2H2 ZF	targeting	2000	516.2748901367188	1311.0	False	0.0	True	1270	13534	chr4:38664155-38664415
ENSG00000039600|chr5:157671198-157671445	ENSG00000039600	SOX30	SOX30	SOX-related factors	HMG/Sox	targeting	2000	516.2622222900391	1312.0	False	0.0	True	1270	13534	chr5:157671198-157671445
ENSG00000064490|chr19:19192941-19193190	ENSG00000064490	RFXANK	RFXANK		Unknown	targeting	2000	516.23759765625	1313.0	False	0.0	True	1270	13534	chr19:19192941-19193190
ENSG00000267041|chr19:36772561-36772801	ENSG00000267041	ZNF850	ZNF850	More than 3 adjacent zinc fingers	C2H2 ZF	targeting	2000	516.23076171875	1314.0	False	0.0	True	1270	13534	chr19:36772561-36772801
ENSG00000122180|chr1:203085771-203085972	ENSG00000122180	MYOG	MYOG	MyoD/ASC-related factors	bHLH	targeting	2000	516.1918579101563	1315.0	False	0.0	True	1270	13534	chr1:203085771-203085972
ENSG00000179588|chr16:88453285-88453532	ENSG00000179588	ZFPM1	ZFPM1		C2H2 ZF	targeting	2000	516.0719940185547	1316.0	False	0.0	True	1270	13534	chr16:88453285-88453532
ENSG00000185022|chr22:38202013-38202315	ENSG00000185022	MAFF	MAFF	Maf-related	bZIP	targeting	2000	516.0627349853515	1317.0	False	0.0	True	1270	13534	chr22:38202013-38202315
ENSG00000167604|chr19:35898586-35898939	ENSG00000167604	NFKBID	NFKBID		Unknown	targeting	2000	516.0359954833984	1318.0	False	0.0	True	1270	13534	chr19:35898586-35898939
ENSG00000165156|chr8:123274172-123274599	ENSG00000165156	ZHX1	ZHX1		Homeodomain	targeting	2000	515.9707183837891	1319.0	False	0.0	True	1270	13534	chr8:123274172-123274599
ENSG00000198440|chr19:56404081-56404441	ENSG00000198440	ZNF583	ZNF583		C2H2 ZF	targeting	2000	515.9544616699219	1320.0	False	0.0	True	1270	13534	chr19:56404081-56404441
ENSG00000139352|chr12:102957684-102957735	ENSG00000139352	ASCL1	ASCL1	MyoD/ASC-related factors	bHLH	targeting	2000	515.9269348144531	1321.0	False	0.0	True	1270	13534	chr12:102957684-102957735
ENSG00000170684|chr19:45076421-45076536	ENSG00000170684	ZNF296	ZNF296		C2H2 ZF	targeting	2000	515.9074859619141	1322.0	False	0.0	True	1270	13534	chr19:45076421-45076536
ENSG00000177888|chr1:197200732-197201006	ENSG00000177888	ZBTB41	ZBTB41	Factors with multiple dispersed zinc fingers	C2H2 ZF	targeting	2000	515.8683166503906	1323.0	False	0.0	True	1270	13534	chr1:197200732-197201006
ENSG00000134532|chr12:23895747-23896025	ENSG00000134532	SOX5	SOX5		HMG/Sox	targeting	2000	515.7952117919922	1324.0	False	0.0	True	1270	13534	chr12:23895747-23896025
ENSG00000185129|chr5:140107805-140108079	ENSG00000185129	PURA	PURA		Unknown	targeting	2000	515.7785858154297	1325.0	False	0.0	True	1270	13534	chr5:140107805-140108079
ENSG00000129351|chr19:10654324-10654389	ENSG00000129351	ILF3	ILF3			targeting	2000	515.6851379394532	1326.0	False	0.0	True	1270	13534	chr19:10654324-10654389
ENSG00000196172|chr19:23758567-23758886	ENSG00000196172	ZNF681	ZNF681		C2H2 ZF	targeting	2000	515.6734191894532	1327.0	False	0.0	True	1270	13534	chr19:23758567-23758886
ENSG00000172000|chr19:2867311-2867573	ENSG00000172000	ZNF556	ZNF556		C2H2 ZF	targeting	2000	515.625927734375	1328.0	False	0.0	True	1270	13534	chr19:2867311-2867573
ENSG00000244405|chr3:186108574-186109083	ENSG00000244405	ETV5	ETV5	Ets-related	Ets	targeting	2000	515.577523803711	1329.0	False	0.0	True	1270	13534	chr3:186108574-186109083
non-targeting|48|non-targeting:48-48						negative control	2000	515.5243774414063		False	0.0	True	1270	13534	non-targeting|48|non-targeting:48-48
ENSG00000120656|chr1:28642648-28643099	ENSG00000120656	TAF12	TAF12		Unknown	targeting	2000	515.4341613769532	1330.0	False	0.0	True	1270	13534	chr1:28642648-28643099
ENSG00000149948|chr12:65825064-65825322	ENSG00000149948	HMGA2	HMGA2		AT hook	targeting	2000	515.3885437011719	1331.0	False	0.0	True	1270	13534	chr12:65825064-65825322
ENSG00000102935|chr16:49826915-49826993	ENSG00000102935	ZNF423	ZNF423	Factors with multiple dispersed zinc fingers	C2H2 ZF	targeting	2000	515.3685760498047	1332.0	False	0.0	True	1270	13534	chr16:49826915-49826993
ENSG00000138738|chr4:120922635-120922807	ENSG00000138738	PRDM5	PRDM5		C2H2 ZF	targeting	2000	515.3143737792968	1333.0	False	0.0	True	1270	13534	chr4:120922635-120922807
ENSG00000183309|chr8:143636041-143636225	ENSG00000183309	ZNF623	ZNF623	More than 3 adjacent zinc fingers	C2H2 ZF	targeting	2000	515.311083984375	1334.0	False	0.0	True	1270	13534	chr8:143636041-143636225
ENSG00000166349|chr11:36567997-36568417	ENSG00000166349	RAG1	RAG1		Unknown	targeting	2000	515.2988708496093	1335.0	False	0.0	True	1270	13534	chr11:36567997-36568417
non-targeting|65|non-targeting:65-65						negative control	2000	515.2381134033203		False	0.0	True	1270	13534	non-targeting|65|non-targeting:65-65
ENSG00000005339|chr16:3880184-3880693	ENSG00000005339	CREBBP	CREBBP		Unknown	targeting	2000	515.1995391845703	1336.0	False	0.0	True	1270	13534	chr16:3880184-3880693
ENSG00000187772|chr6:104957001-104958117	ENSG00000187772	LIN28B	LIN28B		CSD	targeting	2000	515.1965789794922	1337.0	False	0.0	True	1270	13534	chr6:104957001-104958117
ENSG00000189144|chr19:37779354-37779915	ENSG00000189144	ZNF573	ZNF573		C2H2 ZF	targeting	2000	515.0949127197266	1338.0	False	0.0	True	1270	13534	chr19:37779354-37779915
ENSG00000198346|chr19:53468079-53468148	ENSG00000198346	ZNF813	ZNF813		C2H2 ZF	targeting	2000	514.9907012939453	1339.0	False	0.0	True	1270	13534	chr19:53468079-53468148
ENSG00000151623|chr4:148442046-148442340	ENSG00000151623	NR3C2	NR3C2	Steroid hormone receptors (NR3)	Nuclear receptor	targeting	2000	514.9882720947265	1340.0	False	0.0	True	1270	13534	chr4:148442046-148442340
ENSG00000122592|chr7:27156333-27156706	ENSG00000122592	HOXA7	HOXA7	HOX	Homeodomain	targeting	2000	514.9312408447265	1341.0	False	0.0	True	1270	13534	chr7:27156333-27156706
ENSG00000215474|chr18:47248838-47249173	ENSG00000215474	SKOR2	SKOR2		SAND	targeting	2000	514.8665740966796	1342.0	False	0.0	True	1270	13534	chr18:47248838-47249173
ENSG00000164438|chr5:171309238-171309496	ENSG00000164438	TLX3	TLX3	NK	Homeodomain	targeting	2000	514.6982055664063	1343.0	False	0.0	True	1270	13534	chr5:171309238-171309496
ENSG00000265763|chr10:47384088-47384304	ENSG00000265763	ZNF488	ZNF488		C2H2 ZF	targeting	2000	514.5950256347656	1344.0	False	0.0	True	1270	13534	chr10:47384088-47384304
ENSG00000103199|chr16:4767090-4767168	ENSG00000103199	ZNF500	ZNF500	More than 3 adjacent zinc fingers	C2H2 ZF	targeting	2000	514.5733093261719	1345.0	False	0.0	True	1270	13534	chr16:4767090-4767168
ENSG00000074657|chr18:58864861-58865069	ENSG00000074657	ZNF532	ZNF532		C2H2 ZF	targeting	2000	514.4627502441406	1346.0	False	0.0	True	1270	13534	chr18:58864861-58865069
ENSG00000214652|chr7:64045494-64045742	ENSG00000214652	ZNF727	ZNF727		C2H2 ZF	targeting	2000	514.4352111816406	1347.0	False	0.0	True	1270	13534	chr7:64045494-64045742
ENSG00000112511|chr6:33410814-33411224	ENSG00000112511	PHF1	PHF1		Unknown	targeting	2000	514.3545989990234	1348.0	False	0.0	True	1270	13534	chr6:33410814-33411224
ENSG00000198728|chr10:102114506-102115011	ENSG00000198728	LDB1	LDB1			targeting	2000	514.2402313232421	1349.0	False	0.0	True	1270	13534	chr10:102114506-102115011
ENSG00000197013|chr19:21505584-21506000	ENSG00000197013	ZNF429	ZNF429		C2H2 ZF	targeting	2000	514.2265014648438	1350.0	False	0.0	True	1270	13534	chr19:21505584-21506000
ENSG00000265763|chr10:47379809-47379996	ENSG00000265763	ZNF488	ZNF488		C2H2 ZF	targeting	2000	514.2001831054688	1351.0	False	0.0	True	1270	13534	chr10:47379809-47379996
ENSG00000204713|chr6:28923729-28923952	ENSG00000204713	TRIM27	TRIM27		Unknown	targeting	2000	514.1603393554688	1352.0	False	0.0	True	1270	13534	chr6:28923729-28923952
ENSG00000267508|chr19:44401379-44401597	ENSG00000267508	ZNF285	ZNF285		C2H2 ZF	targeting	2000	514.0772277832032	1353.0	False	0.0	True	1270	13534	chr19:44401379-44401597
ENSG00000144747|chr3:69052092-69052269	ENSG00000144747	TMF1	TMF1		Unknown	targeting	2000	514.0632568359375	1354.0	False	0.0	True	1270	13534	chr3:69052092-69052269
ENSG00000126746|chr12:6689064-6689469	ENSG00000126746	ZNF384	ZNF384	More than 3 adjacent zinc fingers	C2H2 ZF	targeting	2000	514.0024566650391	1355.0	False	0.0	True	1270	13534	chr12:6689064-6689469
ENSG00000167625|chr19:42220266-42220385	ENSG00000167625	ZNF526	ZNF526		C2H2 ZF	targeting	2000	513.8696380615235	1356.0	False	0.0	True	1270	13534	chr19:42220266-42220385
ENSG00000197343|chr7:99558677-99558967	ENSG00000197343	ZNF655	ZNF655		C2H2 ZF	targeting	2000	513.8521240234375	1357.0	False	0.0	True	1270	13534	chr7:99558677-99558967
ENSG00000119608|chr14:74863532-74863796	ENSG00000119608	PROX2	PROX2		Prospero	targeting	2000	513.836328125	1358.0	False	0.0	True	1270	13534	chr14:74863532-74863796
ENSG00000006194|chr16:3263823-3264213	ENSG00000006194	ZNF263	ZNF263	More than 3 adjacent zinc fingers	C2H2 ZF	targeting	2000	513.7935241699219	1359.0	False	0.0	True	1270	13534	chr16:3263823-3264213
ENSG00000196456|chr7:150379335-150379593	ENSG00000196456	ZNF775	ZNF775	Factors with multiple dispersed zinc fingers	C2H2 ZF	targeting	2000	513.7854309082031	1360.0	False	0.0	True	1270	13534	chr7:150379335-150379593
ENSG00000189190|chr19:52786280-52786789	ENSG00000189190	ZNF600	ZNF600		C2H2 ZF	targeting	2000	513.6967529296875	1361.0	False	0.0	True	1270	13534	chr19:52786280-52786789
ENSG00000121068|chr17:61399846-61400301	ENSG00000121068	TBX2	TBX2	TBX2-related factors	T-box	targeting	2000	513.6485198974609	1362.0	False	0.0	True	1270	13534	chr17:61399846-61400301
ENSG00000124201|chr20:49277973-49278255	ENSG00000124201	ZNFX1	ZNFX1		Unknown	targeting	2000	513.6313018798828	1363.0	False	0.0	True	1270	13534	chr20:49277973-49278255
ENSG00000139445|chr12:109309163-109309277	ENSG00000139445	FOXN4	FOXN4		Forkhead	targeting	2000	513.6247985839843	1364.0	False	0.0	True	1270	13534	chr12:109309163-109309277
ENSG00000270011|chr19:9324239-9324329	ENSG00000270011	ZNF559-ZNF177	ZNF559-ZNF177			targeting	2000	513.59970703125	1365.0	False	0.0	True	1270	13534	chr19:9324239-9324329
ENSG00000197780|chr1:109075864-109076032	ENSG00000197780	TAF13	TAF13		Unknown	targeting	2000	513.598599243164	1366.0	False	0.0	True	1270	13534	chr1:109075864-109076032
ENSG00000183814|chr1:226308769-226309385	ENSG00000183814	LIN9	LIN9			targeting	2000	513.5397399902344	1367.0	False	0.0	True	1270	13534	chr1:226308769-226309385
non-targeting|69|non-targeting:69-69						negative control	2000	513.4417327880859		False	0.0	True	1270	13534	non-targeting|69|non-targeting:69-69
ENSG00000160961|chr19:14690103-14690341	ENSG00000160961	ZNF333	ZNF333		C2H2 ZF	targeting	2000	513.4241363525391	1368.0	False	0.0	True	1270	13534	chr19:14690103-14690341
ENSG00000171291|chr19:11848723-11848994	ENSG00000171291	ZNF439	ZNF439		C2H2 ZF	targeting	2000	513.4192962646484	1369.0	False	0.0	True	1270	13534	chr19:11848723-11848994
ENSG00000104177|chr15:48178257-48178325	ENSG00000104177	MYEF2	MYEF2		Unknown	targeting	2000	513.3959228515625	1370.0	False	0.0	True	1270	13534	chr15:48178257-48178325
ENSG00000204335|chr2:170715355-170716322	ENSG00000204335	SP5	SP5	Three-zinc finger Kruppel-related	C2H2 ZF	targeting	2000	513.3568756103516	1371.0	False	0.0	True	1270	13534	chr2:170715355-170716322
ENSG00000234284|chr5:179023847-179024198	ENSG00000234284	ZNF879	ZNF879		C2H2 ZF	targeting	2000	513.3226501464844	1372.0	False	0.0	True	1270	13534	chr5:179023847-179024198
ENSG00000118620|chr19:21020649-21021123	ENSG00000118620	ZNF430	ZNF430		C2H2 ZF	targeting	2000	513.2347564697266	1373.0	False	0.0	True	1270	13534	chr19:21020649-21021123
ENSG00000213015|chr19:55641046-55641275	ENSG00000213015	ZNF580	ZNF580		C2H2 ZF	targeting	2000	513.2002258300781	1374.0	False	0.0	True	1270	13534	chr19:55641046-55641275
ENSG00000172819|chr12:53231789-53232195	ENSG00000172819	RARG	RARG	Thyroid hormone receptor-related factors (NR1)	Nuclear receptor	targeting	2000	513.1748565673828	1375.0	False	0.0	True	1270	13534	chr12:53231789-53232195
ENSG00000188313|chr3:146544361-146544607	ENSG00000188313	PLSCR1	PLSCR1		Unknown	targeting	2000	513.1459106445312	1376.0	False	0.0	True	1270	13534	chr3:146544361-146544607
ENSG00000079102|chr8:92062352-92062590	ENSG00000079102	RUNX1T1	RUNX1T1		Unknown	targeting	2000	513.135366821289	1377.0	False	0.0	True	1270	13534	chr8:92062352-92062590
non-targeting|12|non-targeting:12-12						negative control	2000	513.1327850341797		False	0.0	True	1270	13534	non-targeting|12|non-targeting:12-12
ENSG00000185507|chr11:615694-615935	ENSG00000185507	IRF7	IRF7	Interferon-regulatory factors	IRF	targeting	2000	513.0701110839843	1378.0	False	0.0	True	1270	13534	chr11:615694-615935
ENSG00000223547|chr19:12064732-12064825	ENSG00000223547	ZNF844	ZNF844		C2H2 ZF	targeting	2000	513.0386596679688	1379.0	False	0.0	True	1270	13534	chr19:12064732-12064825
ENSG00000167384|chr19:44500421-44500544	ENSG00000167384	ZNF180	ZNF180		C2H2 ZF	targeting	2000	513.0304168701172	1380.0	False	0.0	True	1270	13534	chr19:44500421-44500544
ENSG00000234444|chr7:64314004-64314140	ENSG00000234444	ZNF736	ZNF736		C2H2 ZF	targeting	2000	513.0196655273437	1381.0	False	0.0	True	1270	13534	chr7:64314004-64314140
ENSG00000128710|chr2:176116780-176117283	ENSG00000128710	HOXD10	HOXD10	HOX	Homeodomain	targeting	2000	512.9609558105469	1382.0	False	0.0	True	1270	13534	chr2:176116780-176117283
ENSG00000120948|chr1:11012652-11013114	ENSG00000120948	TARDBP	TARDBP		Unknown	targeting	2000	512.9235900878906	1383.0	False	0.0	True	1270	13534	chr1:11012652-11013114
ENSG00000172748|chr8:232385-232904	ENSG00000172748	ZNF596	ZNF596	More than 3 adjacent zinc fingers	C2H2 ZF	targeting	2000	512.8810241699218	1384.0	False	0.0	True	1270	13534	chr8:232385-232904
ENSG00000011332|chr19:38229237-38229704	ENSG00000011332	DPF1	DPF1		C2H2 ZF	targeting	2000	512.872445678711	1385.0	False	0.0	True	1270	13534	chr19:38229237-38229704
ENSG00000185177|chr7:57132078-57132204	ENSG00000185177	ZNF479	ZNF479		C2H2 ZF	targeting	2000	512.8521484375	1386.0	False	0.0	True	1270	13534	chr7:57132078-57132204
non-targeting|51|non-targeting:51-51						negative control	2000	512.8221252441406		False	0.0	True	1270	13534	non-targeting|51|non-targeting:51-51
ENSG00000122085|chr2:241102129-241102342	ENSG00000122085	MTERFD2	MTERF4		mTERF	targeting	2000	512.8164947509765	1387.0	False	0.0	True	1270	13534	chr2:241102129-241102342
ENSG00000170312|chr10:60778506-60778982	ENSG00000170312	CDK1	CDK1			targeting	2000	512.7986358642578	1388.0	False	0.0	True	1270	13534	chr10:60778506-60778982
ENSG00000253831|chr1:157099693-157099811	ENSG00000253831	ETV3L	ETV3L		Ets	targeting	2000	512.6202545166016	1389.0	False	0.0	True	1270	13534	chr1:157099693-157099811
ENSG00000189042|chr19:36687619-36687810	ENSG00000189042	ZNF567	ZNF567		C2H2 ZF	targeting	2000	512.5779907226563	1390.0	False	0.0	True	1270	13534	chr19:36687619-36687810
ENSG00000139515|chr13:27919991-27920254	ENSG00000139515	PDX1	PDX1	HOX	Homeodomain	targeting	2000	512.5605072021484	1391.0	False	0.0	True	1270	13534	chr13:27919991-27920254
ENSG00000179981|chr18:75210878-75211253	ENSG00000179981	TSHZ1	TSHZ1		C2H2 ZF	targeting	2000	512.3869018554688	1392.0	False	0.0	True	1270	13534	chr18:75210878-75211253
ENSG00000007545|chr16:1614195-1614395	ENSG00000007545	CRAMP1L	CRAMP1		Myb/SANT	targeting	2000	512.37021484375	1393.0	False	0.0	True	1270	13534	chr16:1614195-1614395
ENSG00000157554|chr21:38660770-38660977	ENSG00000157554	ERG	ERG	Ets-related	Ets	targeting	2000	512.3056549072265	1394.0	False	0.0	True	1270	13534	chr21:38660770-38660977
ENSG00000137203|chr6:10411951-10412352	ENSG00000137203	TFAP2A	TFAP2A	AP-2	AP-2	targeting	2000	512.1638275146485	1395.0	False	0.0	True	1270	13534	chr6:10411951-10412352
ENSG00000170396|chr2:184598425-184598817	ENSG00000170396	ZNF804A	ZNF804A		C2H2 ZF	targeting	2000	512.1162414550781	1396.0	False	0.0	True	1270	13534	chr2:184598425-184598817
ENSG00000131759|chr17:40342381-40342588	ENSG00000131759	RARA	RARA	Thyroid hormone receptor-related factors (NR1)	Nuclear receptor	targeting	2000	512.1059875488281	1397.0	False	0.0	True	1270	13534	chr17:40342381-40342588
ENSG00000138136|chr10:101228725-101229478	ENSG00000138136	LBX1	LBX1	NK	Homeodomain	targeting	2000	511.9518218994141	1398.0	False	0.0	True	1270	13534	chr10:101228725-101229478
ENSG00000257446|chr19:12052874-12052973	ENSG00000257446	ZNF878	ZNF878	More than 3 adjacent zinc fingers	C2H2 ZF	targeting	2000	511.9427337646485	1399.0	False	0.0	True	1270	13534	chr19:12052874-12052973
ENSG00000198517|chr7:1530693-1531153	ENSG00000198517	MAFK	MAFK	Maf-related	bZIP	targeting	2000	511.92673645019534	1400.0	False	0.0	True	1270	13534	chr7:1530693-1531153
ENSG00000174576|chr11:66420993-66421426	ENSG00000174576	NPAS4	NPAS4		bHLH	targeting	2000	511.9131439208985	1401.0	False	0.0	True	1270	13534	chr11:66420993-66421426
ENSG00000102908|chr16:69565960-69566471	ENSG00000102908	NFAT5	NFAT5		Rel	targeting	2000	511.80205993652345	1402.0	False	0.0	True	1270	13534	chr16:69565960-69566471
ENSG00000019485|chr11:45095797-45096082	ENSG00000019485	PRDM11	PRDM11		Myb/SANT	targeting	2000	511.7972869873047	1403.0	False	0.0	True	1270	13534	chr11:45095797-45096082
ENSG00000102984|chr16:71884056-71884630	ENSG00000102984	ZNF821	ZNF821		C2H2 ZF	targeting	2000	511.6573486328125	1404.0	False	0.0	True	1270	13534	chr16:71884056-71884630
ENSG00000064961|chr19:3572949-3573433	ENSG00000064961	HMG20B	HMG20B		HMG/Sox	targeting	2000	511.5686950683594	1405.0	False	0.0	True	1270	13534	chr19:3572949-3573433
ENSG00000161277|chr19:36054165-36054394	ENSG00000161277	THAP8	THAP8		THAP finger	targeting	2000	511.4335632324219	1406.0	False	0.0	True	1270	13534	chr19:36054165-36054394
ENSG00000125533|chr20:63006621-63006952	ENSG00000125533	BHLHE23	BHLHE23	Tal-related	bHLH	targeting	2000	511.2271209716797	1407.0	False	0.0	True	1270	13534	chr20:63006621-63006952
ENSG00000151500|chr11:134252963-134253381	ENSG00000151500	THYN1	THYN1		Unknown	targeting	2000	511.2148529052735	1408.0	False	0.0	True	1270	13534	chr11:134252963-134253381
ENSG00000137699|chr11:120137900-120138146	ENSG00000137699	TRIM29	TRIM29		Unknown	targeting	2000	511.1440704345703	1409.0	False	0.0	True	1270	13534	chr11:120137900-120138146
ENSG00000189164|chr19:37371150-37371265	ENSG00000189164	ZNF527	ZNF527		C2H2 ZF	targeting	2000	511.1305694580078	1410.0	False	0.0	True	1270	13534	chr19:37371150-37371265
ENSG00000177426|chr18:3449733-3450621	ENSG00000177426	TGIF1	TGIF1	TALE-type homeo domain factors	Homeodomain	targeting	2000	511.114697265625	1411.0	False	0.0	True	1270	13534	chr18:3449733-3450621
non-targeting|47|non-targeting:47-47						negative control	2000	510.9800048828125		False	0.0	True	1270	13534	non-targeting|47|non-targeting:47-47
ENSG00000144218|chr2:100142311-100142534	ENSG00000144218	AFF3	AFF3		Unknown	targeting	2000	510.9491821289063	1412.0	False	0.0	True	1270	13534	chr2:100142311-100142534
ENSG00000213928|chr14:24161242-24161780	ENSG00000213928	IRF9	IRF9	Interferon-regulatory factors	IRF	targeting	2000	510.90668334960935	1413.0	False	0.0	True	1270	13534	chr14:24161242-24161780
ENSG00000172201|chr6:19837361-19837496	ENSG00000172201	ID4	ID4		bHLH	targeting	2000	510.8907989501953	1414.0	False	0.0	True	1270	13534	chr6:19837361-19837496
ENSG00000159885|chr19:44025382-44025634	ENSG00000159885	ZNF222	ZNF222		C2H2 ZF	targeting	2000	510.8307983398437	1415.0	False	0.0	True	1270	13534	chr19:44025382-44025634
ENSG00000175832|chr17:43545833-43546456	ENSG00000175832	ETV4	ETV4	Ets-related	Ets	targeting	2000	510.8141845703125	1416.0	False	0.0	True	1270	13534	chr17:43545833-43546456
ENSG00000143437|chr1:150876336-150876712	ENSG00000143437	ARNT	ARNT		bHLH	targeting	2000	510.74725036621095	1417.0	False	0.0	True	1270	13534	chr1:150876336-150876712
ENSG00000123405|chr12:54300748-54301041	ENSG00000123405	NFE2	NFE2	Jun-related	bZIP	targeting	2000	510.7297973632813	1418.0	False	0.0	True	1270	13534	chr12:54300748-54301041
ENSG00000173917|chr17:48544532-48546021	ENSG00000173917	HOXB2	HOXB2	HOX	Homeodomain	targeting	2000	510.6870880126953	1419.0	False	0.0	True	1270	13534	chr17:48544532-48546021
ENSG00000089094|chr12:121580716-121581067	ENSG00000089094	KDM2B	KDM2B		CxxC	targeting	2000	510.6648468017578	1420.0	False	0.0	True	1270	13534	chr12:121580716-121581067
ENSG00000107187|chr9:136203064-136203148	ENSG00000107187	LHX3	LHX3		Homeodomain	targeting	2000	510.6096221923828	1421.0	False	0.0	True	1270	13534	chr9:136203064-136203148
ENSG00000120705|chr5:138542792-138543177	ENSG00000120705	ETF1	ETF1			targeting	2000	510.5551696777344	1422.0	False	0.0	True	1270	13534	chr5:138542792-138543177
ENSG00000109705|chr4:13544781-13545040	ENSG00000109705	NKX3-2	NKX3-2	NK	Homeodomain	targeting	2000	510.5440093994141	1423.0	False	0.0	True	1270	13534	chr4:13544781-13545040
ENSG00000187098|chr3:69739433-69739779	ENSG00000187098	MITF	MITF	bHLH-ZIP	bHLH	targeting	2000	510.54115600585936	1424.0	False	0.0	True	1270	13534	chr3:69739433-69739779
ENSG00000178951|chr19:4065053-4065519	ENSG00000178951	ZBTB7A	ZBTB7A	More than 3 adjacent zinc fingers	C2H2 ZF	targeting	2000	510.491552734375	1425.0	False	0.0	True	1270	13534	chr19:4065053-4065519
ENSG00000179361|chr15:74541326-74541593	ENSG00000179361	ARID3B	ARID3B		ARID/BRIGHT	targeting	2000	510.46996154785154	1426.0	False	0.0	True	1270	13534	chr15:74541326-74541593
ENSG00000204209|chr6:33320201-33320453	ENSG00000204209	DAXX	DAXX		Unknown	targeting	2000	510.43291931152345	1427.0	False	0.0	True	1270	13534	chr6:33320201-33320453
ENSG00000166407|chr11:8268289-8268784	ENSG00000166407	LMO1	LMO1			targeting	2000	510.3949493408203	1428.0	False	0.0	True	1270	13534	chr11:8268289-8268784
ENSG00000072310|chr17:17836540-17836978	ENSG00000072310	SREBF1	SREBF1	bHLH-ZIP	bHLH	targeting	2000	510.35224609375	1429.0	False	0.0	True	1270	13534	chr17:17836540-17836978
ENSG00000182968|chr13:112067181-112067806	ENSG00000182968	SOX1	SOX1		HMG/Sox	targeting	2000	510.3332489013672	1430.0	False	0.0	True	1270	13534	chr13:112067181-112067806
ENSG00000130254|chr19:5622527-5622775	ENSG00000130254	SAFB2	SAFB2		Unknown	targeting	2000	510.2345275878906	1431.0	False	0.0	True	1270	13534	chr19:5622527-5622775
ENSG00000136504|chr17:49788711-49789118	ENSG00000136504	KAT7	KAT7		C2H2 ZF	targeting	2000	510.1147033691406	1432.0	False	0.0	True	1270	13534	chr17:49788711-49789118
ENSG00000117139|chr1:202808200-202808400	ENSG00000117139	KDM5B	KDM5B		ARID/BRIGHT	targeting	2000	510.08594970703126	1433.0	False	0.0	True	1270	13534	chr1:202808200-202808400
ENSG00000267680|chr19:44094341-44094608	ENSG00000267680	ZNF224	ZNF224		C2H2 ZF	targeting	2000	510.0144073486328	1434.0	False	0.0	True	1270	13534	chr19:44094341-44094608
ENSG00000225614|chr16:88427472-88427591	ENSG00000225614	ZNF469	ZNF469		C2H2 ZF	targeting	2000	509.997982788086	1435.0	False	0.0	True	1270	13534	chr16:88427472-88427591
ENSG00000197579|chr9:32552356-32552634	ENSG00000197579	TOPORS	TOPORS		Unknown	targeting	2000	509.93439025878905	1436.0	False	0.0	True	1270	13534	chr9:32552356-32552634
ENSG00000187987|chr6:28443243-28443443	ENSG00000187987	ZSCAN23	ZSCAN23		C2H2 ZF	targeting	2000	509.9207427978516	1437.0	False	0.0	True	1270	13534	chr6:28443243-28443443
ENSG00000099364|chr16:30923626-30923909	ENSG00000099364	FBXL19	FBXL19		CxxC	targeting	2000	509.6931610107422	1438.0	False	0.0	True	1270	13534	chr16:30923626-30923909
ENSG00000142025|chr19:41845109-41845457	ENSG00000142025	DMRTC2	DMRTC2	DMRT factors	DM	targeting	2000	509.6380035400391	1439.0	False	0.0	True	1270	13534	chr19:41845109-41845457
ENSG00000136327|chr14:36582330-36582626	ENSG00000136327	NKX2-8	NKX2-8	NK	Homeodomain	targeting	2000	509.6283935546875	1440.0	False	0.0	True	1270	13534	chr14:36582330-36582626
ENSG00000125846|chr20:18288534-18288808	ENSG00000125846	ZNF133	ZNF133		C2H2 ZF	targeting	2000	509.6197052001953	1441.0	False	0.0	True	1270	13534	chr20:18288534-18288808
ENSG00000187855|chr12:107774516-107774809	ENSG00000187855	ASCL4	ASCL4		bHLH	targeting	2000	509.5975830078125	1442.0	False	0.0	True	1270	13534	chr12:107774516-107774809
non-targeting|83|non-targeting:83-83						negative control	2000	509.5603454589844		False	0.0	True	1270	13534	non-targeting|83|non-targeting:83-83
ENSG00000126464|chr19:49591192-49591660	ENSG00000126464	PRR12	PRR12		AT hook	targeting	2000	509.5447570800781	1443.0	False	0.0	True	1270	13534	chr19:49591192-49591660
ENSG00000130803|chr19:9140427-9140577	ENSG00000130803	ZNF317	ZNF317	More than 3 adjacent zinc fingers	C2H2 ZF	targeting	2000	509.5180816650391	1444.0	False	0.0	True	1270	13534	chr19:9140427-9140577
ENSG00000167182|chr17:47896230-47896720	ENSG00000167182	SP2	SP2	Three-zinc finger Kruppel-related	C2H2 ZF	targeting	2000	509.5135894775391	1445.0	False	0.0	True	1270	13534	chr17:47896230-47896720
ENSG00000105556|chr19:344693-344842	ENSG00000105556	MIER2	MIER2		Myb/SANT	targeting	2000	509.5066223144531	1446.0	False	0.0	True	1270	13534	chr19:344693-344842
ENSG00000122034|chr13:27424631-27425138	ENSG00000122034	GTF3A	GTF3A		C2H2 ZF	targeting	2000	509.4326202392578	1447.0	False	0.0	True	1270	13534	chr13:27424631-27425138
ENSG00000100625|chr14:60723908-60724347	ENSG00000100625	SIX4	SIX4		Homeodomain	targeting	2000	509.4261291503906	1448.0	False	0.0	True	1270	13534	chr14:60723908-60724347
ENSG00000181666|chr19:37334666-37334753	ENSG00000181666	HKR1	ZNF875		C2H2 ZF	targeting	2000	509.3691955566407	1449.0	False	0.0	True	1270	13534	chr19:37334666-37334753
ENSG00000136826|chr9:107489474-107489768	ENSG00000136826	KLF4	KLF4	Three-zinc finger Kruppel-related	C2H2 ZF	targeting	2000	509.3237823486328	1450.0	False	0.0	True	1270	13534	chr9:107489474-107489768
ENSG00000167491|chr19:19385794-19386104	ENSG00000167491	GATAD2A	GATAD2A		GATA	targeting	2000	509.203564453125	1451.0	False	0.0	True	1270	13534	chr19:19385794-19386104
ENSG00000143178|chr1:168280888-168281240	ENSG00000143178	TBX19	TBX19	Brachyury-related factors	T-box	targeting	2000	509.1260070800781	1452.0	False	0.0	True	1270	13534	chr1:168280888-168281240
ENSG00000245848|chr19:33302398-33302540	ENSG00000245848	CEBPA	CEBPA	CEBP-related	bZIP	targeting	2000	509.0944030761719	1453.0	False	0.0	True	1270	13534	chr19:33302398-33302540
non-targeting|43|non-targeting:43-43						negative control	2000	509.072314453125		False	0.0	True	1270	13534	non-targeting|43|non-targeting:43-43
ENSG00000250709|chr13:36297716-36297851	ENSG00000250709	CCDC169-SOHLH2	CCDC169-SOHLH2		bHLH	targeting	2000	509.0576751708985	1454.0	False	0.0	True	1270	13534	chr13:36297716-36297851
ENSG00000178096|chr1:149899571-149899658	ENSG00000178096	BOLA1	BOLA1		Unknown	targeting	2000	509.0456146240234	1455.0	False	0.0	True	1270	13534	chr1:149899571-149899658
ENSG00000196417|chr19:53365701-53365970	ENSG00000196417	ZNF765	ZNF765		C2H2 ZF	targeting	2000	509.0083343505859	1456.0	False	0.0	True	1270	13534	chr19:53365701-53365970
ENSG00000187821|chr4:185018653-185018922	ENSG00000187821	HELT	HELT	Hairy-related factors	bHLH	targeting	2000	508.9613372802734	1457.0	False	0.0	True	1270	13534	chr4:185018653-185018922
ENSG00000110851|chr12:107760712-107761152	ENSG00000110851	PRDM4	PRDM4	Factors with multiple dispersed zinc fingers	C2H2 ZF	targeting	2000	508.9587646484375	1458.0	False	0.0	True	1270	13534	chr12:107760712-107761152
ENSG00000164985|chr9:15510566-15511005	ENSG00000164985	PSIP1	PSIP1			targeting	2000	508.9436492919922	1459.0	False	0.0	True	1270	13534	chr9:15510566-15511005
ENSG00000171540|chr5:77638317-77638693	ENSG00000171540	OTP	OTP		Homeodomain	targeting	2000	508.8810974121094	1460.0	False	0.0	True	1270	13534	chr5:77638317-77638693
ENSG00000134058|chr5:69234849-69235121	ENSG00000134058	CDK7	CDK7		Unknown	targeting	2000	508.8261322021484	1461.0	False	0.0	True	1270	13534	chr5:69234849-69235121
ENSG00000114861|chr3:71583570-71583806	ENSG00000114861	FOXP1	FOXP1	FOX	Forkhead	targeting	2000	508.78395080566406	1462.0	False	0.0	True	1270	13534	chr3:71583570-71583806
ENSG00000168267|chr10:23192333-23192811	ENSG00000168267	PTF1A	PTF1A		bHLH	targeting	2000	508.777197265625	1463.0	False	0.0	True	1270	13534	chr10:23192333-23192811
ENSG00000172379|chr15:80404389-80404757	ENSG00000172379	ARNT2	ARNT2	PAS domain factors	bHLH	targeting	2000	508.7704223632812	1464.0	False	0.0	True	1270	13534	chr15:80404389-80404757
ENSG00000183770|chr3:138946904-138947128	ENSG00000183770	FOXL2	FOXL2		Forkhead	targeting	2000	508.6744384765625	1465.0	False	0.0	True	1270	13534	chr3:138946904-138947128
ENSG00000198185|chr20:46513299-46513529	ENSG00000198185	ZNF334	ZNF334		C2H2 ZF	targeting	2000	508.636181640625	1466.0	False	0.0	True	1270	13534	chr20:46513299-46513529
ENSG00000122386|chr16:3112604-3112762	ENSG00000122386	ZNF205	ZNF205		C2H2 ZF	targeting	2000	508.63469848632815	1467.0	False	0.0	True	1270	13534	chr16:3112604-3112762
ENSG00000115053|chr2:231461443-231461776	ENSG00000115053	NCL	NCL			targeting	2000	508.6333953857422	1468.0	False	0.0	True	1270	13534	chr2:231461443-231461776
ENSG00000125817|chr20:3786303-3786749	ENSG00000125817	CENPB	CENPB		CENPB	targeting	2000	508.5441009521484	1469.0	False	0.0	True	1270	13534	chr20:3786303-3786749
ENSG00000165119|chr9:83979739-83980623	ENSG00000165119	HNRNPK	HNRNPK		Unknown	targeting	2000	508.5124145507813	1470.0	False	0.0	True	1270	13534	chr9:83979739-83980623
ENSG00000111704|chr12:7789786-7789930	ENSG00000111704	NANOG	NANOG		Homeodomain	targeting	2000	508.49256286621096	1471.0	False	0.0	True	1270	13534	chr12:7789786-7789930
ENSG00000187605|chr2:74046443-74046902	ENSG00000187605	TET3	TET3		CxxC	targeting	2000	508.4265655517578	1472.0	False	0.0	True	1270	13534	chr2:74046443-74046902
ENSG00000181690|chr8:56210845-56211308	ENSG00000181690	PLAG1	PLAG1	More than 3 adjacent zinc fingers	C2H2 ZF	targeting	2000	508.36378784179686	1473.0	False	0.0	True	1270	13534	chr8:56210845-56211308
ENSG00000119950|chr10:110225976-110226216	ENSG00000119950	MXI1	MXI1	bHLH-ZIP	bHLH	targeting	2000	508.3535186767578	1474.0	False	0.0	True	1270	13534	chr10:110225976-110226216
ENSG00000250312|chr4:124521-124759	ENSG00000250312	ZNF718	ZNF718		C2H2 ZF	targeting	2000	508.185903930664	1475.0	False	0.0	True	1270	13534	chr4:124521-124759
ENSG00000133884|chr11:65341437-65341722	ENSG00000133884	DPF2	DPF2		Unknown	targeting	2000	508.1770751953125	1476.0	False	0.0	True	1270	13534	chr11:65341437-65341722
ENSG00000153560|chr3:33439938-33440401	ENSG00000153560	UBP1	UBP1		Grainyhead	targeting	2000	508.1543701171875	1477.0	False	0.0	True	1270	13534	chr3:33439938-33440401
ENSG00000167771|chr11:63916556-63917162	ENSG00000167771	RCOR2	RCOR2		Myb/SANT	targeting	2000	508.0849609375	1478.0	False	0.0	True	1270	13534	chr11:63916556-63917162
ENSG00000129534|chr14:45253069-45253203	ENSG00000129534	MIS18BP1	MIS18BP1		Myb/SANT	targeting	2000	508.063119506836	1479.0	False	0.0	True	1270	13534	chr14:45253069-45253203
ENSG00000180353|chr3:121660717-121660913	ENSG00000180353	HCLS1	HCLS1			targeting	2000	507.9554046630859	1480.0	False	0.0	True	1270	13534	chr3:121660717-121660913
ENSG00000090861|chr16:70289409-70289495	ENSG00000090861					positive control	2000	507.8145965576172		False	0.0	True	1270	13534	chr16:70289409-70289495
ENSG00000137492|chr11:76380661-76381075	ENSG00000137492	PRKRIR	THAP12		THAP finger	targeting	2000	507.7754791259766	1481.0	False	0.0	True	1270	13534	chr11:76380661-76381075
ENSG00000105866|chr7:21428042-21428256	ENSG00000105866	SP4	SP4	Three-zinc finger Kruppel-related	C2H2 ZF	targeting	2000	507.7389373779297	1482.0	False	0.0	True	1270	13534	chr7:21428042-21428256
ENSG00000178177|chr4:18021653-18021923	ENSG00000178177	LCORL	LCORL		Pipsqueak	targeting	2000	507.7167083740234	1483.0	False	0.0	True	1270	13534	chr4:18021653-18021923
ENSG00000137090|chr9:841745-841956	ENSG00000137090	DMRT1	DMRT1		DM	targeting	2000	507.7069488525391	1484.0	False	0.0	True	1270	13534	chr9:841745-841956
ENSG00000143867|chr2:19358516-19358616	ENSG00000143867	OSR1	OSR1	Other factors with up to three adjacent zinc fingers	C2H2 ZF	targeting	2000	507.66794738769534	1485.0	False	0.0	True	1270	13534	chr2:19358516-19358616
ENSG00000154582|chr8:73971680-73972187	ENSG00000154582	TCEB1	ELOC			targeting	2000	507.649609375	1486.0	False	0.0	True	1270	13534	chr8:73971680-73972187
ENSG00000178764|chr8:122781741-122781838	ENSG00000178764	ZHX2	ZHX2		Homeodomain	targeting	2000	507.6239898681641	1487.0	False	0.0	True	1270	13534	chr8:122781741-122781838
ENSG00000130816|chr19:10194838-10194922	ENSG00000130816	DNMT1	DNMT1		CxxC	targeting	2000	507.5288482666016	1488.0	False	0.0	True	1270	13534	chr19:10194838-10194922
ENSG00000075891|chr10:100745594-100746092	ENSG00000075891	PAX2	PAX2	Paired domain only	Homeodomain; Paired box	targeting	2000	507.5260375976562	1489.0	False	0.0	True	1270	13534	chr10:100745594-100746092
ENSG00000160741|chr1:153958148-153958647	ENSG00000160741	CRTC2	CRTC2		Unknown	targeting	2000	507.4344146728516	1490.0	False	0.0	True	1270	13534	chr1:153958148-153958647
ENSG00000128645|chr2:176188658-176188906	ENSG00000128645	HOXD1	HOXD1	HOX	Homeodomain	targeting	2000	507.4106018066406	1491.0	False	0.0	True	1270	13534	chr2:176188658-176188906
ENSG00000143190|chr1:167220883-167221072	ENSG00000143190	POU2F1	POU2F1	POU domain factors	Homeodomain; POU	targeting	2000	507.3971252441406	1492.0	False	0.0	True	1270	13534	chr1:167220883-167221072
ENSG00000167604|chr19:35900398-35900558	ENSG00000167604	NFKBID	NFKBID		Unknown	targeting	2000	507.3917388916016	1493.0	False	0.0	True	1270	13534	chr19:35900398-35900558
ENSG00000178860|chr8:71843641-71844261	ENSG00000178860	MSC	MSC	Tal-related	bHLH	targeting	2000	507.29620056152345	1494.0	False	0.0	True	1270	13534	chr8:71843641-71844261
ENSG00000179965|chr16:30407629-30407741	ENSG00000179965	ZNF771	ZNF771		C2H2 ZF	targeting	2000	507.2672149658203	1495.0	False	0.0	True	1270	13534	chr16:30407629-30407741
ENSG00000171532|chr17:39607725-39607972	ENSG00000171532	NEUROD2	NEUROD2	Tal-related	bHLH	targeting	2000	507.1612854003906	1496.0	False	0.0	True	1270	13534	chr17:39607725-39607972
non-targeting|62|non-targeting:62-62						negative control	2000	507.0816955566406		False	0.0	True	1270	13534	non-targeting|62|non-targeting:62-62
ENSG00000272886|chr3:53347309-53347535	ENSG00000272886	DCP1A	DCP1A		Unknown	targeting	2000	507.0757141113281	1497.0	False	0.0	True	1270	13534	chr3:53347309-53347535
ENSG00000147117|chrX:47370582-47370711	ENSG00000147117	ZNF157	ZNF157	More than 3 adjacent zinc fingers	C2H2 ZF	targeting	2000	507.03253784179685	1498.0	False	0.0	True	1270	13534	chrX:47370582-47370711
ENSG00000185869|chr19:36915869-36916157	ENSG00000185869	ZNF829	ZNF829		C2H2 ZF	targeting	2000	506.8351989746094	1499.0	False	0.0	True	1270	13534	chr19:36915869-36916157
ENSG00000170322|chr11:129895173-129895561	ENSG00000170322	NFRKB	NFRKB		Unknown	targeting	2000	506.818960571289	1500.0	False	0.0	True	1270	13534	chr11:129895173-129895561
ENSG00000188070|chr11:63768516-63768774	ENSG00000188070	C11orf95	ZFTA	Factors with multiple dispersed zinc fingers	BED ZF	targeting	2000	506.7921966552734	1501.0	False	0.0	True	1270	13534	chr11:63768516-63768774
ENSG00000130856|chr18:76822605-76823037	ENSG00000130856	ZNF236	ZNF236		C2H2 ZF	targeting	2000	506.7675720214844	1502.0	False	0.0	True	1270	13534	chr18:76822605-76823037
ENSG00000182986|chr19:52897306-52897706	ENSG00000182986	ZNF320	ZNF320	More than 3 adjacent zinc fingers	C2H2 ZF	targeting	2000	506.70836181640624	1503.0	False	0.0	True	1270	13534	chr19:52897306-52897706
non-targeting|41|non-targeting:41-41						negative control	2000	506.6837127685547		False	0.0	True	1270	13534	non-targeting|41|non-targeting:41-41
ENSG00000118526|chr6:133889105-133889211	ENSG00000118526	TCF21	TCF21	Tal-related	bHLH	targeting	2000	506.61965026855466	1504.0	False	0.0	True	1270	13534	chr6:133889105-133889211
ENSG00000196705|chr19:21142065-21142512	ENSG00000196705	ZNF431	ZNF431		C2H2 ZF	targeting	2000	506.5999176025391	1505.0	False	0.0	True	1270	13534	chr19:21142065-21142512
ENSG00000167981|chr16:3443253-3443482	ENSG00000167981	ZNF597	ZNF597		C2H2 ZF	targeting	2000	506.5329559326172	1506.0	False	0.0	True	1270	13534	chr16:3443253-3443482
ENSG00000260428|chr8:144266662-144267077	ENSG00000260428	SCXA	SCX		bHLH	targeting	2000	506.4123260498047	1507.0	False	0.0	True	1270	13534	chr8:144266662-144267077
ENSG00000260428|chr8:144266662-144267077	ENSG00000260428	SCXB	SCX		bHLH	targeting	2000	506.4123260498047	1507.0	False	0.0	True	1270	13534	chr8:144266662-144267077
ENSG00000260428|chr8:144266662-144267077	ENSG00000260428	SCXB	SCX		bHLH	targeting	2000	506.4123260498047	1507.0	False	0.0	True	1270	13534	chr8:144266662-144267077
ENSG00000260428|chr8:144266662-144267077	ENSG00000260428	SCXA	SCX		bHLH	targeting	2000	506.4123260498047	1507.0	False	0.0	True	1270	13534	chr8:144266662-144267077
ENSG00000144792|chr3:44584993-44585223	ENSG00000144792	ZNF660	ZNF660		C2H2 ZF	targeting	2000	506.38914794921874	1509.0	False	0.0	True	1270	13534	chr3:44584993-44585223
ENSG00000179772|chr20:31845280-31845580	ENSG00000179772	FOXS1	FOXS1	FOX	Forkhead	targeting	2000	506.3183532714844	1510.0	False	0.0	True	1270	13534	chr20:31845280-31845580
ENSG00000162086|chr16:3305500-3305683	ENSG00000162086	ZNF75A	ZNF75A	More than 3 adjacent zinc fingers	C2H2 ZF	targeting	2000	506.1980407714844	1511.0	False	0.0	True	1270	13534	chr16:3305500-3305683
ENSG00000092067|chr14:23118800-23119072	ENSG00000092067	CEBPE	CEBPE	CEBP-related	bZIP	targeting	2000	506.1697113037109	1512.0	False	0.0	True	1270	13534	chr14:23118800-23119072
ENSG00000063438|chr5:321718-322616	ENSG00000063438	AHRR	AHRR		bHLH	targeting	2000	506.0953918457032	1513.0	False	0.0	True	1270	13534	chr5:321718-322616
ENSG00000186141|chr1:145824185-145824322	ENSG00000186141	POLR3C	POLR3C			targeting	2000	506.0661499023437	1514.0	False	0.0	True	1270	13534	chr1:145824185-145824322
ENSG00000087510|chr20:56629301-56629748	ENSG00000087510	TFAP2C	TFAP2C	AP-2	AP-2	targeting	2000	506.0193572998047	1515.0	False	0.0	True	1270	13534	chr20:56629301-56629748
ENSG00000249471|chr19:58451623-58452050	ENSG00000249471	ZNF324B	ZNF324B		C2H2 ZF	targeting	2000	505.94598693847655	1516.0	False	0.0	True	1270	13534	chr19:58451623-58452050
non-targeting|22|non-targeting:22-22						negative control	2000	505.8362060546875		False	0.0	True	1270	13534	non-targeting|22|non-targeting:22-22
ENSG00000181449|chr3:181711908-181712439	ENSG00000181449	SOX2	SOX2	SOX-related factors	HMG/Sox	targeting	2000	505.8095275878906	1517.0	False	0.0	True	1270	13534	chr3:181711908-181712439
ENSG00000182903|chr4:473918-474198	ENSG00000182903	ZNF721	ZNF721	More than 3 adjacent zinc fingers	C2H2 ZF	targeting	2000	505.7986541748047	1518.0	False	0.0	True	1270	13534	chr4:473918-474198
ENSG00000129173|chr11:19241177-19241567	ENSG00000129173	E2F8	E2F8	E2F	E2F	targeting	2000	505.7938415527344	1519.0	False	0.0	True	1270	13534	chr11:19241177-19241567
ENSG00000083828|chr19:57769688-57769930	ENSG00000083828	ZNF586	ZNF586		C2H2 ZF	targeting	2000	505.73060913085936	1520.0	False	0.0	True	1270	13534	chr19:57769688-57769930
ENSG00000166529|chr7:100049783-100049839	ENSG00000166529	ZSCAN21	ZSCAN21	More than 3 adjacent zinc fingers	C2H2 ZF	targeting	2000	505.72926635742186	1521.0	False	0.0	True	1270	13534	chr7:100049783-100049839
ENSG00000156127|chr14:75522489-75522572	ENSG00000156127	BATF	BATF	B-ATF-related factors	bZIP	targeting	2000	505.6879638671875	1522.0	False	0.0	True	1270	13534	chr14:75522489-75522572
ENSG00000105991|chr7:27095656-27095993	ENSG00000105991	HOXA1	HOXA1	HOX	Homeodomain	targeting	2000	505.4703125	1523.0	False	0.0	True	1270	13534	chr7:27095656-27095993
ENSG00000269343|chr19:57830307-57830841	ENSG00000269343	ZNF587B	ZNF587B		C2H2 ZF	targeting	2000	505.4229156494141	1524.0	False	0.0	True	1270	13534	chr19:57830307-57830841
ENSG00000158805|chr16:89721558-89721760	ENSG00000158805	ZNF276	ZNF276		C2H2 ZF	targeting	2000	505.3524475097656	1525.0	False	0.0	True	1270	13534	chr16:89721558-89721760
ENSG00000136870|chr9:101398875-101399157	ENSG00000136870	ZNF189	ZNF189	More than 3 adjacent zinc fingers	C2H2 ZF	targeting	2000	505.3237213134765	1526.0	False	0.0	True	1270	13534	chr9:101398875-101399157
ENSG00000126456|chr19:49665547-49665842	ENSG00000126456	IRF3	IRF3	Interferon-regulatory factors	IRF	targeting	2000	505.2908630371094	1527.0	False	0.0	True	1270	13534	chr19:49665547-49665842
ENSG00000197961|chr19:9584127-9584487	ENSG00000197961	ZNF121	ZNF121	More than 3 adjacent zinc fingers	C2H2 ZF	targeting	2000	505.2770172119141	1528.0	False	0.0	True	1270	13534	chr19:9584127-9584487
ENSG00000117505|chr1:93345941-93346316	ENSG00000117505	DR1	DR1		Unknown	targeting	2000	505.21201477050784	1529.0	False	0.0	True	1270	13534	chr1:93345941-93346316
ENSG00000128713|chr2:176104538-176104952	ENSG00000128713	HOXD11	HOXD11	HOX	Homeodomain	targeting	2000	505.16725158691406	1530.0	False	0.0	True	1270	13534	chr2:176104538-176104952
ENSG00000112033|chr6:35342557-35342984	ENSG00000112033	PPARD	PPARD	Thyroid hormone receptor-related factors (NR1)	Nuclear receptor	targeting	2000	505.11156311035154	1531.0	False	0.0	True	1270	13534	chr6:35342557-35342984
ENSG00000077092|chr3:25428258-25428518	ENSG00000077092	RARB	RARB	Thyroid hormone receptor-related factors (NR1)	Nuclear receptor	targeting	2000	505.0308227539063	1532.0	False	0.0	True	1270	13534	chr3:25428258-25428518
ENSG00000106006|chr7:27150721-27150961	ENSG00000106006	HOXA6	HOXA6	HOX	Homeodomain	targeting	2000	504.97041015625	1533.0	False	0.0	True	1270	13534	chr7:27150721-27150961
ENSG00000120738|chr5:138465451-138465943	ENSG00000120738	EGR1	EGR1	Three-zinc finger Kruppel-related	C2H2 ZF	targeting	2000	504.9292694091797	1534.0	False	0.0	True	1270	13534	chr5:138465451-138465943
non-targeting|61|non-targeting:61-61						negative control	2000	504.8204345703125		False	0.0	True	1270	13534	non-targeting|61|non-targeting:61-61
ENSG00000213096|chr19:24087147-24087457	ENSG00000213096	ZNF254	ZNF254		C2H2 ZF	targeting	2000	504.755224609375	1535.0	False	0.0	True	1270	13534	chr19:24087147-24087457
non-targeting|17|non-targeting:17-17						negative control	2000	504.7447784423828		False	0.0	True	1270	13534	non-targeting|17|non-targeting:17-17
ENSG00000019549|chr8:48921305-48921393	ENSG00000019549	SNAI2	SNAI2	More than 3 adjacent zinc fingers	C2H2 ZF	targeting	2000	504.7270538330078	1536.0	False	0.0	True	1270	13534	chr8:48921305-48921393
ENSG00000176009|chr11:8942688-8943006	ENSG00000176009	ASCL3	ASCL3		bHLH	targeting	2000	504.69883728027344	1537.0	False	0.0	True	1270	13534	chr11:8942688-8943006
ENSG00000148400|chr9:136545759-136546062	ENSG00000148400	NOTCH1	NOTCH1		Unknown	targeting	2000	504.6732360839844	1538.0	False	0.0	True	1270	13534	chr9:136545759-136546062
ENSG00000158773|chr1:161045659-161045945	ENSG00000158773	USF1	USF1	bHLH-ZIP	bHLH	targeting	2000	504.6310791015625	1539.0	False	0.0	True	1270	13534	chr1:161045659-161045945
ENSG00000084093|chr4:56907913-56908305	ENSG00000084093	REST	REST	Factors with multiple dispersed zinc fingers	C2H2 ZF	targeting	2000	504.5196594238281	1540.0	False	0.0	True	1270	13534	chr4:56907913-56908305
ENSG00000197566|chr17:16653731-16653826	ENSG00000197566	ZNF624	ZNF624		C2H2 ZF	targeting	2000	504.3918762207031	1541.0	False	0.0	True	1270	13534	chr17:16653731-16653826
ENSG00000188290|chr1:1000005-1000088	ENSG00000188290	HES4	HES4		bHLH	targeting	2000	504.3790954589844	1542.0	False	0.0	True	1270	13534	chr1:1000005-1000088
ENSG00000161405|chr17:39863853-39864215	ENSG00000161405	IKZF3	IKZF3		C2H2 ZF	targeting	2000	504.34022521972656	1543.0	False	0.0	True	1270	13534	chr17:39863853-39864215
ENSG00000196428|chr3:150408282-150408678	ENSG00000196428	TSC22D2	TSC22D2		Unknown	targeting	2000	504.25986633300784	1544.0	False	0.0	True	1270	13534	chr3:150408282-150408678
ENSG00000153767|chr3:120742738-120742974	ENSG00000153767	GTF2E1	GTF2E1			targeting	2000	504.1152648925781	1545.0	False	0.0	True	1270	13534	chr3:120742738-120742974
ENSG00000138795|chr4:108165900-108166291	ENSG00000138795	LEF1	LEF1	TCF-7-related factors	HMG/Sox	targeting	2000	504.1120635986328	1546.0	False	0.0	True	1270	13534	chr4:108165900-108166291
ENSG00000214336|chr2:88452300-88452696	ENSG00000214336	FOXI3	FOXI3		Forkhead	targeting	2000	504.0382385253906	1547.0	False	0.0	True	1270	13534	chr2:88452300-88452696
ENSG00000023734|chr12:15882411-15882581	ENSG00000023734	STRAP	STRAP			targeting	2000	504.0275054931641	1548.0	False	0.0	True	1270	13534	chr12:15882411-15882581
ENSG00000186895|chr11:69818975-69819415	ENSG00000186895	FGF3	FGF3			targeting	2000	503.99509887695314	1549.0	False	0.0	True	1270	13534	chr11:69818975-69819415
ENSG00000197933|chr19:11738654-11738942	ENSG00000197933	ZNF823	ZNF823		C2H2 ZF	targeting	2000	503.9403076171875	1550.0	False	0.0	True	1270	13534	chr19:11738654-11738942
ENSG00000136807|chr9:127786028-127786596	ENSG00000136807	CDK9	CDK9		Unknown	targeting	2000	503.9271575927734	1551.0	False	0.0	True	1270	13534	chr9:127786028-127786596
ENSG00000120738|chr5:138468856-138468949	ENSG00000120738	EGR1	EGR1	Three-zinc finger Kruppel-related	C2H2 ZF	targeting	2000	503.8726593017578	1552.0	False	0.0	True	1270	13534	chr5:138468856-138468949
ENSG00000069399|chr19:44748690-44748815	ENSG00000069399	BCL3	BCL3		Unknown	targeting	2000	503.8402587890625	1553.0	False	0.0	True	1270	13534	chr19:44748690-44748815
ENSG00000198393|chr12:132986403-132986470	ENSG00000198393	ZNF26	ZNF26		C2H2 ZF	targeting	2000	503.81178894042966	1554.0	False	0.0	True	1270	13534	chr12:132986403-132986470
ENSG00000214114|chr1:38872965-38873362	ENSG00000214114	MYCBP	MYCBP		Unknown	targeting	2000	503.8104248046875	1555.0	False	0.0	True	1270	13534	chr1:38872965-38873362
ENSG00000204304|chr6:32189804-32190182	ENSG00000204304	PBX2	PBX2	TALE-type homeo domain factors	Homeodomain	targeting	2000	503.6983581542969	1556.0	False	0.0	True	1270	13534	chr6:32189804-32190182
ENSG00000073282|chr3:189789703-189789844	ENSG00000073282	TP63	TP63	p53-related factors	p53	targeting	2000	503.651968383789	1557.0	False	0.0	True	1270	13534	chr3:189789703-189789844
non-targeting|15|non-targeting:15-15						negative control	2000	503.6138793945312		False	0.0	True	1270	13534	non-targeting|15|non-targeting:15-15
ENSG00000204060|chr1:41361492-41362182	ENSG00000204060	FOXO6	FOXO6	FOX	Forkhead	targeting	2000	503.5455474853516	1558.0	False	0.0	True	1270	13534	chr1:41361492-41362182
ENSG00000176165|chr14:28766760-28766892	ENSG00000176165	FOXG1	FOXG1	FOX	Forkhead	targeting	2000	503.5328918457032	1559.0	False	0.0	True	1270	13534	chr14:28766760-28766892
ENSG00000118707|chr20:36573621-36575052	ENSG00000118707	TGIF2	TGIF2	TALE-type homeo domain factors	Homeodomain	targeting	2000	503.5220520019531	1560.0	False	0.0	True	1270	13534	chr20:36573621-36575052
ENSG00000187815|chr1:40477246-40477540	ENSG00000187815	ZFP69	ZFP69		C2H2 ZF	targeting	2000	503.4755737304688	1561.0	False	0.0	True	1270	13534	chr1:40477246-40477540
non-targeting|55|non-targeting:55-55						negative control	2000	503.31324768066406		False	0.0	True	1270	13534	non-targeting|55|non-targeting:55-55
ENSG00000112365|chr6:109482896-109483243	ENSG00000112365	ZBTB24	ZBTB24	More than 3 adjacent zinc fingers	C2H2 ZF; AT hook	targeting	2000	503.2781127929687	1562.0	False	0.0	True	1270	13534	chr6:109482896-109483243
ENSG00000197124|chr19:20039118-20039496	ENSG00000197124	ZNF682	ZNF682	More than 3 adjacent zinc fingers	C2H2 ZF	targeting	2000	503.19525756835935	1563.0	False	0.0	True	1270	13534	chr19:20039118-20039496
ENSG00000182903|chr4:499060-499143	ENSG00000182903	ZNF721	ZNF721	More than 3 adjacent zinc fingers	C2H2 ZF	targeting	2000	503.1572509765625	1564.0	False	0.0	True	1270	13534	chr4:499060-499143
ENSG00000143621|chr1:153670768-153670991	ENSG00000143621	ILF2	ILF2			targeting	2000	503.1424530029297	1565.0	False	0.0	True	1270	13534	chr1:153670768-153670991
ENSG00000258873|chr19:57167103-57167427	ENSG00000258873	DUXA	DUXA	Paired-related HD factors	Homeodomain	targeting	2000	503.1057891845703	1566.0	False	0.0	True	1270	13534	chr19:57167103-57167427
ENSG00000105136|chr19:57487784-57487945	ENSG00000105136	ZNF419	ZNF419		C2H2 ZF	targeting	2000	503.0554077148437	1567.0	False	0.0	True	1270	13534	chr19:57487784-57487945
ENSG00000110925|chr12:51083285-51083598	ENSG00000110925	CSRNP2	CSRNP2		Unknown	targeting	2000	503.0338165283203	1568.0	False	0.0	True	1270	13534	chr12:51083285-51083598
ENSG00000186184|chr13:27621865-27621958	ENSG00000186184					positive control	2000	503.032846069336		False	0.0	True	1270	13534	chr13:27621865-27621958
ENSG00000173258|chr9:111525195-111525607	ENSG00000173258	ZNF483	ZNF483		C2H2 ZF	targeting	2000	503.0159484863281	1569.0	False	0.0	True	1270	13534	chr9:111525195-111525607
ENSG00000110693|chr11:16402517-16402752	ENSG00000110693	SOX6	SOX6		HMG/Sox	targeting	2000	502.97532348632814	1570.0	False	0.0	True	1270	13534	chr11:16402517-16402752
ENSG00000105996|chr7:27102197-27102676	ENSG00000105996	HOXA2	HOXA2	HOX	Homeodomain	targeting	2000	502.9501037597656	1571.0	False	0.0	True	1270	13534	chr7:27102197-27102676
ENSG00000144026|chr2:95165541-95165662	ENSG00000144026	ZNF514	ZNF514		C2H2 ZF	targeting	2000	502.9441467285157	1572.0	False	0.0	True	1270	13534	chr2:95165541-95165662
ENSG00000170345|chr14:75280037-75280107	ENSG00000170345	FOS	FOS	Fos-related	bZIP	targeting	2000	502.9127868652344	1573.0	False	0.0	True	1270	13534	chr14:75280037-75280107
ENSG00000059728|chr2:69915082-69915334	ENSG00000059728	MXD1	MXD1		bHLH	targeting	2000	502.8770629882813	1574.0	False	0.0	True	1270	13534	chr2:69915082-69915334
ENSG00000121864|chr3:179322853-179323271	ENSG00000121864	ZNF639	ZNF639		C2H2 ZF	targeting	2000	502.6810668945312	1575.0	False	0.0	True	1270	13534	chr3:179322853-179323271
non-targeting|68|non-targeting:68-68						negative control	2000	502.4941375732422		False	0.0	True	1270	13534	non-targeting|68|non-targeting:68-68
non-targeting|27|non-targeting:27-27						negative control	2000	502.276303100586		False	0.0	True	1270	13534	non-targeting|27|non-targeting:27-27
ENSG00000167766|chr19:52636984-52637203	ENSG00000167766	ZNF83	ZNF83		C2H2 ZF	targeting	2000	502.1293762207032	1576.0	False	0.0	True	1270	13534	chr19:52636984-52637203
ENSG00000164631|chr7:6706658-6706921	ENSG00000164631	ZNF12	ZNF12		C2H2 ZF	targeting	2000	502.1119079589844	1577.0	False	0.0	True	1270	13534	chr7:6706658-6706921
ENSG00000169981|chr3:44648704-44649095	ENSG00000169981	ZNF35	ZNF35	More than 3 adjacent zinc fingers	C2H2 ZF	targeting	2000	502.1006683349609	1578.0	False	0.0	True	1270	13534	chr3:44648704-44649095
ENSG00000197037|chr7:99616956-99617045	ENSG00000197037	ZSCAN25	ZSCAN25	More than 3 adjacent zinc fingers	C2H2 ZF	targeting	2000	502.0681274414063	1579.0	False	0.0	True	1270	13534	chr7:99616956-99617045
ENSG00000166188|chr16:57999336-57999680	ENSG00000166188	ZNF319	ZNF319		C2H2 ZF	targeting	2000	502.0281555175781	1580.0	False	0.0	True	1270	13534	chr16:57999336-57999680
ENSG00000138336|chr10:68560326-68560887	ENSG00000138336	TET1	TET1		CxxC	targeting	2000	501.9712432861328	1581.0	False	0.0	True	1270	13534	chr10:68560326-68560887
ENSG00000188033|chr19:12610582-12610795	ENSG00000188033	ZNF490	ZNF490	More than 3 adjacent zinc fingers	C2H2 ZF	targeting	2000	501.9594268798828	1582.0	False	0.0	True	1270	13534	chr19:12610582-12610795
ENSG00000170577|chr2:45009077-45009443	ENSG00000170577	SIX2	SIX2	HD-SINE	Homeodomain	targeting	2000	501.9126251220703	1583.0	False	0.0	True	1270	13534	chr2:45009077-45009443
ENSG00000099949|chr22:20982302-20982395	ENSG00000099949	LZTR1	LZTR1		Unknown	targeting	2000	501.9032806396484	1584.0	False	0.0	True	1270	13534	chr22:20982302-20982395
ENSG00000183340|chr11:96390024-96390237	ENSG00000183340	JRKL	JRKL		CENPB	targeting	2000	501.797412109375	1585.0	False	0.0	True	1270	13534	chr11:96390024-96390237
ENSG00000171604|chr5:139648375-139648969	ENSG00000171604	CXXC5	CXXC5		CxxC	targeting	2000	501.6784057617188	1586.0	False	0.0	True	1270	13534	chr5:139648375-139648969
ENSG00000170515|chr12:56104508-56105032	ENSG00000170515	PA2G4	PA2G4		Unknown	targeting	2000	501.5558135986328	1587.0	False	0.0	True	1270	13534	chr12:56104508-56105032
ENSG00000101096|chr20:51542468-51542723	ENSG00000101096	NFATC2	NFATC2		Rel	targeting	2000	501.528759765625	1588.0	False	0.0	True	1270	13534	chr20:51542468-51542723
ENSG00000118922|chr13:74134068-74134396	ENSG00000118922	KLF12	KLF12	Three-zinc finger Kruppel-related	C2H2 ZF	targeting	2000	501.5180572509765	1589.0	False	0.0	True	1270	13534	chr13:74134068-74134396
ENSG00000173320|chr4:183905333-183905809	ENSG00000173320	STOX2	STOX2			targeting	2000	501.4671752929688	1590.0	False	0.0	True	1270	13534	chr4:183905333-183905809
ENSG00000187595|chr17:42062943-42063072	ENSG00000187595	ZNF385C	ZNF385C		C2H2 ZF	targeting	2000	501.4513092041016	1591.0	False	0.0	True	1270	13534	chr17:42062943-42063072
ENSG00000143067|chr1:119647908-119648279	ENSG00000143067	ZNF697	ZNF697		C2H2 ZF	targeting	2000	501.4374176025391	1592.0	False	0.0	True	1270	13534	chr1:119647908-119648279
ENSG00000198538|chr19:52821234-52821613	ENSG00000198538	ZNF28	ZNF28		C2H2 ZF	targeting	2000	501.4334228515625	1593.0	False	0.0	True	1270	13534	chr19:52821234-52821613
ENSG00000170949|chr19:53103171-53103421	ENSG00000170949	ZNF160	ZNF160		C2H2 ZF	targeting	2000	501.34962768554686	1594.0	False	0.0	True	1270	13534	chr19:53103171-53103421
ENSG00000163320|chr3:88149561-88149871	ENSG00000163320	CGGBP1	CGGBP1		Unknown	targeting	2000	501.3058776855469	1595.0	False	0.0	True	1270	13534	chr3:88149561-88149871
ENSG00000101096|chr20:51562564-51562830	ENSG00000101096	NFATC2	NFATC2		Rel	targeting	2000	501.2990203857422	1596.0	False	0.0	True	1270	13534	chr20:51562564-51562830
ENSG00000079246|chr2:216109402-216109580	ENSG00000079246	XRCC5	XRCC5			targeting	2000	501.2631652832032	1597.0	False	0.0	True	1270	13534	chr2:216109402-216109580
ENSG00000060237|chr12:752553-753238	ENSG00000060237	WNK1	WNK1			targeting	2000	501.24732666015626	1598.0	False	0.0	True	1270	13534	chr12:752553-753238
ENSG00000236104|chr6:33317539-33317747	ENSG00000236104	ZBTB22	ZBTB22		C2H2 ZF	targeting	2000	501.0898742675781	1599.0	False	0.0	True	1270	13534	chr6:33317539-33317747
ENSG00000123411|chr12:56021506-56021570	ENSG00000123411	IKZF4	IKZF4		C2H2 ZF	targeting	2000	501.0849700927735	1600.0	False	0.0	True	1270	13534	chr12:56021506-56021570
ENSG00000054598|chr6:1610046-1610654	ENSG00000054598	FOXC1	FOXC1	FOX	Forkhead	targeting	2000	501.0623443603516	1601.0	False	0.0	True	1270	13534	chr6:1610046-1610654
ENSG00000157657|chr9:113876242-113876541	ENSG00000157657	ZNF618	ZNF618		C2H2 ZF	targeting	2000	500.9861541748047	1602.0	False	0.0	True	1270	13534	chr9:113876242-113876541
ENSG00000230797|chrX:21856256-21856677	ENSG00000230797	YY2	YY2	More than 3 adjacent zinc fingers	C2H2 ZF	targeting	2000	500.9669158935547	1603.0	False	0.0	True	1270	13534	chrX:21856256-21856677
ENSG00000139613|chr12:56189298-56189479	ENSG00000139613	SMARCC2	SMARCC2		Myb/SANT	targeting	2000	500.9560150146484	1604.0	False	0.0	True	1270	13534	chr12:56189298-56189479
ENSG00000083223|chr9:86353974-86354360	ENSG00000083223	ZCCHC6	TUT7		Unknown	targeting	2000	500.93455200195314	1605.0	False	0.0	True	1270	13534	chr9:86353974-86354360
ENSG00000174255|chr3:114237081-114237364	ENSG00000174255	ZNF80	ZNF80		C2H2 ZF	targeting	2000	500.8811767578125	1606.0	False	0.0	True	1270	13534	chr3:114237081-114237364
ENSG00000110777|chr11:111378968-111379276	ENSG00000110777	POU2AF1	POU2AF1		Unknown	targeting	2000	500.84910888671874	1607.0	False	0.0	True	1270	13534	chr11:111378968-111379276
ENSG00000139083|chr12:11649771-11650195	ENSG00000139083	ETV6	ETV6	Ets-related	Ets	targeting	2000	500.8062805175781	1608.0	False	0.0	True	1270	13534	chr12:11649771-11650195
ENSG00000169840|chr13:27792500-27792755	ENSG00000169840	GSX1	GSX1	HOX	Homeodomain	targeting	2000	500.8062225341797	1609.0	False	0.0	True	1270	13534	chr13:27792500-27792755
ENSG00000188283|chr19:37218157-37218461	ENSG00000188283	ZNF383	ZNF383		C2H2 ZF	targeting	2000	500.77171936035154	1610.0	False	0.0	True	1270	13534	chr19:37218157-37218461
ENSG00000113387|chr5:32585577-32585974	ENSG00000113387	SUB1	SUB1		Unknown	targeting	2000	500.6657592773437	1611.0	False	0.0	True	1270	13534	chr5:32585577-32585974
ENSG00000091010|chr5:146338859-146339112	ENSG00000091010	POU4F3	POU4F3	POU domain factors	Homeodomain; POU	targeting	2000	500.3693481445313	1612.0	False	0.0	True	1270	13534	chr5:146338859-146339112
ENSG00000213799|chr19:53333772-53334183	ENSG00000213799	ZNF845	ZNF845		C2H2 ZF	targeting	2000	500.2751220703125	1613.0	False	0.0	True	1270	13534	chr19:53333772-53334183
ENSG00000054267|chr1:235327775-235328171	ENSG00000054267	ARID4B	ARID4B		ARID/BRIGHT	targeting	2000	500.2437683105469	1614.0	False	0.0	True	1270	13534	chr1:235327775-235328171
ENSG00000197714|chr19:57280484-57280693	ENSG00000197714	ZNF460	ZNF460	More than 3 adjacent zinc fingers	C2H2 ZF	targeting	2000	500.2198547363281	1615.0	False	0.0	True	1270	13534	chr19:57280484-57280693
ENSG00000177374|chr17:2055106-2055552	ENSG00000177374	HIC1	HIC1		C2H2 ZF	targeting	2000	500.1779815673828	1616.0	False	0.0	True	1270	13534	chr17:2055106-2055552
ENSG00000249961|chr16:66800995-66801110	ENSG00000249961	CCDC79	TERB1		Myb/SANT	targeting	2000	500.1402587890625	1617.0	False	0.0	True	1270	13534	chr16:66800995-66801110
ENSG00000188295|chr1:247104086-247104368	ENSG00000188295	ZNF669	ZNF669	More than 3 adjacent zinc fingers	C2H2 ZF	targeting	2000	500.0932678222656	1618.0	False	0.0	True	1270	13534	chr1:247104086-247104368
ENSG00000185947|chr16:31873799-31873914	ENSG00000185947	ZNF267	ZNF267		C2H2 ZF	targeting	2000	500.0439147949219	1619.0	False	0.0	True	1270	13534	chr16:31873799-31873914
ENSG00000184828|chr18:48136623-48137137	ENSG00000184828	ZBTB7C	ZBTB7C	More than 3 adjacent zinc fingers	C2H2 ZF	targeting	2000	499.9755950927735	1620.0	False	0.0	True	1270	13534	chr18:48136623-48137137
ENSG00000197619|chr19:52008137-52008210	ENSG00000197619	ZNF615	ZNF615		C2H2 ZF	targeting	2000	499.90576171875	1621.0	False	0.0	True	1270	13534	chr19:52008137-52008210
ENSG00000129654|chr17:76140958-76141301	ENSG00000129654	FOXJ1	FOXJ1		Forkhead	targeting	2000	499.8512847900391	1622.0	False	0.0	True	1270	13534	chr17:76140958-76141301
non-targeting|94|non-targeting:94-94						negative control	2000	499.8330047607422		False	0.0	True	1270	13534	non-targeting|94|non-targeting:94-94
ENSG00000134574|chr11:47215068-47215282	ENSG00000134574	DDB2	DDB2		Unknown	targeting	2000	499.7551879882813	1623.0	False	0.0	True	1270	13534	chr11:47215068-47215282
ENSG00000137265|chr6:391762-391959	ENSG00000137265	IRF4	IRF4	Interferon-regulatory factors	IRF	targeting	2000	499.7002868652344	1624.0	False	0.0	True	1270	13534	chr6:391762-391959
ENSG00000182318|chr19:58327028-58327250	ENSG00000182318	ZSCAN22	ZSCAN22		C2H2 ZF	targeting	2000	499.6556915283203	1625.0	False	0.0	True	1270	13534	chr19:58327028-58327250
ENSG00000102870|chr16:30786960-30787188	ENSG00000102870	ZNF629	ZNF629		C2H2 ZF	targeting	2000	499.5630340576172	1626.0	False	0.0	True	1270	13534	chr16:30786960-30787188
ENSG00000135100|chr12:120978550-120979137	ENSG00000135100	HNF1A	HNF1A	POU domain factors	Homeodomain	targeting	2000	499.41456909179686	1627.0	False	0.0	True	1270	13534	chr12:120978550-120979137
ENSG00000074657|chr18:58863471-58863895	ENSG00000074657	ZNF532	ZNF532		C2H2 ZF	targeting	2000	499.4067535400391	1628.0	False	0.0	True	1270	13534	chr18:58863471-58863895
non-targeting|42|non-targeting:42-42						negative control	2000	499.3789886474609		False	0.0	True	1270	13534	non-targeting|42|non-targeting:42-42
ENSG00000124920|chr11:61752634-61752904	ENSG00000124920	MYRF	MYRF		Ndt80/PhoG	targeting	2000	499.2509185791016	1629.0	False	0.0	True	1270	13534	chr11:61752634-61752904
ENSG00000111358|chr12:123633820-123633924	ENSG00000111358	GTF2H3	GTF2H3		Unknown	targeting	2000	499.2056945800781	1630.0	False	0.0	True	1270	13534	chr12:123633820-123633924
ENSG00000171649|chr19:57584191-57584421	ENSG00000171649	ZIK1	ZIK1		C2H2 ZF	targeting	2000	499.1472412109375	1631.0	False	0.0	True	1270	13534	chr19:57584191-57584421
ENSG00000011052|chr17:51166428-51166651	ENSG00000011052	NME1-NME2	NME1-NME2			targeting	2000	499.0749633789063	1632.0	False	0.0	True	1270	13534	chr17:51166428-51166651
ENSG00000141052|chr17:12665905-12666064	ENSG00000141052	MYOCD	MYOCD		Unknown	targeting	2000	498.9197387695313	1633.0	False	0.0	True	1270	13534	chr17:12665905-12666064
ENSG00000198945|chr6:130018564-130018680	ENSG00000198945	L3MBTL3	L3MBTL3		C2H2 ZF	targeting	2000	498.8666900634765	1634.0	False	0.0	True	1270	13534	chr6:130018564-130018680
ENSG00000131788|chr1:145858990-145859791	ENSG00000131788	PIAS3	PIAS3		Unknown	targeting	2000	498.8341369628906	1635.0	False	0.0	True	1270	13534	chr1:145858990-145859791
ENSG00000092607|chr1:118987627-118987997	ENSG00000092607	TBX15	TBX15	TBX1-related factors	T-box	targeting	2000	498.7711944580078	1636.0	False	0.0	True	1270	13534	chr1:118987627-118987997
ENSG00000171817|chr19:37551366-37551599	ENSG00000171817	ZNF540	ZNF540		C2H2 ZF	targeting	2000	498.7529235839844	1637.0	False	0.0	True	1270	13534	chr19:37551366-37551599
ENSG00000129152|chr11:17719554-17719847	ENSG00000129152	MYOD1	MYOD1	MyoD/ASC-related factors	bHLH	targeting	2000	498.7423553466797	1638.0	False	0.0	True	1270	13534	chr11:17719554-17719847
ENSG00000214575|chr15:82647585-82648021	ENSG00000214575	CPEB1	CPEB1		Unknown	targeting	2000	498.67392578125	1639.0	False	0.0	True	1270	13534	chr15:82647585-82648021
ENSG00000177946|chr16:89972053-89972506	ENSG00000177946	CENPBD1	CENPBD1P		CENPB	targeting	2000	498.6126403808594	1640.0	False	0.0	True	1270	13534	chr16:89972053-89972506
ENSG00000065970|chr12:8032745-8032811	ENSG00000065970	FOXJ2	FOXJ2		Forkhead	targeting	2000	498.6075317382813	1641.0	False	0.0	True	1270	13534	chr12:8032745-8032811
ENSG00000113387|chr5:32531822-32532272	ENSG00000113387	SUB1	SUB1		Unknown	targeting	2000	498.5587463378906	1642.0	False	0.0	True	1270	13534	chr5:32531822-32532272
ENSG00000196345|chr3:44555188-44555272	ENSG00000196345	ZKSCAN7	ZKSCAN7		C2H2 ZF	targeting	2000	498.5231689453125	1643.0	False	0.0	True	1270	13534	chr3:44555188-44555272
ENSG00000189079|chr12:45729704-45729957	ENSG00000189079	ARID2	ARID2		ARID/BRIGHT; RFX	targeting	2000	498.50368041992186	1644.0	False	0.0	True	1270	13534	chr12:45729704-45729957
ENSG00000057657|chr6:106086357-106086421	ENSG00000057657	PRDM1	PRDM1	More than 3 adjacent zinc fingers	C2H2 ZF	targeting	2000	498.4208129882812	1645.0	False	0.0	True	1270	13534	chr6:106086357-106086421
ENSG00000005436|chr2:75710658-75710900	ENSG00000005436	GCFC2	GCFC2		Unknown	targeting	2000	498.2970001220703	1646.0	False	0.0	True	1270	13534	chr2:75710658-75710900
ENSG00000137166|chr6:41546382-41546629	ENSG00000137166	FOXP4	FOXP4	FOX	Forkhead	targeting	2000	498.2568572998047	1647.0	False	0.0	True	1270	13534	chr6:41546382-41546629
ENSG00000198911|chr22:41833139-41833356	ENSG00000198911	SREBF2	SREBF2	bHLH-ZIP	bHLH	targeting	2000	498.2184143066406	1648.0	False	0.0	True	1270	13534	chr22:41833139-41833356
ENSG00000153187|chr1:244864256-244864499	ENSG00000153187	HNRNPU	HNRNPU		Unknown	targeting	2000	498.1466430664062	1649.0	False	0.0	True	1270	13534	chr1:244864256-244864499
ENSG00000189067|chr16:11586834-11586921	ENSG00000189067	LITAF	LITAF			targeting	2000	498.14540100097656	1650.0	False	0.0	True	1270	13534	chr16:11586834-11586921
ENSG00000071564|chr19:1652545-1652606	ENSG00000071564	TCF3	TCF3	E2A	bHLH	targeting	2000	498.10626831054685	1651.0	False	0.0	True	1270	13534	chr19:1652545-1652606
ENSG00000181220|chr7:149497652-149497840	ENSG00000181220	ZNF746	ZNF746	More than 3 adjacent zinc fingers	C2H2 ZF	targeting	2000	498.0576812744141	1652.0	False	0.0	True	1270	13534	chr7:149497652-149497840
ENSG00000125845|chr20:6770086-6770187	ENSG00000125845	BMP2	BMP2		Unknown	targeting	2000	497.724658203125	1653.0	False	0.0	True	1270	13534	chr20:6770086-6770187
non-targeting|57|non-targeting:57-57						negative control	2000	497.6880828857422		False	0.0	True	1270	13534	non-targeting|57|non-targeting:57-57
ENSG00000015153|chr12:42237972-42238232	ENSG00000015153	YAF2	YAF2			targeting	2000	497.6181671142578	1654.0	False	0.0	True	1270	13534	chr12:42237972-42238232
non-targeting|49|non-targeting:49-49						negative control	2000	497.57269287109375		False	0.0	True	1270	13534	non-targeting|49|non-targeting:49-49
ENSG00000020633|chr1:24930025-24930283	ENSG00000020633	RUNX3	RUNX3	Runt-related factors	Runt	targeting	2000	497.5005676269531	1655.0	False	0.0	True	1270	13534	chr1:24930025-24930283
ENSG00000197841|chr19:34734243-34734324	ENSG00000197841	ZNF181	ZNF181		C2H2 ZF	targeting	2000	497.3904968261719	1656.0	False	0.0	True	1270	13534	chr19:34734243-34734324
ENSG00000134046|chr18:54224191-54224625	ENSG00000134046	MBD2	MBD2		MBD	targeting	2000	497.3844451904297	1657.0	False	0.0	True	1270	13534	chr18:54224191-54224625
ENSG00000162367|chr1:47229238-47229777	ENSG00000162367	TAL1	TAL1		bHLH	targeting	2000	497.3748840332031	1658.0	False	0.0	True	1270	13534	chr1:47229238-47229777
ENSG00000158691|chr6:28399674-28399739	ENSG00000158691	ZSCAN12	ZSCAN12		C2H2 ZF	targeting	2000	497.3642211914063	1659.0	False	0.0	True	1270	13534	chr6:28399674-28399739
ENSG00000118058|chr11:118436485-118436914	ENSG00000118058	KMT2A	KMT2A		CxxC; AT hook	targeting	2000	497.28150634765626	1660.0	False	0.0	True	1270	13534	chr11:118436485-118436914
ENSG00000235608|chr4:1406252-1406344	ENSG00000235608	NKX1-1	NKX1-1		Homeodomain	targeting	2000	497.215234375	1661.0	False	0.0	True	1270	13534	chr4:1406252-1406344
ENSG00000168769|chr4:105146928-105147270	ENSG00000168769	TET2	TET2		Unknown	targeting	2000	497.1686981201172	1662.0	False	0.0	True	1270	13534	chr4:105146928-105147270
ENSG00000164458|chr6:166167825-166168669	ENSG00000164458	T	TBXT	Brachyury-related factors	T-box	targeting	2000	497.16029663085936	1663.0	False	0.0	True	1270	13534	chr6:166167825-166168669
ENSG00000152439|chr19:57499907-57500081	ENSG00000152439	ZNF773	ZNF773	More than 3 adjacent zinc fingers	C2H2 ZF	targeting	2000	497.1131622314453	1664.0	False	0.0	True	1270	13534	chr19:57499907-57500081
ENSG00000178662|chr2:165469718-165470199	ENSG00000178662	CSRNP3	CSRNP3		Unknown	targeting	2000	497.0381164550781	1665.0	False	0.0	True	1270	13534	chr2:165469718-165470199
ENSG00000106852|chr9:122228639-122228959	ENSG00000106852	LHX6	LHX6	HD-LIM	Homeodomain	targeting	2000	497.0254974365234	1666.0	False	0.0	True	1270	13534	chr9:122228639-122228959
ENSG00000196628|chr18:55588030-55588246	ENSG00000196628	TCF4	TCF4	E2A	bHLH	targeting	2000	497.0097534179688	1667.0	False	0.0	True	1270	13534	chr18:55588030-55588246
ENSG00000171827|chr19:37467515-37467700	ENSG00000171827	ZNF570	ZNF570		C2H2 ZF	targeting	2000	497.0063873291016	1668.0	False	0.0	True	1270	13534	chr19:37467515-37467700
ENSG00000106511|chr7:15686268-15686662	ENSG00000106511	MEOX2	MEOX2	HOX	Homeodomain	targeting	2000	496.8977874755859	1669.0	False	0.0	True	1270	13534	chr7:15686268-15686662
ENSG00000273274|chr1:32465059-32465434	ENSG00000273274	ZBTB8B	ZBTB8B	Other factors with up to three adjacent zinc fingers	C2H2 ZF	targeting	2000	496.8958404541016	1670.0	False	0.0	True	1270	13534	chr1:32465059-32465434
ENSG00000136367|chr14:23551486-23551759	ENSG00000136367	ZFHX2	ZFHX2		Homeodomain	targeting	2000	496.8232482910156	1671.0	False	0.0	True	1270	13534	chr14:23551486-23551759
ENSG00000105229|chr19:4007737-4008242	ENSG00000105229	PIAS4	PIAS4		Unknown	targeting	2000	496.8010192871094	1672.0	False	0.0	True	1270	13534	chr19:4007737-4008242
non-targeting|39|non-targeting:39-39						negative control	2000	496.7180358886719		False	0.0	True	1270	13534	non-targeting|39|non-targeting:39-39
ENSG00000134874|chr13:95643045-95644713	ENSG00000134874	DZIP1	DZIP1		C2H2 ZF	targeting	2000	496.6820129394531	1673.0	False	0.0	True	1270	13534	chr13:95643045-95644713
ENSG00000174963|chr3:147406276-147406513	ENSG00000174963	ZIC4	ZIC4	More than 3 adjacent zinc fingers	C2H2 ZF	targeting	2000	496.6669952392578	1674.0	False	0.0	True	1270	13534	chr3:147406276-147406513
ENSG00000107249|chr9:4299836-4300078	ENSG00000107249	GLIS3	GLIS3	More than 3 adjacent zinc fingers	C2H2 ZF	targeting	2000	496.5924621582032	1675.0	False	0.0	True	1270	13534	chr9:4299836-4300078
ENSG00000029363|chr6:136289352-136289819	ENSG00000029363	BCLAF1	BCLAF1		Unknown	targeting	2000	496.49489135742186	1676.0	False	0.0	True	1270	13534	chr6:136289352-136289819
ENSG00000165512|chr10:45000874-45000991	ENSG00000165512	ZNF22	ZNF22		C2H2 ZF	targeting	2000	496.4576446533203	1677.0	False	0.0	True	1270	13534	chr10:45000874-45000991
ENSG00000182568|chr3:18444605-18444835	ENSG00000182568	SATB1	SATB1	HD-CUT	CUT; Homeodomain	targeting	2000	496.3408508300781	1678.0	False	0.0	True	1270	13534	chr3:18444605-18444835
ENSG00000167074|chr22:41367463-41367743	ENSG00000167074	TEF	TEF	CEBP-related	bZIP	targeting	2000	496.3069213867187	1679.0	False	0.0	True	1270	13534	chr22:41367463-41367743
ENSG00000105398|chr19:47885921-47886316	ENSG00000105398	SULT2A1	SULT2A1			targeting	2000	496.2693664550781	1680.0	False	0.0	True	1270	13534	chr19:47885921-47886316
ENSG00000105997|chr7:27152320-27152554	ENSG00000105997	HOXA3	HOXA3	HOX	Homeodomain	targeting	2000	496.266357421875	1681.0	False	0.0	True	1270	13534	chr7:27152320-27152554
ENSG00000123358|chr12:52051450-52051675	ENSG00000123358	NR4A1	NR4A1	NGFI-B-related receptors (NR4)	Nuclear receptor	targeting	2000	496.2497283935547	1682.0	False	0.0	True	1270	13534	chr12:52051450-52051675
ENSG00000167637|chr19:43827376-43827637	ENSG00000167637	ZNF283	ZNF283		C2H2 ZF	targeting	2000	496.2451049804688	1683.0	False	0.0	True	1270	13534	chr19:43827376-43827637
ENSG00000146007|chr5:140703931-140704177	ENSG00000146007	ZMAT2	ZMAT2		Unknown	targeting	2000	496.2074371337891	1684.0	False	0.0	True	1270	13534	chr5:140703931-140704177
ENSG00000123609|chr2:151289396-151289682	ENSG00000123609	NMI	NMI			targeting	2000	496.1914642333985	1685.0	False	0.0	True	1270	13534	chr2:151289396-151289682
ENSG00000205981|chr3:180989327-180989725	ENSG00000205981					positive control	2000	496.1245483398437		False	0.0	True	1270	13534	chr3:180989327-180989725
ENSG00000101444|chr20:34302905-34303337	ENSG00000101444	AHCY	AHCY			targeting	2000	496.091421508789	1686.0	False	0.0	True	1270	13534	chr20:34302905-34303337
ENSG00000198963|chr9:74497302-74497430	ENSG00000198963	RORB	RORB	Thyroid hormone receptor-related factors (NR1)	Nuclear receptor	targeting	2000	496.0822448730469	1687.0	False	0.0	True	1270	13534	chr9:74497302-74497430
ENSG00000205683|chr14:72893624-72894106	ENSG00000205683	DPF3	DPF3		C2H2 ZF	targeting	2000	495.9777313232422	1688.0	False	0.0	True	1270	13534	chr14:72893624-72894106
ENSG00000160094|chr1:33256472-33256878	ENSG00000160094	ZNF362	ZNF362	More than 3 adjacent zinc fingers	C2H2 ZF	targeting	2000	495.85260009765625	1689.0	False	0.0	True	1270	13534	chr1:33256472-33256878
ENSG00000149054|chr11:6926462-6926964	ENSG00000149054	ZNF215	ZNF215	More than 3 adjacent zinc fingers	C2H2 ZF	targeting	2000	495.7994750976562	1690.0	False	0.0	True	1270	13534	chr11:6926462-6926964
ENSG00000156853|chr16:30610117-30610394	ENSG00000156853	ZNF689	ZNF689	More than 3 adjacent zinc fingers	C2H2 ZF	targeting	2000	495.7097717285157	1691.0	False	0.0	True	1270	13534	chr16:30610117-30610394
ENSG00000167986|chr11:61313506-61313923	ENSG00000167986	DDB1	DDB1		Unknown	targeting	2000	495.5443542480469	1692.0	False	0.0	True	1270	13534	chr11:61313506-61313923
ENSG00000137203|chr6:10414597-10415089	ENSG00000137203	TFAP2A	TFAP2A	AP-2	AP-2	targeting	2000	495.52431640625	1693.0	False	0.0	True	1270	13534	chr6:10414597-10415089
ENSG00000121413|chr19:58118357-58118404	ENSG00000121413	ZSCAN18	ZSCAN18		C2H2 ZF	targeting	2000	495.5062683105469	1694.0	False	0.0	True	1270	13534	chr19:58118357-58118404
ENSG00000184939|chr16:68530115-68530322	ENSG00000184939	ZFP90	ZFP90		C2H2 ZF	targeting	2000	495.4325073242188	1695.0	False	0.0	True	1270	13534	chr16:68530115-68530322
ENSG00000175105|chr3:88139198-88139375	ENSG00000175105	ZNF654	ZNF654		C2H2 ZF	targeting	2000	495.3933471679687	1696.0	False	0.0	True	1270	13534	chr3:88139198-88139375
ENSG00000153896|chr19:34773139-34773206	ENSG00000153896	ZNF599	ZNF599		C2H2 ZF	targeting	2000	495.38063049316406	1697.0	False	0.0	True	1270	13534	chr19:34773139-34773206
ENSG00000251192|chrX:46545361-46545455	ENSG00000251192	ZNF674	ZNF674		C2H2 ZF	targeting	2000	495.28411254882815	1698.0	False	0.0	True	1270	13534	chrX:46545361-46545455
ENSG00000173473|chr3:47781383-47781872	ENSG00000173473	SMARCC1	SMARCC1		Myb/SANT	targeting	2000	495.27015991210936	1699.0	False	0.0	True	1270	13534	chr3:47781383-47781872
ENSG00000151379|chr2:17816496-17816890	ENSG00000151379	MSGN1	MSGN1	Tal-related	bHLH	targeting	2000	495.2647308349609	1700.0	False	0.0	True	1270	13534	chr2:17816496-17816890
ENSG00000181894|chr19:58150697-58150764	ENSG00000181894	ZNF329	ZNF329		C2H2 ZF	targeting	2000	495.2601837158203	1701.0	False	0.0	True	1270	13534	chr19:58150697-58150764
ENSG00000179456|chr1:244051272-244051397	ENSG00000179456	ZBTB18	ZBTB18	More than 3 adjacent zinc fingers	C2H2 ZF	targeting	2000	495.19853515625	1702.0	False	0.0	True	1270	13534	chr1:244051272-244051397
ENSG00000068024|chr2:239400976-239401445	ENSG00000068024	HDAC4	HDAC4		Unknown	targeting	2000	495.1829681396485	1703.0	False	0.0	True	1270	13534	chr2:239400976-239401445
ENSG00000159263|chr21:36699107-36699564	ENSG00000159263	SIM2	SIM2		bHLH	targeting	2000	495.0494903564453	1704.0	False	0.0	True	1270	13534	chr21:36699107-36699564
ENSG00000153266|chr3:62373460-62373555	ENSG00000153266	FEZF2	FEZF2	More than 3 adjacent zinc fingers	C2H2 ZF	targeting	2000	495.0038940429688	1705.0	False	0.0	True	1270	13534	chr3:62373460-62373555
ENSG00000174963|chr3:147392038-147392318	ENSG00000174963	ZIC4	ZIC4	More than 3 adjacent zinc fingers	C2H2 ZF	targeting	2000	494.91798706054686	1706.0	False	0.0	True	1270	13534	chr3:147392038-147392318
ENSG00000215421|chr18:74631035-74631516	ENSG00000215421	ZNF407	ZNF407	Factors with multiple dispersed zinc fingers	C2H2 ZF	targeting	2000	494.75122985839846	1707.0	False	0.0	True	1270	13534	chr18:74631035-74631516
ENSG00000197134|chr19:22052494-22052793	ENSG00000197134	ZNF257	ZNF257	More than 3 adjacent zinc fingers	C2H2 ZF	targeting	2000	494.6131774902344	1708.0	False	0.0	True	1270	13534	chr19:22052494-22052793
ENSG00000127124|chr1:41918239-41918685	ENSG00000127124	HIVEP3	HIVEP3		C2H2 ZF	targeting	2000	494.3818603515625	1709.0	False	0.0	True	1270	13534	chr1:41918239-41918685
ENSG00000183072|chr5:173234977-173235210	ENSG00000183072	NKX2-5	NKX2-5	NK	Homeodomain	targeting	2000	494.3215576171875	1710.0	False	0.0	True	1270	13534	chr5:173234977-173235210
ENSG00000114861|chr3:71244600-71245176	ENSG00000114861	FOXP1	FOXP1	FOX	Forkhead	targeting	2000	494.2840179443359	1711.0	False	0.0	True	1270	13534	chr3:71244600-71245176
ENSG00000005102|chr17:43661758-43661918	ENSG00000005102	MEOX1	MEOX1	HOX	Homeodomain	targeting	2000	494.2472229003906	1712.0	False	0.0	True	1270	13534	chr17:43661758-43661918
ENSG00000100906|chr14:35403160-35403255	ENSG00000100906	NFKBIA	NFKBIA		Unknown	targeting	2000	494.0688629150391	1713.0	False	0.0	True	1270	13534	chr14:35403160-35403255
ENSG00000196482|chr1:217137553-217137785	ENSG00000196482	ESRRG	ESRRG		Nuclear receptor	targeting	2000	493.98359375	1714.0	False	0.0	True	1270	13534	chr1:217137553-217137785
ENSG00000109686|chr4:151225913-151226446	ENSG00000109686	SH3D19	SH3D19			targeting	2000	493.9742004394531	1715.0	False	0.0	True	1270	13534	chr4:151225913-151226446
ENSG00000179886|chr8:143597834-143598345	ENSG00000179886	TIGD5	TIGD5	More than 3 adjacent zinc fingers	CENPB	targeting	2000	493.9717956542969	1716.0	False	0.0	True	1270	13534	chr8:143597834-143598345
ENSG00000169057|chrX:154097249-154097718	ENSG00000169057	MECP2	MECP2		MBD; AT hook	targeting	2000	493.9036346435547	1717.0	False	0.0	True	1270	13534	chrX:154097249-154097718
ENSG00000181007|chr19:36418551-36418648	ENSG00000181007	ZFP82	ZFP82		C2H2 ZF	targeting	2000	493.7466217041016	1718.0	False	0.0	True	1270	13534	chr19:36418551-36418648
ENSG00000171606|chr19:58183110-58183429	ENSG00000171606	ZNF274	ZNF274	More than 3 adjacent zinc fingers	C2H2 ZF	targeting	2000	493.6120971679687	1719.0	False	0.0	True	1270	13534	chr19:58183110-58183429
ENSG00000185404|chr2:230327166-230327434	ENSG00000185404	SP140L	SP140L	Sp140-Sp100	SAND	targeting	2000	493.4529510498047	1720.0	False	0.0	True	1270	13534	chr2:230327166-230327434
ENSG00000188321|chr19:9324199-9324432	ENSG00000188321	ZNF559	ZNF559		C2H2 ZF	targeting	2000	493.4022125244141	1721.0	False	0.0	True	1270	13534	chr19:9324199-9324432
ENSG00000196843|chr2:96536779-96536846	ENSG00000196843	ARID5A	ARID5A		ARID/BRIGHT	targeting	2000	493.1938079833984	1722.0	False	0.0	True	1270	13534	chr2:96536779-96536846
ENSG00000104064|chr15:50354626-50355055	ENSG00000104064	GABPB1	GABPB1		Unknown	targeting	2000	493.1128540039063	1723.0	False	0.0	True	1270	13534	chr15:50354626-50355055
ENSG00000082641|chr17:48048327-48048876	ENSG00000082641	NFE2L1	NFE2L1		bZIP	targeting	2000	493.0856964111328	1724.0	False	0.0	True	1270	13534	chr17:48048327-48048876
ENSG00000163508|chr3:27721831-27722349	ENSG00000163508	EOMES	EOMES	TBrain-related factors	T-box	targeting	2000	493.04208984375	1725.0	False	0.0	True	1270	13534	chr3:27721831-27722349
ENSG00000245680|chr19:37210319-37210569	ENSG00000245680	ZNF585B	ZNF585B		C2H2 ZF	targeting	2000	492.9318664550781	1726.0	False	0.0	True	1270	13534	chr19:37210319-37210569
non-targeting|18|non-targeting:18-18						negative control	2000	492.9184875488281		False	0.0	True	1270	13534	non-targeting|18|non-targeting:18-18
ENSG00000163872|chr3:183697802-183698247	ENSG00000163872	YEATS2	YEATS2		Unknown	targeting	2000	492.825830078125	1727.0	False	0.0	True	1270	13534	chr3:183697802-183698247
ENSG00000064961|chr19:3574338-3574459	ENSG00000064961	HMG20B	HMG20B		HMG/Sox	targeting	2000	492.765771484375	1728.0	False	0.0	True	1270	13534	chr19:3574338-3574459
ENSG00000197062|chr6:28267048-28267351	ENSG00000197062	ZSCAN26	ZSCAN26		C2H2 ZF	targeting	2000	492.6804931640625	1729.0	False	0.0	True	1270	13534	chr6:28267048-28267351
ENSG00000186951|chr22:46150517-46150847	ENSG00000186951	PPARA	PPARA		Nuclear receptor	targeting	2000	492.65794067382814	1730.0	False	0.0	True	1270	13534	chr22:46150517-46150847
ENSG00000135111|chr12:114684146-114684196	ENSG00000135111	TBX3	TBX3	TBX2-related factors	T-box	targeting	2000	492.6207092285157	1731.0	False	0.0	True	1270	13534	chr12:114684146-114684196
ENSG00000166986|chr12:57488029-57488506	ENSG00000166986	MARS	MARS1			targeting	2000	492.5459045410156	1732.0	False	0.0	True	1270	13534	chr12:57488029-57488506
ENSG00000108953|chr17:1399967-1400141	ENSG00000108953	YWHAE	YWHAE			targeting	2000	492.5305816650391	1733.0	False	0.0	True	1270	13534	chr17:1399967-1400141
ENSG00000169926|chr15:31326875-31327247	ENSG00000169926	KLF13	KLF13	Three-zinc finger Kruppel-related	C2H2 ZF	targeting	2000	492.47388916015626	1734.0	False	0.0	True	1270	13534	chr15:31326875-31327247
ENSG00000165891|chr12:77065471-77065577	ENSG00000165891	E2F7	E2F7	E2F	E2F	targeting	2000	492.4614562988281	1735.0	False	0.0	True	1270	13534	chr12:77065471-77065577
ENSG00000159882|chr19:44002999-44003289	ENSG00000159882	ZNF230	ZNF230		C2H2 ZF	targeting	2000	492.3979431152344	1736.0	False	0.0	True	1270	13534	chr19:44002999-44003289
ENSG00000256223|chr12:133130612-133130723	ENSG00000256223	ZNF10	ZNF10		C2H2 ZF	targeting	2000	492.3220642089844	1737.0	False	0.0	True	1270	13534	chr12:133130612-133130723
ENSG00000157554|chr21:38498180-38498523	ENSG00000157554	ERG	ERG	Ets-related	Ets	targeting	2000	491.83982543945314	1738.0	False	0.0	True	1270	13534	chr21:38498180-38498523
ENSG00000105672|chr19:35643622-35643885	ENSG00000105672	ETV2	ETV2	Ets-related	Ets	targeting	2000	491.7938415527344	1739.0	False	0.0	True	1270	13534	chr19:35643622-35643885
ENSG00000170166|chr2:176151634-176151821	ENSG00000170166	HOXD4	HOXD4	HOX	Homeodomain	targeting	2000	491.6902770996094	1740.0	False	0.0	True	1270	13534	chr2:176151634-176151821
ENSG00000177030|chr11:695016-695250	ENSG00000177030	DEAF1	DEAF1		SAND	targeting	2000	491.3148681640625	1741.0	False	0.0	True	1270	13534	chr11:695016-695250
ENSG00000132740|chr11:68903896-68904164	ENSG00000132740	IGHMBP2	IGHMBP2			targeting	2000	491.2378295898437	1742.0	False	0.0	True	1270	13534	chr11:68903896-68904164
ENSG00000010803|chr1:41161088-41161438	ENSG00000010803	SCMH1	SCMH1		Unknown	targeting	2000	491.0721221923829	1743.0	False	0.0	True	1270	13534	chr1:41161088-41161438
ENSG00000164778|chr7:155458296-155458363	ENSG00000164778	EN2	EN2	NK	Homeodomain	targeting	2000	491.0397216796875	1744.0	False	0.0	True	1270	13534	chr7:155458296-155458363
ENSG00000187626|chr6:28252029-28252255	ENSG00000187626	ZKSCAN4	ZKSCAN4	More than 3 adjacent zinc fingers	C2H2 ZF	targeting	2000	490.7430786132812	1745.0	False	0.0	True	1270	13534	chr6:28252029-28252255
ENSG00000155508|chr5:154858527-154858711	ENSG00000155508	CNOT8	CNOT8		Unknown	targeting	2000	490.6279388427735	1746.0	False	0.0	True	1270	13534	chr5:154858527-154858711
ENSG00000148677|chr10:90920906-90921120	ENSG00000148677	ANKRD1	ANKRD1			targeting	2000	490.4392639160157	1747.0	False	0.0	True	1270	13534	chr10:90920906-90921120
ENSG00000109381|chr4:139177160-139177202	ENSG00000109381	ELF2	ELF2	Ets-related	Ets	targeting	2000	490.3769866943359	1748.0	False	0.0	True	1270	13534	chr4:139177160-139177202
ENSG00000230257|chr7:102973634-102974003	ENSG00000230257	NFE4	NFE4		Unknown	targeting	2000	490.1356384277344	1749.0	False	0.0	True	1270	13534	chr7:102973634-102974003
ENSG00000272333|chr19:35717990-35718384	ENSG00000272333	KMT2B	KMT2B		CxxC; AT hook	targeting	2000	490.065234375	1750.0	False	0.0	True	1270	13534	chr19:35717990-35718384
ENSG00000130684|chr20:25696742-25696816	ENSG00000130684	ZNF337	ZNF337		C2H2 ZF	targeting	2000	490.0539123535156	1751.0	False	0.0	True	1270	13534	chr20:25696742-25696816
ENSG00000173875|chr19:12610928-12611166	ENSG00000173875	ZNF791	ZNF791		C2H2 ZF	targeting	2000	489.9778381347657	1752.0	False	0.0	True	1270	13534	chr19:12610928-12611166
non-targeting|99|non-targeting:99-99						negative control	2000	489.9574035644531		False	0.0	True	1270	13534	non-targeting|99|non-targeting:99-99
ENSG00000136866|chr9:113056635-113056762	ENSG00000136866	ZFP37	ZFP37		C2H2 ZF	targeting	2000	489.90862426757815	1753.0	False	0.0	True	1270	13534	chr9:113056635-113056762
ENSG00000256463|chr18:78979845-78980452	ENSG00000256463	SALL3	SALL3	Factors with multiple dispersed zinc fingers	C2H2 ZF	targeting	2000	489.8274353027344	1754.0	False	0.0	True	1270	13534	chr18:78979845-78980452
ENSG00000082258|chr2:134918534-134918868	ENSG00000082258	CCNT2	CCNT2		Unknown	targeting	2000	489.78985900878905	1755.0	False	0.0	True	1270	13534	chr2:134918534-134918868
ENSG00000100084|chr22:19431326-19431744	ENSG00000100084	HIRA	HIRA		Unknown	targeting	2000	489.7088623046875	1756.0	False	0.0	True	1270	13534	chr22:19431326-19431744
ENSG00000116132|chr1:170663129-170663470	ENSG00000116132	PRRX1	PRRX1	Paired-related HD factors	Homeodomain	targeting	2000	489.49098510742186	1757.0	False	0.0	True	1270	13534	chr1:170663129-170663470
ENSG00000196247|chr7:64666340-64666635	ENSG00000196247	ZNF107	ZNF107		C2H2 ZF	targeting	2000	489.3693542480469	1758.0	False	0.0	True	1270	13534	chr7:64666340-64666635
ENSG00000184302|chr14:60509189-60509290	ENSG00000184302	SIX6	SIX6		Homeodomain	targeting	2000	489.3634399414062	1759.0	False	0.0	True	1270	13534	chr14:60509189-60509290
ENSG00000167986|chr11:61332691-61333170	ENSG00000167986	DDB1	DDB1		Unknown	targeting	2000	489.3158721923828	1760.0	False	0.0	True	1270	13534	chr11:61332691-61333170
non-targeting|19|non-targeting:19-19						negative control	2000	489.1935180664062		False	0.0	True	1270	13534	non-targeting|19|non-targeting:19-19
ENSG00000141905|chr19:3366629-3367014	ENSG00000141905	NFIC	NFIC	Nuclear factor 1	SMAD	targeting	2000	489.0841674804688	1761.0	False	0.0	True	1270	13534	chr19:3366629-3367014
ENSG00000197162|chr16:30585535-30585715	ENSG00000197162	ZNF785	ZNF785		C2H2 ZF	targeting	2000	488.9762512207032	1762.0	False	0.0	True	1270	13534	chr16:30585535-30585715
non-targeting|8|non-targeting:8-8						negative control	2000	488.9660919189453		False	0.0	True	1270	13534	non-targeting|8|non-targeting:8-8
ENSG00000116017|chr19:926002-926433	ENSG00000116017	ARID3A	ARID3A		ARID/BRIGHT	targeting	2000	488.9375549316407	1763.0	False	0.0	True	1270	13534	chr19:926002-926433
ENSG00000115568|chr2:218659385-218659623	ENSG00000115568	ZNF142	ZNF142	Factors with multiple dispersed zinc fingers	C2H2 ZF	targeting	2000	488.8337463378906	1764.0	False	0.0	True	1270	13534	chr2:218659385-218659623
ENSG00000131061|chr20:33731978-33732065	ENSG00000131061	ZNF341	ZNF341	Factors with multiple dispersed zinc fingers	C2H2 ZF	targeting	2000	488.7492126464844	1765.0	False	0.0	True	1270	13534	chr20:33731978-33732065
ENSG00000167635|chr19:36215153-36215198	ENSG00000167635	ZNF146	ZNF146	More than 3 adjacent zinc fingers	C2H2 ZF	targeting	2000	488.7348358154297	1766.0	False	0.0	True	1270	13534	chr19:36215153-36215198
ENSG00000104885|chr19:2163942-2164426	ENSG00000104885	DOT1L	DOT1L		AT hook	targeting	2000	488.6249145507812	1767.0	False	0.0	True	1270	13534	chr19:2163942-2164426
ENSG00000141646|chr18:51030218-51030696	ENSG00000141646	SMAD4	SMAD4		SMAD	targeting	2000	488.6084930419922	1768.0	False	0.0	True	1270	13534	chr18:51030218-51030696
ENSG00000175809|chrX:22272967-22273314	ENSG00000175809	ZNF645	CBLL2		C2H2 ZF	targeting	2000	488.6025390625	1769.0	False	0.0	True	1270	13534	chrX:22272967-22273314
ENSG00000128604|chr7:128940738-128941254	ENSG00000128604	IRF5	IRF5	Interferon-regulatory factors	IRF	targeting	2000	488.5623565673829	1770.0	False	0.0	True	1270	13534	chr7:128940738-128941254
ENSG00000175279|chr1:10430503-10431006	ENSG00000175279	APITD1	CENPS		Unknown	targeting	2000	488.4730651855469	1771.0	False	0.0	True	1270	13534	chr1:10430503-10431006
ENSG00000143390|chr1:151346898-151347273	ENSG00000143390	RFX5	RFX5	RFX-related factors	RFX	targeting	2000	488.344580078125	1772.0	False	0.0	True	1270	13534	chr1:151346898-151347273
ENSG00000164924|chr8:100951536-100951962	ENSG00000164924	YWHAZ	YWHAZ			targeting	2000	488.3307434082032	1773.0	False	0.0	True	1270	13534	chr8:100951536-100951962
ENSG00000164107|chr4:173529737-173530186	ENSG00000164107	HAND2	HAND2	Tal-related	bHLH	targeting	2000	488.23841552734376	1774.0	False	0.0	True	1270	13534	chr4:173529737-173530186
ENSG00000197302|chr16:31713278-31713575	ENSG00000197302	ZNF720	KRBOX5		Unknown	targeting	2000	488.1590759277344	1775.0	False	0.0	True	1270	13534	chr16:31713278-31713575
ENSG00000137871|chr15:56733236-56733478	ENSG00000137871	ZNF280D	ZNF280D		C2H2 ZF	targeting	2000	488.14173583984376	1776.0	False	0.0	True	1270	13534	chr15:56733236-56733478
ENSG00000136169|chr13:49444287-49444517	ENSG00000136169	SETDB2	SETDB2		MBD	targeting	2000	488.10753479003904	1777.0	False	0.0	True	1270	13534	chr13:49444287-49444517
ENSG00000170653|chr12:53625858-53626369	ENSG00000170653	ATF7	ATF7	Jun-related	bZIP	targeting	2000	488.0786560058594	1778.0	False	0.0	True	1270	13534	chr12:53625858-53626369
ENSG00000196793|chr10:43574307-43574563	ENSG00000196793	ZNF239	ZNF239		C2H2 ZF	targeting	2000	488.057958984375	1779.0	False	0.0	True	1270	13534	chr10:43574307-43574563
ENSG00000165259|chrX:84502155-84502455	ENSG00000165259	HDX	HDX		Homeodomain	targeting	2000	487.9467407226563	1780.0	False	0.0	True	1270	13534	chrX:84502155-84502455
ENSG00000048405|chr7:127392621-127392694	ENSG00000048405	ZNF800	ZNF800	Factors with multiple dispersed zinc fingers	C2H2 ZF	targeting	2000	487.9178344726562	1781.0	False	0.0	True	1270	13534	chr7:127392621-127392694
ENSG00000164900|chr7:151167377-151167693	ENSG00000164900	GBX1	GBX1	HOX	Homeodomain	targeting	2000	487.9007934570312	1782.0	False	0.0	True	1270	13534	chr7:151167377-151167693
ENSG00000128272|chr22:39520302-39521031	ENSG00000128272	ATF4	ATF4	ATF-4-related factors	bZIP	targeting	2000	487.8813293457032	1783.0	False	0.0	True	1270	13534	chr22:39520302-39521031
ENSG00000067066|chr2:230416187-230416614	ENSG00000067066	SP100	SP100		SAND	targeting	2000	487.8398376464844	1784.0	False	0.0	True	1270	13534	chr2:230416187-230416614
ENSG00000176293|chr19:58059252-58059657	ENSG00000176293	ZNF135	ZNF135	More than 3 adjacent zinc fingers	C2H2 ZF	targeting	2000	487.7802673339844	1785.0	False	0.0	True	1270	13534	chr19:58059252-58059657
ENSG00000163792|chr2:27148989-27149443	ENSG00000163792	TCF23	TCF23		bHLH	targeting	2000	487.7245727539063	1786.0	False	0.0	True	1270	13534	chr2:27148989-27149443
ENSG00000119042|chr2:199457903-199458675	ENSG00000119042	SATB2	SATB2		CUT; Homeodomain	targeting	2000	487.67454223632814	1787.0	False	0.0	True	1270	13534	chr2:199457903-199458675
ENSG00000198597|chr19:30372355-30372825	ENSG00000198597	ZNF536	ZNF536	Factors with multiple dispersed zinc fingers	C2H2 ZF	targeting	2000	487.5549926757813	1788.0	False	0.0	True	1270	13534	chr19:30372355-30372825
ENSG00000179348|chr3:128492779-128493177	ENSG00000179348	GATA2	GATA2	C4-GATA-related	GATA	targeting	2000	487.4423889160156	1789.0	False	0.0	True	1270	13534	chr3:128492779-128493177
ENSG00000249709|chr19:12551173-12551462	ENSG00000249709	ZNF564	ZNF564		C2H2 ZF	targeting	2000	487.41062927246094	1790.0	False	0.0	True	1270	13534	chr19:12551173-12551462
ENSG00000187801|chr1:40450108-40450293	ENSG00000187801	ZFP69B	ZFP69B		C2H2 ZF	targeting	2000	487.3912322998047	1791.0	False	0.0	True	1270	13534	chr1:40450108-40450293
ENSG00000105708|chr19:19732727-19733103	ENSG00000105708	ZNF14	ZNF14		C2H2 ZF	targeting	2000	487.2896789550781	1792.0	False	0.0	True	1270	13534	chr19:19732727-19733103
ENSG00000174652|chr19:9435317-9435534	ENSG00000174652	ZNF266	ZNF266		C2H2 ZF	targeting	2000	487.27041015625	1793.0	False	0.0	True	1270	13534	chr19:9435317-9435534
ENSG00000066136|chr1:40691737-40692027	ENSG00000066136	NFYC	NFYC	Heteromeric CCAAT-binding	Unknown	targeting	2000	487.270068359375	1794.0	False	0.0	True	1270	13534	chr1:40691737-40692027
ENSG00000138378|chr2:191150702-191151087	ENSG00000138378	STAT4	STAT4		STAT	targeting	2000	487.2491760253906	1795.0	False	0.0	True	1270	13534	chr2:191150702-191151087
ENSG00000175197|chr12:57520012-57520445	ENSG00000175197	DDIT3	DDIT3		bZIP	targeting	2000	487.2470336914063	1796.0	False	0.0	True	1270	13534	chr12:57520012-57520445
ENSG00000273706|chr17:36936747-36937765	ENSG00000273706	LHX1	LHX1	HD-LIM	Homeodomain	targeting	2000	487.245474243164	1797.0	False	0.0	True	1270	13534	chr17:36936747-36937765
ENSG00000168610|chr17:42388355-42388422	ENSG00000168610	STAT3	STAT3	STAT factors	STAT	targeting	2000	487.1013427734375	1798.0	False	0.0	True	1270	13534	chr17:42388355-42388422
ENSG00000184481|chrX:71095999-71096251	ENSG00000184481	FOXO4	FOXO4	FOX	Forkhead	targeting	2000	487.0757141113281	1799.0	False	0.0	True	1270	13534	chrX:71095999-71096251
ENSG00000144802|chr3:101849514-101849867	ENSG00000144802	NFKBIZ	NFKBIZ		Unknown	targeting	2000	487.0255004882813	1800.0	False	0.0	True	1270	13534	chr3:101849514-101849867
ENSG00000006047|chr17:7294385-7294621	ENSG00000006047	YBX2	YBX2		CSD	targeting	2000	487.0239013671875	1801.0	False	0.0	True	1270	13534	chr17:7294385-7294621
ENSG00000135365|chr11:46120798-46121492	ENSG00000135365	PHF21A	PHF21A		AT hook	targeting	2000	486.8856201171875	1802.0	False	0.0	True	1270	13534	chr11:46120798-46121492
ENSG00000176302|chr11:118971752-118972000	ENSG00000176302	FOXR1	FOXR1		Forkhead	targeting	2000	486.75597229003904	1803.0	False	0.0	True	1270	13534	chr11:118971752-118972000
ENSG00000135148|chr12:112125539-112125914	ENSG00000135148	TRAFD1	TRAFD1		C2H2 ZF	targeting	2000	486.4919555664063	1804.0	False	0.0	True	1270	13534	chr12:112125539-112125914
ENSG00000168348|chr14:35534144-35534376	ENSG00000168348	INSM2	INSM2		C2H2 ZF	targeting	2000	486.465087890625	1805.0	False	0.0	True	1270	13534	chr14:35534144-35534376
ENSG00000183621|chr10:31031657-31031890	ENSG00000183621	ZNF438	ZNF438		C2H2 ZF	targeting	2000	486.4559753417969	1806.0	False	0.0	True	1270	13534	chr10:31031657-31031890
ENSG00000102189|chr12:92929090-92929274	ENSG00000102189	EEA1	EEA1		C2H2 ZF	targeting	2000	486.0968719482422	1807.0	False	0.0	True	1270	13534	chr12:92929090-92929274
ENSG00000173976|chr19:3771993-3772264	ENSG00000173976	RAX2	RAX2	Paired-related HD factors	Homeodomain	targeting	2000	485.9888427734375	1808.0	False	0.0	True	1270	13534	chr19:3771993-3772264
ENSG00000142599|chr1:8817358-8817677	ENSG00000142599	RERE	RERE		Myb/SANT; GATA	targeting	2000	485.91224975585936	1809.0	False	0.0	True	1270	13534	chr1:8817358-8817677
ENSG00000074047|chr2:120797294-120797385	ENSG00000074047	GLI2	GLI2	More than 3 adjacent zinc fingers	C2H2 ZF	targeting	2000	485.8080627441406	1810.0	False	0.0	True	1270	13534	chr2:120797294-120797385
ENSG00000130544|chr19:7069669-7069861	ENSG00000130544	ZNF557	ZNF557		C2H2 ZF	targeting	2000	485.7088500976562	1811.0	False	0.0	True	1270	13534	chr19:7069669-7069861
ENSG00000188816|chr10:123148104-123148228	ENSG00000188816	HMX2	HMX2		Homeodomain	targeting	2000	485.6575866699219	1812.0	False	0.0	True	1270	13534	chr10:123148104-123148228
ENSG00000137310|chr6:31159549-31159754	ENSG00000137310	TCF19	TCF19		Unknown	targeting	2000	485.5728698730469	1813.0	False	0.0	True	1270	13534	chr6:31159549-31159754
ENSG00000168916|chr5:124748433-124748848	ENSG00000168916	ZNF608	ZNF608		C2H2 ZF	targeting	2000	485.334228515625	1814.0	False	0.0	True	1270	13534	chr5:124748433-124748848
ENSG00000039600|chr5:157651937-157652361	ENSG00000039600	SOX30	SOX30	SOX-related factors	HMG/Sox	targeting	2000	485.0353210449219	1815.0	False	0.0	True	1270	13534	chr5:157651937-157652361
ENSG00000198093|chr19:51904785-51905005	ENSG00000198093	ZNF649	ZNF649		C2H2 ZF	targeting	2000	485.00852661132814	1816.0	False	0.0	True	1270	13534	chr19:51904785-51905005
ENSG00000052126|chr12:19129746-19129987	ENSG00000052126	PLEKHA5	PLEKHA5			targeting	2000	484.93507690429686	1817.0	False	0.0	True	1270	13534	chr12:19129746-19129987
ENSG00000100644|chr14:61695519-61695623	ENSG00000100644	HIF1A	HIF1A	PAS domain factors	bHLH	targeting	2000	484.77525024414064	1818.0	False	0.0	True	1270	13534	chr14:61695519-61695623
ENSG00000163516|chr2:219229800-219229910	ENSG00000163516	ANKZF1	ANKZF1		C2H2 ZF	targeting	2000	484.73284912109375	1819.0	False	0.0	True	1270	13534	chr2:219229800-219229910
ENSG00000170370|chr10:117542757-117543649	ENSG00000170370	EMX2	EMX2	NK	Homeodomain	targeting	2000	484.6926513671875	1820.0	False	0.0	True	1270	13534	chr10:117542757-117543649
ENSG00000159479|chr1:43389549-43389779	ENSG00000159479	MED8	MED8			targeting	2000	484.63499755859374	1821.0	False	0.0	True	1270	13534	chr1:43389549-43389779
ENSG00000151322|chr14:32934669-32935147	ENSG00000151322	NPAS3	NPAS3	PAS	bHLH	targeting	2000	484.5640563964844	1822.0	False	0.0	True	1270	13534	chr14:32934669-32935147
ENSG00000175745|chr5:93583202-93583582	ENSG00000175745	NR2F1	NR2F1	RXR-related receptors (NR2)	Nuclear receptor	targeting	2000	484.4928405761719	1823.0	False	0.0	True	1270	13534	chr5:93583202-93583582
ENSG00000132170|chr3:12289043-12289150	ENSG00000132170	PPARG	PPARG	Thyroid hormone receptor-related factors (NR1)	Nuclear receptor	targeting	2000	484.4239318847656	1824.0	False	0.0	True	1270	13534	chr3:12289043-12289150
ENSG00000131061|chr20:33745173-33745430	ENSG00000131061	ZNF341	ZNF341	Factors with multiple dispersed zinc fingers	C2H2 ZF	targeting	2000	484.1802673339844	1825.0	False	0.0	True	1270	13534	chr20:33745173-33745430
ENSG00000161642|chr12:54384435-54384696	ENSG00000161642	ZNF385A	ZNF385A		C2H2 ZF	targeting	2000	483.9989074707031	1826.0	False	0.0	True	1270	13534	chr12:54384435-54384696
ENSG00000077150|chr10:102395738-102395949	ENSG00000077150	NFKB2	NFKB2	NF-kappaB-related factors	Rel	targeting	2000	483.9574890136719	1827.0	False	0.0	True	1270	13534	chr10:102395738-102395949
ENSG00000169740|chr10:43648759-43648907	ENSG00000169740	ZNF32	ZNF32		C2H2 ZF	targeting	2000	483.9255249023437	1828.0	False	0.0	True	1270	13534	chr10:43648759-43648907
ENSG00000105392|chr19:47821957-47822027	ENSG00000105392	CRX	CRX		Homeodomain	targeting	2000	483.8411499023438	1829.0	False	0.0	True	1270	13534	chr19:47821957-47822027
non-targeting|85|non-targeting:85-85						negative control	2000	483.7290771484375		False	0.0	True	1270	13534	non-targeting|85|non-targeting:85-85
ENSG00000124459|chr19:43935015-43935290	ENSG00000124459	ZNF45	ZNF45		C2H2 ZF	targeting	2000	483.7198364257813	1830.0	False	0.0	True	1270	13534	chr19:43935015-43935290
ENSG00000173276|chr21:42009912-42010371	ENSG00000173276	ZBTB21	ZBTB21	Factors with multiple dispersed zinc fingers	C2H2 ZF	targeting	2000	483.6756958007812	1831.0	False	0.0	True	1270	13534	chr21:42009912-42010371
ENSG00000059145|chr16:1414603-1414691	ENSG00000059145	UNKL	UNKL		CCCH ZF	targeting	2000	483.5797576904297	1832.0	False	0.0	True	1270	13534	chr16:1414603-1414691
ENSG00000103241|chr16:86510098-86510607	ENSG00000103241	FOXF1	FOXF1		Forkhead	targeting	2000	483.5737121582032	1833.0	False	0.0	True	1270	13534	chr16:86510098-86510607
non-targeting|88|non-targeting:88-88						negative control	2000	483.5638549804688		False	0.0	True	1270	13534	non-targeting|88|non-targeting:88-88
ENSG00000198039|chr7:64903278-64903730	ENSG00000198039	ZNF273	ZNF273		C2H2 ZF	targeting	2000	483.5564819335938	1834.0	False	0.0	True	1270	13534	chr7:64903278-64903730
ENSG00000132010|chr19:12140149-12140383	ENSG00000132010	ZNF20	ZNF20	More than 3 adjacent zinc fingers	C2H2 ZF	targeting	2000	483.4868408203125	1835.0	False	0.0	True	1270	13534	chr19:12140149-12140383
ENSG00000165066|chr8:41650618-41650804	ENSG00000165066	NKX6-3	NKX6-3	NK	Homeodomain	targeting	2000	483.4396667480469	1836.0	False	0.0	True	1270	13534	chr8:41650618-41650804
ENSG00000112242|chr6:20403635-20403854	ENSG00000112242	E2F3	E2F3	E2F	E2F	targeting	2000	483.35732421875	1837.0	False	0.0	True	1270	13534	chr6:20403635-20403854
ENSG00000185219|chr3:44477415-44477677	ENSG00000185219	ZNF445	ZNF445		C2H2 ZF	targeting	2000	483.15672607421874	1838.0	False	0.0	True	1270	13534	chr3:44477415-44477677
ENSG00000129535|chr14:24114692-24114972	ENSG00000129535	NRL	NRL	Maf-related	bZIP	targeting	2000	483.12378845214846	1839.0	False	0.0	True	1270	13534	chr14:24114692-24114972
ENSG00000143006|chr1:53459882-53460093	ENSG00000143006	DMRTB1	DMRTB1		DM	targeting	2000	483.0288818359375	1840.0	False	0.0	True	1270	13534	chr1:53459882-53460093
ENSG00000119715|chr14:76407528-76407832	ENSG00000119715	ESRRB	ESRRB	Steroid hormone receptors (NR3)	Nuclear receptor	targeting	2000	483.01917724609376	1841.0	False	0.0	True	1270	13534	chr14:76407528-76407832
ENSG00000143499|chr1:214281195-214281425	ENSG00000143499	SMYD2	SMYD2			targeting	2000	482.6762756347656	1842.0	False	0.0	True	1270	13534	chr1:214281195-214281425
ENSG00000214050|chr8:28489987-28490234	ENSG00000214050	FBXO16	FBXO16			targeting	2000	482.53009643554685	1843.0	False	0.0	True	1270	13534	chr8:28489987-28490234
ENSG00000141968|chr19:6772667-6772935	ENSG00000141968	VAV1	VAV1		Unknown	targeting	2000	482.5277954101563	1844.0	False	0.0	True	1270	13534	chr19:6772667-6772935
ENSG00000037965|chr12:54008945-54009252	ENSG00000037965	HOXC8	HOXC8	HOX	Homeodomain	targeting	2000	482.3147155761719	1845.0	False	0.0	True	1270	13534	chr12:54008945-54009252
ENSG00000167157|chr9:129665716-129666091	ENSG00000167157	PRRX2	PRRX2	Paired-related HD factors	Homeodomain	targeting	2000	482.2831970214844	1846.0	False	0.0	True	1270	13534	chr9:129665716-129666091
ENSG00000277258|chr17:38749713-38749805	ENSG00000277258	PCGF2	PCGF2		Unknown	targeting	2000	482.261279296875	1847.0	False	0.0	True	1270	13534	chr17:38749713-38749805
ENSG00000177932|chr5:179060365-179060907	ENSG00000177932	ZNF354C	ZNF354C	More than 3 adjacent zinc fingers	C2H2 ZF	targeting	2000	482.0669555664063	1848.0	False	0.0	True	1270	13534	chr5:179060365-179060907
ENSG00000011007|chr1:23743462-23743869	ENSG00000011007	TCEB3	ELOA			targeting	2000	481.9995056152344	1849.0	False	0.0	True	1270	13534	chr1:23743462-23743869
ENSG00000140382|chr15:77420898-77421124	ENSG00000140382	HMG20A	HMG20A		HMG/Sox	targeting	2000	481.9232116699219	1850.0	False	0.0	True	1270	13534	chr15:77420898-77421124
ENSG00000078403|chr10:21534238-21534675	ENSG00000078403	MLLT10	MLLT10		Unknown	targeting	2000	481.9076843261719	1851.0	False	0.0	True	1270	13534	chr10:21534238-21534675
ENSG00000164749|chr8:75407668-75408098	ENSG00000164749	HNF4G	HNF4G	RXR-related receptors (NR2)	Nuclear receptor	targeting	2000	481.8910949707032	1852.0	False	0.0	True	1270	13534	chr8:75407668-75408098
ENSG00000111783|chr12:106583082-106583379	ENSG00000111783	RFX4	RFX4	RFX-related factors	RFX	targeting	2000	481.8843231201172	1853.0	False	0.0	True	1270	13534	chr12:106583082-106583379
ENSG00000184492|chr2:113499201-113499570	ENSG00000184492	FOXD4L1	FOXD4L1		Forkhead	targeting	2000	481.8341613769532	1854.0	False	0.0	True	1270	13534	chr2:113499201-113499570
ENSG00000204531|chr6:31180431-31180710	ENSG00000204531	POU5F1	POU5F1	POU domain factors	Homeodomain; POU	targeting	2000	481.6798034667969	1855.0	False	0.0	True	1270	13534	chr6:31180431-31180710
non-targeting|96|non-targeting:96-96						negative control	2000	481.627099609375		False	0.0	True	1270	13534	non-targeting|96|non-targeting:96-96
ENSG00000137834|chr15:66702324-66702590	ENSG00000137834	SMAD6	SMAD6		SMAD	targeting	2000	481.5452819824219	1856.0	False	0.0	True	1270	13534	chr15:66702324-66702590
ENSG00000204604|chr19:52857215-52857599	ENSG00000204604	ZNF468	ZNF468		C2H2 ZF	targeting	2000	481.4826477050781	1857.0	False	0.0	True	1270	13534	chr19:52857215-52857599
ENSG00000104447|chr8:115668571-115668977	ENSG00000104447	TRPS1	TRPS1	C4-GATA-related	GATA	targeting	2000	481.446533203125	1858.0	False	0.0	True	1270	13534	chr8:115668571-115668977
ENSG00000134595|chrX:140504675-140505036	ENSG00000134595	SOX3	SOX3		HMG/Sox	targeting	2000	481.4452087402344	1859.0	False	0.0	True	1270	13534	chrX:140504675-140505036
non-targeting|53|non-targeting:53-53						negative control	2000	481.3267883300781		False	0.0	True	1270	13534	non-targeting|53|non-targeting:53-53
ENSG00000147421|chr8:28890364-28890676	ENSG00000147421	HMBOX1	HMBOX1	POU domain factors	Homeodomain	targeting	2000	481.1953430175781	1860.0	False	0.0	True	1270	13534	chr8:28890364-28890676
ENSG00000133250|chr19:8513907-8514173	ENSG00000133250	ZNF414	ZNF414		C2H2 ZF	targeting	2000	481.1254699707032	1861.0	False	0.0	True	1270	13534	chr19:8513907-8514173
ENSG00000118217|chr1:161766403-161766582	ENSG00000118217	ATF6	ATF6	Jun-related	bZIP	targeting	2000	481.06688232421874	1862.0	False	0.0	True	1270	13534	chr1:161766403-161766582
ENSG00000124092|chr20:57524858-57525146	ENSG00000124092	CTCFL	CTCFL	More than 3 adjacent zinc fingers	C2H2 ZF	targeting	2000	481.06574096679685	1863.0	False	0.0	True	1270	13534	chr20:57524858-57525146
ENSG00000117713|chr1:26696017-26696482	ENSG00000117713	ARID1A	ARID1A		ARID/BRIGHT	targeting	2000	480.9199157714844	1864.0	False	0.0	True	1270	13534	chr1:26696017-26696482
non-targeting|1|non-targeting:1-1						negative control	2000	480.9145202636719		False	0.0	True	1270	13534	non-targeting|1|non-targeting:1-1
ENSG00000125845|chr20:6767708-6767829	ENSG00000125845	BMP2	BMP2		Unknown	targeting	2000	480.896728515625	1865.0	False	0.0	True	1270	13534	chr20:6767708-6767829
ENSG00000166432|chrX:101931596-101932023	ENSG00000166432	ZMAT1	ZMAT1		C2H2 ZF	targeting	2000	480.8604400634766	1866.0	False	0.0	True	1270	13534	chrX:101931596-101932023
ENSG00000172534|chrX:153971169-153971773	ENSG00000172534	HCFC1	HCFC1		Unknown	targeting	2000	480.7990783691406	1867.0	False	0.0	True	1270	13534	chrX:153971169-153971773
ENSG00000198521|chr19:21851980-21852062	ENSG00000198521	ZNF43	ZNF43	More than 3 adjacent zinc fingers	C2H2 ZF	targeting	2000	480.7918884277344	1868.0	False	0.0	True	1270	13534	chr19:21851980-21852062
ENSG00000083817|chr19:57578811-57578897	ENSG00000083817	ZNF416	ZNF416	More than 3 adjacent zinc fingers	C2H2 ZF	targeting	2000	480.7728698730469	1869.0	False	0.0	True	1270	13534	chr19:57578811-57578897
ENSG00000127903|chr19:56671672-56671780	ENSG00000127903	ZNF835	ZNF835		C2H2 ZF	targeting	2000	480.70126953125	1870.0	False	0.0	True	1270	13534	chr19:56671672-56671780
ENSG00000140682|chr16:31472156-31472548	ENSG00000140682	TGFB1I1	TGFB1I1		Unknown	targeting	2000	480.6620971679688	1871.0	False	0.0	True	1270	13534	chr16:31472156-31472548
ENSG00000186446|chr3:44729629-44729728	ENSG00000186446	ZNF501	ZNF501		C2H2 ZF	targeting	2000	480.4909942626953	1872.0	False	0.0	True	1270	13534	chr3:44729629-44729728
ENSG00000163848|chr3:125374811-125375256	ENSG00000163848	ZNF148	ZNF148	More than 3 adjacent zinc fingers	C2H2 ZF	targeting	2000	480.48784790039065	1873.0	False	0.0	True	1270	13534	chr3:125374811-125375256
ENSG00000275111|chr2:95165802-95166073	ENSG00000275111	ZNF2	ZNF2		C2H2 ZF	targeting	2000	480.4371154785157	1874.0	False	0.0	True	1270	13534	chr2:95165802-95166073
ENSG00000139651|chr12:53180727-53181195	ENSG00000139651	ZNF740	ZNF740	Other factors with up to three adjacent zinc fingers	C2H2 ZF	targeting	2000	480.41510009765625	1875.0	False	0.0	True	1270	13534	chr12:53180727-53181195
ENSG00000257591|chr19:12156627-12156719	ENSG00000257591	ZNF625	ZNF625		C2H2 ZF	targeting	2000	480.383154296875	1876.0	False	0.0	True	1270	13534	chr19:12156627-12156719
ENSG00000185513|chr20:43514461-43514530	ENSG00000185513	L3MBTL1	L3MBTL1		C2H2 ZF	targeting	2000	480.2326599121094	1877.0	False	0.0	True	1270	13534	chr20:43514461-43514530
ENSG00000196323|chr11:130314418-130314881	ENSG00000196323	ZBTB44	ZBTB44		C2H2 ZF	targeting	2000	480.1301696777344	1878.0	False	0.0	True	1270	13534	chr11:130314418-130314881
ENSG00000197921|chr1:2530052-2530291	ENSG00000197921	HES5	HES5	Hairy-related factors	bHLH	targeting	2000	479.9656616210938	1879.0	False	0.0	True	1270	13534	chr1:2530052-2530291
ENSG00000111269|chr12:12611865-12612099	ENSG00000111269	CREBL2	CREBL2		bZIP	targeting	2000	479.8333435058594	1880.0	False	0.0	True	1270	13534	chr12:12611865-12612099
ENSG00000103479|chr16:53434495-53434581	ENSG00000103479	RBL2	RBL2		Unknown	targeting	2000	479.8117614746094	1881.0	False	0.0	True	1270	13534	chr16:53434495-53434581
ENSG00000064835|chr3:87276317-87276612	ENSG00000064835	POU1F1	POU1F1	POU domain factors	Homeodomain; POU	targeting	2000	479.7555725097656	1882.0	False	0.0	True	1270	13534	chr3:87276317-87276612
ENSG00000164093|chr4:110636773-110637012	ENSG00000164093	PITX2	PITX2	Paired-related HD factors	Homeodomain	targeting	2000	479.7351928710938	1883.0	False	0.0	True	1270	13534	chr4:110636773-110637012
ENSG00000171425|chr19:55643639-55643714	ENSG00000171425	ZNF581	ZNF581		C2H2 ZF	targeting	2000	479.7254028320313	1884.0	False	0.0	True	1270	13534	chr19:55643639-55643714
ENSG00000181722|chr3:114624540-114624995	ENSG00000181722	ZBTB20	ZBTB20		C2H2 ZF	targeting	2000	479.6301574707031	1885.0	False	0.0	True	1270	13534	chr3:114624540-114624995
ENSG00000164649|chr7:21945702-21945914	ENSG00000164649	CDCA7L	CDCA7L			targeting	2000	479.5156799316407	1886.0	False	0.0	True	1270	13534	chr7:21945702-21945914
non-targeting|95|non-targeting:95-95						negative control	2000	479.3492126464844		False	0.0	True	1270	13534	non-targeting|95|non-targeting:95-95
ENSG00000166478|chr11:9461024-9461502	ENSG00000166478	ZNF143	ZNF143	More than 3 adjacent zinc fingers	C2H2 ZF	targeting	2000	479.2381591796875	1887.0	False	0.0	True	1270	13534	chr11:9461024-9461502
ENSG00000181135|chr8:143684490-143684665	ENSG00000181135	ZNF707	ZNF707	More than 3 adjacent zinc fingers	C2H2 ZF	targeting	2000	479.0244873046875	1888.0	False	0.0	True	1270	13534	chr8:143684490-143684665
ENSG00000186564|chr1:47438322-47438400	ENSG00000186564	FOXD2	FOXD2	FOX	Forkhead	targeting	2000	479.01414794921874	1889.0	False	0.0	True	1270	13534	chr1:47438322-47438400
ENSG00000173673|chr1:6244174-6244263	ENSG00000173673	HES3	HES3		bHLH	targeting	2000	478.9953247070313	1890.0	False	0.0	True	1270	13534	chr1:6244174-6244263
ENSG00000155090|chr8:102653367-102653853	ENSG00000155090	KLF10	KLF10	Three-zinc finger Kruppel-related	C2H2 ZF	targeting	2000	478.9423553466797	1891.0	False	0.0	True	1270	13534	chr8:102653367-102653853
ENSG00000176542|chr3:113696560-113696618	ENSG00000176542	KIAA2018	USF3	bHLH-ZIP	bHLH	targeting	2000	478.8281494140625	1892.0	False	0.0	True	1270	13534	chr3:113696560-113696618
ENSG00000162367|chr1:47231143-47231916	ENSG00000162367	TAL1	TAL1		bHLH	targeting	2000	478.79783325195314	1893.0	False	0.0	True	1270	13534	chr1:47231143-47231916
ENSG00000189403|chr13:30617290-30617542	ENSG00000189403	HMGB1	HMGB1		HMG/Sox	targeting	2000	478.58216552734376	1894.0	False	0.0	True	1270	13534	chr13:30617290-30617542
ENSG00000136451|chr17:57987740-57988232	ENSG00000136451	VEZF1	VEZF1	More than 3 adjacent zinc fingers	C2H2 ZF	targeting	2000	478.476806640625	1895.0	False	0.0	True	1270	13534	chr17:57987740-57988232
ENSG00000178150|chr19:48271358-48271621	ENSG00000178150	ZNF114	ZNF114		C2H2 ZF	targeting	2000	478.4272705078125	1896.0	False	0.0	True	1270	13534	chr19:48271358-48271621
ENSG00000108064|chr10:58385428-58385932	ENSG00000108064	TFAM	TFAM		HMG/Sox	targeting	2000	478.40525512695314	1897.0	False	0.0	True	1270	13534	chr10:58385428-58385932
ENSG00000198546|chr10:133308569-133309307	ENSG00000198546	ZNF511	ZNF511		C2H2 ZF	targeting	2000	478.20452880859375	1898.0	False	0.0	True	1270	13534	chr10:133308569-133309307
ENSG00000171786|chr1:160367169-160367597	ENSG00000171786	NHLH1	NHLH1	Tal-related	bHLH	targeting	2000	477.98273315429685	1899.0	False	0.0	True	1270	13534	chr1:160367169-160367597
ENSG00000011332|chr19:38224100-38224199	ENSG00000011332	DPF1	DPF1		C2H2 ZF	targeting	2000	477.7939025878906	1900.0	False	0.0	True	1270	13534	chr19:38224100-38224199
ENSG00000089775|chr14:64503671-64503824	ENSG00000089775	ZBTB25	ZBTB25		C2H2 ZF	targeting	2000	477.769482421875	1901.0	False	0.0	True	1270	13534	chr14:64503671-64503824
ENSG00000140577|chr15:90529917-90530326	ENSG00000140577	CRTC3	CRTC3		Unknown	targeting	2000	477.6014770507812	1902.0	False	0.0	True	1270	13534	chr15:90529917-90530326
ENSG00000128563|chr7:102363890-102364302	ENSG00000128563	PRKRIP1	PRKRIP1			targeting	2000	477.59888916015626	1903.0	False	0.0	True	1270	13534	chr7:102363890-102364302
ENSG00000156273|chr21:29298933-29299392	ENSG00000156273	BACH1	BACH1	Jun-related	bZIP	targeting	2000	477.5245971679688	1904.0	False	0.0	True	1270	13534	chr21:29298933-29299392
ENSG00000166704|chr19:58002729-58002806	ENSG00000166704	ZNF606	ZNF606	Factors with multiple dispersed zinc fingers	C2H2 ZF	targeting	2000	477.5122863769531	1905.0	False	0.0	True	1270	13534	chr19:58002729-58002806
ENSG00000125740|chr19:45469465-45469561	ENSG00000125740	FOSB	FOSB		bZIP	targeting	2000	477.4131958007813	1906.0	False	0.0	True	1270	13534	chr19:45469465-45469561
ENSG00000186918|chr8:28385780-28386215	ENSG00000186918	ZNF395	ZNF395	More than 3 adjacent zinc fingers	C2H2 ZF	targeting	2000	477.39691772460935	1907.0	False	0.0	True	1270	13534	chr8:28385780-28386215
ENSG00000197372|chr19:23686689-23687152	ENSG00000197372	ZNF675	ZNF675	More than 3 adjacent zinc fingers	C2H2 ZF	targeting	2000	477.3893737792969	1908.0	False	0.0	True	1270	13534	chr19:23686689-23687152
ENSG00000197063|chr17:81927421-81927734	ENSG00000197063	MAFG	MAFG	Maf-related	bZIP	targeting	2000	477.3410339355469	1909.0	False	0.0	True	1270	13534	chr17:81927421-81927734
ENSG00000173894|chr17:79778178-79778629	ENSG00000173894	CBX2	CBX2		AT hook	targeting	2000	477.3348571777344	1910.0	False	0.0	True	1270	13534	chr17:79778178-79778629
ENSG00000256683|chr19:51986552-51986848	ENSG00000256683	ZNF350	ZNF350		C2H2 ZF	targeting	2000	477.28040771484376	1911.0	False	0.0	True	1270	13534	chr19:51986552-51986848
ENSG00000111653|chr12:6662864-6663154	ENSG00000111653	ING4	ING4		Unknown	targeting	2000	477.2611938476563	1912.0	False	0.0	True	1270	13534	chr12:6662864-6663154
ENSG00000196152|chr9:127424413-127424559	ENSG00000196152	ZNF79	ZNF79		C2H2 ZF	targeting	2000	477.25844116210936	1913.0	False	0.0	True	1270	13534	chr9:127424413-127424559
ENSG00000173825|chr11:65354826-65355233	ENSG00000173825	TIGD3	TIGD3		CENPB	targeting	2000	477.0589721679688	1914.0	False	0.0	True	1270	13534	chr11:65354826-65355233
ENSG00000185278|chr1:173868382-173868439	ENSG00000185278	ZBTB37	ZBTB37		C2H2 ZF	targeting	2000	476.8080017089844	1915.0	False	0.0	True	1270	13534	chr1:173868382-173868439
ENSG00000242441|chr2:48617809-48617927	ENSG00000242441	GTF2A1L	GTF2A1L		Unknown	targeting	2000	476.6258605957031	1916.0	False	0.0	True	1270	13534	chr2:48617809-48617927
ENSG00000186660|chr11:58579075-58579515	ENSG00000186660	ZFP91	ZFP91		C2H2 ZF	targeting	2000	476.6228149414063	1917.0	False	0.0	True	1270	13534	chr11:58579075-58579515
ENSG00000118156|chr19:47540858-47540955	ENSG00000118156	ZNF541	ZNF541		C2H2 ZF; Myb/SANT	targeting	2000	476.580810546875	1918.0	False	0.0	True	1270	13534	chr19:47540858-47540955
ENSG00000197928|chr19:53254674-53254882	ENSG00000197928	ZNF677	ZNF677	More than 3 adjacent zinc fingers	C2H2 ZF	targeting	2000	476.28395385742186	1919.0	False	0.0	True	1270	13534	chr19:53254674-53254882
ENSG00000174282|chr17:7479228-7479639	ENSG00000174282	ZBTB4	ZBTB4		C2H2 ZF	targeting	2000	476.2677947998047	1920.0	False	0.0	True	1270	13534	chr17:7479228-7479639
non-targeting|25|non-targeting:25-25						negative control	2000	476.22681884765626		False	0.0	True	1270	13534	non-targeting|25|non-targeting:25-25
ENSG00000168826|chr4:4290250-4290555	ENSG00000168826	ZBTB49	ZBTB49		C2H2 ZF	targeting	2000	476.18821411132814	1921.0	False	0.0	True	1270	13534	chr4:4290250-4290555
ENSG00000257315|chr1:203796090-203796511	ENSG00000257315	ZBED6	ZBED6		BED ZF	targeting	2000	476.1715637207032	1922.0	False	0.0	True	1270	13534	chr1:203796090-203796511
ENSG00000163320|chr3:88058882-88059017	ENSG00000163320	CGGBP1	CGGBP1		Unknown	targeting	2000	475.8244689941406	1923.0	False	0.0	True	1270	13534	chr3:88058882-88059017
ENSG00000152217|chr18:44680123-44680792	ENSG00000152217	SETBP1	SETBP1		AT hook	targeting	2000	475.66071166992185	1924.0	False	0.0	True	1270	13534	chr18:44680123-44680792
ENSG00000176083|chr1:26370343-26370769	ENSG00000176083	ZNF683	ZNF683	More than 3 adjacent zinc fingers	C2H2 ZF	targeting	2000	475.5501831054688	1925.0	False	0.0	True	1270	13534	chr1:26370343-26370769
ENSG00000091656|chr8:76681366-76681780	ENSG00000091656	ZFHX4	ZFHX4		C2H2 ZF; Homeodomain	targeting	2000	475.26506958007815	1926.0	False	0.0	True	1270	13534	chr8:76681366-76681780
ENSG00000112837|chr6:84764350-84764598	ENSG00000112837	TBX18	TBX18	TBX1-related factors	T-box	targeting	2000	475.1104431152344	1927.0	False	0.0	True	1270	13534	chr6:84764350-84764598
ENSG00000129071|chr3:129439861-129439938	ENSG00000129071	MBD4	MBD4		MBD	targeting	2000	474.85841674804686	1928.0	False	0.0	True	1270	13534	chr3:129439861-129439938
ENSG00000103449|chr16:51151031-51151261	ENSG00000103449	SALL1	SALL1		C2H2 ZF	targeting	2000	474.71575927734375	1929.0	False	0.0	True	1270	13534	chr16:51151031-51151261
ENSG00000136931|chr9:124507318-124507454	ENSG00000136931	NR5A1	NR5A1	FTZF1-related (NR5A)	Nuclear receptor	targeting	2000	474.6477844238281	1930.0	False	0.0	True	1270	13534	chr9:124507318-124507454
ENSG00000104881|chr19:45405894-45406384	ENSG00000104881	PPP1R13L	PPP1R13L		Unknown	targeting	2000	474.4958129882813	1931.0	False	0.0	True	1270	13534	chr19:45405894-45406384
ENSG00000106479|chr7:149838423-149838637	ENSG00000106479	ZNF862	ZNF862		Unknown	targeting	2000	474.47259521484375	1932.0	False	0.0	True	1270	13534	chr7:149838423-149838637
ENSG00000186790|chr1:47416298-47416368	ENSG00000186790	FOXE3	FOXE3		Forkhead	targeting	2000	474.4387603759766	1933.0	False	0.0	True	1270	13534	chr1:47416298-47416368
ENSG00000167967|chr16:2223600-2223962	ENSG00000167967	E4F1	E4F1		C2H2 ZF	targeting	2000	474.4178771972656	1934.0	False	0.0	True	1270	13534	chr16:2223600-2223962
ENSG00000197951|chr19:56595272-56595431	ENSG00000197951	ZNF71	ZNF71		C2H2 ZF	targeting	2000	474.3984436035156	1935.0	False	0.0	True	1270	13534	chr19:56595272-56595431
ENSG00000148143|chr9:106863207-106863501	ENSG00000148143	ZNF462	ZNF462		C2H2 ZF	targeting	2000	474.3380676269532	1936.0	False	0.0	True	1270	13534	chr9:106863207-106863501
ENSG00000120798|chr12:95073472-95073659	ENSG00000120798	NR2C1	NR2C1	RXR-related receptors (NR2)	Nuclear receptor	targeting	2000	474.240087890625	1937.0	False	0.0	True	1270	13534	chr12:95073472-95073659
ENSG00000158711|chr1:205631589-205631997	ENSG00000158711	ELK4	ELK4	Ets-related	Ets	targeting	2000	473.828857421875	1938.0	False	0.0	True	1270	13534	chr1:205631589-205631997
ENSG00000172238|chr4:93828777-93829086	ENSG00000172238	ATOH1	ATOH1	Tal-related	bHLH	targeting	2000	473.8210144042969	1939.0	False	0.0	True	1270	13534	chr4:93828777-93829086
ENSG00000113761|chr5:177022688-177022784	ENSG00000113761	ZNF346	ZNF346		C2H2 ZF	targeting	2000	473.6791015625	1940.0	False	0.0	True	1270	13534	chr5:177022688-177022784
ENSG00000069667|chr15:61229051-61229471	ENSG00000069667	RORA	RORA	Thyroid hormone receptor-related factors (NR1)	Nuclear receptor	targeting	2000	473.589892578125	1941.0	False	0.0	True	1270	13534	chr15:61229051-61229471
ENSG00000071655|chr19:1592226-1592750	ENSG00000071655	MBD3	MBD3		MBD	targeting	2000	473.498388671875	1942.0	False	0.0	True	1270	13534	chr19:1592226-1592750
ENSG00000197779|chrX:47836882-47836954	ENSG00000197779	ZNF81	ZNF81		C2H2 ZF	targeting	2000	473.4943664550781	1943.0	False	0.0	True	1270	13534	chrX:47836882-47836954
ENSG00000167562|chr19:52570273-52570715	ENSG00000167562	ZNF701	ZNF701	More than 3 adjacent zinc fingers	C2H2 ZF	targeting	2000	473.4720397949219	1944.0	False	0.0	True	1270	13534	chr19:52570273-52570715
ENSG00000141946|chr19:57145001-57145203	ENSG00000141946	ZIM3	ZIM3	More than 3 adjacent zinc fingers	C2H2 ZF	targeting	2000	473.2169738769532	1945.0	False	0.0	True	1270	13534	chr19:57145001-57145203
ENSG00000090612|chr12:133181484-133181582	ENSG00000090612	ZNF268	ZNF268		C2H2 ZF	targeting	2000	473.1887268066406	1946.0	False	0.0	True	1270	13534	chr12:133181484-133181582
ENSG00000105880|chr7:97024545-97024840	ENSG00000105880	DLX5	DLX5	NK	Homeodomain	targeting	2000	473.14386596679685	1947.0	False	0.0	True	1270	13534	chr7:97024545-97024840
ENSG00000171161|chr1:248838231-248838565	ENSG00000171161	ZNF672	ZNF672	More than 3 adjacent zinc fingers	C2H2 ZF	targeting	2000	473.0927429199219	1948.0	False	0.0	True	1270	13534	chr1:248838231-248838565
ENSG00000164107|chr4:173528891-173529006	ENSG00000164107	HAND2	HAND2	Tal-related	bHLH	targeting	2000	472.9892578125	1949.0	False	0.0	True	1270	13534	chr4:173528891-173529006
ENSG00000090447|chr16:4272475-4272873	ENSG00000090447	TFAP4	TFAP4	bHLH-ZIP	bHLH	targeting	2000	472.93853759765625	1950.0	False	0.0	True	1270	13534	chr16:4272475-4272873
ENSG00000165821|chr14:21525987-21526258	ENSG00000165821	SALL2	SALL2		C2H2 ZF	targeting	2000	472.9176513671875	1951.0	False	0.0	True	1270	13534	chr14:21525987-21526258
ENSG00000153207|chr1:246931690-246931935	ENSG00000153207	AHCTF1	AHCTF1		AT hook	targeting	2000	472.6280090332031	1952.0	False	0.0	True	1270	13534	chr1:246931690-246931935
ENSG00000168036|chr3:41199511-41199710	ENSG00000168036	CTNNB1	CTNNB1		Unknown	targeting	2000	472.57765502929686	1953.0	False	0.0	True	1270	13534	chr3:41199511-41199710
ENSG00000150347|chr10:61901180-61901443	ENSG00000150347	ARID5B	ARID5B		ARID/BRIGHT	targeting	2000	472.3135620117188	1954.0	False	0.0	True	1270	13534	chr10:61901180-61901443
ENSG00000179388|chr8:22692940-22693464	ENSG00000179388	EGR3	EGR3	Three-zinc finger Kruppel-related	C2H2 ZF	targeting	2000	472.2183532714844	1955.0	False	0.0	True	1270	13534	chr8:22692940-22693464
ENSG00000161642|chr12:54391127-54391313	ENSG00000161642	ZNF385A	ZNF385A		C2H2 ZF	targeting	2000	472.09259643554685	1956.0	False	0.0	True	1270	13534	chr12:54391127-54391313
ENSG00000185650|chr14:68796030-68796110	ENSG00000185650	ZFP36L1	ZFP36L1		CCCH ZF	targeting	2000	472.0644287109375	1957.0	False	0.0	True	1270	13534	chr14:68796030-68796110
ENSG00000169554|chr2:144517224-144517608	ENSG00000169554	ZEB2	ZEB2	HD-ZF	C2H2 ZF; Homeodomain	targeting	2000	471.9829711914063	1958.0	False	0.0	True	1270	13534	chr2:144517224-144517608
ENSG00000115507|chr2:63050796-63050980	ENSG00000115507	OTX1	OTX1	Paired-related HD factors	Homeodomain	targeting	2000	471.9670104980469	1959.0	False	0.0	True	1270	13534	chr2:63050796-63050980
ENSG00000106004|chr7:27143401-27143501	ENSG00000106004	HOXA5	HOXA5	HOX	Homeodomain	targeting	2000	471.96339721679686	1960.0	False	0.0	True	1270	13534	chr7:27143401-27143501
ENSG00000251247|chr19:36850897-36851117	ENSG00000251247	ZNF345	ZNF345		C2H2 ZF	targeting	2000	471.8819213867188	1961.0	False	0.0	True	1270	13534	chr19:36850897-36851117
ENSG00000198026|chr20:45971950-45972198	ENSG00000198026	ZNF335	ZNF335	Other factors with up to three adjacent zinc fingers	C2H2 ZF	targeting	2000	471.6592651367188	1962.0	False	0.0	True	1270	13534	chr20:45971950-45972198
ENSG00000186020|chr19:36573005-36573282	ENSG00000186020	ZNF529	ZNF529		C2H2 ZF	targeting	2000	471.5765380859375	1963.0	False	0.0	True	1270	13534	chr19:36573005-36573282
ENSG00000121454|chr1:180230289-180230434	ENSG00000121454	LHX4	LHX4		Homeodomain	targeting	2000	471.5163696289063	1964.0	False	0.0	True	1270	13534	chr1:180230289-180230434
non-targeting|71|non-targeting:71-71						negative control	2000	471.2915405273437		False	0.0	True	1270	13534	non-targeting|71|non-targeting:71-71
non-targeting|100|non-targeting:100-100						negative control	2000	471.2577819824219		False	0.0	True	1270	13534	non-targeting|100|non-targeting:100-100
ENSG00000163565|chr1:159009908-159010226	ENSG00000163565	IFI16	IFI16		Unknown	targeting	2000	471.25355224609376	1965.0	False	0.0	True	1270	13534	chr1:159009908-159010226
ENSG00000113716|chr5:150000722-150000805	ENSG00000113716	HMGXB3	HMGXB3		HMG/Sox	targeting	2000	471.20912475585936	1966.0	False	0.0	True	1270	13534	chr5:150000722-150000805
non-targeting|33|non-targeting:33-33						negative control	2000	471.1849182128906		False	0.0	True	1270	13534	non-targeting|33|non-targeting:33-33
ENSG00000010244|chr17:32350174-32350637	ENSG00000010244	ZNF207	ZNF207		C2H2 ZF	targeting	2000	471.0989685058594	1967.0	False	0.0	True	1270	13534	chr17:32350174-32350637
ENSG00000166987|chr12:57522850-57522974	ENSG00000166987	MBD6	MBD6		MBD	targeting	2000	471.0135559082031	1968.0	False	0.0	True	1270	13534	chr12:57522850-57522974
ENSG00000179930|chr1:182061243-182061726	ENSG00000179930	ZNF648	ZNF648	More than 3 adjacent zinc fingers	C2H2 ZF	targeting	2000	470.6233215332031	1969.0	False	0.0	True	1270	13534	chr1:182061243-182061726
ENSG00000136997|chr8:127735559-127736700	ENSG00000136997	MYC	MYC	bHLH-ZIP	bHLH	targeting	2000	470.4857177734375	1970.0	False	0.0	True	1270	13534	chr8:127735559-127736700
ENSG00000136535|chr2:161416367-161416860	ENSG00000136535	TBR1	TBR1	TBrain-related factors	T-box	targeting	2000	470.2179565429688	1971.0	False	0.0	True	1270	13534	chr2:161416367-161416860
ENSG00000181896|chr19:19668823-19669115	ENSG00000181896	ZNF101	ZNF101		C2H2 ZF	targeting	2000	470.0158264160156	1972.0	False	0.0	True	1270	13534	chr19:19668823-19669115
ENSG00000123576|chrX:104254640-104254941	ENSG00000123576	ESX1	ESX1	Paired-related HD factors	Homeodomain	targeting	2000	469.96498413085936	1973.0	False	0.0	True	1270	13534	chrX:104254640-104254941
ENSG00000152284|chr2:85133442-85133874	ENSG00000152284	TCF7L1	TCF7L1	TCF-7-related factors	HMG/Sox	targeting	2000	469.907421875	1974.0	False	0.0	True	1270	13534	chr2:85133442-85133874
ENSG00000167081|chr9:125747450-125747521	ENSG00000167081	PBX3	PBX3	TALE-type homeo domain factors	Homeodomain	targeting	2000	469.893994140625	1975.0	False	0.0	True	1270	13534	chr9:125747450-125747521
ENSG00000067646|chrY:2935418-2935639	ENSG00000067646	ZFY	ZFY		C2H2 ZF	targeting	2000	469.8456787109375	1976.0	False	0.0	True	1270	13534	chrY:2935418-2935639
ENSG00000083814|chr19:57727407-57727591	ENSG00000083814	ZNF671	ZNF671		C2H2 ZF	targeting	2000	469.753955078125	1977.0	False	0.0	True	1270	13534	chr19:57727407-57727591
ENSG00000187187|chr19:39997060-39997163	ENSG00000187187	ZNF546	ZNF546		C2H2 ZF	targeting	2000	469.5293212890625	1978.0	False	0.0	True	1270	13534	chr19:39997060-39997163
ENSG00000169131|chr5:178730364-178730667	ENSG00000169131	ZNF354A	ZNF354A	More than 3 adjacent zinc fingers	C2H2 ZF	targeting	2000	469.3687133789063	1979.0	False	0.0	True	1270	13534	chr5:178730364-178730667
ENSG00000095951|chr6:12011754-12012053	ENSG00000095951	HIVEP1	HIVEP1		C2H2 ZF	targeting	2000	469.23967895507815	1980.0	False	0.0	True	1270	13534	chr6:12011754-12012053
ENSG00000155966|chrX:148500809-148501189	ENSG00000155966	AFF2	AFF2			targeting	2000	468.8991394042969	1981.0	False	0.0	True	1270	13534	chrX:148500809-148501189
ENSG00000198464|chr19:52297165-52297635	ENSG00000198464	ZNF480	ZNF480		C2H2 ZF	targeting	2000	468.8820007324219	1982.0	False	0.0	True	1270	13534	chr19:52297165-52297635
ENSG00000083844|chr19:57191534-57191713	ENSG00000083844	ZNF264	ZNF264		C2H2 ZF	targeting	2000	468.8080871582032	1983.0	False	0.0	True	1270	13534	chr19:57191534-57191713
ENSG00000186416|chrX:119605641-119605871	ENSG00000186416	NKRF	NKRF		Unknown	targeting	2000	468.778369140625	1984.0	False	0.0	True	1270	13534	chrX:119605641-119605871
ENSG00000213588|chr6:33454584-33454670	ENSG00000213588	ZBTB9	ZBTB9		C2H2 ZF	targeting	2000	468.7234741210938	1985.0	False	0.0	True	1270	13534	chr6:33454584-33454670
ENSG00000124440|chr19:46298414-46298614	ENSG00000124440	HIF3A	HIF3A	PAS	bHLH	targeting	2000	468.6552978515625	1986.0	False	0.0	True	1270	13534	chr19:46298414-46298614
ENSG00000173041|chr7:64562638-64563076	ENSG00000173041	ZNF680	ZNF680	More than 3 adjacent zinc fingers	C2H2 ZF	targeting	2000	468.5551696777344	1987.0	False	0.0	True	1270	13534	chr7:64562638-64563076
ENSG00000198521|chr19:21835749-21836001	ENSG00000198521	ZNF43	ZNF43	More than 3 adjacent zinc fingers	C2H2 ZF	targeting	2000	468.5329467773437	1988.0	False	0.0	True	1270	13534	chr19:21835749-21836001
non-targeting|32|non-targeting:32-32						negative control	2000	468.3406372070313		False	0.0	True	1270	13534	non-targeting|32|non-targeting:32-32
ENSG00000130589|chr20:63563711-63564077	ENSG00000130589	HELZ2	HELZ2		Unknown	targeting	2000	468.3246887207032	1989.0	False	0.0	True	1270	13534	chr20:63563711-63564077
ENSG00000204524|chr19:57240688-57240817	ENSG00000204524	ZNF805	ZNF805		C2H2 ZF	targeting	2000	468.31004638671874	1990.0	False	0.0	True	1270	13534	chr19:57240688-57240817
ENSG00000106624|chr7:44104396-44104746	ENSG00000106624	AEBP1	AEBP1		Unknown	targeting	2000	468.2878295898437	1991.0	False	0.0	True	1270	13534	chr7:44104396-44104746
ENSG00000161980|chr16:53124-53651	ENSG00000161980	POLR3K	POLR3K			targeting	2000	467.9773071289063	1992.0	False	0.0	True	1270	13534	chr16:53124-53651
ENSG00000156925|chrX:137566129-137566572	ENSG00000156925	ZIC3	ZIC3	More than 3 adjacent zinc fingers	C2H2 ZF	targeting	2000	467.9316284179688	1993.0	False	0.0	True	1270	13534	chrX:137566129-137566572
ENSG00000143365|chr1:151825869-151826102	ENSG00000143365	RORC	RORC	Thyroid hormone receptor-related factors (NR1)	Nuclear receptor	targeting	2000	467.8618774414063	1994.0	False	0.0	True	1270	13534	chr1:151825869-151826102
ENSG00000020633|chr1:24964606-24965040	ENSG00000020633	RUNX3	RUNX3	Runt-related factors	Runt	targeting	2000	467.79876098632815	1995.0	False	0.0	True	1270	13534	chr1:24964606-24965040
ENSG00000178175|chr5:72506901-72507674	ENSG00000178175	ZNF366	ZNF366		C2H2 ZF	targeting	2000	467.69447021484376	1996.0	False	0.0	True	1270	13534	chr5:72506901-72507674
non-targeting|60|non-targeting:60-60						negative control	2000	467.3219848632813		False	0.0	True	1270	13534	non-targeting|60|non-targeting:60-60
ENSG00000151657|chr10:7787585-7787993	ENSG00000151657	KIN	KIN		C2H2 ZF	targeting	2000	467.2095092773437	1997.0	False	0.0	True	1270	13534	chr10:7787585-7787993
ENSG00000198807|chr14:36661870-36662298	ENSG00000198807	PAX9	PAX9	Paired domain only	Paired box	targeting	2000	467.2061096191407	1998.0	False	0.0	True	1270	13534	chr14:36661870-36662298
ENSG00000078246|chr12:2890882-2891110	ENSG00000078246	TULP3	TULP3			targeting	2000	466.801025390625	1999.0	False	0.0	True	1270	13534	chr12:2890882-2891110
ENSG00000170485|chr2:100820125-100820629	ENSG00000170485	NPAS2	NPAS2		bHLH	targeting	2000	466.5044677734375	2000.0	False	0.0	True	1270	13534	chr2:100820125-100820629
ENSG00000102145|chrX:48786581-48786724	ENSG00000102145	GATA1	GATA1	C4-GATA-related	GATA	targeting	2000	466.4871032714844	2001.0	False	0.0	True	1270	13534	chrX:48786581-48786724
ENSG00000204595|chr19:53632066-53632262	ENSG00000204595	DPRX	DPRX	Paired-related HD factors	Homeodomain	targeting	2000	466.4210144042969	2002.0	False	0.0	True	1270	13534	chr19:53632066-53632262
ENSG00000171843|chr9:20622314-20622546	ENSG00000171843	MLLT3	MLLT3		Unknown	targeting	2000	466.3142517089844	2003.0	False	0.0	True	1270	13534	chr9:20622314-20622546
ENSG00000005513|chr16:981821-982406	ENSG00000005513	SOX8	SOX8	SOX-related factors	HMG/Sox	targeting	2000	466.05029296875	2004.0	False	0.0	True	1270	13534	chr16:981821-982406
ENSG00000170345|chr14:75278820-75279100	ENSG00000170345	FOS	FOS	Fos-related	bZIP	targeting	2000	465.2388732910157	2005.0	False	0.0	True	1270	13534	chr14:75278820-75279100
ENSG00000277258|chr17:38748035-38748320	ENSG00000277258	PCGF2	PCGF2		Unknown	targeting	2000	465.20228271484376	2006.0	False	0.0	True	1270	13534	chr17:38748035-38748320
ENSG00000178928|chr19:47818602-47818721	ENSG00000178928	TPRX1	TPRX1	Paired-related HD	Homeodomain	targeting	2000	465.1758239746094	2007.0	False	0.0	True	1270	13534	chr19:47818602-47818721
ENSG00000198795|chr18:25351845-25352141	ENSG00000198795	ZNF521	ZNF521		C2H2 ZF	targeting	2000	464.5697875976563	2008.0	False	0.0	True	1270	13534	chr18:25351845-25352141
ENSG00000144802|chr3:101827963-101828315	ENSG00000144802	NFKBIZ	NFKBIZ		Unknown	targeting	2000	464.44581909179686	2009.0	False	0.0	True	1270	13534	chr3:101827963-101828315
ENSG00000112561|chr6:41735253-41735607	ENSG00000112561	TFEB	TFEB	bHLH-ZIP	bHLH	targeting	1481	464.28314819335935	2010.0	False	0.0	True	1270	13534	chr6:41735253-41735607
ENSG00000137709|chr11:120236634-120236961	ENSG00000137709	POU2F3	POU2F3	POU domain factors	Homeodomain; POU	targeting	2000	464.1582885742188	2011.0	False	0.0	True	1270	13534	chr11:120236634-120236961
ENSG00000119138|chr9:70413671-70413952	ENSG00000119138	KLF9	KLF9	Three-zinc finger Kruppel-related	C2H2 ZF	targeting	2000	464.14231567382814	2012.0	False	0.0	True	1270	13534	chr9:70413671-70413952
ENSG00000169989|chr4:152779372-152779726	ENSG00000169989	TIGD4	TIGD4	More than 3 adjacent zinc fingers	CENPB	targeting	2000	464.0179443359375	2013.0	False	0.0	True	1270	13534	chr4:152779372-152779726
ENSG00000105516|chr19:48637077-48637385	ENSG00000105516	DBP	DBP	CEBP-related	bZIP	targeting	2000	463.9761596679688	2014.0	False	0.0	True	1270	13534	chr19:48637077-48637385
ENSG00000175691|chr19:2944873-2944958	ENSG00000175691	ZNF77	ZNF77		C2H2 ZF	targeting	2000	463.7665710449219	2015.0	False	0.0	True	1270	13534	chr19:2944873-2944958
ENSG00000112592|chr6:170554354-170554621	ENSG00000112592	TBP	TBP		TBP	targeting	2000	463.7576965332031	2016.0	False	0.0	True	1270	13534	chr6:170554354-170554621
ENSG00000119574|chr19:58519573-58519799	ENSG00000119574	ZBTB45	ZBTB45		C2H2 ZF	targeting	2000	463.6502807617188	2017.0	False	0.0	True	1270	13534	chr19:58519573-58519799
ENSG00000213347|chr5:177311814-177311930	ENSG00000213347	MXD3	MXD3		bHLH	targeting	2000	463.5550170898438	2018.0	False	0.0	True	1270	13534	chr5:177311814-177311930
ENSG00000151702|chr11:128694114-128694329	ENSG00000151702	FLI1	FLI1	Ets-related	Ets	targeting	2000	463.4425964355469	2019.0	False	0.0	True	1270	13534	chr11:128694114-128694329
ENSG00000185238|chr11:20387715-20388204	ENSG00000185238	PRMT3	PRMT3		C2H2 ZF	targeting	2000	463.3137573242187	2020.0	False	0.0	True	1270	13534	chr11:20387715-20388204
ENSG00000126561|chr17:42288767-42289036	ENSG00000126561	STAT5A	STAT5A		STAT	targeting	2000	463.199462890625	2021.0	False	0.0	True	1270	13534	chr17:42288767-42289036
ENSG00000170608|chr19:45864323-45864514	ENSG00000170608	FOXA3	FOXA3	FOX	Forkhead	targeting	2000	463.1583801269532	2022.0	False	0.0	True	1270	13534	chr19:45864323-45864514
ENSG00000172493|chr4:86935010-86935229	ENSG00000172493	AFF1	AFF1		Unknown	targeting	2000	463.0185791015625	2023.0	False	0.0	True	1270	13534	chr4:86935010-86935229
ENSG00000136826|chr9:107488190-107488449	ENSG00000136826	KLF4	KLF4	Three-zinc finger Kruppel-related	C2H2 ZF	targeting	2000	462.770849609375	2024.0	False	0.0	True	1270	13534	chr9:107488190-107488449
ENSG00000085274|chr3:169773361-169773511	ENSG00000085274	MYNN	MYNN		C2H2 ZF	targeting	2000	462.43792114257815	2025.0	False	0.0	True	1270	13534	chr3:169773361-169773511
ENSG00000043039|chr11:129375645-129376047	ENSG00000043039	BARX2	BARX2	NK	Homeodomain	targeting	2000	462.3352905273438	2026.0	False	0.0	True	1270	13534	chr11:129375645-129376047
ENSG00000069812|chr1:6419843-6419931	ENSG00000069812	HES2	HES2	Hairy-related factors	bHLH	targeting	2000	461.92853393554685	2027.0	False	0.0	True	1270	13534	chr1:6419843-6419931
ENSG00000167074|chr22:41381930-41382010	ENSG00000167074	TEF	TEF	CEBP-related	bZIP	targeting	2000	461.72438354492186	2028.0	False	0.0	True	1270	13534	chr22:41381930-41382010
ENSG00000079432|chr19:42283973-42284838	ENSG00000079432	CIC	CIC		HMG/Sox	targeting	2000	461.7063171386719	2029.0	False	0.0	True	1270	13534	chr19:42283973-42284838
ENSG00000180613|chr4:54100171-54100269	ENSG00000180613	GSX2	GSX2	HOX	Homeodomain	targeting	2000	461.7021728515625	2030.0	False	0.0	True	1270	13534	chr4:54100171-54100269
ENSG00000082175|chr11:101128901-101129812	ENSG00000082175	PGR	PGR	Steroid hormone receptors (NR3)	Nuclear receptor	targeting	2000	461.58411865234376	2031.0	False	0.0	True	1270	13534	chr11:101128901-101129812
ENSG00000165030|chr9:91423445-91423835	ENSG00000165030	NFIL3	NFIL3	CEBP-related	bZIP	targeting	2000	460.7718200683594	2032.0	False	0.0	True	1270	13534	chr9:91423445-91423835
ENSG00000119866|chr2:60553025-60553601	ENSG00000119866	BCL11A	BCL11A	Factors with multiple dispersed zinc fingers	C2H2 ZF	targeting	2000	460.448583984375	2033.0	False	0.0	True	1270	13534	chr2:60553025-60553601
ENSG00000124444|chr19:43596605-43596983	ENSG00000124444	ZNF576	ZNF576		C2H2 ZF	targeting	2000	460.164501953125	2034.0	False	0.0	True	1270	13534	chr19:43596605-43596983
ENSG00000127616|chr19:10961045-10961525	ENSG00000127616	SMARCA4	SMARCA4		Unknown	targeting	2000	460.10149536132815	2035.0	False	0.0	True	1270	13534	chr19:10961045-10961525
ENSG00000167528|chr12:48350788-48350903	ENSG00000167528	ZNF641	ZNF641		C2H2 ZF	targeting	2000	459.8228759765625	2036.0	False	0.0	True	1270	13534	chr12:48350788-48350903
ENSG00000004848|chrX:25012852-25013100	ENSG00000004848	ARX	ARX		Homeodomain	targeting	2000	459.7731201171875	2037.0	False	0.0	True	1270	13534	chrX:25012852-25013100
ENSG00000112200|chr6:57090051-57090201	ENSG00000112200	ZNF451	ZNF451		C2H2 ZF	targeting	2000	459.7523132324219	2038.0	False	0.0	True	1270	13534	chr6:57090051-57090201
ENSG00000213639|chr2:28752075-28752565	ENSG00000213639	PPP1CB	PPP1CB			targeting	2000	459.7450317382812	2039.0	False	0.0	True	1270	13534	chr2:28752075-28752565
ENSG00000170448|chr4:47914253-47914591	ENSG00000170448	NFXL1	NFXL1		NFX	targeting	2000	459.317236328125	2040.0	False	0.0	True	1270	13534	chr4:47914253-47914591
ENSG00000168286|chr16:67842300-67843060	ENSG00000168286	THAP11	THAP11	THAP-related factors	THAP finger	targeting	2000	459.191796875	2041.0	False	0.0	True	1270	13534	chr16:67842300-67843060
ENSG00000170365|chr4:145481793-145482298	ENSG00000170365	SMAD1	SMAD1		SMAD	targeting	2000	459.1055908203125	2042.0	False	0.0	True	1270	13534	chr4:145481793-145482298
ENSG00000173153|chr11:64305569-64305723	ENSG00000173153	ESRRA	ESRRA	Steroid hormone receptors (NR3)	Nuclear receptor	targeting	2000	458.4140625	2043.0	False	0.0	True	1270	13534	chr11:64305569-64305723
ENSG00000159377|chr1:151399570-151399812	ENSG00000159377	PSMB4	PSMB4			targeting	2000	458.3602478027344	2044.0	False	0.0	True	1270	13534	chr1:151399570-151399812
ENSG00000175395|chr10:37976389-37976619	ENSG00000175395	ZNF25	ZNF25		C2H2 ZF	targeting	2000	457.3332153320313	2045.0	False	0.0	True	1270	13534	chr10:37976389-37976619
ENSG00000125813|chr20:21705708-21706146	ENSG00000125813	PAX1	PAX1	Paired domain only	Paired box	targeting	2000	456.8660461425781	2046.0	False	0.0	True	1270	13534	chr20:21705708-21706146
ENSG00000164330|chr5:159099155-159099917	ENSG00000164330	EBF1	EBF1	Early B-Cell Factor-related factors	EBF1	targeting	2000	456.7439270019531	2047.0	False	0.0	True	1270	13534	chr5:159099155-159099917
ENSG00000132170|chr3:12287955-12288395	ENSG00000132170	PPARG	PPARG	Thyroid hormone receptor-related factors (NR1)	Nuclear receptor	targeting	2000	456.6595703125	2048.0	False	0.0	True	1270	13534	chr3:12287955-12288395
ENSG00000170954|chr19:53132436-53132897	ENSG00000170954	ZNF415	ZNF415		C2H2 ZF	targeting	2000	456.32073364257815	2049.0	False	0.0	True	1270	13534	chr19:53132436-53132897
ENSG00000115112|chr2:121284700-121285179	ENSG00000115112	TFCP2L1	TFCP2L1		Grainyhead	targeting	2000	456.3082946777344	2050.0	False	0.0	True	1270	13534	chr2:121284700-121285179
ENSG00000173801|chr17:41785955-41786707	ENSG00000173801	JUP	JUP		Unknown	targeting	2000	456.260009765625	2051.0	False	0.0	True	1270	13534	chr17:41785955-41786707
ENSG00000114853|chr3:42653687-42653912	ENSG00000114853	ZBTB47	ZBTB47	More than 3 adjacent zinc fingers	C2H2 ZF	targeting	2000	456.2320190429688	2052.0	False	0.0	True	1270	13534	chr3:42653687-42653912
ENSG00000261221|chr19:55613576-55613726	ENSG00000261221	ZNF865	ZNF865	More than 3 adjacent zinc fingers	C2H2 ZF	targeting	2000	456.0606323242188	2053.0	False	0.0	True	1270	13534	chr19:55613576-55613726
ENSG00000186350|chr9:134326449-134326921	ENSG00000186350	RXRA	RXRA		Nuclear receptor	targeting	2000	455.7612243652344	2054.0	False	0.0	True	1270	13534	chr9:134326449-134326921
ENSG00000101665|chr18:48948885-48950655	ENSG00000101665	SMAD7	SMAD7		SMAD	targeting	2000	455.7527221679687	2055.0	False	0.0	True	1270	13534	chr18:48948885-48950655
ENSG00000122482|chr1:91021414-91022076	ENSG00000122482	ZNF644	ZNF644		C2H2 ZF	targeting	2000	455.7400634765625	2056.0	False	0.0	True	1270	13534	chr1:91021414-91022076
ENSG00000184939|chr16:68539307-68539380	ENSG00000184939	ZFP90	ZFP90		C2H2 ZF	targeting	2000	455.7066711425781	2057.0	False	0.0	True	1270	13534	chr16:68539307-68539380
ENSG00000114861|chr3:71543111-71543526	ENSG00000114861	FOXP1	FOXP1	FOX	Forkhead	targeting	2000	455.6369445800781	2058.0	False	0.0	True	1270	13534	chr3:71543111-71543526
ENSG00000174282|chr17:7484149-7484280	ENSG00000174282	ZBTB4	ZBTB4		C2H2 ZF	targeting	2000	455.5016967773437	2059.0	False	0.0	True	1270	13534	chr17:7484149-7484280
ENSG00000175792|chr3:128123370-128123809	ENSG00000175792	RUVBL1	RUVBL1			targeting	2000	455.4751831054688	2060.0	False	0.0	True	1270	13534	chr3:128123370-128123809
ENSG00000164463|chr5:173057409-173057489	ENSG00000164463	CREBRF	CREBRF		bZIP	targeting	2000	455.3881774902344	2061.0	False	0.0	True	1270	13534	chr5:173057409-173057489
ENSG00000117010|chr1:40531633-40531742	ENSG00000117010	ZNF684	ZNF684	More than 3 adjacent zinc fingers	C2H2 ZF	targeting	2000	455.0229187011719	2062.0	False	0.0	True	1270	13534	chr1:40531633-40531742
ENSG00000165060|chr9:69035708-69036096	ENSG00000165060	FXN	FXN			targeting	1888	454.64760131835936	2063.0	False	0.0	True	1270	13534	chr9:69035708-69036096
ENSG00000018869|chr19:56393453-56393536	ENSG00000018869	ZNF582	ZNF582	More than 3 adjacent zinc fingers	C2H2 ZF	targeting	2000	454.14306640625	2064.0	False	0.0	True	1270	13534	chr19:56393453-56393536
ENSG00000066827|chr8:134696330-134696543	ENSG00000066827	ZFAT	ZFAT		C2H2 ZF	targeting	2000	453.7904357910156	2065.0	False	0.0	True	1270	13534	chr8:134696330-134696543
ENSG00000144852|chr3:119782064-119782264	ENSG00000144852	NR1I2	NR1I2	Thyroid hormone receptor-related factors (NR1)	Nuclear receptor	targeting	2000	453.6719665527344	2066.0	False	0.0	True	1270	13534	chr3:119782064-119782264
ENSG00000256771|chr19:19865898-19866125	ENSG00000256771	ZNF253	ZNF253		C2H2 ZF	targeting	2000	453.380615234375	2067.0	False	0.0	True	1270	13534	chr19:19865898-19866125
ENSG00000143379|chr1:150926319-150926833	ENSG00000143379	SETDB1	SETDB1		MBD	targeting	2000	453.343701171875	2068.0	False	0.0	True	1270	13534	chr1:150926319-150926833
ENSG00000256087|chr19:52048539-52048834	ENSG00000256087	ZNF432	ZNF432		C2H2 ZF	targeting	2000	453.13792724609374	2069.0	False	0.0	True	1270	13534	chr19:52048539-52048834
ENSG00000083812|chr19:58467033-58467572	ENSG00000083812	ZNF324	ZNF324	More than 3 adjacent zinc fingers	C2H2 ZF	targeting	2000	453.13380737304686	2070.0	False	0.0	True	1270	13534	chr19:58467033-58467572
ENSG00000066827|chr8:134712914-134713055	ENSG00000066827	ZFAT	ZFAT		C2H2 ZF	targeting	2000	452.1916076660156	2071.0	False	0.0	True	1270	13534	chr8:134712914-134713055
ENSG00000159556|chr15:76336768-76337169	ENSG00000159556	ISL2	ISL2	HD-LIM	Homeodomain	targeting	2000	451.9994384765625	2072.0	False	0.0	True	1270	13534	chr15:76336768-76337169
ENSG00000176407|chr2:84971165-84971663	ENSG00000176407	KCMF1	KCMF1		C2H2 ZF	targeting	2000	451.2977600097656	2073.0	False	0.0	True	1270	13534	chr2:84971165-84971663
ENSG00000162714|chr1:247331476-247331860	ENSG00000162714	ZNF496	ZNF496		C2H2 ZF	targeting	2000	451.2064147949219	2074.0	False	0.0	True	1270	13534	chr1:247331476-247331860
ENSG00000009709|chr1:18630918-18631267	ENSG00000009709	PAX7	PAX7	Paired plus homeo domain	Homeodomain; Paired box	targeting	2000	451.0609985351563	2075.0	False	0.0	True	1270	13534	chr1:18630918-18631267
ENSG00000133884|chr11:65333834-65334289	ENSG00000133884	DPF2	DPF2		Unknown	targeting	2000	450.8630798339844	2076.0	False	0.0	True	1270	13534	chr11:65333834-65334289
ENSG00000119508|chr9:99821952-99822224	ENSG00000119508	NR4A3	NR4A3		Nuclear receptor	targeting	2000	450.5608703613281	2077.0	False	0.0	True	1270	13534	chr9:99821952-99822224
ENSG00000092203|chr14:21476886-21477612	ENSG00000092203	TOX4	TOX4		HMG/Sox	targeting	2000	450.11781005859376	2078.0	False	0.0	True	1270	13534	chr14:21476886-21477612
ENSG00000198455|chrX:57592664-57593066	ENSG00000198455	ZXDB	ZXDB	More than 3 adjacent zinc fingers	C2H2 ZF	targeting	2000	449.7330932617188	2079.0	False	0.0	True	1270	13534	chrX:57592664-57593066
ENSG00000170903|chr11:106022122-106022233	ENSG00000170903	MSANTD4	MSANTD4	Myb-SANT	Myb/SANT	targeting	2000	448.6452026367188	2080.0	False	0.0	True	1270	13534	chr11:106022122-106022233
ENSG00000188909|chr11:122981695-122981810	ENSG00000188909	BSX	BSX	NK	Homeodomain	targeting	2000	448.2827514648437	2081.0	False	0.0	True	1270	13534	chr11:122981695-122981810
ENSG00000149050|chr11:7020261-7020367	ENSG00000149050	ZNF214	ZNF214	More than 3 adjacent zinc fingers	C2H2 ZF	targeting	2000	447.8265625	2082.0	False	0.0	True	1270	13534	chr11:7020261-7020367
ENSG00000007372|chr11:31810704-31811320	ENSG00000007372	PAX6	PAX6	Paired plus homeo domain	Homeodomain; Paired box	targeting	2000	447.5153564453125	2083.0	False	0.0	True	1270	13534	chr11:31810704-31811320
ENSG00000146618|chr7:19145629-19145876	ENSG00000146618	FERD3L	FERD3L	Tal-related	bHLH	targeting	2000	446.8600646972656	2084.0	False	0.0	True	1270	13534	chr7:19145629-19145876
ENSG00000152518|chr2:43226323-43227005	ENSG00000152518	ZFP36L2	ZFP36L2		CCCH ZF	targeting	2000	446.310888671875	2085.0	False	0.0	True	1270	13534	chr2:43226323-43227005
ENSG00000175003|chr6:160121862-160122212	ENSG00000175003	SLC22A1	SLC22A1			targeting	2000	446.2284851074219	2086.0	False	0.0	True	1270	13534	chr6:160121862-160122212
ENSG00000171148|chr3:9792391-9792754	ENSG00000171148	TADA3	TADA3		Unknown	targeting	2000	445.9745727539063	2087.0	False	0.0	True	1270	13534	chr3:9792391-9792754
ENSG00000182521|chr14:55440393-55440617	ENSG00000182521	TBPL2	TBPL2		TBP	targeting	2000	445.7541198730469	2088.0	False	0.0	True	1270	13534	chr14:55440393-55440617
ENSG00000113430|chr5:1886503-1886946	ENSG00000113430	IRX4	IRX4		Homeodomain	targeting	2000	445.6608459472656	2089.0	False	0.0	True	1270	13534	chr5:1886503-1886946
ENSG00000123388|chr12:53973243-53973465	ENSG00000123388	HOXC11	HOXC11	HOX	Homeodomain	targeting	2000	445.61256103515626	2090.0	False	0.0	True	1270	13534	chr12:53973243-53973465
ENSG00000172273|chr11:119121581-119121664	ENSG00000172273	HINFP	HINFP	Factors with multiple dispersed zinc fingers	C2H2 ZF	targeting	1197	445.3739440917969	2091.0	False	0.0	True	1270	13534	chr11:119121581-119121664
ENSG00000236609|chr7:6616139-6616214	ENSG00000236609	ZNF853	ZNF853	More than 3 adjacent zinc fingers	C2H2 ZF	targeting	2000	445.154931640625	2092.0	False	0.0	True	1270	13534	chr7:6616139-6616214
ENSG00000160199|chr21:42974570-42974815	ENSG00000160199	PKNOX1	PKNOX1	TALE-type homeo domain factors	Homeodomain	targeting	2000	444.9195068359375	2093.0	False	0.0	True	1270	13534	chr21:42974570-42974815
ENSG00000112242|chr6:20401910-20401996	ENSG00000112242	E2F3	E2F3	E2F	E2F	targeting	2000	444.7124450683594	2094.0	False	0.0	True	1270	13534	chr6:20401910-20401996
ENSG00000102878|chr16:67163614-67165117	ENSG00000102878	HSF4	HSF4	HSF factors	HSF	targeting	2000	444.4782104492188	2095.0	False	0.0	True	1270	13534	chr16:67163614-67165117
ENSG00000157259|chr7:92447490-92447660	ENSG00000157259	GATAD1	GATAD1		GATA	targeting	2000	444.3063171386719	2096.0	False	0.0	True	1270	13534	chr7:92447490-92447660
ENSG00000009954|chr7:73522094-73522291	ENSG00000009954	BAZ1B	BAZ1B			targeting	2000	444.209033203125	2097.0	False	0.0	True	1270	13534	chr7:73522094-73522291
ENSG00000184937|chr11:32435042-32435505	ENSG00000184937	WT1	WT1		C2H2 ZF	targeting	2000	443.5733642578125	2098.0	False	0.0	True	1270	13534	chr11:32435042-32435505
ENSG00000197213|chr19:56197524-56197908	ENSG00000197213	ZSCAN5B	ZSCAN5B		C2H2 ZF	targeting	2000	443.4915954589844	2099.0	False	0.0	True	1270	13534	chr19:56197524-56197908
ENSG00000256294|chr19:44113382-44113619	ENSG00000256294	ZNF225	ZNF225		C2H2 ZF	targeting	2000	443.3001708984375	2100.0	False	0.0	True	1270	13534	chr19:44113382-44113619
ENSG00000176472|chr19:43533413-43533800	ENSG00000176472	ZNF575	ZNF575		C2H2 ZF	targeting	2000	442.84208984375	2101.0	False	0.0	True	1270	13534	chr19:43533413-43533800
ENSG00000102038|chrX:129523007-129523501	ENSG00000102038	SMARCA1	SMARCA1		Myb/SANT	targeting	2000	442.5813537597657	2102.0	False	0.0	True	1270	13534	chrX:129523007-129523501
ENSG00000142700|chr1:50423378-50423475	ENSG00000142700	DMRTA2	DMRTA2	DMRT factors	DM	targeting	2000	440.8555480957031	2103.0	False	0.0	True	1270	13534	chr1:50423378-50423475
ENSG00000100084|chr22:19447438-19447706	ENSG00000100084	HIRA	HIRA		Unknown	targeting	2000	440.3879211425781	2104.0	False	0.0	True	1270	13534	chr22:19447438-19447706
ENSG00000140548|chr15:90001322-90001761	ENSG00000140548	ZNF710	ZNF710		C2H2 ZF	targeting	2000	439.6397521972656	2105.0	False	0.0	True	1270	13534	chr15:90001322-90001761
ENSG00000163161|chr2:127293743-127294138	ENSG00000163161	ERCC3	ERCC3		Unknown	targeting	2000	438.7892822265625	2106.0	False	0.0	True	1270	13534	chr2:127293743-127294138
ENSG00000112246|chr6:100464680-100464919	ENSG00000112246	SIM1	SIM1		bHLH	targeting	2000	438.43646240234375	2107.0	False	0.0	True	1270	13534	chr6:100464680-100464919
ENSG00000198160|chr1:66930256-66930534	ENSG00000198160	MIER1	MIER1		Myb/SANT	targeting	2000	437.98194580078126	2108.0	False	0.0	True	1270	13534	chr1:66930256-66930534
ENSG00000137699|chr11:120122614-120123082	ENSG00000137699	TRIM29	TRIM29		Unknown	targeting	2000	437.8353088378906	2109.0	False	0.0	True	1270	13534	chr11:120122614-120123082
ENSG00000198551|chr19:11597454-11597570	ENSG00000198551	ZNF627	ZNF627		C2H2 ZF	targeting	2000	437.7903564453125	2110.0	False	0.0	True	1270	13534	chr19:11597454-11597570
ENSG00000153975|chr6:116668524-116668765	ENSG00000153975	ZUFSP	ZUP1		C2H2 ZF	targeting	2000	437.7226318359375	2111.0	False	0.0	True	1270	13534	chr6:116668524-116668765
ENSG00000102554|chr13:73059023-73059214	ENSG00000102554	KLF5	KLF5	Three-zinc finger Kruppel-related	C2H2 ZF	targeting	2000	437.3346740722656	2112.0	False	0.0	True	1270	13534	chr13:73059023-73059214
ENSG00000197044|chr19:11767003-11767421	ENSG00000197044	ZNF441	ZNF441		C2H2 ZF	targeting	2000	437.3341491699219	2113.0	False	0.0	True	1270	13534	chr19:11767003-11767421
ENSG00000020426|chr14:60734731-60734847	ENSG00000020426	MNAT1	MNAT1		Unknown	targeting	890	436.1719970703125	2114.0	False	0.0	True	1270	13534	chr14:60734731-60734847
ENSG00000140632|chr16:4847114-4847305	ENSG00000140632	GLYR1	GLYR1		AT hook	targeting	2000	436.0074523925781	2115.0	False	0.0	True	1270	13534	chr16:4847114-4847305
ENSG00000165417|chr14:81220447-81220931	ENSG00000165417	GTF2A1	GTF2A1		Unknown	targeting	2000	435.7143127441406	2116.0	False	0.0	True	1270	13534	chr14:81220447-81220931
ENSG00000134954|chr11:128521897-128522369	ENSG00000134954	ETS1	ETS1	Ets-related	Ets	targeting	2000	434.92572631835935	2117.0	False	0.0	True	1270	13534	chr11:128521897-128522369
ENSG00000171443|chr19:55600345-55600518	ENSG00000171443	ZNF524	ZNF524	More than 3 adjacent zinc fingers	C2H2 ZF; AT hook	targeting	2000	433.5685241699219	2118.0	False	0.0	True	1270	13534	chr19:55600345-55600518
ENSG00000080503|chr9:2015338-2015565	ENSG00000080503	SMARCA2	SMARCA2		Unknown	targeting	2000	433.40382080078126	2119.0	False	0.0	True	1270	13534	chr9:2015338-2015565
ENSG00000198429|chr19:11887782-11888052	ENSG00000198429	ZNF69	ZNF69		C2H2 ZF	targeting	2000	433.2270324707032	2120.0	False	0.0	True	1270	13534	chr19:11887782-11888052
ENSG00000128710|chr2:176108768-176108905	ENSG00000128710	HOXD10	HOXD10	HOX	Homeodomain	targeting	2000	432.8763061523438	2121.0	False	0.0	True	1270	13534	chr2:176108768-176108905
ENSG00000063978|chr4:2469096-2469620	ENSG00000063978	RNF4	RNF4		Unknown	targeting	2000	432.0620056152344	2122.0	False	0.0	True	1270	13534	chr4:2469096-2469620
ENSG00000147862|chr9:14314037-14314585	ENSG00000147862	NFIB	NFIB	Nuclear factor 1	SMAD	targeting	2000	431.8621765136719	2123.0	False	0.0	True	1270	13534	chr9:14314037-14314585
ENSG00000147118|chrX:48003785-48004012	ENSG00000147118	ZNF182	ZNF182		C2H2 ZF	targeting	2000	431.3242736816407	2124.0	False	0.0	True	1270	13534	chrX:48003785-48004012
ENSG00000105261|chr19:36111180-36111670	ENSG00000105261	OVOL3	OVOL3		C2H2 ZF	targeting	2000	428.7093139648438	2125.0	False	0.0	True	1270	13534	chr19:36111180-36111670
ENSG00000196812|chr6:28124619-28124850	ENSG00000196812	ZSCAN16	ZSCAN16	More than 3 adjacent zinc fingers	C2H2 ZF	targeting	2000	428.4231994628906	2126.0	False	0.0	True	1270	13534	chr6:28124619-28124850
ENSG00000197363|chr8:144798904-144799294	ENSG00000197363	ZNF517	ZNF517		C2H2 ZF	targeting	2000	428.1457458496094	2127.0	False	0.0	True	1270	13534	chr8:144798904-144799294
ENSG00000114126|chr3:142149260-142149484	ENSG00000114126	TFDP2	TFDP2		E2F	targeting	2000	427.49721069335936	2128.0	False	0.0	True	1270	13534	chr3:142149260-142149484
ENSG00000102854|chr16:761122-761393	ENSG00000102854	MSLN	MSLN			targeting	2000	426.9550048828125	2129.0	False	0.0	True	1270	13534	chr16:761122-761393
ENSG00000175727|chr12:122078791-122079137	ENSG00000175727	MLXIP	MLXIP		bHLH	targeting	2000	426.7445373535156	2130.0	False	0.0	True	1270	13534	chr12:122078791-122079137
ENSG00000173451|chr12:71664371-71664596	ENSG00000173451	THAP2	THAP2		THAP finger	targeting	2000	425.6860778808594	2131.0	False	0.0	True	1270	13534	chr12:71664371-71664596
ENSG00000138795|chr4:108168675-108168864	ENSG00000138795	LEF1	LEF1	TCF-7-related factors	HMG/Sox	targeting	2000	425.3085205078125	2132.0	False	0.0	True	1270	13534	chr4:108168675-108168864
ENSG00000141384|chr18:26226441-26226699	ENSG00000141384	TAF4B	TAF4B		Unknown	targeting	2000	424.1894104003906	2133.0	False	0.0	True	1270	13534	chr18:26226441-26226699
ENSG00000167840|chr17:5111792-5111866	ENSG00000167840	ZNF232	ZNF232		C2H2 ZF	targeting	2000	423.7871459960937	2134.0	False	0.0	True	1270	13534	chr17:5111792-5111866
ENSG00000107859|chr10:102241370-102241522	ENSG00000107859	PITX3	PITX3	Paired-related HD factors	Homeodomain	targeting	2000	421.412939453125	2135.0	False	0.0	True	1270	13534	chr10:102241370-102241522
ENSG00000106571|chr7:42236803-42237178	ENSG00000106571	GLI3	GLI3	More than 3 adjacent zinc fingers	C2H2 ZF	targeting	2000	421.19578857421874	2136.0	False	0.0	True	1270	13534	chr7:42236803-42237178
ENSG00000019485|chr11:45093992-45094422	ENSG00000019485	PRDM11	PRDM11		Myb/SANT	targeting	2000	420.310498046875	2137.0	False	0.0	True	1270	13534	chr11:45093992-45094422
ENSG00000153779|chrX:89921981-89922114	ENSG00000153779	TGIF2LX	TGIF2LX	TALE-type homeo domain factors	Homeodomain	targeting	2000	419.1979309082032	2138.0	False	0.0	True	1270	13534	chrX:89921981-89922114
ENSG00000028839|chr6:133953223-133953707	ENSG00000028839	TBPL1	TBPL1		TBP	targeting	2000	418.9715148925781	2139.0	False	0.0	True	1270	13534	chr6:133953223-133953707
ENSG00000204644|chr6:29680861-29681128	ENSG00000204644	ZFP57	ZFP57	Factors with multiple dispersed zinc fingers	C2H2 ZF	targeting	2000	418.57758178710935	2140.0	False	0.0	True	1270	13534	chr6:29680861-29681128
ENSG00000105497|chr19:51571288-51571484	ENSG00000105497	ZNF175	ZNF175	More than 3 adjacent zinc fingers	C2H2 ZF	targeting	2000	418.1000732421875	2141.0	False	0.0	True	1270	13534	chr19:51571288-51571484
ENSG00000089335|chr19:34677704-34677864	ENSG00000089335	ZNF302	ZNF302		C2H2 ZF	targeting	2000	417.37626953125	2142.0	False	0.0	True	1270	13534	chr19:34677704-34677864
ENSG00000134852|chr4:55546719-55546835	ENSG00000134852	CLOCK	CLOCK	PAS domain factors	bHLH	targeting	2000	417.31611328125	2143.0	False	0.0	True	1270	13534	chr4:55546719-55546835
ENSG00000124151|chr20:47501905-47502113	ENSG00000124151	NCOA3	NCOA3		bHLH	targeting	2000	416.1853759765625	2144.0	False	0.0	True	1270	13534	chr20:47501905-47502113
ENSG00000066697|chr9:100427143-100427411	ENSG00000066697	MSANTD3	MSANTD3	Myb/SANT domain factors	MADF	targeting	2000	413.9632690429688	2145.0	False	0.0	True	1270	13534	chr9:100427143-100427411
ENSG00000198300|chr19:56840478-56840749	ENSG00000198300	PEG3	PEG3		C2H2 ZF	targeting	2000	413.63234252929686	2146.0	False	0.0	True	1270	13534	chr19:56840478-56840749
ENSG00000144026|chr2:95159466-95159578	ENSG00000144026	ZNF514	ZNF514		C2H2 ZF	targeting	2000	413.3044006347656	2147.0	False	0.0	True	1270	13534	chr2:95159466-95159578
ENSG00000196109|chr19:22196649-22196949	ENSG00000196109	ZNF676	ZNF676	More than 3 adjacent zinc fingers	C2H2 ZF	targeting	2000	412.106494140625	2148.0	False	0.0	True	1270	13534	chr19:22196649-22196949
ENSG00000183647|chr19:57599888-57599977	ENSG00000183647	ZNF530	ZNF530	More than 3 adjacent zinc fingers	C2H2 ZF	targeting	2000	410.0486145019531	2149.0	False	0.0	True	1270	13534	chr19:57599888-57599977
ENSG00000181965|chr5:135535736-135536066	ENSG00000181965	NEUROG1	NEUROG1	Tal-related	bHLH	targeting	2000	407.9255615234375	2150.0	False	0.0	True	1270	13534	chr5:135535736-135536066
ENSG00000204611|chr19:52139499-52139934	ENSG00000204611	ZNF616	ZNF616		C2H2 ZF	targeting	2000	407.617138671875	2151.0	False	0.0	True	1270	13534	chr19:52139499-52139934
ENSG00000115415|chr2:191014019-191014175	ENSG00000115415	STAT1	STAT1	STAT factors	STAT	targeting	2000	403.2121276855469	2152.0	False	0.0	True	1270	13534	chr2:191014019-191014175
ENSG00000146587|chr7:5072118-5072235	ENSG00000146587	RBAK	RBAK		C2H2 ZF	targeting	2000	398.868798828125	2153.0	False	0.0	True	1270	13534	chr7:5072118-5072235
ENSG00000179348|chr3:128487497-128487936	ENSG00000179348	GATA2	GATA2	C4-GATA-related	GATA	targeting	2000	397.5633117675781	2154.0	False	0.0	True	1270	13534	chr3:128487497-128487936
ENSG00000136492|chr17:61863088-61863499	ENSG00000136492	BRIP1	BRIP1			targeting	853	394.6179748535157	2155.0	False	0.0	True	1270	13534	chr17:61863088-61863499
ENSG00000237765|chr4:15681799-15682063	ENSG00000237765	FAM200B	FAM200B	BED zinc finger factors	BED ZF	targeting	2000	392.4678039550781	2156.0	False	0.0	True	1270	13534	chr4:15681799-15682063
ENSG00000030419|chr2:213151504-213151604	ENSG00000030419	IKZF2	IKZF2	Factors with multiple dispersed zinc fingers	C2H2 ZF	targeting	2000	389.4966918945312	2157.0	False	0.0	True	1270	13534	chr2:213151504-213151604
ENSG00000196233|chr10:96832285-96833236	ENSG00000196233	LCOR	LCOR		Pipsqueak	targeting	2000	389.14887084960935	2158.0	False	0.0	True	1270	13534	chr10:96832285-96833236
ENSG00000101057|chr20:43667115-43667545	ENSG00000101057	MYBL2	MYBL2	Myb/SANT domain factors	Myb/SANT	targeting	2000	387.7638549804688	2159.0	False	0.0	True	1270	13534	chr20:43667115-43667545
ENSG00000177697|chr11:832818-833060	ENSG00000177697					positive control	2000	384.2713256835938		False	0.0	True	1270	13534	chr11:832818-833060
ENSG00000186496|chr18:35377057-35377303	ENSG00000186496	ZNF396	ZNF396		C2H2 ZF	targeting	2000	378.1214904785156	2160.0	False	0.0	True	1270	13534	chr18:35377057-35377303
ENSG00000197935|chr6:29005332-29005593	ENSG00000197935	ZNF311	ZNF311		C2H2 ZF	targeting	2000	371.4432312011719	2161.0	False	0.0	True	1270	13534	chr6:29005332-29005593
ENSG00000063587|chrX:153334160-153334413	ENSG00000063587	ZNF275	ZNF275	More than 3 adjacent zinc fingers	C2H2 ZF	targeting	2000	368.9057678222656	2162.0	False	0.0	True	1270	13534	chrX:153334160-153334413
ENSG00000162924|chr2:60881597-60881658	ENSG00000162924	REL	REL	NF-kappaB-related factors	Rel	targeting	2000	364.6227661132813	2163.0	False	0.0	True	1270	13534	chr2:60881597-60881658
ENSG00000138433|chr2:174395256-174395707	ENSG00000138433	CIR1	CIR1		Unknown	targeting	2000	350.885693359375	2164.0	False	0.0	True	1270	13534	chr2:174395256-174395707
ENSG00000119041|chr2:196799439-196799696	ENSG00000119041	GTF3C3	GTF3C3			targeting	2000	333.9814453125	2165.0	False	0.0	True	1270	13534	chr2:196799439-196799696
