short_name	gene_name	n_cells_assigned	n_guides	label_canonical
Hon CM	AARS	11	3	positive_control
Hon CM	AATF	23	6	tf_targeting
Hon CM	ADNP	373	6	tf_targeting
Hon CM	ADNP2	1011	6	tf_targeting
Hon CM	AEBP1	792	6	tf_targeting
Hon CM	AEBP2	386	6	tf_targeting
Hon CM	AFF1	1996	6	tf_targeting
Hon CM	AFF2	1675	6	tf_targeting
Hon CM	AFF3	1155	6	tf_targeting
Hon CM	AFF4	3161	6	tf_targeting
Hon CM	AHCTF1	179	6	tf_targeting
Hon CM	AHCY	1708	6	tf_targeting
Hon CM	AHDC1	698	6	tf_targeting
Hon CM	AHR	2377	6	tf_targeting
Hon CM	AHRR	1472	6	tf_targeting
Hon CM	AIRE	3114	6	tf_targeting
Hon CM	AKAP8	1266	6	tf_targeting
Hon CM	AKAP8L	1092	6	tf_targeting
Hon CM	AKNA	2358	12	tf_targeting
Hon CM	ALX1	812	6	tf_targeting
Hon CM	ALX3	1679	6	tf_targeting
Hon CM	ALX4	926	6	tf_targeting
Hon CM	ALYREF	502	6	tf_targeting
Hon CM	ANHX	1175	6	tf_targeting
Hon CM	ANKRD1	1033	6	tf_targeting
Hon CM	ANKRD30A	1220	6	tf_targeting
Hon CM	ANKZF1	1047	6	tf_targeting
Hon CM	APITD1	2178	6	tf_targeting
Hon CM	AR	993	6	tf_targeting
Hon CM	ARGFX	1010	6	tf_targeting
Hon CM	ARHGAP35	1209	6	tf_targeting
Hon CM	ARID1A	239	6	tf_targeting
Hon CM	ARID1B	3071	12	tf_targeting
Hon CM	ARID2	1265	6	tf_targeting
Hon CM	ARID3A	1641	6	tf_targeting
Hon CM	ARID3B	973	6	tf_targeting
Hon CM	ARID3C	652	6	tf_targeting
Hon CM	ARID4A	1547	6	tf_targeting
Hon CM	ARID4B	790	6	tf_targeting
Hon CM	ARID5A	1161	6	tf_targeting
Hon CM	ARID5B	611	6	tf_targeting
Hon CM	ARNT	1221	6	tf_targeting
Hon CM	ARNT2	2219	6	tf_targeting
Hon CM	ARNTL	1233	6	tf_targeting
Hon CM	ARNTL2	5523	6	tf_targeting
Hon CM	ARX	2785	12	tf_targeting
Hon CM	ASCL1	1092	6	tf_targeting
Hon CM	ASCL2	2133	6	tf_targeting
Hon CM	ASCL3	840	6	tf_targeting
Hon CM	ASCL4	926	6	tf_targeting
Hon CM	ASCL5	1632	6	tf_targeting
Hon CM	ASH1L	1217	6	tf_targeting
Hon CM	ATF1	1250	6	tf_targeting
Hon CM	ATF2	811	6	tf_targeting
Hon CM	ATF3	1704	6	tf_targeting
Hon CM	ATF4	1261	6	tf_targeting
Hon CM	ATF5	5	6	tf_targeting
Hon CM	ATF6	720	6	tf_targeting
Hon CM	ATF6B	483	6	tf_targeting
Hon CM	ATF7	738	6	tf_targeting
Hon CM	ATMIN	1541	6	tf_targeting
Hon CM	ATN1	1939	6	tf_targeting
Hon CM	ATOH1	928	6	tf_targeting
Hon CM	ATOH7	1380	6	tf_targeting
Hon CM	ATOH8	1088	6	tf_targeting
Hon CM	ATXN7	2284	12	tf_targeting
Hon CM	B2M	1071	1	positive_control
Hon CM	BACH1	2070	6	tf_targeting
Hon CM	BACH2	2286	6	tf_targeting
Hon CM	BARHL1	1171	6	tf_targeting
Hon CM	BARHL2	1180	6	tf_targeting
Hon CM	BARX1	3433	6	tf_targeting
Hon CM	BARX2	1339	6	tf_targeting
Hon CM	BATF	314	6	tf_targeting
Hon CM	BATF2	706	6	tf_targeting
Hon CM	BATF3	1318	6	tf_targeting
Hon CM	BAZ1B	934	6	tf_targeting
Hon CM	BAZ2A	4026	12	tf_targeting
Hon CM	BAZ2B	933	6	tf_targeting
Hon CM	BBX	810	6	tf_targeting
Hon CM	BCL11A	854	6	tf_targeting
Hon CM	BCL11B	563	6	tf_targeting
Hon CM	BCL3	1532	6	tf_targeting
Hon CM	BCL6	1041	6	tf_targeting
Hon CM	BCL6B	709	6	tf_targeting
Hon CM	BCLAF1	935	6	tf_targeting
Hon CM	BDP1	18	6	tf_targeting
Hon CM	BHLHA15	1204	6	tf_targeting
Hon CM	BHLHA9	1586	6	tf_targeting
Hon CM	BHLHB9	947	6	tf_targeting
Hon CM	BHLHE22	1372	6	tf_targeting
Hon CM	BHLHE23	1989	6	tf_targeting
Hon CM	BHLHE40	3125	6	tf_targeting
Hon CM	BHLHE41	464	6	tf_targeting
Hon CM	BID	2528	6	tf_targeting
Hon CM	BLZF1	1683	6	tf_targeting
Hon CM	BMP2	2703	12	tf_targeting
Hon CM	BNC1	2253	6	tf_targeting
Hon CM	BNC2	1010	6	tf_targeting
Hon CM	BOLA1	2172	12	tf_targeting
Hon CM	BOLA3	1206	6	tf_targeting
Hon CM	BPTF	939	6	tf_targeting
Hon CM	BRF2	255	6	tf_targeting
Hon CM	BRIP1	4	6	tf_targeting
Hon CM	BRPF1	412	6	tf_targeting
Hon CM	BSX	652	6	tf_targeting
Hon CM	C11orf95	3066	6	tf_targeting
Hon CM	C1orf85	2394	12	tf_targeting
Hon CM	CAMTA1	2544	6	tf_targeting
Hon CM	CAMTA2	613	6	tf_targeting
Hon CM	CAPN15	826	6	tf_targeting
Hon CM	CARF	103	6	tf_targeting
Hon CM	CARHSP1	1409	6	tf_targeting
Hon CM	CASZ1	1345	6	tf_targeting
Hon CM	CBFA2T2	641	6	tf_targeting
Hon CM	CBFA2T3	4037	12	tf_targeting
Hon CM	CBFB	1137	6	tf_targeting
Hon CM	CBL	787	6	tf_targeting
Hon CM	CBX2	953	6	tf_targeting
Hon CM	CC2D1A	2360	6	tf_targeting
Hon CM	CCDC169-SOHLH2	1766	6	tf_targeting
Hon CM	CCDC17	657	6	tf_targeting
Hon CM	CCDC79	1283	6	tf_targeting
Hon CM	CCNT2	666	6	tf_targeting
Hon CM	CD151	5652	2	positive_control
Hon CM	CD29	460	1	positive_control
Hon CM	CD55	1190	1	positive_control
Hon CM	CD81	7095	2	positive_control
Hon CM	CDC5L	16	6	tf_targeting
Hon CM	CDCA7L	2173	6	tf_targeting
Hon CM	CDIP1	1201	6	tf_targeting
Hon CM	CDK1	207	6	tf_targeting
Hon CM	CDK2	764	6	tf_targeting
Hon CM	CDK7	28	6	tf_targeting
Hon CM	CDK9	554	6	tf_targeting
Hon CM	CDX1	1589	6	tf_targeting
Hon CM	CDX2	538	6	tf_targeting
Hon CM	CDX4	642	6	tf_targeting
Hon CM	CEBPA	3144	6	tf_targeting
Hon CM	CEBPB	1357	6	tf_targeting
Hon CM	CEBPD	1346	6	tf_targeting
Hon CM	CEBPE	799	6	tf_targeting
Hon CM	CEBPG	1241	6	tf_targeting
Hon CM	CEBPZ	116	6	tf_targeting
Hon CM	CENPA	1167	12	tf_targeting
Hon CM	CENPB	1320	6	tf_targeting
Hon CM	CENPBD1	1132	6	tf_targeting
Hon CM	CENPT	14	6	tf_targeting
Hon CM	CGGBP1	2770	12	tf_targeting
Hon CM	CHAMP1	1759	6	tf_targeting
Hon CM	CHCHD3	275	6	tf_targeting
Hon CM	CHD7	2990	6	tf_targeting
Hon CM	CHMP2A	39	6	tf_targeting
Hon CM	CIC	1248	6	tf_targeting
Hon CM	CIR1	67	6	tf_targeting
Hon CM	CIZ1	1625	6	tf_targeting
Hon CM	CLOCK	1432	6	tf_targeting
Hon CM	CNBP	2011	6	tf_targeting
Hon CM	CNOT7	828	6	tf_targeting
Hon CM	CNOT8	1090	6	tf_targeting
Hon CM	COX20	911	6	tf_targeting
Hon CM	CPEB1	2412	12	tf_targeting
Hon CM	CPXCR1	1079	6	tf_targeting
Hon CM	CRAMP1L	2927	12	tf_targeting
Hon CM	CREB1	1122	6	tf_targeting
Hon CM	CREB3	1025	6	tf_targeting
Hon CM	CREB3L1	1223	6	tf_targeting
Hon CM	CREB3L2	1052	6	tf_targeting
Hon CM	CREB3L3	354	6	tf_targeting
Hon CM	CREB3L4	895	6	tf_targeting
Hon CM	CREB5	1362	12	tf_targeting
Hon CM	CREBBP	1805	6	tf_targeting
Hon CM	CREBL2	1561	6	tf_targeting
Hon CM	CREBRF	1430	12	tf_targeting
Hon CM	CREBZF	2082	6	tf_targeting
Hon CM	CREM	1577	6	tf_targeting
Hon CM	CRTC1	2035	6	tf_targeting
Hon CM	CRTC2	2284	6	tf_targeting
Hon CM	CRTC3	1509	6	tf_targeting
Hon CM	CRX	742	6	tf_targeting
Hon CM	CSNK2A1	328	6	tf_targeting
Hon CM	CSRNP1	2541	6	tf_targeting
Hon CM	CSRNP2	1028	6	tf_targeting
Hon CM	CSRNP3	2257	12	tf_targeting
Hon CM	CTBP1	2677	6	tf_targeting
Hon CM	CTBP2	1542	6	tf_targeting
Hon CM	CTCF	444	6	tf_targeting
Hon CM	CTCFL	1011	6	tf_targeting
Hon CM	CTNNB1	73	6	tf_targeting
Hon CM	CUX1	1246	6	tf_targeting
Hon CM	CUX2	3346	6	tf_targeting
Hon CM	CXXC1	63	6	tf_targeting
Hon CM	CXXC4	1093	6	tf_targeting
Hon CM	CXXC5	1317	6	tf_targeting
Hon CM	DACH1	475	6	tf_targeting
Hon CM	DACH2	832	6	tf_targeting
Hon CM	DAXX	1089	12	tf_targeting
Hon CM	DBP	922	6	tf_targeting
Hon CM	DBX1	2003	6	tf_targeting
Hon CM	DBX2	1518	6	tf_targeting
Hon CM	DCP1A	1086	6	tf_targeting
Hon CM	DDB1	1242	12	tf_targeting
Hon CM	DDB2	830	6	tf_targeting
Hon CM	DDIT3	1158	6	tf_targeting
Hon CM	DEAF1	1024	6	tf_targeting
Hon CM	DEK	998	6	tf_targeting
Hon CM	DENND4A	778	6	tf_targeting
Hon CM	DHX9	368	6	tf_targeting
Hon CM	DLX1	1244	6	tf_targeting
Hon CM	DLX2	635	6	tf_targeting
Hon CM	DLX3	1154	6	tf_targeting
Hon CM	DLX4	988	6	tf_targeting
Hon CM	DLX5	1213	6	tf_targeting
Hon CM	DLX6	1060	6	tf_targeting
Hon CM	DMAP1	62	6	tf_targeting
Hon CM	DMBX1	561	6	tf_targeting
Hon CM	DMRT1	1050	6	tf_targeting
Hon CM	DMRT2	1265	6	tf_targeting
Hon CM	DMRT3	3457	6	tf_targeting
Hon CM	DMRTA1	1781	6	tf_targeting
Hon CM	DMRTA2	1688	6	tf_targeting
Hon CM	DMRTB1	2002	6	tf_targeting
Hon CM	DMRTC2	633	6	tf_targeting
Hon CM	DMTF1	968	6	tf_targeting
Hon CM	DNAJC1	2824	6	tf_targeting
Hon CM	DNAJC19	1480	3	positive_control
Hon CM	DNAJC2	10	6	tf_targeting
Hon CM	DNAJC21	1916	6	tf_targeting
Hon CM	DNMT1	90	6	tf_targeting
Hon CM	DNTTIP1	743	6	tf_targeting
Hon CM	DOT1L	417	6	tf_targeting
Hon CM	DPF1	2861	12	tf_targeting
Hon CM	DPF2	1365	12	tf_targeting
Hon CM	DPF3	2496	6	tf_targeting
Hon CM	DPRX	804	6	tf_targeting
Hon CM	DR1	25	6	tf_targeting
Hon CM	DRAP1	1584	6	tf_targeting
Hon CM	DRGX	1378	6	tf_targeting
Hon CM	DUXA	1203	6	tf_targeting
Hon CM	DZIP1	1048	6	tf_targeting
Hon CM	E2F1	1324	6	tf_targeting
Hon CM	E2F2	4325	6	tf_targeting
Hon CM	E2F3	2982	12	tf_targeting
Hon CM	E2F4	464	6	tf_targeting
Hon CM	E2F5	1061	6	tf_targeting
Hon CM	E2F6	962	6	tf_targeting
Hon CM	E2F7	2913	6	tf_targeting
Hon CM	E2F8	2072	6	tf_targeting
Hon CM	E4F1	141	6	tf_targeting
Hon CM	EBF1	619	6	tf_targeting
Hon CM	EBF2	2120	6	tf_targeting
Hon CM	EBF3	1475	6	tf_targeting
Hon CM	EBF4	1673	6	tf_targeting
Hon CM	EEA1	1598	6	tf_targeting
Hon CM	EGR1	1322	12	tf_targeting
Hon CM	EGR2	1290	6	tf_targeting
Hon CM	EGR3	1051	6	tf_targeting
Hon CM	EGR4	1520	6	tf_targeting
Hon CM	EHF	553	6	tf_targeting
Hon CM	ELF1	827	6	tf_targeting
Hon CM	ELF2	1277	6	tf_targeting
Hon CM	ELF3	863	6	tf_targeting
Hon CM	ELF4	1663	6	tf_targeting
Hon CM	ELF5	570	6	tf_targeting
Hon CM	ELK1	564	6	tf_targeting
Hon CM	ELK3	1085	6	tf_targeting
Hon CM	ELK4	989	6	tf_targeting
Hon CM	ELMSAN1	1449	12	tf_targeting
Hon CM	ELP3	12	6	tf_targeting
Hon CM	EMX1	1995	12	tf_targeting
Hon CM	EMX2	748	6	tf_targeting
Hon CM	EN1	625	6	tf_targeting
Hon CM	EN2	1312	6	tf_targeting
Hon CM	ENO1	24	6	tf_targeting
Hon CM	EOMES	240	6	tf_targeting
Hon CM	EP300	818	6	tf_targeting
Hon CM	EP400	130	6	tf_targeting
Hon CM	EPAS1	2247	6	tf_targeting
Hon CM	ERCC2	16	6	tf_targeting
Hon CM	ERCC3	18	6	tf_targeting
Hon CM	ERCC6	517	6	tf_targeting
Hon CM	ERCC8	801	6	tf_targeting
Hon CM	ERF	884	6	tf_targeting
Hon CM	ERG	2680	12	tf_targeting
Hon CM	ESR1	2924	12	tf_targeting
Hon CM	ESR2	6493	6	tf_targeting
Hon CM	ESRRA	3217	6	tf_targeting
Hon CM	ESRRB	1223	6	tf_targeting
Hon CM	ESRRG	6595	30	tf_targeting
Hon CM	ESX1	1149	6	tf_targeting
Hon CM	ETF1	361	6	tf_targeting
Hon CM	ETS1	1841	6	tf_targeting
Hon CM	ETS2	1008	6	tf_targeting
Hon CM	ETV1	755	6	tf_targeting
Hon CM	ETV2	987	6	tf_targeting
Hon CM	ETV3	1762	6	tf_targeting
Hon CM	ETV3L	745	6	tf_targeting
Hon CM	ETV4	447	6	tf_targeting
Hon CM	ETV5	1896	6	tf_targeting
Hon CM	ETV6	854	6	tf_targeting
Hon CM	ETV7	833	6	tf_targeting
Hon CM	EVX1	976	6	tf_targeting
Hon CM	EVX2	811	6	tf_targeting
Hon CM	EWSR1	488	6	tf_targeting
Hon CM	EZH1	1546	6	tf_targeting
Hon CM	EZH2	389	6	tf_targeting
Hon CM	FAM170A	1056	6	tf_targeting
Hon CM	FAM200B	1370	6	tf_targeting
Hon CM	FBXL19	2808	6	tf_targeting
Hon CM	FBXO16	1346	6	tf_targeting
Hon CM	FERD3L	999	6	tf_targeting
Hon CM	FEV	1441	6	tf_targeting
Hon CM	FEZF1	959	6	tf_targeting
Hon CM	FEZF2	446	6	tf_targeting
Hon CM	FGF3	1253	6	tf_targeting
Hon CM	FIGLA	1525	6	tf_targeting
Hon CM	FIZ1	1017	6	tf_targeting
Hon CM	FLI1	1493	6	tf_targeting
Hon CM	FLYWCH1	1845	6	tf_targeting
Hon CM	FOS	1346	12	tf_targeting
Hon CM	FOSB	3613	12	tf_targeting
Hon CM	FOSL1	1053	6	tf_targeting
Hon CM	FOSL2	770	6	tf_targeting
Hon CM	FOXA1	2024	6	tf_targeting
Hon CM	FOXA2	1003	6	tf_targeting
Hon CM	FOXA3	1205	6	tf_targeting
Hon CM	FOXB1	852	6	tf_targeting
Hon CM	FOXB2	1048	6	tf_targeting
Hon CM	FOXC1	1142	6	tf_targeting
Hon CM	FOXC2	2544	6	tf_targeting
Hon CM	FOXD1	1824	6	tf_targeting
Hon CM	FOXD2	853	6	tf_targeting
Hon CM	FOXD3	1839	12	tf_targeting
Hon CM	FOXD4L1	1171	6	tf_targeting
Hon CM	FOXE1	1683	6	tf_targeting
Hon CM	FOXE3	1631	6	tf_targeting
Hon CM	FOXF1	1985	6	tf_targeting
Hon CM	FOXF2	1756	6	tf_targeting
Hon CM	FOXG1	1937	6	tf_targeting
Hon CM	FOXH1	169	6	tf_targeting
Hon CM	FOXI1	913	6	tf_targeting
Hon CM	FOXI2	791	6	tf_targeting
Hon CM	FOXI3	1208	6	tf_targeting
Hon CM	FOXJ1	1037	6	tf_targeting
Hon CM	FOXJ2	969	6	tf_targeting
Hon CM	FOXJ3	1633	6	tf_targeting
Hon CM	FOXK1	274	6	tf_targeting
Hon CM	FOXK2	2239	6	tf_targeting
Hon CM	FOXL1	1364	6	tf_targeting
Hon CM	FOXL2	2062	6	tf_targeting
Hon CM	FOXM1	265	6	tf_targeting
Hon CM	FOXN1	947	6	tf_targeting
Hon CM	FOXN2	2543	6	tf_targeting
Hon CM	FOXN3	2903	12	tf_targeting
Hon CM	FOXN4	1238	6	tf_targeting
Hon CM	FOXO1	971	6	tf_targeting
Hon CM	FOXO3	3217	12	tf_targeting
Hon CM	FOXO4	919	6	tf_targeting
Hon CM	FOXO6	1173	6	tf_targeting
Hon CM	FOXP1	3360	18	tf_targeting
Hon CM	FOXP2	1759	12	tf_targeting
Hon CM	FOXP3	986	6	tf_targeting
Hon CM	FOXP4	1730	6	tf_targeting
Hon CM	FOXQ1	846	6	tf_targeting
Hon CM	FOXR1	1274	6	tf_targeting
Hon CM	FOXR2	737	6	tf_targeting
Hon CM	FOXS1	1413	6	tf_targeting
Hon CM	FUBP1	27	6	tf_targeting
Hon CM	FUBP3	185	6	tf_targeting
Hon CM	FXN	35	6	tf_targeting
Hon CM	GABPA	651	6	tf_targeting
Hon CM	GABPB1	105	6	tf_targeting
Hon CM	GAS7	2029	6	tf_targeting
Hon CM	GATA1	1175	6	tf_targeting
Hon CM	GATA2	2812	12	tf_targeting
Hon CM	GATA3	1103	6	tf_targeting
Hon CM	GATA4	911	6	tf_targeting
Hon CM	GATA5	1373	6	tf_targeting
Hon CM	GATA6	654	6	tf_targeting
Hon CM	GATAD1	566	6	tf_targeting
Hon CM	GATAD2A	1809	12	tf_targeting
Hon CM	GATAD2B	951	6	tf_targeting
Hon CM	GBX1	3391	12	tf_targeting
Hon CM	GBX2	917	6	tf_targeting
Hon CM	GCFC2	1115	6	tf_targeting
Hon CM	GCM1	844	6	tf_targeting
Hon CM	GCM2	976	6	tf_targeting
Hon CM	GFI1	2937	12	tf_targeting
Hon CM	GFI1B	930	6	tf_targeting
Hon CM	GLI1	531	6	tf_targeting
Hon CM	GLI2	1299	12	tf_targeting
Hon CM	GLI3	2650	6	tf_targeting
Hon CM	GLI4	1464	6	tf_targeting
Hon CM	GLIS1	707	6	tf_targeting
Hon CM	GLIS2	844	6	tf_targeting
Hon CM	GLIS3	2157	6	tf_targeting
Hon CM	GLYR1	2397	6	tf_targeting
Hon CM	GMEB1	1108	6	tf_targeting
Hon CM	GMEB2	150	6	tf_targeting
Hon CM	GON4L	910	12	tf_targeting
Hon CM	GPBP1	561	6	tf_targeting
Hon CM	GPBP1L1	596	6	tf_targeting
Hon CM	GRHL1	1053	6	tf_targeting
Hon CM	GRHL2	1223	6	tf_targeting
Hon CM	GRHL3	1468	6	tf_targeting
Hon CM	GSC	430	5	tf_targeting
Hon CM	GSC2	1837	6	tf_targeting
Hon CM	GSX1	1717	6	tf_targeting
Hon CM	GSX2	601	6	tf_targeting
Hon CM	GTF2A1	275	6	tf_targeting
Hon CM	GTF2A1L	849	6	tf_targeting
Hon CM	GTF2A2	129	6	tf_targeting
Hon CM	GTF2B	13	6	tf_targeting
Hon CM	GTF2E1	60	6	tf_targeting
Hon CM	GTF2F1	27	6	tf_targeting
Hon CM	GTF2F2	121	6	tf_targeting
Hon CM	GTF2H1	84	6	tf_targeting
Hon CM	GTF2H3	70	6	tf_targeting
Hon CM	GTF2I	885	6	tf_targeting
Hon CM	GTF2IRD1	861	6	tf_targeting
Hon CM	GTF3A	523	6	tf_targeting
Hon CM	GTF3C3	3	6	tf_targeting
Hon CM	GZF1	823	6	tf_targeting
Hon CM	HAND1	4077	6	tf_targeting
Hon CM	HAND2	4201	12	tf_targeting
Hon CM	HBP1	1643	6	tf_targeting
Hon CM	HCFC1	549	6	tf_targeting
Hon CM	HCLS1	926	6	tf_targeting
Hon CM	HDAC1	760	6	tf_targeting
Hon CM	HDAC3	189	6	tf_targeting
Hon CM	HDAC4	1307	6	tf_targeting
Hon CM	HDAC5	1771	6	tf_targeting
Hon CM	HDGF	1525	6	tf_targeting
Hon CM	HDX	646	6	tf_targeting
Hon CM	HELT	915	6	tf_targeting
Hon CM	HELZ2	2717	12	tf_targeting
Hon CM	HES1	75	6	tf_targeting
Hon CM	HES2	4079	12	tf_targeting
Hon CM	HES3	868	6	tf_targeting
Hon CM	HES4	1366	6	tf_targeting
Hon CM	HES5	2472	6	tf_targeting
Hon CM	HES6	2347	6	tf_targeting
Hon CM	HES7	838	6	tf_targeting
Hon CM	HESX1	2169	12	tf_targeting
Hon CM	HEY1	646	6	tf_targeting
Hon CM	HEY2	1609	6	tf_targeting
Hon CM	HEYL	846	6	tf_targeting
Hon CM	HHEX	1278	6	tf_targeting
Hon CM	HIC1	1602	6	tf_targeting
Hon CM	HIF1A	772	6	tf_targeting
Hon CM	HIF3A	1706	12	tf_targeting
Hon CM	HINFP	6	6	tf_targeting
Hon CM	HIRA	1297	12	tf_targeting
Hon CM	HIVEP1	495	6	tf_targeting
Hon CM	HIVEP2	1746	6	tf_targeting
Hon CM	HIVEP3	1990	14	tf_targeting
Hon CM	HKR1	2216	12	tf_targeting
Hon CM	HLF	3288	12	tf_targeting
Hon CM	HLTF	1340	6	tf_targeting
Hon CM	HLX	1110	6	tf_targeting
Hon CM	HMBOX1	884	6	tf_targeting
Hon CM	HMG20A	579	6	tf_targeting
Hon CM	HMG20B	3253	12	tf_targeting
Hon CM	HMGA1	943	6	tf_targeting
Hon CM	HMGA2	1162	6	tf_targeting
Hon CM	HMGB1	1879	12	tf_targeting
Hon CM	HMGB2	1259	6	tf_targeting
Hon CM	HMGB3	1342	6	tf_targeting
Hon CM	HMGB4	749	6	tf_targeting
Hon CM	HMGN2	1725	6	tf_targeting
Hon CM	HMGN3	1179	6	tf_targeting
Hon CM	HMGXB3	398	6	tf_targeting
Hon CM	HMGXB4	1785	6	tf_targeting
Hon CM	HMX1	2123	6	tf_targeting
Hon CM	HMX2	1547	6	tf_targeting
Hon CM	HMX3	1530	6	tf_targeting
Hon CM	HNF1A	1282	6	tf_targeting
Hon CM	HNF1B	1053	6	tf_targeting
Hon CM	HNF4A	1271	6	tf_targeting
Hon CM	HNF4G	1213	12	tf_targeting
Hon CM	HNRNPK	135	6	tf_targeting
Hon CM	HNRNPU	270	6	tf_targeting
Hon CM	HOMEZ	586	6	tf_targeting
Hon CM	HOPX	5602	12	tf_targeting
Hon CM	HOXA1	889	6	tf_targeting
Hon CM	HOXA10	861	6	tf_targeting
Hon CM	HOXA11	1038	6	tf_targeting
Hon CM	HOXA13	2637	6	tf_targeting
Hon CM	HOXA2	674	6	tf_targeting
Hon CM	HOXA3	2529	12	tf_targeting
Hon CM	HOXA4	1446	6	tf_targeting
Hon CM	HOXA5	885	6	tf_targeting
Hon CM	HOXA6	1232	6	tf_targeting
Hon CM	HOXA7	1119	6	tf_targeting
Hon CM	HOXA9	671	6	tf_targeting
Hon CM	HOXB1	1127	6	tf_targeting
Hon CM	HOXB13	1841	6	tf_targeting
Hon CM	HOXB2	628	6	tf_targeting
Hon CM	HOXB3	1363	6	tf_targeting
Hon CM	HOXB4	897	6	tf_targeting
Hon CM	HOXB5	895	6	tf_targeting
Hon CM	HOXB6	2650	12	tf_targeting
Hon CM	HOXB7	1265	6	tf_targeting
Hon CM	HOXB8	2249	12	tf_targeting
Hon CM	HOXB9	1927	6	tf_targeting
Hon CM	HOXC10	900	6	tf_targeting
Hon CM	HOXC11	968	6	tf_targeting
Hon CM	HOXC12	1229	6	tf_targeting
Hon CM	HOXC13	1075	6	tf_targeting
Hon CM	HOXC4	290	6	tf_targeting
Hon CM	HOXC5	265	2	tf_targeting
Hon CM	HOXC6	216	2	tf_targeting
Hon CM	HOXC8	2260	6	tf_targeting
Hon CM	HOXC9	2289	6	tf_targeting
Hon CM	HOXD1	762	6	tf_targeting
Hon CM	HOXD10	1981	12	tf_targeting
Hon CM	HOXD11	1527	6	tf_targeting
Hon CM	HOXD12	1506	6	tf_targeting
Hon CM	HOXD13	1458	6	tf_targeting
Hon CM	HOXD3	1023	6	tf_targeting
Hon CM	HOXD4	679	6	tf_targeting
Hon CM	HOXD8	1871	6	tf_targeting
Hon CM	HOXD9	1532	6	tf_targeting
Hon CM	HR	1958	12	tf_targeting
Hon CM	HSF1	780	6	tf_targeting
Hon CM	HSF2	903	6	tf_targeting
Hon CM	HSF4	1406	6	tf_targeting
Hon CM	HSF5	1148	6	tf_targeting
Hon CM	ID1	1040	6	tf_targeting
Hon CM	ID2	1564	12	tf_targeting
Hon CM	ID3	443	6	tf_targeting
Hon CM	ID4	1141	6	tf_targeting
Hon CM	IFI16	929	6	tf_targeting
Hon CM	IGFBP1	847	6	tf_targeting
Hon CM	IGHMBP2	267	6	tf_targeting
Hon CM	IKZF1	1010	6	tf_targeting
Hon CM	IKZF2	2025	12	tf_targeting
Hon CM	IKZF3	2395	6	tf_targeting
Hon CM	IKZF4	3342	12	tf_targeting
Hon CM	IKZF5	1802	6	tf_targeting
Hon CM	ILF2	21	6	tf_targeting
Hon CM	ILF3	214	6	tf_targeting
Hon CM	ING1	1579	12	tf_targeting
Hon CM	ING4	735	6	tf_targeting
Hon CM	INSM1	1962	6	tf_targeting
Hon CM	INSM2	666	6	tf_targeting
Hon CM	IRF1	2146	6	tf_targeting
Hon CM	IRF2	777	6	tf_targeting
Hon CM	IRF3	1306	6	tf_targeting
Hon CM	IRF4	1905	12	tf_targeting
Hon CM	IRF5	3234	12	tf_targeting
Hon CM	IRF6	1467	6	tf_targeting
Hon CM	IRF7	1799	6	tf_targeting
Hon CM	IRF8	1075	6	tf_targeting
Hon CM	IRF9	1062	6	tf_targeting
Hon CM	IRX1	1430	6	tf_targeting
Hon CM	IRX2	1160	6	tf_targeting
Hon CM	IRX3	743	6	tf_targeting
Hon CM	IRX4	1041	6	tf_targeting
Hon CM	IRX5	930	6	tf_targeting
Hon CM	IRX6	639	6	tf_targeting
Hon CM	ISL1	1890	12	tf_targeting
Hon CM	ISL2	963	6	tf_targeting
Hon CM	ISX	1002	6	tf_targeting
Hon CM	JAZF1	1179	6	tf_targeting
Hon CM	JDP2	1412	6	tf_targeting
Hon CM	JRK	2767	12	tf_targeting
Hon CM	JRKL	983	6	tf_targeting
Hon CM	JUN	931	6	tf_targeting
Hon CM	JUNB	2189	6	tf_targeting
Hon CM	JUND	2689	6	tf_targeting
Hon CM	JUP	1260	6	tf_targeting
Hon CM	KAT2A	131	6	tf_targeting
Hon CM	KAT7	739	6	tf_targeting
Hon CM	KCMF1	784	6	tf_targeting
Hon CM	KCNIP3	1874	6	tf_targeting
Hon CM	KDM2A	222	6	tf_targeting
Hon CM	KDM2B	2126	12	tf_targeting
Hon CM	KDM4C	1278	6	tf_targeting
Hon CM	KDM4E	705	6	tf_targeting
Hon CM	KDM5B	1655	6	tf_targeting
Hon CM	KDM5C	1094	6	tf_targeting
Hon CM	KIAA1549	609	6	tf_targeting
Hon CM	KIAA2018	790	6	tf_targeting
Hon CM	KIN	107	6	tf_targeting
Hon CM	KLF1	693	6	tf_targeting
Hon CM	KLF10	1813	12	tf_targeting
Hon CM	KLF11	2056	6	tf_targeting
Hon CM	KLF12	2518	6	tf_targeting
Hon CM	KLF13	5123	6	tf_targeting
Hon CM	KLF14	1551	5	tf_targeting
Hon CM	KLF15	2711	6	tf_targeting
Hon CM	KLF16	423	6	tf_targeting
Hon CM	KLF17	950	6	tf_targeting
Hon CM	KLF2	1566	6	tf_targeting
Hon CM	KLF3	1518	6	tf_targeting
Hon CM	KLF4	3145	12	tf_targeting
Hon CM	KLF5	1523	6	tf_targeting
Hon CM	KLF6	2893	6	tf_targeting
Hon CM	KLF7	1070	6	tf_targeting
Hon CM	KLF8	719	6	tf_targeting
Hon CM	KLF9	1637	6	tf_targeting
Hon CM	KLRG1	964	6	tf_targeting
Hon CM	KMT2A	702	6	tf_targeting
Hon CM	KMT2B	1671	12	tf_targeting
Hon CM	L3MBTL1	1534	12	tf_targeting
Hon CM	L3MBTL3	421	6	tf_targeting
Hon CM	L3MBTL4	1870	6	tf_targeting
Hon CM	LBX1	1163	6	tf_targeting
Hon CM	LBX2	1094	6	tf_targeting
Hon CM	LCOR	1018	6	tf_targeting
Hon CM	LCORL	1708	6	tf_targeting
Hon CM	LDB1	2852	12	tf_targeting
Hon CM	LDB2	751	6	tf_targeting
Hon CM	LEF1	2620	12	tf_targeting
Hon CM	LEUTX	741	6	tf_targeting
Hon CM	LHX1	401	6	tf_targeting
Hon CM	LHX2	968	6	tf_targeting
Hon CM	LHX3	2909	12	tf_targeting
Hon CM	LHX4	1101	6	tf_targeting
Hon CM	LHX5	1597	6	tf_targeting
Hon CM	LHX6	2735	12	tf_targeting
Hon CM	LHX8	2433	6	tf_targeting
Hon CM	LHX9	897	6	tf_targeting
Hon CM	LIN28A	503	6	tf_targeting
Hon CM	LIN28B	968	6	tf_targeting
Hon CM	LIN54	2428	12	tf_targeting
Hon CM	LIN9	103	6	tf_targeting
Hon CM	LITAF	1456	6	tf_targeting
Hon CM	LMO1	2464	12	tf_targeting
Hon CM	LMO3	2122	12	tf_targeting
Hon CM	LMO4	1262	6	tf_targeting
Hon CM	LMX1A	1174	6	tf_targeting
Hon CM	LMX1B	802	6	tf_targeting
Hon CM	LRPPRC	164	6	tf_targeting
Hon CM	LRRFIP1	1375	6	tf_targeting
Hon CM	LTF	1336	6	tf_targeting
Hon CM	LYL1	847	6	tf_targeting
Hon CM	LZTR1	1370	6	tf_targeting
Hon CM	LZTS1	860	6	tf_targeting
Hon CM	MAEL	1201	6	tf_targeting
Hon CM	MAF	425	6	tf_targeting
Hon CM	MAFA	743	6	tf_targeting
Hon CM	MAFB	1974	6	tf_targeting
Hon CM	MAFF	1786	6	tf_targeting
Hon CM	MAFG	1430	6	tf_targeting
Hon CM	MAFK	1630	6	tf_targeting
Hon CM	MALAT1	121	1	positive_control
Hon CM	MAP3K7	1602	6	tf_targeting
Hon CM	MAPK8IP1	3444	12	tf_targeting
Hon CM	MARS	45	6	tf_targeting
Hon CM	MAX	349	6	tf_targeting
Hon CM	MAZ	1763	6	tf_targeting
Hon CM	MBD1	1424	6	tf_targeting
Hon CM	MBD2	1139	6	tf_targeting
Hon CM	MBD3	81	6	tf_targeting
Hon CM	MBD4	1605	6	tf_targeting
Hon CM	MBD6	2532	6	tf_targeting
Hon CM	MBNL2	1658	6	tf_targeting
Hon CM	MBNL3	1066	6	tf_targeting
Hon CM	MECOM	895	6	tf_targeting
Hon CM	MECP2	1489	6	tf_targeting
Hon CM	MED20	270	6	tf_targeting
Hon CM	MED8	77	6	tf_targeting
Hon CM	MEF2A	1386	6	tf_targeting
Hon CM	MEF2B	3052	6	tf_targeting
Hon CM	MEF2C	1831	6	tf_targeting
Hon CM	MEF2D	1318	6	tf_targeting
Hon CM	MEIS1	745	6	tf_targeting
Hon CM	MEIS2	890	6	tf_targeting
Hon CM	MEIS3	1694	12	tf_targeting
Hon CM	MEOX1	993	6	tf_targeting
Hon CM	MEOX2	1033	6	tf_targeting
Hon CM	MESP1	748	6	tf_targeting
Hon CM	MESP2	878	6	tf_targeting
Hon CM	MGA	1061	6	tf_targeting
Hon CM	MIER1	2542	12	tf_targeting
Hon CM	MIER2	2345	6	tf_targeting
Hon CM	MIER3	1243	6	tf_targeting
Hon CM	MIS18BP1	10	6	tf_targeting
Hon CM	MITF	2004	12	tf_targeting
Hon CM	MIXL1	426	6	tf_targeting
Hon CM	MKX	2050	12	tf_targeting
Hon CM	MLLT1	600	6	tf_targeting
Hon CM	MLLT10	1352	6	tf_targeting
Hon CM	MLLT3	1032	6	tf_targeting
Hon CM	MLX	1452	6	tf_targeting
Hon CM	MLXIP	1763	6	tf_targeting
Hon CM	MLXIPL	1035	6	tf_targeting
Hon CM	MMP3	1249	6	tf_targeting
Hon CM	MNAT1	19	6	tf_targeting
Hon CM	MNT	1042	6	tf_targeting
Hon CM	MNX1	2535	6	tf_targeting
Hon CM	MSANTD1	5589	6	tf_targeting
Hon CM	MSANTD3	1215	6	tf_targeting
Hon CM	MSANTD4	1316	6	tf_targeting
Hon CM	MSC	1415	6	tf_targeting
Hon CM	MSGN1	1091	6	tf_targeting
Hon CM	MSLN	922	6	tf_targeting
Hon CM	MSX1	1908	6	tf_targeting
Hon CM	MSX2	1265	6	tf_targeting
Hon CM	MTA1	1233	6	tf_targeting
Hon CM	MTA2	10508	6	tf_targeting
Hon CM	MTA3	676	6	tf_targeting
Hon CM	MTERF	523	6	tf_targeting
Hon CM	MTERFD1	30	6	tf_targeting
Hon CM	MTERFD2	664	6	tf_targeting
Hon CM	MTERFD3	1675	6	tf_targeting
Hon CM	MTF1	1611	6	tf_targeting
Hon CM	MTF2	1473	6	tf_targeting
Hon CM	MXD1	1145	6	tf_targeting
Hon CM	MXD3	1548	6	tf_targeting
Hon CM	MXD4	1518	6	tf_targeting
Hon CM	MXI1	2952	12	tf_targeting
Hon CM	MYB	1857	6	tf_targeting
Hon CM	MYBBP1A	26	6	tf_targeting
Hon CM	MYBL1	1663	6	tf_targeting
Hon CM	MYBL2	44	6	tf_targeting
Hon CM	MYC	703	6	tf_targeting
Hon CM	MYCBP	1677	6	tf_targeting
Hon CM	MYCL	1496	6	tf_targeting
Hon CM	MYCN	2256	12	tf_targeting
Hon CM	MYEF2	4908	6	tf_targeting
Hon CM	MYF5	753	6	tf_targeting
Hon CM	MYF6	801	6	tf_targeting
Hon CM	MYNN	554	6	tf_targeting
Hon CM	MYOCD	1164	6	tf_targeting
Hon CM	MYOD1	1120	6	tf_targeting
Hon CM	MYOG	997	6	tf_targeting
Hon CM	MYPOP	1441	6	tf_targeting
Hon CM	MYRF	1890	12	tf_targeting
Hon CM	MYRFL	761	6	tf_targeting
Hon CM	MYSM1	16	6	tf_targeting
Hon CM	MYT1	1100	6	tf_targeting
Hon CM	MYT1L	885	6	tf_targeting
Hon CM	MZF1	1125	6	tf_targeting
Hon CM	NACC2	1574	6	tf_targeting
Hon CM	NAIF1	828	6	tf_targeting
Hon CM	NANOG	118	6	tf_targeting
Hon CM	NANOGNB	957	6	tf_targeting
Hon CM	NCL	1032	12	tf_targeting
Hon CM	NCOA1	2016	6	tf_targeting
Hon CM	NCOA2	1697	6	tf_targeting
Hon CM	NCOA3	1604	6	tf_targeting
Hon CM	NCOA6	2947	6	tf_targeting
Hon CM	NCOR1	444	6	tf_targeting
Hon CM	NCOR2	2032	12	tf_targeting
Hon CM	NELFE	99	6	tf_targeting
Hon CM	NEUROD1	2094	6	tf_targeting
Hon CM	NEUROD2	862	6	tf_targeting
Hon CM	NEUROD4	611	6	tf_targeting
Hon CM	NEUROD6	813	6	tf_targeting
Hon CM	NEUROG1	1197	6	tf_targeting
Hon CM	NEUROG2	1625	6	tf_targeting
Hon CM	NEUROG3	1859	6	tf_targeting
Hon CM	NF1	866	6	tf_targeting
Hon CM	NFAT5	945	6	tf_targeting
Hon CM	NFATC1	4120	12	tf_targeting
Hon CM	NFATC2	3313	12	tf_targeting
Hon CM	NFATC3	854	6	tf_targeting
Hon CM	NFATC4	964	6	tf_targeting
Hon CM	NFE2	1049	6	tf_targeting
Hon CM	NFE2L1	334	6	tf_targeting
Hon CM	NFE2L2	1747	12	tf_targeting
Hon CM	NFE2L3	1652	6	tf_targeting
Hon CM	NFE4	779	6	tf_targeting
Hon CM	NFIA	902	6	tf_targeting
Hon CM	NFIB	834	6	tf_targeting
Hon CM	NFIC	4804	12	tf_targeting
Hon CM	NFIL3	871	6	tf_targeting
Hon CM	NFIX	2593	12	tf_targeting
Hon CM	NFKB1	1876	6	tf_targeting
Hon CM	NFKB2	1249	6	tf_targeting
Hon CM	NFKBIA	2502	12	tf_targeting
Hon CM	NFKBIB	1225	6	tf_targeting
Hon CM	NFKBID	2061	12	tf_targeting
Hon CM	NFKBIE	648	6	tf_targeting
Hon CM	NFKBIL1	881	6	tf_targeting
Hon CM	NFKBIZ	2753	12	tf_targeting
Hon CM	NFRKB	43	6	tf_targeting
Hon CM	NFX1	1159	6	tf_targeting
Hon CM	NFXL1	673	6	tf_targeting
Hon CM	NFYA	704	6	tf_targeting
Hon CM	NFYB	520	6	tf_targeting
Hon CM	NFYC	149	6	tf_targeting
Hon CM	NGFRAP1	2330	1	positive_control
Hon CM	NHLH1	599	6	tf_targeting
Hon CM	NHLH2	993	6	tf_targeting
Hon CM	NHP2	29	6	tf_targeting
Hon CM	NKRF	623	6	tf_targeting
Hon CM	NKX1-1	2081	6	tf_targeting
Hon CM	NKX1-2	1495	6	tf_targeting
Hon CM	NKX2-1	1292	6	tf_targeting
Hon CM	NKX2-2	1572	6	tf_targeting
Hon CM	NKX2-3	714	6	tf_targeting
Hon CM	NKX2-4	2236	6	tf_targeting
Hon CM	NKX2-5	867	6	tf_targeting
Hon CM	NKX2-6	689	6	tf_targeting
Hon CM	NKX2-8	804	6	tf_targeting
Hon CM	NKX3-1	987	6	tf_targeting
Hon CM	NKX3-2	1314	6	tf_targeting
Hon CM	NKX6-1	762	6	tf_targeting
Hon CM	NKX6-2	1494	6	tf_targeting
Hon CM	NKX6-3	1281	6	tf_targeting
Hon CM	NME1-NME2	2907	6	tf_targeting
Hon CM	NMI	1817	6	tf_targeting
Hon CM	NOBOX	2443	12	tf_targeting
Hon CM	NOC3L	6	6	tf_targeting
Hon CM	NONO	523	6	tf_targeting
Hon CM	NOTCH1	2416	12	tf_targeting
Hon CM	NOTO	1469	6	tf_targeting
Hon CM	NOV	1349	6	tf_targeting
Hon CM	NPAS1	1262	6	tf_targeting
Hon CM	NPAS2	1459	6	tf_targeting
Hon CM	NPAS3	1687	6	tf_targeting
Hon CM	NPAS4	1233	6	tf_targeting
Hon CM	NR0B1	1791	6	tf_targeting
Hon CM	NR0B2	763	6	tf_targeting
Hon CM	NR1D1	1524	6	tf_targeting
Hon CM	NR1D2	1290	6	tf_targeting
Hon CM	NR1H2	570	6	tf_targeting
Hon CM	NR1H3	1315	12	tf_targeting
Hon CM	NR1H4	676	6	tf_targeting
Hon CM	NR1I2	892	6	tf_targeting
Hon CM	NR1I3	921	6	tf_targeting
Hon CM	NR2C1	461	6	tf_targeting
Hon CM	NR2C2	2393	6	tf_targeting
Hon CM	NR2E1	628	6	tf_targeting
Hon CM	NR2E3	804	6	tf_targeting
Hon CM	NR2F1	894	6	tf_targeting
Hon CM	NR2F2	1873	6	tf_targeting
Hon CM	NR2F6	2120	6	tf_targeting
Hon CM	NR3C1	1360	6	tf_targeting
Hon CM	NR3C2	1035	6	tf_targeting
Hon CM	NR4A1	1313	6	tf_targeting
Hon CM	NR4A2	2896	12	tf_targeting
Hon CM	NR4A3	2557	6	tf_targeting
Hon CM	NR5A1	1490	6	tf_targeting
Hon CM	NR5A2	2563	12	tf_targeting
Hon CM	NR6A1	1653	6	tf_targeting
Hon CM	NRF1	36	6	tf_targeting
Hon CM	NRL	2225	12	tf_targeting
Hon CM	OLIG1	1233	6	tf_targeting
Hon CM	OLIG2	1111	6	tf_targeting
Hon CM	OLIG3	582	6	tf_targeting
Hon CM	ONECUT1	1140	6	tf_targeting
Hon CM	ONECUT2	1453	6	tf_targeting
Hon CM	ONECUT3	1922	6	tf_targeting
Hon CM	OR10G4	756	6	negative_control
Hon CM	OR10H2	595	6	negative_control
Hon CM	OR10H5	728	6	negative_control
Hon CM	OR10K1	650	6	negative_control
Hon CM	OR10P1	610	6	negative_control
Hon CM	OR10V1	626	6	negative_control
Hon CM	OR11H6	698	6	negative_control
Hon CM	OR11L1	808	6	negative_control
Hon CM	OR12D2	933	6	negative_control
Hon CM	OR12D3	907	6	negative_control
Hon CM	OR13C9	1107	6	negative_control
Hon CM	OR13G1	830	6	negative_control
Hon CM	OR14J1	969	6	negative_control
Hon CM	OR1J4	887	6	negative_control
Hon CM	OR1L8	1331	6	negative_control
Hon CM	OR1M1	1312	6	negative_control
Hon CM	OR1N2	951	6	negative_control
Hon CM	OR2A1	1017	6	negative_control
Hon CM	OR2A2	824	6	negative_control
Hon CM	OR2AE1	848	6	negative_control
Hon CM	OR2B2	972	6	negative_control
Hon CM	OR2B3	1187	6	negative_control
Hon CM	OR2C3	1257	6	negative_control
Hon CM	OR2F2	861	6	negative_control
Hon CM	OR2H1	982	6	negative_control
Hon CM	OR2H2	576	6	negative_control
Hon CM	OR2J3	751	6	negative_control
Hon CM	OR2M2	1229	6	negative_control
Hon CM	OR2M3	875	6	negative_control
Hon CM	OR2T1	888	6	negative_control
Hon CM	OR2T11	850	6	negative_control
Hon CM	OR2T29	1250	6	negative_control
Hon CM	OR2T33	909	6	negative_control
Hon CM	OR2T4	982	6	negative_control
Hon CM	OR2T5	903	5	negative_control
Hon CM	OR2T6	799	6	negative_control
Hon CM	OR2W1	708	6	negative_control
Hon CM	OR2Y1	980	6	negative_control
Hon CM	OR4A5	712	6	negative_control
Hon CM	OR4B1	1020	6	negative_control
Hon CM	OR4C12	1116	6	negative_control
Hon CM	OR4C15	1034	6	negative_control
Hon CM	OR4C3	873	6	negative_control
Hon CM	OR4C45	1226	6	negative_control
Hon CM	OR4D10	1207	6	negative_control
Hon CM	OR4D11	567	6	negative_control
Hon CM	OR4D5	897	6	negative_control
Hon CM	OR4E2	842	6	negative_control
Hon CM	OR4F5	1231	6	negative_control
Hon CM	OR4K13	1003	6	negative_control
Hon CM	OR4Q3	805	6	negative_control
Hon CM	OR51A2	721	5	negative_control
Hon CM	OR51A4	1577	6	negative_control
Hon CM	OR51B4	627	6	negative_control
Hon CM	OR51E2	1131	6	negative_control
Hon CM	OR51F1	563	6	negative_control
Hon CM	OR51F2	937	6	negative_control
Hon CM	OR51L1	930	6	negative_control
Hon CM	OR51T1	787	6	negative_control
Hon CM	OR52E6	1120	6	negative_control
Hon CM	OR52N2	730	6	negative_control
Hon CM	OR52W1	687	6	negative_control
Hon CM	OR56A4	758	6	negative_control
Hon CM	OR5A2	673	6	negative_control
Hon CM	OR5AC2	752	6	negative_control
Hon CM	OR5AK2	922	6	negative_control
Hon CM	OR5AP2	813	6	negative_control
Hon CM	OR5B3	1334	6	negative_control
Hon CM	OR5C1	623	6	negative_control
Hon CM	OR5D13	1094	6	negative_control
Hon CM	OR5K2	1037	6	negative_control
Hon CM	OR5K3	826	6	negative_control
Hon CM	OR5L1	893	6	negative_control
Hon CM	OR5L2	967	6	negative_control
Hon CM	OR5M1	968	6	negative_control
Hon CM	OR5M11	1017	6	negative_control
Hon CM	OR5M8	626	6	negative_control
Hon CM	OR5P2	814	6	negative_control
Hon CM	OR5T1	978	6	negative_control
Hon CM	OR5T2	1192	6	negative_control
Hon CM	OR5T3	1032	6	negative_control
Hon CM	OR6C1	956	6	negative_control
Hon CM	OR6F1	917	6	negative_control
Hon CM	OR6M1	1008	6	negative_control
Hon CM	OR6P1	835	6	negative_control
Hon CM	OR7A10	957	6	negative_control
Hon CM	OR8A1	722	6	negative_control
Hon CM	OR8B3	638	6	negative_control
Hon CM	OR8B4	1077	6	negative_control
Hon CM	OR8B8	986	6	negative_control
Hon CM	OR8G5	865	6	negative_control
Hon CM	OR8H1	1065	6	negative_control
Hon CM	OR8H3	1659	6	negative_control
Hon CM	OR8K1	928	6	negative_control
Hon CM	OR8U8	1404	6	negative_control
Hon CM	OR9A2	632	6	negative_control
Hon CM	OR9I1	1068	6	negative_control
Hon CM	OR9K2	806	6	negative_control
Hon CM	OR9Q1	696	6	negative_control
Hon CM	ORAI1	1512	6	negative_control
Hon CM	OSR1	855	6	tf_targeting
Hon CM	OSR2	1454	6	tf_targeting
Hon CM	OTP	1120	6	tf_targeting
Hon CM	OTX1	981	6	tf_targeting
Hon CM	OTX2	1237	6	tf_targeting
Hon CM	OVOL1	1245	6	tf_targeting
Hon CM	OVOL2	1239	6	tf_targeting
Hon CM	OVOL3	583	6	tf_targeting
Hon CM	OXSR1	1416	6	tf_targeting
Hon CM	PA2G4	1715	6	tf_targeting
Hon CM	PARP1	293	6	tf_targeting
Hon CM	PATZ1	1047	12	tf_targeting
Hon CM	PAWR	1174	6	tf_targeting
Hon CM	PAX1	662	6	tf_targeting
Hon CM	PAX2	1219	6	tf_targeting
Hon CM	PAX3	1243	6	tf_targeting
Hon CM	PAX4	789	6	tf_targeting
Hon CM	PAX5	1652	6	tf_targeting
Hon CM	PAX6	959	6	tf_targeting
Hon CM	PAX7	1060	6	tf_targeting
Hon CM	PAX9	2987	12	tf_targeting
Hon CM	PAXBP1	37	6	tf_targeting
Hon CM	PBRM1	1166	6	tf_targeting
Hon CM	PBX1	1691	6	tf_targeting
Hon CM	PBX2	800	6	tf_targeting
Hon CM	PBX3	1327	6	tf_targeting
Hon CM	PBX4	1531	6	tf_targeting
Hon CM	PCGF2	3901	12	tf_targeting
Hon CM	PCGF6	860	6	tf_targeting
Hon CM	PDX1	1190	6	tf_targeting
Hon CM	PEG3	1035	3	tf_targeting
Hon CM	PFDN5	76	6	tf_targeting
Hon CM	PGBD1	1568	6	tf_targeting
Hon CM	PGR	929	6	tf_targeting
Hon CM	PHB2	62	6	tf_targeting
Hon CM	PHF1	1536	6	tf_targeting
Hon CM	PHF19	1758	6	tf_targeting
Hon CM	PHF2	1489	6	tf_targeting
Hon CM	PHF20	89	6	tf_targeting
Hon CM	PHF21A	1532	6	tf_targeting
Hon CM	PHOX2A	1123	6	tf_targeting
Hon CM	PHOX2B	643	6	tf_targeting
Hon CM	PHTF1	1002	6	tf_targeting
Hon CM	PIAS3	1013	6	tf_targeting
Hon CM	PIAS4	805	6	tf_targeting
Hon CM	PIN1	1218	6	tf_targeting
Hon CM	PITX1	1120	6	tf_targeting
Hon CM	PITX2	2503	12	tf_targeting
Hon CM	PITX3	1773	6	tf_targeting
Hon CM	PKNOX1	1156	6	tf_targeting
Hon CM	PKNOX2	681	6	tf_targeting
Hon CM	PLAG1	1220	6	tf_targeting
Hon CM	PLAGL1	3171	12	tf_targeting
Hon CM	PLAGL2	2493	6	tf_targeting
Hon CM	PLEK	1252	6	tf_targeting
Hon CM	PLEKHA5	668	6	tf_targeting
Hon CM	PLSCR1	695	6	tf_targeting
Hon CM	POGK	1501	6	tf_targeting
Hon CM	POLR1D	23	3	positive_control
Hon CM	POLR3C	50	6	tf_targeting
Hon CM	POLR3K	25	6	tf_targeting
Hon CM	POU1F1	893	6	tf_targeting
Hon CM	POU2AF1	854	6	tf_targeting
Hon CM	POU2F1	940	12	tf_targeting
Hon CM	POU2F2	1021	6	tf_targeting
Hon CM	POU2F3	2367	12	tf_targeting
Hon CM	POU3F1	1471	6	tf_targeting
Hon CM	POU3F2	2005	6	tf_targeting
Hon CM	POU3F3	1511	6	tf_targeting
Hon CM	POU3F4	528	6	tf_targeting
Hon CM	POU4F1	1541	6	tf_targeting
Hon CM	POU4F2	1220	6	tf_targeting
Hon CM	POU4F3	1125	6	tf_targeting
Hon CM	POU5F1	1349	12	tf_targeting
Hon CM	POU5F1B	938	6	tf_targeting
Hon CM	POU5F2	1294	6	tf_targeting
Hon CM	POU6F1	2463	6	tf_targeting
Hon CM	POU6F2	800	6	tf_targeting
Hon CM	PPARA	1331	6	tf_targeting
Hon CM	PPARD	1415	6	tf_targeting
Hon CM	PPARG	2821	12	tf_targeting
Hon CM	PPIL4	192	6	tf_targeting
Hon CM	PPP1CB	59	6	tf_targeting
Hon CM	PPP1R13L	1214	12	tf_targeting
Hon CM	PRDM1	1421	6	tf_targeting
Hon CM	PRDM10	677	6	tf_targeting
Hon CM	PRDM11	1808	12	tf_targeting
Hon CM	PRDM12	1204	6	tf_targeting
Hon CM	PRDM13	1351	6	tf_targeting
Hon CM	PRDM14	47	6	tf_targeting
Hon CM	PRDM15	462	6	tf_targeting
Hon CM	PRDM16	1297	6	tf_targeting
Hon CM	PRDM2	760	6	tf_targeting
Hon CM	PRDM4	1197	6	tf_targeting
Hon CM	PRDM5	365	6	tf_targeting
Hon CM	PRDM6	2215	6	tf_targeting
Hon CM	PRDM7	998	6	tf_targeting
Hon CM	PRDM8	1909	12	tf_targeting
Hon CM	PRDM9	943	6	tf_targeting
Hon CM	PREB	226	6	tf_targeting
Hon CM	PRKRIP1	2468	12	tf_targeting
Hon CM	PRKRIR	448	6	tf_targeting
Hon CM	PRMT3	1092	6	tf_targeting
Hon CM	PROP1	784	6	tf_targeting
Hon CM	PROX1	885	6	tf_targeting
Hon CM	PROX2	482	6	tf_targeting
Hon CM	PRR12	1141	6	tf_targeting
Hon CM	PRRX1	2287	12	tf_targeting
Hon CM	PRRX2	2041	6	tf_targeting
Hon CM	PSIP1	2013	6	tf_targeting
Hon CM	PSMA1	35	6	tf_targeting
Hon CM	PSMB1	56	6	tf_targeting
Hon CM	PSMB4	211	6	tf_targeting
Hon CM	PSMC3	285	6	tf_targeting
Hon CM	PTF1A	1763	6	tf_targeting
Hon CM	PTTG1	21	6	tf_targeting
Hon CM	PUF60	72	6	tf_targeting
Hon CM	PURA	3290	12	tf_targeting
Hon CM	PURB	2363	6	tf_targeting
Hon CM	PURG	1838	6	tf_targeting
Hon CM	RAG1	863	6	tf_targeting
Hon CM	RARA	2984	12	tf_targeting
Hon CM	RARB	768	6	tf_targeting
Hon CM	RARG	1722	12	tf_targeting
Hon CM	RAX	998	6	tf_targeting
Hon CM	RAX2	1407	6	tf_targeting
Hon CM	RB1	1648	6	tf_targeting
Hon CM	RB1CC1	1534	12	tf_targeting
Hon CM	RBAK	3376	12	tf_targeting
Hon CM	RBCK1	414	6	tf_targeting
Hon CM	RBL2	2817	12	tf_targeting
Hon CM	RBMS1	1262	6	tf_targeting
Hon CM	RBPJ	1140	6	tf_targeting
Hon CM	RBPJL	832	6	tf_targeting
Hon CM	RC3H2	1458	6	tf_targeting
Hon CM	RCAN1	608	6	tf_targeting
Hon CM	RCOR1	2123	6	tf_targeting
Hon CM	RCOR2	1057	6	tf_targeting
Hon CM	RCOR3	1161	6	tf_targeting
Hon CM	REL	1883	6	tf_targeting
Hon CM	RELA	1016	6	tf_targeting
Hon CM	RELB	1905	6	tf_targeting
Hon CM	REPIN1	3248	6	tf_targeting
Hon CM	RERE	4807	6	tf_targeting
Hon CM	REST	4077	12	tf_targeting
Hon CM	REXO4	644	6	tf_targeting
Hon CM	RFX1	795	6	tf_targeting
Hon CM	RFX2	868	6	tf_targeting
Hon CM	RFX3	991	6	tf_targeting
Hon CM	RFX4	654	6	tf_targeting
Hon CM	RFX5	717	6	tf_targeting
Hon CM	RFX6	1220	6	tf_targeting
Hon CM	RFX7	413	6	tf_targeting
Hon CM	RFX8	1331	6	tf_targeting
Hon CM	RFXANK	2984	6	tf_targeting
Hon CM	RFXAP	716	6	tf_targeting
Hon CM	RHOXF1	760	6	tf_targeting
Hon CM	RLF	587	6	tf_targeting
Hon CM	RNF141	1316	6	tf_targeting
Hon CM	RNF2	2329	6	tf_targeting
Hon CM	RNF4	92	6	tf_targeting
Hon CM	RORA	745	6	tf_targeting
Hon CM	RORB	836	6	tf_targeting
Hon CM	RORC	1541	12	tf_targeting
Hon CM	RPA3	21	6	tf_targeting
Hon CM	RPF1	4	6	tf_targeting
Hon CM	RPS4X	8	6	tf_targeting
Hon CM	RREB1	785	6	tf_targeting
Hon CM	RUNX1	878	6	tf_targeting
Hon CM	RUNX1T1	797	12	tf_targeting
Hon CM	RUNX2	1293	12	tf_targeting
Hon CM	RUNX3	3350	12	tf_targeting
Hon CM	RUVBL1	17	6	tf_targeting
Hon CM	RXRA	1161	6	tf_targeting
Hon CM	RXRB	193	6	tf_targeting
Hon CM	RXRG	729	6	tf_targeting
Hon CM	SACM1L	381	6	tf_targeting
Hon CM	SAFB	161	6	tf_targeting
Hon CM	SAFB2	1160	6	tf_targeting
Hon CM	SALL1	880	6	tf_targeting
Hon CM	SALL2	1735	6	tf_targeting
Hon CM	SALL3	1256	6	tf_targeting
Hon CM	SALL4	24	6	tf_targeting
Hon CM	SATB1	1172	12	tf_targeting
Hon CM	SATB2	2084	6	tf_targeting
Hon CM	SCAND3	1646	6	tf_targeting
Hon CM	SCAPER	1059	6	tf_targeting
Hon CM	SCMH1	1820	12	tf_targeting
Hon CM	SCML4	1388	6	tf_targeting
Hon CM	SCRT1	1278	6	tf_targeting
Hon CM	SCRT2	1553	6	tf_targeting
Hon CM	SCXA	829	5	tf_targeting
Hon CM	SCXB	1834	5	tf_targeting
Hon CM	SEBOX	1012	6	tf_targeting
Hon CM	SETBP1	1733	6	tf_targeting
Hon CM	SETD1A	174	6	tf_targeting
Hon CM	SETDB1	242	6	tf_targeting
Hon CM	SETDB2	1145	6	tf_targeting
Hon CM	SGSM2	1014	6	tf_targeting
Hon CM	SH3D19	2086	12	tf_targeting
Hon CM	SHOX	1864	6	tf_targeting
Hon CM	SHOX2	3361	6	tf_targeting
Hon CM	SIM1	1649	6	tf_targeting
Hon CM	SIM2	1912	6	tf_targeting
Hon CM	SIN3A	749	12	tf_targeting
Hon CM	SIRT6	940	6	tf_targeting
Hon CM	SIX1	959	6	tf_targeting
Hon CM	SIX2	820	6	tf_targeting
Hon CM	SIX3	1041	6	tf_targeting
Hon CM	SIX4	884	6	tf_targeting
Hon CM	SIX5	1751	6	tf_targeting
Hon CM	SIX6	1220	6	tf_targeting
Hon CM	SKI	990	6	tf_targeting
Hon CM	SKIL	599	6	tf_targeting
Hon CM	SKOR1	951	6	tf_targeting
Hon CM	SKOR2	1969	6	tf_targeting
Hon CM	SLC22A1	929	6	tf_targeting
Hon CM	SLC2A4RG	1035	6	tf_targeting
Hon CM	SLC30A9	197	6	tf_targeting
Hon CM	SMAD1	1247	6	tf_targeting
Hon CM	SMAD2	2807	6	tf_targeting
Hon CM	SMAD3	1134	6	tf_targeting
Hon CM	SMAD4	640	6	tf_targeting
Hon CM	SMAD5	1096	6	tf_targeting
Hon CM	SMAD6	1789	6	tf_targeting
Hon CM	SMAD7	1407	6	tf_targeting
Hon CM	SMAD9	952	6	tf_targeting
Hon CM	SMARCA1	1465	6	tf_targeting
Hon CM	SMARCA2	1024	6	tf_targeting
Hon CM	SMARCA4	489	6	tf_targeting
Hon CM	SMARCA5	52	6	tf_targeting
Hon CM	SMARCB1	3973	12	tf_targeting
Hon CM	SMARCC1	116	6	tf_targeting
Hon CM	SMARCC2	482	6	tf_targeting
Hon CM	SMYD2	1714	6	tf_targeting
Hon CM	SMYD3	1354	6	tf_targeting
Hon CM	SNAI1	216	6	tf_targeting
Hon CM	SNAI2	1506	6	tf_targeting
Hon CM	SNAI3	1549	6	tf_targeting
Hon CM	SNAPC1	34	6	tf_targeting
Hon CM	SNAPC2	224	6	tf_targeting
Hon CM	SNAPC3	30	6	tf_targeting
Hon CM	SNAPC4	762	6	tf_targeting
Hon CM	SNAPC5	767	6	tf_targeting
Hon CM	SOHLH1	715	6	tf_targeting
Hon CM	SOHLH2	1995	6	tf_targeting
Hon CM	SON	964	12	tf_targeting
Hon CM	SOX1	980	6	tf_targeting
Hon CM	SOX10	863	6	tf_targeting
Hon CM	SOX11	2984	6	tf_targeting
Hon CM	SOX12	4276	6	tf_targeting
Hon CM	SOX13	357	6	tf_targeting
Hon CM	SOX14	983	6	tf_targeting
Hon CM	SOX15	1111	6	tf_targeting
Hon CM	SOX17	1185	6	tf_targeting
Hon CM	SOX18	1934	6	tf_targeting
Hon CM	SOX2	2947	6	tf_targeting
Hon CM	SOX21	1127	6	tf_targeting
Hon CM	SOX3	761	6	tf_targeting
Hon CM	SOX30	2542	12	tf_targeting
Hon CM	SOX4	6277	12	tf_targeting
Hon CM	SOX5	1628	12	tf_targeting
Hon CM	SOX6	2742	18	tf_targeting
Hon CM	SOX7	101	6	tf_targeting
Hon CM	SOX8	2961	6	tf_targeting
Hon CM	SOX9	1554	6	tf_targeting
Hon CM	SP1	780	6	tf_targeting
Hon CM	SP100	949	6	tf_targeting
Hon CM	SP110	747	6	tf_targeting
Hon CM	SP140	745	6	tf_targeting
Hon CM	SP140L	943	6	tf_targeting
Hon CM	SP2	236	6	tf_targeting
Hon CM	SP3	387	6	tf_targeting
Hon CM	SP4	1024	6	tf_targeting
Hon CM	SP5	669	6	tf_targeting
Hon CM	SP6	2099	6	tf_targeting
Hon CM	SP7	2038	6	tf_targeting
Hon CM	SP8	369	6	tf_targeting
Hon CM	SP9	892	6	tf_targeting
Hon CM	SPDEF	774	6	tf_targeting
Hon CM	SPEN	356	6	tf_targeting
Hon CM	SPI1	1689	6	tf_targeting
Hon CM	SPIB	2916	6	tf_targeting
Hon CM	SPIC	1041	6	tf_targeting
Hon CM	SPZ1	846	6	tf_targeting
Hon CM	SRCAP	145	6	tf_targeting
Hon CM	SREBF1	1321	12	tf_targeting
Hon CM	SREBF2	1647	6	tf_targeting
Hon CM	SRF	257	6	tf_targeting
Hon CM	SRY	997	6	tf_targeting
Hon CM	SS18	261	6	tf_targeting
Hon CM	SSRP1	44	6	tf_targeting
Hon CM	ST18	1034	6	tf_targeting
Hon CM	STAT1	1863	6	tf_targeting
Hon CM	STAT2	1203	6	tf_targeting
Hon CM	STAT3	1486	6	tf_targeting
Hon CM	STAT4	1340	6	tf_targeting
Hon CM	STAT5A	990	6	tf_targeting
Hon CM	STAT5B	1398	6	tf_targeting
Hon CM	STAT6	666	6	tf_targeting
Hon CM	STOX2	2452	12	tf_targeting
Hon CM	STRA13	416	6	tf_targeting
Hon CM	STRAP	24	6	tf_targeting
Hon CM	SUB1	1145	12	tf_targeting
Hon CM	SULT2A1	739	6	tf_targeting
Hon CM	SUPT4H1	849	6	tf_targeting
Hon CM	SUPT5H	7	6	tf_targeting
Hon CM	SUZ12	174	6	tf_targeting
Hon CM	TADA2A	367	6	tf_targeting
Hon CM	TADA2B	2687	6	tf_targeting
Hon CM	TADA3	421	6	tf_targeting
Hon CM	TAF1	17	6	tf_targeting
Hon CM	TAF10	508	6	tf_targeting
Hon CM	TAF11	45	6	tf_targeting
Hon CM	TAF12	439	6	tf_targeting
Hon CM	TAF13	77	6	tf_targeting
Hon CM	TAF1A	5	6	tf_targeting
Hon CM	TAF1B	449	6	tf_targeting
Hon CM	TAF4	1692	6	tf_targeting
Hon CM	TAF4B	653	6	tf_targeting
Hon CM	TAF5	742	6	tf_targeting
Hon CM	TAF5L	696	6	tf_targeting
Hon CM	TAF6	489	6	tf_targeting
Hon CM	TAF7	225	6	tf_targeting
Hon CM	TAF9	152	6	tf_targeting
Hon CM	TAL1	2124	12	tf_targeting
Hon CM	TAL2	671	6	tf_targeting
Hon CM	TARDBP	433	6	tf_targeting
Hon CM	TAZ	224	6	tf_targeting
Hon CM	TBP	105	6	tf_targeting
Hon CM	TBPL1	351	6	tf_targeting
Hon CM	TBPL2	997	6	tf_targeting
Hon CM	TBR1	774	6	tf_targeting
Hon CM	TBX1	2755	6	tf_targeting
Hon CM	TBX10	964	6	tf_targeting
Hon CM	TBX15	2031	6	tf_targeting
Hon CM	TBX18	1308	12	tf_targeting
Hon CM	TBX19	792	6	tf_targeting
Hon CM	TBX2	1833	6	tf_targeting
Hon CM	TBX20	683	6	tf_targeting
Hon CM	TBX21	1555	6	tf_targeting
Hon CM	TBX22	710	6	tf_targeting
Hon CM	TBX3	1901	6	tf_targeting
Hon CM	TBX4	1624	12	tf_targeting
Hon CM	TBX5	1361	12	tf_targeting
Hon CM	TBX6	1841	6	tf_targeting
Hon CM	TBXT	1584	6	tf_targeting
Hon CM	TCEB1	84	6	tf_targeting
Hon CM	TCEB2	143	6	tf_targeting
Hon CM	TCEB3	1808	6	tf_targeting
Hon CM	TCERG1	140	6	tf_targeting
Hon CM	TCF12	2738	12	tf_targeting
Hon CM	TCF15	1834	6	tf_targeting
Hon CM	TCF19	1668	12	tf_targeting
Hon CM	TCF20	695	6	tf_targeting
Hon CM	TCF21	837	6	tf_targeting
Hon CM	TCF23	1000	6	tf_targeting
Hon CM	TCF24	1041	6	tf_targeting
Hon CM	TCF25	1333	6	tf_targeting
Hon CM	TCF3	2831	6	tf_targeting
Hon CM	TCF4	1872	6	tf_targeting
Hon CM	TCF7	1395	6	tf_targeting
Hon CM	TCF7L1	2475	6	tf_targeting
Hon CM	TCF7L2	886	6	tf_targeting
Hon CM	TCFL5	1062	6	tf_targeting
Hon CM	TEAD1	1104	6	tf_targeting
Hon CM	TEAD2	1686	6	tf_targeting
Hon CM	TEAD3	1576	6	tf_targeting
Hon CM	TEAD4	653	6	tf_targeting
Hon CM	TEF	2194	12	tf_targeting
Hon CM	TERF1	460	6	tf_targeting
Hon CM	TERF2	114	6	tf_targeting
Hon CM	TET1	856	6	tf_targeting
Hon CM	TET2	1335	6	tf_targeting
Hon CM	TET3	584	6	tf_targeting
Hon CM	TFAM	33	6	tf_targeting
Hon CM	TFAP2A	1960	12	tf_targeting
Hon CM	TFAP2B	921	6	tf_targeting
Hon CM	TFAP2C	1682	6	tf_targeting
Hon CM	TFAP2D	419	6	tf_targeting
Hon CM	TFAP2E	1021	6	tf_targeting
Hon CM	TFAP4	559	6	tf_targeting
Hon CM	TFCP2	733	6	tf_targeting
Hon CM	TFCP2L1	917	6	tf_targeting
Hon CM	TFDP1	1330	6	tf_targeting
Hon CM	TFDP2	1550	12	tf_targeting
Hon CM	TFDP3	1477	6	tf_targeting
Hon CM	TFEB	1481	12	tf_targeting
Hon CM	TFEC	979	6	tf_targeting
Hon CM	TFRC	1709	1	positive_control
Hon CM	TGFB1I1	917	6	tf_targeting
Hon CM	TGIF1	318	6	tf_targeting
Hon CM	TGIF2	872	6	tf_targeting
Hon CM	TGIF2LX	1255	4	tf_targeting
Hon CM	TGIF2LY	1007	4	tf_targeting
Hon CM	THAP1	194	6	tf_targeting
Hon CM	THAP10	818	6	tf_targeting
Hon CM	THAP11	451	6	tf_targeting
Hon CM	THAP2	1163	12	tf_targeting
Hon CM	THAP3	939	6	tf_targeting
Hon CM	THAP4	2131	6	tf_targeting
Hon CM	THAP5	569	6	tf_targeting
Hon CM	THAP6	789	6	tf_targeting
Hon CM	THAP7	1579	6	tf_targeting
Hon CM	THAP8	603	6	tf_targeting
Hon CM	THAP9	1069	6	tf_targeting
Hon CM	THRA	1429	6	tf_targeting
Hon CM	THRB	1561	6	tf_targeting
Hon CM	THYN1	2273	6	tf_targeting
Hon CM	TIGD1	1483	6	tf_targeting
Hon CM	TIGD2	859	6	tf_targeting
Hon CM	TIGD3	1438	6	tf_targeting
Hon CM	TIGD4	1385	6	tf_targeting
Hon CM	TIGD5	861	6	tf_targeting
Hon CM	TIGD6	357	6	tf_targeting
Hon CM	TIGD7	596	6	tf_targeting
Hon CM	TLX1	1480	6	tf_targeting
Hon CM	TLX2	1117	6	tf_targeting
Hon CM	TLX3	2178	6	tf_targeting
Hon CM	TMF1	1345	6	tf_targeting
Hon CM	TNXB	957	6	tf_targeting
Hon CM	TOPORS	1969	6	tf_targeting
Hon CM	TOX	593	6	tf_targeting
Hon CM	TOX2	1777	6	tf_targeting
Hon CM	TOX3	1790	6	tf_targeting
Hon CM	TOX4	613	6	tf_targeting
Hon CM	TP53	6060	6	tf_targeting
Hon CM	TP53BP1	2089	12	tf_targeting
Hon CM	TP53BP2	474	6	tf_targeting
Hon CM	TP63	853	6	tf_targeting
Hon CM	TP73	2358	6	tf_targeting
Hon CM	TPI1	264	6	tf_targeting
Hon CM	TPRX1	406	6	tf_targeting
Hon CM	TRAFD1	1575	6	tf_targeting
Hon CM	TRERF1	692	6	tf_targeting
Hon CM	TRIM22	1428	6	tf_targeting
Hon CM	TRIM25	1528	6	tf_targeting
Hon CM	TRIM27	972	6	tf_targeting
Hon CM	TRIM28	1067	6	tf_targeting
Hon CM	TRIM29	1524	12	tf_targeting
Hon CM	TRPS1	973	6	tf_targeting
Hon CM	TSC22D1	1153	6	tf_targeting
Hon CM	TSC22D2	842	6	tf_targeting
Hon CM	TSC22D3	681	6	tf_targeting
Hon CM	TSC22D4	1074	6	tf_targeting
Hon CM	TSHZ1	1027	6	tf_targeting
Hon CM	TSHZ2	508	5	tf_targeting
Hon CM	TSHZ3	1850	6	tf_targeting
Hon CM	TTF1	482	6	tf_targeting
Hon CM	TUB	902	6	tf_targeting
Hon CM	TULP1	1998	6	tf_targeting
Hon CM	TULP2	1087	6	tf_targeting
Hon CM	TULP3	2306	12	tf_targeting
Hon CM	TULP4	884	6	tf_targeting
Hon CM	TWIST1	912	6	tf_targeting
Hon CM	TWIST2	1036	6	tf_targeting
Hon CM	UBN1	5392	6	tf_targeting
Hon CM	UBP1	1819	6	tf_targeting
Hon CM	UNCX	2143	6	tf_targeting
Hon CM	UNKL	1061	6	tf_targeting
Hon CM	USF1	416	6	tf_targeting
Hon CM	USF2	834	6	tf_targeting
Hon CM	VAV1	2118	6	tf_targeting
Hon CM	VAX1	1101	6	tf_targeting
Hon CM	VAX2	945	6	tf_targeting
Hon CM	VDR	2009	6	tf_targeting
Hon CM	VENTX	1093	6	tf_targeting
Hon CM	VEZF1	956	6	tf_targeting
Hon CM	VPS72	32	6	tf_targeting
Hon CM	VSX1	864	6	tf_targeting
Hon CM	VSX2	764	6	tf_targeting
Hon CM	WDHD1	43	6	tf_targeting
Hon CM	WDR82	286	6	tf_targeting
Hon CM	WHSC1	702	6	tf_targeting
Hon CM	WIZ	539	6	tf_targeting
Hon CM	WNK1	1648	6	tf_targeting
Hon CM	WT1	2104	6	tf_targeting
Hon CM	XBP1	1236	6	tf_targeting
Hon CM	XPA	782	6	tf_targeting
Hon CM	XRCC5	26	6	tf_targeting
Hon CM	XRCC6	124	6	tf_targeting
Hon CM	YAF2	1557	6	tf_targeting
Hon CM	YAP1	332	6	tf_targeting
Hon CM	YBX1	455	6	tf_targeting
Hon CM	YBX2	1392	6	tf_targeting
Hon CM	YBX3	1726	6	tf_targeting
Hon CM	YEATS2	279	6	tf_targeting
Hon CM	YWHAE	2046	6	tf_targeting
Hon CM	YWHAZ	803	6	tf_targeting
Hon CM	YY1	880	6	tf_targeting
Hon CM	YY2	985	5	tf_targeting
Hon CM	ZBED1	722	6	tf_targeting
Hon CM	ZBED2	968	6	tf_targeting
Hon CM	ZBED3	1292	6	tf_targeting
Hon CM	ZBED4	2405	6	tf_targeting
Hon CM	ZBED5	422	6	tf_targeting
Hon CM	ZBED6	163	4	tf_targeting
Hon CM	ZBTB1	803	6	tf_targeting
Hon CM	ZBTB10	1637	6	tf_targeting
Hon CM	ZBTB11	724	6	tf_targeting
Hon CM	ZBTB12	868	6	tf_targeting
Hon CM	ZBTB14	521	6	tf_targeting
Hon CM	ZBTB16	443	6	tf_targeting
Hon CM	ZBTB17	568	6	tf_targeting
Hon CM	ZBTB18	1061	6	tf_targeting
Hon CM	ZBTB2	714	6	tf_targeting
Hon CM	ZBTB20	1718	12	tf_targeting
Hon CM	ZBTB21	1379	6	tf_targeting
Hon CM	ZBTB22	2766	6	tf_targeting
Hon CM	ZBTB24	555	6	tf_targeting
Hon CM	ZBTB25	2221	6	tf_targeting
Hon CM	ZBTB26	1912	6	tf_targeting
Hon CM	ZBTB3	773	6	tf_targeting
Hon CM	ZBTB32	611	6	tf_targeting
Hon CM	ZBTB33	1229	6	tf_targeting
Hon CM	ZBTB34	1428	6	tf_targeting
Hon CM	ZBTB37	990	6	tf_targeting
Hon CM	ZBTB38	2709	12	tf_targeting
Hon CM	ZBTB39	707	6	tf_targeting
Hon CM	ZBTB4	1775	12	tf_targeting
Hon CM	ZBTB40	1254	6	tf_targeting
Hon CM	ZBTB41	1448	6	tf_targeting
Hon CM	ZBTB42	2829	6	tf_targeting
Hon CM	ZBTB43	1213	6	tf_targeting
Hon CM	ZBTB44	640	6	tf_targeting
Hon CM	ZBTB45	658	6	tf_targeting
Hon CM	ZBTB46	1863	6	tf_targeting
Hon CM	ZBTB47	746	6	tf_targeting
Hon CM	ZBTB48	1504	6	tf_targeting
Hon CM	ZBTB49	1306	6	tf_targeting
Hon CM	ZBTB5	836	6	tf_targeting
Hon CM	ZBTB6	918	6	tf_targeting
Hon CM	ZBTB7A	3836	12	tf_targeting
Hon CM	ZBTB7B	965	6	tf_targeting
Hon CM	ZBTB7C	2664	12	tf_targeting
Hon CM	ZBTB8A	871	6	tf_targeting
Hon CM	ZBTB8B	1333	6	tf_targeting
Hon CM	ZBTB9	2431	6	tf_targeting
Hon CM	ZC3H11A	188	4	tf_targeting
Hon CM	ZC3H15	808	6	tf_targeting
Hon CM	ZC3H3	581	6	tf_targeting
Hon CM	ZC3H8	25	6	tf_targeting
Hon CM	ZCCHC11	493	6	tf_targeting
Hon CM	ZCCHC6	523	6	tf_targeting
Hon CM	ZEB1	2130	12	tf_targeting
Hon CM	ZEB2	1920	12	tf_targeting
Hon CM	ZFAT	922	12	tf_targeting
Hon CM	ZFHX2	1410	12	tf_targeting
Hon CM	ZFHX3	2124	6	tf_targeting
Hon CM	ZFHX4	1568	6	tf_targeting
Hon CM	ZFP1	1197	6	tf_targeting
Hon CM	ZFP14	1604	6	tf_targeting
Hon CM	ZFP2	1387	6	tf_targeting
Hon CM	ZFP28	1977	6	tf_targeting
Hon CM	ZFP3	2994	6	tf_targeting
Hon CM	ZFP30	1019	6	tf_targeting
Hon CM	ZFP36L1	848	12	tf_targeting
Hon CM	ZFP36L2	648	6	tf_targeting
Hon CM	ZFP37	1779	6	tf_targeting
Hon CM	ZFP41	1280	6	tf_targeting
Hon CM	ZFP42	1783	12	tf_targeting
Hon CM	ZFP57	781	6	tf_targeting
Hon CM	ZFP62	596	6	tf_targeting
Hon CM	ZFP64	2847	6	tf_targeting
Hon CM	ZFP69	1716	6	tf_targeting
Hon CM	ZFP69B	1489	6	tf_targeting
Hon CM	ZFP82	1334	6	tf_targeting
Hon CM	ZFP90	2496	12	tf_targeting
Hon CM	ZFP91	1474	6	tf_targeting
Hon CM	ZFP92	960	6	tf_targeting
Hon CM	ZFPM1	1719	6	tf_targeting
Hon CM	ZFPM2	1426	6	tf_targeting
Hon CM	ZFX	907	6	tf_targeting
Hon CM	ZFY	3013	6	tf_targeting
Hon CM	ZFYVE20	80	6	tf_targeting
Hon CM	ZFYVE26	910	6	tf_targeting
Hon CM	ZGLP1	678	6	tf_targeting
Hon CM	ZGPAT	741	6	tf_targeting
Hon CM	ZHX1	1985	6	tf_targeting
Hon CM	ZHX2	1244	6	tf_targeting
Hon CM	ZHX3	1247	6	tf_targeting
Hon CM	ZIC1	1202	6	tf_targeting
Hon CM	ZIC2	1068	6	tf_targeting
Hon CM	ZIC3	415	6	tf_targeting
Hon CM	ZIC4	1609	12	tf_targeting
Hon CM	ZIC5	1024	6	tf_targeting
Hon CM	ZIK1	1096	6	tf_targeting
Hon CM	ZIM2	479	3	tf_targeting
Hon CM	ZIM3	849	6	tf_targeting
Hon CM	ZKSCAN1	1250	6	tf_targeting
Hon CM	ZKSCAN2	2447	6	tf_targeting
Hon CM	ZKSCAN3	1041	6	tf_targeting
Hon CM	ZKSCAN4	884	6	tf_targeting
Hon CM	ZKSCAN5	804	6	tf_targeting
Hon CM	ZKSCAN7	2056	6	tf_targeting
Hon CM	ZKSCAN8	610	6	tf_targeting
Hon CM	ZMAT1	1330	6	tf_targeting
Hon CM	ZMAT2	954	12	tf_targeting
Hon CM	ZMAT3	1299	6	tf_targeting
Hon CM	ZMAT4	1484	6	tf_targeting
Hon CM	ZNF10	815	6	tf_targeting
Hon CM	ZNF100	349	6	tf_targeting
Hon CM	ZNF101	633	6	tf_targeting
Hon CM	ZNF107	1136	6	tf_targeting
Hon CM	ZNF112	899	6	tf_targeting
Hon CM	ZNF114	544	6	tf_targeting
Hon CM	ZNF117	730	6	tf_targeting
Hon CM	ZNF12	1363	6	tf_targeting
Hon CM	ZNF121	552	6	tf_targeting
Hon CM	ZNF124	1041	6	tf_targeting
Hon CM	ZNF131	390	6	tf_targeting
Hon CM	ZNF132	756	6	tf_targeting
Hon CM	ZNF133	1724	6	tf_targeting
Hon CM	ZNF134	975	6	tf_targeting
Hon CM	ZNF135	1013	6	tf_targeting
Hon CM	ZNF136	914	6	tf_targeting
Hon CM	ZNF138	922	6	tf_targeting
Hon CM	ZNF14	1076	6	tf_targeting
Hon CM	ZNF140	1208	6	tf_targeting
Hon CM	ZNF141	886	6	tf_targeting
Hon CM	ZNF142	30	6	tf_targeting
Hon CM	ZNF143	253	6	tf_targeting
Hon CM	ZNF146	1409	6	tf_targeting
Hon CM	ZNF148	1074	6	tf_targeting
Hon CM	ZNF154	986	6	tf_targeting
Hon CM	ZNF155	839	6	tf_targeting
Hon CM	ZNF157	657	6	tf_targeting
Hon CM	ZNF16	1700	6	tf_targeting
Hon CM	ZNF160	1047	6	tf_targeting
Hon CM	ZNF165	910	6	tf_targeting
Hon CM	ZNF169	779	6	tf_targeting
Hon CM	ZNF17	888	6	tf_targeting
Hon CM	ZNF174	718	6	tf_targeting
Hon CM	ZNF175	967	6	tf_targeting
Hon CM	ZNF177	1445	10	tf_targeting
Hon CM	ZNF18	2052	6	tf_targeting
Hon CM	ZNF180	1041	6	tf_targeting
Hon CM	ZNF181	1197	6	tf_targeting
Hon CM	ZNF182	903	6	tf_targeting
Hon CM	ZNF184	1422	6	tf_targeting
Hon CM	ZNF189	1091	6	tf_targeting
Hon CM	ZNF19	1211	6	tf_targeting
Hon CM	ZNF195	821	6	tf_targeting
Hon CM	ZNF197	2425	6	tf_targeting
Hon CM	ZNF2	852	6	tf_targeting
Hon CM	ZNF20	1356	7	tf_targeting
Hon CM	ZNF200	2614	6	tf_targeting
Hon CM	ZNF202	3348	6	tf_targeting
Hon CM	ZNF205	738	6	tf_targeting
Hon CM	ZNF207	762	12	tf_targeting
Hon CM	ZNF211	638	6	tf_targeting
Hon CM	ZNF212	2697	6	tf_targeting
Hon CM	ZNF213	1553	6	tf_targeting
Hon CM	ZNF214	1447	6	tf_targeting
Hon CM	ZNF215	1225	6	tf_targeting
Hon CM	ZNF217	2162	12	tf_targeting
Hon CM	ZNF219	515	5	tf_targeting
Hon CM	ZNF22	1635	6	tf_targeting
Hon CM	ZNF221	1585	6	tf_targeting
Hon CM	ZNF222	881	6	tf_targeting
Hon CM	ZNF223	1059	6	tf_targeting
Hon CM	ZNF224	1435	6	tf_targeting
Hon CM	ZNF225	970	6	tf_targeting
Hon CM	ZNF226	4150	12	tf_targeting
Hon CM	ZNF227	1205	6	tf_targeting
Hon CM	ZNF229	959	6	tf_targeting
Hon CM	ZNF23	2505	12	tf_targeting
Hon CM	ZNF230	2120	6	tf_targeting
Hon CM	ZNF232	1912	12	tf_targeting
Hon CM	ZNF233	1311	6	tf_targeting
Hon CM	ZNF235	838	6	tf_targeting
Hon CM	ZNF236	692	6	tf_targeting
Hon CM	ZNF239	1424	6	tf_targeting
Hon CM	ZNF24	1268	6	tf_targeting
Hon CM	ZNF248	994	6	tf_targeting
Hon CM	ZNF25	1005	6	tf_targeting
Hon CM	ZNF250	1284	6	tf_targeting
Hon CM	ZNF251	1387	6	tf_targeting
Hon CM	ZNF253	1070	6	tf_targeting
Hon CM	ZNF254	659	6	tf_targeting
Hon CM	ZNF256	777	6	tf_targeting
Hon CM	ZNF257	437	6	tf_targeting
Hon CM	ZNF26	463	6	tf_targeting
Hon CM	ZNF260	787	6	tf_targeting
Hon CM	ZNF263	1728	12	tf_targeting
Hon CM	ZNF264	636	6	tf_targeting
Hon CM	ZNF266	1089	6	tf_targeting
Hon CM	ZNF267	1799	12	tf_targeting
Hon CM	ZNF268	1149	6	tf_targeting
Hon CM	ZNF273	1499	12	tf_targeting
Hon CM	ZNF274	849	6	tf_targeting
Hon CM	ZNF275	1472	6	tf_targeting
Hon CM	ZNF276	2222	6	tf_targeting
Hon CM	ZNF277	729	6	tf_targeting
Hon CM	ZNF28	687	6	tf_targeting
Hon CM	ZNF280B	1452	6	tf_targeting
Hon CM	ZNF280C	1045	6	tf_targeting
Hon CM	ZNF280D	3885	6	tf_targeting
Hon CM	ZNF281	41	6	tf_targeting
Hon CM	ZNF282	1656	6	tf_targeting
Hon CM	ZNF283	1481	6	tf_targeting
Hon CM	ZNF284	814	6	tf_targeting
Hon CM	ZNF285	867	6	tf_targeting
Hon CM	ZNF286A	1532	6	tf_targeting
Hon CM	ZNF286B	1193	6	tf_targeting
Hon CM	ZNF287	955	6	tf_targeting
Hon CM	ZNF292	1514	6	tf_targeting
Hon CM	ZNF296	1383	6	tf_targeting
Hon CM	ZNF3	827	6	tf_targeting
Hon CM	ZNF30	1856	6	tf_targeting
Hon CM	ZNF300	1281	6	tf_targeting
Hon CM	ZNF302	850	6	tf_targeting
Hon CM	ZNF304	1086	6	tf_targeting
Hon CM	ZNF311	679	6	tf_targeting
Hon CM	ZNF317	503	6	tf_targeting
Hon CM	ZNF318	2474	6	tf_targeting
Hon CM	ZNF319	1624	12	tf_targeting
Hon CM	ZNF32	1478	6	tf_targeting
Hon CM	ZNF320	1114	6	tf_targeting
Hon CM	ZNF322	2076	6	tf_targeting
Hon CM	ZNF324	922	6	tf_targeting
Hon CM	ZNF324B	989	6	tf_targeting
Hon CM	ZNF326	1233	6	tf_targeting
Hon CM	ZNF329	1524	12	tf_targeting
Hon CM	ZNF330	275	6	tf_targeting
Hon CM	ZNF331	2323	12	tf_targeting
Hon CM	ZNF333	1317	6	tf_targeting
Hon CM	ZNF334	1275	6	tf_targeting
Hon CM	ZNF335	39	6	tf_targeting
Hon CM	ZNF337	1560	6	tf_targeting
Hon CM	ZNF33A	864	6	tf_targeting
Hon CM	ZNF33B	1161	6	tf_targeting
Hon CM	ZNF34	4639	6	tf_targeting
Hon CM	ZNF341	1169	12	tf_targeting
Hon CM	ZNF343	506	6	tf_targeting
Hon CM	ZNF345	1336	6	tf_targeting
Hon CM	ZNF346	1506	6	tf_targeting
Hon CM	ZNF347	1412	6	tf_targeting
Hon CM	ZNF35	1258	6	tf_targeting
Hon CM	ZNF350	688	6	tf_targeting
Hon CM	ZNF354A	2255	6	tf_targeting
Hon CM	ZNF354B	1752	6	tf_targeting
Hon CM	ZNF354C	979	6	tf_targeting
Hon CM	ZNF358	2145	12	tf_targeting
Hon CM	ZNF362	2062	6	tf_targeting
Hon CM	ZNF365	571	6	tf_targeting
Hon CM	ZNF366	835	6	tf_targeting
Hon CM	ZNF367	946	6	tf_targeting
Hon CM	ZNF37A	955	6	tf_targeting
Hon CM	ZNF382	1716	6	tf_targeting
Hon CM	ZNF383	1205	6	tf_targeting
Hon CM	ZNF384	713	6	tf_targeting
Hon CM	ZNF385A	2715	12	tf_targeting
Hon CM	ZNF385B	1385	6	tf_targeting
Hon CM	ZNF385C	1315	6	tf_targeting
Hon CM	ZNF385D	1224	6	tf_targeting
Hon CM	ZNF391	1457	6	tf_targeting
Hon CM	ZNF394	659	6	tf_targeting
Hon CM	ZNF395	1336	6	tf_targeting
Hon CM	ZNF396	788	6	tf_targeting
Hon CM	ZNF397	217	6	tf_targeting
Hon CM	ZNF398	1862	6	tf_targeting
Hon CM	ZNF407	1176	6	tf_targeting
Hon CM	ZNF408	725	6	tf_targeting
Hon CM	ZNF41	1474	6	tf_targeting
Hon CM	ZNF410	541	6	tf_targeting
Hon CM	ZNF414	644	6	tf_targeting
Hon CM	ZNF415	720	6	tf_targeting
Hon CM	ZNF416	1184	6	tf_targeting
Hon CM	ZNF417	1076	5	tf_targeting
Hon CM	ZNF418	875	6	tf_targeting
Hon CM	ZNF419	1173	6	tf_targeting
Hon CM	ZNF420	969	6	tf_targeting
Hon CM	ZNF423	2152	12	tf_targeting
Hon CM	ZNF425	948	6	tf_targeting
Hon CM	ZNF426	1124	6	tf_targeting
Hon CM	ZNF428	1451	6	tf_targeting
Hon CM	ZNF429	815	6	tf_targeting
Hon CM	ZNF43	3039	12	tf_targeting
Hon CM	ZNF430	931	6	tf_targeting
Hon CM	ZNF431	592	6	tf_targeting
Hon CM	ZNF432	823	6	tf_targeting
Hon CM	ZNF433	1428	6	tf_targeting
Hon CM	ZNF436	2243	12	tf_targeting
Hon CM	ZNF438	2833	12	tf_targeting
Hon CM	ZNF439	2420	6	tf_targeting
Hon CM	ZNF44	1093	6	tf_targeting
Hon CM	ZNF440	1321	6	tf_targeting
Hon CM	ZNF441	875	6	tf_targeting
Hon CM	ZNF442	990	6	tf_targeting
Hon CM	ZNF443	920	6	tf_targeting
Hon CM	ZNF444	415	6	tf_targeting
Hon CM	ZNF445	1537	6	tf_targeting
Hon CM	ZNF446	1388	6	tf_targeting
Hon CM	ZNF449	793	6	tf_targeting
Hon CM	ZNF45	821	6	tf_targeting
Hon CM	ZNF451	2592	6	tf_targeting
Hon CM	ZNF454	1007	6	tf_targeting
Hon CM	ZNF460	2176	6	tf_targeting
Hon CM	ZNF461	585	6	tf_targeting
Hon CM	ZNF462	821	6	tf_targeting
Hon CM	ZNF467	597	6	tf_targeting
Hon CM	ZNF468	681	6	tf_targeting
Hon CM	ZNF469	1177	6	tf_targeting
Hon CM	ZNF470	837	6	tf_targeting
Hon CM	ZNF471	977	6	tf_targeting
Hon CM	ZNF473	1079	6	tf_targeting
Hon CM	ZNF474	1192	6	tf_targeting
Hon CM	ZNF479	1157	6	tf_targeting
Hon CM	ZNF48	1297	6	tf_targeting
Hon CM	ZNF480	794	6	tf_targeting
Hon CM	ZNF483	1524	6	tf_targeting
Hon CM	ZNF484	788	6	tf_targeting
Hon CM	ZNF485	918	6	tf_targeting
Hon CM	ZNF486	1083	6	tf_targeting
Hon CM	ZNF488	2377	12	tf_targeting
Hon CM	ZNF490	1176	6	tf_targeting
Hon CM	ZNF491	1143	6	tf_targeting
Hon CM	ZNF492	1444	6	tf_targeting
Hon CM	ZNF493	1088	6	tf_targeting
Hon CM	ZNF496	1711	6	tf_targeting
Hon CM	ZNF497	592	6	tf_targeting
Hon CM	ZNF500	1232	6	tf_targeting
Hon CM	ZNF501	1218	6	tf_targeting
Hon CM	ZNF502	853	6	tf_targeting
Hon CM	ZNF503	1943	6	tf_targeting
Hon CM	ZNF506	1454	6	tf_targeting
Hon CM	ZNF507	717	6	tf_targeting
Hon CM	ZNF510	1217	6	tf_targeting
Hon CM	ZNF511	44	6	tf_targeting
Hon CM	ZNF512	903	6	tf_targeting
Hon CM	ZNF512B	1302	6	tf_targeting
Hon CM	ZNF513	490	5	tf_targeting
Hon CM	ZNF514	2102	12	tf_targeting
Hon CM	ZNF516	2129	6	tf_targeting
Hon CM	ZNF517	1760	6	tf_targeting
Hon CM	ZNF518A	651	6	tf_targeting
Hon CM	ZNF518B	1072	6	tf_targeting
Hon CM	ZNF519	837	6	tf_targeting
Hon CM	ZNF521	1049	6	tf_targeting
Hon CM	ZNF524	928	6	tf_targeting
Hon CM	ZNF526	781	6	tf_targeting
Hon CM	ZNF527	2297	6	tf_targeting
Hon CM	ZNF528	640	6	tf_targeting
Hon CM	ZNF529	1157	6	tf_targeting
Hon CM	ZNF530	1060	6	tf_targeting
Hon CM	ZNF532	4101	12	tf_targeting
Hon CM	ZNF534	890	6	tf_targeting
Hon CM	ZNF536	1135	6	tf_targeting
Hon CM	ZNF540	2382	12	tf_targeting
Hon CM	ZNF541	833	6	tf_targeting
Hon CM	ZNF543	1789	6	tf_targeting
Hon CM	ZNF544	1126	6	tf_targeting
Hon CM	ZNF546	832	6	tf_targeting
Hon CM	ZNF547	858	6	tf_targeting
Hon CM	ZNF548	769	6	tf_targeting
Hon CM	ZNF549	940	6	tf_targeting
Hon CM	ZNF550	1291	6	tf_targeting
Hon CM	ZNF551	1280	6	tf_targeting
Hon CM	ZNF552	1099	6	tf_targeting
Hon CM	ZNF554	1729	6	tf_targeting
Hon CM	ZNF555	1253	6	tf_targeting
Hon CM	ZNF556	2396	6	tf_targeting
Hon CM	ZNF557	1018	6	tf_targeting
Hon CM	ZNF558	1190	6	tf_targeting
Hon CM	ZNF559	804	4	tf_targeting
Hon CM	ZNF559-ZNF177	1128	3	tf_targeting
Hon CM	ZNF560	887	6	tf_targeting
Hon CM	ZNF561	847	6	tf_targeting
Hon CM	ZNF562	868	6	tf_targeting
Hon CM	ZNF563	1695	6	tf_targeting
Hon CM	ZNF564	2385	5	tf_targeting
Hon CM	ZNF565	1804	6	tf_targeting
Hon CM	ZNF566	906	6	tf_targeting
Hon CM	ZNF567	310	6	tf_targeting
Hon CM	ZNF568	1013	6	tf_targeting
Hon CM	ZNF569	844	6	tf_targeting
Hon CM	ZNF57	2050	6	tf_targeting
Hon CM	ZNF570	2197	12	tf_targeting
Hon CM	ZNF571	2320	6	tf_targeting
Hon CM	ZNF572	1069	6	tf_targeting
Hon CM	ZNF573	851	6	tf_targeting
Hon CM	ZNF574	780	12	tf_targeting
Hon CM	ZNF575	2098	6	tf_targeting
Hon CM	ZNF576	909	6	tf_targeting
Hon CM	ZNF577	1130	6	tf_targeting
Hon CM	ZNF578	1355	6	tf_targeting
Hon CM	ZNF579	1402	6	tf_targeting
Hon CM	ZNF580	2986	12	tf_targeting
Hon CM	ZNF581	797	6	tf_targeting
Hon CM	ZNF582	1786	6	tf_targeting
Hon CM	ZNF583	1799	6	tf_targeting
Hon CM	ZNF584	985	6	tf_targeting
Hon CM	ZNF585A	516	6	tf_targeting
Hon CM	ZNF585B	875	6	tf_targeting
Hon CM	ZNF586	684	6	tf_targeting
Hon CM	ZNF587	1157	6	tf_targeting
Hon CM	ZNF587B	1108	6	tf_targeting
Hon CM	ZNF589	1313	6	tf_targeting
Hon CM	ZNF592	1345	6	tf_targeting
Hon CM	ZNF593	532	6	tf_targeting
Hon CM	ZNF594	1208	6	tf_targeting
Hon CM	ZNF596	751	6	tf_targeting
Hon CM	ZNF597	772	6	tf_targeting
Hon CM	ZNF598	1019	6	tf_targeting
Hon CM	ZNF599	802	6	tf_targeting
Hon CM	ZNF600	852	6	tf_targeting
Hon CM	ZNF605	1217	6	tf_targeting
Hon CM	ZNF606	1400	6	tf_targeting
Hon CM	ZNF607	1164	6	tf_targeting
Hon CM	ZNF608	1561	12	tf_targeting
Hon CM	ZNF609	949	6	tf_targeting
Hon CM	ZNF610	1014	6	tf_targeting
Hon CM	ZNF611	1288	6	tf_targeting
Hon CM	ZNF613	813	6	tf_targeting
Hon CM	ZNF614	871	6	tf_targeting
Hon CM	ZNF615	887	6	tf_targeting
Hon CM	ZNF616	970	6	tf_targeting
Hon CM	ZNF618	1142	6	tf_targeting
Hon CM	ZNF619	1186	6	tf_targeting
Hon CM	ZNF620	1446	6	tf_targeting
Hon CM	ZNF621	2306	6	tf_targeting
Hon CM	ZNF623	2300	6	tf_targeting
Hon CM	ZNF624	1050	6	tf_targeting
Hon CM	ZNF625	1578	5	tf_targeting
Hon CM	ZNF626	796	6	tf_targeting
Hon CM	ZNF627	1190	6	tf_targeting
Hon CM	ZNF628	580	6	tf_targeting
Hon CM	ZNF629	731	6	tf_targeting
Hon CM	ZNF630	1450	6	tf_targeting
Hon CM	ZNF639	1319	6	tf_targeting
Hon CM	ZNF641	1441	6	tf_targeting
Hon CM	ZNF644	1281	6	tf_targeting
Hon CM	ZNF645	970	6	tf_targeting
Hon CM	ZNF646	1626	6	tf_targeting
Hon CM	ZNF648	727	6	tf_targeting
Hon CM	ZNF649	1683	6	tf_targeting
Hon CM	ZNF652	2564	6	tf_targeting
Hon CM	ZNF653	939	6	tf_targeting
Hon CM	ZNF654	1089	6	tf_targeting
Hon CM	ZNF655	2205	6	tf_targeting
Hon CM	ZNF660	1240	6	tf_targeting
Hon CM	ZNF662	1144	6	tf_targeting
Hon CM	ZNF664	1972	6	tf_targeting
Hon CM	ZNF665	722	6	tf_targeting
Hon CM	ZNF667	644	6	tf_targeting
Hon CM	ZNF668	1040	6	tf_targeting
Hon CM	ZNF669	1118	6	tf_targeting
Hon CM	ZNF670	782	6	tf_targeting
Hon CM	ZNF671	829	6	tf_targeting
Hon CM	ZNF672	1204	6	tf_targeting
Hon CM	ZNF674	797	6	tf_targeting
Hon CM	ZNF675	642	6	tf_targeting
Hon CM	ZNF676	863	6	tf_targeting
Hon CM	ZNF677	1629	6	tf_targeting
Hon CM	ZNF678	799	6	tf_targeting
Hon CM	ZNF679	963	6	tf_targeting
Hon CM	ZNF680	587	6	tf_targeting
Hon CM	ZNF681	724	6	tf_targeting
Hon CM	ZNF682	1063	6	tf_targeting
Hon CM	ZNF683	1786	6	tf_targeting
Hon CM	ZNF684	1801	6	tf_targeting
Hon CM	ZNF687	817	6	tf_targeting
Hon CM	ZNF688	1484	6	tf_targeting
Hon CM	ZNF689	1620	6	tf_targeting
Hon CM	ZNF69	1023	6	tf_targeting
Hon CM	ZNF691	2157	6	tf_targeting
Hon CM	ZNF692	718	6	tf_targeting
Hon CM	ZNF695	1176	6	tf_targeting
Hon CM	ZNF696	1191	6	tf_targeting
Hon CM	ZNF697	846	6	tf_targeting
Hon CM	ZNF699	2528	12	tf_targeting
Hon CM	ZNF7	1112	6	tf_targeting
Hon CM	ZNF70	1983	6	tf_targeting
Hon CM	ZNF700	113	1	tf_targeting
Hon CM	ZNF701	1443	6	tf_targeting
Hon CM	ZNF703	167	6	tf_targeting
Hon CM	ZNF704	1451	6	tf_targeting
Hon CM	ZNF705A	1164	6	tf_targeting
Hon CM	ZNF706	1384	6	tf_targeting
Hon CM	ZNF707	1911	6	tf_targeting
Hon CM	ZNF708	567	6	tf_targeting
Hon CM	ZNF709	53	1	tf_targeting
Hon CM	ZNF71	1709	6	tf_targeting
Hon CM	ZNF710	908	6	tf_targeting
Hon CM	ZNF711	812	6	tf_targeting
Hon CM	ZNF713	1378	6	tf_targeting
Hon CM	ZNF714	447	6	tf_targeting
Hon CM	ZNF716	748	6	tf_targeting
Hon CM	ZNF717	843	6	tf_targeting
Hon CM	ZNF718	1183	6	tf_targeting
Hon CM	ZNF720	1199	6	tf_targeting
Hon CM	ZNF721	1893	12	tf_targeting
Hon CM	ZNF726	924	6	tf_targeting
Hon CM	ZNF727	1097	6	tf_targeting
Hon CM	ZNF729	765	6	tf_targeting
Hon CM	ZNF730	1070	6	tf_targeting
Hon CM	ZNF732	655	6	tf_targeting
Hon CM	ZNF735	895	6	tf_targeting
Hon CM	ZNF736	1556	12	tf_targeting
Hon CM	ZNF737	437	6	tf_targeting
Hon CM	ZNF74	1243	6	tf_targeting
Hon CM	ZNF740	1050	6	tf_targeting
Hon CM	ZNF746	1447	6	tf_targeting
Hon CM	ZNF747	134	1	tf_targeting
Hon CM	ZNF749	669	6	tf_targeting
Hon CM	ZNF750	1238	6	tf_targeting
Hon CM	ZNF75A	1066	6	tf_targeting
Hon CM	ZNF75D	762	6	tf_targeting
Hon CM	ZNF76	958	6	tf_targeting
Hon CM	ZNF761	1042	6	tf_targeting
Hon CM	ZNF763	168	1	tf_targeting
Hon CM	ZNF764	878	6	tf_targeting
Hon CM	ZNF765	2659	12	tf_targeting
Hon CM	ZNF766	869	6	tf_targeting
Hon CM	ZNF768	1079	7	tf_targeting
Hon CM	ZNF77	1448	6	tf_targeting
Hon CM	ZNF770	1519	6	tf_targeting
Hon CM	ZNF771	930	6	tf_targeting
Hon CM	ZNF772	1879	6	tf_targeting
Hon CM	ZNF773	1271	6	tf_targeting
Hon CM	ZNF774	857	6	tf_targeting
Hon CM	ZNF775	1163	6	tf_targeting
Hon CM	ZNF776	1116	6	tf_targeting
Hon CM	ZNF777	961	6	tf_targeting
Hon CM	ZNF778	1896	6	tf_targeting
Hon CM	ZNF780A	678	6	tf_targeting
Hon CM	ZNF780B	590	6	tf_targeting
Hon CM	ZNF781	677	6	tf_targeting
Hon CM	ZNF782	1562	6	tf_targeting
Hon CM	ZNF783	686	6	tf_targeting
Hon CM	ZNF784	956	6	tf_targeting
Hon CM	ZNF785	735	6	tf_targeting
Hon CM	ZNF786	435	6	tf_targeting
Hon CM	ZNF787	2679	6	tf_targeting
Hon CM	ZNF789	1536	6	tf_targeting
Hon CM	ZNF79	987	6	tf_targeting
Hon CM	ZNF790	2366	12	tf_targeting
Hon CM	ZNF791	1497	6	tf_targeting
Hon CM	ZNF792	1786	6	tf_targeting
Hon CM	ZNF793	1071	6	tf_targeting
Hon CM	ZNF799	1362	6	tf_targeting
Hon CM	ZNF8	1281	6	tf_targeting
Hon CM	ZNF80	736	6	tf_targeting
Hon CM	ZNF800	1203	6	tf_targeting
Hon CM	ZNF804A	1041	6	tf_targeting
Hon CM	ZNF804B	1286	6	tf_targeting
Hon CM	ZNF805	922	6	tf_targeting
Hon CM	ZNF808	1160	6	tf_targeting
Hon CM	ZNF81	746	6	tf_targeting
Hon CM	ZNF813	1127	6	tf_targeting
Hon CM	ZNF814	614	6	tf_targeting
Hon CM	ZNF816	2103	12	tf_targeting
Hon CM	ZNF821	1019	6	tf_targeting
Hon CM	ZNF823	1234	6	tf_targeting
Hon CM	ZNF827	952	6	tf_targeting
Hon CM	ZNF829	1039	6	tf_targeting
Hon CM	ZNF83	2714	18	tf_targeting
Hon CM	ZNF830	31	6	tf_targeting
Hon CM	ZNF831	1378	6	tf_targeting
Hon CM	ZNF835	1383	6	tf_targeting
Hon CM	ZNF836	840	6	tf_targeting
Hon CM	ZNF837	2248	6	tf_targeting
Hon CM	ZNF839	1734	6	tf_targeting
Hon CM	ZNF84	1621	6	tf_targeting
Hon CM	ZNF841	1509	6	tf_targeting
Hon CM	ZNF843	2124	6	tf_targeting
Hon CM	ZNF844	1056	6	tf_targeting
Hon CM	ZNF845	977	6	tf_targeting
Hon CM	ZNF846	1959	6	tf_targeting
Hon CM	ZNF85	845	6	tf_targeting
Hon CM	ZNF850	1296	6	tf_targeting
Hon CM	ZNF852	1351	6	tf_targeting
Hon CM	ZNF853	2791	12	tf_targeting
Hon CM	ZNF860	1188	6	tf_targeting
Hon CM	ZNF862	853	6	tf_targeting
Hon CM	ZNF865	904	6	tf_targeting
Hon CM	ZNF878	1498	6	tf_targeting
Hon CM	ZNF879	892	6	tf_targeting
Hon CM	ZNF880	1224	6	tf_targeting
Hon CM	ZNF883	1209	6	tf_targeting
Hon CM	ZNF888	1777	12	tf_targeting
Hon CM	ZNF891	1957	6	tf_targeting
Hon CM	ZNF90	670	6	tf_targeting
Hon CM	ZNF91	2070	6	tf_targeting
Hon CM	ZNF92	817	6	tf_targeting
Hon CM	ZNF93	1290	6	tf_targeting
Hon CM	ZNF98	807	6	tf_targeting
Hon CM	ZNF99	1429	6	tf_targeting
Hon CM	ZNFX1	1005	6	tf_targeting
Hon CM	ZSCAN1	2527	6	tf_targeting
Hon CM	ZSCAN10	447	6	tf_targeting
Hon CM	ZSCAN12	771	6	tf_targeting
Hon CM	ZSCAN16	849	6	tf_targeting
Hon CM	ZSCAN18	3436	12	tf_targeting
Hon CM	ZSCAN2	2451	6	tf_targeting
Hon CM	ZSCAN20	705	6	tf_targeting
Hon CM	ZSCAN21	1433	6	tf_targeting
Hon CM	ZSCAN22	1389	6	tf_targeting
Hon CM	ZSCAN23	863	6	tf_targeting
Hon CM	ZSCAN25	890	6	tf_targeting
Hon CM	ZSCAN26	1139	6	tf_targeting
Hon CM	ZSCAN29	1097	6	tf_targeting
Hon CM	ZSCAN30	920	6	tf_targeting
Hon CM	ZSCAN31	2216	12	tf_targeting
Hon CM	ZSCAN32	738	6	tf_targeting
Hon CM	ZSCAN5A	2424	12	tf_targeting
Hon CM	ZSCAN5B	1806	12	tf_targeting
Hon CM	ZSCAN9	1266	6	tf_targeting
Hon CM	ZUFSP	513	6	tf_targeting
Hon CM	ZXDA	1162	6	tf_targeting
Hon CM	ZXDB	1623	6	tf_targeting
Hon CM	ZXDC	1340	6	tf_targeting
Hon CM	ZZZ3	73	6	tf_targeting
Hon CM		116824	600	non_targeting
Huangfu DE	AARS	178	3	positive_control
Huangfu DE	AATF	101	6	tf_targeting
Huangfu DE	ADNP	1210	6	tf_targeting
Huangfu DE	ADNP2	824	6	tf_targeting
Huangfu DE	AEBP1	493	6	tf_targeting
Huangfu DE	AEBP2	434	6	tf_targeting
Huangfu DE	AFF1	626	6	tf_targeting
Huangfu DE	AFF2	1079	6	tf_targeting
Huangfu DE	AFF3	1191	6	tf_targeting
Huangfu DE	AFF4	728	6	tf_targeting
Huangfu DE	AHCTF1	742	6	tf_targeting
Huangfu DE	AHCY	1148	6	tf_targeting
Huangfu DE	AHDC1	818	6	tf_targeting
Huangfu DE	AHR	905	6	tf_targeting
Huangfu DE	AHRR	647	6	tf_targeting
Huangfu DE	AIRE	1015	6	tf_targeting
Huangfu DE	AKAP8	774	6	tf_targeting
Huangfu DE	AKAP8L	536	6	tf_targeting
Huangfu DE	AKNA	1282	12	tf_targeting
Huangfu DE	ALX1	847	6	tf_targeting
Huangfu DE	ALX3	769	6	tf_targeting
Huangfu DE	ALX4	605	6	tf_targeting
Huangfu DE	ALYREF	560	6	tf_targeting
Huangfu DE	ANHX	712	6	tf_targeting
Huangfu DE	ANKRD1	672	6	tf_targeting
Huangfu DE	ANKRD30A	451	6	tf_targeting
Huangfu DE	ANKZF1	755	6	tf_targeting
Huangfu DE	APITD1	921	6	tf_targeting
Huangfu DE	AR	676	6	tf_targeting
Huangfu DE	ARGFX	1130	6	tf_targeting
Huangfu DE	ARHGAP35	925	6	tf_targeting
Huangfu DE	ARID1A	2514	6	tf_targeting
Huangfu DE	ARID1B	1607	12	tf_targeting
Huangfu DE	ARID2	868	6	tf_targeting
Huangfu DE	ARID3A	688	6	tf_targeting
Huangfu DE	ARID3B	1069	6	tf_targeting
Huangfu DE	ARID3C	523	6	tf_targeting
Huangfu DE	ARID4A	955	6	tf_targeting
Huangfu DE	ARID4B	1042	6	tf_targeting
Huangfu DE	ARID5A	306	6	tf_targeting
Huangfu DE	ARID5B	721	6	tf_targeting
Huangfu DE	ARNT	873	6	tf_targeting
Huangfu DE	ARNT2	818	6	tf_targeting
Huangfu DE	ARNTL	669	6	tf_targeting
Huangfu DE	ARNTL2	444	6	tf_targeting
Huangfu DE	ARX	1096	12	tf_targeting
Huangfu DE	ASCL1	687	6	tf_targeting
Huangfu DE	ASCL2	520	6	tf_targeting
Huangfu DE	ASCL3	616	6	tf_targeting
Huangfu DE	ASCL4	904	6	tf_targeting
Huangfu DE	ASCL5	358	6	tf_targeting
Huangfu DE	ASH1L	624	6	tf_targeting
Huangfu DE	ATF1	1088	6	tf_targeting
Huangfu DE	ATF2	591	6	tf_targeting
Huangfu DE	ATF3	783	6	tf_targeting
Huangfu DE	ATF4	1125	6	tf_targeting
Huangfu DE	ATF5	37	6	tf_targeting
Huangfu DE	ATF6	513	6	tf_targeting
Huangfu DE	ATF6B	1063	6	tf_targeting
Huangfu DE	ATF7	601	6	tf_targeting
Huangfu DE	ATMIN	467	6	tf_targeting
Huangfu DE	ATN1	866	6	tf_targeting
Huangfu DE	ATOH1	628	6	tf_targeting
Huangfu DE	ATOH7	485	6	tf_targeting
Huangfu DE	ATOH8	596	6	tf_targeting
Huangfu DE	ATXN7	2931	12	tf_targeting
Huangfu DE	B2M	2511	1	positive_control
Huangfu DE	BACH1	685	6	tf_targeting
Huangfu DE	BACH2	529	6	tf_targeting
Huangfu DE	BARHL1	666	6	tf_targeting
Huangfu DE	BARHL2	825	6	tf_targeting
Huangfu DE	BARX1	411	6	tf_targeting
Huangfu DE	BARX2	390	6	tf_targeting
Huangfu DE	BATF	576	6	tf_targeting
Huangfu DE	BATF2	996	6	tf_targeting
Huangfu DE	BATF3	651	6	tf_targeting
Huangfu DE	BAZ1B	623	6	tf_targeting
Huangfu DE	BAZ2A	1479	12	tf_targeting
Huangfu DE	BAZ2B	2044	6	tf_targeting
Huangfu DE	BBX	643	6	tf_targeting
Huangfu DE	BCL11A	999	6	tf_targeting
Huangfu DE	BCL11B	491	6	tf_targeting
Huangfu DE	BCL3	602	6	tf_targeting
Huangfu DE	BCL6	493	6	tf_targeting
Huangfu DE	BCL6B	736	6	tf_targeting
Huangfu DE	BCLAF1	1048	6	tf_targeting
Huangfu DE	BDP1	159	6	tf_targeting
Huangfu DE	BHLHA15	537	6	tf_targeting
Huangfu DE	BHLHA9	477	6	tf_targeting
Huangfu DE	BHLHB9	522	6	tf_targeting
Huangfu DE	BHLHE22	752	6	tf_targeting
Huangfu DE	BHLHE23	776	6	tf_targeting
Huangfu DE	BHLHE40	758	6	tf_targeting
Huangfu DE	BHLHE41	479	6	tf_targeting
Huangfu DE	BID	820	6	tf_targeting
Huangfu DE	BLZF1	850	6	tf_targeting
Huangfu DE	BMP2	1201	12	tf_targeting
Huangfu DE	BNC1	638	6	tf_targeting
Huangfu DE	BNC2	607	6	tf_targeting
Huangfu DE	BOLA1	1514	12	tf_targeting
Huangfu DE	BOLA3	526	6	tf_targeting
Huangfu DE	BPTF	611	6	tf_targeting
Huangfu DE	BRF2	573	6	tf_targeting
Huangfu DE	BRIP1	27	6	tf_targeting
Huangfu DE	BRPF1	810	6	tf_targeting
Huangfu DE	BSX	663	6	tf_targeting
Huangfu DE	C11orf95	665	6	tf_targeting
Huangfu DE	C1orf85	1199	12	tf_targeting
Huangfu DE	CAMTA1	482	6	tf_targeting
Huangfu DE	CAMTA2	333	6	tf_targeting
Huangfu DE	CAPN15	541	6	tf_targeting
Huangfu DE	CARF	758	6	tf_targeting
Huangfu DE	CARHSP1	1003	6	tf_targeting
Huangfu DE	CASZ1	549	6	tf_targeting
Huangfu DE	CBFA2T2	450	6	tf_targeting
Huangfu DE	CBFA2T3	1425	12	tf_targeting
Huangfu DE	CBFB	609	6	tf_targeting
Huangfu DE	CBL	747	6	tf_targeting
Huangfu DE	CBX2	806	6	tf_targeting
Huangfu DE	CC2D1A	455	6	tf_targeting
Huangfu DE	CCDC169-SOHLH2	513	6	tf_targeting
Huangfu DE	CCDC17	445	6	tf_targeting
Huangfu DE	CCDC79	740	6	tf_targeting
Huangfu DE	CCNT2	559	6	tf_targeting
Huangfu DE	CD151	6507	2	positive_control
Huangfu DE	CD29	6134	1	positive_control
Huangfu DE	CD55	2580	1	positive_control
Huangfu DE	CD81	9773	2	positive_control
Huangfu DE	CDC5L	189	6	tf_targeting
Huangfu DE	CDCA7L	453	6	tf_targeting
Huangfu DE	CDIP1	750	6	tf_targeting
Huangfu DE	CDK1	258	6	tf_targeting
Huangfu DE	CDK2	384	6	tf_targeting
Huangfu DE	CDK7	563	6	tf_targeting
Huangfu DE	CDK9	1050	6	tf_targeting
Huangfu DE	CDX1	540	6	tf_targeting
Huangfu DE	CDX2	687	6	tf_targeting
Huangfu DE	CDX4	647	6	tf_targeting
Huangfu DE	CEBPA	536	6	tf_targeting
Huangfu DE	CEBPB	798	6	tf_targeting
Huangfu DE	CEBPD	923	6	tf_targeting
Huangfu DE	CEBPE	590	6	tf_targeting
Huangfu DE	CEBPG	480	6	tf_targeting
Huangfu DE	CEBPZ	879	6	tf_targeting
Huangfu DE	CENPA	707	12	tf_targeting
Huangfu DE	CENPB	470	6	tf_targeting
Huangfu DE	CENPBD1	635	6	tf_targeting
Huangfu DE	CENPT	220	6	tf_targeting
Huangfu DE	CGGBP1	2057	12	tf_targeting
Huangfu DE	CHAMP1	664	6	tf_targeting
Huangfu DE	CHCHD3	546	6	tf_targeting
Huangfu DE	CHD7	894	6	tf_targeting
Huangfu DE	CHMP2A	251	6	tf_targeting
Huangfu DE	CIC	523	6	tf_targeting
Huangfu DE	CIR1	302	6	tf_targeting
Huangfu DE	CIZ1	553	6	tf_targeting
Huangfu DE	CLOCK	743	6	tf_targeting
Huangfu DE	CNBP	1968	6	tf_targeting
Huangfu DE	CNOT7	534	6	tf_targeting
Huangfu DE	CNOT8	566	6	tf_targeting
Huangfu DE	COX20	273	6	tf_targeting
Huangfu DE	CPEB1	2073	12	tf_targeting
Huangfu DE	CPXCR1	726	6	tf_targeting
Huangfu DE	CRAMP1L	918	12	tf_targeting
Huangfu DE	CREB1	603	6	tf_targeting
Huangfu DE	CREB3	836	6	tf_targeting
Huangfu DE	CREB3L1	458	6	tf_targeting
Huangfu DE	CREB3L2	923	6	tf_targeting
Huangfu DE	CREB3L3	334	6	tf_targeting
Huangfu DE	CREB3L4	873	6	tf_targeting
Huangfu DE	CREB5	1142	12	tf_targeting
Huangfu DE	CREBBP	390	6	tf_targeting
Huangfu DE	CREBL2	596	6	tf_targeting
Huangfu DE	CREBRF	1399	12	tf_targeting
Huangfu DE	CREBZF	1013	6	tf_targeting
Huangfu DE	CREM	445	6	tf_targeting
Huangfu DE	CRTC1	646	6	tf_targeting
Huangfu DE	CRTC2	751	6	tf_targeting
Huangfu DE	CRTC3	543	6	tf_targeting
Huangfu DE	CRX	1042	6	tf_targeting
Huangfu DE	CSNK2A1	410	6	tf_targeting
Huangfu DE	CSRNP1	799	6	tf_targeting
Huangfu DE	CSRNP2	672	6	tf_targeting
Huangfu DE	CSRNP3	1469	12	tf_targeting
Huangfu DE	CTBP1	1077	6	tf_targeting
Huangfu DE	CTBP2	640	6	tf_targeting
Huangfu DE	CTCF	349	6	tf_targeting
Huangfu DE	CTCFL	520	6	tf_targeting
Huangfu DE	CTNNB1	698	6	tf_targeting
Huangfu DE	CUX1	938	6	tf_targeting
Huangfu DE	CUX2	711	6	tf_targeting
Huangfu DE	CXXC1	292	6	tf_targeting
Huangfu DE	CXXC4	825	6	tf_targeting
Huangfu DE	CXXC5	772	6	tf_targeting
Huangfu DE	DACH1	976	6	tf_targeting
Huangfu DE	DACH2	403	6	tf_targeting
Huangfu DE	DAXX	1175	12	tf_targeting
Huangfu DE	DBP	949	6	tf_targeting
Huangfu DE	DBX1	695	6	tf_targeting
Huangfu DE	DBX2	325	6	tf_targeting
Huangfu DE	DCP1A	467	6	tf_targeting
Huangfu DE	DDB1	1584	12	tf_targeting
Huangfu DE	DDB2	658	6	tf_targeting
Huangfu DE	DDIT3	1112	6	tf_targeting
Huangfu DE	DEAF1	644	6	tf_targeting
Huangfu DE	DEK	563	6	tf_targeting
Huangfu DE	DENND4A	882	6	tf_targeting
Huangfu DE	DHX9	1096	6	tf_targeting
Huangfu DE	DLX1	737	6	tf_targeting
Huangfu DE	DLX2	691	6	tf_targeting
Huangfu DE	DLX3	719	6	tf_targeting
Huangfu DE	DLX4	516	6	tf_targeting
Huangfu DE	DLX5	526	6	tf_targeting
Huangfu DE	DLX6	781	6	tf_targeting
Huangfu DE	DMAP1	132	6	tf_targeting
Huangfu DE	DMBX1	583	6	tf_targeting
Huangfu DE	DMRT1	733	6	tf_targeting
Huangfu DE	DMRT2	802	6	tf_targeting
Huangfu DE	DMRT3	941	6	tf_targeting
Huangfu DE	DMRTA1	943	6	tf_targeting
Huangfu DE	DMRTA2	503	6	tf_targeting
Huangfu DE	DMRTB1	991	6	tf_targeting
Huangfu DE	DMRTC2	776	6	tf_targeting
Huangfu DE	DMTF1	831	6	tf_targeting
Huangfu DE	DNAJC1	314	6	tf_targeting
Huangfu DE	DNAJC19	5215	3	positive_control
Huangfu DE	DNAJC2	500	6	tf_targeting
Huangfu DE	DNAJC21	334	6	tf_targeting
Huangfu DE	DNMT1	622	6	tf_targeting
Huangfu DE	DNTTIP1	911	6	tf_targeting
Huangfu DE	DOT1L	1051	6	tf_targeting
Huangfu DE	DPF1	1230	12	tf_targeting
Huangfu DE	DPF2	1255	12	tf_targeting
Huangfu DE	DPF3	802	6	tf_targeting
Huangfu DE	DPRX	480	6	tf_targeting
Huangfu DE	DR1	1481	6	tf_targeting
Huangfu DE	DRAP1	823	6	tf_targeting
Huangfu DE	DRGX	512	6	tf_targeting
Huangfu DE	DUXA	757	6	tf_targeting
Huangfu DE	DZIP1	972	6	tf_targeting
Huangfu DE	E2F1	366	6	tf_targeting
Huangfu DE	E2F2	738	6	tf_targeting
Huangfu DE	E2F3	1584	12	tf_targeting
Huangfu DE	E2F4	604	6	tf_targeting
Huangfu DE	E2F5	622	6	tf_targeting
Huangfu DE	E2F6	1058	6	tf_targeting
Huangfu DE	E2F7	543	6	tf_targeting
Huangfu DE	E2F8	1118	6	tf_targeting
Huangfu DE	E4F1	551	6	tf_targeting
Huangfu DE	EBF1	649	6	tf_targeting
Huangfu DE	EBF2	611	6	tf_targeting
Huangfu DE	EBF3	769	6	tf_targeting
Huangfu DE	EBF4	483	6	tf_targeting
Huangfu DE	EEA1	749	6	tf_targeting
Huangfu DE	EGR1	1777	12	tf_targeting
Huangfu DE	EGR2	482	6	tf_targeting
Huangfu DE	EGR3	634	6	tf_targeting
Huangfu DE	EGR4	773	6	tf_targeting
Huangfu DE	EHF	441	6	tf_targeting
Huangfu DE	ELF1	583	6	tf_targeting
Huangfu DE	ELF2	478	6	tf_targeting
Huangfu DE	ELF3	824	6	tf_targeting
Huangfu DE	ELF4	569	6	tf_targeting
Huangfu DE	ELF5	1146	6	tf_targeting
Huangfu DE	ELK1	423	6	tf_targeting
Huangfu DE	ELK3	596	6	tf_targeting
Huangfu DE	ELK4	689	6	tf_targeting
Huangfu DE	ELMSAN1	1229	12	tf_targeting
Huangfu DE	ELP3	120	6	tf_targeting
Huangfu DE	EMX1	1965	12	tf_targeting
Huangfu DE	EMX2	1075	6	tf_targeting
Huangfu DE	EN1	568	6	tf_targeting
Huangfu DE	EN2	628	6	tf_targeting
Huangfu DE	ENO1	304	6	tf_targeting
Huangfu DE	EOMES	657	6	tf_targeting
Huangfu DE	EP300	580	6	tf_targeting
Huangfu DE	EP400	284	6	tf_targeting
Huangfu DE	EPAS1	470	6	tf_targeting
Huangfu DE	ERCC2	626	6	tf_targeting
Huangfu DE	ERCC3	313	6	tf_targeting
Huangfu DE	ERCC6	558	6	tf_targeting
Huangfu DE	ERCC8	584	6	tf_targeting
Huangfu DE	ERF	597	6	tf_targeting
Huangfu DE	ERG	2384	12	tf_targeting
Huangfu DE	ESR1	1011	12	tf_targeting
Huangfu DE	ESR2	432	6	tf_targeting
Huangfu DE	ESRRA	540	6	tf_targeting
Huangfu DE	ESRRB	905	6	tf_targeting
Huangfu DE	ESRRG	3865	30	tf_targeting
Huangfu DE	ESX1	633	6	tf_targeting
Huangfu DE	ETF1	376	6	tf_targeting
Huangfu DE	ETS1	803	6	tf_targeting
Huangfu DE	ETS2	360	6	tf_targeting
Huangfu DE	ETV1	903	6	tf_targeting
Huangfu DE	ETV2	997	6	tf_targeting
Huangfu DE	ETV3	637	6	tf_targeting
Huangfu DE	ETV3L	794	6	tf_targeting
Huangfu DE	ETV4	899	6	tf_targeting
Huangfu DE	ETV5	827	6	tf_targeting
Huangfu DE	ETV6	469	6	tf_targeting
Huangfu DE	ETV7	695	6	tf_targeting
Huangfu DE	EVX1	569	6	tf_targeting
Huangfu DE	EVX2	550	6	tf_targeting
Huangfu DE	EWSR1	525	6	tf_targeting
Huangfu DE	EZH1	636	6	tf_targeting
Huangfu DE	EZH2	857	6	tf_targeting
Huangfu DE	FAM170A	791	6	tf_targeting
Huangfu DE	FAM200B	497	6	tf_targeting
Huangfu DE	FBXL19	778	6	tf_targeting
Huangfu DE	FBXO16	818	6	tf_targeting
Huangfu DE	FERD3L	1297	6	tf_targeting
Huangfu DE	FEV	457	6	tf_targeting
Huangfu DE	FEZF1	754	6	tf_targeting
Huangfu DE	FEZF2	608	6	tf_targeting
Huangfu DE	FGF3	1029	6	tf_targeting
Huangfu DE	FIGLA	391	6	tf_targeting
Huangfu DE	FIZ1	353	6	tf_targeting
Huangfu DE	FLI1	1603	6	tf_targeting
Huangfu DE	FLYWCH1	1035	6	tf_targeting
Huangfu DE	FOS	712	12	tf_targeting
Huangfu DE	FOSB	1193	12	tf_targeting
Huangfu DE	FOSL1	761	6	tf_targeting
Huangfu DE	FOSL2	1087	6	tf_targeting
Huangfu DE	FOXA1	616	6	tf_targeting
Huangfu DE	FOXA2	568	6	tf_targeting
Huangfu DE	FOXA3	422	6	tf_targeting
Huangfu DE	FOXB1	636	6	tf_targeting
Huangfu DE	FOXB2	729	6	tf_targeting
Huangfu DE	FOXC1	1093	6	tf_targeting
Huangfu DE	FOXC2	494	6	tf_targeting
Huangfu DE	FOXD1	536	6	tf_targeting
Huangfu DE	FOXD2	651	6	tf_targeting
Huangfu DE	FOXD3	1514	12	tf_targeting
Huangfu DE	FOXD4L1	831	6	tf_targeting
Huangfu DE	FOXE1	702	6	tf_targeting
Huangfu DE	FOXE3	722	6	tf_targeting
Huangfu DE	FOXF1	662	6	tf_targeting
Huangfu DE	FOXF2	654	6	tf_targeting
Huangfu DE	FOXG1	796	6	tf_targeting
Huangfu DE	FOXH1	821	6	tf_targeting
Huangfu DE	FOXI1	481	6	tf_targeting
Huangfu DE	FOXI2	554	6	tf_targeting
Huangfu DE	FOXI3	614	6	tf_targeting
Huangfu DE	FOXJ1	840	6	tf_targeting
Huangfu DE	FOXJ2	417	6	tf_targeting
Huangfu DE	FOXJ3	738	6	tf_targeting
Huangfu DE	FOXK1	438	6	tf_targeting
Huangfu DE	FOXK2	530	6	tf_targeting
Huangfu DE	FOXL1	640	6	tf_targeting
Huangfu DE	FOXL2	895	6	tf_targeting
Huangfu DE	FOXM1	607	6	tf_targeting
Huangfu DE	FOXN1	1068	6	tf_targeting
Huangfu DE	FOXN2	662	6	tf_targeting
Huangfu DE	FOXN3	781	12	tf_targeting
Huangfu DE	FOXN4	1182	6	tf_targeting
Huangfu DE	FOXO1	480	6	tf_targeting
Huangfu DE	FOXO3	788	12	tf_targeting
Huangfu DE	FOXO4	1275	6	tf_targeting
Huangfu DE	FOXO6	718	6	tf_targeting
Huangfu DE	FOXP1	2106	18	tf_targeting
Huangfu DE	FOXP2	1372	12	tf_targeting
Huangfu DE	FOXP3	675	6	tf_targeting
Huangfu DE	FOXP4	569	6	tf_targeting
Huangfu DE	FOXQ1	459	6	tf_targeting
Huangfu DE	FOXR1	841	6	tf_targeting
Huangfu DE	FOXR2	641	6	tf_targeting
Huangfu DE	FOXS1	966	6	tf_targeting
Huangfu DE	FUBP1	1072	6	tf_targeting
Huangfu DE	FUBP3	299	6	tf_targeting
Huangfu DE	FXN	200	6	tf_targeting
Huangfu DE	GABPA	972	6	tf_targeting
Huangfu DE	GABPB1	570	6	tf_targeting
Huangfu DE	GAS7	576	6	tf_targeting
Huangfu DE	GATA1	641	6	tf_targeting
Huangfu DE	GATA2	1623	12	tf_targeting
Huangfu DE	GATA3	594	6	tf_targeting
Huangfu DE	GATA4	491	6	tf_targeting
Huangfu DE	GATA5	593	6	tf_targeting
Huangfu DE	GATA6	435	6	tf_targeting
Huangfu DE	GATAD1	1083	6	tf_targeting
Huangfu DE	GATAD2A	718	12	tf_targeting
Huangfu DE	GATAD2B	636	6	tf_targeting
Huangfu DE	GBX1	1571	12	tf_targeting
Huangfu DE	GBX2	513	6	tf_targeting
Huangfu DE	GCFC2	907	6	tf_targeting
Huangfu DE	GCM1	585	6	tf_targeting
Huangfu DE	GCM2	460	6	tf_targeting
Huangfu DE	GFI1	1242	12	tf_targeting
Huangfu DE	GFI1B	758	6	tf_targeting
Huangfu DE	GLI1	739	6	tf_targeting
Huangfu DE	GLI2	1780	12	tf_targeting
Huangfu DE	GLI3	800	6	tf_targeting
Huangfu DE	GLI4	504	6	tf_targeting
Huangfu DE	GLIS1	975	6	tf_targeting
Huangfu DE	GLIS2	500	6	tf_targeting
Huangfu DE	GLIS3	445	6	tf_targeting
Huangfu DE	GLYR1	806	6	tf_targeting
Huangfu DE	GMEB1	499	6	tf_targeting
Huangfu DE	GMEB2	456	6	tf_targeting
Huangfu DE	GON4L	1654	12	tf_targeting
Huangfu DE	GPBP1	1528	6	tf_targeting
Huangfu DE	GPBP1L1	913	6	tf_targeting
Huangfu DE	GRHL1	671	6	tf_targeting
Huangfu DE	GRHL2	1013	6	tf_targeting
Huangfu DE	GRHL3	629	6	tf_targeting
Huangfu DE	GSC	472	5	tf_targeting
Huangfu DE	GSC2	836	6	tf_targeting
Huangfu DE	GSX1	534	6	tf_targeting
Huangfu DE	GSX2	566	6	tf_targeting
Huangfu DE	GTF2A1	856	6	tf_targeting
Huangfu DE	GTF2A1L	494	6	tf_targeting
Huangfu DE	GTF2A2	581	6	tf_targeting
Huangfu DE	GTF2B	67	6	tf_targeting
Huangfu DE	GTF2E1	361	6	tf_targeting
Huangfu DE	GTF2F1	487	6	tf_targeting
Huangfu DE	GTF2F2	173	6	tf_targeting
Huangfu DE	GTF2H1	566	6	tf_targeting
Huangfu DE	GTF2H3	286	6	tf_targeting
Huangfu DE	GTF2I	1001	6	tf_targeting
Huangfu DE	GTF2IRD1	445	6	tf_targeting
Huangfu DE	GTF3A	954	6	tf_targeting
Huangfu DE	GTF3C3	45	6	tf_targeting
Huangfu DE	GZF1	792	6	tf_targeting
Huangfu DE	HAND1	697	6	tf_targeting
Huangfu DE	HAND2	1595	12	tf_targeting
Huangfu DE	HBP1	1151	6	tf_targeting
Huangfu DE	HCFC1	2055	6	tf_targeting
Huangfu DE	HCLS1	675	6	tf_targeting
Huangfu DE	HDAC1	473	6	tf_targeting
Huangfu DE	HDAC3	839	6	tf_targeting
Huangfu DE	HDAC4	591	6	tf_targeting
Huangfu DE	HDAC5	819	6	tf_targeting
Huangfu DE	HDGF	665	6	tf_targeting
Huangfu DE	HDX	1181	6	tf_targeting
Huangfu DE	HELT	677	6	tf_targeting
Huangfu DE	HELZ2	924	12	tf_targeting
Huangfu DE	HES1	160	6	tf_targeting
Huangfu DE	HES2	2016	12	tf_targeting
Huangfu DE	HES3	770	6	tf_targeting
Huangfu DE	HES4	614	6	tf_targeting
Huangfu DE	HES5	1014	6	tf_targeting
Huangfu DE	HES6	1100	6	tf_targeting
Huangfu DE	HES7	794	6	tf_targeting
Huangfu DE	HESX1	1427	12	tf_targeting
Huangfu DE	HEY1	459	6	tf_targeting
Huangfu DE	HEY2	650	6	tf_targeting
Huangfu DE	HEYL	393	6	tf_targeting
Huangfu DE	HHEX	613	6	tf_targeting
Huangfu DE	HIC1	692	6	tf_targeting
Huangfu DE	HIF1A	803	6	tf_targeting
Huangfu DE	HIF3A	1752	12	tf_targeting
Huangfu DE	HINFP	20	6	tf_targeting
Huangfu DE	HIRA	1297	12	tf_targeting
Huangfu DE	HIVEP1	405	6	tf_targeting
Huangfu DE	HIVEP2	1086	6	tf_targeting
Huangfu DE	HIVEP3	1434	14	tf_targeting
Huangfu DE	HKR1	1186	12	tf_targeting
Huangfu DE	HLF	1324	12	tf_targeting
Huangfu DE	HLTF	698	6	tf_targeting
Huangfu DE	HLX	769	6	tf_targeting
Huangfu DE	HMBOX1	862	6	tf_targeting
Huangfu DE	HMG20A	1085	6	tf_targeting
Huangfu DE	HMG20B	1498	12	tf_targeting
Huangfu DE	HMGA1	790	6	tf_targeting
Huangfu DE	HMGA2	856	6	tf_targeting
Huangfu DE	HMGB1	984	12	tf_targeting
Huangfu DE	HMGB2	976	6	tf_targeting
Huangfu DE	HMGB3	748	6	tf_targeting
Huangfu DE	HMGB4	687	6	tf_targeting
Huangfu DE	HMGN2	1222	6	tf_targeting
Huangfu DE	HMGN3	462	6	tf_targeting
Huangfu DE	HMGXB3	774	6	tf_targeting
Huangfu DE	HMGXB4	1078	6	tf_targeting
Huangfu DE	HMX1	985	6	tf_targeting
Huangfu DE	HMX2	389	6	tf_targeting
Huangfu DE	HMX3	443	6	tf_targeting
Huangfu DE	HNF1A	1136	6	tf_targeting
Huangfu DE	HNF1B	358	6	tf_targeting
Huangfu DE	HNF4A	620	6	tf_targeting
Huangfu DE	HNF4G	1602	12	tf_targeting
Huangfu DE	HNRNPK	598	6	tf_targeting
Huangfu DE	HNRNPU	1574	6	tf_targeting
Huangfu DE	HOMEZ	605	6	tf_targeting
Huangfu DE	HOPX	1458	12	tf_targeting
Huangfu DE	HOXA1	1043	6	tf_targeting
Huangfu DE	HOXA10	972	6	tf_targeting
Huangfu DE	HOXA11	881	6	tf_targeting
Huangfu DE	HOXA13	808	6	tf_targeting
Huangfu DE	HOXA2	499	6	tf_targeting
Huangfu DE	HOXA3	1377	12	tf_targeting
Huangfu DE	HOXA4	882	6	tf_targeting
Huangfu DE	HOXA5	1459	6	tf_targeting
Huangfu DE	HOXA6	745	6	tf_targeting
Huangfu DE	HOXA7	1544	6	tf_targeting
Huangfu DE	HOXA9	563	6	tf_targeting
Huangfu DE	HOXB1	590	6	tf_targeting
Huangfu DE	HOXB13	407	6	tf_targeting
Huangfu DE	HOXB2	798	6	tf_targeting
Huangfu DE	HOXB3	620	6	tf_targeting
Huangfu DE	HOXB4	537	6	tf_targeting
Huangfu DE	HOXB5	1461	6	tf_targeting
Huangfu DE	HOXB6	1049	12	tf_targeting
Huangfu DE	HOXB7	783	6	tf_targeting
Huangfu DE	HOXB8	2502	12	tf_targeting
Huangfu DE	HOXB9	710	6	tf_targeting
Huangfu DE	HOXC10	854	6	tf_targeting
Huangfu DE	HOXC11	626	6	tf_targeting
Huangfu DE	HOXC12	961	6	tf_targeting
Huangfu DE	HOXC13	959	6	tf_targeting
Huangfu DE	HOXC4	775	6	tf_targeting
Huangfu DE	HOXC5	306	2	tf_targeting
Huangfu DE	HOXC6	188	2	tf_targeting
Huangfu DE	HOXC8	1007	6	tf_targeting
Huangfu DE	HOXC9	636	6	tf_targeting
Huangfu DE	HOXD1	690	6	tf_targeting
Huangfu DE	HOXD10	1741	12	tf_targeting
Huangfu DE	HOXD11	1627	6	tf_targeting
Huangfu DE	HOXD12	852	6	tf_targeting
Huangfu DE	HOXD13	609	6	tf_targeting
Huangfu DE	HOXD3	670	6	tf_targeting
Huangfu DE	HOXD4	663	6	tf_targeting
Huangfu DE	HOXD8	772	6	tf_targeting
Huangfu DE	HOXD9	542	6	tf_targeting
Huangfu DE	HR	1355	12	tf_targeting
Huangfu DE	HSF1	926	6	tf_targeting
Huangfu DE	HSF2	511	6	tf_targeting
Huangfu DE	HSF4	654	6	tf_targeting
Huangfu DE	HSF5	881	6	tf_targeting
Huangfu DE	ID1	1153	6	tf_targeting
Huangfu DE	ID2	677	12	tf_targeting
Huangfu DE	ID3	600	6	tf_targeting
Huangfu DE	ID4	383	6	tf_targeting
Huangfu DE	IFI16	1329	6	tf_targeting
Huangfu DE	IGFBP1	519	6	tf_targeting
Huangfu DE	IGHMBP2	464	6	tf_targeting
Huangfu DE	IKZF1	408	6	tf_targeting
Huangfu DE	IKZF2	1376	12	tf_targeting
Huangfu DE	IKZF3	944	6	tf_targeting
Huangfu DE	IKZF4	1988	12	tf_targeting
Huangfu DE	IKZF5	1072	6	tf_targeting
Huangfu DE	ILF2	237	6	tf_targeting
Huangfu DE	ILF3	671	6	tf_targeting
Huangfu DE	ING1	1491	12	tf_targeting
Huangfu DE	ING4	692	6	tf_targeting
Huangfu DE	INSM1	631	6	tf_targeting
Huangfu DE	INSM2	841	6	tf_targeting
Huangfu DE	IRF1	942	6	tf_targeting
Huangfu DE	IRF2	853	6	tf_targeting
Huangfu DE	IRF3	1569	6	tf_targeting
Huangfu DE	IRF4	1007	12	tf_targeting
Huangfu DE	IRF5	913	12	tf_targeting
Huangfu DE	IRF6	810	6	tf_targeting
Huangfu DE	IRF7	852	6	tf_targeting
Huangfu DE	IRF8	563	6	tf_targeting
Huangfu DE	IRF9	1152	6	tf_targeting
Huangfu DE	IRX1	527	6	tf_targeting
Huangfu DE	IRX2	532	6	tf_targeting
Huangfu DE	IRX3	813	6	tf_targeting
Huangfu DE	IRX4	394	6	tf_targeting
Huangfu DE	IRX5	615	6	tf_targeting
Huangfu DE	IRX6	686	6	tf_targeting
Huangfu DE	ISL1	1277	12	tf_targeting
Huangfu DE	ISL2	760	6	tf_targeting
Huangfu DE	ISX	635	6	tf_targeting
Huangfu DE	JAZF1	589	6	tf_targeting
Huangfu DE	JDP2	610	6	tf_targeting
Huangfu DE	JRK	1073	12	tf_targeting
Huangfu DE	JRKL	540	6	tf_targeting
Huangfu DE	JUN	894	6	tf_targeting
Huangfu DE	JUNB	605	6	tf_targeting
Huangfu DE	JUND	636	6	tf_targeting
Huangfu DE	JUP	767	6	tf_targeting
Huangfu DE	KAT2A	385	6	tf_targeting
Huangfu DE	KAT7	584	6	tf_targeting
Huangfu DE	KCMF1	600	6	tf_targeting
Huangfu DE	KCNIP3	575	6	tf_targeting
Huangfu DE	KDM2A	1381	6	tf_targeting
Huangfu DE	KDM2B	1226	12	tf_targeting
Huangfu DE	KDM4C	481	6	tf_targeting
Huangfu DE	KDM4E	514	6	tf_targeting
Huangfu DE	KDM5B	834	6	tf_targeting
Huangfu DE	KDM5C	1570	6	tf_targeting
Huangfu DE	KIAA1549	547	6	tf_targeting
Huangfu DE	KIAA2018	1166	6	tf_targeting
Huangfu DE	KIN	741	6	tf_targeting
Huangfu DE	KLF1	683	6	tf_targeting
Huangfu DE	KLF10	1312	12	tf_targeting
Huangfu DE	KLF11	379	6	tf_targeting
Huangfu DE	KLF12	998	6	tf_targeting
Huangfu DE	KLF13	1022	6	tf_targeting
Huangfu DE	KLF14	561	5	tf_targeting
Huangfu DE	KLF15	387	6	tf_targeting
Huangfu DE	KLF16	196	6	tf_targeting
Huangfu DE	KLF17	595	6	tf_targeting
Huangfu DE	KLF2	665	6	tf_targeting
Huangfu DE	KLF3	1128	6	tf_targeting
Huangfu DE	KLF4	1651	12	tf_targeting
Huangfu DE	KLF5	770	6	tf_targeting
Huangfu DE	KLF6	908	6	tf_targeting
Huangfu DE	KLF7	789	6	tf_targeting
Huangfu DE	KLF8	694	6	tf_targeting
Huangfu DE	KLF9	821	6	tf_targeting
Huangfu DE	KLRG1	993	6	tf_targeting
Huangfu DE	KMT2A	664	6	tf_targeting
Huangfu DE	KMT2B	1705	12	tf_targeting
Huangfu DE	L3MBTL1	938	12	tf_targeting
Huangfu DE	L3MBTL3	514	6	tf_targeting
Huangfu DE	L3MBTL4	390	6	tf_targeting
Huangfu DE	LBX1	1234	6	tf_targeting
Huangfu DE	LBX2	504	6	tf_targeting
Huangfu DE	LCOR	446	6	tf_targeting
Huangfu DE	LCORL	513	6	tf_targeting
Huangfu DE	LDB1	1140	12	tf_targeting
Huangfu DE	LDB2	626	6	tf_targeting
Huangfu DE	LEF1	1680	12	tf_targeting
Huangfu DE	LEUTX	757	6	tf_targeting
Huangfu DE	LHX1	543	6	tf_targeting
Huangfu DE	LHX2	1030	6	tf_targeting
Huangfu DE	LHX3	1786	12	tf_targeting
Huangfu DE	LHX4	818	6	tf_targeting
Huangfu DE	LHX5	1173	6	tf_targeting
Huangfu DE	LHX6	1293	12	tf_targeting
Huangfu DE	LHX8	477	6	tf_targeting
Huangfu DE	LHX9	882	6	tf_targeting
Huangfu DE	LIN28A	305	6	tf_targeting
Huangfu DE	LIN28B	668	6	tf_targeting
Huangfu DE	LIN54	1770	12	tf_targeting
Huangfu DE	LIN9	784	6	tf_targeting
Huangfu DE	LITAF	331	6	tf_targeting
Huangfu DE	LMO1	1627	12	tf_targeting
Huangfu DE	LMO3	1218	12	tf_targeting
Huangfu DE	LMO4	915	6	tf_targeting
Huangfu DE	LMX1A	535	6	tf_targeting
Huangfu DE	LMX1B	591	6	tf_targeting
Huangfu DE	LRPPRC	692	6	tf_targeting
Huangfu DE	LRRFIP1	920	6	tf_targeting
Huangfu DE	LTF	603	6	tf_targeting
Huangfu DE	LYL1	592	6	tf_targeting
Huangfu DE	LZTR1	1035	6	tf_targeting
Huangfu DE	LZTS1	744	6	tf_targeting
Huangfu DE	MAEL	590	6	tf_targeting
Huangfu DE	MAF	713	6	tf_targeting
Huangfu DE	MAFA	375	6	tf_targeting
Huangfu DE	MAFB	759	6	tf_targeting
Huangfu DE	MAFF	1006	6	tf_targeting
Huangfu DE	MAFG	564	6	tf_targeting
Huangfu DE	MAFK	1136	6	tf_targeting
Huangfu DE	MALAT1	975	1	positive_control
Huangfu DE	MAP3K7	901	6	tf_targeting
Huangfu DE	MAPK8IP1	1884	12	tf_targeting
Huangfu DE	MARS	533	6	tf_targeting
Huangfu DE	MAX	774	6	tf_targeting
Huangfu DE	MAZ	564	6	tf_targeting
Huangfu DE	MBD1	667	6	tf_targeting
Huangfu DE	MBD2	770	6	tf_targeting
Huangfu DE	MBD3	711	6	tf_targeting
Huangfu DE	MBD4	735	6	tf_targeting
Huangfu DE	MBD6	521	6	tf_targeting
Huangfu DE	MBNL2	670	6	tf_targeting
Huangfu DE	MBNL3	751	6	tf_targeting
Huangfu DE	MECOM	771	6	tf_targeting
Huangfu DE	MECP2	708	6	tf_targeting
Huangfu DE	MED20	428	6	tf_targeting
Huangfu DE	MED8	504	6	tf_targeting
Huangfu DE	MEF2A	672	6	tf_targeting
Huangfu DE	MEF2B	1204	6	tf_targeting
Huangfu DE	MEF2C	797	6	tf_targeting
Huangfu DE	MEF2D	853	6	tf_targeting
Huangfu DE	MEIS1	706	6	tf_targeting
Huangfu DE	MEIS2	639	6	tf_targeting
Huangfu DE	MEIS3	1418	12	tf_targeting
Huangfu DE	MEOX1	551	6	tf_targeting
Huangfu DE	MEOX2	891	6	tf_targeting
Huangfu DE	MESP1	785	6	tf_targeting
Huangfu DE	MESP2	729	6	tf_targeting
Huangfu DE	MGA	613	6	tf_targeting
Huangfu DE	MIER1	1113	12	tf_targeting
Huangfu DE	MIER2	715	6	tf_targeting
Huangfu DE	MIER3	410	6	tf_targeting
Huangfu DE	MIS18BP1	85	6	tf_targeting
Huangfu DE	MITF	1454	12	tf_targeting
Huangfu DE	MIXL1	617	6	tf_targeting
Huangfu DE	MKX	1181	12	tf_targeting
Huangfu DE	MLLT1	435	6	tf_targeting
Huangfu DE	MLLT10	770	6	tf_targeting
Huangfu DE	MLLT3	1720	6	tf_targeting
Huangfu DE	MLX	377	6	tf_targeting
Huangfu DE	MLXIP	1364	6	tf_targeting
Huangfu DE	MLXIPL	746	6	tf_targeting
Huangfu DE	MMP3	501	6	tf_targeting
Huangfu DE	MNAT1	19	6	tf_targeting
Huangfu DE	MNT	1310	6	tf_targeting
Huangfu DE	MNX1	406	6	tf_targeting
Huangfu DE	MSANTD1	362	6	tf_targeting
Huangfu DE	MSANTD3	674	6	tf_targeting
Huangfu DE	MSANTD4	782	6	tf_targeting
Huangfu DE	MSC	746	6	tf_targeting
Huangfu DE	MSGN1	550	6	tf_targeting
Huangfu DE	MSLN	524	6	tf_targeting
Huangfu DE	MSX1	511	6	tf_targeting
Huangfu DE	MSX2	581	6	tf_targeting
Huangfu DE	MTA1	1293	6	tf_targeting
Huangfu DE	MTA2	483	6	tf_targeting
Huangfu DE	MTA3	245	6	tf_targeting
Huangfu DE	MTERF	645	6	tf_targeting
Huangfu DE	MTERFD1	169	6	tf_targeting
Huangfu DE	MTERFD2	519	6	tf_targeting
Huangfu DE	MTERFD3	817	6	tf_targeting
Huangfu DE	MTF1	719	6	tf_targeting
Huangfu DE	MTF2	913	6	tf_targeting
Huangfu DE	MXD1	1002	6	tf_targeting
Huangfu DE	MXD3	577	6	tf_targeting
Huangfu DE	MXD4	638	6	tf_targeting
Huangfu DE	MXI1	1627	12	tf_targeting
Huangfu DE	MYB	734	6	tf_targeting
Huangfu DE	MYBBP1A	106	6	tf_targeting
Huangfu DE	MYBL1	588	6	tf_targeting
Huangfu DE	MYBL2	133	6	tf_targeting
Huangfu DE	MYC	566	6	tf_targeting
Huangfu DE	MYCBP	936	6	tf_targeting
Huangfu DE	MYCL	474	6	tf_targeting
Huangfu DE	MYCN	1382	12	tf_targeting
Huangfu DE	MYEF2	1187	6	tf_targeting
Huangfu DE	MYF5	478	6	tf_targeting
Huangfu DE	MYF6	902	6	tf_targeting
Huangfu DE	MYNN	454	6	tf_targeting
Huangfu DE	MYOCD	503	6	tf_targeting
Huangfu DE	MYOD1	631	6	tf_targeting
Huangfu DE	MYOG	1066	6	tf_targeting
Huangfu DE	MYPOP	459	6	tf_targeting
Huangfu DE	MYRF	1490	12	tf_targeting
Huangfu DE	MYRFL	1039	6	tf_targeting
Huangfu DE	MYSM1	163	6	tf_targeting
Huangfu DE	MYT1	627	6	tf_targeting
Huangfu DE	MYT1L	662	6	tf_targeting
Huangfu DE	MZF1	775	6	tf_targeting
Huangfu DE	NACC2	313	6	tf_targeting
Huangfu DE	NAIF1	546	6	tf_targeting
Huangfu DE	NANOG	383	6	tf_targeting
Huangfu DE	NANOGNB	408	6	tf_targeting
Huangfu DE	NCL	1148	12	tf_targeting
Huangfu DE	NCOA1	832	6	tf_targeting
Huangfu DE	NCOA2	918	6	tf_targeting
Huangfu DE	NCOA3	540	6	tf_targeting
Huangfu DE	NCOA6	625	6	tf_targeting
Huangfu DE	NCOR1	421	6	tf_targeting
Huangfu DE	NCOR2	1576	12	tf_targeting
Huangfu DE	NELFE	531	6	tf_targeting
Huangfu DE	NEUROD1	741	6	tf_targeting
Huangfu DE	NEUROD2	440	6	tf_targeting
Huangfu DE	NEUROD4	766	6	tf_targeting
Huangfu DE	NEUROD6	601	6	tf_targeting
Huangfu DE	NEUROG1	550	6	tf_targeting
Huangfu DE	NEUROG2	882	6	tf_targeting
Huangfu DE	NEUROG3	671	6	tf_targeting
Huangfu DE	NF1	575	6	tf_targeting
Huangfu DE	NFAT5	863	6	tf_targeting
Huangfu DE	NFATC1	1142	12	tf_targeting
Huangfu DE	NFATC2	1136	12	tf_targeting
Huangfu DE	NFATC3	434	6	tf_targeting
Huangfu DE	NFATC4	624	6	tf_targeting
Huangfu DE	NFE2	660	6	tf_targeting
Huangfu DE	NFE2L1	767	6	tf_targeting
Huangfu DE	NFE2L2	1821	12	tf_targeting
Huangfu DE	NFE2L3	672	6	tf_targeting
Huangfu DE	NFE4	407	6	tf_targeting
Huangfu DE	NFIA	529	6	tf_targeting
Huangfu DE	NFIB	903	6	tf_targeting
Huangfu DE	NFIC	1319	12	tf_targeting
Huangfu DE	NFIL3	446	6	tf_targeting
Huangfu DE	NFIX	1656	12	tf_targeting
Huangfu DE	NFKB1	875	6	tf_targeting
Huangfu DE	NFKB2	346	6	tf_targeting
Huangfu DE	NFKBIA	1769	12	tf_targeting
Huangfu DE	NFKBIB	731	6	tf_targeting
Huangfu DE	NFKBID	1595	12	tf_targeting
Huangfu DE	NFKBIE	637	6	tf_targeting
Huangfu DE	NFKBIL1	422	6	tf_targeting
Huangfu DE	NFKBIZ	1932	12	tf_targeting
Huangfu DE	NFRKB	244	6	tf_targeting
Huangfu DE	NFX1	606	6	tf_targeting
Huangfu DE	NFXL1	668	6	tf_targeting
Huangfu DE	NFYA	1479	6	tf_targeting
Huangfu DE	NFYB	798	6	tf_targeting
Huangfu DE	NFYC	845	6	tf_targeting
Huangfu DE	NGFRAP1	3216	1	positive_control
Huangfu DE	NHLH1	902	6	tf_targeting
Huangfu DE	NHLH2	591	6	tf_targeting
Huangfu DE	NHP2	767	6	tf_targeting
Huangfu DE	NKRF	720	6	tf_targeting
Huangfu DE	NKX1-1	503	6	tf_targeting
Huangfu DE	NKX1-2	460	6	tf_targeting
Huangfu DE	NKX2-1	852	6	tf_targeting
Huangfu DE	NKX2-2	793	6	tf_targeting
Huangfu DE	NKX2-3	545	6	tf_targeting
Huangfu DE	NKX2-4	936	6	tf_targeting
Huangfu DE	NKX2-5	632	6	tf_targeting
Huangfu DE	NKX2-6	1051	6	tf_targeting
Huangfu DE	NKX2-8	561	6	tf_targeting
Huangfu DE	NKX3-1	870	6	tf_targeting
Huangfu DE	NKX3-2	703	6	tf_targeting
Huangfu DE	NKX6-1	430	6	tf_targeting
Huangfu DE	NKX6-2	638	6	tf_targeting
Huangfu DE	NKX6-3	741	6	tf_targeting
Huangfu DE	NME1-NME2	686	6	tf_targeting
Huangfu DE	NMI	514	6	tf_targeting
Huangfu DE	NOBOX	898	12	tf_targeting
Huangfu DE	NOC3L	66	6	tf_targeting
Huangfu DE	NONO	870	6	tf_targeting
Huangfu DE	NOTCH1	1985	12	tf_targeting
Huangfu DE	NOTO	471	6	tf_targeting
Huangfu DE	NOV	766	6	tf_targeting
Huangfu DE	NPAS1	593	6	tf_targeting
Huangfu DE	NPAS2	705	6	tf_targeting
Huangfu DE	NPAS3	894	6	tf_targeting
Huangfu DE	NPAS4	618	6	tf_targeting
Huangfu DE	NR0B1	728	6	tf_targeting
Huangfu DE	NR0B2	506	6	tf_targeting
Huangfu DE	NR1D1	1021	6	tf_targeting
Huangfu DE	NR1D2	934	6	tf_targeting
Huangfu DE	NR1H2	817	6	tf_targeting
Huangfu DE	NR1H3	1110	12	tf_targeting
Huangfu DE	NR1H4	849	6	tf_targeting
Huangfu DE	NR1I2	676	6	tf_targeting
Huangfu DE	NR1I3	654	6	tf_targeting
Huangfu DE	NR2C1	573	6	tf_targeting
Huangfu DE	NR2C2	693	6	tf_targeting
Huangfu DE	NR2E1	571	6	tf_targeting
Huangfu DE	NR2E3	389	6	tf_targeting
Huangfu DE	NR2F1	1050	6	tf_targeting
Huangfu DE	NR2F2	1181	6	tf_targeting
Huangfu DE	NR2F6	788	6	tf_targeting
Huangfu DE	NR3C1	994	6	tf_targeting
Huangfu DE	NR3C2	764	6	tf_targeting
Huangfu DE	NR4A1	630	6	tf_targeting
Huangfu DE	NR4A2	1972	12	tf_targeting
Huangfu DE	NR4A3	704	6	tf_targeting
Huangfu DE	NR5A1	715	6	tf_targeting
Huangfu DE	NR5A2	1337	12	tf_targeting
Huangfu DE	NR6A1	605	6	tf_targeting
Huangfu DE	NRF1	429	6	tf_targeting
Huangfu DE	NRL	1412	12	tf_targeting
Huangfu DE	OLIG1	594	6	tf_targeting
Huangfu DE	OLIG2	604	6	tf_targeting
Huangfu DE	OLIG3	480	6	tf_targeting
Huangfu DE	ONECUT1	569	6	tf_targeting
Huangfu DE	ONECUT2	712	6	tf_targeting
Huangfu DE	ONECUT3	630	6	tf_targeting
Huangfu DE	OR10G4	778	6	negative_control
Huangfu DE	OR10H2	1797	6	negative_control
Huangfu DE	OR10H5	1346	6	negative_control
Huangfu DE	OR10K1	1555	6	negative_control
Huangfu DE	OR10P1	1838	6	negative_control
Huangfu DE	OR10V1	813	6	negative_control
Huangfu DE	OR11H6	498	6	negative_control
Huangfu DE	OR11L1	1899	6	negative_control
Huangfu DE	OR12D2	1137	6	negative_control
Huangfu DE	OR12D3	1070	6	negative_control
Huangfu DE	OR13C9	973	6	negative_control
Huangfu DE	OR13G1	1771	6	negative_control
Huangfu DE	OR14J1	1007	6	negative_control
Huangfu DE	OR1J4	2010	6	negative_control
Huangfu DE	OR1L8	1942	6	negative_control
Huangfu DE	OR1M1	2072	6	negative_control
Huangfu DE	OR1N2	1082	6	negative_control
Huangfu DE	OR2A1	2068	6	negative_control
Huangfu DE	OR2A2	1209	6	negative_control
Huangfu DE	OR2AE1	1387	6	negative_control
Huangfu DE	OR2B2	1273	6	negative_control
Huangfu DE	OR2B3	2584	6	negative_control
Huangfu DE	OR2C3	1116	6	negative_control
Huangfu DE	OR2F2	1329	6	negative_control
Huangfu DE	OR2H1	1173	6	negative_control
Huangfu DE	OR2H2	869	6	negative_control
Huangfu DE	OR2J3	1015	6	negative_control
Huangfu DE	OR2M2	694	6	negative_control
Huangfu DE	OR2M3	994	6	negative_control
Huangfu DE	OR2T1	1422	6	negative_control
Huangfu DE	OR2T11	1416	6	negative_control
Huangfu DE	OR2T29	2066	6	negative_control
Huangfu DE	OR2T33	2176	6	negative_control
Huangfu DE	OR2T4	779	6	negative_control
Huangfu DE	OR2T5	1208	5	negative_control
Huangfu DE	OR2T6	1109	6	negative_control
Huangfu DE	OR2W1	540	6	negative_control
Huangfu DE	OR2Y1	744	6	negative_control
Huangfu DE	OR4A5	1185	6	negative_control
Huangfu DE	OR4B1	1159	6	negative_control
Huangfu DE	OR4C12	1752	6	negative_control
Huangfu DE	OR4C15	1108	6	negative_control
Huangfu DE	OR4C3	1136	6	negative_control
Huangfu DE	OR4C45	1132	6	negative_control
Huangfu DE	OR4D10	1513	6	negative_control
Huangfu DE	OR4D11	1064	6	negative_control
Huangfu DE	OR4D5	804	6	negative_control
Huangfu DE	OR4E2	1018	6	negative_control
Huangfu DE	OR4F5	1664	6	negative_control
Huangfu DE	OR4K13	1224	6	negative_control
Huangfu DE	OR4Q3	799	6	negative_control
Huangfu DE	OR51A2	1441	5	negative_control
Huangfu DE	OR51A4	2128	6	negative_control
Huangfu DE	OR51B4	1121	6	negative_control
Huangfu DE	OR51E2	1807	6	negative_control
Huangfu DE	OR51F1	983	6	negative_control
Huangfu DE	OR51F2	1348	6	negative_control
Huangfu DE	OR51L1	1314	6	negative_control
Huangfu DE	OR51T1	923	6	negative_control
Huangfu DE	OR52E6	1096	6	negative_control
Huangfu DE	OR52N2	870	6	negative_control
Huangfu DE	OR52W1	2295	6	negative_control
Huangfu DE	OR56A4	1053	6	negative_control
Huangfu DE	OR5A2	957	6	negative_control
Huangfu DE	OR5AC2	1248	6	negative_control
Huangfu DE	OR5AK2	1275	6	negative_control
Huangfu DE	OR5AP2	1439	6	negative_control
Huangfu DE	OR5B3	1484	6	negative_control
Huangfu DE	OR5C1	1719	6	negative_control
Huangfu DE	OR5D13	1802	6	negative_control
Huangfu DE	OR5K2	1651	6	negative_control
Huangfu DE	OR5K3	1211	6	negative_control
Huangfu DE	OR5L1	704	6	negative_control
Huangfu DE	OR5L2	1047	6	negative_control
Huangfu DE	OR5M1	886	6	negative_control
Huangfu DE	OR5M11	657	6	negative_control
Huangfu DE	OR5M8	1420	6	negative_control
Huangfu DE	OR5P2	1358	6	negative_control
Huangfu DE	OR5T1	1271	6	negative_control
Huangfu DE	OR5T2	1655	6	negative_control
Huangfu DE	OR5T3	831	6	negative_control
Huangfu DE	OR6C1	672	6	negative_control
Huangfu DE	OR6F1	1527	6	negative_control
Huangfu DE	OR6M1	1930	6	negative_control
Huangfu DE	OR6P1	1321	6	negative_control
Huangfu DE	OR7A10	1254	6	negative_control
Huangfu DE	OR8A1	660	6	negative_control
Huangfu DE	OR8B3	977	6	negative_control
Huangfu DE	OR8B4	938	6	negative_control
Huangfu DE	OR8B8	1440	6	negative_control
Huangfu DE	OR8G5	1127	6	negative_control
Huangfu DE	OR8H1	1025	6	negative_control
Huangfu DE	OR8H3	1651	6	negative_control
Huangfu DE	OR8K1	1633	6	negative_control
Huangfu DE	OR8U8	950	6	negative_control
Huangfu DE	OR9A2	1873	6	negative_control
Huangfu DE	OR9I1	1799	6	negative_control
Huangfu DE	OR9K2	771	6	negative_control
Huangfu DE	OR9Q1	1139	6	negative_control
Huangfu DE	ORAI1	690	6	negative_control
Huangfu DE	OSR1	604	6	tf_targeting
Huangfu DE	OSR2	496	6	tf_targeting
Huangfu DE	OTP	1122	6	tf_targeting
Huangfu DE	OTX1	854	6	tf_targeting
Huangfu DE	OTX2	536	6	tf_targeting
Huangfu DE	OVOL1	554	6	tf_targeting
Huangfu DE	OVOL2	645	6	tf_targeting
Huangfu DE	OVOL3	990	6	tf_targeting
Huangfu DE	OXSR1	596	6	tf_targeting
Huangfu DE	PA2G4	532	6	tf_targeting
Huangfu DE	PARP1	591	6	tf_targeting
Huangfu DE	PATZ1	1542	12	tf_targeting
Huangfu DE	PAWR	471	6	tf_targeting
Huangfu DE	PAX1	365	6	tf_targeting
Huangfu DE	PAX2	943	6	tf_targeting
Huangfu DE	PAX3	1057	6	tf_targeting
Huangfu DE	PAX4	398	6	tf_targeting
Huangfu DE	PAX5	514	6	tf_targeting
Huangfu DE	PAX6	822	6	tf_targeting
Huangfu DE	PAX7	655	6	tf_targeting
Huangfu DE	PAX9	1576	12	tf_targeting
Huangfu DE	PAXBP1	1065	6	tf_targeting
Huangfu DE	PBRM1	715	6	tf_targeting
Huangfu DE	PBX1	945	6	tf_targeting
Huangfu DE	PBX2	453	6	tf_targeting
Huangfu DE	PBX3	620	6	tf_targeting
Huangfu DE	PBX4	582	6	tf_targeting
Huangfu DE	PCGF2	1383	12	tf_targeting
Huangfu DE	PCGF6	420	6	tf_targeting
Huangfu DE	PDX1	880	6	tf_targeting
Huangfu DE	PEG3	303	3	tf_targeting
Huangfu DE	PFDN5	855	6	tf_targeting
Huangfu DE	PGBD1	700	6	tf_targeting
Huangfu DE	PGR	759	6	tf_targeting
Huangfu DE	PHB2	654	6	tf_targeting
Huangfu DE	PHF1	415	6	tf_targeting
Huangfu DE	PHF19	490	6	tf_targeting
Huangfu DE	PHF2	591	6	tf_targeting
Huangfu DE	PHF20	199	6	tf_targeting
Huangfu DE	PHF21A	1008	6	tf_targeting
Huangfu DE	PHOX2A	428	6	tf_targeting
Huangfu DE	PHOX2B	1854	6	tf_targeting
Huangfu DE	PHTF1	650	6	tf_targeting
Huangfu DE	PIAS3	830	6	tf_targeting
Huangfu DE	PIAS4	505	6	tf_targeting
Huangfu DE	PIN1	680	6	tf_targeting
Huangfu DE	PITX1	416	6	tf_targeting
Huangfu DE	PITX2	1205	12	tf_targeting
Huangfu DE	PITX3	751	6	tf_targeting
Huangfu DE	PKNOX1	770	6	tf_targeting
Huangfu DE	PKNOX2	502	6	tf_targeting
Huangfu DE	PLAG1	724	6	tf_targeting
Huangfu DE	PLAGL1	944	12	tf_targeting
Huangfu DE	PLAGL2	720	6	tf_targeting
Huangfu DE	PLEK	1197	6	tf_targeting
Huangfu DE	PLEKHA5	422	6	tf_targeting
Huangfu DE	PLSCR1	747	6	tf_targeting
Huangfu DE	POGK	1003	6	tf_targeting
Huangfu DE	POLR1D	1239	3	positive_control
Huangfu DE	POLR3C	1989	6	tf_targeting
Huangfu DE	POLR3K	501	6	tf_targeting
Huangfu DE	POU1F1	466	6	tf_targeting
Huangfu DE	POU2AF1	805	6	tf_targeting
Huangfu DE	POU2F1	978	12	tf_targeting
Huangfu DE	POU2F2	730	6	tf_targeting
Huangfu DE	POU2F3	1496	12	tf_targeting
Huangfu DE	POU3F1	1071	6	tf_targeting
Huangfu DE	POU3F2	1113	6	tf_targeting
Huangfu DE	POU3F3	924	6	tf_targeting
Huangfu DE	POU3F4	583	6	tf_targeting
Huangfu DE	POU4F1	560	6	tf_targeting
Huangfu DE	POU4F2	852	6	tf_targeting
Huangfu DE	POU4F3	1078	6	tf_targeting
Huangfu DE	POU5F1	537	12	tf_targeting
Huangfu DE	POU5F1B	504	6	tf_targeting
Huangfu DE	POU5F2	784	6	tf_targeting
Huangfu DE	POU6F1	702	6	tf_targeting
Huangfu DE	POU6F2	727	6	tf_targeting
Huangfu DE	PPARA	423	6	tf_targeting
Huangfu DE	PPARD	524	6	tf_targeting
Huangfu DE	PPARG	1090	12	tf_targeting
Huangfu DE	PPIL4	784	6	tf_targeting
Huangfu DE	PPP1CB	707	6	tf_targeting
Huangfu DE	PPP1R13L	1134	12	tf_targeting
Huangfu DE	PRDM1	1047	6	tf_targeting
Huangfu DE	PRDM10	763	6	tf_targeting
Huangfu DE	PRDM11	1312	12	tf_targeting
Huangfu DE	PRDM12	653	6	tf_targeting
Huangfu DE	PRDM13	729	6	tf_targeting
Huangfu DE	PRDM14	473	6	tf_targeting
Huangfu DE	PRDM15	651	6	tf_targeting
Huangfu DE	PRDM16	692	6	tf_targeting
Huangfu DE	PRDM2	366	6	tf_targeting
Huangfu DE	PRDM4	1043	6	tf_targeting
Huangfu DE	PRDM5	893	6	tf_targeting
Huangfu DE	PRDM6	726	6	tf_targeting
Huangfu DE	PRDM7	530	6	tf_targeting
Huangfu DE	PRDM8	1686	12	tf_targeting
Huangfu DE	PRDM9	361	6	tf_targeting
Huangfu DE	PREB	244	6	tf_targeting
Huangfu DE	PRKRIP1	987	12	tf_targeting
Huangfu DE	PRKRIR	433	6	tf_targeting
Huangfu DE	PRMT3	612	6	tf_targeting
Huangfu DE	PROP1	529	6	tf_targeting
Huangfu DE	PROX1	800	6	tf_targeting
Huangfu DE	PROX2	1080	6	tf_targeting
Huangfu DE	PRR12	950	6	tf_targeting
Huangfu DE	PRRX1	2072	12	tf_targeting
Huangfu DE	PRRX2	474	6	tf_targeting
Huangfu DE	PSIP1	792	6	tf_targeting
Huangfu DE	PSMA1	586	6	tf_targeting
Huangfu DE	PSMB1	729	6	tf_targeting
Huangfu DE	PSMB4	632	6	tf_targeting
Huangfu DE	PSMC3	916	6	tf_targeting
Huangfu DE	PTF1A	638	6	tf_targeting
Huangfu DE	PTTG1	113	6	tf_targeting
Huangfu DE	PUF60	622	6	tf_targeting
Huangfu DE	PURA	2047	12	tf_targeting
Huangfu DE	PURB	681	6	tf_targeting
Huangfu DE	PURG	529	6	tf_targeting
Huangfu DE	RAG1	563	6	tf_targeting
Huangfu DE	RARA	1587	12	tf_targeting
Huangfu DE	RARB	450	6	tf_targeting
Huangfu DE	RARG	1887	12	tf_targeting
Huangfu DE	RAX	577	6	tf_targeting
Huangfu DE	RAX2	1003	6	tf_targeting
Huangfu DE	RB1	495	6	tf_targeting
Huangfu DE	RB1CC1	1095	12	tf_targeting
Huangfu DE	RBAK	1062	12	tf_targeting
Huangfu DE	RBCK1	832	6	tf_targeting
Huangfu DE	RBL2	1279	12	tf_targeting
Huangfu DE	RBMS1	648	6	tf_targeting
Huangfu DE	RBPJ	928	6	tf_targeting
Huangfu DE	RBPJL	882	6	tf_targeting
Huangfu DE	RC3H2	437	6	tf_targeting
Huangfu DE	RCAN1	471	6	tf_targeting
Huangfu DE	RCOR1	774	6	tf_targeting
Huangfu DE	RCOR2	814	6	tf_targeting
Huangfu DE	RCOR3	986	6	tf_targeting
Huangfu DE	REL	662	6	tf_targeting
Huangfu DE	RELA	1102	6	tf_targeting
Huangfu DE	RELB	703	6	tf_targeting
Huangfu DE	REPIN1	1100	6	tf_targeting
Huangfu DE	RERE	737	6	tf_targeting
Huangfu DE	REST	1543	12	tf_targeting
Huangfu DE	REXO4	501	6	tf_targeting
Huangfu DE	RFX1	1856	6	tf_targeting
Huangfu DE	RFX2	727	6	tf_targeting
Huangfu DE	RFX3	302	6	tf_targeting
Huangfu DE	RFX4	906	6	tf_targeting
Huangfu DE	RFX5	458	6	tf_targeting
Huangfu DE	RFX6	536	6	tf_targeting
Huangfu DE	RFX7	667	6	tf_targeting
Huangfu DE	RFX8	547	6	tf_targeting
Huangfu DE	RFXANK	650	6	tf_targeting
Huangfu DE	RFXAP	698	6	tf_targeting
Huangfu DE	RHOXF1	603	6	tf_targeting
Huangfu DE	RLF	977	6	tf_targeting
Huangfu DE	RNF141	1000	6	tf_targeting
Huangfu DE	RNF2	1285	6	tf_targeting
Huangfu DE	RNF4	346	6	tf_targeting
Huangfu DE	RORA	1078	6	tf_targeting
Huangfu DE	RORB	658	6	tf_targeting
Huangfu DE	RORC	910	12	tf_targeting
Huangfu DE	RPA3	421	6	tf_targeting
Huangfu DE	RPF1	136	6	tf_targeting
Huangfu DE	RPS4X	225	6	tf_targeting
Huangfu DE	RREB1	750	6	tf_targeting
Huangfu DE	RUNX1	1262	6	tf_targeting
Huangfu DE	RUNX1T1	1422	12	tf_targeting
Huangfu DE	RUNX2	1008	12	tf_targeting
Huangfu DE	RUNX3	1797	12	tf_targeting
Huangfu DE	RUVBL1	146	6	tf_targeting
Huangfu DE	RXRA	803	6	tf_targeting
Huangfu DE	RXRB	557	6	tf_targeting
Huangfu DE	RXRG	593	6	tf_targeting
Huangfu DE	SACM1L	709	6	tf_targeting
Huangfu DE	SAFB	531	6	tf_targeting
Huangfu DE	SAFB2	446	6	tf_targeting
Huangfu DE	SALL1	1115	6	tf_targeting
Huangfu DE	SALL2	567	6	tf_targeting
Huangfu DE	SALL3	1095	6	tf_targeting
Huangfu DE	SALL4	104	6	tf_targeting
Huangfu DE	SATB1	1836	12	tf_targeting
Huangfu DE	SATB2	767	6	tf_targeting
Huangfu DE	SCAND3	462	6	tf_targeting
Huangfu DE	SCAPER	669	6	tf_targeting
Huangfu DE	SCMH1	1477	12	tf_targeting
Huangfu DE	SCML4	428	6	tf_targeting
Huangfu DE	SCRT1	570	6	tf_targeting
Huangfu DE	SCRT2	562	6	tf_targeting
Huangfu DE	SCXA	271	5	tf_targeting
Huangfu DE	SCXB	640	5	tf_targeting
Huangfu DE	SEBOX	1279	6	tf_targeting
Huangfu DE	SETBP1	633	6	tf_targeting
Huangfu DE	SETD1A	763	6	tf_targeting
Huangfu DE	SETDB1	1697	6	tf_targeting
Huangfu DE	SETDB2	875	6	tf_targeting
Huangfu DE	SGSM2	519	6	tf_targeting
Huangfu DE	SH3D19	2246	12	tf_targeting
Huangfu DE	SHOX	408	6	tf_targeting
Huangfu DE	SHOX2	678	6	tf_targeting
Huangfu DE	SIM1	560	6	tf_targeting
Huangfu DE	SIM2	952	6	tf_targeting
Huangfu DE	SIN3A	1712	12	tf_targeting
Huangfu DE	SIRT6	1314	6	tf_targeting
Huangfu DE	SIX1	581	6	tf_targeting
Huangfu DE	SIX2	628	6	tf_targeting
Huangfu DE	SIX3	579	6	tf_targeting
Huangfu DE	SIX4	1718	6	tf_targeting
Huangfu DE	SIX5	757	6	tf_targeting
Huangfu DE	SIX6	540	6	tf_targeting
Huangfu DE	SKI	499	6	tf_targeting
Huangfu DE	SKIL	526	6	tf_targeting
Huangfu DE	SKOR1	895	6	tf_targeting
Huangfu DE	SKOR2	644	6	tf_targeting
Huangfu DE	SLC22A1	719	6	tf_targeting
Huangfu DE	SLC2A4RG	677	6	tf_targeting
Huangfu DE	SLC30A9	281	6	tf_targeting
Huangfu DE	SMAD1	1045	6	tf_targeting
Huangfu DE	SMAD2	581	6	tf_targeting
Huangfu DE	SMAD3	1990	6	tf_targeting
Huangfu DE	SMAD4	1925	6	tf_targeting
Huangfu DE	SMAD5	721	6	tf_targeting
Huangfu DE	SMAD6	546	6	tf_targeting
Huangfu DE	SMAD7	1399	6	tf_targeting
Huangfu DE	SMAD9	639	6	tf_targeting
Huangfu DE	SMARCA1	1185	6	tf_targeting
Huangfu DE	SMARCA2	764	6	tf_targeting
Huangfu DE	SMARCA4	1016	6	tf_targeting
Huangfu DE	SMARCA5	914	6	tf_targeting
Huangfu DE	SMARCB1	965	12	tf_targeting
Huangfu DE	SMARCC1	2012	6	tf_targeting
Huangfu DE	SMARCC2	894	6	tf_targeting
Huangfu DE	SMYD2	812	6	tf_targeting
Huangfu DE	SMYD3	612	6	tf_targeting
Huangfu DE	SNAI1	405	6	tf_targeting
Huangfu DE	SNAI2	679	6	tf_targeting
Huangfu DE	SNAI3	589	6	tf_targeting
Huangfu DE	SNAPC1	408	6	tf_targeting
Huangfu DE	SNAPC2	548	6	tf_targeting
Huangfu DE	SNAPC3	159	6	tf_targeting
Huangfu DE	SNAPC4	627	6	tf_targeting
Huangfu DE	SNAPC5	439	6	tf_targeting
Huangfu DE	SOHLH1	503	6	tf_targeting
Huangfu DE	SOHLH2	830	6	tf_targeting
Huangfu DE	SON	1369	12	tf_targeting
Huangfu DE	SOX1	550	6	tf_targeting
Huangfu DE	SOX10	675	6	tf_targeting
Huangfu DE	SOX11	1060	6	tf_targeting
Huangfu DE	SOX12	828	6	tf_targeting
Huangfu DE	SOX13	505	6	tf_targeting
Huangfu DE	SOX14	452	6	tf_targeting
Huangfu DE	SOX15	958	6	tf_targeting
Huangfu DE	SOX17	973	6	tf_targeting
Huangfu DE	SOX18	378	6	tf_targeting
Huangfu DE	SOX2	820	6	tf_targeting
Huangfu DE	SOX21	847	6	tf_targeting
Huangfu DE	SOX3	469	6	tf_targeting
Huangfu DE	SOX30	1339	12	tf_targeting
Huangfu DE	SOX4	3076	12	tf_targeting
Huangfu DE	SOX5	1403	12	tf_targeting
Huangfu DE	SOX6	2005	18	tf_targeting
Huangfu DE	SOX7	350	6	tf_targeting
Huangfu DE	SOX8	574	6	tf_targeting
Huangfu DE	SOX9	1114	6	tf_targeting
Huangfu DE	SP1	693	6	tf_targeting
Huangfu DE	SP100	686	6	tf_targeting
Huangfu DE	SP110	713	6	tf_targeting
Huangfu DE	SP140	529	6	tf_targeting
Huangfu DE	SP140L	650	6	tf_targeting
Huangfu DE	SP2	956	6	tf_targeting
Huangfu DE	SP3	541	6	tf_targeting
Huangfu DE	SP4	1105	6	tf_targeting
Huangfu DE	SP5	961	6	tf_targeting
Huangfu DE	SP6	553	6	tf_targeting
Huangfu DE	SP7	559	6	tf_targeting
Huangfu DE	SP8	428	6	tf_targeting
Huangfu DE	SP9	728	6	tf_targeting
Huangfu DE	SPDEF	525	6	tf_targeting
Huangfu DE	SPEN	751	6	tf_targeting
Huangfu DE	SPI1	697	6	tf_targeting
Huangfu DE	SPIB	508	6	tf_targeting
Huangfu DE	SPIC	477	6	tf_targeting
Huangfu DE	SPZ1	675	6	tf_targeting
Huangfu DE	SRCAP	721	6	tf_targeting
Huangfu DE	SREBF1	1152	12	tf_targeting
Huangfu DE	SREBF2	765	6	tf_targeting
Huangfu DE	SRF	373	6	tf_targeting
Huangfu DE	SRY	1250	6	tf_targeting
Huangfu DE	SS18	553	6	tf_targeting
Huangfu DE	SSRP1	246	6	tf_targeting
Huangfu DE	ST18	1084	6	tf_targeting
Huangfu DE	STAT1	611	6	tf_targeting
Huangfu DE	STAT2	744	6	tf_targeting
Huangfu DE	STAT3	458	6	tf_targeting
Huangfu DE	STAT4	686	6	tf_targeting
Huangfu DE	STAT5A	951	6	tf_targeting
Huangfu DE	STAT5B	452	6	tf_targeting
Huangfu DE	STAT6	685	6	tf_targeting
Huangfu DE	STOX2	2057	12	tf_targeting
Huangfu DE	STRA13	693	6	tf_targeting
Huangfu DE	STRAP	443	6	tf_targeting
Huangfu DE	SUB1	1511	12	tf_targeting
Huangfu DE	SULT2A1	538	6	tf_targeting
Huangfu DE	SUPT4H1	520	6	tf_targeting
Huangfu DE	SUPT5H	116	6	tf_targeting
Huangfu DE	SUZ12	429	6	tf_targeting
Huangfu DE	TADA2A	687	6	tf_targeting
Huangfu DE	TADA2B	884	6	tf_targeting
Huangfu DE	TADA3	547	6	tf_targeting
Huangfu DE	TAF1	78	6	tf_targeting
Huangfu DE	TAF10	437	6	tf_targeting
Huangfu DE	TAF11	586	6	tf_targeting
Huangfu DE	TAF12	1232	6	tf_targeting
Huangfu DE	TAF13	180	6	tf_targeting
Huangfu DE	TAF1A	20	6	tf_targeting
Huangfu DE	TAF1B	686	6	tf_targeting
Huangfu DE	TAF4	1140	6	tf_targeting
Huangfu DE	TAF4B	544	6	tf_targeting
Huangfu DE	TAF5	231	6	tf_targeting
Huangfu DE	TAF5L	979	6	tf_targeting
Huangfu DE	TAF6	517	6	tf_targeting
Huangfu DE	TAF7	2198	6	tf_targeting
Huangfu DE	TAF9	467	6	tf_targeting
Huangfu DE	TAL1	1352	12	tf_targeting
Huangfu DE	TAL2	609	6	tf_targeting
Huangfu DE	TARDBP	775	6	tf_targeting
Huangfu DE	TAZ	541	6	tf_targeting
Huangfu DE	TBP	779	6	tf_targeting
Huangfu DE	TBPL1	319	6	tf_targeting
Huangfu DE	TBPL2	951	6	tf_targeting
Huangfu DE	TBR1	835	6	tf_targeting
Huangfu DE	TBX1	532	6	tf_targeting
Huangfu DE	TBX10	766	6	tf_targeting
Huangfu DE	TBX15	802	6	tf_targeting
Huangfu DE	TBX18	1624	12	tf_targeting
Huangfu DE	TBX19	750	6	tf_targeting
Huangfu DE	TBX2	329	6	tf_targeting
Huangfu DE	TBX20	635	6	tf_targeting
Huangfu DE	TBX21	746	6	tf_targeting
Huangfu DE	TBX22	767	6	tf_targeting
Huangfu DE	TBX3	715	6	tf_targeting
Huangfu DE	TBX4	1248	12	tf_targeting
Huangfu DE	TBX5	1955	12	tf_targeting
Huangfu DE	TBX6	570	6	tf_targeting
Huangfu DE	TBXT	1060	6	tf_targeting
Huangfu DE	TCEB1	499	6	tf_targeting
Huangfu DE	TCEB2	1175	6	tf_targeting
Huangfu DE	TCEB3	1052	6	tf_targeting
Huangfu DE	TCERG1	933	6	tf_targeting
Huangfu DE	TCF12	1053	12	tf_targeting
Huangfu DE	TCF15	655	6	tf_targeting
Huangfu DE	TCF19	1809	12	tf_targeting
Huangfu DE	TCF20	650	6	tf_targeting
Huangfu DE	TCF21	1026	6	tf_targeting
Huangfu DE	TCF23	531	6	tf_targeting
Huangfu DE	TCF24	463	6	tf_targeting
Huangfu DE	TCF25	768	6	tf_targeting
Huangfu DE	TCF3	835	6	tf_targeting
Huangfu DE	TCF4	782	6	tf_targeting
Huangfu DE	TCF7	766	6	tf_targeting
Huangfu DE	TCF7L1	978	6	tf_targeting
Huangfu DE	TCF7L2	948	6	tf_targeting
Huangfu DE	TCFL5	811	6	tf_targeting
Huangfu DE	TEAD1	815	6	tf_targeting
Huangfu DE	TEAD2	314	6	tf_targeting
Huangfu DE	TEAD3	361	6	tf_targeting
Huangfu DE	TEAD4	378	6	tf_targeting
Huangfu DE	TEF	981	12	tf_targeting
Huangfu DE	TERF1	721	6	tf_targeting
Huangfu DE	TERF2	858	6	tf_targeting
Huangfu DE	TET1	675	6	tf_targeting
Huangfu DE	TET2	887	6	tf_targeting
Huangfu DE	TET3	673	6	tf_targeting
Huangfu DE	TFAM	540	6	tf_targeting
Huangfu DE	TFAP2A	1400	12	tf_targeting
Huangfu DE	TFAP2B	468	6	tf_targeting
Huangfu DE	TFAP2C	1124	6	tf_targeting
Huangfu DE	TFAP2D	447	6	tf_targeting
Huangfu DE	TFAP2E	647	6	tf_targeting
Huangfu DE	TFAP4	1162	6	tf_targeting
Huangfu DE	TFCP2	1084	6	tf_targeting
Huangfu DE	TFCP2L1	486	6	tf_targeting
Huangfu DE	TFDP1	303	6	tf_targeting
Huangfu DE	TFDP2	2020	12	tf_targeting
Huangfu DE	TFDP3	312	6	tf_targeting
Huangfu DE	TFEB	1084	12	tf_targeting
Huangfu DE	TFEC	691	6	tf_targeting
Huangfu DE	TFRC	3584	1	positive_control
Huangfu DE	TGFB1I1	456	6	tf_targeting
Huangfu DE	TGIF1	881	6	tf_targeting
Huangfu DE	TGIF2	600	6	tf_targeting
Huangfu DE	TGIF2LX	425	4	tf_targeting
Huangfu DE	TGIF2LY	605	4	tf_targeting
Huangfu DE	THAP1	466	6	tf_targeting
Huangfu DE	THAP10	595	6	tf_targeting
Huangfu DE	THAP11	818	6	tf_targeting
Huangfu DE	THAP2	1793	12	tf_targeting
Huangfu DE	THAP3	628	6	tf_targeting
Huangfu DE	THAP4	590	6	tf_targeting
Huangfu DE	THAP5	769	6	tf_targeting
Huangfu DE	THAP6	478	6	tf_targeting
Huangfu DE	THAP7	1028	6	tf_targeting
Huangfu DE	THAP8	606	6	tf_targeting
Huangfu DE	THAP9	917	6	tf_targeting
Huangfu DE	THRA	1338	6	tf_targeting
Huangfu DE	THRB	485	6	tf_targeting
Huangfu DE	THYN1	620	6	tf_targeting
Huangfu DE	TIGD1	919	6	tf_targeting
Huangfu DE	TIGD2	536	6	tf_targeting
Huangfu DE	TIGD3	732	6	tf_targeting
Huangfu DE	TIGD4	528	6	tf_targeting
Huangfu DE	TIGD5	796	6	tf_targeting
Huangfu DE	TIGD6	528	6	tf_targeting
Huangfu DE	TIGD7	474	6	tf_targeting
Huangfu DE	TLX1	920	6	tf_targeting
Huangfu DE	TLX2	549	6	tf_targeting
Huangfu DE	TLX3	770	6	tf_targeting
Huangfu DE	TMF1	644	6	tf_targeting
Huangfu DE	TNXB	751	6	tf_targeting
Huangfu DE	TOPORS	683	6	tf_targeting
Huangfu DE	TOX	601	6	tf_targeting
Huangfu DE	TOX2	506	6	tf_targeting
Huangfu DE	TOX3	1163	6	tf_targeting
Huangfu DE	TOX4	583	6	tf_targeting
Huangfu DE	TP53	1151	6	tf_targeting
Huangfu DE	TP53BP1	1762	12	tf_targeting
Huangfu DE	TP53BP2	673	6	tf_targeting
Huangfu DE	TP63	359	6	tf_targeting
Huangfu DE	TP73	1546	6	tf_targeting
Huangfu DE	TPI1	641	6	tf_targeting
Huangfu DE	TPRX1	389	6	tf_targeting
Huangfu DE	TRAFD1	1159	6	tf_targeting
Huangfu DE	TRERF1	644	6	tf_targeting
Huangfu DE	TRIM22	1089	6	tf_targeting
Huangfu DE	TRIM25	598	6	tf_targeting
Huangfu DE	TRIM27	589	6	tf_targeting
Huangfu DE	TRIM28	838	6	tf_targeting
Huangfu DE	TRIM29	1184	12	tf_targeting
Huangfu DE	TRPS1	1832	6	tf_targeting
Huangfu DE	TSC22D1	682	6	tf_targeting
Huangfu DE	TSC22D2	930	6	tf_targeting
Huangfu DE	TSC22D3	597	6	tf_targeting
Huangfu DE	TSC22D4	472	6	tf_targeting
Huangfu DE	TSHZ1	540	6	tf_targeting
Huangfu DE	TSHZ2	512	5	tf_targeting
Huangfu DE	TSHZ3	484	6	tf_targeting
Huangfu DE	TTF1	915	6	tf_targeting
Huangfu DE	TUB	944	6	tf_targeting
Huangfu DE	TULP1	663	6	tf_targeting
Huangfu DE	TULP2	483	6	tf_targeting
Huangfu DE	TULP3	1457	12	tf_targeting
Huangfu DE	TULP4	747	6	tf_targeting
Huangfu DE	TWIST1	701	6	tf_targeting
Huangfu DE	TWIST2	876	6	tf_targeting
Huangfu DE	UBN1	798	6	tf_targeting
Huangfu DE	UBP1	583	6	tf_targeting
Huangfu DE	UNCX	948	6	tf_targeting
Huangfu DE	UNKL	1822	6	tf_targeting
Huangfu DE	USF1	419	6	tf_targeting
Huangfu DE	USF2	781	6	tf_targeting
Huangfu DE	VAV1	342	6	tf_targeting
Huangfu DE	VAX1	636	6	tf_targeting
Huangfu DE	VAX2	600	6	tf_targeting
Huangfu DE	VDR	948	6	tf_targeting
Huangfu DE	VENTX	429	6	tf_targeting
Huangfu DE	VEZF1	1399	6	tf_targeting
Huangfu DE	VPS72	225	6	tf_targeting
Huangfu DE	VSX1	441	6	tf_targeting
Huangfu DE	VSX2	349	6	tf_targeting
Huangfu DE	WDHD1	459	6	tf_targeting
Huangfu DE	WDR82	865	6	tf_targeting
Huangfu DE	WHSC1	581	6	tf_targeting
Huangfu DE	WIZ	835	6	tf_targeting
Huangfu DE	WNK1	655	6	tf_targeting
Huangfu DE	WT1	574	6	tf_targeting
Huangfu DE	XBP1	723	6	tf_targeting
Huangfu DE	XPA	373	6	tf_targeting
Huangfu DE	XRCC5	564	6	tf_targeting
Huangfu DE	XRCC6	947	6	tf_targeting
Huangfu DE	YAF2	644	6	tf_targeting
Huangfu DE	YAP1	593	6	tf_targeting
Huangfu DE	YBX1	566	6	tf_targeting
Huangfu DE	YBX2	782	6	tf_targeting
Huangfu DE	YBX3	465	6	tf_targeting
Huangfu DE	YEATS2	642	6	tf_targeting
Huangfu DE	YWHAE	931	6	tf_targeting
Huangfu DE	YWHAZ	486	6	tf_targeting
Huangfu DE	YY1	830	6	tf_targeting
Huangfu DE	YY2	783	5	tf_targeting
Huangfu DE	ZBED1	475	6	tf_targeting
Huangfu DE	ZBED2	701	6	tf_targeting
Huangfu DE	ZBED3	886	6	tf_targeting
Huangfu DE	ZBED4	637	6	tf_targeting
Huangfu DE	ZBED5	758	6	tf_targeting
Huangfu DE	ZBED6	379	4	tf_targeting
Huangfu DE	ZBTB1	853	6	tf_targeting
Huangfu DE	ZBTB10	375	6	tf_targeting
Huangfu DE	ZBTB11	1675	6	tf_targeting
Huangfu DE	ZBTB12	936	6	tf_targeting
Huangfu DE	ZBTB14	569	6	tf_targeting
Huangfu DE	ZBTB16	628	6	tf_targeting
Huangfu DE	ZBTB17	797	6	tf_targeting
Huangfu DE	ZBTB18	918	6	tf_targeting
Huangfu DE	ZBTB2	535	6	tf_targeting
Huangfu DE	ZBTB20	1809	12	tf_targeting
Huangfu DE	ZBTB21	639	6	tf_targeting
Huangfu DE	ZBTB22	916	6	tf_targeting
Huangfu DE	ZBTB24	675	6	tf_targeting
Huangfu DE	ZBTB25	790	6	tf_targeting
Huangfu DE	ZBTB26	589	6	tf_targeting
Huangfu DE	ZBTB3	559	6	tf_targeting
Huangfu DE	ZBTB32	520	6	tf_targeting
Huangfu DE	ZBTB33	637	6	tf_targeting
Huangfu DE	ZBTB34	324	6	tf_targeting
Huangfu DE	ZBTB37	757	6	tf_targeting
Huangfu DE	ZBTB38	1096	12	tf_targeting
Huangfu DE	ZBTB39	389	6	tf_targeting
Huangfu DE	ZBTB4	1023	12	tf_targeting
Huangfu DE	ZBTB40	1172	6	tf_targeting
Huangfu DE	ZBTB41	1270	6	tf_targeting
Huangfu DE	ZBTB42	1046	6	tf_targeting
Huangfu DE	ZBTB43	601	6	tf_targeting
Huangfu DE	ZBTB44	731	6	tf_targeting
Huangfu DE	ZBTB45	1123	6	tf_targeting
Huangfu DE	ZBTB46	375	6	tf_targeting
Huangfu DE	ZBTB47	700	6	tf_targeting
Huangfu DE	ZBTB48	584	6	tf_targeting
Huangfu DE	ZBTB49	692	6	tf_targeting
Huangfu DE	ZBTB5	963	6	tf_targeting
Huangfu DE	ZBTB6	638	6	tf_targeting
Huangfu DE	ZBTB7A	962	12	tf_targeting
Huangfu DE	ZBTB7B	735	6	tf_targeting
Huangfu DE	ZBTB7C	1291	12	tf_targeting
Huangfu DE	ZBTB8A	1287	6	tf_targeting
Huangfu DE	ZBTB8B	984	6	tf_targeting
Huangfu DE	ZBTB9	1017	6	tf_targeting
Huangfu DE	ZC3H11A	227	4	tf_targeting
Huangfu DE	ZC3H15	667	6	tf_targeting
Huangfu DE	ZC3H3	382	6	tf_targeting
Huangfu DE	ZC3H8	64	6	tf_targeting
Huangfu DE	ZCCHC11	508	6	tf_targeting
Huangfu DE	ZCCHC6	572	6	tf_targeting
Huangfu DE	ZEB1	2047	12	tf_targeting
Huangfu DE	ZEB2	2556	12	tf_targeting
Huangfu DE	ZFAT	1636	12	tf_targeting
Huangfu DE	ZFHX2	1841	12	tf_targeting
Huangfu DE	ZFHX3	694	6	tf_targeting
Huangfu DE	ZFHX4	686	6	tf_targeting
Huangfu DE	ZFP1	865	6	tf_targeting
Huangfu DE	ZFP14	829	6	tf_targeting
Huangfu DE	ZFP2	616	6	tf_targeting
Huangfu DE	ZFP28	631	6	tf_targeting
Huangfu DE	ZFP3	615	6	tf_targeting
Huangfu DE	ZFP30	700	6	tf_targeting
Huangfu DE	ZFP36L1	1340	12	tf_targeting
Huangfu DE	ZFP36L2	905	6	tf_targeting
Huangfu DE	ZFP37	488	6	tf_targeting
Huangfu DE	ZFP41	477	6	tf_targeting
Huangfu DE	ZFP42	1550	12	tf_targeting
Huangfu DE	ZFP57	1629	6	tf_targeting
Huangfu DE	ZFP62	1429	6	tf_targeting
Huangfu DE	ZFP64	698	6	tf_targeting
Huangfu DE	ZFP69	568	6	tf_targeting
Huangfu DE	ZFP69B	614	6	tf_targeting
Huangfu DE	ZFP82	1326	6	tf_targeting
Huangfu DE	ZFP90	1566	12	tf_targeting
Huangfu DE	ZFP91	656	6	tf_targeting
Huangfu DE	ZFP92	786	6	tf_targeting
Huangfu DE	ZFPM1	671	6	tf_targeting
Huangfu DE	ZFPM2	751	6	tf_targeting
Huangfu DE	ZFX	745	6	tf_targeting
Huangfu DE	ZFY	665	6	tf_targeting
Huangfu DE	ZFYVE20	413	6	tf_targeting
Huangfu DE	ZFYVE26	924	6	tf_targeting
Huangfu DE	ZGLP1	461	6	tf_targeting
Huangfu DE	ZGPAT	1217	6	tf_targeting
Huangfu DE	ZHX1	581	6	tf_targeting
Huangfu DE	ZHX2	589	6	tf_targeting
Huangfu DE	ZHX3	801	6	tf_targeting
Huangfu DE	ZIC1	624	6	tf_targeting
Huangfu DE	ZIC2	624	6	tf_targeting
Huangfu DE	ZIC3	1060	6	tf_targeting
Huangfu DE	ZIC4	1356	12	tf_targeting
Huangfu DE	ZIC5	676	6	tf_targeting
Huangfu DE	ZIK1	528	6	tf_targeting
Huangfu DE	ZIM2	483	3	tf_targeting
Huangfu DE	ZIM3	833	6	tf_targeting
Huangfu DE	ZKSCAN1	757	6	tf_targeting
Huangfu DE	ZKSCAN2	507	6	tf_targeting
Huangfu DE	ZKSCAN3	586	6	tf_targeting
Huangfu DE	ZKSCAN4	664	6	tf_targeting
Huangfu DE	ZKSCAN5	787	6	tf_targeting
Huangfu DE	ZKSCAN7	544	6	tf_targeting
Huangfu DE	ZKSCAN8	978	6	tf_targeting
Huangfu DE	ZMAT1	974	6	tf_targeting
Huangfu DE	ZMAT2	1663	12	tf_targeting
Huangfu DE	ZMAT3	264	6	tf_targeting
Huangfu DE	ZMAT4	810	6	tf_targeting
Huangfu DE	ZNF10	1002	6	tf_targeting
Huangfu DE	ZNF100	551	6	tf_targeting
Huangfu DE	ZNF101	596	6	tf_targeting
Huangfu DE	ZNF107	930	6	tf_targeting
Huangfu DE	ZNF112	397	6	tf_targeting
Huangfu DE	ZNF114	718	6	tf_targeting
Huangfu DE	ZNF117	360	6	tf_targeting
Huangfu DE	ZNF12	498	6	tf_targeting
Huangfu DE	ZNF121	519	6	tf_targeting
Huangfu DE	ZNF124	849	6	tf_targeting
Huangfu DE	ZNF131	866	6	tf_targeting
Huangfu DE	ZNF132	690	6	tf_targeting
Huangfu DE	ZNF133	720	6	tf_targeting
Huangfu DE	ZNF134	916	6	tf_targeting
Huangfu DE	ZNF135	547	6	tf_targeting
Huangfu DE	ZNF136	486	6	tf_targeting
Huangfu DE	ZNF138	909	6	tf_targeting
Huangfu DE	ZNF14	824	6	tf_targeting
Huangfu DE	ZNF140	616	6	tf_targeting
Huangfu DE	ZNF141	766	6	tf_targeting
Huangfu DE	ZNF142	331	6	tf_targeting
Huangfu DE	ZNF143	978	6	tf_targeting
Huangfu DE	ZNF146	730	6	tf_targeting
Huangfu DE	ZNF148	679	6	tf_targeting
Huangfu DE	ZNF154	607	6	tf_targeting
Huangfu DE	ZNF155	703	6	tf_targeting
Huangfu DE	ZNF157	858	6	tf_targeting
Huangfu DE	ZNF16	983	6	tf_targeting
Huangfu DE	ZNF160	895	6	tf_targeting
Huangfu DE	ZNF165	672	6	tf_targeting
Huangfu DE	ZNF169	984	6	tf_targeting
Huangfu DE	ZNF17	508	6	tf_targeting
Huangfu DE	ZNF174	561	6	tf_targeting
Huangfu DE	ZNF175	639	6	tf_targeting
Huangfu DE	ZNF177	922	10	tf_targeting
Huangfu DE	ZNF18	501	6	tf_targeting
Huangfu DE	ZNF180	894	6	tf_targeting
Huangfu DE	ZNF181	439	6	tf_targeting
Huangfu DE	ZNF182	530	6	tf_targeting
Huangfu DE	ZNF184	906	6	tf_targeting
Huangfu DE	ZNF189	942	6	tf_targeting
Huangfu DE	ZNF19	947	6	tf_targeting
Huangfu DE	ZNF195	478	6	tf_targeting
Huangfu DE	ZNF197	1148	6	tf_targeting
Huangfu DE	ZNF2	514	6	tf_targeting
Huangfu DE	ZNF20	1404	7	tf_targeting
Huangfu DE	ZNF200	1263	6	tf_targeting
Huangfu DE	ZNF202	406	6	tf_targeting
Huangfu DE	ZNF205	336	6	tf_targeting
Huangfu DE	ZNF207	851	12	tf_targeting
Huangfu DE	ZNF211	1016	6	tf_targeting
Huangfu DE	ZNF212	746	6	tf_targeting
Huangfu DE	ZNF213	501	6	tf_targeting
Huangfu DE	ZNF214	730	6	tf_targeting
Huangfu DE	ZNF215	683	6	tf_targeting
Huangfu DE	ZNF217	1128	12	tf_targeting
Huangfu DE	ZNF219	441	5	tf_targeting
Huangfu DE	ZNF22	1051	6	tf_targeting
Huangfu DE	ZNF221	550	6	tf_targeting
Huangfu DE	ZNF222	819	6	tf_targeting
Huangfu DE	ZNF223	855	6	tf_targeting
Huangfu DE	ZNF224	731	6	tf_targeting
Huangfu DE	ZNF225	415	6	tf_targeting
Huangfu DE	ZNF226	2729	12	tf_targeting
Huangfu DE	ZNF227	692	6	tf_targeting
Huangfu DE	ZNF229	801	6	tf_targeting
Huangfu DE	ZNF23	1485	12	tf_targeting
Huangfu DE	ZNF230	921	6	tf_targeting
Huangfu DE	ZNF232	1420	12	tf_targeting
Huangfu DE	ZNF233	600	6	tf_targeting
Huangfu DE	ZNF235	383	6	tf_targeting
Huangfu DE	ZNF236	556	6	tf_targeting
Huangfu DE	ZNF239	564	6	tf_targeting
Huangfu DE	ZNF24	626	6	tf_targeting
Huangfu DE	ZNF248	475	6	tf_targeting
Huangfu DE	ZNF25	545	6	tf_targeting
Huangfu DE	ZNF250	1045	6	tf_targeting
Huangfu DE	ZNF251	659	6	tf_targeting
Huangfu DE	ZNF253	741	6	tf_targeting
Huangfu DE	ZNF254	1793	6	tf_targeting
Huangfu DE	ZNF256	895	6	tf_targeting
Huangfu DE	ZNF257	467	6	tf_targeting
Huangfu DE	ZNF26	735	6	tf_targeting
Huangfu DE	ZNF260	731	6	tf_targeting
Huangfu DE	ZNF263	1690	12	tf_targeting
Huangfu DE	ZNF264	478	6	tf_targeting
Huangfu DE	ZNF266	1798	6	tf_targeting
Huangfu DE	ZNF267	1561	12	tf_targeting
Huangfu DE	ZNF268	1033	6	tf_targeting
Huangfu DE	ZNF273	1316	12	tf_targeting
Huangfu DE	ZNF274	975	6	tf_targeting
Huangfu DE	ZNF275	629	6	tf_targeting
Huangfu DE	ZNF276	740	6	tf_targeting
Huangfu DE	ZNF277	475	6	tf_targeting
Huangfu DE	ZNF28	725	6	tf_targeting
Huangfu DE	ZNF280B	575	6	tf_targeting
Huangfu DE	ZNF280C	687	6	tf_targeting
Huangfu DE	ZNF280D	1012	6	tf_targeting
Huangfu DE	ZNF281	256	6	tf_targeting
Huangfu DE	ZNF282	712	6	tf_targeting
Huangfu DE	ZNF283	784	6	tf_targeting
Huangfu DE	ZNF284	668	6	tf_targeting
Huangfu DE	ZNF285	1287	6	tf_targeting
Huangfu DE	ZNF286A	689	6	tf_targeting
Huangfu DE	ZNF286B	146	6	tf_targeting
Huangfu DE	ZNF287	579	6	tf_targeting
Huangfu DE	ZNF292	1282	6	tf_targeting
Huangfu DE	ZNF296	646	6	tf_targeting
Huangfu DE	ZNF3	900	6	tf_targeting
Huangfu DE	ZNF30	555	6	tf_targeting
Huangfu DE	ZNF300	679	6	tf_targeting
Huangfu DE	ZNF302	832	6	tf_targeting
Huangfu DE	ZNF304	695	6	tf_targeting
Huangfu DE	ZNF311	364	6	tf_targeting
Huangfu DE	ZNF317	929	6	tf_targeting
Huangfu DE	ZNF318	432	6	tf_targeting
Huangfu DE	ZNF319	1597	12	tf_targeting
Huangfu DE	ZNF32	730	6	tf_targeting
Huangfu DE	ZNF320	606	6	tf_targeting
Huangfu DE	ZNF322	544	6	tf_targeting
Huangfu DE	ZNF324	610	6	tf_targeting
Huangfu DE	ZNF324B	570	6	tf_targeting
Huangfu DE	ZNF326	604	6	tf_targeting
Huangfu DE	ZNF329	1921	12	tf_targeting
Huangfu DE	ZNF330	1002	6	tf_targeting
Huangfu DE	ZNF331	1178	12	tf_targeting
Huangfu DE	ZNF333	664	6	tf_targeting
Huangfu DE	ZNF334	756	6	tf_targeting
Huangfu DE	ZNF335	839	6	tf_targeting
Huangfu DE	ZNF337	663	6	tf_targeting
Huangfu DE	ZNF33A	608	6	tf_targeting
Huangfu DE	ZNF33B	583	6	tf_targeting
Huangfu DE	ZNF34	626	6	tf_targeting
Huangfu DE	ZNF341	1233	12	tf_targeting
Huangfu DE	ZNF343	582	6	tf_targeting
Huangfu DE	ZNF345	791	6	tf_targeting
Huangfu DE	ZNF346	509	6	tf_targeting
Huangfu DE	ZNF347	1098	6	tf_targeting
Huangfu DE	ZNF35	798	6	tf_targeting
Huangfu DE	ZNF350	961	6	tf_targeting
Huangfu DE	ZNF354A	816	6	tf_targeting
Huangfu DE	ZNF354B	545	6	tf_targeting
Huangfu DE	ZNF354C	743	6	tf_targeting
Huangfu DE	ZNF358	1054	12	tf_targeting
Huangfu DE	ZNF362	537	6	tf_targeting
Huangfu DE	ZNF365	1001	6	tf_targeting
Huangfu DE	ZNF366	739	6	tf_targeting
Huangfu DE	ZNF367	571	6	tf_targeting
Huangfu DE	ZNF37A	881	6	tf_targeting
Huangfu DE	ZNF382	948	6	tf_targeting
Huangfu DE	ZNF383	680	6	tf_targeting
Huangfu DE	ZNF384	455	6	tf_targeting
Huangfu DE	ZNF385A	1732	12	tf_targeting
Huangfu DE	ZNF385B	570	6	tf_targeting
Huangfu DE	ZNF385C	870	6	tf_targeting
Huangfu DE	ZNF385D	629	6	tf_targeting
Huangfu DE	ZNF391	351	6	tf_targeting
Huangfu DE	ZNF394	876	6	tf_targeting
Huangfu DE	ZNF395	813	6	tf_targeting
Huangfu DE	ZNF396	1150	6	tf_targeting
Huangfu DE	ZNF397	664	6	tf_targeting
Huangfu DE	ZNF398	523	6	tf_targeting
Huangfu DE	ZNF407	810	6	tf_targeting
Huangfu DE	ZNF408	743	6	tf_targeting
Huangfu DE	ZNF41	471	6	tf_targeting
Huangfu DE	ZNF410	372	6	tf_targeting
Huangfu DE	ZNF414	587	6	tf_targeting
Huangfu DE	ZNF415	1376	6	tf_targeting
Huangfu DE	ZNF416	1005	6	tf_targeting
Huangfu DE	ZNF417	376	5	tf_targeting
Huangfu DE	ZNF418	769	6	tf_targeting
Huangfu DE	ZNF419	449	6	tf_targeting
Huangfu DE	ZNF420	954	6	tf_targeting
Huangfu DE	ZNF423	2002	12	tf_targeting
Huangfu DE	ZNF425	589	6	tf_targeting
Huangfu DE	ZNF426	632	6	tf_targeting
Huangfu DE	ZNF428	532	6	tf_targeting
Huangfu DE	ZNF429	1393	6	tf_targeting
Huangfu DE	ZNF43	2498	12	tf_targeting
Huangfu DE	ZNF430	687	6	tf_targeting
Huangfu DE	ZNF431	624	6	tf_targeting
Huangfu DE	ZNF432	674	6	tf_targeting
Huangfu DE	ZNF433	778	6	tf_targeting
Huangfu DE	ZNF436	997	12	tf_targeting
Huangfu DE	ZNF438	1308	12	tf_targeting
Huangfu DE	ZNF439	1056	6	tf_targeting
Huangfu DE	ZNF44	1102	6	tf_targeting
Huangfu DE	ZNF440	841	6	tf_targeting
Huangfu DE	ZNF441	695	6	tf_targeting
Huangfu DE	ZNF442	670	6	tf_targeting
Huangfu DE	ZNF443	499	6	tf_targeting
Huangfu DE	ZNF444	478	6	tf_targeting
Huangfu DE	ZNF445	756	6	tf_targeting
Huangfu DE	ZNF446	1090	6	tf_targeting
Huangfu DE	ZNF449	738	6	tf_targeting
Huangfu DE	ZNF45	799	6	tf_targeting
Huangfu DE	ZNF451	1153	6	tf_targeting
Huangfu DE	ZNF454	753	6	tf_targeting
Huangfu DE	ZNF460	1464	6	tf_targeting
Huangfu DE	ZNF461	612	6	tf_targeting
Huangfu DE	ZNF462	742	6	tf_targeting
Huangfu DE	ZNF467	604	6	tf_targeting
Huangfu DE	ZNF468	401	6	tf_targeting
Huangfu DE	ZNF469	599	6	tf_targeting
Huangfu DE	ZNF470	463	6	tf_targeting
Huangfu DE	ZNF471	580	6	tf_targeting
Huangfu DE	ZNF473	503	6	tf_targeting
Huangfu DE	ZNF474	673	6	tf_targeting
Huangfu DE	ZNF479	259	6	tf_targeting
Huangfu DE	ZNF48	583	6	tf_targeting
Huangfu DE	ZNF480	887	6	tf_targeting
Huangfu DE	ZNF483	749	6	tf_targeting
Huangfu DE	ZNF484	517	6	tf_targeting
Huangfu DE	ZNF485	511	6	tf_targeting
Huangfu DE	ZNF486	822	6	tf_targeting
Huangfu DE	ZNF488	1289	12	tf_targeting
Huangfu DE	ZNF490	731	6	tf_targeting
Huangfu DE	ZNF491	585	6	tf_targeting
Huangfu DE	ZNF492	765	6	tf_targeting
Huangfu DE	ZNF493	776	6	tf_targeting
Huangfu DE	ZNF496	1272	6	tf_targeting
Huangfu DE	ZNF497	423	6	tf_targeting
Huangfu DE	ZNF500	657	6	tf_targeting
Huangfu DE	ZNF501	643	6	tf_targeting
Huangfu DE	ZNF502	621	6	tf_targeting
Huangfu DE	ZNF503	543	6	tf_targeting
Huangfu DE	ZNF506	603	6	tf_targeting
Huangfu DE	ZNF507	537	6	tf_targeting
Huangfu DE	ZNF510	884	6	tf_targeting
Huangfu DE	ZNF511	339	6	tf_targeting
Huangfu DE	ZNF512	421	6	tf_targeting
Huangfu DE	ZNF512B	904	6	tf_targeting
Huangfu DE	ZNF513	625	5	tf_targeting
Huangfu DE	ZNF514	1623	12	tf_targeting
Huangfu DE	ZNF516	825	6	tf_targeting
Huangfu DE	ZNF517	512	6	tf_targeting
Huangfu DE	ZNF518A	419	6	tf_targeting
Huangfu DE	ZNF518B	763	6	tf_targeting
Huangfu DE	ZNF519	703	6	tf_targeting
Huangfu DE	ZNF521	980	6	tf_targeting
Huangfu DE	ZNF524	658	6	tf_targeting
Huangfu DE	ZNF526	1539	6	tf_targeting
Huangfu DE	ZNF527	992	6	tf_targeting
Huangfu DE	ZNF528	567	6	tf_targeting
Huangfu DE	ZNF529	932	6	tf_targeting
Huangfu DE	ZNF530	675	6	tf_targeting
Huangfu DE	ZNF532	1966	12	tf_targeting
Huangfu DE	ZNF534	831	6	tf_targeting
Huangfu DE	ZNF536	774	6	tf_targeting
Huangfu DE	ZNF540	1539	12	tf_targeting
Huangfu DE	ZNF541	778	6	tf_targeting
Huangfu DE	ZNF543	932	6	tf_targeting
Huangfu DE	ZNF544	1119	6	tf_targeting
Huangfu DE	ZNF546	1028	6	tf_targeting
Huangfu DE	ZNF547	916	6	tf_targeting
Huangfu DE	ZNF548	751	6	tf_targeting
Huangfu DE	ZNF549	601	6	tf_targeting
Huangfu DE	ZNF550	945	6	tf_targeting
Huangfu DE	ZNF551	1149	6	tf_targeting
Huangfu DE	ZNF552	1265	6	tf_targeting
Huangfu DE	ZNF554	755	6	tf_targeting
Huangfu DE	ZNF555	969	6	tf_targeting
Huangfu DE	ZNF556	581	6	tf_targeting
Huangfu DE	ZNF557	954	6	tf_targeting
Huangfu DE	ZNF558	531	6	tf_targeting
Huangfu DE	ZNF559	395	4	tf_targeting
Huangfu DE	ZNF559-ZNF177	330	3	tf_targeting
Huangfu DE	ZNF560	740	6	tf_targeting
Huangfu DE	ZNF561	982	6	tf_targeting
Huangfu DE	ZNF562	763	6	tf_targeting
Huangfu DE	ZNF563	957	6	tf_targeting
Huangfu DE	ZNF564	931	5	tf_targeting
Huangfu DE	ZNF565	1041	6	tf_targeting
Huangfu DE	ZNF566	678	6	tf_targeting
Huangfu DE	ZNF567	330	6	tf_targeting
Huangfu DE	ZNF568	1408	6	tf_targeting
Huangfu DE	ZNF569	785	6	tf_targeting
Huangfu DE	ZNF57	510	6	tf_targeting
Huangfu DE	ZNF570	1878	12	tf_targeting
Huangfu DE	ZNF571	851	6	tf_targeting
Huangfu DE	ZNF572	321	6	tf_targeting
Huangfu DE	ZNF573	910	6	tf_targeting
Huangfu DE	ZNF574	729	12	tf_targeting
Huangfu DE	ZNF575	670	6	tf_targeting
Huangfu DE	ZNF576	770	6	tf_targeting
Huangfu DE	ZNF577	744	6	tf_targeting
Huangfu DE	ZNF578	807	6	tf_targeting
Huangfu DE	ZNF579	702	6	tf_targeting
Huangfu DE	ZNF580	1319	12	tf_targeting
Huangfu DE	ZNF581	739	6	tf_targeting
Huangfu DE	ZNF582	636	6	tf_targeting
Huangfu DE	ZNF583	444	6	tf_targeting
Huangfu DE	ZNF584	988	6	tf_targeting
Huangfu DE	ZNF585A	529	6	tf_targeting
Huangfu DE	ZNF585B	665	6	tf_targeting
Huangfu DE	ZNF586	569	6	tf_targeting
Huangfu DE	ZNF587	598	6	tf_targeting
Huangfu DE	ZNF587B	865	6	tf_targeting
Huangfu DE	ZNF589	700	6	tf_targeting
Huangfu DE	ZNF592	809	6	tf_targeting
Huangfu DE	ZNF593	430	6	tf_targeting
Huangfu DE	ZNF594	1013	6	tf_targeting
Huangfu DE	ZNF596	545	6	tf_targeting
Huangfu DE	ZNF597	507	6	tf_targeting
Huangfu DE	ZNF598	386	6	tf_targeting
Huangfu DE	ZNF599	1021	6	tf_targeting
Huangfu DE	ZNF600	852	6	tf_targeting
Huangfu DE	ZNF605	486	6	tf_targeting
Huangfu DE	ZNF606	779	6	tf_targeting
Huangfu DE	ZNF607	618	6	tf_targeting
Huangfu DE	ZNF608	1499	12	tf_targeting
Huangfu DE	ZNF609	830	6	tf_targeting
Huangfu DE	ZNF610	672	6	tf_targeting
Huangfu DE	ZNF611	854	6	tf_targeting
Huangfu DE	ZNF613	554	6	tf_targeting
Huangfu DE	ZNF614	734	6	tf_targeting
Huangfu DE	ZNF615	850	6	tf_targeting
Huangfu DE	ZNF616	735	6	tf_targeting
Huangfu DE	ZNF618	421	6	tf_targeting
Huangfu DE	ZNF619	553	6	tf_targeting
Huangfu DE	ZNF620	685	6	tf_targeting
Huangfu DE	ZNF621	969	6	tf_targeting
Huangfu DE	ZNF623	614	6	tf_targeting
Huangfu DE	ZNF624	652	6	tf_targeting
Huangfu DE	ZNF625	939	5	tf_targeting
Huangfu DE	ZNF626	443	6	tf_targeting
Huangfu DE	ZNF627	1164	6	tf_targeting
Huangfu DE	ZNF628	1005	6	tf_targeting
Huangfu DE	ZNF629	532	6	tf_targeting
Huangfu DE	ZNF630	697	6	tf_targeting
Huangfu DE	ZNF639	994	6	tf_targeting
Huangfu DE	ZNF641	945	6	tf_targeting
Huangfu DE	ZNF644	901	6	tf_targeting
Huangfu DE	ZNF645	850	6	tf_targeting
Huangfu DE	ZNF646	478	6	tf_targeting
Huangfu DE	ZNF648	588	6	tf_targeting
Huangfu DE	ZNF649	789	6	tf_targeting
Huangfu DE	ZNF652	799	6	tf_targeting
Huangfu DE	ZNF653	625	6	tf_targeting
Huangfu DE	ZNF654	798	6	tf_targeting
Huangfu DE	ZNF655	566	6	tf_targeting
Huangfu DE	ZNF660	897	6	tf_targeting
Huangfu DE	ZNF662	362	6	tf_targeting
Huangfu DE	ZNF664	963	6	tf_targeting
Huangfu DE	ZNF665	684	6	tf_targeting
Huangfu DE	ZNF667	449	6	tf_targeting
Huangfu DE	ZNF668	401	6	tf_targeting
Huangfu DE	ZNF669	1013	6	tf_targeting
Huangfu DE	ZNF670	1066	6	tf_targeting
Huangfu DE	ZNF671	577	6	tf_targeting
Huangfu DE	ZNF672	553	6	tf_targeting
Huangfu DE	ZNF674	571	6	tf_targeting
Huangfu DE	ZNF675	351	6	tf_targeting
Huangfu DE	ZNF676	519	6	tf_targeting
Huangfu DE	ZNF677	966	6	tf_targeting
Huangfu DE	ZNF678	618	6	tf_targeting
Huangfu DE	ZNF679	567	6	tf_targeting
Huangfu DE	ZNF680	587	6	tf_targeting
Huangfu DE	ZNF681	631	6	tf_targeting
Huangfu DE	ZNF682	1034	6	tf_targeting
Huangfu DE	ZNF683	671	6	tf_targeting
Huangfu DE	ZNF684	392	6	tf_targeting
Huangfu DE	ZNF687	827	6	tf_targeting
Huangfu DE	ZNF688	695	6	tf_targeting
Huangfu DE	ZNF689	803	6	tf_targeting
Huangfu DE	ZNF69	751	6	tf_targeting
Huangfu DE	ZNF691	682	6	tf_targeting
Huangfu DE	ZNF692	502	6	tf_targeting
Huangfu DE	ZNF695	766	6	tf_targeting
Huangfu DE	ZNF696	745	6	tf_targeting
Huangfu DE	ZNF697	742	6	tf_targeting
Huangfu DE	ZNF699	1465	12	tf_targeting
Huangfu DE	ZNF7	689	6	tf_targeting
Huangfu DE	ZNF70	616	6	tf_targeting
Huangfu DE	ZNF700	74	1	tf_targeting
Huangfu DE	ZNF701	637	6	tf_targeting
Huangfu DE	ZNF703	724	6	tf_targeting
Huangfu DE	ZNF704	558	6	tf_targeting
Huangfu DE	ZNF705A	580	6	tf_targeting
Huangfu DE	ZNF706	636	6	tf_targeting
Huangfu DE	ZNF707	920	6	tf_targeting
Huangfu DE	ZNF708	542	6	tf_targeting
Huangfu DE	ZNF709	105	1	tf_targeting
Huangfu DE	ZNF71	460	6	tf_targeting
Huangfu DE	ZNF710	621	6	tf_targeting
Huangfu DE	ZNF711	710	6	tf_targeting
Huangfu DE	ZNF713	395	6	tf_targeting
Huangfu DE	ZNF714	501	6	tf_targeting
Huangfu DE	ZNF716	648	6	tf_targeting
Huangfu DE	ZNF717	726	6	tf_targeting
Huangfu DE	ZNF718	643	6	tf_targeting
Huangfu DE	ZNF720	1175	6	tf_targeting
Huangfu DE	ZNF721	1430	12	tf_targeting
Huangfu DE	ZNF726	397	6	tf_targeting
Huangfu DE	ZNF727	590	6	tf_targeting
Huangfu DE	ZNF729	450	6	tf_targeting
Huangfu DE	ZNF730	1078	6	tf_targeting
Huangfu DE	ZNF732	458	6	tf_targeting
Huangfu DE	ZNF735	417	6	tf_targeting
Huangfu DE	ZNF736	1682	12	tf_targeting
Huangfu DE	ZNF737	737	6	tf_targeting
Huangfu DE	ZNF74	948	6	tf_targeting
Huangfu DE	ZNF740	731	6	tf_targeting
Huangfu DE	ZNF746	510	6	tf_targeting
Huangfu DE	ZNF747	229	1	tf_targeting
Huangfu DE	ZNF749	534	6	tf_targeting
Huangfu DE	ZNF750	473	6	tf_targeting
Huangfu DE	ZNF75A	716	6	tf_targeting
Huangfu DE	ZNF75D	801	6	tf_targeting
Huangfu DE	ZNF76	494	6	tf_targeting
Huangfu DE	ZNF761	629	6	tf_targeting
Huangfu DE	ZNF763	258	1	tf_targeting
Huangfu DE	ZNF764	533	6	tf_targeting
Huangfu DE	ZNF765	1435	12	tf_targeting
Huangfu DE	ZNF766	745	6	tf_targeting
Huangfu DE	ZNF768	733	7	tf_targeting
Huangfu DE	ZNF77	920	6	tf_targeting
Huangfu DE	ZNF770	698	6	tf_targeting
Huangfu DE	ZNF771	615	6	tf_targeting
Huangfu DE	ZNF772	1347	6	tf_targeting
Huangfu DE	ZNF773	669	6	tf_targeting
Huangfu DE	ZNF774	495	6	tf_targeting
Huangfu DE	ZNF775	568	6	tf_targeting
Huangfu DE	ZNF776	684	6	tf_targeting
Huangfu DE	ZNF777	530	6	tf_targeting
Huangfu DE	ZNF778	568	6	tf_targeting
Huangfu DE	ZNF780A	1019	6	tf_targeting
Huangfu DE	ZNF780B	380	6	tf_targeting
Huangfu DE	ZNF781	599	6	tf_targeting
Huangfu DE	ZNF782	972	6	tf_targeting
Huangfu DE	ZNF783	394	6	tf_targeting
Huangfu DE	ZNF784	1193	6	tf_targeting
Huangfu DE	ZNF785	513	6	tf_targeting
Huangfu DE	ZNF786	496	6	tf_targeting
Huangfu DE	ZNF787	1459	6	tf_targeting
Huangfu DE	ZNF789	639	6	tf_targeting
Huangfu DE	ZNF79	1065	6	tf_targeting
Huangfu DE	ZNF790	1238	12	tf_targeting
Huangfu DE	ZNF791	485	6	tf_targeting
Huangfu DE	ZNF792	318	6	tf_targeting
Huangfu DE	ZNF793	798	6	tf_targeting
Huangfu DE	ZNF799	610	6	tf_targeting
Huangfu DE	ZNF8	896	6	tf_targeting
Huangfu DE	ZNF80	426	6	tf_targeting
Huangfu DE	ZNF800	578	6	tf_targeting
Huangfu DE	ZNF804A	520	6	tf_targeting
Huangfu DE	ZNF804B	778	6	tf_targeting
Huangfu DE	ZNF805	746	6	tf_targeting
Huangfu DE	ZNF808	917	6	tf_targeting
Huangfu DE	ZNF81	536	6	tf_targeting
Huangfu DE	ZNF813	535	6	tf_targeting
Huangfu DE	ZNF814	1033	6	tf_targeting
Huangfu DE	ZNF816	1304	12	tf_targeting
Huangfu DE	ZNF821	958	6	tf_targeting
Huangfu DE	ZNF823	1163	6	tf_targeting
Huangfu DE	ZNF827	636	6	tf_targeting
Huangfu DE	ZNF829	1463	6	tf_targeting
Huangfu DE	ZNF83	2309	18	tf_targeting
Huangfu DE	ZNF830	383	6	tf_targeting
Huangfu DE	ZNF831	652	6	tf_targeting
Huangfu DE	ZNF835	479	6	tf_targeting
Huangfu DE	ZNF836	969	6	tf_targeting
Huangfu DE	ZNF837	699	6	tf_targeting
Huangfu DE	ZNF839	700	6	tf_targeting
Huangfu DE	ZNF84	835	6	tf_targeting
Huangfu DE	ZNF841	803	6	tf_targeting
Huangfu DE	ZNF843	475	6	tf_targeting
Huangfu DE	ZNF844	693	6	tf_targeting
Huangfu DE	ZNF845	724	6	tf_targeting
Huangfu DE	ZNF846	500	6	tf_targeting
Huangfu DE	ZNF85	603	6	tf_targeting
Huangfu DE	ZNF850	758	6	tf_targeting
Huangfu DE	ZNF852	553	6	tf_targeting
Huangfu DE	ZNF853	1093	12	tf_targeting
Huangfu DE	ZNF860	981	6	tf_targeting
Huangfu DE	ZNF862	434	6	tf_targeting
Huangfu DE	ZNF865	699	6	tf_targeting
Huangfu DE	ZNF878	754	6	tf_targeting
Huangfu DE	ZNF879	908	6	tf_targeting
Huangfu DE	ZNF880	661	6	tf_targeting
Huangfu DE	ZNF883	761	6	tf_targeting
Huangfu DE	ZNF888	1253	12	tf_targeting
Huangfu DE	ZNF891	539	6	tf_targeting
Huangfu DE	ZNF90	1007	6	tf_targeting
Huangfu DE	ZNF91	941	6	tf_targeting
Huangfu DE	ZNF92	898	6	tf_targeting
Huangfu DE	ZNF93	836	6	tf_targeting
Huangfu DE	ZNF98	642	6	tf_targeting
Huangfu DE	ZNF99	974	6	tf_targeting
Huangfu DE	ZNFX1	1143	6	tf_targeting
Huangfu DE	ZSCAN1	532	6	tf_targeting
Huangfu DE	ZSCAN10	783	6	tf_targeting
Huangfu DE	ZSCAN12	897	6	tf_targeting
Huangfu DE	ZSCAN16	417	6	tf_targeting
Huangfu DE	ZSCAN18	1244	12	tf_targeting
Huangfu DE	ZSCAN2	572	6	tf_targeting
Huangfu DE	ZSCAN20	459	6	tf_targeting
Huangfu DE	ZSCAN21	764	6	tf_targeting
Huangfu DE	ZSCAN22	641	6	tf_targeting
Huangfu DE	ZSCAN23	1039	6	tf_targeting
Huangfu DE	ZSCAN25	1193	6	tf_targeting
Huangfu DE	ZSCAN26	657	6	tf_targeting
Huangfu DE	ZSCAN29	951	6	tf_targeting
Huangfu DE	ZSCAN30	455	6	tf_targeting
Huangfu DE	ZSCAN31	1399	12	tf_targeting
Huangfu DE	ZSCAN32	544	6	tf_targeting
Huangfu DE	ZSCAN5A	1653	12	tf_targeting
Huangfu DE	ZSCAN5B	1859	12	tf_targeting
Huangfu DE	ZSCAN9	800	6	tf_targeting
Huangfu DE	ZUFSP	1797	6	tf_targeting
Huangfu DE	ZXDA	545	6	tf_targeting
Huangfu DE	ZXDB	596	6	tf_targeting
Huangfu DE	ZXDC	789	6	tf_targeting
Huangfu DE	ZZZ3	457	6	tf_targeting
Huangfu DE		170517	600	non_targeting
Huangfu ESC	AARS	303	3	positive_control
Huangfu ESC	AATF	141	6	tf_targeting
Huangfu ESC	ADNP	792	6	tf_targeting
Huangfu ESC	ADNP2	600	6	tf_targeting
Huangfu ESC	AEBP1	456	6	tf_targeting
Huangfu ESC	AEBP2	457	6	tf_targeting
Huangfu ESC	AFF1	479	6	tf_targeting
Huangfu ESC	AFF2	731	6	tf_targeting
Huangfu ESC	AFF3	839	6	tf_targeting
Huangfu ESC	AFF4	468	6	tf_targeting
Huangfu ESC	AHCTF1	577	6	tf_targeting
Huangfu ESC	AHCY	831	6	tf_targeting
Huangfu ESC	AHDC1	543	6	tf_targeting
Huangfu ESC	AHR	540	6	tf_targeting
Huangfu ESC	AHRR	491	6	tf_targeting
Huangfu ESC	AIRE	662	6	tf_targeting
Huangfu ESC	AKAP8	595	6	tf_targeting
Huangfu ESC	AKAP8L	375	6	tf_targeting
Huangfu ESC	AKNA	942	12	tf_targeting
Huangfu ESC	ALX1	636	6	tf_targeting
Huangfu ESC	ALX3	599	6	tf_targeting
Huangfu ESC	ALX4	467	6	tf_targeting
Huangfu ESC	ALYREF	429	6	tf_targeting
Huangfu ESC	ANHX	547	6	tf_targeting
Huangfu ESC	ANKRD1	547	6	tf_targeting
Huangfu ESC	ANKRD30A	350	6	tf_targeting
Huangfu ESC	ANKZF1	627	6	tf_targeting
Huangfu ESC	APITD1	694	6	tf_targeting
Huangfu ESC	AR	474	6	tf_targeting
Huangfu ESC	ARGFX	904	6	tf_targeting
Huangfu ESC	ARHGAP35	684	6	tf_targeting
Huangfu ESC	ARID1A	1072	6	tf_targeting
Huangfu ESC	ARID1B	1151	12	tf_targeting
Huangfu ESC	ARID2	635	6	tf_targeting
Huangfu ESC	ARID3A	510	6	tf_targeting
Huangfu ESC	ARID3B	742	6	tf_targeting
Huangfu ESC	ARID3C	412	6	tf_targeting
Huangfu ESC	ARID4A	774	6	tf_targeting
Huangfu ESC	ARID4B	776	6	tf_targeting
Huangfu ESC	ARID5A	270	6	tf_targeting
Huangfu ESC	ARID5B	494	6	tf_targeting
Huangfu ESC	ARNT	654	6	tf_targeting
Huangfu ESC	ARNT2	567	6	tf_targeting
Huangfu ESC	ARNTL	517	6	tf_targeting
Huangfu ESC	ARNTL2	279	6	tf_targeting
Huangfu ESC	ARX	835	12	tf_targeting
Huangfu ESC	ASCL1	522	6	tf_targeting
Huangfu ESC	ASCL2	381	6	tf_targeting
Huangfu ESC	ASCL3	510	6	tf_targeting
Huangfu ESC	ASCL4	604	6	tf_targeting
Huangfu ESC	ASCL5	261	6	tf_targeting
Huangfu ESC	ASH1L	431	6	tf_targeting
Huangfu ESC	ATF1	874	6	tf_targeting
Huangfu ESC	ATF2	487	6	tf_targeting
Huangfu ESC	ATF3	572	6	tf_targeting
Huangfu ESC	ATF4	788	6	tf_targeting
Huangfu ESC	ATF5	60	6	tf_targeting
Huangfu ESC	ATF6	448	6	tf_targeting
Huangfu ESC	ATF6B	871	6	tf_targeting
Huangfu ESC	ATF7	416	6	tf_targeting
Huangfu ESC	ATMIN	311	6	tf_targeting
Huangfu ESC	ATN1	580	6	tf_targeting
Huangfu ESC	ATOH1	490	6	tf_targeting
Huangfu ESC	ATOH7	393	6	tf_targeting
Huangfu ESC	ATOH8	420	6	tf_targeting
Huangfu ESC	ATXN7	2289	12	tf_targeting
Huangfu ESC	B2M	1909	1	positive_control
Huangfu ESC	BACH1	484	6	tf_targeting
Huangfu ESC	BACH2	387	6	tf_targeting
Huangfu ESC	BARHL1	498	6	tf_targeting
Huangfu ESC	BARHL2	616	6	tf_targeting
Huangfu ESC	BARX1	331	6	tf_targeting
Huangfu ESC	BARX2	263	6	tf_targeting
Huangfu ESC	BATF	397	6	tf_targeting
Huangfu ESC	BATF2	733	6	tf_targeting
Huangfu ESC	BATF3	527	6	tf_targeting
Huangfu ESC	BAZ1B	468	6	tf_targeting
Huangfu ESC	BAZ2A	1069	12	tf_targeting
Huangfu ESC	BAZ2B	1710	6	tf_targeting
Huangfu ESC	BBX	578	6	tf_targeting
Huangfu ESC	BCL11A	694	6	tf_targeting
Huangfu ESC	BCL11B	403	6	tf_targeting
Huangfu ESC	BCL3	437	6	tf_targeting
Huangfu ESC	BCL6	347	6	tf_targeting
Huangfu ESC	BCL6B	639	6	tf_targeting
Huangfu ESC	BCLAF1	619	6	tf_targeting
Huangfu ESC	BDP1	204	6	tf_targeting
Huangfu ESC	BHLHA15	426	6	tf_targeting
Huangfu ESC	BHLHA9	334	6	tf_targeting
Huangfu ESC	BHLHB9	371	6	tf_targeting
Huangfu ESC	BHLHE22	531	6	tf_targeting
Huangfu ESC	BHLHE23	551	6	tf_targeting
Huangfu ESC	BHLHE40	558	6	tf_targeting
Huangfu ESC	BHLHE41	335	6	tf_targeting
Huangfu ESC	BID	588	6	tf_targeting
Huangfu ESC	BLZF1	712	6	tf_targeting
Huangfu ESC	BMP2	900	12	tf_targeting
Huangfu ESC	BNC1	496	6	tf_targeting
Huangfu ESC	BNC2	464	6	tf_targeting
Huangfu ESC	BOLA1	1166	12	tf_targeting
Huangfu ESC	BOLA3	394	6	tf_targeting
Huangfu ESC	BPTF	526	6	tf_targeting
Huangfu ESC	BRF2	491	6	tf_targeting
Huangfu ESC	BRIP1	48	6	tf_targeting
Huangfu ESC	BRPF1	865	6	tf_targeting
Huangfu ESC	BSX	489	6	tf_targeting
Huangfu ESC	C11orf95	483	6	tf_targeting
Huangfu ESC	C1orf85	852	12	tf_targeting
Huangfu ESC	CAMTA1	363	6	tf_targeting
Huangfu ESC	CAMTA2	271	6	tf_targeting
Huangfu ESC	CAPN15	362	6	tf_targeting
Huangfu ESC	CARF	593	6	tf_targeting
Huangfu ESC	CARHSP1	783	6	tf_targeting
Huangfu ESC	CASZ1	386	6	tf_targeting
Huangfu ESC	CBFA2T2	362	6	tf_targeting
Huangfu ESC	CBFA2T3	928	12	tf_targeting
Huangfu ESC	CBFB	478	6	tf_targeting
Huangfu ESC	CBL	667	6	tf_targeting
Huangfu ESC	CBX2	652	6	tf_targeting
Huangfu ESC	CC2D1A	308	6	tf_targeting
Huangfu ESC	CCDC169-SOHLH2	395	6	tf_targeting
Huangfu ESC	CCDC17	320	6	tf_targeting
Huangfu ESC	CCDC79	490	6	tf_targeting
Huangfu ESC	CCNT2	455	6	tf_targeting
Huangfu ESC	CD151	4594	2	positive_control
Huangfu ESC	CD29	5289	1	positive_control
Huangfu ESC	CD55	1711	1	positive_control
Huangfu ESC	CD81	7513	2	positive_control
Huangfu ESC	CDC5L	139	6	tf_targeting
Huangfu ESC	CDCA7L	276	6	tf_targeting
Huangfu ESC	CDIP1	556	6	tf_targeting
Huangfu ESC	CDK1	297	6	tf_targeting
Huangfu ESC	CDK2	250	6	tf_targeting
Huangfu ESC	CDK7	579	6	tf_targeting
Huangfu ESC	CDK9	797	6	tf_targeting
Huangfu ESC	CDX1	400	6	tf_targeting
Huangfu ESC	CDX2	523	6	tf_targeting
Huangfu ESC	CDX4	449	6	tf_targeting
Huangfu ESC	CEBPA	355	6	tf_targeting
Huangfu ESC	CEBPB	587	6	tf_targeting
Huangfu ESC	CEBPD	596	6	tf_targeting
Huangfu ESC	CEBPE	493	6	tf_targeting
Huangfu ESC	CEBPG	407	6	tf_targeting
Huangfu ESC	CEBPZ	692	6	tf_targeting
Huangfu ESC	CENPA	587	12	tf_targeting
Huangfu ESC	CENPB	370	6	tf_targeting
Huangfu ESC	CENPBD1	436	6	tf_targeting
Huangfu ESC	CENPT	314	6	tf_targeting
Huangfu ESC	CGGBP1	1734	12	tf_targeting
Huangfu ESC	CHAMP1	451	6	tf_targeting
Huangfu ESC	CHCHD3	413	6	tf_targeting
Huangfu ESC	CHD7	572	6	tf_targeting
Huangfu ESC	CHMP2A	200	6	tf_targeting
Huangfu ESC	CIC	363	6	tf_targeting
Huangfu ESC	CIR1	325	6	tf_targeting
Huangfu ESC	CIZ1	440	6	tf_targeting
Huangfu ESC	CLOCK	592	6	tf_targeting
Huangfu ESC	CNBP	1009	6	tf_targeting
Huangfu ESC	CNOT7	439	6	tf_targeting
Huangfu ESC	CNOT8	396	6	tf_targeting
Huangfu ESC	COX20	236	6	tf_targeting
Huangfu ESC	CPEB1	1518	12	tf_targeting
Huangfu ESC	CPXCR1	584	6	tf_targeting
Huangfu ESC	CRAMP1L	599	12	tf_targeting
Huangfu ESC	CREB1	391	6	tf_targeting
Huangfu ESC	CREB3	656	6	tf_targeting
Huangfu ESC	CREB3L1	328	6	tf_targeting
Huangfu ESC	CREB3L2	701	6	tf_targeting
Huangfu ESC	CREB3L3	259	6	tf_targeting
Huangfu ESC	CREB3L4	690	6	tf_targeting
Huangfu ESC	CREB5	909	12	tf_targeting
Huangfu ESC	CREBBP	304	6	tf_targeting
Huangfu ESC	CREBL2	490	6	tf_targeting
Huangfu ESC	CREBRF	1097	12	tf_targeting
Huangfu ESC	CREBZF	712	6	tf_targeting
Huangfu ESC	CREM	340	6	tf_targeting
Huangfu ESC	CRTC1	455	6	tf_targeting
Huangfu ESC	CRTC2	572	6	tf_targeting
Huangfu ESC	CRTC3	321	6	tf_targeting
Huangfu ESC	CRX	754	6	tf_targeting
Huangfu ESC	CSNK2A1	394	6	tf_targeting
Huangfu ESC	CSRNP1	598	6	tf_targeting
Huangfu ESC	CSRNP2	498	6	tf_targeting
Huangfu ESC	CSRNP3	1100	12	tf_targeting
Huangfu ESC	CTBP1	535	6	tf_targeting
Huangfu ESC	CTBP2	482	6	tf_targeting
Huangfu ESC	CTCF	355	6	tf_targeting
Huangfu ESC	CTCFL	348	6	tf_targeting
Huangfu ESC	CTNNB1	716	6	tf_targeting
Huangfu ESC	CUX1	640	6	tf_targeting
Huangfu ESC	CUX2	519	6	tf_targeting
Huangfu ESC	CXXC1	354	6	tf_targeting
Huangfu ESC	CXXC4	493	6	tf_targeting
Huangfu ESC	CXXC5	577	6	tf_targeting
Huangfu ESC	DACH1	714	6	tf_targeting
Huangfu ESC	DACH2	296	6	tf_targeting
Huangfu ESC	DAXX	1135	12	tf_targeting
Huangfu ESC	DBP	708	6	tf_targeting
Huangfu ESC	DBX1	389	6	tf_targeting
Huangfu ESC	DBX2	219	6	tf_targeting
Huangfu ESC	DCP1A	419	6	tf_targeting
Huangfu ESC	DDB1	1311	12	tf_targeting
Huangfu ESC	DDB2	494	6	tf_targeting
Huangfu ESC	DDIT3	806	6	tf_targeting
Huangfu ESC	DEAF1	447	6	tf_targeting
Huangfu ESC	DEK	381	6	tf_targeting
Huangfu ESC	DENND4A	697	6	tf_targeting
Huangfu ESC	DHX9	775	6	tf_targeting
Huangfu ESC	DLX1	543	6	tf_targeting
Huangfu ESC	DLX2	592	6	tf_targeting
Huangfu ESC	DLX3	604	6	tf_targeting
Huangfu ESC	DLX4	477	6	tf_targeting
Huangfu ESC	DLX5	387	6	tf_targeting
Huangfu ESC	DLX6	602	6	tf_targeting
Huangfu ESC	DMAP1	184	6	tf_targeting
Huangfu ESC	DMBX1	487	6	tf_targeting
Huangfu ESC	DMRT1	464	6	tf_targeting
Huangfu ESC	DMRT2	520	6	tf_targeting
Huangfu ESC	DMRT3	681	6	tf_targeting
Huangfu ESC	DMRTA1	664	6	tf_targeting
Huangfu ESC	DMRTA2	401	6	tf_targeting
Huangfu ESC	DMRTB1	691	6	tf_targeting
Huangfu ESC	DMRTC2	689	6	tf_targeting
Huangfu ESC	DMTF1	601	6	tf_targeting
Huangfu ESC	DNAJC1	360	6	tf_targeting
Huangfu ESC	DNAJC19	5909	3	positive_control
Huangfu ESC	DNAJC2	563	6	tf_targeting
Huangfu ESC	DNAJC21	343	6	tf_targeting
Huangfu ESC	DNMT1	428	6	tf_targeting
Huangfu ESC	DNTTIP1	681	6	tf_targeting
Huangfu ESC	DOT1L	794	6	tf_targeting
Huangfu ESC	DPF1	936	12	tf_targeting
Huangfu ESC	DPF2	728	12	tf_targeting
Huangfu ESC	DPF3	680	6	tf_targeting
Huangfu ESC	DPRX	372	6	tf_targeting
Huangfu ESC	DR1	1264	6	tf_targeting
Huangfu ESC	DRAP1	558	6	tf_targeting
Huangfu ESC	DRGX	342	6	tf_targeting
Huangfu ESC	DUXA	543	6	tf_targeting
Huangfu ESC	DZIP1	851	6	tf_targeting
Huangfu ESC	E2F1	269	6	tf_targeting
Huangfu ESC	E2F2	518	6	tf_targeting
Huangfu ESC	E2F3	1013	12	tf_targeting
Huangfu ESC	E2F4	423	6	tf_targeting
Huangfu ESC	E2F5	607	6	tf_targeting
Huangfu ESC	E2F6	682	6	tf_targeting
Huangfu ESC	E2F7	302	6	tf_targeting
Huangfu ESC	E2F8	792	6	tf_targeting
Huangfu ESC	E4F1	369	6	tf_targeting
Huangfu ESC	EBF1	539	6	tf_targeting
Huangfu ESC	EBF2	432	6	tf_targeting
Huangfu ESC	EBF3	577	6	tf_targeting
Huangfu ESC	EBF4	355	6	tf_targeting
Huangfu ESC	EEA1	624	6	tf_targeting
Huangfu ESC	EGR1	1391	12	tf_targeting
Huangfu ESC	EGR2	376	6	tf_targeting
Huangfu ESC	EGR3	469	6	tf_targeting
Huangfu ESC	EGR4	624	6	tf_targeting
Huangfu ESC	EHF	364	6	tf_targeting
Huangfu ESC	ELF1	556	6	tf_targeting
Huangfu ESC	ELF2	359	6	tf_targeting
Huangfu ESC	ELF3	602	6	tf_targeting
Huangfu ESC	ELF4	418	6	tf_targeting
Huangfu ESC	ELF5	854	6	tf_targeting
Huangfu ESC	ELK1	379	6	tf_targeting
Huangfu ESC	ELK3	400	6	tf_targeting
Huangfu ESC	ELK4	512	6	tf_targeting
Huangfu ESC	ELMSAN1	976	12	tf_targeting
Huangfu ESC	ELP3	179	6	tf_targeting
Huangfu ESC	EMX1	1404	12	tf_targeting
Huangfu ESC	EMX2	704	6	tf_targeting
Huangfu ESC	EN1	416	6	tf_targeting
Huangfu ESC	EN2	456	6	tf_targeting
Huangfu ESC	ENO1	319	6	tf_targeting
Huangfu ESC	EOMES	611	6	tf_targeting
Huangfu ESC	EP300	481	6	tf_targeting
Huangfu ESC	EP400	291	6	tf_targeting
Huangfu ESC	EPAS1	332	6	tf_targeting
Huangfu ESC	ERCC2	575	6	tf_targeting
Huangfu ESC	ERCC3	337	6	tf_targeting
Huangfu ESC	ERCC6	469	6	tf_targeting
Huangfu ESC	ERCC8	464	6	tf_targeting
Huangfu ESC	ERF	462	6	tf_targeting
Huangfu ESC	ERG	1837	12	tf_targeting
Huangfu ESC	ESR1	844	12	tf_targeting
Huangfu ESC	ESR2	365	6	tf_targeting
Huangfu ESC	ESRRA	356	6	tf_targeting
Huangfu ESC	ESRRB	624	6	tf_targeting
Huangfu ESC	ESRRG	2982	30	tf_targeting
Huangfu ESC	ESX1	439	6	tf_targeting
Huangfu ESC	ETF1	289	6	tf_targeting
Huangfu ESC	ETS1	541	6	tf_targeting
Huangfu ESC	ETS2	334	6	tf_targeting
Huangfu ESC	ETV1	611	6	tf_targeting
Huangfu ESC	ETV2	747	6	tf_targeting
Huangfu ESC	ETV3	463	6	tf_targeting
Huangfu ESC	ETV3L	531	6	tf_targeting
Huangfu ESC	ETV4	600	6	tf_targeting
Huangfu ESC	ETV5	577	6	tf_targeting
Huangfu ESC	ETV6	421	6	tf_targeting
Huangfu ESC	ETV7	501	6	tf_targeting
Huangfu ESC	EVX1	401	6	tf_targeting
Huangfu ESC	EVX2	479	6	tf_targeting
Huangfu ESC	EWSR1	370	6	tf_targeting
Huangfu ESC	EZH1	454	6	tf_targeting
Huangfu ESC	EZH2	727	6	tf_targeting
Huangfu ESC	FAM170A	687	6	tf_targeting
Huangfu ESC	FAM200B	383	6	tf_targeting
Huangfu ESC	FBXL19	501	6	tf_targeting
Huangfu ESC	FBXO16	566	6	tf_targeting
Huangfu ESC	FERD3L	966	6	tf_targeting
Huangfu ESC	FEV	304	6	tf_targeting
Huangfu ESC	FEZF1	559	6	tf_targeting
Huangfu ESC	FEZF2	603	6	tf_targeting
Huangfu ESC	FGF3	799	6	tf_targeting
Huangfu ESC	FIGLA	262	6	tf_targeting
Huangfu ESC	FIZ1	334	6	tf_targeting
Huangfu ESC	FLI1	1165	6	tf_targeting
Huangfu ESC	FLYWCH1	779	6	tf_targeting
Huangfu ESC	FOS	623	12	tf_targeting
Huangfu ESC	FOSB	920	12	tf_targeting
Huangfu ESC	FOSL1	495	6	tf_targeting
Huangfu ESC	FOSL2	809	6	tf_targeting
Huangfu ESC	FOXA1	502	6	tf_targeting
Huangfu ESC	FOXA2	338	6	tf_targeting
Huangfu ESC	FOXA3	257	6	tf_targeting
Huangfu ESC	FOXB1	524	6	tf_targeting
Huangfu ESC	FOXB2	564	6	tf_targeting
Huangfu ESC	FOXC1	820	6	tf_targeting
Huangfu ESC	FOXC2	356	6	tf_targeting
Huangfu ESC	FOXD1	401	6	tf_targeting
Huangfu ESC	FOXD2	415	6	tf_targeting
Huangfu ESC	FOXD3	975	12	tf_targeting
Huangfu ESC	FOXD4L1	572	6	tf_targeting
Huangfu ESC	FOXE1	502	6	tf_targeting
Huangfu ESC	FOXE3	503	6	tf_targeting
Huangfu ESC	FOXF1	424	6	tf_targeting
Huangfu ESC	FOXF2	486	6	tf_targeting
Huangfu ESC	FOXG1	588	6	tf_targeting
Huangfu ESC	FOXH1	263	6	tf_targeting
Huangfu ESC	FOXI1	299	6	tf_targeting
Huangfu ESC	FOXI2	450	6	tf_targeting
Huangfu ESC	FOXI3	410	6	tf_targeting
Huangfu ESC	FOXJ1	691	6	tf_targeting
Huangfu ESC	FOXJ2	328	6	tf_targeting
Huangfu ESC	FOXJ3	562	6	tf_targeting
Huangfu ESC	FOXK1	666	6	tf_targeting
Huangfu ESC	FOXK2	394	6	tf_targeting
Huangfu ESC	FOXL1	473	6	tf_targeting
Huangfu ESC	FOXL2	725	6	tf_targeting
Huangfu ESC	FOXM1	501	6	tf_targeting
Huangfu ESC	FOXN1	754	6	tf_targeting
Huangfu ESC	FOXN2	554	6	tf_targeting
Huangfu ESC	FOXN3	566	12	tf_targeting
Huangfu ESC	FOXN4	839	6	tf_targeting
Huangfu ESC	FOXO1	423	6	tf_targeting
Huangfu ESC	FOXO3	639	12	tf_targeting
Huangfu ESC	FOXO4	918	6	tf_targeting
Huangfu ESC	FOXO6	582	6	tf_targeting
Huangfu ESC	FOXP1	1533	18	tf_targeting
Huangfu ESC	FOXP2	1032	12	tf_targeting
Huangfu ESC	FOXP3	512	6	tf_targeting
Huangfu ESC	FOXP4	518	6	tf_targeting
Huangfu ESC	FOXQ1	345	6	tf_targeting
Huangfu ESC	FOXR1	681	6	tf_targeting
Huangfu ESC	FOXR2	477	6	tf_targeting
Huangfu ESC	FOXS1	682	6	tf_targeting
Huangfu ESC	FUBP1	901	6	tf_targeting
Huangfu ESC	FUBP3	377	6	tf_targeting
Huangfu ESC	FXN	170	6	tf_targeting
Huangfu ESC	GABPA	667	6	tf_targeting
Huangfu ESC	GABPB1	470	6	tf_targeting
Huangfu ESC	GAS7	456	6	tf_targeting
Huangfu ESC	GATA1	491	6	tf_targeting
Huangfu ESC	GATA2	1149	12	tf_targeting
Huangfu ESC	GATA3	477	6	tf_targeting
Huangfu ESC	GATA4	380	6	tf_targeting
Huangfu ESC	GATA5	487	6	tf_targeting
Huangfu ESC	GATA6	265	6	tf_targeting
Huangfu ESC	GATAD1	692	6	tf_targeting
Huangfu ESC	GATAD2A	687	12	tf_targeting
Huangfu ESC	GATAD2B	676	6	tf_targeting
Huangfu ESC	GBX1	1108	12	tf_targeting
Huangfu ESC	GBX2	346	6	tf_targeting
Huangfu ESC	GCFC2	650	6	tf_targeting
Huangfu ESC	GCM1	475	6	tf_targeting
Huangfu ESC	GCM2	385	6	tf_targeting
Huangfu ESC	GFI1	923	12	tf_targeting
Huangfu ESC	GFI1B	559	6	tf_targeting
Huangfu ESC	GLI1	570	6	tf_targeting
Huangfu ESC	GLI2	1273	12	tf_targeting
Huangfu ESC	GLI3	571	6	tf_targeting
Huangfu ESC	GLI4	411	6	tf_targeting
Huangfu ESC	GLIS1	691	6	tf_targeting
Huangfu ESC	GLIS2	363	6	tf_targeting
Huangfu ESC	GLIS3	291	6	tf_targeting
Huangfu ESC	GLYR1	561	6	tf_targeting
Huangfu ESC	GMEB1	318	6	tf_targeting
Huangfu ESC	GMEB2	347	6	tf_targeting
Huangfu ESC	GON4L	1252	12	tf_targeting
Huangfu ESC	GPBP1	1075	6	tf_targeting
Huangfu ESC	GPBP1L1	757	6	tf_targeting
Huangfu ESC	GRHL1	494	6	tf_targeting
Huangfu ESC	GRHL2	718	6	tf_targeting
Huangfu ESC	GRHL3	476	6	tf_targeting
Huangfu ESC	GSC	451	5	tf_targeting
Huangfu ESC	GSC2	579	6	tf_targeting
Huangfu ESC	GSX1	333	6	tf_targeting
Huangfu ESC	GSX2	515	6	tf_targeting
Huangfu ESC	GTF2A1	618	6	tf_targeting
Huangfu ESC	GTF2A1L	359	6	tf_targeting
Huangfu ESC	GTF2A2	434	6	tf_targeting
Huangfu ESC	GTF2B	142	6	tf_targeting
Huangfu ESC	GTF2E1	360	6	tf_targeting
Huangfu ESC	GTF2F1	400	6	tf_targeting
Huangfu ESC	GTF2F2	222	6	tf_targeting
Huangfu ESC	GTF2H1	406	6	tf_targeting
Huangfu ESC	GTF2H3	317	6	tf_targeting
Huangfu ESC	GTF2I	716	6	tf_targeting
Huangfu ESC	GTF2IRD1	362	6	tf_targeting
Huangfu ESC	GTF3A	600	6	tf_targeting
Huangfu ESC	GTF3C3	268	6	tf_targeting
Huangfu ESC	GZF1	565	6	tf_targeting
Huangfu ESC	HAND1	541	6	tf_targeting
Huangfu ESC	HAND2	1208	12	tf_targeting
Huangfu ESC	HBP1	913	6	tf_targeting
Huangfu ESC	HCFC1	1738	6	tf_targeting
Huangfu ESC	HCLS1	520	6	tf_targeting
Huangfu ESC	HDAC1	351	6	tf_targeting
Huangfu ESC	HDAC3	602	6	tf_targeting
Huangfu ESC	HDAC4	404	6	tf_targeting
Huangfu ESC	HDAC5	563	6	tf_targeting
Huangfu ESC	HDGF	468	6	tf_targeting
Huangfu ESC	HDX	837	6	tf_targeting
Huangfu ESC	HELT	405	6	tf_targeting
Huangfu ESC	HELZ2	694	12	tf_targeting
Huangfu ESC	HES1	530	6	tf_targeting
Huangfu ESC	HES2	1361	12	tf_targeting
Huangfu ESC	HES3	621	6	tf_targeting
Huangfu ESC	HES4	396	6	tf_targeting
Huangfu ESC	HES5	706	6	tf_targeting
Huangfu ESC	HES6	702	6	tf_targeting
Huangfu ESC	HES7	555	6	tf_targeting
Huangfu ESC	HESX1	1098	12	tf_targeting
Huangfu ESC	HEY1	417	6	tf_targeting
Huangfu ESC	HEY2	511	6	tf_targeting
Huangfu ESC	HEYL	320	6	tf_targeting
Huangfu ESC	HHEX	456	6	tf_targeting
Huangfu ESC	HIC1	491	6	tf_targeting
Huangfu ESC	HIF1A	554	6	tf_targeting
Huangfu ESC	HIF3A	1245	12	tf_targeting
Huangfu ESC	HINFP	76	6	tf_targeting
Huangfu ESC	HIRA	965	12	tf_targeting
Huangfu ESC	HIVEP1	334	6	tf_targeting
Huangfu ESC	HIVEP2	907	6	tf_targeting
Huangfu ESC	HIVEP3	986	14	tf_targeting
Huangfu ESC	HKR1	913	12	tf_targeting
Huangfu ESC	HLF	991	12	tf_targeting
Huangfu ESC	HLTF	567	6	tf_targeting
Huangfu ESC	HLX	658	6	tf_targeting
Huangfu ESC	HMBOX1	583	6	tf_targeting
Huangfu ESC	HMG20A	833	6	tf_targeting
Huangfu ESC	HMG20B	956	12	tf_targeting
Huangfu ESC	HMGA1	486	6	tf_targeting
Huangfu ESC	HMGA2	641	6	tf_targeting
Huangfu ESC	HMGB1	740	12	tf_targeting
Huangfu ESC	HMGB2	682	6	tf_targeting
Huangfu ESC	HMGB3	482	6	tf_targeting
Huangfu ESC	HMGB4	552	6	tf_targeting
Huangfu ESC	HMGN2	826	6	tf_targeting
Huangfu ESC	HMGN3	324	6	tf_targeting
Huangfu ESC	HMGXB3	591	6	tf_targeting
Huangfu ESC	HMGXB4	669	6	tf_targeting
Huangfu ESC	HMX1	663	6	tf_targeting
Huangfu ESC	HMX2	302	6	tf_targeting
Huangfu ESC	HMX3	370	6	tf_targeting
Huangfu ESC	HNF1A	848	6	tf_targeting
Huangfu ESC	HNF1B	383	6	tf_targeting
Huangfu ESC	HNF4A	419	6	tf_targeting
Huangfu ESC	HNF4G	1142	12	tf_targeting
Huangfu ESC	HNRNPK	641	6	tf_targeting
Huangfu ESC	HNRNPU	1132	6	tf_targeting
Huangfu ESC	HOMEZ	419	6	tf_targeting
Huangfu ESC	HOPX	1150	12	tf_targeting
Huangfu ESC	HOXA1	748	6	tf_targeting
Huangfu ESC	HOXA10	731	6	tf_targeting
Huangfu ESC	HOXA11	620	6	tf_targeting
Huangfu ESC	HOXA13	547	6	tf_targeting
Huangfu ESC	HOXA2	373	6	tf_targeting
Huangfu ESC	HOXA3	1035	12	tf_targeting
Huangfu ESC	HOXA4	611	6	tf_targeting
Huangfu ESC	HOXA5	1036	6	tf_targeting
Huangfu ESC	HOXA6	587	6	tf_targeting
Huangfu ESC	HOXA7	1081	6	tf_targeting
Huangfu ESC	HOXA9	460	6	tf_targeting
Huangfu ESC	HOXB1	423	6	tf_targeting
Huangfu ESC	HOXB13	357	6	tf_targeting
Huangfu ESC	HOXB2	624	6	tf_targeting
Huangfu ESC	HOXB3	506	6	tf_targeting
Huangfu ESC	HOXB4	407	6	tf_targeting
Huangfu ESC	HOXB5	1095	6	tf_targeting
Huangfu ESC	HOXB6	813	12	tf_targeting
Huangfu ESC	HOXB7	680	6	tf_targeting
Huangfu ESC	HOXB8	1852	12	tf_targeting
Huangfu ESC	HOXB9	471	6	tf_targeting
Huangfu ESC	HOXC10	661	6	tf_targeting
Huangfu ESC	HOXC11	465	6	tf_targeting
Huangfu ESC	HOXC12	735	6	tf_targeting
Huangfu ESC	HOXC13	692	6	tf_targeting
Huangfu ESC	HOXC4	661	6	tf_targeting
Huangfu ESC	HOXC5	204	2	tf_targeting
Huangfu ESC	HOXC6	140	2	tf_targeting
Huangfu ESC	HOXC8	745	6	tf_targeting
Huangfu ESC	HOXC9	455	6	tf_targeting
Huangfu ESC	HOXD1	488	6	tf_targeting
Huangfu ESC	HOXD10	1087	12	tf_targeting
Huangfu ESC	HOXD11	1157	6	tf_targeting
Huangfu ESC	HOXD12	614	6	tf_targeting
Huangfu ESC	HOXD13	445	6	tf_targeting
Huangfu ESC	HOXD3	487	6	tf_targeting
Huangfu ESC	HOXD4	488	6	tf_targeting
Huangfu ESC	HOXD8	541	6	tf_targeting
Huangfu ESC	HOXD9	395	6	tf_targeting
Huangfu ESC	HR	981	12	tf_targeting
Huangfu ESC	HSF1	727	6	tf_targeting
Huangfu ESC	HSF2	469	6	tf_targeting
Huangfu ESC	HSF4	462	6	tf_targeting
Huangfu ESC	HSF5	679	6	tf_targeting
Huangfu ESC	ID1	880	6	tf_targeting
Huangfu ESC	ID2	549	12	tf_targeting
Huangfu ESC	ID3	530	6	tf_targeting
Huangfu ESC	ID4	258	6	tf_targeting
Huangfu ESC	IFI16	1002	6	tf_targeting
Huangfu ESC	IGFBP1	403	6	tf_targeting
Huangfu ESC	IGHMBP2	347	6	tf_targeting
Huangfu ESC	IKZF1	333	6	tf_targeting
Huangfu ESC	IKZF2	940	12	tf_targeting
Huangfu ESC	IKZF3	659	6	tf_targeting
Huangfu ESC	IKZF4	1424	12	tf_targeting
Huangfu ESC	IKZF5	765	6	tf_targeting
Huangfu ESC	ILF2	331	6	tf_targeting
Huangfu ESC	ILF3	597	6	tf_targeting
Huangfu ESC	ING1	1084	12	tf_targeting
Huangfu ESC	ING4	592	6	tf_targeting
Huangfu ESC	INSM1	462	6	tf_targeting
Huangfu ESC	INSM2	673	6	tf_targeting
Huangfu ESC	IRF1	689	6	tf_targeting
Huangfu ESC	IRF2	581	6	tf_targeting
Huangfu ESC	IRF3	877	6	tf_targeting
Huangfu ESC	IRF4	757	12	tf_targeting
Huangfu ESC	IRF5	665	12	tf_targeting
Huangfu ESC	IRF6	729	6	tf_targeting
Huangfu ESC	IRF7	598	6	tf_targeting
Huangfu ESC	IRF8	458	6	tf_targeting
Huangfu ESC	IRF9	880	6	tf_targeting
Huangfu ESC	IRX1	375	6	tf_targeting
Huangfu ESC	IRX2	465	6	tf_targeting
Huangfu ESC	IRX3	629	6	tf_targeting
Huangfu ESC	IRX4	309	6	tf_targeting
Huangfu ESC	IRX5	451	6	tf_targeting
Huangfu ESC	IRX6	558	6	tf_targeting
Huangfu ESC	ISL1	1133	12	tf_targeting
Huangfu ESC	ISL2	532	6	tf_targeting
Huangfu ESC	ISX	470	6	tf_targeting
Huangfu ESC	JAZF1	523	6	tf_targeting
Huangfu ESC	JDP2	527	6	tf_targeting
Huangfu ESC	JRK	880	12	tf_targeting
Huangfu ESC	JRKL	399	6	tf_targeting
Huangfu ESC	JUN	590	6	tf_targeting
Huangfu ESC	JUNB	459	6	tf_targeting
Huangfu ESC	JUND	394	6	tf_targeting
Huangfu ESC	JUP	431	6	tf_targeting
Huangfu ESC	KAT2A	388	6	tf_targeting
Huangfu ESC	KAT7	398	6	tf_targeting
Huangfu ESC	KCMF1	434	6	tf_targeting
Huangfu ESC	KCNIP3	403	6	tf_targeting
Huangfu ESC	KDM2A	1122	6	tf_targeting
Huangfu ESC	KDM2B	929	12	tf_targeting
Huangfu ESC	KDM4C	333	6	tf_targeting
Huangfu ESC	KDM4E	423	6	tf_targeting
Huangfu ESC	KDM5B	498	6	tf_targeting
Huangfu ESC	KDM5C	1016	6	tf_targeting
Huangfu ESC	KIAA1549	460	6	tf_targeting
Huangfu ESC	KIAA2018	776	6	tf_targeting
Huangfu ESC	KIN	529	6	tf_targeting
Huangfu ESC	KLF1	530	6	tf_targeting
Huangfu ESC	KLF10	1013	12	tf_targeting
Huangfu ESC	KLF11	270	6	tf_targeting
Huangfu ESC	KLF12	673	6	tf_targeting
Huangfu ESC	KLF13	674	6	tf_targeting
Huangfu ESC	KLF14	387	5	tf_targeting
Huangfu ESC	KLF15	291	6	tf_targeting
Huangfu ESC	KLF16	231	6	tf_targeting
Huangfu ESC	KLF17	442	6	tf_targeting
Huangfu ESC	KLF2	508	6	tf_targeting
Huangfu ESC	KLF3	737	6	tf_targeting
Huangfu ESC	KLF4	1267	12	tf_targeting
Huangfu ESC	KLF5	572	6	tf_targeting
Huangfu ESC	KLF6	683	6	tf_targeting
Huangfu ESC	KLF7	661	6	tf_targeting
Huangfu ESC	KLF8	461	6	tf_targeting
Huangfu ESC	KLF9	556	6	tf_targeting
Huangfu ESC	KLRG1	827	6	tf_targeting
Huangfu ESC	KMT2A	500	6	tf_targeting
Huangfu ESC	KMT2B	1340	12	tf_targeting
Huangfu ESC	L3MBTL1	715	12	tf_targeting
Huangfu ESC	L3MBTL3	482	6	tf_targeting
Huangfu ESC	L3MBTL4	303	6	tf_targeting
Huangfu ESC	LBX1	853	6	tf_targeting
Huangfu ESC	LBX2	410	6	tf_targeting
Huangfu ESC	LCOR	370	6	tf_targeting
Huangfu ESC	LCORL	447	6	tf_targeting
Huangfu ESC	LDB1	771	12	tf_targeting
Huangfu ESC	LDB2	443	6	tf_targeting
Huangfu ESC	LEF1	1235	12	tf_targeting
Huangfu ESC	LEUTX	587	6	tf_targeting
Huangfu ESC	LHX1	495	6	tf_targeting
Huangfu ESC	LHX2	733	6	tf_targeting
Huangfu ESC	LHX3	1319	12	tf_targeting
Huangfu ESC	LHX4	568	6	tf_targeting
Huangfu ESC	LHX5	741	6	tf_targeting
Huangfu ESC	LHX6	855	12	tf_targeting
Huangfu ESC	LHX8	318	6	tf_targeting
Huangfu ESC	LHX9	645	6	tf_targeting
Huangfu ESC	LIN28A	299	6	tf_targeting
Huangfu ESC	LIN28B	537	6	tf_targeting
Huangfu ESC	LIN54	1321	12	tf_targeting
Huangfu ESC	LIN9	645	6	tf_targeting
Huangfu ESC	LITAF	231	6	tf_targeting
Huangfu ESC	LMO1	1254	12	tf_targeting
Huangfu ESC	LMO3	883	12	tf_targeting
Huangfu ESC	LMO4	581	6	tf_targeting
Huangfu ESC	LMX1A	380	6	tf_targeting
Huangfu ESC	LMX1B	401	6	tf_targeting
Huangfu ESC	LRPPRC	521	6	tf_targeting
Huangfu ESC	LRRFIP1	631	6	tf_targeting
Huangfu ESC	LTF	446	6	tf_targeting
Huangfu ESC	LYL1	418	6	tf_targeting
Huangfu ESC	LZTR1	668	6	tf_targeting
Huangfu ESC	LZTS1	511	6	tf_targeting
Huangfu ESC	MAEL	453	6	tf_targeting
Huangfu ESC	MAF	550	6	tf_targeting
Huangfu ESC	MAFA	273	6	tf_targeting
Huangfu ESC	MAFB	505	6	tf_targeting
Huangfu ESC	MAFF	839	6	tf_targeting
Huangfu ESC	MAFG	444	6	tf_targeting
Huangfu ESC	MAFK	881	6	tf_targeting
Huangfu ESC	MALAT1	663	1	positive_control
Huangfu ESC	MAP3K7	632	6	tf_targeting
Huangfu ESC	MAPK8IP1	1384	12	tf_targeting
Huangfu ESC	MARS	474	6	tf_targeting
Huangfu ESC	MAX	566	6	tf_targeting
Huangfu ESC	MAZ	319	6	tf_targeting
Huangfu ESC	MBD1	478	6	tf_targeting
Huangfu ESC	MBD2	562	6	tf_targeting
Huangfu ESC	MBD3	749	6	tf_targeting
Huangfu ESC	MBD4	525	6	tf_targeting
Huangfu ESC	MBD6	377	6	tf_targeting
Huangfu ESC	MBNL2	589	6	tf_targeting
Huangfu ESC	MBNL3	586	6	tf_targeting
Huangfu ESC	MECOM	602	6	tf_targeting
Huangfu ESC	MECP2	516	6	tf_targeting
Huangfu ESC	MED20	336	6	tf_targeting
Huangfu ESC	MED8	566	6	tf_targeting
Huangfu ESC	MEF2A	400	6	tf_targeting
Huangfu ESC	MEF2B	886	6	tf_targeting
Huangfu ESC	MEF2C	581	6	tf_targeting
Huangfu ESC	MEF2D	620	6	tf_targeting
Huangfu ESC	MEIS1	533	6	tf_targeting
Huangfu ESC	MEIS2	550	6	tf_targeting
Huangfu ESC	MEIS3	1096	12	tf_targeting
Huangfu ESC	MEOX1	443	6	tf_targeting
Huangfu ESC	MEOX2	727	6	tf_targeting
Huangfu ESC	MESP1	519	6	tf_targeting
Huangfu ESC	MESP2	474	6	tf_targeting
Huangfu ESC	MGA	558	6	tf_targeting
Huangfu ESC	MIER1	831	12	tf_targeting
Huangfu ESC	MIER2	513	6	tf_targeting
Huangfu ESC	MIER3	296	6	tf_targeting
Huangfu ESC	MIS18BP1	199	6	tf_targeting
Huangfu ESC	MITF	1186	12	tf_targeting
Huangfu ESC	MIXL1	530	6	tf_targeting
Huangfu ESC	MKX	941	12	tf_targeting
Huangfu ESC	MLLT1	373	6	tf_targeting
Huangfu ESC	MLLT10	573	6	tf_targeting
Huangfu ESC	MLLT3	1185	6	tf_targeting
Huangfu ESC	MLX	278	6	tf_targeting
Huangfu ESC	MLXIP	990	6	tf_targeting
Huangfu ESC	MLXIPL	599	6	tf_targeting
Huangfu ESC	MMP3	361	6	tf_targeting
Huangfu ESC	MNAT1	31	6	tf_targeting
Huangfu ESC	MNT	1057	6	tf_targeting
Huangfu ESC	MNX1	276	6	tf_targeting
Huangfu ESC	MSANTD1	253	6	tf_targeting
Huangfu ESC	MSANTD3	466	6	tf_targeting
Huangfu ESC	MSANTD4	558	6	tf_targeting
Huangfu ESC	MSC	515	6	tf_targeting
Huangfu ESC	MSGN1	414	6	tf_targeting
Huangfu ESC	MSLN	426	6	tf_targeting
Huangfu ESC	MSX1	365	6	tf_targeting
Huangfu ESC	MSX2	400	6	tf_targeting
Huangfu ESC	MTA1	870	6	tf_targeting
Huangfu ESC	MTA2	318	6	tf_targeting
Huangfu ESC	MTA3	328	6	tf_targeting
Huangfu ESC	MTERF	506	6	tf_targeting
Huangfu ESC	MTERFD1	181	6	tf_targeting
Huangfu ESC	MTERFD2	399	6	tf_targeting
Huangfu ESC	MTERFD3	511	6	tf_targeting
Huangfu ESC	MTF1	600	6	tf_targeting
Huangfu ESC	MTF2	649	6	tf_targeting
Huangfu ESC	MXD1	690	6	tf_targeting
Huangfu ESC	MXD3	391	6	tf_targeting
Huangfu ESC	MXD4	522	6	tf_targeting
Huangfu ESC	MXI1	1139	12	tf_targeting
Huangfu ESC	MYB	529	6	tf_targeting
Huangfu ESC	MYBBP1A	135	6	tf_targeting
Huangfu ESC	MYBL1	479	6	tf_targeting
Huangfu ESC	MYBL2	159	6	tf_targeting
Huangfu ESC	MYC	441	6	tf_targeting
Huangfu ESC	MYCBP	735	6	tf_targeting
Huangfu ESC	MYCL	405	6	tf_targeting
Huangfu ESC	MYCN	1053	12	tf_targeting
Huangfu ESC	MYEF2	837	6	tf_targeting
Huangfu ESC	MYF5	364	6	tf_targeting
Huangfu ESC	MYF6	683	6	tf_targeting
Huangfu ESC	MYNN	458	6	tf_targeting
Huangfu ESC	MYOCD	362	6	tf_targeting
Huangfu ESC	MYOD1	481	6	tf_targeting
Huangfu ESC	MYOG	883	6	tf_targeting
Huangfu ESC	MYPOP	333	6	tf_targeting
Huangfu ESC	MYRF	1000	12	tf_targeting
Huangfu ESC	MYRFL	865	6	tf_targeting
Huangfu ESC	MYSM1	458	6	tf_targeting
Huangfu ESC	MYT1	550	6	tf_targeting
Huangfu ESC	MYT1L	588	6	tf_targeting
Huangfu ESC	MZF1	524	6	tf_targeting
Huangfu ESC	NACC2	283	6	tf_targeting
Huangfu ESC	NAIF1	524	6	tf_targeting
Huangfu ESC	NANOG	387	6	tf_targeting
Huangfu ESC	NANOGNB	297	6	tf_targeting
Huangfu ESC	NCL	869	12	tf_targeting
Huangfu ESC	NCOA1	612	6	tf_targeting
Huangfu ESC	NCOA2	680	6	tf_targeting
Huangfu ESC	NCOA3	388	6	tf_targeting
Huangfu ESC	NCOA6	580	6	tf_targeting
Huangfu ESC	NCOR1	354	6	tf_targeting
Huangfu ESC	NCOR2	1184	12	tf_targeting
Huangfu ESC	NELFE	399	6	tf_targeting
Huangfu ESC	NEUROD1	558	6	tf_targeting
Huangfu ESC	NEUROD2	352	6	tf_targeting
Huangfu ESC	NEUROD4	561	6	tf_targeting
Huangfu ESC	NEUROD6	497	6	tf_targeting
Huangfu ESC	NEUROG1	476	6	tf_targeting
Huangfu ESC	NEUROG2	727	6	tf_targeting
Huangfu ESC	NEUROG3	445	6	tf_targeting
Huangfu ESC	NF1	442	6	tf_targeting
Huangfu ESC	NFAT5	664	6	tf_targeting
Huangfu ESC	NFATC1	868	12	tf_targeting
Huangfu ESC	NFATC2	842	12	tf_targeting
Huangfu ESC	NFATC3	391	6	tf_targeting
Huangfu ESC	NFATC4	482	6	tf_targeting
Huangfu ESC	NFE2	515	6	tf_targeting
Huangfu ESC	NFE2L1	562	6	tf_targeting
Huangfu ESC	NFE2L2	1345	12	tf_targeting
Huangfu ESC	NFE2L3	527	6	tf_targeting
Huangfu ESC	NFE4	356	6	tf_targeting
Huangfu ESC	NFIA	365	6	tf_targeting
Huangfu ESC	NFIB	685	6	tf_targeting
Huangfu ESC	NFIC	949	12	tf_targeting
Huangfu ESC	NFIL3	301	6	tf_targeting
Huangfu ESC	NFIX	1176	12	tf_targeting
Huangfu ESC	NFKB1	581	6	tf_targeting
Huangfu ESC	NFKB2	309	6	tf_targeting
Huangfu ESC	NFKBIA	1325	12	tf_targeting
Huangfu ESC	NFKBIB	544	6	tf_targeting
Huangfu ESC	NFKBID	1150	12	tf_targeting
Huangfu ESC	NFKBIE	384	6	tf_targeting
Huangfu ESC	NFKBIL1	302	6	tf_targeting
Huangfu ESC	NFKBIZ	1326	12	tf_targeting
Huangfu ESC	NFRKB	228	6	tf_targeting
Huangfu ESC	NFX1	515	6	tf_targeting
Huangfu ESC	NFXL1	510	6	tf_targeting
Huangfu ESC	NFYA	1111	6	tf_targeting
Huangfu ESC	NFYB	560	6	tf_targeting
Huangfu ESC	NFYC	830	6	tf_targeting
Huangfu ESC	NGFRAP1	2166	1	positive_control
Huangfu ESC	NHLH1	717	6	tf_targeting
Huangfu ESC	NHLH2	469	6	tf_targeting
Huangfu ESC	NHP2	638	6	tf_targeting
Huangfu ESC	NKRF	548	6	tf_targeting
Huangfu ESC	NKX1-1	375	6	tf_targeting
Huangfu ESC	NKX1-2	350	6	tf_targeting
Huangfu ESC	NKX2-1	700	6	tf_targeting
Huangfu ESC	NKX2-2	614	6	tf_targeting
Huangfu ESC	NKX2-3	398	6	tf_targeting
Huangfu ESC	NKX2-4	655	6	tf_targeting
Huangfu ESC	NKX2-5	427	6	tf_targeting
Huangfu ESC	NKX2-6	721	6	tf_targeting
Huangfu ESC	NKX2-8	381	6	tf_targeting
Huangfu ESC	NKX3-1	732	6	tf_targeting
Huangfu ESC	NKX3-2	483	6	tf_targeting
Huangfu ESC	NKX6-1	382	6	tf_targeting
Huangfu ESC	NKX6-2	469	6	tf_targeting
Huangfu ESC	NKX6-3	605	6	tf_targeting
Huangfu ESC	NME1-NME2	597	6	tf_targeting
Huangfu ESC	NMI	376	6	tf_targeting
Huangfu ESC	NOBOX	667	12	tf_targeting
Huangfu ESC	NOC3L	86	6	tf_targeting
Huangfu ESC	NONO	617	6	tf_targeting
Huangfu ESC	NOTCH1	1366	12	tf_targeting
Huangfu ESC	NOTO	332	6	tf_targeting
Huangfu ESC	NOV	475	6	tf_targeting
Huangfu ESC	NPAS1	398	6	tf_targeting
Huangfu ESC	NPAS2	486	6	tf_targeting
Huangfu ESC	NPAS3	627	6	tf_targeting
Huangfu ESC	NPAS4	418	6	tf_targeting
Huangfu ESC	NR0B1	508	6	tf_targeting
Huangfu ESC	NR0B2	413	6	tf_targeting
Huangfu ESC	NR1D1	710	6	tf_targeting
Huangfu ESC	NR1D2	655	6	tf_targeting
Huangfu ESC	NR1H2	689	6	tf_targeting
Huangfu ESC	NR1H3	960	12	tf_targeting
Huangfu ESC	NR1H4	688	6	tf_targeting
Huangfu ESC	NR1I2	556	6	tf_targeting
Huangfu ESC	NR1I3	477	6	tf_targeting
Huangfu ESC	NR2C1	500	6	tf_targeting
Huangfu ESC	NR2C2	513	6	tf_targeting
Huangfu ESC	NR2E1	365	6	tf_targeting
Huangfu ESC	NR2E3	315	6	tf_targeting
Huangfu ESC	NR2F1	814	6	tf_targeting
Huangfu ESC	NR2F2	850	6	tf_targeting
Huangfu ESC	NR2F6	554	6	tf_targeting
Huangfu ESC	NR3C1	674	6	tf_targeting
Huangfu ESC	NR3C2	609	6	tf_targeting
Huangfu ESC	NR4A1	488	6	tf_targeting
Huangfu ESC	NR4A2	1406	12	tf_targeting
Huangfu ESC	NR4A3	513	6	tf_targeting
Huangfu ESC	NR5A1	558	6	tf_targeting
Huangfu ESC	NR5A2	1022	12	tf_targeting
Huangfu ESC	NR6A1	487	6	tf_targeting
Huangfu ESC	NRF1	311	6	tf_targeting
Huangfu ESC	NRL	1185	12	tf_targeting
Huangfu ESC	OLIG1	493	6	tf_targeting
Huangfu ESC	OLIG2	446	6	tf_targeting
Huangfu ESC	OLIG3	338	6	tf_targeting
Huangfu ESC	ONECUT1	389	6	tf_targeting
Huangfu ESC	ONECUT2	582	6	tf_targeting
Huangfu ESC	ONECUT3	485	6	tf_targeting
Huangfu ESC	OR10G4	664	6	negative_control
Huangfu ESC	OR10H2	1475	6	negative_control
Huangfu ESC	OR10H5	985	6	negative_control
Huangfu ESC	OR10K1	1307	6	negative_control
Huangfu ESC	OR10P1	1397	6	negative_control
Huangfu ESC	OR10V1	674	6	negative_control
Huangfu ESC	OR11H6	376	6	negative_control
Huangfu ESC	OR11L1	1517	6	negative_control
Huangfu ESC	OR12D2	877	6	negative_control
Huangfu ESC	OR12D3	728	6	negative_control
Huangfu ESC	OR13C9	789	6	negative_control
Huangfu ESC	OR13G1	1392	6	negative_control
Huangfu ESC	OR14J1	741	6	negative_control
Huangfu ESC	OR1J4	1629	6	negative_control
Huangfu ESC	OR1L8	1539	6	negative_control
Huangfu ESC	OR1M1	1592	6	negative_control
Huangfu ESC	OR1N2	867	6	negative_control
Huangfu ESC	OR2A1	1728	6	negative_control
Huangfu ESC	OR2A2	938	6	negative_control
Huangfu ESC	OR2AE1	1155	6	negative_control
Huangfu ESC	OR2B2	1028	6	negative_control
Huangfu ESC	OR2B3	2004	6	negative_control
Huangfu ESC	OR2C3	843	6	negative_control
Huangfu ESC	OR2F2	1078	6	negative_control
Huangfu ESC	OR2H1	962	6	negative_control
Huangfu ESC	OR2H2	634	6	negative_control
Huangfu ESC	OR2J3	814	6	negative_control
Huangfu ESC	OR2M2	682	6	negative_control
Huangfu ESC	OR2M3	840	6	negative_control
Huangfu ESC	OR2T1	1172	6	negative_control
Huangfu ESC	OR2T11	1145	6	negative_control
Huangfu ESC	OR2T29	1518	6	negative_control
Huangfu ESC	OR2T33	1882	6	negative_control
Huangfu ESC	OR2T4	629	6	negative_control
Huangfu ESC	OR2T5	886	5	negative_control
Huangfu ESC	OR2T6	889	6	negative_control
Huangfu ESC	OR2W1	448	6	negative_control
Huangfu ESC	OR2Y1	575	6	negative_control
Huangfu ESC	OR4A5	1076	6	negative_control
Huangfu ESC	OR4B1	866	6	negative_control
Huangfu ESC	OR4C12	1483	6	negative_control
Huangfu ESC	OR4C15	952	6	negative_control
Huangfu ESC	OR4C3	895	6	negative_control
Huangfu ESC	OR4C45	963	6	negative_control
Huangfu ESC	OR4D10	1180	6	negative_control
Huangfu ESC	OR4D11	920	6	negative_control
Huangfu ESC	OR4D5	666	6	negative_control
Huangfu ESC	OR4E2	827	6	negative_control
Huangfu ESC	OR4F5	1398	6	negative_control
Huangfu ESC	OR4K13	972	6	negative_control
Huangfu ESC	OR4Q3	743	6	negative_control
Huangfu ESC	OR51A2	1192	5	negative_control
Huangfu ESC	OR51A4	1698	6	negative_control
Huangfu ESC	OR51B4	869	6	negative_control
Huangfu ESC	OR51E2	1291	6	negative_control
Huangfu ESC	OR51F1	791	6	negative_control
Huangfu ESC	OR51F2	1023	6	negative_control
Huangfu ESC	OR51L1	1166	6	negative_control
Huangfu ESC	OR51T1	751	6	negative_control
Huangfu ESC	OR52E6	844	6	negative_control
Huangfu ESC	OR52N2	750	6	negative_control
Huangfu ESC	OR52W1	1981	6	negative_control
Huangfu ESC	OR56A4	843	6	negative_control
Huangfu ESC	OR5A2	796	6	negative_control
Huangfu ESC	OR5AC2	1000	6	negative_control
Huangfu ESC	OR5AK2	917	6	negative_control
Huangfu ESC	OR5AP2	1208	6	negative_control
Huangfu ESC	OR5B3	1081	6	negative_control
Huangfu ESC	OR5C1	1219	6	negative_control
Huangfu ESC	OR5D13	1626	6	negative_control
Huangfu ESC	OR5K2	1598	6	negative_control
Huangfu ESC	OR5K3	880	6	negative_control
Huangfu ESC	OR5L1	581	6	negative_control
Huangfu ESC	OR5L2	876	6	negative_control
Huangfu ESC	OR5M1	773	6	negative_control
Huangfu ESC	OR5M11	524	6	negative_control
Huangfu ESC	OR5M8	1122	6	negative_control
Huangfu ESC	OR5P2	965	6	negative_control
Huangfu ESC	OR5T1	1120	6	negative_control
Huangfu ESC	OR5T2	1387	6	negative_control
Huangfu ESC	OR5T3	776	6	negative_control
Huangfu ESC	OR6C1	596	6	negative_control
Huangfu ESC	OR6F1	1141	6	negative_control
Huangfu ESC	OR6M1	1583	6	negative_control
Huangfu ESC	OR6P1	983	6	negative_control
Huangfu ESC	OR7A10	1007	6	negative_control
Huangfu ESC	OR8A1	512	6	negative_control
Huangfu ESC	OR8B3	830	6	negative_control
Huangfu ESC	OR8B4	866	6	negative_control
Huangfu ESC	OR8B8	1129	6	negative_control
Huangfu ESC	OR8G5	1236	6	negative_control
Huangfu ESC	OR8H1	772	6	negative_control
Huangfu ESC	OR8H3	1241	6	negative_control
Huangfu ESC	OR8K1	1364	6	negative_control
Huangfu ESC	OR8U8	688	6	negative_control
Huangfu ESC	OR9A2	1436	6	negative_control
Huangfu ESC	OR9I1	1417	6	negative_control
Huangfu ESC	OR9K2	636	6	negative_control
Huangfu ESC	OR9Q1	905	6	negative_control
Huangfu ESC	ORAI1	642	6	negative_control
Huangfu ESC	OSR1	445	6	tf_targeting
Huangfu ESC	OSR2	355	6	tf_targeting
Huangfu ESC	OTP	779	6	tf_targeting
Huangfu ESC	OTX1	696	6	tf_targeting
Huangfu ESC	OTX2	464	6	tf_targeting
Huangfu ESC	OVOL1	405	6	tf_targeting
Huangfu ESC	OVOL2	515	6	tf_targeting
Huangfu ESC	OVOL3	729	6	tf_targeting
Huangfu ESC	OXSR1	435	6	tf_targeting
Huangfu ESC	PA2G4	366	6	tf_targeting
Huangfu ESC	PARP1	445	6	tf_targeting
Huangfu ESC	PATZ1	1224	12	tf_targeting
Huangfu ESC	PAWR	328	6	tf_targeting
Huangfu ESC	PAX1	276	6	tf_targeting
Huangfu ESC	PAX2	711	6	tf_targeting
Huangfu ESC	PAX3	913	6	tf_targeting
Huangfu ESC	PAX4	274	6	tf_targeting
Huangfu ESC	PAX5	409	6	tf_targeting
Huangfu ESC	PAX6	631	6	tf_targeting
Huangfu ESC	PAX7	454	6	tf_targeting
Huangfu ESC	PAX9	1142	12	tf_targeting
Huangfu ESC	PAXBP1	896	6	tf_targeting
Huangfu ESC	PBRM1	633	6	tf_targeting
Huangfu ESC	PBX1	643	6	tf_targeting
Huangfu ESC	PBX2	338	6	tf_targeting
Huangfu ESC	PBX3	470	6	tf_targeting
Huangfu ESC	PBX4	405	6	tf_targeting
Huangfu ESC	PCGF2	940	12	tf_targeting
Huangfu ESC	PCGF6	434	6	tf_targeting
Huangfu ESC	PDX1	627	6	tf_targeting
Huangfu ESC	PEG3	237	3	tf_targeting
Huangfu ESC	PFDN5	627	6	tf_targeting
Huangfu ESC	PGBD1	516	6	tf_targeting
Huangfu ESC	PGR	542	6	tf_targeting
Huangfu ESC	PHB2	637	6	tf_targeting
Huangfu ESC	PHF1	331	6	tf_targeting
Huangfu ESC	PHF19	389	6	tf_targeting
Huangfu ESC	PHF2	392	6	tf_targeting
Huangfu ESC	PHF20	234	6	tf_targeting
Huangfu ESC	PHF21A	819	6	tf_targeting
Huangfu ESC	PHOX2A	318	6	tf_targeting
Huangfu ESC	PHOX2B	1267	6	tf_targeting
Huangfu ESC	PHTF1	427	6	tf_targeting
Huangfu ESC	PIAS3	636	6	tf_targeting
Huangfu ESC	PIAS4	398	6	tf_targeting
Huangfu ESC	PIN1	490	6	tf_targeting
Huangfu ESC	PITX1	221	6	tf_targeting
Huangfu ESC	PITX2	874	12	tf_targeting
Huangfu ESC	PITX3	517	6	tf_targeting
Huangfu ESC	PKNOX1	501	6	tf_targeting
Huangfu ESC	PKNOX2	370	6	tf_targeting
Huangfu ESC	PLAG1	646	6	tf_targeting
Huangfu ESC	PLAGL1	684	12	tf_targeting
Huangfu ESC	PLAGL2	560	6	tf_targeting
Huangfu ESC	PLEK	815	6	tf_targeting
Huangfu ESC	PLEKHA5	354	6	tf_targeting
Huangfu ESC	PLSCR1	533	6	tf_targeting
Huangfu ESC	POGK	578	6	tf_targeting
Huangfu ESC	POLR1D	1840	3	positive_control
Huangfu ESC	POLR3C	1270	6	tf_targeting
Huangfu ESC	POLR3K	470	6	tf_targeting
Huangfu ESC	POU1F1	378	6	tf_targeting
Huangfu ESC	POU2AF1	582	6	tf_targeting
Huangfu ESC	POU2F1	865	12	tf_targeting
Huangfu ESC	POU2F2	496	6	tf_targeting
Huangfu ESC	POU2F3	1099	12	tf_targeting
Huangfu ESC	POU3F1	756	6	tf_targeting
Huangfu ESC	POU3F2	762	6	tf_targeting
Huangfu ESC	POU3F3	663	6	tf_targeting
Huangfu ESC	POU3F4	448	6	tf_targeting
Huangfu ESC	POU4F1	368	6	tf_targeting
Huangfu ESC	POU4F2	577	6	tf_targeting
Huangfu ESC	POU4F3	786	6	tf_targeting
Huangfu ESC	POU5F1	549	12	tf_targeting
Huangfu ESC	POU5F1B	378	6	tf_targeting
Huangfu ESC	POU5F2	546	6	tf_targeting
Huangfu ESC	POU6F1	488	6	tf_targeting
Huangfu ESC	POU6F2	590	6	tf_targeting
Huangfu ESC	PPARA	321	6	tf_targeting
Huangfu ESC	PPARD	400	6	tf_targeting
Huangfu ESC	PPARG	901	12	tf_targeting
Huangfu ESC	PPIL4	685	6	tf_targeting
Huangfu ESC	PPP1CB	672	6	tf_targeting
Huangfu ESC	PPP1R13L	975	12	tf_targeting
Huangfu ESC	PRDM1	784	6	tf_targeting
Huangfu ESC	PRDM10	532	6	tf_targeting
Huangfu ESC	PRDM11	994	12	tf_targeting
Huangfu ESC	PRDM12	455	6	tf_targeting
Huangfu ESC	PRDM13	437	6	tf_targeting
Huangfu ESC	PRDM14	454	6	tf_targeting
Huangfu ESC	PRDM15	457	6	tf_targeting
Huangfu ESC	PRDM16	500	6	tf_targeting
Huangfu ESC	PRDM2	298	6	tf_targeting
Huangfu ESC	PRDM4	801	6	tf_targeting
Huangfu ESC	PRDM5	865	6	tf_targeting
Huangfu ESC	PRDM6	564	6	tf_targeting
Huangfu ESC	PRDM7	415	6	tf_targeting
Huangfu ESC	PRDM8	1305	12	tf_targeting
Huangfu ESC	PRDM9	267	6	tf_targeting
Huangfu ESC	PREB	271	6	tf_targeting
Huangfu ESC	PRKRIP1	759	12	tf_targeting
Huangfu ESC	PRKRIR	439	6	tf_targeting
Huangfu ESC	PRMT3	570	6	tf_targeting
Huangfu ESC	PROP1	424	6	tf_targeting
Huangfu ESC	PROX1	553	6	tf_targeting
Huangfu ESC	PROX2	872	6	tf_targeting
Huangfu ESC	PRR12	679	6	tf_targeting
Huangfu ESC	PRRX1	1460	12	tf_targeting
Huangfu ESC	PRRX2	387	6	tf_targeting
Huangfu ESC	PSIP1	583	6	tf_targeting
Huangfu ESC	PSMA1	678	6	tf_targeting
Huangfu ESC	PSMB1	644	6	tf_targeting
Huangfu ESC	PSMB4	488	6	tf_targeting
Huangfu ESC	PSMC3	772	6	tf_targeting
Huangfu ESC	PTF1A	446	6	tf_targeting
Huangfu ESC	PTTG1	171	6	tf_targeting
Huangfu ESC	PUF60	728	6	tf_targeting
Huangfu ESC	PURA	1344	12	tf_targeting
Huangfu ESC	PURB	461	6	tf_targeting
Huangfu ESC	PURG	385	6	tf_targeting
Huangfu ESC	RAG1	401	6	tf_targeting
Huangfu ESC	RARA	1052	12	tf_targeting
Huangfu ESC	RARB	442	6	tf_targeting
Huangfu ESC	RARG	1408	12	tf_targeting
Huangfu ESC	RAX	399	6	tf_targeting
Huangfu ESC	RAX2	656	6	tf_targeting
Huangfu ESC	RB1	375	6	tf_targeting
Huangfu ESC	RB1CC1	870	12	tf_targeting
Huangfu ESC	RBAK	757	12	tf_targeting
Huangfu ESC	RBCK1	666	6	tf_targeting
Huangfu ESC	RBL2	1054	12	tf_targeting
Huangfu ESC	RBMS1	428	6	tf_targeting
Huangfu ESC	RBPJ	698	6	tf_targeting
Huangfu ESC	RBPJL	663	6	tf_targeting
Huangfu ESC	RC3H2	321	6	tf_targeting
Huangfu ESC	RCAN1	399	6	tf_targeting
Huangfu ESC	RCOR1	664	6	tf_targeting
Huangfu ESC	RCOR2	589	6	tf_targeting
Huangfu ESC	RCOR3	712	6	tf_targeting
Huangfu ESC	REL	447	6	tf_targeting
Huangfu ESC	RELA	704	6	tf_targeting
Huangfu ESC	RELB	450	6	tf_targeting
Huangfu ESC	REPIN1	815	6	tf_targeting
Huangfu ESC	RERE	498	6	tf_targeting
Huangfu ESC	REST	1184	12	tf_targeting
Huangfu ESC	REXO4	299	6	tf_targeting
Huangfu ESC	RFX1	1051	6	tf_targeting
Huangfu ESC	RFX2	527	6	tf_targeting
Huangfu ESC	RFX3	235	6	tf_targeting
Huangfu ESC	RFX4	731	6	tf_targeting
Huangfu ESC	RFX5	337	6	tf_targeting
Huangfu ESC	RFX6	402	6	tf_targeting
Huangfu ESC	RFX7	566	6	tf_targeting
Huangfu ESC	RFX8	379	6	tf_targeting
Huangfu ESC	RFXANK	467	6	tf_targeting
Huangfu ESC	RFXAP	625	6	tf_targeting
Huangfu ESC	RHOXF1	473	6	tf_targeting
Huangfu ESC	RLF	696	6	tf_targeting
Huangfu ESC	RNF141	717	6	tf_targeting
Huangfu ESC	RNF2	1031	6	tf_targeting
Huangfu ESC	RNF4	299	6	tf_targeting
Huangfu ESC	RORA	745	6	tf_targeting
Huangfu ESC	RORB	475	6	tf_targeting
Huangfu ESC	RORC	758	12	tf_targeting
Huangfu ESC	RPA3	464	6	tf_targeting
Huangfu ESC	RPF1	173	6	tf_targeting
Huangfu ESC	RPS4X	195	6	tf_targeting
Huangfu ESC	RREB1	494	6	tf_targeting
Huangfu ESC	RUNX1	881	6	tf_targeting
Huangfu ESC	RUNX1T1	1103	12	tf_targeting
Huangfu ESC	RUNX2	795	12	tf_targeting
Huangfu ESC	RUNX3	1377	12	tf_targeting
Huangfu ESC	RUVBL1	268	6	tf_targeting
Huangfu ESC	RXRA	568	6	tf_targeting
Huangfu ESC	RXRB	397	6	tf_targeting
Huangfu ESC	RXRG	398	6	tf_targeting
Huangfu ESC	SACM1L	570	6	tf_targeting
Huangfu ESC	SAFB	482	6	tf_targeting
Huangfu ESC	SAFB2	407	6	tf_targeting
Huangfu ESC	SALL1	894	6	tf_targeting
Huangfu ESC	SALL2	451	6	tf_targeting
Huangfu ESC	SALL3	869	6	tf_targeting
Huangfu ESC	SALL4	450	6	tf_targeting
Huangfu ESC	SATB1	1369	12	tf_targeting
Huangfu ESC	SATB2	536	6	tf_targeting
Huangfu ESC	SCAND3	409	6	tf_targeting
Huangfu ESC	SCAPER	483	6	tf_targeting
Huangfu ESC	SCMH1	1195	12	tf_targeting
Huangfu ESC	SCML4	301	6	tf_targeting
Huangfu ESC	SCRT1	440	6	tf_targeting
Huangfu ESC	SCRT2	353	6	tf_targeting
Huangfu ESC	SCXA	252	5	tf_targeting
Huangfu ESC	SCXB	399	5	tf_targeting
Huangfu ESC	SEBOX	922	6	tf_targeting
Huangfu ESC	SETBP1	484	6	tf_targeting
Huangfu ESC	SETD1A	591	6	tf_targeting
Huangfu ESC	SETDB1	999	6	tf_targeting
Huangfu ESC	SETDB2	757	6	tf_targeting
Huangfu ESC	SGSM2	380	6	tf_targeting
Huangfu ESC	SH3D19	1628	12	tf_targeting
Huangfu ESC	SHOX	325	6	tf_targeting
Huangfu ESC	SHOX2	475	6	tf_targeting
Huangfu ESC	SIM1	377	6	tf_targeting
Huangfu ESC	SIM2	661	6	tf_targeting
Huangfu ESC	SIN3A	1547	12	tf_targeting
Huangfu ESC	SIRT6	731	6	tf_targeting
Huangfu ESC	SIX1	397	6	tf_targeting
Huangfu ESC	SIX2	546	6	tf_targeting
Huangfu ESC	SIX3	384	6	tf_targeting
Huangfu ESC	SIX4	1269	6	tf_targeting
Huangfu ESC	SIX5	519	6	tf_targeting
Huangfu ESC	SIX6	470	6	tf_targeting
Huangfu ESC	SKI	424	6	tf_targeting
Huangfu ESC	SKIL	432	6	tf_targeting
Huangfu ESC	SKOR1	602	6	tf_targeting
Huangfu ESC	SKOR2	473	6	tf_targeting
Huangfu ESC	SLC22A1	527	6	tf_targeting
Huangfu ESC	SLC2A4RG	508	6	tf_targeting
Huangfu ESC	SLC30A9	282	6	tf_targeting
Huangfu ESC	SMAD1	870	6	tf_targeting
Huangfu ESC	SMAD2	436	6	tf_targeting
Huangfu ESC	SMAD3	994	6	tf_targeting
Huangfu ESC	SMAD4	1432	6	tf_targeting
Huangfu ESC	SMAD5	533	6	tf_targeting
Huangfu ESC	SMAD6	399	6	tf_targeting
Huangfu ESC	SMAD7	942	6	tf_targeting
Huangfu ESC	SMAD9	420	6	tf_targeting
Huangfu ESC	SMARCA1	979	6	tf_targeting
Huangfu ESC	SMARCA2	568	6	tf_targeting
Huangfu ESC	SMARCA4	715	6	tf_targeting
Huangfu ESC	SMARCA5	671	6	tf_targeting
Huangfu ESC	SMARCB1	709	12	tf_targeting
Huangfu ESC	SMARCC1	802	6	tf_targeting
Huangfu ESC	SMARCC2	712	6	tf_targeting
Huangfu ESC	SMYD2	504	6	tf_targeting
Huangfu ESC	SMYD3	502	6	tf_targeting
Huangfu ESC	SNAI1	342	6	tf_targeting
Huangfu ESC	SNAI2	518	6	tf_targeting
Huangfu ESC	SNAI3	401	6	tf_targeting
Huangfu ESC	SNAPC1	325	6	tf_targeting
Huangfu ESC	SNAPC2	535	6	tf_targeting
Huangfu ESC	SNAPC3	279	6	tf_targeting
Huangfu ESC	SNAPC4	443	6	tf_targeting
Huangfu ESC	SNAPC5	399	6	tf_targeting
Huangfu ESC	SOHLH1	384	6	tf_targeting
Huangfu ESC	SOHLH2	619	6	tf_targeting
Huangfu ESC	SON	1075	12	tf_targeting
Huangfu ESC	SOX1	374	6	tf_targeting
Huangfu ESC	SOX10	473	6	tf_targeting
Huangfu ESC	SOX11	596	6	tf_targeting
Huangfu ESC	SOX12	565	6	tf_targeting
Huangfu ESC	SOX13	602	6	tf_targeting
Huangfu ESC	SOX14	344	6	tf_targeting
Huangfu ESC	SOX15	756	6	tf_targeting
Huangfu ESC	SOX17	425	6	tf_targeting
Huangfu ESC	SOX18	268	6	tf_targeting
Huangfu ESC	SOX2	636	6	tf_targeting
Huangfu ESC	SOX21	506	6	tf_targeting
Huangfu ESC	SOX3	415	6	tf_targeting
Huangfu ESC	SOX30	1023	12	tf_targeting
Huangfu ESC	SOX4	1920	12	tf_targeting
Huangfu ESC	SOX5	1055	12	tf_targeting
Huangfu ESC	SOX6	1437	18	tf_targeting
Huangfu ESC	SOX7	296	6	tf_targeting
Huangfu ESC	SOX8	360	6	tf_targeting
Huangfu ESC	SOX9	873	6	tf_targeting
Huangfu ESC	SP1	570	6	tf_targeting
Huangfu ESC	SP100	517	6	tf_targeting
Huangfu ESC	SP110	527	6	tf_targeting
Huangfu ESC	SP140	360	6	tf_targeting
Huangfu ESC	SP140L	485	6	tf_targeting
Huangfu ESC	SP2	677	6	tf_targeting
Huangfu ESC	SP3	400	6	tf_targeting
Huangfu ESC	SP4	980	6	tf_targeting
Huangfu ESC	SP5	653	6	tf_targeting
Huangfu ESC	SP6	358	6	tf_targeting
Huangfu ESC	SP7	440	6	tf_targeting
Huangfu ESC	SP8	342	6	tf_targeting
Huangfu ESC	SP9	503	6	tf_targeting
Huangfu ESC	SPDEF	386	6	tf_targeting
Huangfu ESC	SPEN	466	6	tf_targeting
Huangfu ESC	SPI1	486	6	tf_targeting
Huangfu ESC	SPIB	375	6	tf_targeting
Huangfu ESC	SPIC	391	6	tf_targeting
Huangfu ESC	SPZ1	634	6	tf_targeting
Huangfu ESC	SRCAP	585	6	tf_targeting
Huangfu ESC	SREBF1	872	12	tf_targeting
Huangfu ESC	SREBF2	374	6	tf_targeting
Huangfu ESC	SRF	412	6	tf_targeting
Huangfu ESC	SRY	950	6	tf_targeting
Huangfu ESC	SS18	457	6	tf_targeting
Huangfu ESC	SSRP1	260	6	tf_targeting
Huangfu ESC	ST18	897	6	tf_targeting
Huangfu ESC	STAT1	423	6	tf_targeting
Huangfu ESC	STAT2	533	6	tf_targeting
Huangfu ESC	STAT3	272	6	tf_targeting
Huangfu ESC	STAT4	538	6	tf_targeting
Huangfu ESC	STAT5A	711	6	tf_targeting
Huangfu ESC	STAT5B	401	6	tf_targeting
Huangfu ESC	STAT6	538	6	tf_targeting
Huangfu ESC	STOX2	1481	12	tf_targeting
Huangfu ESC	STRA13	555	6	tf_targeting
Huangfu ESC	STRAP	1020	6	tf_targeting
Huangfu ESC	SUB1	1299	12	tf_targeting
Huangfu ESC	SULT2A1	417	6	tf_targeting
Huangfu ESC	SUPT4H1	400	6	tf_targeting
Huangfu ESC	SUPT5H	164	6	tf_targeting
Huangfu ESC	SUZ12	355	6	tf_targeting
Huangfu ESC	TADA2A	611	6	tf_targeting
Huangfu ESC	TADA2B	713	6	tf_targeting
Huangfu ESC	TADA3	489	6	tf_targeting
Huangfu ESC	TAF1	175	6	tf_targeting
Huangfu ESC	TAF10	347	6	tf_targeting
Huangfu ESC	TAF11	503	6	tf_targeting
Huangfu ESC	TAF12	1010	6	tf_targeting
Huangfu ESC	TAF13	321	6	tf_targeting
Huangfu ESC	TAF1A	54	6	tf_targeting
Huangfu ESC	TAF1B	480	6	tf_targeting
Huangfu ESC	TAF4	771	6	tf_targeting
Huangfu ESC	TAF4B	400	6	tf_targeting
Huangfu ESC	TAF5	205	6	tf_targeting
Huangfu ESC	TAF5L	722	6	tf_targeting
Huangfu ESC	TAF6	408	6	tf_targeting
Huangfu ESC	TAF7	1653	6	tf_targeting
Huangfu ESC	TAF9	378	6	tf_targeting
Huangfu ESC	TAL1	1039	12	tf_targeting
Huangfu ESC	TAL2	426	6	tf_targeting
Huangfu ESC	TARDBP	653	6	tf_targeting
Huangfu ESC	TAZ	540	6	tf_targeting
Huangfu ESC	TBP	678	6	tf_targeting
Huangfu ESC	TBPL1	340	6	tf_targeting
Huangfu ESC	TBPL2	762	6	tf_targeting
Huangfu ESC	TBR1	602	6	tf_targeting
Huangfu ESC	TBX1	401	6	tf_targeting
Huangfu ESC	TBX10	565	6	tf_targeting
Huangfu ESC	TBX15	498	6	tf_targeting
Huangfu ESC	TBX18	1167	12	tf_targeting
Huangfu ESC	TBX19	560	6	tf_targeting
Huangfu ESC	TBX2	256	6	tf_targeting
Huangfu ESC	TBX20	500	6	tf_targeting
Huangfu ESC	TBX21	495	6	tf_targeting
Huangfu ESC	TBX22	555	6	tf_targeting
Huangfu ESC	TBX3	432	6	tf_targeting
Huangfu ESC	TBX4	940	12	tf_targeting
Huangfu ESC	TBX5	1523	12	tf_targeting
Huangfu ESC	TBX6	383	6	tf_targeting
Huangfu ESC	TBXT	735	6	tf_targeting
Huangfu ESC	TCEB1	528	6	tf_targeting
Huangfu ESC	TCEB2	957	6	tf_targeting
Huangfu ESC	TCEB3	676	6	tf_targeting
Huangfu ESC	TCERG1	774	6	tf_targeting
Huangfu ESC	TCF12	872	12	tf_targeting
Huangfu ESC	TCF15	510	6	tf_targeting
Huangfu ESC	TCF19	1175	12	tf_targeting
Huangfu ESC	TCF20	479	6	tf_targeting
Huangfu ESC	TCF21	696	6	tf_targeting
Huangfu ESC	TCF23	478	6	tf_targeting
Huangfu ESC	TCF24	332	6	tf_targeting
Huangfu ESC	TCF25	569	6	tf_targeting
Huangfu ESC	TCF3	602	6	tf_targeting
Huangfu ESC	TCF4	508	6	tf_targeting
Huangfu ESC	TCF7	545	6	tf_targeting
Huangfu ESC	TCF7L1	766	6	tf_targeting
Huangfu ESC	TCF7L2	782	6	tf_targeting
Huangfu ESC	TCFL5	600	6	tf_targeting
Huangfu ESC	TEAD1	570	6	tf_targeting
Huangfu ESC	TEAD2	293	6	tf_targeting
Huangfu ESC	TEAD3	290	6	tf_targeting
Huangfu ESC	TEAD4	381	6	tf_targeting
Huangfu ESC	TEF	826	12	tf_targeting
Huangfu ESC	TERF1	545	6	tf_targeting
Huangfu ESC	TERF2	725	6	tf_targeting
Huangfu ESC	TET1	421	6	tf_targeting
Huangfu ESC	TET2	697	6	tf_targeting
Huangfu ESC	TET3	473	6	tf_targeting
Huangfu ESC	TFAM	486	6	tf_targeting
Huangfu ESC	TFAP2A	1192	12	tf_targeting
Huangfu ESC	TFAP2B	320	6	tf_targeting
Huangfu ESC	TFAP2C	864	6	tf_targeting
Huangfu ESC	TFAP2D	363	6	tf_targeting
Huangfu ESC	TFAP2E	490	6	tf_targeting
Huangfu ESC	TFAP4	911	6	tf_targeting
Huangfu ESC	TFCP2	892	6	tf_targeting
Huangfu ESC	TFCP2L1	344	6	tf_targeting
Huangfu ESC	TFDP1	196	6	tf_targeting
Huangfu ESC	TFDP2	1589	12	tf_targeting
Huangfu ESC	TFDP3	265	6	tf_targeting
Huangfu ESC	TFEB	732	12	tf_targeting
Huangfu ESC	TFEC	571	6	tf_targeting
Huangfu ESC	TFRC	2760	1	positive_control
Huangfu ESC	TGFB1I1	368	6	tf_targeting
Huangfu ESC	TGIF1	593	6	tf_targeting
Huangfu ESC	TGIF2	391	6	tf_targeting
Huangfu ESC	TGIF2LX	272	4	tf_targeting
Huangfu ESC	TGIF2LY	385	4	tf_targeting
Huangfu ESC	THAP1	387	6	tf_targeting
Huangfu ESC	THAP10	497	6	tf_targeting
Huangfu ESC	THAP11	623	6	tf_targeting
Huangfu ESC	THAP2	1285	12	tf_targeting
Huangfu ESC	THAP3	473	6	tf_targeting
Huangfu ESC	THAP4	400	6	tf_targeting
Huangfu ESC	THAP5	551	6	tf_targeting
Huangfu ESC	THAP6	358	6	tf_targeting
Huangfu ESC	THAP7	765	6	tf_targeting
Huangfu ESC	THAP8	444	6	tf_targeting
Huangfu ESC	THAP9	598	6	tf_targeting
Huangfu ESC	THRA	822	6	tf_targeting
Huangfu ESC	THRB	399	6	tf_targeting
Huangfu ESC	THYN1	521	6	tf_targeting
Huangfu ESC	TIGD1	460	6	tf_targeting
Huangfu ESC	TIGD2	453	6	tf_targeting
Huangfu ESC	TIGD3	575	6	tf_targeting
Huangfu ESC	TIGD4	366	6	tf_targeting
Huangfu ESC	TIGD5	559	6	tf_targeting
Huangfu ESC	TIGD6	393	6	tf_targeting
Huangfu ESC	TIGD7	486	6	tf_targeting
Huangfu ESC	TLX1	630	6	tf_targeting
Huangfu ESC	TLX2	423	6	tf_targeting
Huangfu ESC	TLX3	567	6	tf_targeting
Huangfu ESC	TMF1	543	6	tf_targeting
Huangfu ESC	TNXB	547	6	tf_targeting
Huangfu ESC	TOPORS	562	6	tf_targeting
Huangfu ESC	TOX	500	6	tf_targeting
Huangfu ESC	TOX2	379	6	tf_targeting
Huangfu ESC	TOX3	861	6	tf_targeting
Huangfu ESC	TOX4	466	6	tf_targeting
Huangfu ESC	TP53	367	6	tf_targeting
Huangfu ESC	TP53BP1	1145	12	tf_targeting
Huangfu ESC	TP53BP2	669	6	tf_targeting
Huangfu ESC	TP63	314	6	tf_targeting
Huangfu ESC	TP73	871	6	tf_targeting
Huangfu ESC	TPI1	508	6	tf_targeting
Huangfu ESC	TPRX1	376	6	tf_targeting
Huangfu ESC	TRAFD1	778	6	tf_targeting
Huangfu ESC	TRERF1	441	6	tf_targeting
Huangfu ESC	TRIM22	808	6	tf_targeting
Huangfu ESC	TRIM25	438	6	tf_targeting
Huangfu ESC	TRIM27	420	6	tf_targeting
Huangfu ESC	TRIM28	566	6	tf_targeting
Huangfu ESC	TRIM29	800	12	tf_targeting
Huangfu ESC	TRPS1	1337	6	tf_targeting
Huangfu ESC	TSC22D1	499	6	tf_targeting
Huangfu ESC	TSC22D2	696	6	tf_targeting
Huangfu ESC	TSC22D3	475	6	tf_targeting
Huangfu ESC	TSC22D4	398	6	tf_targeting
Huangfu ESC	TSHZ1	441	6	tf_targeting
Huangfu ESC	TSHZ2	398	5	tf_targeting
Huangfu ESC	TSHZ3	398	6	tf_targeting
Huangfu ESC	TTF1	776	6	tf_targeting
Huangfu ESC	TUB	657	6	tf_targeting
Huangfu ESC	TULP1	492	6	tf_targeting
Huangfu ESC	TULP2	339	6	tf_targeting
Huangfu ESC	TULP3	963	12	tf_targeting
Huangfu ESC	TULP4	736	6	tf_targeting
Huangfu ESC	TWIST1	568	6	tf_targeting
Huangfu ESC	TWIST2	674	6	tf_targeting
Huangfu ESC	UBN1	616	6	tf_targeting
Huangfu ESC	UBP1	434	6	tf_targeting
Huangfu ESC	UNCX	797	6	tf_targeting
Huangfu ESC	UNKL	1311	6	tf_targeting
Huangfu ESC	USF1	408	6	tf_targeting
Huangfu ESC	USF2	597	6	tf_targeting
Huangfu ESC	VAV1	277	6	tf_targeting
Huangfu ESC	VAX1	510	6	tf_targeting
Huangfu ESC	VAX2	443	6	tf_targeting
Huangfu ESC	VDR	693	6	tf_targeting
Huangfu ESC	VENTX	335	6	tf_targeting
Huangfu ESC	VEZF1	1119	6	tf_targeting
Huangfu ESC	VPS72	382	6	tf_targeting
Huangfu ESC	VSX1	329	6	tf_targeting
Huangfu ESC	VSX2	262	6	tf_targeting
Huangfu ESC	WDHD1	337	6	tf_targeting
Huangfu ESC	WDR82	654	6	tf_targeting
Huangfu ESC	WHSC1	366	6	tf_targeting
Huangfu ESC	WIZ	660	6	tf_targeting
Huangfu ESC	WNK1	472	6	tf_targeting
Huangfu ESC	WT1	336	6	tf_targeting
Huangfu ESC	XBP1	497	6	tf_targeting
Huangfu ESC	XPA	313	6	tf_targeting
Huangfu ESC	XRCC5	498	6	tf_targeting
Huangfu ESC	XRCC6	790	6	tf_targeting
Huangfu ESC	YAF2	460	6	tf_targeting
Huangfu ESC	YAP1	501	6	tf_targeting
Huangfu ESC	YBX1	408	6	tf_targeting
Huangfu ESC	YBX2	532	6	tf_targeting
Huangfu ESC	YBX3	392	6	tf_targeting
Huangfu ESC	YEATS2	425	6	tf_targeting
Huangfu ESC	YWHAE	716	6	tf_targeting
Huangfu ESC	YWHAZ	395	6	tf_targeting
Huangfu ESC	YY1	543	6	tf_targeting
Huangfu ESC	YY2	507	5	tf_targeting
Huangfu ESC	ZBED1	527	6	tf_targeting
Huangfu ESC	ZBED2	582	6	tf_targeting
Huangfu ESC	ZBED3	683	6	tf_targeting
Huangfu ESC	ZBED4	425	6	tf_targeting
Huangfu ESC	ZBED5	587	6	tf_targeting
Huangfu ESC	ZBED6	331	4	tf_targeting
Huangfu ESC	ZBTB1	633	6	tf_targeting
Huangfu ESC	ZBTB10	337	6	tf_targeting
Huangfu ESC	ZBTB11	1270	6	tf_targeting
Huangfu ESC	ZBTB12	676	6	tf_targeting
Huangfu ESC	ZBTB14	479	6	tf_targeting
Huangfu ESC	ZBTB16	525	6	tf_targeting
Huangfu ESC	ZBTB17	654	6	tf_targeting
Huangfu ESC	ZBTB18	714	6	tf_targeting
Huangfu ESC	ZBTB2	367	6	tf_targeting
Huangfu ESC	ZBTB20	1404	12	tf_targeting
Huangfu ESC	ZBTB21	472	6	tf_targeting
Huangfu ESC	ZBTB22	757	6	tf_targeting
Huangfu ESC	ZBTB24	529	6	tf_targeting
Huangfu ESC	ZBTB25	554	6	tf_targeting
Huangfu ESC	ZBTB26	339	6	tf_targeting
Huangfu ESC	ZBTB3	419	6	tf_targeting
Huangfu ESC	ZBTB32	419	6	tf_targeting
Huangfu ESC	ZBTB33	467	6	tf_targeting
Huangfu ESC	ZBTB34	227	6	tf_targeting
Huangfu ESC	ZBTB37	590	6	tf_targeting
Huangfu ESC	ZBTB38	814	12	tf_targeting
Huangfu ESC	ZBTB39	346	6	tf_targeting
Huangfu ESC	ZBTB4	842	12	tf_targeting
Huangfu ESC	ZBTB40	830	6	tf_targeting
Huangfu ESC	ZBTB41	1093	6	tf_targeting
Huangfu ESC	ZBTB42	836	6	tf_targeting
Huangfu ESC	ZBTB43	464	6	tf_targeting
Huangfu ESC	ZBTB44	487	6	tf_targeting
Huangfu ESC	ZBTB45	854	6	tf_targeting
Huangfu ESC	ZBTB46	267	6	tf_targeting
Huangfu ESC	ZBTB47	449	6	tf_targeting
Huangfu ESC	ZBTB48	450	6	tf_targeting
Huangfu ESC	ZBTB49	497	6	tf_targeting
Huangfu ESC	ZBTB5	822	6	tf_targeting
Huangfu ESC	ZBTB6	510	6	tf_targeting
Huangfu ESC	ZBTB7A	756	12	tf_targeting
Huangfu ESC	ZBTB7B	449	6	tf_targeting
Huangfu ESC	ZBTB7C	892	12	tf_targeting
Huangfu ESC	ZBTB8A	1019	6	tf_targeting
Huangfu ESC	ZBTB8B	789	6	tf_targeting
Huangfu ESC	ZBTB9	754	6	tf_targeting
Huangfu ESC	ZC3H11A	247	4	tf_targeting
Huangfu ESC	ZC3H15	496	6	tf_targeting
Huangfu ESC	ZC3H3	345	6	tf_targeting
Huangfu ESC	ZC3H8	103	6	tf_targeting
Huangfu ESC	ZCCHC11	374	6	tf_targeting
Huangfu ESC	ZCCHC6	436	6	tf_targeting
Huangfu ESC	ZEB1	1599	12	tf_targeting
Huangfu ESC	ZEB2	1838	12	tf_targeting
Huangfu ESC	ZFAT	1186	12	tf_targeting
Huangfu ESC	ZFHX2	1320	12	tf_targeting
Huangfu ESC	ZFHX3	496	6	tf_targeting
Huangfu ESC	ZFHX4	475	6	tf_targeting
Huangfu ESC	ZFP1	594	6	tf_targeting
Huangfu ESC	ZFP14	610	6	tf_targeting
Huangfu ESC	ZFP2	406	6	tf_targeting
Huangfu ESC	ZFP28	470	6	tf_targeting
Huangfu ESC	ZFP3	444	6	tf_targeting
Huangfu ESC	ZFP30	551	6	tf_targeting
Huangfu ESC	ZFP36L1	1246	12	tf_targeting
Huangfu ESC	ZFP36L2	762	6	tf_targeting
Huangfu ESC	ZFP37	346	6	tf_targeting
Huangfu ESC	ZFP41	384	6	tf_targeting
Huangfu ESC	ZFP42	1232	12	tf_targeting
Huangfu ESC	ZFP57	1263	6	tf_targeting
Huangfu ESC	ZFP62	1060	6	tf_targeting
Huangfu ESC	ZFP64	523	6	tf_targeting
Huangfu ESC	ZFP69	464	6	tf_targeting
Huangfu ESC	ZFP69B	468	6	tf_targeting
Huangfu ESC	ZFP82	891	6	tf_targeting
Huangfu ESC	ZFP90	1086	12	tf_targeting
Huangfu ESC	ZFP91	437	6	tf_targeting
Huangfu ESC	ZFP92	587	6	tf_targeting
Huangfu ESC	ZFPM1	527	6	tf_targeting
Huangfu ESC	ZFPM2	501	6	tf_targeting
Huangfu ESC	ZFX	542	6	tf_targeting
Huangfu ESC	ZFY	484	6	tf_targeting
Huangfu ESC	ZFYVE20	308	6	tf_targeting
Huangfu ESC	ZFYVE26	674	6	tf_targeting
Huangfu ESC	ZGLP1	345	6	tf_targeting
Huangfu ESC	ZGPAT	976	6	tf_targeting
Huangfu ESC	ZHX1	418	6	tf_targeting
Huangfu ESC	ZHX2	416	6	tf_targeting
Huangfu ESC	ZHX3	543	6	tf_targeting
Huangfu ESC	ZIC1	457	6	tf_targeting
Huangfu ESC	ZIC2	420	6	tf_targeting
Huangfu ESC	ZIC3	532	6	tf_targeting
Huangfu ESC	ZIC4	1066	12	tf_targeting
Huangfu ESC	ZIC5	588	6	tf_targeting
Huangfu ESC	ZIK1	431	6	tf_targeting
Huangfu ESC	ZIM2	385	3	tf_targeting
Huangfu ESC	ZIM3	634	6	tf_targeting
Huangfu ESC	ZKSCAN1	592	6	tf_targeting
Huangfu ESC	ZKSCAN2	365	6	tf_targeting
Huangfu ESC	ZKSCAN3	426	6	tf_targeting
Huangfu ESC	ZKSCAN4	517	6	tf_targeting
Huangfu ESC	ZKSCAN5	694	6	tf_targeting
Huangfu ESC	ZKSCAN7	385	6	tf_targeting
Huangfu ESC	ZKSCAN8	763	6	tf_targeting
Huangfu ESC	ZMAT1	719	6	tf_targeting
Huangfu ESC	ZMAT2	1421	12	tf_targeting
Huangfu ESC	ZMAT3	210	6	tf_targeting
Huangfu ESC	ZMAT4	491	6	tf_targeting
Huangfu ESC	ZNF10	708	6	tf_targeting
Huangfu ESC	ZNF100	404	6	tf_targeting
Huangfu ESC	ZNF101	473	6	tf_targeting
Huangfu ESC	ZNF107	764	6	tf_targeting
Huangfu ESC	ZNF112	341	6	tf_targeting
Huangfu ESC	ZNF114	549	6	tf_targeting
Huangfu ESC	ZNF117	268	6	tf_targeting
Huangfu ESC	ZNF12	397	6	tf_targeting
Huangfu ESC	ZNF121	461	6	tf_targeting
Huangfu ESC	ZNF124	668	6	tf_targeting
Huangfu ESC	ZNF131	772	6	tf_targeting
Huangfu ESC	ZNF132	584	6	tf_targeting
Huangfu ESC	ZNF133	600	6	tf_targeting
Huangfu ESC	ZNF134	568	6	tf_targeting
Huangfu ESC	ZNF135	450	6	tf_targeting
Huangfu ESC	ZNF136	343	6	tf_targeting
Huangfu ESC	ZNF138	708	6	tf_targeting
Huangfu ESC	ZNF14	582	6	tf_targeting
Huangfu ESC	ZNF140	493	6	tf_targeting
Huangfu ESC	ZNF141	558	6	tf_targeting
Huangfu ESC	ZNF142	275	6	tf_targeting
Huangfu ESC	ZNF143	692	6	tf_targeting
Huangfu ESC	ZNF146	555	6	tf_targeting
Huangfu ESC	ZNF148	619	6	tf_targeting
Huangfu ESC	ZNF154	487	6	tf_targeting
Huangfu ESC	ZNF155	550	6	tf_targeting
Huangfu ESC	ZNF157	658	6	tf_targeting
Huangfu ESC	ZNF16	756	6	tf_targeting
Huangfu ESC	ZNF160	632	6	tf_targeting
Huangfu ESC	ZNF165	495	6	tf_targeting
Huangfu ESC	ZNF169	688	6	tf_targeting
Huangfu ESC	ZNF17	381	6	tf_targeting
Huangfu ESC	ZNF174	410	6	tf_targeting
Huangfu ESC	ZNF175	534	6	tf_targeting
Huangfu ESC	ZNF177	732	10	tf_targeting
Huangfu ESC	ZNF18	346	6	tf_targeting
Huangfu ESC	ZNF180	553	6	tf_targeting
Huangfu ESC	ZNF181	287	6	tf_targeting
Huangfu ESC	ZNF182	335	6	tf_targeting
Huangfu ESC	ZNF184	555	6	tf_targeting
Huangfu ESC	ZNF189	744	6	tf_targeting
Huangfu ESC	ZNF19	710	6	tf_targeting
Huangfu ESC	ZNF195	340	6	tf_targeting
Huangfu ESC	ZNF197	892	6	tf_targeting
Huangfu ESC	ZNF2	363	6	tf_targeting
Huangfu ESC	ZNF20	892	7	tf_targeting
Huangfu ESC	ZNF200	830	6	tf_targeting
Huangfu ESC	ZNF202	274	6	tf_targeting
Huangfu ESC	ZNF205	326	6	tf_targeting
Huangfu ESC	ZNF207	719	12	tf_targeting
Huangfu ESC	ZNF211	791	6	tf_targeting
Huangfu ESC	ZNF212	526	6	tf_targeting
Huangfu ESC	ZNF213	350	6	tf_targeting
Huangfu ESC	ZNF214	520	6	tf_targeting
Huangfu ESC	ZNF215	524	6	tf_targeting
Huangfu ESC	ZNF217	916	12	tf_targeting
Huangfu ESC	ZNF219	318	5	tf_targeting
Huangfu ESC	ZNF22	764	6	tf_targeting
Huangfu ESC	ZNF221	359	6	tf_targeting
Huangfu ESC	ZNF222	527	6	tf_targeting
Huangfu ESC	ZNF223	588	6	tf_targeting
Huangfu ESC	ZNF224	468	6	tf_targeting
Huangfu ESC	ZNF225	331	6	tf_targeting
Huangfu ESC	ZNF226	2250	12	tf_targeting
Huangfu ESC	ZNF227	515	6	tf_targeting
Huangfu ESC	ZNF229	540	6	tf_targeting
Huangfu ESC	ZNF23	1082	12	tf_targeting
Huangfu ESC	ZNF230	676	6	tf_targeting
Huangfu ESC	ZNF232	928	12	tf_targeting
Huangfu ESC	ZNF233	429	6	tf_targeting
Huangfu ESC	ZNF235	317	6	tf_targeting
Huangfu ESC	ZNF236	446	6	tf_targeting
Huangfu ESC	ZNF239	412	6	tf_targeting
Huangfu ESC	ZNF24	458	6	tf_targeting
Huangfu ESC	ZNF248	406	6	tf_targeting
Huangfu ESC	ZNF25	429	6	tf_targeting
Huangfu ESC	ZNF250	784	6	tf_targeting
Huangfu ESC	ZNF251	468	6	tf_targeting
Huangfu ESC	ZNF253	513	6	tf_targeting
Huangfu ESC	ZNF254	1383	6	tf_targeting
Huangfu ESC	ZNF256	601	6	tf_targeting
Huangfu ESC	ZNF257	370	6	tf_targeting
Huangfu ESC	ZNF26	500	6	tf_targeting
Huangfu ESC	ZNF260	533	6	tf_targeting
Huangfu ESC	ZNF263	1401	12	tf_targeting
Huangfu ESC	ZNF264	385	6	tf_targeting
Huangfu ESC	ZNF266	1321	6	tf_targeting
Huangfu ESC	ZNF267	1246	12	tf_targeting
Huangfu ESC	ZNF268	713	6	tf_targeting
Huangfu ESC	ZNF273	943	12	tf_targeting
Huangfu ESC	ZNF274	684	6	tf_targeting
Huangfu ESC	ZNF275	388	6	tf_targeting
Huangfu ESC	ZNF276	468	6	tf_targeting
Huangfu ESC	ZNF277	376	6	tf_targeting
Huangfu ESC	ZNF28	607	6	tf_targeting
Huangfu ESC	ZNF280B	427	6	tf_targeting
Huangfu ESC	ZNF280C	401	6	tf_targeting
Huangfu ESC	ZNF280D	701	6	tf_targeting
Huangfu ESC	ZNF281	346	6	tf_targeting
Huangfu ESC	ZNF282	476	6	tf_targeting
Huangfu ESC	ZNF283	557	6	tf_targeting
Huangfu ESC	ZNF284	509	6	tf_targeting
Huangfu ESC	ZNF285	850	6	tf_targeting
Huangfu ESC	ZNF286A	482	6	tf_targeting
Huangfu ESC	ZNF286B	104	6	tf_targeting
Huangfu ESC	ZNF287	440	6	tf_targeting
Huangfu ESC	ZNF292	963	6	tf_targeting
Huangfu ESC	ZNF296	543	6	tf_targeting
Huangfu ESC	ZNF3	656	6	tf_targeting
Huangfu ESC	ZNF30	385	6	tf_targeting
Huangfu ESC	ZNF300	461	6	tf_targeting
Huangfu ESC	ZNF302	627	6	tf_targeting
Huangfu ESC	ZNF304	554	6	tf_targeting
Huangfu ESC	ZNF311	257	6	tf_targeting
Huangfu ESC	ZNF317	765	6	tf_targeting
Huangfu ESC	ZNF318	270	6	tf_targeting
Huangfu ESC	ZNF319	1273	12	tf_targeting
Huangfu ESC	ZNF32	502	6	tf_targeting
Huangfu ESC	ZNF320	419	6	tf_targeting
Huangfu ESC	ZNF322	440	6	tf_targeting
Huangfu ESC	ZNF324	443	6	tf_targeting
Huangfu ESC	ZNF324B	374	6	tf_targeting
Huangfu ESC	ZNF326	448	6	tf_targeting
Huangfu ESC	ZNF329	1324	12	tf_targeting
Huangfu ESC	ZNF330	719	6	tf_targeting
Huangfu ESC	ZNF331	909	12	tf_targeting
Huangfu ESC	ZNF333	576	6	tf_targeting
Huangfu ESC	ZNF334	534	6	tf_targeting
Huangfu ESC	ZNF335	870	6	tf_targeting
Huangfu ESC	ZNF337	484	6	tf_targeting
Huangfu ESC	ZNF33A	435	6	tf_targeting
Huangfu ESC	ZNF33B	406	6	tf_targeting
Huangfu ESC	ZNF34	398	6	tf_targeting
Huangfu ESC	ZNF341	944	12	tf_targeting
Huangfu ESC	ZNF343	331	6	tf_targeting
Huangfu ESC	ZNF345	556	6	tf_targeting
Huangfu ESC	ZNF346	369	6	tf_targeting
Huangfu ESC	ZNF347	736	6	tf_targeting
Huangfu ESC	ZNF35	620	6	tf_targeting
Huangfu ESC	ZNF350	643	6	tf_targeting
Huangfu ESC	ZNF354A	596	6	tf_targeting
Huangfu ESC	ZNF354B	391	6	tf_targeting
Huangfu ESC	ZNF354C	540	6	tf_targeting
Huangfu ESC	ZNF358	733	12	tf_targeting
Huangfu ESC	ZNF362	358	6	tf_targeting
Huangfu ESC	ZNF365	668	6	tf_targeting
Huangfu ESC	ZNF366	508	6	tf_targeting
Huangfu ESC	ZNF367	420	6	tf_targeting
Huangfu ESC	ZNF37A	646	6	tf_targeting
Huangfu ESC	ZNF382	685	6	tf_targeting
Huangfu ESC	ZNF383	462	6	tf_targeting
Huangfu ESC	ZNF384	330	6	tf_targeting
Huangfu ESC	ZNF385A	1187	12	tf_targeting
Huangfu ESC	ZNF385B	396	6	tf_targeting
Huangfu ESC	ZNF385C	715	6	tf_targeting
Huangfu ESC	ZNF385D	449	6	tf_targeting
Huangfu ESC	ZNF391	263	6	tf_targeting
Huangfu ESC	ZNF394	618	6	tf_targeting
Huangfu ESC	ZNF395	599	6	tf_targeting
Huangfu ESC	ZNF396	808	6	tf_targeting
Huangfu ESC	ZNF397	568	6	tf_targeting
Huangfu ESC	ZNF398	424	6	tf_targeting
Huangfu ESC	ZNF407	576	6	tf_targeting
Huangfu ESC	ZNF408	568	6	tf_targeting
Huangfu ESC	ZNF41	438	6	tf_targeting
Huangfu ESC	ZNF410	293	6	tf_targeting
Huangfu ESC	ZNF414	448	6	tf_targeting
Huangfu ESC	ZNF415	1054	6	tf_targeting
Huangfu ESC	ZNF416	808	6	tf_targeting
Huangfu ESC	ZNF417	258	5	tf_targeting
Huangfu ESC	ZNF418	572	6	tf_targeting
Huangfu ESC	ZNF419	310	6	tf_targeting
Huangfu ESC	ZNF420	696	6	tf_targeting
Huangfu ESC	ZNF423	1575	12	tf_targeting
Huangfu ESC	ZNF425	418	6	tf_targeting
Huangfu ESC	ZNF426	489	6	tf_targeting
Huangfu ESC	ZNF428	398	6	tf_targeting
Huangfu ESC	ZNF429	937	6	tf_targeting
Huangfu ESC	ZNF43	1768	12	tf_targeting
Huangfu ESC	ZNF430	486	6	tf_targeting
Huangfu ESC	ZNF431	460	6	tf_targeting
Huangfu ESC	ZNF432	547	6	tf_targeting
Huangfu ESC	ZNF433	525	6	tf_targeting
Huangfu ESC	ZNF436	818	12	tf_targeting
Huangfu ESC	ZNF438	977	12	tf_targeting
Huangfu ESC	ZNF439	752	6	tf_targeting
Huangfu ESC	ZNF44	817	6	tf_targeting
Huangfu ESC	ZNF440	562	6	tf_targeting
Huangfu ESC	ZNF441	488	6	tf_targeting
Huangfu ESC	ZNF442	478	6	tf_targeting
Huangfu ESC	ZNF443	352	6	tf_targeting
Huangfu ESC	ZNF444	523	6	tf_targeting
Huangfu ESC	ZNF445	574	6	tf_targeting
Huangfu ESC	ZNF446	825	6	tf_targeting
Huangfu ESC	ZNF449	589	6	tf_targeting
Huangfu ESC	ZNF45	591	6	tf_targeting
Huangfu ESC	ZNF451	888	6	tf_targeting
Huangfu ESC	ZNF454	642	6	tf_targeting
Huangfu ESC	ZNF460	808	6	tf_targeting
Huangfu ESC	ZNF461	494	6	tf_targeting
Huangfu ESC	ZNF462	576	6	tf_targeting
Huangfu ESC	ZNF467	530	6	tf_targeting
Huangfu ESC	ZNF468	288	6	tf_targeting
Huangfu ESC	ZNF469	393	6	tf_targeting
Huangfu ESC	ZNF470	339	6	tf_targeting
Huangfu ESC	ZNF471	396	6	tf_targeting
Huangfu ESC	ZNF473	400	6	tf_targeting
Huangfu ESC	ZNF474	483	6	tf_targeting
Huangfu ESC	ZNF479	208	6	tf_targeting
Huangfu ESC	ZNF48	464	6	tf_targeting
Huangfu ESC	ZNF480	703	6	tf_targeting
Huangfu ESC	ZNF483	590	6	tf_targeting
Huangfu ESC	ZNF484	388	6	tf_targeting
Huangfu ESC	ZNF485	383	6	tf_targeting
Huangfu ESC	ZNF486	587	6	tf_targeting
Huangfu ESC	ZNF488	989	12	tf_targeting
Huangfu ESC	ZNF490	560	6	tf_targeting
Huangfu ESC	ZNF491	437	6	tf_targeting
Huangfu ESC	ZNF492	590	6	tf_targeting
Huangfu ESC	ZNF493	622	6	tf_targeting
Huangfu ESC	ZNF496	959	6	tf_targeting
Huangfu ESC	ZNF497	348	6	tf_targeting
Huangfu ESC	ZNF500	441	6	tf_targeting
Huangfu ESC	ZNF501	451	6	tf_targeting
Huangfu ESC	ZNF502	429	6	tf_targeting
Huangfu ESC	ZNF503	403	6	tf_targeting
Huangfu ESC	ZNF506	546	6	tf_targeting
Huangfu ESC	ZNF507	536	6	tf_targeting
Huangfu ESC	ZNF510	684	6	tf_targeting
Huangfu ESC	ZNF511	288	6	tf_targeting
Huangfu ESC	ZNF512	291	6	tf_targeting
Huangfu ESC	ZNF512B	630	6	tf_targeting
Huangfu ESC	ZNF513	525	5	tf_targeting
Huangfu ESC	ZNF514	1181	12	tf_targeting
Huangfu ESC	ZNF516	676	6	tf_targeting
Huangfu ESC	ZNF517	391	6	tf_targeting
Huangfu ESC	ZNF518A	340	6	tf_targeting
Huangfu ESC	ZNF518B	546	6	tf_targeting
Huangfu ESC	ZNF519	566	6	tf_targeting
Huangfu ESC	ZNF521	689	6	tf_targeting
Huangfu ESC	ZNF524	574	6	tf_targeting
Huangfu ESC	ZNF526	1228	6	tf_targeting
Huangfu ESC	ZNF527	713	6	tf_targeting
Huangfu ESC	ZNF528	411	6	tf_targeting
Huangfu ESC	ZNF529	579	6	tf_targeting
Huangfu ESC	ZNF530	513	6	tf_targeting
Huangfu ESC	ZNF532	1157	12	tf_targeting
Huangfu ESC	ZNF534	568	6	tf_targeting
Huangfu ESC	ZNF536	620	6	tf_targeting
Huangfu ESC	ZNF540	1043	12	tf_targeting
Huangfu ESC	ZNF541	586	6	tf_targeting
Huangfu ESC	ZNF543	654	6	tf_targeting
Huangfu ESC	ZNF544	861	6	tf_targeting
Huangfu ESC	ZNF546	722	6	tf_targeting
Huangfu ESC	ZNF547	701	6	tf_targeting
Huangfu ESC	ZNF548	513	6	tf_targeting
Huangfu ESC	ZNF549	540	6	tf_targeting
Huangfu ESC	ZNF550	566	6	tf_targeting
Huangfu ESC	ZNF551	830	6	tf_targeting
Huangfu ESC	ZNF552	911	6	tf_targeting
Huangfu ESC	ZNF554	661	6	tf_targeting
Huangfu ESC	ZNF555	706	6	tf_targeting
Huangfu ESC	ZNF556	388	6	tf_targeting
Huangfu ESC	ZNF557	712	6	tf_targeting
Huangfu ESC	ZNF558	365	6	tf_targeting
Huangfu ESC	ZNF559	294	4	tf_targeting
Huangfu ESC	ZNF559-ZNF177	234	3	tf_targeting
Huangfu ESC	ZNF560	573	6	tf_targeting
Huangfu ESC	ZNF561	724	6	tf_targeting
Huangfu ESC	ZNF562	636	6	tf_targeting
Huangfu ESC	ZNF563	695	6	tf_targeting
Huangfu ESC	ZNF564	771	5	tf_targeting
Huangfu ESC	ZNF565	827	6	tf_targeting
Huangfu ESC	ZNF566	513	6	tf_targeting
Huangfu ESC	ZNF567	311	6	tf_targeting
Huangfu ESC	ZNF568	934	6	tf_targeting
Huangfu ESC	ZNF569	615	6	tf_targeting
Huangfu ESC	ZNF57	321	6	tf_targeting
Huangfu ESC	ZNF570	1400	12	tf_targeting
Huangfu ESC	ZNF571	586	6	tf_targeting
Huangfu ESC	ZNF572	254	6	tf_targeting
Huangfu ESC	ZNF573	650	6	tf_targeting
Huangfu ESC	ZNF574	616	12	tf_targeting
Huangfu ESC	ZNF575	469	6	tf_targeting
Huangfu ESC	ZNF576	590	6	tf_targeting
Huangfu ESC	ZNF577	605	6	tf_targeting
Huangfu ESC	ZNF578	548	6	tf_targeting
Huangfu ESC	ZNF579	502	6	tf_targeting
Huangfu ESC	ZNF580	1121	12	tf_targeting
Huangfu ESC	ZNF581	858	6	tf_targeting
Huangfu ESC	ZNF582	421	6	tf_targeting
Huangfu ESC	ZNF583	327	6	tf_targeting
Huangfu ESC	ZNF584	725	6	tf_targeting
Huangfu ESC	ZNF585A	417	6	tf_targeting
Huangfu ESC	ZNF585B	599	6	tf_targeting
Huangfu ESC	ZNF586	550	6	tf_targeting
Huangfu ESC	ZNF587	443	6	tf_targeting
Huangfu ESC	ZNF587B	606	6	tf_targeting
Huangfu ESC	ZNF589	510	6	tf_targeting
Huangfu ESC	ZNF592	667	6	tf_targeting
Huangfu ESC	ZNF593	416	6	tf_targeting
Huangfu ESC	ZNF594	721	6	tf_targeting
Huangfu ESC	ZNF596	464	6	tf_targeting
Huangfu ESC	ZNF597	389	6	tf_targeting
Huangfu ESC	ZNF598	306	6	tf_targeting
Huangfu ESC	ZNF599	719	6	tf_targeting
Huangfu ESC	ZNF600	654	6	tf_targeting
Huangfu ESC	ZNF605	357	6	tf_targeting
Huangfu ESC	ZNF606	627	6	tf_targeting
Huangfu ESC	ZNF607	425	6	tf_targeting
Huangfu ESC	ZNF608	1178	12	tf_targeting
Huangfu ESC	ZNF609	549	6	tf_targeting
Huangfu ESC	ZNF610	487	6	tf_targeting
Huangfu ESC	ZNF611	569	6	tf_targeting
Huangfu ESC	ZNF613	375	6	tf_targeting
Huangfu ESC	ZNF614	526	6	tf_targeting
Huangfu ESC	ZNF615	564	6	tf_targeting
Huangfu ESC	ZNF616	643	6	tf_targeting
Huangfu ESC	ZNF618	405	6	tf_targeting
Huangfu ESC	ZNF619	380	6	tf_targeting
Huangfu ESC	ZNF620	499	6	tf_targeting
Huangfu ESC	ZNF621	606	6	tf_targeting
Huangfu ESC	ZNF623	404	6	tf_targeting
Huangfu ESC	ZNF624	518	6	tf_targeting
Huangfu ESC	ZNF625	744	5	tf_targeting
Huangfu ESC	ZNF626	300	6	tf_targeting
Huangfu ESC	ZNF627	865	6	tf_targeting
Huangfu ESC	ZNF628	660	6	tf_targeting
Huangfu ESC	ZNF629	407	6	tf_targeting
Huangfu ESC	ZNF630	525	6	tf_targeting
Huangfu ESC	ZNF639	673	6	tf_targeting
Huangfu ESC	ZNF641	647	6	tf_targeting
Huangfu ESC	ZNF644	642	6	tf_targeting
Huangfu ESC	ZNF645	609	6	tf_targeting
Huangfu ESC	ZNF646	298	6	tf_targeting
Huangfu ESC	ZNF648	410	6	tf_targeting
Huangfu ESC	ZNF649	665	6	tf_targeting
Huangfu ESC	ZNF652	615	6	tf_targeting
Huangfu ESC	ZNF653	450	6	tf_targeting
Huangfu ESC	ZNF654	605	6	tf_targeting
Huangfu ESC	ZNF655	429	6	tf_targeting
Huangfu ESC	ZNF660	632	6	tf_targeting
Huangfu ESC	ZNF662	286	6	tf_targeting
Huangfu ESC	ZNF664	584	6	tf_targeting
Huangfu ESC	ZNF665	468	6	tf_targeting
Huangfu ESC	ZNF667	357	6	tf_targeting
Huangfu ESC	ZNF668	367	6	tf_targeting
Huangfu ESC	ZNF669	798	6	tf_targeting
Huangfu ESC	ZNF670	772	6	tf_targeting
Huangfu ESC	ZNF671	474	6	tf_targeting
Huangfu ESC	ZNF672	434	6	tf_targeting
Huangfu ESC	ZNF674	350	6	tf_targeting
Huangfu ESC	ZNF675	379	6	tf_targeting
Huangfu ESC	ZNF676	403	6	tf_targeting
Huangfu ESC	ZNF677	733	6	tf_targeting
Huangfu ESC	ZNF678	462	6	tf_targeting
Huangfu ESC	ZNF679	410	6	tf_targeting
Huangfu ESC	ZNF680	494	6	tf_targeting
Huangfu ESC	ZNF681	426	6	tf_targeting
Huangfu ESC	ZNF682	730	6	tf_targeting
Huangfu ESC	ZNF683	459	6	tf_targeting
Huangfu ESC	ZNF684	284	6	tf_targeting
Huangfu ESC	ZNF687	561	6	tf_targeting
Huangfu ESC	ZNF688	500	6	tf_targeting
Huangfu ESC	ZNF689	560	6	tf_targeting
Huangfu ESC	ZNF69	539	6	tf_targeting
Huangfu ESC	ZNF691	531	6	tf_targeting
Huangfu ESC	ZNF692	412	6	tf_targeting
Huangfu ESC	ZNF695	534	6	tf_targeting
Huangfu ESC	ZNF696	562	6	tf_targeting
Huangfu ESC	ZNF697	553	6	tf_targeting
Huangfu ESC	ZNF699	950	12	tf_targeting
Huangfu ESC	ZNF7	521	6	tf_targeting
Huangfu ESC	ZNF70	457	6	tf_targeting
Huangfu ESC	ZNF700	63	1	tf_targeting
Huangfu ESC	ZNF701	463	6	tf_targeting
Huangfu ESC	ZNF703	520	6	tf_targeting
Huangfu ESC	ZNF704	459	6	tf_targeting
Huangfu ESC	ZNF705A	458	6	tf_targeting
Huangfu ESC	ZNF706	481	6	tf_targeting
Huangfu ESC	ZNF707	628	6	tf_targeting
Huangfu ESC	ZNF708	434	6	tf_targeting
Huangfu ESC	ZNF709	79	1	tf_targeting
Huangfu ESC	ZNF71	367	6	tf_targeting
Huangfu ESC	ZNF710	452	6	tf_targeting
Huangfu ESC	ZNF711	518	6	tf_targeting
Huangfu ESC	ZNF713	288	6	tf_targeting
Huangfu ESC	ZNF714	370	6	tf_targeting
Huangfu ESC	ZNF716	484	6	tf_targeting
Huangfu ESC	ZNF717	552	6	tf_targeting
Huangfu ESC	ZNF718	541	6	tf_targeting
Huangfu ESC	ZNF720	830	6	tf_targeting
Huangfu ESC	ZNF721	1150	12	tf_targeting
Huangfu ESC	ZNF726	366	6	tf_targeting
Huangfu ESC	ZNF727	492	6	tf_targeting
Huangfu ESC	ZNF729	349	6	tf_targeting
Huangfu ESC	ZNF730	772	6	tf_targeting
Huangfu ESC	ZNF732	372	6	tf_targeting
Huangfu ESC	ZNF735	373	6	tf_targeting
Huangfu ESC	ZNF736	1252	12	tf_targeting
Huangfu ESC	ZNF737	587	6	tf_targeting
Huangfu ESC	ZNF74	668	6	tf_targeting
Huangfu ESC	ZNF740	630	6	tf_targeting
Huangfu ESC	ZNF746	380	6	tf_targeting
Huangfu ESC	ZNF747	150	1	tf_targeting
Huangfu ESC	ZNF749	348	6	tf_targeting
Huangfu ESC	ZNF750	361	6	tf_targeting
Huangfu ESC	ZNF75A	574	6	tf_targeting
Huangfu ESC	ZNF75D	652	6	tf_targeting
Huangfu ESC	ZNF76	391	6	tf_targeting
Huangfu ESC	ZNF761	564	6	tf_targeting
Huangfu ESC	ZNF763	186	1	tf_targeting
Huangfu ESC	ZNF764	445	6	tf_targeting
Huangfu ESC	ZNF765	1112	12	tf_targeting
Huangfu ESC	ZNF766	586	6	tf_targeting
Huangfu ESC	ZNF768	520	7	tf_targeting
Huangfu ESC	ZNF77	657	6	tf_targeting
Huangfu ESC	ZNF770	585	6	tf_targeting
Huangfu ESC	ZNF771	488	6	tf_targeting
Huangfu ESC	ZNF772	921	6	tf_targeting
Huangfu ESC	ZNF773	494	6	tf_targeting
Huangfu ESC	ZNF774	461	6	tf_targeting
Huangfu ESC	ZNF775	402	6	tf_targeting
Huangfu ESC	ZNF776	567	6	tf_targeting
Huangfu ESC	ZNF777	301	6	tf_targeting
Huangfu ESC	ZNF778	492	6	tf_targeting
Huangfu ESC	ZNF780A	804	6	tf_targeting
Huangfu ESC	ZNF780B	332	6	tf_targeting
Huangfu ESC	ZNF781	464	6	tf_targeting
Huangfu ESC	ZNF782	789	6	tf_targeting
Huangfu ESC	ZNF783	312	6	tf_targeting
Huangfu ESC	ZNF784	868	6	tf_targeting
Huangfu ESC	ZNF785	475	6	tf_targeting
Huangfu ESC	ZNF786	401	6	tf_targeting
Huangfu ESC	ZNF787	603	6	tf_targeting
Huangfu ESC	ZNF789	473	6	tf_targeting
Huangfu ESC	ZNF79	826	6	tf_targeting
Huangfu ESC	ZNF790	870	12	tf_targeting
Huangfu ESC	ZNF791	355	6	tf_targeting
Huangfu ESC	ZNF792	214	6	tf_targeting
Huangfu ESC	ZNF793	594	6	tf_targeting
Huangfu ESC	ZNF799	446	6	tf_targeting
Huangfu ESC	ZNF8	590	6	tf_targeting
Huangfu ESC	ZNF80	320	6	tf_targeting
Huangfu ESC	ZNF800	477	6	tf_targeting
Huangfu ESC	ZNF804A	371	6	tf_targeting
Huangfu ESC	ZNF804B	543	6	tf_targeting
Huangfu ESC	ZNF805	541	6	tf_targeting
Huangfu ESC	ZNF808	703	6	tf_targeting
Huangfu ESC	ZNF81	417	6	tf_targeting
Huangfu ESC	ZNF813	391	6	tf_targeting
Huangfu ESC	ZNF814	684	6	tf_targeting
Huangfu ESC	ZNF816	1006	12	tf_targeting
Huangfu ESC	ZNF821	743	6	tf_targeting
Huangfu ESC	ZNF823	876	6	tf_targeting
Huangfu ESC	ZNF827	523	6	tf_targeting
Huangfu ESC	ZNF829	1081	6	tf_targeting
Huangfu ESC	ZNF83	1780	18	tf_targeting
Huangfu ESC	ZNF830	540	6	tf_targeting
Huangfu ESC	ZNF831	416	6	tf_targeting
Huangfu ESC	ZNF835	372	6	tf_targeting
Huangfu ESC	ZNF836	691	6	tf_targeting
Huangfu ESC	ZNF837	502	6	tf_targeting
Huangfu ESC	ZNF839	525	6	tf_targeting
Huangfu ESC	ZNF84	589	6	tf_targeting
Huangfu ESC	ZNF841	613	6	tf_targeting
Huangfu ESC	ZNF843	362	6	tf_targeting
Huangfu ESC	ZNF844	554	6	tf_targeting
Huangfu ESC	ZNF845	499	6	tf_targeting
Huangfu ESC	ZNF846	350	6	tf_targeting
Huangfu ESC	ZNF85	431	6	tf_targeting
Huangfu ESC	ZNF850	521	6	tf_targeting
Huangfu ESC	ZNF852	414	6	tf_targeting
Huangfu ESC	ZNF853	703	12	tf_targeting
Huangfu ESC	ZNF860	767	6	tf_targeting
Huangfu ESC	ZNF862	328	6	tf_targeting
Huangfu ESC	ZNF865	564	6	tf_targeting
Huangfu ESC	ZNF878	535	6	tf_targeting
Huangfu ESC	ZNF879	670	6	tf_targeting
Huangfu ESC	ZNF880	476	6	tf_targeting
Huangfu ESC	ZNF883	524	6	tf_targeting
Huangfu ESC	ZNF888	971	12	tf_targeting
Huangfu ESC	ZNF891	446	6	tf_targeting
Huangfu ESC	ZNF90	746	6	tf_targeting
Huangfu ESC	ZNF91	580	6	tf_targeting
Huangfu ESC	ZNF92	631	6	tf_targeting
Huangfu ESC	ZNF93	605	6	tf_targeting
Huangfu ESC	ZNF98	578	6	tf_targeting
Huangfu ESC	ZNF99	772	6	tf_targeting
Huangfu ESC	ZNFX1	910	6	tf_targeting
Huangfu ESC	ZSCAN1	526	6	tf_targeting
Huangfu ESC	ZSCAN10	325	6	tf_targeting
Huangfu ESC	ZSCAN12	651	6	tf_targeting
Huangfu ESC	ZSCAN16	347	6	tf_targeting
Huangfu ESC	ZSCAN18	953	12	tf_targeting
Huangfu ESC	ZSCAN2	509	6	tf_targeting
Huangfu ESC	ZSCAN20	358	6	tf_targeting
Huangfu ESC	ZSCAN21	497	6	tf_targeting
Huangfu ESC	ZSCAN22	499	6	tf_targeting
Huangfu ESC	ZSCAN23	744	6	tf_targeting
Huangfu ESC	ZSCAN25	820	6	tf_targeting
Huangfu ESC	ZSCAN26	465	6	tf_targeting
Huangfu ESC	ZSCAN29	670	6	tf_targeting
Huangfu ESC	ZSCAN30	318	6	tf_targeting
Huangfu ESC	ZSCAN31	1027	12	tf_targeting
Huangfu ESC	ZSCAN32	519	6	tf_targeting
Huangfu ESC	ZSCAN5A	1226	12	tf_targeting
Huangfu ESC	ZSCAN5B	1437	12	tf_targeting
Huangfu ESC	ZSCAN9	574	6	tf_targeting
Huangfu ESC	ZUFSP	1344	6	tf_targeting
Huangfu ESC	ZXDA	409	6	tf_targeting
Huangfu ESC	ZXDB	442	6	tf_targeting
Huangfu ESC	ZXDC	649	6	tf_targeting
Huangfu ESC	ZZZ3	444	6	tf_targeting
Huangfu ESC		132523	600	non_targeting
Gersbach Hep	AARS	0	3	positive_control
Gersbach Hep	AATF	24	6	tf_targeting
Gersbach Hep	ADNP	1658	6	tf_targeting
Gersbach Hep	ADNP2	1461	6	tf_targeting
Gersbach Hep	AEBP1	783	6	tf_targeting
Gersbach Hep	AEBP2	434	6	tf_targeting
Gersbach Hep	AFF1	1260	6	tf_targeting
Gersbach Hep	AFF2	999	6	tf_targeting
Gersbach Hep	AFF3	530	6	tf_targeting
Gersbach Hep	AFF4	1913	6	tf_targeting
Gersbach Hep	AHCTF1	387	6	tf_targeting
Gersbach Hep	AHCY	1224	6	tf_targeting
Gersbach Hep	AHDC1	690	6	tf_targeting
Gersbach Hep	AHR	2000	6	tf_targeting
Gersbach Hep	AHRR	1654	6	tf_targeting
Gersbach Hep	AIRE	1300	6	tf_targeting
Gersbach Hep	AKAP8	617	6	tf_targeting
Gersbach Hep	AKAP8L	710	6	tf_targeting
Gersbach Hep	AKNA	2225	12	tf_targeting
Gersbach Hep	ALX1	547	6	tf_targeting
Gersbach Hep	ALX3	1676	6	tf_targeting
Gersbach Hep	ALX4	882	6	tf_targeting
Gersbach Hep	ALYREF	580	6	tf_targeting
Gersbach Hep	ANHX	838	6	tf_targeting
Gersbach Hep	ANKRD1	1017	6	tf_targeting
Gersbach Hep	ANKRD30A	878	6	tf_targeting
Gersbach Hep	ANKZF1	532	6	tf_targeting
Gersbach Hep	APITD1	3272	6	tf_targeting
Gersbach Hep	AR	699	6	tf_targeting
Gersbach Hep	ARGFX	509	6	tf_targeting
Gersbach Hep	ARHGAP35	877	6	tf_targeting
Gersbach Hep	ARID1A	505	6	tf_targeting
Gersbach Hep	ARID1B	2782	12	tf_targeting
Gersbach Hep	ARID2	633	6	tf_targeting
Gersbach Hep	ARID3A	569	6	tf_targeting
Gersbach Hep	ARID3B	1151	6	tf_targeting
Gersbach Hep	ARID3C	389	6	tf_targeting
Gersbach Hep	ARID4A	1465	6	tf_targeting
Gersbach Hep	ARID4B	1714	6	tf_targeting
Gersbach Hep	ARID5A	959	6	tf_targeting
Gersbach Hep	ARID5B	309	6	tf_targeting
Gersbach Hep	ARNT	927	6	tf_targeting
Gersbach Hep	ARNT2	1439	6	tf_targeting
Gersbach Hep	ARNTL	1975	6	tf_targeting
Gersbach Hep	ARNTL2	2368	6	tf_targeting
Gersbach Hep	ARX	2388	12	tf_targeting
Gersbach Hep	ASCL1	876	6	tf_targeting
Gersbach Hep	ASCL2	1605	6	tf_targeting
Gersbach Hep	ASCL3	810	6	tf_targeting
Gersbach Hep	ASCL4	598	6	tf_targeting
Gersbach Hep	ASCL5	870	6	tf_targeting
Gersbach Hep	ASH1L	578	6	tf_targeting
Gersbach Hep	ATF1	785	6	tf_targeting
Gersbach Hep	ATF2	279	6	tf_targeting
Gersbach Hep	ATF3	744	6	tf_targeting
Gersbach Hep	ATF4	1292	6	tf_targeting
Gersbach Hep	ATF5	7	6	tf_targeting
Gersbach Hep	ATF6	666	6	tf_targeting
Gersbach Hep	ATF6B	297	6	tf_targeting
Gersbach Hep	ATF7	343	6	tf_targeting
Gersbach Hep	ATMIN	1163	6	tf_targeting
Gersbach Hep	ATN1	1715	6	tf_targeting
Gersbach Hep	ATOH1	533	6	tf_targeting
Gersbach Hep	ATOH7	973	6	tf_targeting
Gersbach Hep	ATOH8	1028	6	tf_targeting
Gersbach Hep	ATXN7	1467	12	tf_targeting
Gersbach Hep	B2M	561	1	positive_control
Gersbach Hep	BACH1	1862	6	tf_targeting
Gersbach Hep	BACH2	1640	6	tf_targeting
Gersbach Hep	BARHL1	972	6	tf_targeting
Gersbach Hep	BARHL2	582	6	tf_targeting
Gersbach Hep	BARX1	2766	6	tf_targeting
Gersbach Hep	BARX2	926	6	tf_targeting
Gersbach Hep	BATF	301	6	tf_targeting
Gersbach Hep	BATF2	501	6	tf_targeting
Gersbach Hep	BATF3	1114	6	tf_targeting
Gersbach Hep	BAZ1B	562	6	tf_targeting
Gersbach Hep	BAZ2A	3109	12	tf_targeting
Gersbach Hep	BAZ2B	573	6	tf_targeting
Gersbach Hep	BBX	467	6	tf_targeting
Gersbach Hep	BCL11A	511	6	tf_targeting
Gersbach Hep	BCL11B	355	6	tf_targeting
Gersbach Hep	BCL3	1321	6	tf_targeting
Gersbach Hep	BCL6	591	6	tf_targeting
Gersbach Hep	BCL6B	364	6	tf_targeting
Gersbach Hep	BCLAF1	1174	6	tf_targeting
Gersbach Hep	BDP1	5	6	tf_targeting
Gersbach Hep	BHLHA15	1449	6	tf_targeting
Gersbach Hep	BHLHA9	1184	6	tf_targeting
Gersbach Hep	BHLHB9	453	6	tf_targeting
Gersbach Hep	BHLHE22	770	6	tf_targeting
Gersbach Hep	BHLHE23	1560	6	tf_targeting
Gersbach Hep	BHLHE40	1508	6	tf_targeting
Gersbach Hep	BHLHE41	243	6	tf_targeting
Gersbach Hep	BID	1614	6	tf_targeting
Gersbach Hep	BLZF1	845	6	tf_targeting
Gersbach Hep	BMP2	2789	12	tf_targeting
Gersbach Hep	BNC1	1900	6	tf_targeting
Gersbach Hep	BNC2	571	6	tf_targeting
Gersbach Hep	BOLA1	1350	12	tf_targeting
Gersbach Hep	BOLA3	665	6	tf_targeting
Gersbach Hep	BPTF	501	6	tf_targeting
Gersbach Hep	BRF2	198	6	tf_targeting
Gersbach Hep	BRIP1	22	6	tf_targeting
Gersbach Hep	BRPF1	809	6	tf_targeting
Gersbach Hep	BSX	363	6	tf_targeting
Gersbach Hep	C11orf95	1926	6	tf_targeting
Gersbach Hep	C1orf85	1793	12	tf_targeting
Gersbach Hep	CAMTA1	1776	6	tf_targeting
Gersbach Hep	CAMTA2	635	6	tf_targeting
Gersbach Hep	CAPN15	1337	6	tf_targeting
Gersbach Hep	CARF	156	6	tf_targeting
Gersbach Hep	CARHSP1	455	6	tf_targeting
Gersbach Hep	CASZ1	1102	6	tf_targeting
Gersbach Hep	CBFA2T2	881	6	tf_targeting
Gersbach Hep	CBFA2T3	2817	12	tf_targeting
Gersbach Hep	CBFB	1053	6	tf_targeting
Gersbach Hep	CBL	454	6	tf_targeting
Gersbach Hep	CBX2	1103	6	tf_targeting
Gersbach Hep	CC2D1A	1696	6	tf_targeting
Gersbach Hep	CCDC169-SOHLH2	1579	6	tf_targeting
Gersbach Hep	CCDC17	549	6	tf_targeting
Gersbach Hep	CCDC79	640	6	tf_targeting
Gersbach Hep	CCNT2	272	6	tf_targeting
Gersbach Hep	CD151	3920	2	positive_control
Gersbach Hep	CD29	415	1	positive_control
Gersbach Hep	CD55	1221	1	positive_control
Gersbach Hep	CD81	3996	2	positive_control
Gersbach Hep	CDC5L	12	6	tf_targeting
Gersbach Hep	CDCA7L	1405	6	tf_targeting
Gersbach Hep	CDIP1	1405	6	tf_targeting
Gersbach Hep	CDK1	213	6	tf_targeting
Gersbach Hep	CDK2	557	6	tf_targeting
Gersbach Hep	CDK7	23	6	tf_targeting
Gersbach Hep	CDK9	806	6	tf_targeting
Gersbach Hep	CDX1	1429	6	tf_targeting
Gersbach Hep	CDX2	838	6	tf_targeting
Gersbach Hep	CDX4	419	6	tf_targeting
Gersbach Hep	CEBPA	2881	6	tf_targeting
Gersbach Hep	CEBPB	1439	6	tf_targeting
Gersbach Hep	CEBPD	812	6	tf_targeting
Gersbach Hep	CEBPE	290	6	tf_targeting
Gersbach Hep	CEBPG	2074	6	tf_targeting
Gersbach Hep	CEBPZ	258	6	tf_targeting
Gersbach Hep	CENPA	746	12	tf_targeting
Gersbach Hep	CENPB	970	6	tf_targeting
Gersbach Hep	CENPBD1	887	6	tf_targeting
Gersbach Hep	CENPT	54	6	tf_targeting
Gersbach Hep	CGGBP1	4901	12	tf_targeting
Gersbach Hep	CHAMP1	1980	6	tf_targeting
Gersbach Hep	CHCHD3	1302	6	tf_targeting
Gersbach Hep	CHD7	1951	6	tf_targeting
Gersbach Hep	CHMP2A	12	6	tf_targeting
Gersbach Hep	CIC	1057	6	tf_targeting
Gersbach Hep	CIR1	178	6	tf_targeting
Gersbach Hep	CIZ1	1320	6	tf_targeting
Gersbach Hep	CLOCK	1070	6	tf_targeting
Gersbach Hep	CNBP	2067	6	tf_targeting
Gersbach Hep	CNOT7	561	6	tf_targeting
Gersbach Hep	CNOT8	1223	6	tf_targeting
Gersbach Hep	COX20	1663	6	tf_targeting
Gersbach Hep	CPEB1	2242	12	tf_targeting
Gersbach Hep	CPXCR1	606	6	tf_targeting
Gersbach Hep	CRAMP1L	2294	12	tf_targeting
Gersbach Hep	CREB1	2184	6	tf_targeting
Gersbach Hep	CREB3	709	6	tf_targeting
Gersbach Hep	CREB3L1	1171	6	tf_targeting
Gersbach Hep	CREB3L2	658	6	tf_targeting
Gersbach Hep	CREB3L3	454	6	tf_targeting
Gersbach Hep	CREB3L4	617	6	tf_targeting
Gersbach Hep	CREB5	817	12	tf_targeting
Gersbach Hep	CREBBP	1832	6	tf_targeting
Gersbach Hep	CREBL2	1336	6	tf_targeting
Gersbach Hep	CREBRF	1008	12	tf_targeting
Gersbach Hep	CREBZF	1844	6	tf_targeting
Gersbach Hep	CREM	1372	6	tf_targeting
Gersbach Hep	CRTC1	1123	6	tf_targeting
Gersbach Hep	CRTC2	1457	6	tf_targeting
Gersbach Hep	CRTC3	950	6	tf_targeting
Gersbach Hep	CRX	427	6	tf_targeting
Gersbach Hep	CSNK2A1	809	6	tf_targeting
Gersbach Hep	CSRNP1	2519	6	tf_targeting
Gersbach Hep	CSRNP2	510	6	tf_targeting
Gersbach Hep	CSRNP3	1553	12	tf_targeting
Gersbach Hep	CTBP1	3808	6	tf_targeting
Gersbach Hep	CTBP2	1271	6	tf_targeting
Gersbach Hep	CTCF	395	6	tf_targeting
Gersbach Hep	CTCFL	742	6	tf_targeting
Gersbach Hep	CTNNB1	760	6	tf_targeting
Gersbach Hep	CUX1	832	6	tf_targeting
Gersbach Hep	CUX2	1737	6	tf_targeting
Gersbach Hep	CXXC1	310	6	tf_targeting
Gersbach Hep	CXXC4	802	6	tf_targeting
Gersbach Hep	CXXC5	1690	6	tf_targeting
Gersbach Hep	DACH1	439	6	tf_targeting
Gersbach Hep	DACH2	686	6	tf_targeting
Gersbach Hep	DAXX	1201	12	tf_targeting
Gersbach Hep	DBP	615	6	tf_targeting
Gersbach Hep	DBX1	875	6	tf_targeting
Gersbach Hep	DBX2	1128	6	tf_targeting
Gersbach Hep	DCP1A	768	6	tf_targeting
Gersbach Hep	DDB1	914	12	tf_targeting
Gersbach Hep	DDB2	515	6	tf_targeting
Gersbach Hep	DDIT3	742	6	tf_targeting
Gersbach Hep	DEAF1	897	6	tf_targeting
Gersbach Hep	DEK	1352	6	tf_targeting
Gersbach Hep	DENND4A	493	6	tf_targeting
Gersbach Hep	DHX9	567	6	tf_targeting
Gersbach Hep	DLX1	835	6	tf_targeting
Gersbach Hep	DLX2	435	6	tf_targeting
Gersbach Hep	DLX3	1218	6	tf_targeting
Gersbach Hep	DLX4	566	6	tf_targeting
Gersbach Hep	DLX5	1214	6	tf_targeting
Gersbach Hep	DLX6	571	6	tf_targeting
Gersbach Hep	DMAP1	49	6	tf_targeting
Gersbach Hep	DMBX1	293	6	tf_targeting
Gersbach Hep	DMRT1	905	6	tf_targeting
Gersbach Hep	DMRT2	1113	6	tf_targeting
Gersbach Hep	DMRT3	2982	6	tf_targeting
Gersbach Hep	DMRTA1	1551	6	tf_targeting
Gersbach Hep	DMRTA2	1069	6	tf_targeting
Gersbach Hep	DMRTB1	1438	6	tf_targeting
Gersbach Hep	DMRTC2	568	6	tf_targeting
Gersbach Hep	DMTF1	1127	6	tf_targeting
Gersbach Hep	DNAJC1	972	6	tf_targeting
Gersbach Hep	DNAJC19	682	3	positive_control
Gersbach Hep	DNAJC2	121	6	tf_targeting
Gersbach Hep	DNAJC21	1248	6	tf_targeting
Gersbach Hep	DNMT1	2408	6	tf_targeting
Gersbach Hep	DNTTIP1	370	6	tf_targeting
Gersbach Hep	DOT1L	958	6	tf_targeting
Gersbach Hep	DPF1	1797	12	tf_targeting
Gersbach Hep	DPF2	1538	12	tf_targeting
Gersbach Hep	DPF3	953	6	tf_targeting
Gersbach Hep	DPRX	672	6	tf_targeting
Gersbach Hep	DR1	396	6	tf_targeting
Gersbach Hep	DRAP1	2742	6	tf_targeting
Gersbach Hep	DRGX	1076	6	tf_targeting
Gersbach Hep	DUXA	622	6	tf_targeting
Gersbach Hep	DZIP1	930	6	tf_targeting
Gersbach Hep	E2F1	1207	6	tf_targeting
Gersbach Hep	E2F2	889	6	tf_targeting
Gersbach Hep	E2F3	2210	12	tf_targeting
Gersbach Hep	E2F4	803	6	tf_targeting
Gersbach Hep	E2F5	1130	6	tf_targeting
Gersbach Hep	E2F6	533	6	tf_targeting
Gersbach Hep	E2F7	1631	6	tf_targeting
Gersbach Hep	E2F8	2110	6	tf_targeting
Gersbach Hep	E4F1	228	6	tf_targeting
Gersbach Hep	EBF1	434	6	tf_targeting
Gersbach Hep	EBF2	1794	6	tf_targeting
Gersbach Hep	EBF3	1043	6	tf_targeting
Gersbach Hep	EBF4	1603	6	tf_targeting
Gersbach Hep	EEA1	1334	6	tf_targeting
Gersbach Hep	EGR1	1300	12	tf_targeting
Gersbach Hep	EGR2	975	6	tf_targeting
Gersbach Hep	EGR3	729	6	tf_targeting
Gersbach Hep	EGR4	634	6	tf_targeting
Gersbach Hep	EHF	394	6	tf_targeting
Gersbach Hep	ELF1	436	6	tf_targeting
Gersbach Hep	ELF2	840	6	tf_targeting
Gersbach Hep	ELF3	452	6	tf_targeting
Gersbach Hep	ELF4	1723	6	tf_targeting
Gersbach Hep	ELF5	393	6	tf_targeting
Gersbach Hep	ELK1	785	6	tf_targeting
Gersbach Hep	ELK3	862	6	tf_targeting
Gersbach Hep	ELK4	921	6	tf_targeting
Gersbach Hep	ELMSAN1	574	12	tf_targeting
Gersbach Hep	ELP3	11	6	tf_targeting
Gersbach Hep	EMX1	1414	12	tf_targeting
Gersbach Hep	EMX2	521	6	tf_targeting
Gersbach Hep	EN1	732	6	tf_targeting
Gersbach Hep	EN2	1092	6	tf_targeting
Gersbach Hep	ENO1	915	6	tf_targeting
Gersbach Hep	EOMES	748	6	tf_targeting
Gersbach Hep	EP300	395	6	tf_targeting
Gersbach Hep	EP400	347	6	tf_targeting
Gersbach Hep	EPAS1	1120	6	tf_targeting
Gersbach Hep	ERCC2	9	6	tf_targeting
Gersbach Hep	ERCC3	106	6	tf_targeting
Gersbach Hep	ERCC6	497	6	tf_targeting
Gersbach Hep	ERCC8	784	6	tf_targeting
Gersbach Hep	ERF	1104	6	tf_targeting
Gersbach Hep	ERG	2384	12	tf_targeting
Gersbach Hep	ESR1	1786	12	tf_targeting
Gersbach Hep	ESR2	1718	6	tf_targeting
Gersbach Hep	ESRRA	2302	6	tf_targeting
Gersbach Hep	ESRRB	799	6	tf_targeting
Gersbach Hep	ESRRG	5139	30	tf_targeting
Gersbach Hep	ESX1	1172	6	tf_targeting
Gersbach Hep	ETF1	977	6	tf_targeting
Gersbach Hep	ETS1	2378	6	tf_targeting
Gersbach Hep	ETS2	2236	6	tf_targeting
Gersbach Hep	ETV1	642	6	tf_targeting
Gersbach Hep	ETV2	962	6	tf_targeting
Gersbach Hep	ETV3	1502	6	tf_targeting
Gersbach Hep	ETV3L	710	6	tf_targeting
Gersbach Hep	ETV4	461	6	tf_targeting
Gersbach Hep	ETV5	1976	6	tf_targeting
Gersbach Hep	ETV6	1227	6	tf_targeting
Gersbach Hep	ETV7	524	6	tf_targeting
Gersbach Hep	EVX1	2680	6	tf_targeting
Gersbach Hep	EVX2	748	6	tf_targeting
Gersbach Hep	EWSR1	1328	6	tf_targeting
Gersbach Hep	EZH1	1067	6	tf_targeting
Gersbach Hep	EZH2	5218	6	tf_targeting
Gersbach Hep	FAM170A	544	6	tf_targeting
Gersbach Hep	FAM200B	1114	6	tf_targeting
Gersbach Hep	FBXL19	3463	6	tf_targeting
Gersbach Hep	FBXO16	792	6	tf_targeting
Gersbach Hep	FERD3L	819	6	tf_targeting
Gersbach Hep	FEV	1354	6	tf_targeting
Gersbach Hep	FEZF1	521	6	tf_targeting
Gersbach Hep	FEZF2	342	6	tf_targeting
Gersbach Hep	FGF3	952	6	tf_targeting
Gersbach Hep	FIGLA	1049	6	tf_targeting
Gersbach Hep	FIZ1	598	6	tf_targeting
Gersbach Hep	FLI1	1040	6	tf_targeting
Gersbach Hep	FLYWCH1	2387	6	tf_targeting
Gersbach Hep	FOS	1512	12	tf_targeting
Gersbach Hep	FOSB	1527	12	tf_targeting
Gersbach Hep	FOSL1	941	6	tf_targeting
Gersbach Hep	FOSL2	445	6	tf_targeting
Gersbach Hep	FOXA1	1967	6	tf_targeting
Gersbach Hep	FOXA2	133	6	tf_targeting
Gersbach Hep	FOXA3	597	6	tf_targeting
Gersbach Hep	FOXB1	666	6	tf_targeting
Gersbach Hep	FOXB2	742	6	tf_targeting
Gersbach Hep	FOXC1	1065	6	tf_targeting
Gersbach Hep	FOXC2	2154	6	tf_targeting
Gersbach Hep	FOXD1	1277	6	tf_targeting
Gersbach Hep	FOXD2	957	6	tf_targeting
Gersbach Hep	FOXD3	2051	12	tf_targeting
Gersbach Hep	FOXD4L1	933	6	tf_targeting
Gersbach Hep	FOXE1	1501	6	tf_targeting
Gersbach Hep	FOXE3	1914	6	tf_targeting
Gersbach Hep	FOXF1	1264	6	tf_targeting
Gersbach Hep	FOXF2	1422	6	tf_targeting
Gersbach Hep	FOXG1	916	6	tf_targeting
Gersbach Hep	FOXH1	3215	6	tf_targeting
Gersbach Hep	FOXI1	619	6	tf_targeting
Gersbach Hep	FOXI2	492	6	tf_targeting
Gersbach Hep	FOXI3	900	6	tf_targeting
Gersbach Hep	FOXJ1	657	6	tf_targeting
Gersbach Hep	FOXJ2	637	6	tf_targeting
Gersbach Hep	FOXJ3	1309	6	tf_targeting
Gersbach Hep	FOXK1	80	6	tf_targeting
Gersbach Hep	FOXK2	1764	6	tf_targeting
Gersbach Hep	FOXL1	1077	6	tf_targeting
Gersbach Hep	FOXL2	1556	6	tf_targeting
Gersbach Hep	FOXM1	323	6	tf_targeting
Gersbach Hep	FOXN1	633	6	tf_targeting
Gersbach Hep	FOXN2	1019	6	tf_targeting
Gersbach Hep	FOXN3	2226	12	tf_targeting
Gersbach Hep	FOXN4	819	6	tf_targeting
Gersbach Hep	FOXO1	822	6	tf_targeting
Gersbach Hep	FOXO3	2638	12	tf_targeting
Gersbach Hep	FOXO4	592	6	tf_targeting
Gersbach Hep	FOXO6	859	6	tf_targeting
Gersbach Hep	FOXP1	2381	18	tf_targeting
Gersbach Hep	FOXP2	1464	12	tf_targeting
Gersbach Hep	FOXP3	652	6	tf_targeting
Gersbach Hep	FOXP4	1385	6	tf_targeting
Gersbach Hep	FOXQ1	518	6	tf_targeting
Gersbach Hep	FOXR1	740	6	tf_targeting
Gersbach Hep	FOXR2	664	6	tf_targeting
Gersbach Hep	FOXS1	729	6	tf_targeting
Gersbach Hep	FUBP1	430	6	tf_targeting
Gersbach Hep	FUBP3	242	6	tf_targeting
Gersbach Hep	FXN	51	6	tf_targeting
Gersbach Hep	GABPA	660	6	tf_targeting
Gersbach Hep	GABPB1	177	6	tf_targeting
Gersbach Hep	GAS7	2386	6	tf_targeting
Gersbach Hep	GATA1	676	6	tf_targeting
Gersbach Hep	GATA2	2361	12	tf_targeting
Gersbach Hep	GATA3	1044	6	tf_targeting
Gersbach Hep	GATA4	228	6	tf_targeting
Gersbach Hep	GATA5	1355	6	tf_targeting
Gersbach Hep	GATA6	372	6	tf_targeting
Gersbach Hep	GATAD1	1919	6	tf_targeting
Gersbach Hep	GATAD2A	1451	12	tf_targeting
Gersbach Hep	GATAD2B	472	6	tf_targeting
Gersbach Hep	GBX1	1794	12	tf_targeting
Gersbach Hep	GBX2	785	6	tf_targeting
Gersbach Hep	GCFC2	918	6	tf_targeting
Gersbach Hep	GCM1	601	6	tf_targeting
Gersbach Hep	GCM2	557	6	tf_targeting
Gersbach Hep	GFI1	2308	12	tf_targeting
Gersbach Hep	GFI1B	850	6	tf_targeting
Gersbach Hep	GLI1	423	6	tf_targeting
Gersbach Hep	GLI2	1162	12	tf_targeting
Gersbach Hep	GLI3	1740	6	tf_targeting
Gersbach Hep	GLI4	1210	6	tf_targeting
Gersbach Hep	GLIS1	555	6	tf_targeting
Gersbach Hep	GLIS2	572	6	tf_targeting
Gersbach Hep	GLIS3	1495	6	tf_targeting
Gersbach Hep	GLYR1	1426	6	tf_targeting
Gersbach Hep	GMEB1	2698	6	tf_targeting
Gersbach Hep	GMEB2	919	6	tf_targeting
Gersbach Hep	GON4L	891	12	tf_targeting
Gersbach Hep	GPBP1	469	6	tf_targeting
Gersbach Hep	GPBP1L1	474	6	tf_targeting
Gersbach Hep	GRHL1	956	6	tf_targeting
Gersbach Hep	GRHL2	261	6	tf_targeting
Gersbach Hep	GRHL3	659	6	tf_targeting
Gersbach Hep	GSC	477	5	tf_targeting
Gersbach Hep	GSC2	1032	6	tf_targeting
Gersbach Hep	GSX1	1094	6	tf_targeting
Gersbach Hep	GSX2	1096	6	tf_targeting
Gersbach Hep	GTF2A1	147	6	tf_targeting
Gersbach Hep	GTF2A1L	602	6	tf_targeting
Gersbach Hep	GTF2A2	146	6	tf_targeting
Gersbach Hep	GTF2B	8	6	tf_targeting
Gersbach Hep	GTF2E1	290	6	tf_targeting
Gersbach Hep	GTF2F1	102	6	tf_targeting
Gersbach Hep	GTF2F2	171	6	tf_targeting
Gersbach Hep	GTF2H1	284	6	tf_targeting
Gersbach Hep	GTF2H3	335	6	tf_targeting
Gersbach Hep	GTF2I	442	6	tf_targeting
Gersbach Hep	GTF2IRD1	750	6	tf_targeting
Gersbach Hep	GTF3A	928	6	tf_targeting
Gersbach Hep	GTF3C3	25	6	tf_targeting
Gersbach Hep	GZF1	1177	6	tf_targeting
Gersbach Hep	HAND1	1146	6	tf_targeting
Gersbach Hep	HAND2	2969	12	tf_targeting
Gersbach Hep	HBP1	961	6	tf_targeting
Gersbach Hep	HCFC1	490	6	tf_targeting
Gersbach Hep	HCLS1	742	6	tf_targeting
Gersbach Hep	HDAC1	425	6	tf_targeting
Gersbach Hep	HDAC3	490	6	tf_targeting
Gersbach Hep	HDAC4	1324	6	tf_targeting
Gersbach Hep	HDAC5	673	6	tf_targeting
Gersbach Hep	HDGF	1164	6	tf_targeting
Gersbach Hep	HDX	382	6	tf_targeting
Gersbach Hep	HELT	904	6	tf_targeting
Gersbach Hep	HELZ2	2343	12	tf_targeting
Gersbach Hep	HES1	181	6	tf_targeting
Gersbach Hep	HES2	2702	12	tf_targeting
Gersbach Hep	HES3	962	6	tf_targeting
Gersbach Hep	HES4	2470	6	tf_targeting
Gersbach Hep	HES5	1641	6	tf_targeting
Gersbach Hep	HES6	1966	6	tf_targeting
Gersbach Hep	HES7	849	6	tf_targeting
Gersbach Hep	HESX1	1315	12	tf_targeting
Gersbach Hep	HEY1	522	6	tf_targeting
Gersbach Hep	HEY2	1827	6	tf_targeting
Gersbach Hep	HEYL	633	6	tf_targeting
Gersbach Hep	HHEX	644	6	tf_targeting
Gersbach Hep	HIC1	1170	6	tf_targeting
Gersbach Hep	HIF1A	536	6	tf_targeting
Gersbach Hep	HIF3A	1029	12	tf_targeting
Gersbach Hep	HINFP	2	6	tf_targeting
Gersbach Hep	HIRA	1559	12	tf_targeting
Gersbach Hep	HIVEP1	493	6	tf_targeting
Gersbach Hep	HIVEP2	1158	6	tf_targeting
Gersbach Hep	HIVEP3	1329	14	tf_targeting
Gersbach Hep	HKR1	2004	12	tf_targeting
Gersbach Hep	HLF	2495	12	tf_targeting
Gersbach Hep	HLTF	1329	6	tf_targeting
Gersbach Hep	HLX	742	6	tf_targeting
Gersbach Hep	HMBOX1	538	6	tf_targeting
Gersbach Hep	HMG20A	684	6	tf_targeting
Gersbach Hep	HMG20B	1649	12	tf_targeting
Gersbach Hep	HMGA1	1757	6	tf_targeting
Gersbach Hep	HMGA2	810	6	tf_targeting
Gersbach Hep	HMGB1	1839	12	tf_targeting
Gersbach Hep	HMGB2	1014	6	tf_targeting
Gersbach Hep	HMGB3	1854	6	tf_targeting
Gersbach Hep	HMGB4	635	6	tf_targeting
Gersbach Hep	HMGN2	1983	6	tf_targeting
Gersbach Hep	HMGN3	769	6	tf_targeting
Gersbach Hep	HMGXB3	1598	6	tf_targeting
Gersbach Hep	HMGXB4	773	6	tf_targeting
Gersbach Hep	HMX1	1145	6	tf_targeting
Gersbach Hep	HMX2	1026	6	tf_targeting
Gersbach Hep	HMX3	1344	6	tf_targeting
Gersbach Hep	HNF1A	968	6	tf_targeting
Gersbach Hep	HNF1B	110	6	tf_targeting
Gersbach Hep	HNF4A	1358	6	tf_targeting
Gersbach Hep	HNF4G	899	12	tf_targeting
Gersbach Hep	HNRNPK	204	6	tf_targeting
Gersbach Hep	HNRNPU	314	6	tf_targeting
Gersbach Hep	HOMEZ	546	6	tf_targeting
Gersbach Hep	HOPX	2744	12	tf_targeting
Gersbach Hep	HOXA1	558	6	tf_targeting
Gersbach Hep	HOXA10	458	6	tf_targeting
Gersbach Hep	HOXA11	823	6	tf_targeting
Gersbach Hep	HOXA13	1269	6	tf_targeting
Gersbach Hep	HOXA2	556	6	tf_targeting
Gersbach Hep	HOXA3	2306	12	tf_targeting
Gersbach Hep	HOXA4	967	6	tf_targeting
Gersbach Hep	HOXA5	734	6	tf_targeting
Gersbach Hep	HOXA6	703	6	tf_targeting
Gersbach Hep	HOXA7	596	6	tf_targeting
Gersbach Hep	HOXA9	529	6	tf_targeting
Gersbach Hep	HOXB1	620	6	tf_targeting
Gersbach Hep	HOXB13	1655	6	tf_targeting
Gersbach Hep	HOXB2	513	6	tf_targeting
Gersbach Hep	HOXB3	1121	6	tf_targeting
Gersbach Hep	HOXB4	750	6	tf_targeting
Gersbach Hep	HOXB5	590	6	tf_targeting
Gersbach Hep	HOXB6	1582	12	tf_targeting
Gersbach Hep	HOXB7	1093	6	tf_targeting
Gersbach Hep	HOXB8	1444	12	tf_targeting
Gersbach Hep	HOXB9	3038	6	tf_targeting
Gersbach Hep	HOXC10	766	6	tf_targeting
Gersbach Hep	HOXC11	594	6	tf_targeting
Gersbach Hep	HOXC12	1091	6	tf_targeting
Gersbach Hep	HOXC13	794	6	tf_targeting
Gersbach Hep	HOXC4	507	6	tf_targeting
Gersbach Hep	HOXC5	348	2	tf_targeting
Gersbach Hep	HOXC6	237	2	tf_targeting
Gersbach Hep	HOXC8	639	6	tf_targeting
Gersbach Hep	HOXC9	976	6	tf_targeting
Gersbach Hep	HOXD1	629	6	tf_targeting
Gersbach Hep	HOXD10	1408	12	tf_targeting
Gersbach Hep	HOXD11	1203	6	tf_targeting
Gersbach Hep	HOXD12	1040	6	tf_targeting
Gersbach Hep	HOXD13	849	6	tf_targeting
Gersbach Hep	HOXD3	871	6	tf_targeting
Gersbach Hep	HOXD4	402	6	tf_targeting
Gersbach Hep	HOXD8	1193	6	tf_targeting
Gersbach Hep	HOXD9	832	6	tf_targeting
Gersbach Hep	HR	1850	12	tf_targeting
Gersbach Hep	HSF1	721	6	tf_targeting
Gersbach Hep	HSF2	638	6	tf_targeting
Gersbach Hep	HSF4	1289	6	tf_targeting
Gersbach Hep	HSF5	563	6	tf_targeting
Gersbach Hep	ID1	1297	6	tf_targeting
Gersbach Hep	ID2	1453	12	tf_targeting
Gersbach Hep	ID3	913	6	tf_targeting
Gersbach Hep	ID4	642	6	tf_targeting
Gersbach Hep	IFI16	588	6	tf_targeting
Gersbach Hep	IGFBP1	500	6	tf_targeting
Gersbach Hep	IGHMBP2	824	6	tf_targeting
Gersbach Hep	IKZF1	681	6	tf_targeting
Gersbach Hep	IKZF2	1220	12	tf_targeting
Gersbach Hep	IKZF3	2466	6	tf_targeting
Gersbach Hep	IKZF4	2548	12	tf_targeting
Gersbach Hep	IKZF5	1135	6	tf_targeting
Gersbach Hep	ILF2	21	6	tf_targeting
Gersbach Hep	ILF3	295	6	tf_targeting
Gersbach Hep	ING1	889	12	tf_targeting
Gersbach Hep	ING4	551	6	tf_targeting
Gersbach Hep	INSM1	1695	6	tf_targeting
Gersbach Hep	INSM2	342	6	tf_targeting
Gersbach Hep	IRF1	1045	6	tf_targeting
Gersbach Hep	IRF2	471	6	tf_targeting
Gersbach Hep	IRF3	1276	6	tf_targeting
Gersbach Hep	IRF4	1351	12	tf_targeting
Gersbach Hep	IRF5	3087	12	tf_targeting
Gersbach Hep	IRF6	744	6	tf_targeting
Gersbach Hep	IRF7	1310	6	tf_targeting
Gersbach Hep	IRF8	652	6	tf_targeting
Gersbach Hep	IRF9	716	6	tf_targeting
Gersbach Hep	IRX1	1328	6	tf_targeting
Gersbach Hep	IRX2	846	6	tf_targeting
Gersbach Hep	IRX3	792	6	tf_targeting
Gersbach Hep	IRX4	851	6	tf_targeting
Gersbach Hep	IRX5	996	6	tf_targeting
Gersbach Hep	IRX6	448	6	tf_targeting
Gersbach Hep	ISL1	1191	12	tf_targeting
Gersbach Hep	ISL2	656	6	tf_targeting
Gersbach Hep	ISX	789	6	tf_targeting
Gersbach Hep	JAZF1	1087	6	tf_targeting
Gersbach Hep	JDP2	1473	6	tf_targeting
Gersbach Hep	JRK	1692	12	tf_targeting
Gersbach Hep	JRKL	826	6	tf_targeting
Gersbach Hep	JUN	341	6	tf_targeting
Gersbach Hep	JUNB	1573	6	tf_targeting
Gersbach Hep	JUND	2357	6	tf_targeting
Gersbach Hep	JUP	719	6	tf_targeting
Gersbach Hep	KAT2A	1874	6	tf_targeting
Gersbach Hep	KAT7	416	6	tf_targeting
Gersbach Hep	KCMF1	1066	6	tf_targeting
Gersbach Hep	KCNIP3	1576	6	tf_targeting
Gersbach Hep	KDM2A	206	6	tf_targeting
Gersbach Hep	KDM2B	1588	12	tf_targeting
Gersbach Hep	KDM4C	1031	6	tf_targeting
Gersbach Hep	KDM4E	517	6	tf_targeting
Gersbach Hep	KDM5B	1665	6	tf_targeting
Gersbach Hep	KDM5C	791	6	tf_targeting
Gersbach Hep	KIAA1549	760	6	tf_targeting
Gersbach Hep	KIAA2018	780	6	tf_targeting
Gersbach Hep	KIN	282	6	tf_targeting
Gersbach Hep	KLF1	510	6	tf_targeting
Gersbach Hep	KLF10	1655	12	tf_targeting
Gersbach Hep	KLF11	2024	6	tf_targeting
Gersbach Hep	KLF12	2187	6	tf_targeting
Gersbach Hep	KLF13	1221	6	tf_targeting
Gersbach Hep	KLF14	1767	5	tf_targeting
Gersbach Hep	KLF15	1644	6	tf_targeting
Gersbach Hep	KLF16	876	6	tf_targeting
Gersbach Hep	KLF17	829	6	tf_targeting
Gersbach Hep	KLF2	1042	6	tf_targeting
Gersbach Hep	KLF3	1335	6	tf_targeting
Gersbach Hep	KLF4	2394	12	tf_targeting
Gersbach Hep	KLF5	298	6	tf_targeting
Gersbach Hep	KLF6	728	6	tf_targeting
Gersbach Hep	KLF7	333	6	tf_targeting
Gersbach Hep	KLF8	2594	6	tf_targeting
Gersbach Hep	KLF9	1031	6	tf_targeting
Gersbach Hep	KLRG1	537	6	tf_targeting
Gersbach Hep	KMT2A	934	6	tf_targeting
Gersbach Hep	KMT2B	1195	12	tf_targeting
Gersbach Hep	L3MBTL1	1240	12	tf_targeting
Gersbach Hep	L3MBTL3	391	6	tf_targeting
Gersbach Hep	L3MBTL4	1890	6	tf_targeting
Gersbach Hep	LBX1	959	6	tf_targeting
Gersbach Hep	LBX2	928	6	tf_targeting
Gersbach Hep	LCOR	613	6	tf_targeting
Gersbach Hep	LCORL	1317	6	tf_targeting
Gersbach Hep	LDB1	2391	12	tf_targeting
Gersbach Hep	LDB2	520	6	tf_targeting
Gersbach Hep	LEF1	1790	12	tf_targeting
Gersbach Hep	LEUTX	631	6	tf_targeting
Gersbach Hep	LHX1	430	6	tf_targeting
Gersbach Hep	LHX2	701	6	tf_targeting
Gersbach Hep	LHX3	2388	12	tf_targeting
Gersbach Hep	LHX4	920	6	tf_targeting
Gersbach Hep	LHX5	1341	6	tf_targeting
Gersbach Hep	LHX6	1303	12	tf_targeting
Gersbach Hep	LHX8	1526	6	tf_targeting
Gersbach Hep	LHX9	755	6	tf_targeting
Gersbach Hep	LIN28A	867	6	tf_targeting
Gersbach Hep	LIN28B	628	6	tf_targeting
Gersbach Hep	LIN54	1890	12	tf_targeting
Gersbach Hep	LIN9	177	6	tf_targeting
Gersbach Hep	LITAF	786	6	tf_targeting
Gersbach Hep	LMO1	1663	12	tf_targeting
Gersbach Hep	LMO3	1563	12	tf_targeting
Gersbach Hep	LMO4	1349	6	tf_targeting
Gersbach Hep	LMX1A	810	6	tf_targeting
Gersbach Hep	LMX1B	826	6	tf_targeting
Gersbach Hep	LRPPRC	1392	6	tf_targeting
Gersbach Hep	LRRFIP1	1360	6	tf_targeting
Gersbach Hep	LTF	1157	6	tf_targeting
Gersbach Hep	LYL1	824	6	tf_targeting
Gersbach Hep	LZTR1	1079	6	tf_targeting
Gersbach Hep	LZTS1	576	6	tf_targeting
Gersbach Hep	MAEL	828	6	tf_targeting
Gersbach Hep	MAF	547	6	tf_targeting
Gersbach Hep	MAFA	536	6	tf_targeting
Gersbach Hep	MAFB	1838	6	tf_targeting
Gersbach Hep	MAFF	1133	6	tf_targeting
Gersbach Hep	MAFG	768	6	tf_targeting
Gersbach Hep	MAFK	1133	6	tf_targeting
Gersbach Hep	MALAT1	390	1	positive_control
Gersbach Hep	MAP3K7	806	6	tf_targeting
Gersbach Hep	MAPK8IP1	2456	12	tf_targeting
Gersbach Hep	MARS	53	6	tf_targeting
Gersbach Hep	MAX	1518	6	tf_targeting
Gersbach Hep	MAZ	1008	6	tf_targeting
Gersbach Hep	MBD1	886	6	tf_targeting
Gersbach Hep	MBD2	981	6	tf_targeting
Gersbach Hep	MBD3	133	6	tf_targeting
Gersbach Hep	MBD4	1432	6	tf_targeting
Gersbach Hep	MBD6	2360	6	tf_targeting
Gersbach Hep	MBNL2	627	6	tf_targeting
Gersbach Hep	MBNL3	897	6	tf_targeting
Gersbach Hep	MECOM	553	6	tf_targeting
Gersbach Hep	MECP2	1180	6	tf_targeting
Gersbach Hep	MED20	263	6	tf_targeting
Gersbach Hep	MED8	133	6	tf_targeting
Gersbach Hep	MEF2A	918	6	tf_targeting
Gersbach Hep	MEF2B	2249	6	tf_targeting
Gersbach Hep	MEF2C	972	6	tf_targeting
Gersbach Hep	MEF2D	880	6	tf_targeting
Gersbach Hep	MEIS1	425	6	tf_targeting
Gersbach Hep	MEIS2	562	6	tf_targeting
Gersbach Hep	MEIS3	1255	12	tf_targeting
Gersbach Hep	MEOX1	765	6	tf_targeting
Gersbach Hep	MEOX2	604	6	tf_targeting
Gersbach Hep	MESP1	596	6	tf_targeting
Gersbach Hep	MESP2	894	6	tf_targeting
Gersbach Hep	MGA	1401	6	tf_targeting
Gersbach Hep	MIER1	2033	12	tf_targeting
Gersbach Hep	MIER2	2110	6	tf_targeting
Gersbach Hep	MIER3	1047	6	tf_targeting
Gersbach Hep	MIS18BP1	5	6	tf_targeting
Gersbach Hep	MITF	1574	12	tf_targeting
Gersbach Hep	MIXL1	1257	6	tf_targeting
Gersbach Hep	MKX	2115	12	tf_targeting
Gersbach Hep	MLLT1	355	6	tf_targeting
Gersbach Hep	MLLT10	1211	6	tf_targeting
Gersbach Hep	MLLT3	1889	6	tf_targeting
Gersbach Hep	MLX	1344	6	tf_targeting
Gersbach Hep	MLXIP	1443	6	tf_targeting
Gersbach Hep	MLXIPL	786	6	tf_targeting
Gersbach Hep	MMP3	946	6	tf_targeting
Gersbach Hep	MNAT1	3	6	tf_targeting
Gersbach Hep	MNT	778	6	tf_targeting
Gersbach Hep	MNX1	2272	6	tf_targeting
Gersbach Hep	MSANTD1	2747	6	tf_targeting
Gersbach Hep	MSANTD3	954	6	tf_targeting
Gersbach Hep	MSANTD4	1063	6	tf_targeting
Gersbach Hep	MSC	1168	6	tf_targeting
Gersbach Hep	MSGN1	1254	6	tf_targeting
Gersbach Hep	MSLN	384	6	tf_targeting
Gersbach Hep	MSX1	1826	6	tf_targeting
Gersbach Hep	MSX2	4469	6	tf_targeting
Gersbach Hep	MTA1	1302	6	tf_targeting
Gersbach Hep	MTA2	1317	6	tf_targeting
Gersbach Hep	MTA3	1177	6	tf_targeting
Gersbach Hep	MTERF	1025	6	tf_targeting
Gersbach Hep	MTERFD1	1264	6	tf_targeting
Gersbach Hep	MTERFD2	1448	6	tf_targeting
Gersbach Hep	MTERFD3	648	6	tf_targeting
Gersbach Hep	MTF1	1878	6	tf_targeting
Gersbach Hep	MTF2	1849	6	tf_targeting
Gersbach Hep	MXD1	769	6	tf_targeting
Gersbach Hep	MXD3	1127	6	tf_targeting
Gersbach Hep	MXD4	880	6	tf_targeting
Gersbach Hep	MXI1	2686	12	tf_targeting
Gersbach Hep	MYB	1529	6	tf_targeting
Gersbach Hep	MYBBP1A	22	6	tf_targeting
Gersbach Hep	MYBL1	926	6	tf_targeting
Gersbach Hep	MYBL2	33	6	tf_targeting
Gersbach Hep	MYC	443	6	tf_targeting
Gersbach Hep	MYCBP	1300	6	tf_targeting
Gersbach Hep	MYCL	1163	6	tf_targeting
Gersbach Hep	MYCN	1640	12	tf_targeting
Gersbach Hep	MYEF2	2049	6	tf_targeting
Gersbach Hep	MYF5	696	6	tf_targeting
Gersbach Hep	MYF6	640	6	tf_targeting
Gersbach Hep	MYNN	627	6	tf_targeting
Gersbach Hep	MYOCD	880	6	tf_targeting
Gersbach Hep	MYOD1	739	6	tf_targeting
Gersbach Hep	MYOG	700	6	tf_targeting
Gersbach Hep	MYPOP	1121	6	tf_targeting
Gersbach Hep	MYRF	1728	12	tf_targeting
Gersbach Hep	MYRFL	639	6	tf_targeting
Gersbach Hep	MYSM1	187	6	tf_targeting
Gersbach Hep	MYT1	526	6	tf_targeting
Gersbach Hep	MYT1L	873	6	tf_targeting
Gersbach Hep	MZF1	565	6	tf_targeting
Gersbach Hep	NACC2	1469	6	tf_targeting
Gersbach Hep	NAIF1	547	6	tf_targeting
Gersbach Hep	NANOG	202	6	tf_targeting
Gersbach Hep	NANOGNB	774	6	tf_targeting
Gersbach Hep	NCL	824	12	tf_targeting
Gersbach Hep	NCOA1	1125	6	tf_targeting
Gersbach Hep	NCOA2	633	6	tf_targeting
Gersbach Hep	NCOA3	1219	6	tf_targeting
Gersbach Hep	NCOA6	543	6	tf_targeting
Gersbach Hep	NCOR1	614	6	tf_targeting
Gersbach Hep	NCOR2	1494	12	tf_targeting
Gersbach Hep	NELFE	209	6	tf_targeting
Gersbach Hep	NEUROD1	2149	6	tf_targeting
Gersbach Hep	NEUROD2	765	6	tf_targeting
Gersbach Hep	NEUROD4	562	6	tf_targeting
Gersbach Hep	NEUROD6	501	6	tf_targeting
Gersbach Hep	NEUROG1	945	6	tf_targeting
Gersbach Hep	NEUROG2	850	6	tf_targeting
Gersbach Hep	NEUROG3	1632	6	tf_targeting
Gersbach Hep	NF1	496	6	tf_targeting
Gersbach Hep	NFAT5	637	6	tf_targeting
Gersbach Hep	NFATC1	2671	12	tf_targeting
Gersbach Hep	NFATC2	3418	12	tf_targeting
Gersbach Hep	NFATC3	427	6	tf_targeting
Gersbach Hep	NFATC4	494	6	tf_targeting
Gersbach Hep	NFE2	684	6	tf_targeting
Gersbach Hep	NFE2L1	193	6	tf_targeting
Gersbach Hep	NFE2L2	1015	12	tf_targeting
Gersbach Hep	NFE2L3	1421	6	tf_targeting
Gersbach Hep	NFE4	722	6	tf_targeting
Gersbach Hep	NFIA	366	6	tf_targeting
Gersbach Hep	NFIB	893	6	tf_targeting
Gersbach Hep	NFIC	1883	12	tf_targeting
Gersbach Hep	NFIL3	799	6	tf_targeting
Gersbach Hep	NFIX	1536	12	tf_targeting
Gersbach Hep	NFKB1	1899	6	tf_targeting
Gersbach Hep	NFKB2	1276	6	tf_targeting
Gersbach Hep	NFKBIA	1745	12	tf_targeting
Gersbach Hep	NFKBIB	930	6	tf_targeting
Gersbach Hep	NFKBID	1421	12	tf_targeting
Gersbach Hep	NFKBIE	783	6	tf_targeting
Gersbach Hep	NFKBIL1	715	6	tf_targeting
Gersbach Hep	NFKBIZ	2055	12	tf_targeting
Gersbach Hep	NFRKB	52	6	tf_targeting
Gersbach Hep	NFX1	1708	6	tf_targeting
Gersbach Hep	NFXL1	749	6	tf_targeting
Gersbach Hep	NFYA	574	6	tf_targeting
Gersbach Hep	NFYB	694	6	tf_targeting
Gersbach Hep	NFYC	374	6	tf_targeting
Gersbach Hep	NGFRAP1	1002	1	positive_control
Gersbach Hep	NHLH1	511	6	tf_targeting
Gersbach Hep	NHLH2	591	6	tf_targeting
Gersbach Hep	NHP2	35	6	tf_targeting
Gersbach Hep	NKRF	792	6	tf_targeting
Gersbach Hep	NKX1-1	1257	6	tf_targeting
Gersbach Hep	NKX1-2	1167	6	tf_targeting
Gersbach Hep	NKX2-1	823	6	tf_targeting
Gersbach Hep	NKX2-2	808	6	tf_targeting
Gersbach Hep	NKX2-3	746	6	tf_targeting
Gersbach Hep	NKX2-4	1503	6	tf_targeting
Gersbach Hep	NKX2-5	939	6	tf_targeting
Gersbach Hep	NKX2-6	441	6	tf_targeting
Gersbach Hep	NKX2-8	412	6	tf_targeting
Gersbach Hep	NKX3-1	746	6	tf_targeting
Gersbach Hep	NKX3-2	1090	6	tf_targeting
Gersbach Hep	NKX6-1	888	6	tf_targeting
Gersbach Hep	NKX6-2	1077	6	tf_targeting
Gersbach Hep	NKX6-3	1214	6	tf_targeting
Gersbach Hep	NME1-NME2	2279	6	tf_targeting
Gersbach Hep	NMI	2172	6	tf_targeting
Gersbach Hep	NOBOX	1667	12	tf_targeting
Gersbach Hep	NOC3L	5	6	tf_targeting
Gersbach Hep	NONO	406	6	tf_targeting
Gersbach Hep	NOTCH1	1797	12	tf_targeting
Gersbach Hep	NOTO	1352	6	tf_targeting
Gersbach Hep	NOV	720	6	tf_targeting
Gersbach Hep	NPAS1	503	6	tf_targeting
Gersbach Hep	NPAS2	1557	6	tf_targeting
Gersbach Hep	NPAS3	922	6	tf_targeting
Gersbach Hep	NPAS4	1096	6	tf_targeting
Gersbach Hep	NR0B1	1432	6	tf_targeting
Gersbach Hep	NR0B2	572	6	tf_targeting
Gersbach Hep	NR1D1	742	6	tf_targeting
Gersbach Hep	NR1D2	928	6	tf_targeting
Gersbach Hep	NR1H2	335	6	tf_targeting
Gersbach Hep	NR1H3	989	12	tf_targeting
Gersbach Hep	NR1H4	476	6	tf_targeting
Gersbach Hep	NR1I2	576	6	tf_targeting
Gersbach Hep	NR1I3	804	6	tf_targeting
Gersbach Hep	NR2C1	405	6	tf_targeting
Gersbach Hep	NR2C2	2053	6	tf_targeting
Gersbach Hep	NR2E1	458	6	tf_targeting
Gersbach Hep	NR2E3	495	6	tf_targeting
Gersbach Hep	NR2F1	553	6	tf_targeting
Gersbach Hep	NR2F2	2081	6	tf_targeting
Gersbach Hep	NR2F6	884	6	tf_targeting
Gersbach Hep	NR3C1	874	6	tf_targeting
Gersbach Hep	NR3C2	835	6	tf_targeting
Gersbach Hep	NR4A1	676	6	tf_targeting
Gersbach Hep	NR4A2	2093	12	tf_targeting
Gersbach Hep	NR4A3	1553	6	tf_targeting
Gersbach Hep	NR5A1	1266	6	tf_targeting
Gersbach Hep	NR5A2	1338	12	tf_targeting
Gersbach Hep	NR6A1	1954	6	tf_targeting
Gersbach Hep	NRF1	71	6	tf_targeting
Gersbach Hep	NRL	1176	12	tf_targeting
Gersbach Hep	OLIG1	1161	6	tf_targeting
Gersbach Hep	OLIG2	621	6	tf_targeting
Gersbach Hep	OLIG3	794	6	tf_targeting
Gersbach Hep	ONECUT1	982	6	tf_targeting
Gersbach Hep	ONECUT2	1138	6	tf_targeting
Gersbach Hep	ONECUT3	1901	6	tf_targeting
Gersbach Hep	OR10G4	313	6	negative_control
Gersbach Hep	OR10H2	316	6	negative_control
Gersbach Hep	OR10H5	368	6	negative_control
Gersbach Hep	OR10K1	335	6	negative_control
Gersbach Hep	OR10P1	568	6	negative_control
Gersbach Hep	OR10V1	323	6	negative_control
Gersbach Hep	OR11H6	412	6	negative_control
Gersbach Hep	OR11L1	519	6	negative_control
Gersbach Hep	OR12D2	370	6	negative_control
Gersbach Hep	OR12D3	564	6	negative_control
Gersbach Hep	OR13C9	570	6	negative_control
Gersbach Hep	OR13G1	597	6	negative_control
Gersbach Hep	OR14J1	441	6	negative_control
Gersbach Hep	OR1J4	456	6	negative_control
Gersbach Hep	OR1L8	572	6	negative_control
Gersbach Hep	OR1M1	508	6	negative_control
Gersbach Hep	OR1N2	599	6	negative_control
Gersbach Hep	OR2A1	467	6	negative_control
Gersbach Hep	OR2A2	576	6	negative_control
Gersbach Hep	OR2AE1	466	6	negative_control
Gersbach Hep	OR2B2	541	6	negative_control
Gersbach Hep	OR2B3	560	6	negative_control
Gersbach Hep	OR2C3	607	6	negative_control
Gersbach Hep	OR2F2	485	6	negative_control
Gersbach Hep	OR2H1	707	6	negative_control
Gersbach Hep	OR2H2	376	6	negative_control
Gersbach Hep	OR2J3	508	6	negative_control
Gersbach Hep	OR2M2	612	6	negative_control
Gersbach Hep	OR2M3	716	6	negative_control
Gersbach Hep	OR2T1	524	6	negative_control
Gersbach Hep	OR2T11	419	6	negative_control
Gersbach Hep	OR2T29	651	6	negative_control
Gersbach Hep	OR2T33	358	6	negative_control
Gersbach Hep	OR2T4	617	6	negative_control
Gersbach Hep	OR2T5	563	5	negative_control
Gersbach Hep	OR2T6	452	6	negative_control
Gersbach Hep	OR2W1	448	6	negative_control
Gersbach Hep	OR2Y1	465	6	negative_control
Gersbach Hep	OR4A5	399	6	negative_control
Gersbach Hep	OR4B1	555	6	negative_control
Gersbach Hep	OR4C12	684	6	negative_control
Gersbach Hep	OR4C15	652	6	negative_control
Gersbach Hep	OR4C3	442	6	negative_control
Gersbach Hep	OR4C45	587	6	negative_control
Gersbach Hep	OR4D10	773	6	negative_control
Gersbach Hep	OR4D11	310	6	negative_control
Gersbach Hep	OR4D5	442	6	negative_control
Gersbach Hep	OR4E2	530	6	negative_control
Gersbach Hep	OR4F5	652	6	negative_control
Gersbach Hep	OR4K13	571	6	negative_control
Gersbach Hep	OR4Q3	325	6	negative_control
Gersbach Hep	OR51A2	445	5	negative_control
Gersbach Hep	OR51A4	660	6	negative_control
Gersbach Hep	OR51B4	368	6	negative_control
Gersbach Hep	OR51E2	509	6	negative_control
Gersbach Hep	OR51F1	285	6	negative_control
Gersbach Hep	OR51F2	660	6	negative_control
Gersbach Hep	OR51L1	543	6	negative_control
Gersbach Hep	OR51T1	576	6	negative_control
Gersbach Hep	OR52E6	463	6	negative_control
Gersbach Hep	OR52N2	436	6	negative_control
Gersbach Hep	OR52W1	333	6	negative_control
Gersbach Hep	OR56A4	378	6	negative_control
Gersbach Hep	OR5A2	306	6	negative_control
Gersbach Hep	OR5AC2	363	6	negative_control
Gersbach Hep	OR5AK2	433	6	negative_control
Gersbach Hep	OR5AP2	430	6	negative_control
Gersbach Hep	OR5B3	630	6	negative_control
Gersbach Hep	OR5C1	341	6	negative_control
Gersbach Hep	OR5D13	566	6	negative_control
Gersbach Hep	OR5K2	432	6	negative_control
Gersbach Hep	OR5K3	562	6	negative_control
Gersbach Hep	OR5L1	479	6	negative_control
Gersbach Hep	OR5L2	570	6	negative_control
Gersbach Hep	OR5M1	612	6	negative_control
Gersbach Hep	OR5M11	434	6	negative_control
Gersbach Hep	OR5M8	503	6	negative_control
Gersbach Hep	OR5P2	329	6	negative_control
Gersbach Hep	OR5T1	575	6	negative_control
Gersbach Hep	OR5T2	656	6	negative_control
Gersbach Hep	OR5T3	563	6	negative_control
Gersbach Hep	OR6C1	537	6	negative_control
Gersbach Hep	OR6F1	443	6	negative_control
Gersbach Hep	OR6M1	403	6	negative_control
Gersbach Hep	OR6P1	413	6	negative_control
Gersbach Hep	OR7A10	592	6	negative_control
Gersbach Hep	OR8A1	366	6	negative_control
Gersbach Hep	OR8B3	495	6	negative_control
Gersbach Hep	OR8B4	603	6	negative_control
Gersbach Hep	OR8B8	537	6	negative_control
Gersbach Hep	OR8G5	444	6	negative_control
Gersbach Hep	OR8H1	657	6	negative_control
Gersbach Hep	OR8H3	613	6	negative_control
Gersbach Hep	OR8K1	560	6	negative_control
Gersbach Hep	OR8U8	683	6	negative_control
Gersbach Hep	OR9A2	382	6	negative_control
Gersbach Hep	OR9I1	546	6	negative_control
Gersbach Hep	OR9K2	544	6	negative_control
Gersbach Hep	OR9Q1	332	6	negative_control
Gersbach Hep	ORAI1	1214	6	negative_control
Gersbach Hep	OSR1	537	6	tf_targeting
Gersbach Hep	OSR2	1272	6	tf_targeting
Gersbach Hep	OTP	1355	6	tf_targeting
Gersbach Hep	OTX1	723	6	tf_targeting
Gersbach Hep	OTX2	1022	6	tf_targeting
Gersbach Hep	OVOL1	348	6	tf_targeting
Gersbach Hep	OVOL2	656	6	tf_targeting
Gersbach Hep	OVOL3	442	6	tf_targeting
Gersbach Hep	OXSR1	1039	6	tf_targeting
Gersbach Hep	PA2G4	2123	6	tf_targeting
Gersbach Hep	PARP1	572	6	tf_targeting
Gersbach Hep	PATZ1	1680	12	tf_targeting
Gersbach Hep	PAWR	737	6	tf_targeting
Gersbach Hep	PAX1	469	6	tf_targeting
Gersbach Hep	PAX2	1705	6	tf_targeting
Gersbach Hep	PAX3	650	6	tf_targeting
Gersbach Hep	PAX4	540	6	tf_targeting
Gersbach Hep	PAX5	1136	6	tf_targeting
Gersbach Hep	PAX6	650	6	tf_targeting
Gersbach Hep	PAX7	746	6	tf_targeting
Gersbach Hep	PAX9	2230	12	tf_targeting
Gersbach Hep	PAXBP1	74	6	tf_targeting
Gersbach Hep	PBRM1	885	6	tf_targeting
Gersbach Hep	PBX1	1236	6	tf_targeting
Gersbach Hep	PBX2	967	6	tf_targeting
Gersbach Hep	PBX3	861	6	tf_targeting
Gersbach Hep	PBX4	797	6	tf_targeting
Gersbach Hep	PCGF2	3413	12	tf_targeting
Gersbach Hep	PCGF6	869	6	tf_targeting
Gersbach Hep	PDX1	724	6	tf_targeting
Gersbach Hep	PEG3	882	3	tf_targeting
Gersbach Hep	PFDN5	166	6	tf_targeting
Gersbach Hep	PGBD1	1870	6	tf_targeting
Gersbach Hep	PGR	754	6	tf_targeting
Gersbach Hep	PHB2	203	6	tf_targeting
Gersbach Hep	PHF1	1290	6	tf_targeting
Gersbach Hep	PHF19	1209	6	tf_targeting
Gersbach Hep	PHF2	985	6	tf_targeting
Gersbach Hep	PHF20	345	6	tf_targeting
Gersbach Hep	PHF21A	1030	6	tf_targeting
Gersbach Hep	PHOX2A	1050	6	tf_targeting
Gersbach Hep	PHOX2B	417	6	tf_targeting
Gersbach Hep	PHTF1	1110	6	tf_targeting
Gersbach Hep	PIAS3	486	6	tf_targeting
Gersbach Hep	PIAS4	544	6	tf_targeting
Gersbach Hep	PIN1	666	6	tf_targeting
Gersbach Hep	PITX1	663	6	tf_targeting
Gersbach Hep	PITX2	746	12	tf_targeting
Gersbach Hep	PITX3	1096	6	tf_targeting
Gersbach Hep	PKNOX1	667	6	tf_targeting
Gersbach Hep	PKNOX2	422	6	tf_targeting
Gersbach Hep	PLAG1	555	6	tf_targeting
Gersbach Hep	PLAGL1	2168	12	tf_targeting
Gersbach Hep	PLAGL2	1503	6	tf_targeting
Gersbach Hep	PLEK	857	6	tf_targeting
Gersbach Hep	PLEKHA5	256	6	tf_targeting
Gersbach Hep	PLSCR1	365	6	tf_targeting
Gersbach Hep	POGK	2041	6	tf_targeting
Gersbach Hep	POLR1D	3	3	positive_control
Gersbach Hep	POLR3C	113	6	tf_targeting
Gersbach Hep	POLR3K	24	6	tf_targeting
Gersbach Hep	POU1F1	845	6	tf_targeting
Gersbach Hep	POU2AF1	738	6	tf_targeting
Gersbach Hep	POU2F1	358	12	tf_targeting
Gersbach Hep	POU2F2	889	6	tf_targeting
Gersbach Hep	POU2F3	1690	12	tf_targeting
Gersbach Hep	POU3F1	1466	6	tf_targeting
Gersbach Hep	POU3F2	2497	6	tf_targeting
Gersbach Hep	POU3F3	897	6	tf_targeting
Gersbach Hep	POU3F4	400	6	tf_targeting
Gersbach Hep	POU4F1	1310	6	tf_targeting
Gersbach Hep	POU4F2	806	6	tf_targeting
Gersbach Hep	POU4F3	728	6	tf_targeting
Gersbach Hep	POU5F1	1008	12	tf_targeting
Gersbach Hep	POU5F1B	1046	6	tf_targeting
Gersbach Hep	POU5F2	926	6	tf_targeting
Gersbach Hep	POU6F1	1825	6	tf_targeting
Gersbach Hep	POU6F2	591	6	tf_targeting
Gersbach Hep	PPARA	1397	6	tf_targeting
Gersbach Hep	PPARD	719	6	tf_targeting
Gersbach Hep	PPARG	1426	12	tf_targeting
Gersbach Hep	PPIL4	336	6	tf_targeting
Gersbach Hep	PPP1CB	27	6	tf_targeting
Gersbach Hep	PPP1R13L	736	12	tf_targeting
Gersbach Hep	PRDM1	431	6	tf_targeting
Gersbach Hep	PRDM10	702	6	tf_targeting
Gersbach Hep	PRDM11	1437	12	tf_targeting
Gersbach Hep	PRDM12	649	6	tf_targeting
Gersbach Hep	PRDM13	1431	6	tf_targeting
Gersbach Hep	PRDM14	462	6	tf_targeting
Gersbach Hep	PRDM15	1136	6	tf_targeting
Gersbach Hep	PRDM16	850	6	tf_targeting
Gersbach Hep	PRDM2	509	6	tf_targeting
Gersbach Hep	PRDM4	1089	6	tf_targeting
Gersbach Hep	PRDM5	422	6	tf_targeting
Gersbach Hep	PRDM6	1219	6	tf_targeting
Gersbach Hep	PRDM7	722	6	tf_targeting
Gersbach Hep	PRDM8	1496	12	tf_targeting
Gersbach Hep	PRDM9	561	6	tf_targeting
Gersbach Hep	PREB	269	6	tf_targeting
Gersbach Hep	PRKRIP1	2972	12	tf_targeting
Gersbach Hep	PRKRIR	377	6	tf_targeting
Gersbach Hep	PRMT3	1211	6	tf_targeting
Gersbach Hep	PROP1	577	6	tf_targeting
Gersbach Hep	PROX1	705	6	tf_targeting
Gersbach Hep	PROX2	283	6	tf_targeting
Gersbach Hep	PRR12	1288	6	tf_targeting
Gersbach Hep	PRRX1	1459	12	tf_targeting
Gersbach Hep	PRRX2	1240	6	tf_targeting
Gersbach Hep	PSIP1	1822	6	tf_targeting
Gersbach Hep	PSMA1	26	6	tf_targeting
Gersbach Hep	PSMB1	79	6	tf_targeting
Gersbach Hep	PSMB4	759	6	tf_targeting
Gersbach Hep	PSMC3	639	6	tf_targeting
Gersbach Hep	PTF1A	1534	6	tf_targeting
Gersbach Hep	PTTG1	15	6	tf_targeting
Gersbach Hep	PUF60	173	6	tf_targeting
Gersbach Hep	PURA	2160	12	tf_targeting
Gersbach Hep	PURB	1546	6	tf_targeting
Gersbach Hep	PURG	1359	6	tf_targeting
Gersbach Hep	RAG1	500	6	tf_targeting
Gersbach Hep	RARA	2102	12	tf_targeting
Gersbach Hep	RARB	489	6	tf_targeting
Gersbach Hep	RARG	1399	12	tf_targeting
Gersbach Hep	RAX	1026	6	tf_targeting
Gersbach Hep	RAX2	1083	6	tf_targeting
Gersbach Hep	RB1	5037	6	tf_targeting
Gersbach Hep	RB1CC1	1062	12	tf_targeting
Gersbach Hep	RBAK	2637	12	tf_targeting
Gersbach Hep	RBCK1	357	6	tf_targeting
Gersbach Hep	RBL2	1978	12	tf_targeting
Gersbach Hep	RBMS1	1179	6	tf_targeting
Gersbach Hep	RBPJ	480	6	tf_targeting
Gersbach Hep	RBPJL	914	6	tf_targeting
Gersbach Hep	RC3H2	1385	6	tf_targeting
Gersbach Hep	RCAN1	482	6	tf_targeting
Gersbach Hep	RCOR1	1450	6	tf_targeting
Gersbach Hep	RCOR2	1799	6	tf_targeting
Gersbach Hep	RCOR3	1040	6	tf_targeting
Gersbach Hep	REL	1333	6	tf_targeting
Gersbach Hep	RELA	814	6	tf_targeting
Gersbach Hep	RELB	1199	6	tf_targeting
Gersbach Hep	REPIN1	2105	6	tf_targeting
Gersbach Hep	RERE	2213	6	tf_targeting
Gersbach Hep	REST	2350	12	tf_targeting
Gersbach Hep	REXO4	666	6	tf_targeting
Gersbach Hep	RFX1	645	6	tf_targeting
Gersbach Hep	RFX2	710	6	tf_targeting
Gersbach Hep	RFX3	673	6	tf_targeting
Gersbach Hep	RFX4	382	6	tf_targeting
Gersbach Hep	RFX5	338	6	tf_targeting
Gersbach Hep	RFX6	1379	6	tf_targeting
Gersbach Hep	RFX7	314	6	tf_targeting
Gersbach Hep	RFX8	1044	6	tf_targeting
Gersbach Hep	RFXANK	832	6	tf_targeting
Gersbach Hep	RFXAP	600	6	tf_targeting
Gersbach Hep	RHOXF1	628	6	tf_targeting
Gersbach Hep	RLF	641	6	tf_targeting
Gersbach Hep	RNF141	1457	6	tf_targeting
Gersbach Hep	RNF2	1477	6	tf_targeting
Gersbach Hep	RNF4	408	6	tf_targeting
Gersbach Hep	RORA	993	6	tf_targeting
Gersbach Hep	RORB	524	6	tf_targeting
Gersbach Hep	RORC	1099	12	tf_targeting
Gersbach Hep	RPA3	13	6	tf_targeting
Gersbach Hep	RPF1	10	6	tf_targeting
Gersbach Hep	RPS4X	2	6	tf_targeting
Gersbach Hep	RREB1	522	6	tf_targeting
Gersbach Hep	RUNX1	594	6	tf_targeting
Gersbach Hep	RUNX1T1	952	12	tf_targeting
Gersbach Hep	RUNX2	820	12	tf_targeting
Gersbach Hep	RUNX3	2111	12	tf_targeting
Gersbach Hep	RUVBL1	12	6	tf_targeting
Gersbach Hep	RXRA	894	6	tf_targeting
Gersbach Hep	RXRB	334	6	tf_targeting
Gersbach Hep	RXRG	404	6	tf_targeting
Gersbach Hep	SACM1L	289	6	tf_targeting
Gersbach Hep	SAFB	295	6	tf_targeting
Gersbach Hep	SAFB2	745	6	tf_targeting
Gersbach Hep	SALL1	684	6	tf_targeting
Gersbach Hep	SALL2	975	6	tf_targeting
Gersbach Hep	SALL3	2212	6	tf_targeting
Gersbach Hep	SALL4	34	6	tf_targeting
Gersbach Hep	SATB1	762	12	tf_targeting
Gersbach Hep	SATB2	1283	6	tf_targeting
Gersbach Hep	SCAND3	891	6	tf_targeting
Gersbach Hep	SCAPER	1082	6	tf_targeting
Gersbach Hep	SCMH1	1309	12	tf_targeting
Gersbach Hep	SCML4	575	6	tf_targeting
Gersbach Hep	SCRT1	1609	6	tf_targeting
Gersbach Hep	SCRT2	1293	6	tf_targeting
Gersbach Hep	SCXA	437	5	tf_targeting
Gersbach Hep	SCXB	1465	5	tf_targeting
Gersbach Hep	SEBOX	794	6	tf_targeting
Gersbach Hep	SETBP1	1898	6	tf_targeting
Gersbach Hep	SETD1A	376	6	tf_targeting
Gersbach Hep	SETDB1	1383	6	tf_targeting
Gersbach Hep	SETDB2	1043	6	tf_targeting
Gersbach Hep	SGSM2	1192	6	tf_targeting
Gersbach Hep	SH3D19	1524	12	tf_targeting
Gersbach Hep	SHOX	1159	6	tf_targeting
Gersbach Hep	SHOX2	1450	6	tf_targeting
Gersbach Hep	SIM1	642	6	tf_targeting
Gersbach Hep	SIM2	1313	6	tf_targeting
Gersbach Hep	SIN3A	619	12	tf_targeting
Gersbach Hep	SIRT6	1318	6	tf_targeting
Gersbach Hep	SIX1	497	6	tf_targeting
Gersbach Hep	SIX2	448	6	tf_targeting
Gersbach Hep	SIX3	399	6	tf_targeting
Gersbach Hep	SIX4	678	6	tf_targeting
Gersbach Hep	SIX5	1650	6	tf_targeting
Gersbach Hep	SIX6	760	6	tf_targeting
Gersbach Hep	SKI	669	6	tf_targeting
Gersbach Hep	SKIL	1222	6	tf_targeting
Gersbach Hep	SKOR1	753	6	tf_targeting
Gersbach Hep	SKOR2	1594	6	tf_targeting
Gersbach Hep	SLC22A1	635	6	tf_targeting
Gersbach Hep	SLC2A4RG	1143	6	tf_targeting
Gersbach Hep	SLC30A9	760	6	tf_targeting
Gersbach Hep	SMAD1	1495	6	tf_targeting
Gersbach Hep	SMAD2	2568	6	tf_targeting
Gersbach Hep	SMAD3	1685	6	tf_targeting
Gersbach Hep	SMAD4	1576	6	tf_targeting
Gersbach Hep	SMAD5	1235	6	tf_targeting
Gersbach Hep	SMAD6	1122	6	tf_targeting
Gersbach Hep	SMAD7	1267	6	tf_targeting
Gersbach Hep	SMAD9	738	6	tf_targeting
Gersbach Hep	SMARCA1	1177	6	tf_targeting
Gersbach Hep	SMARCA2	583	6	tf_targeting
Gersbach Hep	SMARCA4	1109	6	tf_targeting
Gersbach Hep	SMARCA5	779	6	tf_targeting
Gersbach Hep	SMARCB1	1827	12	tf_targeting
Gersbach Hep	SMARCC1	251	6	tf_targeting
Gersbach Hep	SMARCC2	286	6	tf_targeting
Gersbach Hep	SMYD2	1641	6	tf_targeting
Gersbach Hep	SMYD3	1567	6	tf_targeting
Gersbach Hep	SNAI1	1103	6	tf_targeting
Gersbach Hep	SNAI2	843	6	tf_targeting
Gersbach Hep	SNAI3	1273	6	tf_targeting
Gersbach Hep	SNAPC1	14	6	tf_targeting
Gersbach Hep	SNAPC2	249	6	tf_targeting
Gersbach Hep	SNAPC3	130	6	tf_targeting
Gersbach Hep	SNAPC4	581	6	tf_targeting
Gersbach Hep	SNAPC5	516	6	tf_targeting
Gersbach Hep	SOHLH1	725	6	tf_targeting
Gersbach Hep	SOHLH2	1024	6	tf_targeting
Gersbach Hep	SON	628	12	tf_targeting
Gersbach Hep	SOX1	829	6	tf_targeting
Gersbach Hep	SOX10	371	6	tf_targeting
Gersbach Hep	SOX11	8564	6	tf_targeting
Gersbach Hep	SOX12	2966	6	tf_targeting
Gersbach Hep	SOX13	353	6	tf_targeting
Gersbach Hep	SOX14	988	6	tf_targeting
Gersbach Hep	SOX15	1215	6	tf_targeting
Gersbach Hep	SOX17	760	6	tf_targeting
Gersbach Hep	SOX18	1293	6	tf_targeting
Gersbach Hep	SOX2	1329	6	tf_targeting
Gersbach Hep	SOX21	764	6	tf_targeting
Gersbach Hep	SOX3	918	6	tf_targeting
Gersbach Hep	SOX30	2057	12	tf_targeting
Gersbach Hep	SOX4	4727	12	tf_targeting
Gersbach Hep	SOX5	1234	12	tf_targeting
Gersbach Hep	SOX6	2163	18	tf_targeting
Gersbach Hep	SOX7	1019	6	tf_targeting
Gersbach Hep	SOX8	1606	6	tf_targeting
Gersbach Hep	SOX9	1117	6	tf_targeting
Gersbach Hep	SP1	1300	6	tf_targeting
Gersbach Hep	SP100	775	6	tf_targeting
Gersbach Hep	SP110	574	6	tf_targeting
Gersbach Hep	SP140	558	6	tf_targeting
Gersbach Hep	SP140L	712	6	tf_targeting
Gersbach Hep	SP2	309	6	tf_targeting
Gersbach Hep	SP3	524	6	tf_targeting
Gersbach Hep	SP4	948	6	tf_targeting
Gersbach Hep	SP5	797	6	tf_targeting
Gersbach Hep	SP6	1555	6	tf_targeting
Gersbach Hep	SP7	2068	6	tf_targeting
Gersbach Hep	SP8	605	6	tf_targeting
Gersbach Hep	SP9	642	6	tf_targeting
Gersbach Hep	SPDEF	477	6	tf_targeting
Gersbach Hep	SPEN	517	6	tf_targeting
Gersbach Hep	SPI1	766	6	tf_targeting
Gersbach Hep	SPIB	1480	6	tf_targeting
Gersbach Hep	SPIC	792	6	tf_targeting
Gersbach Hep	SPZ1	621	6	tf_targeting
Gersbach Hep	SRCAP	145	6	tf_targeting
Gersbach Hep	SREBF1	1065	12	tf_targeting
Gersbach Hep	SREBF2	1766	6	tf_targeting
Gersbach Hep	SRF	370	6	tf_targeting
Gersbach Hep	SRY	637	6	tf_targeting
Gersbach Hep	SS18	891	6	tf_targeting
Gersbach Hep	SSRP1	41	6	tf_targeting
Gersbach Hep	ST18	690	6	tf_targeting
Gersbach Hep	STAT1	1900	6	tf_targeting
Gersbach Hep	STAT2	1209	6	tf_targeting
Gersbach Hep	STAT3	694	6	tf_targeting
Gersbach Hep	STAT4	1136	6	tf_targeting
Gersbach Hep	STAT5A	790	6	tf_targeting
Gersbach Hep	STAT5B	1675	6	tf_targeting
Gersbach Hep	STAT6	400	6	tf_targeting
Gersbach Hep	STOX2	1791	12	tf_targeting
Gersbach Hep	STRA13	693	6	tf_targeting
Gersbach Hep	STRAP	1134	6	tf_targeting
Gersbach Hep	SUB1	1232	12	tf_targeting
Gersbach Hep	SULT2A1	880	6	tf_targeting
Gersbach Hep	SUPT4H1	770	6	tf_targeting
Gersbach Hep	SUPT5H	46	6	tf_targeting
Gersbach Hep	SUZ12	1671	6	tf_targeting
Gersbach Hep	TADA2A	541	6	tf_targeting
Gersbach Hep	TADA2B	3205	6	tf_targeting
Gersbach Hep	TADA3	607	6	tf_targeting
Gersbach Hep	TAF1	9	6	tf_targeting
Gersbach Hep	TAF10	471	6	tf_targeting
Gersbach Hep	TAF11	46	6	tf_targeting
Gersbach Hep	TAF12	808	6	tf_targeting
Gersbach Hep	TAF13	57	6	tf_targeting
Gersbach Hep	TAF1A	4	6	tf_targeting
Gersbach Hep	TAF1B	523	6	tf_targeting
Gersbach Hep	TAF4	1323	6	tf_targeting
Gersbach Hep	TAF4B	623	6	tf_targeting
Gersbach Hep	TAF5	933	6	tf_targeting
Gersbach Hep	TAF5L	1205	6	tf_targeting
Gersbach Hep	TAF6	539	6	tf_targeting
Gersbach Hep	TAF7	618	6	tf_targeting
Gersbach Hep	TAF9	267	6	tf_targeting
Gersbach Hep	TAL1	1248	12	tf_targeting
Gersbach Hep	TAL2	415	6	tf_targeting
Gersbach Hep	TARDBP	729	6	tf_targeting
Gersbach Hep	TAZ	553	6	tf_targeting
Gersbach Hep	TBP	253	6	tf_targeting
Gersbach Hep	TBPL1	436	6	tf_targeting
Gersbach Hep	TBPL2	689	6	tf_targeting
Gersbach Hep	TBR1	826	6	tf_targeting
Gersbach Hep	TBX1	1458	6	tf_targeting
Gersbach Hep	TBX10	684	6	tf_targeting
Gersbach Hep	TBX15	2066	6	tf_targeting
Gersbach Hep	TBX18	1067	12	tf_targeting
Gersbach Hep	TBX19	631	6	tf_targeting
Gersbach Hep	TBX2	1057	6	tf_targeting
Gersbach Hep	TBX20	1173	6	tf_targeting
Gersbach Hep	TBX21	1531	6	tf_targeting
Gersbach Hep	TBX22	576	6	tf_targeting
Gersbach Hep	TBX3	241	6	tf_targeting
Gersbach Hep	TBX4	1153	12	tf_targeting
Gersbach Hep	TBX5	1161	12	tf_targeting
Gersbach Hep	TBX6	1515	6	tf_targeting
Gersbach Hep	TBXT	1086	6	tf_targeting
Gersbach Hep	TCEB1	259	6	tf_targeting
Gersbach Hep	TCEB2	1090	6	tf_targeting
Gersbach Hep	TCEB3	1501	6	tf_targeting
Gersbach Hep	TCERG1	239	6	tf_targeting
Gersbach Hep	TCF12	2047	12	tf_targeting
Gersbach Hep	TCF15	1385	6	tf_targeting
Gersbach Hep	TCF19	1943	12	tf_targeting
Gersbach Hep	TCF20	487	6	tf_targeting
Gersbach Hep	TCF21	438	6	tf_targeting
Gersbach Hep	TCF23	567	6	tf_targeting
Gersbach Hep	TCF24	731	6	tf_targeting
Gersbach Hep	TCF25	1058	6	tf_targeting
Gersbach Hep	TCF3	1075	6	tf_targeting
Gersbach Hep	TCF4	843	6	tf_targeting
Gersbach Hep	TCF7	938	6	tf_targeting
Gersbach Hep	TCF7L1	1477	6	tf_targeting
Gersbach Hep	TCF7L2	339	6	tf_targeting
Gersbach Hep	TCFL5	455	6	tf_targeting
Gersbach Hep	TEAD1	907	6	tf_targeting
Gersbach Hep	TEAD2	1352	6	tf_targeting
Gersbach Hep	TEAD3	847	6	tf_targeting
Gersbach Hep	TEAD4	1177	6	tf_targeting
Gersbach Hep	TEF	2037	12	tf_targeting
Gersbach Hep	TERF1	890	6	tf_targeting
Gersbach Hep	TERF2	273	6	tf_targeting
Gersbach Hep	TET1	1046	6	tf_targeting
Gersbach Hep	TET2	618	6	tf_targeting
Gersbach Hep	TET3	435	6	tf_targeting
Gersbach Hep	TFAM	1273	6	tf_targeting
Gersbach Hep	TFAP2A	1464	12	tf_targeting
Gersbach Hep	TFAP2B	501	6	tf_targeting
Gersbach Hep	TFAP2C	919	6	tf_targeting
Gersbach Hep	TFAP2D	234	6	tf_targeting
Gersbach Hep	TFAP2E	750	6	tf_targeting
Gersbach Hep	TFAP4	344	6	tf_targeting
Gersbach Hep	TFCP2	617	6	tf_targeting
Gersbach Hep	TFCP2L1	643	6	tf_targeting
Gersbach Hep	TFDP1	1033	6	tf_targeting
Gersbach Hep	TFDP2	1612	12	tf_targeting
Gersbach Hep	TFDP3	1156	6	tf_targeting
Gersbach Hep	TFEB	996	12	tf_targeting
Gersbach Hep	TFEC	739	6	tf_targeting
Gersbach Hep	TFRC	953	1	positive_control
Gersbach Hep	TGFB1I1	957	6	tf_targeting
Gersbach Hep	TGIF1	616	6	tf_targeting
Gersbach Hep	TGIF2	1430	6	tf_targeting
Gersbach Hep	TGIF2LX	1026	4	tf_targeting
Gersbach Hep	TGIF2LY	714	4	tf_targeting
Gersbach Hep	THAP1	915	6	tf_targeting
Gersbach Hep	THAP10	747	6	tf_targeting
Gersbach Hep	THAP11	534	6	tf_targeting
Gersbach Hep	THAP2	1034	12	tf_targeting
Gersbach Hep	THAP3	829	6	tf_targeting
Gersbach Hep	THAP4	1122	6	tf_targeting
Gersbach Hep	THAP5	517	6	tf_targeting
Gersbach Hep	THAP6	1067	6	tf_targeting
Gersbach Hep	THAP7	1854	6	tf_targeting
Gersbach Hep	THAP8	1236	6	tf_targeting
Gersbach Hep	THAP9	1079	6	tf_targeting
Gersbach Hep	THRA	875	6	tf_targeting
Gersbach Hep	THRB	895	6	tf_targeting
Gersbach Hep	THYN1	1900	6	tf_targeting
Gersbach Hep	TIGD1	776	6	tf_targeting
Gersbach Hep	TIGD2	750	6	tf_targeting
Gersbach Hep	TIGD3	874	6	tf_targeting
Gersbach Hep	TIGD4	1472	6	tf_targeting
Gersbach Hep	TIGD5	1376	6	tf_targeting
Gersbach Hep	TIGD6	608	6	tf_targeting
Gersbach Hep	TIGD7	341	6	tf_targeting
Gersbach Hep	TLX1	872	6	tf_targeting
Gersbach Hep	TLX2	991	6	tf_targeting
Gersbach Hep	TLX3	2019	6	tf_targeting
Gersbach Hep	TMF1	1014	6	tf_targeting
Gersbach Hep	TNXB	660	6	tf_targeting
Gersbach Hep	TOPORS	1196	6	tf_targeting
Gersbach Hep	TOX	438	6	tf_targeting
Gersbach Hep	TOX2	1307	6	tf_targeting
Gersbach Hep	TOX3	1578	6	tf_targeting
Gersbach Hep	TOX4	844	6	tf_targeting
Gersbach Hep	TP53	53017	6	tf_targeting
Gersbach Hep	TP53BP1	3317	12	tf_targeting
Gersbach Hep	TP53BP2	194	6	tf_targeting
Gersbach Hep	TP63	456	6	tf_targeting
Gersbach Hep	TP73	1383	6	tf_targeting
Gersbach Hep	TPI1	1868	6	tf_targeting
Gersbach Hep	TPRX1	312	6	tf_targeting
Gersbach Hep	TRAFD1	1412	6	tf_targeting
Gersbach Hep	TRERF1	314	6	tf_targeting
Gersbach Hep	TRIM22	919	6	tf_targeting
Gersbach Hep	TRIM25	1046	6	tf_targeting
Gersbach Hep	TRIM27	780	6	tf_targeting
Gersbach Hep	TRIM28	1164	6	tf_targeting
Gersbach Hep	TRIM29	1554	12	tf_targeting
Gersbach Hep	TRPS1	659	6	tf_targeting
Gersbach Hep	TSC22D1	845	6	tf_targeting
Gersbach Hep	TSC22D2	621	6	tf_targeting
Gersbach Hep	TSC22D3	495	6	tf_targeting
Gersbach Hep	TSC22D4	1251	6	tf_targeting
Gersbach Hep	TSHZ1	600	6	tf_targeting
Gersbach Hep	TSHZ2	402	5	tf_targeting
Gersbach Hep	TSHZ3	2201	6	tf_targeting
Gersbach Hep	TTF1	322	6	tf_targeting
Gersbach Hep	TUB	793	6	tf_targeting
Gersbach Hep	TULP1	1665	6	tf_targeting
Gersbach Hep	TULP2	613	6	tf_targeting
Gersbach Hep	TULP3	1913	12	tf_targeting
Gersbach Hep	TULP4	479	6	tf_targeting
Gersbach Hep	TWIST1	802	6	tf_targeting
Gersbach Hep	TWIST2	881	6	tf_targeting
Gersbach Hep	UBN1	1471	6	tf_targeting
Gersbach Hep	UBP1	1287	6	tf_targeting
Gersbach Hep	UNCX	653	6	tf_targeting
Gersbach Hep	UNKL	914	6	tf_targeting
Gersbach Hep	USF1	470	6	tf_targeting
Gersbach Hep	USF2	1322	6	tf_targeting
Gersbach Hep	VAV1	852	6	tf_targeting
Gersbach Hep	VAX1	854	6	tf_targeting
Gersbach Hep	VAX2	604	6	tf_targeting
Gersbach Hep	VDR	1658	6	tf_targeting
Gersbach Hep	VENTX	1094	6	tf_targeting
Gersbach Hep	VEZF1	770	6	tf_targeting
Gersbach Hep	VPS72	45	6	tf_targeting
Gersbach Hep	VSX1	916	6	tf_targeting
Gersbach Hep	VSX2	851	6	tf_targeting
Gersbach Hep	WDHD1	61	6	tf_targeting
Gersbach Hep	WDR82	253	6	tf_targeting
Gersbach Hep	WHSC1	763	6	tf_targeting
Gersbach Hep	WIZ	690	6	tf_targeting
Gersbach Hep	WNK1	1368	6	tf_targeting
Gersbach Hep	WT1	2423	6	tf_targeting
Gersbach Hep	XBP1	1141	6	tf_targeting
Gersbach Hep	XPA	847	6	tf_targeting
Gersbach Hep	XRCC5	68	6	tf_targeting
Gersbach Hep	XRCC6	146	6	tf_targeting
Gersbach Hep	YAF2	1312	6	tf_targeting
Gersbach Hep	YAP1	460	6	tf_targeting
Gersbach Hep	YBX1	439	6	tf_targeting
Gersbach Hep	YBX2	1127	6	tf_targeting
Gersbach Hep	YBX3	1271	6	tf_targeting
Gersbach Hep	YEATS2	1118	6	tf_targeting
Gersbach Hep	YWHAE	1295	6	tf_targeting
Gersbach Hep	YWHAZ	416	6	tf_targeting
Gersbach Hep	YY1	1026	6	tf_targeting
Gersbach Hep	YY2	601	5	tf_targeting
Gersbach Hep	ZBED1	1076	6	tf_targeting
Gersbach Hep	ZBED2	1374	6	tf_targeting
Gersbach Hep	ZBED3	948	6	tf_targeting
Gersbach Hep	ZBED4	2070	6	tf_targeting
Gersbach Hep	ZBED5	539	6	tf_targeting
Gersbach Hep	ZBED6	109	4	tf_targeting
Gersbach Hep	ZBTB1	867	6	tf_targeting
Gersbach Hep	ZBTB10	761	6	tf_targeting
Gersbach Hep	ZBTB11	450	6	tf_targeting
Gersbach Hep	ZBTB12	528	6	tf_targeting
Gersbach Hep	ZBTB14	422	6	tf_targeting
Gersbach Hep	ZBTB16	596	6	tf_targeting
Gersbach Hep	ZBTB17	377	6	tf_targeting
Gersbach Hep	ZBTB18	588	6	tf_targeting
Gersbach Hep	ZBTB2	921	6	tf_targeting
Gersbach Hep	ZBTB20	1241	12	tf_targeting
Gersbach Hep	ZBTB21	845	6	tf_targeting
Gersbach Hep	ZBTB22	1830	6	tf_targeting
Gersbach Hep	ZBTB24	1525	6	tf_targeting
Gersbach Hep	ZBTB25	2601	6	tf_targeting
Gersbach Hep	ZBTB26	1231	6	tf_targeting
Gersbach Hep	ZBTB3	586	6	tf_targeting
Gersbach Hep	ZBTB32	572	6	tf_targeting
Gersbach Hep	ZBTB33	1163	6	tf_targeting
Gersbach Hep	ZBTB34	1597	6	tf_targeting
Gersbach Hep	ZBTB37	910	6	tf_targeting
Gersbach Hep	ZBTB38	2607	12	tf_targeting
Gersbach Hep	ZBTB39	1037	6	tf_targeting
Gersbach Hep	ZBTB4	1708	12	tf_targeting
Gersbach Hep	ZBTB40	1237	6	tf_targeting
Gersbach Hep	ZBTB41	853	6	tf_targeting
Gersbach Hep	ZBTB42	2328	6	tf_targeting
Gersbach Hep	ZBTB43	747	6	tf_targeting
Gersbach Hep	ZBTB44	971	6	tf_targeting
Gersbach Hep	ZBTB45	288	6	tf_targeting
Gersbach Hep	ZBTB46	954	6	tf_targeting
Gersbach Hep	ZBTB47	698	6	tf_targeting
Gersbach Hep	ZBTB48	1399	6	tf_targeting
Gersbach Hep	ZBTB49	997	6	tf_targeting
Gersbach Hep	ZBTB5	608	6	tf_targeting
Gersbach Hep	ZBTB6	714	6	tf_targeting
Gersbach Hep	ZBTB7A	3453	12	tf_targeting
Gersbach Hep	ZBTB7B	1298	6	tf_targeting
Gersbach Hep	ZBTB7C	1989	12	tf_targeting
Gersbach Hep	ZBTB8A	662	6	tf_targeting
Gersbach Hep	ZBTB8B	936	6	tf_targeting
Gersbach Hep	ZBTB9	984	6	tf_targeting
Gersbach Hep	ZC3H11A	219	4	tf_targeting
Gersbach Hep	ZC3H15	1143	6	tf_targeting
Gersbach Hep	ZC3H3	626	6	tf_targeting
Gersbach Hep	ZC3H8	9	6	tf_targeting
Gersbach Hep	ZCCHC11	1258	6	tf_targeting
Gersbach Hep	ZCCHC6	382	6	tf_targeting
Gersbach Hep	ZEB1	1556	12	tf_targeting
Gersbach Hep	ZEB2	1453	12	tf_targeting
Gersbach Hep	ZFAT	1188	12	tf_targeting
Gersbach Hep	ZFHX2	1055	12	tf_targeting
Gersbach Hep	ZFHX3	1416	6	tf_targeting
Gersbach Hep	ZFHX4	944	6	tf_targeting
Gersbach Hep	ZFP1	1027	6	tf_targeting
Gersbach Hep	ZFP14	1078	6	tf_targeting
Gersbach Hep	ZFP2	1160	6	tf_targeting
Gersbach Hep	ZFP28	1616	6	tf_targeting
Gersbach Hep	ZFP3	1495	6	tf_targeting
Gersbach Hep	ZFP30	868	6	tf_targeting
Gersbach Hep	ZFP36L1	1490	12	tf_targeting
Gersbach Hep	ZFP36L2	1158	6	tf_targeting
Gersbach Hep	ZFP37	1326	6	tf_targeting
Gersbach Hep	ZFP41	828	6	tf_targeting
Gersbach Hep	ZFP42	1552	12	tf_targeting
Gersbach Hep	ZFP57	641	6	tf_targeting
Gersbach Hep	ZFP62	494	6	tf_targeting
Gersbach Hep	ZFP64	2124	6	tf_targeting
Gersbach Hep	ZFP69	1622	6	tf_targeting
Gersbach Hep	ZFP69B	921	6	tf_targeting
Gersbach Hep	ZFP82	1017	6	tf_targeting
Gersbach Hep	ZFP90	2106	12	tf_targeting
Gersbach Hep	ZFP91	1668	6	tf_targeting
Gersbach Hep	ZFP92	943	6	tf_targeting
Gersbach Hep	ZFPM1	556	6	tf_targeting
Gersbach Hep	ZFPM2	1043	6	tf_targeting
Gersbach Hep	ZFX	879	6	tf_targeting
Gersbach Hep	ZFY	2112	6	tf_targeting
Gersbach Hep	ZFYVE20	676	6	tf_targeting
Gersbach Hep	ZFYVE26	732	6	tf_targeting
Gersbach Hep	ZGLP1	540	6	tf_targeting
Gersbach Hep	ZGPAT	911	6	tf_targeting
Gersbach Hep	ZHX1	957	6	tf_targeting
Gersbach Hep	ZHX2	1821	6	tf_targeting
Gersbach Hep	ZHX3	699	6	tf_targeting
Gersbach Hep	ZIC1	633	6	tf_targeting
Gersbach Hep	ZIC2	1471	6	tf_targeting
Gersbach Hep	ZIC3	1777	6	tf_targeting
Gersbach Hep	ZIC4	1362	12	tf_targeting
Gersbach Hep	ZIC5	678	6	tf_targeting
Gersbach Hep	ZIK1	773	6	tf_targeting
Gersbach Hep	ZIM2	304	3	tf_targeting
Gersbach Hep	ZIM3	588	6	tf_targeting
Gersbach Hep	ZKSCAN1	830	6	tf_targeting
Gersbach Hep	ZKSCAN2	1152	6	tf_targeting
Gersbach Hep	ZKSCAN3	1039	6	tf_targeting
Gersbach Hep	ZKSCAN4	849	6	tf_targeting
Gersbach Hep	ZKSCAN5	490	6	tf_targeting
Gersbach Hep	ZKSCAN7	1222	6	tf_targeting
Gersbach Hep	ZKSCAN8	339	6	tf_targeting
Gersbach Hep	ZMAT1	1447	6	tf_targeting
Gersbach Hep	ZMAT2	697	12	tf_targeting
Gersbach Hep	ZMAT3	1691	6	tf_targeting
Gersbach Hep	ZMAT4	1190	6	tf_targeting
Gersbach Hep	ZNF10	889	6	tf_targeting
Gersbach Hep	ZNF100	206	6	tf_targeting
Gersbach Hep	ZNF101	773	6	tf_targeting
Gersbach Hep	ZNF107	862	6	tf_targeting
Gersbach Hep	ZNF112	1124	6	tf_targeting
Gersbach Hep	ZNF114	425	6	tf_targeting
Gersbach Hep	ZNF117	963	6	tf_targeting
Gersbach Hep	ZNF12	835	6	tf_targeting
Gersbach Hep	ZNF121	369	6	tf_targeting
Gersbach Hep	ZNF124	684	6	tf_targeting
Gersbach Hep	ZNF131	461	6	tf_targeting
Gersbach Hep	ZNF132	423	6	tf_targeting
Gersbach Hep	ZNF133	1211	6	tf_targeting
Gersbach Hep	ZNF134	479	6	tf_targeting
Gersbach Hep	ZNF135	587	6	tf_targeting
Gersbach Hep	ZNF136	641	6	tf_targeting
Gersbach Hep	ZNF138	672	6	tf_targeting
Gersbach Hep	ZNF14	848	6	tf_targeting
Gersbach Hep	ZNF140	1096	6	tf_targeting
Gersbach Hep	ZNF141	708	6	tf_targeting
Gersbach Hep	ZNF142	1076	6	tf_targeting
Gersbach Hep	ZNF143	408	6	tf_targeting
Gersbach Hep	ZNF146	1042	6	tf_targeting
Gersbach Hep	ZNF148	996	6	tf_targeting
Gersbach Hep	ZNF154	800	6	tf_targeting
Gersbach Hep	ZNF155	759	6	tf_targeting
Gersbach Hep	ZNF157	503	6	tf_targeting
Gersbach Hep	ZNF16	1608	6	tf_targeting
Gersbach Hep	ZNF160	763	6	tf_targeting
Gersbach Hep	ZNF165	750	6	tf_targeting
Gersbach Hep	ZNF169	419	6	tf_targeting
Gersbach Hep	ZNF17	641	6	tf_targeting
Gersbach Hep	ZNF174	637	6	tf_targeting
Gersbach Hep	ZNF175	677	6	tf_targeting
Gersbach Hep	ZNF177	954	10	tf_targeting
Gersbach Hep	ZNF18	1308	6	tf_targeting
Gersbach Hep	ZNF180	867	6	tf_targeting
Gersbach Hep	ZNF181	950	6	tf_targeting
Gersbach Hep	ZNF182	450	6	tf_targeting
Gersbach Hep	ZNF184	972	6	tf_targeting
Gersbach Hep	ZNF189	568	6	tf_targeting
Gersbach Hep	ZNF19	879	6	tf_targeting
Gersbach Hep	ZNF195	1302	6	tf_targeting
Gersbach Hep	ZNF197	1994	6	tf_targeting
Gersbach Hep	ZNF2	614	6	tf_targeting
Gersbach Hep	ZNF20	1109	7	tf_targeting
Gersbach Hep	ZNF200	1581	6	tf_targeting
Gersbach Hep	ZNF202	1100	6	tf_targeting
Gersbach Hep	ZNF205	1086	6	tf_targeting
Gersbach Hep	ZNF207	607	12	tf_targeting
Gersbach Hep	ZNF211	470	6	tf_targeting
Gersbach Hep	ZNF212	1312	6	tf_targeting
Gersbach Hep	ZNF213	1157	6	tf_targeting
Gersbach Hep	ZNF214	849	6	tf_targeting
Gersbach Hep	ZNF215	784	6	tf_targeting
Gersbach Hep	ZNF217	1697	12	tf_targeting
Gersbach Hep	ZNF219	1299	5	tf_targeting
Gersbach Hep	ZNF22	1208	6	tf_targeting
Gersbach Hep	ZNF221	879	6	tf_targeting
Gersbach Hep	ZNF222	608	6	tf_targeting
Gersbach Hep	ZNF223	507	6	tf_targeting
Gersbach Hep	ZNF224	990	6	tf_targeting
Gersbach Hep	ZNF225	842	6	tf_targeting
Gersbach Hep	ZNF226	3561	12	tf_targeting
Gersbach Hep	ZNF227	757	6	tf_targeting
Gersbach Hep	ZNF229	701	6	tf_targeting
Gersbach Hep	ZNF23	1690	12	tf_targeting
Gersbach Hep	ZNF230	839	6	tf_targeting
Gersbach Hep	ZNF232	1271	12	tf_targeting
Gersbach Hep	ZNF233	953	6	tf_targeting
Gersbach Hep	ZNF235	359	6	tf_targeting
Gersbach Hep	ZNF236	1622	6	tf_targeting
Gersbach Hep	ZNF239	1326	6	tf_targeting
Gersbach Hep	ZNF24	929	6	tf_targeting
Gersbach Hep	ZNF248	891	6	tf_targeting
Gersbach Hep	ZNF25	754	6	tf_targeting
Gersbach Hep	ZNF250	758	6	tf_targeting
Gersbach Hep	ZNF251	1010	6	tf_targeting
Gersbach Hep	ZNF253	918	6	tf_targeting
Gersbach Hep	ZNF254	278	6	tf_targeting
Gersbach Hep	ZNF256	954	6	tf_targeting
Gersbach Hep	ZNF257	357	6	tf_targeting
Gersbach Hep	ZNF26	452	6	tf_targeting
Gersbach Hep	ZNF260	432	6	tf_targeting
Gersbach Hep	ZNF263	1482	12	tf_targeting
Gersbach Hep	ZNF264	1009	6	tf_targeting
Gersbach Hep	ZNF266	506	6	tf_targeting
Gersbach Hep	ZNF267	1122	12	tf_targeting
Gersbach Hep	ZNF268	823	6	tf_targeting
Gersbach Hep	ZNF273	924	12	tf_targeting
Gersbach Hep	ZNF274	569	6	tf_targeting
Gersbach Hep	ZNF275	1050	6	tf_targeting
Gersbach Hep	ZNF276	1180	6	tf_targeting
Gersbach Hep	ZNF277	699	6	tf_targeting
Gersbach Hep	ZNF28	376	6	tf_targeting
Gersbach Hep	ZNF280B	1963	6	tf_targeting
Gersbach Hep	ZNF280C	1094	6	tf_targeting
Gersbach Hep	ZNF280D	1732	6	tf_targeting
Gersbach Hep	ZNF281	1124	6	tf_targeting
Gersbach Hep	ZNF282	1660	6	tf_targeting
Gersbach Hep	ZNF283	851	6	tf_targeting
Gersbach Hep	ZNF284	793	6	tf_targeting
Gersbach Hep	ZNF285	380	6	tf_targeting
Gersbach Hep	ZNF286A	1255	6	tf_targeting
Gersbach Hep	ZNF286B	665	6	tf_targeting
Gersbach Hep	ZNF287	835	6	tf_targeting
Gersbach Hep	ZNF292	563	6	tf_targeting
Gersbach Hep	ZNF296	875	6	tf_targeting
Gersbach Hep	ZNF3	526	6	tf_targeting
Gersbach Hep	ZNF30	891	6	tf_targeting
Gersbach Hep	ZNF300	680	6	tf_targeting
Gersbach Hep	ZNF302	655	6	tf_targeting
Gersbach Hep	ZNF304	548	6	tf_targeting
Gersbach Hep	ZNF311	711	6	tf_targeting
Gersbach Hep	ZNF317	450	6	tf_targeting
Gersbach Hep	ZNF318	2035	6	tf_targeting
Gersbach Hep	ZNF319	1127	12	tf_targeting
Gersbach Hep	ZNF32	1460	6	tf_targeting
Gersbach Hep	ZNF320	950	6	tf_targeting
Gersbach Hep	ZNF322	2353	6	tf_targeting
Gersbach Hep	ZNF324	676	6	tf_targeting
Gersbach Hep	ZNF324B	802	6	tf_targeting
Gersbach Hep	ZNF326	1458	6	tf_targeting
Gersbach Hep	ZNF329	1011	12	tf_targeting
Gersbach Hep	ZNF330	115	6	tf_targeting
Gersbach Hep	ZNF331	1463	12	tf_targeting
Gersbach Hep	ZNF333	1431	6	tf_targeting
Gersbach Hep	ZNF334	895	6	tf_targeting
Gersbach Hep	ZNF335	75	6	tf_targeting
Gersbach Hep	ZNF337	978	6	tf_targeting
Gersbach Hep	ZNF33A	542	6	tf_targeting
Gersbach Hep	ZNF33B	684	6	tf_targeting
Gersbach Hep	ZNF34	1096	6	tf_targeting
Gersbach Hep	ZNF341	1025	12	tf_targeting
Gersbach Hep	ZNF343	781	6	tf_targeting
Gersbach Hep	ZNF345	784	6	tf_targeting
Gersbach Hep	ZNF346	1538	6	tf_targeting
Gersbach Hep	ZNF347	910	6	tf_targeting
Gersbach Hep	ZNF35	1100	6	tf_targeting
Gersbach Hep	ZNF350	345	6	tf_targeting
Gersbach Hep	ZNF354A	2713	6	tf_targeting
Gersbach Hep	ZNF354B	1522	6	tf_targeting
Gersbach Hep	ZNF354C	1060	6	tf_targeting
Gersbach Hep	ZNF358	2163	12	tf_targeting
Gersbach Hep	ZNF362	716	6	tf_targeting
Gersbach Hep	ZNF365	655	6	tf_targeting
Gersbach Hep	ZNF366	673	6	tf_targeting
Gersbach Hep	ZNF367	508	6	tf_targeting
Gersbach Hep	ZNF37A	666	6	tf_targeting
Gersbach Hep	ZNF382	1114	6	tf_targeting
Gersbach Hep	ZNF383	852	6	tf_targeting
Gersbach Hep	ZNF384	326	6	tf_targeting
Gersbach Hep	ZNF385A	2730	12	tf_targeting
Gersbach Hep	ZNF385B	1152	6	tf_targeting
Gersbach Hep	ZNF385C	1076	6	tf_targeting
Gersbach Hep	ZNF385D	851	6	tf_targeting
Gersbach Hep	ZNF391	1136	6	tf_targeting
Gersbach Hep	ZNF394	491	6	tf_targeting
Gersbach Hep	ZNF395	975	6	tf_targeting
Gersbach Hep	ZNF396	687	6	tf_targeting
Gersbach Hep	ZNF397	308	6	tf_targeting
Gersbach Hep	ZNF398	1533	6	tf_targeting
Gersbach Hep	ZNF407	728	6	tf_targeting
Gersbach Hep	ZNF408	551	6	tf_targeting
Gersbach Hep	ZNF41	1573	6	tf_targeting
Gersbach Hep	ZNF410	553	6	tf_targeting
Gersbach Hep	ZNF414	624	6	tf_targeting
Gersbach Hep	ZNF415	548	6	tf_targeting
Gersbach Hep	ZNF416	844	6	tf_targeting
Gersbach Hep	ZNF417	1046	5	tf_targeting
Gersbach Hep	ZNF418	608	6	tf_targeting
Gersbach Hep	ZNF419	957	6	tf_targeting
Gersbach Hep	ZNF420	583	6	tf_targeting
Gersbach Hep	ZNF423	1443	12	tf_targeting
Gersbach Hep	ZNF425	724	6	tf_targeting
Gersbach Hep	ZNF426	757	6	tf_targeting
Gersbach Hep	ZNF428	1247	6	tf_targeting
Gersbach Hep	ZNF429	1039	6	tf_targeting
Gersbach Hep	ZNF43	1986	12	tf_targeting
Gersbach Hep	ZNF430	632	6	tf_targeting
Gersbach Hep	ZNF431	435	6	tf_targeting
Gersbach Hep	ZNF432	662	6	tf_targeting
Gersbach Hep	ZNF433	1199	6	tf_targeting
Gersbach Hep	ZNF436	768	12	tf_targeting
Gersbach Hep	ZNF438	2204	12	tf_targeting
Gersbach Hep	ZNF439	1745	6	tf_targeting
Gersbach Hep	ZNF44	1005	6	tf_targeting
Gersbach Hep	ZNF440	1020	6	tf_targeting
Gersbach Hep	ZNF441	672	6	tf_targeting
Gersbach Hep	ZNF442	796	6	tf_targeting
Gersbach Hep	ZNF443	643	6	tf_targeting
Gersbach Hep	ZNF444	309	6	tf_targeting
Gersbach Hep	ZNF445	2362	6	tf_targeting
Gersbach Hep	ZNF446	1351	6	tf_targeting
Gersbach Hep	ZNF449	1050	6	tf_targeting
Gersbach Hep	ZNF45	661	6	tf_targeting
Gersbach Hep	ZNF451	1747	6	tf_targeting
Gersbach Hep	ZNF454	829	6	tf_targeting
Gersbach Hep	ZNF460	1572	6	tf_targeting
Gersbach Hep	ZNF461	377	6	tf_targeting
Gersbach Hep	ZNF462	2091	6	tf_targeting
Gersbach Hep	ZNF467	773	6	tf_targeting
Gersbach Hep	ZNF468	325	6	tf_targeting
Gersbach Hep	ZNF469	998	6	tf_targeting
Gersbach Hep	ZNF470	579	6	tf_targeting
Gersbach Hep	ZNF471	750	6	tf_targeting
Gersbach Hep	ZNF473	1064	6	tf_targeting
Gersbach Hep	ZNF474	834	6	tf_targeting
Gersbach Hep	ZNF479	1110	6	tf_targeting
Gersbach Hep	ZNF48	866	6	tf_targeting
Gersbach Hep	ZNF480	637	6	tf_targeting
Gersbach Hep	ZNF483	1112	6	tf_targeting
Gersbach Hep	ZNF484	416	6	tf_targeting
Gersbach Hep	ZNF485	573	6	tf_targeting
Gersbach Hep	ZNF486	849	6	tf_targeting
Gersbach Hep	ZNF488	1924	12	tf_targeting
Gersbach Hep	ZNF490	634	6	tf_targeting
Gersbach Hep	ZNF491	1078	6	tf_targeting
Gersbach Hep	ZNF492	759	6	tf_targeting
Gersbach Hep	ZNF493	799	6	tf_targeting
Gersbach Hep	ZNF496	1778	6	tf_targeting
Gersbach Hep	ZNF497	505	6	tf_targeting
Gersbach Hep	ZNF500	884	6	tf_targeting
Gersbach Hep	ZNF501	913	6	tf_targeting
Gersbach Hep	ZNF502	967	6	tf_targeting
Gersbach Hep	ZNF503	1568	6	tf_targeting
Gersbach Hep	ZNF506	856	6	tf_targeting
Gersbach Hep	ZNF507	899	6	tf_targeting
Gersbach Hep	ZNF510	929	6	tf_targeting
Gersbach Hep	ZNF511	91	6	tf_targeting
Gersbach Hep	ZNF512	1027	6	tf_targeting
Gersbach Hep	ZNF512B	941	6	tf_targeting
Gersbach Hep	ZNF513	416	5	tf_targeting
Gersbach Hep	ZNF514	2020	12	tf_targeting
Gersbach Hep	ZNF516	1767	6	tf_targeting
Gersbach Hep	ZNF517	1321	6	tf_targeting
Gersbach Hep	ZNF518A	1969	6	tf_targeting
Gersbach Hep	ZNF518B	960	6	tf_targeting
Gersbach Hep	ZNF519	890	6	tf_targeting
Gersbach Hep	ZNF521	571	6	tf_targeting
Gersbach Hep	ZNF524	1057	6	tf_targeting
Gersbach Hep	ZNF526	965	6	tf_targeting
Gersbach Hep	ZNF527	1201	6	tf_targeting
Gersbach Hep	ZNF528	337	6	tf_targeting
Gersbach Hep	ZNF529	1019	6	tf_targeting
Gersbach Hep	ZNF530	876	6	tf_targeting
Gersbach Hep	ZNF532	4779	12	tf_targeting
Gersbach Hep	ZNF534	622	6	tf_targeting
Gersbach Hep	ZNF536	843	6	tf_targeting
Gersbach Hep	ZNF540	1908	12	tf_targeting
Gersbach Hep	ZNF541	737	6	tf_targeting
Gersbach Hep	ZNF543	1393	6	tf_targeting
Gersbach Hep	ZNF544	811	6	tf_targeting
Gersbach Hep	ZNF546	530	6	tf_targeting
Gersbach Hep	ZNF547	716	6	tf_targeting
Gersbach Hep	ZNF548	593	6	tf_targeting
Gersbach Hep	ZNF549	989	6	tf_targeting
Gersbach Hep	ZNF550	972	6	tf_targeting
Gersbach Hep	ZNF551	837	6	tf_targeting
Gersbach Hep	ZNF552	766	6	tf_targeting
Gersbach Hep	ZNF554	917	6	tf_targeting
Gersbach Hep	ZNF555	849	6	tf_targeting
Gersbach Hep	ZNF556	733	6	tf_targeting
Gersbach Hep	ZNF557	857	6	tf_targeting
Gersbach Hep	ZNF558	1254	6	tf_targeting
Gersbach Hep	ZNF559	686	4	tf_targeting
Gersbach Hep	ZNF559-ZNF177	587	3	tf_targeting
Gersbach Hep	ZNF560	617	6	tf_targeting
Gersbach Hep	ZNF561	418	6	tf_targeting
Gersbach Hep	ZNF562	696	6	tf_targeting
Gersbach Hep	ZNF563	1463	6	tf_targeting
Gersbach Hep	ZNF564	2139	5	tf_targeting
Gersbach Hep	ZNF565	1089	6	tf_targeting
Gersbach Hep	ZNF566	1079	6	tf_targeting
Gersbach Hep	ZNF567	543	6	tf_targeting
Gersbach Hep	ZNF568	748	6	tf_targeting
Gersbach Hep	ZNF569	523	6	tf_targeting
Gersbach Hep	ZNF57	1364	6	tf_targeting
Gersbach Hep	ZNF570	1083	12	tf_targeting
Gersbach Hep	ZNF571	1374	6	tf_targeting
Gersbach Hep	ZNF572	815	6	tf_targeting
Gersbach Hep	ZNF573	499	6	tf_targeting
Gersbach Hep	ZNF574	563	12	tf_targeting
Gersbach Hep	ZNF575	1493	6	tf_targeting
Gersbach Hep	ZNF576	618	6	tf_targeting
Gersbach Hep	ZNF577	639	6	tf_targeting
Gersbach Hep	ZNF578	1006	6	tf_targeting
Gersbach Hep	ZNF579	904	6	tf_targeting
Gersbach Hep	ZNF580	1747	12	tf_targeting
Gersbach Hep	ZNF581	1064	6	tf_targeting
Gersbach Hep	ZNF582	1836	6	tf_targeting
Gersbach Hep	ZNF583	1440	6	tf_targeting
Gersbach Hep	ZNF584	1221	6	tf_targeting
Gersbach Hep	ZNF585A	285	6	tf_targeting
Gersbach Hep	ZNF585B	467	6	tf_targeting
Gersbach Hep	ZNF586	564	6	tf_targeting
Gersbach Hep	ZNF587	724	6	tf_targeting
Gersbach Hep	ZNF587B	988	6	tf_targeting
Gersbach Hep	ZNF589	941	6	tf_targeting
Gersbach Hep	ZNF592	999	6	tf_targeting
Gersbach Hep	ZNF593	439	6	tf_targeting
Gersbach Hep	ZNF594	721	6	tf_targeting
Gersbach Hep	ZNF596	526	6	tf_targeting
Gersbach Hep	ZNF597	160	6	tf_targeting
Gersbach Hep	ZNF598	962	6	tf_targeting
Gersbach Hep	ZNF599	531	6	tf_targeting
Gersbach Hep	ZNF600	783	6	tf_targeting
Gersbach Hep	ZNF605	713	6	tf_targeting
Gersbach Hep	ZNF606	1115	6	tf_targeting
Gersbach Hep	ZNF607	1070	6	tf_targeting
Gersbach Hep	ZNF608	1078	12	tf_targeting
Gersbach Hep	ZNF609	614	6	tf_targeting
Gersbach Hep	ZNF610	758	6	tf_targeting
Gersbach Hep	ZNF611	904	6	tf_targeting
Gersbach Hep	ZNF613	473	6	tf_targeting
Gersbach Hep	ZNF614	823	6	tf_targeting
Gersbach Hep	ZNF615	605	6	tf_targeting
Gersbach Hep	ZNF616	836	6	tf_targeting
Gersbach Hep	ZNF618	1016	6	tf_targeting
Gersbach Hep	ZNF619	862	6	tf_targeting
Gersbach Hep	ZNF620	1057	6	tf_targeting
Gersbach Hep	ZNF621	916	6	tf_targeting
Gersbach Hep	ZNF623	1300	6	tf_targeting
Gersbach Hep	ZNF624	1004	6	tf_targeting
Gersbach Hep	ZNF625	1032	5	tf_targeting
Gersbach Hep	ZNF626	512	6	tf_targeting
Gersbach Hep	ZNF627	886	6	tf_targeting
Gersbach Hep	ZNF628	668	6	tf_targeting
Gersbach Hep	ZNF629	663	6	tf_targeting
Gersbach Hep	ZNF630	1250	6	tf_targeting
Gersbach Hep	ZNF639	1488	6	tf_targeting
Gersbach Hep	ZNF641	770	6	tf_targeting
Gersbach Hep	ZNF644	1641	6	tf_targeting
Gersbach Hep	ZNF645	673	6	tf_targeting
Gersbach Hep	ZNF646	1264	6	tf_targeting
Gersbach Hep	ZNF648	760	6	tf_targeting
Gersbach Hep	ZNF649	1691	6	tf_targeting
Gersbach Hep	ZNF652	1147	6	tf_targeting
Gersbach Hep	ZNF653	623	6	tf_targeting
Gersbach Hep	ZNF654	666	6	tf_targeting
Gersbach Hep	ZNF655	1875	6	tf_targeting
Gersbach Hep	ZNF660	636	6	tf_targeting
Gersbach Hep	ZNF662	720	6	tf_targeting
Gersbach Hep	ZNF664	2336	6	tf_targeting
Gersbach Hep	ZNF665	474	6	tf_targeting
Gersbach Hep	ZNF667	713	6	tf_targeting
Gersbach Hep	ZNF668	1315	6	tf_targeting
Gersbach Hep	ZNF669	692	6	tf_targeting
Gersbach Hep	ZNF670	629	6	tf_targeting
Gersbach Hep	ZNF671	436	6	tf_targeting
Gersbach Hep	ZNF672	1114	6	tf_targeting
Gersbach Hep	ZNF674	537	6	tf_targeting
Gersbach Hep	ZNF675	460	6	tf_targeting
Gersbach Hep	ZNF676	706	6	tf_targeting
Gersbach Hep	ZNF677	1321	6	tf_targeting
Gersbach Hep	ZNF678	470	6	tf_targeting
Gersbach Hep	ZNF679	636	6	tf_targeting
Gersbach Hep	ZNF680	252	6	tf_targeting
Gersbach Hep	ZNF681	559	6	tf_targeting
Gersbach Hep	ZNF682	991	6	tf_targeting
Gersbach Hep	ZNF683	794	6	tf_targeting
Gersbach Hep	ZNF684	1926	6	tf_targeting
Gersbach Hep	ZNF687	600	6	tf_targeting
Gersbach Hep	ZNF688	931	6	tf_targeting
Gersbach Hep	ZNF689	1082	6	tf_targeting
Gersbach Hep	ZNF69	960	6	tf_targeting
Gersbach Hep	ZNF691	1946	6	tf_targeting
Gersbach Hep	ZNF692	433	6	tf_targeting
Gersbach Hep	ZNF695	937	6	tf_targeting
Gersbach Hep	ZNF696	1289	6	tf_targeting
Gersbach Hep	ZNF697	956	6	tf_targeting
Gersbach Hep	ZNF699	3185	12	tf_targeting
Gersbach Hep	ZNF7	1047	6	tf_targeting
Gersbach Hep	ZNF70	1642	6	tf_targeting
Gersbach Hep	ZNF700	91	1	tf_targeting
Gersbach Hep	ZNF701	1121	6	tf_targeting
Gersbach Hep	ZNF703	191	6	tf_targeting
Gersbach Hep	ZNF704	948	6	tf_targeting
Gersbach Hep	ZNF705A	573	6	tf_targeting
Gersbach Hep	ZNF706	1166	6	tf_targeting
Gersbach Hep	ZNF707	993	6	tf_targeting
Gersbach Hep	ZNF708	323	6	tf_targeting
Gersbach Hep	ZNF709	221	1	tf_targeting
Gersbach Hep	ZNF71	799	6	tf_targeting
Gersbach Hep	ZNF710	514	6	tf_targeting
Gersbach Hep	ZNF711	457	6	tf_targeting
Gersbach Hep	ZNF713	1013	6	tf_targeting
Gersbach Hep	ZNF714	341	6	tf_targeting
Gersbach Hep	ZNF716	423	6	tf_targeting
Gersbach Hep	ZNF717	1376	6	tf_targeting
Gersbach Hep	ZNF718	828	6	tf_targeting
Gersbach Hep	ZNF720	578	6	tf_targeting
Gersbach Hep	ZNF721	1829	12	tf_targeting
Gersbach Hep	ZNF726	525	6	tf_targeting
Gersbach Hep	ZNF727	515	6	tf_targeting
Gersbach Hep	ZNF729	690	6	tf_targeting
Gersbach Hep	ZNF730	863	6	tf_targeting
Gersbach Hep	ZNF732	535	6	tf_targeting
Gersbach Hep	ZNF735	521	6	tf_targeting
Gersbach Hep	ZNF736	1080	12	tf_targeting
Gersbach Hep	ZNF737	286	6	tf_targeting
Gersbach Hep	ZNF74	793	6	tf_targeting
Gersbach Hep	ZNF740	1271	6	tf_targeting
Gersbach Hep	ZNF746	1231	6	tf_targeting
Gersbach Hep	ZNF747	104	1	tf_targeting
Gersbach Hep	ZNF749	546	6	tf_targeting
Gersbach Hep	ZNF750	890	6	tf_targeting
Gersbach Hep	ZNF75A	1104	6	tf_targeting
Gersbach Hep	ZNF75D	292	6	tf_targeting
Gersbach Hep	ZNF76	879	6	tf_targeting
Gersbach Hep	ZNF761	1097	6	tf_targeting
Gersbach Hep	ZNF763	74	1	tf_targeting
Gersbach Hep	ZNF764	825	6	tf_targeting
Gersbach Hep	ZNF765	1515	12	tf_targeting
Gersbach Hep	ZNF766	502	6	tf_targeting
Gersbach Hep	ZNF768	889	7	tf_targeting
Gersbach Hep	ZNF77	1407	6	tf_targeting
Gersbach Hep	ZNF770	1525	6	tf_targeting
Gersbach Hep	ZNF771	688	6	tf_targeting
Gersbach Hep	ZNF772	687	6	tf_targeting
Gersbach Hep	ZNF773	783	6	tf_targeting
Gersbach Hep	ZNF774	830	6	tf_targeting
Gersbach Hep	ZNF775	946	6	tf_targeting
Gersbach Hep	ZNF776	1127	6	tf_targeting
Gersbach Hep	ZNF777	1223	6	tf_targeting
Gersbach Hep	ZNF778	1348	6	tf_targeting
Gersbach Hep	ZNF780A	454	6	tf_targeting
Gersbach Hep	ZNF780B	363	6	tf_targeting
Gersbach Hep	ZNF781	511	6	tf_targeting
Gersbach Hep	ZNF782	627	6	tf_targeting
Gersbach Hep	ZNF783	1889	6	tf_targeting
Gersbach Hep	ZNF784	558	6	tf_targeting
Gersbach Hep	ZNF785	436	6	tf_targeting
Gersbach Hep	ZNF786	430	6	tf_targeting
Gersbach Hep	ZNF787	1427	6	tf_targeting
Gersbach Hep	ZNF789	954	6	tf_targeting
Gersbach Hep	ZNF79	1040	6	tf_targeting
Gersbach Hep	ZNF790	1819	12	tf_targeting
Gersbach Hep	ZNF791	1295	6	tf_targeting
Gersbach Hep	ZNF792	1626	6	tf_targeting
Gersbach Hep	ZNF793	863	6	tf_targeting
Gersbach Hep	ZNF799	1306	6	tf_targeting
Gersbach Hep	ZNF8	767	6	tf_targeting
Gersbach Hep	ZNF80	808	6	tf_targeting
Gersbach Hep	ZNF800	950	6	tf_targeting
Gersbach Hep	ZNF804A	983	6	tf_targeting
Gersbach Hep	ZNF804B	998	6	tf_targeting
Gersbach Hep	ZNF805	786	6	tf_targeting
Gersbach Hep	ZNF808	956	6	tf_targeting
Gersbach Hep	ZNF81	533	6	tf_targeting
Gersbach Hep	ZNF813	1074	6	tf_targeting
Gersbach Hep	ZNF814	438	6	tf_targeting
Gersbach Hep	ZNF816	1688	12	tf_targeting
Gersbach Hep	ZNF821	881	6	tf_targeting
Gersbach Hep	ZNF823	710	6	tf_targeting
Gersbach Hep	ZNF827	1026	6	tf_targeting
Gersbach Hep	ZNF829	935	6	tf_targeting
Gersbach Hep	ZNF83	1887	18	tf_targeting
Gersbach Hep	ZNF830	16	6	tf_targeting
Gersbach Hep	ZNF831	1236	6	tf_targeting
Gersbach Hep	ZNF835	1679	6	tf_targeting
Gersbach Hep	ZNF836	559	6	tf_targeting
Gersbach Hep	ZNF837	1649	6	tf_targeting
Gersbach Hep	ZNF839	1139	6	tf_targeting
Gersbach Hep	ZNF84	2417	6	tf_targeting
Gersbach Hep	ZNF841	1032	6	tf_targeting
Gersbach Hep	ZNF843	1360	6	tf_targeting
Gersbach Hep	ZNF844	788	6	tf_targeting
Gersbach Hep	ZNF845	1018	6	tf_targeting
Gersbach Hep	ZNF846	1390	6	tf_targeting
Gersbach Hep	ZNF85	557	6	tf_targeting
Gersbach Hep	ZNF850	1132	6	tf_targeting
Gersbach Hep	ZNF852	1089	6	tf_targeting
Gersbach Hep	ZNF853	1805	12	tf_targeting
Gersbach Hep	ZNF860	794	6	tf_targeting
Gersbach Hep	ZNF862	609	6	tf_targeting
Gersbach Hep	ZNF865	561	6	tf_targeting
Gersbach Hep	ZNF878	971	6	tf_targeting
Gersbach Hep	ZNF879	770	6	tf_targeting
Gersbach Hep	ZNF880	862	6	tf_targeting
Gersbach Hep	ZNF883	818	6	tf_targeting
Gersbach Hep	ZNF888	1694	12	tf_targeting
Gersbach Hep	ZNF891	1206	6	tf_targeting
Gersbach Hep	ZNF90	441	6	tf_targeting
Gersbach Hep	ZNF91	1391	6	tf_targeting
Gersbach Hep	ZNF92	585	6	tf_targeting
Gersbach Hep	ZNF93	455	6	tf_targeting
Gersbach Hep	ZNF98	596	6	tf_targeting
Gersbach Hep	ZNF99	645	6	tf_targeting
Gersbach Hep	ZNFX1	970	6	tf_targeting
Gersbach Hep	ZSCAN1	1671	6	tf_targeting
Gersbach Hep	ZSCAN10	243	6	tf_targeting
Gersbach Hep	ZSCAN12	796	6	tf_targeting
Gersbach Hep	ZSCAN16	1146	6	tf_targeting
Gersbach Hep	ZSCAN18	2818	12	tf_targeting
Gersbach Hep	ZSCAN2	730	6	tf_targeting
Gersbach Hep	ZSCAN20	584	6	tf_targeting
Gersbach Hep	ZSCAN21	1426	6	tf_targeting
Gersbach Hep	ZSCAN22	798	6	tf_targeting
Gersbach Hep	ZSCAN23	687	6	tf_targeting
Gersbach Hep	ZSCAN25	839	6	tf_targeting
Gersbach Hep	ZSCAN26	861	6	tf_targeting
Gersbach Hep	ZSCAN29	710	6	tf_targeting
Gersbach Hep	ZSCAN30	746	6	tf_targeting
Gersbach Hep	ZSCAN31	1746	12	tf_targeting
Gersbach Hep	ZSCAN32	637	6	tf_targeting
Gersbach Hep	ZSCAN5A	2100	12	tf_targeting
Gersbach Hep	ZSCAN5B	1209	12	tf_targeting
Gersbach Hep	ZSCAN9	807	6	tf_targeting
Gersbach Hep	ZUFSP	295	6	tf_targeting
Gersbach Hep	ZXDA	1023	6	tf_targeting
Gersbach Hep	ZXDB	1688	6	tf_targeting
Gersbach Hep	ZXDC	1081	6	tf_targeting
Gersbach Hep	ZZZ3	229	6	tf_targeting
Gersbach Hep		61996	600	non_targeting
