,ENSG00000004848|chrX:25015643-25015955,ENSG00000005073|chr7:27184970-27185227,ENSG00000006377|chr7:97005732-97006346,ENSG00000006468|chr7:13988864-13989683,ENSG00000007545|chr16:1614195-1614395,ENSG00000011332|chr19:38229237-38229704,ENSG00000020426|chr14:60734731-60734847,ENSG00000023287|chr8:52714363-52714428,ENSG00000029153|chr12:27332901-27333138,ENSG00000056586|chr9:122905107-122905267,ENSG00000060566|chr19:4153665-4154011,ENSG00000064490|chr19:19192941-19193190,ENSG00000069011|chr5:135034178-135034269,ENSG00000071655|chr19:1592226-1592750,ENSG00000075426|chr2:28392854-28393581,ENSG00000078699|chr20:33490073-33490272,ENSG00000079102|chr8:92062352-92062590,ENSG00000084676|chr2:24491867-24491918,ENSG00000089225|chr12:114405669-114406173,ENSG00000099949|chr22:20982302-20982395,ENSG00000100625|chr14:60723908-60724347,ENSG00000100987|chr20:25077611-25078007,ENSG00000101096|chr20:51542468-51542723,ENSG00000103199|chr16:4767090-4767168,ENSG00000103479|chr16:53435641-53435883,ENSG00000104856|chr19:45001504-45001909,ENSG00000104884|chr19:45370298-45370570,ENSG00000105392|chr19:47821957-47822027,ENSG00000105610|chr19:12886990-12887223,ENSG00000105732|chr19:42076166-42076229,ENSG00000105866|chr7:21428042-21428256,ENSG00000105996|chr7:27102197-27102676,ENSG00000106479|chr7:149838423-149838637,ENSG00000106948|chr9:114398167-114398474,ENSG00000107164|chr9:130579043-130579844,ENSG00000108840|chr17:44123413-44123610,ENSG00000109685|chr4:1871399-1871869,ENSG00000110693|chr11:16475902-16476367,ENSG00000111653|chr12:6662864-6663154,ENSG00000112041|chr6:35512253-35512852,ENSG00000112561|chr6:41733540-41733839,ENSG00000112837|chr6:84763067-84763464,ENSG00000113387|chr5:32531822-32532272,ENSG00000113658|chr5:136132866-136133370,ENSG00000114315|chr3:194136116-194136223,ENSG00000115053|chr2:231464232-231464485,ENSG00000115750|chr2:9843488-9843558,ENSG00000116731|chr1:13704871-13705208,ENSG00000117133|chr1:84479276-84479689,ENSG00000120705|chr5:138542792-138543177,ENSG00000121653|chr11:45885650-45885824,ENSG00000122180|chr1:203085771-203085972,ENSG00000123609|chr2:151289396-151289682,ENSG00000123685|chr1:212699536-212699950,ENSG00000124151|chr20:47501905-47502113,ENSG00000124813|chr6:45422307-45422407,ENSG00000125520|chr20:63739767-63740380,ENSG00000125845|chr20:6767708-6767829,ENSG00000125945|chr1:23369540-23369830,ENSG00000126368|chr17:40100455-40100632,ENSG00000128709|chr2:176122703-176123019,ENSG00000129084|chr11:14519918-14520317,ENSG00000129535|chr14:24114692-24114972,ENSG00000130254|chr19:5622527-5622775,ENSG00000130589|chr20:63573740-63574263,ENSG00000132170|chr3:12287955-12288395,ENSG00000132604|chr16:69385778-69385971,ENSG00000132846|chr5:77086957-77087195,ENSG00000133937|chr14:94769612-94770077,ENSG00000134046|chr18:54224191-54224625,ENSG00000134058|chr5:69234849-69235121,ENSG00000134874|chr13:95643045-95644713,ENSG00000135341|chr6:90586992-90587077,ENSG00000135373|chr11:34621107-34621507,ENSG00000135801|chr1:229625966-229626136,ENSG00000136492|chr17:61863088-61863499,ENSG00000136931|chr9:124507318-124507454,ENSG00000137166|chr6:41546382-41546629,ENSG00000137203|chr6:10411951-10412352,ENSG00000137273|chr6:1389578-1389958,ENSG00000137693|chr11:102110462-102110923,ENSG00000137947|chr1:88891086-88891504,ENSG00000140009|chr14:64294125-64294314,ENSG00000140262|chr15:56918689-56918988,ENSG00000140262|chr15:57219458-57219674,ENSG00000141052|chr17:12665905-12666064,ENSG00000141380|chr18:26090413-26090627,ENSG00000141968|chr19:6772667-6772935,ENSG00000142025|chr19:41845109-41845457,ENSG00000142700|chr1:50423378-50423475,ENSG00000143157|chr1:166839472-166839735,ENSG00000143514|chr1:223845711-223845967,ENSG00000143578|chr1:153967871-153968164,ENSG00000143867|chr2:19358516-19358616,ENSG00000144655|chr3:39153191-39153573,ENSG00000144852|chr3:119782064-119782264,ENSG00000145734|chr5:71455663-71455894,ENSG00000146587|chr7:5072118-5072235,ENSG00000148704|chr10:117137808-117138392,ENSG00000148835|chr10:103367999-103368480,ENSG00000150051|chr10:27745573-27745800,ENSG00000151789|chr3:21751092-21751194,ENSG00000155090|chr8:102653367-102653853,ENSG00000155592|chr16:25257523-25257835,ENSG00000156273|chr21:29298933-29299392,ENSG00000156469|chr8:96261507-96261624,ENSG00000157933|chr1:2228531-2228929,ENSG00000161277|chr19:36054165-36054394,ENSG00000162624|chr1:75136379-75136606,ENSG00000163795|chr2:27380581-27380757,ENSG00000164296|chr5:150000467-150000604,ENSG00000164900|chr7:151174474-151174742,ENSG00000164924|chr8:100951536-100951962,ENSG00000165417|chr14:81220447-81220931,ENSG00000165891|chr12:77065471-77065577,ENSG00000166188|chr16:57998407-57998471,ENSG00000166349|chr11:36567997-36568417,ENSG00000167491|chr19:19405761-19406238,ENSG00000168724|chr5:34929559-34930047,ENSG00000168779|chr3:158105681-158105761,ENSG00000169297|chrX:30308627-30309361,ENSG00000169375|chr15:75455340-75455817,ENSG00000169946|chr8:105318480-105318968,ENSG00000169957|chr16:30526290-30526578,ENSG00000170631|chr8:144950554-144950820,ENSG00000171476|chr4:56655786-56656017,ENSG00000171540|chr5:77638317-77638693,ENSG00000171574|chr19:58408681-58408946,ENSG00000171940|chr20:53593340-53593620,ENSG00000173801|chr17:41785955-41786707,ENSG00000174446|chr15:66497410-66497777,ENSG00000175329|chr22:35066158-35066389,ENSG00000177374|chr17:2055106-2055552,ENSG00000177494|chr3:111594890-111595314,ENSG00000177683|chr7:108569393-108569717,ENSG00000178177|chr4:18021653-18021923,ENSG00000178229|chr19:57320483-57320614,ENSG00000178573|chr16:79600543-79600743,ENSG00000178662|chr2:165572313-165572445,ENSG00000178691|chr17:31937137-31937387,ENSG00000178919|chr9:97853228-97853325,ENSG00000178951|chr19:4066583-4066883,ENSG00000179588|chr16:88453285-88453532,ENSG00000181722|chr3:114624540-114624995,ENSG00000182968|chr13:112067181-112067806,ENSG00000183495|chr12:131949997-131950319,ENSG00000183621|chr10:31031657-31031890,ENSG00000183814|chr1:226308769-226309385,ENSG00000184271|chr12:51217777-51218095,ENSG00000185610|chr12:45050884-45051090,ENSG00000185947|chr16:31884557-31884981,ENSG00000186230|chr19:57435341-57435564,ENSG00000186790|chr1:47416298-47416368,ENSG00000186918|chr8:28385780-28386215,ENSG00000188227|chr19:37506929-37507216,ENSG00000188342|chr13:45120463-45120684,ENSG00000189308|chr4:83012667-83012882,ENSG00000196214|chr19:52269583-52269837,ENSG00000196247|chr7:64666340-64666635,ENSG00000196458|chr12:132956111-132956348,ENSG00000196466|chr19:12400949-12401251,ENSG00000196482|chr1:217076892-217076980,ENSG00000196498|chr12:124495075-124495347,ENSG00000196652|chr7:99504930-99505393,ENSG00000197114|chr20:63707525-63708095,ENSG00000197128|chr19:57477306-57477564,ENSG00000197757|chr12:54016889-54017041,ENSG00000198034|chrX:72276872-72277245,ENSG00000198040|chr12:133037459-133037943,ENSG00000198081|chr18:5295464-5296003,ENSG00000198728|chr10:102120103-102120377,ENSG00000204514|chr19:57888774-57888976,ENSG00000204595|chr19:53632066-53632262,ENSG00000205189|chr8:80486173-80486292,ENSG00000205927|chr21:33025910-33026198,ENSG00000212993|chr8:127415817-127416221,ENSG00000213015|chr19:55635027-55635217,ENSG00000213921|chr19:39776606-39777006,ENSG00000213967|chr19:23914882-23915302,ENSG00000214717|chrX:2500511-2500901,ENSG00000215397|chr20:676442-676643,ENSG00000242441|chr2:48617809-48617927,ENSG00000250709|chr13:36297716-36297851,ENSG00000253293|chr7:27174026-27174311,ENSG00000254004|chr19:36528039-36528685,ENSG00000256294|chr19:44113382-44113619,ENSG00000257923|chr7:101815965-101816347,ENSG00000260428|chr8:144266603-144266696,ENSG00000263001|chr7:74657753-74657931,ENSG00000273706|chr17:36936747-36937765,ENSG00000275111|chr2:95165802-95166073,ENSG00000277462|chr1:247078347-247078806,ENSG00000290988|chr19:37692075-37692259
ENSG00000004848|chrX:25015643-25015955,0.0,0.4215087890625,0.7022705078125,0.5181884765625,0.415771484375,0.58642578125,15.1446533203125,0.3594970703125,0.4124755859375,0.6109619140625,0.4754638671875,1.041015625,0.696044921875,0.7943115234375,0.6954345703125,0.5032958984375,0.588623046875,0.6702880859375,0.856201171875,0.970703125,0.5576171875,0.548583984375,0.5318603515625,0.305419921875,0.5809326171875,0.5181884765625,0.6136474609375,0.8170166015625,0.51806640625,6.6749267578125,0.8994140625,0.45458984375,0.4454345703125,0.595458984375,0.7198486328125,0.281982421875,0.559814453125,0.4222412109375,0.9234619140625,0.490966796875,0.571533203125,1.063232421875,1.835693359375,0.3062744140625,0.8394775390625,0.298828125,0.394287109375,0.572509765625,1.8302001953125,1.1014404296875,1.1512451171875,0.7838134765625,0.3626708984375,1.1546630859375,0.6207275390625,0.8592529296875,0.6365966796875,0.8880615234375,0.861572265625,0.5975341796875,0.831298828125,0.6336669921875,0.635986328125,1.0604248046875,1.55712890625,0.8485107421875,1.1661376953125,1.39990234375,0.389892578125,0.3402099609375,0.92529296875,0.63330078125,0.6546630859375,0.654052734375,0.546142578125,10.3292236328125,2.1171875,0.556640625,0.396484375,0.9573974609375,0.449462890625,13.991455078125,0.732421875,0.427001953125,1.38916015625,1.162109375,0.4864501953125,0.7852783203125,1.1873779296875,1.3074951171875,0.407958984375,0.548583984375,0.64013671875,0.425537109375,0.5958251953125,0.5479736328125,3.2738037109375,1.6375732421875,0.6083984375,0.56884765625,0.204345703125,0.7301025390625,0.8934326171875,0.65380859375,0.417724609375,2.2113037109375,0.37255859375,0.3895263671875,1.1805419921875,0.5765380859375,0.4462890625,0.3062744140625,0.7982177734375,1.008056640625,0.4085693359375,0.3853759765625,0.6658935546875,0.92578125,0.8006591796875,0.90087890625,0.446044921875,0.5179443359375,1.1669921875,0.3641357421875,0.6539306640625,0.616455078125,0.2384033203125,0.3170166015625,0.61669921875,0.5430908203125,0.4786376953125,0.5174560546875,0.74072265625,0.889892578125,0.318603515625,0.3397216796875,0.556396484375,0.630615234375,0.8372802734375,1.001220703125,1.7119140625,0.6099853515625,0.55126953125,0.4327392578125,1.7655029296875,1.261962890625,0.718994140625,0.49169921875,0.447021484375,0.7200927734375,0.2850341796875,0.5750732421875,0.2850341796875,0.6220703125,0.3004150390625,7.5731201171875,0.8177490234375,0.4222412109375,0.4461669921875,0.58740234375,0.4822998046875,1.061767578125,0.79248046875,0.4385986328125,0.3160400390625,0.75537109375,0.640869140625,0.601806640625,0.415771484375,0.99267578125,0.281005859375,0.857421875,1.1099853515625,0.6536865234375,0.5665283203125,0.809326171875,0.2630615234375,0.531005859375,0.412109375,0.98974609375,0.5623779296875,0.2528076171875,0.5054931640625,0.2750244140625,0.5772705078125,0.8218994140625,0.3900146484375,0.83642578125,0.823974609375,0.6904296875,0.50146484375,0.4617919921875,0.797119140625
ENSG00000005073|chr7:27184970-27185227,0.4215087890625,0.0,0.320556640625,0.308349609375,0.7301025390625,0.2747802734375,13.9404296875,0.5205078125,0.18115234375,0.509521484375,0.747802734375,0.6763916015625,0.3878173828125,0.350830078125,0.367431640625,0.3017578125,0.2567138671875,0.256591796875,0.4998779296875,0.4676513671875,0.3157958984375,0.3245849609375,0.633056640625,0.3880615234375,0.219482421875,0.402587890625,0.25634765625,0.263916015625,0.2584228515625,6.972900390625,0.4954833984375,0.6534423828125,0.257568359375,0.4571533203125,0.626708984375,0.2847900390625,0.3050537109375,0.28466796875,0.4384765625,0.1925048828125,0.2686767578125,0.5938720703125,0.8245849609375,0.25244140625,1.296875,0.4517822265625,0.1522216796875,0.5296630859375,1.65478515625,0.55859375,0.662353515625,0.477294921875,0.2470703125,0.513427734375,0.275146484375,0.992919921875,0.722412109375,0.499755859375,0.4034423828125,0.191162109375,0.4371337890625,0.34228515625,0.2127685546875,0.86376953125,1.8594970703125,0.768310546875,0.566650390625,0.8175048828125,0.2720947265625,0.133544921875,0.6260986328125,0.2347412109375,0.2587890625,0.6668701171875,0.2613525390625,10.78662109375,1.5992431640625,0.3006591796875,0.6319580078125,0.36279296875,0.3428955078125,12.7137451171875,0.4468994140625,0.3399658203125,0.8189697265625,0.6400146484375,0.339599609375,0.934814453125,0.45947265625,1.220947265625,0.2178955078125,0.3948974609375,0.1815185546875,0.1849365234375,0.15966796875,0.67138671875,3.368896484375,0.8916015625,0.2205810546875,0.6402587890625,0.3853759765625,0.369384765625,1.262939453125,0.3853759765625,0.2879638671875,2.48388671875,0.4141845703125,0.3857421875,0.798095703125,0.4287109375,0.4993896484375,0.3056640625,0.46240234375,0.4141845703125,0.218994140625,0.227783203125,0.537353515625,0.7523193359375,0.97509765625,0.4417724609375,0.1712646484375,0.17578125,0.3917236328125,0.174072265625,0.34619140625,0.4559326171875,0.22216796875,0.161865234375,0.6827392578125,0.155517578125,0.458740234375,0.415283203125,0.4229736328125,0.9356689453125,0.2000732421875,0.490478515625,0.3026123046875,0.3177490234375,0.85205078125,0.6844482421875,0.7967529296875,0.464111328125,0.1719970703125,0.406982421875,1.1181640625,1.1004638671875,0.6251220703125,0.1810302734375,0.2415771484375,0.987060546875,0.39208984375,0.38623046875,0.1884765625,0.3245849609375,0.2998046875,7.1787109375,0.56787109375,0.23291015625,0.36279296875,0.9310302734375,0.180419921875,0.7188720703125,0.3560791015625,0.1875,0.21142578125,0.3746337890625,0.5389404296875,0.8741455078125,0.1368408203125,0.9234619140625,0.4342041015625,0.4788818359375,0.474609375,0.66748046875,0.234130859375,0.8741455078125,0.24462890625,0.3521728515625,0.5125732421875,0.7581787109375,0.18212890625,0.3046875,0.30859375,0.24853515625,0.175048828125,0.755126953125,0.331298828125,0.6966552734375,0.2847900390625,0.5076904296875,0.4031982421875,0.122314453125,0.3482666015625
ENSG00000006377|chr7:97005732-97006346,0.7022705078125,0.320556640625,0.0,0.35498046875,1.0863037109375,0.3165283203125,13.67822265625,0.7421875,0.2177734375,0.40966796875,0.853515625,0.6199951171875,0.2476806640625,0.330810546875,0.13623046875,0.426025390625,0.2943115234375,0.31787109375,0.3070068359375,0.2384033203125,0.4852294921875,0.4342041015625,0.758544921875,0.5548095703125,0.26513671875,0.445556640625,0.190185546875,0.30615234375,0.3909912109375,7.111572265625,0.3148193359375,0.7396240234375,0.26025390625,0.4405517578125,0.84326171875,0.4710693359375,0.5902099609375,0.4296875,0.3603515625,0.1680908203125,0.4476318359375,0.5531005859375,0.6268310546875,0.55615234375,1.990478515625,0.5736083984375,0.2310791015625,0.5799560546875,1.447998046875,0.39111328125,0.38427734375,0.16748046875,0.32958984375,0.21337890625,0.265625,1.1865234375,0.697265625,0.27197265625,0.2337646484375,0.1630859375,0.4581298828125,0.39990234375,0.1610107421875,0.45263671875,1.8001708984375,1.298583984375,0.217529296875,0.3792724609375,0.3995361328125,0.18408203125,0.7213134765625,0.2132568359375,0.275146484375,0.7708740234375,0.2293701171875,10.119873046875,1.0599365234375,0.2574462890625,0.7322998046875,0.346923828125,0.5457763671875,12.1951904296875,0.2518310546875,0.4954833984375,0.5621337890625,0.4979248046875,0.32080078125,0.911865234375,0.46630859375,0.841796875,0.2396240234375,0.2205810546875,0.1580810546875,0.1798095703125,0.150390625,0.83837890625,2.467041015625,0.38330078125,0.3739013671875,0.5736083984375,0.7320556640625,0.357666015625,1.097900390625,0.2247314453125,0.3775634765625,1.891357421875,0.7205810546875,0.718994140625,0.465576171875,0.370361328125,0.5706787109375,0.4609375,0.62841796875,0.2259521484375,0.352294921875,0.211181640625,0.930419921875,1.0311279296875,0.744384765625,0.4366455078125,0.3973388671875,0.190185546875,0.2794189453125,0.31298828125,0.46337890625,0.3206787109375,0.368896484375,0.218994140625,0.6383056640625,0.288818359375,0.279541015625,0.27294921875,0.4366455078125,0.6798095703125,0.4102783203125,0.59912109375,0.1859130859375,0.5120849609375,0.728271484375,0.4776611328125,0.7408447265625,0.656005859375,0.2574462890625,0.4833984375,0.5703125,1.2530517578125,0.6619873046875,0.3204345703125,0.4498291015625,1.066162109375,0.60986328125,0.433349609375,0.294189453125,0.1397705078125,0.355224609375,7.03173828125,0.613037109375,0.43798828125,0.35595703125,0.9583740234375,0.3525390625,0.4886474609375,0.3221435546875,0.31494140625,0.360107421875,0.3153076171875,0.4866943359375,0.8568115234375,0.3096923828125,0.7572021484375,0.5760498046875,0.5968017578125,0.336669921875,0.49658203125,0.17236328125,1.3455810546875,0.36767578125,0.4991455078125,1.0220947265625,1.0970458984375,0.3359375,0.495849609375,0.627197265625,0.447265625,0.1455078125,0.512939453125,0.390869140625,0.9500732421875,0.1622314453125,0.6556396484375,0.2484130859375,0.16357421875,0.1588134765625
ENSG00000006468|chr7:13988864-13989683,0.5181884765625,0.308349609375,0.35498046875,0.0,0.8192138671875,0.2269287109375,14.93798828125,0.436767578125,0.279052734375,0.218505859375,0.648193359375,0.2952880859375,0.3551025390625,0.2919921875,0.403564453125,0.374755859375,0.3265380859375,0.338623046875,0.5968017578125,0.2828369140625,0.2686767578125,0.5133056640625,0.5703125,0.5333251953125,0.3212890625,0.666015625,0.374267578125,0.4052734375,0.4075927734375,6.663818359375,0.2718505859375,0.8114013671875,0.29541015625,0.2274169921875,0.850830078125,0.2552490234375,0.3214111328125,0.297607421875,0.4736328125,0.2999267578125,0.4635009765625,0.5367431640625,1.1370849609375,0.518310546875,1.4951171875,0.5008544921875,0.2103271484375,0.5550537109375,1.15625,0.4384765625,0.384033203125,0.51513671875,0.259521484375,0.528076171875,0.60009765625,1.116943359375,0.671630859375,0.38623046875,0.4801025390625,0.336181640625,0.5328369140625,0.40380859375,0.2354736328125,0.5283203125,2.3184814453125,0.9443359375,0.401123046875,0.7408447265625,0.5482177734375,0.2470703125,0.3309326171875,0.4266357421875,0.239990234375,0.5946044921875,0.2249755859375,11.618408203125,1.0963134765625,0.1966552734375,0.4940185546875,0.4033203125,0.3245849609375,11.4366455078125,0.2276611328125,0.6427001953125,0.8995361328125,0.7220458984375,0.234130859375,0.522216796875,0.492919921875,0.80322265625,0.2689208984375,0.5235595703125,0.2374267578125,0.2279052734375,0.256591796875,0.560791015625,2.55322265625,0.983154296875,0.2628173828125,0.4327392578125,0.6929931640625,0.29833984375,1.1689453125,0.3758544921875,0.2022705078125,1.864501953125,0.6600341796875,0.960205078125,0.678466796875,0.50830078125,0.4974365234375,0.405029296875,0.844970703125,0.3382568359375,0.36669921875,0.45947265625,0.81884765625,0.5543212890625,0.668212890625,0.4610595703125,0.3797607421875,0.263671875,0.6268310546875,0.258544921875,0.172607421875,0.2777099609375,0.24951171875,0.22314453125,0.3319091796875,0.3544921875,0.3271484375,0.477783203125,0.3829345703125,0.8465576171875,0.3135986328125,0.394775390625,0.2833251953125,0.2286376953125,0.505859375,0.4420166015625,1.1619873046875,0.964111328125,0.4073486328125,0.22119140625,0.86083984375,0.8912353515625,0.3424072265625,0.4049072265625,0.4449462890625,0.847900390625,0.746826171875,0.156982421875,0.263916015625,0.3880615234375,0.44775390625,6.00439453125,0.35107421875,0.30322265625,0.164794921875,0.9461669921875,0.264404296875,0.7659912109375,0.2349853515625,0.43701171875,0.156494140625,0.1937255859375,0.3577880859375,0.6099853515625,0.3658447265625,1.1256103515625,0.2320556640625,0.4976806640625,0.331298828125,0.574951171875,0.470947265625,1.0447998046875,0.456298828125,0.3931884765625,0.6561279296875,1.2376708984375,0.32666015625,0.602783203125,0.459228515625,0.46044921875,0.346923828125,0.64892578125,0.322998046875,0.5303955078125,0.3714599609375,0.6282958984375,0.2562255859375,0.26318359375,0.2840576171875
ENSG00000007545|chr16:1614195-1614395,0.415771484375,0.7301025390625,1.0863037109375,0.8192138671875,0.0,0.8095703125,16.5274658203125,0.7640380859375,0.6859130859375,1.1614990234375,0.8333740234375,1.035888671875,0.958251953125,0.8941650390625,1.0396728515625,1.0662841796875,0.7802734375,0.9337158203125,1.420654296875,1.31103515625,0.51904296875,0.7841796875,0.8035888671875,0.4794921875,1.1932373046875,0.8258056640625,1.0421142578125,1.1822509765625,0.80859375,7.3948974609375,1.44482421875,0.53076171875,0.6549072265625,0.807861328125,0.6812744140625,0.6064453125,0.49609375,0.7032470703125,1.2481689453125,0.751220703125,0.904052734375,1.643310546875,2.45166015625,0.4815673828125,0.7967529296875,0.530029296875,0.613525390625,1.04931640625,2.2301025390625,1.5313720703125,1.6175537109375,1.2838134765625,0.6619873046875,1.5716552734375,1.1177978515625,1.2535400390625,0.7457275390625,1.4735107421875,1.3369140625,0.9796142578125,1.09521484375,0.8472900390625,0.927734375,1.4578857421875,2.18896484375,0.8572998046875,1.6485595703125,2.116943359375,0.643798828125,0.7291259765625,1.22412109375,0.8935546875,0.8853759765625,0.61181640625,1.044677734375,12.3094482421875,2.75732421875,0.909912109375,0.710693359375,1.4676513671875,0.713134765625,15.512451171875,1.228759765625,0.69384765625,2.0224609375,1.496337890625,0.7283935546875,1.1529541015625,1.4932861328125,1.6978759765625,0.65966796875,0.79443359375,0.9716796875,0.753662109375,0.8551025390625,0.4925537109375,4.0711669921875,2.1666259765625,0.95947265625,0.997802734375,0.4169921875,0.7908935546875,1.0574951171875,1.1142578125,0.742431640625,2.4466552734375,0.456298828125,0.7391357421875,1.8421630859375,0.8685302734375,0.685546875,0.3543701171875,0.8245849609375,1.4013671875,0.6729736328125,0.9117431640625,0.6956787109375,0.99560546875,1.0994873046875,1.38818359375,0.706787109375,0.7608642578125,1.598388671875,0.5384521484375,0.9547119140625,0.84619140625,0.4510498046875,0.5596923828125,1.101806640625,0.8597412109375,0.7012939453125,1.0699462890625,0.91455078125,1.218505859375,0.41552734375,0.5501708984375,0.927001953125,0.668701171875,1.1395263671875,1.251953125,2.048828125,1.1861572265625,0.94091796875,0.6749267578125,2.2347412109375,1.431640625,0.68896484375,0.84619140625,0.763916015625,0.6138916015625,0.5853271484375,0.7899169921875,0.4803466796875,1.06494140625,0.5921630859375,8.2625732421875,0.8221435546875,0.7486572265625,0.6793212890625,1.27587890625,0.7799072265625,1.56494140625,1.0927734375,0.6531982421875,0.5181884765625,1.1650390625,0.947265625,0.587158203125,0.76220703125,1.479736328125,0.457763671875,1.321533203125,1.4239501953125,1.0799560546875,0.9669189453125,0.5380859375,0.4378662109375,0.83251953125,0.2880859375,1.184326171875,0.6595458984375,0.4752197265625,0.5767822265625,0.4586181640625,0.9005126953125,1.2486572265625,0.7459716796875,1.0283203125,1.1630859375,1.003662109375,0.876953125,0.7130126953125,1.018310546875
ENSG00000011332|chr19:38229237-38229704,0.58642578125,0.2747802734375,0.3165283203125,0.2269287109375,0.8095703125,0.0,12.9989013671875,0.7208251953125,0.2786865234375,0.3424072265625,0.9407958984375,0.315185546875,0.20849609375,0.1842041015625,0.4757080078125,0.3890380859375,0.23291015625,0.1241455078125,0.48779296875,0.21826171875,0.203125,0.548828125,0.5208740234375,0.54541015625,0.4664306640625,0.5506591796875,0.3616943359375,0.2899169921875,0.290283203125,6.2557373046875,0.338134765625,0.9814453125,0.3568115234375,0.258544921875,0.6116943359375,0.265625,0.30078125,0.2552490234375,0.3052978515625,0.258056640625,0.410400390625,0.46875,0.967041015625,0.3651123046875,1.3836669921875,0.6904296875,0.247314453125,0.5947265625,1.2943115234375,0.4173583984375,0.3709716796875,0.4610595703125,0.2701416015625,0.4720458984375,0.6160888671875,1.2388916015625,0.9622802734375,0.3409423828125,0.41357421875,0.3228759765625,0.266357421875,0.3406982421875,0.244873046875,0.6531982421875,2.359130859375,0.8721923828125,0.3651123046875,0.660888671875,0.520751953125,0.2977294921875,0.34423828125,0.32421875,0.2401123046875,0.666259765625,0.320068359375,11.4293212890625,1.1123046875,0.2353515625,0.429931640625,0.2677001953125,0.26513671875,11.11767578125,0.388671875,0.672119140625,0.7080078125,0.425537109375,0.1976318359375,0.7838134765625,0.4102783203125,0.9442138671875,0.367919921875,0.42529296875,0.248779296875,0.213623046875,0.1502685546875,0.5948486328125,3.0789794921875,0.8265380859375,0.16455078125,0.6767578125,0.682373046875,0.2093505859375,1.1561279296875,0.533447265625,0.197509765625,2.1446533203125,0.711181640625,0.7327880859375,0.6910400390625,0.7349853515625,0.3818359375,0.3421630859375,0.8365478515625,0.267578125,0.2889404296875,0.4351806640625,0.4639892578125,0.492431640625,0.9224853515625,0.3037109375,0.361083984375,0.1602783203125,0.49072265625,0.2235107421875,0.1927490234375,0.47412109375,0.3348388671875,0.2786865234375,0.688720703125,0.2281494140625,0.3897705078125,0.5152587890625,0.4755859375,0.912109375,0.32177734375,0.4471435546875,0.4033203125,0.205078125,0.6903076171875,0.36083984375,0.919921875,0.8841552734375,0.3076171875,0.2821044921875,0.8316650390625,0.800048828125,0.409423828125,0.31201171875,0.372802734375,0.8714599609375,0.6993408203125,0.3009033203125,0.2220458984375,0.400634765625,0.4906005859375,5.9063720703125,0.3155517578125,0.2696533203125,0.2528076171875,1.009033203125,0.2296142578125,0.56640625,0.134765625,0.3980712890625,0.2093505859375,0.204833984375,0.23046875,0.84033203125,0.413818359375,0.87548828125,0.45947265625,0.369384765625,0.3187255859375,0.6807861328125,0.3511962890625,1.175537109375,0.3875732421875,0.253173828125,0.5986328125,1.229248046875,0.2547607421875,0.5826416015625,0.4139404296875,0.5350341796875,0.3255615234375,0.5694580078125,0.2672119140625,0.55517578125,0.2353515625,0.45361328125,0.394287109375,0.2381591796875,0.228759765625
ENSG00000020426|chr14:60734731-60734847,15.1446533203125,13.9404296875,13.67822265625,14.93798828125,16.5274658203125,12.9989013671875,0.0,14.98046875,13.80712890625,13.27783203125,17.235107421875,14.9542236328125,12.4053955078125,14.326904296875,15.264892578125,13.27392578125,13.4293212890625,12.16259765625,11.8875732421875,13.2315673828125,14.2679443359375,15.0272216796875,12.89697265625,15.1683349609375,14.083251953125,12.74169921875,14.84375,13.683349609375,12.2008056640625,10.250244140625,12.9224853515625,15.8514404296875,15.478759765625,13.9417724609375,14.1376953125,13.5106201171875,15.2762451171875,13.4208984375,13.1025390625,14.1322021484375,13.8956298828125,11.5550537109375,13.6419677734375,14.02490234375,15.137451171875,16.9302978515625,14.7337646484375,12.7745361328125,14.30029296875,12.51025390625,12.713134765625,13.580810546875,13.929931640625,13.565185546875,14.763916015625,14.447509765625,18.415283203125,12.186767578125,12.7320556640625,14.43603515625,11.2208251953125,13.14599609375,14.2828369140625,14.5,15.3780517578125,13.29150390625,12.73486328125,11.5321044921875,14.6285400390625,14.080322265625,12.7847900390625,14.2076416015625,14.299560546875,16.6663818359375,14.0396728515625,15.511962890625,13.0135498046875,13.5880126953125,13.0379638671875,11.661865234375,12.4561767578125,10.853271484375,13.6361083984375,15.4425048828125,11.0557861328125,13.3636474609375,13.3251953125,13.72900390625,12.54296875,14.4013671875,15.5030517578125,14.1768798828125,13.3414306640625,13.2386474609375,13.51806640625,15.07421875,17.66162109375,13.019287109375,13.0086669921875,13.7152099609375,14.9552001953125,14.210693359375,15.01806640625,15.3848876953125,13.4029541015625,19.040771484375,16.3023681640625,13.232177734375,12.6083984375,16.639892578125,12.1019287109375,14.871826171875,16.380615234375,12.6446533203125,13.325439453125,13.957275390625,12.177001953125,12.5086669921875,14.999755859375,11.2735595703125,14.1365966796875,13.269775390625,12.9993896484375,13.803955078125,13.408203125,16.0819091796875,14.894287109375,15.00830078125,15.4451904296875,12.839599609375,14.9638671875,13.700439453125,16.5980224609375,14.4205322265625,14.9237060546875,15.173583984375,15.3890380859375,13.9927978515625,14.362548828125,12.9935302734375,13.6456298828125,14.24267578125,12.9581298828125,14.11962890625,14.20654296875,12.4486083984375,15.9144287109375,12.8624267578125,12.5037841796875,17.095458984375,15.03857421875,14.146240234375,14.03173828125,14.0484619140625,14.455810546875,12.8369140625,13.658447265625,13.11474609375,14.948486328125,12.8272705078125,13.420166015625,11.0980224609375,12.7476806640625,15.146240234375,14.82568359375,13.1763916015625,13.2742919921875,15.7967529296875,14.0491943359375,11.9310302734375,16.1151123046875,11.4422607421875,13.8193359375,13.4423828125,13.624267578125,18.6436767578125,14.743408203125,11.6324462890625,15.8038330078125,16.4527587890625,13.18017578125,14.9951171875,13.7568359375,15.73828125,14.201904296875,11.937744140625,12.6953125,13.2149658203125,12.6978759765625,11.2667236328125,14.2122802734375,14.310546875,14.0008544921875
ENSG00000023287|chr8:52714363-52714428,0.3594970703125,0.5205078125,0.7421875,0.436767578125,0.7640380859375,0.7208251953125,14.98046875,0.0,0.502197265625,0.533203125,0.535400390625,1.0919189453125,0.6505126953125,0.9443359375,0.833984375,0.482177734375,0.7081298828125,0.74267578125,0.7457275390625,0.9256591796875,0.6749267578125,0.7176513671875,0.509765625,0.4703369140625,0.52197265625,0.70166015625,0.817138671875,1.002685546875,0.5465087890625,5.7890625,0.7156982421875,0.7156982421875,0.648681640625,0.6483154296875,1.051025390625,0.2672119140625,0.8206787109375,0.408935546875,0.94189453125,0.6522216796875,0.7506103515625,0.7674560546875,1.9385986328125,0.663330078125,1.201904296875,0.5189208984375,0.4691162109375,0.3438720703125,1.35400390625,0.82080078125,0.97607421875,0.824951171875,0.501953125,1.19091796875,0.810546875,0.78759765625,0.951904296875,0.77587890625,0.8043212890625,0.71435546875,0.8135986328125,0.677734375,0.7813720703125,0.855712890625,1.5799560546875,0.83544921875,1.02734375,1.1558837890625,0.5968017578125,0.383056640625,0.6895751953125,0.8214111328125,0.765625,0.9639892578125,0.4884033203125,9.586181640625,1.7052001953125,0.5118408203125,0.4810791015625,0.879638671875,0.4930419921875,12.6278076171875,0.5504150390625,0.7047119140625,1.1827392578125,1.3377685546875,0.593505859375,0.52294921875,1.14208984375,0.97216796875,0.5360107421875,0.7354736328125,0.5845947265625,0.3929443359375,0.724365234375,0.6396484375,2.68212890625,1.675048828125,0.6600341796875,0.4034423828125,0.4476318359375,0.930419921875,1.00634765625,0.6060791015625,0.4801025390625,2.129638671875,0.8045654296875,0.690185546875,0.9453125,0.643310546875,0.3946533203125,0.599609375,1.153564453125,0.8983154296875,0.452880859375,0.559326171875,0.88134765625,0.7862548828125,0.556640625,0.8052978515625,0.6151123046875,0.5966796875,1.2113037109375,0.388427734375,0.645751953125,0.6890869140625,0.359375,0.460205078125,0.4661865234375,0.61572265625,0.5712890625,0.4345703125,0.9864501953125,0.8353271484375,0.5665283203125,0.458740234375,0.6400146484375,0.6817626953125,0.56005859375,0.8123779296875,2.0321044921875,0.806884765625,0.5638427734375,0.465576171875,1.62890625,1.1866455078125,0.9486083984375,0.5196533203125,0.4764404296875,0.92822265625,0.555419921875,0.50244140625,0.401611328125,0.7064208984375,0.4013671875,6.39111328125,0.875,0.446044921875,0.534423828125,0.4356689453125,0.552978515625,0.8963623046875,0.7196044921875,0.69970703125,0.50927734375,0.6566162109375,0.7330322265625,0.5909423828125,0.4976806640625,0.9898681640625,0.3270263671875,0.7303466796875,1.107177734375,0.49169921875,0.702392578125,1.2855224609375,0.46142578125,0.4434814453125,0.7799072265625,1.4573974609375,0.646728515625,0.47802734375,0.609130859375,0.468505859375,0.73681640625,0.7509765625,0.343505859375,0.7320556640625,0.8717041015625,0.6646728515625,0.3819580078125,0.574462890625,0.8695068359375
ENSG00000029153|chr12:27332901-27333138,0.4124755859375,0.18115234375,0.2177734375,0.279052734375,0.6859130859375,0.2786865234375,13.80712890625,0.502197265625,0.0,0.396728515625,0.60546875,0.6260986328125,0.3070068359375,0.36328125,0.29345703125,0.3974609375,0.2838134765625,0.237060546875,0.4173583984375,0.3433837890625,0.3260498046875,0.2801513671875,0.590576171875,0.3548583984375,0.287353515625,0.395751953125,0.249755859375,0.376220703125,0.2806396484375,6.794677734375,0.4012451171875,0.6710205078125,0.224365234375,0.4322509765625,0.654541015625,0.3099365234375,0.4417724609375,0.289794921875,0.39208984375,0.2086181640625,0.3336181640625,0.5772705078125,0.9232177734375,0.369873046875,1.394287109375,0.4254150390625,0.1995849609375,0.4942626953125,1.32763671875,0.46240234375,0.543212890625,0.322509765625,0.249267578125,0.432373046875,0.33935546875,0.953857421875,0.669921875,0.374755859375,0.3363037109375,0.254638671875,0.4429931640625,0.3994140625,0.2352294921875,0.500244140625,1.6951904296875,0.89794921875,0.4482421875,0.6290283203125,0.3167724609375,0.154296875,0.5599365234375,0.2757568359375,0.2880859375,0.6397705078125,0.2161865234375,10.601806640625,1.1756591796875,0.2552490234375,0.5125732421875,0.410888671875,0.4061279296875,12.3846435546875,0.3526611328125,0.4205322265625,0.7178955078125,0.5777587890625,0.267578125,0.848388671875,0.533203125,0.912841796875,0.2188720703125,0.2637939453125,0.2032470703125,0.1873779296875,0.154296875,0.590576171875,2.933837890625,0.69287109375,0.3189697265625,0.4691162109375,0.4844970703125,0.364013671875,0.96923828125,0.2774658203125,0.2730712890625,2.06103515625,0.5025634765625,0.44921875,0.60888671875,0.4384765625,0.3719482421875,0.261474609375,0.562255859375,0.4022216796875,0.22119140625,0.24609375,0.621337890625,0.7838134765625,0.689697265625,0.4302978515625,0.3199462890625,0.141357421875,0.4613037109375,0.235107421875,0.37353515625,0.3780517578125,0.2197265625,0.16357421875,0.6153564453125,0.22412109375,0.365966796875,0.312744140625,0.4583740234375,0.7716064453125,0.2467041015625,0.441650390625,0.2825927734375,0.3988037109375,0.684814453125,0.5201416015625,0.9991455078125,0.5830078125,0.2349853515625,0.36767578125,0.85107421875,1.1075439453125,0.5841064453125,0.2550048828125,0.3206787109375,0.869873046875,0.435791015625,0.359619140625,0.1484375,0.2374267578125,0.298095703125,6.689697265625,0.495361328125,0.27392578125,0.316162109375,0.8001708984375,0.278076171875,0.5526123046875,0.3619384765625,0.23681640625,0.224609375,0.2977294921875,0.3797607421875,0.7271728515625,0.2418212890625,0.7471923828125,0.3585205078125,0.4810791015625,0.428955078125,0.604248046875,0.2470703125,1.1051025390625,0.227783203125,0.3114013671875,0.6119384765625,0.9434814453125,0.2431640625,0.338623046875,0.452392578125,0.2705078125,0.2333984375,0.51416015625,0.270263671875,0.7105712890625,0.2401123046875,0.5323486328125,0.2781982421875,0.1435546875,0.3179931640625
ENSG00000056586|chr9:122905107-122905267,0.6109619140625,0.509521484375,0.40966796875,0.218505859375,1.1614990234375,0.3424072265625,13.27783203125,0.533203125,0.396728515625,0.0,0.96044921875,0.6038818359375,0.3253173828125,0.5859375,0.623291015625,0.42724609375,0.4837646484375,0.394775390625,0.5028076171875,0.3040771484375,0.5355224609375,0.7755126953125,0.511962890625,0.6673583984375,0.458984375,0.740234375,0.504150390625,0.644287109375,0.4337158203125,5.85888671875,0.3062744140625,1.0196533203125,0.508056640625,0.3638916015625,1.022216796875,0.2869873046875,0.6837158203125,0.415283203125,0.533203125,0.5235595703125,0.7054443359375,0.5533447265625,1.2843017578125,0.700927734375,1.480224609375,0.8089599609375,0.4310302734375,0.5592041015625,0.99072265625,0.406005859375,0.3623046875,0.491455078125,0.44921875,0.572021484375,0.727294921875,1.03466796875,1.005126953125,0.324462890625,0.5162353515625,0.570556640625,0.5123291015625,0.45947265625,0.4195556640625,0.529052734375,2.1231689453125,1.154052734375,0.374267578125,0.6134033203125,0.7574462890625,0.36279296875,0.3646240234375,0.5850830078125,0.490966796875,0.9530029296875,0.2694091796875,10.3935546875,0.9083251953125,0.2684326171875,0.4173583984375,0.454345703125,0.4088134765625,10.3365478515625,0.2481689453125,0.8914794921875,0.7894287109375,0.7025146484375,0.379150390625,0.485595703125,0.6669921875,0.71484375,0.5128173828125,0.6199951171875,0.3651123046875,0.2752685546875,0.421875,0.717041015625,2.302734375,1.0234375,0.3634033203125,0.4937744140625,0.8216552734375,0.553466796875,1.082763671875,0.4898681640625,0.2589111328125,1.9306640625,0.9844970703125,0.99169921875,0.56396484375,0.704345703125,0.4473876953125,0.651123046875,1.167236328125,0.4176025390625,0.48291015625,0.500732421875,0.8759765625,0.5535888671875,0.62109375,0.4403076171875,0.6356201171875,0.3505859375,0.7701416015625,0.386962890625,0.292236328125,0.4920654296875,0.441162109375,0.447509765625,0.3760986328125,0.52685546875,0.482421875,0.469970703125,0.7164306640625,0.7532958984375,0.5650634765625,0.378662109375,0.5054931640625,0.4710693359375,0.527587890625,0.3739013671875,1.4400634765625,1.012451171875,0.5074462890625,0.326416015625,0.7783203125,0.8199462890625,0.6290283203125,0.5218505859375,0.5079345703125,0.98876953125,1.002197265625,0.3662109375,0.37890625,0.3763427734375,0.557373046875,5.38134765625,0.4814453125,0.41015625,0.323486328125,0.7081298828125,0.448486328125,0.5985107421875,0.3096923828125,0.692138671875,0.341552734375,0.2183837890625,0.3985595703125,0.7567138671875,0.5758056640625,0.8983154296875,0.4417724609375,0.4908447265625,0.462890625,0.582275390625,0.512451171875,1.6119384765625,0.645263671875,0.3455810546875,1.0191650390625,1.6048583984375,0.52685546875,0.781982421875,0.736083984375,0.73876953125,0.532958984375,0.455078125,0.27587890625,0.5352783203125,0.4766845703125,0.5643310546875,0.3304443359375,0.4482421875,0.4007568359375
ENSG00000060566|chr19:4153665-4154011,0.4754638671875,0.747802734375,0.853515625,0.648193359375,0.8333740234375,0.9407958984375,17.235107421875,0.535400390625,0.60546875,0.96044921875,0.0,1.2735595703125,0.9698486328125,1.02490234375,0.669921875,0.8837890625,0.9505615234375,1.036865234375,1.0809326171875,1.2486572265625,0.8480224609375,0.6898193359375,0.970703125,0.6307373046875,0.75,0.8759765625,0.82958984375,1.062744140625,1.0452880859375,7.781494140625,0.9722900390625,0.7713623046875,0.600830078125,0.7376708984375,1.212646484375,0.7017822265625,0.8306884765625,0.649169921875,1.245361328125,0.7122802734375,0.8616943359375,1.2252197265625,2.0836181640625,0.831298828125,1.71435546875,0.3275146484375,0.5948486328125,0.8565673828125,2.330322265625,1.3505859375,1.2880859375,0.829833984375,0.542236328125,1.193115234375,0.720703125,1.004150390625,0.569091796875,1.12890625,0.9439697265625,0.69873046875,1.1805419921875,0.933837890625,0.8497314453125,0.86474609375,1.7393798828125,1.39697265625,1.32275390625,1.4522705078125,0.6922607421875,0.611083984375,1.2152099609375,0.7757568359375,0.888427734375,0.6700439453125,0.7403564453125,11.2841796875,2.0845947265625,0.8123779296875,0.7864990234375,1.32470703125,0.8961181640625,15.0853271484375,0.8829345703125,0.7591552734375,1.5072021484375,1.5870361328125,0.73388671875,1.040771484375,1.46533203125,1.304931640625,0.5777587890625,0.6666259765625,0.9083251953125,0.7537841796875,0.7724609375,0.654052734375,2.81591796875,1.573974609375,1.0782470703125,0.7071533203125,0.6929931640625,0.898681640625,1.005126953125,0.7344970703125,0.8021240234375,1.816162109375,0.7242431640625,0.89794921875,1.2490234375,0.6728515625,0.8092041015625,0.521240234375,1.13916015625,1.1966552734375,0.867431640625,0.75732421875,1.37548828125,1.4415283203125,0.887939453125,1.3233642578125,0.8082275390625,0.804443359375,1.3543701171875,0.705078125,1.0146484375,0.6556396484375,0.459716796875,0.39501953125,0.7401123046875,0.8408203125,0.502685546875,0.6943359375,0.9307861328125,1.0452880859375,0.5032958984375,0.766845703125,0.5679931640625,0.9017333984375,0.7685546875,1.3255615234375,1.9908447265625,1.04833984375,0.9346923828125,0.704345703125,1.8310546875,1.5848388671875,0.9429931640625,0.8548583984375,0.7613525390625,1.0380859375,0.58935546875,0.692138671875,0.63720703125,0.9449462890625,0.563232421875,7.806396484375,1.067138671875,0.88916015625,0.548095703125,0.9659423828125,0.70263671875,1.3846435546875,1.1524658203125,0.67041015625,0.5966796875,1.0172119140625,0.8673095703125,0.7647705078125,0.6722412109375,1.1141357421875,0.4818115234375,1.3570556640625,1.189453125,0.782958984375,0.90576171875,0.9512939453125,0.492431640625,1.0238037109375,0.8380126953125,1.4678955078125,0.92822265625,0.5751953125,0.923095703125,0.5322265625,0.766845703125,1.01806640625,0.800537109375,1.1907958984375,1.0294189453125,1.1217041015625,0.5579833984375,0.703125,0.9952392578125
ENSG00000064490|chr19:19192941-19193190,1.041015625,0.6763916015625,0.6199951171875,0.2952880859375,1.035888671875,0.315185546875,14.9542236328125,1.0919189453125,0.6260986328125,0.6038818359375,1.2735595703125,0.0,0.601806640625,0.2181396484375,0.6512451171875,0.8551025390625,0.564208984375,0.4605712890625,1.108642578125,0.339111328125,0.27783203125,0.773681640625,1.0894775390625,1.02099609375,0.7987060546875,1.1629638671875,0.7117919921875,0.4381103515625,0.775634765625,7.4097900390625,0.488037109375,1.317626953125,0.5667724609375,0.354248046875,1.0496826171875,0.671875,0.3662109375,0.6275634765625,0.6964111328125,0.5029296875,0.663818359375,0.93798828125,1.25146484375,0.7711181640625,1.9515380859375,0.9609375,0.488037109375,1.12353515625,1.4141845703125,0.6988525390625,0.5223388671875,0.9346923828125,0.5496826171875,0.7088623046875,1.1146240234375,1.9906005859375,1.1478271484375,0.6514892578125,0.797607421875,0.5784912109375,0.712890625,0.7283935546875,0.388916015625,0.8450927734375,3.651611328125,1.1319580078125,0.5584716796875,1.078125,0.958251953125,0.6717529296875,0.476806640625,0.685791015625,0.2896728515625,0.692138671875,0.612060546875,13.9783935546875,1.270751953125,0.45458984375,0.895751953125,0.5423583984375,0.54638671875,11.21435546875,0.5888671875,1.10009765625,1.286865234375,0.82763671875,0.3677978515625,1.0301513671875,0.5098876953125,1.2613525390625,0.59130859375,0.8623046875,0.5283203125,0.61572265625,0.4224853515625,0.9290771484375,3.3934326171875,1.1478271484375,0.43017578125,0.945556640625,1.247314453125,0.2232666015625,1.7974853515625,0.857666015625,0.5009765625,2.2674560546875,0.94970703125,1.5787353515625,1.0723876953125,0.9886474609375,0.913330078125,0.6173095703125,1.0518798828125,0.4736328125,0.6781005859375,0.9583740234375,1.0108642578125,0.76123046875,1.2413330078125,0.675537109375,0.66015625,0.4903564453125,0.778076171875,0.5655517578125,0.2681884765625,0.53857421875,0.6761474609375,0.5230712890625,0.858642578125,0.5281982421875,0.5504150390625,1.1114501953125,0.443115234375,1.475830078125,0.612060546875,0.7606201171875,0.622802734375,0.28125,0.9891357421875,0.57275390625,1.1396484375,1.6942138671875,0.7587890625,0.4813232421875,1.0264892578125,1.212158203125,0.27880859375,0.7724609375,0.873779296875,1.1673583984375,1.2235107421875,0.3751220703125,0.5565185546875,0.73193359375,0.9808349609375,5.9937744140625,0.4437255859375,0.5968017578125,0.4310302734375,1.81494140625,0.4766845703125,1.158935546875,0.320556640625,0.8189697265625,0.3392333984375,0.384033203125,0.5146484375,1.06787109375,0.743408203125,1.7490234375,0.575927734375,0.69482421875,0.3350830078125,1.1346435546875,0.8619384765625,1.26611328125,0.8052978515625,0.703369140625,0.787841796875,1.5400390625,0.5037841796875,1.1568603515625,0.6575927734375,0.8714599609375,0.5797119140625,1.0264892578125,0.7308349609375,0.872314453125,0.53955078125,1.015869140625,0.6572265625,0.5296630859375,0.380859375
ENSG00000069011|chr5:135034178-135034269,0.696044921875,0.3878173828125,0.2476806640625,0.3551025390625,0.958251953125,0.20849609375,12.4053955078125,0.6505126953125,0.3070068359375,0.3253173828125,0.9698486328125,0.601806640625,0.0,0.3426513671875,0.5052490234375,0.4293212890625,0.28173828125,0.1929931640625,0.293701171875,0.267333984375,0.37841796875,0.754150390625,0.3819580078125,0.5263671875,0.4439697265625,0.5020751953125,0.4649658203125,0.4893798828125,0.2548828125,5.5628662109375,0.285888671875,0.9013671875,0.4288330078125,0.28515625,0.8131103515625,0.299560546875,0.545654296875,0.2845458984375,0.3131103515625,0.349853515625,0.602783203125,0.38525390625,1.130615234375,0.5660400390625,1.6177978515625,0.800048828125,0.3388671875,0.42919921875,1.2774658203125,0.3531494140625,0.3065185546875,0.3033447265625,0.3272705078125,0.3367919921875,0.5899658203125,0.9578857421875,0.9478759765625,0.2313232421875,0.26416015625,0.4056396484375,0.250244140625,0.2896728515625,0.372314453125,0.5262451171875,1.85546875,1.0946044921875,0.2813720703125,0.42431640625,0.599365234375,0.3138427734375,0.41162109375,0.320556640625,0.4459228515625,0.815673828125,0.30224609375,9.8243408203125,0.93310546875,0.239013671875,0.468994140625,0.3502197265625,0.36279296875,10.652587890625,0.298583984375,0.7509765625,0.440185546875,0.505859375,0.2742919921875,0.6014404296875,0.5462646484375,0.6690673828125,0.4921875,0.347412109375,0.25,0.16259765625,0.2459716796875,0.4947509765625,2.4114990234375,0.7227783203125,0.34130859375,0.448974609375,0.71875,0.3443603515625,0.7918701171875,0.515869140625,0.23388671875,1.8553466796875,0.92724609375,0.7430419921875,0.4688720703125,0.5953369140625,0.2939453125,0.4713134765625,1.0462646484375,0.26171875,0.3804931640625,0.4476318359375,0.5802001953125,0.514892578125,0.5347900390625,0.365966796875,0.48486328125,0.1724853515625,0.56005859375,0.2608642578125,0.3292236328125,0.444580078125,0.3409423828125,0.3629150390625,0.58935546875,0.3731689453125,0.3323974609375,0.3570556640625,0.716796875,0.568603515625,0.40966796875,0.4920654296875,0.38720703125,0.404296875,0.4591064453125,0.2998046875,1.170166015625,0.9110107421875,0.402099609375,0.2557373046875,0.7032470703125,0.679443359375,0.621337890625,0.348388671875,0.30224609375,0.9288330078125,0.8536376953125,0.3494873046875,0.2491455078125,0.366455078125,0.4854736328125,5.6690673828125,0.3712158203125,0.4281005859375,0.3052978515625,0.716552734375,0.3538818359375,0.38623046875,0.24462890625,0.4888916015625,0.3768310546875,0.2998046875,0.347412109375,0.640625,0.484375,0.5576171875,0.58642578125,0.47998046875,0.4512939453125,0.4278564453125,0.3218994140625,1.42578125,0.4576416015625,0.2294921875,0.916748046875,1.558837890625,0.2769775390625,0.6246337890625,0.5797119140625,0.6239013671875,0.3699951171875,0.3446044921875,0.2139892578125,0.580810546875,0.255859375,0.35986328125,0.3056640625,0.3262939453125,0.2919921875
ENSG00000071655|chr19:1592226-1592750,0.7943115234375,0.350830078125,0.330810546875,0.2919921875,0.8941650390625,0.1842041015625,14.326904296875,0.9443359375,0.36328125,0.5859375,1.02490234375,0.2181396484375,0.3426513671875,0.0,0.322021484375,0.628173828125,0.3187255859375,0.244873046875,0.7452392578125,0.2557373046875,0.2274169921875,0.5159912109375,0.887451171875,0.6663818359375,0.51611328125,0.76171875,0.3984375,0.221923828125,0.4791259765625,7.12255859375,0.4044189453125,0.9605712890625,0.32958984375,0.2960205078125,0.68212890625,0.5064697265625,0.2303466796875,0.439208984375,0.367431640625,0.2232666015625,0.4603271484375,0.7581787109375,0.8797607421875,0.5087890625,1.7353515625,0.6414794921875,0.3248291015625,0.8975830078125,1.667724609375,0.536865234375,0.473388671875,0.540283203125,0.328125,0.3896484375,0.609619140625,1.69775390625,0.81689453125,0.528076171875,0.4576416015625,0.270263671875,0.4666748046875,0.521728515625,0.2012939453125,0.746826171875,2.7955322265625,1.188720703125,0.398681640625,0.7672119140625,0.5570068359375,0.410888671875,0.5633544921875,0.3243408203125,0.1796875,0.4776611328125,0.3880615234375,12.678466796875,1.3060302734375,0.2926025390625,0.8394775390625,0.401611328125,0.4730224609375,11.8572998046875,0.4869384765625,0.6419677734375,0.8951416015625,0.5938720703125,0.288818359375,1.05078125,0.41162109375,1.1748046875,0.3541259765625,0.4908447265625,0.3118896484375,0.3311767578125,0.148681640625,0.698486328125,3.240234375,0.749267578125,0.2657470703125,0.7891845703125,0.8885498046875,0.13037109375,1.41455078125,0.5474853515625,0.3782958984375,2.098388671875,0.6451416015625,1.039794921875,0.8525390625,0.657958984375,0.6947021484375,0.34521484375,0.66455078125,0.3052978515625,0.409423828125,0.562255859375,0.819580078125,0.8280029296875,1.049072265625,0.5379638671875,0.4022216796875,0.24072265625,0.4520263671875,0.360107421875,0.322265625,0.3614501953125,0.415283203125,0.28857421875,0.7579345703125,0.306884765625,0.359619140625,0.714599609375,0.3199462890625,1.1029052734375,0.3189697265625,0.64208984375,0.2952880859375,0.2518310546875,0.86328125,0.5091552734375,0.7501220703125,1.12744140625,0.4373779296875,0.3623046875,0.83935546875,1.1729736328125,0.2872314453125,0.4432373046875,0.5535888671875,0.95068359375,0.80224609375,0.2998046875,0.33154296875,0.4539794921875,0.613525390625,6.833740234375,0.4208984375,0.47314453125,0.369384765625,1.4781494140625,0.347900390625,0.8580322265625,0.2684326171875,0.427978515625,0.2529296875,0.3756103515625,0.4195556640625,0.9700927734375,0.4398193359375,1.2891845703125,0.5501708984375,0.6427001953125,0.24560546875,0.86865234375,0.494140625,1.0543212890625,0.529296875,0.5179443359375,0.6822509765625,1.0997314453125,0.272216796875,0.71484375,0.468505859375,0.57373046875,0.2587890625,0.83544921875,0.54541015625,0.8726806640625,0.2862548828125,0.7625732421875,0.4735107421875,0.268310546875,0.1859130859375
ENSG00000075426|chr2:28392854-28393581,0.6954345703125,0.367431640625,0.13623046875,0.403564453125,1.0396728515625,0.4757080078125,15.264892578125,0.833984375,0.29345703125,0.623291015625,0.669921875,0.6512451171875,0.5052490234375,0.322021484375,0.0,0.608154296875,0.4429931640625,0.5205078125,0.6031494140625,0.4066162109375,0.5047607421875,0.3218994140625,1.054931640625,0.6341552734375,0.336181640625,0.614501953125,0.26123046875,0.321533203125,0.6336669921875,7.888427734375,0.4390869140625,0.6566162109375,0.237548828125,0.4901123046875,0.896728515625,0.6529541015625,0.5279541015625,0.53955078125,0.594970703125,0.1944580078125,0.4769287109375,0.8489990234375,0.7545166015625,0.585693359375,2.085205078125,0.3885498046875,0.3135986328125,0.8089599609375,1.9287109375,0.66357421875,0.606689453125,0.30517578125,0.353515625,0.292724609375,0.26220703125,1.432373046875,0.478759765625,0.521728515625,0.3819580078125,0.1298828125,0.6942138671875,0.640380859375,0.1785888671875,0.5302734375,2.0736083984375,1.469970703125,0.4306640625,0.6343994140625,0.3997802734375,0.256591796875,0.9793701171875,0.3006591796875,0.262451171875,0.5733642578125,0.3011474609375,11.327880859375,1.4002685546875,0.3277587890625,0.9317626953125,0.566162109375,0.7056884765625,13.4642333984375,0.4261474609375,0.4505615234375,0.8626708984375,0.7952880859375,0.41845703125,1.1181640625,0.598388671875,1.121337890625,0.2215576171875,0.2698974609375,0.3009033203125,0.3316650390625,0.187744140625,0.8818359375,2.77294921875,0.490234375,0.5457763671875,0.6883544921875,0.7823486328125,0.34326171875,1.260498046875,0.2423095703125,0.5599365234375,1.819580078125,0.5389404296875,0.85205078125,0.66259765625,0.332275390625,0.7862548828125,0.4072265625,0.5263671875,0.4029541015625,0.494140625,0.271240234375,1.2041015625,1.3751220703125,0.887939453125,0.7174072265625,0.4439697265625,0.32373046875,0.3900146484375,0.417724609375,0.646728515625,0.2601318359375,0.42041015625,0.18408203125,0.7105712890625,0.3642578125,0.27392578125,0.45361328125,0.3551025390625,0.8758544921875,0.3785400390625,0.701416015625,0.1507568359375,0.5992431640625,0.866455078125,0.7191162109375,0.7630615234375,0.760986328125,0.3985595703125,0.575439453125,0.790283203125,1.5889892578125,0.6046142578125,0.4696044921875,0.5794677734375,1.0869140625,0.56298828125,0.4580078125,0.4013671875,0.2762451171875,0.402587890625,7.9736328125,0.700927734375,0.59326171875,0.410888671875,1.2503662109375,0.4384765625,0.7843017578125,0.5523681640625,0.344482421875,0.37255859375,0.4957275390625,0.6148681640625,0.9256591796875,0.3011474609375,1.0228271484375,0.5767822265625,0.8804931640625,0.3994140625,0.687744140625,0.3232421875,1.0677490234375,0.439697265625,0.7554931640625,0.9801025390625,0.9769287109375,0.43310546875,0.484375,0.669189453125,0.43701171875,0.139404296875,0.74169921875,0.59375,1.1683349609375,0.2913818359375,0.9266357421875,0.3250732421875,0.2060546875,0.2506103515625
ENSG00000078699|chr20:33490073-33490272,0.5032958984375,0.3017578125,0.426025390625,0.374755859375,1.0662841796875,0.3890380859375,13.27392578125,0.482177734375,0.3974609375,0.42724609375,0.8837890625,0.8551025390625,0.4293212890625,0.628173828125,0.608154296875,0.0,0.2239990234375,0.3095703125,0.3282470703125,0.5369873046875,0.6148681640625,0.5633544921875,0.566162109375,0.5181884765625,0.287841796875,0.353759765625,0.36328125,0.440673828125,0.2340087890625,6.205078125,0.4447021484375,0.7518310546875,0.479248046875,0.4925537109375,1.083251953125,0.2078857421875,0.5960693359375,0.4599609375,0.48681640625,0.3590087890625,0.3133544921875,0.3206787109375,0.8900146484375,0.4599609375,1.649658203125,0.7015380859375,0.2459716796875,0.4483642578125,1.426025390625,0.4404296875,0.67529296875,0.575927734375,0.40771484375,0.716064453125,0.416748046875,1.03955078125,1.10009765625,0.406982421875,0.3931884765625,0.401123046875,0.5167236328125,0.4736328125,0.4537353515625,0.925048828125,1.5826416015625,0.856201171875,0.527099609375,0.6116943359375,0.5128173828125,0.182861328125,0.4422607421875,0.3758544921875,0.39013671875,1.1756591796875,0.3905029296875,9.349365234375,1.3868408203125,0.3885498046875,0.6588134765625,0.288330078125,0.3558349609375,11.6007080078125,0.3087158203125,0.4725341796875,0.6688232421875,0.7337646484375,0.475341796875,0.7158203125,0.480712890625,1.140380859375,0.4188232421875,0.6026611328125,0.2222900390625,0.2347412109375,0.360595703125,0.900146484375,2.833984375,1.075927734375,0.3389892578125,0.4783935546875,0.5572509765625,0.63623046875,1.3486328125,0.4376220703125,0.3292236328125,2.73876953125,0.8216552734375,0.564453125,0.677978515625,0.53955078125,0.5450439453125,0.680908203125,0.849609375,0.3331298828125,0.2392578125,0.27001953125,0.5478515625,0.6695556640625,0.98828125,0.2821044921875,0.3138427734375,0.376953125,0.4981689453125,0.227783203125,0.332275390625,0.6932373046875,0.4072265625,0.392822265625,0.5567626953125,0.292724609375,0.63916015625,0.318603515625,0.6485595703125,0.8812255859375,0.5255126953125,0.634033203125,0.4146728515625,0.4820556640625,0.79150390625,0.6807861328125,0.9573974609375,0.401611328125,0.1995849609375,0.5078125,1.22509765625,1.1287841796875,1.0274658203125,0.2379150390625,0.2674560546875,1.2890625,0.57373046875,0.4833984375,0.30419921875,0.3406982421875,0.373291015625,6.4267578125,0.795654296875,0.195556640625,0.495361328125,0.7723388671875,0.327880859375,0.6524658203125,0.3668212890625,0.326904296875,0.4150390625,0.3170166015625,0.5714111328125,1.0220947265625,0.3023681640625,0.8804931640625,0.4913330078125,0.2877197265625,0.650146484375,0.43115234375,0.334716796875,1.4444580078125,0.41943359375,0.3043212890625,0.8699951171875,1.0823974609375,0.341064453125,0.522705078125,0.458984375,0.4609375,0.34130859375,0.802978515625,0.29833984375,0.7459716796875,0.4344482421875,0.4642333984375,0.4014892578125,0.29345703125,0.5501708984375
ENSG00000079102|chr8:92062352-92062590,0.588623046875,0.2567138671875,0.2943115234375,0.3265380859375,0.7802734375,0.23291015625,13.4293212890625,0.7081298828125,0.2838134765625,0.4837646484375,0.9505615234375,0.564208984375,0.28173828125,0.3187255859375,0.4429931640625,0.2239990234375,0.0,0.1968994140625,0.3583984375,0.36962890625,0.37548828125,0.46044921875,0.6063232421875,0.444091796875,0.3956298828125,0.2762451171875,0.2615966796875,0.2637939453125,0.2373046875,6.7137451171875,0.46533203125,0.649658203125,0.3448486328125,0.37548828125,0.7999267578125,0.260009765625,0.3017578125,0.4796142578125,0.3851318359375,0.18701171875,0.248779296875,0.467041015625,0.79150390625,0.3360595703125,1.5382080078125,0.6201171875,0.162353515625,0.649658203125,1.6182861328125,0.4498291015625,0.5989990234375,0.5050048828125,0.3341064453125,0.5540771484375,0.3865966796875,1.2276611328125,0.8367919921875,0.4486083984375,0.347900390625,0.3184814453125,0.427490234375,0.3404541015625,0.252197265625,0.8472900390625,1.90771484375,0.8836669921875,0.4122314453125,0.692138671875,0.34130859375,0.1837158203125,0.485107421875,0.1669921875,0.2393798828125,0.92578125,0.45166015625,10.6180419921875,1.43017578125,0.346435546875,0.68603515625,0.3221435546875,0.335205078125,12.390625,0.365478515625,0.418701171875,0.7197265625,0.55615234375,0.3680419921875,0.8135986328125,0.3729248046875,1.1407470703125,0.2890625,0.41015625,0.179443359375,0.191162109375,0.1868896484375,0.7703857421875,2.9864501953125,0.8883056640625,0.280517578125,0.554443359375,0.585693359375,0.3460693359375,1.2474365234375,0.40185546875,0.24560546875,2.5184326171875,0.608154296875,0.6077880859375,0.7982177734375,0.5057373046875,0.55029296875,0.4503173828125,0.5135498046875,0.262939453125,0.1976318359375,0.3204345703125,0.4815673828125,0.60205078125,0.9561767578125,0.34765625,0.22509765625,0.2474365234375,0.353759765625,0.1741943359375,0.2581787109375,0.490966796875,0.3282470703125,0.2650146484375,0.642333984375,0.2274169921875,0.4471435546875,0.4354248046875,0.418701171875,0.8291015625,0.32275390625,0.5679931640625,0.324462890625,0.27294921875,0.8050537109375,0.56396484375,0.649169921875,0.5828857421875,0.193115234375,0.4486083984375,1.0738525390625,1.069091796875,0.68359375,0.26025390625,0.281494140625,1.0418701171875,0.6080322265625,0.4107666015625,0.2384033203125,0.311767578125,0.3126220703125,6.9520263671875,0.5128173828125,0.1939697265625,0.4027099609375,1.10107421875,0.2894287109375,0.71484375,0.29052734375,0.1927490234375,0.2684326171875,0.332275390625,0.494873046875,0.8896484375,0.30419921875,0.896240234375,0.477294921875,0.380126953125,0.4595947265625,0.5045166015625,0.3143310546875,1.082763671875,0.3409423828125,0.320556640625,0.696533203125,0.889892578125,0.1553955078125,0.4801025390625,0.3143310546875,0.4063720703125,0.1925048828125,0.7752685546875,0.3231201171875,0.768310546875,0.23974609375,0.431396484375,0.41845703125,0.1636962890625,0.2861328125
ENSG00000084676|chr2:24491867-24491918,0.6702880859375,0.256591796875,0.31787109375,0.338623046875,0.9337158203125,0.1241455078125,12.16259765625,0.74267578125,0.237060546875,0.394775390625,1.036865234375,0.4605712890625,0.1929931640625,0.244873046875,0.5205078125,0.3095703125,0.1968994140625,0.0,0.4315185546875,0.2650146484375,0.2950439453125,0.5103759765625,0.6103515625,0.5355224609375,0.414306640625,0.43994140625,0.36572265625,0.27099609375,0.1785888671875,6.228515625,0.3494873046875,0.9508056640625,0.435302734375,0.3038330078125,0.678466796875,0.2857666015625,0.3795166015625,0.344482421875,0.279541015625,0.2637939453125,0.3084716796875,0.3875732421875,0.7984619140625,0.406982421875,1.5166015625,0.7603759765625,0.2696533203125,0.5909423828125,1.341064453125,0.328125,0.448486328125,0.4736328125,0.31396484375,0.447265625,0.558837890625,1.297607421875,1.121826171875,0.322998046875,0.3282470703125,0.349853515625,0.2369384765625,0.37109375,0.2843017578125,0.7451171875,2.2142333984375,0.793701171875,0.33837890625,0.5372314453125,0.5333251953125,0.29296875,0.3175048828125,0.2886962890625,0.2626953125,0.8394775390625,0.3531494140625,10.935302734375,1.1473388671875,0.2625732421875,0.5638427734375,0.185302734375,0.2567138671875,10.8785400390625,0.3770751953125,0.6173095703125,0.5660400390625,0.4378662109375,0.2490234375,0.8818359375,0.277587890625,1.0810546875,0.4122314453125,0.4803466796875,0.2259521484375,0.2054443359375,0.134521484375,0.698974609375,3.221923828125,0.761474609375,0.1646728515625,0.6290283203125,0.6744384765625,0.287841796875,1.28173828125,0.5321044921875,0.2493896484375,2.5458984375,0.7486572265625,0.64404296875,0.6884765625,0.76513671875,0.4031982421875,0.427001953125,0.782470703125,0.2369384765625,0.2177734375,0.435791015625,0.4033203125,0.5057373046875,1.019287109375,0.2296142578125,0.3148193359375,0.14697265625,0.3634033203125,0.247314453125,0.208251953125,0.5802001953125,0.391845703125,0.31396484375,0.7540283203125,0.18212890625,0.522216796875,0.5263671875,0.5562744140625,0.9844970703125,0.3924560546875,0.593505859375,0.4356689453125,0.2684326171875,0.78466796875,0.4288330078125,0.7745361328125,0.77294921875,0.2325439453125,0.37060546875,0.9306640625,0.8878173828125,0.6151123046875,0.2413330078125,0.2618408203125,1.063232421875,0.732421875,0.345947265625,0.2158203125,0.3536376953125,0.497802734375,5.9365234375,0.46240234375,0.233154296875,0.3974609375,1.0272216796875,0.226806640625,0.5394287109375,0.1839599609375,0.370361328125,0.271240234375,0.2303466796875,0.2593994140625,0.9967041015625,0.3531494140625,0.8323974609375,0.5347900390625,0.2491455078125,0.308837890625,0.67041015625,0.32080078125,1.3385009765625,0.423583984375,0.1722412109375,0.6529541015625,1.1304931640625,0.16162109375,0.62646484375,0.412353515625,0.518310546875,0.29052734375,0.57080078125,0.262939453125,0.5841064453125,0.2147216796875,0.3519287109375,0.4398193359375,0.239013671875,0.2801513671875
ENSG00000089225|chr12:114405669-114406173,0.856201171875,0.4998779296875,0.3070068359375,0.5968017578125,1.420654296875,0.48779296875,11.8875732421875,0.7457275390625,0.4173583984375,0.5028076171875,1.0809326171875,1.108642578125,0.293701171875,0.7452392578125,0.6031494140625,0.3282470703125,0.3583984375,0.4315185546875,0.0,0.486572265625,0.760009765625,0.782470703125,0.5760498046875,0.668212890625,0.4207763671875,0.4422607421875,0.4490966796875,0.6075439453125,0.365234375,5.4774169921875,0.39208984375,1.0341796875,0.5926513671875,0.69482421875,1.1683349609375,0.448974609375,0.928466796875,0.5072021484375,0.3873291015625,0.483642578125,0.6328125,0.295654296875,0.90234375,0.7955322265625,2.1160888671875,0.997802734375,0.4345703125,0.488037109375,1.4947509765625,0.4237060546875,0.4559326171875,0.2945556640625,0.5694580078125,0.4962158203125,0.4525146484375,0.8477783203125,1.2239990234375,0.2860107421875,0.256103515625,0.4727783203125,0.460205078125,0.4388427734375,0.545166015625,0.6390380859375,1.3203125,1.2515869140625,0.3541259765625,0.281494140625,0.65625,0.2969970703125,0.648193359375,0.3896484375,0.6788330078125,1.42041015625,0.436279296875,8.1790771484375,1.02685546875,0.522705078125,0.718994140625,0.3760986328125,0.58837890625,11.29931640625,0.32275390625,0.83544921875,0.251708984375,0.613037109375,0.5670166015625,0.8099365234375,0.6888427734375,0.7823486328125,0.6181640625,0.4453125,0.28271484375,0.2724609375,0.4281005859375,0.9515380859375,2.2718505859375,0.6365966796875,0.52001953125,0.565673828125,0.89404296875,0.7108154296875,1.0633544921875,0.463623046875,0.3798828125,2.2879638671875,1.160888671875,0.6610107421875,0.3751220703125,0.6683349609375,0.503173828125,0.8441162109375,1.1251220703125,0.312255859375,0.4852294921875,0.3712158203125,0.7218017578125,0.77978515625,0.7750244140625,0.3369140625,0.5654296875,0.3577880859375,0.490478515625,0.4024658203125,0.5662841796875,0.733642578125,0.5565185546875,0.5509033203125,0.81640625,0.4271240234375,0.6422119140625,0.2633056640625,0.92431640625,0.570068359375,0.6591796875,0.8021240234375,0.5146484375,0.752685546875,0.6407470703125,0.58154296875,1.0732421875,0.6348876953125,0.34130859375,0.6336669921875,0.7945556640625,1.011474609375,1.245849609375,0.4091796875,0.419677734375,1.4532470703125,0.8697509765625,0.7052001953125,0.4556884765625,0.363037109375,0.5296630859375,6.0030517578125,0.6976318359375,0.4862060546875,0.6131591796875,0.720703125,0.5609130859375,0.317626953125,0.412841796875,0.5106201171875,0.7105712890625,0.419189453125,0.650146484375,1.001220703125,0.536865234375,0.472412109375,0.932373046875,0.454833984375,0.7510986328125,0.3614501953125,0.3421630859375,1.97119140625,0.5718994140625,0.39013671875,1.423095703125,1.695556640625,0.5093994140625,0.6656494140625,0.7752685546875,0.7606201171875,0.4576416015625,0.5054931640625,0.3358154296875,0.923828125,0.291259765625,0.474609375,0.45556640625,0.3995361328125,0.525634765625
ENSG00000099949|chr22:20982302-20982395,0.970703125,0.4676513671875,0.2384033203125,0.2828369140625,1.31103515625,0.21826171875,13.2315673828125,0.9256591796875,0.3433837890625,0.3040771484375,1.2486572265625,0.339111328125,0.267333984375,0.2557373046875,0.4066162109375,0.5369873046875,0.36962890625,0.2650146484375,0.486572265625,0.0,0.38818359375,0.720947265625,0.8699951171875,0.777587890625,0.4317626953125,0.8475341796875,0.3621826171875,0.3511962890625,0.439208984375,6.3988037109375,0.24951171875,1.250732421875,0.4261474609375,0.442626953125,0.9561767578125,0.5048828125,0.5791015625,0.4766845703125,0.2694091796875,0.382080078125,0.65234375,0.56298828125,0.715576171875,0.7569580078125,2.0218505859375,0.936767578125,0.4091796875,0.7607421875,1.0042724609375,0.2330322265625,0.1976318359375,0.3538818359375,0.4681396484375,0.2391357421875,0.6697998046875,1.4632568359375,1.0645751953125,0.2464599609375,0.3427734375,0.3839111328125,0.49755859375,0.5572509765625,0.250244140625,0.5216064453125,2.60595703125,1.3526611328125,0.1497802734375,0.38623046875,0.791259765625,0.3829345703125,0.449462890625,0.443359375,0.3067626953125,0.96533203125,0.270751953125,11.2464599609375,0.6640625,0.22900390625,0.76611328125,0.2469482421875,0.590087890625,10.278564453125,0.290283203125,0.88671875,0.62255859375,0.37548828125,0.3519287109375,0.9593505859375,0.4149169921875,0.7772216796875,0.464111328125,0.497802734375,0.219482421875,0.30224609375,0.2318115234375,0.9053955078125,2.7081298828125,0.5091552734375,0.280517578125,0.74755859375,1.11865234375,0.3040771484375,1.3450927734375,0.40625,0.361083984375,1.9920654296875,1.00537109375,1.1485595703125,0.4700927734375,0.7034912109375,0.669921875,0.6297607421875,0.9593505859375,0.191162109375,0.4444580078125,0.5059814453125,0.8875732421875,0.7568359375,0.8675537109375,0.339599609375,0.593017578125,0.2410888671875,0.43603515625,0.4005126953125,0.2991943359375,0.459228515625,0.5677490234375,0.4510498046875,0.7109375,0.3873291015625,0.4840087890625,0.5377197265625,0.44921875,0.945556640625,0.60791015625,0.6024169921875,0.401123046875,0.4306640625,0.7579345703125,0.2919921875,0.947509765625,1.1505126953125,0.418701171875,0.4615478515625,0.3907470703125,1.0732421875,0.533447265625,0.51318359375,0.649169921875,1.1182861328125,1.0679931640625,0.4166259765625,0.4088134765625,0.2568359375,0.7445068359375,5.6636962890625,0.4366455078125,0.4862060546875,0.4295654296875,1.213623046875,0.4727783203125,0.5234375,0.151611328125,0.5731201171875,0.3734130859375,0.13232421875,0.3642578125,1.032470703125,0.57861328125,1.065673828125,0.66015625,0.453369140625,0.2047119140625,0.8314208984375,0.3878173828125,1.7177734375,0.6658935546875,0.432861328125,1.13232421875,1.487548828125,0.4232177734375,0.8968505859375,0.7520751953125,0.7655029296875,0.3736572265625,0.5943603515625,0.4432373046875,0.809326171875,0.206787109375,0.77001953125,0.43994140625,0.3157958984375,0.170654296875
ENSG00000100625|chr14:60723908-60724347,0.5576171875,0.3157958984375,0.4852294921875,0.2686767578125,0.51904296875,0.203125,14.2679443359375,0.6749267578125,0.3260498046875,0.5355224609375,0.8480224609375,0.27783203125,0.37841796875,0.2274169921875,0.5047607421875,0.6148681640625,0.37548828125,0.2950439453125,0.760009765625,0.38818359375,0.0,0.52685546875,0.6551513671875,0.527099609375,0.5489501953125,0.6749267578125,0.5330810546875,0.4017333984375,0.381591796875,6.6326904296875,0.46826171875,0.83447265625,0.3533935546875,0.310791015625,0.5506591796875,0.360107421875,0.22314453125,0.2686767578125,0.4752197265625,0.302978515625,0.490234375,0.77099609375,1.282958984375,0.3990478515625,1.2735595703125,0.60888671875,0.2724609375,0.666748046875,1.4749755859375,0.6380615234375,0.5037841796875,0.6256103515625,0.2703857421875,0.6116943359375,0.7564697265625,1.1746826171875,0.7742919921875,0.5443115234375,0.595703125,0.4117431640625,0.46875,0.4302978515625,0.32421875,0.7457275390625,2.5556640625,0.6834716796875,0.6055908203125,0.972900390625,0.573486328125,0.3526611328125,0.480712890625,0.42626953125,0.3306884765625,0.475830078125,0.4013671875,12.1263427734375,1.416015625,0.327880859375,0.517578125,0.5003662109375,0.32861328125,12.0048828125,0.504150390625,0.69384765625,0.987548828125,0.6533203125,0.2059326171875,0.8563232421875,0.5870361328125,1.0196533203125,0.405517578125,0.479736328125,0.3349609375,0.3203125,0.2476806640625,0.4239501953125,3.4635009765625,1.0125732421875,0.296875,0.693603515625,0.66064453125,0.1363525390625,1.1614990234375,0.65869140625,0.288330078125,2.0921630859375,0.505615234375,0.8004150390625,0.8697509765625,0.6729736328125,0.43359375,0.2537841796875,0.7557373046875,0.473388671875,0.4146728515625,0.5933837890625,0.4422607421875,0.527587890625,0.8341064453125,0.529052734375,0.35009765625,0.2010498046875,0.71728515625,0.2459716796875,0.2694091796875,0.42724609375,0.3011474609375,0.2552490234375,0.795166015625,0.2716064453125,0.3822021484375,0.7269287109375,0.42529296875,0.9794921875,0.284912109375,0.4139404296875,0.499755859375,0.20654296875,0.6766357421875,0.507080078125,1.1552734375,1.1292724609375,0.477294921875,0.2808837890625,1.0587158203125,0.806396484375,0.302734375,0.4423828125,0.4736328125,0.7618408203125,0.6802978515625,0.2750244140625,0.2183837890625,0.53076171875,0.5902099609375,6.1517333984375,0.2247314453125,0.3900146484375,0.2520751953125,1.160400390625,0.2554931640625,0.7783203125,0.274169921875,0.4344482421875,0.1712646484375,0.33837890625,0.33544921875,0.625,0.4150390625,1.103759765625,0.433349609375,0.534912109375,0.4749755859375,0.7955322265625,0.4666748046875,0.912841796875,0.3453369140625,0.375,0.431884765625,1.272216796875,0.2239990234375,0.5528564453125,0.3624267578125,0.4696044921875,0.3912353515625,0.6251220703125,0.3502197265625,0.54833984375,0.337158203125,0.579345703125,0.483642578125,0.2684326171875,0.362060546875
ENSG00000100987|chr20:25077611-25078007,0.548583984375,0.3245849609375,0.4342041015625,0.5133056640625,0.7841796875,0.548828125,15.0272216796875,0.7176513671875,0.2801513671875,0.7755126953125,0.6898193359375,0.773681640625,0.754150390625,0.5159912109375,0.3218994140625,0.5633544921875,0.46044921875,0.5103759765625,0.782470703125,0.720947265625,0.52685546875,0.0,1.1031494140625,0.65576171875,0.4388427734375,0.5057373046875,0.4591064453125,0.3470458984375,0.591552734375,8.2840576171875,0.735595703125,0.55859375,0.4573974609375,0.617919921875,0.7449951171875,0.63134765625,0.47607421875,0.6197509765625,0.8499755859375,0.223876953125,0.275634765625,0.9736328125,0.87158203125,0.3399658203125,1.6802978515625,0.383544921875,0.32275390625,0.95458984375,2.1207275390625,0.9427490234375,1.0438232421875,0.7618408203125,0.5350341796875,0.7884521484375,0.4188232421875,1.6119384765625,0.8265380859375,0.8323974609375,0.7177734375,0.2698974609375,0.80810546875,0.5909423828125,0.279052734375,0.9368896484375,2.201171875,0.8153076171875,0.8431396484375,1.06689453125,0.370361328125,0.2896728515625,0.899658203125,0.471923828125,0.3199462890625,0.669921875,0.50390625,12.0091552734375,2.009765625,0.539794921875,0.922607421875,0.6463623046875,0.549560546875,14.406005859375,0.654296875,0.3388671875,1.241455078125,1.095947265625,0.4710693359375,1.3255615234375,0.5496826171875,1.7379150390625,0.193603515625,0.577880859375,0.42138671875,0.43359375,0.3250732421875,1.0323486328125,3.9764404296875,0.9744873046875,0.5,0.771240234375,0.539794921875,0.5301513671875,1.7252197265625,0.472412109375,0.63427734375,2.9268798828125,0.385986328125,0.5689697265625,1.1539306640625,0.6107177734375,0.8125,0.4112548828125,0.4390869140625,0.638916015625,0.3775634765625,0.3758544921875,0.9012451171875,1.2734375,1.2818603515625,0.655029296875,0.314208984375,0.4783935546875,0.47119140625,0.3829345703125,0.6148681640625,0.623291015625,0.4708251953125,0.2559814453125,1.04443359375,0.2742919921875,0.5755615234375,0.7017822265625,0.5029296875,1.38720703125,0.3671875,0.8511962890625,0.43798828125,0.5390625,1.2283935546875,1.024658203125,0.763916015625,0.5623779296875,0.3330078125,0.7791748046875,1.4310302734375,1.8720703125,0.8232421875,0.332275390625,0.494140625,1.3233642578125,0.3594970703125,0.5933837890625,0.3765869140625,0.465087890625,0.3795166015625,8.3367919921875,0.8192138671875,0.3675537109375,0.5863037109375,1.409423828125,0.3707275390625,1.121337890625,0.638427734375,0.3424072265625,0.3980712890625,0.61474609375,0.723388671875,1.223388671875,0.198974609375,1.3583984375,0.46826171875,0.669921875,0.6151123046875,0.8558349609375,0.5406494140625,0.8564453125,0.3785400390625,0.64501953125,0.552001953125,0.59375,0.3538818359375,0.3665771484375,0.4158935546875,0.3258056640625,0.2493896484375,1.0330810546875,0.6639404296875,1.152099609375,0.47900390625,0.882568359375,0.60302734375,0.2349853515625,0.54296875
ENSG00000101096|chr20:51542468-51542723,0.5318603515625,0.633056640625,0.758544921875,0.5703125,0.8035888671875,0.5208740234375,12.89697265625,0.509765625,0.590576171875,0.511962890625,0.970703125,1.0894775390625,0.3819580078125,0.887451171875,1.054931640625,0.566162109375,0.6063232421875,0.6103515625,0.5760498046875,0.8699951171875,0.6551513671875,1.1031494140625,0.0,0.5936279296875,0.790771484375,0.631591796875,0.841796875,1.104248046875,0.4295654296875,4.746337890625,0.7066650390625,0.9080810546875,0.6806640625,0.5155029296875,1.022216796875,0.2432861328125,0.8333740234375,0.40380859375,0.724609375,0.7408447265625,0.9085693359375,0.5806884765625,2.1199951171875,0.659423828125,1.081787109375,0.9266357421875,0.5638427734375,0.3839111328125,1.385986328125,0.85693359375,0.750732421875,0.72998046875,0.43115234375,1.011962890625,0.980712890625,0.5927734375,1.13623046875,0.598876953125,0.7310791015625,0.89306640625,0.4876708984375,0.460205078125,0.8819580078125,0.86767578125,1.4779052734375,1.0234375,0.934814453125,1.0235595703125,0.7547607421875,0.56640625,0.5762939453125,0.7496337890625,0.89208984375,1.0382080078125,0.5975341796875,8.935302734375,1.5054931640625,0.5111083984375,0.2696533203125,0.842529296875,0.4080810546875,11.5311279296875,0.6239013671875,0.9903564453125,0.8441162109375,1.0999755859375,0.5615234375,0.31982421875,1.181396484375,0.75732421875,0.8555908203125,0.6744384765625,0.6087646484375,0.3944091796875,0.723876953125,0.39599609375,2.230712890625,1.673583984375,0.6964111328125,0.4058837890625,0.6219482421875,0.806396484375,0.614990234375,0.9862060546875,0.2869873046875,1.906982421875,1.1441650390625,0.6884765625,0.79931640625,0.854248046875,0.2120361328125,0.659423828125,1.526611328125,0.7896728515625,0.63037109375,0.677490234375,0.592529296875,0.4276123046875,0.492919921875,0.7550048828125,0.7579345703125,0.49658203125,1.2579345703125,0.43017578125,0.568359375,0.7994384765625,0.3876953125,0.634765625,0.5831298828125,0.6962890625,0.62548828125,0.455322265625,1.2384033203125,0.4969482421875,0.5086669921875,0.481689453125,0.7750244140625,0.5889892578125,0.48388671875,0.5992431640625,2.0377197265625,1.049560546875,0.7628173828125,0.3154296875,1.416259765625,0.5045166015625,0.9053955078125,0.6051025390625,0.3958740234375,0.813720703125,0.840087890625,0.535400390625,0.4189453125,0.8399658203125,0.55859375,5.49658203125,0.555419921875,0.5830078125,0.4580078125,0.4117431640625,0.605224609375,0.6204833984375,0.6219482421875,0.790283203125,0.6103515625,0.6573486328125,0.6322021484375,0.4576416015625,0.7674560546875,0.6282958984375,0.6387939453125,0.7537841796875,1.126708984375,0.433349609375,0.6943359375,1.4544677734375,0.57568359375,0.3338623046875,0.8919677734375,1.9822998046875,0.623779296875,0.640869140625,0.690185546875,0.772705078125,0.8388671875,0.490234375,0.27880859375,0.5540771484375,0.7960205078125,0.3682861328125,0.4696044921875,0.712646484375,0.8145751953125
ENSG00000103199|chr16:4767090-4767168,0.305419921875,0.3880615234375,0.5548095703125,0.5333251953125,0.4794921875,0.54541015625,15.1683349609375,0.4703369140625,0.3548583984375,0.6673583984375,0.6307373046875,1.02099609375,0.5263671875,0.6663818359375,0.6341552734375,0.5181884765625,0.444091796875,0.5355224609375,0.668212890625,0.777587890625,0.527099609375,0.65576171875,0.5936279296875,0.0,0.6478271484375,0.5643310546875,0.4783935546875,0.8282470703125,0.464599609375,6.3966064453125,0.869384765625,0.619140625,0.3673095703125,0.673828125,0.5950927734375,0.29638671875,0.51611328125,0.4210205078125,0.5843505859375,0.490478515625,0.673095703125,0.993896484375,1.6435546875,0.4718017578125,1.0091552734375,0.32958984375,0.37109375,0.649658203125,1.5660400390625,0.7645263671875,1.0328369140625,0.5367431640625,0.3768310546875,0.8883056640625,0.5479736328125,0.8172607421875,0.5343017578125,0.8338623046875,0.693115234375,0.5699462890625,0.76416015625,0.6588134765625,0.615966796875,0.8470458984375,1.42041015625,1.1221923828125,0.9129638671875,1.189697265625,0.42578125,0.3541259765625,0.90966796875,0.4541015625,0.6815185546875,0.700927734375,0.47119140625,9.9661865234375,1.743408203125,0.511962890625,0.527587890625,0.9400634765625,0.5771484375,13.6123046875,0.648193359375,0.4482421875,1.140869140625,0.722900390625,0.6024169921875,0.8724365234375,1.1888427734375,0.9793701171875,0.374755859375,0.3330078125,0.546630859375,0.358642578125,0.4671630859375,0.4468994140625,2.9197998046875,1.3192138671875,0.57373046875,0.671630859375,0.314697265625,0.6793212890625,0.6925048828125,0.499267578125,0.37890625,1.8179931640625,0.46875,0.4671630859375,1.0299072265625,0.4403076171875,0.50732421875,0.2862548828125,0.6651611328125,0.87060546875,0.3331298828125,0.3941650390625,0.6239013671875,0.85986328125,0.6712646484375,0.942626953125,0.502685546875,0.3458251953125,1.066650390625,0.3441162109375,0.6802978515625,0.4326171875,0.1903076171875,0.3143310546875,0.59765625,0.5750732421875,0.4615478515625,0.4295654296875,0.59375,0.59619140625,0.322021484375,0.2681884765625,0.453369140625,0.62060546875,0.7393798828125,0.76513671875,1.6103515625,0.6595458984375,0.50732421875,0.3985595703125,1.2889404296875,1.16650390625,0.654052734375,0.52490234375,0.501708984375,0.4622802734375,0.5257568359375,0.6041259765625,0.1971435546875,0.450927734375,0.2972412109375,7.3341064453125,0.7584228515625,0.5113525390625,0.4569091796875,0.627197265625,0.6204833984375,0.95849609375,0.72509765625,0.2747802734375,0.3182373046875,0.7470703125,0.557861328125,0.53515625,0.503173828125,0.784912109375,0.35205078125,0.96044921875,0.9986572265625,0.6199951171875,0.4232177734375,0.9169921875,0.2930908203125,0.509521484375,0.607666015625,1.062255859375,0.5137939453125,0.3175048828125,0.6549072265625,0.2359619140625,0.5235595703125,0.8353271484375,0.3299560546875,0.822265625,0.65576171875,0.780517578125,0.457275390625,0.4095458984375,0.580078125
ENSG00000103479|chr16:53435641-53435883,0.5809326171875,0.219482421875,0.26513671875,0.3212890625,1.1932373046875,0.4664306640625,14.083251953125,0.52197265625,0.287353515625,0.458984375,0.75,0.7987060546875,0.4439697265625,0.51611328125,0.336181640625,0.287841796875,0.3956298828125,0.414306640625,0.4207763671875,0.4317626953125,0.5489501953125,0.4388427734375,0.790771484375,0.6478271484375,0.0,0.491943359375,0.272705078125,0.318603515625,0.3282470703125,7.137451171875,0.3309326171875,0.8043212890625,0.377685546875,0.5093994140625,1.09912109375,0.4207763671875,0.6375732421875,0.401611328125,0.479248046875,0.2586669921875,0.3404541015625,0.4798583984375,0.7039794921875,0.537841796875,1.99169921875,0.6221923828125,0.2547607421875,0.3941650390625,1.5380859375,0.531982421875,0.528564453125,0.393798828125,0.343017578125,0.451416015625,0.287353515625,1.02783203125,0.88037109375,0.3662109375,0.3114013671875,0.242431640625,0.6292724609375,0.45458984375,0.2684326171875,0.769775390625,1.7994384765625,1.037109375,0.4599609375,0.5196533203125,0.4840087890625,0.149169921875,0.6031494140625,0.3582763671875,0.343017578125,0.9102783203125,0.2362060546875,9.875,1.2674560546875,0.3472900390625,0.8238525390625,0.3037109375,0.5133056640625,12.0596923828125,0.2662353515625,0.4825439453125,0.6756591796875,0.8121337890625,0.355712890625,0.89794921875,0.465576171875,1.10107421875,0.3092041015625,0.5308837890625,0.1690673828125,0.2288818359375,0.298583984375,0.9482421875,2.83056640625,0.696044921875,0.3358154296875,0.4835205078125,0.6668701171875,0.52392578125,1.424560546875,0.3165283203125,0.4093017578125,2.435546875,0.6900634765625,0.624267578125,0.5849609375,0.4326171875,0.6363525390625,0.580322265625,0.732177734375,0.3409423828125,0.3662109375,0.243408203125,0.89599609375,0.9639892578125,0.91259765625,0.3748779296875,0.2999267578125,0.320556640625,0.3480224609375,0.331298828125,0.40380859375,0.5035400390625,0.396484375,0.290283203125,0.6312255859375,0.257080078125,0.47265625,0.33349609375,0.5194091796875,0.9442138671875,0.4571533203125,0.71533203125,0.2728271484375,0.5662841796875,0.798583984375,0.7843017578125,0.8548583984375,0.495849609375,0.2562255859375,0.538330078125,0.9541015625,1.2696533203125,0.9075927734375,0.2718505859375,0.3756103515625,1.3759765625,0.521240234375,0.426025390625,0.376220703125,0.2559814453125,0.42724609375,6.895751953125,0.7763671875,0.355712890625,0.4541015625,0.8736572265625,0.2744140625,0.6656494140625,0.3656005859375,0.36181640625,0.36962890625,0.3201904296875,0.6065673828125,0.9989013671875,0.2186279296875,1.0438232421875,0.5557861328125,0.4312744140625,0.51513671875,0.515625,0.3056640625,1.3758544921875,0.405517578125,0.4727783203125,0.9410400390625,1.0286865234375,0.380859375,0.47705078125,0.55517578125,0.41015625,0.23388671875,0.70849609375,0.4287109375,0.9354248046875,0.3236083984375,0.6497802734375,0.3712158203125,0.230712890625,0.4495849609375
ENSG00000104856|chr19:45001504-45001909,0.5181884765625,0.402587890625,0.445556640625,0.666015625,0.8258056640625,0.5506591796875,12.74169921875,0.70166015625,0.395751953125,0.740234375,0.8759765625,1.1629638671875,0.5020751953125,0.76171875,0.614501953125,0.353759765625,0.2762451171875,0.43994140625,0.4422607421875,0.8475341796875,0.6749267578125,0.5057373046875,0.631591796875,0.5643310546875,0.491943359375,0.0,0.520751953125,0.5771484375,0.2777099609375,6.775146484375,0.7979736328125,0.4603271484375,0.588623046875,0.6405029296875,0.862548828125,0.3834228515625,0.6800537109375,0.61083984375,0.781005859375,0.3045654296875,0.3699951171875,0.6229248046875,1.1348876953125,0.348876953125,1.48046875,0.6236572265625,0.3582763671875,0.5445556640625,2.070068359375,0.826904296875,0.999755859375,0.67431640625,0.44921875,0.913818359375,0.377685546875,1.13671875,1.0078125,0.677490234375,0.5047607421875,0.48388671875,0.5440673828125,0.471923828125,0.5006103515625,1.112548828125,1.4090576171875,0.82080078125,0.82568359375,0.8873291015625,0.2750244140625,0.271240234375,0.8502197265625,0.4244384765625,0.560791015625,1.1134033203125,0.6544189453125,9.324462890625,2.0333251953125,0.6099853515625,0.7264404296875,0.583251953125,0.3748779296875,13.3597412109375,0.5672607421875,0.3543701171875,0.8734130859375,1.0338134765625,0.510498046875,0.894287109375,0.6806640625,1.43212890625,0.4661865234375,0.4998779296875,0.4019775390625,0.3118896484375,0.421142578125,0.918212890625,3.3056640625,1.142333984375,0.5645751953125,0.5347900390625,0.4176025390625,0.70947265625,1.26123046875,0.6197509765625,0.4947509765625,2.9306640625,0.6539306640625,0.332275390625,1.025146484375,0.728759765625,0.4932861328125,0.548583984375,0.681396484375,0.5999755859375,0.355224609375,0.324462890625,0.59521484375,0.9500732421875,1.05859375,0.5062255859375,0.3299560546875,0.467041015625,0.5765380859375,0.309814453125,0.61083984375,0.8084716796875,0.417236328125,0.402587890625,0.8978271484375,0.359375,0.5869140625,0.4677734375,0.9112548828125,0.9107666015625,0.4530029296875,0.831787109375,0.5562744140625,0.6202392578125,0.932373046875,0.9510498046875,0.9271240234375,0.3720703125,0.2728271484375,0.720458984375,1.61572265625,1.3887939453125,1.1485595703125,0.2803955078125,0.2261962890625,1.320556640625,0.368408203125,0.617919921875,0.369873046875,0.5345458984375,0.240966796875,7.720458984375,0.879638671875,0.311767578125,0.66064453125,0.8746337890625,0.3701171875,0.7545166015625,0.6910400390625,0.34423828125,0.54638671875,0.6649169921875,0.7371826171875,0.9517822265625,0.2918701171875,0.8472900390625,0.6639404296875,0.5567626953125,0.894775390625,0.42822265625,0.415283203125,1.1651611328125,0.35693359375,0.4427490234375,0.7889404296875,0.8785400390625,0.29296875,0.320556640625,0.402587890625,0.40380859375,0.365234375,0.736083984375,0.40625,0.8743896484375,0.5050048828125,0.3494873046875,0.5103759765625,0.34912109375,0.6588134765625
ENSG00000104884|chr19:45370298-45370570,0.6136474609375,0.25634765625,0.190185546875,0.374267578125,1.0421142578125,0.3616943359375,14.84375,0.817138671875,0.249755859375,0.504150390625,0.82958984375,0.7117919921875,0.4649658203125,0.3984375,0.26123046875,0.36328125,0.2615966796875,0.36572265625,0.4490966796875,0.3621826171875,0.5330810546875,0.4591064453125,0.841796875,0.4783935546875,0.272705078125,0.520751953125,0.0,0.297119140625,0.4464111328125,7.611572265625,0.4639892578125,0.8111572265625,0.268798828125,0.5841064453125,0.90869140625,0.4681396484375,0.5113525390625,0.53369140625,0.351806640625,0.2384033203125,0.3834228515625,0.6837158203125,0.6077880859375,0.509765625,1.901611328125,0.5635986328125,0.2083740234375,0.7069091796875,1.572998046875,0.5390625,0.5732421875,0.29736328125,0.384765625,0.36328125,0.26025390625,1.17822265625,0.67578125,0.458251953125,0.3846435546875,0.234619140625,0.6356201171875,0.5009765625,0.2283935546875,0.685546875,1.7489013671875,1.29345703125,0.41259765625,0.6448974609375,0.3773193359375,0.2099609375,0.7835693359375,0.1947021484375,0.299072265625,0.8914794921875,0.2899169921875,10.402099609375,1.2969970703125,0.3980712890625,0.8211669921875,0.45947265625,0.6702880859375,13.0802001953125,0.4024658203125,0.4488525390625,0.7584228515625,0.4844970703125,0.455078125,1.095458984375,0.57275390625,1.0380859375,0.2396240234375,0.3221435546875,0.2269287109375,0.2852783203125,0.21630859375,0.924560546875,2.661376953125,0.611083984375,0.3724365234375,0.7547607421875,0.7012939453125,0.435302734375,1.259521484375,0.2445068359375,0.3890380859375,2.11328125,0.6580810546875,0.660400390625,0.694091796875,0.38330078125,0.7564697265625,0.48046875,0.46875,0.3956298828125,0.359130859375,0.21240234375,0.85302734375,1.0787353515625,0.99462890625,0.5567626953125,0.3299560546875,0.251953125,0.3590087890625,0.3642578125,0.464111328125,0.3905029296875,0.38671875,0.237060546875,0.6649169921875,0.320556640625,0.44091796875,0.368896484375,0.2708740234375,0.8304443359375,0.3836669921875,0.578857421875,0.2335205078125,0.4959716796875,0.9111328125,0.7332763671875,0.7059326171875,0.532470703125,0.2894287109375,0.568115234375,0.776123046875,1.3323974609375,0.7244873046875,0.3863525390625,0.5360107421875,1.02880859375,0.5927734375,0.544677734375,0.314453125,0.1995849609375,0.42578125,7.3974609375,0.724853515625,0.409423828125,0.390625,1.1326904296875,0.40966796875,0.7591552734375,0.3900146484375,0.182861328125,0.335205078125,0.3856201171875,0.5352783203125,1.0303955078125,0.3568115234375,0.9305419921875,0.5518798828125,0.6505126953125,0.42529296875,0.699951171875,0.184326171875,1.2498779296875,0.353759765625,0.6146240234375,0.9080810546875,0.9083251953125,0.414794921875,0.4794921875,0.621337890625,0.3857421875,0.1875,0.804931640625,0.46923828125,1.0648193359375,0.2567138671875,0.7923583984375,0.3902587890625,0.175048828125,0.2891845703125
ENSG00000105392|chr19:47821957-47822027,0.8170166015625,0.263916015625,0.30615234375,0.4052734375,1.1822509765625,0.2899169921875,13.683349609375,1.002685546875,0.376220703125,0.644287109375,1.062744140625,0.4381103515625,0.4893798828125,0.221923828125,0.321533203125,0.440673828125,0.2637939453125,0.27099609375,0.6075439453125,0.3511962890625,0.4017333984375,0.3470458984375,1.104248046875,0.8282470703125,0.318603515625,0.5771484375,0.297119140625,0.0,0.4744873046875,7.868408203125,0.3902587890625,0.9420166015625,0.448974609375,0.4366455078125,0.948974609375,0.5889892578125,0.3314208984375,0.60205078125,0.521728515625,0.1668701171875,0.2008056640625,0.6607666015625,0.4307861328125,0.423828125,2.071044921875,0.7388916015625,0.2669677734375,0.8839111328125,1.885009765625,0.62451171875,0.57958984375,0.61767578125,0.431396484375,0.43896484375,0.40185546875,1.755126953125,1.053955078125,0.501220703125,0.4176025390625,0.154296875,0.5682373046875,0.47607421875,0.1263427734375,0.994384765625,2.7291259765625,0.977783203125,0.411376953125,0.6781005859375,0.5037841796875,0.286376953125,0.6448974609375,0.2633056640625,0.15234375,0.8165283203125,0.4476318359375,12.10205078125,1.5303955078125,0.4373779296875,1.0262451171875,0.22021484375,0.4542236328125,12.3255615234375,0.5018310546875,0.5286865234375,0.8594970703125,0.6783447265625,0.329833984375,1.271484375,0.202880859375,1.594482421875,0.3057861328125,0.6153564453125,0.2435302734375,0.3690185546875,0.179931640625,1.146240234375,3.71044921875,0.626708984375,0.2357177734375,0.8414306640625,0.8489990234375,0.250732421875,1.935546875,0.4935302734375,0.4796142578125,2.93017578125,0.6431884765625,0.858154296875,0.90380859375,0.6865234375,0.8905029296875,0.536865234375,0.532958984375,0.2620849609375,0.3701171875,0.400634765625,0.817138671875,1.0208740234375,1.403564453125,0.3553466796875,0.2274169921875,0.35302734375,0.1610107421875,0.3779296875,0.305419921875,0.5828857421875,0.568603515625,0.307861328125,0.9591064453125,0.16748046875,0.525146484375,0.704833984375,0.3126220703125,1.4180908203125,0.4310302734375,0.90576171875,0.3489990234375,0.3541259765625,1.20166015625,0.8499755859375,0.3214111328125,0.7451171875,0.2535400390625,0.670654296875,1.05712890625,1.5130615234375,0.6951904296875,0.3140869140625,0.4901123046875,1.559326171875,0.664794921875,0.46923828125,0.438720703125,0.3841552734375,0.58349609375,7.436767578125,0.676025390625,0.323486328125,0.51220703125,1.5872802734375,0.25146484375,0.9217529296875,0.2965087890625,0.3701171875,0.332763671875,0.3590087890625,0.5989990234375,1.3748779296875,0.2647705078125,1.3514404296875,0.6854248046875,0.4329833984375,0.279541015625,0.8515625,0.439208984375,1.1617431640625,0.5166015625,0.5911865234375,0.7742919921875,0.8243408203125,0.2451171875,0.662841796875,0.4072265625,0.54931640625,0.1357421875,0.997802734375,0.628662109375,1.1260986328125,0.1986083984375,0.7545166015625,0.5916748046875,0.199951171875,0.2857666015625
ENSG00000105610|chr19:12886990-12887223,0.51806640625,0.2584228515625,0.3909912109375,0.4075927734375,0.80859375,0.290283203125,12.2008056640625,0.5465087890625,0.2806396484375,0.4337158203125,1.0452880859375,0.775634765625,0.2548828125,0.4791259765625,0.6336669921875,0.2340087890625,0.2373046875,0.1785888671875,0.365234375,0.439208984375,0.381591796875,0.591552734375,0.4295654296875,0.464599609375,0.3282470703125,0.2777099609375,0.4464111328125,0.4744873046875,0.0,5.6939697265625,0.489501953125,0.69140625,0.4986572265625,0.4853515625,0.7266845703125,0.191650390625,0.516845703125,0.3135986328125,0.3585205078125,0.2939453125,0.375,0.426025390625,0.997314453125,0.3553466796875,1.2725830078125,0.75927734375,0.297119140625,0.34326171875,1.3028564453125,0.4058837890625,0.5999755859375,0.5186767578125,0.3360595703125,0.6434326171875,0.5184326171875,0.9571533203125,1.1002197265625,0.4334716796875,0.37841796875,0.4754638671875,0.348876953125,0.3424072265625,0.395751953125,0.9342041015625,1.677734375,0.6812744140625,0.5350341796875,0.6357421875,0.464599609375,0.2183837890625,0.404541015625,0.399658203125,0.4202880859375,0.995361328125,0.35205078125,9.4593505859375,1.408935546875,0.34423828125,0.530029296875,0.2991943359375,0.254150390625,11.328369140625,0.3408203125,0.462158203125,0.661865234375,0.6376953125,0.2867431640625,0.7366943359375,0.4871826171875,1.0592041015625,0.454345703125,0.49755859375,0.209228515625,0.150146484375,0.2908935546875,0.6561279296875,3.1824951171875,0.9976806640625,0.242919921875,0.464111328125,0.461181640625,0.4976806640625,1.1405029296875,0.546142578125,0.25927734375,2.7071533203125,0.700439453125,0.4156494140625,0.7537841796875,0.6773681640625,0.30908203125,0.4927978515625,0.8011474609375,0.37451171875,0.2037353515625,0.3270263671875,0.3172607421875,0.47509765625,0.8314208984375,0.23828125,0.26611328125,0.2359619140625,0.55322265625,0.1966552734375,0.3197021484375,0.665771484375,0.3358154296875,0.3929443359375,0.744384765625,0.2279052734375,0.5994873046875,0.3956298828125,0.710205078125,0.8232421875,0.41796875,0.5350341796875,0.49462890625,0.407958984375,0.7432861328125,0.545654296875,1.014404296875,0.5152587890625,0.18408203125,0.4178466796875,1.1365966796875,0.8818359375,0.848388671875,0.197509765625,0.186767578125,1.0589599609375,0.5440673828125,0.3812255859375,0.1793212890625,0.33642578125,0.3643798828125,6.1844482421875,0.5804443359375,0.2020263671875,0.4876708984375,0.70458984375,0.3011474609375,0.492431640625,0.280517578125,0.3475341796875,0.3621826171875,0.314697265625,0.439208984375,0.83544921875,0.27587890625,0.83447265625,0.542724609375,0.2548828125,0.6253662109375,0.4554443359375,0.2908935546875,1.35205078125,0.3453369140625,0.138916015625,0.69775390625,1.065185546875,0.1739501953125,0.4283447265625,0.3538818359375,0.4073486328125,0.3675537109375,0.5477294921875,0.1827392578125,0.560546875,0.365478515625,0.318359375,0.434326171875,0.2650146484375,0.456787109375
ENSG00000105732|chr19:42076166-42076229,6.6749267578125,6.972900390625,7.111572265625,6.663818359375,7.3948974609375,6.2557373046875,10.250244140625,5.7890625,6.794677734375,5.85888671875,7.781494140625,7.4097900390625,5.5628662109375,7.12255859375,7.888427734375,6.205078125,6.7137451171875,6.228515625,5.4774169921875,6.3988037109375,6.6326904296875,8.2840576171875,4.746337890625,6.3966064453125,7.137451171875,6.775146484375,7.611572265625,7.868408203125,5.6939697265625,0.0,6.1712646484375,7.6766357421875,7.2802734375,6.5682373046875,7.14453125,5.4891357421875,7.5194091796875,5.638916015625,6.031494140625,7.3885498046875,7.7393798828125,5.3563232421875,9.2525634765625,7.169677734375,6.13720703125,7.7615966796875,7.2435302734375,5.3302001953125,5.6962890625,5.57958984375,5.7998046875,6.369140625,6.4677734375,7.11669921875,7.792236328125,5.399169921875,8.4755859375,5.735107421875,6.1907958984375,7.4794921875,5.5906982421875,6.63818359375,7.5789794921875,6.310546875,6.7054443359375,6.96044921875,6.35546875,5.8077392578125,7.3638916015625,6.75732421875,5.7137451171875,7.4407958984375,7.562255859375,8.1832275390625,6.3865966796875,8.623046875,5.8048095703125,6.0897216796875,5.0587158203125,6.323486328125,5.8580322265625,9.9073486328125,6.2384033203125,7.9769287109375,5.2808837890625,6.7579345703125,6.63232421875,5.08544921875,7.6533203125,5.0986328125,7.8419189453125,6.5789794921875,6.6131591796875,5.9586181640625,6.98388671875,5.769287109375,6.48193359375,7.826416015625,6.4569091796875,5.6868896484375,6.8267822265625,7.087890625,5.177978515625,7.3465576171875,5.7232666015625,7.0869140625,8.3155517578125,6.678955078125,5.46484375,7.685302734375,4.8553466796875,7.03662109375,9.201171875,6.4827880859375,6.464111328125,6.78564453125,5.511962890625,4.8245849609375,5.1787109375,5.9603271484375,7.4046630859375,6.282470703125,8.1168212890625,6.283447265625,6.391357421875,7.3131103515625,6.502197265625,7.406494140625,6.2799072265625,6.75634765625,6.84912109375,5.854248046875,8.6290283203125,5.2225341796875,7.0147705078125,5.897216796875,7.3514404296875,6.9368896484375,5.169677734375,5.1719970703125,9.7525634765625,7.611083984375,6.6431884765625,5.766845703125,6.643310546875,4.7806396484375,7.2535400390625,6.5452880859375,5.9737548828125,6.482666015625,7.535400390625,6.26904296875,6.2880859375,7.0675048828125,6.84228515625,5.12060546875,5.839111328125,6.471923828125,6.70068359375,4.5037841796875,7.035888671875,4.8280029296875,6.0858154296875,7.652099609375,7.078857421875,6.2330322265625,6.1202392578125,5.8948974609375,7.2489013671875,5.1014404296875,7.1304931640625,5.8314208984375,7.5,5.7451171875,6.732666015625,9.7059326171875,7.082763671875,5.0220947265625,7.7996826171875,10.1763916015625,6.751708984375,7.050537109375,7.04150390625,7.67236328125,7.619873046875,5.08984375,5.14306640625,5.6121826171875,6.7257080078125,5.1722412109375,6.1219482421875,7.124755859375,6.9110107421875
ENSG00000105866|chr7:21428042-21428256,0.8994140625,0.4954833984375,0.3148193359375,0.2718505859375,1.44482421875,0.338134765625,12.9224853515625,0.7156982421875,0.4012451171875,0.3062744140625,0.9722900390625,0.488037109375,0.285888671875,0.4044189453125,0.4390869140625,0.4447021484375,0.46533203125,0.3494873046875,0.39208984375,0.24951171875,0.46826171875,0.735595703125,0.7066650390625,0.869384765625,0.3309326171875,0.7979736328125,0.4639892578125,0.3902587890625,0.489501953125,6.1712646484375,0.0,1.223876953125,0.5274658203125,0.338623046875,1.2723388671875,0.479248046875,0.674560546875,0.3756103515625,0.4176025390625,0.423583984375,0.5439453125,0.30078125,0.92578125,0.8387451171875,2.3140869140625,0.974365234375,0.41455078125,0.468017578125,1.2225341796875,0.3209228515625,0.1358642578125,0.3619384765625,0.3944091796875,0.2882080078125,0.6939697265625,1.1817626953125,1.1488037109375,0.1461181640625,0.275146484375,0.3822021484375,0.43017578125,0.5311279296875,0.376220703125,0.3883056640625,2.3974609375,1.2327880859375,0.1702880859375,0.278564453125,0.84326171875,0.3680419921875,0.348388671875,0.457763671875,0.3536376953125,0.947509765625,0.237548828125,10.4920654296875,0.62841796875,0.27099609375,0.681640625,0.2354736328125,0.478271484375,9.963623046875,0.1904296875,1.008544921875,0.460693359375,0.67529296875,0.2974853515625,0.6390380859375,0.4427490234375,0.7078857421875,0.573974609375,0.569091796875,0.2470703125,0.3134765625,0.3092041015625,0.8656005859375,2.2830810546875,0.5594482421875,0.391357421875,0.49560546875,1.1162109375,0.3599853515625,1.3294677734375,0.496337890625,0.33154296875,1.9605712890625,1.1708984375,1.1468505859375,0.2979736328125,0.6907958984375,0.581787109375,0.7340087890625,1.2471923828125,0.19482421875,0.5582275390625,0.5255126953125,0.9388427734375,0.749755859375,0.7081298828125,0.327880859375,0.56689453125,0.3050537109375,0.480712890625,0.4761962890625,0.2791748046875,0.468017578125,0.5599365234375,0.4246826171875,0.552978515625,0.3521728515625,0.4525146484375,0.4700927734375,0.61279296875,0.892333984375,0.63623046875,0.7242431640625,0.416015625,0.463134765625,0.5211181640625,0.473388671875,1.076416015625,1.0938720703125,0.4892578125,0.3800048828125,0.6060791015625,0.895263671875,0.75537109375,0.49658203125,0.549072265625,1.4122314453125,1.0369873046875,0.3045654296875,0.4635009765625,0.414794921875,0.7479248046875,5.2581787109375,0.4881591796875,0.4925537109375,0.3399658203125,0.9638671875,0.3624267578125,0.4423828125,0.208740234375,0.6966552734375,0.4542236328125,0.19970703125,0.442626953125,0.92236328125,0.53564453125,0.87353515625,0.696044921875,0.435546875,0.3590087890625,0.5462646484375,0.4788818359375,1.783447265625,0.6710205078125,0.453857421875,1.2333984375,1.804443359375,0.4593505859375,0.9261474609375,0.7491455078125,0.8106689453125,0.3802490234375,0.5023193359375,0.3629150390625,0.793212890625,0.23583984375,0.657958984375,0.297607421875,0.4227294921875,0.376220703125
ENSG00000105996|chr7:27102197-27102676,0.45458984375,0.6534423828125,0.7396240234375,0.8114013671875,0.53076171875,0.9814453125,15.8514404296875,0.7156982421875,0.6710205078125,1.0196533203125,0.7713623046875,1.317626953125,0.9013671875,0.9605712890625,0.6566162109375,0.7518310546875,0.649658203125,0.9508056640625,1.0341796875,1.250732421875,0.83447265625,0.55859375,0.9080810546875,0.619140625,0.8043212890625,0.4603271484375,0.8111572265625,0.9420166015625,0.69140625,7.6766357421875,1.223876953125,0.0,0.6712646484375,0.833984375,0.9368896484375,0.64453125,0.698486328125,0.8345947265625,1.3074951171875,0.500732421875,0.692626953125,1.437255859375,1.793701171875,0.4293212890625,1.2662353515625,0.385986328125,0.531005859375,0.962890625,2.4920654296875,1.3743896484375,1.5372314453125,1.0655517578125,0.6502685546875,1.2891845703125,0.5819091796875,1.4085693359375,0.6695556640625,1.2606201171875,1.005859375,0.6363525390625,1.1142578125,0.7674560546875,0.695556640625,1.4315185546875,1.642578125,1.1068115234375,1.3599853515625,1.571533203125,0.39599609375,0.4752197265625,1.408203125,0.720703125,0.7352294921875,0.781982421875,0.817138671875,10.4193115234375,2.83935546875,0.798828125,0.962646484375,1.2152099609375,0.701416015625,15.7958984375,0.92333984375,0.275146484375,1.71435546875,1.674072265625,0.7513427734375,1.0865478515625,1.2008056640625,1.8870849609375,0.457763671875,0.732421875,0.755615234375,0.551025390625,0.7706298828125,0.8868408203125,3.5230712890625,1.7215576171875,0.957275390625,0.668701171875,0.3779296875,0.9022216796875,1.2879638671875,0.73193359375,0.854248046875,2.7554931640625,0.417236328125,0.6429443359375,1.5826416015625,0.5706787109375,0.818115234375,0.5723876953125,0.6470947265625,1.1201171875,0.5906982421875,0.5013427734375,1.0692138671875,1.4033203125,1.0843505859375,1.1484375,0.49609375,0.8331298828125,1.117431640625,0.4827880859375,1.0225830078125,0.790283203125,0.4932861328125,0.4925537109375,0.933349609375,0.7366943359375,0.6346435546875,0.7354736328125,0.9111328125,1.10400390625,0.475830078125,0.7552490234375,0.60546875,0.849609375,1.2362060546875,1.320556640625,1.444580078125,0.6741943359375,0.657958984375,0.8870849609375,2.0906982421875,1.788330078125,1.03125,0.58984375,0.549072265625,1.1365966796875,0.3900146484375,0.8021240234375,0.5465087890625,0.731689453125,0.3236083984375,9.4979248046875,1.1304931640625,0.6739501953125,0.7967529296875,1.113037109375,0.7059326171875,1.397705078125,1.135498046875,0.5455322265625,0.6461181640625,1.106201171875,1.069580078125,0.81689453125,0.39208984375,1.4423828125,0.54052734375,1.21875,1.3138427734375,0.6883544921875,0.7410888671875,0.739990234375,0.4515380859375,0.888916015625,0.681396484375,0.79638671875,0.5728759765625,0.2991943359375,0.5123291015625,0.4095458984375,0.5677490234375,1.1751708984375,0.7686767578125,1.34033203125,1.001953125,0.915771484375,0.695556640625,0.5228271484375,0.900146484375
ENSG00000106479|chr7:149838423-149838637,0.4454345703125,0.257568359375,0.26025390625,0.29541015625,0.6549072265625,0.3568115234375,15.478759765625,0.648681640625,0.224365234375,0.508056640625,0.600830078125,0.5667724609375,0.4288330078125,0.32958984375,0.237548828125,0.479248046875,0.3448486328125,0.435302734375,0.5926513671875,0.4261474609375,0.3533935546875,0.4573974609375,0.6806640625,0.3673095703125,0.377685546875,0.588623046875,0.268798828125,0.448974609375,0.4986572265625,7.2802734375,0.5274658203125,0.6712646484375,0.0,0.3839111328125,0.75927734375,0.3922119140625,0.3377685546875,0.355224609375,0.4453125,0.2550048828125,0.4815673828125,0.7620849609375,1.1021728515625,0.483642578125,1.469482421875,0.3873291015625,0.1722412109375,0.6851806640625,1.635009765625,0.649658203125,0.637939453125,0.3486328125,0.213623046875,0.45703125,0.308349609375,0.968505859375,0.38916015625,0.48486328125,0.4051513671875,0.2587890625,0.5599365234375,0.511474609375,0.2847900390625,0.581298828125,1.7796630859375,1.264892578125,0.539794921875,0.8521728515625,0.4044189453125,0.218994140625,0.7745361328125,0.2205810546875,0.32080078125,0.4967041015625,0.3143310546875,11.025146484375,1.3111572265625,0.3079833984375,0.6512451171875,0.59814453125,0.5521240234375,13.0809326171875,0.4532470703125,0.4732666015625,0.9014892578125,0.5880126953125,0.408935546875,0.844970703125,0.71630859375,0.87109375,0.2550048828125,0.2637939453125,0.2630615234375,0.2923583984375,0.212158203125,0.54150390625,2.620849609375,0.830322265625,0.4835205078125,0.5726318359375,0.5721435546875,0.30078125,0.914306640625,0.3468017578125,0.2960205078125,1.61669921875,0.4566650390625,0.6435546875,0.6650390625,0.23876953125,0.5838623046875,0.270751953125,0.54052734375,0.4661865234375,0.402587890625,0.311279296875,0.83251953125,0.8795166015625,0.712158203125,0.7281494140625,0.4471435546875,0.193359375,0.5921630859375,0.298095703125,0.466552734375,0.2410888671875,0.20166015625,0.14990234375,0.5203857421875,0.3994140625,0.2724609375,0.395263671875,0.3543701171875,0.6131591796875,0.2012939453125,0.38623046875,0.1903076171875,0.4527587890625,0.6591796875,0.5535888671875,1.0640869140625,0.754150390625,0.4188232421875,0.310546875,0.87744140625,1.0909423828125,0.4490966796875,0.4447021484375,0.4639892578125,0.697998046875,0.513916015625,0.41259765625,0.236572265625,0.3016357421875,0.361328125,7.256591796875,0.521728515625,0.483154296875,0.2587890625,0.9864501953125,0.370361328125,0.7508544921875,0.4947509765625,0.2314453125,0.21044921875,0.4295654296875,0.5457763671875,0.6256103515625,0.3841552734375,0.8922119140625,0.3914794921875,0.7940673828125,0.537353515625,0.68359375,0.32275390625,0.8800048828125,0.289306640625,0.5697021484375,0.6807861328125,1.0826416015625,0.4140625,0.41650390625,0.587158203125,0.31982421875,0.239501953125,0.669921875,0.4287109375,0.8243408203125,0.3541259765625,0.7464599609375,0.3267822265625,0.20263671875,0.3148193359375
ENSG00000106948|chr9:114398167-114398474,0.595458984375,0.4571533203125,0.4405517578125,0.2274169921875,0.807861328125,0.258544921875,13.9417724609375,0.6483154296875,0.4322509765625,0.3638916015625,0.7376708984375,0.354248046875,0.28515625,0.2960205078125,0.4901123046875,0.4925537109375,0.37548828125,0.3038330078125,0.69482421875,0.442626953125,0.310791015625,0.617919921875,0.5155029296875,0.673828125,0.5093994140625,0.6405029296875,0.5841064453125,0.4366455078125,0.4853515625,6.5682373046875,0.338623046875,0.833984375,0.3839111328125,0.0,0.9620361328125,0.32470703125,0.333251953125,0.3953857421875,0.6163330078125,0.360107421875,0.481689453125,0.561279296875,1.396484375,0.5198974609375,1.5743408203125,0.605712890625,0.3154296875,0.6494140625,1.5184326171875,0.6634521484375,0.4659423828125,0.6116943359375,0.2606201171875,0.5528564453125,0.7125244140625,1.2672119140625,0.8165283203125,0.4210205078125,0.51025390625,0.4232177734375,0.38232421875,0.4044189453125,0.377197265625,0.6754150390625,2.473876953125,0.9581298828125,0.5203857421875,0.778076171875,0.66845703125,0.4095458984375,0.383056640625,0.436767578125,0.3397216796875,0.488525390625,0.423095703125,11.7608642578125,1.295654296875,0.254150390625,0.499755859375,0.4627685546875,0.260986328125,11.263427734375,0.410888671875,0.773681640625,0.8369140625,0.891357421875,0.2398681640625,0.5042724609375,0.5396728515625,0.9835205078125,0.493896484375,0.578857421875,0.403564453125,0.326171875,0.3184814453125,0.4791259765625,2.6732177734375,1.1068115234375,0.410888671875,0.4541015625,0.72998046875,0.2437744140625,1.1497802734375,0.691650390625,0.29150390625,1.9896240234375,0.75146484375,0.9937744140625,0.7423095703125,0.6256103515625,0.447265625,0.4034423828125,1.0325927734375,0.36767578125,0.5140380859375,0.6160888671875,0.7635498046875,0.55322265625,0.7662353515625,0.555908203125,0.508056640625,0.3331298828125,0.664306640625,0.3294677734375,0.2513427734375,0.40478515625,0.3299560546875,0.2969970703125,0.479248046875,0.4012451171875,0.2977294921875,0.6383056640625,0.62109375,0.843505859375,0.309814453125,0.5775146484375,0.39892578125,0.261962890625,0.5616455078125,0.522705078125,1.16943359375,1.1492919921875,0.578125,0.2071533203125,1.1348876953125,0.780029296875,0.39453125,0.461669921875,0.37060546875,0.9329833984375,0.8201904296875,0.1927490234375,0.3656005859375,0.59912109375,0.5345458984375,6.1082763671875,0.3294677734375,0.4456787109375,0.2047119140625,1.04296875,0.2564697265625,0.81640625,0.3662109375,0.5972900390625,0.2332763671875,0.367431640625,0.35888671875,0.618896484375,0.473388671875,0.994140625,0.387939453125,0.57568359375,0.4285888671875,0.5413818359375,0.5946044921875,0.982666015625,0.5496826171875,0.380859375,0.626708984375,1.495361328125,0.3380126953125,0.7120361328125,0.4906005859375,0.6551513671875,0.3980712890625,0.5684814453125,0.3914794921875,0.56201171875,0.44140625,0.452880859375,0.365966796875,0.4068603515625,0.35986328125
ENSG00000107164|chr9:130579043-130579844,0.7198486328125,0.626708984375,0.84326171875,0.850830078125,0.6812744140625,0.6116943359375,14.1376953125,1.051025390625,0.654541015625,1.022216796875,1.212646484375,1.0496826171875,0.8131103515625,0.68212890625,0.896728515625,1.083251953125,0.7999267578125,0.678466796875,1.1683349609375,0.9561767578125,0.5506591796875,0.7449951171875,1.022216796875,0.5950927734375,1.09912109375,0.862548828125,0.90869140625,0.948974609375,0.7266845703125,7.14453125,1.2723388671875,0.9368896484375,0.75927734375,0.9620361328125,0.0,0.7371826171875,0.6448974609375,0.683349609375,0.890625,0.6285400390625,1.0689697265625,1.5391845703125,1.7454833984375,0.565185546875,0.998046875,0.7257080078125,0.7266845703125,1.2352294921875,2.294921875,1.211669921875,1.324462890625,1.001220703125,0.672119140625,1.167724609375,1.03076171875,1.64990234375,0.991943359375,1.2744140625,1.1888427734375,0.7705078125,0.7862548828125,0.6875,0.6690673828125,1.27587890625,2.3939208984375,1.0595703125,1.282958984375,1.6031494140625,0.5980224609375,0.760986328125,1.2396240234375,0.7796630859375,0.870849609375,0.7674560546875,0.8675537109375,12.107666015625,2.4530029296875,0.8043212890625,0.7320556640625,1.13916015625,0.7266845703125,13.6492919921875,1.1168212890625,0.7156982421875,1.5340576171875,1.0440673828125,0.68505859375,1.52685546875,1.198974609375,1.619873046875,0.5960693359375,0.7301025390625,0.7930908203125,0.6475830078125,0.595703125,0.708740234375,4.42529296875,1.557861328125,0.6451416015625,1.2408447265625,0.6566162109375,0.70849609375,1.340576171875,1.0223388671875,0.7154541015625,2.513427734375,0.5802001953125,0.732666015625,1.6416015625,1.123046875,0.7027587890625,0.387939453125,0.859375,1.1627197265625,0.629638671875,0.8525390625,0.841796875,1.1920166015625,1.328125,1.0872802734375,0.7095947265625,0.56884765625,1.1964111328125,0.58349609375,0.950927734375,0.8411865234375,0.54541015625,0.5625,1.2811279296875,0.718505859375,0.801025390625,1.02880859375,0.9251708984375,1.3382568359375,0.4822998046875,0.675048828125,0.9093017578125,0.6671142578125,1.211669921875,0.9581298828125,1.5870361328125,1.197998046875,0.7957763671875,0.72509765625,1.598876953125,1.4927978515625,0.6766357421875,0.6524658203125,0.7794189453125,0.78466796875,0.78271484375,0.832275390625,0.5234375,0.8656005859375,0.6953125,8.09765625,0.8173828125,0.779541015625,0.73095703125,1.3397216796875,0.734619140625,1.2867431640625,0.8609619140625,0.675048828125,0.609130859375,1.0042724609375,0.6981201171875,1.0797119140625,0.7117919921875,1.3773193359375,0.7227783203125,1.1549072265625,0.989990234375,1.30224609375,0.80224609375,1.0230712890625,0.6474609375,0.7198486328125,0.6234130859375,1.0770263671875,0.58447265625,0.5556640625,0.64111328125,0.609619140625,0.790771484375,1.13818359375,0.785888671875,0.9786376953125,0.7901611328125,0.9132080078125,0.9986572265625,0.6337890625,0.7459716796875
ENSG00000108840|chr17:44123413-44123610,0.281982421875,0.2847900390625,0.4710693359375,0.2552490234375,0.6064453125,0.265625,13.5106201171875,0.2672119140625,0.3099365234375,0.2869873046875,0.7017822265625,0.671875,0.299560546875,0.5064697265625,0.6529541015625,0.2078857421875,0.260009765625,0.2857666015625,0.448974609375,0.5048828125,0.360107421875,0.63134765625,0.2432861328125,0.29638671875,0.4207763671875,0.3834228515625,0.4681396484375,0.5889892578125,0.191650390625,5.4891357421875,0.479248046875,0.64453125,0.3922119140625,0.32470703125,0.7371826171875,0.0,0.41455078125,0.2503662109375,0.4691162109375,0.37890625,0.44873046875,0.469970703125,1.4306640625,0.3275146484375,0.9512939453125,0.50634765625,0.22998046875,0.327392578125,1.1878662109375,0.4801025390625,0.6104736328125,0.5614013671875,0.2242431640625,0.7952880859375,0.5631103515625,0.7774658203125,0.8582763671875,0.4517822265625,0.48193359375,0.4854736328125,0.424560546875,0.3865966796875,0.457275390625,0.7747802734375,1.707275390625,0.7205810546875,0.6197509765625,0.8369140625,0.43115234375,0.2110595703125,0.343994140625,0.432861328125,0.4283447265625,0.788330078125,0.3525390625,9.8863525390625,1.40087890625,0.247802734375,0.278076171875,0.4588623046875,0.197021484375,11.65283203125,0.3544921875,0.522216796875,0.805419921875,0.750732421875,0.3265380859375,0.3956298828125,0.7232666015625,0.8380126953125,0.400634765625,0.490234375,0.305419921875,0.16748046875,0.3543701171875,0.4422607421875,2.6580810546875,1.3284912109375,0.288818359375,0.361328125,0.344970703125,0.5084228515625,0.8668212890625,0.505859375,0.131103515625,2.1134033203125,0.634765625,0.5225830078125,0.7271728515625,0.5706787109375,0.239013671875,0.3670654296875,0.8741455078125,0.4833984375,0.2034912109375,0.3421630859375,0.4061279296875,0.369873046875,0.6212158203125,0.4248046875,0.358154296875,0.2615966796875,0.802734375,0.1473388671875,0.2464599609375,0.516845703125,0.1951904296875,0.2862548828125,0.369140625,0.3275146484375,0.4044189453125,0.3128662109375,0.651611328125,0.647705078125,0.306396484375,0.2672119140625,0.4140625,0.301513671875,0.4981689453125,0.47314453125,1.39306640625,0.6614990234375,0.30029296875,0.2135009765625,1.2305908203125,0.7763671875,0.5859375,0.304443359375,0.2421875,0.6873779296875,0.5015869140625,0.3060302734375,0.1612548828125,0.423583984375,0.2769775390625,5.9569091796875,0.4886474609375,0.1905517578125,0.3055419921875,0.49462890625,0.2962646484375,0.58984375,0.328369140625,0.3924560546875,0.2169189453125,0.325439453125,0.378662109375,0.52197265625,0.35009765625,0.76904296875,0.265380859375,0.402587890625,0.6947021484375,0.3934326171875,0.4075927734375,1.11669921875,0.3011474609375,0.158935546875,0.54296875,1.189208984375,0.3028564453125,0.3897705078125,0.3543701171875,0.3524169921875,0.4373779296875,0.5675048828125,0.1253662109375,0.4443359375,0.51220703125,0.32275390625,0.273681640625,0.3153076171875,0.4462890625
ENSG00000109685|chr4:1871399-1871869,0.559814453125,0.3050537109375,0.5902099609375,0.3214111328125,0.49609375,0.30078125,15.2762451171875,0.8206787109375,0.4417724609375,0.6837158203125,0.8306884765625,0.3662109375,0.545654296875,0.2303466796875,0.5279541015625,0.5960693359375,0.3017578125,0.3795166015625,0.928466796875,0.5791015625,0.22314453125,0.47607421875,0.8333740234375,0.51611328125,0.6375732421875,0.6800537109375,0.5113525390625,0.3314208984375,0.516845703125,7.5194091796875,0.674560546875,0.698486328125,0.3377685546875,0.333251953125,0.6448974609375,0.41455078125,0.0,0.4927978515625,0.6817626953125,0.2900390625,0.389892578125,0.97509765625,1.259033203125,0.3133544921875,1.2532958984375,0.48876953125,0.25244140625,0.965576171875,1.8778076171875,0.8563232421875,0.8677978515625,0.8543701171875,0.3497314453125,0.7855224609375,0.6478271484375,1.4420166015625,0.7052001953125,0.8509521484375,0.72900390625,0.3963623046875,0.608154296875,0.4671630859375,0.295654296875,1.1011962890625,2.714111328125,0.8099365234375,0.7984619140625,1.303955078125,0.5205078125,0.3905029296875,0.64794921875,0.365234375,0.2674560546875,0.439697265625,0.57763671875,13.0738525390625,1.92041015625,0.465576171875,0.724365234375,0.6314697265625,0.359375,13.3583984375,0.7060546875,0.528564453125,1.346435546875,0.84521484375,0.3497314453125,0.9930419921875,0.5772705078125,1.4976806640625,0.30615234375,0.63623046875,0.4453125,0.43359375,0.3057861328125,0.5814208984375,3.7867431640625,1.2921142578125,0.3349609375,0.8037109375,0.58056640625,0.2159423828125,1.4827880859375,0.707275390625,0.358642578125,2.4810791015625,0.390625,0.8477783203125,1.2869873046875,0.6351318359375,0.739501953125,0.2637939453125,0.5474853515625,0.59716796875,0.3885498046875,0.6146240234375,0.6341552734375,0.666015625,1.1629638671875,0.728759765625,0.30078125,0.3795166015625,0.70751953125,0.3145751953125,0.3341064453125,0.473876953125,0.3282470703125,0.2508544921875,0.79248046875,0.3682861328125,0.4708251953125,0.8585205078125,0.297119140625,1.247314453125,0.20654296875,0.5396728515625,0.429443359375,0.17333984375,0.9683837890625,0.862060546875,0.919677734375,0.9991455078125,0.49267578125,0.4100341796875,1.4266357421875,1.203369140625,0.330078125,0.460693359375,0.468017578125,0.8961181640625,0.6400146484375,0.3582763671875,0.3184814453125,0.62353515625,0.5181884765625,7.4407958984375,0.4520263671875,0.3773193359375,0.3597412109375,1.468505859375,0.3282470703125,1.237548828125,0.44140625,0.3516845703125,0.1627197265625,0.558837890625,0.553955078125,0.838134765625,0.387939453125,1.41162109375,0.368896484375,0.750732421875,0.5513916015625,0.8905029296875,0.6397705078125,0.506591796875,0.4271240234375,0.58740234375,0.30322265625,0.883056640625,0.2589111328125,0.5443115234375,0.3118896484375,0.3890380859375,0.3392333984375,1.0906982421875,0.5574951171875,0.811767578125,0.4921875,0.769775390625,0.61865234375,0.3106689453125,0.400146484375
ENSG00000110693|chr11:16475902-16476367,0.4222412109375,0.28466796875,0.4296875,0.297607421875,0.7032470703125,0.2552490234375,13.4208984375,0.408935546875,0.289794921875,0.415283203125,0.649169921875,0.6275634765625,0.2845458984375,0.439208984375,0.53955078125,0.4599609375,0.4796142578125,0.344482421875,0.5072021484375,0.4766845703125,0.2686767578125,0.6197509765625,0.40380859375,0.4210205078125,0.401611328125,0.61083984375,0.53369140625,0.60205078125,0.3135986328125,5.638916015625,0.3756103515625,0.8345947265625,0.355224609375,0.3953857421875,0.683349609375,0.2503662109375,0.4927978515625,0.0,0.42138671875,0.3890380859375,0.6004638671875,0.5445556640625,1.4300537109375,0.4482421875,1.234375,0.5955810546875,0.3270263671875,0.3089599609375,1.37158203125,0.509765625,0.468505859375,0.397216796875,0.24365234375,0.601318359375,0.64404296875,0.704345703125,0.8505859375,0.40966796875,0.4522705078125,0.400634765625,0.3695068359375,0.458984375,0.4500732421875,0.560791015625,1.8887939453125,0.87158203125,0.57568359375,0.7596435546875,0.5570068359375,0.300048828125,0.5042724609375,0.4776611328125,0.440673828125,0.6085205078125,0.2386474609375,10.239013671875,1.1822509765625,0.2569580078125,0.3062744140625,0.49951171875,0.3333740234375,11.3748779296875,0.3983154296875,0.7052001953125,0.7745361328125,0.6956787109375,0.247802734375,0.63525390625,0.78369140625,0.74072265625,0.4691162109375,0.3626708984375,0.3162841796875,0.2247314453125,0.303955078125,0.393798828125,2.8447265625,0.95556640625,0.3704833984375,0.4879150390625,0.5257568359375,0.38916015625,0.78662109375,0.5648193359375,0.2547607421875,1.841796875,0.7020263671875,0.559326171875,0.593505859375,0.608154296875,0.2540283203125,0.32177734375,1.04296875,0.5123291015625,0.387451171875,0.413818359375,0.4921875,0.5772705078125,0.57763671875,0.4801025390625,0.4649658203125,0.192138671875,0.8157958984375,0.27392578125,0.392578125,0.4713134765625,0.237060546875,0.2734375,0.6263427734375,0.30859375,0.368896484375,0.390869140625,0.7191162109375,0.6644287109375,0.3421630859375,0.319580078125,0.4739990234375,0.4154052734375,0.4541015625,0.4544677734375,1.4913330078125,0.8583984375,0.4217529296875,0.222900390625,0.95556640625,0.6324462890625,0.5318603515625,0.3414306640625,0.3760986328125,0.773193359375,0.58740234375,0.30517578125,0.19091796875,0.4639892578125,0.488037109375,5.837890625,0.415283203125,0.41357421875,0.2607421875,0.5423583984375,0.2744140625,0.4700927734375,0.3258056640625,0.496337890625,0.2861328125,0.3626708984375,0.3702392578125,0.5621337890625,0.4102783203125,0.6920166015625,0.4329833984375,0.5523681640625,0.6484375,0.5869140625,0.371826171875,1.2589111328125,0.26953125,0.2640380859375,0.6492919921875,1.4622802734375,0.395263671875,0.470458984375,0.512939453125,0.444580078125,0.4638671875,0.41796875,0.1904296875,0.4876708984375,0.4088134765625,0.5147705078125,0.2823486328125,0.321533203125,0.4532470703125
ENSG00000111653|chr12:6662864-6663154,0.9234619140625,0.4384765625,0.3603515625,0.4736328125,1.2481689453125,0.3052978515625,13.1025390625,0.94189453125,0.39208984375,0.533203125,1.245361328125,0.6964111328125,0.3131103515625,0.367431640625,0.594970703125,0.48681640625,0.3851318359375,0.279541015625,0.3873291015625,0.2694091796875,0.4752197265625,0.8499755859375,0.724609375,0.5843505859375,0.479248046875,0.781005859375,0.351806640625,0.521728515625,0.3585205078125,6.031494140625,0.4176025390625,1.3074951171875,0.4453125,0.6163330078125,0.890625,0.4691162109375,0.6817626953125,0.42138671875,0.0,0.4796142578125,0.6925048828125,0.5172119140625,0.8123779296875,0.80419921875,1.971923828125,1.0001220703125,0.4478759765625,0.6900634765625,1.2802734375,0.275634765625,0.334716796875,0.27001953125,0.479736328125,0.33984375,0.612548828125,1.152587890625,1.07080078125,0.335205078125,0.3482666015625,0.5029296875,0.5233154296875,0.5810546875,0.4683837890625,0.63916015625,1.9307861328125,1.44189453125,0.2919921875,0.4378662109375,0.7974853515625,0.44287109375,0.5428466796875,0.3531494140625,0.543212890625,1.0772705078125,0.3677978515625,9.988525390625,0.8411865234375,0.3907470703125,0.8492431640625,0.39599609375,0.6973876953125,10.6807861328125,0.3792724609375,0.8751220703125,0.4593505859375,0.2835693359375,0.525634765625,1.068115234375,0.65185546875,0.73974609375,0.5965576171875,0.4390869140625,0.2659912109375,0.2896728515625,0.29150390625,0.786865234375,2.623779296875,0.55859375,0.3475341796875,0.8389892578125,1.0054931640625,0.446533203125,1.11474609375,0.4869384765625,0.3406982421875,2.064697265625,1.0780029296875,0.877197265625,0.505615234375,0.677978515625,0.6500244140625,0.676513671875,0.97802734375,0.3236083984375,0.42822265625,0.5078125,0.667236328125,0.7491455078125,0.886474609375,0.4539794921875,0.5843505859375,0.19091796875,0.5323486328125,0.433349609375,0.458251953125,0.5655517578125,0.5078125,0.50537109375,0.8206787109375,0.421630859375,0.61767578125,0.4599609375,0.5999755859375,0.7523193359375,0.5892333984375,0.618896484375,0.4476318359375,0.5782470703125,0.742919921875,0.4232177734375,1.0299072265625,0.95556640625,0.4224853515625,0.4501953125,0.5068359375,0.8775634765625,0.7884521484375,0.4984130859375,0.6502685546875,1.00634765625,1.0224609375,0.56005859375,0.3720703125,0.2930908203125,0.724609375,5.780029296875,0.5556640625,0.57958984375,0.525390625,1.0714111328125,0.56884765625,0.4437255859375,0.2567138671875,0.447509765625,0.491943359375,0.3272705078125,0.5064697265625,1.0584716796875,0.6702880859375,0.8450927734375,0.8182373046875,0.5589599609375,0.476318359375,0.799560546875,0.338134765625,1.8607177734375,0.586669921875,0.4078369140625,1.1832275390625,1.5860595703125,0.49072265625,0.79931640625,0.834228515625,0.74853515625,0.454345703125,0.697998046875,0.41943359375,0.8775634765625,0.2835693359375,0.7230224609375,0.5137939453125,0.36865234375,0.3121337890625
ENSG00000112041|chr6:35512253-35512852,0.490966796875,0.1925048828125,0.1680908203125,0.2999267578125,0.751220703125,0.258056640625,14.1322021484375,0.6522216796875,0.2086181640625,0.5235595703125,0.7122802734375,0.5029296875,0.349853515625,0.2232666015625,0.1944580078125,0.3590087890625,0.18701171875,0.2637939453125,0.483642578125,0.382080078125,0.302978515625,0.223876953125,0.7408447265625,0.490478515625,0.2586669921875,0.3045654296875,0.2384033203125,0.1668701171875,0.2939453125,7.3885498046875,0.423583984375,0.500732421875,0.2550048828125,0.360107421875,0.6285400390625,0.37890625,0.2900390625,0.3890380859375,0.4796142578125,0.0,0.210693359375,0.634033203125,0.69140625,0.2813720703125,1.5609130859375,0.394775390625,0.145751953125,0.628173828125,1.7076416015625,0.5516357421875,0.5826416015625,0.4207763671875,0.2547607421875,0.4549560546875,0.2552490234375,1.2918701171875,0.6246337890625,0.4810791015625,0.326171875,0.1385498046875,0.463134765625,0.2979736328125,0.099853515625,0.7276611328125,1.95361328125,0.8653564453125,0.4532470703125,0.703857421875,0.197998046875,0.1461181640625,0.6591796875,0.167236328125,0.1463623046875,0.575927734375,0.296875,11.0572509765625,1.54443359375,0.317626953125,0.70166015625,0.3621826171875,0.3212890625,13.14306640625,0.340576171875,0.26611328125,0.857666015625,0.665771484375,0.2427978515625,0.9227294921875,0.3929443359375,1.2288818359375,0.1328125,0.308349609375,0.169921875,0.16357421875,0.1207275390625,0.7567138671875,3.2125244140625,0.7086181640625,0.268798828125,0.501708984375,0.48583984375,0.2381591796875,1.3109130859375,0.334228515625,0.333740234375,2.3607177734375,0.403076171875,0.5445556640625,0.8243408203125,0.3934326171875,0.558349609375,0.2896728515625,0.3980712890625,0.3046875,0.2440185546875,0.2376708984375,0.6927490234375,0.8916015625,0.8973388671875,0.396240234375,0.159423828125,0.2254638671875,0.30126953125,0.2032470703125,0.3272705078125,0.331787109375,0.2386474609375,0.1270751953125,0.677978515625,0.1414794921875,0.2923583984375,0.4483642578125,0.31884765625,0.9296875,0.208251953125,0.5860595703125,0.20458984375,0.29931640625,0.8197021484375,0.638916015625,0.578369140625,0.5301513671875,0.183349609375,0.4405517578125,1.0101318359375,1.255859375,0.557373046875,0.169921875,0.294677734375,1.0303955078125,0.3580322265625,0.3055419921875,0.2117919921875,0.260986328125,0.2479248046875,7.5765380859375,0.5699462890625,0.2525634765625,0.3253173828125,1.115966796875,0.1778564453125,0.7666015625,0.327880859375,0.1739501953125,0.2239990234375,0.366943359375,0.499267578125,0.85693359375,0.138427734375,1.03564453125,0.396240234375,0.498046875,0.3807373046875,0.5128173828125,0.2640380859375,0.857177734375,0.2325439453125,0.4453125,0.5712890625,0.674560546875,0.1500244140625,0.3236083984375,0.2774658203125,0.2679443359375,0.0794677734375,0.6968994140625,0.3831787109375,0.888671875,0.196533203125,0.5615234375,0.339111328125,0.0882568359375,0.2255859375
ENSG00000112561|chr6:41733540-41733839,0.571533203125,0.2686767578125,0.4476318359375,0.4635009765625,0.904052734375,0.410400390625,13.8956298828125,0.7506103515625,0.3336181640625,0.7054443359375,0.8616943359375,0.663818359375,0.602783203125,0.4603271484375,0.4769287109375,0.3133544921875,0.248779296875,0.3084716796875,0.6328125,0.65234375,0.490234375,0.275634765625,0.9085693359375,0.673095703125,0.3404541015625,0.3699951171875,0.3834228515625,0.2008056640625,0.375,7.7393798828125,0.5439453125,0.692626953125,0.4815673828125,0.481689453125,1.0689697265625,0.44873046875,0.389892578125,0.6004638671875,0.6925048828125,0.210693359375,0.0,0.577392578125,0.733154296875,0.3365478515625,1.7698974609375,0.616455078125,0.2197265625,0.71435546875,1.8802490234375,0.7525634765625,0.8753662109375,0.7606201171875,0.4129638671875,0.7801513671875,0.3853759765625,1.5018310546875,1.0364990234375,0.6278076171875,0.482177734375,0.3111572265625,0.618896484375,0.5367431640625,0.312255859375,1.0955810546875,2.234619140625,0.7034912109375,0.6612548828125,0.8896484375,0.405029296875,0.2318115234375,0.588134765625,0.307373046875,0.2366943359375,0.900390625,0.541015625,11.3504638671875,1.82275390625,0.533935546875,0.92236328125,0.3670654296875,0.353759765625,13.312255859375,0.5166015625,0.41650390625,0.99755859375,0.879638671875,0.4012451171875,1.0760498046875,0.3350830078125,1.6864013671875,0.32470703125,0.657958984375,0.33544921875,0.3603515625,0.2918701171875,1.0926513671875,3.6871337890625,1.0194091796875,0.341552734375,0.659423828125,0.564453125,0.4825439453125,1.8070068359375,0.516845703125,0.43896484375,3.1412353515625,0.51513671875,0.6002197265625,1.0631103515625,0.6746826171875,0.76123046875,0.5606689453125,0.5015869140625,0.423095703125,0.2779541015625,0.3800048828125,0.6612548828125,0.891845703125,1.3533935546875,0.4375,0.142822265625,0.4332275390625,0.33642578125,0.3458251953125,0.3446044921875,0.66748046875,0.4923095703125,0.3004150390625,0.9013671875,0.1903076171875,0.6373291015625,0.6488037109375,0.46337890625,1.35205078125,0.42333984375,0.8551025390625,0.412109375,0.423828125,1.1629638671875,0.9794921875,0.54345703125,0.4644775390625,0.197509765625,0.6761474609375,1.5321044921875,1.503662109375,0.929443359375,0.3037109375,0.339599609375,1.4766845703125,0.4564208984375,0.5035400390625,0.3724365234375,0.46728515625,0.3760986328125,7.5611572265625,0.8316650390625,0.1876220703125,0.5682373046875,1.333251953125,0.2650146484375,0.989013671875,0.45654296875,0.3104248046875,0.3424072265625,0.480224609375,0.65869140625,1.209716796875,0.209228515625,1.230712890625,0.564453125,0.39404296875,0.5909423828125,0.6405029296875,0.4879150390625,1.02734375,0.3795166015625,0.501708984375,0.60791015625,0.73974609375,0.2518310546875,0.5123291015625,0.3619384765625,0.3765869140625,0.2049560546875,1.0347900390625,0.5032958984375,1.045654296875,0.39453125,0.629638671875,0.566650390625,0.2469482421875,0.51318359375
ENSG00000112837|chr6:84763067-84763464,1.063232421875,0.5938720703125,0.5531005859375,0.5367431640625,1.643310546875,0.46875,11.5550537109375,0.7674560546875,0.5772705078125,0.5533447265625,1.2252197265625,0.93798828125,0.38525390625,0.7581787109375,0.8489990234375,0.3206787109375,0.467041015625,0.3875732421875,0.295654296875,0.56298828125,0.77099609375,0.9736328125,0.5806884765625,0.993896484375,0.4798583984375,0.6229248046875,0.6837158203125,0.6607666015625,0.426025390625,5.3563232421875,0.30078125,1.437255859375,0.7620849609375,0.561279296875,1.5391845703125,0.469970703125,0.97509765625,0.5445556640625,0.5172119140625,0.634033203125,0.577392578125,0.0,1.09765625,0.9727783203125,2.3577880859375,1.284423828125,0.52587890625,0.44189453125,1.4339599609375,0.4073486328125,0.4246826171875,0.5753173828125,0.5518798828125,0.6656494140625,0.7830810546875,1.0665283203125,1.6029052734375,0.2391357421875,0.315673828125,0.6597900390625,0.391357421875,0.6104736328125,0.71142578125,0.7215576171875,1.927978515625,1.2047119140625,0.3782958984375,0.349853515625,0.940673828125,0.4696044921875,0.35595703125,0.589111328125,0.6414794921875,1.5517578125,0.5537109375,9.1204833984375,0.844970703125,0.4892578125,0.7734375,0.2703857421875,0.50830078125,9.892333984375,0.3544921875,1.17919921875,0.291015625,0.78466796875,0.6182861328125,0.6414794921875,0.5150146484375,0.8524169921875,0.8671875,0.7685546875,0.35302734375,0.40673828125,0.4913330078125,1.0640869140625,2.3543701171875,0.9232177734375,0.5654296875,0.548583984375,1.15576171875,0.7564697265625,1.4029541015625,0.747802734375,0.404296875,2.5408935546875,1.5068359375,0.9989013671875,0.4000244140625,0.9722900390625,0.53125,1.0357666015625,1.5064697265625,0.25,0.6119384765625,0.6668701171875,0.8043212890625,0.60009765625,0.9779052734375,0.30078125,0.6796875,0.4573974609375,0.59375,0.5172119140625,0.4168701171875,0.900390625,0.7310791015625,0.6839599609375,0.756103515625,0.4718017578125,0.7862548828125,0.4871826171875,1.128662109375,0.872802734375,0.848388671875,1.0272216796875,0.674072265625,0.661865234375,0.6138916015625,0.568603515625,1.235595703125,0.9549560546875,0.468017578125,0.5833740234375,1.0574951171875,0.869873046875,1.30224609375,0.525390625,0.4306640625,1.6981201171875,1.1243896484375,0.5621337890625,0.6114501953125,0.685302734375,0.7525634765625,4.8787841796875,0.7239990234375,0.4725341796875,0.6431884765625,0.89892578125,0.4947509765625,0.378662109375,0.37158203125,0.7742919921875,0.7530517578125,0.355712890625,0.678466796875,1.16162109375,0.7080078125,0.68212890625,0.98046875,0.32421875,0.6851806640625,0.4854736328125,0.6004638671875,2.15283203125,0.8170166015625,0.36083984375,1.44580078125,2.03759765625,0.5648193359375,1.0455322265625,0.8426513671875,1.0152587890625,0.6048583984375,0.5804443359375,0.3846435546875,0.769775390625,0.427734375,0.429931640625,0.490234375,0.6041259765625,0.69091796875
ENSG00000113387|chr5:32531822-32532272,1.835693359375,0.8245849609375,0.6268310546875,1.1370849609375,2.45166015625,0.967041015625,13.6419677734375,1.9385986328125,0.9232177734375,1.2843017578125,2.0836181640625,1.25146484375,1.130615234375,0.8797607421875,0.7545166015625,0.8900146484375,0.79150390625,0.7984619140625,0.90234375,0.715576171875,1.282958984375,0.87158203125,2.1199951171875,1.6435546875,0.7039794921875,1.1348876953125,0.6077880859375,0.4307861328125,0.997314453125,9.2525634765625,0.92578125,1.793701171875,1.1021728515625,1.396484375,1.7454833984375,1.4306640625,1.259033203125,1.4300537109375,0.8123779296875,0.69140625,0.733154296875,1.09765625,0.0,1.2818603515625,3.5386962890625,1.623779296875,0.878662109375,1.63330078125,2.3712158203125,0.8553466796875,1.0216064453125,0.9403076171875,1.2926025390625,0.6837158203125,0.7049560546875,2.6109619140625,1.8612060546875,0.9290771484375,0.751220703125,0.6441650390625,1.275634765625,1.1405029296875,0.58837890625,1.5391845703125,3.028076171875,1.9410400390625,0.6448974609375,0.76611328125,1.1376953125,0.8028564453125,1.3642578125,0.712646484375,0.7066650390625,2.009521484375,0.950439453125,11.6602783203125,1.79345703125,1.1025390625,2.142578125,0.5596923828125,1.369384765625,12.618408203125,0.88134765625,1.073974609375,1.099609375,0.89111328125,1.1280517578125,2.3721923828125,0.4925537109375,2.2569580078125,0.842529296875,1.16015625,0.614990234375,0.909423828125,0.6619873046875,2.3551025390625,4.2681884765625,0.5533447265625,0.774658203125,1.69384765625,1.762451171875,1.0152587890625,2.9715576171875,0.741943359375,1.23876953125,4.0758056640625,1.509521484375,1.4871826171875,1.2640380859375,1.2156982421875,1.8505859375,1.5433349609375,0.9483642578125,0.57666015625,0.9285888671875,0.8184814453125,1.6231689453125,2.0,2.3045654296875,0.7119140625,0.78955078125,0.9141845703125,0.22998046875,1.0548095703125,1.0147705078125,1.2705078125,1.4154052734375,1.0091552734375,1.826171875,0.6900634765625,1.4200439453125,1.1719970703125,0.810302734375,2.15966796875,1.326904296875,1.8304443359375,0.8603515625,1.1982421875,2.1016845703125,1.435546875,0.27734375,0.9876708984375,0.59375,1.6534423828125,1.1326904296875,2.5478515625,1.7724609375,0.829833984375,1.214111328125,2.6641845703125,1.4349365234375,1.3155517578125,1.1439208984375,0.612060546875,1.2613525390625,8.3909912109375,1.6053466796875,0.9461669921875,1.3804931640625,2.50927734375,0.9525146484375,1.301513671875,0.79541015625,0.8155517578125,1.1810302734375,0.797119140625,1.38671875,2.576904296875,0.824951171875,1.97412109375,1.623046875,0.8779296875,0.6409912109375,1.5604248046875,0.7479248046875,2.420166015625,1.2349853515625,1.30859375,1.96337890625,1.25146484375,0.8592529296875,1.4041748046875,1.2559814453125,1.2501220703125,0.5570068359375,1.7415771484375,1.3624267578125,2.044189453125,0.55517578125,1.566162109375,1.274658203125,0.6531982421875,0.73046875
ENSG00000113658|chr5:136132866-136133370,0.3062744140625,0.25244140625,0.55615234375,0.518310546875,0.4815673828125,0.3651123046875,14.02490234375,0.663330078125,0.369873046875,0.700927734375,0.831298828125,0.7711181640625,0.5660400390625,0.5087890625,0.585693359375,0.4599609375,0.3360595703125,0.406982421875,0.7955322265625,0.7569580078125,0.3990478515625,0.3399658203125,0.659423828125,0.4718017578125,0.537841796875,0.348876953125,0.509765625,0.423828125,0.3553466796875,7.169677734375,0.8387451171875,0.4293212890625,0.483642578125,0.5198974609375,0.565185546875,0.3275146484375,0.3133544921875,0.4482421875,0.80419921875,0.2813720703125,0.3365478515625,0.9727783203125,1.2818603515625,0.0,0.884033203125,0.4246826171875,0.3052978515625,0.7232666015625,1.9580078125,0.986328125,1.08203125,0.870849609375,0.367919921875,0.957275390625,0.51025390625,1.35546875,0.872314453125,0.84033203125,0.7923583984375,0.37158203125,0.6265869140625,0.45703125,0.3548583984375,1.228759765625,2.1844482421875,0.60302734375,0.98046875,1.2908935546875,0.3070068359375,0.298583984375,0.7828369140625,0.4827880859375,0.3828125,0.6207275390625,0.5509033203125,11.39306640625,2.2569580078125,0.4859619140625,0.5711669921875,0.630126953125,0.2991943359375,13.8016357421875,0.7677001953125,0.2515869140625,1.3092041015625,1.0125732421875,0.3349609375,1.06591796875,0.68310546875,1.723876953125,0.3262939453125,0.5989990234375,0.4722900390625,0.3560791015625,0.378173828125,0.728515625,4.099609375,1.386474609375,0.3868408203125,0.6910400390625,0.2381591796875,0.47802734375,1.3935546875,0.7047119140625,0.4517822265625,2.89404296875,0.2955322265625,0.35546875,1.303955078125,0.724609375,0.5479736328125,0.263427734375,0.546875,0.7498779296875,0.25048828125,0.339599609375,0.477783203125,0.8890380859375,1.196044921875,0.6170654296875,0.2281494140625,0.421142578125,0.7091064453125,0.26123046875,0.487548828125,0.7164306640625,0.342041015625,0.28955078125,0.9608154296875,0.284912109375,0.54443359375,0.671875,0.6051025390625,1.2362060546875,0.2633056640625,0.54150390625,0.5411376953125,0.3985595703125,1.19970703125,0.9295654296875,0.9947509765625,0.55224609375,0.3399658203125,0.5751953125,1.643798828125,1.3995361328125,0.6475830078125,0.2908935546875,0.3243408203125,0.986572265625,0.26806640625,0.56787109375,0.242919921875,0.5450439453125,0.31005859375,7.957763671875,0.715087890625,0.25927734375,0.50341796875,1.0457763671875,0.3046875,1.0513916015625,0.5850830078125,0.35302734375,0.25634765625,0.6239013671875,0.5648193359375,0.9732666015625,0.2120361328125,1.2215576171875,0.3978271484375,0.6146240234375,0.775390625,0.77978515625,0.49658203125,0.6849365234375,0.245849609375,0.4354248046875,0.2603759765625,0.5775146484375,0.2705078125,0.225830078125,0.2099609375,0.244873046875,0.357177734375,0.975341796875,0.451904296875,0.8306884765625,0.5894775390625,0.5760498046875,0.6014404296875,0.27490234375,0.5565185546875
ENSG00000114315|chr3:194136116-194136223,0.8394775390625,1.296875,1.990478515625,1.4951171875,0.7967529296875,1.3836669921875,15.137451171875,1.201904296875,1.394287109375,1.480224609375,1.71435546875,1.9515380859375,1.6177978515625,1.7353515625,2.085205078125,1.649658203125,1.5382080078125,1.5166015625,2.1160888671875,2.0218505859375,1.2735595703125,1.6802978515625,1.081787109375,1.0091552734375,1.99169921875,1.48046875,1.901611328125,2.071044921875,1.2725830078125,6.13720703125,2.3140869140625,1.2662353515625,1.469482421875,1.5743408203125,0.998046875,0.9512939453125,1.2532958984375,1.234375,1.971923828125,1.5609130859375,1.7698974609375,2.3577880859375,3.5386962890625,0.884033203125,0.0,1.2215576171875,1.4820556640625,1.6829833984375,2.649658203125,2.17529296875,2.457763671875,2.1796875,1.2685546875,2.60302734375,1.86669921875,1.88720703125,1.697265625,2.18798828125,2.2066650390625,1.8349609375,1.5823974609375,1.504638671875,1.6964111328125,2.412109375,2.8470458984375,1.39013671875,2.527099609375,3.0172119140625,1.2188720703125,1.4580078125,1.7901611328125,1.7908935546875,1.75,1.3768310546875,1.6290283203125,12.23486328125,3.7371826171875,1.4769287109375,0.9578857421875,2.156494140625,1.0875244140625,14.8240966796875,2.0589599609375,1.2772216796875,2.8568115234375,2.2010498046875,1.489013671875,1.591064453125,2.382568359375,2.4990234375,1.4827880859375,1.6546630859375,1.7786865234375,1.3529052734375,1.628662109375,1.075439453125,5.139404296875,3.437255859375,1.4349365234375,1.4957275390625,0.7427978515625,1.732177734375,1.68115234375,2.0093994140625,1.2501220703125,3.3515625,1.0152587890625,1.095703125,2.764404296875,1.897705078125,1.0721435546875,0.958740234375,1.741455078125,2.3004150390625,1.18701171875,1.538330078125,1.18603515625,1.3565673828125,1.72314453125,1.9735107421875,1.4666748046875,1.429443359375,2.6195068359375,1.212646484375,1.551513671875,1.7384033203125,1.022705078125,1.3876953125,1.6568603515625,1.609619140625,1.6220703125,1.718017578125,1.9617919921875,1.8629150390625,1.0718994140625,0.896728515625,1.8389892578125,1.3494873046875,1.971435546875,1.6732177734375,3.1422119140625,1.801025390625,1.5535888671875,1.237548828125,3.174072265625,1.7435302734375,1.2713623046875,1.4039306640625,1.2481689453125,1.01953125,1.21435546875,1.537353515625,1.049072265625,1.8406982421875,1.132080078125,8.3974609375,1.583251953125,1.239013671875,1.43310546875,1.3707275390625,1.50439453125,2.2064208984375,1.8262939453125,1.512451171875,1.115966796875,1.8653564453125,1.4527587890625,1.3385009765625,1.3912353515625,2.0863037109375,1.0902099609375,1.8563232421875,2.231201171875,1.89892578125,1.7646484375,1.3594970703125,1.1865234375,1.1710205078125,0.7965087890625,1.6783447265625,1.40478515625,1.028564453125,1.1298828125,1.16748046875,1.826171875,1.785888671875,1.196533203125,1.2828369140625,2.0550537109375,1.3763427734375,1.6072998046875,1.48876953125,1.7698974609375
ENSG00000115053|chr2:231464232-231464485,0.298828125,0.4517822265625,0.5736083984375,0.5008544921875,0.530029296875,0.6904296875,16.9302978515625,0.5189208984375,0.4254150390625,0.8089599609375,0.3275146484375,0.9609375,0.800048828125,0.6414794921875,0.3885498046875,0.7015380859375,0.6201171875,0.7603759765625,0.997802734375,0.936767578125,0.60888671875,0.383544921875,0.9266357421875,0.32958984375,0.6221923828125,0.6236572265625,0.5635986328125,0.7388916015625,0.75927734375,7.7615966796875,0.974365234375,0.385986328125,0.3873291015625,0.605712890625,0.7257080078125,0.50634765625,0.48876953125,0.5955810546875,1.0001220703125,0.394775390625,0.616455078125,1.284423828125,1.623779296875,0.4246826171875,1.2215576171875,0.0,0.40234375,0.90966796875,2.0303955078125,1.0882568359375,1.2196044921875,0.7418212890625,0.4053955078125,0.9976806640625,0.4691162109375,1.2742919921875,0.3218994140625,1.0501708984375,0.878173828125,0.4246826171875,1.01025390625,0.7762451171875,0.4892578125,0.9481201171875,1.841064453125,1.1705322265625,1.1165771484375,1.41650390625,0.32080078125,0.3973388671875,1.161865234375,0.58447265625,0.5623779296875,0.428466796875,0.552001953125,11.6839599609375,2.2451171875,0.544677734375,0.739013671875,1.0814208984375,0.64501953125,15.3017578125,0.762451171875,0.311279296875,1.52490234375,1.25146484375,0.6046142578125,1.0614013671875,1.1527099609375,1.4400634765625,0.2421875,0.472412109375,0.696044921875,0.48486328125,0.5111083984375,0.6131591796875,3.2769775390625,1.4312744140625,0.70263671875,0.708251953125,0.342041015625,0.6456298828125,1.0694580078125,0.489990234375,0.64111328125,1.9393310546875,0.259521484375,0.6561279296875,1.3067626953125,0.4290771484375,0.73876953125,0.2554931640625,0.5692138671875,0.968017578125,0.4949951171875,0.4403076171875,1.1165771484375,1.308349609375,0.9195556640625,1.1279296875,0.499267578125,0.5841064453125,1.01806640625,0.4156494140625,0.8255615234375,0.421142578125,0.2366943359375,0.2318115234375,0.6689453125,0.5875244140625,0.3831787109375,0.6082763671875,0.5849609375,0.95947265625,0.2880859375,0.4903564453125,0.361572265625,0.657958984375,0.9385986328125,1.044189453125,1.480712890625,0.7694091796875,0.60693359375,0.5701904296875,1.5924072265625,1.6865234375,0.566650390625,0.54443359375,0.5703125,0.6695556640625,0.3426513671875,0.5460205078125,0.3931884765625,0.603515625,0.2708740234375,8.6077880859375,0.8631591796875,0.6068115234375,0.5010986328125,1.022216796875,0.5587158203125,1.343017578125,0.945556640625,0.3658447265625,0.3194580078125,0.86474609375,0.6826171875,0.68310546875,0.361572265625,1.24365234375,0.250732421875,1.1806640625,0.9090576171875,0.7415771484375,0.5999755859375,0.55810546875,0.3353271484375,0.8046875,0.48388671875,0.782470703125,0.5811767578125,0.2586669921875,0.6009521484375,0.2408447265625,0.4715576171875,1.0557861328125,0.6431884765625,1.09228515625,0.802001953125,0.951416015625,0.48583984375,0.3883056640625,0.598876953125
ENSG00000115750|chr2:9843488-9843558,0.394287109375,0.1522216796875,0.2310791015625,0.2103271484375,0.613525390625,0.247314453125,14.7337646484375,0.4691162109375,0.1995849609375,0.4310302734375,0.5948486328125,0.488037109375,0.3388671875,0.3248291015625,0.3135986328125,0.2459716796875,0.162353515625,0.2696533203125,0.4345703125,0.4091796875,0.2724609375,0.32275390625,0.5638427734375,0.37109375,0.2547607421875,0.3582763671875,0.2083740234375,0.2669677734375,0.297119140625,7.2435302734375,0.41455078125,0.531005859375,0.1722412109375,0.3154296875,0.7266845703125,0.22998046875,0.25244140625,0.3270263671875,0.4478759765625,0.145751953125,0.2197265625,0.52587890625,0.878662109375,0.3052978515625,1.4820556640625,0.40234375,0.0,0.513671875,1.4708251953125,0.5433349609375,0.5802001953125,0.4400634765625,0.2076416015625,0.5364990234375,0.2877197265625,0.9351806640625,0.5987548828125,0.4456787109375,0.361083984375,0.1920166015625,0.449462890625,0.2718505859375,0.193603515625,0.7193603515625,1.77978515625,0.7589111328125,0.4735107421875,0.7666015625,0.289306640625,0.0811767578125,0.5087890625,0.156982421875,0.2166748046875,0.650634765625,0.30322265625,10.7625732421875,1.42236328125,0.297119140625,0.567138671875,0.3680419921875,0.312744140625,12.94482421875,0.318359375,0.365478515625,0.782958984375,0.5859375,0.2603759765625,0.7166748046875,0.4349365234375,1.0050048828125,0.1533203125,0.36669921875,0.151123046875,0.185546875,0.1781005859375,0.6082763671875,2.8426513671875,0.8912353515625,0.29052734375,0.4990234375,0.443359375,0.2872314453125,1.1505126953125,0.295654296875,0.2138671875,2.1802978515625,0.44091796875,0.5242919921875,0.7196044921875,0.3009033203125,0.478759765625,0.3204345703125,0.4425048828125,0.311767578125,0.2445068359375,0.2523193359375,0.5738525390625,0.627685546875,0.8355712890625,0.422119140625,0.1611328125,0.1968994140625,0.396728515625,0.1153564453125,0.2532958984375,0.3369140625,0.2120361328125,0.0928955078125,0.519775390625,0.2017822265625,0.3001708984375,0.3631591796875,0.302490234375,0.756591796875,0.204833984375,0.4227294921875,0.2138671875,0.2373046875,0.6678466796875,0.599609375,0.806884765625,0.5330810546875,0.209228515625,0.3387451171875,1.0555419921875,1.0380859375,0.539794921875,0.241455078125,0.278564453125,0.8988037109375,0.4139404296875,0.3275146484375,0.1680908203125,0.274658203125,0.2503662109375,7.0006103515625,0.4884033203125,0.1986083984375,0.2359619140625,0.9462890625,0.1558837890625,0.719970703125,0.28564453125,0.1500244140625,0.1683349609375,0.280517578125,0.447998046875,0.6943359375,0.20703125,0.89111328125,0.2880859375,0.45068359375,0.4742431640625,0.4527587890625,0.2498779296875,0.827392578125,0.1812744140625,0.382080078125,0.5078125,0.898681640625,0.1995849609375,0.3360595703125,0.2784423828125,0.2447509765625,0.1541748046875,0.6771240234375,0.3023681640625,0.70263671875,0.26611328125,0.51953125,0.304931640625,0.0916748046875,0.296875
ENSG00000116731|chr1:13704871-13705208,0.572509765625,0.5296630859375,0.5799560546875,0.5550537109375,1.04931640625,0.5947265625,12.7745361328125,0.3438720703125,0.4942626953125,0.5592041015625,0.8565673828125,1.12353515625,0.42919921875,0.8975830078125,0.8089599609375,0.4483642578125,0.649658203125,0.5909423828125,0.488037109375,0.7607421875,0.666748046875,0.95458984375,0.3839111328125,0.649658203125,0.3941650390625,0.5445556640625,0.7069091796875,0.8839111328125,0.34326171875,5.3302001953125,0.468017578125,0.962890625,0.6851806640625,0.6494140625,1.2352294921875,0.327392578125,0.965576171875,0.3089599609375,0.6900634765625,0.628173828125,0.71435546875,0.44189453125,1.63330078125,0.7232666015625,1.6829833984375,0.90966796875,0.513671875,0.0,1.2913818359375,0.6531982421875,0.6409912109375,0.5638427734375,0.3934326171875,0.8699951171875,0.7816162109375,0.6197509765625,1.2340087890625,0.4664306640625,0.500244140625,0.6907958984375,0.557861328125,0.6287841796875,0.761474609375,0.7894287109375,1.51025390625,0.9573974609375,0.7662353515625,0.7138671875,0.693359375,0.3848876953125,0.593505859375,0.738037109375,0.7318115234375,1.162353515625,0.43896484375,8.4588623046875,1.264404296875,0.48486328125,0.49853515625,0.5745849609375,0.455810546875,11.142822265625,0.435791015625,0.86767578125,0.708251953125,1.10205078125,0.4327392578125,0.5003662109375,0.9583740234375,0.8135986328125,0.7333984375,0.616455078125,0.439697265625,0.3359375,0.6207275390625,0.7459716796875,2.4364013671875,1.1976318359375,0.62060546875,0.3740234375,0.643310546875,0.8162841796875,0.9356689453125,0.691650390625,0.431640625,2.1353759765625,1.110595703125,0.6204833984375,0.5675048828125,0.7943115234375,0.28369140625,0.7037353515625,1.3780517578125,0.666015625,0.5086669921875,0.4552001953125,0.7017822265625,0.75048828125,0.5748291015625,0.51953125,0.602783203125,0.4637451171875,0.973388671875,0.4417724609375,0.5943603515625,0.76806640625,0.4913330078125,0.5511474609375,0.630859375,0.4822998046875,0.5638427734375,0.3255615234375,1.097900390625,0.724365234375,0.6708984375,0.6263427734375,0.66259765625,0.728515625,0.5218505859375,0.7724609375,1.764404296875,0.7313232421875,0.51416015625,0.4696044921875,1.3043212890625,0.8876953125,1.135498046875,0.4833984375,0.401611328125,1.2462158203125,0.6400146484375,0.4842529296875,0.4361572265625,0.6220703125,0.5482177734375,5.7003173828125,0.8363037109375,0.4718017578125,0.5523681640625,0.35302734375,0.4727783203125,0.4248046875,0.557861328125,0.7379150390625,0.6226806640625,0.51416015625,0.66943359375,0.67822265625,0.55908203125,0.690185546875,0.68359375,0.544677734375,1.0384521484375,0.3636474609375,0.5189208984375,1.740234375,0.4903564453125,0.377197265625,1.081787109375,1.76123046875,0.5985107421875,0.5721435546875,0.6844482421875,0.6136474609375,0.6671142578125,0.4715576171875,0.2457275390625,0.75341796875,0.6357421875,0.49169921875,0.31982421875,0.6043701171875,0.808349609375
ENSG00000117133|chr1:84479276-84479689,1.8302001953125,1.65478515625,1.447998046875,1.15625,2.2301025390625,1.2943115234375,14.30029296875,1.35400390625,1.32763671875,0.99072265625,2.330322265625,1.4141845703125,1.2774658203125,1.667724609375,1.9287109375,1.426025390625,1.6182861328125,1.341064453125,1.4947509765625,1.0042724609375,1.4749755859375,2.1207275390625,1.385986328125,1.5660400390625,1.5380859375,2.070068359375,1.572998046875,1.885009765625,1.3028564453125,5.6962890625,1.2225341796875,2.4920654296875,1.635009765625,1.5184326171875,2.294921875,1.1878662109375,1.8778076171875,1.37158203125,1.2802734375,1.7076416015625,1.8802490234375,1.4339599609375,2.3712158203125,1.9580078125,2.649658203125,2.0303955078125,1.4708251953125,1.2913818359375,0.0,0.908447265625,1.056640625,1.419189453125,1.59326171875,1.550048828125,2.104736328125,1.816162109375,2.3037109375,1.156982421875,1.5247802734375,1.858642578125,1.6051025390625,1.59326171875,1.6387939453125,1.366943359375,3.2501220703125,1.998046875,1.28369140625,1.4759521484375,2.1075439453125,1.4833984375,1.0411376953125,1.9019775390625,1.646484375,2.3031005859375,1.0855712890625,10.5546875,1.0762939453125,1.2091064453125,1.3624267578125,1.32666015625,1.4407958984375,9.5574951171875,1.1070556640625,2.1663818359375,1.7420654296875,1.2884521484375,1.32421875,1.35595703125,1.83935546875,1.185546875,1.6671142578125,1.6783447265625,1.3983154296875,1.2779541015625,1.631591796875,1.7138671875,3.125244140625,2.042236328125,1.2589111328125,1.4891357421875,1.9869384765625,1.64013671875,1.97900390625,1.4324951171875,1.2130126953125,2.67431640625,2.3702392578125,2.2314453125,1.299560546875,1.777587890625,1.3902587890625,1.862548828125,2.527099609375,1.4154052734375,1.371826171875,1.635009765625,1.70361328125,1.1885986328125,1.286865234375,1.2806396484375,1.7833251953125,1.3544921875,2.0045166015625,1.391845703125,1.201171875,1.5550537109375,1.478759765625,1.687744140625,1.4154052734375,1.57763671875,1.71875,1.41796875,1.6907958984375,1.7279052734375,1.8739013671875,1.19775390625,1.6925048828125,1.5196533203125,1.4306640625,1.0772705078125,2.9874267578125,2.26708984375,1.5369873046875,1.27783203125,1.248291015625,1.7215576171875,1.6685791015625,1.6173095703125,1.7213134765625,1.742919921875,2.2119140625,1.341552734375,1.333740234375,1.2381591796875,1.812255859375,4.337158203125,1.434814453125,1.380859375,1.437744140625,1.4935302734375,1.642333984375,1.3765869140625,1.0953369140625,1.813232421875,1.398193359375,0.9268798828125,1.2103271484375,1.5643310546875,1.8245849609375,1.9901123046875,1.3233642578125,1.2777099609375,1.5625,1.544189453125,1.387451171875,3.1837158203125,1.67236328125,1.1849365234375,2.1168212890625,3.1419677734375,1.677490234375,1.95947265625,1.979248046875,1.75732421875,1.82666015625,1.451171875,1.07666015625,1.4044189453125,1.4942626953125,1.7176513671875,1.3214111328125,1.552001953125,1.3460693359375
ENSG00000120705|chr5:138542792-138543177,1.1014404296875,0.55859375,0.39111328125,0.4384765625,1.5313720703125,0.4173583984375,12.51025390625,0.82080078125,0.46240234375,0.406005859375,1.3505859375,0.6988525390625,0.3531494140625,0.536865234375,0.66357421875,0.4404296875,0.4498291015625,0.328125,0.4237060546875,0.2330322265625,0.6380615234375,0.9427490234375,0.85693359375,0.7645263671875,0.531982421875,0.826904296875,0.5390625,0.62451171875,0.4058837890625,5.57958984375,0.3209228515625,1.3743896484375,0.649658203125,0.6634521484375,1.211669921875,0.4801025390625,0.8563232421875,0.509765625,0.275634765625,0.5516357421875,0.7525634765625,0.4073486328125,0.8553466796875,0.986328125,2.17529296875,1.0882568359375,0.5433349609375,0.6531982421875,0.908447265625,0.0,0.282470703125,0.392333984375,0.610107421875,0.43994140625,0.755126953125,1.276611328125,1.27734375,0.290283203125,0.3199462890625,0.590576171875,0.5643310546875,0.712158203125,0.5159912109375,0.560302734375,2.2186279296875,1.437255859375,0.18798828125,0.3533935546875,0.9039306640625,0.472412109375,0.4610595703125,0.5618896484375,0.5146484375,1.3634033203125,0.3470458984375,9.99658203125,0.6307373046875,0.3524169921875,0.8497314453125,0.3193359375,0.6551513671875,9.8243408203125,0.2449951171875,0.9901123046875,0.5272216796875,0.4427490234375,0.5908203125,0.910888671875,0.593994140625,0.7001953125,0.6556396484375,0.5814208984375,0.3033447265625,0.3092041015625,0.38134765625,1.016357421875,2.48681640625,0.671142578125,0.4432373046875,0.7493896484375,1.1632080078125,0.599365234375,1.312744140625,0.4415283203125,0.4505615234375,2.24658203125,1.3206787109375,1.16943359375,0.439453125,0.80078125,0.6849365234375,0.90625,1.1533203125,0.2769775390625,0.467529296875,0.574951171875,0.8720703125,0.7376708984375,0.845703125,0.3582763671875,0.7159423828125,0.349609375,0.6072998046875,0.488525390625,0.4453125,0.6348876953125,0.640625,0.614013671875,0.6756591796875,0.487060546875,0.710693359375,0.494873046875,0.7540283203125,0.8875732421875,0.8482666015625,0.68359375,0.5574951171875,0.6202392578125,0.687744140625,0.3509521484375,1.2154541015625,1.086669921875,0.4146728515625,0.567626953125,0.52978515625,1.0462646484375,0.9229736328125,0.5328369140625,0.6610107421875,1.245849609375,1.203857421875,0.49462890625,0.49169921875,0.3431396484375,0.76904296875,5.191650390625,0.680908203125,0.53125,0.617919921875,1.0140380859375,0.565673828125,0.4207763671875,0.2896728515625,0.654296875,0.59130859375,0.2364501953125,0.5704345703125,1.1195068359375,0.6807861328125,0.9302978515625,0.7681884765625,0.4683837890625,0.450439453125,0.718505859375,0.404541015625,2.1414794921875,0.732421875,0.4205322265625,1.3990478515625,1.7196044921875,0.521728515625,1.031494140625,0.91455078125,0.884765625,0.525390625,0.667724609375,0.385498046875,0.8148193359375,0.3577880859375,0.7510986328125,0.4129638671875,0.447265625,0.3372802734375
ENSG00000121653|chr11:45885650-45885824,1.1512451171875,0.662353515625,0.38427734375,0.384033203125,1.6175537109375,0.3709716796875,12.713134765625,0.97607421875,0.543212890625,0.3623046875,1.2880859375,0.5223388671875,0.3065185546875,0.473388671875,0.606689453125,0.67529296875,0.5989990234375,0.448486328125,0.4559326171875,0.1976318359375,0.5037841796875,1.0438232421875,0.750732421875,1.0328369140625,0.528564453125,0.999755859375,0.5732421875,0.57958984375,0.5999755859375,5.7998046875,0.1358642578125,1.5372314453125,0.637939453125,0.4659423828125,1.324462890625,0.6104736328125,0.8677978515625,0.468505859375,0.334716796875,0.5826416015625,0.8753662109375,0.4246826171875,1.0216064453125,1.08203125,2.457763671875,1.2196044921875,0.5802001953125,0.6409912109375,1.056640625,0.282470703125,0.0,0.3310546875,0.550537109375,0.266357421875,0.89697265625,1.18408203125,1.233642578125,0.15625,0.3470458984375,0.570068359375,0.5247802734375,0.5888671875,0.4986572265625,0.392822265625,2.5186767578125,1.5048828125,0.1640625,0.2884521484375,1.0465087890625,0.560791015625,0.4654541015625,0.5960693359375,0.556640625,1.1610107421875,0.3338623046875,10.435791015625,0.4761962890625,0.3494873046875,0.7635498046875,0.3544921875,0.6639404296875,9.4945068359375,0.2557373046875,1.3077392578125,0.4276123046875,0.5489501953125,0.44140625,0.77392578125,0.649658203125,0.52685546875,0.7823486328125,0.5892333984375,0.3450927734375,0.3948974609375,0.424560546875,0.89794921875,2.1318359375,0.5283203125,0.4879150390625,0.7244873046875,1.3917236328125,0.4033203125,1.225830078125,0.6224365234375,0.3995361328125,1.790771484375,1.4466552734375,1.38232421875,0.267578125,0.840576171875,0.6519775390625,0.894287109375,1.45947265625,0.2459716796875,0.763427734375,0.71337890625,1.0009765625,0.7410888671875,0.7021484375,0.4237060546875,0.7969970703125,0.3388671875,0.6280517578125,0.576904296875,0.376953125,0.5526123046875,0.672607421875,0.608642578125,0.7130126953125,0.51171875,0.54150390625,0.58837890625,0.7716064453125,0.8104248046875,0.7860107421875,0.748046875,0.5823974609375,0.5645751953125,0.514404296875,0.3565673828125,1.2952880859375,1.447265625,0.6771240234375,0.451904296875,0.37060546875,0.7362060546875,0.7532958984375,0.6868896484375,0.7681884765625,1.32568359375,1.34765625,0.425537109375,0.601806640625,0.4949951171875,0.981201171875,4.72265625,0.40673828125,0.722412109375,0.42626953125,1.1094970703125,0.521484375,0.3795166015625,0.2237548828125,0.85546875,0.595703125,0.2139892578125,0.5172119140625,0.9447021484375,0.8133544921875,0.8924560546875,0.9010009765625,0.5682373046875,0.37841796875,0.729736328125,0.511474609375,2.1177978515625,0.825927734375,0.5389404296875,1.4742431640625,2.2135009765625,0.607666015625,1.15380859375,0.9912109375,1.096923828125,0.57080078125,0.44580078125,0.46142578125,0.7913818359375,0.2784423828125,0.7330322265625,0.4263916015625,0.53564453125,0.3414306640625
ENSG00000122180|chr1:203085771-203085972,0.7838134765625,0.477294921875,0.16748046875,0.51513671875,1.2838134765625,0.4610595703125,13.580810546875,0.824951171875,0.322509765625,0.491455078125,0.829833984375,0.9346923828125,0.3033447265625,0.540283203125,0.30517578125,0.575927734375,0.5050048828125,0.4736328125,0.2945556640625,0.3538818359375,0.6256103515625,0.7618408203125,0.72998046875,0.5367431640625,0.393798828125,0.67431640625,0.29736328125,0.61767578125,0.5186767578125,6.369140625,0.3619384765625,1.0655517578125,0.3486328125,0.6116943359375,1.001220703125,0.5614013671875,0.8543701171875,0.397216796875,0.27001953125,0.4207763671875,0.7606201171875,0.5753173828125,0.9403076171875,0.870849609375,2.1796875,0.7418212890625,0.4400634765625,0.5638427734375,1.419189453125,0.392333984375,0.3310546875,0.0,0.41796875,0.191650390625,0.407470703125,0.82470703125,0.6884765625,0.2880859375,0.2318115234375,0.387939453125,0.5709228515625,0.578125,0.4427490234375,0.321533203125,1.4661865234375,1.685302734375,0.28369140625,0.3358154296875,0.6451416015625,0.354248046875,0.8699951171875,0.3228759765625,0.593994140625,0.9710693359375,0.2601318359375,9.166259765625,0.7933349609375,0.3543701171875,0.7269287109375,0.5654296875,0.8013916015625,11.8004150390625,0.3280029296875,0.8123779296875,0.4188232421875,0.4324951171875,0.508056640625,0.948486328125,0.8818359375,0.5185546875,0.5101318359375,0.1544189453125,0.3123779296875,0.2791748046875,0.294189453125,0.737060546875,2.037353515625,0.35791015625,0.5906982421875,0.6856689453125,0.9202880859375,0.519775390625,0.7197265625,0.3009033203125,0.4185791015625,1.432861328125,1.0042724609375,0.79150390625,0.28271484375,0.429443359375,0.5780029296875,0.601318359375,0.97265625,0.4039306640625,0.570556640625,0.33740234375,0.99755859375,1.0894775390625,0.5654296875,0.6390380859375,0.6651611328125,0.228515625,0.5797119140625,0.479248046875,0.677978515625,0.3677978515625,0.4296875,0.35791015625,0.6676025390625,0.484130859375,0.36572265625,0.25244140625,0.6590576171875,0.4307861328125,0.5452880859375,0.573974609375,0.3143310546875,0.7711181640625,0.529541015625,0.5030517578125,1.2054443359375,0.83837890625,0.4793701171875,0.470703125,0.42041015625,1.0213623046875,0.8485107421875,0.5513916015625,0.6282958984375,0.93896484375,0.856201171875,0.569091796875,0.408935546875,0.2303466796875,0.5439453125,6.38525390625,0.631591796875,0.727783203125,0.42578125,0.7659912109375,0.58203125,0.3450927734375,0.4630126953125,0.441162109375,0.52978515625,0.4305419921875,0.5626220703125,0.7896728515625,0.6070556640625,0.4532470703125,0.7784423828125,0.8226318359375,0.55908203125,0.5615234375,0.19873046875,1.7449951171875,0.479736328125,0.5760498046875,1.3524169921875,1.6593017578125,0.60400390625,0.655517578125,0.99755859375,0.655029296875,0.36181640625,0.414306640625,0.3876953125,0.9932861328125,0.2569580078125,0.7640380859375,0.3148193359375,0.357177734375,0.2991943359375
ENSG00000123609|chr2:151289396-151289682,0.3626708984375,0.2470703125,0.32958984375,0.259521484375,0.6619873046875,0.2701416015625,13.929931640625,0.501953125,0.249267578125,0.44921875,0.542236328125,0.5496826171875,0.3272705078125,0.328125,0.353515625,0.40771484375,0.3341064453125,0.31396484375,0.5694580078125,0.4681396484375,0.2703857421875,0.5350341796875,0.43115234375,0.3768310546875,0.343017578125,0.44921875,0.384765625,0.431396484375,0.3360595703125,6.4677734375,0.3944091796875,0.6502685546875,0.213623046875,0.2606201171875,0.672119140625,0.2242431640625,0.3497314453125,0.24365234375,0.479736328125,0.2547607421875,0.4129638671875,0.5518798828125,1.2926025390625,0.367919921875,1.2685546875,0.4053955078125,0.2076416015625,0.3934326171875,1.59326171875,0.610107421875,0.550537109375,0.41796875,0.0,0.537841796875,0.455322265625,0.89794921875,0.62109375,0.411865234375,0.3885498046875,0.30224609375,0.4134521484375,0.438232421875,0.3238525390625,0.625732421875,1.8941650390625,1.0166015625,0.564697265625,0.7703857421875,0.3741455078125,0.23828125,0.5421142578125,0.3067626953125,0.291748046875,0.4544677734375,0.3070068359375,10.80517578125,1.3199462890625,0.1766357421875,0.3970947265625,0.450927734375,0.2821044921875,12.0709228515625,0.4178466796875,0.5159912109375,0.7664794921875,0.7484130859375,0.25,0.550537109375,0.6357421875,0.87109375,0.3214111328125,0.3394775390625,0.2825927734375,0.2410888671875,0.197509765625,0.422607421875,2.640625,0.966796875,0.3646240234375,0.3995361328125,0.4879150390625,0.27294921875,0.854248046875,0.5076904296875,0.2034912109375,1.708740234375,0.5245361328125,0.589599609375,0.63818359375,0.4541015625,0.3179931640625,0.1904296875,0.792236328125,0.4254150390625,0.333984375,0.33251953125,0.670654296875,0.6717529296875,0.676025390625,0.5364990234375,0.3421630859375,0.189697265625,0.6585693359375,0.234619140625,0.334228515625,0.3326416015625,0.181396484375,0.146728515625,0.3983154296875,0.2685546875,0.20458984375,0.364501953125,0.5352783203125,0.6556396484375,0.1912841796875,0.381591796875,0.2481689453125,0.2974853515625,0.559326171875,0.5206298828125,1.1636962890625,0.816162109375,0.3936767578125,0.176513671875,1.095458984375,0.8150634765625,0.3919677734375,0.3558349609375,0.2623291015625,0.774658203125,0.458984375,0.214599609375,0.209716796875,0.4290771484375,0.307373046875,6.531982421875,0.46923828125,0.345458984375,0.21826171875,0.7032470703125,0.240478515625,0.6168212890625,0.4049072265625,0.335205078125,0.15966796875,0.3736572265625,0.3531494140625,0.5130615234375,0.3138427734375,0.7982177734375,0.3509521484375,0.6033935546875,0.5546875,0.487060546875,0.396728515625,0.9012451171875,0.30126953125,0.3477783203125,0.5635986328125,1.1192626953125,0.30517578125,0.39697265625,0.3896484375,0.341064453125,0.289794921875,0.48681640625,0.28759765625,0.6444091796875,0.3675537109375,0.4451904296875,0.2274169921875,0.27685546875,0.3507080078125
ENSG00000123685|chr1:212699536-212699950,1.1546630859375,0.513427734375,0.21337890625,0.528076171875,1.5716552734375,0.4720458984375,13.565185546875,1.19091796875,0.432373046875,0.572021484375,1.193115234375,0.7088623046875,0.3367919921875,0.3896484375,0.292724609375,0.716064453125,0.5540771484375,0.447265625,0.4962158203125,0.2391357421875,0.6116943359375,0.7884521484375,1.011962890625,0.8883056640625,0.451416015625,0.913818359375,0.36328125,0.43896484375,0.6434326171875,7.11669921875,0.2882080078125,1.2891845703125,0.45703125,0.5528564453125,1.167724609375,0.7952880859375,0.7855224609375,0.601318359375,0.33984375,0.4549560546875,0.7801513671875,0.6656494140625,0.6837158203125,0.957275390625,2.60302734375,0.9976806640625,0.5364990234375,0.8699951171875,1.550048828125,0.43994140625,0.266357421875,0.191650390625,0.537841796875,0.0,0.5478515625,1.38330078125,0.920166015625,0.30224609375,0.2928466796875,0.3623046875,0.6072998046875,0.636962890625,0.3585205078125,0.455810546875,2.2867431640625,1.782958984375,0.202880859375,0.3116455078125,0.8699951171875,0.49853515625,0.8231201171875,0.3863525390625,0.478515625,0.9617919921875,0.2945556640625,10.70458984375,0.7769775390625,0.3548583984375,1.0447998046875,0.445068359375,0.8758544921875,11.0299072265625,0.3953857421875,0.9654541015625,0.4903564453125,0.4925537109375,0.5107421875,1.173828125,0.588623046875,0.823486328125,0.5994873046875,0.3936767578125,0.3182373046875,0.4117431640625,0.272705078125,0.943115234375,2.4453125,0.261962890625,0.5621337890625,0.8912353515625,1.2662353515625,0.378662109375,1.242431640625,0.4698486328125,0.5621337890625,1.8203125,1.1700439453125,1.175537109375,0.36865234375,0.564453125,0.8768310546875,0.75341796875,1.0595703125,0.2940673828125,0.716064453125,0.529052734375,1.1904296875,1.2088623046875,0.870361328125,0.6307373046875,0.7103271484375,0.29443359375,0.3919677734375,0.593994140625,0.6162109375,0.4376220703125,0.641845703125,0.468505859375,0.8489990234375,0.498779296875,0.505615234375,0.557373046875,0.5728759765625,0.8563232421875,0.6383056640625,0.872802734375,0.3656005859375,0.6925048828125,0.813720703125,0.5501708984375,0.8951416015625,1.15283203125,0.6051025390625,0.584716796875,0.339599609375,1.2098388671875,0.7933349609375,0.6485595703125,0.7264404296875,1.31591796875,1.169189453125,0.557373046875,0.54736328125,0.3182373046875,0.8369140625,6.36279296875,0.609375,0.836669921875,0.506103515625,1.3294677734375,0.596435546875,0.5455322265625,0.4224853515625,0.5947265625,0.58642578125,0.3929443359375,0.6221923828125,1.0982666015625,0.6488037109375,0.8873291015625,0.9573974609375,0.8394775390625,0.310302734375,0.8427734375,0.34423828125,1.7467041015625,0.759033203125,0.7220458984375,1.4586181640625,1.6949462890625,0.541748046875,0.957275390625,1.0224609375,0.86376953125,0.326904296875,0.63232421875,0.629638671875,1.0699462890625,0.2225341796875,0.9354248046875,0.4862060546875,0.417724609375,0.2618408203125
ENSG00000124151|chr20:47501905-47502113,0.6207275390625,0.275146484375,0.265625,0.60009765625,1.1177978515625,0.6160888671875,14.763916015625,0.810546875,0.33935546875,0.727294921875,0.720703125,1.1146240234375,0.5899658203125,0.609619140625,0.26220703125,0.416748046875,0.3865966796875,0.558837890625,0.4525146484375,0.6697998046875,0.7564697265625,0.4188232421875,0.980712890625,0.5479736328125,0.287353515625,0.377685546875,0.26025390625,0.40185546875,0.5184326171875,7.792236328125,0.6939697265625,0.5819091796875,0.308349609375,0.7125244140625,1.03076171875,0.5631103515625,0.6478271484375,0.64404296875,0.612548828125,0.2552490234375,0.3853759765625,0.7830810546875,0.7049560546875,0.51025390625,1.86669921875,0.4691162109375,0.2877197265625,0.7816162109375,2.104736328125,0.755126953125,0.89697265625,0.407470703125,0.455322265625,0.5478515625,0.0,1.200439453125,0.619140625,0.65185546875,0.3299560546875,0.20458984375,0.7733154296875,0.58837890625,0.3165283203125,0.933349609375,1.4586181640625,1.400634765625,0.614013671875,0.7388916015625,0.2989501953125,0.189453125,1.0760498046875,0.2198486328125,0.471435546875,0.9217529296875,0.4344482421875,9.903564453125,1.8013916015625,0.5592041015625,1.0789794921875,0.59326171875,0.7083740234375,14.0867919921875,0.5172119140625,0.2911376953125,0.8314208984375,0.8048095703125,0.647216796875,1.18310546875,0.703125,1.420166015625,0.2960205078125,0.4002685546875,0.3265380859375,0.3114013671875,0.3154296875,1.04150390625,2.989990234375,0.7421875,0.5831298828125,0.6856689453125,0.5665283203125,0.65283203125,1.365478515625,0.2579345703125,0.5875244140625,2.43408203125,0.5252685546875,0.521728515625,0.8408203125,0.337646484375,0.8514404296875,0.572998046875,0.4130859375,0.5072021484375,0.41455078125,0.1865234375,1.07568359375,1.3360595703125,1.102783203125,0.6868896484375,0.3492431640625,0.412109375,0.3697509765625,0.39306640625,0.716552734375,0.5079345703125,0.4306640625,0.28125,0.7806396484375,0.421630859375,0.49951171875,0.376708984375,0.5355224609375,0.8895263671875,0.3912353515625,0.799560546875,0.2047119140625,0.7667236328125,1.052001953125,0.9686279296875,0.6805419921875,0.325927734375,0.2569580078125,0.752197265625,1.155517578125,1.6427001953125,1.0352783203125,0.3760986328125,0.4569091796875,1.29638671875,0.4326171875,0.72119140625,0.4443359375,0.2750244140625,0.266357421875,8.522216796875,1.0107421875,0.50341796875,0.6328125,1.1053466796875,0.464599609375,0.8392333984375,0.7049560546875,0.223876953125,0.497802734375,0.6258544921875,0.8668212890625,1.1138916015625,0.2662353515625,0.9576416015625,0.7091064453125,0.8336181640625,0.69091796875,0.597412109375,0.31005859375,1.1788330078125,0.383056640625,0.7413330078125,1.0308837890625,0.7723388671875,0.474609375,0.34619140625,0.633056640625,0.3837890625,0.1728515625,0.956787109375,0.60546875,1.2559814453125,0.4210205078125,0.8106689453125,0.4642333984375,0.216064453125,0.4378662109375
ENSG00000124813|chr6:45422307-45422407,0.8592529296875,0.992919921875,1.1865234375,1.116943359375,1.2535400390625,1.2388916015625,14.447509765625,0.78759765625,0.953857421875,1.03466796875,1.004150390625,1.9906005859375,0.9578857421875,1.69775390625,1.432373046875,1.03955078125,1.2276611328125,1.297607421875,0.8477783203125,1.4632568359375,1.1746826171875,1.6119384765625,0.5927734375,0.8172607421875,1.02783203125,1.13671875,1.17822265625,1.755126953125,0.9571533203125,5.399169921875,1.1817626953125,1.4085693359375,0.968505859375,1.2672119140625,1.64990234375,0.7774658203125,1.4420166015625,0.704345703125,1.152587890625,1.2918701171875,1.5018310546875,1.0665283203125,2.6109619140625,1.35546875,1.88720703125,1.2742919921875,0.9351806640625,0.6197509765625,1.816162109375,1.276611328125,1.18408203125,0.82470703125,0.89794921875,1.38330078125,1.200439453125,0.0,1.23291015625,1.076904296875,1.0345458984375,1.354736328125,1.1722412109375,0.9365234375,1.4471435546875,1.11474609375,1.0130615234375,1.642822265625,1.43017578125,1.4595947265625,1.2762451171875,0.864501953125,1.3392333984375,1.1004638671875,1.585693359375,1.7015380859375,0.9632568359375,7.898681640625,1.6907958984375,1.0975341796875,0.6815185546875,1.482177734375,1.1488037109375,13.1998291015625,1.0345458984375,1.5472412109375,1.1663818359375,1.3568115234375,1.15673828125,0.91162109375,2.001953125,0.807861328125,1.2718505859375,0.8895263671875,1.0340576171875,0.8792724609375,1.243408203125,0.71875,2.358154296875,1.83203125,1.3680419921875,0.9593505859375,1.0308837890625,1.384765625,0.60888671875,1.1937255859375,0.7716064453125,1.9296875,1.5714111328125,0.887451171875,0.955810546875,0.916015625,0.6729736328125,1.12744140625,1.904052734375,1.3878173828125,1.233154296875,1.013427734375,1.043212890625,0.9678955078125,0.67822265625,1.3775634765625,1.2471923828125,0.879638671875,1.8404541015625,0.91162109375,1.268310546875,1.1746826171875,0.760009765625,0.967529296875,1.0450439453125,1.209228515625,1.068115234375,0.704833984375,1.6588134765625,0.5670166015625,1.0069580078125,0.7568359375,1.2113037109375,1.3157958984375,0.63330078125,1.2816162109375,2.8316650390625,1.28466796875,1.2469482421875,0.842529296875,1.666015625,0.8350830078125,1.6441650390625,1.1536865234375,0.9200439453125,1.238525390625,1.232177734375,1.138671875,0.886962890625,1.1519775390625,1.02197265625,5.82275390625,1.07373046875,1.212646484375,0.8798828125,0.5167236328125,1.10107421875,0.9122314453125,1.2020263671875,1.053466796875,1.1005859375,1.1444091796875,1.2662353515625,0.6822509765625,1.2733154296875,0.5980224609375,1.1361083984375,1.4075927734375,1.8466796875,0.817626953125,0.901123046875,2.0135498046875,0.8125,0.9647216796875,1.5452880859375,2.7161865234375,1.2626953125,0.976318359375,1.4423828125,1.09375,1.309814453125,0.76904296875,0.655029296875,1.0611572265625,1.1920166015625,1.0023193359375,0.8834228515625,1.102294921875,1.4041748046875
ENSG00000125520|chr20:63739767-63740380,0.6365966796875,0.722412109375,0.697265625,0.671630859375,0.7457275390625,0.9622802734375,18.415283203125,0.951904296875,0.669921875,1.005126953125,0.569091796875,1.1478271484375,0.9478759765625,0.81689453125,0.478759765625,1.10009765625,0.8367919921875,1.121826171875,1.2239990234375,1.0645751953125,0.7742919921875,0.8265380859375,1.13623046875,0.5343017578125,0.88037109375,1.0078125,0.67578125,1.053955078125,1.1002197265625,8.4755859375,1.1488037109375,0.6695556640625,0.38916015625,0.8165283203125,0.991943359375,0.8582763671875,0.7052001953125,0.8505859375,1.07080078125,0.6246337890625,1.0364990234375,1.6029052734375,1.8612060546875,0.872314453125,1.697265625,0.3218994140625,0.5987548828125,1.2340087890625,2.3037109375,1.27734375,1.233642578125,0.6884765625,0.62109375,0.920166015625,0.619140625,1.23291015625,0.0,1.207275390625,0.9874267578125,0.668701171875,1.3087158203125,0.91064453125,0.6768798828125,0.8935546875,1.8668212890625,1.85400390625,1.161865234375,1.5894775390625,0.6063232421875,0.6435546875,1.5494384765625,0.6187744140625,0.877197265625,0.6112060546875,0.7235107421875,11.7734375,2.2076416015625,0.7952880859375,1.0784912109375,1.493408203125,1.1185302734375,15.7921142578125,0.8831787109375,0.6578369140625,1.6407470703125,1.2069091796875,0.87744140625,1.238037109375,1.565185546875,1.2431640625,0.5108642578125,0.4639892578125,0.8475341796875,0.6854248046875,0.699462890625,0.675537109375,2.789306640625,1.42724609375,1.1234130859375,0.9398193359375,0.7357177734375,0.75048828125,0.924072265625,0.5596923828125,0.7850341796875,1.38671875,0.5023193359375,1.096435546875,1.341064453125,0.36328125,1.0794677734375,0.53759765625,0.69482421875,1.1871337890625,0.92236328125,0.69580078125,1.552734375,1.5968017578125,0.80859375,1.6138916015625,0.8072509765625,0.70849609375,1.2911376953125,0.707763671875,1.117431640625,0.2677001953125,0.404541015625,0.386962890625,0.7415771484375,0.99560546875,0.467041015625,0.827392578125,0.6163330078125,0.7886962890625,0.4410400390625,0.58056640625,0.4578857421875,0.9420166015625,0.91064453125,1.1468505859375,1.7406005859375,1.1689453125,1.0086669921875,0.656982421875,1.3818359375,1.6324462890625,0.6781005859375,1.0203857421875,0.9952392578125,0.558349609375,0.838134765625,0.79638671875,0.65185546875,0.7208251953125,0.53857421875,8.99560546875,0.914306640625,1.08984375,0.5263671875,1.3643798828125,0.88623046875,1.4871826171875,1.2086181640625,0.524169921875,0.543212890625,1.0921630859375,1.0599365234375,0.6358642578125,0.7684326171875,1.2706298828125,0.5621337890625,1.7247314453125,1.070068359375,0.9541015625,0.7138671875,0.7337646484375,0.58984375,1.2427978515625,0.9720458984375,1.3236083984375,0.8662109375,0.5869140625,1.048095703125,0.552001953125,0.6220703125,1.193359375,0.892578125,1.3104248046875,0.9100341796875,1.3621826171875,0.6724853515625,0.6044921875,0.6617431640625
ENSG00000125845|chr20:6767708-6767829,0.8880615234375,0.499755859375,0.27197265625,0.38623046875,1.4735107421875,0.3409423828125,12.186767578125,0.77587890625,0.374755859375,0.324462890625,1.12890625,0.6514892578125,0.2313232421875,0.528076171875,0.521728515625,0.406982421875,0.4486083984375,0.322998046875,0.2860107421875,0.2464599609375,0.5443115234375,0.8323974609375,0.598876953125,0.8338623046875,0.3662109375,0.677490234375,0.458251953125,0.501220703125,0.4334716796875,5.735107421875,0.1461181640625,1.2606201171875,0.48486328125,0.4210205078125,1.2744140625,0.4517822265625,0.8509521484375,0.40966796875,0.335205078125,0.4810791015625,0.6278076171875,0.2391357421875,0.9290771484375,0.84033203125,2.18798828125,1.0501708984375,0.4456787109375,0.4664306640625,1.156982421875,0.290283203125,0.15625,0.2880859375,0.411865234375,0.30224609375,0.65185546875,1.076904296875,1.207275390625,0.0,0.2550048828125,0.442626953125,0.3995361328125,0.531494140625,0.4598388671875,0.40673828125,2.0606689453125,1.335693359375,0.1689453125,0.2200927734375,0.8406982421875,0.372314453125,0.4471435546875,0.4620361328125,0.48583984375,1.1207275390625,0.2918701171875,9.39208984375,0.5838623046875,0.2584228515625,0.6441650390625,0.240478515625,0.5374755859375,9.7503662109375,0.2486572265625,1.0128173828125,0.3194580078125,0.5386962890625,0.41357421875,0.68603515625,0.531494140625,0.598876953125,0.6458740234375,0.4749755859375,0.2420654296875,0.2965087890625,0.33154296875,0.91064453125,2.162841796875,0.53955078125,0.4383544921875,0.5037841796875,1.0606689453125,0.4609375,1.1259765625,0.5169677734375,0.3135986328125,1.942626953125,1.2398681640625,0.979736328125,0.201416015625,0.70361328125,0.4971923828125,0.764892578125,1.298828125,0.2139892578125,0.537841796875,0.459716796875,0.82666015625,0.7366943359375,0.697509765625,0.3148193359375,0.6688232421875,0.252685546875,0.5035400390625,0.462158203125,0.341796875,0.5816650390625,0.549560546875,0.506591796875,0.6378173828125,0.40283203125,0.49462890625,0.36083984375,0.8052978515625,0.7127685546875,0.6951904296875,0.711181640625,0.4713134765625,0.6221923828125,0.58056640625,0.3509521484375,1.1661376953125,1.035888671875,0.4625244140625,0.425048828125,0.53955078125,0.8424072265625,0.8768310546875,0.4742431640625,0.5206298828125,1.335693359375,1.01708984375,0.4755859375,0.447998046875,0.3621826171875,0.7177734375,5.11474609375,0.517333984375,0.5302734375,0.401123046875,0.8072509765625,0.426025390625,0.2611083984375,0.2662353515625,0.6728515625,0.517578125,0.2196044921875,0.4669189453125,0.9237060546875,0.5836181640625,0.6729736328125,0.7862548828125,0.4073486328125,0.456787109375,0.59521484375,0.358642578125,1.9832763671875,0.649169921875,0.3743896484375,1.3048095703125,1.8660888671875,0.502197265625,0.889892578125,0.8828125,0.845703125,0.440673828125,0.363037109375,0.324462890625,0.7962646484375,0.2401123046875,0.5076904296875,0.3355712890625,0.417236328125,0.3956298828125
ENSG00000125945|chr1:23369540-23369830,0.861572265625,0.4034423828125,0.2337646484375,0.4801025390625,1.3369140625,0.41357421875,12.7320556640625,0.8043212890625,0.3363037109375,0.5162353515625,0.9439697265625,0.797607421875,0.26416015625,0.4576416015625,0.3819580078125,0.3931884765625,0.347900390625,0.3282470703125,0.256103515625,0.3427734375,0.595703125,0.7177734375,0.7310791015625,0.693115234375,0.3114013671875,0.5047607421875,0.3846435546875,0.4176025390625,0.37841796875,6.1907958984375,0.275146484375,1.005859375,0.4051513671875,0.51025390625,1.1888427734375,0.48193359375,0.72900390625,0.4522705078125,0.3482666015625,0.326171875,0.482177734375,0.315673828125,0.751220703125,0.7923583984375,2.2066650390625,0.878173828125,0.361083984375,0.500244140625,1.5247802734375,0.3199462890625,0.3470458984375,0.2318115234375,0.3885498046875,0.2928466796875,0.3299560546875,1.0345458984375,0.9874267578125,0.2550048828125,0.0,0.3338623046875,0.47021484375,0.5445556640625,0.38671875,0.5496826171875,1.743896484375,1.4364013671875,0.2293701171875,0.26025390625,0.572021484375,0.2728271484375,0.62451171875,0.26416015625,0.4154052734375,1.107177734375,0.326904296875,9.5308837890625,0.87255859375,0.3681640625,0.87109375,0.2940673828125,0.5576171875,11.3203125,0.243896484375,0.739013671875,0.3515625,0.563232421875,0.4801025390625,0.8167724609375,0.5186767578125,0.8485107421875,0.525390625,0.383544921875,0.20068359375,0.223876953125,0.2423095703125,0.9156494140625,2.2755126953125,0.4705810546875,0.49365234375,0.497314453125,0.970947265625,0.4737548828125,1.1058349609375,0.351318359375,0.39453125,2.0745849609375,1.03173828125,0.8336181640625,0.3311767578125,0.5318603515625,0.583251953125,0.7042236328125,0.8856201171875,0.1904296875,0.4608154296875,0.3795166015625,0.8863525390625,0.87255859375,0.7642822265625,0.3720703125,0.4951171875,0.2552490234375,0.349853515625,0.3966064453125,0.4461669921875,0.4951171875,0.5186767578125,0.3988037109375,0.6083984375,0.3751220703125,0.4390869140625,0.3223876953125,0.660400390625,0.70654296875,0.540771484375,0.7891845703125,0.276611328125,0.61669921875,0.6180419921875,0.52392578125,0.852294921875,0.7264404296875,0.318115234375,0.5301513671875,0.7017822265625,1.0419921875,0.9521484375,0.421630859375,0.4111328125,1.3675537109375,0.8255615234375,0.4642333984375,0.4329833984375,0.3046875,0.5072021484375,6.2474365234375,0.7357177734375,0.5003662109375,0.5308837890625,0.932861328125,0.3968505859375,0.3525390625,0.3623046875,0.4534912109375,0.5406494140625,0.322265625,0.6396484375,0.931884765625,0.485107421875,0.677978515625,0.810791015625,0.510009765625,0.4906005859375,0.4534912109375,0.3221435546875,1.727783203125,0.5367431640625,0.48046875,1.28955078125,1.478759765625,0.4163818359375,0.7288818359375,0.7291259765625,0.6846923828125,0.2506103515625,0.5418701171875,0.3731689453125,0.9619140625,0.228759765625,0.587646484375,0.292724609375,0.3106689453125,0.3330078125
ENSG00000126368|chr17:40100455-40100632,0.5975341796875,0.191162109375,0.1630859375,0.336181640625,0.9796142578125,0.3228759765625,14.43603515625,0.71435546875,0.254638671875,0.570556640625,0.69873046875,0.5784912109375,0.4056396484375,0.270263671875,0.1298828125,0.401123046875,0.3184814453125,0.349853515625,0.4727783203125,0.3839111328125,0.4117431640625,0.2698974609375,0.89306640625,0.5699462890625,0.242431640625,0.48388671875,0.234619140625,0.154296875,0.4754638671875,7.4794921875,0.3822021484375,0.6363525390625,0.2587890625,0.4232177734375,0.7705078125,0.4854736328125,0.3963623046875,0.400634765625,0.5029296875,0.1385498046875,0.3111572265625,0.6597900390625,0.6441650390625,0.37158203125,1.8349609375,0.4246826171875,0.1920166015625,0.6907958984375,1.858642578125,0.590576171875,0.570068359375,0.387939453125,0.30224609375,0.3623046875,0.20458984375,1.354736328125,0.668701171875,0.442626953125,0.3338623046875,0.0,0.5394287109375,0.452392578125,0.1136474609375,0.705810546875,2.1185302734375,1.097900390625,0.404052734375,0.5972900390625,0.3385009765625,0.156982421875,0.7725830078125,0.2232666015625,0.199951171875,0.6080322265625,0.2742919921875,11.132080078125,1.4849853515625,0.3128662109375,0.8062744140625,0.34716796875,0.4727783203125,12.9263916015625,0.4180908203125,0.3612060546875,0.7476806640625,0.6932373046875,0.32373046875,1.08447265625,0.41748046875,1.243896484375,0.1890869140625,0.3765869140625,0.1920166015625,0.2384033203125,0.1484375,0.8515625,3.1064453125,0.55810546875,0.3392333984375,0.6412353515625,0.6126708984375,0.28759765625,1.40185546875,0.2755126953125,0.4327392578125,2.223388671875,0.4884033203125,0.65576171875,0.695556640625,0.41015625,0.6824951171875,0.3798828125,0.4775390625,0.3070068359375,0.333740234375,0.20263671875,0.8984375,1.1119384765625,1.0166015625,0.4786376953125,0.2481689453125,0.26025390625,0.2579345703125,0.27685546875,0.43505859375,0.3809814453125,0.36474609375,0.160888671875,0.7244873046875,0.218994140625,0.315185546875,0.400390625,0.3577880859375,0.9591064453125,0.2982177734375,0.65771484375,0.1878662109375,0.4324951171875,0.90087890625,0.7012939453125,0.6182861328125,0.593505859375,0.2371826171875,0.531494140625,0.88623046875,1.4083251953125,0.6007080078125,0.2633056640625,0.4205322265625,1.173095703125,0.4482421875,0.435791015625,0.325927734375,0.2730712890625,0.365234375,7.700927734375,0.63427734375,0.372314453125,0.36767578125,1.1375732421875,0.24609375,0.7166748046875,0.3897705078125,0.29296875,0.30419921875,0.3851318359375,0.5340576171875,1.0030517578125,0.1722412109375,1.0084228515625,0.5218505859375,0.6033935546875,0.352783203125,0.65185546875,0.291748046875,1.0357666015625,0.330322265625,0.5604248046875,0.7454833984375,0.8553466796875,0.2822265625,0.396484375,0.43798828125,0.367431640625,0.09521484375,0.78173828125,0.514892578125,1.0191650390625,0.2122802734375,0.7222900390625,0.3541259765625,0.1171875,0.2374267578125
ENSG00000128709|chr2:176122703-176123019,0.831298828125,0.4371337890625,0.4581298828125,0.5328369140625,1.09521484375,0.266357421875,11.2208251953125,0.8135986328125,0.4429931640625,0.5123291015625,1.1805419921875,0.712890625,0.250244140625,0.4666748046875,0.6942138671875,0.5167236328125,0.427490234375,0.2369384765625,0.460205078125,0.49755859375,0.46875,0.80810546875,0.4876708984375,0.76416015625,0.6292724609375,0.5440673828125,0.6356201171875,0.5682373046875,0.348876953125,5.5906982421875,0.43017578125,1.1142578125,0.5599365234375,0.38232421875,0.7862548828125,0.424560546875,0.608154296875,0.3695068359375,0.5233154296875,0.463134765625,0.618896484375,0.391357421875,1.275634765625,0.6265869140625,1.5823974609375,1.01025390625,0.449462890625,0.557861328125,1.6051025390625,0.5643310546875,0.5247802734375,0.5709228515625,0.4134521484375,0.6072998046875,0.7733154296875,1.1722412109375,1.3087158203125,0.3995361328125,0.47021484375,0.5394287109375,0.0,0.3863525390625,0.523681640625,0.7884521484375,2.099365234375,0.8870849609375,0.5169677734375,0.60791015625,0.64990234375,0.4793701171875,0.49658203125,0.478759765625,0.5462646484375,0.968017578125,0.49462890625,10.1400146484375,1.27880859375,0.45166015625,0.5029296875,0.3726806640625,0.3212890625,10.410400390625,0.516845703125,0.9072265625,0.503662109375,0.7109375,0.3582763671875,0.7359619140625,0.5242919921875,0.9403076171875,0.720703125,0.543212890625,0.373046875,0.355224609375,0.3406982421875,0.6566162109375,2.9937744140625,0.9796142578125,0.42041015625,0.626220703125,0.849853515625,0.4493408203125,1.2232666015625,0.867431640625,0.36083984375,2.3404541015625,1.0185546875,0.7330322265625,0.6988525390625,0.9473876953125,0.2890625,0.5706787109375,1.1361083984375,0.3798828125,0.5213623046875,0.6434326171875,0.5950927734375,0.548583984375,0.9613037109375,0.403564453125,0.594482421875,0.2972412109375,0.620361328125,0.3929443359375,0.4534912109375,0.718017578125,0.4996337890625,0.4952392578125,0.871337890625,0.3765869140625,0.6004638671875,0.6099853515625,0.96337890625,0.8125,0.51025390625,0.7347412109375,0.681396484375,0.418701171875,0.6436767578125,0.488525390625,1.163330078125,1.0203857421875,0.479736328125,0.3883056640625,1.1085205078125,0.70654296875,0.8193359375,0.368408203125,0.300537109375,1.2003173828125,0.8963623046875,0.4412841796875,0.4132080078125,0.68701171875,0.6285400390625,5.7828369140625,0.4569091796875,0.4564208984375,0.4639892578125,0.8994140625,0.3355712890625,0.52001953125,0.365234375,0.6746826171875,0.5325927734375,0.46875,0.4130859375,0.97705078125,0.550048828125,0.62255859375,0.802490234375,0.464111328125,0.5526123046875,0.6163330078125,0.4893798828125,1.54052734375,0.6041259765625,0.26220703125,0.9443359375,1.6884765625,0.3641357421875,0.7677001953125,0.5645751953125,0.8204345703125,0.5267333984375,0.4515380859375,0.3260498046875,0.5478515625,0.329345703125,0.283447265625,0.52099609375,0.4783935546875,0.535888671875
ENSG00000129084|chr11:14519918-14520317,0.6336669921875,0.34228515625,0.39990234375,0.40380859375,0.8472900390625,0.3406982421875,13.14599609375,0.677734375,0.3994140625,0.45947265625,0.933837890625,0.7283935546875,0.2896728515625,0.521728515625,0.640380859375,0.4736328125,0.3404541015625,0.37109375,0.4388427734375,0.5572509765625,0.4302978515625,0.5909423828125,0.460205078125,0.6588134765625,0.45458984375,0.471923828125,0.5009765625,0.47607421875,0.3424072265625,6.63818359375,0.5311279296875,0.7674560546875,0.511474609375,0.4044189453125,0.6875,0.3865966796875,0.4671630859375,0.458984375,0.5810546875,0.2979736328125,0.5367431640625,0.6104736328125,1.1405029296875,0.45703125,1.504638671875,0.7762451171875,0.2718505859375,0.6287841796875,1.59326171875,0.712158203125,0.5888671875,0.578125,0.438232421875,0.636962890625,0.58837890625,0.9365234375,0.91064453125,0.531494140625,0.5445556640625,0.452392578125,0.3863525390625,0.0,0.3428955078125,0.867919921875,1.8372802734375,0.72216796875,0.611328125,0.8304443359375,0.4898681640625,0.32861328125,0.5640869140625,0.3275146484375,0.527587890625,0.8529052734375,0.4820556640625,10.36572265625,1.5916748046875,0.5140380859375,0.5394287109375,0.494873046875,0.3402099609375,12.2906494140625,0.4647216796875,0.6427001953125,0.7498779296875,0.7752685546875,0.2978515625,0.778564453125,0.5830078125,1.1142578125,0.4154052734375,0.5555419921875,0.3077392578125,0.2662353515625,0.3798828125,0.606689453125,3.084228515625,1.07275390625,0.3653564453125,0.5494384765625,0.5968017578125,0.414306640625,1.178955078125,0.6710205078125,0.2984619140625,2.424560546875,0.7589111328125,0.626220703125,0.901123046875,0.6240234375,0.4188232421875,0.49951171875,0.83837890625,0.4547119140625,0.461669921875,0.53857421875,0.60986328125,0.5382080078125,0.868896484375,0.4329833984375,0.3416748046875,0.340087890625,0.5780029296875,0.263671875,0.36181640625,0.5728759765625,0.3349609375,0.352294921875,0.7647705078125,0.361328125,0.485107421875,0.57373046875,0.7010498046875,0.8482666015625,0.3070068359375,0.62939453125,0.5211181640625,0.3416748046875,0.71484375,0.6934814453125,1.0191650390625,0.798583984375,0.4447021484375,0.424072265625,1.11279296875,0.8355712890625,0.7581787109375,0.2764892578125,0.3067626953125,1.11572265625,0.71923828125,0.46826171875,0.362060546875,0.5032958984375,0.427001953125,6.597412109375,0.440185546875,0.392822265625,0.320068359375,0.9920654296875,0.275634765625,0.7833251953125,0.3392333984375,0.436279296875,0.406494140625,0.4486083984375,0.5887451171875,0.8013916015625,0.3865966796875,0.8704833984375,0.5362548828125,0.5140380859375,0.588134765625,0.489990234375,0.435791015625,1.0958251953125,0.4169921875,0.3863525390625,0.6837158203125,1.2572021484375,0.267822265625,0.50341796875,0.384033203125,0.56591796875,0.401611328125,0.644775390625,0.4052734375,0.7362060546875,0.3465576171875,0.3753662109375,0.5579833984375,0.316650390625,0.4427490234375
ENSG00000129535|chr14:24114692-24114972,0.635986328125,0.2127685546875,0.1610107421875,0.2354736328125,0.927734375,0.244873046875,14.2828369140625,0.7813720703125,0.2352294921875,0.4195556640625,0.8497314453125,0.388916015625,0.372314453125,0.2012939453125,0.1785888671875,0.4537353515625,0.252197265625,0.2843017578125,0.545166015625,0.250244140625,0.32421875,0.279052734375,0.8819580078125,0.615966796875,0.2684326171875,0.5006103515625,0.2283935546875,0.1263427734375,0.395751953125,7.5789794921875,0.376220703125,0.695556640625,0.2847900390625,0.377197265625,0.6690673828125,0.457275390625,0.295654296875,0.4500732421875,0.4683837890625,0.099853515625,0.312255859375,0.71142578125,0.58837890625,0.3548583984375,1.6964111328125,0.4892578125,0.193603515625,0.761474609375,1.6387939453125,0.5159912109375,0.4986572265625,0.4427490234375,0.3238525390625,0.3585205078125,0.3165283203125,1.4471435546875,0.6768798828125,0.4598388671875,0.38671875,0.1136474609375,0.523681640625,0.3428955078125,0.0,0.7049560546875,2.3974609375,0.9791259765625,0.3416748046875,0.669677734375,0.339111328125,0.1868896484375,0.634033203125,0.235107421875,0.1429443359375,0.62744140625,0.29296875,11.8145751953125,1.4326171875,0.295166015625,0.75341796875,0.3148193359375,0.39306640625,12.6357421875,0.343017578125,0.397705078125,0.873291015625,0.634521484375,0.2335205078125,1.0189208984375,0.3031005859375,1.2427978515625,0.1474609375,0.41015625,0.16455078125,0.214599609375,0.1158447265625,0.8529052734375,3.2550048828125,0.6300048828125,0.233642578125,0.637451171875,0.643310546875,0.2086181640625,1.5006103515625,0.319580078125,0.353515625,2.3450927734375,0.478271484375,0.7498779296875,0.8157958984375,0.4891357421875,0.685546875,0.3648681640625,0.4290771484375,0.2841796875,0.3148193359375,0.2913818359375,0.8634033203125,0.93505859375,1.0062255859375,0.421142578125,0.23681640625,0.2362060546875,0.25732421875,0.2708740234375,0.2928466796875,0.326904296875,0.3560791015625,0.1715087890625,0.6982421875,0.2098388671875,0.3338623046875,0.5352783203125,0.268310546875,1.071533203125,0.277587890625,0.6138916015625,0.2255859375,0.3095703125,0.9114990234375,0.625,0.546630859375,0.7059326171875,0.2392578125,0.4849853515625,0.8231201171875,1.34130859375,0.466064453125,0.263671875,0.436767578125,1.1119384765625,0.5728759765625,0.3253173828125,0.3001708984375,0.2412109375,0.3787841796875,7.4183349609375,0.5052490234375,0.3023681640625,0.3248291015625,1.28564453125,0.2186279296875,0.798828125,0.27197265625,0.3011474609375,0.2066650390625,0.29150390625,0.494873046875,0.993408203125,0.19921875,1.176025390625,0.439208984375,0.521240234375,0.2047119140625,0.7012939453125,0.3292236328125,0.954345703125,0.3939208984375,0.51904296875,0.677978515625,0.75341796875,0.2039794921875,0.4600830078125,0.3751220703125,0.3841552734375,0.1080322265625,0.7899169921875,0.4781494140625,0.912841796875,0.19189453125,0.6923828125,0.390380859375,0.1075439453125,0.139892578125
ENSG00000130254|chr19:5622527-5622775,1.0604248046875,0.86376953125,0.45263671875,0.5283203125,1.4578857421875,0.6531982421875,14.5,0.855712890625,0.500244140625,0.529052734375,0.86474609375,0.8450927734375,0.5262451171875,0.746826171875,0.5302734375,0.925048828125,0.8472900390625,0.7451171875,0.6390380859375,0.5216064453125,0.7457275390625,0.9368896484375,0.86767578125,0.8470458984375,0.769775390625,1.112548828125,0.685546875,0.994384765625,0.9342041015625,6.310546875,0.3883056640625,1.4315185546875,0.581298828125,0.6754150390625,1.27587890625,0.7747802734375,1.1011962890625,0.560791015625,0.63916015625,0.7276611328125,1.0955810546875,0.7215576171875,1.5391845703125,1.228759765625,2.412109375,0.9481201171875,0.7193603515625,0.7894287109375,1.366943359375,0.560302734375,0.392822265625,0.321533203125,0.625732421875,0.455810546875,0.933349609375,1.11474609375,0.8935546875,0.40673828125,0.5496826171875,0.705810546875,0.7884521484375,0.867919921875,0.7049560546875,0.0,2.0885009765625,1.86376953125,0.43408203125,0.5770263671875,1.0096435546875,0.67138671875,0.8243408203125,0.7122802734375,0.773681640625,1.0321044921875,0.3997802734375,10.363525390625,0.5955810546875,0.4764404296875,0.7027587890625,0.881591796875,0.9591064453125,11.2879638671875,0.4134521484375,1.3143310546875,0.6990966796875,0.7681884765625,0.672607421875,0.83251953125,1.1318359375,0.3935546875,0.7498779296875,0.4244384765625,0.6065673828125,0.5482177734375,0.533935546875,0.805419921875,1.749267578125,0.700927734375,0.9249267578125,0.7064208984375,1.3038330078125,0.6640625,0.7939453125,0.5716552734375,0.5699462890625,1.091552734375,1.4093017578125,1.377197265625,0.356201171875,0.734619140625,0.6878662109375,0.80078125,1.5068359375,0.6387939453125,0.90576171875,0.783447265625,1.37939453125,1.1820068359375,0.448974609375,0.9483642578125,1.0804443359375,0.435546875,1.0223388671875,0.791015625,0.76220703125,0.4102783203125,0.63134765625,0.553466796875,0.6390380859375,0.783935546875,0.47705078125,0.57373046875,0.9185791015625,0.6544189453125,0.7808837890625,0.691162109375,0.5631103515625,0.8912353515625,0.411865234375,0.4085693359375,1.8531494140625,1.48095703125,0.9117431640625,0.51416015625,0.462158203125,1.1175537109375,0.8389892578125,0.9383544921875,0.9373779296875,1.020751953125,1.30322265625,0.593994140625,0.610595703125,0.5982666015625,0.8603515625,5.376220703125,0.64453125,0.975341796875,0.41455078125,0.9700927734375,0.805419921875,0.5506591796875,0.6575927734375,0.898681640625,0.701904296875,0.5301513671875,0.6265869140625,0.7611083984375,0.9630126953125,0.7198486328125,0.7803955078125,1.0687255859375,0.656494140625,0.780029296875,0.6494140625,1.9788818359375,0.816650390625,0.8004150390625,1.5811767578125,2.2564697265625,0.891357421875,1.067626953125,1.311279296875,0.95849609375,0.69921875,0.490966796875,0.5361328125,0.9530029296875,0.5347900390625,1.0269775390625,0.3468017578125,0.67138671875,0.5364990234375
ENSG00000130589|chr20:63573740-63574263,1.55712890625,1.8594970703125,1.8001708984375,2.3184814453125,2.18896484375,2.359130859375,15.3780517578125,1.5799560546875,1.6951904296875,2.1231689453125,1.7393798828125,3.651611328125,1.85546875,2.7955322265625,2.0736083984375,1.5826416015625,1.90771484375,2.2142333984375,1.3203125,2.60595703125,2.5556640625,2.201171875,1.4779052734375,1.42041015625,1.7994384765625,1.4090576171875,1.7489013671875,2.7291259765625,1.677734375,6.7054443359375,2.3974609375,1.642578125,1.7796630859375,2.473876953125,2.3939208984375,1.707275390625,2.714111328125,1.8887939453125,1.9307861328125,1.95361328125,2.234619140625,1.927978515625,3.028076171875,2.1844482421875,2.8470458984375,1.841064453125,1.77978515625,1.51025390625,3.2501220703125,2.2186279296875,2.5186767578125,1.4661865234375,1.8941650390625,2.2867431640625,1.4586181640625,1.0130615234375,1.8668212890625,2.0606689453125,1.743896484375,2.1185302734375,2.099365234375,1.8372802734375,2.3974609375,2.0885009765625,0.0,2.8531494140625,2.3978271484375,2.06396484375,1.5810546875,1.5657958984375,2.6943359375,1.699951171875,2.5909423828125,2.88916015625,1.873046875,5.6680908203125,3.072021484375,2.152099609375,1.91748046875,2.5106201171875,2.265625,16.145751953125,1.86376953125,1.76123046875,1.79052734375,2.267578125,2.3934326171875,2.0142822265625,2.9642333984375,1.8939208984375,1.941650390625,1.45166015625,1.849853515625,1.5703125,2.1019287109375,1.8565673828125,2.7547607421875,2.5233154296875,2.421875,1.68701171875,1.550048828125,2.6773681640625,1.2532958984375,1.651123046875,1.884765625,3.0579833984375,2.28515625,1.1466064453125,1.8892822265625,1.3868408203125,1.574951171875,2.1126708984375,2.3436279296875,2.27685546875,1.8563232421875,1.4439697265625,2.0865478515625,2.459228515625,1.5489501953125,2.29052734375,1.9970703125,1.8441162109375,2.42724609375,1.6822509765625,2.6217041015625,2.082275390625,1.5325927734375,1.8189697265625,1.912353515625,2.1143798828125,2.0093994140625,1.1212158203125,2.69873046875,1.05419921875,1.857666015625,1.8189697265625,1.828125,2.631103515625,1.6888427734375,2.269775390625,3.29931640625,1.2010498046875,1.797607421875,1.9974365234375,2.7225341796875,2.26416015625,3.1923828125,1.7353515625,1.548828125,2.1683349609375,1.6295166015625,2.3197021484375,1.6873779296875,1.716064453125,1.3665771484375,9.0438232421875,2.5489501953125,2.0618896484375,2.0777587890625,1.16015625,2.2020263671875,1.73583984375,2.4697265625,1.4759521484375,2.3023681640625,2.305908203125,2.36279296875,1.794921875,1.935302734375,1.12548828125,2.10546875,2.42236328125,2.9818115234375,1.3057861328125,1.4583740234375,3.034912109375,1.5203857421875,1.863037109375,2.742431640625,2.927734375,2.1224365234375,1.3648681640625,2.3123779296875,1.7542724609375,1.9969482421875,1.6981201171875,1.5623779296875,2.41259765625,2.05322265625,1.74853515625,1.69970703125,1.8280029296875,2.405029296875
ENSG00000132170|chr3:12287955-12288395,0.8485107421875,0.768310546875,1.298583984375,0.9443359375,0.8572998046875,0.8721923828125,13.29150390625,0.83544921875,0.89794921875,1.154052734375,1.39697265625,1.1319580078125,1.0946044921875,1.188720703125,1.469970703125,0.856201171875,0.8836669921875,0.793701171875,1.2515869140625,1.3526611328125,0.6834716796875,0.8153076171875,1.0234375,1.1221923828125,1.037109375,0.82080078125,1.29345703125,0.977783203125,0.6812744140625,6.96044921875,1.2327880859375,1.1068115234375,1.264892578125,0.9581298828125,1.0595703125,0.7205810546875,0.8099365234375,0.87158203125,1.44189453125,0.8653564453125,0.7034912109375,1.2047119140625,1.9410400390625,0.60302734375,1.39013671875,1.1705322265625,0.7589111328125,0.9573974609375,1.998046875,1.437255859375,1.5048828125,1.685302734375,1.0166015625,1.782958984375,1.400634765625,1.642822265625,1.85400390625,1.335693359375,1.4364013671875,1.097900390625,0.8870849609375,0.72216796875,0.9791259765625,1.86376953125,2.8531494140625,0.0,1.612060546875,1.8165283203125,0.9417724609375,0.80712890625,0.8099365234375,1.1815185546875,0.99853515625,1.4053955078125,1.1649169921875,11.762939453125,2.8199462890625,1.1856689453125,0.9000244140625,0.95556640625,0.4674072265625,13.2017822265625,1.1300048828125,1.0189208984375,1.7174072265625,1.7012939453125,0.654541015625,1.33935546875,0.96484375,2.20654296875,0.9725341796875,1.4119873046875,0.9378662109375,0.8597412109375,1.04052734375,1.142822265625,5.121337890625,2.248291015625,0.7196044921875,1.0650634765625,0.7266845703125,1.005615234375,2.27294921875,1.4735107421875,0.8746337890625,4.107666015625,0.9139404296875,0.826416015625,1.911376953125,1.5595703125,0.8013916015625,0.942138671875,1.288818359375,1.2286376953125,0.739990234375,1.13720703125,0.551025390625,0.7855224609375,1.744140625,0.8131103515625,0.6131591796875,0.98876953125,1.2647705078125,0.65234375,0.72021484375,1.4598388671875,0.86083984375,0.890380859375,1.6204833984375,0.621826171875,1.310546875,1.359130859375,1.2786865234375,1.9935302734375,0.8680419921875,1.156494140625,1.4178466796875,0.6795654296875,1.46630859375,1.4976806640625,1.7056884765625,1.153564453125,0.8153076171875,1.058837890625,2.53125,1.5447998046875,1.3724365234375,0.6341552734375,0.6578369140625,1.753662109375,0.841552734375,0.8955078125,0.74755859375,1.2791748046875,0.97216796875,6.917236328125,0.968994140625,0.51611328125,1.00048828125,1.5108642578125,0.5703125,1.5672607421875,0.8748779296875,1.033935546875,0.81201171875,0.9691162109375,0.9544677734375,1.4117431640625,0.6722412109375,1.7689208984375,0.8507080078125,0.6090087890625,1.32666015625,1.1044921875,1.136474609375,1.3328857421875,0.740478515625,0.6580810546875,0.5623779296875,1.4527587890625,0.56689453125,0.832763671875,0.47412109375,0.814208984375,1.062744140625,1.388427734375,0.800048828125,0.9312744140625,1.0587158203125,0.7330322265625,1.2396240234375,0.852294921875,1.3133544921875
ENSG00000132604|chr16:69385778-69385971,1.1661376953125,0.566650390625,0.217529296875,0.401123046875,1.6485595703125,0.3651123046875,12.73486328125,1.02734375,0.4482421875,0.374267578125,1.32275390625,0.5584716796875,0.2813720703125,0.398681640625,0.4306640625,0.527099609375,0.4122314453125,0.33837890625,0.3541259765625,0.1497802734375,0.6055908203125,0.8431396484375,0.934814453125,0.9129638671875,0.4599609375,0.82568359375,0.41259765625,0.411376953125,0.5350341796875,6.35546875,0.1702880859375,1.3599853515625,0.539794921875,0.5203857421875,1.282958984375,0.6197509765625,0.7984619140625,0.57568359375,0.2919921875,0.4532470703125,0.6612548828125,0.3782958984375,0.6448974609375,0.98046875,2.527099609375,1.1165771484375,0.4735107421875,0.7662353515625,1.28369140625,0.18798828125,0.1640625,0.28369140625,0.564697265625,0.202880859375,0.614013671875,1.43017578125,1.161865234375,0.1689453125,0.2293701171875,0.404052734375,0.5169677734375,0.611328125,0.3416748046875,0.43408203125,2.3978271484375,1.612060546875,0.0,0.2073974609375,0.8714599609375,0.42529296875,0.5479736328125,0.3927001953125,0.416259765625,1.2122802734375,0.3558349609375,10.4267578125,0.5797119140625,0.3363037109375,0.9344482421875,0.254150390625,0.6964111328125,10.0970458984375,0.2301025390625,1.0465087890625,0.3985595703125,0.4053955078125,0.5009765625,0.933837890625,0.422607421875,0.743408203125,0.6080322265625,0.5130615234375,0.2410888671875,0.3275146484375,0.271240234375,1.093505859375,2.289306640625,0.373046875,0.4552001953125,0.7589111328125,1.2847900390625,0.4384765625,1.39453125,0.4031982421875,0.4371337890625,2.0439453125,1.2918701171875,1.271240234375,0.3193359375,0.707275390625,0.7708740234375,0.880859375,1.089599609375,0.1295166015625,0.582275390625,0.538818359375,1.071044921875,0.9000244140625,0.894287109375,0.3883056640625,0.6788330078125,0.298583984375,0.3682861328125,0.5322265625,0.39990234375,0.5025634765625,0.69873046875,0.521728515625,0.6942138671875,0.470947265625,0.536376953125,0.51220703125,0.6368408203125,0.8629150390625,0.7655029296875,0.819091796875,0.4117431640625,0.6265869140625,0.715087890625,0.3685302734375,0.8748779296875,1.129150390625,0.4425048828125,0.55810546875,0.370849609375,1.0938720703125,0.8438720703125,0.5831298828125,0.7135009765625,1.40966796875,1.25634765625,0.50830078125,0.543701171875,0.3074951171875,0.776611328125,5.65283203125,0.581787109375,0.6123046875,0.513427734375,1.2354736328125,0.531005859375,0.4095458984375,0.2427978515625,0.661376953125,0.56298828125,0.2310791015625,0.5880126953125,1.1644287109375,0.6710205078125,0.8841552734375,0.8887939453125,0.5440673828125,0.262939453125,0.71533203125,0.401611328125,2.0462646484375,0.79296875,0.5572509765625,1.5081787109375,1.7623291015625,0.503662109375,1.068603515625,0.934814453125,0.95263671875,0.3701171875,0.603759765625,0.47509765625,0.9805908203125,0.1988525390625,0.7723388671875,0.4088134765625,0.395751953125,0.2349853515625
ENSG00000132846|chr5:77086957-77087195,1.39990234375,0.8175048828125,0.3792724609375,0.7408447265625,2.116943359375,0.660888671875,11.5321044921875,1.1558837890625,0.6290283203125,0.6134033203125,1.4522705078125,1.078125,0.42431640625,0.7672119140625,0.6343994140625,0.6116943359375,0.692138671875,0.5372314453125,0.281494140625,0.38623046875,0.972900390625,1.06689453125,1.0235595703125,1.189697265625,0.5196533203125,0.8873291015625,0.6448974609375,0.6781005859375,0.6357421875,5.8077392578125,0.278564453125,1.571533203125,0.8521728515625,0.778076171875,1.6031494140625,0.8369140625,1.303955078125,0.7596435546875,0.4378662109375,0.703857421875,0.8896484375,0.349853515625,0.76611328125,1.2908935546875,3.0172119140625,1.41650390625,0.7666015625,0.7138671875,1.4759521484375,0.3533935546875,0.2884521484375,0.3358154296875,0.7703857421875,0.3116455078125,0.7388916015625,1.4595947265625,1.5894775390625,0.2200927734375,0.26025390625,0.5972900390625,0.60791015625,0.8304443359375,0.669677734375,0.5770263671875,2.06396484375,1.8165283203125,0.2073974609375,0.0,1.121337890625,0.6031494140625,0.73095703125,0.65966796875,0.7642822265625,1.620849609375,0.483154296875,8.8365478515625,0.6201171875,0.559814453125,1.14404296875,0.3472900390625,0.91162109375,9.599365234375,0.337890625,1.248291015625,0.187255859375,0.7294921875,0.7105712890625,1.1019287109375,0.6402587890625,0.8275146484375,0.931396484375,0.69140625,0.400146484375,0.4853515625,0.5323486328125,1.3365478515625,2.1500244140625,0.3553466796875,0.703125,0.778564453125,1.54052734375,0.7904052734375,1.4920654296875,0.595947265625,0.69873046875,2.3189697265625,1.676025390625,1.3031005859375,0.2364501953125,0.9703369140625,0.823486328125,1.2193603515625,1.5411376953125,0.262939453125,0.8001708984375,0.6463623046875,1.2674560546875,1.196533203125,0.9940185546875,0.42333984375,0.9140625,0.5301513671875,0.480712890625,0.7413330078125,0.7239990234375,0.86279296875,0.9613037109375,0.8226318359375,0.975341796875,0.6187744140625,0.8023681640625,0.4815673828125,1.09765625,0.915283203125,1.058837890625,1.1937255859375,0.626708984375,1.0029296875,0.8099365234375,0.595947265625,1.12744140625,1.1417236328125,0.603271484375,0.8441162109375,0.5228271484375,1.265869140625,1.400146484375,0.69677734375,0.767578125,1.8912353515625,1.3665771484375,0.7569580078125,0.8018798828125,0.480224609375,0.9842529296875,5.5194091796875,0.8990478515625,0.8394775390625,0.8302001953125,1.113037109375,0.7637939453125,0.3232421875,0.4814453125,0.9349365234375,0.9735107421875,0.414794921875,0.737060546875,1.43359375,0.827392578125,0.79248046875,1.277099609375,0.588623046875,0.5723876953125,0.6829833984375,0.5504150390625,2.658935546875,1.0267333984375,0.63427734375,1.982666015625,2.204833984375,0.7564697265625,1.2130126953125,1.2296142578125,1.2393798828125,0.5987548828125,0.5875244140625,0.6439208984375,1.21337890625,0.3505859375,0.8095703125,0.575439453125,0.6527099609375,0.56689453125
ENSG00000133937|chr14:94769612-94770077,0.389892578125,0.2720947265625,0.3995361328125,0.5482177734375,0.643798828125,0.520751953125,14.6285400390625,0.5968017578125,0.3167724609375,0.7574462890625,0.6922607421875,0.958251953125,0.599365234375,0.5570068359375,0.3997802734375,0.5128173828125,0.34130859375,0.5333251953125,0.65625,0.791259765625,0.573486328125,0.370361328125,0.7547607421875,0.42578125,0.4840087890625,0.2750244140625,0.3773193359375,0.5037841796875,0.464599609375,7.3638916015625,0.84326171875,0.39599609375,0.4044189453125,0.66845703125,0.5980224609375,0.43115234375,0.5205078125,0.5570068359375,0.7974853515625,0.197998046875,0.405029296875,0.940673828125,1.1376953125,0.3070068359375,1.2188720703125,0.32080078125,0.289306640625,0.693359375,2.1075439453125,0.9039306640625,1.0465087890625,0.6451416015625,0.3741455078125,0.8699951171875,0.2989501953125,1.2762451171875,0.6063232421875,0.8406982421875,0.572021484375,0.3385009765625,0.64990234375,0.4898681640625,0.339111328125,1.0096435546875,1.5810546875,0.9417724609375,0.8714599609375,1.121337890625,0.0,0.2635498046875,1.043701171875,0.3388671875,0.4190673828125,0.781982421875,0.54736328125,10.5850830078125,2.1923828125,0.558349609375,0.757080078125,0.7347412109375,0.46923828125,14.54443359375,0.620849609375,0.2275390625,1.136962890625,1.034423828125,0.5155029296875,0.9920654296875,0.7945556640625,1.4720458984375,0.255615234375,0.372314453125,0.41455078125,0.300537109375,0.3394775390625,0.8538818359375,3.3065185546875,1.2161865234375,0.524169921875,0.613525390625,0.33544921875,0.5965576171875,1.2276611328125,0.445556640625,0.513916015625,2.4307861328125,0.358154296875,0.3963623046875,1.1654052734375,0.4967041015625,0.57958984375,0.3365478515625,0.3541259765625,0.703125,0.3270263671875,0.2896728515625,0.8470458984375,1.15576171875,1.0106201171875,0.733154296875,0.290283203125,0.4310302734375,0.614013671875,0.2926025390625,0.6514892578125,0.489501953125,0.2808837890625,0.2310791015625,0.7138671875,0.3577880859375,0.4244384765625,0.5028076171875,0.6123046875,0.931640625,0.2470703125,0.6297607421875,0.37548828125,0.54248046875,0.9874267578125,0.903076171875,0.93212890625,0.4400634765625,0.300048828125,0.6085205078125,1.5323486328125,1.485595703125,0.7802734375,0.29052734375,0.3603515625,0.9659423828125,0.2796630859375,0.5428466796875,0.3255615234375,0.494140625,0.1507568359375,8.6160888671875,0.8956298828125,0.3658447265625,0.5545654296875,1.031494140625,0.3699951171875,0.9970703125,0.722900390625,0.2491455078125,0.4066162109375,0.7255859375,0.76904296875,0.8740234375,0.234375,1.039306640625,0.4677734375,0.808837890625,0.7652587890625,0.5994873046875,0.3995361328125,0.816650390625,0.2745361328125,0.597900390625,0.6298828125,0.56640625,0.3304443359375,0.2142333984375,0.3013916015625,0.2664794921875,0.2923583984375,0.9102783203125,0.4830322265625,1.056640625,0.501953125,0.5869140625,0.43701171875,0.2432861328125,0.502685546875
ENSG00000134046|chr18:54224191-54224625,0.3402099609375,0.133544921875,0.18408203125,0.2470703125,0.7291259765625,0.2977294921875,14.080322265625,0.383056640625,0.154296875,0.36279296875,0.611083984375,0.6717529296875,0.3138427734375,0.410888671875,0.256591796875,0.182861328125,0.1837158203125,0.29296875,0.2969970703125,0.3829345703125,0.3526611328125,0.2896728515625,0.56640625,0.3541259765625,0.149169921875,0.271240234375,0.2099609375,0.286376953125,0.2183837890625,6.75732421875,0.3680419921875,0.4752197265625,0.218994140625,0.4095458984375,0.760986328125,0.2110595703125,0.3905029296875,0.300048828125,0.44287109375,0.1461181640625,0.2318115234375,0.4696044921875,0.8028564453125,0.298583984375,1.4580078125,0.3973388671875,0.0811767578125,0.3848876953125,1.4833984375,0.472412109375,0.560791015625,0.354248046875,0.23828125,0.49853515625,0.189453125,0.864501953125,0.6435546875,0.372314453125,0.2728271484375,0.156982421875,0.4793701171875,0.32861328125,0.1868896484375,0.67138671875,1.5657958984375,0.80712890625,0.42529296875,0.6031494140625,0.2635498046875,0.0,0.5528564453125,0.2037353515625,0.253173828125,0.7545166015625,0.2188720703125,9.91455078125,1.3717041015625,0.2642822265625,0.5545654296875,0.32470703125,0.3260498046875,12.7484130859375,0.2557373046875,0.2950439453125,0.6829833984375,0.6253662109375,0.28515625,0.718017578125,0.462890625,0.988525390625,0.1488037109375,0.3287353515625,0.1094970703125,0.1048583984375,0.181396484375,0.6806640625,2.811279296875,0.765869140625,0.2808837890625,0.4007568359375,0.3795166015625,0.39892578125,1.0986328125,0.1927490234375,0.2344970703125,2.22216796875,0.4337158203125,0.407470703125,0.59912109375,0.304931640625,0.4219970703125,0.359619140625,0.47216796875,0.3013916015625,0.181640625,0.10986328125,0.588623046875,0.7264404296875,0.727783203125,0.3450927734375,0.1610107421875,0.189697265625,0.3753662109375,0.123291015625,0.310546875,0.3743896484375,0.227294921875,0.132568359375,0.5157470703125,0.187744140625,0.324951171875,0.216064453125,0.3802490234375,0.7083740234375,0.2652587890625,0.42724609375,0.1968994140625,0.3758544921875,0.656494140625,0.5965576171875,0.8363037109375,0.349609375,0.1129150390625,0.4033203125,0.992919921875,1.1412353515625,0.6900634765625,0.1861572265625,0.2369384765625,0.99169921875,0.327392578125,0.36962890625,0.16357421875,0.1773681640625,0.181640625,7.02685546875,0.562744140625,0.166259765625,0.304931640625,0.7261962890625,0.205078125,0.5484619140625,0.3023681640625,0.175537109375,0.22412109375,0.2672119140625,0.4705810546875,0.7064208984375,0.1302490234375,0.7725830078125,0.3553466796875,0.3883056640625,0.516845703125,0.379150390625,0.1923828125,1.0225830078125,0.188232421875,0.3306884765625,0.6517333984375,0.8541259765625,0.20654296875,0.24365234375,0.333984375,0.219482421875,0.126220703125,0.58740234375,0.234130859375,0.7442626953125,0.2459716796875,0.4969482421875,0.2469482421875,0.07763671875,0.3162841796875
ENSG00000134058|chr5:69234849-69235121,0.92529296875,0.6260986328125,0.7213134765625,0.3309326171875,1.22412109375,0.34423828125,12.7847900390625,0.6895751953125,0.5599365234375,0.3646240234375,1.2152099609375,0.476806640625,0.41162109375,0.5633544921875,0.9793701171875,0.4422607421875,0.485107421875,0.3175048828125,0.648193359375,0.449462890625,0.480712890625,0.899658203125,0.5762939453125,0.90966796875,0.6031494140625,0.8502197265625,0.7835693359375,0.6448974609375,0.404541015625,5.7137451171875,0.348388671875,1.408203125,0.7745361328125,0.383056640625,1.2396240234375,0.343994140625,0.64794921875,0.5042724609375,0.5428466796875,0.6591796875,0.588134765625,0.35595703125,1.3642578125,0.7828369140625,1.7901611328125,1.161865234375,0.5087890625,0.593505859375,1.0411376953125,0.4610595703125,0.4654541015625,0.8699951171875,0.5421142578125,0.8231201171875,1.0760498046875,1.3392333984375,1.5494384765625,0.4471435546875,0.62451171875,0.7725830078125,0.49658203125,0.5640869140625,0.634033203125,0.8243408203125,2.6943359375,0.8099365234375,0.5479736328125,0.73095703125,1.043701171875,0.5528564453125,0.0,0.736572265625,0.5311279296875,1.17626953125,0.53466796875,11.3482666015625,0.984619140625,0.44384765625,0.63720703125,0.3538818359375,0.345947265625,9.601318359375,0.36572265625,1.151123046875,0.754150390625,0.827880859375,0.4029541015625,0.5948486328125,0.4884033203125,0.9725341796875,0.771240234375,0.98974609375,0.452880859375,0.451171875,0.5325927734375,0.7996826171875,2.9154052734375,1.3162841796875,0.347412109375,0.589111328125,1.066162109375,0.5604248046875,1.5523681640625,0.864501953125,0.306396484375,2.5985107421875,1.234619140625,1.1927490234375,0.7886962890625,1.0987548828125,0.55615234375,0.8424072265625,1.4444580078125,0.384521484375,0.5216064453125,0.8695068359375,0.6634521484375,0.2939453125,0.9884033203125,0.33349609375,0.614013671875,0.4752197265625,0.8046875,0.4508056640625,0.1839599609375,0.79736328125,0.6461181640625,0.6470947265625,0.7041015625,0.4920654296875,0.7879638671875,0.7830810546875,0.847412109375,1.1953125,0.73486328125,0.7452392578125,0.746337890625,0.349853515625,0.6668701171875,0.49169921875,1.426513671875,1.2633056640625,0.603271484375,0.4073486328125,1.1334228515625,0.824462890625,0.815673828125,0.60302734375,0.500244140625,1.3536376953125,1.1976318359375,0.3765869140625,0.4727783203125,0.710693359375,0.8358154296875,4.4676513671875,0.5140380859375,0.3570556640625,0.4981689453125,1.101318359375,0.4503173828125,0.765869140625,0.246826171875,0.8323974609375,0.4815673828125,0.23876953125,0.406982421875,1.00439453125,0.708984375,1.220947265625,0.62255859375,0.277099609375,0.5623779296875,0.6529541015625,0.8270263671875,1.756591796875,0.7940673828125,0.276123046875,0.959228515625,1.846435546875,0.4661865234375,1.0645751953125,0.6497802734375,0.8900146484375,0.7071533203125,0.7633056640625,0.3983154296875,0.462646484375,0.57958984375,0.560302734375,0.5546875,0.6207275390625,0.62646484375
ENSG00000134874|chr13:95643045-95644713,0.63330078125,0.2347412109375,0.2132568359375,0.4266357421875,0.8935546875,0.32421875,14.2076416015625,0.8214111328125,0.2757568359375,0.5850830078125,0.7757568359375,0.685791015625,0.320556640625,0.3243408203125,0.3006591796875,0.3758544921875,0.1669921875,0.2886962890625,0.3896484375,0.443359375,0.42626953125,0.471923828125,0.7496337890625,0.4541015625,0.3582763671875,0.4244384765625,0.1947021484375,0.2633056640625,0.399658203125,7.4407958984375,0.457763671875,0.720703125,0.2205810546875,0.436767578125,0.7796630859375,0.432861328125,0.365234375,0.4776611328125,0.3531494140625,0.167236328125,0.307373046875,0.589111328125,0.712646484375,0.4827880859375,1.7908935546875,0.58447265625,0.156982421875,0.738037109375,1.9019775390625,0.5618896484375,0.5960693359375,0.3228759765625,0.3067626953125,0.3863525390625,0.2198486328125,1.1004638671875,0.6187744140625,0.4620361328125,0.26416015625,0.2232666015625,0.478759765625,0.3275146484375,0.235107421875,0.7122802734375,1.699951171875,1.1815185546875,0.3927001953125,0.65966796875,0.3388671875,0.2037353515625,0.736572265625,0.0,0.3126220703125,0.768310546875,0.4140625,10.5509033203125,1.41552734375,0.42626953125,0.80712890625,0.4434814453125,0.528564453125,13.078125,0.41943359375,0.454833984375,0.66943359375,0.458740234375,0.4361572265625,1.0098876953125,0.5052490234375,1.0914306640625,0.27197265625,0.296630859375,0.204345703125,0.236328125,0.1485595703125,0.7364501953125,2.8162841796875,0.6627197265625,0.397705078125,0.666015625,0.627685546875,0.3099365234375,1.1444091796875,0.34765625,0.32275390625,2.1519775390625,0.59033203125,0.5994873046875,0.7371826171875,0.3172607421875,0.6591796875,0.4259033203125,0.4525146484375,0.3125,0.3526611328125,0.3292236328125,0.7130126953125,0.87060546875,0.9364013671875,0.542724609375,0.273681640625,0.2017822265625,0.314697265625,0.2916259765625,0.4075927734375,0.361328125,0.3065185546875,0.1812744140625,0.660400390625,0.2908935546875,0.3736572265625,0.4166259765625,0.3642578125,0.749755859375,0.2646484375,0.6021728515625,0.21240234375,0.42138671875,0.7850341796875,0.654296875,0.614501953125,0.5826416015625,0.277099609375,0.4571533203125,0.9339599609375,1.070068359375,0.7158203125,0.311279296875,0.3837890625,1.0355224609375,0.6185302734375,0.4908447265625,0.2991943359375,0.273681640625,0.3428955078125,7.4456787109375,0.6160888671875,0.4107666015625,0.3419189453125,1.157958984375,0.3140869140625,0.734375,0.39453125,0.1534423828125,0.3111572265625,0.44775390625,0.594482421875,0.893798828125,0.33740234375,0.77197265625,0.585693359375,0.64453125,0.4569091796875,0.5867919921875,0.2520751953125,1.052001953125,0.3052978515625,0.537109375,0.82177734375,0.9697265625,0.2684326171875,0.4757080078125,0.5013427734375,0.4027099609375,0.1336669921875,0.7821044921875,0.4444580078125,0.99755859375,0.197021484375,0.5888671875,0.432861328125,0.1483154296875,0.266845703125
ENSG00000135341|chr6:90586992-90587077,0.6546630859375,0.2587890625,0.275146484375,0.239990234375,0.8853759765625,0.2401123046875,14.299560546875,0.765625,0.2880859375,0.490966796875,0.888427734375,0.2896728515625,0.4459228515625,0.1796875,0.262451171875,0.39013671875,0.2393798828125,0.2626953125,0.6788330078125,0.3067626953125,0.3306884765625,0.3199462890625,0.89208984375,0.6815185546875,0.343017578125,0.560791015625,0.299072265625,0.15234375,0.4202880859375,7.562255859375,0.3536376953125,0.7352294921875,0.32080078125,0.3397216796875,0.870849609375,0.4283447265625,0.2674560546875,0.440673828125,0.543212890625,0.1463623046875,0.2366943359375,0.6414794921875,0.7066650390625,0.3828125,1.75,0.5623779296875,0.2166748046875,0.7318115234375,1.646484375,0.5146484375,0.556640625,0.593994140625,0.291748046875,0.478515625,0.471435546875,1.585693359375,0.877197265625,0.48583984375,0.4154052734375,0.199951171875,0.5462646484375,0.527587890625,0.1429443359375,0.773681640625,2.5909423828125,0.99853515625,0.416259765625,0.7642822265625,0.4190673828125,0.253173828125,0.5311279296875,0.3126220703125,0.0,0.6290283203125,0.3514404296875,12.328125,1.3712158203125,0.2362060546875,0.7857666015625,0.28857421875,0.3753662109375,12.3157958984375,0.3929443359375,0.4913330078125,1.0101318359375,0.7525634765625,0.28271484375,0.948486328125,0.25927734375,1.33154296875,0.2210693359375,0.5140380859375,0.2100830078125,0.2945556640625,0.13525390625,0.92724609375,3.2509765625,0.795166015625,0.2518310546875,0.6627197265625,0.7479248046875,0.235595703125,1.568115234375,0.4173583984375,0.3834228515625,2.48095703125,0.5938720703125,0.88134765625,0.830810546875,0.553955078125,0.7103271484375,0.39892578125,0.57373046875,0.2667236328125,0.27685546875,0.365234375,0.799072265625,0.8936767578125,1.1240234375,0.3963623046875,0.2745361328125,0.290771484375,0.3255615234375,0.28466796875,0.25341796875,0.4361572265625,0.4189453125,0.21533203125,0.6480712890625,0.179443359375,0.393798828125,0.591552734375,0.2911376953125,1.2137451171875,0.3565673828125,0.64990234375,0.2723388671875,0.2235107421875,0.9521484375,0.6229248046875,0.6107177734375,0.800537109375,0.2684326171875,0.469482421875,1.033935546875,1.3331298828125,0.4627685546875,0.3260498046875,0.4281005859375,1.196533203125,0.593017578125,0.286376953125,0.30419921875,0.3507080078125,0.46875,7.1044921875,0.617919921875,0.269287109375,0.390625,1.3609619140625,0.2333984375,0.8499755859375,0.2774658203125,0.34619140625,0.215087890625,0.2913818359375,0.5081787109375,1.0284423828125,0.2542724609375,1.3118896484375,0.4156494140625,0.4796142578125,0.266357421875,0.770751953125,0.433349609375,0.9998779296875,0.4169921875,0.4937744140625,0.6341552734375,0.7860107421875,0.22607421875,0.623046875,0.3447265625,0.412109375,0.161865234375,0.854736328125,0.49072265625,0.8887939453125,0.2962646484375,0.7269287109375,0.3585205078125,0.196044921875,0.2510986328125
ENSG00000135373|chr11:34621107-34621507,0.654052734375,0.6668701171875,0.7708740234375,0.5946044921875,0.61181640625,0.666259765625,16.6663818359375,0.9639892578125,0.6397705078125,0.9530029296875,0.6700439453125,0.692138671875,0.815673828125,0.4776611328125,0.5733642578125,1.1756591796875,0.92578125,0.8394775390625,1.42041015625,0.96533203125,0.475830078125,0.669921875,1.0382080078125,0.700927734375,0.9102783203125,1.1134033203125,0.8914794921875,0.8165283203125,0.995361328125,8.1832275390625,0.947509765625,0.781982421875,0.4967041015625,0.488525390625,0.7674560546875,0.788330078125,0.439697265625,0.6085205078125,1.0772705078125,0.575927734375,0.900390625,1.5517578125,2.009521484375,0.6207275390625,1.3768310546875,0.428466796875,0.650634765625,1.162353515625,2.3031005859375,1.3634033203125,1.1610107421875,0.9710693359375,0.4544677734375,0.9617919921875,0.9217529296875,1.7015380859375,0.6112060546875,1.1207275390625,1.107177734375,0.6080322265625,0.968017578125,0.8529052734375,0.62744140625,1.0321044921875,2.88916015625,1.4053955078125,1.2122802734375,1.620849609375,0.781982421875,0.7545166015625,1.17626953125,0.768310546875,0.6290283203125,0.0,0.67138671875,13.4747314453125,2.18994140625,0.618896484375,0.88037109375,1.2086181640625,0.7685546875,13.991455078125,1.0244140625,0.74169921875,1.7724609375,1.409912109375,0.5465087890625,1.1824951171875,1.2269287109375,1.5963134765625,0.53515625,0.730224609375,0.880859375,0.724609375,0.6026611328125,0.5372314453125,3.6475830078125,1.5020751953125,0.801025390625,0.934814453125,0.7587890625,0.4893798828125,1.2901611328125,0.991455078125,0.782470703125,1.8304443359375,0.511962890625,1.1529541015625,1.4566650390625,0.7769775390625,0.858154296875,0.2508544921875,1.0040283203125,1.084228515625,0.8177490234375,0.8607177734375,1.2681884765625,1.3515625,1.1090087890625,1.3134765625,0.80078125,0.6348876953125,1.25,0.6993408203125,0.8609619140625,0.514404296875,0.4342041015625,0.4259033203125,0.920166015625,0.7701416015625,0.4163818359375,1.0238037109375,0.68408203125,1.317138671875,0.34521484375,0.6895751953125,0.547607421875,0.625,1.1055908203125,1.106201171875,1.6640625,1.4791259765625,1.019775390625,0.5150146484375,1.5877685546875,1.485107421875,0.32421875,0.8134765625,0.858642578125,0.8043212890625,0.7261962890625,0.5675048828125,0.5645751953125,0.91064453125,0.7376708984375,8.1636962890625,0.7374267578125,0.9659423828125,0.4708251953125,1.423828125,0.6458740234375,1.518798828125,0.944580078125,0.7547607421875,0.3917236328125,1.018310546875,0.709716796875,0.7568359375,0.648193359375,1.64990234375,0.517822265625,1.44970703125,0.9251708984375,1.1446533203125,0.9439697265625,0.6162109375,0.6143798828125,1.0,0.512939453125,1.259521484375,0.7254638671875,0.6541748046875,0.7769775390625,0.5841064453125,0.6673583984375,1.1182861328125,0.9019775390625,1.190185546875,0.93017578125,1.197021484375,0.697509765625,0.6737060546875,0.705078125
ENSG00000135801|chr1:229625966-229626136,0.546142578125,0.2613525390625,0.2293701171875,0.2249755859375,1.044677734375,0.320068359375,14.0396728515625,0.4884033203125,0.2161865234375,0.2694091796875,0.7403564453125,0.612060546875,0.30224609375,0.3880615234375,0.3011474609375,0.3905029296875,0.45166015625,0.3531494140625,0.436279296875,0.270751953125,0.4013671875,0.50390625,0.5975341796875,0.47119140625,0.2362060546875,0.6544189453125,0.2899169921875,0.4476318359375,0.35205078125,6.3865966796875,0.237548828125,0.817138671875,0.3143310546875,0.423095703125,0.8675537109375,0.3525390625,0.57763671875,0.2386474609375,0.3677978515625,0.296875,0.541015625,0.5537109375,0.950439453125,0.5509033203125,1.6290283203125,0.552001953125,0.30322265625,0.43896484375,1.0855712890625,0.3470458984375,0.3338623046875,0.2601318359375,0.3070068359375,0.2945556640625,0.4344482421875,0.9632568359375,0.7235107421875,0.2918701171875,0.326904296875,0.2742919921875,0.49462890625,0.4820556640625,0.29296875,0.3997802734375,1.873046875,1.1649169921875,0.3558349609375,0.483154296875,0.54736328125,0.2188720703125,0.53466796875,0.4140625,0.3514404296875,0.67138671875,0.0,10.0596923828125,0.923583984375,0.19091796875,0.56201171875,0.4080810546875,0.469970703125,11.2890625,0.208251953125,0.5673828125,0.673095703125,0.5517578125,0.3092041015625,0.7069091796875,0.6363525390625,0.7125244140625,0.3154296875,0.34033203125,0.225341796875,0.179443359375,0.2518310546875,0.6319580078125,2.4534912109375,0.6248779296875,0.343017578125,0.455810546875,0.668701171875,0.4012451171875,1.0006103515625,0.287353515625,0.309814453125,1.7718505859375,0.745849609375,0.7366943359375,0.4342041015625,0.4007568359375,0.4833984375,0.4547119140625,0.8680419921875,0.35791015625,0.3890380859375,0.2698974609375,0.8338623046875,0.834228515625,0.5325927734375,0.44775390625,0.41748046875,0.1939697265625,0.565185546875,0.3245849609375,0.3768310546875,0.287109375,0.2813720703125,0.2635498046875,0.478271484375,0.3162841796875,0.3646240234375,0.3072509765625,0.453369140625,0.69140625,0.39306640625,0.3878173828125,0.262939453125,0.458984375,0.5755615234375,0.415771484375,1.180908203125,0.7357177734375,0.36083984375,0.3253173828125,0.5843505859375,0.978515625,0.56396484375,0.354248046875,0.42236328125,0.9210205078125,0.6661376953125,0.3070068359375,0.2208251953125,0.213623046875,0.4508056640625,6.1138916015625,0.5301513671875,0.4132080078125,0.2630615234375,0.683349609375,0.3428955078125,0.5068359375,0.310791015625,0.4146728515625,0.3006591796875,0.2353515625,0.3642578125,0.709716796875,0.328369140625,0.84228515625,0.42041015625,0.5634765625,0.4310302734375,0.5299072265625,0.2467041015625,1.339599609375,0.3895263671875,0.406494140625,0.89990234375,1.279541015625,0.4031982421875,0.5074462890625,0.6444091796875,0.4393310546875,0.2784423828125,0.4691162109375,0.2706298828125,0.663818359375,0.296875,0.724365234375,0.2109375,0.2337646484375,0.292236328125
ENSG00000136492|chr17:61863088-61863499,10.3292236328125,10.78662109375,10.119873046875,11.618408203125,12.3094482421875,11.4293212890625,15.511962890625,9.586181640625,10.601806640625,10.3935546875,11.2841796875,13.9783935546875,9.8243408203125,12.678466796875,11.327880859375,9.349365234375,10.6180419921875,10.935302734375,8.1790771484375,11.2464599609375,12.1263427734375,12.0091552734375,8.935302734375,9.9661865234375,9.875,9.324462890625,10.402099609375,12.10205078125,9.4593505859375,8.623046875,10.4920654296875,10.4193115234375,11.025146484375,11.7608642578125,12.107666015625,9.8863525390625,13.0738525390625,10.239013671875,9.988525390625,11.0572509765625,11.3504638671875,9.1204833984375,11.6602783203125,11.39306640625,12.23486328125,11.6839599609375,10.7625732421875,8.4588623046875,10.5546875,9.99658203125,10.435791015625,9.166259765625,10.80517578125,10.70458984375,9.903564453125,7.898681640625,11.7734375,9.39208984375,9.5308837890625,11.132080078125,10.1400146484375,10.36572265625,11.8145751953125,10.363525390625,5.6680908203125,11.762939453125,10.4267578125,8.8365478515625,10.5850830078125,9.91455078125,11.3482666015625,10.5509033203125,12.328125,13.4747314453125,10.0596923828125,0.0,10.3880615234375,10.8504638671875,10.1016845703125,10.63720703125,10.9649658203125,19.1842041015625,9.7677001953125,10.7130126953125,8.4075927734375,10.5196533203125,11.331298828125,9.631591796875,12.2392578125,8.930419921875,11.4466552734375,9.7523193359375,10.1014404296875,9.6746826171875,11.31787109375,10.99560546875,8.33203125,10.53076171875,11.3411865234375,9.2921142578125,10.1063232421875,12.41845703125,8.81787109375,10.1605224609375,10.2899169921875,11.58984375,12.3929443359375,9.0009765625,8.797119140625,10.065185546875,9.3731689453125,11.87255859375,12.30908203125,10.6790771484375,10.461669921875,9.3310546875,10.175537109375,10.7952880859375,8.948974609375,10.1597900390625,10.9940185546875,10.423583984375,11.2108154296875,10.414794921875,11.50439453125,11.3458251953125,10.427490234375,11.223388671875,10.4154052734375,10.842041015625,10.939453125,8.303466796875,12.6768798828125,8.0521240234375,11.4024658203125,10.466552734375,10.7674560546875,12.4915771484375,9.548583984375,10.4373779296875,12.8497314453125,8.802490234375,10.0347900390625,10.854248046875,10.5517578125,9.9896240234375,13.7584228515625,10.0504150390625,9.8321533203125,11.525146484375,10.35107421875,11.5546875,10.391357421875,9.8228759765625,9.94140625,14.4814453125,11.707275390625,10.77587890625,11.116943359375,7.2005615234375,11.22509765625,8.3135986328125,10.9361572265625,10.607421875,11.92236328125,10.8304443359375,11.1492919921875,10.2825927734375,10.7044677734375,7.8114013671875,11.7010498046875,10.2962646484375,12.722900390625,8.53173828125,9.29931640625,14.5047607421875,10.259033203125,9.7923583984375,13.2733154296875,13.3074951171875,11.168701171875,9.920654296875,11.7841796875,10.845947265625,10.951416015625,9.01611328125,9.232666015625,11.1820068359375,10.4827880859375,9.4493408203125,9.9930419921875,10.737060546875,11.5311279296875
ENSG00000136931|chr9:124507318-124507454,2.1171875,1.5992431640625,1.0599365234375,1.0963134765625,2.75732421875,1.1123046875,13.0135498046875,1.7052001953125,1.1756591796875,0.9083251953125,2.0845947265625,1.270751953125,0.93310546875,1.3060302734375,1.4002685546875,1.3868408203125,1.43017578125,1.1473388671875,1.02685546875,0.6640625,1.416015625,2.009765625,1.5054931640625,1.743408203125,1.2674560546875,2.0333251953125,1.2969970703125,1.5303955078125,1.408935546875,5.8048095703125,0.62841796875,2.83935546875,1.3111572265625,1.295654296875,2.4530029296875,1.40087890625,1.92041015625,1.1822509765625,0.8411865234375,1.54443359375,1.82275390625,0.844970703125,1.79345703125,2.2569580078125,3.7371826171875,2.2451171875,1.42236328125,1.264404296875,1.0762939453125,0.6307373046875,0.4761962890625,0.7933349609375,1.3199462890625,0.7769775390625,1.8013916015625,1.6907958984375,2.2076416015625,0.5838623046875,0.87255859375,1.4849853515625,1.27880859375,1.5916748046875,1.4326171875,0.5955810546875,3.072021484375,2.8199462890625,0.5797119140625,0.6201171875,2.1923828125,1.3717041015625,0.984619140625,1.41552734375,1.3712158203125,2.18994140625,0.923583984375,10.3880615234375,0.0,0.955322265625,1.4443359375,0.9967041015625,1.656494140625,8.20654296875,0.834228515625,2.463134765625,0.826171875,0.88818359375,1.3028564453125,1.4134521484375,1.4476318359375,0.6097412109375,1.668212890625,1.271728515625,1.0634765625,1.20849609375,1.1656494140625,1.6917724609375,1.9376220703125,0.9163818359375,1.37060546875,1.4404296875,2.572998046875,1.2596435546875,1.6131591796875,1.23974609375,1.099609375,1.8460693359375,2.731689453125,2.3843994140625,0.4149169921875,1.5640869140625,1.360595703125,1.8116455078125,2.6390380859375,0.8388671875,1.5726318359375,1.5301513671875,1.8973388671875,1.3994140625,1.1512451171875,1.09765625,1.91845703125,0.9959716796875,1.46484375,1.4705810546875,1.1348876953125,1.287353515625,1.5560302734375,1.4854736328125,1.25830078125,1.4156494140625,1.3104248046875,1.1490478515625,1.61572265625,1.28466796875,1.810546875,1.4324951171875,1.31640625,1.51025390625,0.9798583984375,0.725341796875,2.448486328125,2.4068603515625,1.531005859375,1.1231689453125,0.4703369140625,1.38134765625,1.630859375,1.653076171875,1.66650390625,2.0892333984375,2.4739990234375,1.2222900390625,1.3568115234375,1.09375,1.9451904296875,3.5897216796875,1.1890869140625,1.5970458984375,1.1978759765625,1.595947265625,1.4986572265625,0.758056640625,0.889892578125,1.7022705078125,1.4302978515625,0.724853515625,1.109130859375,1.717529296875,1.9091796875,1.32763671875,1.7001953125,1.24951171875,1.0819091796875,1.4969482421875,1.2425537109375,3.58203125,1.7413330078125,1.228271484375,2.699951171875,3.572021484375,1.6278076171875,2.2681884765625,2.2208251953125,2.0323486328125,1.4600830078125,0.9127197265625,1.1011962890625,1.505615234375,0.9765625,1.666259765625,1.0458984375,1.4222412109375,1.129638671875
ENSG00000137166|chr6:41546382-41546629,0.556640625,0.3006591796875,0.2574462890625,0.1966552734375,0.909912109375,0.2353515625,13.5880126953125,0.5118408203125,0.2552490234375,0.2684326171875,0.8123779296875,0.45458984375,0.239013671875,0.2926025390625,0.3277587890625,0.3885498046875,0.346435546875,0.2625732421875,0.522705078125,0.22900390625,0.327880859375,0.539794921875,0.5111083984375,0.511962890625,0.3472900390625,0.6099853515625,0.3980712890625,0.4373779296875,0.34423828125,6.0897216796875,0.27099609375,0.798828125,0.3079833984375,0.254150390625,0.8043212890625,0.247802734375,0.465576171875,0.2569580078125,0.3907470703125,0.317626953125,0.533935546875,0.4892578125,1.1025390625,0.4859619140625,1.4769287109375,0.544677734375,0.297119140625,0.48486328125,1.2091064453125,0.3524169921875,0.3494873046875,0.3543701171875,0.1766357421875,0.3548583984375,0.5592041015625,1.0975341796875,0.7952880859375,0.2584228515625,0.3681640625,0.3128662109375,0.45166015625,0.5140380859375,0.295166015625,0.4764404296875,2.152099609375,1.1856689453125,0.3363037109375,0.559814453125,0.558349609375,0.2642822265625,0.44384765625,0.42626953125,0.2362060546875,0.618896484375,0.19091796875,10.8504638671875,0.955322265625,0.0,0.45068359375,0.3428955078125,0.372802734375,10.962158203125,0.315673828125,0.657470703125,0.7041015625,0.651611328125,0.3040771484375,0.5611572265625,0.5284423828125,0.7391357421875,0.344970703125,0.376953125,0.228271484375,0.1953125,0.1878662109375,0.5745849609375,2.5067138671875,0.8001708984375,0.305419921875,0.468017578125,0.67236328125,0.3214111328125,0.9359130859375,0.38671875,0.23876953125,1.7603759765625,0.752197265625,0.8157958984375,0.4500732421875,0.4783935546875,0.395751953125,0.3585205078125,0.9542236328125,0.29248046875,0.3126220703125,0.3280029296875,0.7589111328125,0.6865234375,0.6087646484375,0.4267578125,0.476318359375,0.1827392578125,0.58544921875,0.2376708984375,0.3011474609375,0.36572265625,0.3038330078125,0.2425537109375,0.398193359375,0.3009033203125,0.2828369140625,0.3416748046875,0.55517578125,0.702880859375,0.37890625,0.3927001953125,0.280029296875,0.33203125,0.5687255859375,0.294677734375,1.18994140625,0.9447021484375,0.365478515625,0.2225341796875,0.7518310546875,0.908447265625,0.39306640625,0.378173828125,0.37255859375,0.8121337890625,0.6961669921875,0.2322998046875,0.2322998046875,0.3046875,0.4342041015625,5.9659423828125,0.4207763671875,0.3739013671875,0.2806396484375,0.755126953125,0.3333740234375,0.46435546875,0.269775390625,0.4649658203125,0.2188720703125,0.219970703125,0.33544921875,0.626953125,0.37255859375,0.849609375,0.368896484375,0.52099609375,0.3760986328125,0.6080322265625,0.3514404296875,1.234619140625,0.4581298828125,0.271240234375,0.77099609375,1.268798828125,0.3277587890625,0.5828857421875,0.5316162109375,0.4962158203125,0.3092041015625,0.4281005859375,0.2650146484375,0.595703125,0.336669921875,0.53466796875,0.2001953125,0.2755126953125,0.22900390625
ENSG00000137203|chr6:10411951-10412352,0.396484375,0.6319580078125,0.7322998046875,0.4940185546875,0.710693359375,0.429931640625,13.0379638671875,0.4810791015625,0.5125732421875,0.4173583984375,0.7864990234375,0.895751953125,0.468994140625,0.8394775390625,0.9317626953125,0.6588134765625,0.68603515625,0.5638427734375,0.718994140625,0.76611328125,0.517578125,0.922607421875,0.2696533203125,0.527587890625,0.8238525390625,0.7264404296875,0.8211669921875,1.0262451171875,0.530029296875,5.0587158203125,0.681640625,0.962646484375,0.6512451171875,0.499755859375,0.7320556640625,0.278076171875,0.724365234375,0.3062744140625,0.8492431640625,0.70166015625,0.92236328125,0.7734375,2.142578125,0.5711669921875,0.9578857421875,0.739013671875,0.567138671875,0.49853515625,1.3624267578125,0.8497314453125,0.7635498046875,0.7269287109375,0.3970947265625,1.0447998046875,1.0789794921875,0.6815185546875,1.0784912109375,0.6441650390625,0.87109375,0.8062744140625,0.5029296875,0.5394287109375,0.75341796875,0.7027587890625,1.91748046875,0.9000244140625,0.9344482421875,1.14404296875,0.757080078125,0.5545654296875,0.63720703125,0.80712890625,0.7857666015625,0.88037109375,0.56201171875,10.1016845703125,1.4443359375,0.45068359375,0.0,0.8453369140625,0.369873046875,11.670654296875,0.6943359375,1.01318359375,1.052001953125,0.996337890625,0.4251708984375,0.5135498046875,1.1883544921875,0.7486572265625,0.71484375,0.605712890625,0.674072265625,0.467041015625,0.6336669921875,0.3841552734375,2.7484130859375,1.5865478515625,0.63818359375,0.58984375,0.5673828125,0.6676025390625,0.6617431640625,0.951904296875,0.30419921875,1.8082275390625,0.951171875,0.7022705078125,0.8751220703125,0.9437255859375,0.180419921875,0.4342041015625,1.4442138671875,0.88525390625,0.6204833984375,0.6820068359375,0.5694580078125,0.516357421875,0.5841064453125,0.7705078125,0.7822265625,0.4512939453125,1.336181640625,0.4732666015625,0.5482177734375,0.748046875,0.3719482421875,0.5059814453125,0.644775390625,0.6270751953125,0.5423583984375,0.5845947265625,1.108642578125,0.678466796875,0.499755859375,0.3284912109375,0.847900390625,0.548095703125,0.4871826171875,0.57470703125,2.127685546875,1.1846923828125,0.7626953125,0.3128662109375,1.3641357421875,0.6572265625,0.658935546875,0.6171875,0.491455078125,0.6978759765625,0.7928466796875,0.4879150390625,0.3787841796875,0.824951171875,0.6126708984375,5.4246826171875,0.4661865234375,0.5401611328125,0.3306884765625,0.435791015625,0.5360107421875,0.6982421875,0.5859375,0.8118896484375,0.4425048828125,0.596923828125,0.390625,0.486083984375,0.724609375,0.65234375,0.453857421875,0.738037109375,0.9849853515625,0.6790771484375,0.6744384765625,1.315185546875,0.5140380859375,0.346435546875,0.684814453125,1.8359375,0.6419677734375,0.6363525390625,0.7052001953125,0.6702880859375,0.8511962890625,0.4127197265625,0.2574462890625,0.4716796875,0.74267578125,0.457275390625,0.494384765625,0.6546630859375,0.75244140625
ENSG00000137273|chr6:1389578-1389958,0.9573974609375,0.36279296875,0.346923828125,0.4033203125,1.4676513671875,0.2677001953125,11.661865234375,0.879638671875,0.410888671875,0.454345703125,1.32470703125,0.5423583984375,0.3502197265625,0.401611328125,0.566162109375,0.288330078125,0.3221435546875,0.185302734375,0.3760986328125,0.2469482421875,0.5003662109375,0.6463623046875,0.842529296875,0.9400634765625,0.3037109375,0.583251953125,0.45947265625,0.22021484375,0.2991943359375,6.323486328125,0.2354736328125,1.2152099609375,0.59814453125,0.4627685546875,1.13916015625,0.4588623046875,0.6314697265625,0.49951171875,0.39599609375,0.3621826171875,0.3670654296875,0.2703857421875,0.5596923828125,0.630126953125,2.156494140625,1.0814208984375,0.3680419921875,0.5745849609375,1.32666015625,0.3193359375,0.3544921875,0.5654296875,0.450927734375,0.445068359375,0.59326171875,1.482177734375,1.493408203125,0.240478515625,0.2940673828125,0.34716796875,0.3726806640625,0.494873046875,0.3148193359375,0.881591796875,2.5106201171875,0.95556640625,0.254150390625,0.3472900390625,0.7347412109375,0.32470703125,0.3538818359375,0.4434814453125,0.28857421875,1.2086181640625,0.4080810546875,10.63720703125,0.9967041015625,0.3428955078125,0.8453369140625,0.0,0.3746337890625,9.9947509765625,0.3348388671875,0.8206787109375,0.4749755859375,0.6102294921875,0.33984375,0.9521484375,0.156494140625,1.219482421875,0.5606689453125,0.7325439453125,0.1824951171875,0.3114013671875,0.26123046875,1.14794921875,3.22802734375,0.654052734375,0.2276611328125,0.6983642578125,1.0218505859375,0.4140625,1.778076171875,0.5780029296875,0.4090576171875,2.908203125,1.0716552734375,0.908935546875,0.53173828125,0.878173828125,0.6336669921875,0.7763671875,1.01708984375,0.1195068359375,0.372314453125,0.462890625,0.690673828125,0.6915283203125,1.25634765625,0.0811767578125,0.4132080078125,0.330810546875,0.2320556640625,0.36181640625,0.245361328125,0.7933349609375,0.66943359375,0.50927734375,0.8533935546875,0.20947265625,0.68017578125,0.565185546875,0.6883544921875,1.2235107421875,0.6695556640625,0.923095703125,0.5191650390625,0.4383544921875,0.95947265625,0.5704345703125,0.6480712890625,0.83984375,0.2462158203125,0.598388671875,0.888916015625,1.1302490234375,0.9320068359375,0.3018798828125,0.4080810546875,1.699462890625,0.893310546875,0.453369140625,0.478271484375,0.3887939453125,0.7060546875,5.775390625,0.643310546875,0.294921875,0.603515625,1.1981201171875,0.28271484375,0.4871826171875,0.1710205078125,0.58544921875,0.485595703125,0.1639404296875,0.5032958984375,1.3350830078125,0.4080810546875,1.0972900390625,0.8106689453125,0.1500244140625,0.33935546875,0.703125,0.428955078125,1.8206787109375,0.666259765625,0.3250732421875,1.0892333984375,1.3509521484375,0.3125,0.859375,0.5205078125,0.779052734375,0.3427734375,0.7138671875,0.443115234375,0.8494873046875,0.2198486328125,0.4949951171875,0.5289306640625,0.335693359375,0.3929443359375
ENSG00000137693|chr11:102110462-102110923,0.449462890625,0.3428955078125,0.5457763671875,0.3245849609375,0.713134765625,0.26513671875,12.4561767578125,0.4930419921875,0.4061279296875,0.4088134765625,0.8961181640625,0.54638671875,0.36279296875,0.4730224609375,0.7056884765625,0.3558349609375,0.335205078125,0.2567138671875,0.58837890625,0.590087890625,0.32861328125,0.549560546875,0.4080810546875,0.5771484375,0.5133056640625,0.3748779296875,0.6702880859375,0.4542236328125,0.254150390625,5.8580322265625,0.478271484375,0.701416015625,0.5521240234375,0.260986328125,0.7266845703125,0.197021484375,0.359375,0.3333740234375,0.6973876953125,0.3212890625,0.353759765625,0.50830078125,1.369384765625,0.2991943359375,1.0875244140625,0.64501953125,0.312744140625,0.455810546875,1.4407958984375,0.6551513671875,0.6639404296875,0.8013916015625,0.2821044921875,0.8758544921875,0.7083740234375,1.1488037109375,1.1185302734375,0.5374755859375,0.5576171875,0.4727783203125,0.3212890625,0.3402099609375,0.39306640625,0.9591064453125,2.265625,0.4674072265625,0.6964111328125,0.91162109375,0.46923828125,0.3260498046875,0.345947265625,0.528564453125,0.3753662109375,0.7685546875,0.469970703125,10.9649658203125,1.656494140625,0.372802734375,0.369873046875,0.3746337890625,0.0,11.443359375,0.44580078125,0.611572265625,0.923095703125,0.952880859375,0.2293701171875,0.5040283203125,0.4927978515625,1.2640380859375,0.466064453125,0.668212890625,0.376953125,0.26220703125,0.3677978515625,0.6265869140625,3.3638916015625,1.3197021484375,0.26513671875,0.3916015625,0.451904296875,0.3968505859375,1.3387451171875,0.771728515625,0.232421875,2.6815185546875,0.64794921875,0.6119384765625,0.9581298828125,0.8426513671875,0.308349609375,0.4193115234375,0.9522705078125,0.46435546875,0.3111572265625,0.5133056640625,0.4383544921875,0.397216796875,0.8853759765625,0.344970703125,0.296630859375,0.3553466796875,0.6884765625,0.2379150390625,0.2054443359375,0.639892578125,0.3245849609375,0.3594970703125,0.64697265625,0.2559814453125,0.5030517578125,0.6348876953125,0.768798828125,1.02783203125,0.3349609375,0.5548095703125,0.587158203125,0.236572265625,0.7183837890625,0.623779296875,1.1357421875,0.8060302734375,0.359130859375,0.3250732421875,1.4666748046875,0.843017578125,0.615478515625,0.262939453125,0.18115234375,1.1295166015625,0.5823974609375,0.2467041015625,0.2789306640625,0.62744140625,0.3948974609375,6.1641845703125,0.4798583984375,0.1588134765625,0.3782958984375,0.828369140625,0.1868896484375,0.763671875,0.355712890625,0.5592041015625,0.2781982421875,0.391845703125,0.42822265625,0.738525390625,0.317626953125,1.01611328125,0.399658203125,0.322265625,0.6246337890625,0.4713134765625,0.6016845703125,1.00341796875,0.4527587890625,0.210205078125,0.466796875,1.176025390625,0.2181396484375,0.5032958984375,0.2335205078125,0.4998779296875,0.4390869140625,0.6319580078125,0.2474365234375,0.47119140625,0.4619140625,0.27734375,0.42626953125,0.3812255859375,0.4990234375
ENSG00000137947|chr1:88891086-88891504,13.991455078125,12.7137451171875,12.1951904296875,11.4366455078125,15.512451171875,11.11767578125,10.853271484375,12.6278076171875,12.3846435546875,10.3365478515625,15.0853271484375,11.21435546875,10.652587890625,11.8572998046875,13.4642333984375,11.6007080078125,12.390625,10.8785400390625,11.29931640625,10.278564453125,12.0048828125,14.406005859375,11.5311279296875,13.6123046875,12.0596923828125,13.3597412109375,13.0802001953125,12.3255615234375,11.328369140625,9.9073486328125,9.963623046875,15.7958984375,13.0809326171875,11.263427734375,13.6492919921875,11.65283203125,13.3583984375,11.3748779296875,10.6807861328125,13.14306640625,13.312255859375,9.892333984375,12.618408203125,13.8016357421875,14.8240966796875,15.3017578125,12.94482421875,11.142822265625,9.5574951171875,9.8243408203125,9.4945068359375,11.8004150390625,12.0709228515625,11.0299072265625,14.0867919921875,13.1998291015625,15.7921142578125,9.7503662109375,11.3203125,12.9263916015625,10.410400390625,12.2906494140625,12.6357421875,11.2879638671875,16.145751953125,13.2017822265625,10.0970458984375,9.599365234375,14.54443359375,12.7484130859375,9.601318359375,13.078125,12.3157958984375,13.991455078125,11.2890625,19.1842041015625,8.20654296875,10.962158203125,11.670654296875,9.9947509765625,11.443359375,0.0,10.771484375,14.925537109375,9.865234375,10.982421875,11.5281982421875,10.7032470703125,11.0225830078125,10.2508544921875,13.902587890625,13.119873046875,11.47265625,11.863037109375,11.9908447265625,12.6331787109375,12.3687744140625,11.5286865234375,11.177978515625,11.8310546875,14.63916015625,11.9046630859375,13.3016357421875,13.050537109375,11.39111328125,13.7630615234375,15.59130859375,14.4024658203125,9.8719482421875,13.9705810546875,11.33251953125,13.5684814453125,16.0452880859375,10.504150390625,12.4193115234375,13.0819091796875,12.0426025390625,10.37744140625,11.9163818359375,10.056640625,13.430908203125,11.5321044921875,12.1689453125,12.3612060546875,10.7718505859375,12.810546875,12.9835205078125,13.3114013671875,11.587646484375,12.1387939453125,12.7720947265625,12.1966552734375,13.6669921875,12.423583984375,13.6435546875,12.5396728515625,13.0400390625,11.946044921875,11.1414794921875,9.927490234375,13.80322265625,14.6585693359375,12.42578125,11.0555419921875,10.2088623046875,9.955322265625,12.428955078125,12.256103515625,12.169677734375,14.2032470703125,15.2574462890625,11.2493896484375,12.3221435546875,12.1201171875,13.9979248046875,5.5623779296875,11.2855224609375,12.1348876953125,11.9918212890625,11.5078125,11.9783935546875,10.013671875,10.4638671875,14.0247802734375,12.4959716796875,10.255615234375,10.891845703125,13.06640625,13.276611328125,12.099853515625,13.167724609375,10.331298828125,11.0225830078125,12.3397216796875,12.4403076171875,17.341552734375,14.0108642578125,10.517578125,14.70654296875,16.73876953125,12.2054443359375,14.8052978515625,13.1912841796875,14.5203857421875,13.0604248046875,10.5887451171875,11.2039794921875,10.335205078125,11.4052734375,11.2001953125,11.78662109375,12.9561767578125,11.94775390625
ENSG00000140009|chr14:64294125-64294314,0.732421875,0.4468994140625,0.2518310546875,0.2276611328125,1.228759765625,0.388671875,13.6361083984375,0.5504150390625,0.3526611328125,0.2481689453125,0.8829345703125,0.5888671875,0.298583984375,0.4869384765625,0.4261474609375,0.3087158203125,0.365478515625,0.3770751953125,0.32275390625,0.290283203125,0.504150390625,0.654296875,0.6239013671875,0.648193359375,0.2662353515625,0.5672607421875,0.4024658203125,0.5018310546875,0.3408203125,6.2384033203125,0.1904296875,0.92333984375,0.4532470703125,0.410888671875,1.1168212890625,0.3544921875,0.7060546875,0.3983154296875,0.3792724609375,0.340576171875,0.5166015625,0.3544921875,0.88134765625,0.7677001953125,2.0589599609375,0.762451171875,0.318359375,0.435791015625,1.1070556640625,0.2449951171875,0.2557373046875,0.3280029296875,0.4178466796875,0.3953857421875,0.5172119140625,1.0345458984375,0.8831787109375,0.2486572265625,0.243896484375,0.4180908203125,0.516845703125,0.4647216796875,0.343017578125,0.4134521484375,1.86376953125,1.1300048828125,0.2301025390625,0.337890625,0.620849609375,0.2557373046875,0.36572265625,0.41943359375,0.3929443359375,1.0244140625,0.208251953125,9.7677001953125,0.834228515625,0.315673828125,0.6943359375,0.3348388671875,0.44580078125,10.771484375,0.0,0.733154296875,0.524169921875,0.631591796875,0.3551025390625,0.5484619140625,0.5108642578125,0.6448974609375,0.433349609375,0.460205078125,0.18798828125,0.182861328125,0.3165283203125,0.8038330078125,2.1082763671875,0.6937255859375,0.38134765625,0.38916015625,0.891357421875,0.4825439453125,1.1580810546875,0.315185546875,0.29931640625,2.0118408203125,0.97216796875,0.9837646484375,0.4000244140625,0.5010986328125,0.5439453125,0.7318115234375,0.9793701171875,0.213134765625,0.4468994140625,0.4173583984375,0.8934326171875,0.6982421875,0.5836181640625,0.35107421875,0.462890625,0.2938232421875,0.492919921875,0.3302001953125,0.2996826171875,0.34130859375,0.4061279296875,0.3680419921875,0.42529296875,0.3753662109375,0.4364013671875,0.3568115234375,0.561279296875,0.695556640625,0.562255859375,0.5726318359375,0.312255859375,0.48486328125,0.4349365234375,0.391845703125,1.09033203125,0.8116455078125,0.372314453125,0.3778076171875,0.6312255859375,0.948974609375,0.786376953125,0.427734375,0.457763671875,1.1614990234375,0.8975830078125,0.2816162109375,0.3438720703125,0.26318359375,0.4913330078125,5.7010498046875,0.5704345703125,0.4044189453125,0.3509521484375,0.826904296875,0.3514404296875,0.504150390625,0.2587890625,0.5018310546875,0.4149169921875,0.18701171875,0.48974609375,0.762939453125,0.439208984375,0.890625,0.517578125,0.43505859375,0.4110107421875,0.3267822265625,0.3619384765625,1.631591796875,0.5401611328125,0.408203125,1.18212890625,1.5146484375,0.3870849609375,0.7335205078125,0.6859130859375,0.6243896484375,0.3358154296875,0.5347900390625,0.2777099609375,0.631591796875,0.306640625,0.61669921875,0.2216796875,0.3170166015625,0.332763671875
ENSG00000140262|chr15:56918689-56918988,0.427001953125,0.3399658203125,0.4954833984375,0.6427001953125,0.69384765625,0.672119140625,15.4425048828125,0.7047119140625,0.4205322265625,0.8914794921875,0.7591552734375,1.10009765625,0.7509765625,0.6419677734375,0.4505615234375,0.4725341796875,0.418701171875,0.6173095703125,0.83544921875,0.88671875,0.69384765625,0.3388671875,0.9903564453125,0.4482421875,0.4825439453125,0.3543701171875,0.4488525390625,0.5286865234375,0.462158203125,7.9769287109375,1.008544921875,0.275146484375,0.4732666015625,0.773681640625,0.7156982421875,0.522216796875,0.528564453125,0.7052001953125,0.8751220703125,0.26611328125,0.41650390625,1.17919921875,1.073974609375,0.2515869140625,1.2772216796875,0.311279296875,0.365478515625,0.86767578125,2.1663818359375,0.9901123046875,1.3077392578125,0.8123779296875,0.5159912109375,0.9654541015625,0.2911376953125,1.5472412109375,0.6578369140625,1.0128173828125,0.739013671875,0.3612060546875,0.9072265625,0.6427001953125,0.397705078125,1.3143310546875,1.76123046875,1.0189208984375,1.0465087890625,1.248291015625,0.2275390625,0.2950439453125,1.151123046875,0.454833984375,0.4913330078125,0.74169921875,0.5673828125,10.7130126953125,2.463134765625,0.657470703125,1.01318359375,0.8206787109375,0.611572265625,14.925537109375,0.733154296875,0.0,1.41796875,1.16650390625,0.5775146484375,1.3258056640625,0.8348388671875,1.8507080078125,0.244384765625,0.57177734375,0.485595703125,0.39306640625,0.4556884765625,0.9720458984375,3.8553466796875,1.2838134765625,0.586181640625,0.6943359375,0.30859375,0.7144775390625,1.5230712890625,0.47802734375,0.7099609375,2.9149169921875,0.27294921875,0.4302978515625,1.4051513671875,0.5084228515625,0.835205078125,0.4263916015625,0.3065185546875,0.834716796875,0.3123779296875,0.2694091796875,0.9024658203125,1.38427734375,1.2271728515625,0.81201171875,0.288818359375,0.5745849609375,0.678466796875,0.3780517578125,0.7889404296875,0.65185546875,0.3885498046875,0.3463134765625,0.92724609375,0.4578857421875,0.6195068359375,0.5731201171875,0.55517578125,1.22216796875,0.371337890625,0.7266845703125,0.392578125,0.6953125,1.3509521484375,1.167236328125,0.894775390625,0.3355712890625,0.330322265625,0.8243408203125,1.6558837890625,1.906005859375,0.92236328125,0.315185546875,0.45751953125,1.1236572265625,0.2239990234375,0.7039794921875,0.3660888671875,0.432861328125,0.2242431640625,9.2928466796875,1.1319580078125,0.4268798828125,0.6890869140625,1.160400390625,0.4908447265625,1.259765625,0.847900390625,0.2471923828125,0.4439697265625,0.822265625,0.846435546875,1.127685546875,0.171630859375,1.403076171875,0.466552734375,0.873779296875,0.8929443359375,0.7496337890625,0.4495849609375,0.7841796875,0.3099365234375,0.729248046875,0.572509765625,0.339599609375,0.3988037109375,0.1817626953125,0.4063720703125,0.1981201171875,0.3040771484375,1.2427978515625,0.6671142578125,1.257568359375,0.685546875,0.88037109375,0.615234375,0.2720947265625,0.615966796875
ENSG00000140262|chr15:57219458-57219674,1.38916015625,0.8189697265625,0.5621337890625,0.8995361328125,2.0224609375,0.7080078125,11.0557861328125,1.1827392578125,0.7178955078125,0.7894287109375,1.5072021484375,1.286865234375,0.440185546875,0.8951416015625,0.8626708984375,0.6688232421875,0.7197265625,0.5660400390625,0.251708984375,0.62255859375,0.987548828125,1.241455078125,0.8441162109375,1.140869140625,0.6756591796875,0.8734130859375,0.7584228515625,0.8594970703125,0.661865234375,5.2808837890625,0.460693359375,1.71435546875,0.9014892578125,0.8369140625,1.5340576171875,0.805419921875,1.346435546875,0.7745361328125,0.4593505859375,0.857666015625,0.99755859375,0.291015625,1.099609375,1.3092041015625,2.8568115234375,1.52490234375,0.782958984375,0.708251953125,1.7420654296875,0.5272216796875,0.4276123046875,0.4188232421875,0.7664794921875,0.4903564453125,0.8314208984375,1.1663818359375,1.6407470703125,0.3194580078125,0.3515625,0.7476806640625,0.503662109375,0.7498779296875,0.873291015625,0.6990966796875,1.79052734375,1.7174072265625,0.3985595703125,0.187255859375,1.136962890625,0.6829833984375,0.754150390625,0.66943359375,1.0101318359375,1.7724609375,0.673095703125,8.4075927734375,0.826171875,0.7041015625,1.052001953125,0.4749755859375,0.923095703125,9.865234375,0.524169921875,1.41796875,0.0,0.725341796875,0.8211669921875,1.0623779296875,0.8221435546875,0.7725830078125,1.121826171875,0.7314453125,0.5185546875,0.565185546875,0.6202392578125,1.1622314453125,2.1632080078125,0.6427001953125,0.831298828125,0.861572265625,1.50390625,0.8704833984375,1.2935791015625,0.81396484375,0.645751953125,2.2440185546875,1.73193359375,1.1619873046875,0.2833251953125,1.0777587890625,0.683349609375,1.2188720703125,1.6334228515625,0.39306640625,0.9041748046875,0.7899169921875,1.0870361328125,0.993896484375,1.0596923828125,0.540283203125,0.96630859375,0.5223388671875,0.65234375,0.7401123046875,0.8162841796875,0.972412109375,0.9630126953125,0.8714599609375,1.06982421875,0.6978759765625,0.8880615234375,0.5709228515625,1.322998046875,0.744140625,1.02392578125,1.2274169921875,0.787353515625,1.028564453125,0.7322998046875,0.644775390625,1.350341796875,1.2191162109375,0.726318359375,0.7879638671875,0.7681884765625,1.017333984375,1.5126953125,0.783935546875,0.698486328125,1.7879638671875,1.4405517578125,0.9075927734375,0.8292236328125,0.714111328125,1.0084228515625,5.2066650390625,0.8297119140625,0.9049072265625,0.8575439453125,1.05810546875,0.7935791015625,0.294189453125,0.59228515625,0.9493408203125,1.0694580078125,0.5625,0.784912109375,1.365234375,0.969970703125,0.5224609375,1.4189453125,0.646240234375,0.8072509765625,0.6563720703125,0.6055908203125,2.65283203125,1.0394287109375,0.583984375,1.954345703125,2.4765625,0.7947998046875,1.2152099609375,1.2056884765625,1.3302001953125,0.7464599609375,0.5550537109375,0.6138916015625,1.085205078125,0.4306640625,0.6181640625,0.69921875,0.7523193359375,0.738037109375
ENSG00000141052|chr17:12665905-12666064,1.162109375,0.6400146484375,0.4979248046875,0.7220458984375,1.496337890625,0.425537109375,13.3636474609375,1.3377685546875,0.5777587890625,0.7025146484375,1.5870361328125,0.82763671875,0.505859375,0.5938720703125,0.7952880859375,0.7337646484375,0.55615234375,0.4378662109375,0.613037109375,0.37548828125,0.6533203125,1.095947265625,1.0999755859375,0.722900390625,0.8121337890625,1.0338134765625,0.4844970703125,0.6783447265625,0.6376953125,6.7579345703125,0.67529296875,1.674072265625,0.5880126953125,0.891357421875,1.0440673828125,0.750732421875,0.84521484375,0.6956787109375,0.2835693359375,0.665771484375,0.879638671875,0.78466796875,0.89111328125,1.0125732421875,2.2010498046875,1.25146484375,0.5859375,1.10205078125,1.2884521484375,0.4427490234375,0.5489501953125,0.4324951171875,0.7484130859375,0.4925537109375,0.8048095703125,1.3568115234375,1.2069091796875,0.5386962890625,0.563232421875,0.6932373046875,0.7109375,0.7752685546875,0.634521484375,0.7681884765625,2.267578125,1.7012939453125,0.4053955078125,0.7294921875,1.034423828125,0.6253662109375,0.827880859375,0.458740234375,0.7525634765625,1.409912109375,0.5517578125,10.5196533203125,0.88818359375,0.651611328125,0.996337890625,0.6102294921875,0.952880859375,10.982421875,0.631591796875,1.16650390625,0.725341796875,0.0,0.7752685546875,1.4466552734375,0.8721923828125,0.8707275390625,0.77197265625,0.5625,0.525634765625,0.570556640625,0.4530029296875,1.0540771484375,3.0516357421875,0.6707763671875,0.580078125,1.2998046875,1.232666015625,0.6019287109375,1.3092041015625,0.641357421875,0.524658203125,2.1556396484375,1.2666015625,1.1180419921875,0.7413330078125,0.8309326171875,0.958251953125,0.8905029296875,1.0748291015625,0.509765625,0.6983642578125,0.7349853515625,0.8441162109375,0.908203125,1.1763916015625,0.71044921875,0.786376953125,0.3560791015625,0.73681640625,0.6781005859375,0.6287841796875,0.68994140625,0.7357177734375,0.6654052734375,1.09765625,0.6790771484375,0.8570556640625,0.7615966796875,0.658447265625,0.942626953125,0.853759765625,0.6881103515625,0.708740234375,0.79296875,1.0213623046875,0.494384765625,1.21044921875,1.1798095703125,0.62890625,0.7088623046875,0.5347900390625,1.117919921875,0.92822265625,0.804931640625,0.91748046875,1.1231689453125,1.3729248046875,0.8863525390625,0.5408935546875,0.433837890625,0.9515380859375,5.8114013671875,0.7418212890625,0.7864990234375,0.6519775390625,1.379638671875,0.7987060546875,0.704833984375,0.45654296875,0.5697021484375,0.6431884765625,0.459716796875,0.594970703125,1.28857421875,0.976318359375,0.922607421875,1.022705078125,0.82080078125,0.6263427734375,1.1148681640625,0.4127197265625,2.011962890625,0.7481689453125,0.715087890625,1.39892578125,1.812744140625,0.7015380859375,1.1190185546875,1.1868896484375,0.9312744140625,0.6265869140625,0.8619384765625,0.5992431640625,0.992919921875,0.380615234375,1.05322265625,0.8125,0.5128173828125,0.4296875
ENSG00000141380|chr18:26090413-26090627,0.4864501953125,0.339599609375,0.32080078125,0.234130859375,0.7283935546875,0.1976318359375,13.3251953125,0.593505859375,0.267578125,0.379150390625,0.73388671875,0.3677978515625,0.2742919921875,0.288818359375,0.41845703125,0.475341796875,0.3680419921875,0.2490234375,0.5670166015625,0.3519287109375,0.2059326171875,0.4710693359375,0.5615234375,0.6024169921875,0.355712890625,0.510498046875,0.455078125,0.329833984375,0.2867431640625,6.63232421875,0.2974853515625,0.7513427734375,0.408935546875,0.2398681640625,0.68505859375,0.3265380859375,0.3497314453125,0.247802734375,0.525634765625,0.2427978515625,0.4012451171875,0.6182861328125,1.1280517578125,0.3349609375,1.489013671875,0.6046142578125,0.2603759765625,0.4327392578125,1.32421875,0.5908203125,0.44140625,0.508056640625,0.25,0.5107421875,0.647216796875,1.15673828125,0.87744140625,0.41357421875,0.4801025390625,0.32373046875,0.3582763671875,0.2978515625,0.2335205078125,0.672607421875,2.3934326171875,0.654541015625,0.5009765625,0.7105712890625,0.5155029296875,0.28515625,0.4029541015625,0.4361572265625,0.28271484375,0.5465087890625,0.3092041015625,11.331298828125,1.3028564453125,0.3040771484375,0.4251708984375,0.33984375,0.2293701171875,11.5281982421875,0.3551025390625,0.5775146484375,0.8211669921875,0.7752685546875,0.0,0.73828125,0.45556640625,1.02880859375,0.3685302734375,0.4708251953125,0.2838134765625,0.2579345703125,0.243896484375,0.548583984375,3.1767578125,0.86474609375,0.2613525390625,0.4766845703125,0.6092529296875,0.2041015625,1.192138671875,0.5836181640625,0.2781982421875,2.193359375,0.5943603515625,0.70556640625,0.740966796875,0.710693359375,0.3533935546875,0.31005859375,0.85009765625,0.4080810546875,0.35546875,0.440673828125,0.578369140625,0.6275634765625,0.79833984375,0.3565673828125,0.3101806640625,0.24755859375,0.5601806640625,0.27392578125,0.255859375,0.4512939453125,0.32666015625,0.239501953125,0.7100830078125,0.217041015625,0.3291015625,0.559326171875,0.5025634765625,0.9886474609375,0.3118896484375,0.517822265625,0.4293212890625,0.2720947265625,0.673828125,0.5987548828125,1.0252685546875,0.894287109375,0.3919677734375,0.303466796875,0.9921875,0.9456787109375,0.4556884765625,0.3187255859375,0.3572998046875,1.0068359375,0.568115234375,0.23291015625,0.22705078125,0.4161376953125,0.48291015625,6.22265625,0.3798828125,0.312744140625,0.2431640625,0.9217529296875,0.1787109375,0.6580810546875,0.2427978515625,0.4892578125,0.20654296875,0.2764892578125,0.2803955078125,0.7308349609375,0.2926025390625,0.9918212890625,0.3909912109375,0.3961181640625,0.4072265625,0.547607421875,0.40625,1.0653076171875,0.330810546875,0.3201904296875,0.5360107421875,1.1898193359375,0.23193359375,0.49560546875,0.339599609375,0.416748046875,0.332763671875,0.52490234375,0.297607421875,0.5987548828125,0.3077392578125,0.4866943359375,0.3648681640625,0.279296875,0.3468017578125
ENSG00000141968|chr19:6772667-6772935,0.7852783203125,0.934814453125,0.911865234375,0.522216796875,1.1529541015625,0.7838134765625,13.72900390625,0.52294921875,0.848388671875,0.485595703125,1.040771484375,1.0301513671875,0.6014404296875,1.05078125,1.1181640625,0.7158203125,0.8135986328125,0.8818359375,0.8099365234375,0.9593505859375,0.8563232421875,1.3255615234375,0.31982421875,0.8724365234375,0.89794921875,0.894287109375,1.095458984375,1.271484375,0.7366943359375,5.08544921875,0.6390380859375,1.0865478515625,0.844970703125,0.5042724609375,1.52685546875,0.3956298828125,0.9930419921875,0.63525390625,1.068115234375,0.9227294921875,1.0760498046875,0.6414794921875,2.3721923828125,1.06591796875,1.591064453125,1.0614013671875,0.7166748046875,0.5003662109375,1.35595703125,0.910888671875,0.77392578125,0.948486328125,0.550537109375,1.173828125,1.18310546875,0.91162109375,1.238037109375,0.68603515625,0.8167724609375,1.08447265625,0.7359619140625,0.778564453125,1.0189208984375,0.83251953125,2.0142822265625,1.33935546875,0.933837890625,1.1019287109375,0.9920654296875,0.718017578125,0.5948486328125,1.0098876953125,0.948486328125,1.1824951171875,0.7069091796875,9.631591796875,1.4134521484375,0.5611572265625,0.5135498046875,0.9521484375,0.5040283203125,10.7032470703125,0.5484619140625,1.3258056640625,1.0623779296875,1.4466552734375,0.73828125,0.0,1.262451171875,0.745849609375,0.9876708984375,0.9271240234375,0.7703857421875,0.5802001953125,0.91796875,0.702880859375,1.815673828125,1.89404296875,0.9156494140625,0.3536376953125,0.9652099609375,0.971435546875,0.9765625,1.0233154296875,0.4429931640625,1.806396484375,1.4041748046875,1.316162109375,0.8271484375,0.93115234375,0.4866943359375,0.926513671875,1.82275390625,0.8377685546875,0.8828125,0.923583984375,1.151123046875,0.5826416015625,0.4990234375,0.9168701171875,1.0020751953125,0.759765625,1.4708251953125,0.640869140625,0.611328125,0.7188720703125,0.59716796875,0.76416015625,0.3216552734375,0.95166015625,0.623779296875,0.6982421875,1.3040771484375,0.6932373046875,0.7593994140625,0.703857421875,0.8099365234375,0.7222900390625,0.400146484375,0.7059326171875,2.2696533203125,1.431884765625,0.9803466796875,0.361572265625,1.598388671875,0.7471923828125,0.9583740234375,0.9158935546875,0.6275634765625,1.154296875,1.22509765625,0.4716796875,0.684326171875,1.0238037109375,0.72265625,5.334228515625,0.7412109375,0.72705078125,0.554443359375,0.6207275390625,0.75830078125,0.8516845703125,0.7811279296875,1.105224609375,0.73876953125,0.7218017578125,0.8465576171875,0.4349365234375,0.9722900390625,1.0206298828125,0.6690673828125,0.9573974609375,1.227783203125,0.39892578125,1.04052734375,1.6385498046875,0.98095703125,0.5958251953125,1.3035888671875,2.3057861328125,0.8603515625,1.021484375,0.885498046875,1.046142578125,0.987548828125,0.62646484375,0.417236328125,0.6583251953125,1.0057373046875,0.6365966796875,0.4158935546875,0.962646484375,0.9395751953125
ENSG00000142025|chr19:41845109-41845457,1.1873779296875,0.45947265625,0.46630859375,0.492919921875,1.4932861328125,0.4102783203125,12.54296875,1.14208984375,0.533203125,0.6669921875,1.46533203125,0.5098876953125,0.5462646484375,0.41162109375,0.598388671875,0.480712890625,0.3729248046875,0.277587890625,0.6888427734375,0.4149169921875,0.5870361328125,0.5496826171875,1.181396484375,1.1888427734375,0.465576171875,0.6806640625,0.57275390625,0.202880859375,0.4871826171875,7.6533203125,0.4427490234375,1.2008056640625,0.71630859375,0.5396728515625,1.198974609375,0.7232666015625,0.5772705078125,0.78369140625,0.65185546875,0.3929443359375,0.3350830078125,0.5150146484375,0.4925537109375,0.68310546875,2.382568359375,1.1527099609375,0.4349365234375,0.9583740234375,1.83935546875,0.593994140625,0.649658203125,0.8818359375,0.6357421875,0.588623046875,0.703125,2.001953125,1.565185546875,0.531494140625,0.5186767578125,0.41748046875,0.5242919921875,0.5830078125,0.3031005859375,1.1318359375,2.9642333984375,0.96484375,0.422607421875,0.6402587890625,0.7945556640625,0.462890625,0.4884033203125,0.5052490234375,0.25927734375,1.2269287109375,0.6363525390625,12.2392578125,1.4476318359375,0.5284423828125,1.1883544921875,0.156494140625,0.4927978515625,11.0225830078125,0.5108642578125,0.8348388671875,0.8221435546875,0.8721923828125,0.45556640625,1.262451171875,0.0,1.716064453125,0.5570068359375,0.9547119140625,0.2982177734375,0.4908447265625,0.310791015625,1.368896484375,3.806396484375,0.796142578125,0.3319091796875,0.9053955078125,1.1868896484375,0.4521484375,2.25537109375,0.7313232421875,0.6256103515625,3.426025390625,1.0489501953125,1.126220703125,0.962646484375,1.011474609375,0.9368896484375,0.88623046875,0.897216796875,0.2137451171875,0.489013671875,0.691162109375,0.93408203125,0.9195556640625,1.630859375,0.2742919921875,0.4107666015625,0.496337890625,0.1815185546875,0.484130859375,0.35205078125,0.8980712890625,0.849853515625,0.5693359375,1.1043701171875,0.309814453125,0.848876953125,0.906982421875,0.6727294921875,1.6593017578125,0.7432861328125,1.214111328125,0.6087646484375,0.4337158203125,1.29296875,0.8172607421875,0.4222412109375,0.985107421875,0.3641357421875,0.823974609375,1.205078125,1.5115966796875,0.9947509765625,0.4158935546875,0.5013427734375,1.986572265625,1.0458984375,0.540283203125,0.61865234375,0.5733642578125,0.806396484375,6.666259765625,0.790771484375,0.3740234375,0.750244140625,1.7855224609375,0.35498046875,0.9288330078125,0.3253173828125,0.6494140625,0.56591796875,0.3470458984375,0.7047119140625,1.6383056640625,0.4464111328125,1.5189208984375,0.8958740234375,0.3165283203125,0.27978515625,0.95751953125,0.661865234375,1.5933837890625,0.837158203125,0.5565185546875,1.0606689453125,1.1480712890625,0.298828125,1.012451171875,0.515625,0.8662109375,0.354248046875,1.068359375,0.734130859375,1.0203857421875,0.3397216796875,0.7025146484375,0.7393798828125,0.402587890625,0.4957275390625
ENSG00000142700|chr1:50423378-50423475,1.3074951171875,1.220947265625,0.841796875,0.80322265625,1.6978759765625,0.9442138671875,14.4013671875,0.97216796875,0.912841796875,0.71484375,1.304931640625,1.2613525390625,0.6690673828125,1.1748046875,1.121337890625,1.140380859375,1.1407470703125,1.0810546875,0.7823486328125,0.7772216796875,1.0196533203125,1.7379150390625,0.75732421875,0.9793701171875,1.10107421875,1.43212890625,1.0380859375,1.594482421875,1.0592041015625,5.0986328125,0.7078857421875,1.8870849609375,0.87109375,0.9835205078125,1.619873046875,0.8380126953125,1.4976806640625,0.74072265625,0.73974609375,1.2288818359375,1.6864013671875,0.8524169921875,2.2569580078125,1.723876953125,2.4990234375,1.4400634765625,1.0050048828125,0.8135986328125,1.185546875,0.7001953125,0.52685546875,0.5185546875,0.87109375,0.823486328125,1.420166015625,0.807861328125,1.2431640625,0.598876953125,0.8485107421875,1.243896484375,0.9403076171875,1.1142578125,1.2427978515625,0.3935546875,1.8939208984375,2.20654296875,0.743408203125,0.8275146484375,1.4720458984375,0.988525390625,0.9725341796875,1.0914306640625,1.33154296875,1.5963134765625,0.7125244140625,8.930419921875,0.6097412109375,0.7391357421875,0.7486572265625,1.219482421875,1.2640380859375,10.2508544921875,0.6448974609375,1.8507080078125,0.7725830078125,0.8707275390625,1.02880859375,0.745849609375,1.716064453125,0.0,1.2777099609375,0.7088623046875,0.8748779296875,0.8228759765625,1.00390625,0.775146484375,1.259765625,1.260009765625,1.2227783203125,0.9671630859375,1.6248779296875,1.06298828125,0.62744140625,0.9776611328125,0.6502685546875,0.92236328125,1.9429931640625,1.660888671875,0.4755859375,0.990234375,0.7564697265625,1.19189453125,2.091064453125,0.9481201171875,1.287353515625,1.15185546875,1.458984375,1.0147705078125,0.39892578125,1.2540283203125,1.5228271484375,0.7060546875,1.6407470703125,0.994140625,1.027099609375,0.7525634765625,0.8291015625,0.983154296875,0.7330322265625,1.25439453125,0.794677734375,0.693115234375,1.3809814453125,0.3880615234375,1.1712646484375,0.742431640625,1.0135498046875,1.1651611328125,0.28173828125,0.5103759765625,2.7152099609375,1.9423828125,1.3092041015625,0.587646484375,0.69677734375,0.8397216796875,1.1429443359375,1.3382568359375,1.2164306640625,0.947265625,1.762939453125,0.861083984375,0.868408203125,0.9659423828125,1.24462890625,4.39111328125,0.755859375,1.322998046875,0.6689453125,0.7904052734375,1.2060546875,0.6243896484375,0.8663330078125,1.240234375,1.0546875,0.7901611328125,0.8394775390625,0.6605224609375,1.4739990234375,0.7081298828125,1.1221923828125,1.3453369140625,1.19580078125,0.877685546875,0.880126953125,2.4976806640625,1.12451171875,0.9102783203125,2.0142822265625,3.1329345703125,1.2587890625,1.46630859375,1.717529296875,1.367431640625,1.249267578125,0.499755859375,0.652099609375,0.8795166015625,0.9110107421875,1.1517333984375,0.6368408203125,1.1015625,0.9368896484375
ENSG00000143157|chr1:166839472-166839735,0.407958984375,0.2178955078125,0.2396240234375,0.2689208984375,0.65966796875,0.367919921875,15.5030517578125,0.5360107421875,0.2188720703125,0.5128173828125,0.5777587890625,0.59130859375,0.4921875,0.3541259765625,0.2215576171875,0.4188232421875,0.2890625,0.4122314453125,0.6181640625,0.464111328125,0.405517578125,0.193603515625,0.8555908203125,0.374755859375,0.3092041015625,0.4661865234375,0.2396240234375,0.3057861328125,0.454345703125,7.8419189453125,0.573974609375,0.457763671875,0.2550048828125,0.493896484375,0.5960693359375,0.400634765625,0.30615234375,0.4691162109375,0.5965576171875,0.1328125,0.32470703125,0.8671875,0.842529296875,0.3262939453125,1.4827880859375,0.2421875,0.1533203125,0.7333984375,1.6671142578125,0.6556396484375,0.7823486328125,0.5101318359375,0.3214111328125,0.5994873046875,0.2960205078125,1.2718505859375,0.5108642578125,0.6458740234375,0.525390625,0.1890869140625,0.720703125,0.4154052734375,0.1474609375,0.7498779296875,1.941650390625,0.9725341796875,0.6080322265625,0.931396484375,0.255615234375,0.1488037109375,0.771240234375,0.27197265625,0.2210693359375,0.53515625,0.3154296875,11.4466552734375,1.668212890625,0.344970703125,0.71484375,0.5606689453125,0.466064453125,13.902587890625,0.433349609375,0.244384765625,1.121826171875,0.77197265625,0.3685302734375,0.9876708984375,0.5570068359375,1.2777099609375,0.0,0.380615234375,0.2705078125,0.2392578125,0.2174072265625,0.7791748046875,3.1956787109375,0.8704833984375,0.319091796875,0.61279296875,0.42724609375,0.3927001953125,1.2886962890625,0.232666015625,0.388671875,2.2313232421875,0.324462890625,0.6014404296875,0.9742431640625,0.3404541015625,0.6728515625,0.2677001953125,0.3602294921875,0.497314453125,0.2327880859375,0.2403564453125,0.8577880859375,1.015625,0.9178466796875,0.59375,0.214111328125,0.3096923828125,0.481689453125,0.2359619140625,0.4410400390625,0.3193359375,0.2457275390625,0.1209716796875,0.608642578125,0.2884521484375,0.3182373046875,0.4393310546875,0.24658203125,1.02392578125,0.23583984375,0.4796142578125,0.18017578125,0.370849609375,0.9012451171875,0.768798828125,0.8212890625,0.5313720703125,0.2548828125,0.5045166015625,1.0899658203125,1.520751953125,0.5146484375,0.274658203125,0.41748046875,0.9385986328125,0.3638916015625,0.4088134765625,0.2393798828125,0.25048828125,0.2283935546875,7.9337158203125,0.6829833984375,0.2823486328125,0.3399658203125,1.092529296875,0.3140869140625,0.979736328125,0.438720703125,0.1685791015625,0.2037353515625,0.447998046875,0.547119140625,0.8203125,0.177490234375,1.18212890625,0.247314453125,0.6806640625,0.5059814453125,0.6370849609375,0.3463134765625,0.717041015625,0.2652587890625,0.57080078125,0.5205078125,0.570556640625,0.2957763671875,0.2672119140625,0.3856201171875,0.1822509765625,0.1590576171875,0.8946533203125,0.4742431640625,1.005615234375,0.368896484375,0.79833984375,0.361328125,0.1263427734375,0.294921875
ENSG00000143514|chr1:223845711-223845967,0.548583984375,0.3948974609375,0.2205810546875,0.5235595703125,0.79443359375,0.42529296875,14.1768798828125,0.7354736328125,0.2637939453125,0.6199951171875,0.6666259765625,0.8623046875,0.347412109375,0.4908447265625,0.2698974609375,0.6026611328125,0.41015625,0.4803466796875,0.4453125,0.497802734375,0.479736328125,0.577880859375,0.6744384765625,0.3330078125,0.5308837890625,0.4998779296875,0.3221435546875,0.6153564453125,0.49755859375,6.5789794921875,0.569091796875,0.732421875,0.2637939453125,0.578857421875,0.7301025390625,0.490234375,0.63623046875,0.3626708984375,0.4390869140625,0.308349609375,0.657958984375,0.7685546875,1.16015625,0.5989990234375,1.6546630859375,0.472412109375,0.36669921875,0.616455078125,1.6783447265625,0.5814208984375,0.5892333984375,0.1544189453125,0.3394775390625,0.3936767578125,0.4002685546875,0.8895263671875,0.4639892578125,0.4749755859375,0.383544921875,0.3765869140625,0.543212890625,0.5555419921875,0.41015625,0.4244384765625,1.45166015625,1.4119873046875,0.5130615234375,0.69140625,0.372314453125,0.3287353515625,0.98974609375,0.296630859375,0.5140380859375,0.730224609375,0.34033203125,9.7523193359375,1.271728515625,0.376953125,0.605712890625,0.7325439453125,0.668212890625,13.119873046875,0.460205078125,0.57177734375,0.7314453125,0.5625,0.4708251953125,0.9271240234375,0.9547119140625,0.7088623046875,0.380615234375,0.0,0.36865234375,0.289794921875,0.2479248046875,0.5997314453125,2.4798583984375,0.6343994140625,0.612548828125,0.64990234375,0.601318359375,0.4442138671875,0.6197509765625,0.36328125,0.404052734375,1.5108642578125,0.6630859375,0.5816650390625,0.5828857421875,0.3692626953125,0.489990234375,0.3358154296875,0.7054443359375,0.565185546875,0.4737548828125,0.2979736328125,0.8048095703125,1.097412109375,0.5533447265625,0.77001953125,0.54736328125,0.2178955078125,0.711181640625,0.3692626953125,0.6951904296875,0.27978515625,0.2708740234375,0.2396240234375,0.712890625,0.4105224609375,0.2593994140625,0.3514404296875,0.586669921875,0.458740234375,0.34423828125,0.4525146484375,0.320068359375,0.654541015625,0.5938720703125,0.549072265625,1.218017578125,0.7498779296875,0.439453125,0.4097900390625,0.7740478515625,1.114013671875,0.66943359375,0.4931640625,0.521728515625,0.6800537109375,0.6036376953125,0.5238037109375,0.2557373046875,0.3232421875,0.3563232421875,7.1634521484375,0.5843505859375,0.6197509765625,0.3597412109375,0.809814453125,0.5233154296875,0.551025390625,0.583984375,0.2926025390625,0.4034423828125,0.5830078125,0.587890625,0.63818359375,0.47216796875,0.485107421875,0.5849609375,0.916015625,0.6456298828125,0.5762939453125,0.2020263671875,1.18310546875,0.3094482421875,0.554931640625,0.968994140625,1.27294921875,0.4700927734375,0.4295654296875,0.7576904296875,0.4278564453125,0.3199462890625,0.4681396484375,0.3341064453125,0.916259765625,0.3203125,0.703857421875,0.303955078125,0.2884521484375,0.327392578125
ENSG00000143578|chr1:153967871-153968164,0.64013671875,0.1815185546875,0.1580810546875,0.2374267578125,0.9716796875,0.248779296875,13.3414306640625,0.5845947265625,0.2032470703125,0.3651123046875,0.9083251953125,0.5283203125,0.25,0.3118896484375,0.3009033203125,0.2222900390625,0.179443359375,0.2259521484375,0.28271484375,0.219482421875,0.3349609375,0.42138671875,0.6087646484375,0.546630859375,0.1690673828125,0.4019775390625,0.2269287109375,0.2435302734375,0.209228515625,6.6131591796875,0.2470703125,0.755615234375,0.2630615234375,0.403564453125,0.7930908203125,0.305419921875,0.4453125,0.3162841796875,0.2659912109375,0.169921875,0.33544921875,0.35302734375,0.614990234375,0.4722900390625,1.7786865234375,0.696044921875,0.151123046875,0.439697265625,1.3983154296875,0.3033447265625,0.3450927734375,0.3123779296875,0.2825927734375,0.3182373046875,0.3265380859375,1.0340576171875,0.8475341796875,0.2420654296875,0.20068359375,0.1920166015625,0.373046875,0.3077392578125,0.16455078125,0.6065673828125,1.849853515625,0.9378662109375,0.2410888671875,0.400146484375,0.41455078125,0.1094970703125,0.452880859375,0.204345703125,0.2100830078125,0.880859375,0.225341796875,10.1014404296875,1.0634765625,0.228271484375,0.674072265625,0.1824951171875,0.376953125,11.47265625,0.18798828125,0.485595703125,0.5185546875,0.525634765625,0.2838134765625,0.7703857421875,0.2982177734375,0.8748779296875,0.2705078125,0.36865234375,0.0,0.1181640625,0.1331787109375,0.7764892578125,2.7269287109375,0.5750732421875,0.24072265625,0.456787109375,0.679443359375,0.3153076171875,1.2496337890625,0.28369140625,0.2412109375,2.2833251953125,0.713134765625,0.6292724609375,0.4644775390625,0.4073486328125,0.48681640625,0.4930419921875,0.6165771484375,0.148681640625,0.2454833984375,0.2293701171875,0.6290283203125,0.701171875,0.7781982421875,0.235595703125,0.263671875,0.1422119140625,0.254150390625,0.1751708984375,0.2432861328125,0.4091796875,0.3375244140625,0.2335205078125,0.57373046875,0.1737060546875,0.3914794921875,0.2840576171875,0.4111328125,0.7646484375,0.359375,0.5728759765625,0.253662109375,0.322998046875,0.6485595703125,0.457763671875,0.70703125,0.5787353515625,0.16015625,0.3953857421875,0.7191162109375,1.000732421875,0.695068359375,0.201416015625,0.326904296875,1.1361083984375,0.5899658203125,0.3240966796875,0.2374267578125,0.179931640625,0.3883056640625,6.4898681640625,0.4940185546875,0.2457275390625,0.3319091796875,0.929443359375,0.2108154296875,0.43505859375,0.164306640625,0.2774658203125,0.3028564453125,0.17578125,0.512451171875,0.871337890625,0.239013671875,0.851318359375,0.512451171875,0.3125,0.3209228515625,0.5091552734375,0.2181396484375,1.319580078125,0.3536376953125,0.310546875,0.86328125,1.061279296875,0.1864013671875,0.4901123046875,0.3968505859375,0.4229736328125,0.1456298828125,0.5819091796875,0.3009033203125,0.734130859375,0.134765625,0.508056640625,0.28857421875,0.1251220703125,0.244140625
ENSG00000143867|chr2:19358516-19358616,0.425537109375,0.1849365234375,0.1798095703125,0.2279052734375,0.753662109375,0.213623046875,13.2386474609375,0.3929443359375,0.1873779296875,0.2752685546875,0.7537841796875,0.61572265625,0.16259765625,0.3311767578125,0.3316650390625,0.2347412109375,0.191162109375,0.2054443359375,0.2724609375,0.30224609375,0.3203125,0.43359375,0.3944091796875,0.358642578125,0.2288818359375,0.3118896484375,0.2852783203125,0.3690185546875,0.150146484375,5.9586181640625,0.3134765625,0.551025390625,0.2923583984375,0.326171875,0.6475830078125,0.16748046875,0.43359375,0.2247314453125,0.2896728515625,0.16357421875,0.3603515625,0.40673828125,0.909423828125,0.3560791015625,1.3529052734375,0.48486328125,0.185546875,0.3359375,1.2779541015625,0.3092041015625,0.3948974609375,0.2791748046875,0.2410888671875,0.4117431640625,0.3114013671875,0.8792724609375,0.6854248046875,0.2965087890625,0.223876953125,0.2384033203125,0.355224609375,0.2662353515625,0.214599609375,0.5482177734375,1.5703125,0.8597412109375,0.3275146484375,0.4853515625,0.300537109375,0.1048583984375,0.451171875,0.236328125,0.2945556640625,0.724609375,0.179443359375,9.6746826171875,1.20849609375,0.1953125,0.467041015625,0.3114013671875,0.26220703125,11.863037109375,0.182861328125,0.39306640625,0.565185546875,0.570556640625,0.2579345703125,0.5802001953125,0.4908447265625,0.8228759765625,0.2392578125,0.289794921875,0.1181640625,0.0,0.1724853515625,0.5440673828125,2.5721435546875,0.7489013671875,0.229248046875,0.339111328125,0.423583984375,0.3599853515625,0.9014892578125,0.256591796875,0.190185546875,2.0313720703125,0.578369140625,0.4945068359375,0.5286865234375,0.4002685546875,0.29541015625,0.3758544921875,0.6441650390625,0.265869140625,0.1614990234375,0.1888427734375,0.5450439453125,0.58837890625,0.5538330078125,0.31396484375,0.24072265625,0.1363525390625,0.42724609375,0.1246337890625,0.2811279296875,0.3349609375,0.1888427734375,0.1929931640625,0.439697265625,0.2105712890625,0.2947998046875,0.2103271484375,0.50048828125,0.595703125,0.255615234375,0.3629150390625,0.22021484375,0.3447265625,0.5040283203125,0.38525390625,0.94677734375,0.5054931640625,0.15673828125,0.2811279296875,0.8126220703125,0.849853515625,0.612548828125,0.166015625,0.220703125,0.8114013671875,0.4696044921875,0.2613525390625,0.1588134765625,0.182861328125,0.2081298828125,6.5003662109375,0.4432373046875,0.2218017578125,0.2803955078125,0.6298828125,0.2232666015625,0.404296875,0.225830078125,0.2786865234375,0.2471923828125,0.237548828125,0.400146484375,0.59521484375,0.220458984375,0.6865234375,0.37451171875,0.38330078125,0.4405517578125,0.3214111328125,0.1968994140625,1.189208984375,0.2567138671875,0.209228515625,0.717041015625,1.050048828125,0.1849365234375,0.3062744140625,0.3699951171875,0.3431396484375,0.1822509765625,0.4713134765625,0.1483154296875,0.62939453125,0.22412109375,0.358642578125,0.1884765625,0.1343994140625,0.209716796875
ENSG00000144655|chr3:39153191-39153573,0.5958251953125,0.15966796875,0.150390625,0.256591796875,0.8551025390625,0.1502685546875,13.51806640625,0.724365234375,0.154296875,0.421875,0.7724609375,0.4224853515625,0.2459716796875,0.148681640625,0.187744140625,0.360595703125,0.1868896484375,0.134521484375,0.4281005859375,0.2318115234375,0.2476806640625,0.3250732421875,0.723876953125,0.4671630859375,0.298583984375,0.421142578125,0.21630859375,0.179931640625,0.2908935546875,6.98388671875,0.3092041015625,0.7706298828125,0.212158203125,0.3184814453125,0.595703125,0.3543701171875,0.3057861328125,0.303955078125,0.29150390625,0.1207275390625,0.2918701171875,0.4913330078125,0.6619873046875,0.378173828125,1.628662109375,0.5111083984375,0.1781005859375,0.6207275390625,1.631591796875,0.38134765625,0.424560546875,0.294189453125,0.197509765625,0.272705078125,0.3154296875,1.243408203125,0.699462890625,0.33154296875,0.2423095703125,0.1484375,0.3406982421875,0.3798828125,0.1158447265625,0.533935546875,2.1019287109375,1.04052734375,0.271240234375,0.5323486328125,0.3394775390625,0.181396484375,0.5325927734375,0.1485595703125,0.13525390625,0.6026611328125,0.2518310546875,11.31787109375,1.1656494140625,0.1878662109375,0.6336669921875,0.26123046875,0.3677978515625,11.9908447265625,0.3165283203125,0.4556884765625,0.6202392578125,0.4530029296875,0.243896484375,0.91796875,0.310791015625,1.00390625,0.2174072265625,0.2479248046875,0.1331787109375,0.1724853515625,0.0,0.6748046875,3.017333984375,0.53515625,0.2296142578125,0.6165771484375,0.6343994140625,0.18359375,1.156494140625,0.3170166015625,0.2657470703125,2.09912109375,0.5445556640625,0.630615234375,0.5830078125,0.4697265625,0.4854736328125,0.278564453125,0.527099609375,0.2059326171875,0.252197265625,0.279296875,0.63916015625,0.7977294921875,0.898193359375,0.3580322265625,0.2664794921875,0.08447265625,0.2696533203125,0.211669921875,0.2900390625,0.3145751953125,0.291259765625,0.130126953125,0.6363525390625,0.14404296875,0.296630859375,0.4287109375,0.3529052734375,0.8509521484375,0.2445068359375,0.538330078125,0.2010498046875,0.2835693359375,0.71484375,0.4351806640625,0.6270751953125,0.68505859375,0.1968994140625,0.3359375,0.758544921875,1.0743408203125,0.4720458984375,0.2547607421875,0.3206787109375,0.953125,0.577392578125,0.294189453125,0.185791015625,0.2371826171875,0.3525390625,6.767822265625,0.447998046875,0.296875,0.28564453125,1.0936279296875,0.205078125,0.5462646484375,0.2423095703125,0.217529296875,0.19189453125,0.2530517578125,0.3756103515625,0.8834228515625,0.2384033203125,0.8182373046875,0.4713134765625,0.4573974609375,0.214599609375,0.651611328125,0.223388671875,1.0584716796875,0.3310546875,0.3482666015625,0.6917724609375,0.9073486328125,0.1669921875,0.47412109375,0.402099609375,0.369873046875,0.1064453125,0.582763671875,0.3212890625,0.7137451171875,0.1341552734375,0.5140380859375,0.3011474609375,0.111572265625,0.1539306640625
ENSG00000144852|chr3:119782064-119782264,0.5479736328125,0.67138671875,0.83837890625,0.560791015625,0.4925537109375,0.5948486328125,15.07421875,0.6396484375,0.590576171875,0.717041015625,0.654052734375,0.9290771484375,0.4947509765625,0.698486328125,0.8818359375,0.900146484375,0.7703857421875,0.698974609375,0.9515380859375,0.9053955078125,0.4239501953125,1.0323486328125,0.39599609375,0.4468994140625,0.9482421875,0.918212890625,0.924560546875,1.146240234375,0.6561279296875,5.769287109375,0.8656005859375,0.8868408203125,0.54150390625,0.4791259765625,0.708740234375,0.4422607421875,0.5814208984375,0.393798828125,0.786865234375,0.7567138671875,1.0926513671875,1.0640869140625,2.3551025390625,0.728515625,1.075439453125,0.6131591796875,0.6082763671875,0.7459716796875,1.7138671875,1.016357421875,0.89794921875,0.737060546875,0.422607421875,0.943115234375,1.04150390625,0.71875,0.675537109375,0.91064453125,0.9156494140625,0.8515625,0.6566162109375,0.606689453125,0.8529052734375,0.805419921875,1.8565673828125,1.142822265625,1.093505859375,1.3365478515625,0.8538818359375,0.6806640625,0.7996826171875,0.7364501953125,0.92724609375,0.5372314453125,0.6319580078125,10.99560546875,1.6917724609375,0.5745849609375,0.3841552734375,1.14794921875,0.6265869140625,12.6331787109375,0.8038330078125,0.9720458984375,1.1622314453125,1.0540771484375,0.548583984375,0.702880859375,1.368896484375,0.775146484375,0.7791748046875,0.5997314453125,0.7764892578125,0.5440673828125,0.6748046875,0.0,2.748291015625,1.637451171875,0.8055419921875,0.6961669921875,0.6700439453125,0.5712890625,0.47705078125,1.0206298828125,0.4674072265625,1.39697265625,0.8265380859375,0.884765625,1.0615234375,0.72216796875,0.3668212890625,0.374267578125,1.331298828125,0.9752197265625,0.782470703125,0.908447265625,0.75537109375,0.6146240234375,0.522216796875,1.1361083984375,0.8360595703125,0.480712890625,1.4591064453125,0.49267578125,0.75,0.5848388671875,0.27978515625,0.49267578125,0.6834716796875,0.818359375,0.50146484375,0.717041015625,0.9918212890625,0.5704345703125,0.3787841796875,0.3740234375,0.7186279296875,0.5653076171875,0.42919921875,0.6866455078125,2.2269287109375,1.437744140625,1.0018310546875,0.255859375,1.3779296875,0.6221923828125,0.5155029296875,0.7764892578125,0.5782470703125,0.4248046875,0.90869140625,0.46826171875,0.405517578125,0.9144287109375,0.6796875,6.0205078125,0.388671875,0.86376953125,0.358642578125,0.7489013671875,0.6728515625,0.9981689453125,0.7794189453125,0.71875,0.4599609375,0.8040771484375,0.4976806640625,0.2828369140625,0.8272705078125,0.8238525390625,0.5157470703125,1.1685791015625,1.02685546875,0.723388671875,0.764404296875,0.9993896484375,0.5185546875,0.5743408203125,0.6612548828125,1.9337158203125,0.628173828125,0.650146484375,0.798828125,0.669189453125,0.86328125,0.640625,0.4892578125,0.5430908203125,0.8558349609375,0.6915283203125,0.5799560546875,0.69384765625,0.7664794921875
ENSG00000145734|chr5:71455663-71455894,3.2738037109375,3.368896484375,2.467041015625,2.55322265625,4.0711669921875,3.0789794921875,17.66162109375,2.68212890625,2.933837890625,2.302734375,2.81591796875,3.3934326171875,2.4114990234375,3.240234375,2.77294921875,2.833984375,2.9864501953125,3.221923828125,2.2718505859375,2.7081298828125,3.4635009765625,3.9764404296875,2.230712890625,2.9197998046875,2.83056640625,3.3056640625,2.661376953125,3.71044921875,3.1824951171875,6.48193359375,2.2830810546875,3.5230712890625,2.620849609375,2.6732177734375,4.42529296875,2.6580810546875,3.7867431640625,2.8447265625,2.623779296875,3.2125244140625,3.6871337890625,2.3543701171875,4.2681884765625,4.099609375,5.139404296875,3.2769775390625,2.8426513671875,2.4364013671875,3.125244140625,2.48681640625,2.1318359375,2.037353515625,2.640625,2.4453125,2.989990234375,2.358154296875,2.789306640625,2.162841796875,2.2755126953125,3.1064453125,2.9937744140625,3.084228515625,3.2550048828125,1.749267578125,2.7547607421875,5.121337890625,2.289306640625,2.1500244140625,3.3065185546875,2.811279296875,2.9154052734375,2.8162841796875,3.2509765625,3.6475830078125,2.4534912109375,8.33203125,1.9376220703125,2.5067138671875,2.7484130859375,3.22802734375,3.3638916015625,12.3687744140625,2.1082763671875,3.8553466796875,2.1632080078125,3.0516357421875,3.1767578125,1.815673828125,3.806396484375,1.259765625,3.1956787109375,2.4798583984375,2.7269287109375,2.5721435546875,3.017333984375,2.748291015625,0.0,3.014892578125,3.4949951171875,2.2691650390625,3.8055419921875,3.216064453125,1.8662109375,2.4815673828125,2.4571533203125,1.5546875,4.3736572265625,3.97802734375,1.719970703125,2.403076171875,2.6802978515625,3.453857421875,4.282470703125,2.6068115234375,3.38623046875,2.854248046875,4.095458984375,3.0802001953125,1.6767578125,3.3624267578125,3.6412353515625,2.70947265625,3.4879150390625,3.00732421875,2.97314453125,2.2830810546875,2.71337890625,2.88232421875,1.6800537109375,3.4638671875,2.316162109375,1.99658203125,3.3631591796875,1.4403076171875,3.0733642578125,2.646728515625,2.3729248046875,3.2679443359375,1.66650390625,2.2474365234375,4.7393798828125,3.746826171875,3.3621826171875,2.370849609375,2.273193359375,2.4757080078125,3.2027587890625,3.4647216796875,3.0767822265625,2.875,3.8759765625,2.660400390625,2.944580078125,2.7332763671875,2.910888671875,6.259033203125,2.931884765625,3.44677734375,2.42822265625,2.2508544921875,3.295166015625,2.2525634765625,2.9163818359375,3.223876953125,3.164794921875,2.6868896484375,2.9276123046875,2.1417236328125,3.5511474609375,2.2073974609375,3.0235595703125,3.5445556640625,3.173095703125,2.04638671875,2.796875,4.7696533203125,3.21337890625,3.0609130859375,4.6893310546875,5.5904541015625,3.48388671875,3.52587890625,3.959716796875,3.49853515625,3.049072265625,2.135009765625,2.530517578125,3.1436767578125,2.9312744140625,3.0491943359375,1.9593505859375,3.115966796875,2.7352294921875
ENSG00000146587|chr7:5072118-5072235,1.6375732421875,0.8916015625,0.38330078125,0.983154296875,2.1666259765625,0.8265380859375,13.019287109375,1.675048828125,0.69287109375,1.0234375,1.573974609375,1.1478271484375,0.7227783203125,0.749267578125,0.490234375,1.075927734375,0.8883056640625,0.761474609375,0.6365966796875,0.5091552734375,1.0125732421875,0.9744873046875,1.673583984375,1.3192138671875,0.696044921875,1.142333984375,0.611083984375,0.626708984375,0.9976806640625,7.826416015625,0.5594482421875,1.7215576171875,0.830322265625,1.1068115234375,1.557861328125,1.3284912109375,1.2921142578125,0.95556640625,0.55859375,0.7086181640625,1.0194091796875,0.9232177734375,0.5533447265625,1.386474609375,3.437255859375,1.4312744140625,0.8912353515625,1.1976318359375,2.042236328125,0.671142578125,0.5283203125,0.35791015625,0.966796875,0.261962890625,0.7421875,1.83203125,1.42724609375,0.53955078125,0.4705810546875,0.55810546875,0.9796142578125,1.07275390625,0.6300048828125,0.700927734375,2.5233154296875,2.248291015625,0.373046875,0.3553466796875,1.2161865234375,0.765869140625,1.3162841796875,0.6627197265625,0.795166015625,1.5020751953125,0.6248779296875,10.53076171875,0.9163818359375,0.8001708984375,1.5865478515625,0.654052734375,1.3197021484375,11.5286865234375,0.6937255859375,1.2838134765625,0.6427001953125,0.6707763671875,0.86474609375,1.89404296875,0.796142578125,1.260009765625,0.8704833984375,0.6343994140625,0.5750732421875,0.7489013671875,0.53515625,1.637451171875,3.014892578125,0.0,0.8948974609375,1.3258056640625,1.7691650390625,0.73876953125,1.7880859375,0.6331787109375,1.0220947265625,2.44287109375,1.5711669921875,1.431884765625,0.570068359375,0.99658203125,1.2979736328125,1.176513671875,1.27587890625,0.5137939453125,1.008056640625,0.749755859375,1.56005859375,1.8353271484375,1.36865234375,0.7901611328125,0.9869384765625,0.59326171875,0.4639892578125,1.014892578125,1.063232421875,0.8892822265625,1.14599609375,0.82861328125,1.5074462890625,0.720458984375,0.878173828125,0.8154296875,0.9063720703125,1.3118896484375,1.1458740234375,1.39013671875,0.7003173828125,1.2010498046875,1.315185546875,0.9786376953125,0.8890380859375,1.310302734375,0.7740478515625,1.19775390625,0.459716796875,1.8309326171875,1.3768310546875,0.9246826171875,1.1597900390625,2.07080078125,1.435546875,1.0546875,0.95068359375,0.5135498046875,1.205078125,7.004150390625,1.1064453125,1.147705078125,0.989013671875,1.7601318359375,0.94775390625,0.6812744140625,0.7186279296875,0.890869140625,1.04296875,0.6986083984375,1.0084228515625,1.7852783203125,0.9581298828125,1.1304931640625,1.5125732421875,1.0518798828125,0.6025390625,1.240478515625,0.589111328125,2.4920654296875,1.05224609375,1.1282958984375,2.0296630859375,1.9796142578125,0.93017578125,1.2880859375,1.4794921875,1.25,0.56201171875,0.922607421875,1.029052734375,1.7108154296875,0.3487548828125,1.3905029296875,0.8392333984375,0.658203125,0.5631103515625
ENSG00000148704|chr10:117137808-117138392,0.6083984375,0.2205810546875,0.3739013671875,0.2628173828125,0.95947265625,0.16455078125,13.0086669921875,0.6600341796875,0.3189697265625,0.3634033203125,1.0782470703125,0.43017578125,0.34130859375,0.2657470703125,0.5457763671875,0.3389892578125,0.280517578125,0.1646728515625,0.52001953125,0.280517578125,0.296875,0.5,0.6964111328125,0.57373046875,0.3358154296875,0.5645751953125,0.3724365234375,0.2357177734375,0.242919921875,6.4569091796875,0.391357421875,0.957275390625,0.4835205078125,0.410888671875,0.6451416015625,0.288818359375,0.3349609375,0.3704833984375,0.3475341796875,0.268798828125,0.341552734375,0.5654296875,0.774658203125,0.3868408203125,1.4349365234375,0.70263671875,0.29052734375,0.62060546875,1.2589111328125,0.4432373046875,0.4879150390625,0.5906982421875,0.3646240234375,0.5621337890625,0.5831298828125,1.3680419921875,1.1234130859375,0.4383544921875,0.49365234375,0.3392333984375,0.42041015625,0.3653564453125,0.233642578125,0.9249267578125,2.421875,0.7196044921875,0.4552001953125,0.703125,0.524169921875,0.2808837890625,0.347412109375,0.397705078125,0.2518310546875,0.801025390625,0.343017578125,11.3411865234375,1.37060546875,0.305419921875,0.63818359375,0.2276611328125,0.26513671875,11.177978515625,0.38134765625,0.586181640625,0.831298828125,0.580078125,0.2613525390625,0.9156494140625,0.3319091796875,1.2227783203125,0.319091796875,0.612548828125,0.24072265625,0.229248046875,0.2296142578125,0.8055419921875,3.4949951171875,0.8948974609375,0.0,0.7099609375,0.646240234375,0.3443603515625,1.5340576171875,0.5234375,0.249755859375,2.6732177734375,0.63330078125,0.7249755859375,0.8736572265625,0.7689208984375,0.547607421875,0.4476318359375,0.7672119140625,0.31396484375,0.1966552734375,0.4268798828125,0.5306396484375,0.558349609375,1.0916748046875,0.255615234375,0.24365234375,0.2510986328125,0.420166015625,0.2386474609375,0.1925048828125,0.5888671875,0.3826904296875,0.3448486328125,0.765869140625,0.1937255859375,0.5723876953125,0.5592041015625,0.435302734375,1.18603515625,0.404296875,0.5418701171875,0.43408203125,0.250244140625,0.8909912109375,0.5712890625,0.80078125,0.7628173828125,0.22900390625,0.4134521484375,0.9837646484375,1.07861328125,0.560791015625,0.247802734375,0.365478515625,1.1358642578125,0.6724853515625,0.3397216796875,0.2669677734375,0.3544921875,0.5057373046875,6.2554931640625,0.5137939453125,0.2027587890625,0.4351806640625,1.079345703125,0.2811279296875,0.77099609375,0.141357421875,0.4041748046875,0.2357177734375,0.257080078125,0.363037109375,1.018310546875,0.292724609375,1.183349609375,0.492919921875,0.29736328125,0.3489990234375,0.7242431640625,0.4176025390625,1.25146484375,0.4710693359375,0.26220703125,0.621826171875,0.98779296875,0.2208251953125,0.5711669921875,0.3929443359375,0.4686279296875,0.3302001953125,0.8009033203125,0.3499755859375,0.6669921875,0.2822265625,0.507080078125,0.49951171875,0.2584228515625,0.30029296875
ENSG00000148835|chr10:103367999-103368480,0.56884765625,0.6402587890625,0.5736083984375,0.4327392578125,0.997802734375,0.6767578125,13.7152099609375,0.4034423828125,0.4691162109375,0.4937744140625,0.7071533203125,0.945556640625,0.448974609375,0.7891845703125,0.6883544921875,0.4783935546875,0.554443359375,0.6290283203125,0.565673828125,0.74755859375,0.693603515625,0.771240234375,0.4058837890625,0.671630859375,0.4835205078125,0.5347900390625,0.7547607421875,0.8414306640625,0.464111328125,5.6868896484375,0.49560546875,0.668701171875,0.5726318359375,0.4541015625,1.2408447265625,0.361328125,0.8037109375,0.4879150390625,0.8389892578125,0.501708984375,0.659423828125,0.548583984375,1.69384765625,0.6910400390625,1.4957275390625,0.708251953125,0.4990234375,0.3740234375,1.4891357421875,0.7493896484375,0.7244873046875,0.6856689453125,0.3995361328125,0.8912353515625,0.6856689453125,0.9593505859375,0.9398193359375,0.5037841796875,0.497314453125,0.6412353515625,0.626220703125,0.5494384765625,0.637451171875,0.7064208984375,1.68701171875,1.0650634765625,0.7589111328125,0.778564453125,0.613525390625,0.4007568359375,0.589111328125,0.666015625,0.6627197265625,0.934814453125,0.455810546875,9.2921142578125,1.4404296875,0.468017578125,0.58984375,0.6983642578125,0.3916015625,11.8310546875,0.38916015625,0.6943359375,0.861572265625,1.2998046875,0.4766845703125,0.3536376953125,0.9053955078125,0.9671630859375,0.61279296875,0.64990234375,0.456787109375,0.339111328125,0.6165771484375,0.6961669921875,2.2691650390625,1.3258056640625,0.7099609375,0.0,0.6572265625,0.7315673828125,1.0145263671875,0.662841796875,0.406982421875,2.0198974609375,0.915771484375,0.8216552734375,0.7525634765625,0.6568603515625,0.407470703125,0.6505126953125,1.2249755859375,0.63232421875,0.5277099609375,0.5443115234375,0.9852294921875,0.776123046875,0.4476318359375,0.6337890625,0.612060546875,0.5318603515625,0.975830078125,0.4703369140625,0.5054931640625,0.55517578125,0.4039306640625,0.5089111328125,0.44140625,0.6024169921875,0.4732666015625,0.4222412109375,0.974365234375,0.711181640625,0.5234375,0.6800537109375,0.49169921875,0.65673828125,0.5504150390625,0.71044921875,1.63330078125,0.8895263671875,0.6171875,0.4197998046875,1.3406982421875,0.997802734375,0.923095703125,0.48681640625,0.37451171875,1.1895751953125,0.7022705078125,0.4173583984375,0.4510498046875,0.631103515625,0.4232177734375,6.3753662109375,0.7701416015625,0.4803466796875,0.4613037109375,0.579833984375,0.5020751953125,0.736328125,0.654052734375,0.7269287109375,0.5433349609375,0.581298828125,0.69677734375,0.599609375,0.502685546875,0.91943359375,0.4921875,0.659423828125,0.9168701171875,0.3106689453125,0.7298583984375,1.436279296875,0.5845947265625,0.460693359375,0.986328125,1.54443359375,0.5513916015625,0.5794677734375,0.6195068359375,0.6231689453125,0.5787353515625,0.5897216796875,0.3638916015625,0.8505859375,0.662841796875,0.54638671875,0.29052734375,0.5589599609375,0.71240234375
ENSG00000150051|chr10:27745573-27745800,0.204345703125,0.3853759765625,0.7320556640625,0.6929931640625,0.4169921875,0.682373046875,14.9552001953125,0.4476318359375,0.4844970703125,0.8216552734375,0.6929931640625,1.247314453125,0.71875,0.8885498046875,0.7823486328125,0.5572509765625,0.585693359375,0.6744384765625,0.89404296875,1.11865234375,0.66064453125,0.539794921875,0.6219482421875,0.314697265625,0.6668701171875,0.4176025390625,0.7012939453125,0.8489990234375,0.461181640625,6.8267822265625,1.1162109375,0.3779296875,0.5721435546875,0.72998046875,0.6566162109375,0.344970703125,0.58056640625,0.5257568359375,1.0054931640625,0.48583984375,0.564453125,1.15576171875,1.762451171875,0.2381591796875,0.7427978515625,0.342041015625,0.443359375,0.643310546875,1.9869384765625,1.1632080078125,1.3917236328125,0.9202880859375,0.4879150390625,1.2662353515625,0.5665283203125,1.0308837890625,0.7357177734375,1.0606689453125,0.970947265625,0.6126708984375,0.849853515625,0.5968017578125,0.643310546875,1.3038330078125,1.550048828125,0.7266845703125,1.2847900390625,1.54052734375,0.33544921875,0.3795166015625,1.066162109375,0.627685546875,0.7479248046875,0.7587890625,0.668701171875,10.1063232421875,2.572998046875,0.67236328125,0.5673828125,1.0218505859375,0.451904296875,14.63916015625,0.891357421875,0.30859375,1.50390625,1.232666015625,0.6092529296875,0.9652099609375,1.1868896484375,1.6248779296875,0.42724609375,0.601318359375,0.679443359375,0.423583984375,0.6343994140625,0.6700439453125,3.8055419921875,1.7691650390625,0.646240234375,0.6572265625,0.0,0.8511962890625,1.1260986328125,0.72412109375,0.543701171875,2.6805419921875,0.34521484375,0.2552490234375,1.4700927734375,0.6378173828125,0.545166015625,0.3629150390625,0.6990966796875,1.101806640625,0.3743896484375,0.3905029296875,0.6304931640625,1.019287109375,0.9664306640625,0.96337890625,0.399169921875,0.5841064453125,1.134765625,0.3851318359375,0.7652587890625,0.727294921875,0.2781982421875,0.3870849609375,0.86376953125,0.5467529296875,0.6324462890625,0.6085205078125,0.88671875,1.0263671875,0.331787109375,0.4925537109375,0.6474609375,0.724609375,1.0740966796875,1.121826171875,1.58740234375,0.4437255859375,0.466552734375,0.6075439453125,1.9703369140625,1.45654296875,0.917236328125,0.39794921875,0.39990234375,0.8035888671875,0.2625732421875,0.7005615234375,0.3238525390625,0.667236328125,0.2327880859375,8.3531494140625,0.9569091796875,0.4156494140625,0.5828857421875,0.731689453125,0.5428466796875,1.166259765625,0.91943359375,0.4312744140625,0.4322509765625,0.924072265625,0.823486328125,0.748779296875,0.334716796875,1.07373046875,0.3857421875,0.9306640625,1.2042236328125,0.7017822265625,0.5806884765625,0.7060546875,0.2989501953125,0.55908203125,0.388671875,0.770263671875,0.4886474609375,0.1463623046875,0.4571533203125,0.2135009765625,0.5853271484375,1.0220947265625,0.4639892578125,0.954345703125,0.881591796875,0.66357421875,0.638916015625,0.4571533203125,0.7978515625
ENSG00000151789|chr3:21751092-21751194,0.7301025390625,0.369384765625,0.357666015625,0.29833984375,0.7908935546875,0.2093505859375,14.210693359375,0.930419921875,0.364013671875,0.553466796875,0.898681640625,0.2232666015625,0.3443603515625,0.13037109375,0.34326171875,0.63623046875,0.3460693359375,0.287841796875,0.7108154296875,0.3040771484375,0.1363525390625,0.5301513671875,0.806396484375,0.6793212890625,0.52392578125,0.70947265625,0.435302734375,0.250732421875,0.4976806640625,7.087890625,0.3599853515625,0.9022216796875,0.30078125,0.2437744140625,0.70849609375,0.5084228515625,0.2159423828125,0.38916015625,0.446533203125,0.2381591796875,0.4825439453125,0.7564697265625,1.0152587890625,0.47802734375,1.732177734375,0.6456298828125,0.2872314453125,0.8162841796875,1.64013671875,0.599365234375,0.4033203125,0.519775390625,0.27294921875,0.378662109375,0.65283203125,1.384765625,0.75048828125,0.4609375,0.4737548828125,0.28759765625,0.4493408203125,0.414306640625,0.2086181640625,0.6640625,2.6773681640625,1.005615234375,0.4384765625,0.7904052734375,0.5965576171875,0.39892578125,0.5604248046875,0.3099365234375,0.235595703125,0.4893798828125,0.4012451171875,12.41845703125,1.2596435546875,0.3214111328125,0.6676025390625,0.4140625,0.3968505859375,11.9046630859375,0.4825439453125,0.7144775390625,0.8704833984375,0.6019287109375,0.2041015625,0.971435546875,0.4521484375,1.06298828125,0.3927001953125,0.4442138671875,0.3153076171875,0.3599853515625,0.18359375,0.5712890625,3.216064453125,0.73876953125,0.3443603515625,0.7315673828125,0.8511962890625,0.0,1.271484375,0.6343994140625,0.3406982421875,2.00634765625,0.6497802734375,0.95166015625,0.78076171875,0.59619140625,0.6153564453125,0.321044921875,0.74560546875,0.3463134765625,0.507080078125,0.581298828125,0.686767578125,0.7156982421875,0.928955078125,0.5306396484375,0.3992919921875,0.229248046875,0.5062255859375,0.33203125,0.285400390625,0.3673095703125,0.369140625,0.25048828125,0.7762451171875,0.27734375,0.31005859375,0.752197265625,0.3675537109375,0.9981689453125,0.2947998046875,0.5693359375,0.3902587890625,0.2410888671875,0.746826171875,0.5294189453125,0.8536376953125,1.188232421875,0.5245361328125,0.330078125,0.833984375,0.9381103515625,0.3092041015625,0.4429931640625,0.4935302734375,0.97998046875,0.801513671875,0.257080078125,0.3251953125,0.4735107421875,0.646728515625,6.468017578125,0.27001953125,0.492919921875,0.251220703125,1.3895263671875,0.25830078125,0.8026123046875,0.2933349609375,0.43896484375,0.21484375,0.3314208984375,0.3780517578125,0.8070068359375,0.4403076171875,1.1446533203125,0.5086669921875,0.6182861328125,0.30078125,0.808837890625,0.461669921875,0.9554443359375,0.4501953125,0.5223388671875,0.6119384765625,1.2767333984375,0.2509765625,0.674072265625,0.45703125,0.575927734375,0.28564453125,0.679931640625,0.49072265625,0.7801513671875,0.2310791015625,0.6492919921875,0.4749755859375,0.253173828125,0.2379150390625
ENSG00000155090|chr8:102653367-102653853,0.8934326171875,1.262939453125,1.097900390625,1.1689453125,1.0574951171875,1.1561279296875,15.01806640625,1.00634765625,0.96923828125,1.082763671875,1.005126953125,1.7974853515625,0.7918701171875,1.41455078125,1.260498046875,1.3486328125,1.2474365234375,1.28173828125,1.0633544921875,1.3450927734375,1.1614990234375,1.7252197265625,0.614990234375,0.6925048828125,1.424560546875,1.26123046875,1.259521484375,1.935546875,1.1405029296875,5.177978515625,1.3294677734375,1.2879638671875,0.914306640625,1.1497802734375,1.340576171875,0.8668212890625,1.4827880859375,0.78662109375,1.11474609375,1.3109130859375,1.8070068359375,1.4029541015625,2.9715576171875,1.3935546875,1.68115234375,1.0694580078125,1.1505126953125,0.9356689453125,1.97900390625,1.312744140625,1.225830078125,0.7197265625,0.854248046875,1.242431640625,1.365478515625,0.60888671875,0.924072265625,1.1259765625,1.1058349609375,1.40185546875,1.2232666015625,1.178955078125,1.5006103515625,0.7939453125,1.2532958984375,2.27294921875,1.39453125,1.4920654296875,1.2276611328125,1.0986328125,1.5523681640625,1.1444091796875,1.568115234375,1.2901611328125,1.0006103515625,8.81787109375,1.6131591796875,0.9359130859375,0.6617431640625,1.778076171875,1.3387451171875,13.3016357421875,1.1580810546875,1.5230712890625,1.2935791015625,1.3092041015625,1.192138671875,0.9765625,2.25537109375,0.62744140625,1.2886962890625,0.6197509765625,1.2496337890625,0.9014892578125,1.156494140625,0.47705078125,1.8662109375,1.7880859375,1.5340576171875,1.0145263671875,1.1260986328125,1.271484375,0.0,1.1922607421875,0.8702392578125,0.922119140625,1.5572509765625,1.188232421875,0.99365234375,0.94775390625,0.6251220703125,0.8935546875,1.98193359375,1.4884033203125,1.255615234375,1.125244140625,1.299072265625,1.2664794921875,0.4462890625,1.7061767578125,1.5216064453125,0.851318359375,2.0814208984375,0.989990234375,1.45751953125,0.9349365234375,0.699951171875,0.974609375,0.9066162109375,1.4208984375,0.758544921875,0.7353515625,1.6949462890625,0.3480224609375,0.9346923828125,0.6044921875,1.0601806640625,1.3980712890625,0.5703125,0.8831787109375,3.0897216796875,1.728271484375,1.4718017578125,0.6875,1.414306640625,0.9503173828125,1.1912841796875,1.3743896484375,1.0821533203125,0.6083984375,1.381103515625,1.12890625,0.8291015625,1.1505126953125,0.983642578125,6.199462890625,1.013671875,1.504638671875,0.84130859375,0.6085205078125,1.390380859375,0.9324951171875,1.3853759765625,1.136474609375,1.07861328125,1.3028564453125,1.0516357421875,0.4449462890625,1.4840087890625,0.5740966796875,1.0552978515625,1.8233642578125,1.729248046875,0.95849609375,0.96435546875,1.9483642578125,0.89453125,1.0272216796875,1.5941162109375,2.7252197265625,1.33740234375,1.05029296875,1.63525390625,1.144287109375,1.366943359375,0.671142578125,0.743408203125,1.1627197265625,1.3104248046875,1.1011962890625,0.7821044921875,1.192138671875,1.1983642578125
ENSG00000155592|chr16:25257523-25257835,0.65380859375,0.3853759765625,0.2247314453125,0.3758544921875,1.1142578125,0.533447265625,15.3848876953125,0.6060791015625,0.2774658203125,0.4898681640625,0.7344970703125,0.857666015625,0.515869140625,0.5474853515625,0.2423095703125,0.4376220703125,0.40185546875,0.5321044921875,0.463623046875,0.40625,0.65869140625,0.472412109375,0.9862060546875,0.499267578125,0.3165283203125,0.6197509765625,0.2445068359375,0.4935302734375,0.546142578125,7.3465576171875,0.496337890625,0.73193359375,0.3468017578125,0.691650390625,1.0223388671875,0.505859375,0.707275390625,0.5648193359375,0.4869384765625,0.334228515625,0.516845703125,0.747802734375,0.741943359375,0.7047119140625,2.0093994140625,0.489990234375,0.295654296875,0.691650390625,1.4324951171875,0.4415283203125,0.6224365234375,0.3009033203125,0.5076904296875,0.4698486328125,0.2579345703125,1.1937255859375,0.5596923828125,0.5169677734375,0.351318359375,0.2755126953125,0.867431640625,0.6710205078125,0.319580078125,0.5716552734375,1.651123046875,1.4735107421875,0.4031982421875,0.595947265625,0.445556640625,0.1927490234375,0.864501953125,0.34765625,0.4173583984375,0.991455078125,0.287353515625,10.1605224609375,1.23974609375,0.38671875,0.951904296875,0.5780029296875,0.771728515625,13.050537109375,0.315185546875,0.47802734375,0.81396484375,0.641357421875,0.5836181640625,1.0233154296875,0.7313232421875,0.9776611328125,0.232666015625,0.36328125,0.28369140625,0.256591796875,0.3170166015625,1.0206298828125,2.4815673828125,0.6331787109375,0.5234375,0.662841796875,0.72412109375,0.6343994140625,1.1922607421875,0.0,0.49267578125,1.9703369140625,0.666015625,0.8231201171875,0.6231689453125,0.3331298828125,0.79443359375,0.6363525390625,0.5457763671875,0.4541015625,0.3594970703125,0.2166748046875,1.1251220703125,1.20751953125,0.7977294921875,0.634521484375,0.431884765625,0.3753662109375,0.49169921875,0.3697509765625,0.6219482421875,0.325927734375,0.4573974609375,0.2784423828125,0.564697265625,0.4742431640625,0.4456787109375,0.3009033203125,0.399658203125,0.8046875,0.533447265625,0.5538330078125,0.2001953125,0.711669921875,0.8009033203125,0.673828125,0.979248046875,0.5399169921875,0.286376953125,0.6378173828125,0.7515869140625,1.560791015625,0.8505859375,0.49853515625,0.638916015625,1.0360107421875,0.6644287109375,0.6016845703125,0.4000244140625,0.150634765625,0.3475341796875,7.5592041015625,0.8670654296875,0.4796142578125,0.5118408203125,1.004150390625,0.5499267578125,0.68310546875,0.52587890625,0.3160400390625,0.4544677734375,0.396728515625,0.68896484375,0.94140625,0.39111328125,0.95751953125,0.504150390625,0.757080078125,0.5682373046875,0.6136474609375,0.2852783203125,1.432861328125,0.4439697265625,0.657470703125,1.125244140625,1.05322265625,0.5216064453125,0.4989013671875,0.7567138671875,0.4420166015625,0.2530517578125,0.8248291015625,0.4703369140625,1.13134765625,0.37158203125,0.95263671875,0.32177734375,0.2193603515625,0.30908203125
ENSG00000156273|chr21:29298933-29299392,0.417724609375,0.2879638671875,0.3775634765625,0.2022705078125,0.742431640625,0.197509765625,13.4029541015625,0.4801025390625,0.2730712890625,0.2589111328125,0.8021240234375,0.5009765625,0.23388671875,0.3782958984375,0.5599365234375,0.3292236328125,0.24560546875,0.2493896484375,0.3798828125,0.361083984375,0.288330078125,0.63427734375,0.2869873046875,0.37890625,0.4093017578125,0.4947509765625,0.3890380859375,0.4796142578125,0.25927734375,5.7232666015625,0.33154296875,0.854248046875,0.2960205078125,0.29150390625,0.7154541015625,0.131103515625,0.358642578125,0.2547607421875,0.3406982421875,0.333740234375,0.43896484375,0.404296875,1.23876953125,0.4517822265625,1.2501220703125,0.64111328125,0.2138671875,0.431640625,1.2130126953125,0.4505615234375,0.3995361328125,0.4185791015625,0.2034912109375,0.5621337890625,0.5875244140625,0.7716064453125,0.7850341796875,0.3135986328125,0.39453125,0.4327392578125,0.36083984375,0.2984619140625,0.353515625,0.5699462890625,1.884765625,0.8746337890625,0.4371337890625,0.69873046875,0.513916015625,0.2344970703125,0.306396484375,0.32275390625,0.3834228515625,0.782470703125,0.309814453125,10.2899169921875,1.099609375,0.23876953125,0.30419921875,0.4090576171875,0.232421875,11.39111328125,0.29931640625,0.7099609375,0.645751953125,0.524658203125,0.2781982421875,0.4429931640625,0.6256103515625,0.6502685546875,0.388671875,0.404052734375,0.2412109375,0.190185546875,0.2657470703125,0.4674072265625,2.4571533203125,1.0220947265625,0.249755859375,0.406982421875,0.543701171875,0.3406982421875,0.8702392578125,0.49267578125,0.0,1.8533935546875,0.703125,0.6488037109375,0.5931396484375,0.5638427734375,0.3173828125,0.3897705078125,0.8966064453125,0.374267578125,0.3104248046875,0.4031982421875,0.4793701171875,0.329833984375,0.5596923828125,0.43408203125,0.352294921875,0.1622314453125,0.6796875,0.2254638671875,0.1627197265625,0.364013671875,0.2149658203125,0.2581787109375,0.427978515625,0.3153076171875,0.3692626953125,0.3804931640625,0.52392578125,0.58984375,0.27685546875,0.3043212890625,0.38134765625,0.253173828125,0.4190673828125,0.378662109375,1.227783203125,0.8218994140625,0.366455078125,0.1507568359375,0.9093017578125,0.660888671875,0.490966796875,0.395751953125,0.307861328125,0.7308349609375,0.7000732421875,0.2840576171875,0.1815185546875,0.396484375,0.3875732421875,5.6395263671875,0.3133544921875,0.2515869140625,0.1964111328125,0.6806640625,0.3104248046875,0.523681640625,0.224365234375,0.3914794921875,0.2081298828125,0.268310546875,0.3583984375,0.519287109375,0.43017578125,0.69970703125,0.37890625,0.423095703125,0.5411376953125,0.4537353515625,0.4110107421875,1.124755859375,0.3875732421875,0.220458984375,0.658203125,1.3935546875,0.2911376953125,0.5316162109375,0.4744873046875,0.4373779296875,0.3699951171875,0.4732666015625,0.1558837890625,0.4541015625,0.318115234375,0.393798828125,0.31103515625,0.3045654296875,0.32666015625
ENSG00000156469|chr8:96261507-96261624,2.2113037109375,2.48388671875,1.891357421875,1.864501953125,2.4466552734375,2.1446533203125,19.040771484375,2.129638671875,2.06103515625,1.9306640625,1.816162109375,2.2674560546875,1.8553466796875,2.098388671875,1.819580078125,2.73876953125,2.5184326171875,2.5458984375,2.2879638671875,1.9920654296875,2.0921630859375,2.9268798828125,1.906982421875,1.8179931640625,2.435546875,2.9306640625,2.11328125,2.93017578125,2.7071533203125,7.0869140625,1.9605712890625,2.7554931640625,1.61669921875,1.9896240234375,2.513427734375,2.1134033203125,2.4810791015625,1.841796875,2.064697265625,2.3607177734375,3.1412353515625,2.5408935546875,4.0758056640625,2.89404296875,3.3515625,1.9393310546875,2.1802978515625,2.1353759765625,2.67431640625,2.24658203125,1.790771484375,1.432861328125,1.708740234375,1.8203125,2.43408203125,1.9296875,1.38671875,1.942626953125,2.0745849609375,2.223388671875,2.3404541015625,2.424560546875,2.3450927734375,1.091552734375,3.0579833984375,4.107666015625,2.0439453125,2.3189697265625,2.4307861328125,2.22216796875,2.5985107421875,2.1519775390625,2.48095703125,1.8304443359375,1.7718505859375,11.58984375,1.8460693359375,1.7603759765625,1.8082275390625,2.908203125,2.6815185546875,13.7630615234375,2.0118408203125,2.9149169921875,2.2440185546875,2.1556396484375,2.193359375,1.806396484375,3.426025390625,0.92236328125,2.2313232421875,1.5108642578125,2.2833251953125,2.0313720703125,2.09912109375,1.39697265625,1.5546875,2.44287109375,2.6732177734375,2.0198974609375,2.6805419921875,2.00634765625,0.922119140625,1.9703369140625,1.8533935546875,0.0,2.6834716796875,3.02587890625,1.6298828125,1.75341796875,1.8988037109375,1.848388671875,3.121337890625,2.3763427734375,2.609619140625,2.293212890625,3.250732421875,2.6080322265625,1.13818359375,3.0889892578125,2.8619384765625,1.8271484375,3.1783447265625,2.221435546875,2.45556640625,1.2916259765625,1.705322265625,1.862060546875,1.4295654296875,2.697998046875,1.3271484375,1.764892578125,2.2794189453125,1.0733642578125,1.9630126953125,1.491943359375,1.7318115234375,2.3931884765625,1.1796875,1.5924072265625,4.3333740234375,3.469970703125,2.8597412109375,1.420654296875,1.61572265625,2.0189208984375,1.6016845703125,2.7984619140625,2.5809326171875,1.200439453125,2.788330078125,1.971923828125,2.036376953125,2.1204833984375,2.1923828125,6.812255859375,1.79443359375,2.896240234375,1.525634765625,1.8724365234375,2.563232421875,2.0123291015625,2.3594970703125,2.35888671875,1.982421875,2.2147216796875,1.8638916015625,1.1634521484375,2.7738037109375,1.7611083984375,1.9971923828125,3.3326416015625,2.384033203125,2.04541015625,2.11376953125,3.0089111328125,2.1630859375,2.4808349609375,3.0181884765625,4.2845458984375,2.701904296875,2.372314453125,3.073974609375,2.3212890625,2.357177734375,1.65185546875,1.97021484375,2.4036865234375,2.2218017578125,2.6483154296875,1.5399169921875,2.2978515625,1.8919677734375
ENSG00000157933|chr1:2228531-2228929,0.37255859375,0.4141845703125,0.7205810546875,0.6600341796875,0.456298828125,0.711181640625,16.3023681640625,0.8045654296875,0.5025634765625,0.9844970703125,0.7242431640625,0.94970703125,0.92724609375,0.6451416015625,0.5389404296875,0.8216552734375,0.608154296875,0.7486572265625,1.160888671875,1.00537109375,0.505615234375,0.385986328125,1.1441650390625,0.46875,0.6900634765625,0.6539306640625,0.6580810546875,0.6431884765625,0.700439453125,8.3155517578125,1.1708984375,0.417236328125,0.4566650390625,0.75146484375,0.5802001953125,0.634765625,0.390625,0.7020263671875,1.0780029296875,0.403076171875,0.51513671875,1.5068359375,1.509521484375,0.2955322265625,1.0152587890625,0.259521484375,0.44091796875,1.110595703125,2.3702392578125,1.3206787109375,1.4466552734375,1.0042724609375,0.5245361328125,1.1700439453125,0.5252685546875,1.5714111328125,0.5023193359375,1.2398681640625,1.03173828125,0.4884033203125,1.0185546875,0.7589111328125,0.478271484375,1.4093017578125,2.28515625,0.9139404296875,1.2918701171875,1.676025390625,0.358154296875,0.4337158203125,1.234619140625,0.59033203125,0.5938720703125,0.511962890625,0.745849609375,12.3929443359375,2.731689453125,0.752197265625,0.951171875,1.0716552734375,0.64794921875,15.59130859375,0.97216796875,0.27294921875,1.73193359375,1.2666015625,0.5943603515625,1.4041748046875,1.0489501953125,1.9429931640625,0.324462890625,0.6630859375,0.713134765625,0.578369140625,0.5445556640625,0.8265380859375,4.3736572265625,1.5711669921875,0.63330078125,0.915771484375,0.34521484375,0.6497802734375,1.5572509765625,0.666015625,0.703125,2.6834716796875,0.0,0.5885009765625,1.6785888671875,0.6629638671875,0.87841796875,0.2999267578125,0.3492431640625,1.078369140625,0.4730224609375,0.5289306640625,0.9398193359375,1.304931640625,1.3406982421875,1.1083984375,0.36865234375,0.6256103515625,0.96826171875,0.4620361328125,0.8487548828125,0.591552734375,0.4041748046875,0.3297119140625,1.10009765625,0.5770263671875,0.6468505859375,0.9244384765625,0.526611328125,1.351318359375,0.328125,0.6317138671875,0.565673828125,0.679443359375,1.3619384765625,1.25927734375,1.189697265625,0.7440185546875,0.574462890625,0.7427978515625,1.9071044921875,1.803955078125,0.673583984375,0.59619140625,0.635009765625,0.8936767578125,0.3682861328125,0.7757568359375,0.4417724609375,0.672607421875,0.3780517578125,9.3443603515625,0.9366455078125,0.5592041015625,0.6607666015625,1.385498046875,0.5750732421875,1.547607421875,0.9580078125,0.3878173828125,0.3468017578125,0.975830078125,0.80810546875,0.964111328125,0.3212890625,1.533447265625,0.488525390625,1.09765625,1.0142822265625,1.0113525390625,0.6905517578125,0.503662109375,0.3826904296875,0.822998046875,0.37841796875,0.560546875,0.5067138671875,0.2784423828125,0.4710693359375,0.2686767578125,0.4801025390625,1.2967529296875,0.7525634765625,1.156494140625,0.79931640625,1.00634765625,0.82470703125,0.4014892578125,0.708984375
ENSG00000161277|chr19:36054165-36054394,0.3895263671875,0.3857421875,0.718994140625,0.960205078125,0.7391357421875,0.7327880859375,13.232177734375,0.690185546875,0.44921875,0.99169921875,0.89794921875,1.5787353515625,0.7430419921875,1.039794921875,0.85205078125,0.564453125,0.6077880859375,0.64404296875,0.6610107421875,1.1485595703125,0.8004150390625,0.5689697265625,0.6884765625,0.4671630859375,0.624267578125,0.332275390625,0.660400390625,0.858154296875,0.4156494140625,6.678955078125,1.1468505859375,0.6429443359375,0.6435546875,0.9937744140625,0.732666015625,0.5225830078125,0.8477783203125,0.559326171875,0.877197265625,0.5445556640625,0.6002197265625,0.9989013671875,1.4871826171875,0.35546875,1.095703125,0.6561279296875,0.5242919921875,0.6204833984375,2.2314453125,1.16943359375,1.38232421875,0.79150390625,0.589599609375,1.175537109375,0.521728515625,0.887451171875,1.096435546875,0.979736328125,0.8336181640625,0.65576171875,0.7330322265625,0.626220703125,0.7498779296875,1.377197265625,1.1466064453125,0.826416015625,1.271240234375,1.3031005859375,0.3963623046875,0.407470703125,1.1927490234375,0.5994873046875,0.88134765625,1.1529541015625,0.7366943359375,9.0009765625,2.3843994140625,0.8157958984375,0.7022705078125,0.908935546875,0.6119384765625,14.4024658203125,0.9837646484375,0.4302978515625,1.1619873046875,1.1180419921875,0.70556640625,1.316162109375,1.126220703125,1.660888671875,0.6014404296875,0.5816650390625,0.6292724609375,0.4945068359375,0.630615234375,0.884765625,3.97802734375,1.431884765625,0.7249755859375,0.8216552734375,0.2552490234375,0.95166015625,1.188232421875,0.8231201171875,0.6488037109375,3.02587890625,0.5885009765625,0.0,1.275634765625,0.794189453125,0.5355224609375,0.528564453125,0.787109375,1.0447998046875,0.45751953125,0.372802734375,0.51220703125,1.1368408203125,1.1875,0.8067626953125,0.4854736328125,0.553466796875,0.9317626953125,0.456298828125,0.939208984375,1.0506591796875,0.46240234375,0.525634765625,1.2567138671875,0.48876953125,0.85986328125,0.5576171875,1.1229248046875,1.0023193359375,0.5015869140625,0.760986328125,0.8255615234375,0.9095458984375,1.235595703125,1.2171630859375,1.4024658203125,0.308837890625,0.4378662109375,0.852294921875,1.8720703125,1.4442138671875,1.3446044921875,0.3519287109375,0.3709716796875,1.210205078125,0.28125,0.950927734375,0.40625,0.6678466796875,0.384033203125,8.158447265625,1.07861328125,0.49853515625,0.830810546875,0.7459716796875,0.5791015625,0.9171142578125,0.9456787109375,0.410400390625,0.66845703125,0.9503173828125,0.8863525390625,1.1265869140625,0.4178466796875,0.8033447265625,0.7862548828125,0.7938232421875,1.296630859375,0.806884765625,0.473876953125,1.1885986328125,0.30322265625,0.5357666015625,0.6763916015625,0.9425048828125,0.557373046875,0.207275390625,0.570556640625,0.38037109375,0.621337890625,0.89404296875,0.517333984375,1.1031494140625,0.7410888671875,0.5977783203125,0.8099365234375,0.476318359375,0.9688720703125
ENSG00000162624|chr1:75136379-75136606,1.1805419921875,0.798095703125,0.465576171875,0.678466796875,1.8421630859375,0.6910400390625,12.6083984375,0.9453125,0.60888671875,0.56396484375,1.2490234375,1.0723876953125,0.4688720703125,0.8525390625,0.66259765625,0.677978515625,0.7982177734375,0.6884765625,0.3751220703125,0.4700927734375,0.8697509765625,1.1539306640625,0.79931640625,1.0299072265625,0.5849609375,1.025146484375,0.694091796875,0.90380859375,0.7537841796875,5.46484375,0.2979736328125,1.5826416015625,0.6650390625,0.7423095703125,1.6416015625,0.7271728515625,1.2869873046875,0.593505859375,0.505615234375,0.8243408203125,1.0631103515625,0.4000244140625,1.2640380859375,1.303955078125,2.764404296875,1.3067626953125,0.7196044921875,0.5675048828125,1.299560546875,0.439453125,0.267578125,0.28271484375,0.63818359375,0.36865234375,0.8408203125,0.955810546875,1.341064453125,0.201416015625,0.3311767578125,0.695556640625,0.6988525390625,0.901123046875,0.8157958984375,0.356201171875,1.8892822265625,1.911376953125,0.3193359375,0.2364501953125,1.1654052734375,0.59912109375,0.7886962890625,0.7371826171875,0.830810546875,1.4566650390625,0.4342041015625,8.797119140625,0.4149169921875,0.4500732421875,0.8751220703125,0.53173828125,0.9581298828125,9.8719482421875,0.4000244140625,1.4051513671875,0.2833251953125,0.7413330078125,0.740966796875,0.8271484375,0.962646484375,0.4755859375,0.9742431640625,0.5828857421875,0.4644775390625,0.5286865234375,0.5830078125,1.0615234375,1.719970703125,0.570068359375,0.8736572265625,0.7525634765625,1.4700927734375,0.78076171875,0.99365234375,0.6231689453125,0.5931396484375,1.6298828125,1.6785888671875,1.275634765625,0.0,0.788818359375,0.6727294921875,1.076171875,1.685546875,0.4210205078125,0.900146484375,0.6376953125,1.193115234375,1.0780029296875,0.673828125,0.6258544921875,1.0745849609375,0.45654296875,0.7977294921875,0.712646484375,0.75439453125,0.7503662109375,0.8349609375,0.741455078125,0.7506103515625,0.695556640625,0.649658203125,0.42236328125,1.1336669921875,0.6109619140625,0.9693603515625,0.911865234375,0.6348876953125,1.0059814453125,0.5400390625,0.4898681640625,1.6453857421875,1.299560546875,0.7711181640625,0.63134765625,0.489013671875,1.0316162109375,1.2247314453125,0.8619384765625,0.8341064453125,1.50390625,1.321044921875,0.738525390625,0.7216796875,0.5450439453125,1.0048828125,4.94189453125,0.748779296875,0.939697265625,0.681884765625,0.8470458984375,0.779296875,0.2047119140625,0.5640869140625,0.9443359375,0.881103515625,0.4122314453125,0.7791748046875,1.0386962890625,0.9639892578125,0.6107177734375,1.1353759765625,0.7579345703125,0.777099609375,0.704833984375,0.52587890625,2.5028076171875,0.927978515625,0.6627197265625,1.8792724609375,2.4967041015625,0.895263671875,1.171630859375,1.288818359375,1.1728515625,0.693115234375,0.40625,0.517822265625,1.0377197265625,0.4730224609375,0.8394775390625,0.4537353515625,0.709716796875,0.6563720703125
ENSG00000163795|chr2:27380581-27380757,0.5765380859375,0.4287109375,0.370361328125,0.50830078125,0.8685302734375,0.7349853515625,16.639892578125,0.643310546875,0.4384765625,0.704345703125,0.6728515625,0.9886474609375,0.5953369140625,0.657958984375,0.332275390625,0.53955078125,0.5057373046875,0.76513671875,0.6683349609375,0.7034912109375,0.6729736328125,0.6107177734375,0.854248046875,0.4403076171875,0.4326171875,0.728759765625,0.38330078125,0.6865234375,0.6773681640625,7.685302734375,0.6907958984375,0.5706787109375,0.23876953125,0.6256103515625,1.123046875,0.5706787109375,0.6351318359375,0.608154296875,0.677978515625,0.3934326171875,0.6746826171875,0.9722900390625,1.2156982421875,0.724609375,1.897705078125,0.4290771484375,0.3009033203125,0.7943115234375,1.777587890625,0.80078125,0.840576171875,0.429443359375,0.4541015625,0.564453125,0.337646484375,0.916015625,0.36328125,0.70361328125,0.5318603515625,0.41015625,0.9473876953125,0.6240234375,0.4891357421875,0.734619140625,1.3868408203125,1.5595703125,0.707275390625,0.9703369140625,0.4967041015625,0.304931640625,1.0987548828125,0.3172607421875,0.553955078125,0.7769775390625,0.4007568359375,10.065185546875,1.5640869140625,0.4783935546875,0.9437255859375,0.878173828125,0.8426513671875,13.9705810546875,0.5010986328125,0.5084228515625,1.0777587890625,0.8309326171875,0.710693359375,0.93115234375,1.011474609375,0.990234375,0.3404541015625,0.3692626953125,0.4073486328125,0.4002685546875,0.4697265625,0.72216796875,2.403076171875,0.99658203125,0.7689208984375,0.6568603515625,0.6378173828125,0.59619140625,0.94775390625,0.3331298828125,0.5638427734375,1.75341796875,0.6629638671875,0.794189453125,0.788818359375,0.0,0.8519287109375,0.562255859375,0.6455078125,0.6285400390625,0.601318359375,0.374755859375,1.136962890625,1.2095947265625,0.647705078125,0.9769287109375,0.5452880859375,0.4501953125,0.7623291015625,0.41015625,0.749267578125,0.3055419921875,0.312744140625,0.29248046875,0.5123291015625,0.616943359375,0.40673828125,0.41455078125,0.4932861328125,0.5833740234375,0.4141845703125,0.5302734375,0.2518310546875,0.7410888671875,0.774169921875,0.8028564453125,1.2867431640625,0.717529296875,0.5775146484375,0.52294921875,1.0322265625,1.3328857421875,0.8035888671875,0.5611572265625,0.6134033203125,0.916259765625,0.6767578125,0.588623046875,0.41162109375,0.3446044921875,0.40283203125,7.94970703125,0.8466796875,0.715576171875,0.437255859375,1.0186767578125,0.610595703125,0.9991455078125,0.7550048828125,0.28955078125,0.453857421875,0.6685791015625,0.8985595703125,0.6531982421875,0.4822998046875,1.0006103515625,0.4820556640625,1.1085205078125,0.8310546875,0.60693359375,0.3681640625,0.9991455078125,0.416015625,0.8348388671875,1.0115966796875,1.1846923828125,0.58056640625,0.495849609375,0.78369140625,0.429443359375,0.349365234375,0.90478515625,0.596435546875,1.1627197265625,0.5643310546875,1.0047607421875,0.4188232421875,0.314453125,0.5111083984375
ENSG00000164296|chr5:150000467-150000604,0.4462890625,0.4993896484375,0.5706787109375,0.4974365234375,0.685546875,0.3818359375,12.1019287109375,0.3946533203125,0.3719482421875,0.4473876953125,0.8092041015625,0.913330078125,0.2939453125,0.6947021484375,0.7862548828125,0.5450439453125,0.55029296875,0.4031982421875,0.503173828125,0.669921875,0.43359375,0.8125,0.2120361328125,0.50732421875,0.6363525390625,0.4932861328125,0.7564697265625,0.8905029296875,0.30908203125,4.8553466796875,0.581787109375,0.818115234375,0.5838623046875,0.447265625,0.7027587890625,0.239013671875,0.739501953125,0.2540283203125,0.6500244140625,0.558349609375,0.76123046875,0.53125,1.8505859375,0.5479736328125,1.0721435546875,0.73876953125,0.478759765625,0.28369140625,1.3902587890625,0.6849365234375,0.6519775390625,0.5780029296875,0.3179931640625,0.8768310546875,0.8514404296875,0.6729736328125,1.0794677734375,0.4971923828125,0.583251953125,0.6824951171875,0.2890625,0.4188232421875,0.685546875,0.6878662109375,1.574951171875,0.8013916015625,0.7708740234375,0.823486328125,0.57958984375,0.4219970703125,0.55615234375,0.6591796875,0.7103271484375,0.858154296875,0.4833984375,9.3731689453125,1.360595703125,0.395751953125,0.180419921875,0.6336669921875,0.308349609375,11.33251953125,0.5439453125,0.835205078125,0.683349609375,0.958251953125,0.3533935546875,0.4866943359375,0.9368896484375,0.7564697265625,0.6728515625,0.489990234375,0.48681640625,0.29541015625,0.4854736328125,0.3668212890625,2.6802978515625,1.2979736328125,0.547607421875,0.407470703125,0.545166015625,0.6153564453125,0.6251220703125,0.79443359375,0.3173828125,1.8988037109375,0.87841796875,0.5355224609375,0.6727294921875,0.8519287109375,0.0,0.4063720703125,1.2430419921875,0.6455078125,0.4610595703125,0.5655517578125,0.4769287109375,0.47021484375,0.5540771484375,0.532470703125,0.626708984375,0.3223876953125,1.0341796875,0.3118896484375,0.5406494140625,0.70849609375,0.3411865234375,0.4635009765625,0.65234375,0.4654541015625,0.4627685546875,0.4271240234375,1.124755859375,0.55419921875,0.4375,0.4351806640625,0.690673828125,0.525634765625,0.4302978515625,0.481689453125,1.7998046875,0.9630126953125,0.546875,0.2891845703125,1.2847900390625,0.59521484375,0.76708984375,0.42529296875,0.284912109375,0.8067626953125,0.6519775390625,0.4342041015625,0.3114013671875,0.689208984375,0.4515380859375,5.5531005859375,0.4544677734375,0.4493408203125,0.4097900390625,0.390380859375,0.4224853515625,0.431884765625,0.499755859375,0.6822509765625,0.4720458984375,0.512451171875,0.39453125,0.506103515625,0.55908203125,0.490234375,0.544921875,0.53759765625,0.8782958984375,0.4605712890625,0.5150146484375,1.442626953125,0.4302978515625,0.17578125,0.743408203125,1.7119140625,0.4561767578125,0.5013427734375,0.5386962890625,0.6387939453125,0.6881103515625,0.2652587890625,0.1732177734375,0.48779296875,0.569580078125,0.221435546875,0.38525390625,0.5208740234375,0.677734375
ENSG00000164900|chr7:151174474-151174742,0.3062744140625,0.3056640625,0.4609375,0.405029296875,0.3543701171875,0.3421630859375,14.871826171875,0.599609375,0.261474609375,0.651123046875,0.521240234375,0.6173095703125,0.4713134765625,0.34521484375,0.4072265625,0.680908203125,0.4503173828125,0.427001953125,0.8441162109375,0.6297607421875,0.2537841796875,0.4112548828125,0.659423828125,0.2862548828125,0.580322265625,0.548583984375,0.48046875,0.536865234375,0.4927978515625,7.03662109375,0.7340087890625,0.5723876953125,0.270751953125,0.4034423828125,0.387939453125,0.3670654296875,0.2637939453125,0.32177734375,0.676513671875,0.2896728515625,0.5606689453125,1.0357666015625,1.5433349609375,0.263427734375,0.958740234375,0.2554931640625,0.3204345703125,0.7037353515625,1.862548828125,0.90625,0.894287109375,0.601318359375,0.1904296875,0.75341796875,0.572998046875,1.12744140625,0.53759765625,0.764892578125,0.7042236328125,0.3798828125,0.5706787109375,0.49951171875,0.3648681640625,0.80078125,2.1126708984375,0.942138671875,0.880859375,1.2193603515625,0.3365478515625,0.359619140625,0.8424072265625,0.4259033203125,0.39892578125,0.2508544921875,0.4547119140625,11.87255859375,1.8116455078125,0.3585205078125,0.4342041015625,0.7763671875,0.4193115234375,13.5684814453125,0.7318115234375,0.4263916015625,1.2188720703125,0.8905029296875,0.31005859375,0.926513671875,0.88623046875,1.19189453125,0.2677001953125,0.3358154296875,0.4930419921875,0.3758544921875,0.278564453125,0.374267578125,3.453857421875,1.176513671875,0.4476318359375,0.6505126953125,0.3629150390625,0.321044921875,0.8935546875,0.6363525390625,0.3897705078125,1.848388671875,0.2999267578125,0.528564453125,1.076171875,0.562255859375,0.4063720703125,0.0,0.613037109375,0.7532958984375,0.36572265625,0.447265625,0.656494140625,0.8939208984375,0.833251953125,0.8013916015625,0.4278564453125,0.27197265625,0.8873291015625,0.31005859375,0.544189453125,0.4027099609375,0.1767578125,0.171142578125,0.7064208984375,0.37646484375,0.247314453125,0.602783203125,0.5118408203125,0.8951416015625,0.1312255859375,0.38134765625,0.3892822265625,0.3685302734375,0.800537109375,0.7452392578125,1.3218994140625,0.90380859375,0.5120849609375,0.315673828125,1.32080078125,1.1717529296875,0.2933349609375,0.4100341796875,0.4224853515625,0.585693359375,0.370849609375,0.391845703125,0.203125,0.5528564453125,0.347412109375,7.471923828125,0.508056640625,0.4609375,0.29736328125,0.9339599609375,0.364990234375,0.9764404296875,0.5875244140625,0.330810546875,0.162109375,0.6434326171875,0.4161376953125,0.5792236328125,0.3514404296875,1.0054931640625,0.2969970703125,0.8677978515625,0.683837890625,0.79443359375,0.489013671875,0.5997314453125,0.25537109375,0.4918212890625,0.3004150390625,0.8582763671875,0.361328125,0.283447265625,0.396484375,0.24462890625,0.3955078125,0.700439453125,0.430908203125,0.7950439453125,0.5242919921875,0.6490478515625,0.4281005859375,0.312744140625,0.4461669921875
ENSG00000164924|chr8:100951536-100951962,0.7982177734375,0.46240234375,0.62841796875,0.844970703125,0.8245849609375,0.8365478515625,16.380615234375,1.153564453125,0.562255859375,1.167236328125,1.13916015625,1.0518798828125,1.0462646484375,0.66455078125,0.5263671875,0.849609375,0.5135498046875,0.782470703125,1.1251220703125,0.9593505859375,0.7557373046875,0.4390869140625,1.526611328125,0.6651611328125,0.732177734375,0.681396484375,0.46875,0.532958984375,0.8011474609375,9.201171875,1.2471923828125,0.6470947265625,0.54052734375,1.0325927734375,0.859375,0.8741455078125,0.5474853515625,1.04296875,0.97802734375,0.3980712890625,0.5015869140625,1.5064697265625,0.9483642578125,0.546875,1.741455078125,0.5692138671875,0.4425048828125,1.3780517578125,2.527099609375,1.1533203125,1.45947265625,0.97265625,0.792236328125,1.0595703125,0.4130859375,1.904052734375,0.69482421875,1.298828125,0.8856201171875,0.4775390625,1.1361083984375,0.83837890625,0.4290771484375,1.5068359375,2.3436279296875,1.288818359375,1.089599609375,1.5411376953125,0.3541259765625,0.47216796875,1.4444580078125,0.4525146484375,0.57373046875,1.0040283203125,0.8680419921875,12.30908203125,2.6390380859375,0.9542236328125,1.4442138671875,1.01708984375,0.9522705078125,16.0452880859375,0.9793701171875,0.3065185546875,1.6334228515625,1.0748291015625,0.85009765625,1.82275390625,0.897216796875,2.091064453125,0.3602294921875,0.7054443359375,0.6165771484375,0.6441650390625,0.527099609375,1.331298828125,4.282470703125,1.27587890625,0.7672119140625,1.2249755859375,0.6990966796875,0.74560546875,1.98193359375,0.5457763671875,0.8966064453125,3.121337890625,0.3492431640625,0.787109375,1.685546875,0.6455078125,1.2430419921875,0.613037109375,0.0,0.9486083984375,0.55029296875,0.549560546875,1.1640625,1.6060791015625,1.681396484375,1.1075439453125,0.4166259765625,0.683349609375,0.6585693359375,0.5859375,0.937255859375,0.6959228515625,0.677978515625,0.45458984375,1.2337646484375,0.629638671875,0.79052734375,0.986083984375,0.4251708984375,1.5040283203125,0.5277099609375,0.953369140625,0.5689697265625,0.7833251953125,1.6630859375,1.3892822265625,0.7093505859375,0.66015625,0.4810791015625,1.10302734375,1.715576171875,2.2271728515625,0.9798583984375,0.6385498046875,0.8511962890625,1.2705078125,0.593017578125,0.97705078125,0.626708984375,0.5889892578125,0.4765625,9.961669921875,1.211181640625,0.62939453125,0.89599609375,1.8983154296875,0.670166015625,1.5699462890625,0.9622802734375,0.332275390625,0.571533203125,1.0020751953125,1.1622314453125,1.4696044921875,0.4461669921875,1.6927490234375,0.7496337890625,1.1256103515625,0.875732421875,1.18212890625,0.611328125,0.8763427734375,0.521728515625,1.0770263671875,0.7811279296875,0.4322509765625,0.544677734375,0.521728515625,0.603759765625,0.447265625,0.365234375,1.596435546875,0.982177734375,1.6138916015625,0.7049560546875,1.2469482421875,0.9227294921875,0.345947265625,0.6224365234375
ENSG00000165417|chr14:81220447-81220931,1.008056640625,0.4141845703125,0.2259521484375,0.3382568359375,1.4013671875,0.267578125,12.6446533203125,0.8983154296875,0.4022216796875,0.4176025390625,1.1966552734375,0.4736328125,0.26171875,0.3052978515625,0.4029541015625,0.3331298828125,0.262939453125,0.2369384765625,0.312255859375,0.191162109375,0.473388671875,0.638916015625,0.7896728515625,0.87060546875,0.3409423828125,0.5999755859375,0.3956298828125,0.2620849609375,0.37451171875,6.4827880859375,0.19482421875,1.1201171875,0.4661865234375,0.36767578125,1.1627197265625,0.4833984375,0.59716796875,0.5123291015625,0.3236083984375,0.3046875,0.423095703125,0.25,0.57666015625,0.7498779296875,2.3004150390625,0.968017578125,0.311767578125,0.666015625,1.4154052734375,0.2769775390625,0.2459716796875,0.4039306640625,0.4254150390625,0.2940673828125,0.5072021484375,1.3878173828125,1.1871337890625,0.2139892578125,0.1904296875,0.3070068359375,0.3798828125,0.4547119140625,0.2841796875,0.6387939453125,2.27685546875,1.2286376953125,0.1295166015625,0.262939453125,0.703125,0.3013916015625,0.384521484375,0.3125,0.2667236328125,1.084228515625,0.35791015625,10.6790771484375,0.8388671875,0.29248046875,0.88525390625,0.1195068359375,0.46435546875,10.504150390625,0.213134765625,0.834716796875,0.39306640625,0.509765625,0.4080810546875,0.8377685546875,0.2137451171875,0.9481201171875,0.497314453125,0.565185546875,0.148681640625,0.265869140625,0.2059326171875,0.9752197265625,2.6068115234375,0.5137939453125,0.31396484375,0.63232421875,1.101806640625,0.3463134765625,1.4884033203125,0.4541015625,0.374267578125,2.3763427734375,1.078369140625,1.0447998046875,0.4210205078125,0.6285400390625,0.6455078125,0.7532958984375,0.9486083984375,0.0,0.4569091796875,0.4847412109375,0.8365478515625,0.696044921875,1.0079345703125,0.20556640625,0.4501953125,0.2777099609375,0.220703125,0.3267822265625,0.2718505859375,0.557861328125,0.5838623046875,0.4351806640625,0.69482421875,0.2894287109375,0.5186767578125,0.4798583984375,0.5908203125,0.89501953125,0.602294921875,0.8389892578125,0.353271484375,0.39990234375,0.7318115234375,0.398681640625,0.662841796875,0.9266357421875,0.312744140625,0.5040283203125,0.6595458984375,1.0078125,0.79541015625,0.376220703125,0.43310546875,1.4793701171875,0.9898681640625,0.3848876953125,0.4530029296875,0.343994140625,0.6251220703125,5.8431396484375,0.5233154296875,0.3995361328125,0.4793701171875,1.240234375,0.3389892578125,0.485107421875,0.16943359375,0.5013427734375,0.4703369140625,0.1708984375,0.507080078125,1.10498046875,0.470458984375,0.947998046875,0.771240234375,0.33056640625,0.2547607421875,0.5565185546875,0.3953857421875,1.706298828125,0.6505126953125,0.403564453125,1.1962890625,1.485595703125,0.3167724609375,0.8841552734375,0.6153564453125,0.8092041015625,0.2706298828125,0.6221923828125,0.4515380859375,0.822998046875,0.17236328125,0.5595703125,0.403076171875,0.2833251953125,0.264892578125
ENSG00000165891|chr12:77065471-77065577,0.4085693359375,0.218994140625,0.352294921875,0.36669921875,0.6729736328125,0.2889404296875,13.325439453125,0.452880859375,0.22119140625,0.48291015625,0.867431640625,0.6781005859375,0.3804931640625,0.409423828125,0.494140625,0.2392578125,0.1976318359375,0.2177734375,0.4852294921875,0.4444580078125,0.4146728515625,0.3775634765625,0.63037109375,0.3331298828125,0.3662109375,0.355224609375,0.359130859375,0.3701171875,0.2037353515625,6.464111328125,0.5582275390625,0.5906982421875,0.402587890625,0.5140380859375,0.629638671875,0.2034912109375,0.3885498046875,0.387451171875,0.42822265625,0.2440185546875,0.2779541015625,0.6119384765625,0.9285888671875,0.25048828125,1.18701171875,0.4949951171875,0.2445068359375,0.5086669921875,1.371826171875,0.467529296875,0.763427734375,0.570556640625,0.333984375,0.716064453125,0.41455078125,1.233154296875,0.92236328125,0.537841796875,0.4608154296875,0.333740234375,0.5213623046875,0.461669921875,0.3148193359375,0.90576171875,1.8563232421875,0.739990234375,0.582275390625,0.8001708984375,0.3270263671875,0.181640625,0.5216064453125,0.3526611328125,0.27685546875,0.8177490234375,0.3890380859375,10.461669921875,1.5726318359375,0.3126220703125,0.6204833984375,0.372314453125,0.3111572265625,12.4193115234375,0.4468994140625,0.3123779296875,0.9041748046875,0.6983642578125,0.35546875,0.8828125,0.489013671875,1.287353515625,0.2327880859375,0.4737548828125,0.2454833984375,0.1614990234375,0.252197265625,0.782470703125,3.38623046875,1.008056640625,0.1966552734375,0.5277099609375,0.3743896484375,0.507080078125,1.255615234375,0.3594970703125,0.3104248046875,2.609619140625,0.4730224609375,0.45751953125,0.900146484375,0.601318359375,0.4610595703125,0.36572265625,0.55029296875,0.4569091796875,0.0,0.240478515625,0.4970703125,0.7205810546875,0.95751953125,0.3704833984375,0.2178955078125,0.2666015625,0.5067138671875,0.177978515625,0.3623046875,0.5811767578125,0.31591796875,0.27001953125,0.6658935546875,0.216796875,0.505859375,0.364990234375,0.4732666015625,1.0377197265625,0.3570556640625,0.459716796875,0.3502197265625,0.3714599609375,0.927001953125,0.6378173828125,0.9024658203125,0.457275390625,0.1231689453125,0.467529296875,1.20361328125,1.2886962890625,0.7044677734375,0.2078857421875,0.2957763671875,0.951416015625,0.376953125,0.457275390625,0.183837890625,0.2593994140625,0.244140625,7.08056640625,0.7275390625,0.141845703125,0.516845703125,0.8385009765625,0.344482421875,0.7000732421875,0.3389892578125,0.270751953125,0.250732421875,0.3802490234375,0.4793701171875,0.9136962890625,0.2237548828125,0.9903564453125,0.3599853515625,0.3831787109375,0.5791015625,0.592041015625,0.357177734375,1.1507568359375,0.27734375,0.2423095703125,0.5465087890625,0.6956787109375,0.22802734375,0.322509765625,0.314697265625,0.249755859375,0.272705078125,0.83837890625,0.2802734375,0.8226318359375,0.3824462890625,0.5167236328125,0.3768310546875,0.2138671875,0.3646240234375
ENSG00000166188|chr16:57998407-57998471,0.3853759765625,0.227783203125,0.211181640625,0.45947265625,0.9117431640625,0.4351806640625,13.957275390625,0.559326171875,0.24609375,0.500732421875,0.75732421875,0.9583740234375,0.4476318359375,0.562255859375,0.271240234375,0.27001953125,0.3204345703125,0.435791015625,0.3712158203125,0.5059814453125,0.5933837890625,0.3758544921875,0.677490234375,0.3941650390625,0.243408203125,0.324462890625,0.21240234375,0.400634765625,0.3270263671875,6.78564453125,0.5255126953125,0.5013427734375,0.311279296875,0.6160888671875,0.8525390625,0.3421630859375,0.6146240234375,0.413818359375,0.5078125,0.2376708984375,0.3800048828125,0.6668701171875,0.8184814453125,0.339599609375,1.538330078125,0.4403076171875,0.2523193359375,0.4552001953125,1.635009765625,0.574951171875,0.71337890625,0.33740234375,0.33251953125,0.529052734375,0.1865234375,1.013427734375,0.69580078125,0.459716796875,0.3795166015625,0.20263671875,0.6434326171875,0.53857421875,0.2913818359375,0.783447265625,1.4439697265625,1.13720703125,0.538818359375,0.6463623046875,0.2896728515625,0.10986328125,0.8695068359375,0.3292236328125,0.365234375,0.8607177734375,0.2698974609375,9.3310546875,1.5301513671875,0.3280029296875,0.6820068359375,0.462890625,0.5133056640625,13.0819091796875,0.4173583984375,0.2694091796875,0.7899169921875,0.7349853515625,0.440673828125,0.923583984375,0.691162109375,1.15185546875,0.2403564453125,0.2979736328125,0.2293701171875,0.1888427734375,0.279296875,0.908447265625,2.854248046875,0.749755859375,0.4268798828125,0.5443115234375,0.3905029296875,0.581298828125,1.125244140625,0.2166748046875,0.4031982421875,2.293212890625,0.5289306640625,0.372802734375,0.6376953125,0.374755859375,0.5655517578125,0.447265625,0.549560546875,0.4847412109375,0.240478515625,0.0,0.745361328125,1.1151123046875,0.83837890625,0.4954833984375,0.3084716796875,0.304443359375,0.4727783203125,0.26318359375,0.566650390625,0.4844970703125,0.345458984375,0.246826171875,0.6583251953125,0.279052734375,0.4072265625,0.1943359375,0.5186767578125,0.7542724609375,0.3829345703125,0.5087890625,0.2593994140625,0.6317138671875,0.912109375,0.7603759765625,0.9000244140625,0.263916015625,0.1719970703125,0.5751953125,1.01025390625,1.4302978515625,0.8697509765625,0.2696533203125,0.3834228515625,1.049560546875,0.294921875,0.565185546875,0.258544921875,0.1719970703125,0.229736328125,7.74560546875,0.821533203125,0.323486328125,0.481689453125,0.7073974609375,0.388671875,0.5572509765625,0.5086669921875,0.245361328125,0.38134765625,0.4434814453125,0.6380615234375,0.9212646484375,0.2017822265625,0.7984619140625,0.5108642578125,0.5989990234375,0.688720703125,0.511474609375,0.18017578125,1.2186279296875,0.2705078125,0.4776611328125,0.8392333984375,0.8197021484375,0.38720703125,0.23388671875,0.51220703125,0.28564453125,0.18701171875,0.6728515625,0.3369140625,1.0421142578125,0.3555908203125,0.6761474609375,0.3067626953125,0.18603515625,0.3865966796875
ENSG00000166349|chr11:36567997-36568417,0.6658935546875,0.537353515625,0.930419921875,0.81884765625,0.6956787109375,0.4639892578125,12.177001953125,0.88134765625,0.621337890625,0.8759765625,1.37548828125,1.0108642578125,0.5802001953125,0.819580078125,1.2041015625,0.5478515625,0.4815673828125,0.4033203125,0.7218017578125,0.8875732421875,0.4422607421875,0.9012451171875,0.592529296875,0.6239013671875,0.89599609375,0.59521484375,0.85302734375,0.817138671875,0.3172607421875,5.511962890625,0.9388427734375,1.0692138671875,0.83251953125,0.7635498046875,0.841796875,0.4061279296875,0.6341552734375,0.4921875,0.667236328125,0.6927490234375,0.6612548828125,0.8043212890625,1.6231689453125,0.477783203125,1.18603515625,1.1165771484375,0.5738525390625,0.7017822265625,1.70361328125,0.8720703125,1.0009765625,0.99755859375,0.670654296875,1.1904296875,1.07568359375,1.043212890625,1.552734375,0.82666015625,0.8863525390625,0.8984375,0.5950927734375,0.60986328125,0.8634033203125,1.37939453125,2.0865478515625,0.551025390625,1.071044921875,1.2674560546875,0.8470458984375,0.588623046875,0.6634521484375,0.7130126953125,0.799072265625,1.2681884765625,0.8338623046875,10.175537109375,1.8973388671875,0.7589111328125,0.5694580078125,0.690673828125,0.4383544921875,12.0426025390625,0.8934326171875,0.9024658203125,1.0870361328125,0.8441162109375,0.578369140625,1.151123046875,0.93408203125,1.458984375,0.8577880859375,0.8048095703125,0.6290283203125,0.5450439453125,0.63916015625,0.75537109375,4.095458984375,1.56005859375,0.5306396484375,0.9852294921875,0.6304931640625,0.686767578125,1.299072265625,1.1251220703125,0.4793701171875,3.250732421875,0.9398193359375,0.51220703125,1.193115234375,1.136962890625,0.4769287109375,0.656494140625,1.1640625,0.8365478515625,0.4970703125,0.745361328125,0.0,0.4666748046875,1.244384765625,0.5560302734375,0.5540771484375,0.47802734375,1.0548095703125,0.427734375,0.55029296875,1.1717529296875,0.6005859375,0.71728515625,1.3302001953125,0.443603515625,0.993896484375,0.8701171875,1.0623779296875,1.1783447265625,0.6500244140625,0.686279296875,1.0731201171875,0.5762939453125,1.075439453125,0.8892822265625,1.5045166015625,0.91748046875,0.5648193359375,0.6826171875,1.703125,0.8814697265625,1.0919189453125,0.5093994140625,0.4825439453125,1.19189453125,0.808349609375,0.791015625,0.38232421875,0.8319091796875,0.81689453125,5.9609375,0.64794921875,0.445068359375,0.725341796875,1.0467529296875,0.541748046875,0.8367919921875,0.5555419921875,0.6123046875,0.598388671875,0.6763916015625,0.6541748046875,1.0677490234375,0.6800537109375,0.9840087890625,0.8343505859375,0.4598388671875,1.12890625,0.954833984375,0.609130859375,1.4715576171875,0.488525390625,0.3236083984375,0.6141357421875,1.5404052734375,0.430908203125,0.69189453125,0.541259765625,0.69873046875,0.802001953125,0.859130859375,0.390869140625,0.6951904296875,0.6888427734375,0.4747314453125,0.9251708984375,0.58349609375,0.9075927734375
ENSG00000167491|chr19:19405761-19406238,0.92578125,0.7523193359375,1.0311279296875,0.5543212890625,0.99560546875,0.492431640625,12.5086669921875,0.7862548828125,0.7838134765625,0.5535888671875,1.4415283203125,0.76123046875,0.514892578125,0.8280029296875,1.3751220703125,0.6695556640625,0.60205078125,0.5057373046875,0.77978515625,0.7568359375,0.527587890625,1.2734375,0.4276123046875,0.85986328125,0.9639892578125,0.9500732421875,1.0787353515625,1.0208740234375,0.47509765625,4.8245849609375,0.749755859375,1.4033203125,0.8795166015625,0.55322265625,1.1920166015625,0.369873046875,0.666015625,0.5772705078125,0.7491455078125,0.8916015625,0.891845703125,0.60009765625,2.0,0.8890380859375,1.3565673828125,1.308349609375,0.627685546875,0.75048828125,1.1885986328125,0.7376708984375,0.7410888671875,1.0894775390625,0.6717529296875,1.2088623046875,1.3360595703125,0.9678955078125,1.5968017578125,0.7366943359375,0.87255859375,1.1119384765625,0.548583984375,0.5382080078125,0.93505859375,1.1820068359375,2.459228515625,0.7855224609375,0.9000244140625,1.196533203125,1.15576171875,0.7264404296875,0.2939453125,0.87060546875,0.8936767578125,1.3515625,0.834228515625,10.7952880859375,1.3994140625,0.6865234375,0.516357421875,0.6915283203125,0.397216796875,10.37744140625,0.6982421875,1.38427734375,0.993896484375,0.908203125,0.6275634765625,0.5826416015625,0.9195556640625,1.0147705078125,1.015625,1.097412109375,0.701171875,0.58837890625,0.7977294921875,0.6146240234375,3.0802001953125,1.8353271484375,0.558349609375,0.776123046875,1.019287109375,0.7156982421875,1.2664794921875,1.20751953125,0.329833984375,2.6080322265625,1.304931640625,1.1368408203125,1.0780029296875,1.2095947265625,0.47021484375,0.8939208984375,1.6060791015625,0.696044921875,0.7205810546875,1.1151123046875,0.4666748046875,0.0,1.0030517578125,0.615966796875,0.79345703125,0.6055908203125,1.25732421875,0.5086669921875,0.3656005859375,1.021240234375,0.6468505859375,0.8365478515625,0.862060546875,0.7376708984375,0.9578857421875,0.9578857421875,1.17724609375,1.001708984375,0.749267578125,0.6400146484375,1.05078125,0.4697265625,0.6717529296875,0.603759765625,1.91943359375,1.4947509765625,0.8310546875,0.4583740234375,1.5125732421875,0.47265625,0.900146484375,0.760498046875,0.530029296875,1.1619873046875,1.3555908203125,0.5692138671875,0.5819091796875,1.00439453125,0.9266357421875,4.4566650390625,0.4329833984375,0.5533447265625,0.6263427734375,1.028564453125,0.6397705078125,0.908935546875,0.45166015625,0.9466552734375,0.6121826171875,0.521728515625,0.59521484375,0.79345703125,0.9697265625,1.126708984375,0.762939453125,0.52197265625,1.0194091796875,0.7554931640625,0.9576416015625,1.678955078125,0.8526611328125,0.339111328125,0.90380859375,2.2119140625,0.5919189453125,1.1197509765625,0.7391357421875,1.0570068359375,1.0167236328125,0.7655029296875,0.4168701171875,0.4658203125,0.802490234375,0.467529296875,0.837158203125,0.7935791015625,0.854736328125
ENSG00000168724|chr5:34929559-34930047,0.8006591796875,0.97509765625,0.744384765625,0.668212890625,1.0994873046875,0.9224853515625,14.999755859375,0.556640625,0.689697265625,0.62109375,0.887939453125,1.2413330078125,0.5347900390625,1.049072265625,0.887939453125,0.98828125,0.9561767578125,1.019287109375,0.7750244140625,0.8675537109375,0.8341064453125,1.2818603515625,0.492919921875,0.6712646484375,0.91259765625,1.05859375,0.99462890625,1.403564453125,0.8314208984375,5.1787109375,0.7081298828125,1.0843505859375,0.712158203125,0.7662353515625,1.328125,0.6212158203125,1.1629638671875,0.57763671875,0.886474609375,0.8973388671875,1.3533935546875,0.9779052734375,2.3045654296875,1.196044921875,1.72314453125,0.9195556640625,0.8355712890625,0.5748291015625,1.286865234375,0.845703125,0.7021484375,0.5654296875,0.676025390625,0.870361328125,1.102783203125,0.67822265625,0.80859375,0.697509765625,0.7642822265625,1.0166015625,0.9613037109375,0.868896484375,1.0062255859375,0.448974609375,1.5489501953125,1.744140625,0.894287109375,0.9940185546875,1.0106201171875,0.727783203125,0.9884033203125,0.9364013671875,1.1240234375,1.1090087890625,0.5325927734375,8.948974609375,1.1512451171875,0.6087646484375,0.5841064453125,1.25634765625,0.8853759765625,11.9163818359375,0.5836181640625,1.2271728515625,1.0596923828125,1.1763916015625,0.79833984375,0.4990234375,1.630859375,0.39892578125,0.9178466796875,0.5533447265625,0.7781982421875,0.5538330078125,0.898193359375,0.522216796875,1.6767578125,1.36865234375,1.0916748046875,0.4476318359375,0.9664306640625,0.928955078125,0.4462890625,0.7977294921875,0.5596923828125,1.13818359375,1.3406982421875,1.1875,0.673828125,0.647705078125,0.5540771484375,0.833251953125,1.681396484375,1.0079345703125,0.95751953125,0.83837890625,1.244384765625,1.0030517578125,0.0,1.2066650390625,1.1143798828125,0.6318359375,1.5638427734375,0.7607421875,0.920166015625,0.5311279296875,0.50927734375,0.724365234375,0.5455322265625,1.040771484375,0.5537109375,0.534912109375,1.2032470703125,0.3931884765625,0.7703857421875,0.5087890625,0.7598876953125,1.0052490234375,0.310302734375,0.6029052734375,2.5230712890625,1.439697265625,1.0775146484375,0.4521484375,1.007080078125,0.9156494140625,0.9561767578125,0.9984130859375,0.8526611328125,0.791015625,1.184326171875,0.6162109375,0.594970703125,0.8099365234375,0.780029296875,5.71240234375,0.73828125,1.0126953125,0.51708984375,0.5235595703125,0.992919921875,0.7362060546875,0.9149169921875,1.002685546875,0.799072265625,0.8287353515625,0.8887939453125,0.3177490234375,1.0374755859375,0.7318115234375,0.7320556640625,1.2725830078125,1.215576171875,0.57763671875,0.813720703125,1.7318115234375,0.803955078125,0.7674560546875,1.4505615234375,2.3973388671875,0.948486328125,0.8779296875,1.2353515625,0.916748046875,0.949462890625,0.499267578125,0.462158203125,0.8580322265625,0.8846435546875,0.9678955078125,0.4117431640625,0.86083984375,0.8336181640625
ENSG00000168779|chr3:158105681-158105761,0.90087890625,0.4417724609375,0.4366455078125,0.4610595703125,1.38818359375,0.3037109375,11.2735595703125,0.8052978515625,0.4302978515625,0.4403076171875,1.3233642578125,0.675537109375,0.365966796875,0.5379638671875,0.7174072265625,0.2821044921875,0.34765625,0.2296142578125,0.3369140625,0.339599609375,0.529052734375,0.655029296875,0.7550048828125,0.942626953125,0.3748779296875,0.5062255859375,0.5567626953125,0.3553466796875,0.23828125,5.9603271484375,0.327880859375,1.1484375,0.7281494140625,0.555908203125,1.0872802734375,0.4248046875,0.728759765625,0.4801025390625,0.4539794921875,0.396240234375,0.4375,0.30078125,0.7119140625,0.6170654296875,1.9735107421875,1.1279296875,0.422119140625,0.51953125,1.2806396484375,0.3582763671875,0.4237060546875,0.6390380859375,0.5364990234375,0.6307373046875,0.6868896484375,1.3775634765625,1.6138916015625,0.3148193359375,0.3720703125,0.4786376953125,0.403564453125,0.4329833984375,0.421142578125,0.9483642578125,2.29052734375,0.8131103515625,0.3883056640625,0.42333984375,0.733154296875,0.3450927734375,0.33349609375,0.542724609375,0.3963623046875,1.3134765625,0.44775390625,10.1597900390625,1.09765625,0.4267578125,0.7705078125,0.0811767578125,0.344970703125,10.056640625,0.35107421875,0.81201171875,0.540283203125,0.71044921875,0.3565673828125,0.9168701171875,0.2742919921875,1.2540283203125,0.59375,0.77001953125,0.235595703125,0.31396484375,0.3580322265625,1.1361083984375,3.3624267578125,0.7901611328125,0.255615234375,0.6337890625,0.96337890625,0.5306396484375,1.7061767578125,0.634521484375,0.43408203125,3.0889892578125,1.1083984375,0.8067626953125,0.6258544921875,0.9769287109375,0.532470703125,0.8013916015625,1.1075439453125,0.20556640625,0.3704833984375,0.4954833984375,0.5560302734375,0.615966796875,1.2066650390625,0.0,0.4228515625,0.3948974609375,0.375244140625,0.3360595703125,0.2862548828125,0.91650390625,0.6773681640625,0.5892333984375,0.934814453125,0.2342529296875,0.7496337890625,0.5745849609375,0.834716796875,1.220703125,0.718994140625,0.9051513671875,0.6474609375,0.4677734375,0.9442138671875,0.605224609375,0.818359375,0.7840576171875,0.256103515625,0.6524658203125,1.0179443359375,1.079345703125,1.04931640625,0.26171875,0.38037109375,1.7376708984375,0.8582763671875,0.5142822265625,0.4620361328125,0.431884765625,0.6842041015625,5.6219482421875,0.6722412109375,0.2510986328125,0.6485595703125,1.079345703125,0.3121337890625,0.48193359375,0.1953125,0.6070556640625,0.5635986328125,0.193115234375,0.52001953125,1.318115234375,0.42919921875,1.0771484375,0.7939453125,0.086669921875,0.5018310546875,0.6429443359375,0.4674072265625,1.92724609375,0.6270751953125,0.25537109375,1.0595703125,1.3642578125,0.3372802734375,0.7989501953125,0.4703369140625,0.8013916015625,0.4525146484375,0.6556396484375,0.3995361328125,0.81005859375,0.299072265625,0.434814453125,0.5615234375,0.3695068359375,0.51513671875
ENSG00000169297|chrX:30308627-30309361,0.446044921875,0.1712646484375,0.3973388671875,0.3797607421875,0.706787109375,0.361083984375,14.1365966796875,0.6151123046875,0.3199462890625,0.6356201171875,0.8082275390625,0.66015625,0.48486328125,0.4022216796875,0.4439697265625,0.3138427734375,0.22509765625,0.3148193359375,0.5654296875,0.593017578125,0.35009765625,0.314208984375,0.7579345703125,0.502685546875,0.2999267578125,0.3299560546875,0.3299560546875,0.2274169921875,0.26611328125,7.4046630859375,0.56689453125,0.49609375,0.4471435546875,0.508056640625,0.7095947265625,0.358154296875,0.30078125,0.4649658203125,0.5843505859375,0.159423828125,0.142822265625,0.6796875,0.78955078125,0.2281494140625,1.4666748046875,0.499267578125,0.1611328125,0.602783203125,1.7833251953125,0.7159423828125,0.7969970703125,0.6651611328125,0.3421630859375,0.7103271484375,0.3492431640625,1.2471923828125,0.8072509765625,0.6688232421875,0.4951171875,0.2481689453125,0.594482421875,0.3416748046875,0.23681640625,1.0804443359375,1.9970703125,0.6131591796875,0.6788330078125,0.9140625,0.290283203125,0.1610107421875,0.614013671875,0.273681640625,0.2745361328125,0.80078125,0.41748046875,10.9940185546875,1.91845703125,0.476318359375,0.7822265625,0.4132080078125,0.296630859375,13.430908203125,0.462890625,0.288818359375,0.96630859375,0.786376953125,0.3101806640625,1.0020751953125,0.4107666015625,1.5228271484375,0.214111328125,0.54736328125,0.263671875,0.24072265625,0.2664794921875,0.8360595703125,3.6412353515625,0.9869384765625,0.24365234375,0.612060546875,0.399169921875,0.3992919921875,1.5216064453125,0.431884765625,0.352294921875,2.8619384765625,0.36865234375,0.4854736328125,1.0745849609375,0.5452880859375,0.626708984375,0.4278564453125,0.4166259765625,0.4501953125,0.2178955078125,0.3084716796875,0.5540771484375,0.79345703125,1.1143798828125,0.4228515625,0.0,0.3397216796875,0.403564453125,0.2025146484375,0.3399658203125,0.528564453125,0.3463134765625,0.2188720703125,0.81884765625,0.1693115234375,0.5216064453125,0.5679931640625,0.375244140625,1.157958984375,0.29248046875,0.6202392578125,0.357666015625,0.31298828125,0.9989013671875,0.88330078125,0.643798828125,0.4332275390625,0.178955078125,0.5472412109375,1.3934326171875,1.297607421875,0.743896484375,0.23681640625,0.270263671875,1.2142333984375,0.3966064453125,0.4344482421875,0.2581787109375,0.3828125,0.2860107421875,7.6126708984375,0.6905517578125,0.1575927734375,0.4490966796875,1.1484375,0.2347412109375,0.924072265625,0.3837890625,0.2174072265625,0.2760009765625,0.441162109375,0.590576171875,0.965576171875,0.14013671875,1.1474609375,0.457275390625,0.434326171875,0.5731201171875,0.5516357421875,0.3770751953125,0.845458984375,0.2755126953125,0.431640625,0.4951171875,0.65966796875,0.1561279296875,0.3192138671875,0.2159423828125,0.2642822265625,0.1795654296875,0.9420166015625,0.4212646484375,0.86572265625,0.34521484375,0.577392578125,0.506591796875,0.1610107421875,0.415283203125
ENSG00000169375|chr15:75455340-75455817,0.5179443359375,0.17578125,0.190185546875,0.263671875,0.7608642578125,0.1602783203125,13.269775390625,0.5966796875,0.141357421875,0.3505859375,0.804443359375,0.4903564453125,0.1724853515625,0.24072265625,0.32373046875,0.376953125,0.2474365234375,0.14697265625,0.3577880859375,0.2410888671875,0.2010498046875,0.4783935546875,0.49658203125,0.3458251953125,0.320556640625,0.467041015625,0.251953125,0.35302734375,0.2359619140625,6.282470703125,0.3050537109375,0.8331298828125,0.193359375,0.3331298828125,0.56884765625,0.2615966796875,0.3795166015625,0.192138671875,0.19091796875,0.2254638671875,0.4332275390625,0.4573974609375,0.9141845703125,0.421142578125,1.429443359375,0.5841064453125,0.1968994140625,0.4637451171875,1.3544921875,0.349609375,0.3388671875,0.228515625,0.189697265625,0.29443359375,0.412109375,0.879638671875,0.70849609375,0.252685546875,0.2552490234375,0.26025390625,0.2972412109375,0.340087890625,0.2362060546875,0.435546875,1.8441162109375,0.98876953125,0.298583984375,0.5301513671875,0.4310302734375,0.189697265625,0.4752197265625,0.2017822265625,0.290771484375,0.6348876953125,0.1939697265625,10.423583984375,0.9959716796875,0.1827392578125,0.4512939453125,0.330810546875,0.3553466796875,11.5321044921875,0.2938232421875,0.5745849609375,0.5223388671875,0.3560791015625,0.24755859375,0.759765625,0.496337890625,0.7060546875,0.3096923828125,0.2178955078125,0.1422119140625,0.1363525390625,0.08447265625,0.480712890625,2.70947265625,0.59326171875,0.2510986328125,0.5318603515625,0.5841064453125,0.229248046875,0.851318359375,0.3753662109375,0.1622314453125,1.8271484375,0.6256103515625,0.553466796875,0.45654296875,0.4501953125,0.3223876953125,0.27197265625,0.683349609375,0.2777099609375,0.2666015625,0.304443359375,0.47802734375,0.6055908203125,0.6318359375,0.3948974609375,0.3397216796875,0.0,0.4454345703125,0.21533203125,0.275146484375,0.3140869140625,0.22021484375,0.173583984375,0.5850830078125,0.205810546875,0.304931640625,0.343994140625,0.4351806640625,0.6121826171875,0.2515869140625,0.3701171875,0.2806396484375,0.3084716796875,0.533447265625,0.3255615234375,0.9639892578125,0.750244140625,0.2762451171875,0.225341796875,0.65380859375,0.7664794921875,0.4608154296875,0.2952880859375,0.3280029296875,0.7490234375,0.618896484375,0.319091796875,0.120361328125,0.2393798828125,0.402099609375,6.0576171875,0.351318359375,0.3330078125,0.22021484375,0.7999267578125,0.24267578125,0.3905029296875,0.2108154296875,0.271484375,0.19384765625,0.2427978515625,0.3179931640625,0.6527099609375,0.3394775390625,0.6163330078125,0.4659423828125,0.4532470703125,0.347412109375,0.601806640625,0.191162109375,1.1817626953125,0.285888671875,0.2572021484375,0.6929931640625,1.1976318359375,0.2216796875,0.4560546875,0.484130859375,0.37646484375,0.219970703125,0.410400390625,0.190185546875,0.5426025390625,0.1646728515625,0.4486083984375,0.2642822265625,0.161376953125,0.2105712890625
ENSG00000169946|chr8:105318480-105318968,1.1669921875,0.3917236328125,0.2794189453125,0.6268310546875,1.598388671875,0.49072265625,12.9993896484375,1.2113037109375,0.4613037109375,0.7701416015625,1.3543701171875,0.778076171875,0.56005859375,0.4520263671875,0.3900146484375,0.4981689453125,0.353759765625,0.3634033203125,0.490478515625,0.43603515625,0.71728515625,0.47119140625,1.2579345703125,1.066650390625,0.3480224609375,0.5765380859375,0.3590087890625,0.1610107421875,0.55322265625,8.1168212890625,0.480712890625,1.117431640625,0.5921630859375,0.664306640625,1.1964111328125,0.802734375,0.70751953125,0.8157958984375,0.5323486328125,0.30126953125,0.33642578125,0.59375,0.22998046875,0.7091064453125,2.6195068359375,1.01806640625,0.396728515625,0.973388671875,2.0045166015625,0.6072998046875,0.6280517578125,0.5797119140625,0.6585693359375,0.3919677734375,0.3697509765625,1.8404541015625,1.2911376953125,0.5035400390625,0.349853515625,0.2579345703125,0.620361328125,0.5780029296875,0.25732421875,1.0223388671875,2.42724609375,1.2647705078125,0.3682861328125,0.480712890625,0.614013671875,0.3753662109375,0.8046875,0.314697265625,0.3255615234375,1.25,0.565185546875,11.2108154296875,1.46484375,0.58544921875,1.336181640625,0.2320556640625,0.6884765625,12.1689453125,0.492919921875,0.678466796875,0.65234375,0.73681640625,0.5601806640625,1.4708251953125,0.1815185546875,1.6407470703125,0.481689453125,0.711181640625,0.254150390625,0.42724609375,0.2696533203125,1.4591064453125,3.4879150390625,0.4639892578125,0.420166015625,0.975830078125,1.134765625,0.5062255859375,2.0814208984375,0.49169921875,0.6796875,3.1783447265625,0.96826171875,0.9317626953125,0.7977294921875,0.7623291015625,1.0341796875,0.8873291015625,0.6585693359375,0.220703125,0.5067138671875,0.4727783203125,1.0548095703125,1.25732421875,1.5638427734375,0.375244140625,0.403564453125,0.4454345703125,0.0,0.5028076171875,0.5362548828125,0.78857421875,0.7913818359375,0.4923095703125,1.1513671875,0.2945556640625,0.7689208984375,0.6944580078125,0.596923828125,1.403076171875,0.681396484375,1.2239990234375,0.459228515625,0.623046875,1.3179931640625,0.90185546875,0.226806640625,0.7054443359375,0.296630859375,0.9383544921875,0.9666748046875,1.672607421875,1.144775390625,0.38671875,0.57080078125,1.9156494140625,0.8853759765625,0.7103271484375,0.6424560546875,0.3828125,0.6917724609375,7.6080322265625,0.9261474609375,0.5003662109375,0.7894287109375,1.718994140625,0.4019775390625,0.818115234375,0.435791015625,0.4805908203125,0.6390380859375,0.439697265625,0.820068359375,1.65380859375,0.3994140625,1.284912109375,1.013916015625,0.486328125,0.3424072265625,0.8853759765625,0.4403076171875,1.65283203125,0.7047119140625,0.6962890625,1.250732421875,1.053466796875,0.3765869140625,0.8341064453125,0.6458740234375,0.7755126953125,0.2127685546875,1.0623779296875,0.7769775390625,1.2880859375,0.222412109375,0.78369140625,0.709228515625,0.2957763671875,0.39404296875
ENSG00000169957|chr16:30526290-30526578,0.3641357421875,0.174072265625,0.31298828125,0.258544921875,0.5384521484375,0.2235107421875,13.803955078125,0.388427734375,0.235107421875,0.386962890625,0.705078125,0.5655517578125,0.2608642578125,0.360107421875,0.417724609375,0.227783203125,0.1741943359375,0.247314453125,0.4024658203125,0.4005126953125,0.2459716796875,0.3829345703125,0.43017578125,0.3441162109375,0.331298828125,0.309814453125,0.3642578125,0.3779296875,0.1966552734375,6.283447265625,0.4761962890625,0.4827880859375,0.298095703125,0.3294677734375,0.58349609375,0.1473388671875,0.3145751953125,0.27392578125,0.433349609375,0.2032470703125,0.3458251953125,0.5172119140625,1.0548095703125,0.26123046875,1.212646484375,0.4156494140625,0.1153564453125,0.4417724609375,1.391845703125,0.488525390625,0.576904296875,0.479248046875,0.234619140625,0.593994140625,0.39306640625,0.91162109375,0.707763671875,0.462158203125,0.3966064453125,0.27685546875,0.3929443359375,0.263671875,0.2708740234375,0.791015625,1.6822509765625,0.65234375,0.5322265625,0.7413330078125,0.2926025390625,0.123291015625,0.4508056640625,0.2916259765625,0.28466796875,0.6993408203125,0.3245849609375,10.414794921875,1.4705810546875,0.2376708984375,0.4732666015625,0.36181640625,0.2379150390625,12.3612060546875,0.3302001953125,0.3780517578125,0.7401123046875,0.6781005859375,0.27392578125,0.640869140625,0.484130859375,0.994140625,0.2359619140625,0.3692626953125,0.1751708984375,0.1246337890625,0.211669921875,0.49267578125,3.00732421875,1.014892578125,0.2386474609375,0.4703369140625,0.3851318359375,0.33203125,0.989990234375,0.3697509765625,0.2254638671875,2.221435546875,0.4620361328125,0.456298828125,0.712646484375,0.41015625,0.3118896484375,0.31005859375,0.5859375,0.3267822265625,0.177978515625,0.26318359375,0.427734375,0.5086669921875,0.7607421875,0.3360595703125,0.2025146484375,0.21533203125,0.5028076171875,0.0,0.2900390625,0.4390869140625,0.200927734375,0.181884765625,0.5487060546875,0.193359375,0.319091796875,0.349853515625,0.4981689453125,0.6951904296875,0.2305908203125,0.35888671875,0.3138427734375,0.2371826171875,0.591064453125,0.4798583984375,0.9927978515625,0.569091796875,0.2015380859375,0.29052734375,1.094482421875,0.9261474609375,0.5606689453125,0.1942138671875,0.1871337890625,0.795654296875,0.419189453125,0.309814453125,0.146240234375,0.3026123046875,0.2275390625,6.661865234375,0.398681640625,0.183837890625,0.33154296875,0.7847900390625,0.201904296875,0.6082763671875,0.2808837890625,0.2216796875,0.2080078125,0.2742919921875,0.4107666015625,0.6290283203125,0.2147216796875,0.8150634765625,0.2969970703125,0.3851318359375,0.517578125,0.404296875,0.272216796875,0.9285888671875,0.219482421875,0.1983642578125,0.4942626953125,0.9610595703125,0.150146484375,0.287841796875,0.218994140625,0.310302734375,0.249755859375,0.579833984375,0.22216796875,0.5594482421875,0.3167724609375,0.3499755859375,0.3214111328125,0.14501953125,0.3319091796875
ENSG00000170631|chr8:144950554-144950820,0.6539306640625,0.34619140625,0.46337890625,0.172607421875,0.9547119140625,0.1927490234375,13.408203125,0.645751953125,0.37353515625,0.292236328125,1.0146484375,0.2681884765625,0.3292236328125,0.322265625,0.646728515625,0.332275390625,0.2581787109375,0.208251953125,0.5662841796875,0.2991943359375,0.2694091796875,0.6148681640625,0.568359375,0.6802978515625,0.40380859375,0.61083984375,0.464111328125,0.305419921875,0.3197021484375,6.391357421875,0.2791748046875,1.0225830078125,0.466552734375,0.2513427734375,0.950927734375,0.2464599609375,0.3341064453125,0.392578125,0.458251953125,0.3272705078125,0.3446044921875,0.4168701171875,1.0147705078125,0.487548828125,1.551513671875,0.8255615234375,0.2532958984375,0.5943603515625,1.201171875,0.4453125,0.376953125,0.677978515625,0.334228515625,0.6162109375,0.716552734375,1.268310546875,1.117431640625,0.341796875,0.4461669921875,0.43505859375,0.4534912109375,0.36181640625,0.2928466796875,0.76220703125,2.6217041015625,0.72021484375,0.39990234375,0.7239990234375,0.6514892578125,0.310546875,0.1839599609375,0.4075927734375,0.25341796875,0.8609619140625,0.3768310546875,11.50439453125,1.1348876953125,0.3011474609375,0.5482177734375,0.245361328125,0.2054443359375,10.7718505859375,0.2996826171875,0.7889404296875,0.8162841796875,0.6287841796875,0.255859375,0.611328125,0.35205078125,1.027099609375,0.4410400390625,0.6951904296875,0.2432861328125,0.2811279296875,0.2900390625,0.75,2.97314453125,1.063232421875,0.1925048828125,0.5054931640625,0.7652587890625,0.285400390625,1.45751953125,0.6219482421875,0.1627197265625,2.45556640625,0.8487548828125,0.939208984375,0.75439453125,0.749267578125,0.5406494140625,0.544189453125,0.937255859375,0.2718505859375,0.3623046875,0.566650390625,0.55029296875,0.3656005859375,0.920166015625,0.2862548828125,0.3399658203125,0.275146484375,0.5362548828125,0.2900390625,0.0,0.5218505859375,0.392578125,0.36328125,0.5377197265625,0.26806640625,0.48583984375,0.627197265625,0.4754638671875,1.0743408203125,0.4117431640625,0.556884765625,0.4656982421875,0.1700439453125,0.684814453125,0.4732666015625,0.9820556640625,0.992431640625,0.3800048828125,0.31494140625,1.017333984375,0.8255615234375,0.5030517578125,0.3697509765625,0.3958740234375,1.140869140625,0.85888671875,0.248291015625,0.30712890625,0.4664306640625,0.59521484375,5.49169921875,0.38671875,0.215087890625,0.28662109375,1.1063232421875,0.216064453125,0.7364501953125,0.1414794921875,0.5224609375,0.21728515625,0.1683349609375,0.3883056640625,0.8472900390625,0.4332275390625,1.1851806640625,0.4134521484375,0.2611083984375,0.354248046875,0.647216796875,0.5517578125,1.2484130859375,0.521484375,0.3072509765625,0.6534423828125,1.2928466796875,0.243896484375,0.769287109375,0.404541015625,0.572021484375,0.376220703125,0.710205078125,0.332763671875,0.5650634765625,0.3426513671875,0.4908447265625,0.4298095703125,0.3193359375,0.3443603515625
ENSG00000171476|chr4:56655786-56656017,0.616455078125,0.4559326171875,0.3206787109375,0.2777099609375,0.84619140625,0.47412109375,16.0819091796875,0.6890869140625,0.3780517578125,0.4920654296875,0.6556396484375,0.53857421875,0.444580078125,0.3614501953125,0.2601318359375,0.6932373046875,0.490966796875,0.5802001953125,0.733642578125,0.459228515625,0.42724609375,0.623291015625,0.7994384765625,0.4326171875,0.5035400390625,0.8084716796875,0.3905029296875,0.5828857421875,0.665771484375,7.3131103515625,0.468017578125,0.790283203125,0.2410888671875,0.40478515625,0.8411865234375,0.516845703125,0.473876953125,0.4713134765625,0.5655517578125,0.331787109375,0.66748046875,0.900390625,1.2705078125,0.7164306640625,1.7384033203125,0.421142578125,0.3369140625,0.76806640625,1.5550537109375,0.6348876953125,0.5526123046875,0.3677978515625,0.3326416015625,0.4376220703125,0.5079345703125,1.1746826171875,0.2677001953125,0.5816650390625,0.4951171875,0.3809814453125,0.718017578125,0.5728759765625,0.326904296875,0.4102783203125,2.082275390625,1.4598388671875,0.5025634765625,0.86279296875,0.489501953125,0.3743896484375,0.79736328125,0.361328125,0.4361572265625,0.514404296875,0.287109375,11.3458251953125,1.287353515625,0.36572265625,0.748046875,0.7933349609375,0.639892578125,12.810546875,0.34130859375,0.65185546875,0.972412109375,0.68994140625,0.4512939453125,0.7188720703125,0.8980712890625,0.7525634765625,0.3193359375,0.27978515625,0.4091796875,0.3349609375,0.3145751953125,0.5848388671875,2.2830810546875,0.8892822265625,0.5888671875,0.55517578125,0.727294921875,0.3673095703125,0.9349365234375,0.325927734375,0.364013671875,1.2916259765625,0.591552734375,1.0506591796875,0.7503662109375,0.3055419921875,0.70849609375,0.4027099609375,0.6959228515625,0.557861328125,0.5811767578125,0.4844970703125,1.1717529296875,1.021240234375,0.5311279296875,0.91650390625,0.528564453125,0.3140869140625,0.78857421875,0.4390869140625,0.5218505859375,0.0,0.2679443359375,0.2093505859375,0.395263671875,0.5631103515625,0.2186279296875,0.5616455078125,0.333740234375,0.637451171875,0.309814453125,0.4129638671875,0.20654296875,0.510498046875,0.5343017578125,0.543701171875,1.2734375,1.0269775390625,0.61962890625,0.2728271484375,0.7664794921875,1.13818359375,0.381103515625,0.658447265625,0.65234375,0.6300048828125,0.8519287109375,0.3468017578125,0.3428955078125,0.390625,0.4249267578125,7.1627197265625,0.5472412109375,0.6453857421875,0.2110595703125,1.077392578125,0.5062255859375,0.9140625,0.5634765625,0.4188232421875,0.2916259765625,0.520751953125,0.57861328125,0.526123046875,0.520263671875,1.000732421875,0.385009765625,1.035400390625,0.5206298828125,0.5814208984375,0.4627685546875,0.94189453125,0.5111083984375,0.7265625,0.92333984375,1.3115234375,0.4991455078125,0.6070556640625,0.7447509765625,0.4732666015625,0.3250732421875,0.7242431640625,0.4564208984375,0.857421875,0.4287109375,0.94921875,0.282470703125,0.3497314453125,0.26904296875
ENSG00000171540|chr5:77638317-77638693,0.2384033203125,0.22216796875,0.368896484375,0.24951171875,0.4510498046875,0.3348388671875,14.894287109375,0.359375,0.2197265625,0.441162109375,0.459716796875,0.6761474609375,0.3409423828125,0.415283203125,0.42041015625,0.4072265625,0.3282470703125,0.391845703125,0.5565185546875,0.5677490234375,0.3011474609375,0.4708251953125,0.3876953125,0.1903076171875,0.396484375,0.417236328125,0.38671875,0.568603515625,0.3358154296875,6.502197265625,0.5599365234375,0.4932861328125,0.20166015625,0.3299560546875,0.54541015625,0.1951904296875,0.3282470703125,0.237060546875,0.5078125,0.2386474609375,0.4923095703125,0.7310791015625,1.4154052734375,0.342041015625,1.022705078125,0.2366943359375,0.2120361328125,0.4913330078125,1.478759765625,0.640625,0.672607421875,0.4296875,0.181396484375,0.641845703125,0.4306640625,0.760009765625,0.404541015625,0.549560546875,0.5186767578125,0.36474609375,0.4996337890625,0.3349609375,0.3560791015625,0.63134765625,1.5325927734375,0.86083984375,0.69873046875,0.9613037109375,0.2808837890625,0.227294921875,0.6461181640625,0.3065185546875,0.4189453125,0.4342041015625,0.2813720703125,10.427490234375,1.5560302734375,0.3038330078125,0.3719482421875,0.66943359375,0.3245849609375,12.9835205078125,0.4061279296875,0.3885498046875,0.9630126953125,0.7357177734375,0.32666015625,0.59716796875,0.849853515625,0.8291015625,0.2457275390625,0.2708740234375,0.3375244140625,0.1888427734375,0.291259765625,0.27978515625,2.71337890625,1.14599609375,0.3826904296875,0.4039306640625,0.2781982421875,0.369140625,0.699951171875,0.4573974609375,0.2149658203125,1.705322265625,0.4041748046875,0.46240234375,0.8349609375,0.312744140625,0.3411865234375,0.1767578125,0.677978515625,0.5838623046875,0.31591796875,0.345458984375,0.6005859375,0.6468505859375,0.50927734375,0.6773681640625,0.3463134765625,0.22021484375,0.7913818359375,0.200927734375,0.392578125,0.2679443359375,0.0,0.146240234375,0.4100341796875,0.346923828125,0.261962890625,0.355712890625,0.5089111328125,0.5435791015625,0.1165771484375,0.25439453125,0.2911376953125,0.3428955078125,0.47705078125,0.5572509765625,1.3489990234375,0.696044921875,0.4119873046875,0.180908203125,1.12109375,0.8348388671875,0.4234619140625,0.2850341796875,0.2818603515625,0.501708984375,0.404541015625,0.265625,0.13720703125,0.3953857421875,0.228515625,6.87841796875,0.427734375,0.372802734375,0.188720703125,0.6353759765625,0.292724609375,0.7989501953125,0.4903564453125,0.232666015625,0.16259765625,0.4864501953125,0.4161376953125,0.3580322265625,0.2894287109375,0.7979736328125,0.2064208984375,0.7291259765625,0.654541015625,0.4580078125,0.332275390625,0.7152099609375,0.186279296875,0.3758544921875,0.4451904296875,1.0218505859375,0.288330078125,0.25341796875,0.420654296875,0.205810546875,0.345947265625,0.585693359375,0.261962890625,0.5758056640625,0.4410400390625,0.4844970703125,0.2850341796875,0.237548828125,0.3861083984375
ENSG00000171574|chr19:58408681-58408946,0.3170166015625,0.161865234375,0.218994140625,0.22314453125,0.5596923828125,0.2786865234375,15.00830078125,0.460205078125,0.16357421875,0.447509765625,0.39501953125,0.5230712890625,0.3629150390625,0.28857421875,0.18408203125,0.392822265625,0.2650146484375,0.31396484375,0.5509033203125,0.4510498046875,0.2552490234375,0.2559814453125,0.634765625,0.3143310546875,0.290283203125,0.402587890625,0.237060546875,0.307861328125,0.3929443359375,7.406494140625,0.4246826171875,0.4925537109375,0.14990234375,0.2969970703125,0.5625,0.2862548828125,0.2508544921875,0.2734375,0.50537109375,0.1270751953125,0.3004150390625,0.6839599609375,1.0091552734375,0.28955078125,1.3876953125,0.2318115234375,0.0928955078125,0.5511474609375,1.687744140625,0.614013671875,0.608642578125,0.35791015625,0.146728515625,0.468505859375,0.28125,0.967529296875,0.386962890625,0.506591796875,0.3988037109375,0.160888671875,0.4952392578125,0.352294921875,0.1715087890625,0.553466796875,1.8189697265625,0.890380859375,0.521728515625,0.8226318359375,0.2310791015625,0.132568359375,0.6470947265625,0.1812744140625,0.21533203125,0.4259033203125,0.2635498046875,11.223388671875,1.4854736328125,0.2425537109375,0.5059814453125,0.50927734375,0.3594970703125,13.3114013671875,0.3680419921875,0.3463134765625,0.8714599609375,0.6654052734375,0.239501953125,0.76416015625,0.5693359375,0.983154296875,0.1209716796875,0.2396240234375,0.2335205078125,0.1929931640625,0.130126953125,0.49267578125,2.88232421875,0.82861328125,0.3448486328125,0.5089111328125,0.3870849609375,0.25048828125,0.974609375,0.2784423828125,0.2581787109375,1.862060546875,0.3297119140625,0.525634765625,0.741455078125,0.29248046875,0.4635009765625,0.171142578125,0.45458984375,0.4351806640625,0.27001953125,0.246826171875,0.71728515625,0.8365478515625,0.724365234375,0.5892333984375,0.2188720703125,0.173583984375,0.4923095703125,0.181884765625,0.36328125,0.2093505859375,0.146240234375,0.0,0.4808349609375,0.216064453125,0.182861328125,0.380126953125,0.2950439453125,0.7547607421875,0.1295166015625,0.36376953125,0.1639404296875,0.2791748046875,0.6044921875,0.6102294921875,0.9241943359375,0.61279296875,0.2852783203125,0.280517578125,1.028564453125,1.1063232421875,0.4049072265625,0.2972412109375,0.3157958984375,0.718017578125,0.36181640625,0.26953125,0.15283203125,0.2921142578125,0.213623046875,7.30419921875,0.48828125,0.30810546875,0.1826171875,0.8990478515625,0.184326171875,0.7476806640625,0.3944091796875,0.17724609375,0.119140625,0.3714599609375,0.4110107421875,0.6011962890625,0.2000732421875,0.8260498046875,0.2401123046875,0.6512451171875,0.433349609375,0.51806640625,0.273681640625,0.6949462890625,0.166015625,0.4437255859375,0.4766845703125,0.8375244140625,0.2275390625,0.2822265625,0.341552734375,0.187255859375,0.135498046875,0.61474609375,0.313720703125,0.7015380859375,0.2821044921875,0.5870361328125,0.2335205078125,0.12060546875,0.2518310546875
ENSG00000171940|chr20:53593340-53593620,0.61669921875,0.6827392578125,0.6383056640625,0.3319091796875,1.101806640625,0.688720703125,15.4451904296875,0.4661865234375,0.6153564453125,0.3760986328125,0.7401123046875,0.858642578125,0.58935546875,0.7579345703125,0.7105712890625,0.5567626953125,0.642333984375,0.7540283203125,0.81640625,0.7109375,0.795166015625,1.04443359375,0.5831298828125,0.59765625,0.6312255859375,0.8978271484375,0.6649169921875,0.9591064453125,0.744384765625,6.2799072265625,0.552978515625,0.933349609375,0.5203857421875,0.479248046875,1.2811279296875,0.369140625,0.79248046875,0.6263427734375,0.8206787109375,0.677978515625,0.9013671875,0.756103515625,1.826171875,0.9608154296875,1.6568603515625,0.6689453125,0.519775390625,0.630859375,1.4154052734375,0.6756591796875,0.7130126953125,0.6676025390625,0.3983154296875,0.8489990234375,0.7806396484375,1.0450439453125,0.7415771484375,0.6378173828125,0.6083984375,0.7244873046875,0.871337890625,0.7647705078125,0.6982421875,0.6390380859375,1.912353515625,1.6204833984375,0.6942138671875,0.975341796875,0.7138671875,0.5157470703125,0.7041015625,0.660400390625,0.6480712890625,0.920166015625,0.478271484375,10.4154052734375,1.25830078125,0.398193359375,0.644775390625,0.8533935546875,0.64697265625,11.587646484375,0.42529296875,0.92724609375,1.06982421875,1.09765625,0.7100830078125,0.3216552734375,1.1043701171875,0.7330322265625,0.608642578125,0.712890625,0.57373046875,0.439697265625,0.6363525390625,0.6834716796875,1.6800537109375,1.5074462890625,0.765869140625,0.44140625,0.86376953125,0.7762451171875,0.9066162109375,0.564697265625,0.427978515625,1.4295654296875,1.10009765625,1.2567138671875,0.7506103515625,0.5123291015625,0.65234375,0.7064208984375,1.2337646484375,0.69482421875,0.6658935546875,0.6583251953125,1.3302001953125,0.862060546875,0.5455322265625,0.934814453125,0.81884765625,0.5850830078125,1.1513671875,0.5487060546875,0.5377197265625,0.395263671875,0.4100341796875,0.4808349609375,0.0,0.8385009765625,0.3990478515625,0.4761962890625,0.79736328125,0.656494140625,0.559326171875,0.4940185546875,0.403564453125,0.6298828125,0.4664306640625,0.63134765625,1.8603515625,1.1783447265625,0.779052734375,0.3211669921875,1.2152099609375,1.0078125,0.666015625,0.761962890625,0.657470703125,0.8692626953125,1.0272216796875,0.3775634765625,0.5638427734375,0.638916015625,0.5211181640625,6.2630615234375,0.8323974609375,0.6737060546875,0.4044189453125,0.732177734375,0.6544189453125,0.925537109375,0.708251953125,0.7423095703125,0.4837646484375,0.57177734375,0.74072265625,0.502197265625,0.771240234375,1.105712890625,0.392333984375,1.010498046875,0.8375244140625,0.5284423828125,0.7623291015625,1.412353515625,0.7633056640625,0.70556640625,1.16943359375,1.661376953125,0.7493896484375,0.8631591796875,0.8526611328125,0.7342529296875,0.6595458984375,0.7989501953125,0.5015869140625,0.87841796875,0.822509765625,0.831298828125,0.26171875,0.6632080078125,0.60986328125
ENSG00000173801|chr17:41785955-41786707,0.5430908203125,0.155517578125,0.288818359375,0.3544921875,0.8597412109375,0.2281494140625,12.839599609375,0.61572265625,0.22412109375,0.52685546875,0.8408203125,0.5281982421875,0.3731689453125,0.306884765625,0.3642578125,0.292724609375,0.2274169921875,0.18212890625,0.4271240234375,0.3873291015625,0.2716064453125,0.2742919921875,0.6962890625,0.5750732421875,0.257080078125,0.359375,0.320556640625,0.16748046875,0.2279052734375,6.75634765625,0.3521728515625,0.7366943359375,0.3994140625,0.4012451171875,0.718505859375,0.3275146484375,0.3682861328125,0.30859375,0.421630859375,0.1414794921875,0.1903076171875,0.4718017578125,0.6900634765625,0.284912109375,1.609619140625,0.5875244140625,0.2017822265625,0.4822998046875,1.57763671875,0.487060546875,0.51171875,0.484130859375,0.2685546875,0.498779296875,0.421630859375,1.209228515625,0.99560546875,0.40283203125,0.3751220703125,0.218994140625,0.3765869140625,0.361328125,0.2098388671875,0.783935546875,2.1143798828125,0.621826171875,0.470947265625,0.6187744140625,0.3577880859375,0.187744140625,0.4920654296875,0.2908935546875,0.179443359375,0.7701416015625,0.3162841796875,10.842041015625,1.4156494140625,0.3009033203125,0.6270751953125,0.20947265625,0.2559814453125,12.1387939453125,0.3753662109375,0.4578857421875,0.6978759765625,0.6790771484375,0.217041015625,0.95166015625,0.309814453125,1.25439453125,0.2884521484375,0.4105224609375,0.1737060546875,0.2105712890625,0.14404296875,0.818359375,3.4638671875,0.720458984375,0.1937255859375,0.6024169921875,0.5467529296875,0.27734375,1.4208984375,0.4742431640625,0.3153076171875,2.697998046875,0.5770263671875,0.48876953125,0.695556640625,0.616943359375,0.4654541015625,0.37646484375,0.629638671875,0.2894287109375,0.216796875,0.279052734375,0.443603515625,0.7376708984375,1.040771484375,0.2342529296875,0.1693115234375,0.205810546875,0.2945556640625,0.193359375,0.26806640625,0.5631103515625,0.346923828125,0.216064453125,0.8385009765625,0.0,0.4462890625,0.481689453125,0.4815673828125,1.0670166015625,0.3133544921875,0.630615234375,0.3834228515625,0.2720947265625,0.854248046875,0.6361083984375,0.6519775390625,0.57958984375,0.1502685546875,0.459716796875,1.079833984375,1.1217041015625,0.6912841796875,0.1602783203125,0.2540283203125,1.221923828125,0.427734375,0.333740234375,0.2265625,0.3328857421875,0.409423828125,6.670654296875,0.51513671875,0.1826171875,0.41455078125,1.0509033203125,0.147705078125,0.5921630859375,0.2437744140625,0.2919921875,0.259765625,0.2742919921875,0.4508056640625,1.0313720703125,0.1632080078125,0.9422607421875,0.5093994140625,0.2615966796875,0.392822265625,0.6044921875,0.287109375,1.1397705078125,0.2783203125,0.2757568359375,0.5948486328125,0.8883056640625,0.1494140625,0.42626953125,0.26171875,0.364501953125,0.181884765625,0.64306640625,0.322265625,0.7596435546875,0.1947021484375,0.4317626953125,0.4136962890625,0.15283203125,0.3297119140625
ENSG00000174446|chr15:66497410-66497777,0.4786376953125,0.458740234375,0.279541015625,0.3271484375,0.7012939453125,0.3897705078125,14.9638671875,0.5712890625,0.365966796875,0.482421875,0.502685546875,0.5504150390625,0.3323974609375,0.359619140625,0.27392578125,0.63916015625,0.4471435546875,0.522216796875,0.6422119140625,0.4840087890625,0.3822021484375,0.5755615234375,0.62548828125,0.4615478515625,0.47265625,0.5869140625,0.44091796875,0.525146484375,0.5994873046875,6.84912109375,0.4525146484375,0.6346435546875,0.2724609375,0.2977294921875,0.801025390625,0.4044189453125,0.4708251953125,0.368896484375,0.61767578125,0.2923583984375,0.6373291015625,0.7862548828125,1.4200439453125,0.54443359375,1.6220703125,0.3831787109375,0.3001708984375,0.5638427734375,1.71875,0.710693359375,0.54150390625,0.36572265625,0.20458984375,0.505615234375,0.49951171875,1.068115234375,0.467041015625,0.49462890625,0.4390869140625,0.315185546875,0.6004638671875,0.485107421875,0.3338623046875,0.47705078125,2.0093994140625,1.310546875,0.536376953125,0.8023681640625,0.4244384765625,0.324951171875,0.7879638671875,0.3736572265625,0.393798828125,0.4163818359375,0.3646240234375,10.939453125,1.3104248046875,0.2828369140625,0.5423583984375,0.68017578125,0.5030517578125,12.7720947265625,0.4364013671875,0.6195068359375,0.8880615234375,0.8570556640625,0.3291015625,0.623779296875,0.848876953125,0.794677734375,0.3182373046875,0.2593994140625,0.3914794921875,0.2947998046875,0.296630859375,0.50146484375,2.316162109375,0.878173828125,0.5723876953125,0.4732666015625,0.6324462890625,0.31005859375,0.758544921875,0.4456787109375,0.3692626953125,1.3271484375,0.6468505859375,0.85986328125,0.649658203125,0.40673828125,0.4627685546875,0.247314453125,0.79052734375,0.5186767578125,0.505859375,0.4072265625,0.993896484375,0.9578857421875,0.5537109375,0.7496337890625,0.5216064453125,0.304931640625,0.7689208984375,0.319091796875,0.48583984375,0.2186279296875,0.261962890625,0.182861328125,0.3990478515625,0.4462890625,0.0,0.429443359375,0.5245361328125,0.6072998046875,0.2518310546875,0.43310546875,0.2144775390625,0.4456787109375,0.48193359375,0.5709228515625,1.3062744140625,1.00927734375,0.5474853515625,0.267578125,0.951171875,1.0894775390625,0.3680419921875,0.5147705078125,0.5072021484375,0.715087890625,0.5888671875,0.313720703125,0.3291015625,0.4376220703125,0.358154296875,6.982666015625,0.48193359375,0.56591796875,0.23193359375,0.8541259765625,0.377197265625,0.7105712890625,0.5084228515625,0.4599609375,0.264892578125,0.4986572265625,0.5145263671875,0.4808349609375,0.4713134765625,0.8558349609375,0.3634033203125,0.8861083984375,0.572021484375,0.480712890625,0.460205078125,0.9527587890625,0.372802734375,0.5833740234375,0.7647705078125,1.2772216796875,0.45849609375,0.47802734375,0.57275390625,0.459228515625,0.314697265625,0.504150390625,0.42138671875,0.9215087890625,0.4373779296875,0.6815185546875,0.2071533203125,0.33984375,0.3096923828125
ENSG00000175329|chr22:35066158-35066389,0.5174560546875,0.415283203125,0.27294921875,0.477783203125,1.0699462890625,0.5152587890625,13.700439453125,0.4345703125,0.312744140625,0.469970703125,0.6943359375,1.1114501953125,0.3570556640625,0.714599609375,0.45361328125,0.318603515625,0.4354248046875,0.5263671875,0.2633056640625,0.5377197265625,0.7269287109375,0.7017822265625,0.455322265625,0.4295654296875,0.33349609375,0.4677734375,0.368896484375,0.704833984375,0.3956298828125,5.854248046875,0.4700927734375,0.7354736328125,0.395263671875,0.6383056640625,1.02880859375,0.3128662109375,0.8585205078125,0.390869140625,0.4599609375,0.4483642578125,0.6488037109375,0.4871826171875,1.1719970703125,0.671875,1.718017578125,0.6082763671875,0.3631591796875,0.3255615234375,1.41796875,0.494873046875,0.58837890625,0.25244140625,0.364501953125,0.557373046875,0.376708984375,0.704833984375,0.827392578125,0.36083984375,0.3223876953125,0.400390625,0.6099853515625,0.57373046875,0.5352783203125,0.57373046875,1.1212158203125,1.359130859375,0.51220703125,0.4815673828125,0.5028076171875,0.216064453125,0.7830810546875,0.4166259765625,0.591552734375,1.0238037109375,0.3072509765625,8.303466796875,1.1490478515625,0.3416748046875,0.5845947265625,0.565185546875,0.6348876953125,12.1966552734375,0.3568115234375,0.5731201171875,0.5709228515625,0.7615966796875,0.559326171875,0.6982421875,0.906982421875,0.693115234375,0.4393310546875,0.3514404296875,0.2840576171875,0.2103271484375,0.4287109375,0.717041015625,1.99658203125,0.8154296875,0.5592041015625,0.4222412109375,0.6085205078125,0.752197265625,0.7353515625,0.3009033203125,0.3804931640625,1.764892578125,0.9244384765625,0.5576171875,0.42236328125,0.41455078125,0.4271240234375,0.602783203125,0.986083984375,0.4798583984375,0.364990234375,0.1943359375,0.8701171875,0.9578857421875,0.534912109375,0.5745849609375,0.5679931640625,0.343994140625,0.6944580078125,0.349853515625,0.627197265625,0.5616455078125,0.355712890625,0.380126953125,0.4761962890625,0.481689453125,0.429443359375,0.0,0.7847900390625,0.4547119140625,0.5177001953125,0.48974609375,0.3048095703125,0.7242431640625,0.573974609375,0.5980224609375,1.4102783203125,0.52099609375,0.3543701171875,0.5107421875,0.870849609375,1.1070556640625,0.9732666015625,0.3829345703125,0.4332275390625,0.975830078125,0.515380859375,0.5556640625,0.35693359375,0.2882080078125,0.3330078125,6.648193359375,0.8076171875,0.501220703125,0.476318359375,0.3978271484375,0.540771484375,0.3958740234375,0.5103759765625,0.435302734375,0.53369140625,0.4564208984375,0.6031494140625,0.6922607421875,0.4520263671875,0.5360107421875,0.5858154296875,0.6802978515625,0.806640625,0.382080078125,0.28955078125,1.6304931640625,0.364501953125,0.4527587890625,1.1348876953125,1.4180908203125,0.5546875,0.4267578125,0.780517578125,0.47607421875,0.406005859375,0.52490234375,0.324462890625,0.9813232421875,0.4461669921875,0.6207275390625,0.2286376953125,0.354736328125,0.4898681640625
ENSG00000177374|chr17:2055106-2055552,0.74072265625,0.4229736328125,0.4366455078125,0.3829345703125,0.91455078125,0.4755859375,16.5980224609375,0.9864501953125,0.4583740234375,0.7164306640625,0.9307861328125,0.443115234375,0.716796875,0.3199462890625,0.3551025390625,0.6485595703125,0.418701171875,0.5562744140625,0.92431640625,0.44921875,0.42529296875,0.5029296875,1.2384033203125,0.59375,0.5194091796875,0.9112548828125,0.2708740234375,0.3126220703125,0.710205078125,8.6290283203125,0.61279296875,0.9111328125,0.3543701171875,0.62109375,0.9251708984375,0.651611328125,0.297119140625,0.7191162109375,0.5999755859375,0.31884765625,0.46337890625,1.128662109375,0.810302734375,0.6051025390625,1.9617919921875,0.5849609375,0.302490234375,1.097900390625,1.6907958984375,0.7540283203125,0.7716064453125,0.6590576171875,0.5352783203125,0.5728759765625,0.5355224609375,1.6588134765625,0.6163330078125,0.8052978515625,0.660400390625,0.3577880859375,0.96337890625,0.7010498046875,0.268310546875,0.9185791015625,2.69873046875,1.2786865234375,0.6368408203125,1.09765625,0.6123046875,0.3802490234375,0.847412109375,0.3642578125,0.2911376953125,0.68408203125,0.453369140625,12.6768798828125,1.61572265625,0.55517578125,1.108642578125,0.6883544921875,0.768798828125,13.6669921875,0.561279296875,0.55517578125,1.322998046875,0.658447265625,0.5025634765625,1.3040771484375,0.6727294921875,1.3809814453125,0.24658203125,0.586669921875,0.4111328125,0.50048828125,0.3529052734375,0.9918212890625,3.3631591796875,0.9063720703125,0.435302734375,0.974365234375,0.88671875,0.3675537109375,1.6949462890625,0.399658203125,0.52392578125,2.2794189453125,0.526611328125,1.1229248046875,1.1336669921875,0.4932861328125,1.124755859375,0.5118408203125,0.4251708984375,0.5908203125,0.4732666015625,0.5186767578125,1.0623779296875,1.17724609375,1.2032470703125,0.834716796875,0.375244140625,0.4351806640625,0.596923828125,0.4981689453125,0.4754638671875,0.333740234375,0.5089111328125,0.2950439453125,0.79736328125,0.4815673828125,0.5245361328125,0.7847900390625,0.0,1.3359375,0.453369140625,0.6422119140625,0.30810546875,0.417724609375,1.1434326171875,0.953857421875,0.790283203125,0.9405517578125,0.521240234375,0.6451416015625,1.0128173828125,1.68212890625,0.498046875,0.66015625,0.831298828125,1.0445556640625,0.7781982421875,0.5655517578125,0.4237060546875,0.371337890625,0.6392822265625,7.8265380859375,0.7816162109375,0.5416259765625,0.4495849609375,1.658203125,0.5252685546875,1.2802734375,0.46875,0.3260498046875,0.2901611328125,0.524658203125,0.66650390625,1.07373046875,0.480712890625,1.57861328125,0.49658203125,0.9052734375,0.4993896484375,0.9815673828125,0.5223388671875,0.917724609375,0.5047607421875,0.906982421875,0.768798828125,0.865234375,0.4744873046875,0.6981201171875,0.6522216796875,0.4173583984375,0.2681884765625,1.2611083984375,0.7203369140625,1.205322265625,0.448974609375,1.27734375,0.592041015625,0.3070068359375,0.341796875
ENSG00000177494|chr3:111594890-111595314,0.889892578125,0.9356689453125,0.6798095703125,0.8465576171875,1.218505859375,0.912109375,14.4205322265625,0.8353271484375,0.7716064453125,0.7532958984375,1.0452880859375,1.475830078125,0.568603515625,1.1029052734375,0.8758544921875,0.8812255859375,0.8291015625,0.9844970703125,0.570068359375,0.945556640625,0.9794921875,1.38720703125,0.4969482421875,0.59619140625,0.9442138671875,0.9107666015625,0.8304443359375,1.4180908203125,0.8232421875,5.2225341796875,0.892333984375,1.10400390625,0.6131591796875,0.843505859375,1.3382568359375,0.647705078125,1.247314453125,0.6644287109375,0.7523193359375,0.9296875,1.35205078125,0.872802734375,2.15966796875,1.2362060546875,1.8629150390625,0.95947265625,0.756591796875,0.724365234375,1.7279052734375,0.8875732421875,0.8104248046875,0.4307861328125,0.6556396484375,0.8563232421875,0.8895263671875,0.5670166015625,0.7886962890625,0.7127685546875,0.70654296875,0.9591064453125,0.8125,0.8482666015625,1.071533203125,0.6544189453125,1.05419921875,1.9935302734375,0.8629150390625,0.915283203125,0.931640625,0.7083740234375,1.1953125,0.749755859375,1.2137451171875,1.317138671875,0.69140625,8.0521240234375,1.28466796875,0.702880859375,0.678466796875,1.2235107421875,1.02783203125,12.423583984375,0.695556640625,1.22216796875,0.744140625,0.942626953125,0.9886474609375,0.6932373046875,1.6593017578125,0.3880615234375,1.02392578125,0.458740234375,0.7646484375,0.595703125,0.8509521484375,0.5704345703125,1.4403076171875,1.3118896484375,1.18603515625,0.711181640625,1.0263671875,0.9981689453125,0.3480224609375,0.8046875,0.58984375,1.0733642578125,1.351318359375,1.0023193359375,0.6109619140625,0.5833740234375,0.55419921875,0.8951416015625,1.5040283203125,0.89501953125,1.0377197265625,0.7542724609375,1.1783447265625,1.001708984375,0.3931884765625,1.220703125,1.157958984375,0.6121826171875,1.403076171875,0.6951904296875,1.0743408203125,0.637451171875,0.5435791015625,0.7547607421875,0.656494140625,1.0670166015625,0.6072998046875,0.4547119140625,1.3359375,0.0,0.778076171875,0.5782470703125,0.76806640625,1.11083984375,0.4090576171875,0.61181640625,2.278076171875,1.2889404296875,1.031982421875,0.5389404296875,1.0216064453125,0.75341796875,1.1240234375,0.994140625,0.806640625,0.7237548828125,1.2252197265625,0.8717041015625,0.6751708984375,0.7880859375,0.7130126953125,6.2633056640625,0.7579345703125,1.1204833984375,0.6356201171875,0.574951171875,1.0369873046875,0.649658203125,1.003173828125,0.8321533203125,0.8958740234375,0.926025390625,0.883544921875,0.494140625,1.10107421875,0.41748046875,0.97216796875,1.328857421875,1.2967529296875,0.5440673828125,0.6334228515625,1.889404296875,0.7730712890625,0.7744140625,1.61572265625,2.450927734375,1.0101318359375,0.8887939453125,1.3045654296875,1.0269775390625,0.9515380859375,0.4659423828125,0.5389404296875,0.966552734375,0.83642578125,0.81494140625,0.568115234375,0.8187255859375,0.839111328125
ENSG00000177683|chr7:108569393-108569717,0.318603515625,0.2000732421875,0.4102783203125,0.3135986328125,0.41552734375,0.32177734375,14.9237060546875,0.5665283203125,0.2467041015625,0.5650634765625,0.5032958984375,0.612060546875,0.40966796875,0.3189697265625,0.3785400390625,0.5255126953125,0.32275390625,0.3924560546875,0.6591796875,0.60791015625,0.284912109375,0.3671875,0.5086669921875,0.322021484375,0.4571533203125,0.4530029296875,0.3836669921875,0.4310302734375,0.41796875,7.0147705078125,0.63623046875,0.475830078125,0.2012939453125,0.309814453125,0.4822998046875,0.306396484375,0.20654296875,0.3421630859375,0.5892333984375,0.208251953125,0.42333984375,0.848388671875,1.326904296875,0.2633056640625,1.0718994140625,0.2880859375,0.204833984375,0.6708984375,1.8739013671875,0.8482666015625,0.7860107421875,0.5452880859375,0.1912841796875,0.6383056640625,0.3912353515625,1.0069580078125,0.4410400390625,0.6951904296875,0.540771484375,0.2982177734375,0.51025390625,0.3070068359375,0.277587890625,0.7808837890625,1.857666015625,0.8680419921875,0.7655029296875,1.058837890625,0.2470703125,0.2652587890625,0.73486328125,0.2646484375,0.3565673828125,0.34521484375,0.39306640625,11.4024658203125,1.810546875,0.37890625,0.499755859375,0.6695556640625,0.3349609375,13.6435546875,0.562255859375,0.371337890625,1.02392578125,0.853759765625,0.3118896484375,0.7593994140625,0.7432861328125,1.1712646484375,0.23583984375,0.34423828125,0.359375,0.255615234375,0.2445068359375,0.3787841796875,3.0733642578125,1.1458740234375,0.404296875,0.5234375,0.331787109375,0.2947998046875,0.9346923828125,0.533447265625,0.27685546875,1.9630126953125,0.328125,0.5015869140625,0.9693603515625,0.4141845703125,0.4375,0.1312255859375,0.5277099609375,0.602294921875,0.3570556640625,0.3829345703125,0.6500244140625,0.749267578125,0.7703857421875,0.718994140625,0.29248046875,0.2515869140625,0.681396484375,0.2305908203125,0.4117431640625,0.309814453125,0.1165771484375,0.1295166015625,0.559326171875,0.3133544921875,0.2518310546875,0.5177001953125,0.453369140625,0.778076171875,0.0,0.4190673828125,0.263916015625,0.289794921875,0.6861572265625,0.70849609375,1.070556640625,0.7159423828125,0.4169921875,0.2723388671875,1.2657470703125,1.006591796875,0.386962890625,0.33154296875,0.29931640625,0.6651611328125,0.3909912109375,0.3155517578125,0.2083740234375,0.483154296875,0.2579345703125,7.5367431640625,0.4351806640625,0.3839111328125,0.2381591796875,0.970947265625,0.2784423828125,0.914306640625,0.5166015625,0.2515869140625,0.1824951171875,0.54541015625,0.5234375,0.5546875,0.278076171875,0.96044921875,0.307861328125,0.76318359375,0.5946044921875,0.5916748046875,0.4481201171875,0.54052734375,0.2642822265625,0.464599609375,0.376708984375,0.871826171875,0.2620849609375,0.2586669921875,0.2991943359375,0.2562255859375,0.2674560546875,0.7286376953125,0.4075927734375,0.742431640625,0.433349609375,0.533935546875,0.397705078125,0.2344970703125,0.363525390625
ENSG00000178177|chr4:18021653-18021923,0.3397216796875,0.490478515625,0.59912109375,0.394775390625,0.5501708984375,0.4471435546875,15.173583984375,0.458740234375,0.441650390625,0.378662109375,0.766845703125,0.7606201171875,0.4920654296875,0.64208984375,0.701416015625,0.634033203125,0.5679931640625,0.593505859375,0.8021240234375,0.6024169921875,0.4139404296875,0.8511962890625,0.481689453125,0.2681884765625,0.71533203125,0.831787109375,0.578857421875,0.90576171875,0.5350341796875,5.897216796875,0.7242431640625,0.7552490234375,0.38623046875,0.5775146484375,0.675048828125,0.2672119140625,0.5396728515625,0.319580078125,0.618896484375,0.5860595703125,0.8551025390625,1.0272216796875,1.8304443359375,0.54150390625,0.896728515625,0.4903564453125,0.4227294921875,0.6263427734375,1.19775390625,0.68359375,0.748046875,0.573974609375,0.381591796875,0.872802734375,0.799560546875,0.7568359375,0.58056640625,0.711181640625,0.7891845703125,0.65771484375,0.7347412109375,0.62939453125,0.6138916015625,0.691162109375,1.8189697265625,1.156494140625,0.819091796875,1.1937255859375,0.6297607421875,0.42724609375,0.7452392578125,0.6021728515625,0.64990234375,0.6895751953125,0.3878173828125,10.466552734375,1.4324951171875,0.3927001953125,0.3284912109375,0.923095703125,0.5548095703125,12.5396728515625,0.5726318359375,0.7266845703125,1.2274169921875,0.6881103515625,0.517822265625,0.703857421875,1.214111328125,0.742431640625,0.4796142578125,0.4525146484375,0.5728759765625,0.3629150390625,0.538330078125,0.3740234375,2.646728515625,1.39013671875,0.5418701171875,0.6800537109375,0.4925537109375,0.5693359375,0.6044921875,0.5538330078125,0.3043212890625,1.491943359375,0.6317138671875,0.760986328125,0.911865234375,0.5302734375,0.4351806640625,0.38134765625,0.953369140625,0.8389892578125,0.459716796875,0.5087890625,0.686279296875,0.6400146484375,0.5087890625,0.9051513671875,0.6202392578125,0.3701171875,1.2239990234375,0.35888671875,0.556884765625,0.4129638671875,0.25439453125,0.36376953125,0.4940185546875,0.630615234375,0.43310546875,0.48974609375,0.6422119140625,0.5782470703125,0.4190673828125,0.0,0.5457763671875,0.5303955078125,0.563232421875,0.4781494140625,1.9212646484375,1.02783203125,0.6546630859375,0.287353515625,1.036376953125,0.8162841796875,0.4381103515625,0.6541748046875,0.6060791015625,0.34765625,0.749755859375,0.49267578125,0.264404296875,0.4835205078125,0.47412109375,6.316162109375,0.527099609375,0.562744140625,0.317138671875,0.5875244140625,0.60498046875,0.8450927734375,0.5745849609375,0.53759765625,0.26708984375,0.5269775390625,0.4466552734375,0.4349365234375,0.6502685546875,0.8726806640625,0.2906494140625,0.9237060546875,0.87353515625,0.7294921875,0.49853515625,1.1363525390625,0.359130859375,0.4840087890625,0.6507568359375,1.4786376953125,0.603759765625,0.51708984375,0.749267578125,0.461669921875,0.645751953125,0.643798828125,0.29345703125,0.6217041015625,0.6773681640625,0.7725830078125,0.4144287109375,0.448974609375,0.5050048828125
ENSG00000178229|chr19:57320483-57320614,0.556396484375,0.3026123046875,0.1859130859375,0.2833251953125,0.927001953125,0.4033203125,15.3890380859375,0.6400146484375,0.2825927734375,0.5054931640625,0.5679931640625,0.622802734375,0.38720703125,0.2952880859375,0.1507568359375,0.4146728515625,0.324462890625,0.4356689453125,0.5146484375,0.401123046875,0.499755859375,0.43798828125,0.7750244140625,0.453369140625,0.2728271484375,0.5562744140625,0.2335205078125,0.3489990234375,0.49462890625,7.3514404296875,0.416015625,0.60546875,0.1903076171875,0.39892578125,0.9093017578125,0.4140625,0.429443359375,0.4739990234375,0.4476318359375,0.20458984375,0.412109375,0.674072265625,0.8603515625,0.5411376953125,1.8389892578125,0.361572265625,0.2138671875,0.66259765625,1.6925048828125,0.5574951171875,0.5823974609375,0.3143310546875,0.2481689453125,0.3656005859375,0.2047119140625,1.2113037109375,0.4578857421875,0.4713134765625,0.276611328125,0.1878662109375,0.681396484375,0.5211181640625,0.2255859375,0.5631103515625,1.828125,1.4178466796875,0.4117431640625,0.626708984375,0.37548828125,0.1968994140625,0.746337890625,0.21240234375,0.2723388671875,0.547607421875,0.262939453125,10.7674560546875,1.31640625,0.280029296875,0.847900390625,0.5191650390625,0.587158203125,13.0400390625,0.312255859375,0.392578125,0.787353515625,0.708740234375,0.4293212890625,0.8099365234375,0.6087646484375,1.0135498046875,0.18017578125,0.320068359375,0.253662109375,0.22021484375,0.2010498046875,0.7186279296875,2.3729248046875,0.7003173828125,0.43408203125,0.49169921875,0.6474609375,0.3902587890625,1.0601806640625,0.2001953125,0.38134765625,1.7318115234375,0.565673828125,0.8255615234375,0.6348876953125,0.2518310546875,0.690673828125,0.3892822265625,0.5689697265625,0.353271484375,0.3502197265625,0.2593994140625,1.0731201171875,1.05078125,0.7598876953125,0.6474609375,0.357666015625,0.2806396484375,0.459228515625,0.3138427734375,0.4656982421875,0.20654296875,0.2911376953125,0.1639404296875,0.403564453125,0.3834228515625,0.2144775390625,0.3048095703125,0.30810546875,0.76806640625,0.263916015625,0.5457763671875,0.0,0.48974609375,0.7061767578125,0.6279296875,0.86181640625,0.6568603515625,0.33837890625,0.4027099609375,0.8341064453125,1.345703125,0.54443359375,0.412841796875,0.451171875,0.9388427734375,0.5435791015625,0.3658447265625,0.3131103515625,0.229248046875,0.2818603515625,7.4971923828125,0.7015380859375,0.4774169921875,0.3367919921875,1.0185546875,0.4014892578125,0.765380859375,0.448974609375,0.2564697265625,0.2833251953125,0.412841796875,0.57958984375,0.745849609375,0.31201171875,1.010498046875,0.41357421875,0.791748046875,0.4564208984375,0.4891357421875,0.3494873046875,1.0263671875,0.3936767578125,0.62744140625,0.8828125,0.948974609375,0.3975830078125,0.4400634765625,0.5933837890625,0.3543701171875,0.1395263671875,0.7921142578125,0.4764404296875,1.06298828125,0.361083984375,0.802734375,0.22412109375,0.2030029296875,0.23046875
ENSG00000178573|chr16:79600543-79600743,0.630615234375,0.3177490234375,0.5120849609375,0.2286376953125,0.668701171875,0.205078125,13.9927978515625,0.6817626953125,0.3988037109375,0.4710693359375,0.9017333984375,0.28125,0.404296875,0.2518310546875,0.5992431640625,0.4820556640625,0.27294921875,0.2684326171875,0.752685546875,0.4306640625,0.20654296875,0.5390625,0.5889892578125,0.62060546875,0.5662841796875,0.6202392578125,0.4959716796875,0.3541259765625,0.407958984375,6.9368896484375,0.463134765625,0.849609375,0.4527587890625,0.261962890625,0.6671142578125,0.301513671875,0.17333984375,0.4154052734375,0.5782470703125,0.29931640625,0.423828125,0.661865234375,1.1982421875,0.3985595703125,1.3494873046875,0.657958984375,0.2373046875,0.728515625,1.5196533203125,0.6202392578125,0.5645751953125,0.7711181640625,0.2974853515625,0.6925048828125,0.7667236328125,1.3157958984375,0.9420166015625,0.6221923828125,0.61669921875,0.4324951171875,0.418701171875,0.3416748046875,0.3095703125,0.8912353515625,2.631103515625,0.6795654296875,0.6265869140625,1.0029296875,0.54248046875,0.3758544921875,0.349853515625,0.42138671875,0.2235107421875,0.625,0.458984375,12.4915771484375,1.51025390625,0.33203125,0.548095703125,0.4383544921875,0.236572265625,11.946044921875,0.48486328125,0.6953125,1.028564453125,0.79296875,0.2720947265625,0.7222900390625,0.4337158203125,1.1651611328125,0.370849609375,0.654541015625,0.322998046875,0.3447265625,0.2835693359375,0.5653076171875,3.2679443359375,1.2010498046875,0.250244140625,0.65673828125,0.724609375,0.2410888671875,1.3980712890625,0.711669921875,0.253173828125,2.3931884765625,0.679443359375,0.9095458984375,1.0059814453125,0.7410888671875,0.525634765625,0.3685302734375,0.7833251953125,0.39990234375,0.3714599609375,0.6317138671875,0.5762939453125,0.4697265625,1.0052490234375,0.4677734375,0.31298828125,0.3084716796875,0.623046875,0.2371826171875,0.1700439453125,0.510498046875,0.3428955078125,0.2791748046875,0.6298828125,0.2720947265625,0.4456787109375,0.7242431640625,0.417724609375,1.11083984375,0.289794921875,0.5303955078125,0.48974609375,0.0,0.7340087890625,0.60595703125,1.00439453125,1.0899658203125,0.466064453125,0.3145751953125,1.2449951171875,0.890869140625,0.335205078125,0.40087890625,0.378173828125,0.9471435546875,0.7423095703125,0.2354736328125,0.2996826171875,0.613037109375,0.5570068359375,6.2269287109375,0.3555908203125,0.2662353515625,0.2952880859375,1.2568359375,0.2139892578125,0.947509765625,0.247802734375,0.4525146484375,0.2017822265625,0.336669921875,0.405029296875,0.787353515625,0.42138671875,1.221435546875,0.365234375,0.488037109375,0.3936767578125,0.7198486328125,0.6043701171875,0.841552734375,0.4449462890625,0.38037109375,0.435546875,1.12646484375,0.2047119140625,0.6749267578125,0.2503662109375,0.5147705078125,0.3739013671875,0.7962646484375,0.4422607421875,0.529052734375,0.405029296875,0.564697265625,0.462158203125,0.3355712890625,0.359130859375
ENSG00000178662|chr2:165572313-165572445,0.8372802734375,0.85205078125,0.728271484375,0.505859375,1.1395263671875,0.6903076171875,14.362548828125,0.56005859375,0.684814453125,0.527587890625,0.7685546875,0.9891357421875,0.4591064453125,0.86328125,0.866455078125,0.79150390625,0.8050537109375,0.78466796875,0.6407470703125,0.7579345703125,0.6766357421875,1.2283935546875,0.48388671875,0.7393798828125,0.798583984375,0.932373046875,0.9111328125,1.20166015625,0.7432861328125,5.169677734375,0.5211181640625,1.2362060546875,0.6591796875,0.5616455078125,1.211669921875,0.4981689453125,0.9683837890625,0.4541015625,0.742919921875,0.8197021484375,1.1629638671875,0.6138916015625,2.1016845703125,1.19970703125,1.971435546875,0.9385986328125,0.6678466796875,0.5218505859375,1.4306640625,0.687744140625,0.514404296875,0.529541015625,0.559326171875,0.813720703125,1.052001953125,0.63330078125,0.91064453125,0.58056640625,0.6180419921875,0.90087890625,0.6436767578125,0.71484375,0.9114990234375,0.411865234375,1.6888427734375,1.46630859375,0.715087890625,0.8099365234375,0.9874267578125,0.656494140625,0.6668701171875,0.7850341796875,0.9521484375,1.1055908203125,0.5755615234375,9.548583984375,0.9798583984375,0.5687255859375,0.4871826171875,0.95947265625,0.7183837890625,11.1414794921875,0.4349365234375,1.3509521484375,0.7322998046875,1.0213623046875,0.673828125,0.400146484375,1.29296875,0.28173828125,0.9012451171875,0.5938720703125,0.6485595703125,0.5040283203125,0.71484375,0.42919921875,1.66650390625,1.315185546875,0.8909912109375,0.5504150390625,1.0740966796875,0.746826171875,0.5703125,0.8009033203125,0.4190673828125,1.1796875,1.3619384765625,1.235595703125,0.5400390625,0.774169921875,0.4302978515625,0.800537109375,1.6630859375,0.7318115234375,0.927001953125,0.912109375,1.075439453125,0.6717529296875,0.310302734375,0.9442138671875,0.9989013671875,0.533447265625,1.3179931640625,0.591064453125,0.684814453125,0.5343017578125,0.47705078125,0.6044921875,0.4664306640625,0.854248046875,0.48193359375,0.573974609375,1.1434326171875,0.4090576171875,0.6861572265625,0.563232421875,0.7061767578125,0.7340087890625,0.0,0.5145263671875,2.2491455078125,1.4677734375,0.9600830078125,0.30224609375,1.014892578125,0.6522216796875,0.8953857421875,0.8931884765625,0.6951904296875,0.8271484375,1.228759765625,0.457763671875,0.60888671875,0.8638916015625,0.812744140625,4.963134765625,0.48876953125,0.879638671875,0.420166015625,0.6492919921875,0.72216796875,0.6197509765625,0.6749267578125,0.919677734375,0.708251953125,0.6190185546875,0.6629638671875,0.3909912109375,0.9947509765625,0.6314697265625,0.7039794921875,1.0030517578125,0.954833984375,0.48974609375,0.773681640625,1.7386474609375,0.781494140625,0.6053466796875,1.3634033203125,2.4989013671875,0.800048828125,0.982421875,1.081787109375,0.95703125,0.88427734375,0.429931640625,0.406005859375,0.5665283203125,0.7279052734375,0.6654052734375,0.4173583984375,0.800537109375,0.7821044921875
ENSG00000178691|chr17:31937137-31937387,1.001220703125,0.6844482421875,0.4776611328125,0.4420166015625,1.251953125,0.36083984375,12.9935302734375,0.8123779296875,0.5201416015625,0.3739013671875,1.3255615234375,0.57275390625,0.2998046875,0.5091552734375,0.7191162109375,0.6807861328125,0.56396484375,0.4288330078125,0.58154296875,0.2919921875,0.507080078125,1.024658203125,0.5992431640625,0.76513671875,0.7843017578125,0.9510498046875,0.7332763671875,0.8499755859375,0.545654296875,5.1719970703125,0.473388671875,1.320556640625,0.5535888671875,0.522705078125,0.9581298828125,0.47314453125,0.862060546875,0.4544677734375,0.4232177734375,0.638916015625,0.9794921875,0.568603515625,1.435546875,0.9295654296875,1.6732177734375,1.044189453125,0.599609375,0.7724609375,1.0772705078125,0.3509521484375,0.3565673828125,0.5030517578125,0.5206298828125,0.5501708984375,0.9686279296875,1.2816162109375,1.1468505859375,0.3509521484375,0.52392578125,0.7012939453125,0.488525390625,0.6934814453125,0.625,0.4085693359375,2.269775390625,1.4976806640625,0.3685302734375,0.595947265625,0.903076171875,0.5965576171875,0.49169921875,0.654296875,0.6229248046875,1.106201171875,0.415771484375,10.4373779296875,0.725341796875,0.294677734375,0.57470703125,0.5704345703125,0.623779296875,9.927490234375,0.391845703125,1.167236328125,0.644775390625,0.494384765625,0.5987548828125,0.7059326171875,0.8172607421875,0.5103759765625,0.768798828125,0.549072265625,0.457763671875,0.38525390625,0.4351806640625,0.6866455078125,2.2474365234375,0.9786376953125,0.5712890625,0.71044921875,1.121826171875,0.5294189453125,0.8831787109375,0.673828125,0.378662109375,1.5924072265625,1.25927734375,1.2171630859375,0.4898681640625,0.8028564453125,0.481689453125,0.7452392578125,1.3892822265625,0.398681640625,0.6378173828125,0.7603759765625,0.8892822265625,0.603759765625,0.6029052734375,0.605224609375,0.88330078125,0.3255615234375,0.90185546875,0.4798583984375,0.4732666015625,0.543701171875,0.5572509765625,0.6102294921875,0.63134765625,0.6361083984375,0.5709228515625,0.5980224609375,0.953857421875,0.61181640625,0.70849609375,0.4781494140625,0.6279296875,0.60595703125,0.5145263671875,0.0,1.66357421875,1.4398193359375,0.67578125,0.3575439453125,0.5670166015625,0.718505859375,0.622314453125,0.716064453125,0.65478515625,0.8399658203125,1.2972412109375,0.4893798828125,0.4364013671875,0.544189453125,0.7686767578125,4.9036865234375,0.4542236328125,0.6815185546875,0.4691162109375,0.9384765625,0.6785888671875,0.46630859375,0.396484375,0.8145751953125,0.5535888671875,0.314453125,0.428955078125,0.7763671875,0.855712890625,0.845947265625,0.718017578125,0.669189453125,0.5250244140625,0.7816162109375,0.5845947265625,1.913818359375,0.7777099609375,0.377685546875,1.28515625,2.021484375,0.5970458984375,1.0394287109375,0.9398193359375,0.9647216796875,0.6956787109375,0.4388427734375,0.3780517578125,0.543701171875,0.484619140625,0.639404296875,0.448486328125,0.5379638671875,0.395263671875
ENSG00000178919|chr9:97853228-97853325,1.7119140625,0.7967529296875,0.7408447265625,1.1619873046875,2.048828125,0.919921875,13.6456298828125,2.0321044921875,0.9991455078125,1.4400634765625,1.9908447265625,1.1396484375,1.170166015625,0.7501220703125,0.7630615234375,0.9573974609375,0.649169921875,0.7745361328125,1.0732421875,0.947509765625,1.1552734375,0.763916015625,2.0377197265625,1.6103515625,0.8548583984375,0.9271240234375,0.7059326171875,0.3214111328125,1.014404296875,9.7525634765625,1.076416015625,1.444580078125,1.0640869140625,1.16943359375,1.5870361328125,1.39306640625,0.919677734375,1.4913330078125,1.0299072265625,0.578369140625,0.54345703125,1.235595703125,0.27734375,0.9947509765625,3.1422119140625,1.480712890625,0.806884765625,1.764404296875,2.9874267578125,1.2154541015625,1.2952880859375,1.2054443359375,1.1636962890625,0.8951416015625,0.6805419921875,2.8316650390625,1.7406005859375,1.1661376953125,0.852294921875,0.6182861328125,1.163330078125,1.0191650390625,0.546630859375,1.8531494140625,3.29931640625,1.7056884765625,0.8748779296875,1.12744140625,0.93212890625,0.8363037109375,1.426513671875,0.614501953125,0.6107177734375,1.6640625,1.180908203125,12.8497314453125,2.448486328125,1.18994140625,2.127685546875,0.6480712890625,1.1357421875,13.80322265625,1.09033203125,0.894775390625,1.350341796875,1.21044921875,1.0252685546875,2.2696533203125,0.4222412109375,2.7152099609375,0.8212890625,1.218017578125,0.70703125,0.94677734375,0.6270751953125,2.2269287109375,4.7393798828125,0.8890380859375,0.80078125,1.63330078125,1.58740234375,0.8536376953125,3.0897216796875,0.979248046875,1.227783203125,4.3333740234375,1.189697265625,1.4024658203125,1.6453857421875,1.2867431640625,1.7998046875,1.3218994140625,0.7093505859375,0.662841796875,0.9024658203125,0.9000244140625,1.5045166015625,1.91943359375,2.5230712890625,0.818359375,0.643798828125,0.9639892578125,0.226806640625,0.9927978515625,0.9820556640625,1.2734375,1.3489990234375,0.9241943359375,1.8603515625,0.6519775390625,1.3062744140625,1.4102783203125,0.790283203125,2.278076171875,1.070556640625,1.9212646484375,0.86181640625,1.00439453125,2.2491455078125,1.66357421875,0.0,1.0093994140625,0.628173828125,1.5946044921875,1.6927490234375,2.509521484375,1.60888671875,0.8037109375,1.062744140625,2.6397705078125,1.2652587890625,1.2557373046875,1.1387939453125,0.832275390625,1.1041259765625,9.4649658203125,1.5335693359375,0.8804931640625,1.3558349609375,2.74951171875,0.8270263671875,1.595947265625,0.915283203125,0.7657470703125,1.0657958984375,1.0205078125,1.44384765625,2.487548828125,0.7236328125,2.1259765625,1.575927734375,0.9619140625,0.7310791015625,1.5013427734375,0.9254150390625,1.7998046875,1.1915283203125,1.326904296875,1.5849609375,0.944091796875,0.7149658203125,1.2615966796875,0.9049072265625,1.1800537109375,0.4830322265625,1.8997802734375,1.4134521484375,2.060546875,0.627197265625,1.376220703125,1.354248046875,0.6668701171875,0.772705078125
ENSG00000178951|chr19:4066583-4066883,0.6099853515625,0.464111328125,0.656005859375,0.964111328125,1.1861572265625,0.8841552734375,14.24267578125,0.806884765625,0.5830078125,1.012451171875,1.04833984375,1.6942138671875,0.9110107421875,1.12744140625,0.760986328125,0.401611328125,0.5828857421875,0.77294921875,0.6348876953125,1.1505126953125,1.1292724609375,0.5623779296875,1.049560546875,0.6595458984375,0.495849609375,0.3720703125,0.532470703125,0.7451171875,0.5152587890625,7.611083984375,1.0938720703125,0.6741943359375,0.754150390625,1.1492919921875,1.197998046875,0.6614990234375,0.9991455078125,0.8583984375,0.95556640625,0.5301513671875,0.4644775390625,0.9549560546875,0.9876708984375,0.55224609375,1.801025390625,0.7694091796875,0.5330810546875,0.7313232421875,2.26708984375,1.086669921875,1.447265625,0.83837890625,0.816162109375,1.15283203125,0.325927734375,1.28466796875,1.1689453125,1.035888671875,0.7264404296875,0.593505859375,1.0203857421875,0.798583984375,0.7059326171875,1.48095703125,1.2010498046875,1.153564453125,1.129150390625,1.1417236328125,0.4400634765625,0.349609375,1.2633056640625,0.5826416015625,0.800537109375,1.4791259765625,0.7357177734375,8.802490234375,2.4068603515625,0.9447021484375,1.1846923828125,0.83984375,0.8060302734375,14.6585693359375,0.8116455078125,0.3355712890625,1.2191162109375,1.1798095703125,0.894287109375,1.431884765625,0.985107421875,1.9423828125,0.5313720703125,0.7498779296875,0.5787353515625,0.5054931640625,0.68505859375,1.437744140625,3.746826171875,1.310302734375,0.7628173828125,0.8895263671875,0.4437255859375,1.188232421875,1.728271484375,0.5399169921875,0.8218994140625,3.469970703125,0.7440185546875,0.308837890625,1.299560546875,0.717529296875,0.9630126953125,0.90380859375,0.66015625,0.9266357421875,0.457275390625,0.263916015625,0.91748046875,1.4947509765625,1.439697265625,0.7840576171875,0.4332275390625,0.750244140625,0.7054443359375,0.569091796875,0.992431640625,1.0269775390625,0.696044921875,0.61279296875,1.1783447265625,0.57958984375,1.00927734375,0.52099609375,0.9405517578125,1.2889404296875,0.7159423828125,1.02783203125,0.6568603515625,1.0899658203125,1.4677734375,1.4398193359375,1.0093994140625,0.0,0.3123779296875,1.139892578125,1.82861328125,2.0245361328125,1.6900634765625,0.4273681640625,0.5335693359375,1.676513671875,0.390869140625,1.0625,0.584228515625,0.5279541015625,0.364501953125,8.991943359375,1.511474609375,0.48779296875,0.997802734375,1.0428466796875,0.69921875,1.0821533203125,0.9788818359375,0.39794921875,0.842529296875,0.9310302734375,1.1754150390625,1.5008544921875,0.3931884765625,1.1463623046875,0.8861083984375,0.8228759765625,1.259521484375,0.7255859375,0.493408203125,1.4488525390625,0.509033203125,0.8101806640625,1.0919189453125,0.7608642578125,0.6630859375,0.3505859375,0.72607421875,0.4443359375,0.48828125,1.298828125,0.674072265625,1.4752197265625,0.7816162109375,0.9364013671875,0.7943115234375,0.4853515625,0.9549560546875
ENSG00000179588|chr16:88453285-88453532,0.55126953125,0.1719970703125,0.2574462890625,0.4073486328125,0.94091796875,0.3076171875,12.9581298828125,0.5638427734375,0.2349853515625,0.5074462890625,0.9346923828125,0.7587890625,0.402099609375,0.4373779296875,0.3985595703125,0.1995849609375,0.193115234375,0.2325439453125,0.34130859375,0.418701171875,0.477294921875,0.3330078125,0.7628173828125,0.50732421875,0.2562255859375,0.2728271484375,0.2894287109375,0.2535400390625,0.18408203125,6.6431884765625,0.4892578125,0.657958984375,0.4188232421875,0.578125,0.7957763671875,0.30029296875,0.49267578125,0.4217529296875,0.4224853515625,0.183349609375,0.197509765625,0.468017578125,0.59375,0.3399658203125,1.5535888671875,0.60693359375,0.209228515625,0.51416015625,1.5369873046875,0.4146728515625,0.6771240234375,0.4793701171875,0.3936767578125,0.6051025390625,0.2569580078125,1.2469482421875,1.0086669921875,0.4625244140625,0.318115234375,0.2371826171875,0.479736328125,0.4447021484375,0.2392578125,0.9117431640625,1.797607421875,0.8153076171875,0.4425048828125,0.603271484375,0.300048828125,0.1129150390625,0.603271484375,0.277099609375,0.2684326171875,1.019775390625,0.36083984375,10.0347900390625,1.531005859375,0.365478515625,0.7626953125,0.2462158203125,0.359130859375,12.42578125,0.372314453125,0.330322265625,0.726318359375,0.62890625,0.3919677734375,0.9803466796875,0.3641357421875,1.3092041015625,0.2548828125,0.439453125,0.16015625,0.15673828125,0.1968994140625,1.0018310546875,3.3621826171875,0.7740478515625,0.22900390625,0.6171875,0.466552734375,0.5245361328125,1.4718017578125,0.286376953125,0.366455078125,2.8597412109375,0.574462890625,0.4378662109375,0.7711181640625,0.5775146484375,0.546875,0.5120849609375,0.4810791015625,0.312744140625,0.1231689453125,0.1719970703125,0.5648193359375,0.8310546875,1.0775146484375,0.256103515625,0.178955078125,0.2762451171875,0.296630859375,0.2015380859375,0.3800048828125,0.61962890625,0.4119873046875,0.2852783203125,0.779052734375,0.1502685546875,0.5474853515625,0.3543701171875,0.521240234375,1.031982421875,0.4169921875,0.6546630859375,0.33837890625,0.466064453125,0.9600830078125,0.67578125,0.628173828125,0.3123779296875,0.0,0.6080322265625,1.1409912109375,1.377197265625,0.909423828125,0.158935546875,0.292724609375,1.2630615234375,0.4017333984375,0.4876708984375,0.2579345703125,0.232666015625,0.2545166015625,7.2227783203125,0.7606201171875,0.1356201171875,0.5611572265625,0.9599609375,0.2906494140625,0.572265625,0.314697265625,0.2474365234375,0.3665771484375,0.330322265625,0.608154296875,1.1083984375,0.16015625,0.9306640625,0.556640625,0.29736328125,0.5098876953125,0.5543212890625,0.2476806640625,1.304931640625,0.3218994140625,0.309326171875,0.77783203125,0.730224609375,0.2183837890625,0.3677978515625,0.3472900390625,0.3446044921875,0.1785888671875,0.7769775390625,0.3199462890625,0.9033203125,0.275146484375,0.505126953125,0.406005859375,0.1361083984375,0.33837890625
ENSG00000181722|chr3:114624540-114624995,0.4327392578125,0.406982421875,0.4833984375,0.22119140625,0.6749267578125,0.2821044921875,14.11962890625,0.465576171875,0.36767578125,0.326416015625,0.704345703125,0.4813232421875,0.2557373046875,0.3623046875,0.575439453125,0.5078125,0.4486083984375,0.37060546875,0.6336669921875,0.4615478515625,0.2808837890625,0.7791748046875,0.3154296875,0.3985595703125,0.538330078125,0.720458984375,0.568115234375,0.670654296875,0.4178466796875,5.766845703125,0.3800048828125,0.8870849609375,0.310546875,0.2071533203125,0.72509765625,0.2135009765625,0.4100341796875,0.222900390625,0.4501953125,0.4405517578125,0.6761474609375,0.5833740234375,1.6534423828125,0.5751953125,1.237548828125,0.5701904296875,0.3387451171875,0.4696044921875,1.27783203125,0.567626953125,0.451904296875,0.470703125,0.176513671875,0.584716796875,0.752197265625,0.842529296875,0.656982421875,0.425048828125,0.5301513671875,0.531494140625,0.3883056640625,0.424072265625,0.4849853515625,0.51416015625,1.9974365234375,1.058837890625,0.55810546875,0.8441162109375,0.6085205078125,0.4033203125,0.4073486328125,0.4571533203125,0.469482421875,0.5150146484375,0.3253173828125,10.854248046875,1.1231689453125,0.2225341796875,0.3128662109375,0.598388671875,0.3250732421875,11.0555419921875,0.3778076171875,0.8243408203125,0.7879638671875,0.7088623046875,0.303466796875,0.361572265625,0.823974609375,0.587646484375,0.5045166015625,0.4097900390625,0.3953857421875,0.2811279296875,0.3359375,0.255859375,2.370849609375,1.19775390625,0.4134521484375,0.4197998046875,0.6075439453125,0.330078125,0.6875,0.6378173828125,0.1507568359375,1.420654296875,0.7427978515625,0.852294921875,0.63134765625,0.52294921875,0.2891845703125,0.315673828125,1.10302734375,0.5040283203125,0.467529296875,0.5751953125,0.6826171875,0.4583740234375,0.4521484375,0.6524658203125,0.5472412109375,0.225341796875,0.9383544921875,0.29052734375,0.31494140625,0.2728271484375,0.180908203125,0.280517578125,0.3211669921875,0.459716796875,0.267578125,0.5107421875,0.6451416015625,0.5389404296875,0.2723388671875,0.287353515625,0.4027099609375,0.3145751953125,0.30224609375,0.3575439453125,1.5946044921875,1.139892578125,0.6080322265625,0.0,0.97900390625,0.5550537109375,0.3397216796875,0.5167236328125,0.4041748046875,0.547119140625,0.8212890625,0.212646484375,0.234130859375,0.5462646484375,0.49169921875,5.61865234375,0.295166015625,0.477294921875,0.16796875,0.6800537109375,0.3779296875,0.6571044921875,0.3829345703125,0.52685546875,0.21923828125,0.3963623046875,0.3616943359375,0.3690185546875,0.5614013671875,0.7650146484375,0.3321533203125,0.7017822265625,0.58349609375,0.515869140625,0.52197265625,1.0623779296875,0.474853515625,0.3079833984375,0.6749267578125,1.6033935546875,0.408203125,0.623779296875,0.55419921875,0.541259765625,0.51318359375,0.462646484375,0.233642578125,0.4195556640625,0.4869384765625,0.4827880859375,0.2899169921875,0.449462890625,0.4190673828125
ENSG00000182968|chr13:112067181-112067806,1.7655029296875,1.1181640625,0.5703125,0.86083984375,2.2347412109375,0.8316650390625,14.20654296875,1.62890625,0.85107421875,0.7783203125,1.8310546875,1.0264892578125,0.7032470703125,0.83935546875,0.790283203125,1.22509765625,1.0738525390625,0.9306640625,0.7945556640625,0.3907470703125,1.0587158203125,1.4310302734375,1.416259765625,1.2889404296875,0.9541015625,1.61572265625,0.776123046875,1.05712890625,1.1365966796875,6.643310546875,0.6060791015625,2.0906982421875,0.87744140625,1.1348876953125,1.598876953125,1.2305908203125,1.4266357421875,0.95556640625,0.5068359375,1.0101318359375,1.5321044921875,1.0574951171875,1.1326904296875,1.643798828125,3.174072265625,1.5924072265625,1.0555419921875,1.3043212890625,1.248291015625,0.52978515625,0.37060546875,0.42041015625,1.095458984375,0.339599609375,1.155517578125,1.666015625,1.3818359375,0.53955078125,0.7017822265625,0.88623046875,1.1085205078125,1.11279296875,0.8231201171875,0.462158203125,2.7225341796875,2.53125,0.370849609375,0.5228271484375,1.5323486328125,0.992919921875,1.1334228515625,0.9339599609375,1.033935546875,1.5877685546875,0.5843505859375,10.5517578125,0.4703369140625,0.7518310546875,1.3641357421875,0.888916015625,1.4666748046875,10.2088623046875,0.6312255859375,1.6558837890625,0.7681884765625,0.5347900390625,0.9921875,1.598388671875,1.205078125,0.69677734375,1.0899658203125,0.7740478515625,0.7191162109375,0.8126220703125,0.758544921875,1.3779296875,2.273193359375,0.459716796875,0.9837646484375,1.3406982421875,1.9703369140625,0.833984375,1.414306640625,0.7515869140625,0.9093017578125,1.61572265625,1.9071044921875,1.8720703125,0.489013671875,1.0322265625,1.2847900390625,1.32080078125,1.715576171875,0.6595458984375,1.20361328125,1.01025390625,1.703125,1.5125732421875,1.007080078125,1.0179443359375,1.3934326171875,0.65380859375,0.9666748046875,1.094482421875,1.017333984375,0.7664794921875,1.12109375,1.028564453125,1.2152099609375,1.079833984375,0.951171875,0.870849609375,1.0128173828125,1.0216064453125,1.2657470703125,1.036376953125,0.8341064453125,1.2449951171875,1.014892578125,0.5670166015625,1.6927490234375,1.82861328125,1.1409912109375,0.97900390625,0.0,1.4825439453125,1.1444091796875,1.2178955078125,1.4346923828125,1.5,1.916748046875,1.044677734375,0.9873046875,0.5860595703125,1.4228515625,5.549560546875,0.911376953125,1.39453125,0.873046875,1.5989990234375,1.204345703125,0.7349853515625,0.6895751953125,1.15673828125,1.062255859375,0.6124267578125,0.9156494140625,1.4920654296875,1.3436279296875,1.2589111328125,1.3612060546875,1.2686767578125,0.660400390625,1.33251953125,0.73876953125,2.7747802734375,1.2744140625,1.1505126953125,2.1905517578125,2.6031494140625,1.17919921875,1.56591796875,1.80322265625,1.457763671875,0.924072265625,0.933349609375,0.96826171875,1.4417724609375,0.5809326171875,1.5357666015625,0.8494873046875,0.869140625,0.5618896484375
ENSG00000183495|chr12:131949997-131950319,1.261962890625,1.1004638671875,1.2530517578125,0.8912353515625,1.431640625,0.800048828125,12.4486083984375,1.1866455078125,1.1075439453125,0.8199462890625,1.5848388671875,1.212158203125,0.679443359375,1.1729736328125,1.5889892578125,1.1287841796875,1.069091796875,0.8878173828125,1.011474609375,1.0732421875,0.806396484375,1.8720703125,0.5045166015625,1.16650390625,1.2696533203125,1.3887939453125,1.3323974609375,1.5130615234375,0.8818359375,4.7806396484375,0.895263671875,1.788330078125,1.0909423828125,0.780029296875,1.4927978515625,0.7763671875,1.203369140625,0.6324462890625,0.8775634765625,1.255859375,1.503662109375,0.869873046875,2.5478515625,1.3995361328125,1.7435302734375,1.6865234375,1.0380859375,0.8876953125,1.7215576171875,1.0462646484375,0.7362060546875,1.0213623046875,0.8150634765625,1.2098388671875,1.6427001953125,0.8350830078125,1.6324462890625,0.8424072265625,1.0419921875,1.4083251953125,0.70654296875,0.8355712890625,1.34130859375,1.1175537109375,2.26416015625,1.5447998046875,1.0938720703125,1.265869140625,1.485595703125,1.1412353515625,0.824462890625,1.070068359375,1.3331298828125,1.485107421875,0.978515625,9.9896240234375,1.38134765625,0.908447265625,0.6572265625,1.1302490234375,0.843017578125,9.955322265625,0.948974609375,1.906005859375,1.017333984375,1.117919921875,0.9456787109375,0.7471923828125,1.5115966796875,0.8397216796875,1.520751953125,1.114013671875,1.000732421875,0.849853515625,1.0743408203125,0.6221923828125,2.4757080078125,1.8309326171875,1.07861328125,0.997802734375,1.45654296875,0.9381103515625,0.9503173828125,1.560791015625,0.660888671875,2.0189208984375,1.803955078125,1.4442138671875,1.0316162109375,1.3328857421875,0.59521484375,1.1717529296875,2.2271728515625,1.0078125,1.2886962890625,1.4302978515625,0.8814697265625,0.47265625,0.9156494140625,1.079345703125,1.297607421875,0.7664794921875,1.672607421875,0.9261474609375,0.8255615234375,1.13818359375,0.8348388671875,1.1063232421875,1.0078125,1.1217041015625,1.0894775390625,1.1070556640625,1.68212890625,0.75341796875,1.006591796875,0.8162841796875,1.345703125,0.890869140625,0.6522216796875,0.718505859375,2.509521484375,2.0245361328125,1.377197265625,0.5550537109375,1.4825439453125,0.0,1.12060546875,1.135009765625,0.908203125,1.2266845703125,1.8380126953125,0.8187255859375,0.9317626953125,1.328857421875,1.3509521484375,4.4708251953125,0.6168212890625,1.1973876953125,0.7181396484375,1.010498046875,0.9398193359375,0.907958984375,0.84033203125,1.3375244140625,0.9766845703125,0.889404296875,0.83203125,0.8046875,1.4443359375,0.911376953125,1.240478515625,1.118408203125,1.3094482421875,1.0491943359375,1.1129150390625,2.22509765625,1.1151123046875,0.704833984375,1.49951171875,3.05322265625,1.0528564453125,1.4918212890625,1.2601318359375,1.5767822265625,1.3924560546875,0.6583251953125,0.6800537109375,0.694580078125,1.0107421875,0.70458984375,0.987548828125,1.1561279296875,1.13037109375
ENSG00000183621|chr10:31031657-31031890,0.718994140625,0.6251220703125,0.6619873046875,0.3424072265625,0.68896484375,0.409423828125,15.9144287109375,0.9486083984375,0.5841064453125,0.6290283203125,0.9429931640625,0.27880859375,0.621337890625,0.2872314453125,0.6046142578125,1.0274658203125,0.68359375,0.6151123046875,1.245849609375,0.533447265625,0.302734375,0.8232421875,0.9053955078125,0.654052734375,0.9075927734375,1.1485595703125,0.7244873046875,0.6951904296875,0.848388671875,7.2535400390625,0.75537109375,1.03125,0.4490966796875,0.39453125,0.6766357421875,0.5859375,0.330078125,0.5318603515625,0.7884521484375,0.557373046875,0.929443359375,1.30224609375,1.7724609375,0.6475830078125,1.2713623046875,0.566650390625,0.539794921875,1.135498046875,1.6685791015625,0.9229736328125,0.7532958984375,0.8485107421875,0.3919677734375,0.7933349609375,1.0352783203125,1.6441650390625,0.6781005859375,0.8768310546875,0.9521484375,0.6007080078125,0.8193359375,0.7581787109375,0.466064453125,0.8389892578125,3.1923828125,1.3724365234375,0.8438720703125,1.400146484375,0.7802734375,0.6900634765625,0.815673828125,0.7158203125,0.4627685546875,0.32421875,0.56396484375,13.7584228515625,1.630859375,0.39306640625,0.658935546875,0.9320068359375,0.615478515625,12.428955078125,0.786376953125,0.92236328125,1.5126953125,0.92822265625,0.4556884765625,0.9583740234375,0.9947509765625,1.1429443359375,0.5146484375,0.66943359375,0.695068359375,0.612548828125,0.4720458984375,0.5155029296875,3.2027587890625,1.3768310546875,0.560791015625,0.923095703125,0.917236328125,0.3092041015625,1.1912841796875,0.8505859375,0.490966796875,1.6016845703125,0.673583984375,1.3446044921875,1.2247314453125,0.8035888671875,0.76708984375,0.2933349609375,0.9798583984375,0.79541015625,0.7044677734375,0.8697509765625,1.0919189453125,0.900146484375,0.9561767578125,1.04931640625,0.743896484375,0.4608154296875,1.144775390625,0.5606689453125,0.5030517578125,0.381103515625,0.4234619140625,0.4049072265625,0.666015625,0.6912841796875,0.3680419921875,0.9732666015625,0.498046875,1.1240234375,0.386962890625,0.4381103515625,0.54443359375,0.335205078125,0.8953857421875,0.622314453125,1.60888671875,1.6900634765625,0.909423828125,0.3397216796875,1.1444091796875,1.12060546875,0.0,0.82861328125,0.849609375,0.5914306640625,1.0220947265625,0.3883056640625,0.4613037109375,0.773681640625,0.7813720703125,6.7808837890625,0.4498291015625,0.7552490234375,0.3345947265625,1.42431640625,0.5848388671875,1.26904296875,0.585693359375,0.7364501953125,0.2403564453125,0.634765625,0.47607421875,0.668212890625,0.750732421875,1.54736328125,0.40234375,1.1337890625,0.5596923828125,1.1485595703125,0.8428955078125,0.84423828125,0.6688232421875,0.76904296875,0.57275390625,1.385498046875,0.5948486328125,0.8719482421875,0.6912841796875,0.6810302734375,0.6495361328125,0.9276123046875,0.7147216796875,0.81103515625,0.724365234375,1.065673828125,0.568115234375,0.5584716796875,0.38623046875
ENSG00000183814|chr1:226308769-226309385,0.49169921875,0.1810302734375,0.3204345703125,0.4049072265625,0.84619140625,0.31201171875,12.8624267578125,0.5196533203125,0.2550048828125,0.5218505859375,0.8548583984375,0.7724609375,0.348388671875,0.4432373046875,0.4696044921875,0.2379150390625,0.26025390625,0.2413330078125,0.4091796875,0.51318359375,0.4423828125,0.332275390625,0.6051025390625,0.52490234375,0.2718505859375,0.2803955078125,0.3863525390625,0.3140869140625,0.197509765625,6.5452880859375,0.49658203125,0.58984375,0.4447021484375,0.461669921875,0.6524658203125,0.304443359375,0.460693359375,0.3414306640625,0.4984130859375,0.169921875,0.3037109375,0.525390625,0.829833984375,0.2908935546875,1.4039306640625,0.54443359375,0.241455078125,0.4833984375,1.6173095703125,0.5328369140625,0.6868896484375,0.5513916015625,0.3558349609375,0.6485595703125,0.3760986328125,1.1536865234375,1.0203857421875,0.4742431640625,0.421630859375,0.2633056640625,0.368408203125,0.2764892578125,0.263671875,0.9383544921875,1.7353515625,0.6341552734375,0.5831298828125,0.69677734375,0.29052734375,0.1861572265625,0.60302734375,0.311279296875,0.3260498046875,0.8134765625,0.354248046875,10.0504150390625,1.653076171875,0.378173828125,0.6171875,0.3018798828125,0.262939453125,12.256103515625,0.427734375,0.315185546875,0.783935546875,0.804931640625,0.3187255859375,0.9158935546875,0.4158935546875,1.3382568359375,0.274658203125,0.4931640625,0.201416015625,0.166015625,0.2547607421875,0.7764892578125,3.4647216796875,0.9246826171875,0.247802734375,0.48681640625,0.39794921875,0.4429931640625,1.3743896484375,0.49853515625,0.395751953125,2.7984619140625,0.59619140625,0.3519287109375,0.8619384765625,0.5611572265625,0.42529296875,0.4100341796875,0.6385498046875,0.376220703125,0.2078857421875,0.2696533203125,0.5093994140625,0.760498046875,0.9984130859375,0.26171875,0.23681640625,0.2952880859375,0.38671875,0.1942138671875,0.3697509765625,0.658447265625,0.2850341796875,0.2972412109375,0.761962890625,0.1602783203125,0.5147705078125,0.3829345703125,0.66015625,0.994140625,0.33154296875,0.6541748046875,0.412841796875,0.40087890625,0.8931884765625,0.716064453125,0.8037109375,0.4273681640625,0.158935546875,0.5167236328125,1.2178955078125,1.135009765625,0.82861328125,0.0,0.192138671875,1.2374267578125,0.3634033203125,0.3863525390625,0.2650146484375,0.346923828125,0.3050537109375,7.1593017578125,0.6502685546875,0.2049560546875,0.4586181640625,0.86083984375,0.1754150390625,0.685302734375,0.348388671875,0.2952880859375,0.3546142578125,0.400634765625,0.52392578125,0.990478515625,0.1435546875,0.95849609375,0.453857421875,0.337890625,0.5452880859375,0.5472412109375,0.2884521484375,1.1552734375,0.2784423828125,0.287841796875,0.583740234375,0.78564453125,0.1844482421875,0.2972412109375,0.2708740234375,0.3565673828125,0.2601318359375,0.7315673828125,0.3543701171875,0.868896484375,0.306640625,0.3671875,0.433837890625,0.1627197265625,0.430419921875
ENSG00000184271|chr12:51217777-51218095,0.447021484375,0.2415771484375,0.4498291015625,0.4449462890625,0.763916015625,0.372802734375,12.5037841796875,0.4764404296875,0.3206787109375,0.5079345703125,0.7613525390625,0.873779296875,0.30224609375,0.5535888671875,0.5794677734375,0.2674560546875,0.281494140625,0.2618408203125,0.419677734375,0.649169921875,0.4736328125,0.494140625,0.3958740234375,0.501708984375,0.3756103515625,0.2261962890625,0.5360107421875,0.4901123046875,0.186767578125,5.9737548828125,0.549072265625,0.549072265625,0.4639892578125,0.37060546875,0.7794189453125,0.2421875,0.468017578125,0.3760986328125,0.6502685546875,0.294677734375,0.339599609375,0.4306640625,1.214111328125,0.3243408203125,1.2481689453125,0.5703125,0.278564453125,0.401611328125,1.7213134765625,0.6610107421875,0.7681884765625,0.6282958984375,0.2623291015625,0.7264404296875,0.4569091796875,0.9200439453125,0.9952392578125,0.5206298828125,0.4111328125,0.4205322265625,0.300537109375,0.3067626953125,0.436767578125,0.9373779296875,1.548828125,0.6578369140625,0.7135009765625,0.767578125,0.3603515625,0.2369384765625,0.500244140625,0.3837890625,0.4281005859375,0.858642578125,0.42236328125,9.8321533203125,1.66650390625,0.37255859375,0.491455078125,0.4080810546875,0.18115234375,12.169677734375,0.457763671875,0.45751953125,0.698486328125,0.91748046875,0.3572998046875,0.6275634765625,0.5013427734375,1.2164306640625,0.41748046875,0.521728515625,0.326904296875,0.220703125,0.3206787109375,0.5782470703125,3.0767822265625,1.1597900390625,0.365478515625,0.37451171875,0.39990234375,0.4935302734375,1.0821533203125,0.638916015625,0.307861328125,2.5809326171875,0.635009765625,0.3709716796875,0.8341064453125,0.6134033203125,0.284912109375,0.4224853515625,0.8511962890625,0.43310546875,0.2957763671875,0.3834228515625,0.4825439453125,0.530029296875,0.8526611328125,0.38037109375,0.270263671875,0.3280029296875,0.57080078125,0.1871337890625,0.3958740234375,0.65234375,0.2818603515625,0.3157958984375,0.657470703125,0.2540283203125,0.5072021484375,0.4332275390625,0.831298828125,0.806640625,0.29931640625,0.6060791015625,0.451171875,0.378173828125,0.6951904296875,0.65478515625,1.062744140625,0.5335693359375,0.292724609375,0.4041748046875,1.4346923828125,0.908203125,0.849609375,0.192138671875,0.0,1.1705322265625,0.4703369140625,0.3497314453125,0.2520751953125,0.5263671875,0.2633056640625,6.5914306640625,0.6072998046875,0.2313232421875,0.4530029296875,0.705810546875,0.2440185546875,0.674560546875,0.478515625,0.3663330078125,0.3760986328125,0.453369140625,0.47607421875,0.75537109375,0.23583984375,0.742919921875,0.486572265625,0.39794921875,0.6951904296875,0.3558349609375,0.4246826171875,1.015380859375,0.3631591796875,0.216552734375,0.603271484375,1.06787109375,0.1956787109375,0.3695068359375,0.3043212890625,0.4171142578125,0.3475341796875,0.5426025390625,0.2647705078125,0.578369140625,0.424072265625,0.2099609375,0.40283203125,0.3048095703125,0.55712890625
ENSG00000185610|chr12:45050884-45051090,0.7200927734375,0.987060546875,1.066162109375,0.847900390625,0.6138916015625,0.8714599609375,17.095458984375,0.92822265625,0.869873046875,0.98876953125,1.0380859375,1.1673583984375,0.9288330078125,0.95068359375,1.0869140625,1.2890625,1.0418701171875,1.063232421875,1.4532470703125,1.1182861328125,0.7618408203125,1.3233642578125,0.813720703125,0.4622802734375,1.3759765625,1.320556640625,1.02880859375,1.559326171875,1.0589599609375,6.482666015625,1.4122314453125,1.1365966796875,0.697998046875,0.9329833984375,0.78466796875,0.6873779296875,0.8961181640625,0.773193359375,1.00634765625,1.0303955078125,1.4766845703125,1.6981201171875,2.6641845703125,0.986572265625,1.01953125,0.6695556640625,0.8988037109375,1.2462158203125,1.742919921875,1.245849609375,1.32568359375,0.93896484375,0.774658203125,1.31591796875,1.29638671875,1.238525390625,0.558349609375,1.335693359375,1.3675537109375,1.173095703125,1.2003173828125,1.11572265625,1.1119384765625,1.020751953125,2.1683349609375,1.753662109375,1.40966796875,1.8912353515625,0.9659423828125,0.99169921875,1.3536376953125,1.0355224609375,1.196533203125,0.8043212890625,0.9210205078125,11.525146484375,2.0892333984375,0.8121337890625,0.6978759765625,1.699462890625,1.1295166015625,14.2032470703125,1.1614990234375,1.1236572265625,1.7879638671875,1.1231689453125,1.0068359375,1.154296875,1.986572265625,0.947265625,0.9385986328125,0.6800537109375,1.1361083984375,0.8114013671875,0.953125,0.4248046875,2.875,2.07080078125,1.1358642578125,1.1895751953125,0.8035888671875,0.97998046875,0.6083984375,1.0360107421875,0.7308349609375,1.200439453125,0.8936767578125,1.210205078125,1.50390625,0.916259765625,0.8067626953125,0.585693359375,1.2705078125,1.4793701171875,0.951416015625,1.049560546875,1.19189453125,1.1619873046875,0.791015625,1.7376708984375,1.2142333984375,0.7490234375,1.9156494140625,0.795654296875,1.140869140625,0.6300048828125,0.501708984375,0.718017578125,0.8692626953125,1.221923828125,0.715087890625,0.975830078125,1.0445556640625,0.7237548828125,0.6651611328125,0.34765625,0.9388427734375,0.9471435546875,0.8271484375,0.8399658203125,2.6397705078125,1.676513671875,1.2630615234375,0.547119140625,1.5,1.2266845703125,0.5914306640625,1.2374267578125,1.1705322265625,0.0,1.138671875,0.9306640625,0.634765625,1.0216064453125,0.8359375,7.213623046875,0.807373046875,1.210693359375,0.6689453125,1.0865478515625,1.162109375,1.3914794921875,1.1724853515625,0.900390625,0.64697265625,1.1781005859375,0.8187255859375,0.5440673828125,1.2105712890625,1.2042236328125,0.6180419921875,1.7261962890625,1.33740234375,1.233154296875,0.928955078125,1.1949462890625,0.731689453125,0.9742431640625,0.8956298828125,1.9193115234375,1.0634765625,0.86328125,1.244384765625,0.780517578125,1.156982421875,1.08349609375,0.763671875,0.9808349609375,1.2496337890625,1.2613525390625,0.8648681640625,0.952392578125,0.8604736328125
ENSG00000185947|chr16:31884557-31884981,0.2850341796875,0.39208984375,0.60986328125,0.746826171875,0.5853271484375,0.6993408203125,15.03857421875,0.555419921875,0.435791015625,1.002197265625,0.58935546875,1.2235107421875,0.8536376953125,0.80224609375,0.56298828125,0.57373046875,0.6080322265625,0.732421875,0.8697509765625,1.0679931640625,0.6802978515625,0.3594970703125,0.840087890625,0.5257568359375,0.521240234375,0.368408203125,0.5927734375,0.664794921875,0.5440673828125,7.535400390625,1.0369873046875,0.3900146484375,0.513916015625,0.8201904296875,0.78271484375,0.5015869140625,0.6400146484375,0.58740234375,1.0224609375,0.3580322265625,0.4564208984375,1.1243896484375,1.4349365234375,0.26806640625,1.21435546875,0.3426513671875,0.4139404296875,0.6400146484375,2.2119140625,1.203857421875,1.34765625,0.856201171875,0.458984375,1.169189453125,0.4326171875,1.232177734375,0.838134765625,1.01708984375,0.8255615234375,0.4482421875,0.8963623046875,0.71923828125,0.5728759765625,1.30322265625,1.6295166015625,0.841552734375,1.25634765625,1.3665771484375,0.2796630859375,0.327392578125,1.1976318359375,0.6185302734375,0.593017578125,0.7261962890625,0.6661376953125,10.35107421875,2.4739990234375,0.6961669921875,0.7928466796875,0.893310546875,0.5823974609375,15.2574462890625,0.8975830078125,0.2239990234375,1.4405517578125,1.3729248046875,0.568115234375,1.22509765625,1.0458984375,1.762939453125,0.3638916015625,0.6036376953125,0.5899658203125,0.4696044921875,0.577392578125,0.90869140625,3.8759765625,1.435546875,0.6724853515625,0.7022705078125,0.2625732421875,0.801513671875,1.381103515625,0.6644287109375,0.7000732421875,2.788330078125,0.3682861328125,0.28125,1.321044921875,0.6767578125,0.6519775390625,0.370849609375,0.593017578125,0.9898681640625,0.376953125,0.294921875,0.808349609375,1.3555908203125,1.184326171875,0.8582763671875,0.3966064453125,0.618896484375,0.8853759765625,0.419189453125,0.85888671875,0.8519287109375,0.404541015625,0.36181640625,1.0272216796875,0.427734375,0.5888671875,0.515380859375,0.7781982421875,1.2252197265625,0.3909912109375,0.749755859375,0.5435791015625,0.7423095703125,1.228759765625,1.2972412109375,1.2652587890625,0.390869140625,0.4017333984375,0.8212890625,1.916748046875,1.8380126953125,1.0220947265625,0.3634033203125,0.4703369140625,1.138671875,0.0,0.73779296875,0.415283203125,0.6353759765625,0.294677734375,8.80322265625,1.110107421875,0.4501953125,0.723388671875,0.9205322265625,0.475830078125,1.1024169921875,0.8924560546875,0.3935546875,0.513916015625,0.8924560546875,0.8714599609375,1.0035400390625,0.2625732421875,1.2374267578125,0.5369873046875,0.8734130859375,1.155029296875,0.742919921875,0.550537109375,0.8575439453125,0.2216796875,0.7098388671875,0.4932861328125,0.6392822265625,0.533447265625,0.132568359375,0.43115234375,0.21337890625,0.4501953125,1.052734375,0.629150390625,1.2816162109375,0.7757568359375,0.8111572265625,0.6009521484375,0.4052734375,0.8248291015625
ENSG00000186230|chr19:57435341-57435564,0.5750732421875,0.38623046875,0.433349609375,0.156982421875,0.7899169921875,0.3009033203125,14.146240234375,0.50244140625,0.359619140625,0.3662109375,0.692138671875,0.3751220703125,0.3494873046875,0.2998046875,0.4580078125,0.4833984375,0.4107666015625,0.345947265625,0.7052001953125,0.4166259765625,0.2750244140625,0.5933837890625,0.535400390625,0.6041259765625,0.426025390625,0.617919921875,0.544677734375,0.46923828125,0.3812255859375,6.26904296875,0.3045654296875,0.8021240234375,0.41259765625,0.1927490234375,0.832275390625,0.3060302734375,0.3582763671875,0.30517578125,0.56005859375,0.3055419921875,0.5035400390625,0.5621337890625,1.3155517578125,0.56787109375,1.537353515625,0.5460205078125,0.3275146484375,0.4842529296875,1.341552734375,0.49462890625,0.425537109375,0.569091796875,0.214599609375,0.557373046875,0.72119140625,1.138671875,0.79638671875,0.4755859375,0.4642333984375,0.435791015625,0.4412841796875,0.46826171875,0.3253173828125,0.593994140625,2.3197021484375,0.8955078125,0.50830078125,0.7569580078125,0.5428466796875,0.36962890625,0.3765869140625,0.4908447265625,0.286376953125,0.5675048828125,0.3070068359375,11.5546875,1.2222900390625,0.2322998046875,0.4879150390625,0.453369140625,0.2467041015625,11.2493896484375,0.2816162109375,0.7039794921875,0.9075927734375,0.8863525390625,0.23291015625,0.4716796875,0.540283203125,0.861083984375,0.4088134765625,0.5238037109375,0.3240966796875,0.2613525390625,0.294189453125,0.46826171875,2.660400390625,1.0546875,0.3397216796875,0.4173583984375,0.7005615234375,0.257080078125,1.12890625,0.6016845703125,0.2840576171875,1.971923828125,0.7757568359375,0.950927734375,0.738525390625,0.588623046875,0.4342041015625,0.391845703125,0.97705078125,0.3848876953125,0.457275390625,0.565185546875,0.791015625,0.5692138671875,0.6162109375,0.5142822265625,0.4344482421875,0.319091796875,0.7103271484375,0.309814453125,0.248291015625,0.3468017578125,0.265625,0.26953125,0.3775634765625,0.333740234375,0.313720703125,0.5556640625,0.5655517578125,0.8717041015625,0.3155517578125,0.49267578125,0.3658447265625,0.2354736328125,0.457763671875,0.4893798828125,1.2557373046875,1.0625,0.4876708984375,0.212646484375,1.044677734375,0.8187255859375,0.3883056640625,0.3863525390625,0.3497314453125,0.9306640625,0.73779296875,0.0,0.30224609375,0.5479736328125,0.483642578125,5.944580078125,0.376953125,0.37841796875,0.232421875,0.9344482421875,0.249755859375,0.7677001953125,0.3214111328125,0.539306640625,0.237548828125,0.3028564453125,0.3995361328125,0.5533447265625,0.4083251953125,1.1068115234375,0.3175048828125,0.5623779296875,0.398681640625,0.497314453125,0.5537109375,1.0196533203125,0.507080078125,0.3909912109375,0.6697998046875,1.3487548828125,0.275634765625,0.64599609375,0.442138671875,0.5400390625,0.3828125,0.574462890625,0.330810546875,0.5347900390625,0.4102783203125,0.5294189453125,0.2384033203125,0.359375,0.3431396484375
ENSG00000186790|chr1:47416298-47416368,0.2850341796875,0.1884765625,0.294189453125,0.263916015625,0.4803466796875,0.2220458984375,14.03173828125,0.401611328125,0.1484375,0.37890625,0.63720703125,0.5565185546875,0.2491455078125,0.33154296875,0.4013671875,0.30419921875,0.2384033203125,0.2158203125,0.4556884765625,0.4088134765625,0.2183837890625,0.3765869140625,0.4189453125,0.1971435546875,0.376220703125,0.369873046875,0.314453125,0.438720703125,0.1793212890625,6.2880859375,0.4635009765625,0.5465087890625,0.236572265625,0.3656005859375,0.5234375,0.1612548828125,0.3184814453125,0.19091796875,0.3720703125,0.2117919921875,0.3724365234375,0.6114501953125,1.1439208984375,0.242919921875,1.049072265625,0.3931884765625,0.1680908203125,0.4361572265625,1.333740234375,0.49169921875,0.601806640625,0.408935546875,0.209716796875,0.54736328125,0.4443359375,0.886962890625,0.65185546875,0.447998046875,0.4329833984375,0.325927734375,0.4132080078125,0.362060546875,0.3001708984375,0.610595703125,1.6873779296875,0.74755859375,0.543701171875,0.8018798828125,0.3255615234375,0.16357421875,0.4727783203125,0.2991943359375,0.30419921875,0.5645751953125,0.2208251953125,10.391357421875,1.3568115234375,0.2322998046875,0.3787841796875,0.478271484375,0.2789306640625,12.3221435546875,0.3438720703125,0.3660888671875,0.8292236328125,0.5408935546875,0.22705078125,0.684326171875,0.61865234375,0.868408203125,0.2393798828125,0.2557373046875,0.2374267578125,0.1588134765625,0.185791015625,0.405517578125,2.944580078125,0.95068359375,0.2669677734375,0.4510498046875,0.3238525390625,0.3251953125,0.8291015625,0.4000244140625,0.1815185546875,2.036376953125,0.4417724609375,0.40625,0.7216796875,0.41162109375,0.3114013671875,0.203125,0.626708984375,0.4530029296875,0.183837890625,0.258544921875,0.38232421875,0.5819091796875,0.594970703125,0.4620361328125,0.2581787109375,0.120361328125,0.6424560546875,0.146240234375,0.30712890625,0.3428955078125,0.13720703125,0.15283203125,0.5638427734375,0.2265625,0.3291015625,0.35693359375,0.4237060546875,0.6751708984375,0.2083740234375,0.264404296875,0.3131103515625,0.2996826171875,0.60888671875,0.4364013671875,1.1387939453125,0.584228515625,0.2579345703125,0.234130859375,0.9873046875,0.9317626953125,0.4613037109375,0.2650146484375,0.2520751953125,0.634765625,0.415283203125,0.30224609375,0.0,0.2760009765625,0.260009765625,6.45947265625,0.459228515625,0.2353515625,0.240478515625,0.6827392578125,0.270263671875,0.6163330078125,0.3221435546875,0.20166015625,0.156494140625,0.3319091796875,0.3206787109375,0.5645751953125,0.2425537109375,0.7645263671875,0.2667236328125,0.4859619140625,0.544189453125,0.495361328125,0.243896484375,0.8975830078125,0.164306640625,0.2347412109375,0.4512939453125,0.9388427734375,0.187255859375,0.294677734375,0.34130859375,0.1884765625,0.2685546875,0.501953125,0.146484375,0.4893798828125,0.3436279296875,0.4971923828125,0.2574462890625,0.168212890625,0.3419189453125
ENSG00000186918|chr8:28385780-28386215,0.6220703125,0.3245849609375,0.1397705078125,0.3880615234375,1.06494140625,0.400634765625,14.0484619140625,0.7064208984375,0.2374267578125,0.3763427734375,0.9449462890625,0.73193359375,0.366455078125,0.4539794921875,0.2762451171875,0.3406982421875,0.311767578125,0.3536376953125,0.363037109375,0.2568359375,0.53076171875,0.465087890625,0.8399658203125,0.450927734375,0.2559814453125,0.5345458984375,0.1995849609375,0.3841552734375,0.33642578125,7.0675048828125,0.414794921875,0.731689453125,0.3016357421875,0.59912109375,0.8656005859375,0.423583984375,0.62353515625,0.4639892578125,0.2930908203125,0.260986328125,0.46728515625,0.685302734375,0.612060546875,0.5450439453125,1.8406982421875,0.603515625,0.274658203125,0.6220703125,1.2381591796875,0.3431396484375,0.4949951171875,0.2303466796875,0.4290771484375,0.3182373046875,0.2750244140625,1.1519775390625,0.7208251953125,0.3621826171875,0.3046875,0.2730712890625,0.68701171875,0.5032958984375,0.2412109375,0.5982666015625,1.716064453125,1.2791748046875,0.3074951171875,0.480224609375,0.494140625,0.1773681640625,0.710693359375,0.273681640625,0.3507080078125,0.91064453125,0.213623046875,9.8228759765625,1.09375,0.3046875,0.824951171875,0.3887939453125,0.62744140625,12.1201171875,0.26318359375,0.432861328125,0.714111328125,0.433837890625,0.4161376953125,1.0238037109375,0.5733642578125,0.9659423828125,0.25048828125,0.3232421875,0.179931640625,0.182861328125,0.2371826171875,0.9144287109375,2.7332763671875,0.5135498046875,0.3544921875,0.631103515625,0.667236328125,0.4735107421875,1.1505126953125,0.150634765625,0.396484375,2.1204833984375,0.672607421875,0.6678466796875,0.5450439453125,0.3446044921875,0.689208984375,0.5528564453125,0.5889892578125,0.343994140625,0.2593994140625,0.1719970703125,0.8319091796875,1.00439453125,0.8099365234375,0.431884765625,0.3828125,0.2393798828125,0.3828125,0.3026123046875,0.4664306640625,0.390625,0.3953857421875,0.2921142578125,0.638916015625,0.3328857421875,0.4376220703125,0.2882080078125,0.371337890625,0.7880859375,0.483154296875,0.4835205078125,0.229248046875,0.613037109375,0.8638916015625,0.544189453125,0.832275390625,0.5279541015625,0.232666015625,0.5462646484375,0.5860595703125,1.328857421875,0.773681640625,0.346923828125,0.5263671875,1.0216064453125,0.6353759765625,0.5479736328125,0.2760009765625,0.0,0.3812255859375,7.0562744140625,0.7296142578125,0.4200439453125,0.4700927734375,0.91943359375,0.4576416015625,0.55078125,0.3515625,0.2728271484375,0.3446044921875,0.279296875,0.53466796875,0.94580078125,0.338134765625,0.9296875,0.512451171875,0.56103515625,0.4691162109375,0.6036376953125,0.1712646484375,1.479736328125,0.3643798828125,0.485595703125,1.014404296875,0.973876953125,0.3929443359375,0.4705810546875,0.6783447265625,0.3870849609375,0.2047119140625,0.7037353515625,0.3836669921875,1.0244140625,0.266357421875,0.79443359375,0.357666015625,0.1717529296875,0.230224609375
ENSG00000188227|chr19:37506929-37507216,0.3004150390625,0.2998046875,0.355224609375,0.44775390625,0.5921630859375,0.4906005859375,14.455810546875,0.4013671875,0.298095703125,0.557373046875,0.563232421875,0.9808349609375,0.4854736328125,0.613525390625,0.402587890625,0.373291015625,0.3126220703125,0.497802734375,0.5296630859375,0.7445068359375,0.5902099609375,0.3795166015625,0.55859375,0.2972412109375,0.42724609375,0.240966796875,0.42578125,0.58349609375,0.3643798828125,6.84228515625,0.7479248046875,0.3236083984375,0.361328125,0.5345458984375,0.6953125,0.2769775390625,0.5181884765625,0.488037109375,0.724609375,0.2479248046875,0.3760986328125,0.7525634765625,1.2613525390625,0.31005859375,1.132080078125,0.2708740234375,0.2503662109375,0.5482177734375,1.812255859375,0.76904296875,0.981201171875,0.5439453125,0.307373046875,0.8369140625,0.266357421875,1.02197265625,0.53857421875,0.7177734375,0.5072021484375,0.365234375,0.6285400390625,0.427001953125,0.3787841796875,0.8603515625,1.3665771484375,0.97216796875,0.776611328125,0.9842529296875,0.1507568359375,0.181640625,0.8358154296875,0.3428955078125,0.46875,0.7376708984375,0.4508056640625,9.94140625,1.9451904296875,0.4342041015625,0.6126708984375,0.7060546875,0.3948974609375,13.9979248046875,0.4913330078125,0.2242431640625,1.0084228515625,0.9515380859375,0.48291015625,0.72265625,0.806396484375,1.24462890625,0.2283935546875,0.3563232421875,0.3883056640625,0.2081298828125,0.3525390625,0.6796875,2.910888671875,1.205078125,0.5057373046875,0.4232177734375,0.2327880859375,0.646728515625,0.983642578125,0.3475341796875,0.3875732421875,2.1923828125,0.3780517578125,0.384033203125,1.0048828125,0.40283203125,0.4515380859375,0.347412109375,0.4765625,0.6251220703125,0.244140625,0.229736328125,0.81689453125,0.9266357421875,0.780029296875,0.6842041015625,0.2860107421875,0.402099609375,0.6917724609375,0.2275390625,0.59521484375,0.4249267578125,0.228515625,0.213623046875,0.5211181640625,0.409423828125,0.358154296875,0.3330078125,0.6392822265625,0.7130126953125,0.2579345703125,0.47412109375,0.2818603515625,0.5570068359375,0.812744140625,0.7686767578125,1.1041259765625,0.364501953125,0.2545166015625,0.49169921875,1.4228515625,1.3509521484375,0.7813720703125,0.3050537109375,0.2633056640625,0.8359375,0.294677734375,0.483642578125,0.260009765625,0.3812255859375,0.0,8.009033203125,0.81591796875,0.302978515625,0.45263671875,0.7137451171875,0.414306640625,0.8441162109375,0.6549072265625,0.257568359375,0.338623046875,0.6236572265625,0.6683349609375,0.6624755859375,0.2281494140625,0.8333740234375,0.3416748046875,0.7398681640625,0.80908203125,0.345458984375,0.39453125,0.8441162109375,0.26708984375,0.4578857421875,0.6417236328125,0.7205810546875,0.35302734375,0.173583984375,0.3994140625,0.237060546875,0.282958984375,0.771484375,0.34326171875,0.9171142578125,0.5384521484375,0.5352783203125,0.3135986328125,0.25,0.4476318359375
ENSG00000188342|chr13:45120463-45120684,7.5731201171875,7.1787109375,7.03173828125,6.00439453125,8.2625732421875,5.9063720703125,12.8369140625,6.39111328125,6.689697265625,5.38134765625,7.806396484375,5.9937744140625,5.6690673828125,6.833740234375,7.9736328125,6.4267578125,6.9520263671875,5.9365234375,6.0030517578125,5.6636962890625,6.1517333984375,8.3367919921875,5.49658203125,7.3341064453125,6.895751953125,7.720458984375,7.3974609375,7.436767578125,6.1844482421875,5.12060546875,5.2581787109375,9.4979248046875,7.256591796875,6.1082763671875,8.09765625,5.9569091796875,7.4407958984375,5.837890625,5.780029296875,7.5765380859375,7.5611572265625,4.8787841796875,8.3909912109375,7.957763671875,8.3974609375,8.6077880859375,7.0006103515625,5.7003173828125,4.337158203125,5.191650390625,4.72265625,6.38525390625,6.531982421875,6.36279296875,8.522216796875,5.82275390625,8.99560546875,5.11474609375,6.2474365234375,7.700927734375,5.7828369140625,6.597412109375,7.4183349609375,5.376220703125,9.0438232421875,6.917236328125,5.65283203125,5.5194091796875,8.6160888671875,7.02685546875,4.4676513671875,7.4456787109375,7.1044921875,8.1636962890625,6.1138916015625,14.4814453125,3.5897216796875,5.9659423828125,5.4246826171875,5.775390625,6.1641845703125,5.5623779296875,5.7010498046875,9.2928466796875,5.2066650390625,5.8114013671875,6.22265625,5.334228515625,6.666259765625,4.39111328125,7.9337158203125,7.1634521484375,6.4898681640625,6.5003662109375,6.767822265625,6.0205078125,6.259033203125,7.004150390625,6.2554931640625,6.3753662109375,8.3531494140625,6.468017578125,6.199462890625,7.5592041015625,5.6395263671875,6.812255859375,9.3443603515625,8.158447265625,4.94189453125,7.94970703125,5.5531005859375,7.471923828125,9.961669921875,5.8431396484375,7.08056640625,7.74560546875,5.9609375,4.4566650390625,5.71240234375,5.6219482421875,7.6126708984375,6.0576171875,7.6080322265625,6.661865234375,5.49169921875,7.1627197265625,6.87841796875,7.30419921875,6.2630615234375,6.670654296875,6.982666015625,6.648193359375,7.8265380859375,6.2633056640625,7.5367431640625,6.316162109375,7.4971923828125,6.2269287109375,4.963134765625,4.9036865234375,9.4649658203125,8.991943359375,7.2227783203125,5.61865234375,5.549560546875,4.4708251953125,6.7808837890625,7.1593017578125,6.5914306640625,7.213623046875,8.80322265625,5.944580078125,6.45947265625,7.0562744140625,8.009033203125,0.0,5.37255859375,6.617919921875,6.12646484375,5.8802490234375,6.6123046875,5.1229248046875,5.3651123046875,7.868896484375,6.696533203125,5.2139892578125,5.4820556640625,6.3031005859375,7.8458251953125,5.9324951171875,7.0106201171875,5.4188232421875,6.319091796875,6.459228515625,6.940185546875,10.1202392578125,7.39013671875,5.4227294921875,7.9913330078125,11.1893310546875,6.8623046875,8.487548828125,7.6474609375,8.072265625,7.687744140625,5.086181640625,5.5673828125,4.8612060546875,6.4332275390625,5.8841552734375,6.2366943359375,7.274658203125,6.7967529296875
ENSG00000189308|chr4:83012667-83012882,0.8177490234375,0.56787109375,0.613037109375,0.35107421875,0.8221435546875,0.3155517578125,13.658447265625,0.875,0.495361328125,0.4814453125,1.067138671875,0.4437255859375,0.3712158203125,0.4208984375,0.700927734375,0.795654296875,0.5128173828125,0.46240234375,0.6976318359375,0.4366455078125,0.2247314453125,0.8192138671875,0.555419921875,0.7584228515625,0.7763671875,0.879638671875,0.724853515625,0.676025390625,0.5804443359375,5.839111328125,0.4881591796875,1.1304931640625,0.521728515625,0.3294677734375,0.8173828125,0.4886474609375,0.4520263671875,0.415283203125,0.5556640625,0.5699462890625,0.8316650390625,0.7239990234375,1.6053466796875,0.715087890625,1.583251953125,0.8631591796875,0.4884033203125,0.8363037109375,1.434814453125,0.680908203125,0.40673828125,0.631591796875,0.46923828125,0.609375,1.0107421875,1.07373046875,0.914306640625,0.517333984375,0.7357177734375,0.63427734375,0.4569091796875,0.440185546875,0.5052490234375,0.64453125,2.5489501953125,0.968994140625,0.581787109375,0.8990478515625,0.8956298828125,0.562744140625,0.5140380859375,0.6160888671875,0.617919921875,0.7374267578125,0.5301513671875,11.707275390625,1.1890869140625,0.4207763671875,0.4661865234375,0.643310546875,0.4798583984375,11.2855224609375,0.5704345703125,1.1319580078125,0.8297119140625,0.7418212890625,0.3798828125,0.7412109375,0.790771484375,0.755859375,0.6829833984375,0.5843505859375,0.4940185546875,0.4432373046875,0.447998046875,0.388671875,2.931884765625,1.1064453125,0.5137939453125,0.7701416015625,0.9569091796875,0.27001953125,1.013671875,0.8670654296875,0.3133544921875,1.79443359375,0.9366455078125,1.07861328125,0.748779296875,0.8466796875,0.4544677734375,0.508056640625,1.211181640625,0.5233154296875,0.7275390625,0.821533203125,0.64794921875,0.4329833984375,0.73828125,0.6722412109375,0.6905517578125,0.351318359375,0.9261474609375,0.398681640625,0.38671875,0.5472412109375,0.427734375,0.48828125,0.8323974609375,0.51513671875,0.48193359375,0.8076171875,0.7816162109375,0.7579345703125,0.4351806640625,0.527099609375,0.7015380859375,0.3555908203125,0.48876953125,0.4542236328125,1.5335693359375,1.511474609375,0.7606201171875,0.295166015625,0.911376953125,0.6168212890625,0.4498291015625,0.6502685546875,0.6072998046875,0.807373046875,1.110107421875,0.376953125,0.459228515625,0.7296142578125,0.81591796875,5.37255859375,0.0,0.633056640625,0.30615234375,1.1715087890625,0.480712890625,0.7225341796875,0.3695068359375,0.72314453125,0.388427734375,0.4129638671875,0.4185791015625,0.6158447265625,0.7347412109375,0.9283447265625,0.6385498046875,0.6976318359375,0.5517578125,0.80078125,0.644775390625,1.2608642578125,0.653076171875,0.4371337890625,0.7984619140625,1.9647216796875,0.43505859375,0.83447265625,0.68408203125,0.870849609375,0.643310546875,0.52294921875,0.45166015625,0.5509033203125,0.4281005859375,0.5545654296875,0.6280517578125,0.498779296875,0.4549560546875
ENSG00000196214|chr19:52269583-52269837,0.4222412109375,0.23291015625,0.43798828125,0.30322265625,0.7486572265625,0.2696533203125,13.11474609375,0.446044921875,0.27392578125,0.41015625,0.88916015625,0.5968017578125,0.4281005859375,0.47314453125,0.59326171875,0.195556640625,0.1939697265625,0.233154296875,0.4862060546875,0.4862060546875,0.3900146484375,0.3675537109375,0.5830078125,0.5113525390625,0.355712890625,0.311767578125,0.409423828125,0.323486328125,0.2020263671875,6.471923828125,0.4925537109375,0.6739501953125,0.483154296875,0.4456787109375,0.779541015625,0.1905517578125,0.3773193359375,0.41357421875,0.57958984375,0.2525634765625,0.1876220703125,0.4725341796875,0.9461669921875,0.25927734375,1.239013671875,0.6068115234375,0.1986083984375,0.4718017578125,1.380859375,0.53125,0.722412109375,0.727783203125,0.345458984375,0.836669921875,0.50341796875,1.212646484375,1.08984375,0.5302734375,0.5003662109375,0.372314453125,0.4564208984375,0.392822265625,0.3023681640625,0.975341796875,2.0618896484375,0.51611328125,0.6123046875,0.8394775390625,0.3658447265625,0.166259765625,0.3570556640625,0.4107666015625,0.269287109375,0.9659423828125,0.4132080078125,10.77587890625,1.5970458984375,0.3739013671875,0.5401611328125,0.294921875,0.1588134765625,12.1348876953125,0.4044189453125,0.4268798828125,0.9049072265625,0.7864990234375,0.312744140625,0.72705078125,0.3740234375,1.322998046875,0.2823486328125,0.6197509765625,0.2457275390625,0.2218017578125,0.296875,0.86376953125,3.44677734375,1.147705078125,0.2027587890625,0.4803466796875,0.4156494140625,0.492919921875,1.504638671875,0.4796142578125,0.2515869140625,2.896240234375,0.5592041015625,0.49853515625,0.939697265625,0.715576171875,0.4493408203125,0.4609375,0.62939453125,0.3995361328125,0.141845703125,0.323486328125,0.445068359375,0.5533447265625,1.0126953125,0.2510986328125,0.1575927734375,0.3330078125,0.5003662109375,0.183837890625,0.215087890625,0.6453857421875,0.372802734375,0.30810546875,0.6737060546875,0.1826171875,0.56591796875,0.501220703125,0.5416259765625,1.1204833984375,0.3839111328125,0.562744140625,0.4774169921875,0.2662353515625,0.879638671875,0.6815185546875,0.8804931640625,0.48779296875,0.1356201171875,0.477294921875,1.39453125,1.1973876953125,0.7552490234375,0.2049560546875,0.2313232421875,1.210693359375,0.4501953125,0.37841796875,0.2353515625,0.4200439453125,0.302978515625,6.617919921875,0.633056640625,0.0,0.4462890625,0.9261474609375,0.22705078125,0.7508544921875,0.2965087890625,0.3447265625,0.273681640625,0.3006591796875,0.4935302734375,0.9583740234375,0.2186279296875,1.0552978515625,0.3758544921875,0.2047119140625,0.5654296875,0.5302734375,0.45361328125,1.0972900390625,0.353271484375,0.2276611328125,0.5220947265625,0.8155517578125,0.205322265625,0.408203125,0.210205078125,0.354248046875,0.30224609375,0.787109375,0.279052734375,0.6578369140625,0.3907470703125,0.4293212890625,0.4168701171875,0.230712890625,0.4544677734375
ENSG00000196247|chr7:64666340-64666635,0.4461669921875,0.36279296875,0.35595703125,0.164794921875,0.6793212890625,0.2528076171875,14.948486328125,0.534423828125,0.316162109375,0.323486328125,0.548095703125,0.4310302734375,0.3052978515625,0.369384765625,0.410888671875,0.495361328125,0.4027099609375,0.3974609375,0.6131591796875,0.4295654296875,0.2520751953125,0.5863037109375,0.4580078125,0.4569091796875,0.4541015625,0.66064453125,0.390625,0.51220703125,0.4876708984375,6.70068359375,0.3399658203125,0.7967529296875,0.2587890625,0.2047119140625,0.73095703125,0.3055419921875,0.3597412109375,0.2607421875,0.525390625,0.3253173828125,0.5682373046875,0.6431884765625,1.3804931640625,0.50341796875,1.43310546875,0.5010986328125,0.2359619140625,0.5523681640625,1.437744140625,0.617919921875,0.42626953125,0.42578125,0.21826171875,0.506103515625,0.6328125,0.8798828125,0.5263671875,0.401123046875,0.5308837890625,0.36767578125,0.4639892578125,0.320068359375,0.3248291015625,0.41455078125,2.0777587890625,1.00048828125,0.513427734375,0.8302001953125,0.5545654296875,0.304931640625,0.4981689453125,0.3419189453125,0.390625,0.4708251953125,0.2630615234375,11.116943359375,1.1978759765625,0.2806396484375,0.3306884765625,0.603515625,0.3782958984375,11.9918212890625,0.3509521484375,0.6890869140625,0.8575439453125,0.6519775390625,0.2431640625,0.554443359375,0.750244140625,0.6689453125,0.3399658203125,0.3597412109375,0.3319091796875,0.2803955078125,0.28564453125,0.358642578125,2.42822265625,0.989013671875,0.4351806640625,0.4613037109375,0.5828857421875,0.251220703125,0.84130859375,0.5118408203125,0.1964111328125,1.525634765625,0.6607666015625,0.830810546875,0.681884765625,0.437255859375,0.4097900390625,0.29736328125,0.89599609375,0.4793701171875,0.516845703125,0.481689453125,0.725341796875,0.6263427734375,0.51708984375,0.6485595703125,0.4490966796875,0.22021484375,0.7894287109375,0.33154296875,0.28662109375,0.2110595703125,0.188720703125,0.1826171875,0.4044189453125,0.41455078125,0.23193359375,0.476318359375,0.4495849609375,0.6356201171875,0.2381591796875,0.317138671875,0.3367919921875,0.2952880859375,0.420166015625,0.4691162109375,1.3558349609375,0.997802734375,0.5611572265625,0.16796875,0.873046875,0.7181396484375,0.3345947265625,0.4586181640625,0.4530029296875,0.6689453125,0.723388671875,0.232421875,0.240478515625,0.4700927734375,0.45263671875,6.12646484375,0.30615234375,0.4462890625,0.0,0.8262939453125,0.276123046875,0.7413330078125,0.3482666015625,0.43505859375,0.189697265625,0.3480224609375,0.3375244140625,0.4361572265625,0.4420166015625,0.8077392578125,0.2799072265625,0.6956787109375,0.47900390625,0.55078125,0.413818359375,0.9095458984375,0.360107421875,0.4708251953125,0.6134033203125,1.4234619140625,0.376708984375,0.536865234375,0.56591796875,0.45166015625,0.366943359375,0.507568359375,0.30810546875,0.5487060546875,0.3714599609375,0.6019287109375,0.2659912109375,0.297119140625,0.3280029296875
ENSG00000196458|chr12:132956111-132956348,0.58740234375,0.9310302734375,0.9583740234375,0.9461669921875,1.27587890625,1.009033203125,12.8272705078125,0.4356689453125,0.8001708984375,0.7081298828125,0.9659423828125,1.81494140625,0.716552734375,1.4781494140625,1.2503662109375,0.7723388671875,1.10107421875,1.0272216796875,0.720703125,1.213623046875,1.160400390625,1.409423828125,0.4117431640625,0.627197265625,0.8736572265625,0.8746337890625,1.1326904296875,1.5872802734375,0.70458984375,4.5037841796875,0.9638671875,1.113037109375,0.9864501953125,1.04296875,1.3397216796875,0.49462890625,1.468505859375,0.5423583984375,1.0714111328125,1.115966796875,1.333251953125,0.89892578125,2.50927734375,1.0457763671875,1.3707275390625,1.022216796875,0.9462890625,0.35302734375,1.4935302734375,1.0140380859375,1.1094970703125,0.7659912109375,0.7032470703125,1.3294677734375,1.1053466796875,0.5167236328125,1.3643798828125,0.8072509765625,0.932861328125,1.1375732421875,0.8994140625,0.9920654296875,1.28564453125,0.9700927734375,1.16015625,1.5108642578125,1.2354736328125,1.113037109375,1.031494140625,0.7261962890625,1.101318359375,1.157958984375,1.3609619140625,1.423828125,0.683349609375,7.2005615234375,1.595947265625,0.755126953125,0.435791015625,1.1981201171875,0.828369140625,11.5078125,0.826904296875,1.160400390625,1.05810546875,1.379638671875,0.9217529296875,0.6207275390625,1.7855224609375,0.7904052734375,1.092529296875,0.809814453125,0.929443359375,0.6298828125,1.0936279296875,0.7489013671875,2.2508544921875,1.7601318359375,1.079345703125,0.579833984375,0.731689453125,1.3895263671875,0.6085205078125,1.004150390625,0.6806640625,1.8724365234375,1.385498046875,0.7459716796875,0.8470458984375,1.0186767578125,0.390380859375,0.9339599609375,1.8983154296875,1.240234375,0.8385009765625,0.7073974609375,1.0467529296875,1.028564453125,0.5235595703125,1.079345703125,1.1484375,0.7999267578125,1.718994140625,0.7847900390625,1.1063232421875,1.077392578125,0.6353759765625,0.8990478515625,0.732177734375,1.0509033203125,0.8541259765625,0.3978271484375,1.658203125,0.574951171875,0.970947265625,0.5875244140625,1.0185546875,1.2568359375,0.6492919921875,0.9384765625,2.74951171875,1.0428466796875,0.9599609375,0.6800537109375,1.5989990234375,1.010498046875,1.42431640625,0.86083984375,0.705810546875,1.0865478515625,0.9205322265625,0.9344482421875,0.6827392578125,0.91943359375,0.7137451171875,5.8802490234375,1.1715087890625,0.9261474609375,0.8262939453125,0.0,0.9957275390625,0.681884765625,1.07080078125,1.1080322265625,0.9490966796875,0.99560546875,0.856689453125,0.666015625,0.978759765625,0.599365234375,0.869384765625,1.1181640625,1.6654052734375,0.5899658203125,0.8182373046875,2.112548828125,0.7542724609375,0.61279296875,1.421630859375,2.270751953125,1.1175537109375,0.7576904296875,1.2520751953125,0.9002685546875,1.1741943359375,0.5657958984375,0.4261474609375,0.941162109375,1.139404296875,0.77294921875,0.589599609375,1.0167236328125,1.22265625
ENSG00000196466|chr19:12400949-12401251,0.4822998046875,0.180419921875,0.3525390625,0.264404296875,0.7799072265625,0.2296142578125,13.420166015625,0.552978515625,0.278076171875,0.448486328125,0.70263671875,0.4766845703125,0.3538818359375,0.347900390625,0.4384765625,0.327880859375,0.2894287109375,0.226806640625,0.5609130859375,0.4727783203125,0.2554931640625,0.3707275390625,0.605224609375,0.6204833984375,0.2744140625,0.3701171875,0.40966796875,0.25146484375,0.3011474609375,7.035888671875,0.3624267578125,0.7059326171875,0.370361328125,0.2564697265625,0.734619140625,0.2962646484375,0.3282470703125,0.2744140625,0.56884765625,0.1778564453125,0.2650146484375,0.4947509765625,0.9525146484375,0.3046875,1.50439453125,0.5587158203125,0.1558837890625,0.4727783203125,1.642333984375,0.565673828125,0.521484375,0.58203125,0.240478515625,0.596435546875,0.464599609375,1.10107421875,0.88623046875,0.426025390625,0.3968505859375,0.24609375,0.3355712890625,0.275634765625,0.2186279296875,0.805419921875,2.2020263671875,0.5703125,0.531005859375,0.7637939453125,0.3699951171875,0.205078125,0.4503173828125,0.3140869140625,0.2333984375,0.6458740234375,0.3428955078125,11.22509765625,1.4986572265625,0.3333740234375,0.5360107421875,0.28271484375,0.1868896484375,11.9783935546875,0.3514404296875,0.4908447265625,0.7935791015625,0.7987060546875,0.1787109375,0.75830078125,0.35498046875,1.2060546875,0.3140869140625,0.5233154296875,0.2108154296875,0.2232666015625,0.205078125,0.6728515625,3.295166015625,0.94775390625,0.2811279296875,0.5020751953125,0.5428466796875,0.25830078125,1.390380859375,0.5499267578125,0.3104248046875,2.563232421875,0.5750732421875,0.5791015625,0.779296875,0.610595703125,0.4224853515625,0.364990234375,0.670166015625,0.3389892578125,0.344482421875,0.388671875,0.541748046875,0.6397705078125,0.992919921875,0.3121337890625,0.2347412109375,0.24267578125,0.4019775390625,0.201904296875,0.216064453125,0.5062255859375,0.292724609375,0.184326171875,0.6544189453125,0.147705078125,0.377197265625,0.540771484375,0.5252685546875,1.0369873046875,0.2784423828125,0.60498046875,0.4014892578125,0.2139892578125,0.72216796875,0.6785888671875,0.8270263671875,0.69921875,0.2906494140625,0.3779296875,1.204345703125,0.9398193359375,0.5848388671875,0.1754150390625,0.2440185546875,1.162109375,0.475830078125,0.249755859375,0.270263671875,0.4576416015625,0.414306640625,6.6123046875,0.480712890625,0.22705078125,0.276123046875,0.9957275390625,0.0,0.7093505859375,0.2869873046875,0.367431640625,0.221923828125,0.2879638671875,0.4310302734375,0.8590087890625,0.2076416015625,1.0052490234375,0.3887939453125,0.3455810546875,0.4169921875,0.562744140625,0.357421875,0.9671630859375,0.27294921875,0.3470458984375,0.4810791015625,1.0008544921875,0.169677734375,0.457763671875,0.236083984375,0.41015625,0.23095703125,0.630615234375,0.335693359375,0.6072998046875,0.2879638671875,0.3924560546875,0.3599853515625,0.187744140625,0.3861083984375
ENSG00000196482|chr1:217076892-217076980,1.061767578125,0.7188720703125,0.4886474609375,0.7659912109375,1.56494140625,0.56640625,11.0980224609375,0.8963623046875,0.5526123046875,0.5985107421875,1.3846435546875,1.158935546875,0.38623046875,0.8580322265625,0.7843017578125,0.6524658203125,0.71484375,0.5394287109375,0.317626953125,0.5234375,0.7783203125,1.121337890625,0.6204833984375,0.95849609375,0.6656494140625,0.7545166015625,0.7591552734375,0.9217529296875,0.492431640625,4.8280029296875,0.4423828125,1.397705078125,0.7508544921875,0.81640625,1.2867431640625,0.58984375,1.237548828125,0.4700927734375,0.4437255859375,0.7666015625,0.989013671875,0.378662109375,1.301513671875,1.0513916015625,2.2064208984375,1.343017578125,0.719970703125,0.4248046875,1.3765869140625,0.4207763671875,0.3795166015625,0.3450927734375,0.6168212890625,0.5455322265625,0.8392333984375,0.9122314453125,1.4871826171875,0.2611083984375,0.3525390625,0.7166748046875,0.52001953125,0.7833251953125,0.798828125,0.5506591796875,1.73583984375,1.5672607421875,0.4095458984375,0.3232421875,0.9970703125,0.5484619140625,0.765869140625,0.734375,0.8499755859375,1.518798828125,0.5068359375,8.3135986328125,0.758056640625,0.46435546875,0.6982421875,0.4871826171875,0.763671875,10.013671875,0.504150390625,1.259765625,0.294189453125,0.704833984375,0.6580810546875,0.8516845703125,0.9288330078125,0.6243896484375,0.979736328125,0.551025390625,0.43505859375,0.404296875,0.5462646484375,0.9981689453125,2.2525634765625,0.6812744140625,0.77099609375,0.736328125,1.166259765625,0.8026123046875,0.9324951171875,0.68310546875,0.523681640625,2.0123291015625,1.547607421875,0.9171142578125,0.2047119140625,0.9991455078125,0.431884765625,0.9764404296875,1.5699462890625,0.485107421875,0.7000732421875,0.5572509765625,0.8367919921875,0.908935546875,0.7362060546875,0.48193359375,0.924072265625,0.3905029296875,0.818115234375,0.6082763671875,0.7364501953125,0.9140625,0.7989501953125,0.7476806640625,0.925537109375,0.5921630859375,0.7105712890625,0.3958740234375,1.2802734375,0.649658203125,0.914306640625,0.8450927734375,0.765380859375,0.947509765625,0.6197509765625,0.46630859375,1.595947265625,1.0821533203125,0.572265625,0.6571044921875,0.7349853515625,0.907958984375,1.26904296875,0.685302734375,0.674560546875,1.3914794921875,1.1024169921875,0.7677001953125,0.6163330078125,0.55078125,0.8441162109375,5.1229248046875,0.7225341796875,0.7508544921875,0.7413330078125,0.681884765625,0.7093505859375,0.0,0.510009765625,0.9197998046875,0.8875732421875,0.4365234375,0.7314453125,1.02490234375,0.8603515625,0.47412109375,1.1513671875,0.595947265625,0.8668212890625,0.6983642578125,0.4708251953125,2.459716796875,0.7767333984375,0.439697265625,1.6474609375,2.2568359375,0.7327880859375,0.9517822265625,1.0567626953125,1.0682373046875,0.7064208984375,0.3184814453125,0.3790283203125,0.9296875,0.467529296875,0.592041015625,0.482421875,0.6463623046875,0.636962890625
ENSG00000196498|chr12:124495075-124495347,0.79248046875,0.3560791015625,0.3221435546875,0.2349853515625,1.0927734375,0.134765625,12.7476806640625,0.7196044921875,0.3619384765625,0.3096923828125,1.1524658203125,0.320556640625,0.24462890625,0.2684326171875,0.5523681640625,0.3668212890625,0.29052734375,0.1839599609375,0.412841796875,0.151611328125,0.274169921875,0.638427734375,0.6219482421875,0.72509765625,0.3656005859375,0.6910400390625,0.3900146484375,0.2965087890625,0.280517578125,6.0858154296875,0.208740234375,1.135498046875,0.4947509765625,0.3662109375,0.8609619140625,0.328369140625,0.44140625,0.3258056640625,0.2567138671875,0.327880859375,0.45654296875,0.37158203125,0.79541015625,0.5850830078125,1.8262939453125,0.945556640625,0.28564453125,0.557861328125,1.0953369140625,0.2896728515625,0.2237548828125,0.4630126953125,0.4049072265625,0.4224853515625,0.7049560546875,1.2020263671875,1.2086181640625,0.2662353515625,0.3623046875,0.3897705078125,0.365234375,0.3392333984375,0.27197265625,0.6575927734375,2.4697265625,0.8748779296875,0.2427978515625,0.4814453125,0.722900390625,0.3023681640625,0.246826171875,0.39453125,0.2774658203125,0.944580078125,0.310791015625,10.9361572265625,0.889892578125,0.269775390625,0.5859375,0.1710205078125,0.355712890625,10.4638671875,0.2587890625,0.847900390625,0.59228515625,0.45654296875,0.2427978515625,0.7811279296875,0.3253173828125,0.8663330078125,0.438720703125,0.583984375,0.164306640625,0.225830078125,0.2423095703125,0.7794189453125,2.9163818359375,0.7186279296875,0.141357421875,0.654052734375,0.91943359375,0.2933349609375,1.3853759765625,0.52587890625,0.224365234375,2.3594970703125,0.9580078125,0.9456787109375,0.5640869140625,0.7550048828125,0.499755859375,0.5875244140625,0.9622802734375,0.16943359375,0.3389892578125,0.5086669921875,0.5555419921875,0.45166015625,0.9149169921875,0.1953125,0.3837890625,0.2108154296875,0.435791015625,0.2808837890625,0.1414794921875,0.5634765625,0.4903564453125,0.3944091796875,0.708251953125,0.2437744140625,0.5084228515625,0.5103759765625,0.46875,1.003173828125,0.5166015625,0.5745849609375,0.448974609375,0.247802734375,0.6749267578125,0.396484375,0.915283203125,0.9788818359375,0.314697265625,0.3829345703125,0.6895751953125,0.84033203125,0.585693359375,0.348388671875,0.478515625,1.1724853515625,0.8924560546875,0.3214111328125,0.3221435546875,0.3515625,0.6549072265625,5.3651123046875,0.3695068359375,0.2965087890625,0.3482666015625,1.07080078125,0.2869873046875,0.510009765625,0.0,0.5220947265625,0.3216552734375,0.12255859375,0.356689453125,0.951416015625,0.46923828125,1.0087890625,0.579833984375,0.24853515625,0.3001708984375,0.6527099609375,0.3995361328125,1.566162109375,0.5186767578125,0.27685546875,0.866943359375,1.439697265625,0.2896728515625,0.7799072265625,0.5103759765625,0.6683349609375,0.3572998046875,0.6114501953125,0.3128662109375,0.665771484375,0.2138671875,0.554443359375,0.420166015625,0.2828369140625,0.26171875
ENSG00000196652|chr7:99504930-99505393,0.4385986328125,0.1875,0.31494140625,0.43701171875,0.6531982421875,0.3980712890625,15.146240234375,0.69970703125,0.23681640625,0.692138671875,0.67041015625,0.8189697265625,0.4888916015625,0.427978515625,0.344482421875,0.326904296875,0.1927490234375,0.370361328125,0.5106201171875,0.5731201171875,0.4344482421875,0.3424072265625,0.790283203125,0.2747802734375,0.36181640625,0.34423828125,0.182861328125,0.3701171875,0.3475341796875,7.652099609375,0.6966552734375,0.5455322265625,0.2314453125,0.5972900390625,0.675048828125,0.3924560546875,0.3516845703125,0.496337890625,0.447509765625,0.1739501953125,0.3104248046875,0.7742919921875,0.8155517578125,0.35302734375,1.512451171875,0.3658447265625,0.1500244140625,0.7379150390625,1.813232421875,0.654296875,0.85546875,0.441162109375,0.335205078125,0.5947265625,0.223876953125,1.053466796875,0.524169921875,0.6728515625,0.4534912109375,0.29296875,0.6746826171875,0.436279296875,0.3011474609375,0.898681640625,1.4759521484375,1.033935546875,0.661376953125,0.9349365234375,0.2491455078125,0.175537109375,0.8323974609375,0.1534423828125,0.34619140625,0.7547607421875,0.4146728515625,10.607421875,1.7022705078125,0.4649658203125,0.8118896484375,0.58544921875,0.5592041015625,14.0247802734375,0.5018310546875,0.2471923828125,0.9493408203125,0.5697021484375,0.4892578125,1.105224609375,0.6494140625,1.240234375,0.1685791015625,0.2926025390625,0.2774658203125,0.2786865234375,0.217529296875,0.71875,3.223876953125,0.890869140625,0.4041748046875,0.7269287109375,0.4312744140625,0.43896484375,1.136474609375,0.3160400390625,0.3914794921875,2.35888671875,0.3878173828125,0.410400390625,0.9443359375,0.28955078125,0.6822509765625,0.330810546875,0.332275390625,0.5013427734375,0.270751953125,0.245361328125,0.6123046875,0.9466552734375,1.002685546875,0.6070556640625,0.2174072265625,0.271484375,0.4805908203125,0.2216796875,0.5224609375,0.4188232421875,0.232666015625,0.17724609375,0.7423095703125,0.2919921875,0.4599609375,0.435302734375,0.3260498046875,0.8321533203125,0.2515869140625,0.53759765625,0.2564697265625,0.4525146484375,0.919677734375,0.8145751953125,0.7657470703125,0.39794921875,0.2474365234375,0.52685546875,1.15673828125,1.3375244140625,0.7364501953125,0.2952880859375,0.3663330078125,0.900390625,0.3935546875,0.539306640625,0.20166015625,0.2728271484375,0.257568359375,7.868896484375,0.72314453125,0.3447265625,0.43505859375,1.1080322265625,0.367431640625,0.9197998046875,0.5220947265625,0.0,0.285400390625,0.5191650390625,0.6121826171875,0.8763427734375,0.2581787109375,0.9488525390625,0.4351806640625,0.6907958984375,0.64453125,0.622314453125,0.216552734375,0.8228759765625,0.20263671875,0.5472412109375,0.6033935546875,0.6541748046875,0.27685546875,0.2822265625,0.424560546875,0.201904296875,0.192626953125,0.8974609375,0.439208984375,0.9556884765625,0.3509521484375,0.7069091796875,0.4757080078125,0.137939453125,0.4024658203125
ENSG00000197114|chr20:63707525-63708095,0.3160400390625,0.21142578125,0.360107421875,0.156494140625,0.5181884765625,0.2093505859375,14.82568359375,0.50927734375,0.224609375,0.341552734375,0.5966796875,0.3392333984375,0.3768310546875,0.2529296875,0.37255859375,0.4150390625,0.2684326171875,0.271240234375,0.7105712890625,0.3734130859375,0.1712646484375,0.3980712890625,0.6103515625,0.3182373046875,0.36962890625,0.54638671875,0.335205078125,0.332763671875,0.3621826171875,7.078857421875,0.4542236328125,0.6461181640625,0.21044921875,0.2332763671875,0.609130859375,0.2169189453125,0.1627197265625,0.2861328125,0.491943359375,0.2239990234375,0.3424072265625,0.7530517578125,1.1810302734375,0.25634765625,1.115966796875,0.3194580078125,0.1683349609375,0.6226806640625,1.398193359375,0.59130859375,0.595703125,0.52978515625,0.15966796875,0.58642578125,0.497802734375,1.1005859375,0.543212890625,0.517578125,0.5406494140625,0.30419921875,0.5325927734375,0.406494140625,0.2066650390625,0.701904296875,2.3023681640625,0.81201171875,0.56298828125,0.9735107421875,0.4066162109375,0.22412109375,0.4815673828125,0.3111572265625,0.215087890625,0.3917236328125,0.3006591796875,11.92236328125,1.4302978515625,0.2188720703125,0.4425048828125,0.485595703125,0.2781982421875,12.4959716796875,0.4149169921875,0.4439697265625,1.0694580078125,0.6431884765625,0.20654296875,0.73876953125,0.56591796875,1.0546875,0.2037353515625,0.4034423828125,0.3028564453125,0.2471923828125,0.19189453125,0.4599609375,3.164794921875,1.04296875,0.2357177734375,0.5433349609375,0.4322509765625,0.21484375,1.07861328125,0.4544677734375,0.2081298828125,1.982421875,0.3468017578125,0.66845703125,0.881103515625,0.453857421875,0.4720458984375,0.162109375,0.571533203125,0.4703369140625,0.250732421875,0.38134765625,0.598388671875,0.6121826171875,0.799072265625,0.5635986328125,0.2760009765625,0.19384765625,0.6390380859375,0.2080078125,0.21728515625,0.2916259765625,0.16259765625,0.119140625,0.4837646484375,0.259765625,0.264892578125,0.53369140625,0.2901611328125,0.8958740234375,0.1824951171875,0.26708984375,0.2833251953125,0.2017822265625,0.708251953125,0.5535888671875,1.0657958984375,0.842529296875,0.3665771484375,0.21923828125,1.062255859375,0.9766845703125,0.2403564453125,0.3546142578125,0.3760986328125,0.64697265625,0.513916015625,0.237548828125,0.156494140625,0.3446044921875,0.338623046875,6.696533203125,0.388427734375,0.273681640625,0.189697265625,0.9490966796875,0.221923828125,0.8875732421875,0.3216552734375,0.285400390625,0.0,0.3221435546875,0.3138427734375,0.6119384765625,0.2850341796875,1.0599365234375,0.1763916015625,0.5684814453125,0.402099609375,0.6748046875,0.396728515625,0.7178955078125,0.2578125,0.3726806640625,0.3438720703125,0.8800048828125,0.25,0.4130859375,0.365966796875,0.253173828125,0.268310546875,0.706787109375,0.311279296875,0.5958251953125,0.3834228515625,0.5911865234375,0.3382568359375,0.1982421875,0.2640380859375
ENSG00000197128|chr19:57477306-57477564,0.75537109375,0.3746337890625,0.3153076171875,0.1937255859375,1.1650390625,0.204833984375,13.1763916015625,0.6566162109375,0.2977294921875,0.2183837890625,1.0172119140625,0.384033203125,0.2998046875,0.3756103515625,0.4957275390625,0.3170166015625,0.332275390625,0.2303466796875,0.419189453125,0.13232421875,0.33837890625,0.61474609375,0.6573486328125,0.7470703125,0.3201904296875,0.6649169921875,0.3856201171875,0.3590087890625,0.314697265625,6.2330322265625,0.19970703125,1.106201171875,0.4295654296875,0.367431640625,1.0042724609375,0.325439453125,0.558837890625,0.3626708984375,0.3272705078125,0.366943359375,0.480224609375,0.355712890625,0.797119140625,0.6239013671875,1.8653564453125,0.86474609375,0.280517578125,0.51416015625,0.9268798828125,0.2364501953125,0.2139892578125,0.4305419921875,0.3736572265625,0.3929443359375,0.6258544921875,1.1444091796875,1.0921630859375,0.2196044921875,0.322265625,0.3851318359375,0.46875,0.4486083984375,0.29150390625,0.5301513671875,2.305908203125,0.9691162109375,0.2310791015625,0.414794921875,0.7255859375,0.2672119140625,0.23876953125,0.44775390625,0.2913818359375,1.018310546875,0.2353515625,10.8304443359375,0.724853515625,0.219970703125,0.596923828125,0.1639404296875,0.391845703125,10.255615234375,0.18701171875,0.822265625,0.5625,0.459716796875,0.2764892578125,0.7218017578125,0.3470458984375,0.7901611328125,0.447998046875,0.5830078125,0.17578125,0.237548828125,0.2530517578125,0.8040771484375,2.6868896484375,0.6986083984375,0.257080078125,0.581298828125,0.924072265625,0.3314208984375,1.3028564453125,0.396728515625,0.268310546875,2.2147216796875,0.975830078125,0.9503173828125,0.4122314453125,0.6685791015625,0.512451171875,0.6434326171875,1.0020751953125,0.1708984375,0.3802490234375,0.4434814453125,0.6763916015625,0.521728515625,0.8287353515625,0.193115234375,0.441162109375,0.2427978515625,0.439697265625,0.2742919921875,0.1683349609375,0.520751953125,0.4864501953125,0.3714599609375,0.57177734375,0.2742919921875,0.4986572265625,0.4564208984375,0.524658203125,0.926025390625,0.54541015625,0.5269775390625,0.412841796875,0.336669921875,0.6190185546875,0.314453125,1.0205078125,0.9310302734375,0.330322265625,0.3963623046875,0.6124267578125,0.889404296875,0.634765625,0.400634765625,0.453369140625,1.1781005859375,0.8924560546875,0.3028564453125,0.3319091796875,0.279296875,0.6236572265625,5.2139892578125,0.4129638671875,0.3006591796875,0.3480224609375,0.99560546875,0.2879638671875,0.4365234375,0.12255859375,0.5191650390625,0.3221435546875,0.0,0.331298828125,0.928955078125,0.4736328125,0.994384765625,0.50341796875,0.238525390625,0.2821044921875,0.6251220703125,0.3726806640625,1.646240234375,0.5242919921875,0.3017578125,0.95263671875,1.472412109375,0.3399658203125,0.7735595703125,0.5694580078125,0.6644287109375,0.3597412109375,0.5223388671875,0.3111572265625,0.577392578125,0.245849609375,0.567626953125,0.3466796875,0.2659912109375,0.277099609375
ENSG00000197757|chr12:54016889-54017041,0.640869140625,0.5389404296875,0.4866943359375,0.3577880859375,0.947265625,0.23046875,13.2742919921875,0.7330322265625,0.3797607421875,0.3985595703125,0.8673095703125,0.5146484375,0.347412109375,0.4195556640625,0.6148681640625,0.5714111328125,0.494873046875,0.2593994140625,0.650146484375,0.3642578125,0.33544921875,0.723388671875,0.6322021484375,0.557861328125,0.6065673828125,0.7371826171875,0.5352783203125,0.5989990234375,0.439208984375,6.1202392578125,0.442626953125,1.069580078125,0.5457763671875,0.35888671875,0.6981201171875,0.378662109375,0.553955078125,0.3702392578125,0.5064697265625,0.499267578125,0.65869140625,0.678466796875,1.38671875,0.5648193359375,1.4527587890625,0.6826171875,0.447998046875,0.66943359375,1.2103271484375,0.5704345703125,0.5172119140625,0.5626220703125,0.3531494140625,0.6221923828125,0.8668212890625,1.2662353515625,1.0599365234375,0.4669189453125,0.6396484375,0.5340576171875,0.4130859375,0.5887451171875,0.494873046875,0.6265869140625,2.36279296875,0.9544677734375,0.5880126953125,0.737060546875,0.76904296875,0.4705810546875,0.406982421875,0.594482421875,0.5081787109375,0.709716796875,0.3642578125,11.1492919921875,1.109130859375,0.33544921875,0.390625,0.5032958984375,0.42822265625,10.891845703125,0.48974609375,0.846435546875,0.784912109375,0.594970703125,0.2803955078125,0.8465576171875,0.7047119140625,0.8394775390625,0.547119140625,0.587890625,0.512451171875,0.400146484375,0.3756103515625,0.4976806640625,2.9276123046875,1.0084228515625,0.363037109375,0.69677734375,0.823486328125,0.3780517578125,1.0516357421875,0.68896484375,0.3583984375,1.8638916015625,0.80810546875,0.8863525390625,0.7791748046875,0.8985595703125,0.39453125,0.4161376953125,1.1622314453125,0.507080078125,0.4793701171875,0.6380615234375,0.6541748046875,0.59521484375,0.8887939453125,0.52001953125,0.590576171875,0.3179931640625,0.820068359375,0.4107666015625,0.3883056640625,0.57861328125,0.4161376953125,0.4110107421875,0.74072265625,0.4508056640625,0.5145263671875,0.6031494140625,0.66650390625,0.883544921875,0.5234375,0.4466552734375,0.57958984375,0.405029296875,0.6629638671875,0.428955078125,1.44384765625,1.1754150390625,0.608154296875,0.3616943359375,0.9156494140625,0.83203125,0.47607421875,0.52392578125,0.47607421875,0.8187255859375,0.8714599609375,0.3995361328125,0.3206787109375,0.53466796875,0.6683349609375,5.4820556640625,0.4185791015625,0.4935302734375,0.3375244140625,0.856689453125,0.4310302734375,0.7314453125,0.356689453125,0.6121826171875,0.3138427734375,0.331298828125,0.0,0.76806640625,0.584716796875,0.91015625,0.478515625,0.5478515625,0.5316162109375,0.7220458984375,0.5111083984375,1.407958984375,0.5006103515625,0.337890625,0.717529296875,1.568115234375,0.4593505859375,0.7117919921875,0.6890869140625,0.6258544921875,0.5963134765625,0.5037841796875,0.3521728515625,0.539306640625,0.441162109375,0.5732421875,0.491943359375,0.4422607421875,0.46142578125
ENSG00000198034|chrX:72276872-72277245,0.601806640625,0.8741455078125,0.8568115234375,0.6099853515625,0.587158203125,0.84033203125,15.7967529296875,0.5909423828125,0.7271728515625,0.7567138671875,0.7647705078125,1.06787109375,0.640625,0.9700927734375,0.9256591796875,1.0220947265625,0.8896484375,0.9967041015625,1.001220703125,1.032470703125,0.625,1.223388671875,0.4576416015625,0.53515625,0.9989013671875,0.9517822265625,1.0303955078125,1.3748779296875,0.83544921875,5.8948974609375,0.92236328125,0.81689453125,0.6256103515625,0.618896484375,1.0797119140625,0.52197265625,0.838134765625,0.5621337890625,1.0584716796875,0.85693359375,1.209716796875,1.16162109375,2.576904296875,0.9732666015625,1.3385009765625,0.68310546875,0.6943359375,0.67822265625,1.5643310546875,1.1195068359375,0.9447021484375,0.7896728515625,0.5130615234375,1.0982666015625,1.1138916015625,0.6822509765625,0.6358642578125,0.9237060546875,0.931884765625,1.0030517578125,0.97705078125,0.8013916015625,0.993408203125,0.7611083984375,1.794921875,1.4117431640625,1.1644287109375,1.43359375,0.8740234375,0.7064208984375,1.00439453125,0.893798828125,1.0284423828125,0.7568359375,0.709716796875,10.2825927734375,1.717529296875,0.626953125,0.486083984375,1.3350830078125,0.738525390625,13.06640625,0.762939453125,1.127685546875,1.365234375,1.28857421875,0.7308349609375,0.4349365234375,1.6383056640625,0.6605224609375,0.8203125,0.63818359375,0.871337890625,0.59521484375,0.8834228515625,0.2828369140625,2.1417236328125,1.7852783203125,1.018310546875,0.599609375,0.748779296875,0.8070068359375,0.4449462890625,0.94140625,0.519287109375,1.1634521484375,0.964111328125,1.1265869140625,1.0386962890625,0.6531982421875,0.506103515625,0.5792236328125,1.4696044921875,1.10498046875,0.9136962890625,0.9212646484375,1.0677490234375,0.79345703125,0.3177490234375,1.318115234375,0.965576171875,0.6527099609375,1.65380859375,0.6290283203125,0.8472900390625,0.526123046875,0.3580322265625,0.6011962890625,0.502197265625,1.0313720703125,0.4808349609375,0.6922607421875,1.07373046875,0.494140625,0.5546875,0.4349365234375,0.745849609375,0.787353515625,0.3909912109375,0.7763671875,2.487548828125,1.5008544921875,1.1083984375,0.3690185546875,1.4920654296875,0.8046875,0.668212890625,0.990478515625,0.75537109375,0.5440673828125,1.0035400390625,0.5533447265625,0.5645751953125,0.94580078125,0.6624755859375,6.3031005859375,0.6158447265625,0.9583740234375,0.4361572265625,0.666015625,0.8590087890625,1.02490234375,0.951416015625,0.8763427734375,0.6119384765625,0.928955078125,0.76806640625,0.0,0.94921875,0.955810546875,0.564453125,1.36865234375,1.3414306640625,0.5906982421875,0.8670654296875,1.12255859375,0.6612548828125,0.789794921875,0.98193359375,2.117919921875,0.8255615234375,0.7362060546875,0.9971923828125,0.7213134765625,0.9542236328125,0.6690673828125,0.5191650390625,0.760986328125,1.007568359375,0.852294921875,0.49267578125,0.8336181640625,0.851318359375
ENSG00000198040|chr12:133037459-133037943,0.415771484375,0.1368408203125,0.3096923828125,0.3658447265625,0.76220703125,0.413818359375,14.0491943359375,0.4976806640625,0.2418212890625,0.5758056640625,0.6722412109375,0.743408203125,0.484375,0.4398193359375,0.3011474609375,0.3023681640625,0.30419921875,0.3531494140625,0.536865234375,0.57861328125,0.4150390625,0.198974609375,0.7674560546875,0.503173828125,0.2186279296875,0.2918701171875,0.3568115234375,0.2647705078125,0.27587890625,7.2489013671875,0.53564453125,0.39208984375,0.3841552734375,0.473388671875,0.7117919921875,0.35009765625,0.387939453125,0.4102783203125,0.6702880859375,0.138427734375,0.209228515625,0.7080078125,0.824951171875,0.2120361328125,1.3912353515625,0.361572265625,0.20703125,0.55908203125,1.8245849609375,0.6807861328125,0.8133544921875,0.6070556640625,0.3138427734375,0.6488037109375,0.2662353515625,1.2733154296875,0.7684326171875,0.5836181640625,0.485107421875,0.1722412109375,0.550048828125,0.3865966796875,0.19921875,0.9630126953125,1.935302734375,0.6722412109375,0.6710205078125,0.827392578125,0.234375,0.1302490234375,0.708984375,0.33740234375,0.2542724609375,0.648193359375,0.328369140625,10.7044677734375,1.9091796875,0.37255859375,0.724609375,0.4080810546875,0.317626953125,13.276611328125,0.439208984375,0.171630859375,0.969970703125,0.976318359375,0.2926025390625,0.9722900390625,0.4464111328125,1.4739990234375,0.177490234375,0.47216796875,0.239013671875,0.220458984375,0.2384033203125,0.8272705078125,3.5511474609375,0.9581298828125,0.292724609375,0.502685546875,0.334716796875,0.4403076171875,1.4840087890625,0.39111328125,0.43017578125,2.7738037109375,0.3212890625,0.4178466796875,0.9639892578125,0.4822998046875,0.55908203125,0.3514404296875,0.4461669921875,0.470458984375,0.2237548828125,0.2017822265625,0.6800537109375,0.9697265625,1.0374755859375,0.42919921875,0.14013671875,0.3394775390625,0.3994140625,0.2147216796875,0.4332275390625,0.520263671875,0.2894287109375,0.2000732421875,0.771240234375,0.1632080078125,0.4713134765625,0.4520263671875,0.480712890625,1.10107421875,0.278076171875,0.6502685546875,0.31201171875,0.42138671875,0.9947509765625,0.855712890625,0.7236328125,0.3931884765625,0.16015625,0.5614013671875,1.3436279296875,1.4443359375,0.750732421875,0.1435546875,0.23583984375,1.2105712890625,0.2625732421875,0.4083251953125,0.2425537109375,0.338134765625,0.2281494140625,7.8458251953125,0.7347412109375,0.2186279296875,0.4420166015625,0.978759765625,0.2076416015625,0.8603515625,0.46923828125,0.2581787109375,0.2850341796875,0.4736328125,0.584716796875,0.94921875,0.0,1.121826171875,0.4091796875,0.47509765625,0.5606689453125,0.5552978515625,0.3226318359375,0.84619140625,0.2623291015625,0.42041015625,0.524169921875,0.57421875,0.1778564453125,0.2325439453125,0.2552490234375,0.2086181640625,0.1697998046875,0.8297119140625,0.4139404296875,0.881103515625,0.374755859375,0.545654296875,0.411376953125,0.1392822265625,0.426513671875
ENSG00000198081|chr18:5295464-5296003,0.99267578125,0.9234619140625,0.7572021484375,1.1256103515625,1.479736328125,0.87548828125,11.9310302734375,0.9898681640625,0.7471923828125,0.8983154296875,1.1141357421875,1.7490234375,0.5576171875,1.2891845703125,1.0228271484375,0.8804931640625,0.896240234375,0.8323974609375,0.472412109375,1.065673828125,1.103759765625,1.3583984375,0.6282958984375,0.784912109375,1.0438232421875,0.8472900390625,0.9305419921875,1.3514404296875,0.83447265625,5.1014404296875,0.87353515625,1.4423828125,0.8922119140625,0.994140625,1.3773193359375,0.76904296875,1.41162109375,0.6920166015625,0.8450927734375,1.03564453125,1.230712890625,0.68212890625,1.97412109375,1.2215576171875,2.0863037109375,1.24365234375,0.89111328125,0.690185546875,1.9901123046875,0.9302978515625,0.8924560546875,0.4532470703125,0.7982177734375,0.8873291015625,0.9576416015625,0.5980224609375,1.2706298828125,0.6729736328125,0.677978515625,1.0084228515625,0.62255859375,0.8704833984375,1.176025390625,0.7198486328125,1.12548828125,1.7689208984375,0.8841552734375,0.79248046875,1.039306640625,0.7725830078125,1.220947265625,0.77197265625,1.3118896484375,1.64990234375,0.84228515625,7.8114013671875,1.32763671875,0.849609375,0.65234375,1.0972900390625,1.01611328125,12.099853515625,0.890625,1.403076171875,0.5224609375,0.922607421875,0.9918212890625,1.0206298828125,1.5189208984375,0.7081298828125,1.18212890625,0.485107421875,0.851318359375,0.6865234375,0.8182373046875,0.8238525390625,2.2073974609375,1.1304931640625,1.183349609375,0.91943359375,1.07373046875,1.1446533203125,0.5740966796875,0.95751953125,0.69970703125,1.7611083984375,1.533447265625,0.8033447265625,0.6107177734375,1.0006103515625,0.490234375,1.0054931640625,1.6927490234375,0.947998046875,0.9903564453125,0.7984619140625,0.9840087890625,1.126708984375,0.7318115234375,1.0771484375,1.1474609375,0.6163330078125,1.284912109375,0.8150634765625,1.1851806640625,1.000732421875,0.7979736328125,0.8260498046875,1.105712890625,0.9422607421875,0.8558349609375,0.5360107421875,1.57861328125,0.41748046875,0.96044921875,0.8726806640625,1.010498046875,1.221435546875,0.6314697265625,0.845947265625,2.1259765625,1.1463623046875,0.9306640625,0.7650146484375,1.2589111328125,0.911376953125,1.54736328125,0.95849609375,0.742919921875,1.2042236328125,1.2374267578125,1.1068115234375,0.7645263671875,0.9296875,0.8333740234375,5.9324951171875,0.9283447265625,1.0552978515625,0.8077392578125,0.599365234375,1.0052490234375,0.47412109375,1.0087890625,0.9488525390625,1.0599365234375,0.994384765625,0.91015625,0.955810546875,1.121826171875,0.0,1.2802734375,1.145263671875,1.3018798828125,0.7142333984375,0.6219482421875,2.2216796875,0.8118896484375,0.687744140625,1.708984375,2.552978515625,1.0174560546875,0.9781494140625,1.3782958984375,1.1588134765625,0.9786376953125,0.4522705078125,0.5067138671875,1.034423828125,0.745849609375,0.6787109375,0.720458984375,0.9117431640625,0.995849609375
ENSG00000198728|chr10:102120103-102120377,0.281005859375,0.4342041015625,0.5760498046875,0.2320556640625,0.457763671875,0.45947265625,16.1151123046875,0.3270263671875,0.3585205078125,0.4417724609375,0.4818115234375,0.575927734375,0.58642578125,0.5501708984375,0.5767822265625,0.4913330078125,0.477294921875,0.5347900390625,0.932373046875,0.66015625,0.433349609375,0.46826171875,0.6387939453125,0.35205078125,0.5557861328125,0.6639404296875,0.5518798828125,0.6854248046875,0.542724609375,7.1304931640625,0.696044921875,0.54052734375,0.3914794921875,0.387939453125,0.7227783203125,0.265380859375,0.368896484375,0.4329833984375,0.8182373046875,0.396240234375,0.564453125,0.98046875,1.623046875,0.3978271484375,1.0902099609375,0.250732421875,0.2880859375,0.68359375,1.3233642578125,0.7681884765625,0.9010009765625,0.7784423828125,0.3509521484375,0.9573974609375,0.7091064453125,1.1361083984375,0.5621337890625,0.7862548828125,0.810791015625,0.5218505859375,0.802490234375,0.5362548828125,0.439208984375,0.7803955078125,2.10546875,0.8507080078125,0.8887939453125,1.277099609375,0.4677734375,0.3553466796875,0.62255859375,0.585693359375,0.4156494140625,0.517822265625,0.42041015625,11.7010498046875,1.7001953125,0.368896484375,0.453857421875,0.8106689453125,0.399658203125,13.167724609375,0.517578125,0.466552734375,1.4189453125,1.022705078125,0.3909912109375,0.6690673828125,0.8958740234375,1.1221923828125,0.247314453125,0.5849609375,0.512451171875,0.37451171875,0.4713134765625,0.5157470703125,3.0235595703125,1.5125732421875,0.492919921875,0.4921875,0.3857421875,0.5086669921875,1.0552978515625,0.504150390625,0.37890625,1.9971923828125,0.488525390625,0.7862548828125,1.1353759765625,0.4820556640625,0.544921875,0.2969970703125,0.7496337890625,0.771240234375,0.3599853515625,0.5108642578125,0.8343505859375,0.762939453125,0.7320556640625,0.7939453125,0.457275390625,0.4659423828125,1.013916015625,0.2969970703125,0.4134521484375,0.385009765625,0.2064208984375,0.2401123046875,0.392333984375,0.5093994140625,0.3634033203125,0.5858154296875,0.49658203125,0.97216796875,0.307861328125,0.2906494140625,0.41357421875,0.365234375,0.7039794921875,0.718017578125,1.575927734375,0.8861083984375,0.556640625,0.3321533203125,1.3612060546875,1.240478515625,0.40234375,0.453857421875,0.486572265625,0.6180419921875,0.5369873046875,0.3175048828125,0.2667236328125,0.512451171875,0.3416748046875,7.0106201171875,0.6385498046875,0.3758544921875,0.2799072265625,0.869384765625,0.3887939453125,1.1513671875,0.579833984375,0.4351806640625,0.1763916015625,0.50341796875,0.478515625,0.564453125,0.4091796875,1.2802734375,0.0,0.788330078125,0.7093505859375,0.6700439453125,0.6024169921875,0.71728515625,0.3436279296875,0.51806640625,0.35595703125,0.94970703125,0.4468994140625,0.4298095703125,0.4656982421875,0.2774658203125,0.5050048828125,0.8929443359375,0.4195556640625,0.722900390625,0.71337890625,0.7744140625,0.36962890625,0.3658447265625,0.5146484375
ENSG00000204514|chr19:57888774-57888976,0.857421875,0.4788818359375,0.5968017578125,0.4976806640625,1.321533203125,0.369384765625,11.4422607421875,0.7303466796875,0.4810791015625,0.4908447265625,1.3570556640625,0.69482421875,0.47998046875,0.6427001953125,0.8804931640625,0.2877197265625,0.380126953125,0.2491455078125,0.454833984375,0.453369140625,0.534912109375,0.669921875,0.7537841796875,0.96044921875,0.4312744140625,0.5567626953125,0.6505126953125,0.4329833984375,0.2548828125,5.8314208984375,0.435546875,1.21875,0.7940673828125,0.57568359375,1.1549072265625,0.402587890625,0.750732421875,0.5523681640625,0.5589599609375,0.498046875,0.39404296875,0.32421875,0.8779296875,0.6146240234375,1.8563232421875,1.1806640625,0.45068359375,0.544677734375,1.2777099609375,0.4683837890625,0.5682373046875,0.8226318359375,0.6033935546875,0.8394775390625,0.8336181640625,1.4075927734375,1.7247314453125,0.4073486328125,0.510009765625,0.6033935546875,0.464111328125,0.5140380859375,0.521240234375,1.0687255859375,2.42236328125,0.6090087890625,0.5440673828125,0.588623046875,0.808837890625,0.3883056640625,0.277099609375,0.64453125,0.4796142578125,1.44970703125,0.5634765625,10.2962646484375,1.24951171875,0.52099609375,0.738037109375,0.1500244140625,0.322265625,10.331298828125,0.43505859375,0.873779296875,0.646240234375,0.82080078125,0.3961181640625,0.9573974609375,0.3165283203125,1.3453369140625,0.6806640625,0.916015625,0.3125,0.38330078125,0.4573974609375,1.1685791015625,3.5445556640625,1.0518798828125,0.29736328125,0.659423828125,0.9306640625,0.6182861328125,1.8233642578125,0.757080078125,0.423095703125,3.3326416015625,1.09765625,0.7938232421875,0.7579345703125,1.1085205078125,0.53759765625,0.8677978515625,1.1256103515625,0.33056640625,0.3831787109375,0.5989990234375,0.4598388671875,0.52197265625,1.2725830078125,0.086669921875,0.434326171875,0.4532470703125,0.486328125,0.3851318359375,0.2611083984375,1.035400390625,0.7291259765625,0.6512451171875,1.010498046875,0.2615966796875,0.8861083984375,0.6802978515625,0.9052734375,1.328857421875,0.76318359375,0.9237060546875,0.791748046875,0.488037109375,1.0030517578125,0.669189453125,0.9619140625,0.8228759765625,0.29736328125,0.7017822265625,1.2686767578125,1.118408203125,1.1337890625,0.337890625,0.39794921875,1.7261962890625,0.8734130859375,0.5623779296875,0.4859619140625,0.56103515625,0.7398681640625,5.4188232421875,0.6976318359375,0.2047119140625,0.6956787109375,1.1181640625,0.3455810546875,0.595947265625,0.24853515625,0.6907958984375,0.5684814453125,0.238525390625,0.5478515625,1.36865234375,0.47509765625,1.145263671875,0.788330078125,0.0,0.5921630859375,0.7215576171875,0.5794677734375,1.9140625,0.6614990234375,0.22216796875,0.968017578125,1.429443359375,0.3638916015625,0.8507080078125,0.4813232421875,0.8067626953125,0.5477294921875,0.7447509765625,0.4073486328125,0.747314453125,0.412841796875,0.411376953125,0.68115234375,0.4373779296875,0.646240234375
ENSG00000204595|chr19:53632066-53632262,1.1099853515625,0.474609375,0.336669921875,0.331298828125,1.4239501953125,0.3187255859375,13.8193359375,1.107177734375,0.428955078125,0.462890625,1.189453125,0.3350830078125,0.4512939453125,0.24560546875,0.3994140625,0.650146484375,0.4595947265625,0.308837890625,0.7510986328125,0.2047119140625,0.4749755859375,0.6151123046875,1.126708984375,0.9986572265625,0.51513671875,0.894775390625,0.42529296875,0.279541015625,0.6253662109375,7.5,0.3590087890625,1.3138427734375,0.537353515625,0.4285888671875,0.989990234375,0.6947021484375,0.5513916015625,0.6484375,0.476318359375,0.3807373046875,0.5909423828125,0.6851806640625,0.6409912109375,0.775390625,2.231201171875,0.9090576171875,0.4742431640625,1.0384521484375,1.5625,0.450439453125,0.37841796875,0.55908203125,0.5546875,0.310302734375,0.69091796875,1.8466796875,1.070068359375,0.456787109375,0.4906005859375,0.352783203125,0.5526123046875,0.588134765625,0.2047119140625,0.656494140625,2.9818115234375,1.32666015625,0.262939453125,0.5723876953125,0.7652587890625,0.516845703125,0.5623779296875,0.4569091796875,0.266357421875,0.9251708984375,0.4310302734375,12.722900390625,1.0819091796875,0.3760986328125,0.9849853515625,0.33935546875,0.6246337890625,11.0225830078125,0.4110107421875,0.8929443359375,0.8072509765625,0.6263427734375,0.4072265625,1.227783203125,0.27978515625,1.19580078125,0.5059814453125,0.6456298828125,0.3209228515625,0.4405517578125,0.214599609375,1.02685546875,3.173095703125,0.6025390625,0.3489990234375,0.9168701171875,1.2042236328125,0.30078125,1.729248046875,0.5682373046875,0.5411376953125,2.384033203125,1.0142822265625,1.296630859375,0.777099609375,0.8310546875,0.8782958984375,0.683837890625,0.875732421875,0.2547607421875,0.5791015625,0.688720703125,1.12890625,1.0194091796875,1.215576171875,0.5018310546875,0.5731201171875,0.347412109375,0.3424072265625,0.517578125,0.354248046875,0.5206298828125,0.654541015625,0.433349609375,0.8375244140625,0.392822265625,0.572021484375,0.806640625,0.4993896484375,1.2967529296875,0.5946044921875,0.87353515625,0.4564208984375,0.3936767578125,0.954833984375,0.5250244140625,0.7310791015625,1.259521484375,0.5098876953125,0.58349609375,0.660400390625,1.3094482421875,0.5596923828125,0.5452880859375,0.6951904296875,1.33740234375,1.155029296875,0.398681640625,0.544189453125,0.4691162109375,0.80908203125,6.319091796875,0.5517578125,0.5654296875,0.47900390625,1.6654052734375,0.4169921875,0.8668212890625,0.3001708984375,0.64453125,0.402099609375,0.2821044921875,0.5316162109375,1.3414306640625,0.5606689453125,1.3018798828125,0.7093505859375,0.5921630859375,0.0,1.044189453125,0.5537109375,1.5386962890625,0.783203125,0.6224365234375,1.0765380859375,1.3167724609375,0.39306640625,1.0302734375,0.732421875,0.84130859375,0.357421875,0.876708984375,0.692138671875,0.8687744140625,0.2877197265625,0.8326416015625,0.5535888671875,0.3662109375,0.2191162109375
ENSG00000205189|chr8:80486173-80486292,0.6536865234375,0.66748046875,0.49658203125,0.574951171875,1.0799560546875,0.6807861328125,13.4423828125,0.49169921875,0.604248046875,0.582275390625,0.782958984375,1.1346435546875,0.4278564453125,0.86865234375,0.687744140625,0.43115234375,0.5045166015625,0.67041015625,0.3614501953125,0.8314208984375,0.7955322265625,0.8558349609375,0.433349609375,0.6199951171875,0.515625,0.42822265625,0.699951171875,0.8515625,0.4554443359375,5.7451171875,0.5462646484375,0.6883544921875,0.68359375,0.5413818359375,1.30224609375,0.3934326171875,0.8905029296875,0.5869140625,0.799560546875,0.5128173828125,0.6405029296875,0.4854736328125,1.5604248046875,0.77978515625,1.89892578125,0.7415771484375,0.4527587890625,0.3636474609375,1.544189453125,0.718505859375,0.729736328125,0.5615234375,0.487060546875,0.8427734375,0.597412109375,0.817626953125,0.9541015625,0.59521484375,0.4534912109375,0.65185546875,0.6163330078125,0.489990234375,0.7012939453125,0.780029296875,1.3057861328125,1.1044921875,0.71533203125,0.6829833984375,0.5994873046875,0.379150390625,0.6529541015625,0.5867919921875,0.770751953125,1.1446533203125,0.5299072265625,8.53173828125,1.4969482421875,0.6080322265625,0.6790771484375,0.703125,0.4713134765625,12.3397216796875,0.3267822265625,0.7496337890625,0.6563720703125,1.1148681640625,0.547607421875,0.39892578125,0.95751953125,0.877685546875,0.6370849609375,0.5762939453125,0.5091552734375,0.3214111328125,0.651611328125,0.723388671875,2.04638671875,1.240478515625,0.7242431640625,0.3106689453125,0.7017822265625,0.808837890625,0.95849609375,0.6136474609375,0.4537353515625,2.04541015625,1.0113525390625,0.806884765625,0.704833984375,0.60693359375,0.4605712890625,0.79443359375,1.18212890625,0.5565185546875,0.592041015625,0.511474609375,0.954833984375,0.7554931640625,0.57763671875,0.6429443359375,0.5516357421875,0.601806640625,0.8853759765625,0.404296875,0.647216796875,0.5814208984375,0.4580078125,0.51806640625,0.5284423828125,0.6044921875,0.480712890625,0.382080078125,0.9815673828125,0.5440673828125,0.5916748046875,0.7294921875,0.4891357421875,0.7198486328125,0.48974609375,0.7816162109375,1.5013427734375,0.7255859375,0.5543212890625,0.515869140625,1.33251953125,1.0491943359375,1.1485595703125,0.5472412109375,0.3558349609375,1.233154296875,0.742919921875,0.497314453125,0.495361328125,0.6036376953125,0.345458984375,6.459228515625,0.80078125,0.5302734375,0.55078125,0.5899658203125,0.562744140625,0.6983642578125,0.6527099609375,0.622314453125,0.6748046875,0.6251220703125,0.7220458984375,0.5906982421875,0.5552978515625,0.7142333984375,0.6700439453125,0.7215576171875,1.044189453125,0.0,0.587890625,1.4937744140625,0.563232421875,0.5177001953125,1.2154541015625,1.7030029296875,0.564208984375,0.583740234375,0.690185546875,0.6796875,0.5478515625,0.59130859375,0.3466796875,0.8780517578125,0.6265869140625,0.5296630859375,0.3355712890625,0.57275390625,0.6903076171875
ENSG00000205927|chr21:33025910-33026198,0.5665283203125,0.234130859375,0.17236328125,0.470947265625,0.9669189453125,0.3511962890625,13.624267578125,0.702392578125,0.2470703125,0.512451171875,0.90576171875,0.8619384765625,0.3218994140625,0.494140625,0.3232421875,0.334716796875,0.3143310546875,0.32080078125,0.3421630859375,0.3878173828125,0.4666748046875,0.5406494140625,0.6943359375,0.4232177734375,0.3056640625,0.415283203125,0.184326171875,0.439208984375,0.2908935546875,6.732666015625,0.4788818359375,0.7410888671875,0.32275390625,0.5946044921875,0.80224609375,0.4075927734375,0.6397705078125,0.371826171875,0.338134765625,0.2640380859375,0.4879150390625,0.6004638671875,0.7479248046875,0.49658203125,1.7646484375,0.5999755859375,0.2498779296875,0.5189208984375,1.387451171875,0.404541015625,0.511474609375,0.19873046875,0.396728515625,0.34423828125,0.31005859375,0.901123046875,0.7138671875,0.358642578125,0.3221435546875,0.291748046875,0.4893798828125,0.435791015625,0.3292236328125,0.6494140625,1.4583740234375,1.136474609375,0.401611328125,0.5504150390625,0.3995361328125,0.1923828125,0.8270263671875,0.2520751953125,0.433349609375,0.9439697265625,0.2467041015625,9.29931640625,1.2425537109375,0.3514404296875,0.6744384765625,0.428955078125,0.6016845703125,12.4403076171875,0.3619384765625,0.4495849609375,0.6055908203125,0.4127197265625,0.40625,1.04052734375,0.661865234375,0.880126953125,0.3463134765625,0.2020263671875,0.2181396484375,0.1968994140625,0.223388671875,0.764404296875,2.796875,0.589111328125,0.4176025390625,0.7298583984375,0.5806884765625,0.461669921875,0.96435546875,0.2852783203125,0.4110107421875,2.11376953125,0.6905517578125,0.473876953125,0.52587890625,0.3681640625,0.5150146484375,0.489013671875,0.611328125,0.3953857421875,0.357177734375,0.18017578125,0.609130859375,0.9576416015625,0.813720703125,0.4674072265625,0.3770751953125,0.191162109375,0.4403076171875,0.272216796875,0.5517578125,0.4627685546875,0.332275390625,0.273681640625,0.7623291015625,0.287109375,0.460205078125,0.28955078125,0.5223388671875,0.6334228515625,0.4481201171875,0.49853515625,0.3494873046875,0.6043701171875,0.773681640625,0.5845947265625,0.9254150390625,0.493408203125,0.2476806640625,0.52197265625,0.73876953125,1.1129150390625,0.8428955078125,0.2884521484375,0.4246826171875,0.928955078125,0.550537109375,0.5537109375,0.243896484375,0.1712646484375,0.39453125,6.940185546875,0.644775390625,0.45361328125,0.413818359375,0.8182373046875,0.357421875,0.4708251953125,0.3995361328125,0.216552734375,0.396728515625,0.3726806640625,0.5111083984375,0.8670654296875,0.3226318359375,0.6219482421875,0.6024169921875,0.5794677734375,0.5537109375,0.587890625,0.0,1.3795166015625,0.256591796875,0.4503173828125,0.9229736328125,1.1151123046875,0.344482421875,0.406005859375,0.637939453125,0.3984375,0.2421875,0.549560546875,0.29443359375,0.8670654296875,0.2393798828125,0.5836181640625,0.3822021484375,0.16064453125,0.3267822265625
ENSG00000212993|chr8:127415817-127416221,0.809326171875,0.8741455078125,1.3455810546875,1.0447998046875,0.5380859375,1.175537109375,18.6436767578125,1.2855224609375,1.1051025390625,1.6119384765625,0.9512939453125,1.26611328125,1.42578125,1.0543212890625,1.0677490234375,1.4444580078125,1.082763671875,1.3385009765625,1.97119140625,1.7177734375,0.912841796875,0.8564453125,1.4544677734375,0.9169921875,1.3758544921875,1.1651611328125,1.2498779296875,1.1617431640625,1.35205078125,9.7059326171875,1.783447265625,0.739990234375,0.8800048828125,0.982666015625,1.0230712890625,1.11669921875,0.506591796875,1.2589111328125,1.8607177734375,0.857177734375,1.02734375,2.15283203125,2.420166015625,0.6849365234375,1.3594970703125,0.55810546875,0.827392578125,1.740234375,3.1837158203125,2.1414794921875,2.1177978515625,1.7449951171875,0.9012451171875,1.7467041015625,1.1788330078125,2.0135498046875,0.7337646484375,1.9832763671875,1.727783203125,1.0357666015625,1.54052734375,1.0958251953125,0.954345703125,1.9788818359375,3.034912109375,1.3328857421875,2.0462646484375,2.658935546875,0.816650390625,1.0225830078125,1.756591796875,1.052001953125,0.9998779296875,0.6162109375,1.339599609375,14.5047607421875,3.58203125,1.234619140625,1.315185546875,1.8206787109375,1.00341796875,17.341552734375,1.631591796875,0.7841796875,2.65283203125,2.011962890625,1.0653076171875,1.6385498046875,1.5933837890625,2.4976806640625,0.717041015625,1.18310546875,1.319580078125,1.189208984375,1.0584716796875,0.9993896484375,4.7696533203125,2.4920654296875,1.25146484375,1.436279296875,0.7060546875,0.9554443359375,1.9483642578125,1.432861328125,1.124755859375,3.0089111328125,0.503662109375,1.1885986328125,2.5028076171875,0.9991455078125,1.442626953125,0.5997314453125,0.8763427734375,1.706298828125,1.1507568359375,1.2186279296875,1.4715576171875,1.678955078125,1.7318115234375,1.92724609375,0.845458984375,1.1817626953125,1.65283203125,0.9285888671875,1.2484130859375,0.94189453125,0.7152099609375,0.6949462890625,1.412353515625,1.1397705078125,0.9527587890625,1.6304931640625,0.917724609375,1.889404296875,0.54052734375,1.1363525390625,1.0263671875,0.841552734375,1.7386474609375,1.913818359375,1.7998046875,1.4488525390625,1.304931640625,1.0623779296875,2.7747802734375,2.22509765625,0.84423828125,1.1552734375,1.015380859375,1.1949462890625,0.8575439453125,1.0196533203125,0.8975830078125,1.479736328125,0.8441162109375,10.1202392578125,1.2608642578125,1.0972900390625,0.9095458984375,2.112548828125,0.9671630859375,2.459716796875,1.566162109375,0.8228759765625,0.7178955078125,1.646240234375,1.407958984375,1.12255859375,0.84619140625,2.2216796875,0.71728515625,1.9140625,1.5386962890625,1.4937744140625,1.3795166015625,0.0,0.8885498046875,1.507080078125,0.453125,0.9814453125,0.8980712890625,0.7667236328125,0.7926025390625,0.6446533203125,0.9620361328125,1.9295654296875,1.3526611328125,1.497314453125,1.462890625,1.564697265625,1.309326171875,0.9700927734375,1.238037109375
ENSG00000213015|chr19:55635027-55635217,0.2630615234375,0.24462890625,0.36767578125,0.456298828125,0.4378662109375,0.3875732421875,14.743408203125,0.46142578125,0.227783203125,0.645263671875,0.492431640625,0.8052978515625,0.4576416015625,0.529296875,0.439697265625,0.41943359375,0.3409423828125,0.423583984375,0.5718994140625,0.6658935546875,0.3453369140625,0.3785400390625,0.57568359375,0.2930908203125,0.405517578125,0.35693359375,0.353759765625,0.5166015625,0.3453369140625,7.082763671875,0.6710205078125,0.4515380859375,0.289306640625,0.5496826171875,0.6474609375,0.3011474609375,0.4271240234375,0.26953125,0.586669921875,0.2325439453125,0.3795166015625,0.8170166015625,1.2349853515625,0.245849609375,1.1865234375,0.3353271484375,0.1812744140625,0.4903564453125,1.67236328125,0.732421875,0.825927734375,0.479736328125,0.30126953125,0.759033203125,0.383056640625,0.8125,0.58984375,0.649169921875,0.5367431640625,0.330322265625,0.6041259765625,0.4169921875,0.3939208984375,0.816650390625,1.5203857421875,0.740478515625,0.79296875,1.0267333984375,0.2745361328125,0.188232421875,0.7940673828125,0.3052978515625,0.4169921875,0.6143798828125,0.3895263671875,10.259033203125,1.7413330078125,0.4581298828125,0.5140380859375,0.666259765625,0.4527587890625,14.0108642578125,0.5401611328125,0.3099365234375,1.0394287109375,0.7481689453125,0.330810546875,0.98095703125,0.837158203125,1.12451171875,0.2652587890625,0.3094482421875,0.3536376953125,0.2567138671875,0.3310546875,0.5185546875,3.21337890625,1.05224609375,0.4710693359375,0.5845947265625,0.2989501953125,0.4501953125,0.89453125,0.4439697265625,0.3875732421875,2.1630859375,0.3826904296875,0.30322265625,0.927978515625,0.416015625,0.4302978515625,0.25537109375,0.521728515625,0.6505126953125,0.27734375,0.2705078125,0.488525390625,0.8526611328125,0.803955078125,0.6270751953125,0.2755126953125,0.285888671875,0.7047119140625,0.219482421875,0.521484375,0.5111083984375,0.186279296875,0.166015625,0.7633056640625,0.2783203125,0.372802734375,0.364501953125,0.5047607421875,0.7730712890625,0.2642822265625,0.359130859375,0.3936767578125,0.4449462890625,0.781494140625,0.7777099609375,1.1915283203125,0.509033203125,0.3218994140625,0.474853515625,1.2744140625,1.1151123046875,0.6688232421875,0.2784423828125,0.3631591796875,0.731689453125,0.2216796875,0.507080078125,0.164306640625,0.3643798828125,0.26708984375,7.39013671875,0.653076171875,0.353271484375,0.360107421875,0.7542724609375,0.27294921875,0.7767333984375,0.5186767578125,0.20263671875,0.2578125,0.5242919921875,0.5006103515625,0.6612548828125,0.2623291015625,0.8118896484375,0.3436279296875,0.6614990234375,0.783203125,0.563232421875,0.256591796875,0.8885498046875,0.0,0.4576416015625,0.4241943359375,0.8719482421875,0.322265625,0.204833984375,0.3876953125,0.162353515625,0.31396484375,0.685546875,0.338134765625,0.8365478515625,0.4510498046875,0.6165771484375,0.3790283203125,0.1806640625,0.4859619140625
ENSG00000213921|chr19:39776606-39777006,0.531005859375,0.3521728515625,0.4991455078125,0.3931884765625,0.83251953125,0.253173828125,11.6324462890625,0.4434814453125,0.3114013671875,0.3455810546875,1.0238037109375,0.703369140625,0.2294921875,0.5179443359375,0.7554931640625,0.3043212890625,0.320556640625,0.1722412109375,0.39013671875,0.432861328125,0.375,0.64501953125,0.3338623046875,0.509521484375,0.4727783203125,0.4427490234375,0.6146240234375,0.5911865234375,0.138916015625,5.0220947265625,0.453857421875,0.888916015625,0.5697021484375,0.380859375,0.7198486328125,0.158935546875,0.58740234375,0.2640380859375,0.4078369140625,0.4453125,0.501708984375,0.36083984375,1.30859375,0.4354248046875,1.1710205078125,0.8046875,0.382080078125,0.377197265625,1.1849365234375,0.4205322265625,0.5389404296875,0.5760498046875,0.3477783203125,0.7220458984375,0.7413330078125,0.9647216796875,1.2427978515625,0.3743896484375,0.48046875,0.5604248046875,0.26220703125,0.3863525390625,0.51904296875,0.8004150390625,1.863037109375,0.6580810546875,0.5572509765625,0.63427734375,0.597900390625,0.3306884765625,0.276123046875,0.537109375,0.4937744140625,1.0,0.406494140625,9.7923583984375,1.228271484375,0.271240234375,0.346435546875,0.3250732421875,0.210205078125,10.517578125,0.408203125,0.729248046875,0.583984375,0.715087890625,0.3201904296875,0.5958251953125,0.5565185546875,0.9102783203125,0.57080078125,0.554931640625,0.310546875,0.209228515625,0.3482666015625,0.5743408203125,3.0609130859375,1.1282958984375,0.26220703125,0.460693359375,0.55908203125,0.5223388671875,1.0272216796875,0.657470703125,0.220458984375,2.4808349609375,0.822998046875,0.5357666015625,0.6627197265625,0.8348388671875,0.17578125,0.4918212890625,1.0770263671875,0.403564453125,0.2423095703125,0.4776611328125,0.3236083984375,0.339111328125,0.7674560546875,0.25537109375,0.431640625,0.2572021484375,0.6962890625,0.1983642578125,0.3072509765625,0.7265625,0.3758544921875,0.4437255859375,0.70556640625,0.2757568359375,0.5833740234375,0.4527587890625,0.906982421875,0.7744140625,0.464599609375,0.4840087890625,0.62744140625,0.38037109375,0.6053466796875,0.377685546875,1.326904296875,0.8101806640625,0.309326171875,0.3079833984375,1.1505126953125,0.704833984375,0.76904296875,0.287841796875,0.216552734375,0.9742431640625,0.7098388671875,0.3909912109375,0.2347412109375,0.485595703125,0.4578857421875,5.4227294921875,0.4371337890625,0.2276611328125,0.4708251953125,0.61279296875,0.3470458984375,0.439697265625,0.27685546875,0.5472412109375,0.3726806640625,0.3017578125,0.337890625,0.789794921875,0.42041015625,0.687744140625,0.51806640625,0.22216796875,0.6224365234375,0.5177001953125,0.4503173828125,1.507080078125,0.4576416015625,0.0,0.706787109375,1.416748046875,0.2777099609375,0.5679931640625,0.4154052734375,0.5921630859375,0.5281982421875,0.4251708984375,0.1558837890625,0.411865234375,0.4111328125,0.20751953125,0.445556640625,0.3839111328125,0.50390625
ENSG00000213967|chr19:23914882-23915302,0.412109375,0.5125732421875,1.0220947265625,0.6561279296875,0.2880859375,0.5986328125,15.8038330078125,0.7799072265625,0.6119384765625,1.0191650390625,0.8380126953125,0.787841796875,0.916748046875,0.6822509765625,0.9801025390625,0.8699951171875,0.696533203125,0.6529541015625,1.423095703125,1.13232421875,0.431884765625,0.552001953125,0.8919677734375,0.607666015625,0.9410400390625,0.7889404296875,0.9080810546875,0.7742919921875,0.69775390625,7.7996826171875,1.2333984375,0.681396484375,0.6807861328125,0.626708984375,0.6234130859375,0.54296875,0.30322265625,0.6492919921875,1.1832275390625,0.5712890625,0.60791015625,1.44580078125,1.96337890625,0.2603759765625,0.7965087890625,0.48388671875,0.5078125,1.081787109375,2.1168212890625,1.3990478515625,1.4742431640625,1.3524169921875,0.5635986328125,1.4586181640625,1.0308837890625,1.5452880859375,0.9720458984375,1.3048095703125,1.28955078125,0.7454833984375,0.9443359375,0.6837158203125,0.677978515625,1.5811767578125,2.742431640625,0.5623779296875,1.5081787109375,1.982666015625,0.6298828125,0.6517333984375,0.959228515625,0.82177734375,0.6341552734375,0.512939453125,0.89990234375,13.2733154296875,2.699951171875,0.77099609375,0.684814453125,1.0892333984375,0.466796875,14.70654296875,1.18212890625,0.572509765625,1.954345703125,1.39892578125,0.5360107421875,1.3035888671875,1.0606689453125,2.0142822265625,0.5205078125,0.968994140625,0.86328125,0.717041015625,0.6917724609375,0.6612548828125,4.6893310546875,2.0296630859375,0.621826171875,0.986328125,0.388671875,0.6119384765625,1.5941162109375,1.125244140625,0.658203125,3.0181884765625,0.37841796875,0.6763916015625,1.8792724609375,1.0115966796875,0.743408203125,0.3004150390625,0.7811279296875,1.1962890625,0.5465087890625,0.8392333984375,0.6141357421875,0.90380859375,1.4505615234375,1.0595703125,0.4951171875,0.6929931640625,1.250732421875,0.4942626953125,0.6534423828125,0.92333984375,0.4451904296875,0.4766845703125,1.16943359375,0.5948486328125,0.7647705078125,1.1348876953125,0.768798828125,1.61572265625,0.376708984375,0.6507568359375,0.8828125,0.435546875,1.3634033203125,1.28515625,1.5849609375,1.0919189453125,0.77783203125,0.6749267578125,2.1905517578125,1.49951171875,0.57275390625,0.583740234375,0.603271484375,0.8956298828125,0.4932861328125,0.6697998046875,0.4512939453125,1.014404296875,0.6417236328125,7.9913330078125,0.7984619140625,0.5220947265625,0.6134033203125,1.421630859375,0.4810791015625,1.6474609375,0.866943359375,0.6033935546875,0.3438720703125,0.95263671875,0.717529296875,0.98193359375,0.524169921875,1.708984375,0.35595703125,0.968017578125,1.0765380859375,1.2154541015625,0.9229736328125,0.453125,0.4241943359375,0.706787109375,0.0,0.849853515625,0.4947509765625,0.4920654296875,0.3900146484375,0.3995361328125,0.7513427734375,1.3082275390625,0.7598876953125,0.95654296875,0.996826171875,0.882568359375,0.93798828125,0.5843505859375,0.8955078125
ENSG00000214717|chrX:2500511-2500901,0.98974609375,0.7581787109375,1.0970458984375,1.2376708984375,1.184326171875,1.229248046875,16.4527587890625,1.4573974609375,0.9434814453125,1.6048583984375,1.4678955078125,1.5400390625,1.558837890625,1.0997314453125,0.9769287109375,1.0823974609375,0.889892578125,1.1304931640625,1.695556640625,1.487548828125,1.272216796875,0.59375,1.9822998046875,1.062255859375,1.0286865234375,0.8785400390625,0.9083251953125,0.8243408203125,1.065185546875,10.1763916015625,1.804443359375,0.79638671875,1.0826416015625,1.495361328125,1.0770263671875,1.189208984375,0.883056640625,1.4622802734375,1.5860595703125,0.674560546875,0.73974609375,2.03759765625,1.25146484375,0.5775146484375,1.6783447265625,0.782470703125,0.898681640625,1.76123046875,3.1419677734375,1.7196044921875,2.2135009765625,1.6593017578125,1.1192626953125,1.6949462890625,0.7723388671875,2.7161865234375,1.3236083984375,1.8660888671875,1.478759765625,0.8553466796875,1.6884765625,1.2572021484375,0.75341796875,2.2564697265625,2.927734375,1.4527587890625,1.7623291015625,2.204833984375,0.56640625,0.8541259765625,1.846435546875,0.9697265625,0.7860107421875,1.259521484375,1.279541015625,13.3074951171875,3.572021484375,1.268798828125,1.8359375,1.3509521484375,1.176025390625,16.73876953125,1.5146484375,0.339599609375,2.4765625,1.812744140625,1.1898193359375,2.3057861328125,1.1480712890625,3.1329345703125,0.570556640625,1.27294921875,1.061279296875,1.050048828125,0.9073486328125,1.9337158203125,5.5904541015625,1.9796142578125,0.98779296875,1.54443359375,0.770263671875,1.2767333984375,2.7252197265625,1.05322265625,1.3935546875,4.2845458984375,0.560546875,0.9425048828125,2.4967041015625,1.1846923828125,1.7119140625,0.8582763671875,0.4322509765625,1.485595703125,0.6956787109375,0.8197021484375,1.5404052734375,2.2119140625,2.3973388671875,1.3642578125,0.65966796875,1.1976318359375,1.053466796875,0.9610595703125,1.2928466796875,1.3115234375,1.0218505859375,0.8375244140625,1.661376953125,0.8883056640625,1.2772216796875,1.4180908203125,0.865234375,2.450927734375,0.871826171875,1.4786376953125,0.948974609375,1.12646484375,2.4989013671875,2.021484375,0.944091796875,0.7608642578125,0.730224609375,1.6033935546875,2.6031494140625,3.05322265625,1.385498046875,0.78564453125,1.06787109375,1.9193115234375,0.6392822265625,1.3487548828125,0.9388427734375,0.973876953125,0.7205810546875,11.1893310546875,1.9647216796875,0.8155517578125,1.4234619140625,2.270751953125,1.0008544921875,2.2568359375,1.439697265625,0.6541748046875,0.8800048828125,1.472412109375,1.568115234375,2.117919921875,0.57421875,2.552978515625,0.94970703125,1.429443359375,1.3167724609375,1.7030029296875,1.1151123046875,0.9814453125,0.8719482421875,1.416748046875,0.849853515625,0.0,0.8458251953125,0.7086181640625,0.7149658203125,0.5599365234375,0.7398681640625,2.2606201171875,1.4583740234375,2.10107421875,1.29833984375,1.643310546875,1.352294921875,0.7496337890625,1.130126953125
ENSG00000215397|chr20:676442-676643,0.5623779296875,0.18212890625,0.3359375,0.32666015625,0.6595458984375,0.2547607421875,13.18017578125,0.646728515625,0.2431640625,0.52685546875,0.92822265625,0.5037841796875,0.2769775390625,0.272216796875,0.43310546875,0.341064453125,0.1553955078125,0.16162109375,0.5093994140625,0.4232177734375,0.2239990234375,0.3538818359375,0.623779296875,0.5137939453125,0.380859375,0.29296875,0.414794921875,0.2451171875,0.1739501953125,6.751708984375,0.4593505859375,0.5728759765625,0.4140625,0.3380126953125,0.58447265625,0.3028564453125,0.2589111328125,0.395263671875,0.49072265625,0.1500244140625,0.2518310546875,0.5648193359375,0.8592529296875,0.2705078125,1.40478515625,0.5811767578125,0.1995849609375,0.5985107421875,1.677490234375,0.521728515625,0.607666015625,0.60400390625,0.30517578125,0.541748046875,0.474609375,1.2626953125,0.8662109375,0.502197265625,0.4163818359375,0.2822265625,0.3641357421875,0.267822265625,0.2039794921875,0.891357421875,2.1224365234375,0.56689453125,0.503662109375,0.7564697265625,0.3304443359375,0.20654296875,0.4661865234375,0.2684326171875,0.22607421875,0.7254638671875,0.4031982421875,11.168701171875,1.6278076171875,0.3277587890625,0.6419677734375,0.3125,0.2181396484375,12.2054443359375,0.3870849609375,0.3988037109375,0.7947998046875,0.7015380859375,0.23193359375,0.8603515625,0.298828125,1.2587890625,0.2957763671875,0.4700927734375,0.1864013671875,0.1849365234375,0.1669921875,0.628173828125,3.48388671875,0.93017578125,0.2208251953125,0.5513916015625,0.4886474609375,0.2509765625,1.33740234375,0.5216064453125,0.2911376953125,2.701904296875,0.5067138671875,0.557373046875,0.895263671875,0.58056640625,0.4561767578125,0.361328125,0.544677734375,0.3167724609375,0.22802734375,0.38720703125,0.430908203125,0.5919189453125,0.948486328125,0.3372802734375,0.1561279296875,0.2216796875,0.3765869140625,0.150146484375,0.243896484375,0.4991455078125,0.288330078125,0.2275390625,0.7493896484375,0.1494140625,0.45849609375,0.5546875,0.4744873046875,1.0101318359375,0.2620849609375,0.603759765625,0.3975830078125,0.2047119140625,0.800048828125,0.5970458984375,0.7149658203125,0.6630859375,0.2183837890625,0.408203125,1.17919921875,1.0528564453125,0.5948486328125,0.1844482421875,0.1956787109375,1.0634765625,0.533447265625,0.275634765625,0.187255859375,0.3929443359375,0.35302734375,6.8623046875,0.43505859375,0.205322265625,0.376708984375,1.1175537109375,0.169677734375,0.7327880859375,0.2896728515625,0.27685546875,0.25,0.3399658203125,0.4593505859375,0.8255615234375,0.1778564453125,1.0174560546875,0.4468994140625,0.3638916015625,0.39306640625,0.564208984375,0.344482421875,0.8980712890625,0.322265625,0.2777099609375,0.4947509765625,0.8458251953125,0.0,0.433837890625,0.1982421875,0.347900390625,0.196533203125,0.693359375,0.32666015625,0.6134033203125,0.2449951171875,0.3773193359375,0.4390869140625,0.162353515625,0.3221435546875
ENSG00000242441|chr2:48617809-48617927,0.2528076171875,0.3046875,0.495849609375,0.602783203125,0.4752197265625,0.5826416015625,14.9951171875,0.47802734375,0.338623046875,0.781982421875,0.5751953125,1.1568603515625,0.6246337890625,0.71484375,0.484375,0.522705078125,0.4801025390625,0.62646484375,0.6656494140625,0.8968505859375,0.5528564453125,0.3665771484375,0.640869140625,0.3175048828125,0.47705078125,0.320556640625,0.4794921875,0.662841796875,0.4283447265625,7.050537109375,0.9261474609375,0.2991943359375,0.41650390625,0.7120361328125,0.5556640625,0.3897705078125,0.5443115234375,0.470458984375,0.79931640625,0.3236083984375,0.5123291015625,1.0455322265625,1.4041748046875,0.225830078125,1.028564453125,0.2586669921875,0.3360595703125,0.5721435546875,1.95947265625,1.031494140625,1.15380859375,0.655517578125,0.39697265625,0.957275390625,0.34619140625,0.976318359375,0.5869140625,0.889892578125,0.7288818359375,0.396484375,0.7677001953125,0.50341796875,0.4600830078125,1.067626953125,1.3648681640625,0.832763671875,1.068603515625,1.2130126953125,0.2142333984375,0.24365234375,1.0645751953125,0.4757080078125,0.623046875,0.6541748046875,0.5074462890625,9.920654296875,2.2681884765625,0.5828857421875,0.6363525390625,0.859375,0.5032958984375,14.8052978515625,0.7335205078125,0.1817626953125,1.2152099609375,1.1190185546875,0.49560546875,1.021484375,1.012451171875,1.46630859375,0.2672119140625,0.4295654296875,0.4901123046875,0.3062744140625,0.47412109375,0.650146484375,3.52587890625,1.2880859375,0.5711669921875,0.5794677734375,0.1463623046875,0.674072265625,1.05029296875,0.4989013671875,0.5316162109375,2.372314453125,0.2784423828125,0.207275390625,1.171630859375,0.495849609375,0.5013427734375,0.283447265625,0.521728515625,0.8841552734375,0.322509765625,0.23388671875,0.69189453125,1.1197509765625,0.8779296875,0.7989501953125,0.3192138671875,0.4560546875,0.8341064453125,0.287841796875,0.769287109375,0.6070556640625,0.25341796875,0.2822265625,0.8631591796875,0.42626953125,0.47802734375,0.4267578125,0.6981201171875,0.8887939453125,0.2586669921875,0.51708984375,0.4400634765625,0.6749267578125,0.982421875,1.0394287109375,1.2615966796875,0.3505859375,0.3677978515625,0.623779296875,1.56591796875,1.4918212890625,0.8719482421875,0.2972412109375,0.3695068359375,0.86328125,0.132568359375,0.64599609375,0.294677734375,0.4705810546875,0.173583984375,8.487548828125,0.83447265625,0.408203125,0.536865234375,0.7576904296875,0.457763671875,0.9517822265625,0.7799072265625,0.2822265625,0.4130859375,0.7735595703125,0.7117919921875,0.7362060546875,0.2325439453125,0.9781494140625,0.4298095703125,0.8507080078125,1.0302734375,0.583740234375,0.406005859375,0.7667236328125,0.204833984375,0.5679931640625,0.4920654296875,0.7086181640625,0.433837890625,0.0,0.399658203125,0.17724609375,0.3916015625,0.89990234375,0.45263671875,1.0645751953125,0.6278076171875,0.6497802734375,0.5111083984375,0.289794921875,0.6414794921875
ENSG00000250709|chr13:36297716-36297851,0.5054931640625,0.30859375,0.627197265625,0.459228515625,0.5767822265625,0.4139404296875,13.7568359375,0.609130859375,0.452392578125,0.736083984375,0.923095703125,0.6575927734375,0.5797119140625,0.468505859375,0.669189453125,0.458984375,0.3143310546875,0.412353515625,0.7752685546875,0.7520751953125,0.3624267578125,0.4158935546875,0.690185546875,0.6549072265625,0.55517578125,0.402587890625,0.621337890625,0.4072265625,0.3538818359375,7.04150390625,0.7491455078125,0.5123291015625,0.587158203125,0.4906005859375,0.64111328125,0.3543701171875,0.3118896484375,0.512939453125,0.834228515625,0.2774658203125,0.3619384765625,0.8426513671875,1.2559814453125,0.2099609375,1.1298828125,0.6009521484375,0.2784423828125,0.6844482421875,1.979248046875,0.91455078125,0.9912109375,0.99755859375,0.3896484375,1.0224609375,0.633056640625,1.4423828125,1.048095703125,0.8828125,0.7291259765625,0.43798828125,0.5645751953125,0.384033203125,0.3751220703125,1.311279296875,2.3123779296875,0.47412109375,0.934814453125,1.2296142578125,0.3013916015625,0.333984375,0.6497802734375,0.5013427734375,0.3447265625,0.7769775390625,0.6444091796875,11.7841796875,2.2208251953125,0.5316162109375,0.7052001953125,0.5205078125,0.2335205078125,13.1912841796875,0.6859130859375,0.4063720703125,1.2056884765625,1.1868896484375,0.339599609375,0.885498046875,0.515625,1.717529296875,0.3856201171875,0.7576904296875,0.3968505859375,0.3699951171875,0.402099609375,0.798828125,3.959716796875,1.4794921875,0.3929443359375,0.6195068359375,0.4571533203125,0.45703125,1.63525390625,0.7567138671875,0.4744873046875,3.073974609375,0.4710693359375,0.570556640625,1.288818359375,0.78369140625,0.5386962890625,0.396484375,0.603759765625,0.6153564453125,0.314697265625,0.51220703125,0.541259765625,0.7391357421875,1.2353515625,0.4703369140625,0.2159423828125,0.484130859375,0.6458740234375,0.218994140625,0.404541015625,0.7447509765625,0.420654296875,0.341552734375,0.8526611328125,0.26171875,0.57275390625,0.780517578125,0.6522216796875,1.3045654296875,0.2991943359375,0.749267578125,0.5933837890625,0.2503662109375,1.081787109375,0.9398193359375,0.9049072265625,0.72607421875,0.3472900390625,0.55419921875,1.80322265625,1.2601318359375,0.6912841796875,0.2708740234375,0.3043212890625,1.244384765625,0.43115234375,0.442138671875,0.34130859375,0.6783447265625,0.3994140625,7.6474609375,0.68408203125,0.210205078125,0.56591796875,1.2520751953125,0.236083984375,1.0567626953125,0.5103759765625,0.424560546875,0.365966796875,0.5694580078125,0.6890869140625,0.9971923828125,0.2552490234375,1.3782958984375,0.4656982421875,0.4813232421875,0.732421875,0.690185546875,0.637939453125,0.7926025390625,0.3876953125,0.4154052734375,0.3900146484375,0.7149658203125,0.1982421875,0.399658203125,0.0,0.422119140625,0.400146484375,0.985107421875,0.5087890625,0.8194580078125,0.5638427734375,0.5042724609375,0.6011962890625,0.32470703125,0.6055908203125
ENSG00000253293|chr7:27174026-27174311,0.2750244140625,0.24853515625,0.447265625,0.46044921875,0.4586181640625,0.5350341796875,15.73828125,0.468505859375,0.2705078125,0.73876953125,0.5322265625,0.8714599609375,0.6239013671875,0.57373046875,0.43701171875,0.4609375,0.4063720703125,0.518310546875,0.7606201171875,0.7655029296875,0.4696044921875,0.3258056640625,0.772705078125,0.2359619140625,0.41015625,0.40380859375,0.3857421875,0.54931640625,0.4073486328125,7.67236328125,0.8106689453125,0.4095458984375,0.31982421875,0.6551513671875,0.609619140625,0.3524169921875,0.3890380859375,0.444580078125,0.74853515625,0.2679443359375,0.3765869140625,1.0152587890625,1.2501220703125,0.244873046875,1.16748046875,0.2408447265625,0.2447509765625,0.6136474609375,1.75732421875,0.884765625,1.096923828125,0.655029296875,0.341064453125,0.86376953125,0.3837890625,1.09375,0.552001953125,0.845703125,0.6846923828125,0.367431640625,0.8204345703125,0.56591796875,0.3841552734375,0.95849609375,1.7542724609375,0.814208984375,0.95263671875,1.2393798828125,0.2664794921875,0.219482421875,0.8900146484375,0.4027099609375,0.412109375,0.5841064453125,0.4393310546875,10.845947265625,2.0323486328125,0.4962158203125,0.6702880859375,0.779052734375,0.4998779296875,14.5203857421875,0.6243896484375,0.1981201171875,1.3302001953125,0.9312744140625,0.416748046875,1.046142578125,0.8662109375,1.367431640625,0.1822509765625,0.4278564453125,0.4229736328125,0.3431396484375,0.369873046875,0.669189453125,3.49853515625,1.25,0.4686279296875,0.6231689453125,0.2135009765625,0.575927734375,1.144287109375,0.4420166015625,0.4373779296875,2.3212890625,0.2686767578125,0.38037109375,1.1728515625,0.429443359375,0.6387939453125,0.24462890625,0.447265625,0.8092041015625,0.249755859375,0.28564453125,0.69873046875,1.0570068359375,0.916748046875,0.8013916015625,0.2642822265625,0.37646484375,0.7755126953125,0.310302734375,0.572021484375,0.4732666015625,0.205810546875,0.187255859375,0.7342529296875,0.364501953125,0.459228515625,0.47607421875,0.4173583984375,1.0269775390625,0.2562255859375,0.461669921875,0.3543701171875,0.5147705078125,0.95703125,0.9647216796875,1.1800537109375,0.4443359375,0.3446044921875,0.541259765625,1.457763671875,1.5767822265625,0.6810302734375,0.3565673828125,0.4171142578125,0.780517578125,0.21337890625,0.5400390625,0.1884765625,0.3870849609375,0.237060546875,8.072265625,0.870849609375,0.354248046875,0.45166015625,0.9002685546875,0.41015625,1.0682373046875,0.6683349609375,0.201904296875,0.253173828125,0.6644287109375,0.6258544921875,0.7213134765625,0.2086181640625,1.1588134765625,0.2774658203125,0.8067626953125,0.84130859375,0.6796875,0.3984375,0.6446533203125,0.162353515625,0.5921630859375,0.3995361328125,0.5599365234375,0.347900390625,0.17724609375,0.422119140625,0.0,0.321044921875,0.997314453125,0.450927734375,0.9344482421875,0.6053466796875,0.8118896484375,0.4595947265625,0.2626953125,0.5550537109375
ENSG00000254004|chr19:36528039-36528685,0.5772705078125,0.175048828125,0.1455078125,0.346923828125,0.9005126953125,0.3255615234375,14.201904296875,0.73681640625,0.2333984375,0.532958984375,0.766845703125,0.5797119140625,0.3699951171875,0.2587890625,0.139404296875,0.34130859375,0.1925048828125,0.29052734375,0.4576416015625,0.3736572265625,0.3912353515625,0.2493896484375,0.8388671875,0.5235595703125,0.23388671875,0.365234375,0.1875,0.1357421875,0.3675537109375,7.619873046875,0.3802490234375,0.5677490234375,0.239501953125,0.3980712890625,0.790771484375,0.4373779296875,0.3392333984375,0.4638671875,0.454345703125,0.0794677734375,0.2049560546875,0.6048583984375,0.5570068359375,0.357177734375,1.826171875,0.4715576171875,0.1541748046875,0.6671142578125,1.82666015625,0.525390625,0.57080078125,0.36181640625,0.289794921875,0.326904296875,0.1728515625,1.309814453125,0.6220703125,0.440673828125,0.2506103515625,0.09521484375,0.5267333984375,0.401611328125,0.1080322265625,0.69921875,1.9969482421875,1.062744140625,0.3701171875,0.5987548828125,0.2923583984375,0.126220703125,0.7071533203125,0.1336669921875,0.161865234375,0.6673583984375,0.2784423828125,10.951416015625,1.4600830078125,0.3092041015625,0.8511962890625,0.3427734375,0.4390869140625,13.0604248046875,0.3358154296875,0.3040771484375,0.7464599609375,0.6265869140625,0.332763671875,0.987548828125,0.354248046875,1.249267578125,0.1590576171875,0.3199462890625,0.1456298828125,0.1822509765625,0.1064453125,0.86328125,3.049072265625,0.56201171875,0.3302001953125,0.5787353515625,0.5853271484375,0.28564453125,1.366943359375,0.2530517578125,0.3699951171875,2.357177734375,0.4801025390625,0.621337890625,0.693115234375,0.349365234375,0.6881103515625,0.3955078125,0.365234375,0.2706298828125,0.272705078125,0.18701171875,0.802001953125,1.0167236328125,0.949462890625,0.4525146484375,0.1795654296875,0.219970703125,0.2127685546875,0.249755859375,0.376220703125,0.3250732421875,0.345947265625,0.135498046875,0.6595458984375,0.181884765625,0.314697265625,0.406005859375,0.2681884765625,0.9515380859375,0.2674560546875,0.645751953125,0.1395263671875,0.3739013671875,0.88427734375,0.6956787109375,0.4830322265625,0.48828125,0.1785888671875,0.51318359375,0.924072265625,1.3924560546875,0.6495361328125,0.2601318359375,0.3475341796875,1.156982421875,0.4501953125,0.3828125,0.2685546875,0.2047119140625,0.282958984375,7.687744140625,0.643310546875,0.30224609375,0.366943359375,1.1741943359375,0.23095703125,0.7064208984375,0.3572998046875,0.192626953125,0.268310546875,0.3597412109375,0.5963134765625,0.9542236328125,0.1697998046875,0.9786376953125,0.5050048828125,0.5477294921875,0.357421875,0.5478515625,0.2421875,0.9620361328125,0.31396484375,0.5281982421875,0.7513427734375,0.7398681640625,0.196533203125,0.3916015625,0.400146484375,0.321044921875,0.0,0.77392578125,0.435546875,0.9876708984375,0.1824951171875,0.6732177734375,0.3206787109375,0.096435546875,0.2008056640625
ENSG00000256294|chr19:44113382-44113619,0.8218994140625,0.755126953125,0.512939453125,0.64892578125,1.2486572265625,0.5694580078125,11.937744140625,0.7509765625,0.51416015625,0.455078125,1.01806640625,1.0264892578125,0.3446044921875,0.83544921875,0.74169921875,0.802978515625,0.7752685546875,0.57080078125,0.5054931640625,0.5943603515625,0.6251220703125,1.0330810546875,0.490234375,0.8353271484375,0.70849609375,0.736083984375,0.804931640625,0.997802734375,0.5477294921875,5.08984375,0.5023193359375,1.1751708984375,0.669921875,0.5684814453125,1.13818359375,0.5675048828125,1.0906982421875,0.41796875,0.697998046875,0.6968994140625,1.0347900390625,0.5804443359375,1.7415771484375,0.975341796875,1.785888671875,1.0557861328125,0.6771240234375,0.4715576171875,1.451171875,0.667724609375,0.44580078125,0.414306640625,0.48681640625,0.63232421875,0.956787109375,0.76904296875,1.193359375,0.363037109375,0.5418701171875,0.78173828125,0.4515380859375,0.644775390625,0.7899169921875,0.490966796875,1.6981201171875,1.388427734375,0.603759765625,0.5875244140625,0.9102783203125,0.58740234375,0.7633056640625,0.7821044921875,0.854736328125,1.1182861328125,0.4691162109375,9.01611328125,0.9127197265625,0.4281005859375,0.4127197265625,0.7138671875,0.6319580078125,10.5887451171875,0.5347900390625,1.2427978515625,0.5550537109375,0.8619384765625,0.52490234375,0.62646484375,1.068359375,0.499755859375,0.8946533203125,0.4681396484375,0.5819091796875,0.4713134765625,0.582763671875,0.640625,2.135009765625,0.922607421875,0.8009033203125,0.5897216796875,1.0220947265625,0.679931640625,0.671142578125,0.8248291015625,0.4732666015625,1.65185546875,1.2967529296875,0.89404296875,0.40625,0.90478515625,0.2652587890625,0.700439453125,1.596435546875,0.6221923828125,0.83837890625,0.6728515625,0.859130859375,0.7655029296875,0.499267578125,0.6556396484375,0.9420166015625,0.410400390625,1.0623779296875,0.579833984375,0.710205078125,0.7242431640625,0.585693359375,0.61474609375,0.7989501953125,0.64306640625,0.504150390625,0.52490234375,1.2611083984375,0.4659423828125,0.7286376953125,0.643798828125,0.7921142578125,0.7962646484375,0.429931640625,0.4388427734375,1.8997802734375,1.298828125,0.7769775390625,0.462646484375,0.933349609375,0.6583251953125,0.9276123046875,0.7315673828125,0.5426025390625,1.08349609375,1.052734375,0.574462890625,0.501953125,0.7037353515625,0.771484375,5.086181640625,0.52294921875,0.787109375,0.507568359375,0.5657958984375,0.630615234375,0.3184814453125,0.6114501953125,0.8974609375,0.706787109375,0.5223388671875,0.5037841796875,0.6690673828125,0.8297119140625,0.4522705078125,0.8929443359375,0.7447509765625,0.876708984375,0.59130859375,0.549560546875,1.9295654296875,0.685546875,0.4251708984375,1.3082275390625,2.2606201171875,0.693359375,0.89990234375,0.985107421875,0.997314453125,0.77392578125,0.0,0.329833984375,0.6385498046875,0.5345458984375,0.5062255859375,0.4390869140625,0.67578125,0.6944580078125
ENSG00000257923|chr7:101815965-101816347,0.3900146484375,0.331298828125,0.390869140625,0.322998046875,0.7459716796875,0.2672119140625,12.6953125,0.343505859375,0.270263671875,0.27587890625,0.800537109375,0.7308349609375,0.2139892578125,0.54541015625,0.59375,0.29833984375,0.3231201171875,0.262939453125,0.3358154296875,0.4432373046875,0.3502197265625,0.6639404296875,0.27880859375,0.3299560546875,0.4287109375,0.40625,0.46923828125,0.628662109375,0.1827392578125,5.14306640625,0.3629150390625,0.7686767578125,0.4287109375,0.3914794921875,0.785888671875,0.1253662109375,0.5574951171875,0.1904296875,0.41943359375,0.3831787109375,0.5032958984375,0.3846435546875,1.3624267578125,0.451904296875,1.196533203125,0.6431884765625,0.3023681640625,0.2457275390625,1.07666015625,0.385498046875,0.46142578125,0.3876953125,0.28759765625,0.629638671875,0.60546875,0.655029296875,0.892578125,0.324462890625,0.3731689453125,0.514892578125,0.3260498046875,0.4052734375,0.4781494140625,0.5361328125,1.5623779296875,0.800048828125,0.47509765625,0.6439208984375,0.4830322265625,0.234130859375,0.3983154296875,0.4444580078125,0.49072265625,0.9019775390625,0.2706298828125,9.232666015625,1.1011962890625,0.2650146484375,0.2574462890625,0.443115234375,0.2474365234375,11.2039794921875,0.2777099609375,0.6671142578125,0.6138916015625,0.5992431640625,0.297607421875,0.417236328125,0.734130859375,0.652099609375,0.4742431640625,0.3341064453125,0.3009033203125,0.1483154296875,0.3212890625,0.4892578125,2.530517578125,1.029052734375,0.3499755859375,0.3638916015625,0.4639892578125,0.49072265625,0.743408203125,0.4703369140625,0.1558837890625,1.97021484375,0.7525634765625,0.517333984375,0.517822265625,0.596435546875,0.1732177734375,0.430908203125,0.982177734375,0.4515380859375,0.2802734375,0.3369140625,0.390869140625,0.4168701171875,0.462158203125,0.3995361328125,0.4212646484375,0.190185546875,0.7769775390625,0.22216796875,0.332763671875,0.4564208984375,0.261962890625,0.313720703125,0.5015869140625,0.322265625,0.42138671875,0.324462890625,0.7203369140625,0.5389404296875,0.4075927734375,0.29345703125,0.4764404296875,0.4422607421875,0.406005859375,0.3780517578125,1.4134521484375,0.674072265625,0.3199462890625,0.233642578125,0.96826171875,0.6800537109375,0.7147216796875,0.3543701171875,0.2647705078125,0.763671875,0.629150390625,0.330810546875,0.146484375,0.3836669921875,0.34326171875,5.5673828125,0.45166015625,0.279052734375,0.30810546875,0.4261474609375,0.335693359375,0.3790283203125,0.3128662109375,0.439208984375,0.311279296875,0.3111572265625,0.3521728515625,0.5191650390625,0.4139404296875,0.5067138671875,0.4195556640625,0.4073486328125,0.692138671875,0.3466796875,0.29443359375,1.3526611328125,0.338134765625,0.1558837890625,0.7598876953125,1.4583740234375,0.32666015625,0.45263671875,0.5087890625,0.450927734375,0.435546875,0.329833984375,0.0,0.4244384765625,0.3680419921875,0.3226318359375,0.2388916015625,0.329833984375,0.4461669921875
ENSG00000260428|chr8:144266603-144266696,0.83642578125,0.6966552734375,0.9500732421875,0.5303955078125,1.0283203125,0.55517578125,13.2149658203125,0.7320556640625,0.7105712890625,0.5352783203125,1.1907958984375,0.872314453125,0.580810546875,0.8726806640625,1.1683349609375,0.7459716796875,0.768310546875,0.5841064453125,0.923828125,0.809326171875,0.54833984375,1.152099609375,0.5540771484375,0.822265625,0.9354248046875,0.8743896484375,1.0648193359375,1.1260986328125,0.560546875,5.6121826171875,0.793212890625,1.34033203125,0.8243408203125,0.56201171875,0.9786376953125,0.4443359375,0.811767578125,0.4876708984375,0.8775634765625,0.888671875,1.045654296875,0.769775390625,2.044189453125,0.8306884765625,1.2828369140625,1.09228515625,0.70263671875,0.75341796875,1.4044189453125,0.8148193359375,0.7913818359375,0.9932861328125,0.6444091796875,1.0699462890625,1.2559814453125,1.0611572265625,1.3104248046875,0.7962646484375,0.9619140625,1.0191650390625,0.5478515625,0.7362060546875,0.912841796875,0.9530029296875,2.41259765625,0.9312744140625,0.9805908203125,1.21337890625,1.056640625,0.7442626953125,0.462646484375,0.99755859375,0.8887939453125,1.190185546875,0.663818359375,11.1820068359375,1.505615234375,0.595703125,0.4716796875,0.8494873046875,0.47119140625,10.335205078125,0.631591796875,1.257568359375,1.085205078125,0.992919921875,0.5987548828125,0.6583251953125,1.0203857421875,0.8795166015625,1.005615234375,0.916259765625,0.734130859375,0.62939453125,0.7137451171875,0.5430908203125,3.1436767578125,1.7108154296875,0.6669921875,0.8505859375,0.954345703125,0.7801513671875,1.1627197265625,1.13134765625,0.4541015625,2.4036865234375,1.156494140625,1.1031494140625,1.0377197265625,1.1627197265625,0.48779296875,0.7950439453125,1.6138916015625,0.822998046875,0.8226318359375,1.0421142578125,0.6951904296875,0.4658203125,0.8580322265625,0.81005859375,0.86572265625,0.5426025390625,1.2880859375,0.5594482421875,0.5650634765625,0.857421875,0.5758056640625,0.7015380859375,0.87841796875,0.7596435546875,0.9215087890625,0.9813232421875,1.205322265625,0.966552734375,0.742431640625,0.6217041015625,1.06298828125,0.529052734375,0.5665283203125,0.543701171875,2.060546875,1.4752197265625,0.9033203125,0.4195556640625,1.4417724609375,0.694580078125,0.81103515625,0.868896484375,0.578369140625,0.9808349609375,1.2816162109375,0.5347900390625,0.4893798828125,1.0244140625,0.9171142578125,4.8612060546875,0.5509033203125,0.6578369140625,0.5487060546875,0.941162109375,0.6072998046875,0.9296875,0.665771484375,0.9556884765625,0.5958251953125,0.577392578125,0.539306640625,0.760986328125,0.881103515625,1.034423828125,0.722900390625,0.747314453125,0.8687744140625,0.8780517578125,0.8670654296875,1.497314453125,0.8365478515625,0.411865234375,0.95654296875,2.10107421875,0.6134033203125,1.0645751953125,0.8194580078125,0.9344482421875,0.9876708984375,0.6385498046875,0.4244384765625,0.0,0.857177734375,0.596923828125,0.710693359375,0.8133544921875,0.8798828125
ENSG00000263001|chr7:74657753-74657931,0.823974609375,0.2847900390625,0.1622314453125,0.3714599609375,1.1630859375,0.2353515625,12.6978759765625,0.8717041015625,0.2401123046875,0.4766845703125,1.0294189453125,0.53955078125,0.255859375,0.2862548828125,0.2913818359375,0.4344482421875,0.23974609375,0.2147216796875,0.291259765625,0.206787109375,0.337158203125,0.47900390625,0.7960205078125,0.65576171875,0.3236083984375,0.5050048828125,0.2567138671875,0.1986083984375,0.365478515625,6.7257080078125,0.23583984375,1.001953125,0.3541259765625,0.44140625,0.7901611328125,0.51220703125,0.4921875,0.4088134765625,0.2835693359375,0.196533203125,0.39453125,0.427734375,0.55517578125,0.5894775390625,2.0550537109375,0.802001953125,0.26611328125,0.6357421875,1.4942626953125,0.3577880859375,0.2784423828125,0.2569580078125,0.3675537109375,0.2225341796875,0.4210205078125,1.1920166015625,0.9100341796875,0.2401123046875,0.228759765625,0.2122802734375,0.329345703125,0.3465576171875,0.19189453125,0.5347900390625,2.05322265625,1.0587158203125,0.1988525390625,0.3505859375,0.501953125,0.2459716796875,0.57958984375,0.197021484375,0.2962646484375,0.93017578125,0.296875,10.4827880859375,0.9765625,0.336669921875,0.74267578125,0.2198486328125,0.4619140625,11.4052734375,0.306640625,0.685546875,0.4306640625,0.380615234375,0.3077392578125,1.0057373046875,0.3397216796875,0.9110107421875,0.368896484375,0.3203125,0.134765625,0.22412109375,0.1341552734375,0.8558349609375,2.9312744140625,0.3487548828125,0.2822265625,0.662841796875,0.881591796875,0.2310791015625,1.3104248046875,0.37158203125,0.318115234375,2.2218017578125,0.79931640625,0.7410888671875,0.4730224609375,0.5643310546875,0.569580078125,0.5242919921875,0.7049560546875,0.17236328125,0.3824462890625,0.3555908203125,0.6888427734375,0.802490234375,0.8846435546875,0.299072265625,0.34521484375,0.1646728515625,0.222412109375,0.3167724609375,0.3426513671875,0.4287109375,0.4410400390625,0.2821044921875,0.822509765625,0.1947021484375,0.4373779296875,0.4461669921875,0.448974609375,0.83642578125,0.433349609375,0.6773681640625,0.361083984375,0.405029296875,0.7279052734375,0.484619140625,0.627197265625,0.7816162109375,0.275146484375,0.4869384765625,0.5809326171875,1.0107421875,0.724365234375,0.306640625,0.424072265625,1.2496337890625,0.7757568359375,0.4102783203125,0.3436279296875,0.266357421875,0.5384521484375,6.4332275390625,0.4281005859375,0.3907470703125,0.3714599609375,1.139404296875,0.2879638671875,0.467529296875,0.2138671875,0.3509521484375,0.3834228515625,0.245849609375,0.441162109375,1.007568359375,0.374755859375,0.745849609375,0.71337890625,0.412841796875,0.2877197265625,0.6265869140625,0.2393798828125,1.462890625,0.4510498046875,0.4111328125,0.996826171875,1.29833984375,0.2449951171875,0.6278076171875,0.5638427734375,0.6053466796875,0.1824951171875,0.5345458984375,0.3680419921875,0.857177734375,0.0,0.540283203125,0.419921875,0.1798095703125,0.21240234375
ENSG00000273706|chr17:36936747-36937765,0.6904296875,0.5076904296875,0.6556396484375,0.6282958984375,1.003662109375,0.45361328125,11.2667236328125,0.6646728515625,0.5323486328125,0.5643310546875,1.1217041015625,1.015869140625,0.35986328125,0.7625732421875,0.9266357421875,0.4642333984375,0.431396484375,0.3519287109375,0.474609375,0.77001953125,0.579345703125,0.882568359375,0.3682861328125,0.780517578125,0.6497802734375,0.3494873046875,0.7923583984375,0.7545166015625,0.318359375,5.1722412109375,0.657958984375,0.915771484375,0.7464599609375,0.452880859375,0.9132080078125,0.32275390625,0.769775390625,0.5147705078125,0.7230224609375,0.5615234375,0.629638671875,0.429931640625,1.566162109375,0.5760498046875,1.3763427734375,0.951416015625,0.51953125,0.49169921875,1.7176513671875,0.7510986328125,0.7330322265625,0.7640380859375,0.4451904296875,0.9354248046875,0.8106689453125,1.0023193359375,1.3621826171875,0.5076904296875,0.587646484375,0.7222900390625,0.283447265625,0.3753662109375,0.6923828125,1.0269775390625,1.74853515625,0.7330322265625,0.7723388671875,0.8095703125,0.5869140625,0.4969482421875,0.560302734375,0.5888671875,0.7269287109375,1.197021484375,0.724365234375,9.4493408203125,1.666259765625,0.53466796875,0.457275390625,0.4949951171875,0.27734375,11.2001953125,0.61669921875,0.88037109375,0.6181640625,1.05322265625,0.4866943359375,0.6365966796875,0.7025146484375,1.1517333984375,0.79833984375,0.703857421875,0.508056640625,0.358642578125,0.5140380859375,0.6915283203125,3.0491943359375,1.3905029296875,0.507080078125,0.54638671875,0.66357421875,0.6492919921875,1.1011962890625,0.95263671875,0.393798828125,2.6483154296875,1.00634765625,0.5977783203125,0.8394775390625,1.0047607421875,0.221435546875,0.6490478515625,1.2469482421875,0.5595703125,0.5167236328125,0.6761474609375,0.4747314453125,0.467529296875,0.9678955078125,0.434814453125,0.577392578125,0.4486083984375,0.78369140625,0.3499755859375,0.4908447265625,0.94921875,0.4844970703125,0.5870361328125,0.831298828125,0.4317626953125,0.6815185546875,0.6207275390625,1.27734375,0.81494140625,0.533935546875,0.7725830078125,0.802734375,0.564697265625,0.6654052734375,0.639404296875,1.376220703125,0.9364013671875,0.505126953125,0.4827880859375,1.5357666015625,0.70458984375,1.065673828125,0.3671875,0.2099609375,1.2613525390625,0.8111572265625,0.5294189453125,0.4971923828125,0.79443359375,0.5352783203125,5.8841552734375,0.5545654296875,0.4293212890625,0.6019287109375,0.77294921875,0.3924560546875,0.592041015625,0.554443359375,0.7069091796875,0.5911865234375,0.567626953125,0.5732421875,0.852294921875,0.545654296875,0.6787109375,0.7744140625,0.411376953125,0.8326416015625,0.5296630859375,0.5836181640625,1.564697265625,0.6165771484375,0.20751953125,0.882568359375,1.643310546875,0.3773193359375,0.6497802734375,0.5042724609375,0.8118896484375,0.6732177734375,0.5062255859375,0.3226318359375,0.596923828125,0.540283203125,0.0,0.6181640625,0.5506591796875,0.728515625
ENSG00000275111|chr2:95165802-95166073,0.50146484375,0.4031982421875,0.2484130859375,0.2562255859375,0.876953125,0.394287109375,14.2122802734375,0.3819580078125,0.2781982421875,0.3304443359375,0.5579833984375,0.6572265625,0.3056640625,0.4735107421875,0.3250732421875,0.4014892578125,0.41845703125,0.4398193359375,0.45556640625,0.43994140625,0.483642578125,0.60302734375,0.4696044921875,0.457275390625,0.3712158203125,0.5103759765625,0.3902587890625,0.5916748046875,0.434326171875,6.1219482421875,0.297607421875,0.695556640625,0.3267822265625,0.365966796875,0.9986572265625,0.273681640625,0.61865234375,0.2823486328125,0.5137939453125,0.339111328125,0.566650390625,0.490234375,1.274658203125,0.6014404296875,1.6072998046875,0.48583984375,0.304931640625,0.31982421875,1.3214111328125,0.4129638671875,0.4263916015625,0.3148193359375,0.2274169921875,0.4862060546875,0.4642333984375,0.8834228515625,0.6724853515625,0.3355712890625,0.292724609375,0.3541259765625,0.52099609375,0.5579833984375,0.390380859375,0.3468017578125,1.69970703125,1.2396240234375,0.4088134765625,0.575439453125,0.43701171875,0.2469482421875,0.5546875,0.432861328125,0.3585205078125,0.697509765625,0.2109375,9.9930419921875,1.0458984375,0.2001953125,0.494384765625,0.5289306640625,0.42626953125,11.78662109375,0.2216796875,0.615234375,0.69921875,0.8125,0.3648681640625,0.4158935546875,0.7393798828125,0.6368408203125,0.361328125,0.303955078125,0.28857421875,0.1884765625,0.3011474609375,0.5799560546875,1.9593505859375,0.8392333984375,0.49951171875,0.29052734375,0.638916015625,0.4749755859375,0.7821044921875,0.32177734375,0.31103515625,1.5399169921875,0.82470703125,0.8099365234375,0.4537353515625,0.4188232421875,0.38525390625,0.4281005859375,0.9227294921875,0.403076171875,0.3768310546875,0.3067626953125,0.9251708984375,0.837158203125,0.4117431640625,0.5615234375,0.506591796875,0.2642822265625,0.709228515625,0.3214111328125,0.4298095703125,0.282470703125,0.2850341796875,0.2335205078125,0.26171875,0.4136962890625,0.2071533203125,0.2286376953125,0.592041015625,0.568115234375,0.397705078125,0.4144287109375,0.22412109375,0.462158203125,0.4173583984375,0.448486328125,1.354248046875,0.7943115234375,0.406005859375,0.2899169921875,0.8494873046875,0.987548828125,0.568115234375,0.433837890625,0.40283203125,0.8648681640625,0.6009521484375,0.2384033203125,0.2574462890625,0.357666015625,0.3135986328125,6.2366943359375,0.6280517578125,0.4168701171875,0.2659912109375,0.589599609375,0.3599853515625,0.482421875,0.420166015625,0.4757080078125,0.3382568359375,0.3466796875,0.491943359375,0.49267578125,0.411376953125,0.720458984375,0.36962890625,0.68115234375,0.5535888671875,0.3355712890625,0.3822021484375,1.309326171875,0.3790283203125,0.445556640625,0.93798828125,1.352294921875,0.4390869140625,0.5111083984375,0.6011962890625,0.4595947265625,0.3206787109375,0.4390869140625,0.2388916015625,0.710693359375,0.419921875,0.6181640625,0.0,0.3236083984375,0.330078125
ENSG00000277462|chr1:247078347-247078806,0.4617919921875,0.122314453125,0.16357421875,0.26318359375,0.7130126953125,0.2381591796875,14.310546875,0.574462890625,0.1435546875,0.4482421875,0.703125,0.5296630859375,0.3262939453125,0.268310546875,0.2060546875,0.29345703125,0.1636962890625,0.239013671875,0.3995361328125,0.3157958984375,0.2684326171875,0.2349853515625,0.712646484375,0.4095458984375,0.230712890625,0.34912109375,0.175048828125,0.199951171875,0.2650146484375,7.124755859375,0.4227294921875,0.5228271484375,0.20263671875,0.4068603515625,0.6337890625,0.3153076171875,0.3106689453125,0.321533203125,0.36865234375,0.0882568359375,0.2469482421875,0.6041259765625,0.6531982421875,0.27490234375,1.48876953125,0.3883056640625,0.0916748046875,0.6043701171875,1.552001953125,0.447265625,0.53564453125,0.357177734375,0.27685546875,0.417724609375,0.216064453125,1.102294921875,0.6044921875,0.417236328125,0.3106689453125,0.1171875,0.4783935546875,0.316650390625,0.1075439453125,0.67138671875,1.8280029296875,0.852294921875,0.395751953125,0.6527099609375,0.2432861328125,0.07763671875,0.6207275390625,0.1483154296875,0.196044921875,0.6737060546875,0.2337646484375,10.737060546875,1.4222412109375,0.2755126953125,0.6546630859375,0.335693359375,0.3812255859375,12.9561767578125,0.3170166015625,0.2720947265625,0.7523193359375,0.5128173828125,0.279296875,0.962646484375,0.402587890625,1.1015625,0.1263427734375,0.2884521484375,0.1251220703125,0.1343994140625,0.111572265625,0.69384765625,3.115966796875,0.658203125,0.2584228515625,0.5589599609375,0.4571533203125,0.253173828125,1.192138671875,0.2193603515625,0.3045654296875,2.2978515625,0.4014892578125,0.476318359375,0.709716796875,0.314453125,0.5208740234375,0.312744140625,0.345947265625,0.2833251953125,0.2138671875,0.18603515625,0.58349609375,0.7935791015625,0.86083984375,0.3695068359375,0.1610107421875,0.161376953125,0.2957763671875,0.14501953125,0.3193359375,0.3497314453125,0.237548828125,0.12060546875,0.6632080078125,0.15283203125,0.33984375,0.354736328125,0.3070068359375,0.8187255859375,0.2344970703125,0.448974609375,0.2030029296875,0.3355712890625,0.800537109375,0.5379638671875,0.6668701171875,0.4853515625,0.1361083984375,0.449462890625,0.869140625,1.1561279296875,0.5584716796875,0.1627197265625,0.3048095703125,0.952392578125,0.4052734375,0.359375,0.168212890625,0.1717529296875,0.25,7.274658203125,0.498779296875,0.230712890625,0.297119140625,1.0167236328125,0.187744140625,0.6463623046875,0.2828369140625,0.137939453125,0.1982421875,0.2659912109375,0.4422607421875,0.8336181640625,0.1392822265625,0.9117431640625,0.3658447265625,0.4373779296875,0.3662109375,0.57275390625,0.16064453125,0.9700927734375,0.1806640625,0.3839111328125,0.5843505859375,0.7496337890625,0.162353515625,0.289794921875,0.32470703125,0.2626953125,0.096435546875,0.67578125,0.329833984375,0.8133544921875,0.1798095703125,0.5506591796875,0.3236083984375,0.0,0.1966552734375
ENSG00000290988|chr19:37692075-37692259,0.797119140625,0.3482666015625,0.1588134765625,0.2840576171875,1.018310546875,0.228759765625,14.0008544921875,0.8695068359375,0.3179931640625,0.4007568359375,0.9952392578125,0.380859375,0.2919921875,0.1859130859375,0.2506103515625,0.5501708984375,0.2861328125,0.2801513671875,0.525634765625,0.170654296875,0.362060546875,0.54296875,0.8145751953125,0.580078125,0.4495849609375,0.6588134765625,0.2891845703125,0.2857666015625,0.456787109375,6.9110107421875,0.376220703125,0.900146484375,0.3148193359375,0.35986328125,0.7459716796875,0.4462890625,0.400146484375,0.4532470703125,0.3121337890625,0.2255859375,0.51318359375,0.69091796875,0.73046875,0.5565185546875,1.7698974609375,0.598876953125,0.296875,0.808349609375,1.3460693359375,0.3372802734375,0.3414306640625,0.2991943359375,0.3507080078125,0.2618408203125,0.4378662109375,1.4041748046875,0.6617431640625,0.3956298828125,0.3330078125,0.2374267578125,0.535888671875,0.4427490234375,0.139892578125,0.5364990234375,2.405029296875,1.3133544921875,0.2349853515625,0.56689453125,0.502685546875,0.3162841796875,0.62646484375,0.266845703125,0.2510986328125,0.705078125,0.292236328125,11.5311279296875,1.129638671875,0.22900390625,0.75244140625,0.3929443359375,0.4990234375,11.94775390625,0.332763671875,0.615966796875,0.738037109375,0.4296875,0.3468017578125,0.9395751953125,0.4957275390625,0.9368896484375,0.294921875,0.327392578125,0.244140625,0.209716796875,0.1539306640625,0.7664794921875,2.7352294921875,0.5631103515625,0.30029296875,0.71240234375,0.7978515625,0.2379150390625,1.1983642578125,0.30908203125,0.32666015625,1.8919677734375,0.708984375,0.9688720703125,0.6563720703125,0.5111083984375,0.677734375,0.4461669921875,0.6224365234375,0.264892578125,0.3646240234375,0.3865966796875,0.9075927734375,0.854736328125,0.8336181640625,0.51513671875,0.415283203125,0.2105712890625,0.39404296875,0.3319091796875,0.3443603515625,0.26904296875,0.3861083984375,0.2518310546875,0.60986328125,0.3297119140625,0.3096923828125,0.4898681640625,0.341796875,0.839111328125,0.363525390625,0.5050048828125,0.23046875,0.359130859375,0.7821044921875,0.395263671875,0.772705078125,0.9549560546875,0.33837890625,0.4190673828125,0.5618896484375,1.13037109375,0.38623046875,0.430419921875,0.55712890625,0.8604736328125,0.8248291015625,0.3431396484375,0.3419189453125,0.230224609375,0.4476318359375,6.7967529296875,0.4549560546875,0.4544677734375,0.3280029296875,1.22265625,0.3861083984375,0.636962890625,0.26171875,0.4024658203125,0.2640380859375,0.277099609375,0.46142578125,0.851318359375,0.426513671875,0.995849609375,0.5146484375,0.646240234375,0.2191162109375,0.6903076171875,0.3267822265625,1.238037109375,0.4859619140625,0.50390625,0.8955078125,1.130126953125,0.3221435546875,0.6414794921875,0.6055908203125,0.5550537109375,0.2008056640625,0.6944580078125,0.4461669921875,0.8798828125,0.21240234375,0.728515625,0.330078125,0.1966552734375,0.0
