guide_id	gene_name	label	log2_fc	p_value
AARS#chr16:70289397-70289415(-)	AARS	positive_control	-0.23409837	0.7630593601916488
AARS#chr16:70289419-70289437(-)	AARS	positive_control	-0.22128756	0.7777967752386519
AARS#chr16:70289477-70289495(-)	AARS	positive_control	0.10404331	0.9068515125028788
B2M#chr15:44711560-44711578(-)	B2M	positive_control	-2.8630202	3.16712273476008e-118
CD151#chr11:833006-833024(+)	CD151	positive_control	-2.6422935	3.483123023807376e-147
CD151#chr11:833042-833060(-)	CD151	positive_control	-2.1947134	0.0
CD29#chr10:32958199-32958217(-)	CD29	positive_control	-0.3115724	0.0472849551987871
CD55#chr1:207321714-207321732(+)	CD55	positive_control		
CD81#chr11:2377315-2377333(+)#strong	CD81	positive_control	-2.7931943	2.6291118756316707e-137
CD81#chr11:2377315-2377333(+)#weak	CD81	positive_control	-2.5468454	7.540384282818824e-110
DNAJC19#chr3:180989302-180989320(-)	DNAJC19	positive_control	-2.987185	1.565879428126207e-07
DNAJC19#chr3:180989327-180989345(-)	DNAJC19	positive_control	-2.905416	2.9125310644637777e-06
DNAJC19#chr3:180989630-180989648(-)	DNAJC19	positive_control	-1.3122112	1.1987754954010916e-12
MALAT1#chr11:65497796-65497814(-)	MALAT1	positive_control	-1.6485779	4.238001047612507e-109
NGFRAP1#chrX:103376320-103376338(+)	NGFRAP1	positive_control	-2.1135955	0.0
POLR1D#chr13:27621863-27621881(-)	POLR1D	positive_control	-1.3319944	0.0555737683221922
POLR1D#chr13:27621883-27621901(-)	POLR1D	positive_control	-0.1569611	0.8130325597677766
POLR1D#chr13:27621915-27621933(-)	POLR1D	positive_control	-0.5145159	0.4997876267227965
TFRC#chr3:196082075-196082093(-)	TFRC	positive_control	-3.176254	1.4694802282479906e-58
non-targeting_00006		non_targeting		
non-targeting_00010		non_targeting		
non-targeting_00013		non_targeting		
non-targeting_00018		non_targeting		
non-targeting_00020		non_targeting		
non-targeting_00021		non_targeting		
non-targeting_00026		non_targeting		
non-targeting_00037		non_targeting		
non-targeting_00047		non_targeting		
non-targeting_00062		non_targeting		
non-targeting_00081		non_targeting		
non-targeting_00095		non_targeting		
non-targeting_00131		non_targeting		
non-targeting_00148		non_targeting		
non-targeting_00158		non_targeting		
non-targeting_00162		non_targeting		
non-targeting_00164		non_targeting		
non-targeting_00166		non_targeting		
non-targeting_00169		non_targeting		
non-targeting_00170		non_targeting		
non-targeting_00176		non_targeting		
non-targeting_00179		non_targeting		
non-targeting_00183		non_targeting		
non-targeting_00186		non_targeting		
non-targeting_00190		non_targeting		
non-targeting_00205		non_targeting		
non-targeting_00215		non_targeting		
non-targeting_00227		non_targeting		
non-targeting_00234		non_targeting		
non-targeting_00250		non_targeting		
non-targeting_00265		non_targeting		
non-targeting_00271		non_targeting		
non-targeting_00284		non_targeting		
non-targeting_00287		non_targeting		
non-targeting_00289		non_targeting		
non-targeting_00293		non_targeting		
non-targeting_00296		non_targeting		
non-targeting_00298		non_targeting		
non-targeting_00306		non_targeting		
non-targeting_00316		non_targeting		
non-targeting_00320		non_targeting		
non-targeting_00324		non_targeting		
non-targeting_00326		non_targeting		
non-targeting_00327		non_targeting		
non-targeting_00340		non_targeting		
non-targeting_00341		non_targeting		
non-targeting_00347		non_targeting		
non-targeting_00352		non_targeting		
non-targeting_00407		non_targeting		
non-targeting_00410		non_targeting		
non-targeting_00412		non_targeting		
non-targeting_00426		non_targeting		
non-targeting_00431		non_targeting		
non-targeting_00445		non_targeting		
non-targeting_00446		non_targeting		
non-targeting_00461		non_targeting		
non-targeting_00474		non_targeting		
non-targeting_00483		non_targeting		
non-targeting_00484		non_targeting		
non-targeting_00485		non_targeting		
non-targeting_00492		non_targeting		
non-targeting_00496		non_targeting		
non-targeting_00497		non_targeting		
non-targeting_00501		non_targeting		
non-targeting_00503		non_targeting		
non-targeting_00509		non_targeting		
non-targeting_00516		non_targeting		
non-targeting_00517		non_targeting		
non-targeting_00518		non_targeting		
non-targeting_00528		non_targeting		
non-targeting_00531		non_targeting		
non-targeting_00538		non_targeting		
non-targeting_00539		non_targeting		
non-targeting_00544		non_targeting		
non-targeting_00545		non_targeting		
non-targeting_00550		non_targeting		
non-targeting_00559		non_targeting		
non-targeting_00570		non_targeting		
non-targeting_00582		non_targeting		
non-targeting_00599		non_targeting		
non-targeting_00609		non_targeting		
non-targeting_00610		non_targeting		
non-targeting_00611		non_targeting		
non-targeting_00612		non_targeting		
non-targeting_00620		non_targeting		
non-targeting_00629		non_targeting		
non-targeting_00634		non_targeting		
non-targeting_00635		non_targeting		
non-targeting_00642		non_targeting		
non-targeting_00652		non_targeting		
non-targeting_00657		non_targeting		
non-targeting_00659		non_targeting		
non-targeting_00664		non_targeting		
non-targeting_00678		non_targeting		
non-targeting_00688		non_targeting		
non-targeting_00689		non_targeting		
non-targeting_00692		non_targeting		
non-targeting_00696		non_targeting		
non-targeting_00698		non_targeting		
non-targeting_00699		non_targeting		
non-targeting_00702		non_targeting		
non-targeting_00709		non_targeting		
non-targeting_00712		non_targeting		
non-targeting_00718		non_targeting		
non-targeting_00749		non_targeting		
non-targeting_00750		non_targeting		
non-targeting_00753		non_targeting		
non-targeting_00756		non_targeting		
non-targeting_00762		non_targeting		
non-targeting_00769		non_targeting		
non-targeting_00771		non_targeting		
non-targeting_00781		non_targeting		
non-targeting_00784		non_targeting		
non-targeting_00787		non_targeting		
non-targeting_00797		non_targeting		
non-targeting_00803		non_targeting		
non-targeting_00811		non_targeting		
non-targeting_00823		non_targeting		
non-targeting_00827		non_targeting		
non-targeting_00843		non_targeting		
non-targeting_00852		non_targeting		
non-targeting_00856		non_targeting		
non-targeting_00860		non_targeting		
non-targeting_00862		non_targeting		
non-targeting_00863		non_targeting		
non-targeting_00881		non_targeting		
non-targeting_00886		non_targeting		
non-targeting_00903		non_targeting		
non-targeting_00907		non_targeting		
non-targeting_00923		non_targeting		
non-targeting_00932		non_targeting		
non-targeting_00934		non_targeting		
non-targeting_00940		non_targeting		
non-targeting_00954		non_targeting		
non-targeting_00962		non_targeting		
non-targeting_00963		non_targeting		
non-targeting_00977		non_targeting		
non-targeting_00979		non_targeting		
non-targeting_00984		non_targeting		
non-targeting_00986		non_targeting		
non-targeting_00987		non_targeting		
non-targeting_00991		non_targeting		
non-targeting_00996		non_targeting		
non-targeting_00998		non_targeting		
non-targeting_00999		non_targeting		
non-targeting_01008		non_targeting		
non-targeting_01012		non_targeting		
non-targeting_01018		non_targeting		
non-targeting_01031		non_targeting		
non-targeting_01034		non_targeting		
non-targeting_01035		non_targeting		
non-targeting_01044		non_targeting		
non-targeting_01047		non_targeting		
non-targeting_01053		non_targeting		
non-targeting_01055		non_targeting		
non-targeting_01086		non_targeting		
non-targeting_01089		non_targeting		
non-targeting_01093		non_targeting		
non-targeting_01101		non_targeting		
non-targeting_01102		non_targeting		
non-targeting_01107		non_targeting		
non-targeting_01109		non_targeting		
non-targeting_01117		non_targeting		
non-targeting_01130		non_targeting		
non-targeting_01136		non_targeting		
non-targeting_01139		non_targeting		
non-targeting_01142		non_targeting		
non-targeting_01155		non_targeting		
non-targeting_01177		non_targeting		
non-targeting_01185		non_targeting		
non-targeting_01188		non_targeting		
non-targeting_01190		non_targeting		
non-targeting_01197		non_targeting		
non-targeting_01206		non_targeting		
non-targeting_01209		non_targeting		
non-targeting_01215		non_targeting		
non-targeting_01218		non_targeting		
non-targeting_01224		non_targeting		
non-targeting_01227		non_targeting		
non-targeting_01236		non_targeting		
non-targeting_01241		non_targeting		
non-targeting_01242		non_targeting		
non-targeting_01245		non_targeting		
non-targeting_01269		non_targeting		
non-targeting_01273		non_targeting		
non-targeting_01278		non_targeting		
non-targeting_01288		non_targeting		
non-targeting_01294		non_targeting		
non-targeting_01295		non_targeting		
non-targeting_01296		non_targeting		
non-targeting_01298		non_targeting		
non-targeting_01311		non_targeting		
non-targeting_01326		non_targeting		
non-targeting_01332		non_targeting		
non-targeting_01339		non_targeting		
non-targeting_01341		non_targeting		
non-targeting_01342		non_targeting		
non-targeting_01344		non_targeting		
non-targeting_01348		non_targeting		
non-targeting_01349		non_targeting		
non-targeting_01355		non_targeting		
non-targeting_01359		non_targeting		
non-targeting_01368		non_targeting		
non-targeting_01371		non_targeting		
non-targeting_01373		non_targeting		
non-targeting_01376		non_targeting		
non-targeting_01382		non_targeting		
non-targeting_01395		non_targeting		
non-targeting_01401		non_targeting		
non-targeting_01403		non_targeting		
non-targeting_01412		non_targeting		
non-targeting_01421		non_targeting		
non-targeting_01425		non_targeting		
non-targeting_01431		non_targeting		
non-targeting_01432		non_targeting		
non-targeting_01436		non_targeting		
non-targeting_01451		non_targeting		
non-targeting_01460		non_targeting		
non-targeting_01469		non_targeting		
non-targeting_01482		non_targeting		
non-targeting_01485		non_targeting		
non-targeting_01493		non_targeting		
non-targeting_01498		non_targeting		
non-targeting_01499		non_targeting		
non-targeting_01524		non_targeting		
non-targeting_01525		non_targeting		
non-targeting_01527		non_targeting		
non-targeting_01528		non_targeting		
non-targeting_01530		non_targeting		
non-targeting_01538		non_targeting		
non-targeting_01550		non_targeting		
non-targeting_01566		non_targeting		
non-targeting_01570		non_targeting		
non-targeting_01572		non_targeting		
non-targeting_01581		non_targeting		
non-targeting_01586		non_targeting		
non-targeting_01591		non_targeting		
non-targeting_01593		non_targeting		
non-targeting_01603		non_targeting		
non-targeting_01607		non_targeting		
non-targeting_01615		non_targeting		
non-targeting_01628		non_targeting		
non-targeting_01629		non_targeting		
non-targeting_01636		non_targeting		
non-targeting_01648		non_targeting		
non-targeting_01655		non_targeting		
non-targeting_01666		non_targeting		
non-targeting_01668		non_targeting		
non-targeting_01669		non_targeting		
non-targeting_01679		non_targeting		
non-targeting_01681		non_targeting		
non-targeting_01684		non_targeting		
non-targeting_01695		non_targeting		
non-targeting_01705		non_targeting		
non-targeting_01721		non_targeting		
non-targeting_01723		non_targeting		
non-targeting_01725		non_targeting		
non-targeting_01736		non_targeting		
non-targeting_01744		non_targeting		
non-targeting_01757		non_targeting		
non-targeting_01759		non_targeting		
non-targeting_01763		non_targeting		
non-targeting_01778		non_targeting		
non-targeting_01779		non_targeting		
non-targeting_01786		non_targeting		
non-targeting_01796		non_targeting		
non-targeting_01800		non_targeting		
non-targeting_01801		non_targeting		
non-targeting_01806		non_targeting		
non-targeting_01822		non_targeting		
non-targeting_01826		non_targeting		
non-targeting_01831		non_targeting		
non-targeting_01833		non_targeting		
non-targeting_01855		non_targeting		
non-targeting_01857		non_targeting		
non-targeting_01859		non_targeting		
non-targeting_01861		non_targeting		
non-targeting_01869		non_targeting		
non-targeting_01879		non_targeting		
non-targeting_01890		non_targeting		
non-targeting_01900		non_targeting		
non-targeting_01903		non_targeting		
non-targeting_01908		non_targeting		
non-targeting_01910		non_targeting		
non-targeting_01914		non_targeting		
non-targeting_01920		non_targeting		
non-targeting_01922		non_targeting		
non-targeting_01923		non_targeting		
non-targeting_01933		non_targeting		
non-targeting_01938		non_targeting		
non-targeting_01939		non_targeting		
non-targeting_01942		non_targeting		
non-targeting_01946		non_targeting		
non-targeting_01948		non_targeting		
non-targeting_01955		non_targeting		
non-targeting_01956		non_targeting		
non-targeting_01957		non_targeting		
non-targeting_01958		non_targeting		
non-targeting_01961		non_targeting		
non-targeting_01967		non_targeting		
non-targeting_01976		non_targeting		
non-targeting_01981		non_targeting		
non-targeting_01987		non_targeting		
non-targeting_01989		non_targeting		
non-targeting_01992		non_targeting		
non-targeting_01999		non_targeting		
non-targeting_02002		non_targeting		
non-targeting_02004		non_targeting		
non-targeting_02010		non_targeting		
non-targeting_02021		non_targeting		
non-targeting_02027		non_targeting		
non-targeting_02030		non_targeting		
non-targeting_02034		non_targeting		
non-targeting_02037		non_targeting		
non-targeting_02046		non_targeting		
non-targeting_02049		non_targeting		
non-targeting_02052		non_targeting		
non-targeting_02057		non_targeting		
non-targeting_02074		non_targeting		
non-targeting_02080		non_targeting		
non-targeting_02085		non_targeting		
non-targeting_02093		non_targeting		
non-targeting_02095		non_targeting		
non-targeting_02097		non_targeting		
non-targeting_02100		non_targeting		
non-targeting_02114		non_targeting		
non-targeting_02119		non_targeting		
non-targeting_02121		non_targeting		
non-targeting_02126		non_targeting		
non-targeting_02152		non_targeting		
non-targeting_02154		non_targeting		
non-targeting_02178		non_targeting		
non-targeting_02180		non_targeting		
non-targeting_02181		non_targeting		
non-targeting_02183		non_targeting		
non-targeting_02196		non_targeting		
non-targeting_02198		non_targeting		
non-targeting_02200		non_targeting		
non-targeting_02202		non_targeting		
non-targeting_02205		non_targeting		
non-targeting_02216		non_targeting		
non-targeting_02223		non_targeting		
non-targeting_02226		non_targeting		
non-targeting_02227		non_targeting		
non-targeting_02229		non_targeting		
non-targeting_02233		non_targeting		
non-targeting_02237		non_targeting		
non-targeting_02242		non_targeting		
non-targeting_02243		non_targeting		
non-targeting_02244		non_targeting		
non-targeting_02260		non_targeting		
non-targeting_02262		non_targeting		
non-targeting_02271		non_targeting		
non-targeting_02272		non_targeting		
non-targeting_02273		non_targeting		
non-targeting_02276		non_targeting		
non-targeting_02282		non_targeting		
non-targeting_02293		non_targeting		
non-targeting_02298		non_targeting		
non-targeting_02307		non_targeting		
non-targeting_02309		non_targeting		
non-targeting_02310		non_targeting		
non-targeting_02312		non_targeting		
non-targeting_02314		non_targeting		
non-targeting_02332		non_targeting		
non-targeting_02340		non_targeting		
non-targeting_02354		non_targeting		
non-targeting_02357		non_targeting		
non-targeting_02364		non_targeting		
non-targeting_02385		non_targeting		
non-targeting_02396		non_targeting		
non-targeting_02401		non_targeting		
non-targeting_02416		non_targeting		
non-targeting_02417		non_targeting		
non-targeting_02421		non_targeting		
non-targeting_02432		non_targeting		
non-targeting_02433		non_targeting		
non-targeting_02442		non_targeting		
non-targeting_02443		non_targeting		
non-targeting_02446		non_targeting		
non-targeting_02455		non_targeting		
non-targeting_02456		non_targeting		
non-targeting_02459		non_targeting		
non-targeting_02461		non_targeting		
non-targeting_02462		non_targeting		
non-targeting_02465		non_targeting		
non-targeting_02466		non_targeting		
non-targeting_02467		non_targeting		
non-targeting_02468		non_targeting		
non-targeting_02478		non_targeting		
non-targeting_02484		non_targeting		
non-targeting_02487		non_targeting		
non-targeting_02488		non_targeting		
non-targeting_02493		non_targeting		
non-targeting_02496		non_targeting		
non-targeting_02498		non_targeting		
non-targeting_02510		non_targeting		
non-targeting_02511		non_targeting		
non-targeting_02513		non_targeting		
non-targeting_02514		non_targeting		
non-targeting_02515		non_targeting		
non-targeting_02520		non_targeting		
non-targeting_02524		non_targeting		
non-targeting_02537		non_targeting		
non-targeting_02542		non_targeting		
non-targeting_02567		non_targeting		
non-targeting_02570		non_targeting		
non-targeting_02573		non_targeting		
non-targeting_02577		non_targeting		
non-targeting_02578		non_targeting		
non-targeting_02580		non_targeting		
non-targeting_02595		non_targeting		
non-targeting_02597		non_targeting		
non-targeting_02600		non_targeting		
non-targeting_02602		non_targeting		
non-targeting_02607		non_targeting		
non-targeting_02608		non_targeting		
non-targeting_02610		non_targeting		
non-targeting_02611		non_targeting		
non-targeting_02628		non_targeting		
non-targeting_02633		non_targeting		
non-targeting_02643		non_targeting		
non-targeting_02649		non_targeting		
non-targeting_02654		non_targeting		
non-targeting_02668		non_targeting		
non-targeting_02691		non_targeting		
non-targeting_02694		non_targeting		
non-targeting_02705		non_targeting		
non-targeting_02712		non_targeting		
non-targeting_02729		non_targeting		
non-targeting_02736		non_targeting		
non-targeting_02741		non_targeting		
non-targeting_02748		non_targeting		
non-targeting_02764		non_targeting		
non-targeting_02766		non_targeting		
non-targeting_02773		non_targeting		
non-targeting_02776		non_targeting		
non-targeting_02777		non_targeting		
non-targeting_02778		non_targeting		
non-targeting_02779		non_targeting		
non-targeting_02785		non_targeting		
non-targeting_02787		non_targeting		
non-targeting_02789		non_targeting		
non-targeting_02790		non_targeting		
non-targeting_02794		non_targeting		
non-targeting_02799		non_targeting		
non-targeting_02802		non_targeting		
non-targeting_02803		non_targeting		
non-targeting_02811		non_targeting		
non-targeting_02816		non_targeting		
non-targeting_02820		non_targeting		
non-targeting_02821		non_targeting		
non-targeting_02823		non_targeting		
non-targeting_02829		non_targeting		
non-targeting_02830		non_targeting		
non-targeting_02836		non_targeting		
non-targeting_02840		non_targeting		
non-targeting_02845		non_targeting		
non-targeting_02872		non_targeting		
non-targeting_02877		non_targeting		
non-targeting_02879		non_targeting		
non-targeting_02894		non_targeting		
non-targeting_02896		non_targeting		
non-targeting_02900		non_targeting		
non-targeting_02908		non_targeting		
non-targeting_02923		non_targeting		
non-targeting_02937		non_targeting		
non-targeting_02949		non_targeting		
non-targeting_02957		non_targeting		
non-targeting_02960		non_targeting		
non-targeting_02963		non_targeting		
non-targeting_02983		non_targeting		
non-targeting_02989		non_targeting		
non-targeting_02996		non_targeting		
non-targeting_02999		non_targeting		
non-targeting_03001		non_targeting		
non-targeting_03004		non_targeting		
non-targeting_03006		non_targeting		
non-targeting_03012		non_targeting		
non-targeting_03027		non_targeting		
non-targeting_03035		non_targeting		
non-targeting_03037		non_targeting		
non-targeting_03045		non_targeting		
non-targeting_03049		non_targeting		
non-targeting_03054		non_targeting		
non-targeting_03060		non_targeting		
non-targeting_03063		non_targeting		
non-targeting_03068		non_targeting		
non-targeting_03080		non_targeting		
non-targeting_03081		non_targeting		
non-targeting_03097		non_targeting		
non-targeting_03108		non_targeting		
non-targeting_03123		non_targeting		
non-targeting_03124		non_targeting		
non-targeting_03129		non_targeting		
non-targeting_03141		non_targeting		
non-targeting_03155		non_targeting		
non-targeting_03158		non_targeting		
non-targeting_03171		non_targeting		
non-targeting_03197		non_targeting		
non-targeting_03198		non_targeting		
non-targeting_03203		non_targeting		
non-targeting_03205		non_targeting		
non-targeting_03216		non_targeting		
non-targeting_03219		non_targeting		
non-targeting_03223		non_targeting		
non-targeting_03231		non_targeting		
non-targeting_03238		non_targeting		
non-targeting_03240		non_targeting		
non-targeting_03246		non_targeting		
non-targeting_03249		non_targeting		
non-targeting_03262		non_targeting		
non-targeting_03269		non_targeting		
non-targeting_03273		non_targeting		
non-targeting_03284		non_targeting		
non-targeting_03290		non_targeting		
non-targeting_03294		non_targeting		
non-targeting_03296		non_targeting		
non-targeting_03306		non_targeting		
non-targeting_03315		non_targeting		
non-targeting_03318		non_targeting		
non-targeting_03319		non_targeting		
non-targeting_03323		non_targeting		
non-targeting_03342		non_targeting		
non-targeting_03345		non_targeting		
non-targeting_03347		non_targeting		
non-targeting_03358		non_targeting		
non-targeting_03368		non_targeting		
non-targeting_03370		non_targeting		
non-targeting_03393		non_targeting		
non-targeting_03394		non_targeting		
non-targeting_03398		non_targeting		
non-targeting_03404		non_targeting		
non-targeting_03424		non_targeting		
non-targeting_03426		non_targeting		
non-targeting_03438		non_targeting		
non-targeting_03449		non_targeting		
non-targeting_03454		non_targeting		
non-targeting_03471		non_targeting		
non-targeting_03473		non_targeting		
non-targeting_03475		non_targeting		
non-targeting_03478		non_targeting		
non-targeting_03479		non_targeting		
non-targeting_03482		non_targeting		
non-targeting_03483		non_targeting		
non-targeting_03484		non_targeting		
non-targeting_03486		non_targeting		
non-targeting_03491		non_targeting		
non-targeting_03492		non_targeting		
non-targeting_03500		non_targeting		
non-targeting_03514		non_targeting		
non-targeting_03523		non_targeting		
non-targeting_03525		non_targeting		
non-targeting_03530		non_targeting		
non-targeting_03549		non_targeting		
non-targeting_03552		non_targeting		
non-targeting_03553		non_targeting		
non-targeting_03554		non_targeting		
non-targeting_03555		non_targeting		
non-targeting_03560		non_targeting		
non-targeting_03572		non_targeting		
non-targeting_03581		non_targeting		
non-targeting_03591		non_targeting		
non-targeting_03600		non_targeting		
non-targeting_03605		non_targeting		
non-targeting_03614		non_targeting		
non-targeting_03616		non_targeting		
non-targeting_03617		non_targeting		
non-targeting_03623		non_targeting		
non-targeting_03624		non_targeting		
non-targeting_03627		non_targeting		
non-targeting_03629		non_targeting		
non-targeting_03631		non_targeting		
non-targeting_03639		non_targeting		
non-targeting_03647		non_targeting		
non-targeting_03649		non_targeting		
non-targeting_03670		non_targeting		
non-targeting_03674		non_targeting		
non-targeting_03679		non_targeting		
non-targeting_03691		non_targeting		
non-targeting_03692		non_targeting		
non-targeting_03694		non_targeting		
non-targeting_03695		non_targeting		
non-targeting_03700		non_targeting		
non-targeting_03705		non_targeting		
non-targeting_03706		non_targeting		
non-targeting_03713		non_targeting		
non-targeting_03715		non_targeting		
non-targeting_03731		non_targeting		
non-targeting_03735		non_targeting		
non-targeting_03740		non_targeting		
non-targeting_03750		non_targeting		
non-targeting_03751		non_targeting		
non-targeting_03753		non_targeting		
non-targeting_03756		non_targeting		
non-targeting_03758		non_targeting		
non-targeting_03761		non_targeting		
non-targeting_03762		non_targeting		
non-targeting_03768		non_targeting		
non-targeting_03783		non_targeting		
OR10G4#chr11:124015582-124015600(-)	OR10G4	negative_control		
OR10G4#chr11:124015633-124015651(+)	OR10G4	negative_control		
OR10G4#chr11:124015592-124015610(-)	OR10G4	negative_control		
OR10G4#chr11:124015821-124015839(+)	OR10G4	negative_control		
OR10G4#chr11:124015588-124015606(-)	OR10G4	negative_control		
OR10G4#chr11:124015972-124015990(-)	OR10G4	negative_control		
OR10H2#chr19:15728014-15728032(+)	OR10H2	negative_control		
OR10H2#chr19:15728018-15728036(-)	OR10H2	negative_control		
OR10H2#chr19:15728027-15728045(-)	OR10H2	negative_control		
OR10H2#chr19:15728031-15728049(+)	OR10H2	negative_control		
OR10H2#chr19:15728232-15728250(-)	OR10H2	negative_control		
OR10H2#chr19:15728440-15728458(+)	OR10H2	negative_control		
OR10H5#chr19:15793970-15793988(-)	OR10H5	negative_control		
OR10H5#chr19:15794019-15794037(+)	OR10H5	negative_control		
OR10H5#chr19:15794030-15794048(-)	OR10H5	negative_control		
OR10H5#chr19:15794035-15794053(+)	OR10H5	negative_control		
OR10H5#chr19:15794050-15794068(-)	OR10H5	negative_control		
OR10H5#chr19:15794245-15794263(-)	OR10H5	negative_control		
OR10K1#chr1:158465517-158465535(-)	OR10K1	negative_control		
OR10K1#chr1:158465535-158465553(-)	OR10K1	negative_control		
OR10K1#chr1:158465545-158465563(-)	OR10K1	negative_control		
OR10K1#chr1:158465563-158465581(-)	OR10K1	negative_control		
OR10K1#chr1:158465707-158465725(-)	OR10K1	negative_control		
OR10K1#chr1:158465725-158465743(-)	OR10K1	negative_control		
OR10P1#chr12:55636874-55636892(+)	OR10P1	negative_control		
OR10P1#chr12:55636879-55636897(+)	OR10P1	negative_control		
OR10P1#chr12:55636922-55636940(-)	OR10P1	negative_control		
OR10P1#chr12:55637086-55637104(-)	OR10P1	negative_control		
OR10P1#chr12:55637115-55637133(-)	OR10P1	negative_control		
OR10P1#chr12:55637295-55637313(-)	OR10P1	negative_control		
OR10V1#chr11:59713406-59713424(-)	OR10V1	negative_control		
OR10V1#chr11:59713770-59713788(+)	OR10V1	negative_control		
OR10V1#chr11:59713841-59713859(-)	OR10V1	negative_control		
OR10V1#chr11:59713845-59713863(-)	OR10V1	negative_control		
OR10V1#chr11:59713848-59713866(+)	OR10V1	negative_control		
OR10V1#chr11:59713862-59713880(+)	OR10V1	negative_control		
OR11H6#chr14:20223618-20223636(+)	OR11H6	negative_control		
OR11H6#chr14:20223687-20223705(-)	OR11H6	negative_control		
OR11H6#chr14:20223808-20223826(-)	OR11H6	negative_control		
OR11H6#chr14:20223839-20223857(+)	OR11H6	negative_control		
OR11H6#chr14:20223859-20223877(-)	OR11H6	negative_control		
OR11H6#chr14:20223901-20223919(+)	OR11H6	negative_control		
OR11L1#chr1:247841641-247841659(+)	OR11L1	negative_control		
OR11L1#chr1:247841745-247841763(-)	OR11L1	negative_control		
OR11L1#chr1:247841777-247841795(-)	OR11L1	negative_control		
OR11L1#chr1:247841819-247841837(+)	OR11L1	negative_control		
OR11L1#chr1:247841856-247841874(+)	OR11L1	negative_control		
OR11L1#chr1:247841887-247841905(+)	OR11L1	negative_control		
OR12D2#chr6:29396626-29396644(+)	OR12D2	negative_control		
OR12D2#chr6:29396725-29396743(-)	OR12D2	negative_control		
OR12D2#chr6:29396891-29396909(-)	OR12D2	negative_control		
OR12D2#chr6:29396896-29396914(-)	OR12D2	negative_control		
OR12D2#chr6:29396900-29396918(-)	OR12D2	negative_control		
OR12D2#chr6:29397013-29397031(-)	OR12D2	negative_control		
OR12D3#chr6:29374860-29374878(+)	OR12D3	negative_control		
OR12D3#chr6:29375021-29375039(+)	OR12D3	negative_control		
OR12D3#chr6:29375038-29375056(+)	OR12D3	negative_control		
OR12D3#chr6:29375225-29375243(+)	OR12D3	negative_control		
OR12D3#chr6:29375241-29375259(-)	OR12D3	negative_control		
OR12D3#chr6:29375250-29375268(-)	OR12D3	negative_control		
OR13C9#chr9:104617741-104617759(+)	OR13C9	negative_control		
OR13C9#chr9:104617752-104617770(-)	OR13C9	negative_control		
OR13C9#chr9:104617767-104617785(-)	OR13C9	negative_control		
OR13C9#chr9:104618142-104618160(-)	OR13C9	negative_control		
OR13C9#chr9:104618198-104618216(-)	OR13C9	negative_control		
OR13C9#chr9:104618204-104618222(-)	OR13C9	negative_control		
OR13G1#chr1:247672569-247672587(+)	OR13G1	negative_control		
OR13G1#chr1:247672969-247672987(+)	OR13G1	negative_control		
OR13G1#chr1:247672980-247672998(-)	OR13G1	negative_control		
OR13G1#chr1:247673007-247673025(-)	OR13G1	negative_control		
OR13G1#chr1:247673030-247673048(+)	OR13G1	negative_control		
OR13G1#chr1:247673041-247673059(+)	OR13G1	negative_control		
OR14J1#chr6:29306639-29306657(-)	OR14J1	negative_control		
OR14J1#chr6:29306672-29306690(+)	OR14J1	negative_control		
OR14J1#chr6:29306710-29306728(+)	OR14J1	negative_control		
OR14J1#chr6:29306784-29306802(+)	OR14J1	negative_control		
OR14J1#chr6:29306826-29306844(-)	OR14J1	negative_control		
OR14J1#chr6:29307105-29307123(-)	OR14J1	negative_control		
OR1J4#chr9:122519128-122519146(+)	OR1J4	negative_control		
OR1J4#chr9:122519415-122519433(-)	OR1J4	negative_control		
OR1J4#chr9:122519527-122519545(-)	OR1J4	negative_control		
OR1J4#chr9:122519593-122519611(-)	OR1J4	negative_control		
OR1J4#chr9:122519598-122519616(-)	OR1J4	negative_control		
OR1J4#chr9:122519610-122519628(-)	OR1J4	negative_control		
OR1L8#chr9:122568064-122568082(+)	OR1L8	negative_control		
OR1L8#chr9:122568298-122568316(+)	OR1L8	negative_control		
OR1L8#chr9:122568355-122568373(-)	OR1L8	negative_control		
OR1L8#chr9:122568361-122568379(+)	OR1L8	negative_control		
OR1L8#chr9:122568415-122568433(+)	OR1L8	negative_control		
OR1L8#chr9:122568542-122568560(-)	OR1L8	negative_control		
OR1M1#chr19:9093628-9093646(-)	OR1M1	negative_control		
OR1M1#chr19:9093559-9093577(-)	OR1M1	negative_control		
OR1M1#chr19:9083140-9083157(-)	OR1M1	negative_control		
OR1M1#chr19:9093352-9093370(-)	OR1M1	negative_control		
OR1M1#chr19:9093293-9093311(+)	OR1M1	negative_control		
OR1M1#chr19:9093345-9093363(+)	OR1M1	negative_control		
OR1N2#chr9:122553156-122553174(+)	OR1N2	negative_control		
OR1N2#chr9:122553189-122553207(+)	OR1N2	negative_control		
OR1N2#chr9:122553194-122553212(+)	OR1N2	negative_control		
OR1N2#chr9:122553204-122553222(+)	OR1N2	negative_control		
OR1N2#chr9:122553259-122553277(-)	OR1N2	negative_control		
OR1N2#chr9:122553317-122553335(+)	OR1N2	negative_control		
OR2A1#chr7:144318508-144318526(-)	OR2A1	negative_control		
OR2A1#chr7:144318533-144318551(+)	OR2A1	negative_control		
OR2A1#chr7:144318597-144318615(-)	OR2A1	negative_control		
OR2A1#chr7:144318522-144318540(-)	OR2A1	negative_control		
OR2A1#chr7:144318110-144318128(+)	OR2A1	negative_control		
OR2A1#chr7:144318332-144318350(+)	OR2A1	negative_control		
OR2A2#chr7:144109537-144109555(+)	OR2A2	negative_control		
OR2A2#chr7:144109541-144109559(-)	OR2A2	negative_control		
OR2A2#chr7:144109545-144109563(-)	OR2A2	negative_control		
OR2A2#chr7:144109550-144109568(-)	OR2A2	negative_control		
OR2A2#chr7:144109569-144109587(+)	OR2A2	negative_control		
OR2A2#chr7:144109621-144109639(-)	OR2A2	negative_control		
OR2AE1#chr7:99876774-99876792(-)	OR2AE1	negative_control		
OR2AE1#chr7:99876921-99876939(+)	OR2AE1	negative_control		
OR2AE1#chr7:99876989-99877007(-)	OR2AE1	negative_control		
OR2AE1#chr7:99876993-99877011(+)	OR2AE1	negative_control		
OR2AE1#chr7:99877042-99877060(-)	OR2AE1	negative_control		
OR2AE1#chr7:99877053-99877071(-)	OR2AE1	negative_control		
OR2B2#chr6:27912238-27912256(+)	OR2B2	negative_control		
OR2B2#chr6:27912275-27912293(+)	OR2B2	negative_control		
OR2B2#chr6:27912292-27912310(-)	OR2B2	negative_control		
OR2B2#chr6:27912307-27912325(+)	OR2B2	negative_control		
OR2B2#chr6:27912343-27912361(+)	OR2B2	negative_control		
OR2B2#chr6:27912385-27912403(-)	OR2B2	negative_control		
OR2B3#chr6:29086819-29086837(-)	OR2B3	negative_control		
OR2B3#chr6:29086911-29086929(+)	OR2B3	negative_control		
OR2B3#chr6:29086928-29086946(+)	OR2B3	negative_control		
OR2B3#chr6:29087071-29087089(+)	OR2B3	negative_control		
OR2B3#chr6:29087110-29087128(-)	OR2B3	negative_control		
OR2B3#chr6:29087152-29087170(+)	OR2B3	negative_control		
OR2C3#chr1:247533505-247533523(-)	OR2C3	negative_control		
OR2C3#chr1:247533537-247533555(-)	OR2C3	negative_control		
OR2C3#chr1:247533589-247533607(+)	OR2C3	negative_control		
OR2C3#chr1:247533600-247533618(+)	OR2C3	negative_control		
OR2C3#chr1:247533639-247533657(-)	OR2C3	negative_control		
OR2C3#chr1:247533832-247533850(+)	OR2C3	negative_control		
OR2F2#chr7:143935236-143935254(+)	OR2F2	negative_control		
OR2F2#chr7:143935250-143935268(-)	OR2F2	negative_control		
OR2F2#chr7:143935277-143935295(-)	OR2F2	negative_control		
OR2F2#chr7:143935321-143935339(-)	OR2F2	negative_control		
OR2F2#chr7:143935334-143935352(+)	OR2F2	negative_control		
OR2F2#chr7:143935598-143935616(-)	OR2F2	negative_control		
OR2H1#chr6:29458497-29458515(-)	OR2H1	negative_control		
OR2H1#chr6:29458502-29458520(+)	OR2H1	negative_control		
OR2H1#chr6:29458515-29458533(-)	OR2H1	negative_control		
OR2H1#chr6:29458545-29458563(-)	OR2H1	negative_control		
OR2H1#chr6:29458600-29458618(-)	OR2H1	negative_control		
OR2H1#chr6:29458651-29458669(+)	OR2H1	negative_control		
OR2H2#chr6:29587964-29587982(-)	OR2H2	negative_control		
OR2H2#chr6:29587948-29587966(+)	OR2H2	negative_control		
OR2H2#chr6:29587983-29588001(+)	OR2H2	negative_control		
OR2H2#chr6:29587956-29587974(-)	OR2H2	negative_control		
OR2H2#chr6:29588001-29588019(-)	OR2H2	negative_control		
OR2H2#chr6:29588039-29588057(+)	OR2H2	negative_control		
OR2J3#chr6:29111908-29111926(+)	OR2J3	negative_control		
OR2J3#chr6:29111966-29111984(+)	OR2J3	negative_control		
OR2J3#chr6:29112136-29112154(+)	OR2J3	negative_control		
OR2J3#chr6:29112313-29112331(-)	OR2J3	negative_control		
OR2J3#chr6:29112328-29112346(-)	OR2J3	negative_control		
OR2J3#chr6:29112363-29112381(-)	OR2J3	negative_control		
OR2M2#chr1:248179968-248179986(+)	OR2M2	negative_control		
OR2M2#chr1:248180051-248180069(-)	OR2M2	negative_control		
OR2M2#chr1:248180055-248180073(-)	OR2M2	negative_control		
OR2M2#chr1:248180076-248180094(+)	OR2M2	negative_control		
OR2M2#chr1:248180081-248180099(-)	OR2M2	negative_control		
OR2M2#chr1:248180290-248180308(+)	OR2M2	negative_control		
OR2M3#chr1:248202784-248202802(-)	OR2M3	negative_control		
OR2M3#chr1:248202810-248202828(+)	OR2M3	negative_control		
OR2M3#chr1:248202834-248202852(+)	OR2M3	negative_control		
OR2M3#chr1:248202852-248202870(-)	OR2M3	negative_control		
OR2M3#chr1:248203022-248203040(-)	OR2M3	negative_control		
OR2M3#chr1:248203055-248203073(+)	OR2M3	negative_control		
OR2T1#chr1:248405979-248405997(+)	OR2T1	negative_control		
OR2T1#chr1:248406033-248406051(-)	OR2T1	negative_control		
OR2T1#chr1:248406088-248406106(-)	OR2T1	negative_control		
OR2T1#chr1:248406130-248406148(+)	OR2T1	negative_control		
OR2T1#chr1:248406453-248406471(-)	OR2T1	negative_control		
OR2T1#chr1:248406459-248406477(-)	OR2T1	negative_control		
OR2T11#chr1:248627133-248627151(+)	OR2T11	negative_control		
OR2T11#chr1:248627140-248627158(+)	OR2T11	negative_control		
OR2T11#chr1:248627151-248627169(+)	OR2T11	negative_control		
OR2T11#chr1:248627157-248627175(+)	OR2T11	negative_control		
OR2T11#chr1:248627161-248627179(+)	OR2T11	negative_control		
OR2T11#chr1:248627187-248627205(+)	OR2T11	negative_control		
OR2T29#chr1:248559436-248559454(-)	OR2T29	negative_control		
OR2T29#chr1:248559063-248559081(+)	OR2T29	negative_control		
OR2T29#chr1:248559069-248559087(+)	OR2T29	negative_control		
OR2T29#chr1:248559153-248559171(+)	OR2T29	negative_control		
OR2T29#chr1:248559209-248559227(-)	OR2T29	negative_control		
OR2T29#chr1:248559057-248559075(+)	OR2T29	negative_control		
OR2T33#chr1:248273366-248273384(+)	OR2T33	negative_control		
OR2T33#chr1:248273377-248273395(-)	OR2T33	negative_control		
OR2T33#chr1:248273774-248273792(+)	OR2T33	negative_control		
OR2T33#chr1:248273370-248273388(-)	OR2T33	negative_control		
OR2T33#chr1:248273608-248273626(+)	OR2T33	negative_control		
OR2T33#chr1:248273814-248273832(-)	OR2T33	negative_control		
OR2T4#chr1:248361647-248361665(+)	OR2T4	negative_control		
OR2T4#chr1:248361661-248361679(+)	OR2T4	negative_control		
OR2T4#chr1:248361672-248361690(-)	OR2T4	negative_control		
OR2T4#chr1:248361743-248361761(+)	OR2T4	negative_control		
OR2T4#chr1:248361749-248361767(-)	OR2T4	negative_control		
OR2T4#chr1:248361981-248361999(+)	OR2T4	negative_control		
OR2T5#chr1:248488610-248488628(+)	OR2T5	negative_control		
OR2T5#chr1:248488642-248488660(-)	OR2T5	negative_control		
OR2T5#chr1:248488626-248488644(+)	OR2T5	negative_control		
OR2T5#chr1:248488673-248488691(-)	OR2T5	negative_control		
OR2T5#chr1:248488667-248488685(+)	OR2T5	negative_control		
OR2T6#chr1:248387619-248387637(+)	OR2T6	negative_control		
OR2T6#chr1:248387631-248387649(-)	OR2T6	negative_control		
OR2T6#chr1:248387637-248387655(-)	OR2T6	negative_control		
OR2T6#chr1:248387650-248387668(-)	OR2T6	negative_control		
OR2T6#chr1:248387850-248387868(+)	OR2T6	negative_control		
OR2T6#chr1:248387883-248387901(-)	OR2T6	negative_control		
OR2W1#chr6:29045005-29045023(+)	OR2W1	negative_control		
OR2W1#chr6:29045057-29045075(-)	OR2W1	negative_control		
OR2W1#chr6:29045149-29045167(+)	OR2W1	negative_control		
OR2W1#chr6:29045198-29045216(-)	OR2W1	negative_control		
OR2W1#chr6:29045219-29045237(+)	OR2W1	negative_control		
OR2W1#chr6:29045225-29045243(+)	OR2W1	negative_control		
OR2Y1#chr5:180739882-180739900(+)	OR2Y1	negative_control		
OR2Y1#chr5:180740039-180740057(+)	OR2Y1	negative_control		
OR2Y1#chr5:180740057-180740075(-)	OR2Y1	negative_control		
OR2Y1#chr5:180740066-180740084(+)	OR2Y1	negative_control		
OR2Y1#chr5:180740101-180740119(-)	OR2Y1	negative_control		
OR2Y1#chr5:180740104-180740122(-)	OR2Y1	negative_control		
OR4A5#chr11:54707108-54707126(+)	OR4A5	negative_control		
OR4A5#chr11:54706815-54706833(-)	OR4A5	negative_control		
OR4A5#chr11:54706846-54706864(-)	OR4A5	negative_control		
OR4A5#chr11:54706838-54706856(-)	OR4A5	negative_control		
OR4A5#chr11:54707042-54707060(-)	OR4A5	negative_control		
OR4A5#chr11:54707159-54707177(-)	OR4A5	negative_control		
OR4B1#chr11:48216783-48216801(+)	OR4B1	negative_control		
OR4B1#chr11:48216903-48216921(-)	OR4B1	negative_control		
OR4B1#chr11:48216916-48216934(-)	OR4B1	negative_control		
OR4B1#chr11:48216992-48217010(-)	OR4B1	negative_control		
OR4B1#chr11:48217001-48217019(-)	OR4B1	negative_control		
OR4B1#chr11:48217006-48217024(-)	OR4B1	negative_control		
OR4C12#chr11:49982501-49982519(-)	OR4C12	negative_control		
OR4C12#chr11:49982441-49982459(-)	OR4C12	negative_control		
OR4C12#chr11:49982426-49982444(+)	OR4C12	negative_control		
OR4C12#chr11:49982069-49982087(-)	OR4C12	negative_control		
OR4C12#chr11:49982075-49982093(-)	OR4C12	negative_control		
OR4C12#chr11:49982102-49982120(+)	OR4C12	negative_control		
OR4C15#chr11:55554359-55554377(-)	OR4C15	negative_control		
OR4C15#chr11:55554408-55554426(-)	OR4C15	negative_control		
OR4C15#chr11:55554415-55554433(-)	OR4C15	negative_control		
OR4C15#chr11:55554422-55554440(+)	OR4C15	negative_control		
OR4C15#chr11:55554563-55554581(+)	OR4C15	negative_control		
OR4C15#chr11:55554663-55554681(-)	OR4C15	negative_control		
OR4C3#chr11:48324973-48324991(-)	OR4C3	negative_control		
OR4C3#chr11:48325061-48325079(+)	OR4C3	negative_control		
OR4C3#chr11:48324939-48324957(-)	OR4C3	negative_control		
OR4C3#chr11:48325014-48325032(-)	OR4C3	negative_control		
OR4C3#chr11:48325175-48325193(-)	OR4C3	negative_control		
OR4C3#chr11:48325004-48325022(+)	OR4C3	negative_control		
OR4C45#chr11:50032962-50032980(-)	OR4C45	negative_control		
OR4C45#chr11:50033133-50033151(-)	OR4C45	negative_control		
OR4C45#chr11:50032909-50032927(-)	OR4C45	negative_control		
OR4C45#chr11:48352272-48352290(+)	OR4C45	negative_control		
OR4C45#chr11:48352419-48352437(-)	OR4C45	negative_control		
OR4C45#chr11:48352348-48352366(-)	OR4C45	negative_control		
OR4D10#chr11:59477375-59477393(+)	OR4D10	negative_control		
OR4D10#chr11:59477418-59477436(+)	OR4D10	negative_control		
OR4D10#chr11:59477433-59477451(+)	OR4D10	negative_control		
OR4D10#chr11:59477472-59477490(+)	OR4D10	negative_control		
OR4D10#chr11:59477485-59477503(-)	OR4D10	negative_control		
OR4D10#chr11:59477710-59477728(-)	OR4D10	negative_control		
OR4D11#chr11:59503558-59503576(+)	OR4D11	negative_control		
OR4D11#chr11:59503638-59503656(-)	OR4D11	negative_control		
OR4D11#chr11:59503799-59503817(-)	OR4D11	negative_control		
OR4D11#chr11:59503850-59503868(-)	OR4D11	negative_control		
OR4D11#chr11:59503890-59503908(-)	OR4D11	negative_control		
OR4D11#chr11:59504009-59504027(+)	OR4D11	negative_control		
OR4D5#chr11:123939612-123939630(-)	OR4D5	negative_control		
OR4D5#chr11:123939653-123939671(+)	OR4D5	negative_control		
OR4D5#chr11:123939745-123939763(-)	OR4D5	negative_control		
OR4D5#chr11:123939823-123939841(-)	OR4D5	negative_control		
OR4D5#chr11:123939843-123939861(-)	OR4D5	negative_control		
OR4D5#chr11:123939886-123939904(-)	OR4D5	negative_control		
OR4E2#chr14:21665065-21665083(+)	OR4E2	negative_control		
OR4E2#chr14:21665100-21665118(-)	OR4E2	negative_control		
OR4E2#chr14:21665124-21665142(+)	OR4E2	negative_control		
OR4E2#chr14:21665271-21665289(-)	OR4E2	negative_control		
OR4E2#chr14:21665312-21665330(+)	OR4E2	negative_control		
OR4E2#chr14:21665408-21665426(-)	OR4E2	negative_control		
OR4F5#chr1:69073-69091(+)	OR4F5	negative_control		
OR4F5#chr1:69150-69168(-)	OR4F5	negative_control		
OR4F5#chr1:69497-69515(+)	OR4F5	negative_control		
OR4F5#chr1:69546-69564(-)	OR4F5	negative_control		
OR4F5#chr1:69557-69575(+)	OR4F5	negative_control		
OR4F5#chr1:69568-69586(+)	OR4F5	negative_control		
OR4K13#chr14:20034327-20034345(+)	OR4K13	negative_control		
OR4K13#chr14:20034476-20034494(-)	OR4K13	negative_control		
OR4K13#chr14:20034589-20034607(+)	OR4K13	negative_control		
OR4K13#chr14:20034652-20034670(-)	OR4K13	negative_control		
OR4K13#chr14:20034723-20034741(+)	OR4K13	negative_control		
OR4K13#chr14:20034731-20034749(-)	OR4K13	negative_control		
OR4Q3#chr14:19747592-19747610(-)	OR4Q3	negative_control		
OR4Q3#chr14:19747643-19747661(-)	OR4Q3	negative_control		
OR4Q3#chr14:19747649-19747667(-)	OR4Q3	negative_control		
OR4Q3#chr14:19747764-19747782(+)	OR4Q3	negative_control		
OR4Q3#chr14:19747818-19747836(-)	OR4Q3	negative_control		
OR4Q3#chr14:19747829-19747847(-)	OR4Q3	negative_control		
OR51A2#chr11:4955421-4955439(+)	OR51A2	negative_control		
OR51A2#chr11:4955215-4955233(+)	OR51A2	negative_control		
OR51A2#chr11:4955541-4955559(-)	OR51A2	negative_control		
OR51A2#chr11:4955432-4955450(+)	OR51A2	negative_control		
OR51A2#chr11:4955309-4955327(+)	OR51A2	negative_control		
OR51A4#chr11:4947127-4947145(+)	OR51A4	negative_control		
OR51A4#chr11:4946806-4946824(+)	OR51A4	negative_control		
OR51A4#chr11:4946793-4946811(+)	OR51A4	negative_control		
OR51A4#chr11:4946690-4946708(+)	OR51A4	negative_control		
OR51A4#chr11:4947042-4947060(+)	OR51A4	negative_control		
OR51A4#chr11:4947045-4947063(+)	OR51A4	negative_control		
OR51B4#chr11:5301689-5301707(+)	OR51B4	negative_control		
OR51B4#chr11:5301722-5301740(+)	OR51B4	negative_control		
OR51B4#chr11:5301900-5301918(-)	OR51B4	negative_control		
OR51B4#chr11:5301902-5301920(+)	OR51B4	negative_control		
OR51B4#chr11:5301927-5301945(+)	OR51B4	negative_control		
OR51B4#chr11:5301931-5301949(+)	OR51B4	negative_control		
OR51E2#chr11:4697729-4697747(+)	OR51E2	negative_control		
OR51E2#chr11:4697784-4697802(+)	OR51E2	negative_control		
OR51E2#chr11:4697787-4697805(+)	OR51E2	negative_control		
OR51E2#chr11:4697798-4697816(-)	OR51E2	negative_control		
OR51E2#chr11:4697804-4697822(-)	OR51E2	negative_control		
OR51E2#chr11:4697819-4697837(+)	OR51E2	negative_control		
OR51F1#chr11:4769700-4769718(-)	OR51F1	negative_control		
OR51F1#chr11:4769834-4769852(+)	OR51F1	negative_control		
OR51F1#chr11:4769839-4769857(+)	OR51F1	negative_control		
OR51F1#chr11:4769859-4769877(+)	OR51F1	negative_control		
OR51F1#chr11:4769863-4769881(+)	OR51F1	negative_control		
OR51F1#chr11:4769917-4769935(-)	OR51F1	negative_control		
OR51F2#chr11:4821341-4821359(-)	OR51F2	negative_control		
OR51F2#chr11:4821421-4821439(-)	OR51F2	negative_control		
OR51F2#chr11:4821495-4821513(-)	OR51F2	negative_control		
OR51F2#chr11:4821498-4821516(-)	OR51F2	negative_control		
OR51F2#chr11:4821577-4821595(-)	OR51F2	negative_control		
OR51F2#chr11:4821672-4821690(-)	OR51F2	negative_control		
OR51L1#chr11:4998966-4998984(+)	OR51L1	negative_control		
OR51L1#chr11:4999019-4999037(-)	OR51L1	negative_control		
OR51L1#chr11:4999030-4999048(-)	OR51L1	negative_control		
OR51L1#chr11:4999043-4999061(-)	OR51L1	negative_control		
OR51L1#chr11:4999212-4999230(-)	OR51L1	negative_control		
OR51L1#chr11:4999463-4999481(-)	OR51L1	negative_control		
OR51T1#chr11:4881897-4881915(-)	OR51T1	negative_control		
OR51T1#chr11:4881940-4881958(+)	OR51T1	negative_control		
OR51T1#chr11:4881944-4881962(-)	OR51T1	negative_control		
OR51T1#chr11:4882129-4882147(-)	OR51T1	negative_control		
OR51T1#chr11:4882174-4882192(-)	OR51T1	negative_control		
OR51T1#chr11:4882293-4882311(-)	OR51T1	negative_control		
OR52E6#chr11:5841399-5841417(+)	OR52E6	negative_control		
OR52E6#chr11:5841429-5841447(-)	OR52E6	negative_control		
OR52E6#chr11:5841549-5841567(-)	OR52E6	negative_control		
OR52E6#chr11:5841661-5841679(+)	OR52E6	negative_control		
OR52E6#chr11:5841669-5841687(-)	OR52E6	negative_control		
OR52E6#chr11:5841873-5841891(+)	OR52E6	negative_control		
OR52N2#chr11:5820323-5820341(-)	OR52N2	negative_control		
OR52N2#chr11:5820326-5820344(-)	OR52N2	negative_control		
OR52N2#chr11:5820334-5820352(-)	OR52N2	negative_control		
OR52N2#chr11:5820362-5820380(-)	OR52N2	negative_control		
OR52N2#chr11:5820377-5820395(+)	OR52N2	negative_control		
OR52N2#chr11:5820452-5820470(+)	OR52N2	negative_control		
OR52W1#chr11:6199166-6199184(-)	OR52W1	negative_control		
OR52W1#chr11:6199193-6199211(-)	OR52W1	negative_control		
OR52W1#chr11:6199203-6199221(-)	OR52W1	negative_control		
OR52W1#chr11:6199206-6199224(+)	OR52W1	negative_control		
OR52W1#chr11:6199295-6199313(+)	OR52W1	negative_control		
OR52W1#chr11:6199309-6199327(-)	OR52W1	negative_control		
OR56A4#chr11:6002699-6002717(+)	OR56A4	negative_control		
OR56A4#chr11:6003071-6003089(+)	OR56A4	negative_control		
OR56A4#chr11:6003099-6003117(-)	OR56A4	negative_control		
OR56A4#chr11:6003152-6003170(-)	OR56A4	negative_control		
OR56A4#chr11:6003156-6003174(-)	OR56A4	negative_control		
OR56A4#chr11:6003168-6003186(-)	OR56A4	negative_control		
OR5A2#chr11:59422637-59422655(+)	OR5A2	negative_control		
OR5A2#chr11:59422652-59422670(+)	OR5A2	negative_control		
OR5A2#chr11:59422700-59422718(+)	OR5A2	negative_control		
OR5A2#chr11:59422706-59422724(+)	OR5A2	negative_control		
OR5A2#chr11:59422935-59422953(+)	OR5A2	negative_control		
OR5A2#chr11:59422953-59422971(-)	OR5A2	negative_control		
OR5AC2#chr3:98087167-98087185(+)	OR5AC2	negative_control		
OR5AC2#chr3:98087223-98087241(+)	OR5AC2	negative_control		
OR5AC2#chr3:98087242-98087260(-)	OR5AC2	negative_control		
OR5AC2#chr3:98087405-98087423(-)	OR5AC2	negative_control		
OR5AC2#chr3:98087415-98087433(-)	OR5AC2	negative_control		
OR5AC2#chr3:98087459-98087477(-)	OR5AC2	negative_control		
OR5AK2#chr11:56988903-56988921(+)	OR5AK2	negative_control		
OR5AK2#chr11:56988915-56988933(-)	OR5AK2	negative_control		
OR5AK2#chr11:56988938-56988956(+)	OR5AK2	negative_control		
OR5AK2#chr11:56988964-56988982(+)	OR5AK2	negative_control		
OR5AK2#chr11:56988973-56988991(-)	OR5AK2	negative_control		
OR5AK2#chr11:56989325-56989343(+)	OR5AK2	negative_control		
OR5AP2#chr11:56642005-56642023(+)	OR5AP2	negative_control		
OR5AP2#chr11:56642016-56642034(+)	OR5AP2	negative_control		
OR5AP2#chr11:56642206-56642224(+)	OR5AP2	negative_control		
OR5AP2#chr11:56642303-56642321(-)	OR5AP2	negative_control		
OR5AP2#chr11:56642348-56642366(+)	OR5AP2	negative_control		
OR5AP2#chr11:56642417-56642435(-)	OR5AP2	negative_control		
OR5B3#chr11:58403140-58403158(+)	OR5B3	negative_control		
OR5B3#chr11:58403160-58403178(+)	OR5B3	negative_control		
OR5B3#chr11:58403172-58403190(-)	OR5B3	negative_control		
OR5B3#chr11:58403318-58403336(+)	OR5B3	negative_control		
OR5B3#chr11:58403342-58403360(+)	OR5B3	negative_control		
OR5B3#chr11:58403411-58403429(+)	OR5B3	negative_control		
OR5C1#chr9:122788936-122788954(+)	OR5C1	negative_control		
OR5C1#chr9:122788961-122788979(-)	OR5C1	negative_control		
OR5C1#chr9:122788970-122788988(-)	OR5C1	negative_control		
OR5C1#chr9:122789013-122789031(-)	OR5C1	negative_control		
OR5C1#chr9:122789044-122789062(-)	OR5C1	negative_control		
OR5C1#chr9:122789219-122789237(-)	OR5C1	negative_control		
OR5D13#chr11:55773469-55773487(+)	OR5D13	negative_control		
OR5D13#chr11:55773474-55773492(-)	OR5D13	negative_control		
OR5D13#chr11:55773667-55773685(-)	OR5D13	negative_control		
OR5D13#chr11:55773831-55773849(-)	OR5D13	negative_control		
OR5D13#chr11:55773844-55773862(-)	OR5D13	negative_control		
OR5D13#chr11:55773878-55773896(+)	OR5D13	negative_control		
OR5K2#chr3:98497654-98497672(-)	OR5K2	negative_control		
OR5K2#chr3:98497647-98497665(-)	OR5K2	negative_control		
OR5K2#chr3:98498079-98498097(-)	OR5K2	negative_control		
OR5K2#chr3:98497925-98497943(+)	OR5K2	negative_control		
OR5K2#chr3:98498014-98498032(+)	OR5K2	negative_control		
OR5K2#chr3:98497663-98497681(+)	OR5K2	negative_control		
OR5K3#chr3:98390654-98390672(+)	OR5K3	negative_control		
OR5K3#chr3:98390688-98390706(-)	OR5K3	negative_control		
OR5K3#chr3:98390691-98390709(+)	OR5K3	negative_control		
OR5K3#chr3:98390780-98390798(+)	OR5K3	negative_control		
OR5K3#chr3:98390863-98390881(-)	OR5K3	negative_control		
OR5K3#chr3:98391111-98391129(-)	OR5K3	negative_control		
OR5L1#chr11:55811444-55811462(-)	OR5L1	negative_control		
OR5L1#chr11:55811447-55811465(-)	OR5L1	negative_control		
OR5L1#chr11:55811449-55811467(+)	OR5L1	negative_control		
OR5L1#chr11:55811591-55811609(-)	OR5L1	negative_control		
OR5L1#chr11:55811595-55811613(-)	OR5L1	negative_control		
OR5L1#chr11:55811779-55811797(+)	OR5L1	negative_control		
OR5L2#chr11:55827202-55827220(+)	OR5L2	negative_control		
OR5L2#chr11:55827343-55827361(-)	OR5L2	negative_control		
OR5L2#chr11:55827531-55827549(+)	OR5L2	negative_control		
OR5L2#chr11:55827606-55827624(-)	OR5L2	negative_control		
OR5L2#chr11:55827624-55827642(+)	OR5L2	negative_control		
OR5L2#chr11:55827653-55827671(+)	OR5L2	negative_control		
OR5M1#chr11:56613041-56613059(+)	OR5M1	negative_control		
OR5M1#chr11:56613050-56613068(-)	OR5M1	negative_control		
OR5M1#chr11:56613038-56613056(-)	OR5M1	negative_control		
OR5M1#chr11:56613290-56613308(+)	OR5M1	negative_control		
OR5M1#chr11:56613072-56613090(+)	OR5M1	negative_control		
OR5M1#chr11:56613320-56613338(+)	OR5M1	negative_control		
OR5M11#chr11:56542866-56542884(+)	OR5M11	negative_control		
OR5M11#chr11:56542923-56542941(+)	OR5M11	negative_control		
OR5M11#chr11:56543003-56543021(+)	OR5M11	negative_control		
OR5M11#chr11:56543051-56543069(+)	OR5M11	negative_control		
OR5M11#chr11:56543213-56543231(-)	OR5M11	negative_control		
OR5M11#chr11:56543263-56543281(-)	OR5M11	negative_control		
OR5M8#chr11:56491201-56491219(+)	OR5M8	negative_control		
OR5M8#chr11:56491206-56491224(+)	OR5M8	negative_control		
OR5M8#chr11:56491300-56491318(+)	OR5M8	negative_control		
OR5M8#chr11:56491311-56491329(+)	OR5M8	negative_control		
OR5M8#chr11:56491352-56491370(-)	OR5M8	negative_control		
OR5M8#chr11:56491372-56491390(+)	OR5M8	negative_control		
OR5P2#chr11:7796641-7796659(+)	OR5P2	negative_control		
OR5P2#chr11:7796652-7796670(+)	OR5P2	negative_control		
OR5P2#chr11:7796656-7796674(+)	OR5P2	negative_control		
OR5P2#chr11:7796835-7796853(+)	OR5P2	negative_control		
OR5P2#chr11:7796893-7796911(+)	OR5P2	negative_control		
OR5P2#chr11:7796904-7796922(-)	OR5P2	negative_control		
OR5T1#chr11:56275563-56275581(+)	OR5T1	negative_control		
OR5T1#chr11:56275626-56275644(+)	OR5T1	negative_control		
OR5T1#chr11:56275642-56275660(+)	OR5T1	negative_control		
OR5T1#chr11:56275654-56275672(-)	OR5T1	negative_control		
OR5T1#chr11:56275775-56275793(+)	OR5T1	negative_control		
OR5T1#chr11:56275785-56275803(+)	OR5T1	negative_control		
OR5T2#chr11:56232943-56232961(+)	OR5T2	negative_control		
OR5T2#chr11:56232950-56232968(-)	OR5T2	negative_control		
OR5T2#chr11:56232961-56232979(+)	OR5T2	negative_control		
OR5T2#chr11:56233025-56233043(-)	OR5T2	negative_control		
OR5T2#chr11:56233128-56233146(+)	OR5T2	negative_control		
OR5T2#chr11:56233248-56233266(-)	OR5T2	negative_control		
OR5T3#chr11:56252182-56252200(+)	OR5T3	negative_control		
OR5T3#chr11:56252198-56252216(+)	OR5T3	negative_control		
OR5T3#chr11:56252268-56252286(+)	OR5T3	negative_control		
OR5T3#chr11:56252296-56252314(-)	OR5T3	negative_control		
OR5T3#chr11:56252390-56252408(+)	OR5T3	negative_control		
OR5T3#chr11:56252400-56252418(+)	OR5T3	negative_control		
OR6C1#chr12:55320611-55320629(-)	OR6C1	negative_control		
OR6C1#chr12:55320686-55320704(-)	OR6C1	negative_control		
OR6C1#chr12:55320728-55320746(-)	OR6C1	negative_control		
OR6C1#chr12:55320820-55320838(-)	OR6C1	negative_control		
OR6C1#chr12:55320831-55320849(-)	OR6C1	negative_control		
OR6C1#chr12:55320981-55320999(-)	OR6C1	negative_control		
OR6F1#chr1:247712580-247712598(+)	OR6F1	negative_control		
OR6F1#chr1:247712583-247712601(+)	OR6F1	negative_control		
OR6F1#chr1:247712614-247712632(-)	OR6F1	negative_control		
OR6F1#chr1:247712739-247712757(+)	OR6F1	negative_control		
OR6F1#chr1:247712748-247712766(-)	OR6F1	negative_control		
OR6F1#chr1:247712786-247712804(-)	OR6F1	negative_control		
OR6M1#chr11:123806275-123806293(+)	OR6M1	negative_control		
OR6M1#chr11:123806297-123806315(+)	OR6M1	negative_control		
OR6M1#chr11:123806341-123806359(-)	OR6M1	negative_control		
OR6M1#chr11:123806344-123806362(+)	OR6M1	negative_control		
OR6M1#chr11:123806348-123806366(-)	OR6M1	negative_control		
OR6M1#chr11:123806377-123806395(+)	OR6M1	negative_control		
OR6P1#chr1:158563306-158563324(+)	OR6P1	negative_control		
OR6P1#chr1:158563324-158563342(+)	OR6P1	negative_control		
OR6P1#chr1:158563354-158563372(+)	OR6P1	negative_control		
OR6P1#chr1:158563561-158563579(-)	OR6P1	negative_control		
OR6P1#chr1:158563565-158563583(-)	OR6P1	negative_control		
OR6P1#chr1:158563591-158563609(-)	OR6P1	negative_control		
OR7A10#chr19:14841808-14841826(-)	OR7A10	negative_control		
OR7A10#chr19:14841526-14841544(-)	OR7A10	negative_control		
OR7A10#chr19:14841835-14841853(-)	OR7A10	negative_control		
OR7A10#chr19:14841550-14841568(-)	OR7A10	negative_control		
OR7A10#chr19:14841555-14841573(-)	OR7A10	negative_control		
OR7A10#chr19:14841657-14841675(+)	OR7A10	negative_control		
OR8A1#chr11:124570013-124570031(-)	OR8A1	negative_control		
OR8A1#chr11:124570015-124570033(+)	OR8A1	negative_control		
OR8A1#chr11:124570033-124570051(-)	OR8A1	negative_control		
OR8A1#chr11:124570051-124570069(-)	OR8A1	negative_control		
OR8A1#chr11:124570207-124570225(+)	OR8A1	negative_control		
OR8A1#chr11:124570215-124570233(-)	OR8A1	negative_control		
OR8B3#chr11:124397255-124397273(-)	OR8B3	negative_control		
OR8B3#chr11:124397067-124397085(-)	OR8B3	negative_control		
OR8B3#chr11:124397270-124397288(+)	OR8B3	negative_control		
OR8B3#chr11:124397218-124397236(+)	OR8B3	negative_control		
OR8B3#chr11:124397352-124397370(+)	OR8B3	negative_control		
OR8B3#chr11:124397233-124397251(-)	OR8B3	negative_control		
OR8B4#chr11:124424460-124424478(-)	OR8B4	negative_control		
OR8B4#chr11:124424470-124424488(+)	OR8B4	negative_control		
OR8B4#chr11:124424618-124424636(+)	OR8B4	negative_control		
OR8B4#chr11:124424757-124424775(-)	OR8B4	negative_control		
OR8B4#chr11:124424812-124424830(+)	OR8B4	negative_control		
OR8B4#chr11:124424874-124424892(+)	OR8B4	negative_control		
OR8B8#chr11:124440925-124440943(+)	OR8B8	negative_control		
OR8B8#chr11:124441045-124441063(+)	OR8B8	negative_control		
OR8B8#chr11:124441048-124441066(+)	OR8B8	negative_control		
OR8B8#chr11:124441085-124441103(-)	OR8B8	negative_control		
OR8B8#chr11:124441088-124441106(+)	OR8B8	negative_control		
OR8B8#chr11:124441095-124441113(+)	OR8B8	negative_control		
OR8G5#chr11:124264825-124264843(+)	OR8G5	negative_control		
OR8G5#chr11:124264859-124264877(-)	OR8G5	negative_control		
OR8G5#chr11:124264914-124264932(-)	OR8G5	negative_control		
OR8G5#chr11:124264949-124264967(-)	OR8G5	negative_control		
OR8G5#chr11:124264953-124264971(+)	OR8G5	negative_control		
OR8G5#chr11:124264958-124264976(+)	OR8G5	negative_control		
OR8H1#chr11:56290602-56290620(+)	OR8H1	negative_control		
OR8H1#chr11:56290648-56290666(+)	OR8H1	negative_control		
OR8H1#chr11:56290660-56290678(+)	OR8H1	negative_control		
OR8H1#chr11:56290964-56290982(+)	OR8H1	negative_control		
OR8H1#chr11:56290973-56290991(+)	OR8H1	negative_control		
OR8H1#chr11:56291061-56291079(-)	OR8H1	negative_control		
OR8H3#chr11:56122784-56122802(-)	OR8H3	negative_control		
OR8H3#chr11:56122474-56122492(-)	OR8H3	negative_control		
OR8H3#chr11:56122638-56122656(+)	OR8H3	negative_control		
OR8H3#chr11:56122768-56122786(+)	OR8H3	negative_control		
OR8H3#chr11:56122359-56122377(+)	OR8H3	negative_control		
OR8H3#chr11:56122421-56122439(+)	OR8H3	negative_control		
OR8K1#chr11:56345948-56345966(-)	OR8K1	negative_control		
OR8K1#chr11:56346060-56346078(+)	OR8K1	negative_control		
OR8K1#chr11:56346121-56346139(+)	OR8K1	negative_control		
OR8K1#chr11:56346135-56346153(-)	OR8K1	negative_control		
OR8K1#chr11:56346152-56346170(-)	OR8K1	negative_control		
OR8K1#chr11:56346166-56346184(+)	OR8K1	negative_control		
OR8U8#chr11:56375606-56375624(+)	OR8U8	negative_control		
OR8U8#chr11:56375627-56375645(+)	OR8U8	negative_control		
OR8U8#chr11:56375674-56375692(-)	OR8U8	negative_control		
OR8U8#chr11:56375683-56375701(-)	OR8U8	negative_control		
OR8U8#chr11:56375720-56375738(+)	OR8U8	negative_control		
OR8U8#chr11:56375907-56375925(+)	OR8U8	negative_control		
OR9A2#chr7:143027064-143027082(+)	OR9A2	negative_control		
OR9A2#chr7:143027076-143027094(+)	OR9A2	negative_control		
OR9A2#chr7:143027079-143027097(+)	OR9A2	negative_control		
OR9A2#chr7:143027089-143027107(+)	OR9A2	negative_control		
OR9A2#chr7:143027141-143027159(-)	OR9A2	negative_control		
OR9A2#chr7:143027198-143027216(+)	OR9A2	negative_control		
OR9I1#chr11:58118981-58118999(+)	OR9I1	negative_control		
OR9I1#chr11:58119039-58119057(+)	OR9I1	negative_control		
OR9I1#chr11:58119191-58119209(+)	OR9I1	negative_control		
OR9I1#chr11:58119364-58119382(+)	OR9I1	negative_control		
OR9I1#chr11:58119401-58119419(-)	OR9I1	negative_control		
OR9I1#chr11:58119404-58119422(+)	OR9I1	negative_control		
OR9K2#chr12:55129678-55129696(+)	OR9K2	negative_control		
OR9K2#chr12:55129753-55129771(-)	OR9K2	negative_control		
OR9K2#chr12:55129818-55129836(-)	OR9K2	negative_control		
OR9K2#chr12:55129906-55129924(-)	OR9K2	negative_control		
OR9K2#chr12:55129954-55129972(+)	OR9K2	negative_control		
OR9K2#chr12:55130160-55130178(-)	OR9K2	negative_control		
OR9Q1#chr11:58023897-58023915(+)	OR9Q1	negative_control		
OR9Q1#chr11:58023920-58023938(+)	OR9Q1	negative_control		
OR9Q1#chr11:58023930-58023948(+)	OR9Q1	negative_control		
OR9Q1#chr11:58024084-58024102(+)	OR9Q1	negative_control		
OR9Q1#chr11:58024089-58024107(+)	OR9Q1	negative_control		
OR9Q1#chr11:58024262-58024280(+)	OR9Q1	negative_control		
ORAI1#chr12:121626500-121626518(+)	ORAI1	negative_control		
ORAI1#chr12:121626540-121626558(+)	ORAI1	negative_control		
ORAI1#chr12:121626554-121626572(-)	ORAI1	negative_control		
ORAI1#chr12:121626557-121626575(-)	ORAI1	negative_control		
ORAI1#chr12:121626580-121626598(-)	ORAI1	negative_control		
ORAI1#chr12:121626783-121626801(+)	ORAI1	negative_control		
AATF#chr17:36948966-36948984(+)	AATF	tf_targeting	-0.23007302	0.806504450948775
AATF#chr17:36949013-36949031(+)	AATF	tf_targeting	-0.52836293	0.5104619636071772
AATF#chr17:36949020-36949038(+)	AATF	tf_targeting	0.14235544	0.823225700772245
AATF#chr17:36949026-36949044(+)	AATF	tf_targeting	0.014377958	0.9887791563946546
AATF#chr17:36949031-36949049(+)	AATF	tf_targeting	0.061387803	0.9444280570900816
AATF#chr17:36949070-36949088(-)	AATF	tf_targeting	-0.28750914	0.6927201188555296
ADNP#chr20:50930828-50930846(-)	ADNP	tf_targeting	-0.117963694	0.8154134763606053
ADNP#chr20:50931012-50931030(+)	ADNP	tf_targeting	-1.4745184	0.0101898675232045
ADNP#chr20:50931046-50931064(+)	ADNP	tf_targeting	-0.23870736	0.3415975183686262
ADNP#chr20:50931094-50931112(+)	ADNP	tf_targeting	-1.1380862	0.010520464140241
ADNP#chr20:50931150-50931168(+)	ADNP	tf_targeting	-0.21492586	0.6624527640227063
ADNP#chr20:50931407-50931425(+)	ADNP	tf_targeting	-0.054227673	0.7613901093385542
ADNP2#chr18:80109299-80109317(+)	ADNP2	tf_targeting		
ADNP2#chr18:80109461-80109479(+)	ADNP2	tf_targeting		
ADNP2#chr18:80109541-80109559(-)	ADNP2	tf_targeting		
ADNP2#chr18:80109632-80109650(+)	ADNP2	tf_targeting		
ADNP2#chr18:80109744-80109762(+)	ADNP2	tf_targeting		
ADNP2#chr18:80109768-80109786(+)	ADNP2	tf_targeting		
AEBP1#chr7:44104396-44104414(-)	AEBP1	tf_targeting	-1.8973728	1.833823464280738e-09
AEBP1#chr7:44104404-44104422(-)	AEBP1	tf_targeting	-2.5593271	5.227442322345581e-12
AEBP1#chr7:44104431-44104449(-)	AEBP1	tf_targeting	-1.4129876	0.0031205473855162
AEBP1#chr7:44104495-44104513(-)	AEBP1	tf_targeting	-1.5710179	7.454680116000043e-05
AEBP1#chr7:44104513-44104531(-)	AEBP1	tf_targeting	-1.7112885	0.0364844762244479
AEBP1#chr7:44104728-44104746(-)	AEBP1	tf_targeting	-1.2103851	0.103110467043366
AEBP2#chr12:19439636-19439654(+)	AEBP2	tf_targeting	-1.189346	0.0781542185052374
AEBP2#chr12:19439703-19439721(+)	AEBP2	tf_targeting	-1.3020294	1.1872731050223655e-05
AEBP2#chr12:19439710-19439728(-)	AEBP2	tf_targeting	-0.540971	0.2115258214202615
AEBP2#chr12:19439728-19439746(-)	AEBP2	tf_targeting	-1.2460245	0.1391167401547259
AEBP2#chr12:19439774-19439792(-)	AEBP2	tf_targeting	-0.9684711	0.049303823929974
AEBP2#chr12:19440058-19440076(+)	AEBP2	tf_targeting	-2.5696929	0.0121525207118753
AFF1#chr4:86935010-86935028(+)	AFF1	tf_targeting	-0.39828715	0.0139440451843497
AFF1#chr4:86935044-86935062(-)	AFF1	tf_targeting	-0.251256	0.0042352459543035
AFF1#chr4:86935062-86935080(-)	AFF1	tf_targeting	-0.17966035	0.1433803923753377
AFF1#chr4:86935098-86935116(-)	AFF1	tf_targeting	-0.23727287	0.1588283145412327
AFF1#chr4:86935206-86935224(+)	AFF1	tf_targeting	0.109499566	0.8008869588883551
AFF1#chr4:86935211-86935229(+)	AFF1	tf_targeting	-0.3931062	0.0863832614363215
AFF2#chrX:148500809-148500827(-)	AFF2	tf_targeting	-0.19675338	0.5435960412699747
AFF2#chrX:148500812-148500830(-)	AFF2	tf_targeting	-0.89832324	3.645538047726003e-06
AFF2#chrX:148500845-148500863(+)	AFF2	tf_targeting	-0.5464308	0.0197758053355323
AFF2#chrX:148500904-148500922(-)	AFF2	tf_targeting	-0.8075124	0.089966440683775
AFF2#chrX:148501085-148501103(-)	AFF2	tf_targeting	-0.910076	0.2451245781447633
AFF2#chrX:148501171-148501189(-)	AFF2	tf_targeting	-0.7131534	0.0336195275823011
AFF3#chr2:100142311-100142329(+)	AFF3	tf_targeting	0.15392236	0.6554271638470567
AFF3#chr2:100142359-100142377(+)	AFF3	tf_targeting	-0.23970464	0.2260843959340498
AFF3#chr2:100142402-100142420(+)	AFF3	tf_targeting	-0.356751	0.1966884622610187
AFF3#chr2:100142430-100142448(-)	AFF3	tf_targeting	0.15998498	0.5427193231657172
AFF3#chr2:100142435-100142453(+)	AFF3	tf_targeting	-0.22424912	0.4683900042784809
AFF3#chr2:100142516-100142534(-)	AFF3	tf_targeting	-0.3154308	0.0933746422907075
AFF4#chr5:132963540-132963558(+)	AFF4	tf_targeting	-1.118305	9.94423855656426e-05
AFF4#chr5:132963567-132963585(+)	AFF4	tf_targeting	-1.0082638	3.4188004286719363e-28
AFF4#chr5:132963570-132963588(+)	AFF4	tf_targeting	-3.8339593	1.847223589936189e-14
AFF4#chr5:132963573-132963591(+)	AFF4	tf_targeting	-0.11039906	0.4550635493462425
AFF4#chr5:132963579-132963597(-)	AFF4	tf_targeting	-1.4396559	1.715329221473546e-09
AFF4#chr5:132963620-132963638(+)	AFF4	tf_targeting	-1.6054342	5.273272990926004e-07
AHCTF1#chr1:246931690-246931708(-)	AHCTF1	tf_targeting	-0.12914579	0.757171580218646
AHCTF1#chr1:246931812-246931830(+)	AHCTF1	tf_targeting	-0.20817992	0.7024074065696286
AHCTF1#chr1:246931857-246931875(-)	AHCTF1	tf_targeting	-0.8210004	0.2295847789833683
AHCTF1#chr1:246931878-246931896(-)	AHCTF1	tf_targeting	-0.25563034	0.6245864191639443
AHCTF1#chr1:246931893-246931911(-)	AHCTF1	tf_targeting	-0.35290983	0.6337137255260177
AHCTF1#chr1:246931917-246931935(-)	AHCTF1	tf_targeting	0.16236147	0.8610412080333268
AHCY#chr20:34302905-34302923(+)	AHCY	tf_targeting	-2.118548	2.6426721468540177e-51
AHCY#chr20:34303124-34303142(+)	AHCY	tf_targeting	-2.0457282	1.217994322841502e-16
AHCY#chr20:34303269-34303287(+)	AHCY	tf_targeting	-2.1115248	5.001963457888508e-20
AHCY#chr20:34303275-34303293(+)	AHCY	tf_targeting	-1.3137097	2.347842659002264e-09
AHCY#chr20:34303314-34303332(+)	AHCY	tf_targeting	-1.3057169	0.0430978620214697
AHCY#chr20:34303319-34303337(+)	AHCY	tf_targeting	-3.1624205	5.9454608492026226e-15
AHDC1#chr1:27604043-27604061(-)	AHDC1	tf_targeting	-1.2354943	0.0436726300382202
AHDC1#chr1:27604143-27604161(-)	AHDC1	tf_targeting	-1.3348236	0.0523366979867812
AHDC1#chr1:27604157-27604175(-)	AHDC1	tf_targeting	-1.5650985	0.0359285298290142
AHDC1#chr1:27604162-27604180(-)	AHDC1	tf_targeting	-1.03841	0.0136991595196741
AHDC1#chr1:27604171-27604189(+)	AHDC1	tf_targeting	-0.031442475	0.9247375577885713
AHDC1#chr1:27604175-27604193(-)	AHDC1	tf_targeting	-0.90020543	0.0050598349626754
AHR#chr7:17298669-17298687(-)	AHR	tf_targeting		
AHR#chr7:17298686-17298704(-)	AHR	tf_targeting		
AHR#chr7:17298697-17298715(-)	AHR	tf_targeting		
AHR#chr7:17298699-17298717(+)	AHR	tf_targeting		
AHR#chr7:17298718-17298736(+)	AHR	tf_targeting		
AHR#chr7:17298882-17298900(-)	AHR	tf_targeting		
AHRR#chr5:321718-321736(-)	AHRR	tf_targeting		
AHRR#chr5:321764-321782(+)	AHRR	tf_targeting		
AHRR#chr5:321781-321799(-)	AHRR	tf_targeting		
AHRR#chr5:321939-321957(-)	AHRR	tf_targeting		
AHRR#chr5:321970-321988(+)	AHRR	tf_targeting		
AHRR#chr5:322598-322616(-)	AHRR	tf_targeting		
AIRE#chr21:44285835-44285853(+)	AIRE	tf_targeting		
AIRE#chr21:44285858-44285876(+)	AIRE	tf_targeting		
AIRE#chr21:44285923-44285941(-)	AIRE	tf_targeting		
AIRE#chr21:44285926-44285944(+)	AIRE	tf_targeting		
AIRE#chr21:44285954-44285972(-)	AIRE	tf_targeting		
AIRE#chr21:44286097-44286115(+)	AIRE	tf_targeting		
AKAP8#chr19:15379705-15379723(-)	AKAP8	tf_targeting		
AKAP8#chr19:15379715-15379733(-)	AKAP8	tf_targeting		
AKAP8#chr19:15379724-15379742(-)	AKAP8	tf_targeting		
AKAP8#chr19:15379731-15379749(-)	AKAP8	tf_targeting		
AKAP8#chr19:15379748-15379766(-)	AKAP8	tf_targeting		
AKAP8#chr19:15379759-15379777(-)	AKAP8	tf_targeting		
AKAP8L#chr19:15418544-15418562(+)	AKAP8L	tf_targeting	-1.3438342	0.0048521731132384
AKAP8L#chr19:15418604-15418622(+)	AKAP8L	tf_targeting	-0.18611066	0.2594238839566328
AKAP8L#chr19:15418907-15418925(+)	AKAP8L	tf_targeting	-1.7850325	0.000425073557735
AKAP8L#chr19:15418913-15418931(-)	AKAP8L	tf_targeting	-1.0155917	0.0101743685877222
AKAP8L#chr19:15418947-15418965(-)	AKAP8L	tf_targeting	-2.7129526	7.378441574444916e-05
AKAP8L#chr19:15418979-15418997(-)	AKAP8L	tf_targeting	-0.8936054	6.379231208163394e-07
AKNA#chr9:114387893-114387911(-)	AKNA	tf_targeting		
AKNA#chr9:114387912-114387930(-)	AKNA	tf_targeting		
AKNA#chr9:114387944-114387962(-)	AKNA	tf_targeting		
AKNA#chr9:114387968-114387986(-)	AKNA	tf_targeting		
AKNA#chr9:114387971-114387989(-)	AKNA	tf_targeting		
AKNA#chr9:114387991-114388009(-)	AKNA	tf_targeting		
AKNA#chr9:114398167-114398185(+)	AKNA	tf_targeting		
AKNA#chr9:114398208-114398226(+)	AKNA	tf_targeting		
AKNA#chr9:114398425-114398443(+)	AKNA	tf_targeting		
AKNA#chr9:114398430-114398448(-)	AKNA	tf_targeting		
AKNA#chr9:114398453-114398471(-)	AKNA	tf_targeting		
AKNA#chr9:114398456-114398474(-)	AKNA	tf_targeting		
ALX1#chr12:85280208-85280226(-)	ALX1	tf_targeting		
ALX1#chr12:85280221-85280239(-)	ALX1	tf_targeting		
ALX1#chr12:85280233-85280251(-)	ALX1	tf_targeting		
ALX1#chr12:85280237-85280255(+)	ALX1	tf_targeting		
ALX1#chr12:85280244-85280262(+)	ALX1	tf_targeting		
ALX1#chr12:85280290-85280308(-)	ALX1	tf_targeting		
ALX3#chr1:110070253-110070271(+)	ALX3	tf_targeting		
ALX3#chr1:110070544-110070562(+)	ALX3	tf_targeting		
ALX3#chr1:110070549-110070567(-)	ALX3	tf_targeting		
ALX3#chr1:110070558-110070576(-)	ALX3	tf_targeting		
ALX3#chr1:110070570-110070588(+)	ALX3	tf_targeting		
ALX3#chr1:110070620-110070638(+)	ALX3	tf_targeting		
ALX4#chr11:44309662-44309680(-)	ALX4	tf_targeting		
ALX4#chr11:44309866-44309884(-)	ALX4	tf_targeting		
ALX4#chr11:44309981-44309999(-)	ALX4	tf_targeting		
ALX4#chr11:44309986-44310004(+)	ALX4	tf_targeting		
ALX4#chr11:44309995-44310013(+)	ALX4	tf_targeting		
ALX4#chr11:44310001-44310019(+)	ALX4	tf_targeting		
ALYREF#chr17:81891193-81891211(-)	ALYREF	tf_targeting	-0.575051	0.4361405897489432
ALYREF#chr17:81891325-81891343(-)	ALYREF	tf_targeting	-0.03069997	0.933706090072021
ALYREF#chr17:81891340-81891358(-)	ALYREF	tf_targeting	-0.093340315	0.7452047608243872
ALYREF#chr17:81891389-81891407(-)	ALYREF	tf_targeting	-0.29490027	0.5368093919526702
ALYREF#chr17:81891556-81891574(+)	ALYREF	tf_targeting	-0.55435455	0.5423488997607375
ALYREF#chr17:81891562-81891580(+)	ALYREF	tf_targeting	0.30538255	0.6216446090966464
ANHX#chr12:133235485-133235503(-)	ANHX	tf_targeting		
ANHX#chr12:133235488-133235506(-)	ANHX	tf_targeting		
ANHX#chr12:133235629-133235647(-)	ANHX	tf_targeting		
ANHX#chr12:133235804-133235822(-)	ANHX	tf_targeting		
ANHX#chr12:133235809-133235827(-)	ANHX	tf_targeting		
ANHX#chr12:133235820-133235838(-)	ANHX	tf_targeting		
ANKRD1#chr10:90920906-90920924(-)	ANKRD1	tf_targeting	-1.5153589	5.6581297443308227e-08
ANKRD1#chr10:90921003-90921021(-)	ANKRD1	tf_targeting	-1.0701952	1.371643422785684e-05
ANKRD1#chr10:90921024-90921042(-)	ANKRD1	tf_targeting	-2.0761416	3.748269787849793e-05
ANKRD1#chr10:90921075-90921093(-)	ANKRD1	tf_targeting	-3.1549938	5.288011580141378e-07
ANKRD1#chr10:90921097-90921115(-)	ANKRD1	tf_targeting	-2.8037672	3.905739260447061e-05
ANKRD1#chr10:90921102-90921120(-)	ANKRD1	tf_targeting	-1.8643147	0.0024502560220366
ANKRD30A#chr10:37125662-37125680(+)	ANKRD30A	tf_targeting		
ANKRD30A#chr10:37125789-37125807(-)	ANKRD30A	tf_targeting		
ANKRD30A#chr10:37125807-37125825(-)	ANKRD30A	tf_targeting		
ANKRD30A#chr10:37125810-37125828(-)	ANKRD30A	tf_targeting		
ANKRD30A#chr10:37125841-37125859(-)	ANKRD30A	tf_targeting		
ANKRD30A#chr10:37125882-37125900(-)	ANKRD30A	tf_targeting		
ANKZF1#chr2:219229800-219229818(-)	ANKZF1	tf_targeting	-1.0640063	0.0319363997068848
ANKZF1#chr2:219229833-219229851(+)	ANKZF1	tf_targeting	-0.7890044	0.0466452334617047
ANKZF1#chr2:219229847-219229865(+)	ANKZF1	tf_targeting	-2.5538802	0.0047484173489752
ANKZF1#chr2:219229865-219229883(-)	ANKZF1	tf_targeting	-0.98465914	2.04859782136408e-05
ANKZF1#chr2:219229881-219229899(-)	ANKZF1	tf_targeting	-2.5852704	0.0059123530435917
ANKZF1#chr2:219229892-219229910(-)	ANKZF1	tf_targeting	-1.5483354	0.0007440074813112
APITD1#chr1:10430503-10430521(+)	APITD1	tf_targeting		
APITD1#chr1:10430724-10430742(+)	APITD1	tf_targeting		
APITD1#chr1:10430743-10430761(+)	APITD1	tf_targeting		
APITD1#chr1:10430776-10430794(+)	APITD1	tf_targeting		
APITD1#chr1:10430787-10430805(+)	APITD1	tf_targeting		
APITD1#chr1:10430988-10431006(-)	APITD1	tf_targeting		
AR#chrX:67544023-67544041(+)	AR	tf_targeting		
AR#chrX:67544028-67544046(-)	AR	tf_targeting		
AR#chrX:67544050-67544068(+)	AR	tf_targeting		
AR#chrX:67544055-67544073(+)	AR	tf_targeting		
AR#chrX:67544380-67544398(-)	AR	tf_targeting		
AR#chrX:67544404-67544422(-)	AR	tf_targeting		
ARGFX#chr3:121567957-121567975(+)	ARGFX	tf_targeting		
ARGFX#chr3:121567973-121567991(-)	ARGFX	tf_targeting		
ARGFX#chr3:121567993-121568011(+)	ARGFX	tf_targeting		
ARGFX#chr3:121568003-121568021(+)	ARGFX	tf_targeting		
ARGFX#chr3:121568031-121568049(+)	ARGFX	tf_targeting		
ARGFX#chr3:121568185-121568203(+)	ARGFX	tf_targeting		
ARHGAP35#chr19:46918664-46918682(+)	ARHGAP35	tf_targeting	0.31901357	0.2969227484071015
ARHGAP35#chr19:46918712-46918730(-)	ARHGAP35	tf_targeting	-0.34029114	0.1897246086973548
ARHGAP35#chr19:46918723-46918741(+)	ARHGAP35	tf_targeting	-0.23323253	0.2449761342685795
ARHGAP35#chr19:46918733-46918751(+)	ARHGAP35	tf_targeting	0.15066433	0.3997697698815514
ARHGAP35#chr19:46918798-46918816(-)	ARHGAP35	tf_targeting	-0.11906273	0.553421268881537
ARHGAP35#chr19:46918849-46918867(+)	ARHGAP35	tf_targeting	-0.6330315	0.0599199565297501
ARID1A#chr1:26696017-26696035(-)	ARID1A	tf_targeting	-0.07508282	0.7907101543957062
ARID1A#chr1:26696019-26696037(+)	ARID1A	tf_targeting	-1.106042	0.0041593072867455
ARID1A#chr1:26696034-26696052(+)	ARID1A	tf_targeting	-0.05790998	0.890910554922873
ARID1A#chr1:26696089-26696107(-)	ARID1A	tf_targeting	-0.34054023	0.1130987575596153
ARID1A#chr1:26696255-26696273(+)	ARID1A	tf_targeting	-0.20347762	0.449313885981369
ARID1A#chr1:26696464-26696482(-)	ARID1A	tf_targeting	-0.089288354	0.6151385599091073
ARID1B#chr6:156777663-156777681(+)	ARID1B	tf_targeting	0.055983797	0.5197600881996871
ARID1B#chr6:156777673-156777691(-)	ARID1B	tf_targeting	-0.06306278	0.4934076402033106
ARID1B#chr6:156777838-156777856(+)	ARID1B	tf_targeting	0.04229778	0.8005141000094662
ARID1B#chr6:156777964-156777982(+)	ARID1B	tf_targeting	-0.7849251	0.1348516382354838
ARID1B#chr6:156777978-156777996(+)	ARID1B	tf_targeting	-0.60834926	0.4482741152635299
ARID1B#chr6:156777991-156778009(+)	ARID1B	tf_targeting	-0.40128174	0.0035292875739592
ARID1B#chr6:156779041-156779059(-)	ARID1B	tf_targeting	-0.085151374	0.2228389095392828
ARID1B#chr6:156779148-156779166(+)	ARID1B	tf_targeting	0.010103086	0.9389158329873912
ARID1B#chr6:156779151-156779169(+)	ARID1B	tf_targeting	-0.004347483	0.977217672171903
ARID1B#chr6:156779179-156779197(-)	ARID1B	tf_targeting	0.036134515	0.914527604385727
ARID1B#chr6:156779185-156779203(-)	ARID1B	tf_targeting	-0.30852497	0.0788861977824508
ARID1B#chr6:156779212-156779230(+)	ARID1B	tf_targeting	-0.28441083	0.1389613772539003
ARID2#chr12:45729704-45729722(-)	ARID2	tf_targeting	-0.90904003	0.0026682169762296
ARID2#chr12:45729715-45729733(-)	ARID2	tf_targeting	-1.5914625	1.2468256480801644e-15
ARID2#chr12:45729728-45729746(+)	ARID2	tf_targeting	-1.2244843	2.2611151980884503e-05
ARID2#chr12:45729741-45729759(-)	ARID2	tf_targeting	-0.44605613	0.1611315571649755
ARID2#chr12:45729745-45729763(+)	ARID2	tf_targeting	-1.6560957	0.002022791645771
ARID2#chr12:45729939-45729957(+)	ARID2	tf_targeting	0.09199436	0.8724301615856599
ARID3A#chr19:926002-926020(+)	ARID3A	tf_targeting	-0.8891368	1.1543407019511314e-05
ARID3A#chr19:926005-926023(+)	ARID3A	tf_targeting	-1.0586991	0.000167412451625
ARID3A#chr19:926027-926045(+)	ARID3A	tf_targeting	-0.38367355	0.2543958742011238
ARID3A#chr19:926047-926065(+)	ARID3A	tf_targeting	-1.8788718	5.6130602524689685e-14
ARID3A#chr19:926086-926104(-)	ARID3A	tf_targeting	-0.11797675	0.8111505360760517
ARID3A#chr19:926415-926433(+)	ARID3A	tf_targeting	-0.6495301	0.0056419547811186
ARID3B#chr15:74541326-74541344(-)	ARID3B	tf_targeting	-1.0802829	0.0291990812196893
ARID3B#chr15:74541329-74541347(+)	ARID3B	tf_targeting	0.1335775	0.6065150355987503
ARID3B#chr15:74541356-74541374(-)	ARID3B	tf_targeting	-0.57623714	0.1212216666646139
ARID3B#chr15:74541430-74541448(+)	ARID3B	tf_targeting	-0.6742554	0.0171111166600025
ARID3B#chr15:74541494-74541512(+)	ARID3B	tf_targeting	-0.25666943	0.4349142496823196
ARID3B#chr15:74541575-74541593(+)	ARID3B	tf_targeting	-0.28471732	0.4768620821215246
ARID3C#chr9:34628366-34628384(+)	ARID3C	tf_targeting		
ARID3C#chr9:34628416-34628434(+)	ARID3C	tf_targeting		
ARID3C#chr9:34628454-34628472(+)	ARID3C	tf_targeting		
ARID3C#chr9:34628514-34628532(+)	ARID3C	tf_targeting		
ARID3C#chr9:34628527-34628545(+)	ARID3C	tf_targeting		
ARID3C#chr9:34628530-34628548(+)	ARID3C	tf_targeting		
ARID4A#chr14:58298554-58298572(+)	ARID4A	tf_targeting	-1.6987017	6.35625991984521e-06
ARID4A#chr14:58298563-58298581(+)	ARID4A	tf_targeting	-0.019418132	0.9732022283716536
ARID4A#chr14:58298609-58298627(-)	ARID4A	tf_targeting	0.15664409	0.333211778623835
ARID4A#chr14:58298630-58298648(-)	ARID4A	tf_targeting	-0.18929887	0.7469957093562118
ARID4A#chr14:58298725-58298743(+)	ARID4A	tf_targeting	-0.78724825	0.0374192346400415
ARID4A#chr14:58298771-58298789(-)	ARID4A	tf_targeting	-1.2836379	4.383096910719121e-05
ARID4B#chr1:235327775-235327793(+)	ARID4B	tf_targeting	-0.71489555	0.0190298882110191
ARID4B#chr1:235327938-235327956(-)	ARID4B	tf_targeting	-1.682638	6.932770467244676e-08
ARID4B#chr1:235328130-235328148(-)	ARID4B	tf_targeting	-0.69616026	0.0217766185422192
ARID4B#chr1:235328134-235328152(-)	ARID4B	tf_targeting	-0.25862372	0.3573819073850638
ARID4B#chr1:235328139-235328157(+)	ARID4B	tf_targeting	-1.1228926	0.0003608279331874
ARID4B#chr1:235328153-235328171(-)	ARID4B	tf_targeting	-0.09622011	0.8636198444267783
ARID5A#chr2:96536779-96536797(+)	ARID5A	tf_targeting		
ARID5A#chr2:96536782-96536800(+)	ARID5A	tf_targeting		
ARID5A#chr2:96536810-96536828(-)	ARID5A	tf_targeting		
ARID5A#chr2:96536818-96536836(-)	ARID5A	tf_targeting		
ARID5A#chr2:96536823-96536841(-)	ARID5A	tf_targeting		
ARID5A#chr2:96536828-96536846(-)	ARID5A	tf_targeting		
ARID5B#chr10:61901180-61901198(+)	ARID5B	tf_targeting	0.05422785	0.9545732029213958
ARID5B#chr10:61901192-61901210(+)	ARID5B	tf_targeting	0.4701828	0.2032470234274829
ARID5B#chr10:61901199-61901217(-)	ARID5B	tf_targeting	-0.9416956	0.2687980560669027
ARID5B#chr10:61901407-61901425(-)	ARID5B	tf_targeting	0.4321368	0.2357575937626036
ARID5B#chr10:61901414-61901432(-)	ARID5B	tf_targeting	-0.4381078	0.618862575287354
ARID5B#chr10:61901425-61901443(-)	ARID5B	tf_targeting	0.050083626	0.8738596212153793
ARNT#chr1:150876336-150876354(-)	ARNT	tf_targeting	-0.10328153	0.9144268877810972
ARNT#chr1:150876496-150876514(-)	ARNT	tf_targeting	-0.3217708	0.6607170453812108
ARNT#chr1:150876534-150876552(-)	ARNT	tf_targeting	-2.3839517	9.731166070932137e-07
ARNT#chr1:150876540-150876558(-)	ARNT	tf_targeting	-2.6865454	2.481661811090826e-06
ARNT#chr1:150876545-150876563(-)	ARNT	tf_targeting	-2.1247222	0.0001103902624816
ARNT#chr1:150876694-150876712(+)	ARNT	tf_targeting	-0.6228392	0.1081941070164195
ARNT2#chr15:80404389-80404407(+)	ARNT2	tf_targeting		
ARNT2#chr15:80404392-80404410(+)	ARNT2	tf_targeting		
ARNT2#chr15:80404399-80404417(-)	ARNT2	tf_targeting		
ARNT2#chr15:80404425-80404443(-)	ARNT2	tf_targeting		
ARNT2#chr15:80404483-80404501(-)	ARNT2	tf_targeting		
ARNT2#chr15:80404739-80404757(-)	ARNT2	tf_targeting		
ARNTL#chr11:13277791-13277809(+)	ARNTL	tf_targeting		
ARNTL#chr11:13277812-13277830(+)	ARNTL	tf_targeting		
ARNTL#chr11:13277815-13277833(+)	ARNTL	tf_targeting		
ARNTL#chr11:13277842-13277860(-)	ARNTL	tf_targeting		
ARNTL#chr11:13277874-13277892(-)	ARNTL	tf_targeting		
ARNTL#chr11:13277877-13277895(-)	ARNTL	tf_targeting		
ARNTL2#chr12:27332901-27332919(+)	ARNTL2	tf_targeting		
ARNTL2#chr12:27332908-27332926(-)	ARNTL2	tf_targeting		
ARNTL2#chr12:27332910-27332928(+)	ARNTL2	tf_targeting		
ARNTL2#chr12:27332918-27332936(-)	ARNTL2	tf_targeting		
ARNTL2#chr12:27332934-27332952(+)	ARNTL2	tf_targeting		
ARNTL2#chr12:27333120-27333138(+)	ARNTL2	tf_targeting		
ARX#chrX:25012852-25012870(-)	ARX	tf_targeting		
ARX#chrX:25012868-25012886(-)	ARX	tf_targeting		
ARX#chrX:25012893-25012911(-)	ARX	tf_targeting		
ARX#chrX:25013038-25013056(+)	ARX	tf_targeting		
ARX#chrX:25013073-25013091(-)	ARX	tf_targeting		
ARX#chrX:25013082-25013100(-)	ARX	tf_targeting		
ARX#chrX:25015643-25015661(+)	ARX	tf_targeting		
ARX#chrX:25015715-25015733(-)	ARX	tf_targeting		
ARX#chrX:25015719-25015737(-)	ARX	tf_targeting		
ARX#chrX:25015914-25015932(-)	ARX	tf_targeting		
ARX#chrX:25015931-25015949(-)	ARX	tf_targeting		
ARX#chrX:25015937-25015955(-)	ARX	tf_targeting		
ASCL1#chr12:102957684-102957702(+)	ASCL1	tf_targeting		
ASCL1#chr12:102957688-102957706(+)	ASCL1	tf_targeting		
ASCL1#chr12:102957701-102957719(+)	ASCL1	tf_targeting		
ASCL1#chr12:102957707-102957725(+)	ASCL1	tf_targeting		
ASCL1#chr12:102957713-102957731(+)	ASCL1	tf_targeting		
ASCL1#chr12:102957717-102957735(-)	ASCL1	tf_targeting		
ASCL2#chr11:2270949-2270967(-)	ASCL2	tf_targeting		
ASCL2#chr11:2270952-2270970(-)	ASCL2	tf_targeting		
ASCL2#chr11:2270964-2270982(+)	ASCL2	tf_targeting		
ASCL2#chr11:2270990-2271008(+)	ASCL2	tf_targeting		
ASCL2#chr11:2270998-2271016(-)	ASCL2	tf_targeting		
ASCL2#chr11:2271021-2271039(+)	ASCL2	tf_targeting		
ASCL3#chr11:8942688-8942706(+)	ASCL3	tf_targeting		
ASCL3#chr11:8942758-8942776(-)	ASCL3	tf_targeting		
ASCL3#chr11:8942940-8942958(+)	ASCL3	tf_targeting		
ASCL3#chr11:8942949-8942967(+)	ASCL3	tf_targeting		
ASCL3#chr11:8942956-8942974(-)	ASCL3	tf_targeting		
ASCL3#chr11:8942988-8943006(-)	ASCL3	tf_targeting		
ASCL4#chr12:107774516-107774534(-)	ASCL4	tf_targeting		
ASCL4#chr12:107774635-107774653(-)	ASCL4	tf_targeting		
ASCL4#chr12:107774639-107774657(-)	ASCL4	tf_targeting		
ASCL4#chr12:107774646-107774664(+)	ASCL4	tf_targeting		
ASCL4#chr12:107774698-107774716(-)	ASCL4	tf_targeting		
ASCL4#chr12:107774791-107774809(+)	ASCL4	tf_targeting		
ASCL5#chr1:201127066-201127084(-)	ASCL5	tf_targeting		
ASCL5#chr1:201127144-201127162(+)	ASCL5	tf_targeting		
ASCL5#chr1:201127180-201127198(-)	ASCL5	tf_targeting		
ASCL5#chr1:201127186-201127204(+)	ASCL5	tf_targeting		
ASCL5#chr1:201127190-201127208(-)	ASCL5	tf_targeting		
ASCL5#chr1:201127216-201127234(-)	ASCL5	tf_targeting		
ASH1L#chr1:155562570-155562588(-)	ASH1L	tf_targeting	-1.0902479	0.0027796459415679
ASH1L#chr1:155562701-155562719(-)	ASH1L	tf_targeting	-1.5294626	3.831750546084655e-07
ASH1L#chr1:155562711-155562729(-)	ASH1L	tf_targeting	-0.8502242	0.0668678483285185
ASH1L#chr1:155562714-155562732(-)	ASH1L	tf_targeting	-0.28578645	0.1187054712396321
ASH1L#chr1:155562720-155562738(-)	ASH1L	tf_targeting	0.73042107	0.2734967178278544
ASH1L#chr1:155562738-155562756(+)	ASH1L	tf_targeting	-1.2160416	5.3276232249628894e-30
ATF1#chr12:50764087-50764105(+)	ATF1	tf_targeting	-2.096693	0.0063527053791953
ATF1#chr12:50764099-50764117(-)	ATF1	tf_targeting	-1.4445007	0.0001426484711709
ATF1#chr12:50764102-50764120(-)	ATF1	tf_targeting	-2.4128046	3.992215379885406e-06
ATF1#chr12:50764108-50764126(+)	ATF1	tf_targeting	-0.97597075	0.0015811454410468
ATF1#chr12:50764117-50764135(+)	ATF1	tf_targeting	-1.5335046	0.0693870859844669
ATF1#chr12:50764349-50764367(+)	ATF1	tf_targeting	-1.7589077	0.0002496719516109
ATF2#chr2:175167692-175167710(+)	ATF2	tf_targeting	-2.30582	3.789546817012315e-06
ATF2#chr2:175167724-175167742(+)	ATF2	tf_targeting	-1.2540221	0.0927579788213576
ATF2#chr2:175167773-175167791(-)	ATF2	tf_targeting	-1.2663907	0.0002067062088979
ATF2#chr2:175167915-175167933(+)	ATF2	tf_targeting	-2.165926	1.236102515759194e-05
ATF2#chr2:175167932-175167950(+)	ATF2	tf_targeting	-0.21512493	0.4892066329317247
ATF2#chr2:175168168-175168186(-)	ATF2	tf_targeting	-0.51647174	0.3236045359945128
ATF3#chr1:212608762-212608780(-)	ATF3	tf_targeting	-2.2909284	2.4664442044276464e-10
ATF3#chr1:212608813-212608831(-)	ATF3	tf_targeting	-3.4625058	5.9319070571634054e-08
ATF3#chr1:212608826-212608844(-)	ATF3	tf_targeting	-1.3093452	8.364423792681194e-07
ATF3#chr1:212608846-212608864(-)	ATF3	tf_targeting	-2.394275	1.3567564754960603e-05
ATF3#chr1:212608979-212608997(-)	ATF3	tf_targeting	-0.88190866	0.0789004060404636
ATF3#chr1:212609017-212609035(-)	ATF3	tf_targeting	0.7511375	0.485645227992998
ATF4#chr22:39520302-39520320(+)	ATF4	tf_targeting	-1.3684052	0.000356883907591
ATF4#chr22:39520523-39520541(+)	ATF4	tf_targeting	-2.4268997	3.2770696347571167e-06
ATF4#chr22:39520746-39520764(+)	ATF4	tf_targeting	-0.51820284	0.0049694755804259
ATF4#chr22:39520828-39520846(+)	ATF4	tf_targeting	-1.6209652	4.992869492518279e-19
ATF4#chr22:39520976-39520994(-)	ATF4	tf_targeting	-1.5800807	5.890271898698118e-10
ATF4#chr22:39521013-39521031(+)	ATF4	tf_targeting	-1.2356278	3.573273671439247e-09
ATF5#chr19:49929110-49929128(-)	ATF5	tf_targeting		
ATF5#chr19:49929171-49929189(-)	ATF5	tf_targeting		
ATF5#chr19:49929217-49929235(-)	ATF5	tf_targeting		
ATF5#chr19:49929260-49929278(-)	ATF5	tf_targeting		
ATF5#chr19:49929443-49929461(-)	ATF5	tf_targeting		
ATF5#chr19:49929461-49929479(-)	ATF5	tf_targeting		
ATF6#chr1:161766403-161766421(-)	ATF6	tf_targeting	-2.6643326	0.0009791991858556
ATF6#chr1:161766405-161766423(+)	ATF6	tf_targeting	-1.5063288	0.0008129615450395
ATF6#chr1:161766503-161766521(-)	ATF6	tf_targeting	-3.2686927	0.0003346164167322
ATF6#chr1:161766506-161766524(-)	ATF6	tf_targeting	0.020037064	0.9815697388898528
ATF6#chr1:161766517-161766535(-)	ATF6	tf_targeting	-1.3807795	2.066254342495929e-05
ATF6#chr1:161766564-161766582(-)	ATF6	tf_targeting	-1.7019336	0.0014346102959384
ATF6B#chr6:32127823-32127841(-)	ATF6B	tf_targeting		
ATF6B#chr6:32127829-32127847(-)	ATF6B	tf_targeting		
ATF6B#chr6:32127972-32127990(-)	ATF6B	tf_targeting		
ATF6B#chr6:32128007-32128025(-)	ATF6B	tf_targeting		
ATF6B#chr6:32128052-32128070(-)	ATF6B	tf_targeting		
ATF6B#chr6:32128150-32128168(+)	ATF6B	tf_targeting		
ATF7#chr12:53625858-53625876(-)	ATF7	tf_targeting		
ATF7#chr12:53625930-53625948(-)	ATF7	tf_targeting		
ATF7#chr12:53625936-53625954(-)	ATF7	tf_targeting		
ATF7#chr12:53625965-53625983(-)	ATF7	tf_targeting		
ATF7#chr12:53626323-53626341(-)	ATF7	tf_targeting		
ATF7#chr12:53626351-53626369(-)	ATF7	tf_targeting		
ATMIN#chr16:81035828-81035846(+)	ATMIN	tf_targeting		
ATMIN#chr16:81035840-81035858(-)	ATMIN	tf_targeting		
ATMIN#chr16:81036048-81036066(+)	ATMIN	tf_targeting		
ATMIN#chr16:81036060-81036078(-)	ATMIN	tf_targeting		
ATMIN#chr16:81036084-81036102(-)	ATMIN	tf_targeting		
ATMIN#chr16:81036185-81036203(-)	ATMIN	tf_targeting		
ATN1#chr12:6927791-6927809(-)	ATN1	tf_targeting	-1.7488624	0.0700832956475197
ATN1#chr12:6927798-6927816(-)	ATN1	tf_targeting	-2.3801908	0.0170785246978462
ATN1#chr12:6927809-6927827(-)	ATN1	tf_targeting	-1.4065384	0.0001708838736684
ATN1#chr12:6927867-6927885(+)	ATN1	tf_targeting	-2.2990675	2.1933009013929773e-17
ATN1#chr12:6927880-6927898(-)	ATN1	tf_targeting	-1.6569939	3.1495872081395337e-07
ATN1#chr12:6928230-6928248(-)	ATN1	tf_targeting	-0.21242248	0.6048342106687632
ATOH1#chr4:93828777-93828795(+)	ATOH1	tf_targeting		
ATOH1#chr4:93828783-93828801(+)	ATOH1	tf_targeting		
ATOH1#chr4:93828895-93828913(-)	ATOH1	tf_targeting		
ATOH1#chr4:93828954-93828972(+)	ATOH1	tf_targeting		
ATOH1#chr4:93829002-93829020(-)	ATOH1	tf_targeting		
ATOH1#chr4:93829068-93829086(-)	ATOH1	tf_targeting		
ATOH7#chr10:68231719-68231737(+)	ATOH7	tf_targeting		
ATOH7#chr10:68231763-68231781(-)	ATOH7	tf_targeting		
ATOH7#chr10:68232031-68232049(-)	ATOH7	tf_targeting		
ATOH7#chr10:68232053-68232071(+)	ATOH7	tf_targeting		
ATOH7#chr10:68232065-68232083(-)	ATOH7	tf_targeting		
ATOH7#chr10:68232108-68232126(+)	ATOH7	tf_targeting		
ATOH8#chr2:85753861-85753879(+)	ATOH8	tf_targeting		
ATOH8#chr2:85753885-85753903(+)	ATOH8	tf_targeting		
ATOH8#chr2:85754108-85754126(+)	ATOH8	tf_targeting		
ATOH8#chr2:85754233-85754251(+)	ATOH8	tf_targeting		
ATOH8#chr2:85754366-85754384(+)	ATOH8	tf_targeting		
ATOH8#chr2:85754496-85754514(-)	ATOH8	tf_targeting		
ATXN7#chr3:63864353-63864371(+)	ATXN7	tf_targeting	0.20600763	0.64895033776264
ATXN7#chr3:63864362-63864380(+)	ATXN7	tf_targeting	-0.47703034	0.4200401787519905
ATXN7#chr3:63864365-63864383(+)	ATXN7	tf_targeting	0.054083783	0.9495342143191328
ATXN7#chr3:63864380-63864398(-)	ATXN7	tf_targeting	-0.19075511	0.365549687491186
ATXN7#chr3:63864536-63864554(-)	ATXN7	tf_targeting	-0.90683675	0.1861324223640633
ATXN7#chr3:63864544-63864562(+)	ATXN7	tf_targeting	-0.50644976	0.2236830939010837
ATXN7#chr3:63912488-63912506(-)	ATXN7	tf_targeting	0.31299394	0.337789264213412
ATXN7#chr3:63912514-63912532(-)	ATXN7	tf_targeting	-0.05808034	0.7883178278928302
ATXN7#chr3:63912525-63912543(-)	ATXN7	tf_targeting	-0.048839353	0.9564273588241468
ATXN7#chr3:63912567-63912585(-)	ATXN7	tf_targeting	0.13720033	0.6632888812782035
ATXN7#chr3:63912765-63912783(+)	ATXN7	tf_targeting	0.47858188	0.2744629868839545
ATXN7#chr3:63912872-63912890(+)	ATXN7	tf_targeting	-0.17160936	0.5731593508982183
BACH1#chr21:29298933-29298951(+)	BACH1	tf_targeting	-2.0482578	7.896655881021738e-09
BACH1#chr21:29298940-29298958(+)	BACH1	tf_targeting	-2.3596098	0.0006301097792288
BACH1#chr21:29298969-29298987(+)	BACH1	tf_targeting	-2.3939872	7.347534160692644e-25
BACH1#chr21:29299032-29299050(+)	BACH1	tf_targeting	-1.2253584	0.0006560284035376
BACH1#chr21:29299038-29299056(+)	BACH1	tf_targeting	-2.0110197	1.111201704606462e-06
BACH1#chr21:29299374-29299392(-)	BACH1	tf_targeting	-1.1567122	0.001241558418675
BACH2#chr6:90296557-90296575(+)	BACH2	tf_targeting	-1.4093881	3.2733059777341614e-15
BACH2#chr6:90296577-90296595(+)	BACH2	tf_targeting	-0.2757597	0.0497849304050509
BACH2#chr6:90296594-90296612(+)	BACH2	tf_targeting	-0.9256703	5.108200709577648e-05
BACH2#chr6:90296633-90296651(-)	BACH2	tf_targeting	-0.21305323	0.268284856234176
BACH2#chr6:90296742-90296760(-)	BACH2	tf_targeting	-1.786571	0.0237909795088011
BACH2#chr6:90296761-90296779(+)	BACH2	tf_targeting	-0.52709985	0.1562338152546041
BARHL1#chr9:132582161-132582179(-)	BARHL1	tf_targeting		
BARHL1#chr9:132582610-132582628(+)	BARHL1	tf_targeting		
BARHL1#chr9:132582614-132582632(+)	BARHL1	tf_targeting		
BARHL1#chr9:132582640-132582658(+)	BARHL1	tf_targeting		
BARHL1#chr9:132582657-132582675(+)	BARHL1	tf_targeting		
BARHL1#chr9:132582832-132582850(-)	BARHL1	tf_targeting		
BARHL2#chr1:90716733-90716751(-)	BARHL2	tf_targeting		
BARHL2#chr1:90717005-90717023(+)	BARHL2	tf_targeting		
BARHL2#chr1:90717110-90717128(-)	BARHL2	tf_targeting		
BARHL2#chr1:90717225-90717243(-)	BARHL2	tf_targeting		
BARHL2#chr1:90717236-90717254(-)	BARHL2	tf_targeting		
BARHL2#chr1:90717285-90717303(-)	BARHL2	tf_targeting		
BARX1#chr9:93955157-93955175(-)	BARX1	tf_targeting		
BARX1#chr9:93955169-93955187(-)	BARX1	tf_targeting		
BARX1#chr9:93955228-93955246(+)	BARX1	tf_targeting		
BARX1#chr9:93955231-93955249(+)	BARX1	tf_targeting		
BARX1#chr9:93955329-93955347(+)	BARX1	tf_targeting		
BARX1#chr9:93955339-93955357(-)	BARX1	tf_targeting		
BARX2#chr11:129375645-129375663(+)	BARX2	tf_targeting		
BARX2#chr11:129375648-129375666(+)	BARX2	tf_targeting		
BARX2#chr11:129375686-129375704(-)	BARX2	tf_targeting		
BARX2#chr11:129375689-129375707(-)	BARX2	tf_targeting		
BARX2#chr11:129375835-129375853(+)	BARX2	tf_targeting		
BARX2#chr11:129376029-129376047(-)	BARX2	tf_targeting		
BATF#chr14:75522489-75522507(-)	BATF	tf_targeting		
BATF#chr14:75522501-75522519(+)	BATF	tf_targeting		
BATF#chr14:75522513-75522531(+)	BATF	tf_targeting		
BATF#chr14:75522520-75522538(+)	BATF	tf_targeting		
BATF#chr14:75522535-75522553(+)	BATF	tf_targeting		
BATF#chr14:75522554-75522572(+)	BATF	tf_targeting		
BATF2#chr11:64996888-64996906(+)	BATF2	tf_targeting		
BATF2#chr11:64996901-64996919(-)	BATF2	tf_targeting		
BATF2#chr11:64996904-64996922(+)	BATF2	tf_targeting		
BATF2#chr11:64996907-64996925(+)	BATF2	tf_targeting		
BATF2#chr11:64996917-64996935(+)	BATF2	tf_targeting		
BATF2#chr11:64996968-64996986(+)	BATF2	tf_targeting		
BATF3#chr1:212699536-212699554(-)	BATF3	tf_targeting		
BATF3#chr1:212699754-212699772(-)	BATF3	tf_targeting		
BATF3#chr1:212699815-212699833(-)	BATF3	tf_targeting		
BATF3#chr1:212699890-212699908(-)	BATF3	tf_targeting		
BATF3#chr1:212699913-212699931(-)	BATF3	tf_targeting		
BATF3#chr1:212699932-212699950(-)	BATF3	tf_targeting		
BAZ1B#chr7:73522094-73522112(+)	BAZ1B	tf_targeting	-0.73692364	0.0180654681485905
BAZ1B#chr7:73522104-73522122(+)	BAZ1B	tf_targeting	-1.290814	0.0001660700923253
BAZ1B#chr7:73522175-73522193(+)	BAZ1B	tf_targeting	-1.3487799	8.896042209173996e-09
BAZ1B#chr7:73522181-73522199(-)	BAZ1B	tf_targeting	-0.209547	0.3858074119505785
BAZ1B#chr7:73522211-73522229(+)	BAZ1B	tf_targeting	-1.0481132	0.0344484258320754
BAZ1B#chr7:73522273-73522291(-)	BAZ1B	tf_targeting	-0.11921297	0.4779611505773439
BAZ2A#chr12:56630070-56630088(-)	BAZ2A	tf_targeting	-0.953132	8.144168412014053e-09
BAZ2A#chr12:56630192-56630210(+)	BAZ2A	tf_targeting	-0.4893881	0.0293296742494609
BAZ2A#chr12:56630196-56630214(+)	BAZ2A	tf_targeting	-0.7370449	0.0011895859351808
BAZ2A#chr12:56630267-56630285(+)	BAZ2A	tf_targeting	-1.0621035	1.3360603314486318e-11
BAZ2A#chr12:56630299-56630317(+)	BAZ2A	tf_targeting	-1.1818041	7.587633655806375e-08
BAZ2A#chr12:56630305-56630323(-)	BAZ2A	tf_targeting	-0.7249789	0.0008957581426317
BAZ2A#chr12:56636114-56636132(-)	BAZ2A	tf_targeting	-0.03658054	0.8872969782325941
BAZ2A#chr12:56636129-56636147(-)	BAZ2A	tf_targeting	-0.009164491	0.966017432609836
BAZ2A#chr12:56636184-56636202(-)	BAZ2A	tf_targeting	-0.0048699486	0.985029536003848
BAZ2A#chr12:56636336-56636354(+)	BAZ2A	tf_targeting	0.022459202	0.8951305009147893
BAZ2A#chr12:56636344-56636362(-)	BAZ2A	tf_targeting	0.027828677	0.9010350785863966
BAZ2A#chr12:56636362-56636380(+)	BAZ2A	tf_targeting	0.3845758	0.068934425404599
BAZ2B#chr2:159615263-159615281(+)	BAZ2B	tf_targeting	-0.981523	0.0005039074645783
BAZ2B#chr2:159615518-159615536(+)	BAZ2B	tf_targeting	-1.7536281	2.8769770873225533e-06
BAZ2B#chr2:159615604-159615622(+)	BAZ2B	tf_targeting	-2.71734	6.497456723434584e-06
BAZ2B#chr2:159615770-159615788(+)	BAZ2B	tf_targeting	-2.367714	0.0001258877869261
BAZ2B#chr2:159616059-159616077(+)	BAZ2B	tf_targeting	-1.2430538	7.335299478340825e-06
BAZ2B#chr2:159616074-159616092(+)	BAZ2B	tf_targeting	-1.6613718	8.625115591061768e-05
BBX#chr3:107522983-107523001(+)	BBX	tf_targeting	-2.0035925	9.16380877615061e-13
BBX#chr3:107523018-107523036(-)	BBX	tf_targeting	-1.7256812	2.757310792124428e-07
BBX#chr3:107523046-107523064(+)	BBX	tf_targeting	-0.22956754	0.3064943807156216
BBX#chr3:107523051-107523069(-)	BBX	tf_targeting	-2.1895554	2.3282227291040997e-06
BBX#chr3:107523450-107523468(+)	BBX	tf_targeting	-1.8594737	3.486941571638085e-07
BBX#chr3:107523479-107523497(-)	BBX	tf_targeting	-1.8786262	1.4140648920799498e-14
BCL11A#chr2:60553025-60553043(+)	BCL11A	tf_targeting	-1.3274077	0.0267059487110677
BCL11A#chr2:60553255-60553273(+)	BCL11A	tf_targeting	-1.3037336	0.0065799816008177
BCL11A#chr2:60553342-60553360(+)	BCL11A	tf_targeting	-1.8897644	0.0053813273027441
BCL11A#chr2:60553435-60553453(+)	BCL11A	tf_targeting	-1.2481785	0.0201076687841309
BCL11A#chr2:60553448-60553466(+)	BCL11A	tf_targeting	-0.44070008	0.2128724549232314
BCL11A#chr2:60553583-60553601(+)	BCL11A	tf_targeting	-0.5675836	0.2024419456798974
BCL11B#chr14:99271339-99271357(+)	BCL11B	tf_targeting		
BCL11B#chr14:99271348-99271366(-)	BCL11B	tf_targeting		
BCL11B#chr14:99271546-99271564(-)	BCL11B	tf_targeting		
BCL11B#chr14:99271677-99271695(-)	BCL11B	tf_targeting		
BCL11B#chr14:99271681-99271699(+)	BCL11B	tf_targeting		
BCL11B#chr14:99271684-99271702(+)	BCL11B	tf_targeting		
BCL3#chr19:44748690-44748708(-)	BCL3	tf_targeting		
BCL3#chr19:44748737-44748755(-)	BCL3	tf_targeting		
BCL3#chr19:44748740-44748758(-)	BCL3	tf_targeting		
BCL3#chr19:44748758-44748776(-)	BCL3	tf_targeting		
BCL3#chr19:44748765-44748783(+)	BCL3	tf_targeting		
BCL3#chr19:44748797-44748815(-)	BCL3	tf_targeting		
BCL6#chr3:187745312-187745330(+)	BCL6	tf_targeting		
BCL6#chr3:187745315-187745333(+)	BCL6	tf_targeting		
BCL6#chr3:187745392-187745410(+)	BCL6	tf_targeting		
BCL6#chr3:187745399-187745417(+)	BCL6	tf_targeting		
BCL6#chr3:187745424-187745442(-)	BCL6	tf_targeting		
BCL6#chr3:187745429-187745447(-)	BCL6	tf_targeting		
BCL6B#chr17:7023024-7023042(+)	BCL6B	tf_targeting		
BCL6B#chr17:7023062-7023080(+)	BCL6B	tf_targeting		
BCL6B#chr17:7023113-7023131(+)	BCL6B	tf_targeting		
BCL6B#chr17:7023127-7023145(+)	BCL6B	tf_targeting		
BCL6B#chr17:7023290-7023308(+)	BCL6B	tf_targeting		
BCL6B#chr17:7023481-7023499(+)	BCL6B	tf_targeting		
BCLAF1#chr6:136289352-136289370(+)	BCLAF1	tf_targeting	-0.64051706	0.0218761080255456
BCLAF1#chr6:136289370-136289388(+)	BCLAF1	tf_targeting	-0.82608694	0.0065526422524556
BCLAF1#chr6:136289746-136289764(+)	BCLAF1	tf_targeting	-0.760396	0.0052452628026502
BCLAF1#chr6:136289751-136289769(-)	BCLAF1	tf_targeting	-0.41152233	0.0117378780132971
BCLAF1#chr6:136289760-136289778(-)	BCLAF1	tf_targeting	-1.3252673	0.0011634945097662
BCLAF1#chr6:136289801-136289819(-)	BCLAF1	tf_targeting	-0.17395242	0.7036664070199197
BDP1#chr5:71455663-71455681(+)	BDP1	tf_targeting	-0.09398287	0.916702958715658
BDP1#chr5:71455669-71455687(-)	BDP1	tf_targeting	-0.55244493	0.5088480300203908
BDP1#chr5:71455680-71455698(+)	BDP1	tf_targeting	-0.094570026	0.9160018547086232
BDP1#chr5:71455683-71455701(+)	BDP1	tf_targeting	0.7005687	0.3631891031654173
BDP1#chr5:71455867-71455885(-)	BDP1	tf_targeting	0.022288345	0.9754933749183068
BDP1#chr5:71455876-71455894(-)	BDP1	tf_targeting	0.33481878	0.6285311866369452
BHLHA15#chr7:98211445-98211463(+)	BHLHA15	tf_targeting		
BHLHA15#chr7:98211478-98211496(+)	BHLHA15	tf_targeting		
BHLHA15#chr7:98211488-98211506(-)	BHLHA15	tf_targeting		
BHLHA15#chr7:98211496-98211514(-)	BHLHA15	tf_targeting		
BHLHA15#chr7:98211502-98211520(+)	BHLHA15	tf_targeting		
BHLHA15#chr7:98211507-98211525(+)	BHLHA15	tf_targeting		
BHLHA9#chr17:1270414-1270432(+)	BHLHA9	tf_targeting		
BHLHA9#chr17:1270441-1270459(+)	BHLHA9	tf_targeting		
BHLHA9#chr17:1270468-1270486(-)	BHLHA9	tf_targeting		
BHLHA9#chr17:1270475-1270493(-)	BHLHA9	tf_targeting		
BHLHA9#chr17:1270483-1270501(+)	BHLHA9	tf_targeting		
BHLHA9#chr17:1270835-1270853(+)	BHLHA9	tf_targeting		
BHLHB9#chrX:102720710-102720728(+)	BHLHB9	tf_targeting		
BHLHB9#chrX:102720760-102720778(-)	BHLHB9	tf_targeting		
BHLHB9#chrX:102720780-102720798(+)	BHLHB9	tf_targeting		
BHLHB9#chrX:102720783-102720801(+)	BHLHB9	tf_targeting		
BHLHB9#chrX:102720791-102720809(+)	BHLHB9	tf_targeting		
BHLHB9#chrX:102721101-102721119(-)	BHLHB9	tf_targeting		
BHLHE22#chr8:64580369-64580387(+)	BHLHE22	tf_targeting		
BHLHE22#chr8:64580379-64580397(-)	BHLHE22	tf_targeting		
BHLHE22#chr8:64580384-64580402(+)	BHLHE22	tf_targeting		
BHLHE22#chr8:64580389-64580407(+)	BHLHE22	tf_targeting		
BHLHE22#chr8:64580403-64580421(+)	BHLHE22	tf_targeting		
BHLHE22#chr8:64580430-64580448(+)	BHLHE22	tf_targeting		
BHLHE23#chr20:63006621-63006639(-)	BHLHE23	tf_targeting		
BHLHE23#chr20:63006626-63006644(+)	BHLHE23	tf_targeting		
BHLHE23#chr20:63006758-63006776(+)	BHLHE23	tf_targeting		
BHLHE23#chr20:63006774-63006792(+)	BHLHE23	tf_targeting		
BHLHE23#chr20:63006825-63006843(-)	BHLHE23	tf_targeting		
BHLHE23#chr20:63006934-63006952(-)	BHLHE23	tf_targeting		
BHLHE40#chr3:4979339-4979357(-)	BHLHE40	tf_targeting		
BHLHE40#chr3:4979454-4979472(+)	BHLHE40	tf_targeting		
BHLHE40#chr3:4979487-4979505(-)	BHLHE40	tf_targeting		
BHLHE40#chr3:4979490-4979508(-)	BHLHE40	tf_targeting		
BHLHE40#chr3:4979495-4979513(+)	BHLHE40	tf_targeting		
BHLHE40#chr3:4979520-4979538(-)	BHLHE40	tf_targeting		
BHLHE41#chr12:26124401-26124419(+)	BHLHE41	tf_targeting		
BHLHE41#chr12:26124827-26124845(+)	BHLHE41	tf_targeting		
BHLHE41#chr12:26124833-26124851(+)	BHLHE41	tf_targeting		
BHLHE41#chr12:26124843-26124861(+)	BHLHE41	tf_targeting		
BHLHE41#chr12:26125000-26125018(-)	BHLHE41	tf_targeting		
BHLHE41#chr12:26125007-26125025(+)	BHLHE41	tf_targeting		
BID#chr22:17774375-17774393(+)	BID	tf_targeting		
BID#chr22:17774378-17774396(+)	BID	tf_targeting		
BID#chr22:17774427-17774445(+)	BID	tf_targeting		
BID#chr22:17774433-17774451(-)	BID	tf_targeting		
BID#chr22:17774466-17774484(-)	BID	tf_targeting		
BID#chr22:17774469-17774487(-)	BID	tf_targeting		
BLZF1#chr1:169368201-169368219(+)	BLZF1	tf_targeting	-2.5356815	0.0156319581196822
BLZF1#chr1:169368205-169368223(+)	BLZF1	tf_targeting	-0.8728122	0.0562530892780485
BLZF1#chr1:169368211-169368229(+)	BLZF1	tf_targeting	-0.5480243	0.4983913229068522
BLZF1#chr1:169368219-169368237(+)	BLZF1	tf_targeting	-0.16317621	0.8410559650213367
BLZF1#chr1:169368230-169368248(+)	BLZF1	tf_targeting	-0.8044074	0.0001979516851818
BLZF1#chr1:169368236-169368254(+)	BLZF1	tf_targeting	-1.9427004	0.0387449248647173
BMP2#chr20:6767708-6767726(-)	BMP2	tf_targeting	-2.2597706	2.800683351824079e-10
BMP2#chr20:6767711-6767729(-)	BMP2	tf_targeting	-0.13070543	0.753415936841475
BMP2#chr20:6767769-6767787(-)	BMP2	tf_targeting	-1.2871147	8.843653905503274e-06
BMP2#chr20:6767775-6767793(-)	BMP2	tf_targeting	-2.4902785	2.6510394430623198e-11
BMP2#chr20:6767800-6767818(-)	BMP2	tf_targeting	-3.339657	1.3075988168366249e-05
BMP2#chr20:6767811-6767829(-)	BMP2	tf_targeting	-0.00050569733	0.9994430602934222
BMP2#chr20:6770086-6770104(+)	BMP2	tf_targeting	-0.30700207	0.3234356943684652
BMP2#chr20:6770109-6770127(+)	BMP2	tf_targeting	-0.017537825	0.9653925482608768
BMP2#chr20:6770112-6770130(+)	BMP2	tf_targeting	-0.067165546	0.7130382012836516
BMP2#chr20:6770137-6770155(-)	BMP2	tf_targeting	0.5258396	0.368556986920473
BMP2#chr20:6770144-6770162(-)	BMP2	tf_targeting	0.27608052	0.4223912180593394
BMP2#chr20:6770169-6770187(-)	BMP2	tf_targeting	-0.27429932	0.4177909945715937
BNC1#chr15:83284408-83284426(+)	BNC1	tf_targeting		
BNC1#chr15:83284446-83284464(-)	BNC1	tf_targeting		
BNC1#chr15:83284595-83284613(-)	BNC1	tf_targeting		
BNC1#chr15:83284627-83284645(+)	BNC1	tf_targeting		
BNC1#chr15:83284643-83284661(-)	BNC1	tf_targeting		
BNC1#chr15:83284649-83284667(+)	BNC1	tf_targeting		
BNC2#chr9:16870387-16870405(-)	BNC2	tf_targeting	-1.7398075	0.0132701808601413
BNC2#chr9:16870407-16870425(-)	BNC2	tf_targeting	-0.49463177	0.3659755673632689
BNC2#chr9:16870459-16870477(+)	BNC2	tf_targeting	-0.45652866	0.2745316650272775
BNC2#chr9:16870678-16870696(-)	BNC2	tf_targeting	-0.27903447	0.5623983954372447
BNC2#chr9:16870684-16870702(-)	BNC2	tf_targeting	-1.6920271	0.0836503137498196
BNC2#chr9:16870770-16870788(-)	BNC2	tf_targeting	-0.45429647	0.1828648887119661
BOLA1#chr1:149886904-149886922(-)	BOLA1	tf_targeting		
BOLA1#chr1:149886916-149886934(+)	BOLA1	tf_targeting		
BOLA1#chr1:149886964-149886982(-)	BOLA1	tf_targeting		
BOLA1#chr1:149887313-149887331(-)	BOLA1	tf_targeting		
BOLA1#chr1:149887318-149887336(-)	BOLA1	tf_targeting		
BOLA1#chr1:149887408-149887426(-)	BOLA1	tf_targeting		
BOLA1#chr1:149899571-149899589(+)	BOLA1	tf_targeting		
BOLA1#chr1:149899584-149899602(-)	BOLA1	tf_targeting		
BOLA1#chr1:149899612-149899630(+)	BOLA1	tf_targeting		
BOLA1#chr1:149899632-149899650(-)	BOLA1	tf_targeting		
BOLA1#chr1:149899637-149899655(-)	BOLA1	tf_targeting		
BOLA1#chr1:149899640-149899658(+)	BOLA1	tf_targeting		
BOLA3#chr2:74147470-74147488(-)	BOLA3	tf_targeting	-1.2108043	0.0027933238579853
BOLA3#chr2:74147698-74147716(-)	BOLA3	tf_targeting	-2.694524	0.0002353053756244
BOLA3#chr2:74147813-74147831(-)	BOLA3	tf_targeting	-1.813445	0.00228767788362
BOLA3#chr2:74147818-74147836(+)	BOLA3	tf_targeting	-1.0731448	3.960327213969271e-09
BOLA3#chr2:74147884-74147902(-)	BOLA3	tf_targeting	-3.3576581	7.439135214222132e-05
BOLA3#chr2:74147911-74147929(+)	BOLA3	tf_targeting	-2.2372487	2.392239069492203e-05
BPTF#chr17:67825489-67825507(-)	BPTF	tf_targeting	0.02066938	0.9821694348038432
BPTF#chr17:67825499-67825517(+)	BPTF	tf_targeting	-1.3869271	6.085452312762261e-14
BPTF#chr17:67825531-67825549(+)	BPTF	tf_targeting	-0.11565813	0.235288607983396
BPTF#chr17:67825536-67825554(+)	BPTF	tf_targeting	-0.7788584	8.054066431812246e-05
BPTF#chr17:67825589-67825607(-)	BPTF	tf_targeting	0.11880849	0.8687804001492028
BPTF#chr17:67825593-67825611(-)	BPTF	tf_targeting	-0.28216434	0.3043709805707647
BRF2#chr8:37849632-37849650(-)	BRF2	tf_targeting		
BRF2#chr8:37849641-37849659(+)	BRF2	tf_targeting		
BRF2#chr8:37849779-37849797(-)	BRF2	tf_targeting		
BRF2#chr8:37849829-37849847(+)	BRF2	tf_targeting		
BRF2#chr8:37849843-37849861(+)	BRF2	tf_targeting		
BRF2#chr8:37849847-37849865(+)	BRF2	tf_targeting		
BRIP1#chr17:61863088-61863106(+)	BRIP1	tf_targeting		
BRIP1#chr17:61863105-61863123(+)	BRIP1	tf_targeting		
BRIP1#chr17:61863259-61863277(-)	BRIP1	tf_targeting		
BRIP1#chr17:61863467-61863485(-)	BRIP1	tf_targeting		
BRIP1#chr17:61863476-61863494(-)	BRIP1	tf_targeting		
BRIP1#chr17:61863481-61863499(-)	BRIP1	tf_targeting		
BRPF1#chr3:9731788-9731806(-)	BRPF1	tf_targeting		
BRPF1#chr3:9731794-9731812(-)	BRPF1	tf_targeting		
BRPF1#chr3:9731797-9731815(-)	BRPF1	tf_targeting		
BRPF1#chr3:9731809-9731827(-)	BRPF1	tf_targeting		
BRPF1#chr3:9731842-9731860(-)	BRPF1	tf_targeting		
BRPF1#chr3:9732219-9732237(+)	BRPF1	tf_targeting		
BSX#chr11:122981695-122981713(+)	BSX	tf_targeting		
BSX#chr11:122981698-122981716(+)	BSX	tf_targeting		
BSX#chr11:122981750-122981768(+)	BSX	tf_targeting		
BSX#chr11:122981762-122981780(-)	BSX	tf_targeting		
BSX#chr11:122981765-122981783(-)	BSX	tf_targeting		
BSX#chr11:122981792-122981810(+)	BSX	tf_targeting		
C11orf95#chr11:63768516-63768534(-)	C11orf95	tf_targeting		
C11orf95#chr11:63768588-63768606(-)	C11orf95	tf_targeting		
C11orf95#chr11:63768717-63768735(+)	C11orf95	tf_targeting		
C11orf95#chr11:63768721-63768739(+)	C11orf95	tf_targeting		
C11orf95#chr11:63768737-63768755(+)	C11orf95	tf_targeting		
C11orf95#chr11:63768756-63768774(+)	C11orf95	tf_targeting		
C1orf85#chr1:156291408-156291426(+)	C1orf85	tf_targeting	-1.7270728	3.9508627545304965e-09
C1orf85#chr1:156291420-156291438(+)	C1orf85	tf_targeting	-0.39045936	0.4900270690739245
C1orf85#chr1:156291445-156291463(-)	C1orf85	tf_targeting	-0.54901475	0.2614552090031622
C1orf85#chr1:156291458-156291476(-)	C1orf85	tf_targeting	-0.48340067	0.2968527338062551
C1orf85#chr1:156291484-156291502(-)	C1orf85	tf_targeting	-1.4208456	0.0091783964742739
C1orf85#chr1:156291528-156291546(-)	C1orf85	tf_targeting	-0.8068594	0.0730223870614333
C1orf85#chr1:156295450-156295468(-)	C1orf85	tf_targeting	-1.7922363	0.0018852435636698
C1orf85#chr1:156295616-156295634(-)	C1orf85	tf_targeting	-0.09345205	0.9153996798105865
C1orf85#chr1:156295628-156295646(+)	C1orf85	tf_targeting	-1.0541168	0.0937780791398573
C1orf85#chr1:156295641-156295659(-)	C1orf85	tf_targeting	-0.67069465	0.1790771025462678
C1orf85#chr1:156295646-156295664(+)	C1orf85	tf_targeting	-2.8720117	0.0015563906048805
C1orf85#chr1:156295664-156295682(-)	C1orf85	tf_targeting	-1.483464	0.0023710608272265
CAMTA1#chr1:6785486-6785504(+)	CAMTA1	tf_targeting	-1.9271084	3.285715232645337e-12
CAMTA1#chr1:6785500-6785518(+)	CAMTA1	tf_targeting	-0.3794357	9.944931744696512e-05
CAMTA1#chr1:6785503-6785521(+)	CAMTA1	tf_targeting	-1.7851254	1.0290627809005573e-47
CAMTA1#chr1:6785628-6785646(+)	CAMTA1	tf_targeting	-0.27827662	0.0372740767051161
CAMTA1#chr1:6785637-6785655(+)	CAMTA1	tf_targeting	-2.2132926	1.8129991262521078e-47
CAMTA1#chr1:6785739-6785757(+)	CAMTA1	tf_targeting	-1.0361756	1.865332468312276e-15
CAMTA2#chr17:4987228-4987246(+)	CAMTA2	tf_targeting		
CAMTA2#chr17:4987256-4987274(+)	CAMTA2	tf_targeting		
CAMTA2#chr17:4987260-4987278(+)	CAMTA2	tf_targeting		
CAMTA2#chr17:4987413-4987431(-)	CAMTA2	tf_targeting		
CAMTA2#chr17:4987583-4987601(-)	CAMTA2	tf_targeting		
CAMTA2#chr17:4987598-4987616(-)	CAMTA2	tf_targeting		
CAPN15#chr16:527699-527717(+)	CAPN15	tf_targeting		
CAPN15#chr16:527777-527795(+)	CAPN15	tf_targeting		
CAPN15#chr16:527787-527805(+)	CAPN15	tf_targeting		
CAPN15#chr16:527790-527808(+)	CAPN15	tf_targeting		
CAPN15#chr16:527910-527928(+)	CAPN15	tf_targeting		
CAPN15#chr16:528017-528035(-)	CAPN15	tf_targeting		
CARF#chr2:202912011-202912029(-)	CARF	tf_targeting		
CARF#chr2:202912095-202912113(+)	CARF	tf_targeting		
CARF#chr2:202912099-202912117(-)	CARF	tf_targeting		
CARF#chr2:202912210-202912228(+)	CARF	tf_targeting		
CARF#chr2:202912236-202912254(-)	CARF	tf_targeting		
CARF#chr2:202912280-202912298(+)	CARF	tf_targeting		
CARHSP1#chr16:8868922-8868940(+)	CARHSP1	tf_targeting	0.04057872	0.7683503419133237
CARHSP1#chr16:8868963-8868981(-)	CARHSP1	tf_targeting	-3.1935062	3.9199362993135165e-05
CARHSP1#chr16:8868968-8868986(-)	CARHSP1	tf_targeting	-2.513028	7.591221743986248e-06
CARHSP1#chr16:8868977-8868995(-)	CARHSP1	tf_targeting	-2.2523282	6.147598320970952e-08
CARHSP1#chr16:8868987-8869005(-)	CARHSP1	tf_targeting	-2.4528406	1.2128077921254712e-07
CARHSP1#chr16:8868994-8869012(-)	CARHSP1	tf_targeting	-0.6949319	9.90012452510512e-06
CASZ1#chr1:10796226-10796244(+)	CASZ1	tf_targeting	-0.13231267	0.6228954921038098
CASZ1#chr1:10796352-10796370(-)	CASZ1	tf_targeting	-0.6442477	5.930273632390158e-05
CASZ1#chr1:10796380-10796398(-)	CASZ1	tf_targeting	-0.77163136	0.004377246892986
CASZ1#chr1:10796427-10796445(-)	CASZ1	tf_targeting	-0.13673301	0.5464799128615181
CASZ1#chr1:10796554-10796572(-)	CASZ1	tf_targeting	-0.42382213	0.0367072983847068
CASZ1#chr1:10796584-10796602(+)	CASZ1	tf_targeting	-0.4596392	0.1135430284038777
CBFA2T2#chr20:33490073-33490091(+)	CBFA2T2	tf_targeting	-0.9458487	0.041475540225282
CBFA2T2#chr20:33490076-33490094(+)	CBFA2T2	tf_targeting	-0.67087483	0.3874145214671034
CBFA2T2#chr20:33490125-33490143(+)	CBFA2T2	tf_targeting	-1.1982543	0.1740280111452083
CBFA2T2#chr20:33490128-33490146(+)	CBFA2T2	tf_targeting	-0.5587771	0.2286361644147179
CBFA2T2#chr20:33490158-33490176(+)	CBFA2T2	tf_targeting	-1.1281941	5.558884533169576e-06
CBFA2T2#chr20:33490254-33490272(+)	CBFA2T2	tf_targeting	-1.6367819	4.246541869460189e-11
CBFA2T3#chr16:88941114-88941132(-)	CBFA2T3	tf_targeting		
CBFA2T3#chr16:88941265-88941283(-)	CBFA2T3	tf_targeting		
CBFA2T3#chr16:88941296-88941314(+)	CBFA2T3	tf_targeting		
CBFA2T3#chr16:88941306-88941324(-)	CBFA2T3	tf_targeting		
CBFA2T3#chr16:88941309-88941327(-)	CBFA2T3	tf_targeting		
CBFA2T3#chr16:88941340-88941358(-)	CBFA2T3	tf_targeting		
CBFA2T3#chr16:88976567-88976585(+)	CBFA2T3	tf_targeting		
CBFA2T3#chr16:88976915-88976933(+)	CBFA2T3	tf_targeting		
CBFA2T3#chr16:88976928-88976946(-)	CBFA2T3	tf_targeting		
CBFA2T3#chr16:88976947-88976965(-)	CBFA2T3	tf_targeting		
CBFA2T3#chr16:88976959-88976977(+)	CBFA2T3	tf_targeting		
CBFA2T3#chr16:88976964-88976982(-)	CBFA2T3	tf_targeting		
CBFB#chr16:67029150-67029168(+)	CBFB	tf_targeting	-2.7040093	4.403011194090724e-17
CBFB#chr16:67029163-67029181(+)	CBFB	tf_targeting	-1.5277445	0.0603788437280345
CBFB#chr16:67029169-67029187(+)	CBFB	tf_targeting	-1.2845007	0.0284038338222085
CBFB#chr16:67029172-67029190(+)	CBFB	tf_targeting	-2.4336069	5.367353033191491e-05
CBFB#chr16:67029333-67029351(+)	CBFB	tf_targeting	-1.5111479	0.0774455792313804
CBFB#chr16:67029635-67029653(-)	CBFB	tf_targeting	-2.5634978	0.0002094722687273
CBL#chr11:119206273-119206291(-)	CBL	tf_targeting	0.0015300319	0.997539658848734
CBL#chr11:119206341-119206359(-)	CBL	tf_targeting	-0.9075199	0.202546898203011
CBL#chr11:119206361-119206379(-)	CBL	tf_targeting	-2.0476587	5.768360387613e-06
CBL#chr11:119206565-119206583(+)	CBL	tf_targeting	-1.1863426	0.0098748312792978
CBL#chr11:119206664-119206682(+)	CBL	tf_targeting	-0.65704936	0.0634998634764799
CBL#chr11:119206680-119206698(+)	CBL	tf_targeting	-0.16179983	0.8530060529689506
CBX2#chr17:79778178-79778196(+)	CBX2	tf_targeting		
CBX2#chr17:79778181-79778199(+)	CBX2	tf_targeting		
CBX2#chr17:79778187-79778205(-)	CBX2	tf_targeting		
CBX2#chr17:79778389-79778407(+)	CBX2	tf_targeting		
CBX2#chr17:79778394-79778412(+)	CBX2	tf_targeting		
CBX2#chr17:79778611-79778629(-)	CBX2	tf_targeting		
CC2D1A#chr19:13906226-13906244(+)	CC2D1A	tf_targeting		
CC2D1A#chr19:13906247-13906265(-)	CC2D1A	tf_targeting		
CC2D1A#chr19:13906260-13906278(+)	CC2D1A	tf_targeting		
CC2D1A#chr19:13906264-13906282(+)	CC2D1A	tf_targeting		
CC2D1A#chr19:13906268-13906286(-)	CC2D1A	tf_targeting		
CC2D1A#chr19:13906274-13906292(+)	CC2D1A	tf_targeting		
CCDC169-SOHLH2#chr13:36297716-36297734(-)	CCDC169-SOHLH2	tf_targeting		
CCDC169-SOHLH2#chr13:36297743-36297761(-)	CCDC169-SOHLH2	tf_targeting		
CCDC169-SOHLH2#chr13:36297792-36297810(+)	CCDC169-SOHLH2	tf_targeting		
CCDC169-SOHLH2#chr13:36297813-36297831(+)	CCDC169-SOHLH2	tf_targeting		
CCDC169-SOHLH2#chr13:36297830-36297848(-)	CCDC169-SOHLH2	tf_targeting		
CCDC169-SOHLH2#chr13:36297833-36297851(-)	CCDC169-SOHLH2	tf_targeting		
CCDC17#chr1:45623809-45623827(+)	CCDC17	tf_targeting		
CCDC17#chr1:45623824-45623842(+)	CCDC17	tf_targeting		
CCDC17#chr1:45623867-45623885(+)	CCDC17	tf_targeting		
CCDC17#chr1:45623947-45623965(+)	CCDC17	tf_targeting		
CCDC17#chr1:45624012-45624030(+)	CCDC17	tf_targeting		
CCDC17#chr1:45624023-45624041(-)	CCDC17	tf_targeting		
CCDC79#chr16:66800995-66801013(+)	CCDC79	tf_targeting		
CCDC79#chr16:66801005-66801023(+)	CCDC79	tf_targeting		
CCDC79#chr16:66801021-66801039(-)	CCDC79	tf_targeting		
CCDC79#chr16:66801032-66801050(-)	CCDC79	tf_targeting		
CCDC79#chr16:66801041-66801059(+)	CCDC79	tf_targeting		
CCDC79#chr16:66801092-66801110(-)	CCDC79	tf_targeting		
CCNT2#chr2:134918534-134918552(-)	CCNT2	tf_targeting	0.0580507	0.8005207995806308
CCNT2#chr2:134918820-134918838(+)	CCNT2	tf_targeting	-0.8743077	0.0439348479548873
CCNT2#chr2:134918826-134918844(+)	CCNT2	tf_targeting	0.002900326	0.9940808643054726
CCNT2#chr2:134918837-134918855(+)	CCNT2	tf_targeting	-0.42572397	0.1790469069030977
CCNT2#chr2:134918843-134918861(+)	CCNT2	tf_targeting	0.08350218	0.7658799701401775
CCNT2#chr2:134918850-134918868(+)	CCNT2	tf_targeting	0.25967842	0.1679818546133496
CDC5L#chr6:44387559-44387577(+)	CDC5L	tf_targeting	-0.2538154	0.7638024279810127
CDC5L#chr6:44387718-44387736(+)	CDC5L	tf_targeting	-0.45398635	0.5587834071286861
CDC5L#chr6:44387754-44387772(-)	CDC5L	tf_targeting	-0.16819651	0.8388650946784718
CDC5L#chr6:44387761-44387779(-)	CDC5L	tf_targeting	-0.115626566	0.8984820317414752
CDC5L#chr6:44387946-44387964(+)	CDC5L	tf_targeting	-0.4925709	0.4916503020750935
CDC5L#chr6:44388201-44388219(-)	CDC5L	tf_targeting	-0.15959911	0.8605204283669765
CDCA7L#chr7:21945702-21945720(+)	CDCA7L	tf_targeting	-2.6221135	1.6034851752668345e-13
CDCA7L#chr7:21945812-21945830(-)	CDCA7L	tf_targeting	-1.9011012	0.0051303016997753
CDCA7L#chr7:21945846-21945864(-)	CDCA7L	tf_targeting	-3.146137	0.0001245761187515
CDCA7L#chr7:21945851-21945869(+)	CDCA7L	tf_targeting	-0.30203298	0.0257745370669553
CDCA7L#chr7:21945856-21945874(-)	CDCA7L	tf_targeting	-1.6397877	1.3285559865043147e-14
CDCA7L#chr7:21945896-21945914(-)	CDCA7L	tf_targeting	-2.1563287	4.59468381094316e-11
CDIP1#chr16:4538326-4538344(+)	CDIP1	tf_targeting	-1.4984931	4.02499141567561e-05
CDIP1#chr16:4538340-4538358(+)	CDIP1	tf_targeting	-0.9749826	0.0006726435670598
CDIP1#chr16:4538363-4538381(+)	CDIP1	tf_targeting	-2.1127656	1.5180664268318557e-06
CDIP1#chr16:4538464-4538482(-)	CDIP1	tf_targeting	-0.20733738	0.7742268275032548
CDIP1#chr16:4538716-4538734(-)	CDIP1	tf_targeting	-2.2127845	1.3882233947624764e-16
CDIP1#chr16:4538732-4538750(+)	CDIP1	tf_targeting	-1.5088351	0.1718573929029246
CDK1#chr10:60778506-60778524(+)	CDK1	tf_targeting		
CDK1#chr10:60778555-60778573(-)	CDK1	tf_targeting		
CDK1#chr10:60778604-60778622(+)	CDK1	tf_targeting		
CDK1#chr10:60778734-60778752(+)	CDK1	tf_targeting		
CDK1#chr10:60778957-60778975(-)	CDK1	tf_targeting		
CDK1#chr10:60778964-60778982(+)	CDK1	tf_targeting		
CDK2#chr12:55966798-55966816(+)	CDK2	tf_targeting		
CDK2#chr12:55966801-55966819(+)	CDK2	tf_targeting		
CDK2#chr12:55966804-55966822(+)	CDK2	tf_targeting		
CDK2#chr12:55966881-55966899(-)	CDK2	tf_targeting		
CDK2#chr12:55966884-55966902(+)	CDK2	tf_targeting		
CDK2#chr12:55967292-55967310(+)	CDK2	tf_targeting		
CDK7#chr5:69234849-69234867(+)	CDK7	tf_targeting		
CDK7#chr5:69234863-69234881(+)	CDK7	tf_targeting		
CDK7#chr5:69234932-69234950(-)	CDK7	tf_targeting		
CDK7#chr5:69234944-69234962(-)	CDK7	tf_targeting		
CDK7#chr5:69235044-69235062(+)	CDK7	tf_targeting		
CDK7#chr5:69235103-69235121(-)	CDK7	tf_targeting		
CDK9#chr9:127786028-127786046(+)	CDK9	tf_targeting	-0.60018593	0.4994848425603652
CDK9#chr9:127786102-127786120(+)	CDK9	tf_targeting	-0.0574329	0.8074115145570296
CDK9#chr9:127786345-127786363(-)	CDK9	tf_targeting	-0.7300021	0.2077252259538746
CDK9#chr9:127786450-127786468(+)	CDK9	tf_targeting	-0.20909066	0.4953158544208655
CDK9#chr9:127786464-127786482(-)	CDK9	tf_targeting	-0.31248808	0.5469140924073439
CDK9#chr9:127786578-127786596(-)	CDK9	tf_targeting	-0.009336506	0.9759770841234844
CDX1#chr5:150166777-150166795(+)	CDX1	tf_targeting		
CDX1#chr5:150166800-150166818(+)	CDX1	tf_targeting		
CDX1#chr5:150166803-150166821(+)	CDX1	tf_targeting		
CDX1#chr5:150166913-150166931(-)	CDX1	tf_targeting		
CDX1#chr5:150166994-150167012(-)	CDX1	tf_targeting		
CDX1#chr5:150167042-150167060(+)	CDX1	tf_targeting		
CDX2#chr13:27968887-27968905(+)	CDX2	tf_targeting		
CDX2#chr13:27969084-27969102(+)	CDX2	tf_targeting		
CDX2#chr13:27969143-27969161(-)	CDX2	tf_targeting		
CDX2#chr13:27969235-27969253(+)	CDX2	tf_targeting		
CDX2#chr13:27969240-27969258(+)	CDX2	tf_targeting		
CDX2#chr13:27969259-27969277(+)	CDX2	tf_targeting		
CDX4#chrX:73447036-73447054(+)	CDX4	tf_targeting		
CDX4#chrX:73447039-73447057(+)	CDX4	tf_targeting		
CDX4#chrX:73447049-73447067(-)	CDX4	tf_targeting		
CDX4#chrX:73447054-73447072(+)	CDX4	tf_targeting		
CDX4#chrX:73447089-73447107(-)	CDX4	tf_targeting		
CDX4#chrX:73447109-73447127(+)	CDX4	tf_targeting		
CEBPA#chr19:33302398-33302416(+)	CEBPA	tf_targeting		
CEBPA#chr19:33302433-33302451(+)	CEBPA	tf_targeting		
CEBPA#chr19:33302492-33302510(-)	CEBPA	tf_targeting		
CEBPA#chr19:33302504-33302522(+)	CEBPA	tf_targeting		
CEBPA#chr19:33302514-33302532(-)	CEBPA	tf_targeting		
CEBPA#chr19:33302522-33302540(-)	CEBPA	tf_targeting		
CEBPB#chr20:50190831-50190849(+)	CEBPB	tf_targeting		
CEBPB#chr20:50190842-50190860(+)	CEBPB	tf_targeting		
CEBPB#chr20:50190893-50190911(-)	CEBPB	tf_targeting		
CEBPB#chr20:50190901-50190919(+)	CEBPB	tf_targeting		
CEBPB#chr20:50191264-50191282(-)	CEBPB	tf_targeting		
CEBPB#chr20:50191392-50191410(-)	CEBPB	tf_targeting		
CEBPD#chr8:47737882-47737900(+)	CEBPD	tf_targeting	-0.9710551	0.1353613443984335
CEBPD#chr8:47737912-47737930(+)	CEBPD	tf_targeting	-0.51612324	0.2332248215302428
CEBPD#chr8:47738054-47738072(+)	CEBPD	tf_targeting	-2.579938	4.014679140877049e-06
CEBPD#chr8:47738092-47738110(+)	CEBPD	tf_targeting	-2.2073169	0.0020406169123677
CEBPD#chr8:47738104-47738122(+)	CEBPD	tf_targeting	-0.7884537	0.3056371604098276
CEBPD#chr8:47738134-47738152(+)	CEBPD	tf_targeting	-2.427662	0.0019574746884969
CEBPE#chr14:23118800-23118818(+)	CEBPE	tf_targeting		
CEBPE#chr14:23118955-23118973(+)	CEBPE	tf_targeting		
CEBPE#chr14:23119002-23119020(-)	CEBPE	tf_targeting		
CEBPE#chr14:23119022-23119040(+)	CEBPE	tf_targeting		
CEBPE#chr14:23119027-23119045(-)	CEBPE	tf_targeting		
CEBPE#chr14:23119054-23119072(-)	CEBPE	tf_targeting		
CEBPG#chr19:33373314-33373332(+)	CEBPG	tf_targeting	-0.09367998	0.9052350681573416
CEBPG#chr19:33373721-33373739(+)	CEBPG	tf_targeting	0.658767	0.5847837568873074
CEBPG#chr19:33373773-33373791(-)	CEBPG	tf_targeting	-1.324603	0.0132603283712729
CEBPG#chr19:33373840-33373858(+)	CEBPG	tf_targeting	0.10195678	0.8702117559713527
CEBPG#chr19:33373912-33373930(+)	CEBPG	tf_targeting	-2.31203	0.0005318217748762
CEBPG#chr19:33374148-33374166(-)	CEBPG	tf_targeting	-2.2421854	4.9071242662728776e-08
CEBPZ#chr2:37231360-37231378(-)	CEBPZ	tf_targeting	0.35810083	0.6945797219152259
CEBPZ#chr2:37231363-37231381(-)	CEBPZ	tf_targeting	-0.15225665	0.843560735200221
CEBPZ#chr2:37231486-37231504(-)	CEBPZ	tf_targeting	0.39979497	0.658390093230768
CEBPZ#chr2:37231510-37231528(-)	CEBPZ	tf_targeting	-0.87512904	0.1235799289477062
CEBPZ#chr2:37231555-37231573(-)	CEBPZ	tf_targeting	-0.08772561	0.8302151400847104
CEBPZ#chr2:37231602-37231620(-)	CEBPZ	tf_targeting	-0.53019613	0.3878882710118057
CENPA#chr2:26764279-26764297(+)	CENPA	tf_targeting		
CENPA#chr2:26764287-26764305(+)	CENPA	tf_targeting		
CENPA#chr2:26764319-26764337(-)	CENPA	tf_targeting		
CENPA#chr2:26764336-26764354(-)	CENPA	tf_targeting		
CENPA#chr2:26764345-26764363(-)	CENPA	tf_targeting		
CENPA#chr2:26764701-26764719(-)	CENPA	tf_targeting		
CENPA#chr2:26786054-26786072(+)	CENPA	tf_targeting		
CENPA#chr2:26786065-26786083(+)	CENPA	tf_targeting		
CENPA#chr2:26786072-26786090(+)	CENPA	tf_targeting		
CENPA#chr2:26786088-26786106(+)	CENPA	tf_targeting		
CENPA#chr2:26786128-26786146(-)	CENPA	tf_targeting		
CENPA#chr2:26786294-26786312(-)	CENPA	tf_targeting		
CENPB#chr20:3786303-3786321(-)	CENPB	tf_targeting		
CENPB#chr20:3786306-3786324(-)	CENPB	tf_targeting		
CENPB#chr20:3786401-3786419(-)	CENPB	tf_targeting		
CENPB#chr20:3786429-3786447(-)	CENPB	tf_targeting		
CENPB#chr20:3786638-3786656(+)	CENPB	tf_targeting		
CENPB#chr20:3786731-3786749(+)	CENPB	tf_targeting		
CENPBD1#chr16:89972053-89972071(+)	CENPBD1	tf_targeting		
CENPBD1#chr16:89972419-89972437(+)	CENPBD1	tf_targeting		
CENPBD1#chr16:89972457-89972475(+)	CENPBD1	tf_targeting		
CENPBD1#chr16:89972462-89972480(+)	CENPBD1	tf_targeting		
CENPBD1#chr16:89972468-89972486(+)	CENPBD1	tf_targeting		
CENPBD1#chr16:89972488-89972506(+)	CENPBD1	tf_targeting		
CENPT#chr16:67833458-67833476(+)	CENPT	tf_targeting		
CENPT#chr16:67833793-67833811(-)	CENPT	tf_targeting		
CENPT#chr16:67833824-67833842(+)	CENPT	tf_targeting		
CENPT#chr16:67833830-67833848(+)	CENPT	tf_targeting		
CENPT#chr16:67833846-67833864(+)	CENPT	tf_targeting		
CENPT#chr16:67833878-67833896(-)	CENPT	tf_targeting		
CGGBP1#chr3:88058882-88058900(+)	CGGBP1	tf_targeting	-0.4650696	0.3876376092852333
CGGBP1#chr3:88058936-88058954(-)	CGGBP1	tf_targeting	-1.4376541	0.0080515436627231
CGGBP1#chr3:88058939-88058957(-)	CGGBP1	tf_targeting	-1.9122742	1.6949033420458197e-11
CGGBP1#chr3:88058941-88058959(+)	CGGBP1	tf_targeting	-1.9559888	0.0003361217967348
CGGBP1#chr3:88058945-88058963(-)	CGGBP1	tf_targeting	-0.923942	0.0002423740247215
CGGBP1#chr3:88058999-88059017(+)	CGGBP1	tf_targeting	-1.875008	0.0168229434705468
CGGBP1#chr3:88149561-88149579(+)	CGGBP1	tf_targeting	-0.013978121	0.9225590539786912
CGGBP1#chr3:88149639-88149657(-)	CGGBP1	tf_targeting	-0.13993981	0.6150652505174881
CGGBP1#chr3:88149778-88149796(-)	CGGBP1	tf_targeting	0.09498646	0.7176092814096278
CGGBP1#chr3:88149816-88149834(+)	CGGBP1	tf_targeting	-0.329421	0.1856805176791501
CGGBP1#chr3:88149820-88149838(-)	CGGBP1	tf_targeting	-0.08702241	0.6729454781131613
CGGBP1#chr3:88149853-88149871(+)	CGGBP1	tf_targeting	-0.59945387	0.0734376125635507
CHAMP1#chr13:114314348-114314366(-)	CHAMP1	tf_targeting	-1.3918	0.0408008862773865
CHAMP1#chr13:114314498-114314516(+)	CHAMP1	tf_targeting	-1.2443962	0.0015980908811467
CHAMP1#chr13:114314526-114314544(+)	CHAMP1	tf_targeting	-1.5430877	0.0510328909745029
CHAMP1#chr13:114314532-114314550(-)	CHAMP1	tf_targeting	-1.0154927	0.0158262861510877
CHAMP1#chr13:114314599-114314617(-)	CHAMP1	tf_targeting	-1.56403	1.8593520148140423e-05
CHAMP1#chr13:114314701-114314719(-)	CHAMP1	tf_targeting	-1.9993521	0.0058261319694887
CHCHD3#chr7:133081758-133081776(+)	CHCHD3	tf_targeting	-0.16347593	0.8615793223694842
CHCHD3#chr7:133081828-133081846(+)	CHCHD3	tf_targeting	-0.7225256	0.0090826937985134
CHCHD3#chr7:133081839-133081857(+)	CHCHD3	tf_targeting	-1.0574158	0.1893987171651823
CHCHD3#chr7:133081859-133081877(-)	CHCHD3	tf_targeting	-0.4308814	0.4350133706756923
CHCHD3#chr7:133081936-133081954(-)	CHCHD3	tf_targeting	-1.657802	0.0029071139657849
CHCHD3#chr7:133081999-133082017(+)	CHCHD3	tf_targeting	-0.76839495	0.0794044297592642
CHD7#chr8:60678741-60678759(+)	CHD7	tf_targeting	-0.31033128	0.0294997134038151
CHD7#chr8:60678842-60678860(+)	CHD7	tf_targeting	0.06762563	0.7052793104975954
CHD7#chr8:60679000-60679018(+)	CHD7	tf_targeting	-0.28512877	0.003871626307286
CHD7#chr8:60679015-60679033(-)	CHD7	tf_targeting	-0.10547307	0.3404804743945283
CHD7#chr8:60679043-60679061(+)	CHD7	tf_targeting	0.4080571	0.168094000932312
CHD7#chr8:60679062-60679080(+)	CHD7	tf_targeting	-0.3281608	6.502065071516896e-05
CHMP2A#chr19:58554638-58554656(+)	CHMP2A	tf_targeting	-0.7184627	0.2969383100852891
CHMP2A#chr19:58554895-58554913(+)	CHMP2A	tf_targeting	-0.75855315	0.2305046399714871
CHMP2A#chr19:58554931-58554949(-)	CHMP2A	tf_targeting	-0.58397424	0.1845688566409769
CHMP2A#chr19:58554969-58554987(+)	CHMP2A	tf_targeting	-0.76683134	0.2729147655844028
CHMP2A#chr19:58555057-58555075(-)	CHMP2A	tf_targeting	-0.020277465	0.9798033251375776
CHMP2A#chr19:58555071-58555089(-)	CHMP2A	tf_targeting	-0.092722096	0.8965034265646843
CIC#chr19:42283973-42283991(+)	CIC	tf_targeting		
CIC#chr19:42284528-42284546(+)	CIC	tf_targeting		
CIC#chr19:42284531-42284549(+)	CIC	tf_targeting		
CIC#chr19:42284543-42284561(-)	CIC	tf_targeting		
CIC#chr19:42284726-42284744(-)	CIC	tf_targeting		
CIC#chr19:42284820-42284838(+)	CIC	tf_targeting		
CIR1#chr2:174395256-174395274(+)	CIR1	tf_targeting	0.010366609	0.982609266393306
CIR1#chr2:174395440-174395458(+)	CIR1	tf_targeting	-0.16649319	0.8049408086137634
CIR1#chr2:174395531-174395549(-)	CIR1	tf_targeting	-0.8845693	0.283736992332076
CIR1#chr2:174395629-174395647(+)	CIR1	tf_targeting	-0.44855753	0.6487199202461182
CIR1#chr2:174395686-174395704(-)	CIR1	tf_targeting	-0.18605289	0.78109460607224
CIR1#chr2:174395689-174395707(-)	CIR1	tf_targeting	0.27083433	0.704791391827523
CIZ1#chr9:128191469-128191487(-)	CIZ1	tf_targeting	-2.2250626	5.9576894384039e-11
CIZ1#chr9:128191534-128191552(+)	CIZ1	tf_targeting	-2.0443838	5.2559194045443166e-15
CIZ1#chr9:128191538-128191556(-)	CIZ1	tf_targeting	-2.055356	0.0009082851833263
CIZ1#chr9:128191543-128191561(-)	CIZ1	tf_targeting	-1.0788314	0.0233679382595273
CIZ1#chr9:128191560-128191578(-)	CIZ1	tf_targeting	-0.06437015	0.8039066903826948
CIZ1#chr9:128191564-128191582(+)	CIZ1	tf_targeting	-2.074787	0.0493312985565872
CLOCK#chr4:55546719-55546737(+)	CLOCK	tf_targeting	-0.9437404	0.0031775225774328
CLOCK#chr4:55546763-55546781(+)	CLOCK	tf_targeting	-0.28391838	0.6671012655118437
CLOCK#chr4:55546775-55546793(+)	CLOCK	tf_targeting	-0.09667824	0.7040601726400125
CLOCK#chr4:55546778-55546796(+)	CLOCK	tf_targeting	-0.44320527	0.0465533922360363
CLOCK#chr4:55546809-55546827(-)	CLOCK	tf_targeting	-0.83643883	0.0761207333458993
CLOCK#chr4:55546817-55546835(-)	CLOCK	tf_targeting	-1.1792191	0.0001499380881647
CNBP#chr3:129183655-129183673(+)	CNBP	tf_targeting	-2.5644872	1.8686436071275523e-16
CNBP#chr3:129183680-129183698(-)	CNBP	tf_targeting	-2.8133814	1.7168424615160516e-144
CNBP#chr3:129183703-129183721(-)	CNBP	tf_targeting	-1.7489744	0.054716067594354
CNBP#chr3:129183829-129183847(+)	CNBP	tf_targeting	-2.4170432	1.4098299611558626e-32
CNBP#chr3:129183871-129183889(-)	CNBP	tf_targeting	-0.0021224297	0.9682419407214876
CNBP#chr3:129183882-129183900(-)	CNBP	tf_targeting	-2.042639	9.830479268658728e-191
CNOT7#chr8:17246615-17246633(-)	CNOT7	tf_targeting	0.04120248	0.8443557541847714
CNOT7#chr8:17246631-17246649(+)	CNOT7	tf_targeting	-0.042239584	0.797190665104289
CNOT7#chr8:17246644-17246662(-)	CNOT7	tf_targeting	-0.091388024	0.6821546813655764
CNOT7#chr8:17246845-17246863(-)	CNOT7	tf_targeting	-0.6683441	0.0183426522973718
CNOT7#chr8:17246863-17246881(-)	CNOT7	tf_targeting	-0.61767507	0.096571269979512
CNOT7#chr8:17246883-17246901(+)	CNOT7	tf_targeting	-0.10913519	0.8470751273231414
CNOT8#chr5:154858527-154858545(+)	CNOT8	tf_targeting	-1.0157064	0.1051514007229031
CNOT8#chr5:154858631-154858649(+)	CNOT8	tf_targeting	-0.8480664	0.3308689505826241
CNOT8#chr5:154858638-154858656(+)	CNOT8	tf_targeting	-0.68949187	0.3041886162042722
CNOT8#chr5:154858659-154858677(+)	CNOT8	tf_targeting	-0.7671392	0.2720012587034518
CNOT8#chr5:154858687-154858705(-)	CNOT8	tf_targeting	-1.2378857	0.0009788493066739
CNOT8#chr5:154858693-154858711(-)	CNOT8	tf_targeting	0.046932366	0.8154123736428067
COX20#chr1:244835661-244835679(+)	COX20	tf_targeting	-1.8440976	0.0037281383339802
COX20#chr1:244835668-244835686(+)	COX20	tf_targeting	-0.096130684	0.8936247021325583
COX20#chr1:244835671-244835689(+)	COX20	tf_targeting	-0.07531591	0.9254745410183344
COX20#chr1:244835677-244835695(-)	COX20	tf_targeting	-1.5502201	0.001151491546357
COX20#chr1:244835727-244835745(-)	COX20	tf_targeting	-0.43298683	0.2969337314556478
COX20#chr1:244835861-244835879(-)	COX20	tf_targeting	-0.10671926	0.8439399322341945
CPEB1#chr15:82628003-82628021(+)	CPEB1	tf_targeting		
CPEB1#chr15:82628013-82628031(-)	CPEB1	tf_targeting		
CPEB1#chr15:82628091-82628109(+)	CPEB1	tf_targeting		
CPEB1#chr15:82628348-82628366(+)	CPEB1	tf_targeting		
CPEB1#chr15:82628419-82628437(-)	CPEB1	tf_targeting		
CPEB1#chr15:82628466-82628484(+)	CPEB1	tf_targeting		
CPEB1#chr15:82647585-82647603(+)	CPEB1	tf_targeting		
CPEB1#chr15:82647599-82647617(+)	CPEB1	tf_targeting		
CPEB1#chr15:82647613-82647631(-)	CPEB1	tf_targeting		
CPEB1#chr15:82647691-82647709(-)	CPEB1	tf_targeting		
CPEB1#chr15:82647840-82647858(+)	CPEB1	tf_targeting		
CPEB1#chr15:82648003-82648021(-)	CPEB1	tf_targeting		
CPXCR1#chrX:88747206-88747224(+)	CPXCR1	tf_targeting		
CPXCR1#chrX:88747220-88747238(+)	CPXCR1	tf_targeting		
CPXCR1#chrX:88747227-88747245(+)	CPXCR1	tf_targeting		
CPXCR1#chrX:88747281-88747299(-)	CPXCR1	tf_targeting		
CPXCR1#chrX:88747294-88747312(-)	CPXCR1	tf_targeting		
CPXCR1#chrX:88747299-88747317(-)	CPXCR1	tf_targeting		
CRAMP1L#chr16:1612352-1612370(+)	CRAMP1L	tf_targeting		
CRAMP1L#chr16:1612359-1612377(-)	CRAMP1L	tf_targeting		
CRAMP1L#chr16:1612380-1612398(+)	CRAMP1L	tf_targeting		
CRAMP1L#chr16:1612383-1612401(+)	CRAMP1L	tf_targeting		
CRAMP1L#chr16:1612386-1612404(+)	CRAMP1L	tf_targeting		
CRAMP1L#chr16:1612402-1612420(+)	CRAMP1L	tf_targeting		
CRAMP1L#chr16:1614195-1614213(-)	CRAMP1L	tf_targeting		
CRAMP1L#chr16:1614211-1614229(+)	CRAMP1L	tf_targeting		
CRAMP1L#chr16:1614220-1614238(-)	CRAMP1L	tf_targeting		
CRAMP1L#chr16:1614228-1614246(-)	CRAMP1L	tf_targeting		
CRAMP1L#chr16:1614350-1614368(-)	CRAMP1L	tf_targeting		
CRAMP1L#chr16:1614377-1614395(-)	CRAMP1L	tf_targeting		
CREB1#chr2:207529949-207529967(+)	CREB1	tf_targeting	-0.37599504	0.0766316139941836
CREB1#chr2:207529952-207529970(+)	CREB1	tf_targeting	-1.1720071	3.484107379082933e-07
CREB1#chr2:207529977-207529995(+)	CREB1	tf_targeting	-0.88237494	0.0326238073257724
CREB1#chr2:207529986-207530004(-)	CREB1	tf_targeting	-0.09214149	0.657230504947159
CREB1#chr2:207529998-207530016(+)	CREB1	tf_targeting	-0.34570232	0.4326141899637683
CREB1#chr2:207530010-207530028(+)	CREB1	tf_targeting	-0.20338872	0.5291227826476685
CREB3#chr9:35732435-35732453(-)	CREB3	tf_targeting	-0.13236563	0.653651283354655
CREB3#chr9:35732612-35732630(+)	CREB3	tf_targeting	-0.88767046	0.0227848362627321
CREB3#chr9:35732642-35732660(+)	CREB3	tf_targeting	-1.0878105	0.218721296522832
CREB3#chr9:35732652-35732670(+)	CREB3	tf_targeting	-0.7698123	0.1186736373236891
CREB3#chr9:35732659-35732677(+)	CREB3	tf_targeting	-0.29811203	0.648448034797207
CREB3#chr9:35732664-35732682(+)	CREB3	tf_targeting	-0.89256716	0.0722004601497728
CREB3L1#chr11:46277718-46277736(+)	CREB3L1	tf_targeting		
CREB3L1#chr11:46277729-46277747(-)	CREB3L1	tf_targeting		
CREB3L1#chr11:46277901-46277919(-)	CREB3L1	tf_targeting		
CREB3L1#chr11:46278030-46278048(+)	CREB3L1	tf_targeting		
CREB3L1#chr11:46278062-46278080(-)	CREB3L1	tf_targeting		
CREB3L1#chr11:46278065-46278083(-)	CREB3L1	tf_targeting		
CREB3L2#chr7:138001962-138001980(+)	CREB3L2	tf_targeting	-1.1742115	0.000419112354843
CREB3L2#chr7:138001986-138002004(+)	CREB3L2	tf_targeting	-1.3048892	0.0006885942664436
CREB3L2#chr7:138002022-138002040(+)	CREB3L2	tf_targeting	-1.6146746	0.0024720549699844
CREB3L2#chr7:138002030-138002048(-)	CREB3L2	tf_targeting	-0.443653	0.1869359174622437
CREB3L2#chr7:138002038-138002056(-)	CREB3L2	tf_targeting	-1.9672706	0.0001072649023167
CREB3L2#chr7:138002071-138002089(-)	CREB3L2	tf_targeting	-3.182056	0.0006322677265254
CREB3L3#chr19:4153665-4153683(+)	CREB3L3	tf_targeting		
CREB3L3#chr19:4153669-4153687(+)	CREB3L3	tf_targeting		
CREB3L3#chr19:4153699-4153717(+)	CREB3L3	tf_targeting		
CREB3L3#chr19:4153714-4153732(-)	CREB3L3	tf_targeting		
CREB3L3#chr19:4153783-4153801(-)	CREB3L3	tf_targeting		
CREB3L3#chr19:4153993-4154011(+)	CREB3L3	tf_targeting		
CREB3L4#chr1:153967871-153967889(-)	CREB3L4	tf_targeting		
CREB3L4#chr1:153967906-153967924(-)	CREB3L4	tf_targeting		
CREB3L4#chr1:153967919-153967937(-)	CREB3L4	tf_targeting		
CREB3L4#chr1:153967928-153967946(+)	CREB3L4	tf_targeting		
CREB3L4#chr1:153967940-153967958(+)	CREB3L4	tf_targeting		
CREB3L4#chr1:153968146-153968164(-)	CREB3L4	tf_targeting		
CREB5#chr7:28412495-28412513(+)	CREB5	tf_targeting	0.10582661	0.8372600340303247
CREB5#chr7:28412654-28412672(+)	CREB5	tf_targeting	0.39742705	0.2598668067311106
CREB5#chr7:28412657-28412675(+)	CREB5	tf_targeting	-0.26052976	0.6319250390236507
CREB5#chr7:28412671-28412689(+)	CREB5	tf_targeting	0.009252259	0.9918792045975482
CREB5#chr7:28412684-28412702(+)	CREB5	tf_targeting	0.14889036	0.7071893827017743
CREB5#chr7:28412701-28412719(-)	CREB5	tf_targeting	0.066694885	0.8419187697962349
CREB5#chr7:28435647-28435665(+)	CREB5	tf_targeting	-0.31792963	0.3612877164761149
CREB5#chr7:28435678-28435696(+)	CREB5	tf_targeting	-0.046882555	0.9575150280299752
CREB5#chr7:28435826-28435844(+)	CREB5	tf_targeting	0.5244085	0.0645379813918276
CREB5#chr7:28435929-28435947(+)	CREB5	tf_targeting	-0.13184865	0.8823494601436408
CREB5#chr7:28435983-28436001(+)	CREB5	tf_targeting	0.31538844	0.2666178894555391
CREB5#chr7:28435990-28436008(+)	CREB5	tf_targeting	0.15536343	0.6863536122091194
CREBBP#chr16:3880184-3880202(-)	CREBBP	tf_targeting	-0.3487048	0.1750867005886634
CREBBP#chr16:3880190-3880208(+)	CREBBP	tf_targeting	-0.3815537	0.0023781400818174
CREBBP#chr16:3880623-3880641(+)	CREBBP	tf_targeting	-0.1347461	0.8075898374308734
CREBBP#chr16:3880650-3880668(-)	CREBBP	tf_targeting	-2.1581612	0.0001776242689731
CREBBP#chr16:3880656-3880674(+)	CREBBP	tf_targeting	-0.4028777	0.0965255758169992
CREBBP#chr16:3880675-3880693(+)	CREBBP	tf_targeting	-0.76167196	0.0302652222945012
CREBL2#chr12:12611865-12611883(+)	CREBL2	tf_targeting	-0.81034607	0.0003103247685362
CREBL2#chr12:12611873-12611891(-)	CREBL2	tf_targeting	-1.2382123	0.0231552395656893
CREBL2#chr12:12611909-12611927(+)	CREBL2	tf_targeting	-1.4480515	0.1068518901331437
CREBL2#chr12:12611913-12611931(+)	CREBL2	tf_targeting	-0.3917981	0.5403685160924483
CREBL2#chr12:12612075-12612093(-)	CREBL2	tf_targeting	-0.8652941	0.0420291634619053
CREBL2#chr12:12612081-12612099(-)	CREBL2	tf_targeting	-1.9591323	0.0025263340341872
CREBRF#chr5:173056364-173056382(+)	CREBRF	tf_targeting	-0.08056755	0.849699663560197
CREBRF#chr5:173056387-173056405(+)	CREBRF	tf_targeting	-0.2234466	0.5413806295256642
CREBRF#chr5:173056395-173056413(+)	CREBRF	tf_targeting	0.07059644	0.8241725363192888
CREBRF#chr5:173056402-173056420(+)	CREBRF	tf_targeting	-0.43679073	0.1079921470552854
CREBRF#chr5:173056465-173056483(-)	CREBRF	tf_targeting	-0.16924408	0.7971704672101324
CREBRF#chr5:173056468-173056486(-)	CREBRF	tf_targeting	-0.59659404	0.1844814215083401
CREBRF#chr5:173057409-173057427(+)	CREBRF	tf_targeting	-0.41917732	0.5299239944966465
CREBRF#chr5:173057437-173057455(-)	CREBRF	tf_targeting	-0.39855403	0.5579889462470233
CREBRF#chr5:173057442-173057460(-)	CREBRF	tf_targeting	0.124455124	0.6998436152915448
CREBRF#chr5:173057452-173057470(-)	CREBRF	tf_targeting	-0.5925186	0.0810721024368556
CREBRF#chr5:173057454-173057472(+)	CREBRF	tf_targeting	-0.45573708	0.2962109167417479
CREBRF#chr5:173057471-173057489(+)	CREBRF	tf_targeting	-0.17791767	0.6125422898779773
CREBZF#chr11:85664859-85664877(+)	CREBZF	tf_targeting	-2.1939423	0.0033763448995562
CREBZF#chr11:85665025-85665043(+)	CREBZF	tf_targeting	-2.0064428	3.2863643955446566e-11
CREBZF#chr11:85665030-85665048(+)	CREBZF	tf_targeting	-1.5436003	1.7127626363107223e-09
CREBZF#chr11:85665053-85665071(+)	CREBZF	tf_targeting	-1.3546813	0.0016981552517736
CREBZF#chr11:85665083-85665101(-)	CREBZF	tf_targeting	-1.4703659	1.0782129028472655e-11
CREBZF#chr11:85665094-85665112(+)	CREBZF	tf_targeting	-0.15563379	0.6638489074935225
CREM#chr10:35127292-35127310(+)	CREM	tf_targeting	-1.0543747	0.0003959186300763
CREM#chr10:35127304-35127322(+)	CREM	tf_targeting	-0.97865945	0.0003692131412711
CREM#chr10:35127338-35127356(+)	CREM	tf_targeting	-0.3114954	0.5058733394727115
CREM#chr10:35127343-35127361(+)	CREM	tf_targeting	0.02787943	0.8464573502427907
CREM#chr10:35127352-35127370(-)	CREM	tf_targeting	-1.5006472	4.0971728568235844e-20
CREM#chr10:35127371-35127389(-)	CREM	tf_targeting	-1.0589175	3.660123946258695e-21
CRTC1#chr19:18683705-18683723(+)	CRTC1	tf_targeting	0.061930276	0.8467440120206551
CRTC1#chr19:18683724-18683742(-)	CRTC1	tf_targeting	-0.5293944	0.2899624278880961
CRTC1#chr19:18683745-18683763(+)	CRTC1	tf_targeting	-1.0842568	0.02900951232794
CRTC1#chr19:18683748-18683766(+)	CRTC1	tf_targeting	-0.5889746	0.1835773704759886
CRTC1#chr19:18683751-18683769(+)	CRTC1	tf_targeting	-0.09868499	0.855524549029268
CRTC1#chr19:18683955-18683973(+)	CRTC1	tf_targeting	-0.069866724	0.7640107962585372
CRTC2#chr1:153958148-153958166(-)	CRTC2	tf_targeting		
CRTC2#chr1:153958285-153958303(-)	CRTC2	tf_targeting		
CRTC2#chr1:153958588-153958606(-)	CRTC2	tf_targeting		
CRTC2#chr1:153958591-153958609(-)	CRTC2	tf_targeting		
CRTC2#chr1:153958594-153958612(-)	CRTC2	tf_targeting		
CRTC2#chr1:153958629-153958647(-)	CRTC2	tf_targeting		
CRTC3#chr15:90529917-90529935(-)	CRTC3	tf_targeting	-1.4580314	0.0016164751554407
CRTC3#chr15:90529953-90529971(-)	CRTC3	tf_targeting	-1.6268798	2.675971294752823e-06
CRTC3#chr15:90529960-90529978(+)	CRTC3	tf_targeting	-3.5437908	6.852786654247966e-05
CRTC3#chr15:90529988-90530006(+)	CRTC3	tf_targeting	-2.7058125	0.0109286355916756
CRTC3#chr15:90529992-90530010(+)	CRTC3	tf_targeting	-1.3725781	0.0629336414432657
CRTC3#chr15:90530308-90530326(+)	CRTC3	tf_targeting	0.21055058	0.7625050218269194
CRX#chr19:47821957-47821975(+)	CRX	tf_targeting		
CRX#chr19:47821961-47821979(-)	CRX	tf_targeting		
CRX#chr19:47821964-47821982(+)	CRX	tf_targeting		
CRX#chr19:47821993-47822011(-)	CRX	tf_targeting		
CRX#chr19:47822000-47822018(-)	CRX	tf_targeting		
CRX#chr19:47822009-47822027(+)	CRX	tf_targeting		
CSNK2A1#chr20:543439-543457(-)	CSNK2A1	tf_targeting	-0.95141023	0.0462434194380757
CSNK2A1#chr20:543647-543665(+)	CSNK2A1	tf_targeting	-1.4282162	0.0005053489658004
CSNK2A1#chr20:543656-543674(+)	CSNK2A1	tf_targeting	-1.7052299	0.0671223145695556
CSNK2A1#chr20:543665-543683(-)	CSNK2A1	tf_targeting	-1.6344358	0.0480924691573378
CSNK2A1#chr20:543722-543740(+)	CSNK2A1	tf_targeting	-0.8741317	0.1578114162508399
CSNK2A1#chr20:543735-543753(+)	CSNK2A1	tf_targeting	-1.5701846	0.1378560299675524
CSRNP1#chr3:39153191-39153209(-)	CSRNP1	tf_targeting		
CSRNP1#chr3:39153499-39153517(-)	CSRNP1	tf_targeting		
CSRNP1#chr3:39153507-39153525(-)	CSRNP1	tf_targeting		
CSRNP1#chr3:39153517-39153535(+)	CSRNP1	tf_targeting		
CSRNP1#chr3:39153551-39153569(-)	CSRNP1	tf_targeting		
CSRNP1#chr3:39153555-39153573(+)	CSRNP1	tf_targeting		
CSRNP2#chr12:51083285-51083303(+)	CSRNP2	tf_targeting	-0.5250089	0.3585739075379258
CSRNP2#chr12:51083359-51083377(-)	CSRNP2	tf_targeting	-0.9367346	0.2175690274182685
CSRNP2#chr12:51083362-51083380(-)	CSRNP2	tf_targeting	-1.5252888	0.0031272447003533
CSRNP2#chr12:51083365-51083383(-)	CSRNP2	tf_targeting	-0.5444719	0.4688322449428656
CSRNP2#chr12:51083570-51083588(-)	CSRNP2	tf_targeting	-0.20487504	0.5965307001856843
CSRNP2#chr12:51083580-51083598(-)	CSRNP2	tf_targeting	-0.35411364	0.4384073446697222
CSRNP3#chr2:165469718-165469736(-)	CSRNP3	tf_targeting	-2.0690038	0.000220200427398
CSRNP3#chr2:165469732-165469750(-)	CSRNP3	tf_targeting	-1.6263891	0.0005546035454437
CSRNP3#chr2:165469872-165469890(-)	CSRNP3	tf_targeting	-2.7191172	0.0006032704731151
CSRNP3#chr2:165469964-165469982(-)	CSRNP3	tf_targeting	-1.2896647	0.0426004777622158
CSRNP3#chr2:165470105-165470123(-)	CSRNP3	tf_targeting	-0.41733956	0.0373346686260511
CSRNP3#chr2:165470181-165470199(+)	CSRNP3	tf_targeting	-1.7061038	0.0026481859529891
CSRNP3#chr2:165572313-165572331(+)	CSRNP3	tf_targeting	0.30481213	0.2093811044813513
CSRNP3#chr2:165572341-165572359(-)	CSRNP3	tf_targeting	0.3597752	0.1307807634474531
CSRNP3#chr2:165572352-165572370(+)	CSRNP3	tf_targeting	0.7148651	0.0702002717920643
CSRNP3#chr2:165572358-165572376(-)	CSRNP3	tf_targeting	0.37006736	0.1478600677258877
CSRNP3#chr2:165572406-165572424(+)	CSRNP3	tf_targeting	0.112417586	0.6500275108020903
CSRNP3#chr2:165572427-165572445(+)	CSRNP3	tf_targeting	0.04730136	0.8518750114008873
CTBP1#chr4:1248901-1248919(+)	CTBP1	tf_targeting	-1.646681	9.497356342920531e-11
CTBP1#chr4:1248918-1248936(-)	CTBP1	tf_targeting	-1.0314399	0.0327020906873304
CTBP1#chr4:1248941-1248959(+)	CTBP1	tf_targeting	-0.81645477	0.0001227871433977
CTBP1#chr4:1249075-1249093(-)	CTBP1	tf_targeting	-0.7971341	0.0007387248115132
CTBP1#chr4:1249078-1249096(-)	CTBP1	tf_targeting	-1.3315965	1.4763675434592793e-07
CTBP1#chr4:1249086-1249104(-)	CTBP1	tf_targeting	-0.66725284	0.022124491976582
CTBP2#chr10:125160815-125160833(+)	CTBP2	tf_targeting	-0.09998602	0.1509294990198993
CTBP2#chr10:125160829-125160847(-)	CTBP2	tf_targeting	-0.8300297	0.0030552392952266
CTBP2#chr10:125160982-125161000(-)	CTBP2	tf_targeting	0.033535816	0.9485647722379702
CTBP2#chr10:125160991-125161009(-)	CTBP2	tf_targeting	-0.5723715	0.0005738487086787
CTBP2#chr10:125160999-125161017(+)	CTBP2	tf_targeting	-1.1114562	8.348544133404076e-05
CTBP2#chr10:125161014-125161032(+)	CTBP2	tf_targeting	-0.47917148	0.1571897902420656
CTCF#chr16:67562457-67562475(-)	CTCF	tf_targeting	-0.13380367	0.7914661320902441
CTCF#chr16:67562487-67562505(-)	CTCF	tf_targeting	0.078699015	0.931302942050428
CTCF#chr16:67562592-67562610(+)	CTCF	tf_targeting	-0.08405839	0.7754024725150284
CTCF#chr16:67562762-67562780(-)	CTCF	tf_targeting	0.2443568	0.4785433247367284
CTCF#chr16:67562848-67562866(-)	CTCF	tf_targeting	-0.5216522	0.1860926051963939
CTCF#chr16:67563030-67563048(-)	CTCF	tf_targeting	0.745159	0.2690446262528505
CTCFL#chr20:57524858-57524876(-)	CTCFL	tf_targeting		
CTCFL#chr20:57524998-57525016(+)	CTCFL	tf_targeting		
CTCFL#chr20:57525058-57525076(-)	CTCFL	tf_targeting		
CTCFL#chr20:57525087-57525105(-)	CTCFL	tf_targeting		
CTCFL#chr20:57525096-57525114(-)	CTCFL	tf_targeting		
CTCFL#chr20:57525128-57525146(+)	CTCFL	tf_targeting		
CTNNB1#chr3:41199511-41199529(-)	CTNNB1	tf_targeting	0.07512479	0.7779372869246474
CTNNB1#chr3:41199513-41199531(+)	CTNNB1	tf_targeting	-0.16669899	0.7405862044436204
CTNNB1#chr3:41199530-41199548(+)	CTNNB1	tf_targeting	-0.018229792	0.9484605397955362
CTNNB1#chr3:41199540-41199558(+)	CTNNB1	tf_targeting	0.24439706	0.4511714627281961
CTNNB1#chr3:41199687-41199705(-)	CTNNB1	tf_targeting	-0.26398396	0.7084417940137349
CTNNB1#chr3:41199692-41199710(-)	CTNNB1	tf_targeting	0.35742655	0.5601125610131019
CUX1#chr7:101815965-101815983(-)	CUX1	tf_targeting	-0.20643544	0.3242884735335276
CUX1#chr7:101815990-101816008(-)	CUX1	tf_targeting	-0.48497766	0.0553595275452307
CUX1#chr7:101815993-101816011(-)	CUX1	tf_targeting	-0.99614674	9.88626132592304e-07
CUX1#chr7:101816013-101816031(+)	CUX1	tf_targeting	-0.04149934	0.7129250930842008
CUX1#chr7:101816223-101816241(+)	CUX1	tf_targeting	-0.15737729	0.5191652003881253
CUX1#chr7:101816329-101816347(-)	CUX1	tf_targeting	-0.090406805	0.3006506129083973
CUX2#chr12:111033734-111033752(+)	CUX2	tf_targeting		
CUX2#chr12:111033739-111033757(+)	CUX2	tf_targeting		
CUX2#chr12:111033747-111033765(-)	CUX2	tf_targeting		
CUX2#chr12:111033816-111033834(+)	CUX2	tf_targeting		
CUX2#chr12:111034286-111034304(+)	CUX2	tf_targeting		
CUX2#chr12:111034295-111034313(-)	CUX2	tf_targeting		
CXXC1#chr18:50287456-50287474(-)	CXXC1	tf_targeting	-0.10291572	0.9117175402278326
CXXC1#chr18:50287479-50287497(-)	CXXC1	tf_targeting	-0.21704833	0.8036486842344431
CXXC1#chr18:50287509-50287527(-)	CXXC1	tf_targeting	0.080714	0.88104269189367
CXXC1#chr18:50287639-50287657(+)	CXXC1	tf_targeting	0.15437895	0.8368887576308958
CXXC1#chr18:50287651-50287669(+)	CXXC1	tf_targeting	0.3345145	0.6312942562350735
CXXC1#chr18:50287660-50287678(+)	CXXC1	tf_targeting	-0.3756046	0.6648502485437853
CXXC4#chr4:104494819-104494837(+)	CXXC4	tf_targeting		
CXXC4#chr4:104494822-104494840(+)	CXXC4	tf_targeting		
CXXC4#chr4:104494852-104494870(-)	CXXC4	tf_targeting		
CXXC4#chr4:104494857-104494875(-)	CXXC4	tf_targeting		
CXXC4#chr4:104494877-104494895(-)	CXXC4	tf_targeting		
CXXC4#chr4:104494882-104494900(+)	CXXC4	tf_targeting		
CXXC5#chr5:139648375-139648393(+)	CXXC5	tf_targeting	0.108636476	0.810732289573382
CXXC5#chr5:139648396-139648414(+)	CXXC5	tf_targeting	-0.0944714	0.3668386193113944
CXXC5#chr5:139648431-139648449(+)	CXXC5	tf_targeting	-0.6466484	0.0210885524574432
CXXC5#chr5:139648846-139648864(-)	CXXC5	tf_targeting	-0.68391156	3.2290838882908268e-06
CXXC5#chr5:139648928-139648946(-)	CXXC5	tf_targeting	-1.1359475	3.621825423258916e-05
CXXC5#chr5:139648951-139648969(+)	CXXC5	tf_targeting	-0.60376114	0.0216561077513123
DACH1#chr13:71866817-71866835(+)	DACH1	tf_targeting		
DACH1#chr13:71866882-71866900(+)	DACH1	tf_targeting		
DACH1#chr13:71866943-71866961(+)	DACH1	tf_targeting		
DACH1#chr13:71866956-71866974(+)	DACH1	tf_targeting		
DACH1#chr13:71866969-71866987(+)	DACH1	tf_targeting		
DACH1#chr13:71867030-71867048(-)	DACH1	tf_targeting		
DACH2#chrX:86148458-86148476(+)	DACH2	tf_targeting		
DACH2#chrX:86148484-86148502(+)	DACH2	tf_targeting		
DACH2#chrX:86148677-86148695(-)	DACH2	tf_targeting		
DACH2#chrX:86148702-86148720(-)	DACH2	tf_targeting		
DACH2#chrX:86148717-86148735(-)	DACH2	tf_targeting		
DACH2#chrX:86148728-86148746(-)	DACH2	tf_targeting		
DAXX#chr6:33320201-33320219(-)	DAXX	tf_targeting		
DAXX#chr6:33320384-33320402(+)	DAXX	tf_targeting		
DAXX#chr6:33320387-33320405(+)	DAXX	tf_targeting		
DAXX#chr6:33320394-33320412(-)	DAXX	tf_targeting		
DAXX#chr6:33320401-33320419(+)	DAXX	tf_targeting		
DAXX#chr6:33320435-33320453(-)	DAXX	tf_targeting		
DAXX#chr6:33322835-33322853(-)	DAXX	tf_targeting		
DAXX#chr6:33322873-33322891(-)	DAXX	tf_targeting		
DAXX#chr6:33322889-33322907(-)	DAXX	tf_targeting		
DAXX#chr6:33322895-33322913(-)	DAXX	tf_targeting		
DAXX#chr6:33322910-33322928(-)	DAXX	tf_targeting		
DAXX#chr6:33322945-33322963(+)	DAXX	tf_targeting		
DBP#chr19:48637077-48637095(+)	DBP	tf_targeting		
DBP#chr19:48637258-48637276(+)	DBP	tf_targeting		
DBP#chr19:48637295-48637313(+)	DBP	tf_targeting		
DBP#chr19:48637325-48637343(+)	DBP	tf_targeting		
DBP#chr19:48637329-48637347(+)	DBP	tf_targeting		
DBP#chr19:48637367-48637385(+)	DBP	tf_targeting		
DBX1#chr11:20160243-20160261(+)	DBX1	tf_targeting		
DBX1#chr11:20160402-20160420(-)	DBX1	tf_targeting		
DBX1#chr11:20160441-20160459(-)	DBX1	tf_targeting		
DBX1#chr11:20160453-20160471(-)	DBX1	tf_targeting		
DBX1#chr11:20160458-20160476(+)	DBX1	tf_targeting		
DBX1#chr11:20160474-20160492(-)	DBX1	tf_targeting		
DBX2#chr12:45050884-45050902(+)	DBX2	tf_targeting		
DBX2#chr12:45050940-45050958(-)	DBX2	tf_targeting		
DBX2#chr12:45051027-45051045(-)	DBX2	tf_targeting		
DBX2#chr12:45051055-45051073(+)	DBX2	tf_targeting		
DBX2#chr12:45051063-45051081(+)	DBX2	tf_targeting		
DBX2#chr12:45051072-45051090(-)	DBX2	tf_targeting		
DCP1A#chr3:53347309-53347327(-)	DCP1A	tf_targeting	-1.0347152	0.0021584475811696
DCP1A#chr3:53347372-53347390(+)	DCP1A	tf_targeting	-2.7142425	0.000284000940945
DCP1A#chr3:53347493-53347511(-)	DCP1A	tf_targeting	-1.8941202	0.0001140352358448
DCP1A#chr3:53347497-53347515(-)	DCP1A	tf_targeting	-1.256921	0.0035847147717769
DCP1A#chr3:53347514-53347532(-)	DCP1A	tf_targeting	-1.2216662	0.0474087822207881
DCP1A#chr3:53347517-53347535(-)	DCP1A	tf_targeting	-1.6742603	6.332589389326402e-05
DDB1#chr11:61313506-61313524(+)	DDB1	tf_targeting	-0.050833937	0.6445569726150755
DDB1#chr11:61313585-61313603(+)	DDB1	tf_targeting	-0.16333216	0.2699967535667545
DDB1#chr11:61313640-61313658(+)	DDB1	tf_targeting	-0.21022351	0.1361019971844876
DDB1#chr11:61313644-61313662(+)	DDB1	tf_targeting	-0.060772665	0.7704277446433085
DDB1#chr11:61313676-61313694(-)	DDB1	tf_targeting	-0.3211826	0.1560973739010847
DDB1#chr11:61313905-61313923(+)	DDB1	tf_targeting	-0.15652324	0.0477424954631403
DDB1#chr11:61332691-61332709(+)	DDB1	tf_targeting	-1.0290259	0.0372097005694528
DDB1#chr11:61332786-61332804(-)	DDB1	tf_targeting	-0.97174335	0.2102129961720577
DDB1#chr11:61332795-61332813(-)	DDB1	tf_targeting	-0.5558327	0.1778696506091719
DDB1#chr11:61332998-61333016(+)	DDB1	tf_targeting	-0.766112	0.13826631682947
DDB1#chr11:61333087-61333105(-)	DDB1	tf_targeting	0.12620123	0.7444771635218663
DDB1#chr11:61333152-61333170(-)	DDB1	tf_targeting	-0.7181453	0.4134804524063041
DDB2#chr11:47215068-47215086(-)	DDB2	tf_targeting	-1.4624177	0.095404332724906
DDB2#chr11:47215089-47215107(-)	DDB2	tf_targeting	-1.3701049	0.0162667491436331
DDB2#chr11:47215093-47215111(-)	DDB2	tf_targeting	-2.2096155	0.0581598122309276
DDB2#chr11:47215110-47215128(+)	DDB2	tf_targeting	-1.6455665	0.0053062523201419
DDB2#chr11:47215119-47215137(+)	DDB2	tf_targeting	-2.8205018	0.0019540046998771
DDB2#chr11:47215264-47215282(-)	DDB2	tf_targeting	-0.97622836	0.0491749492977983
DDIT3#chr12:57520012-57520030(+)	DDIT3	tf_targeting	-1.4956105	0.1100894818502284
DDIT3#chr12:57520109-57520127(+)	DDIT3	tf_targeting	-2.009462	0.0232558407401182
DDIT3#chr12:57520300-57520318(-)	DDIT3	tf_targeting	-0.46874577	0.0593865730377949
DDIT3#chr12:57520306-57520324(-)	DDIT3	tf_targeting	-1.4469045	0.0137885670088968
DDIT3#chr12:57520313-57520331(+)	DDIT3	tf_targeting	-1.8039329	0.0044098578170771
DDIT3#chr12:57520427-57520445(-)	DDIT3	tf_targeting	-1.9187605	0.0063256225063462
DEAF1#chr11:695016-695034(-)	DEAF1	tf_targeting	-2.2579741	0.0489708649627407
DEAF1#chr11:695038-695056(-)	DEAF1	tf_targeting	-0.7353665	0.1676074596173314
DEAF1#chr11:695044-695062(-)	DEAF1	tf_targeting	-0.28664368	0.7523195939773405
DEAF1#chr11:695047-695065(-)	DEAF1	tf_targeting	-1.8147843	0.0044902485585228
DEAF1#chr11:695058-695076(-)	DEAF1	tf_targeting	-0.45831275	0.5907305603578944
DEAF1#chr11:695232-695250(+)	DEAF1	tf_targeting	-0.7544093	0.0404238020156939
DEK#chr6:18264115-18264133(-)	DEK	tf_targeting	-4.3003674	3.186000028511284e-07
DEK#chr6:18264331-18264349(-)	DEK	tf_targeting	-2.3963184	4.345495494466659e-10
DEK#chr6:18264417-18264435(+)	DEK	tf_targeting	0.18229036	0.8227689983851373
DEK#chr6:18264460-18264478(-)	DEK	tf_targeting	-1.8180939	9.213557073337486e-18
DEK#chr6:18264466-18264484(+)	DEK	tf_targeting	-1.6193707	2.251888814913048e-06
DEK#chr6:18264480-18264498(-)	DEK	tf_targeting	-2.2302237	7.493639565278885e-06
DENND4A#chr15:65791857-65791875(-)	DENND4A	tf_targeting		
DENND4A#chr15:65792035-65792053(+)	DENND4A	tf_targeting		
DENND4A#chr15:65792063-65792081(+)	DENND4A	tf_targeting		
DENND4A#chr15:65792074-65792092(+)	DENND4A	tf_targeting		
DENND4A#chr15:65792238-65792256(-)	DENND4A	tf_targeting		
DENND4A#chr15:65792250-65792268(-)	DENND4A	tf_targeting		
DHX9#chr1:182839339-182839357(-)	DHX9	tf_targeting	0.18869758	0.5508292077791512
DHX9#chr1:182839351-182839369(-)	DHX9	tf_targeting	-1.0682454	0.2327633869369581
DHX9#chr1:182839368-182839386(-)	DHX9	tf_targeting	0.16784447	0.8100880401471212
DHX9#chr1:182839744-182839762(+)	DHX9	tf_targeting	-1.4960948	0.0911912890382522
DHX9#chr1:182839757-182839775(+)	DHX9	tf_targeting	0.2551668	0.0964025088096245
DHX9#chr1:182839803-182839821(-)	DHX9	tf_targeting	-0.18946183	0.3548825682338099
DLX1#chr2:172084789-172084807(+)	DLX1	tf_targeting		
DLX1#chr2:172084794-172084812(+)	DLX1	tf_targeting		
DLX1#chr2:172084831-172084849(+)	DLX1	tf_targeting		
DLX1#chr2:172084998-172085016(-)	DLX1	tf_targeting		
DLX1#chr2:172085080-172085098(+)	DLX1	tf_targeting		
DLX1#chr2:172085188-172085206(-)	DLX1	tf_targeting		
DLX2#chr2:172102174-172102192(+)	DLX2	tf_targeting		
DLX2#chr2:172102474-172102492(+)	DLX2	tf_targeting		
DLX2#chr2:172102600-172102618(-)	DLX2	tf_targeting		
DLX2#chr2:172102690-172102708(-)	DLX2	tf_targeting		
DLX2#chr2:172102735-172102753(-)	DLX2	tf_targeting		
DLX2#chr2:172102865-172102883(+)	DLX2	tf_targeting		
DLX3#chr17:49994942-49994960(+)	DLX3	tf_targeting		
DLX3#chr17:49994994-49995012(-)	DLX3	tf_targeting		
DLX3#chr17:49995018-49995036(-)	DLX3	tf_targeting		
DLX3#chr17:49995051-49995069(+)	DLX3	tf_targeting		
DLX3#chr17:49995173-49995191(-)	DLX3	tf_targeting		
DLX3#chr17:49995194-49995212(-)	DLX3	tf_targeting		
DLX4#chr17:49968574-49968592(+)	DLX4	tf_targeting		
DLX4#chr17:49968577-49968595(+)	DLX4	tf_targeting		
DLX4#chr17:49968580-49968598(+)	DLX4	tf_targeting		
DLX4#chr17:49968602-49968620(+)	DLX4	tf_targeting		
DLX4#chr17:49968807-49968825(-)	DLX4	tf_targeting		
DLX4#chr17:49969196-49969214(+)	DLX4	tf_targeting		
DLX5#chr7:97024545-97024563(+)	DLX5	tf_targeting		
DLX5#chr7:97024679-97024697(-)	DLX5	tf_targeting		
DLX5#chr7:97024711-97024729(+)	DLX5	tf_targeting		
DLX5#chr7:97024797-97024815(+)	DLX5	tf_targeting		
DLX5#chr7:97024818-97024836(-)	DLX5	tf_targeting		
DLX5#chr7:97024822-97024840(-)	DLX5	tf_targeting		
DLX6#chr7:97005732-97005750(-)	DLX6	tf_targeting		
DLX6#chr7:97005871-97005889(+)	DLX6	tf_targeting		
DLX6#chr7:97005904-97005922(+)	DLX6	tf_targeting		
DLX6#chr7:97006187-97006205(-)	DLX6	tf_targeting		
DLX6#chr7:97006324-97006342(-)	DLX6	tf_targeting		
DLX6#chr7:97006328-97006346(-)	DLX6	tf_targeting		
DMAP1#chr1:44213473-44213491(+)	DMAP1	tf_targeting	-0.07462466	0.8623085053321624
DMAP1#chr1:44213512-44213530(+)	DMAP1	tf_targeting	0.1710102	0.8487385185255995
DMAP1#chr1:44213521-44213539(-)	DMAP1	tf_targeting	-0.59736687	0.527417545014963
DMAP1#chr1:44213562-44213580(+)	DMAP1	tf_targeting	0.1268777	0.8839205543202764
DMAP1#chr1:44213719-44213737(-)	DMAP1	tf_targeting	0.057210952	0.9532200644060392
DMAP1#chr1:44213847-44213865(+)	DMAP1	tf_targeting	0.23646016	0.7404549752432767
DMBX1#chr1:46506659-46506677(+)	DMBX1	tf_targeting		
DMBX1#chr1:46506826-46506844(+)	DMBX1	tf_targeting		
DMBX1#chr1:46506837-46506855(+)	DMBX1	tf_targeting		
DMBX1#chr1:46506873-46506891(-)	DMBX1	tf_targeting		
DMBX1#chr1:46506980-46506998(-)	DMBX1	tf_targeting		
DMBX1#chr1:46507156-46507174(+)	DMBX1	tf_targeting		
DMRT1#chr9:841745-841763(-)	DMRT1	tf_targeting		
DMRT1#chr9:841748-841766(-)	DMRT1	tf_targeting		
DMRT1#chr9:841751-841769(-)	DMRT1	tf_targeting		
DMRT1#chr9:841766-841784(-)	DMRT1	tf_targeting		
DMRT1#chr9:841779-841797(-)	DMRT1	tf_targeting		
DMRT1#chr9:841938-841956(+)	DMRT1	tf_targeting		
DMRT2#chr9:1050312-1050330(+)	DMRT2	tf_targeting		
DMRT2#chr9:1050392-1050410(-)	DMRT2	tf_targeting		
DMRT2#chr9:1050395-1050413(-)	DMRT2	tf_targeting		
DMRT2#chr9:1050404-1050422(-)	DMRT2	tf_targeting		
DMRT2#chr9:1050431-1050449(-)	DMRT2	tf_targeting		
DMRT2#chr9:1050606-1050624(-)	DMRT2	tf_targeting		
DMRT3#chr9:976710-976728(+)	DMRT3	tf_targeting		
DMRT3#chr9:976720-976738(-)	DMRT3	tf_targeting		
DMRT3#chr9:976723-976741(-)	DMRT3	tf_targeting		
DMRT3#chr9:976740-976758(-)	DMRT3	tf_targeting		
DMRT3#chr9:976858-976876(+)	DMRT3	tf_targeting		
DMRT3#chr9:976873-976891(+)	DMRT3	tf_targeting		
DMRTA1#chr9:22447064-22447082(+)	DMRTA1	tf_targeting		
DMRTA1#chr9:22447448-22447466(-)	DMRTA1	tf_targeting		
DMRTA1#chr9:22447453-22447471(+)	DMRTA1	tf_targeting		
DMRTA1#chr9:22447507-22447525(+)	DMRTA1	tf_targeting		
DMRTA1#chr9:22447518-22447536(+)	DMRTA1	tf_targeting		
DMRTA1#chr9:22447545-22447563(-)	DMRTA1	tf_targeting		
DMRTA2#chr1:50423378-50423396(-)	DMRTA2	tf_targeting		
DMRTA2#chr1:50423404-50423422(+)	DMRTA2	tf_targeting		
DMRTA2#chr1:50423416-50423434(-)	DMRTA2	tf_targeting		
DMRTA2#chr1:50423434-50423452(-)	DMRTA2	tf_targeting		
DMRTA2#chr1:50423450-50423468(-)	DMRTA2	tf_targeting		
DMRTA2#chr1:50423457-50423475(-)	DMRTA2	tf_targeting		
DMRTB1#chr1:53459882-53459900(-)	DMRTB1	tf_targeting		
DMRTB1#chr1:53459905-53459923(-)	DMRTB1	tf_targeting		
DMRTB1#chr1:53459908-53459926(-)	DMRTB1	tf_targeting		
DMRTB1#chr1:53459919-53459937(-)	DMRTB1	tf_targeting		
DMRTB1#chr1:53459934-53459952(-)	DMRTB1	tf_targeting		
DMRTB1#chr1:53460075-53460093(+)	DMRTB1	tf_targeting		
DMRTC2#chr19:41845109-41845127(-)	DMRTC2	tf_targeting		
DMRTC2#chr19:41845155-41845173(-)	DMRTC2	tf_targeting		
DMRTC2#chr19:41845235-41845253(-)	DMRTC2	tf_targeting		
DMRTC2#chr19:41845245-41845263(-)	DMRTC2	tf_targeting		
DMRTC2#chr19:41845276-41845294(-)	DMRTC2	tf_targeting		
DMRTC2#chr19:41845439-41845457(+)	DMRTC2	tf_targeting		
DMTF1#chr7:87152460-87152478(+)	DMTF1	tf_targeting	-2.0950425	9.970576806150926e-06
DMTF1#chr7:87152469-87152487(-)	DMTF1	tf_targeting	-0.90565383	0.1117666191255703
DMTF1#chr7:87152522-87152540(-)	DMTF1	tf_targeting	-0.54811805	0.2364811571491724
DMTF1#chr7:87152639-87152657(-)	DMTF1	tf_targeting	-1.3049065	0.0429361512083095
DMTF1#chr7:87152817-87152835(+)	DMTF1	tf_targeting	-1.7314365	0.0001572203608376
DMTF1#chr7:87152871-87152889(+)	DMTF1	tf_targeting	0.031605877	0.7782231810723832
DNAJC1#chr10:22003461-22003479(-)	DNAJC1	tf_targeting	-0.62973386	1.3139201335630566e-10
DNAJC1#chr10:22003601-22003619(+)	DNAJC1	tf_targeting	-1.2461265	3.8850089084519553e-19
DNAJC1#chr10:22003604-22003622(+)	DNAJC1	tf_targeting	-1.3045027	3.570258277620265e-05
DNAJC1#chr10:22003679-22003697(-)	DNAJC1	tf_targeting	-1.7252295	6.827258332843931e-07
DNAJC1#chr10:22003682-22003700(+)	DNAJC1	tf_targeting	-0.7183895	0.0021724433267066
DNAJC1#chr10:22003692-22003710(+)	DNAJC1	tf_targeting	-1.4210848	1.4956793616483416e-05
DNAJC2#chr7:103344313-103344331(+)	DNAJC2	tf_targeting	0.047427643	0.9597003958145311
DNAJC2#chr7:103344452-103344470(+)	DNAJC2	tf_targeting	0.21042131	0.8132200212622235
DNAJC2#chr7:103344526-103344544(+)	DNAJC2	tf_targeting	-0.49715683	0.5776784648209545
DNAJC2#chr7:103344725-103344743(-)	DNAJC2	tf_targeting	0.12634899	0.8969583913132314
DNAJC2#chr7:103344728-103344746(+)	DNAJC2	tf_targeting	-0.18849045	0.8315604838955459
DNAJC2#chr7:103344779-103344797(+)	DNAJC2	tf_targeting	0.07407584	0.8962564244310951
DNAJC21#chr5:34929559-34929577(-)	DNAJC21	tf_targeting	-0.4136263	0.0005058196105477
DNAJC21#chr5:34929609-34929627(-)	DNAJC21	tf_targeting	-2.2432075	3.739889881147104e-05
DNAJC21#chr5:34929631-34929649(-)	DNAJC21	tf_targeting	-0.6865734	0.015379671849312
DNAJC21#chr5:34929641-34929659(-)	DNAJC21	tf_targeting	-0.921435	0.0306295358560871
DNAJC21#chr5:34929915-34929933(-)	DNAJC21	tf_targeting	-1.0475336	0.0555972134285967
DNAJC21#chr5:34930029-34930047(-)	DNAJC21	tf_targeting	-0.05467797	0.9523327703327767
DNMT1#chr19:10194838-10194856(+)	DNMT1	tf_targeting	-0.17635302	0.8272493698761075
DNMT1#chr19:10194848-10194866(+)	DNMT1	tf_targeting	-0.4451304	0.3113754938975002
DNMT1#chr19:10194883-10194901(+)	DNMT1	tf_targeting	0.7915603	0.2881602332072699
DNMT1#chr19:10194886-10194904(+)	DNMT1	tf_targeting	-0.23002145	0.7921472562216764
DNMT1#chr19:10194901-10194919(+)	DNMT1	tf_targeting	0.06270075	0.9444472344649396
DNMT1#chr19:10194904-10194922(+)	DNMT1	tf_targeting	0.51775336	0.3058650525000978
DNTTIP1#chr20:45791972-45791990(+)	DNTTIP1	tf_targeting	-1.967929	0.0009813268906572
DNTTIP1#chr20:45791997-45792015(+)	DNTTIP1	tf_targeting	-0.8250037	0.0020629931873598
DNTTIP1#chr20:45792006-45792024(-)	DNTTIP1	tf_targeting	-1.1301216	0.056241283067059
DNTTIP1#chr20:45792035-45792053(-)	DNTTIP1	tf_targeting	-1.3212663	0.0313057421588605
DNTTIP1#chr20:45792039-45792057(+)	DNTTIP1	tf_targeting	-0.23706877	0.7558550459561624
DNTTIP1#chr20:45792448-45792466(-)	DNTTIP1	tf_targeting	-2.0380445	0.0200835349127206
DOT1L#chr19:2163942-2163960(+)	DOT1L	tf_targeting	-0.3099851	0.5987458155400736
DOT1L#chr19:2163945-2163963(+)	DOT1L	tf_targeting	-0.6222955	0.4758411408351777
DOT1L#chr19:2164168-2164186(+)	DOT1L	tf_targeting	-0.44545174	0.3465205843007227
DOT1L#chr19:2164317-2164335(-)	DOT1L	tf_targeting	0.37861606	0.5708259376148619
DOT1L#chr19:2164382-2164400(-)	DOT1L	tf_targeting	-1.1493279	0.1883716977395395
DOT1L#chr19:2164408-2164426(-)	DOT1L	tf_targeting	-0.6515027	0.1232078850912237
DPF1#chr19:38224100-38224118(+)	DPF1	tf_targeting		
DPF1#chr19:38224107-38224125(+)	DPF1	tf_targeting		
DPF1#chr19:38224117-38224135(+)	DPF1	tf_targeting		
DPF1#chr19:38224126-38224144(-)	DPF1	tf_targeting		
DPF1#chr19:38224142-38224160(-)	DPF1	tf_targeting		
DPF1#chr19:38224181-38224199(-)	DPF1	tf_targeting		
DPF1#chr19:38229237-38229255(+)	DPF1	tf_targeting		
DPF1#chr19:38229277-38229295(-)	DPF1	tf_targeting		
DPF1#chr19:38229559-38229577(+)	DPF1	tf_targeting		
DPF1#chr19:38229565-38229583(+)	DPF1	tf_targeting		
DPF1#chr19:38229677-38229695(-)	DPF1	tf_targeting		
DPF1#chr19:38229686-38229704(+)	DPF1	tf_targeting		
DPF2#chr11:65333834-65333852(+)	DPF2	tf_targeting	-1.9387698	0.0294589079050826
DPF2#chr11:65333855-65333873(+)	DPF2	tf_targeting	-0.31123996	0.6955818458822096
DPF2#chr11:65334029-65334047(+)	DPF2	tf_targeting	-1.8169531	0.0365468231308256
DPF2#chr11:65334094-65334112(+)	DPF2	tf_targeting	-0.60330987	0.4731986513750623
DPF2#chr11:65334228-65334246(-)	DPF2	tf_targeting	-1.4630387	0.1382821680204007
DPF2#chr11:65334271-65334289(+)	DPF2	tf_targeting	-0.13341327	0.7983832369492296
DPF2#chr11:65341437-65341455(+)	DPF2	tf_targeting	0.098250374	0.7396328298585222
DPF2#chr11:65341526-65341544(-)	DPF2	tf_targeting	0.11868193	0.7182557005766921
DPF2#chr11:65341539-65341557(-)	DPF2	tf_targeting	0.03165393	0.8418747708315469
DPF2#chr11:65341611-65341629(-)	DPF2	tf_targeting	0.17856792	0.6590326264769474
DPF2#chr11:65341677-65341695(-)	DPF2	tf_targeting	0.21234578	0.2892428526032156
DPF2#chr11:65341704-65341722(-)	DPF2	tf_targeting	-0.28097638	0.3841377138699035
DPF3#chr14:72893624-72893642(+)	DPF3	tf_targeting	-0.3851502	2.2050824797980515e-06
DPF3#chr14:72893755-72893773(-)	DPF3	tf_targeting	-0.008659473	0.9580892998230014
DPF3#chr14:72893873-72893891(-)	DPF3	tf_targeting	-1.5986639	7.385519231420908e-15
DPF3#chr14:72893926-72893944(+)	DPF3	tf_targeting	-2.0737495	6.624579671150856e-05
DPF3#chr14:72894046-72894064(+)	DPF3	tf_targeting	-0.80919623	2.044197990515089e-07
DPF3#chr14:72894088-72894106(-)	DPF3	tf_targeting	-0.09780295	0.5330566100868281
DPRX#chr19:53632066-53632084(+)	DPRX	tf_targeting		
DPRX#chr19:53632072-53632090(-)	DPRX	tf_targeting		
DPRX#chr19:53632079-53632097(-)	DPRX	tf_targeting		
DPRX#chr19:53632228-53632246(+)	DPRX	tf_targeting		
DPRX#chr19:53632231-53632249(+)	DPRX	tf_targeting		
DPRX#chr19:53632244-53632262(-)	DPRX	tf_targeting		
DR1#chr1:93345941-93345959(-)	DR1	tf_targeting	0.028839156	0.975088963174138
DR1#chr1:93345972-93345990(-)	DR1	tf_targeting	0.010996885	0.9876788461406524
DR1#chr1:93345987-93346005(-)	DR1	tf_targeting	-0.2491905	0.7557348564089376
DR1#chr1:93346146-93346164(+)	DR1	tf_targeting	0.09331045	0.9156982040612192
DR1#chr1:93346284-93346302(-)	DR1	tf_targeting	-0.11364499	0.8819016718330946
DR1#chr1:93346298-93346316(-)	DR1	tf_targeting	-0.06007716	0.9495448048470077
DRAP1#chr11:65919262-65919280(+)	DRAP1	tf_targeting	0.060011894	0.5419603581013921
DRAP1#chr11:65919295-65919313(+)	DRAP1	tf_targeting	-0.020438204	0.8708415467593131
DRAP1#chr11:65919403-65919421(+)	DRAP1	tf_targeting	-1.1659117	1.849623331975807e-15
DRAP1#chr11:65919407-65919425(+)	DRAP1	tf_targeting	-0.7415038	1.9525968506031897e-12
DRAP1#chr11:65919464-65919482(+)	DRAP1	tf_targeting	-1.4405048	2.442156290209227e-15
DRAP1#chr11:65919473-65919491(+)	DRAP1	tf_targeting	-1.7840959	2.5633617023064687e-10
DRGX#chr10:49395565-49395583(+)	DRGX	tf_targeting		
DRGX#chr10:49395671-49395689(+)	DRGX	tf_targeting		
DRGX#chr10:49395918-49395936(+)	DRGX	tf_targeting		
DRGX#chr10:49395976-49395994(-)	DRGX	tf_targeting		
DRGX#chr10:49396035-49396053(+)	DRGX	tf_targeting		
DRGX#chr10:49396066-49396084(-)	DRGX	tf_targeting		
DUXA#chr19:57167103-57167121(-)	DUXA	tf_targeting		
DUXA#chr19:57167337-57167355(+)	DUXA	tf_targeting		
DUXA#chr19:57167354-57167372(-)	DUXA	tf_targeting		
DUXA#chr19:57167387-57167405(-)	DUXA	tf_targeting		
DUXA#chr19:57167390-57167408(+)	DUXA	tf_targeting		
DUXA#chr19:57167409-57167427(+)	DUXA	tf_targeting		
DZIP1#chr13:95643045-95643063(-)	DZIP1	tf_targeting	-1.5782757	0.0116388137220498
DZIP1#chr13:95644488-95644506(+)	DZIP1	tf_targeting	-0.72272784	0.3611258814685576
DZIP1#chr13:95644660-95644678(-)	DZIP1	tf_targeting	-1.7234485	0.0092063920151522
DZIP1#chr13:95644665-95644683(-)	DZIP1	tf_targeting	-0.056932196	0.9534222537017472
DZIP1#chr13:95644682-95644700(-)	DZIP1	tf_targeting	-0.5743405	0.2432448586867051
DZIP1#chr13:95644695-95644713(+)	DZIP1	tf_targeting	-2.0910246	0.0003283514050057
E2F1#chr20:33685928-33685946(+)	E2F1	tf_targeting		
E2F1#chr20:33685992-33686010(-)	E2F1	tf_targeting		
E2F1#chr20:33686282-33686300(+)	E2F1	tf_targeting		
E2F1#chr20:33686320-33686338(+)	E2F1	tf_targeting		
E2F1#chr20:33686333-33686351(-)	E2F1	tf_targeting		
E2F1#chr20:33686366-33686384(+)	E2F1	tf_targeting		
E2F2#chr1:23531127-23531145(+)	E2F2	tf_targeting		
E2F2#chr1:23531150-23531168(+)	E2F2	tf_targeting		
E2F2#chr1:23531153-23531171(+)	E2F2	tf_targeting		
E2F2#chr1:23531183-23531201(+)	E2F2	tf_targeting		
E2F2#chr1:23531193-23531211(-)	E2F2	tf_targeting		
E2F2#chr1:23531200-23531218(-)	E2F2	tf_targeting		
E2F3#chr6:20401910-20401928(-)	E2F3	tf_targeting	-0.08855249	0.5198758814079141
E2F3#chr6:20401917-20401935(+)	E2F3	tf_targeting	-0.19065477	0.5215667370239763
E2F3#chr6:20401951-20401969(-)	E2F3	tf_targeting	0.46492505	0.0565744736862129
E2F3#chr6:20401954-20401972(-)	E2F3	tf_targeting	0.5010715	0.0632984370378885
E2F3#chr6:20401963-20401981(-)	E2F3	tf_targeting	0.10666827	0.5805381764832294
E2F3#chr6:20401978-20401996(-)	E2F3	tf_targeting	-0.0017913143	0.9956448841016357
E2F3#chr6:20403635-20403653(+)	E2F3	tf_targeting	-1.5394403	0.0224309888780665
E2F3#chr6:20403644-20403662(-)	E2F3	tf_targeting	-0.35475126	0.1832042002452363
E2F3#chr6:20403740-20403758(-)	E2F3	tf_targeting	-2.786157	2.9758005763837787e-06
E2F3#chr6:20403743-20403761(-)	E2F3	tf_targeting	-1.8804786	0.0079488873961048
E2F3#chr6:20403791-20403809(-)	E2F3	tf_targeting	0.03863376	0.9329422938858548
E2F3#chr6:20403836-20403854(+)	E2F3	tf_targeting	-0.60151905	0.3696289761917437
E2F4#chr16:67192147-67192165(+)	E2F4	tf_targeting	-0.20727515	0.6261609797019245
E2F4#chr16:67192257-67192275(+)	E2F4	tf_targeting	-0.87908083	0.1374144319155983
E2F4#chr16:67192370-67192388(+)	E2F4	tf_targeting	-0.06609065	0.9394656069540848
E2F4#chr16:67192414-67192432(+)	E2F4	tf_targeting	-0.6689427	0.3636458961330359
E2F4#chr16:67192612-67192630(-)	E2F4	tf_targeting	-1.4890162	0.0282885172580151
E2F4#chr16:67192644-67192662(+)	E2F4	tf_targeting	-1.1563007	0.1039406362213839
E2F5#chr8:85177154-85177172(-)	E2F5	tf_targeting	-1.3523303	0.0044015551838124
E2F5#chr8:85177170-85177188(+)	E2F5	tf_targeting	-0.044713926	0.794495019661247
E2F5#chr8:85177178-85177196(-)	E2F5	tf_targeting	-1.4394158	0.0365711606667693
E2F5#chr8:85177182-85177200(-)	E2F5	tf_targeting	-1.2817616	0.1031425178208119
E2F5#chr8:85177191-85177209(+)	E2F5	tf_targeting	-1.006598	0.0552199194873424
E2F5#chr8:85177195-85177213(-)	E2F5	tf_targeting	-2.2740443	0.0050907470007728
E2F6#chr2:11465667-11465685(+)	E2F6	tf_targeting		
E2F6#chr2:11465759-11465777(-)	E2F6	tf_targeting		
E2F6#chr2:11465819-11465837(-)	E2F6	tf_targeting		
E2F6#chr2:11466080-11466098(+)	E2F6	tf_targeting		
E2F6#chr2:11466083-11466101(+)	E2F6	tf_targeting		
E2F6#chr2:11466166-11466184(-)	E2F6	tf_targeting		
E2F7#chr12:77065471-77065489(+)	E2F7	tf_targeting		
E2F7#chr12:77065518-77065536(+)	E2F7	tf_targeting		
E2F7#chr12:77065527-77065545(-)	E2F7	tf_targeting		
E2F7#chr12:77065543-77065561(-)	E2F7	tf_targeting		
E2F7#chr12:77065555-77065573(-)	E2F7	tf_targeting		
E2F7#chr12:77065559-77065577(-)	E2F7	tf_targeting		
E2F8#chr11:19241177-19241195(-)	E2F8	tf_targeting		
E2F8#chr11:19241205-19241223(+)	E2F8	tf_targeting		
E2F8#chr11:19241369-19241387(-)	E2F8	tf_targeting		
E2F8#chr11:19241390-19241408(-)	E2F8	tf_targeting		
E2F8#chr11:19241404-19241422(+)	E2F8	tf_targeting		
E2F8#chr11:19241549-19241567(-)	E2F8	tf_targeting		
E4F1#chr16:2223600-2223618(+)	E4F1	tf_targeting		
E4F1#chr16:2223608-2223626(+)	E4F1	tf_targeting		
E4F1#chr16:2223623-2223641(+)	E4F1	tf_targeting		
E4F1#chr16:2223635-2223653(+)	E4F1	tf_targeting		
E4F1#chr16:2223648-2223666(-)	E4F1	tf_targeting		
E4F1#chr16:2223944-2223962(-)	E4F1	tf_targeting		
EBF1#chr5:159099155-159099173(+)	EBF1	tf_targeting		
EBF1#chr5:159099343-159099361(-)	EBF1	tf_targeting		
EBF1#chr5:159099837-159099855(+)	EBF1	tf_targeting		
EBF1#chr5:159099840-159099858(+)	EBF1	tf_targeting		
EBF1#chr5:159099872-159099890(+)	EBF1	tf_targeting		
EBF1#chr5:159099899-159099917(-)	EBF1	tf_targeting		
EBF2#chr8:26045114-26045132(-)	EBF2	tf_targeting		
EBF2#chr8:26045318-26045336(+)	EBF2	tf_targeting		
EBF2#chr8:26045342-26045360(+)	EBF2	tf_targeting		
EBF2#chr8:26045379-26045397(+)	EBF2	tf_targeting		
EBF2#chr8:26045388-26045406(+)	EBF2	tf_targeting		
EBF2#chr8:26045392-26045410(-)	EBF2	tf_targeting		
EBF3#chr10:129963920-129963938(+)	EBF3	tf_targeting		
EBF3#chr10:129964158-129964176(+)	EBF3	tf_targeting		
EBF3#chr10:129964170-129964188(+)	EBF3	tf_targeting		
EBF3#chr10:129964213-129964231(+)	EBF3	tf_targeting		
EBF3#chr10:129964259-129964277(-)	EBF3	tf_targeting		
EBF3#chr10:129964267-129964285(-)	EBF3	tf_targeting		
EBF4#chr20:2692766-2692784(+)	EBF4	tf_targeting		
EBF4#chr20:2692779-2692797(-)	EBF4	tf_targeting		
EBF4#chr20:2692782-2692800(+)	EBF4	tf_targeting		
EBF4#chr20:2692945-2692963(+)	EBF4	tf_targeting		
EBF4#chr20:2692956-2692974(+)	EBF4	tf_targeting		
EBF4#chr20:2693141-2693159(-)	EBF4	tf_targeting		
EEA1#chr12:92929090-92929108(-)	EEA1	tf_targeting	-2.7401571	0.0011282883229424
EEA1#chr12:92929093-92929111(-)	EEA1	tf_targeting	-2.3715916	4.776244786013783e-07
EEA1#chr12:92929213-92929231(+)	EEA1	tf_targeting	-1.6412663	3.9242078361124855e-10
EEA1#chr12:92929220-92929238(-)	EEA1	tf_targeting	-1.685009	2.069203634029516e-05
EEA1#chr12:92929224-92929242(+)	EEA1	tf_targeting	-2.1740763	4.078801885666641e-06
EEA1#chr12:92929256-92929274(+)	EEA1	tf_targeting	-1.2899833	0.0005230910155727
EGR1#chr5:138465451-138465469(+)	EGR1	tf_targeting	-0.12904881	0.8024794389977721
EGR1#chr5:138465484-138465502(+)	EGR1	tf_targeting	-0.4841868	0.3828063886695553
EGR1#chr5:138465518-138465536(-)	EGR1	tf_targeting	-0.39947897	0.4433275097983592
EGR1#chr5:138465843-138465861(-)	EGR1	tf_targeting	-0.7415572	0.1761971838905525
EGR1#chr5:138465901-138465919(-)	EGR1	tf_targeting	0.5846027	0.4375461710630048
EGR1#chr5:138465925-138465943(-)	EGR1	tf_targeting	-1.2260854	0.0495062643970968
EGR1#chr5:138468856-138468874(-)	EGR1	tf_targeting	-0.8040829	0.1391983093298524
EGR1#chr5:138468859-138468877(+)	EGR1	tf_targeting	0.32503295	0.2284469544739161
EGR1#chr5:138468872-138468890(-)	EGR1	tf_targeting	-0.31189606	0.5535097778132058
EGR1#chr5:138468910-138468928(+)	EGR1	tf_targeting	0.023150286	0.9622473021949622
EGR1#chr5:138468923-138468941(-)	EGR1	tf_targeting	-0.032114387	0.92064526512273
EGR1#chr5:138468931-138468949(+)	EGR1	tf_targeting	-0.2065554	0.5983355261933863
EGR2#chr10:62815914-62815932(+)	EGR2	tf_targeting		
EGR2#chr10:62815931-62815949(+)	EGR2	tf_targeting		
EGR2#chr10:62815948-62815966(-)	EGR2	tf_targeting		
EGR2#chr10:62816056-62816074(-)	EGR2	tf_targeting		
EGR2#chr10:62816261-62816279(-)	EGR2	tf_targeting		
EGR2#chr10:62816288-62816306(-)	EGR2	tf_targeting		
EGR3#chr8:22692940-22692958(-)	EGR3	tf_targeting		
EGR3#chr8:22692993-22693011(-)	EGR3	tf_targeting		
EGR3#chr8:22693013-22693031(+)	EGR3	tf_targeting		
EGR3#chr8:22693023-22693041(+)	EGR3	tf_targeting		
EGR3#chr8:22693441-22693459(-)	EGR3	tf_targeting		
EGR3#chr8:22693446-22693464(-)	EGR3	tf_targeting		
EGR4#chr2:73293148-73293166(-)	EGR4	tf_targeting		
EGR4#chr2:73293165-73293183(-)	EGR4	tf_targeting		
EGR4#chr2:73293247-73293265(+)	EGR4	tf_targeting		
EGR4#chr2:73293303-73293321(+)	EGR4	tf_targeting		
EGR4#chr2:73293453-73293471(+)	EGR4	tf_targeting		
EGR4#chr2:73293528-73293546(-)	EGR4	tf_targeting		
EHF#chr11:34621107-34621125(+)	EHF	tf_targeting		
EHF#chr11:34621125-34621143(-)	EHF	tf_targeting		
EHF#chr11:34621134-34621152(-)	EHF	tf_targeting		
EHF#chr11:34621140-34621158(-)	EHF	tf_targeting		
EHF#chr11:34621173-34621191(-)	EHF	tf_targeting		
EHF#chr11:34621489-34621507(-)	EHF	tf_targeting		
ELF1#chr13:41018921-41018939(-)	ELF1	tf_targeting	-0.2606702	0.1723572288956316
ELF1#chr13:41019068-41019086(-)	ELF1	tf_targeting	-0.20094849	0.3469435365324408
ELF1#chr13:41019167-41019185(-)	ELF1	tf_targeting	-0.20337172	0.414782712827724
ELF1#chr13:41019230-41019248(-)	ELF1	tf_targeting	-0.20138381	0.3598032040203178
ELF1#chr13:41019282-41019300(-)	ELF1	tf_targeting	0.043255173	0.9359389851512252
ELF1#chr13:41019299-41019317(+)	ELF1	tf_targeting	0.18118213	0.4567976789329446
ELF2#chr4:139177160-139177178(+)	ELF2	tf_targeting	-0.1711794	0.3312885886681319
ELF2#chr4:139177166-139177184(+)	ELF2	tf_targeting	-0.68935585	0.0029633280049072
ELF2#chr4:139177169-139177187(+)	ELF2	tf_targeting	-1.0898802	0.0004753279405958
ELF2#chr4:139177176-139177194(-)	ELF2	tf_targeting	-0.57777745	2.0410077110151925e-05
ELF2#chr4:139177179-139177197(-)	ELF2	tf_targeting	-0.2423502	0.1184458604068535
ELF2#chr4:139177184-139177202(+)	ELF2	tf_targeting	-0.35420707	0.1599772700070771
ELF3#chr1:202010633-202010651(-)	ELF3	tf_targeting		
ELF3#chr1:202010686-202010704(-)	ELF3	tf_targeting		
ELF3#chr1:202010699-202010717(-)	ELF3	tf_targeting		
ELF3#chr1:202010702-202010720(-)	ELF3	tf_targeting		
ELF3#chr1:202010707-202010725(-)	ELF3	tf_targeting		
ELF3#chr1:202010804-202010822(+)	ELF3	tf_targeting		
ELF4#chrX:130110164-130110182(+)	ELF4	tf_targeting		
ELF4#chrX:130110167-130110185(+)	ELF4	tf_targeting		
ELF4#chrX:130110478-130110496(+)	ELF4	tf_targeting		
ELF4#chrX:130110502-130110520(+)	ELF4	tf_targeting		
ELF4#chrX:130110794-130110812(+)	ELF4	tf_targeting		
ELF4#chrX:130110798-130110816(+)	ELF4	tf_targeting		
ELF5#chr11:34513668-34513686(+)	ELF5	tf_targeting		
ELF5#chr11:34513671-34513689(+)	ELF5	tf_targeting		
ELF5#chr11:34513686-34513704(+)	ELF5	tf_targeting		
ELF5#chr11:34513689-34513707(+)	ELF5	tf_targeting		
ELF5#chr11:34513698-34513716(+)	ELF5	tf_targeting		
ELF5#chr11:34513708-34513726(+)	ELF5	tf_targeting		
ELK1#chrX:47650499-47650517(+)	ELK1	tf_targeting		
ELK1#chrX:47650502-47650520(+)	ELK1	tf_targeting		
ELK1#chrX:47650562-47650580(-)	ELK1	tf_targeting		
ELK1#chrX:47650574-47650592(-)	ELK1	tf_targeting		
ELK1#chrX:47650584-47650602(-)	ELK1	tf_targeting		
ELK1#chrX:47650587-47650605(+)	ELK1	tf_targeting		
ELK3#chr12:96194449-96194467(+)	ELK3	tf_targeting		
ELK3#chr12:96194464-96194482(-)	ELK3	tf_targeting		
ELK3#chr12:96194497-96194515(-)	ELK3	tf_targeting		
ELK3#chr12:96194629-96194647(+)	ELK3	tf_targeting		
ELK3#chr12:96194697-96194715(+)	ELK3	tf_targeting		
ELK3#chr12:96194893-96194911(-)	ELK3	tf_targeting		
ELK4#chr1:205631589-205631607(+)	ELK4	tf_targeting		
ELK4#chr1:205631753-205631771(+)	ELK4	tf_targeting		
ELK4#chr1:205631913-205631931(+)	ELK4	tf_targeting		
ELK4#chr1:205631965-205631983(-)	ELK4	tf_targeting		
ELK4#chr1:205631968-205631986(-)	ELK4	tf_targeting		
ELK4#chr1:205631979-205631997(-)	ELK4	tf_targeting		
ELMSAN1#chr14:73760063-73760081(-)	ELMSAN1	tf_targeting	0.3181783	0.2840290725551582
ELMSAN1#chr14:73760154-73760172(+)	ELMSAN1	tf_targeting	0.24626689	0.4651890807383275
ELMSAN1#chr14:73760157-73760175(+)	ELMSAN1	tf_targeting	-0.26692882	0.5382881005373659
ELMSAN1#chr14:73760170-73760188(+)	ELMSAN1	tf_targeting	-0.6578463	0.3969082096701021
ELMSAN1#chr14:73760204-73760222(+)	ELMSAN1	tf_targeting	0.33305848	0.3610161315956167
ELMSAN1#chr14:73760267-73760285(-)	ELMSAN1	tf_targeting	-1.1027235	0.1236667742911667
ELMSAN1#chr14:73786788-73786806(+)	ELMSAN1	tf_targeting	0.04262821	0.9091178452903024
ELMSAN1#chr14:73786836-73786854(-)	ELMSAN1	tf_targeting	0.439981	0.2723217701028412
ELMSAN1#chr14:73786947-73786965(-)	ELMSAN1	tf_targeting	0.31432655	0.2739667599893821
ELMSAN1#chr14:73787100-73787118(+)	ELMSAN1	tf_targeting	-0.24537754	0.5531357242217653
ELMSAN1#chr14:73787113-73787131(+)	ELMSAN1	tf_targeting	-0.1408633	0.5151978869190607
ELMSAN1#chr14:73787120-73787138(+)	ELMSAN1	tf_targeting	-0.027564539	0.9744807835919282
ELP3#chr8:28093183-28093201(+)	ELP3	tf_targeting	-0.1416574	0.8488005486175645
ELP3#chr8:28093186-28093204(+)	ELP3	tf_targeting	0.31009912	0.7497840032048663
ELP3#chr8:28093199-28093217(+)	ELP3	tf_targeting	-0.14636089	0.8740298765714348
ELP3#chr8:28093340-28093358(+)	ELP3	tf_targeting	-0.008741969	0.9895406453254206
ELP3#chr8:28093355-28093373(-)	ELP3	tf_targeting	0.0051723276	0.9952840658426017
ELP3#chr8:28093358-28093376(-)	ELP3	tf_targeting	0.18435812	0.8251749521686575
EMX1#chr2:72916331-72916349(+)	EMX1	tf_targeting		
EMX1#chr2:72916338-72916356(+)	EMX1	tf_targeting		
EMX1#chr2:72916344-72916362(+)	EMX1	tf_targeting		
EMX1#chr2:72916349-72916367(+)	EMX1	tf_targeting		
EMX1#chr2:72916367-72916385(+)	EMX1	tf_targeting		
EMX1#chr2:72916394-72916412(-)	EMX1	tf_targeting		
EMX1#chr2:72917516-72917534(-)	EMX1	tf_targeting		
EMX1#chr2:72917559-72917577(+)	EMX1	tf_targeting		
EMX1#chr2:72917590-72917608(+)	EMX1	tf_targeting		
EMX1#chr2:72917631-72917649(-)	EMX1	tf_targeting		
EMX1#chr2:72917719-72917737(-)	EMX1	tf_targeting		
EMX1#chr2:72917730-72917748(+)	EMX1	tf_targeting		
EMX2#chr10:117542757-117542775(+)	EMX2	tf_targeting		
EMX2#chr10:117542776-117542794(-)	EMX2	tf_targeting		
EMX2#chr10:117542787-117542805(-)	EMX2	tf_targeting		
EMX2#chr10:117543015-117543033(-)	EMX2	tf_targeting		
EMX2#chr10:117543588-117543606(-)	EMX2	tf_targeting		
EMX2#chr10:117543631-117543649(-)	EMX2	tf_targeting		
EN1#chr2:118847273-118847291(+)	EN1	tf_targeting		
EN1#chr2:118847283-118847301(+)	EN1	tf_targeting		
EN1#chr2:118847579-118847597(+)	EN1	tf_targeting		
EN1#chr2:118847591-118847609(+)	EN1	tf_targeting		
EN1#chr2:118847598-118847616(-)	EN1	tf_targeting		
EN1#chr2:118847638-118847656(+)	EN1	tf_targeting		
EN2#chr7:155458296-155458314(+)	EN2	tf_targeting		
EN2#chr7:155458312-155458330(+)	EN2	tf_targeting		
EN2#chr7:155458317-155458335(+)	EN2	tf_targeting		
EN2#chr7:155458326-155458344(+)	EN2	tf_targeting		
EN2#chr7:155458339-155458357(+)	EN2	tf_targeting		
EN2#chr7:155458345-155458363(-)	EN2	tf_targeting		
ENO1#chr1:8878289-8878307(-)	ENO1	tf_targeting	-0.1235843	0.8909933772048297
ENO1#chr1:8878297-8878315(-)	ENO1	tf_targeting	-0.6770485	0.048024449556783
ENO1#chr1:8878595-8878613(+)	ENO1	tf_targeting	0.06294082	0.8738134236235269
ENO1#chr1:8878631-8878649(+)	ENO1	tf_targeting	-0.35230953	0.3896157799653011
ENO1#chr1:8878678-8878696(-)	ENO1	tf_targeting	-0.42828935	0.6197501371091623
ENO1#chr1:8878700-8878718(-)	ENO1	tf_targeting	-1.3155801	0.1596105892387163
EOMES#chr3:27721831-27721849(+)	EOMES	tf_targeting		
EOMES#chr3:27721839-27721857(-)	EOMES	tf_targeting		
EOMES#chr3:27721869-27721887(-)	EOMES	tf_targeting		
EOMES#chr3:27721889-27721907(-)	EOMES	tf_targeting		
EOMES#chr3:27722213-27722231(+)	EOMES	tf_targeting		
EOMES#chr3:27722331-27722349(-)	EOMES	tf_targeting		
EP300#chr22:41091729-41091747(-)	EP300	tf_targeting	-0.50189257	0.1603678995443338
EP300#chr22:41091732-41091750(+)	EP300	tf_targeting	-0.16730458	0.6037845152141552
EP300#chr22:41091738-41091756(+)	EP300	tf_targeting	-1.1416115	0.0029811727563665
EP300#chr22:41091822-41091840(+)	EP300	tf_targeting	-1.0041726	0.0205574106338545
EP300#chr22:41091897-41091915(+)	EP300	tf_targeting	0.052974273	0.9239709559208378
EP300#chr22:41092885-41092903(-)	EP300	tf_targeting	0.20959792	0.3199441629225293
EP400#chr12:131949997-131950015(-)	EP400	tf_targeting	-0.2414133	0.7629484587338533
EP400#chr12:131950001-131950019(-)	EP400	tf_targeting	-0.11912588	0.8683044933009949
EP400#chr12:131950009-131950027(+)	EP400	tf_targeting	-0.26720765	0.638771983496569
EP400#chr12:131950026-131950044(+)	EP400	tf_targeting	0.048877425	0.9428967148269028
EP400#chr12:131950064-131950082(+)	EP400	tf_targeting	0.026478268	0.9539115473556268
EP400#chr12:131950301-131950319(-)	EP400	tf_targeting	0.06584239	0.8367049505727014
EPAS1#chr2:46297412-46297430(+)	EPAS1	tf_targeting		
EPAS1#chr2:46297454-46297472(+)	EPAS1	tf_targeting		
EPAS1#chr2:46297459-46297477(-)	EPAS1	tf_targeting		
EPAS1#chr2:46297469-46297487(+)	EPAS1	tf_targeting		
EPAS1#chr2:46297479-46297497(-)	EPAS1	tf_targeting		
EPAS1#chr2:46297667-46297685(-)	EPAS1	tf_targeting		
ERCC2#chr19:45370298-45370316(+)	ERCC2	tf_targeting	0.05594373	0.950051036752566
ERCC2#chr19:45370337-45370355(-)	ERCC2	tf_targeting	0.42883256	0.5806161072383564
ERCC2#chr19:45370387-45370405(-)	ERCC2	tf_targeting	0.11125287	0.8971082809532248
ERCC2#chr19:45370529-45370547(-)	ERCC2	tf_targeting	-0.04806878	0.9541523794696696
ERCC2#chr19:45370548-45370566(-)	ERCC2	tf_targeting	-0.006126781	0.9949062862396608
ERCC2#chr19:45370552-45370570(-)	ERCC2	tf_targeting	-0.07227524	0.9314902955339596
ERCC3#chr2:127293743-127293761(+)	ERCC3	tf_targeting	-0.3167331	0.6855870048153136
ERCC3#chr2:127293893-127293911(-)	ERCC3	tf_targeting	0.11079484	0.8994368312306731
ERCC3#chr2:127293912-127293930(+)	ERCC3	tf_targeting	-0.12573652	0.8630497457384635
ERCC3#chr2:127294103-127294121(+)	ERCC3	tf_targeting	0.064902075	0.9408441700765032
ERCC3#chr2:127294113-127294131(+)	ERCC3	tf_targeting	-0.108302936	0.9105779985952298
ERCC3#chr2:127294120-127294138(-)	ERCC3	tf_targeting	-0.22261727	0.769136673081217
ERCC6#chr10:49538753-49538771(-)	ERCC6	tf_targeting	-0.6111473	0.4559020589064686
ERCC6#chr10:49538844-49538862(+)	ERCC6	tf_targeting	-1.1830957	0.03604076112742
ERCC6#chr10:49539005-49539023(-)	ERCC6	tf_targeting	-1.2125956	0.1936883882178614
ERCC6#chr10:49539008-49539026(-)	ERCC6	tf_targeting	-1.9419043	0.0447314147340094
ERCC6#chr10:49539015-49539033(-)	ERCC6	tf_targeting	-2.2245533	0.0220214542746778
ERCC6#chr10:49539018-49539036(-)	ERCC6	tf_targeting	-1.5647528	0.0960978215296366
ERCC8#chr5:60944795-60944813(+)	ERCC8	tf_targeting	-2.3708558	0.0004231443114101
ERCC8#chr5:60945003-60945021(-)	ERCC8	tf_targeting	-1.8512665	0.0536551750224518
ERCC8#chr5:60945005-60945023(+)	ERCC8	tf_targeting	-1.0852766	0.0424324268682748
ERCC8#chr5:60945026-60945044(-)	ERCC8	tf_targeting	-1.965762	0.0002722501606975
ERCC8#chr5:60945041-60945059(+)	ERCC8	tf_targeting	-1.8490689	0.012129026564403
ERCC8#chr5:60945048-60945066(-)	ERCC8	tf_targeting	-1.4060524	0.0329331024339716
ERF#chr19:42254865-42254883(+)	ERF	tf_targeting		
ERF#chr19:42255054-42255072(-)	ERF	tf_targeting		
ERF#chr19:42255063-42255081(-)	ERF	tf_targeting		
ERF#chr19:42255080-42255098(-)	ERF	tf_targeting		
ERF#chr19:42255111-42255129(-)	ERF	tf_targeting		
ERF#chr19:42255150-42255168(-)	ERF	tf_targeting		
ERG#chr21:38498180-38498198(+)	ERG	tf_targeting		
ERG#chr21:38498243-38498261(+)	ERG	tf_targeting		
ERG#chr21:38498247-38498265(-)	ERG	tf_targeting		
ERG#chr21:38498360-38498378(-)	ERG	tf_targeting		
ERG#chr21:38498454-38498472(+)	ERG	tf_targeting		
ERG#chr21:38498505-38498523(+)	ERG	tf_targeting		
ERG#chr21:38660770-38660788(+)	ERG	tf_targeting		
ERG#chr21:38660906-38660924(+)	ERG	tf_targeting		
ERG#chr21:38660910-38660928(-)	ERG	tf_targeting		
ERG#chr21:38660924-38660942(+)	ERG	tf_targeting		
ERG#chr21:38660931-38660949(-)	ERG	tf_targeting		
ERG#chr21:38660959-38660977(-)	ERG	tf_targeting		
ESR1#chr6:151690512-151690530(+)	ESR1	tf_targeting		
ESR1#chr6:151690537-151690555(+)	ESR1	tf_targeting		
ESR1#chr6:151690573-151690591(+)	ESR1	tf_targeting		
ESR1#chr6:151690613-151690631(-)	ESR1	tf_targeting		
ESR1#chr6:151690618-151690636(-)	ESR1	tf_targeting		
ESR1#chr6:151690648-151690666(+)	ESR1	tf_targeting		
ESR1#chr6:151807705-151807723(-)	ESR1	tf_targeting		
ESR1#chr6:151807707-151807725(+)	ESR1	tf_targeting		
ESR1#chr6:151807723-151807741(-)	ESR1	tf_targeting		
ESR1#chr6:151807735-151807753(-)	ESR1	tf_targeting		
ESR1#chr6:151807745-151807763(-)	ESR1	tf_targeting		
ESR1#chr6:151808091-151808109(-)	ESR1	tf_targeting		
ESR2#chr14:64294125-64294143(-)	ESR2	tf_targeting		
ESR2#chr14:64294195-64294213(-)	ESR2	tf_targeting		
ESR2#chr14:64294197-64294215(+)	ESR2	tf_targeting		
ESR2#chr14:64294203-64294221(-)	ESR2	tf_targeting		
ESR2#chr14:64294293-64294311(-)	ESR2	tf_targeting		
ESR2#chr14:64294296-64294314(-)	ESR2	tf_targeting		
ESRRA#chr11:64305569-64305587(+)	ESRRA	tf_targeting	-2.9259863	4.03208841666667e-05
ESRRA#chr11:64305576-64305594(-)	ESRRA	tf_targeting	-0.42423382	0.0060181103590754
ESRRA#chr11:64305585-64305603(+)	ESRRA	tf_targeting	-1.6130707	2.57100725852026e-11
ESRRA#chr11:64305592-64305610(+)	ESRRA	tf_targeting	-0.43815073	0.2971498727388813
ESRRA#chr11:64305599-64305617(-)	ESRRA	tf_targeting	-1.6549985	8.594841683132024e-12
ESRRA#chr11:64305705-64305723(-)	ESRRA	tf_targeting	-0.7462537	0.002883615311047
ESRRB#chr14:76407528-76407546(-)	ESRRB	tf_targeting		
ESRRB#chr14:76407545-76407563(+)	ESRRB	tf_targeting		
ESRRB#chr14:76407585-76407603(+)	ESRRB	tf_targeting		
ESRRB#chr14:76407595-76407613(+)	ESRRB	tf_targeting		
ESRRB#chr14:76407702-76407720(+)	ESRRB	tf_targeting		
ESRRB#chr14:76407814-76407832(-)	ESRRB	tf_targeting		
ESRRG#chr1:216805031-216805049(-)	ESRRG	tf_targeting	0.009663195	0.9523165487486708
ESRRG#chr1:216805102-216805120(+)	ESRRG	tf_targeting	-0.40728626	0.1197437216257218
ESRRG#chr1:216805273-216805291(+)	ESRRG	tf_targeting	-0.02045991	0.9027151920402334
ESRRG#chr1:216805313-216805331(-)	ESRRG	tf_targeting	-0.26419196	0.2466389732632308
ESRRG#chr1:216805343-216805361(+)	ESRRG	tf_targeting	-0.4244785	0.0698434872024378
ESRRG#chr1:216805352-216805370(-)	ESRRG	tf_targeting	-0.008275194	0.9432157187438654
ESRRG#chr1:216939239-216939257(+)	ESRRG	tf_targeting	-0.28356907	0.1342245671997079
ESRRG#chr1:216939282-216939300(-)	ESRRG	tf_targeting	-0.071172506	0.651395447577608
ESRRG#chr1:216939550-216939568(+)	ESRRG	tf_targeting	0.14535497	0.3710874851571428
ESRRG#chr1:216939560-216939578(-)	ESRRG	tf_targeting	0.0320596	0.8564828579038429
ESRRG#chr1:216939584-216939602(-)	ESRRG	tf_targeting	-0.0011459916	0.9932349983794804
ESRRG#chr1:216939589-216939607(+)	ESRRG	tf_targeting	-0.042281996	0.8598509732518316
ESRRG#chr1:217076892-217076910(+)	ESRRG	tf_targeting	0.096357085	0.6792722327094076
ESRRG#chr1:217076936-217076954(-)	ESRRG	tf_targeting	0.06858308	0.4962804095364226
ESRRG#chr1:217076942-217076960(+)	ESRRG	tf_targeting	0.1396274	0.472100248027946
ESRRG#chr1:217076946-217076964(+)	ESRRG	tf_targeting	-0.1428987	0.5163950181878261
ESRRG#chr1:217076958-217076976(+)	ESRRG	tf_targeting	-0.14163175	0.3127995137632218
ESRRG#chr1:217076962-217076980(+)	ESRRG	tf_targeting	-0.20327349	0.1673389565430652
ESRRG#chr1:217089641-217089659(-)	ESRRG	tf_targeting	-1.0461724	7.488984853097602e-06
ESRRG#chr1:217089644-217089662(-)	ESRRG	tf_targeting	-0.37100717	0.0406504596674983
ESRRG#chr1:217089679-217089697(+)	ESRRG	tf_targeting	-0.6803181	1.3766911988808213e-05
ESRRG#chr1:217089753-217089771(+)	ESRRG	tf_targeting	-0.4428748	2.543416656028292e-07
ESRRG#chr1:217089783-217089801(+)	ESRRG	tf_targeting	-0.5202422	0.0012414385381158
ESRRG#chr1:217089846-217089864(-)	ESRRG	tf_targeting	-0.50430673	0.2098083592003388
ESRRG#chr1:217137553-217137571(-)	ESRRG	tf_targeting	0.096570805	0.4133481977437903
ESRRG#chr1:217137627-217137645(-)	ESRRG	tf_targeting	-0.15672235	0.2115436817931242
ESRRG#chr1:217137665-217137683(-)	ESRRG	tf_targeting	-0.11229516	0.6219537052557066
ESRRG#chr1:217137700-217137718(-)	ESRRG	tf_targeting	-0.24891834	0.0673928002644418
ESRRG#chr1:217137716-217137734(+)	ESRRG	tf_targeting	-0.17262118	0.0795793997511763
ESRRG#chr1:217137767-217137785(-)	ESRRG	tf_targeting	-0.34833062	0.0023666958419531
ESX1#chrX:104254640-104254658(+)	ESX1	tf_targeting		
ESX1#chrX:104254695-104254713(-)	ESX1	tf_targeting		
ESX1#chrX:104254898-104254916(+)	ESX1	tf_targeting		
ESX1#chrX:104254902-104254920(+)	ESX1	tf_targeting		
ESX1#chrX:104254908-104254926(+)	ESX1	tf_targeting		
ESX1#chrX:104254923-104254941(+)	ESX1	tf_targeting		
ETF1#chr5:138542792-138542810(+)	ETF1	tf_targeting	-0.355985	0.5438753980680131
ETF1#chr5:138542935-138542953(-)	ETF1	tf_targeting	0.20540419	0.2875171433358979
ETF1#chr5:138543016-138543034(-)	ETF1	tf_targeting	-0.32075632	0.713574664457841
ETF1#chr5:138543103-138543121(+)	ETF1	tf_targeting	-0.17983656	0.8101896522619042
ETF1#chr5:138543152-138543170(+)	ETF1	tf_targeting	-0.33473286	0.4191428275112906
ETF1#chr5:138543159-138543177(+)	ETF1	tf_targeting	-0.69962615	0.3483612768292228
ETS1#chr11:128521897-128521915(+)	ETS1	tf_targeting		
ETS1#chr11:128522136-128522154(-)	ETS1	tf_targeting		
ETS1#chr11:128522153-128522171(-)	ETS1	tf_targeting		
ETS1#chr11:128522159-128522177(+)	ETS1	tf_targeting		
ETS1#chr11:128522260-128522278(-)	ETS1	tf_targeting		
ETS1#chr11:128522351-128522369(-)	ETS1	tf_targeting		
ETS2#chr21:38805495-38805513(+)	ETS2	tf_targeting	-0.4253481	0.1316702658165576
ETS2#chr21:38805914-38805932(-)	ETS2	tf_targeting	-2.2190385	0.0036934848048868
ETS2#chr21:38805938-38805956(+)	ETS2	tf_targeting	-1.4864084	0.1082429417023428
ETS2#chr21:38805984-38806002(+)	ETS2	tf_targeting	-3.1872158	1.7026011664879146e-07
ETS2#chr21:38806352-38806370(-)	ETS2	tf_targeting	-0.03306916	0.9719416150520056
ETS2#chr21:38806376-38806394(-)	ETS2	tf_targeting	-1.6575451	0.0577909197804097
ETV1#chr7:13988864-13988882(+)	ETV1	tf_targeting	-1.7055571	3.205672994614637e-05
ETV1#chr7:13989455-13989473(+)	ETV1	tf_targeting	-2.0240796	0.0064558974739393
ETV1#chr7:13989628-13989646(+)	ETV1	tf_targeting	-2.7962518	3.685570568419256e-06
ETV1#chr7:13989646-13989664(-)	ETV1	tf_targeting	-3.1434844	3.600010703010773e-05
ETV1#chr7:13989662-13989680(+)	ETV1	tf_targeting	-2.0294971	3.3855236064152174e-05
ETV1#chr7:13989665-13989683(+)	ETV1	tf_targeting	-2.8649387	6.672954642052651e-07
ETV2#chr19:35643622-35643640(+)	ETV2	tf_targeting		
ETV2#chr19:35643694-35643712(-)	ETV2	tf_targeting		
ETV2#chr19:35643705-35643723(-)	ETV2	tf_targeting		
ETV2#chr19:35643803-35643821(+)	ETV2	tf_targeting		
ETV2#chr19:35643833-35643851(+)	ETV2	tf_targeting		
ETV2#chr19:35643867-35643885(+)	ETV2	tf_targeting		
ETV3#chr1:157138269-157138287(+)	ETV3	tf_targeting	-1.0357493	0.1006658573723363
ETV3#chr1:157138272-157138290(+)	ETV3	tf_targeting	-1.8890795	0.0027846701274496
ETV3#chr1:157138318-157138336(-)	ETV3	tf_targeting	-2.4244137	7.460711605744032e-05
ETV3#chr1:157138325-157138343(+)	ETV3	tf_targeting	-1.305786	0.0028042896174641
ETV3#chr1:157138335-157138353(-)	ETV3	tf_targeting	-1.8595526	0.0071815986134346
ETV3#chr1:157138337-157138355(+)	ETV3	tf_targeting	-2.5534887	0.0113585283537472
ETV3L#chr1:157099693-157099711(+)	ETV3L	tf_targeting		
ETV3L#chr1:157099740-157099758(+)	ETV3L	tf_targeting		
ETV3L#chr1:157099756-157099774(+)	ETV3L	tf_targeting		
ETV3L#chr1:157099773-157099791(-)	ETV3L	tf_targeting		
ETV3L#chr1:157099786-157099804(-)	ETV3L	tf_targeting		
ETV3L#chr1:157099793-157099811(+)	ETV3L	tf_targeting		
ETV4#chr17:43545833-43545851(+)	ETV4	tf_targeting		
ETV4#chr17:43545905-43545923(-)	ETV4	tf_targeting		
ETV4#chr17:43546073-43546091(+)	ETV4	tf_targeting		
ETV4#chr17:43546172-43546190(-)	ETV4	tf_targeting		
ETV4#chr17:43546269-43546287(-)	ETV4	tf_targeting		
ETV4#chr17:43546438-43546456(+)	ETV4	tf_targeting		
ETV5#chr3:186108574-186108592(+)	ETV5	tf_targeting	-2.3717504	0.0082122253371437
ETV5#chr3:186108856-186108874(-)	ETV5	tf_targeting	-2.002359	0.0154917807726138
ETV5#chr3:186109036-186109054(+)	ETV5	tf_targeting	-0.42086768	0.0211065192880326
ETV5#chr3:186109046-186109064(-)	ETV5	tf_targeting	-0.75444573	0.0426012824788982
ETV5#chr3:186109059-186109077(+)	ETV5	tf_targeting	-3.6123235	3.2846514722551257e-06
ETV5#chr3:186109065-186109083(-)	ETV5	tf_targeting	-0.1823196	0.846603023533731
ETV6#chr12:11649771-11649789(+)	ETV6	tf_targeting	-0.954435	0.1586026393540476
ETV6#chr12:11649971-11649989(+)	ETV6	tf_targeting	-1.6640997	1.981664958025366e-09
ETV6#chr12:11649974-11649992(+)	ETV6	tf_targeting	-0.55298847	0.0631060916948181
ETV6#chr12:11649993-11650011(+)	ETV6	tf_targeting	-1.2007726	0.0814331976046924
ETV6#chr12:11650108-11650126(-)	ETV6	tf_targeting	-0.77381676	0.0332558646018362
ETV6#chr12:11650177-11650195(-)	ETV6	tf_targeting	-2.5749838	0.0097353746754194
ETV7#chr6:36387625-36387643(-)	ETV7	tf_targeting		
ETV7#chr6:36387635-36387653(+)	ETV7	tf_targeting		
ETV7#chr6:36387640-36387658(-)	ETV7	tf_targeting		
ETV7#chr6:36387649-36387667(-)	ETV7	tf_targeting		
ETV7#chr6:36387652-36387670(+)	ETV7	tf_targeting		
ETV7#chr6:36387661-36387679(+)	ETV7	tf_targeting		
EVX1#chr7:27242793-27242811(+)	EVX1	tf_targeting		
EVX1#chr7:27242799-27242817(-)	EVX1	tf_targeting		
EVX1#chr7:27242801-27242819(+)	EVX1	tf_targeting		
EVX1#chr7:27242819-27242837(+)	EVX1	tf_targeting		
EVX1#chr7:27243013-27243031(+)	EVX1	tf_targeting		
EVX1#chr7:27243163-27243181(-)	EVX1	tf_targeting		
EVX2#chr2:176083458-176083476(-)	EVX2	tf_targeting		
EVX2#chr2:176083589-176083607(+)	EVX2	tf_targeting		
EVX2#chr2:176083809-176083827(+)	EVX2	tf_targeting		
EVX2#chr2:176083817-176083835(-)	EVX2	tf_targeting		
EVX2#chr2:176083822-176083840(-)	EVX2	tf_targeting		
EVX2#chr2:176083839-176083857(-)	EVX2	tf_targeting		
EWSR1#chr22:29268329-29268347(+)	EWSR1	tf_targeting	-0.657503	0.0253840014095325
EWSR1#chr22:29268338-29268356(+)	EWSR1	tf_targeting	-1.3491595	0.0041226605618232
EWSR1#chr22:29268341-29268359(+)	EWSR1	tf_targeting	-1.1801909	0.0053291945005386
EWSR1#chr22:29268347-29268365(-)	EWSR1	tf_targeting	-0.25340843	0.2838674029641054
EWSR1#chr22:29268719-29268737(-)	EWSR1	tf_targeting	-0.8338915	0.159804377144254
EWSR1#chr22:29268734-29268752(-)	EWSR1	tf_targeting	0.1849817	0.1076382945533982
EZH1#chr17:42744841-42744859(+)	EZH1	tf_targeting	-0.3392597	0.7182459126938012
EZH1#chr17:42744991-42745009(-)	EZH1	tf_targeting	-0.6522835	0.3857136246397078
EZH1#chr17:42745013-42745031(-)	EZH1	tf_targeting	-0.286911	0.667146489264802
EZH1#chr17:42745017-42745035(-)	EZH1	tf_targeting	-2.595518	1.1768538421228899e-11
EZH1#chr17:42745027-42745045(-)	EZH1	tf_targeting	-0.33425164	0.3933257597519716
EZH1#chr17:42745036-42745054(-)	EZH1	tf_targeting	-0.6072973	0.3241342888460914
EZH2#chr7:148883770-148883788(+)	EZH2	tf_targeting	-0.6279694	0.0928736737498449
EZH2#chr7:148883814-148883832(-)	EZH2	tf_targeting	-0.11108971	0.8035596105970659
EZH2#chr7:148884043-148884061(+)	EZH2	tf_targeting	-0.19390973	0.7862203925651013
EZH2#chr7:148884246-148884264(+)	EZH2	tf_targeting	-0.3746065	0.5729896239351043
EZH2#chr7:148884256-148884274(-)	EZH2	tf_targeting	-0.79783183	0.342725019043278
EZH2#chr7:148884274-148884292(+)	EZH2	tf_targeting	-0.23908547	0.6777401944759865
FAM170A#chr5:119629564-119629582(-)	FAM170A	tf_targeting		
FAM170A#chr5:119629573-119629591(-)	FAM170A	tf_targeting		
FAM170A#chr5:119629596-119629614(+)	FAM170A	tf_targeting		
FAM170A#chr5:119629607-119629625(-)	FAM170A	tf_targeting		
FAM170A#chr5:119629815-119629833(+)	FAM170A	tf_targeting		
FAM170A#chr5:119629843-119629861(+)	FAM170A	tf_targeting		
FAM200B#chr4:15681799-15681817(+)	FAM200B	tf_targeting		
FAM200B#chr4:15681854-15681872(-)	FAM200B	tf_targeting		
FAM200B#chr4:15681874-15681892(+)	FAM200B	tf_targeting		
FAM200B#chr4:15681880-15681898(-)	FAM200B	tf_targeting		
FAM200B#chr4:15681925-15681943(-)	FAM200B	tf_targeting		
FAM200B#chr4:15682045-15682063(+)	FAM200B	tf_targeting		
FBXL19#chr16:30923626-30923644(+)	FBXL19	tf_targeting		
FBXL19#chr16:30923630-30923648(-)	FBXL19	tf_targeting		
FBXL19#chr16:30923635-30923653(-)	FBXL19	tf_targeting		
FBXL19#chr16:30923771-30923789(-)	FBXL19	tf_targeting		
FBXL19#chr16:30923869-30923887(-)	FBXL19	tf_targeting		
FBXL19#chr16:30923891-30923909(+)	FBXL19	tf_targeting		
FBXO16#chr8:28489987-28490005(+)	FBXO16	tf_targeting		
FBXO16#chr8:28490005-28490023(+)	FBXO16	tf_targeting		
FBXO16#chr8:28490062-28490080(+)	FBXO16	tf_targeting		
FBXO16#chr8:28490188-28490206(-)	FBXO16	tf_targeting		
FBXO16#chr8:28490205-28490223(-)	FBXO16	tf_targeting		
FBXO16#chr8:28490216-28490234(-)	FBXO16	tf_targeting		
FERD3L#chr7:19145629-19145647(-)	FERD3L	tf_targeting		
FERD3L#chr7:19145642-19145660(-)	FERD3L	tf_targeting		
FERD3L#chr7:19145799-19145817(-)	FERD3L	tf_targeting		
FERD3L#chr7:19145816-19145834(-)	FERD3L	tf_targeting		
FERD3L#chr7:19145848-19145866(-)	FERD3L	tf_targeting		
FERD3L#chr7:19145858-19145876(-)	FERD3L	tf_targeting		
FEV#chr2:218983882-218983900(-)	FEV	tf_targeting		
FEV#chr2:218984299-218984317(-)	FEV	tf_targeting		
FEV#chr2:218984863-218984881(-)	FEV	tf_targeting		
FEV#chr2:218984882-218984900(-)	FEV	tf_targeting		
FEV#chr2:218984965-218984983(-)	FEV	tf_targeting		
FEV#chr2:218985164-218985182(+)	FEV	tf_targeting		
FEZF1#chr7:122304437-122304455(-)	FEZF1	tf_targeting		
FEZF1#chr7:122304481-122304499(-)	FEZF1	tf_targeting		
FEZF1#chr7:122304485-122304503(-)	FEZF1	tf_targeting		
FEZF1#chr7:122304498-122304516(-)	FEZF1	tf_targeting		
FEZF1#chr7:122304634-122304652(+)	FEZF1	tf_targeting		
FEZF1#chr7:122304720-122304738(-)	FEZF1	tf_targeting		
FEZF2#chr3:62373460-62373478(-)	FEZF2	tf_targeting		
FEZF2#chr3:62373492-62373510(-)	FEZF2	tf_targeting		
FEZF2#chr3:62373498-62373516(+)	FEZF2	tf_targeting		
FEZF2#chr3:62373524-62373542(+)	FEZF2	tf_targeting		
FEZF2#chr3:62373532-62373550(-)	FEZF2	tf_targeting		
FEZF2#chr3:62373537-62373555(+)	FEZF2	tf_targeting		
FGF3#chr11:69818975-69818993(+)	FGF3	tf_targeting		
FGF3#chr11:69818988-69819006(-)	FGF3	tf_targeting		
FGF3#chr11:69819161-69819179(-)	FGF3	tf_targeting		
FGF3#chr11:69819174-69819192(-)	FGF3	tf_targeting		
FGF3#chr11:69819193-69819211(-)	FGF3	tf_targeting		
FGF3#chr11:69819397-69819415(-)	FGF3	tf_targeting		
FIGLA#chr2:70790394-70790412(-)	FIGLA	tf_targeting		
FIGLA#chr2:70790470-70790488(+)	FIGLA	tf_targeting		
FIGLA#chr2:70790586-70790604(-)	FIGLA	tf_targeting		
FIGLA#chr2:70790605-70790623(+)	FIGLA	tf_targeting		
FIGLA#chr2:70790624-70790642(+)	FIGLA	tf_targeting		
FIGLA#chr2:70790655-70790673(-)	FIGLA	tf_targeting		
FIZ1#chr19:55599431-55599449(+)	FIZ1	tf_targeting		
FIZ1#chr19:55599478-55599496(-)	FIZ1	tf_targeting		
FIZ1#chr19:55599481-55599499(-)	FIZ1	tf_targeting		
FIZ1#chr19:55599489-55599507(+)	FIZ1	tf_targeting		
FIZ1#chr19:55599528-55599546(-)	FIZ1	tf_targeting		
FIZ1#chr19:55599538-55599556(-)	FIZ1	tf_targeting		
FLI1#chr11:128694114-128694132(+)	FLI1	tf_targeting		
FLI1#chr11:128694123-128694141(+)	FLI1	tf_targeting		
FLI1#chr11:128694169-128694187(+)	FLI1	tf_targeting		
FLI1#chr11:128694263-128694281(+)	FLI1	tf_targeting		
FLI1#chr11:128694274-128694292(+)	FLI1	tf_targeting		
FLI1#chr11:128694311-128694329(+)	FLI1	tf_targeting		
FLYWCH1#chr16:2911990-2912008(+)	FLYWCH1	tf_targeting		
FLYWCH1#chr16:2912007-2912025(-)	FLYWCH1	tf_targeting		
FLYWCH1#chr16:2912039-2912057(-)	FLYWCH1	tf_targeting		
FLYWCH1#chr16:2912073-2912091(+)	FLYWCH1	tf_targeting		
FLYWCH1#chr16:2912399-2912417(-)	FLYWCH1	tf_targeting		
FLYWCH1#chr16:2912402-2912420(-)	FLYWCH1	tf_targeting		
FOS#chr14:75278820-75278838(-)	FOS	tf_targeting	-0.53190404	0.2704079269238189
FOS#chr14:75278829-75278847(-)	FOS	tf_targeting	-2.0361717	0.0053660773916428
FOS#chr14:75278853-75278871(+)	FOS	tf_targeting	-2.0307112	0.1178136168619686
FOS#chr14:75278934-75278952(-)	FOS	tf_targeting	-2.2731955	0.0811467738047889
FOS#chr14:75279053-75279071(-)	FOS	tf_targeting	-3.5868511	0.0030149957899987
FOS#chr14:75279082-75279100(-)	FOS	tf_targeting	-2.6598258	0.0081203147061899
FOS#chr14:75280037-75280055(-)	FOS	tf_targeting	-0.26021066	0.5736573481630649
FOS#chr14:75280039-75280057(+)	FOS	tf_targeting	0.4436802	0.3116008201259868
FOS#chr14:75280064-75280082(+)	FOS	tf_targeting	-0.46451426	0.2201505710738101
FOS#chr14:75280079-75280097(-)	FOS	tf_targeting	-0.5623402	0.3383554383957373
FOS#chr14:75280085-75280103(+)	FOS	tf_targeting	-0.3135727	0.2387297100781948
FOS#chr14:75280089-75280107(+)	FOS	tf_targeting	0.08121843	0.7989914412411241
FOSB#chr19:45468003-45468021(+)	FOSB	tf_targeting		
FOSB#chr19:45468008-45468026(+)	FOSB	tf_targeting		
FOSB#chr19:45468029-45468047(+)	FOSB	tf_targeting		
FOSB#chr19:45468208-45468226(-)	FOSB	tf_targeting		
FOSB#chr19:45468214-45468232(+)	FOSB	tf_targeting		
FOSB#chr19:45468311-45468329(-)	FOSB	tf_targeting		
FOSB#chr19:45469465-45469483(-)	FOSB	tf_targeting		
FOSB#chr19:45469483-45469501(-)	FOSB	tf_targeting		
FOSB#chr19:45469504-45469522(+)	FOSB	tf_targeting		
FOSB#chr19:45469510-45469528(+)	FOSB	tf_targeting		
FOSB#chr19:45469514-45469532(+)	FOSB	tf_targeting		
FOSB#chr19:45469543-45469561(-)	FOSB	tf_targeting		
FOSL1#chr11:65899942-65899960(+)	FOSL1	tf_targeting		
FOSL1#chr11:65900009-65900027(+)	FOSL1	tf_targeting		
FOSL1#chr11:65900324-65900342(-)	FOSL1	tf_targeting		
FOSL1#chr11:65900326-65900344(+)	FOSL1	tf_targeting		
FOSL1#chr11:65900341-65900359(+)	FOSL1	tf_targeting		
FOSL1#chr11:65900350-65900368(+)	FOSL1	tf_targeting		
FOSL2#chr2:28392854-28392872(+)	FOSL2	tf_targeting		
FOSL2#chr2:28392867-28392885(+)	FOSL2	tf_targeting		
FOSL2#chr2:28392925-28392943(+)	FOSL2	tf_targeting		
FOSL2#chr2:28393064-28393082(-)	FOSL2	tf_targeting		
FOSL2#chr2:28393274-28393292(-)	FOSL2	tf_targeting		
FOSL2#chr2:28393563-28393581(-)	FOSL2	tf_targeting		
FOXA1#chr14:37594968-37594986(-)	FOXA1	tf_targeting		
FOXA1#chr14:37595006-37595024(+)	FOXA1	tf_targeting		
FOXA1#chr14:37595214-37595232(-)	FOXA1	tf_targeting		
FOXA1#chr14:37595220-37595238(+)	FOXA1	tf_targeting		
FOXA1#chr14:37595227-37595245(-)	FOXA1	tf_targeting		
FOXA1#chr14:37595248-37595266(-)	FOXA1	tf_targeting		
FOXA2#chr20:22584176-22584194(+)	FOXA2	tf_targeting		
FOXA2#chr20:22584194-22584212(-)	FOXA2	tf_targeting		
FOXA2#chr20:22584206-22584224(+)	FOXA2	tf_targeting		
FOXA2#chr20:22584219-22584237(-)	FOXA2	tf_targeting		
FOXA2#chr20:22584571-22584589(+)	FOXA2	tf_targeting		
FOXA2#chr20:22584737-22584755(+)	FOXA2	tf_targeting		
FOXA3#chr19:45864323-45864341(+)	FOXA3	tf_targeting		
FOXA3#chr19:45864335-45864353(+)	FOXA3	tf_targeting		
FOXA3#chr19:45864338-45864356(+)	FOXA3	tf_targeting		
FOXA3#chr19:45864388-45864406(-)	FOXA3	tf_targeting		
FOXA3#chr19:45864493-45864511(+)	FOXA3	tf_targeting		
FOXA3#chr19:45864496-45864514(+)	FOXA3	tf_targeting		
FOXB1#chr15:60004259-60004277(+)	FOXB1	tf_targeting		
FOXB1#chr15:60004272-60004290(-)	FOXB1	tf_targeting		
FOXB1#chr15:60004309-60004327(+)	FOXB1	tf_targeting		
FOXB1#chr15:60004410-60004428(-)	FOXB1	tf_targeting		
FOXB1#chr15:60004461-60004479(+)	FOXB1	tf_targeting		
FOXB1#chr15:60004673-60004691(-)	FOXB1	tf_targeting		
FOXB2#chr9:77019667-77019685(-)	FOXB2	tf_targeting		
FOXB2#chr9:77019701-77019719(-)	FOXB2	tf_targeting		
FOXB2#chr9:77019706-77019724(+)	FOXB2	tf_targeting		
FOXB2#chr9:77019725-77019743(-)	FOXB2	tf_targeting		
FOXB2#chr9:77019798-77019816(-)	FOXB2	tf_targeting		
FOXB2#chr9:77019884-77019902(+)	FOXB2	tf_targeting		
FOXC1#chr6:1610046-1610064(+)	FOXC1	tf_targeting		
FOXC1#chr6:1610086-1610104(+)	FOXC1	tf_targeting		
FOXC1#chr6:1610142-1610160(-)	FOXC1	tf_targeting		
FOXC1#chr6:1610167-1610185(-)	FOXC1	tf_targeting		
FOXC1#chr6:1610548-1610566(+)	FOXC1	tf_targeting		
FOXC1#chr6:1610636-1610654(-)	FOXC1	tf_targeting		
FOXC2#chr16:86566897-86566915(+)	FOXC2	tf_targeting		
FOXC2#chr16:86566914-86566932(-)	FOXC2	tf_targeting		
FOXC2#chr16:86567049-86567067(-)	FOXC2	tf_targeting		
FOXC2#chr16:86567107-86567125(-)	FOXC2	tf_targeting		
FOXC2#chr16:86567149-86567167(-)	FOXC2	tf_targeting		
FOXC2#chr16:86567412-86567430(+)	FOXC2	tf_targeting		
FOXD1#chr5:73448566-73448584(-)	FOXD1	tf_targeting		
FOXD1#chr5:73448698-73448716(+)	FOXD1	tf_targeting		
FOXD1#chr5:73448708-73448726(+)	FOXD1	tf_targeting		
FOXD1#chr5:73448713-73448731(+)	FOXD1	tf_targeting		
FOXD1#chr5:73448717-73448735(-)	FOXD1	tf_targeting		
FOXD1#chr5:73448742-73448760(+)	FOXD1	tf_targeting		
FOXD2#chr1:47438322-47438340(+)	FOXD2	tf_targeting		
FOXD2#chr1:47438328-47438346(+)	FOXD2	tf_targeting		
FOXD2#chr1:47438331-47438349(+)	FOXD2	tf_targeting		
FOXD2#chr1:47438338-47438356(+)	FOXD2	tf_targeting		
FOXD2#chr1:47438353-47438371(+)	FOXD2	tf_targeting		
FOXD2#chr1:47438382-47438400(+)	FOXD2	tf_targeting		
FOXD3#chr1:63322574-63322592(+)	FOXD3	tf_targeting		
FOXD3#chr1:63322593-63322611(-)	FOXD3	tf_targeting		
FOXD3#chr1:63322628-63322646(-)	FOXD3	tf_targeting		
FOXD3#chr1:63322631-63322649(-)	FOXD3	tf_targeting		
FOXD3#chr1:63322654-63322672(-)	FOXD3	tf_targeting		
FOXD3#chr1:63322797-63322815(+)	FOXD3	tf_targeting		
FOXD3#chr1:63323785-63323803(+)	FOXD3	tf_targeting		
FOXD3#chr1:63323807-63323825(+)	FOXD3	tf_targeting		
FOXD3#chr1:63323827-63323845(+)	FOXD3	tf_targeting		
FOXD3#chr1:63323830-63323848(+)	FOXD3	tf_targeting		
FOXD3#chr1:63323852-63323870(+)	FOXD3	tf_targeting		
FOXD3#chr1:63323880-63323898(-)	FOXD3	tf_targeting		
FOXD4L1#chr2:113499201-113499219(-)	FOXD4L1	tf_targeting		
FOXD4L1#chr2:113499205-113499223(-)	FOXD4L1	tf_targeting		
FOXD4L1#chr2:113499462-113499480(+)	FOXD4L1	tf_targeting		
FOXD4L1#chr2:113499465-113499483(+)	FOXD4L1	tf_targeting		
FOXD4L1#chr2:113499492-113499510(+)	FOXD4L1	tf_targeting		
FOXD4L1#chr2:113499552-113499570(-)	FOXD4L1	tf_targeting		
FOXE1#chr9:97853228-97853246(+)	FOXE1	tf_targeting		
FOXE1#chr9:97853232-97853250(-)	FOXE1	tf_targeting		
FOXE1#chr9:97853253-97853271(+)	FOXE1	tf_targeting		
FOXE1#chr9:97853277-97853295(+)	FOXE1	tf_targeting		
FOXE1#chr9:97853291-97853309(-)	FOXE1	tf_targeting		
FOXE1#chr9:97853307-97853325(-)	FOXE1	tf_targeting		
FOXE3#chr1:47416298-47416316(+)	FOXE3	tf_targeting		
FOXE3#chr1:47416301-47416319(+)	FOXE3	tf_targeting		
FOXE3#chr1:47416310-47416328(-)	FOXE3	tf_targeting		
FOXE3#chr1:47416316-47416334(-)	FOXE3	tf_targeting		
FOXE3#chr1:47416347-47416365(-)	FOXE3	tf_targeting		
FOXE3#chr1:47416350-47416368(-)	FOXE3	tf_targeting		
FOXF1#chr16:86510098-86510116(+)	FOXF1	tf_targeting		
FOXF1#chr16:86510504-86510522(+)	FOXF1	tf_targeting		
FOXF1#chr16:86510558-86510576(+)	FOXF1	tf_targeting		
FOXF1#chr16:86510566-86510584(-)	FOXF1	tf_targeting		
FOXF1#chr16:86510569-86510587(-)	FOXF1	tf_targeting		
FOXF1#chr16:86510589-86510607(+)	FOXF1	tf_targeting		
FOXF2#chr6:1389578-1389596(+)	FOXF2	tf_targeting		
FOXF2#chr6:1389625-1389643(+)	FOXF2	tf_targeting		
FOXF2#chr6:1389632-1389650(-)	FOXF2	tf_targeting		
FOXF2#chr6:1389769-1389787(-)	FOXF2	tf_targeting		
FOXF2#chr6:1389817-1389835(-)	FOXF2	tf_targeting		
FOXF2#chr6:1389940-1389958(+)	FOXF2	tf_targeting		
FOXG1#chr14:28766760-28766778(-)	FOXG1	tf_targeting		
FOXG1#chr14:28766804-28766822(-)	FOXG1	tf_targeting		
FOXG1#chr14:28766807-28766825(-)	FOXG1	tf_targeting		
FOXG1#chr14:28766814-28766832(+)	FOXG1	tf_targeting		
FOXG1#chr14:28766839-28766857(-)	FOXG1	tf_targeting		
FOXG1#chr14:28766874-28766892(-)	FOXG1	tf_targeting		
FOXH1#chr8:144475400-144475418(+)	FOXH1	tf_targeting	-0.6822623	0.2316146046103441
FOXH1#chr8:144475428-144475446(-)	FOXH1	tf_targeting	-1.1473383	0.1164686297456975
FOXH1#chr8:144475636-144475654(+)	FOXH1	tf_targeting	-0.32293966	0.4654461981168347
FOXH1#chr8:144475757-144475775(+)	FOXH1	tf_targeting	-0.65526164	0.2269277247980257
FOXH1#chr8:144475795-144475813(+)	FOXH1	tf_targeting	-0.070811525	0.9383995748767072
FOXH1#chr8:144475807-144475825(+)	FOXH1	tf_targeting	-1.1101215	0.1509565106094561
FOXI1#chr5:170105955-170105973(-)	FOXI1	tf_targeting		
FOXI1#chr5:170106089-170106107(-)	FOXI1	tf_targeting		
FOXI1#chr5:170106091-170106109(+)	FOXI1	tf_targeting		
FOXI1#chr5:170106141-170106159(-)	FOXI1	tf_targeting		
FOXI1#chr5:170106146-170106164(-)	FOXI1	tf_targeting		
FOXI1#chr5:170106180-170106198(-)	FOXI1	tf_targeting		
FOXI2#chr10:127737198-127737216(+)	FOXI2	tf_targeting		
FOXI2#chr10:127737220-127737238(+)	FOXI2	tf_targeting		
FOXI2#chr10:127737226-127737244(-)	FOXI2	tf_targeting		
FOXI2#chr10:127737423-127737441(-)	FOXI2	tf_targeting		
FOXI2#chr10:127737431-127737449(-)	FOXI2	tf_targeting		
FOXI2#chr10:127737586-127737604(-)	FOXI2	tf_targeting		
FOXI3#chr2:88452300-88452318(+)	FOXI3	tf_targeting		
FOXI3#chr2:88452615-88452633(+)	FOXI3	tf_targeting		
FOXI3#chr2:88452628-88452646(-)	FOXI3	tf_targeting		
FOXI3#chr2:88452642-88452660(-)	FOXI3	tf_targeting		
FOXI3#chr2:88452665-88452683(-)	FOXI3	tf_targeting		
FOXI3#chr2:88452678-88452696(-)	FOXI3	tf_targeting		
FOXJ1#chr17:76140958-76140976(+)	FOXJ1	tf_targeting		
FOXJ1#chr17:76141110-76141128(-)	FOXJ1	tf_targeting		
FOXJ1#chr17:76141131-76141149(+)	FOXJ1	tf_targeting		
FOXJ1#chr17:76141188-76141206(-)	FOXJ1	tf_targeting		
FOXJ1#chr17:76141232-76141250(-)	FOXJ1	tf_targeting		
FOXJ1#chr17:76141283-76141301(-)	FOXJ1	tf_targeting		
FOXJ2#chr12:8032745-8032763(-)	FOXJ2	tf_targeting	-1.0750315	0.0080311752231976
FOXJ2#chr12:8032755-8032773(-)	FOXJ2	tf_targeting	-1.6371404	0.0030939698684838
FOXJ2#chr12:8032766-8032784(+)	FOXJ2	tf_targeting	-1.8045443	0.0228029503937275
FOXJ2#chr12:8032770-8032788(-)	FOXJ2	tf_targeting	-1.8907896	0.0424402738981613
FOXJ2#chr12:8032784-8032802(-)	FOXJ2	tf_targeting	-1.7693933	0.0554769418451681
FOXJ2#chr12:8032793-8032811(-)	FOXJ2	tf_targeting	-1.6848762	0.0227266980680778
FOXJ3#chr1:42335120-42335138(+)	FOXJ3	tf_targeting	-1.368453	0.0001052338084532
FOXJ3#chr1:42335136-42335154(+)	FOXJ3	tf_targeting	-1.5272304	4.251575553437278e-09
FOXJ3#chr1:42335142-42335160(+)	FOXJ3	tf_targeting	-1.8022645	1.043867045380921e-06
FOXJ3#chr1:42335147-42335165(-)	FOXJ3	tf_targeting	-1.6035256	5.036268008688185e-16
FOXJ3#chr1:42335167-42335185(+)	FOXJ3	tf_targeting	-1.7833172	1.038239397928432e-14
FOXJ3#chr1:42335207-42335225(-)	FOXJ3	tf_targeting	0.16999903	0.5595682543410627
FOXK1#chr7:4682291-4682309(+)	FOXK1	tf_targeting	-1.0229733	0.0547159893838194
FOXK1#chr7:4682301-4682319(+)	FOXK1	tf_targeting	-0.7424676	0.2804854408123698
FOXK1#chr7:4682306-4682324(+)	FOXK1	tf_targeting	-0.7758523	0.1832803178444581
FOXK1#chr7:4682313-4682331(+)	FOXK1	tf_targeting	-0.1254637	0.8530178881752162
FOXK1#chr7:4682486-4682504(-)	FOXK1	tf_targeting	-1.1841131	0.0609510027293581
FOXK1#chr7:4682777-4682795(-)	FOXK1	tf_targeting	-0.38083792	0.6372657096190062
FOXK2#chr17:82519786-82519804(-)	FOXK2	tf_targeting	-0.925907	0.0219307852922525
FOXK2#chr17:82519789-82519807(-)	FOXK2	tf_targeting	-0.69731706	0.0141132989496485
FOXK2#chr17:82519798-82519816(-)	FOXK2	tf_targeting	-1.4592518	7.902558319498372e-08
FOXK2#chr17:82519812-82519830(-)	FOXK2	tf_targeting	-1.7758545	1.8258281600220964e-06
FOXK2#chr17:82519874-82519892(+)	FOXK2	tf_targeting	-0.57500565	0.1757090395058616
FOXK2#chr17:82520125-82520143(-)	FOXK2	tf_targeting	-1.0921992	0.0350118281427488
FOXL1#chr16:86578758-86578776(-)	FOXL1	tf_targeting		
FOXL1#chr16:86578772-86578790(-)	FOXL1	tf_targeting		
FOXL1#chr16:86578782-86578800(+)	FOXL1	tf_targeting		
FOXL1#chr16:86578794-86578812(-)	FOXL1	tf_targeting		
FOXL1#chr16:86578810-86578828(-)	FOXL1	tf_targeting		
FOXL1#chr16:86578923-86578941(+)	FOXL1	tf_targeting		
FOXL2#chr3:138946904-138946922(-)	FOXL2	tf_targeting		
FOXL2#chr3:138946948-138946966(+)	FOXL2	tf_targeting		
FOXL2#chr3:138947055-138947073(-)	FOXL2	tf_targeting		
FOXL2#chr3:138947059-138947077(-)	FOXL2	tf_targeting		
FOXL2#chr3:138947082-138947100(+)	FOXL2	tf_targeting		
FOXL2#chr3:138947110-138947128(-)	FOXL2	tf_targeting		
FOXM1#chr12:2876684-2876702(+)	FOXM1	tf_targeting		
FOXM1#chr12:2876730-2876748(+)	FOXM1	tf_targeting		
FOXM1#chr12:2876902-2876920(-)	FOXM1	tf_targeting		
FOXM1#chr12:2876939-2876957(-)	FOXM1	tf_targeting		
FOXM1#chr12:2876942-2876960(-)	FOXM1	tf_targeting		
FOXM1#chr12:2877146-2877164(-)	FOXM1	tf_targeting		
FOXN1#chr17:28506259-28506277(-)	FOXN1	tf_targeting		
FOXN1#chr17:28506333-28506351(-)	FOXN1	tf_targeting		
FOXN1#chr17:28506353-28506371(+)	FOXN1	tf_targeting		
FOXN1#chr17:28506523-28506541(+)	FOXN1	tf_targeting		
FOXN1#chr17:28506553-28506571(-)	FOXN1	tf_targeting		
FOXN1#chr17:28506570-28506588(+)	FOXN1	tf_targeting		
FOXN2#chr2:48314704-48314722(+)	FOXN2	tf_targeting	-0.8702278	1.5949710960083417e-05
FOXN2#chr2:48314712-48314730(-)	FOXN2	tf_targeting	-0.4508936	0.6105662234604556
FOXN2#chr2:48314722-48314740(-)	FOXN2	tf_targeting	-0.4812415	0.472853980385988
FOXN2#chr2:48314768-48314786(-)	FOXN2	tf_targeting	-0.616123	0.0163585954411691
FOXN2#chr2:48315089-48315107(+)	FOXN2	tf_targeting	0.121984035	0.8491441068465094
FOXN2#chr2:48315112-48315130(+)	FOXN2	tf_targeting	-1.297973	0.0153839131079638
FOXN3#chr14:89416760-89416778(-)	FOXN3	tf_targeting	-0.59572905	0.1159057836397134
FOXN3#chr14:89416781-89416799(+)	FOXN3	tf_targeting	0.4180507	0.2196480285401735
FOXN3#chr14:89416955-89416973(+)	FOXN3	tf_targeting	-0.4610049	0.1271615788159167
FOXN3#chr14:89417153-89417171(+)	FOXN3	tf_targeting	-0.23842257	0.0902298375697676
FOXN3#chr14:89417157-89417175(+)	FOXN3	tf_targeting	-0.8158908	0.0011270790936158
FOXN3#chr14:89417219-89417237(+)	FOXN3	tf_targeting	-0.41562694	0.1519149804059277
FOXN3#chr14:89618942-89618960(+)	FOXN3	tf_targeting	-0.33208558	0.0648628063198337
FOXN3#chr14:89618980-89618998(+)	FOXN3	tf_targeting	-0.013352536	0.957652753292616
FOXN3#chr14:89619053-89619071(+)	FOXN3	tf_targeting	-0.4985126	0.0698366409208395
FOXN3#chr14:89619077-89619095(+)	FOXN3	tf_targeting	-0.62057287	7.983023921519682e-06
FOXN3#chr14:89619123-89619141(-)	FOXN3	tf_targeting	-0.460362	0.038073962425441
FOXN3#chr14:89619142-89619160(+)	FOXN3	tf_targeting	-0.24352519	0.515506444949188
FOXN4#chr12:109309163-109309181(+)	FOXN4	tf_targeting		
FOXN4#chr12:109309179-109309197(-)	FOXN4	tf_targeting		
FOXN4#chr12:109309192-109309210(-)	FOXN4	tf_targeting		
FOXN4#chr12:109309205-109309223(-)	FOXN4	tf_targeting		
FOXN4#chr12:109309215-109309233(-)	FOXN4	tf_targeting		
FOXN4#chr12:109309259-109309277(-)	FOXN4	tf_targeting		
FOXO1#chr13:40666236-40666254(+)	FOXO1	tf_targeting		
FOXO1#chr13:40666536-40666554(+)	FOXO1	tf_targeting		
FOXO1#chr13:40666566-40666584(-)	FOXO1	tf_targeting		
FOXO1#chr13:40666572-40666590(+)	FOXO1	tf_targeting		
FOXO1#chr13:40666580-40666598(-)	FOXO1	tf_targeting		
FOXO1#chr13:40666626-40666644(-)	FOXO1	tf_targeting		
FOXO3#chr6:108559819-108559837(+)	FOXO3	tf_targeting	-0.65635705	0.2513787898775038
FOXO3#chr6:108559822-108559840(+)	FOXO3	tf_targeting	-0.00045371405	0.9994316721006842
FOXO3#chr6:108559858-108559876(+)	FOXO3	tf_targeting	-0.44488037	0.0630982466807701
FOXO3#chr6:108559861-108559879(+)	FOXO3	tf_targeting	-0.18977942	0.3090857994903607
FOXO3#chr6:108560086-108560104(-)	FOXO3	tf_targeting	0.33314416	0.1387465195059946
FOXO3#chr6:108560230-108560248(+)	FOXO3	tf_targeting	-0.14142217	0.8724714080238805
FOXO3#chr6:108560893-108560911(+)	FOXO3	tf_targeting	0.0083838785	0.969916924901362
FOXO3#chr6:108560921-108560939(+)	FOXO3	tf_targeting	0.15969427	0.2649803982654208
FOXO3#chr6:108560933-108560951(-)	FOXO3	tf_targeting	0.062739074	0.7223805139923585
FOXO3#chr6:108560936-108560954(+)	FOXO3	tf_targeting	-0.04872527	0.7947469819430897
FOXO3#chr6:108560951-108560969(+)	FOXO3	tf_targeting	-0.19713153	0.5809684145837122
FOXO3#chr6:108561174-108561192(+)	FOXO3	tf_targeting	-0.18290335	0.2792608435292913
FOXO4#chrX:71095999-71096017(+)	FOXO4	tf_targeting		
FOXO4#chrX:71096008-71096026(+)	FOXO4	tf_targeting		
FOXO4#chrX:71096014-71096032(+)	FOXO4	tf_targeting		
FOXO4#chrX:71096087-71096105(+)	FOXO4	tf_targeting		
FOXO4#chrX:71096090-71096108(+)	FOXO4	tf_targeting		
FOXO4#chrX:71096233-71096251(+)	FOXO4	tf_targeting		
FOXO6#chr1:41361492-41361510(+)	FOXO6	tf_targeting		
FOXO6#chr1:41361499-41361517(+)	FOXO6	tf_targeting		
FOXO6#chr1:41361659-41361677(+)	FOXO6	tf_targeting		
FOXO6#chr1:41361736-41361754(-)	FOXO6	tf_targeting		
FOXO6#chr1:41361940-41361958(+)	FOXO6	tf_targeting		
FOXO6#chr1:41362164-41362182(+)	FOXO6	tf_targeting		
FOXP1#chr3:71244600-71244618(+)	FOXP1	tf_targeting	0.13819258	0.6026505042467944
FOXP1#chr3:71244935-71244953(+)	FOXP1	tf_targeting	0.0072987233	0.981458868903768
FOXP1#chr3:71244941-71244959(-)	FOXP1	tf_targeting	-0.16474855	0.3178425353061216
FOXP1#chr3:71245079-71245097(+)	FOXP1	tf_targeting	-0.22991475	0.3757332028746618
FOXP1#chr3:71245097-71245115(-)	FOXP1	tf_targeting	-0.4492282	0.1565276723768648
FOXP1#chr3:71245158-71245176(+)	FOXP1	tf_targeting	0.6023534	0.4510204817445262
FOXP1#chr3:71543111-71543129(-)	FOXP1	tf_targeting	0.035804994	0.8817089470731303
FOXP1#chr3:71543127-71543145(+)	FOXP1	tf_targeting	-0.42069364	0.0487515017749734
FOXP1#chr3:71543421-71543439(+)	FOXP1	tf_targeting	-0.20404027	0.3275108697071484
FOXP1#chr3:71543441-71543459(+)	FOXP1	tf_targeting	-0.16106464	0.1789674705297369
FOXP1#chr3:71543494-71543512(+)	FOXP1	tf_targeting	-0.5058718	0.4608541035048583
FOXP1#chr3:71543508-71543526(-)	FOXP1	tf_targeting	0.4008638	0.361647465592899
FOXP1#chr3:71583570-71583588(+)	FOXP1	tf_targeting	-0.17161718	0.5226663741058313
FOXP1#chr3:71583755-71583773(+)	FOXP1	tf_targeting	0.034704525	0.8692861959617011
FOXP1#chr3:71583788-71583806(+)	FOXP1	tf_targeting	0.01786887	0.8802066814328692
FOXP1#chr3:71583867-71583885(+)	FOXP1	tf_targeting	-0.13990949	0.565071229471696
FOXP1#chr3:71583908-71583926(+)	FOXP1	tf_targeting	-0.23202455	0.7145918945399408
FOXP1#chr3:71583953-71583971(-)	FOXP1	tf_targeting	0.08857738	0.6119681089614408
FOXP2#chr7:114414365-114414383(+)	FOXP2	tf_targeting		
FOXP2#chr7:114414522-114414540(+)	FOXP2	tf_targeting		
FOXP2#chr7:114414536-114414554(+)	FOXP2	tf_targeting		
FOXP2#chr7:114414553-114414571(+)	FOXP2	tf_targeting		
FOXP2#chr7:114414671-114414689(+)	FOXP2	tf_targeting		
FOXP2#chr7:114414721-114414739(-)	FOXP2	tf_targeting		
FOXP2#chr7:114415016-114415034(-)	FOXP2	tf_targeting		
FOXP2#chr7:114415031-114415049(-)	FOXP2	tf_targeting		
FOXP2#chr7:114415042-114415060(-)	FOXP2	tf_targeting		
FOXP2#chr7:114415137-114415155(+)	FOXP2	tf_targeting		
FOXP2#chr7:114415189-114415207(+)	FOXP2	tf_targeting		
FOXP2#chr7:114415522-114415540(+)	FOXP2	tf_targeting		
FOXP3#chrX:49264466-49264484(-)	FOXP3	tf_targeting		
FOXP3#chrX:49264622-49264640(+)	FOXP3	tf_targeting		
FOXP3#chrX:49264631-49264649(+)	FOXP3	tf_targeting		
FOXP3#chrX:49264644-49264662(+)	FOXP3	tf_targeting		
FOXP3#chrX:49264663-49264681(-)	FOXP3	tf_targeting		
FOXP3#chrX:49264666-49264684(+)	FOXP3	tf_targeting		
FOXP4#chr6:41546382-41546400(-)	FOXP4	tf_targeting	-0.6054565	0.1018216378912398
FOXP4#chr6:41546392-41546410(-)	FOXP4	tf_targeting	-0.16110788	0.7154216000287021
FOXP4#chr6:41546409-41546427(-)	FOXP4	tf_targeting	-1.75878	1.1473271697293758e-05
FOXP4#chr6:41546529-41546547(+)	FOXP4	tf_targeting	-0.44533664	0.1743445539443057
FOXP4#chr6:41546607-41546625(+)	FOXP4	tf_targeting	-0.9423009	2.4601856312169407e-05
FOXP4#chr6:41546611-41546629(+)	FOXP4	tf_targeting	0.571074	0.1258943922090035
FOXQ1#chr6:1312072-1312090(+)	FOXQ1	tf_targeting		
FOXQ1#chr6:1312075-1312093(+)	FOXQ1	tf_targeting		
FOXQ1#chr6:1312126-1312144(+)	FOXQ1	tf_targeting		
FOXQ1#chr6:1312179-1312197(-)	FOXQ1	tf_targeting		
FOXQ1#chr6:1312192-1312210(-)	FOXQ1	tf_targeting		
FOXQ1#chr6:1312302-1312320(-)	FOXQ1	tf_targeting		
FOXR1#chr11:118971752-118971770(+)	FOXR1	tf_targeting		
FOXR1#chr11:118971810-118971828(-)	FOXR1	tf_targeting		
FOXR1#chr11:118971880-118971898(-)	FOXR1	tf_targeting		
FOXR1#chr11:118971963-118971981(-)	FOXR1	tf_targeting		
FOXR1#chr11:118971973-118971991(-)	FOXR1	tf_targeting		
FOXR1#chr11:118971982-118972000(+)	FOXR1	tf_targeting		
FOXR2#chrX:55623405-55623423(-)	FOXR2	tf_targeting		
FOXR2#chrX:55623565-55623583(-)	FOXR2	tf_targeting		
FOXR2#chrX:55623591-55623609(-)	FOXR2	tf_targeting		
FOXR2#chrX:55623605-55623623(-)	FOXR2	tf_targeting		
FOXR2#chrX:55623750-55623768(+)	FOXR2	tf_targeting		
FOXR2#chrX:55623811-55623829(-)	FOXR2	tf_targeting		
FOXS1#chr20:31845280-31845298(-)	FOXS1	tf_targeting		
FOXS1#chr20:31845387-31845405(+)	FOXS1	tf_targeting		
FOXS1#chr20:31845418-31845436(-)	FOXS1	tf_targeting		
FOXS1#chr20:31845438-31845456(-)	FOXS1	tf_targeting		
FOXS1#chr20:31845476-31845494(+)	FOXS1	tf_targeting		
FOXS1#chr20:31845562-31845580(+)	FOXS1	tf_targeting		
FUBP1#chr1:77978618-77978636(+)	FUBP1	tf_targeting	-0.2549374	0.7039599110750674
FUBP1#chr1:77978669-77978687(+)	FUBP1	tf_targeting	-0.84200865	0.3093430106028613
FUBP1#chr1:77978878-77978896(-)	FUBP1	tf_targeting	-0.4146134	0.5608989106482787
FUBP1#chr1:77979024-77979042(-)	FUBP1	tf_targeting	0.13220201	0.8831283875593925
FUBP1#chr1:77979030-77979048(-)	FUBP1	tf_targeting	-0.060959965	0.9463388786535984
FUBP1#chr1:77979033-77979051(-)	FUBP1	tf_targeting	0.030822046	0.9558204902933248
FUBP3#chr9:130579043-130579061(+)	FUBP3	tf_targeting	0.14577591	0.7289929126063405
FUBP3#chr9:130579582-130579600(+)	FUBP3	tf_targeting	-0.37890694	0.623591550953655
FUBP3#chr9:130579587-130579605(+)	FUBP3	tf_targeting	-3.3325071	0.0003800719684588
FUBP3#chr9:130579591-130579609(+)	FUBP3	tf_targeting	-0.7550979	0.380843519833138
FUBP3#chr9:130579784-130579802(+)	FUBP3	tf_targeting	-1.6567787	0.00220067495521
FUBP3#chr9:130579826-130579844(+)	FUBP3	tf_targeting	-1.2402905	0.0652088743837211
FXN#chr9:69035708-69035726(+)	FXN	tf_targeting		
FXN#chr9:69035775-69035793(+)	FXN	tf_targeting		
FXN#chr9:69035803-69035821(-)	FXN	tf_targeting		
FXN#chr9:69035818-69035836(-)	FXN	tf_targeting		
FXN#chr9:69036073-69036091(-)	FXN	tf_targeting		
FXN#chr9:69036078-69036096(-)	FXN	tf_targeting		
GABPA#chr21:25734968-25734986(-)	GABPA	tf_targeting		
GABPA#chr21:25734975-25734993(+)	GABPA	tf_targeting		
GABPA#chr21:25734986-25735004(+)	GABPA	tf_targeting		
GABPA#chr21:25735008-25735026(+)	GABPA	tf_targeting		
GABPA#chr21:25735454-25735472(-)	GABPA	tf_targeting		
GABPA#chr21:25735573-25735591(-)	GABPA	tf_targeting		
GABPB1#chr15:50354626-50354644(+)	GABPB1	tf_targeting	-0.06458235	0.902200297727357
GABPB1#chr15:50354666-50354684(+)	GABPB1	tf_targeting	0.06316275	0.9335639468716512
GABPB1#chr15:50354682-50354700(+)	GABPB1	tf_targeting	0.19424252	0.7895861470726709
GABPB1#chr15:50354692-50354710(+)	GABPB1	tf_targeting	-0.23350489	0.7348523120092207
GABPB1#chr15:50354995-50355013(+)	GABPB1	tf_targeting	-0.19379811	0.820298690124944
GABPB1#chr15:50355037-50355055(+)	GABPB1	tf_targeting	-0.29344672	0.7486152289910408
GAS7#chr17:10198513-10198531(-)	GAS7	tf_targeting		
GAS7#chr17:10198564-10198582(+)	GAS7	tf_targeting		
GAS7#chr17:10198666-10198684(+)	GAS7	tf_targeting		
GAS7#chr17:10198687-10198705(+)	GAS7	tf_targeting		
GAS7#chr17:10198702-10198720(+)	GAS7	tf_targeting		
GAS7#chr17:10198733-10198751(-)	GAS7	tf_targeting		
GATA1#chrX:48786581-48786599(-)	GATA1	tf_targeting		
GATA1#chrX:48786584-48786602(-)	GATA1	tf_targeting		
GATA1#chrX:48786594-48786612(+)	GATA1	tf_targeting		
GATA1#chrX:48786627-48786645(-)	GATA1	tf_targeting		
GATA1#chrX:48786700-48786718(-)	GATA1	tf_targeting		
GATA1#chrX:48786706-48786724(-)	GATA1	tf_targeting		
GATA2#chr3:128487497-128487515(-)	GATA2	tf_targeting		
GATA2#chr3:128487807-128487825(+)	GATA2	tf_targeting		
GATA2#chr3:128487820-128487838(+)	GATA2	tf_targeting		
GATA2#chr3:128487883-128487901(-)	GATA2	tf_targeting		
GATA2#chr3:128487893-128487911(-)	GATA2	tf_targeting		
GATA2#chr3:128487918-128487936(-)	GATA2	tf_targeting		
GATA2#chr3:128492779-128492797(+)	GATA2	tf_targeting		
GATA2#chr3:128493094-128493112(+)	GATA2	tf_targeting		
GATA2#chr3:128493133-128493151(+)	GATA2	tf_targeting		
GATA2#chr3:128493142-128493160(+)	GATA2	tf_targeting		
GATA2#chr3:128493151-128493169(-)	GATA2	tf_targeting		
GATA2#chr3:128493159-128493177(+)	GATA2	tf_targeting		
GATA3#chr10:8054872-8054890(-)	GATA3	tf_targeting	0.059371013	0.9511747741426618
GATA3#chr10:8054890-8054908(-)	GATA3	tf_targeting	-0.5783507	0.4470163475332438
GATA3#chr10:8055021-8055039(+)	GATA3	tf_targeting	-0.11988888	0.59038457706364
GATA3#chr10:8055077-8055095(-)	GATA3	tf_targeting	-0.39944577	0.6495724380798897
GATA3#chr10:8055184-8055202(-)	GATA3	tf_targeting	-1.3125561	0.0108755034437341
GATA3#chr10:8055233-8055251(+)	GATA3	tf_targeting	-0.5604973	0.1842577625933419
GATA4#chr8:11704145-11704163(+)	GATA4	tf_targeting	0.018638775	0.8718914010170402
GATA4#chr8:11704184-11704202(+)	GATA4	tf_targeting	-0.24277827	0.056933379293732
GATA4#chr8:11704190-11704208(+)	GATA4	tf_targeting	0.107846096	0.1960475561434905
GATA4#chr8:11704208-11704226(+)	GATA4	tf_targeting	-0.26276574	0.0695428082145821
GATA4#chr8:11704233-11704251(-)	GATA4	tf_targeting	-0.43249595	8.778250500035365e-06
GATA4#chr8:11704271-11704289(-)	GATA4	tf_targeting	-0.38861457	0.0052701376659848
GATA5#chr20:62475626-62475644(-)	GATA5	tf_targeting	-2.4458046	4.042673947494652e-13
GATA5#chr20:62475629-62475647(-)	GATA5	tf_targeting	-2.063611	4.445186428868476e-09
GATA5#chr20:62475758-62475776(-)	GATA5	tf_targeting	-0.23341618	0.6582589611161482
GATA5#chr20:62475786-62475804(+)	GATA5	tf_targeting	-1.6907779	9.20812624016756e-06
GATA5#chr20:62475920-62475938(+)	GATA5	tf_targeting	-0.6450067	0.3589125315929043
GATA5#chr20:62475976-62475994(+)	GATA5	tf_targeting	-2.1625996	3.622484785335484e-11
GATA6#chr18:22169605-22169623(-)	GATA6	tf_targeting	0.21582143	0.2209081659543141
GATA6#chr18:22169615-22169633(-)	GATA6	tf_targeting	-0.3127012	0.3125536552275528
GATA6#chr18:22169629-22169647(-)	GATA6	tf_targeting	-0.19937585	0.7039963452559918
GATA6#chr18:22169648-22169666(-)	GATA6	tf_targeting	-0.15826556	0.4023502709977351
GATA6#chr18:22169651-22169669(-)	GATA6	tf_targeting	-0.061316416	0.739796262431917
GATA6#chr18:22169676-22169694(-)	GATA6	tf_targeting	0.05131945	0.8502281458396348
GATAD1#chr7:92447490-92447508(-)	GATAD1	tf_targeting	-1.0236831	0.2207964620512442
GATAD1#chr7:92447503-92447521(-)	GATAD1	tf_targeting	-0.5610697	0.5183072521610081
GATAD1#chr7:92447565-92447583(-)	GATAD1	tf_targeting	-1.0678204	0.0908417925543292
GATAD1#chr7:92447627-92447645(-)	GATAD1	tf_targeting	-0.45466232	0.3548958040403802
GATAD1#chr7:92447635-92447653(-)	GATAD1	tf_targeting	-1.2317336	0.0040311509344807
GATAD1#chr7:92447642-92447660(+)	GATAD1	tf_targeting	-0.8612268	0.2446369223756252
GATAD2A#chr19:19385794-19385812(+)	GATAD2A	tf_targeting	-1.1978272	0.0654901605724467
GATAD2A#chr19:19385962-19385980(+)	GATAD2A	tf_targeting	0.4117926	0.0593371458770275
GATAD2A#chr19:19385966-19385984(+)	GATAD2A	tf_targeting	-0.40051615	0.3001604197018876
GATAD2A#chr19:19386028-19386046(+)	GATAD2A	tf_targeting	0.2344401	0.2527122747541665
GATAD2A#chr19:19386042-19386060(-)	GATAD2A	tf_targeting	-1.2071558	0.0179283087722002
GATAD2A#chr19:19386086-19386104(+)	GATAD2A	tf_targeting	-0.12650417	0.5568531678443156
GATAD2A#chr19:19405761-19405779(+)	GATAD2A	tf_targeting	-0.23341313	0.3633169140914721
GATAD2A#chr19:19405799-19405817(+)	GATAD2A	tf_targeting	-0.17953755	0.7122985278697782
GATAD2A#chr19:19405804-19405822(-)	GATAD2A	tf_targeting	-0.5736836	0.337852969955935
GATAD2A#chr19:19405975-19405993(-)	GATAD2A	tf_targeting	0.15690494	0.5574338239704069
GATAD2A#chr19:19406203-19406221(-)	GATAD2A	tf_targeting	-0.8399446	0.2669290165003154
GATAD2A#chr19:19406220-19406238(-)	GATAD2A	tf_targeting	-0.9387752	0.1576391135143799
GATAD2B#chr1:153922304-153922322(+)	GATAD2B	tf_targeting	-0.29548585	0.2195780157199889
GATAD2B#chr1:153922668-153922686(-)	GATAD2B	tf_targeting	-1.6656649	0.000126933446163
GATAD2B#chr1:153922735-153922753(-)	GATAD2B	tf_targeting	-2.2082536	4.189044942348349e-06
GATAD2B#chr1:153922885-153922903(+)	GATAD2B	tf_targeting	-1.8278813	0.0034913845518558
GATAD2B#chr1:153922894-153922912(+)	GATAD2B	tf_targeting	-1.2020334	0.0190293277794532
GATAD2B#chr1:153922897-153922915(+)	GATAD2B	tf_targeting	-2.8466048	4.585780807587786e-07
GBX1#chr7:151167377-151167395(+)	GBX1	tf_targeting		
GBX1#chr7:151167451-151167469(+)	GBX1	tf_targeting		
GBX1#chr7:151167457-151167475(+)	GBX1	tf_targeting		
GBX1#chr7:151167572-151167590(-)	GBX1	tf_targeting		
GBX1#chr7:151167617-151167635(+)	GBX1	tf_targeting		
GBX1#chr7:151167675-151167693(+)	GBX1	tf_targeting		
GBX1#chr7:151174474-151174492(+)	GBX1	tf_targeting		
GBX1#chr7:151174485-151174503(-)	GBX1	tf_targeting		
GBX1#chr7:151174706-151174724(-)	GBX1	tf_targeting		
GBX1#chr7:151174709-151174727(-)	GBX1	tf_targeting		
GBX1#chr7:151174719-151174737(-)	GBX1	tf_targeting		
GBX1#chr7:151174724-151174742(-)	GBX1	tf_targeting		
GBX2#chr2:236167979-236167997(+)	GBX2	tf_targeting		
GBX2#chr2:236168298-236168316(-)	GBX2	tf_targeting		
GBX2#chr2:236168310-236168328(-)	GBX2	tf_targeting		
GBX2#chr2:236168331-236168349(-)	GBX2	tf_targeting		
GBX2#chr2:236168345-236168363(+)	GBX2	tf_targeting		
GBX2#chr2:236168351-236168369(-)	GBX2	tf_targeting		
GCFC2#chr2:75710658-75710676(+)	GCFC2	tf_targeting	-0.551199	0.5321661271417779
GCFC2#chr2:75710661-75710679(+)	GCFC2	tf_targeting	-2.565722	0.0090664866615329
GCFC2#chr2:75710699-75710717(+)	GCFC2	tf_targeting	-1.4323881	2.0472296758639523e-05
GCFC2#chr2:75710710-75710728(-)	GCFC2	tf_targeting	-1.8869529	0.0500335410405225
GCFC2#chr2:75710838-75710856(-)	GCFC2	tf_targeting	-2.4126265	0.0087186187455681
GCFC2#chr2:75710882-75710900(-)	GCFC2	tf_targeting	-1.5867615	0.0932923160458111
GCM1#chr6:53148549-53148567(-)	GCM1	tf_targeting		
GCM1#chr6:53148679-53148697(+)	GCM1	tf_targeting		
GCM1#chr6:53148717-53148735(-)	GCM1	tf_targeting		
GCM1#chr6:53148728-53148746(-)	GCM1	tf_targeting		
GCM1#chr6:53148733-53148751(-)	GCM1	tf_targeting		
GCM1#chr6:53148789-53148807(+)	GCM1	tf_targeting		
GCM2#chr6:10881968-10881986(+)	GCM2	tf_targeting		
GCM2#chr6:10881984-10882002(-)	GCM2	tf_targeting		
GCM2#chr6:10881995-10882013(-)	GCM2	tf_targeting		
GCM2#chr6:10882007-10882025(-)	GCM2	tf_targeting		
GCM2#chr6:10882013-10882031(+)	GCM2	tf_targeting		
GCM2#chr6:10882030-10882048(-)	GCM2	tf_targeting		
GFI1#chr1:92483544-92483562(-)	GFI1	tf_targeting		
GFI1#chr1:92483680-92483698(+)	GFI1	tf_targeting		
GFI1#chr1:92483697-92483715(-)	GFI1	tf_targeting		
GFI1#chr1:92483732-92483750(+)	GFI1	tf_targeting		
GFI1#chr1:92483766-92483784(-)	GFI1	tf_targeting		
GFI1#chr1:92483782-92483800(-)	GFI1	tf_targeting		
GFI1#chr1:92485858-92485876(+)	GFI1	tf_targeting		
GFI1#chr1:92485978-92485996(+)	GFI1	tf_targeting		
GFI1#chr1:92485986-92486004(+)	GFI1	tf_targeting		
GFI1#chr1:92485998-92486016(+)	GFI1	tf_targeting		
GFI1#chr1:92486006-92486024(+)	GFI1	tf_targeting		
GFI1#chr1:92486012-92486030(+)	GFI1	tf_targeting		
GFI1B#chr9:132978740-132978758(+)	GFI1B	tf_targeting		
GFI1B#chr9:132978759-132978777(+)	GFI1B	tf_targeting		
GFI1B#chr9:132978780-132978798(+)	GFI1B	tf_targeting		
GFI1B#chr9:132978789-132978807(+)	GFI1B	tf_targeting		
GFI1B#chr9:132978795-132978813(-)	GFI1B	tf_targeting		
GFI1B#chr9:132978798-132978816(-)	GFI1B	tf_targeting		
GLI1#chr12:57459778-57459796(+)	GLI1	tf_targeting		
GLI1#chr12:57459789-57459807(+)	GLI1	tf_targeting		
GLI1#chr12:57459794-57459812(+)	GLI1	tf_targeting		
GLI1#chr12:57459804-57459822(-)	GLI1	tf_targeting		
GLI1#chr12:57459860-57459878(-)	GLI1	tf_targeting		
GLI1#chr12:57459880-57459898(-)	GLI1	tf_targeting		
GLI2#chr2:120792263-120792281(-)	GLI2	tf_targeting	-0.3089645	0.6748679588251628
GLI2#chr2:120792273-120792291(+)	GLI2	tf_targeting	-0.37933722	0.2720297026295997
GLI2#chr2:120792431-120792449(+)	GLI2	tf_targeting	-0.048260234	0.8755630041275989
GLI2#chr2:120792442-120792460(+)	GLI2	tf_targeting	-0.62099874	0.3465873965913016
GLI2#chr2:120792469-120792487(+)	GLI2	tf_targeting	0.0737362	0.9107687935168672
GLI2#chr2:120792484-120792502(-)	GLI2	tf_targeting	0.22156125	0.5341166640623873
GLI2#chr2:120797294-120797312(+)	GLI2	tf_targeting	-0.37504116	0.3794569270019157
GLI2#chr2:120797299-120797317(-)	GLI2	tf_targeting	-0.12113416	0.7777186489405847
GLI2#chr2:120797303-120797321(+)	GLI2	tf_targeting	0.31361598	0.192560193923802
GLI2#chr2:120797349-120797367(-)	GLI2	tf_targeting	0.09243477	0.7512666207075053
GLI2#chr2:120797363-120797381(+)	GLI2	tf_targeting	0.00512389	0.9881215447206466
GLI2#chr2:120797367-120797385(-)	GLI2	tf_targeting	-0.5289394	0.3507366288225644
GLI3#chr7:42236803-42236821(+)	GLI3	tf_targeting	-0.6948459	0.0144284354864783
GLI3#chr7:42236955-42236973(+)	GLI3	tf_targeting	-0.70712006	0.1694949520954821
GLI3#chr7:42236958-42236976(+)	GLI3	tf_targeting	-0.7878355	0.0002292361797875
GLI3#chr7:42236964-42236982(+)	GLI3	tf_targeting	-1.1528331	0.0024476120196984
GLI3#chr7:42236998-42237016(-)	GLI3	tf_targeting	-0.9285442	0.1870098235271074
GLI3#chr7:42237160-42237178(+)	GLI3	tf_targeting	-0.8948357	2.719200441734346e-07
GLI4#chr8:143267464-143267482(+)	GLI4	tf_targeting		
GLI4#chr8:143267470-143267488(-)	GLI4	tf_targeting		
GLI4#chr8:143267472-143267490(+)	GLI4	tf_targeting		
GLI4#chr8:143267477-143267495(-)	GLI4	tf_targeting		
GLI4#chr8:143267481-143267499(+)	GLI4	tf_targeting		
GLI4#chr8:143267536-143267554(-)	GLI4	tf_targeting		
GLIS1#chr1:53733856-53733874(+)	GLIS1	tf_targeting		
GLIS1#chr1:53734028-53734046(-)	GLIS1	tf_targeting		
GLIS1#chr1:53734031-53734049(-)	GLIS1	tf_targeting		
GLIS1#chr1:53734099-53734117(+)	GLIS1	tf_targeting		
GLIS1#chr1:53734115-53734133(-)	GLIS1	tf_targeting		
GLIS1#chr1:53734117-53734135(+)	GLIS1	tf_targeting		
GLIS2#chr16:4334854-4334872(+)	GLIS2	tf_targeting		
GLIS2#chr16:4334905-4334923(-)	GLIS2	tf_targeting		
GLIS2#chr16:4334910-4334928(-)	GLIS2	tf_targeting		
GLIS2#chr16:4334915-4334933(-)	GLIS2	tf_targeting		
GLIS2#chr16:4334951-4334969(-)	GLIS2	tf_targeting		
GLIS2#chr16:4335057-4335075(-)	GLIS2	tf_targeting		
GLIS3#chr9:4299836-4299854(-)	GLIS3	tf_targeting		
GLIS3#chr9:4299860-4299878(-)	GLIS3	tf_targeting		
GLIS3#chr9:4299870-4299888(+)	GLIS3	tf_targeting		
GLIS3#chr9:4299954-4299972(-)	GLIS3	tf_targeting		
GLIS3#chr9:4299987-4300005(+)	GLIS3	tf_targeting		
GLIS3#chr9:4300060-4300078(+)	GLIS3	tf_targeting		
GLYR1#chr16:4847114-4847132(-)	GLYR1	tf_targeting	-0.07390666	0.8312636791323667
GLYR1#chr16:4847230-4847248(-)	GLYR1	tf_targeting	-0.1813808	0.2695962443431592
GLYR1#chr16:4847243-4847261(-)	GLYR1	tf_targeting	-1.181851	0.0032787045772261
GLYR1#chr16:4847276-4847294(-)	GLYR1	tf_targeting	-0.023340091	0.945089611083314
GLYR1#chr16:4847284-4847302(-)	GLYR1	tf_targeting	-0.6263786	0.0003183168802483
GLYR1#chr16:4847287-4847305(-)	GLYR1	tf_targeting	-0.5828301	0.0007450284972368
GMEB1#chr1:28668819-28668837(+)	GMEB1	tf_targeting		
GMEB1#chr1:28668978-28668996(-)	GMEB1	tf_targeting		
GMEB1#chr1:28668986-28669004(-)	GMEB1	tf_targeting		
GMEB1#chr1:28669005-28669023(-)	GMEB1	tf_targeting		
GMEB1#chr1:28669111-28669129(+)	GMEB1	tf_targeting		
GMEB1#chr1:28669183-28669201(+)	GMEB1	tf_targeting		
GMEB2#chr20:63626713-63626731(+)	GMEB2	tf_targeting		
GMEB2#chr20:63626873-63626891(+)	GMEB2	tf_targeting		
GMEB2#chr20:63626970-63626988(+)	GMEB2	tf_targeting		
GMEB2#chr20:63627041-63627059(-)	GMEB2	tf_targeting		
GMEB2#chr20:63627050-63627068(+)	GMEB2	tf_targeting		
GMEB2#chr20:63627055-63627073(-)	GMEB2	tf_targeting		
GON4L#chr1:155856958-155856976(-)	GON4L	tf_targeting	-0.1103055	0.8946200479210618
GON4L#chr1:155857031-155857049(-)	GON4L	tf_targeting	-0.1479854	0.8765142594628315
GON4L#chr1:155857058-155857076(-)	GON4L	tf_targeting	-0.103183106	0.9024333797450044
GON4L#chr1:155857156-155857174(-)	GON4L	tf_targeting	0.18447822	0.8327245813272596
GON4L#chr1:155857163-155857181(+)	GON4L	tf_targeting	0.22325203	0.8143315756114007
GON4L#chr1:155857169-155857187(+)	GON4L	tf_targeting	-0.18795231	0.8394126363994764
GON4L#chr1:155859293-155859311(-)	GON4L	tf_targeting	-0.3603234	0.155879618513719
GON4L#chr1:155859306-155859324(-)	GON4L	tf_targeting	-0.70888215	0.1245745833833073
GON4L#chr1:155859324-155859342(+)	GON4L	tf_targeting	-0.31381276	0.4565626993147961
GON4L#chr1:155859330-155859348(+)	GON4L	tf_targeting	-0.22230357	0.1799825098234266
GON4L#chr1:155859343-155859361(+)	GON4L	tf_targeting	-0.081958525	0.8682552473409378
GON4L#chr1:155859355-155859373(+)	GON4L	tf_targeting	-0.10875238	0.7959772340499263
GPBP1#chr5:57173821-57173839(+)	GPBP1	tf_targeting	0.10028448	0.7371402307888333
GPBP1#chr5:57174054-57174072(+)	GPBP1	tf_targeting	0.18932664	0.6034914230654415
GPBP1#chr5:57174081-57174099(-)	GPBP1	tf_targeting	-0.12548032	0.5832474086355813
GPBP1#chr5:57174086-57174104(+)	GPBP1	tf_targeting	-0.45351446	0.1197258637067892
GPBP1#chr5:57174278-57174296(+)	GPBP1	tf_targeting	0.0661818	0.9257628882736924
GPBP1#chr5:57174320-57174338(+)	GPBP1	tf_targeting	-0.7332609	0.0100528638100455
GPBP1L1#chr1:45686266-45686284(-)	GPBP1L1	tf_targeting	-1.5874544	0.0445602138592265
GPBP1L1#chr1:45686468-45686486(+)	GPBP1L1	tf_targeting	-1.2965657	0.0060769071931813
GPBP1L1#chr1:45686507-45686525(-)	GPBP1L1	tf_targeting	-1.0833747	0.0065207865821223
GPBP1L1#chr1:45686536-45686554(+)	GPBP1L1	tf_targeting	-0.26388115	0.7189248989586905
GPBP1L1#chr1:45686541-45686559(-)	GPBP1L1	tf_targeting	-1.0359	0.0192482552502992
GPBP1L1#chr1:45686817-45686835(-)	GPBP1L1	tf_targeting	-0.24176867	0.3459800943475245
GRHL1#chr2:9951703-9951721(+)	GRHL1	tf_targeting		
GRHL1#chr2:9951713-9951731(-)	GRHL1	tf_targeting		
GRHL1#chr2:9951718-9951736(-)	GRHL1	tf_targeting		
GRHL1#chr2:9951763-9951781(-)	GRHL1	tf_targeting		
GRHL1#chr2:9951766-9951784(-)	GRHL1	tf_targeting		
GRHL1#chr2:9951770-9951788(-)	GRHL1	tf_targeting		
GRHL2#chr8:101492459-101492477(-)	GRHL2	tf_targeting		
GRHL2#chr8:101492500-101492518(-)	GRHL2	tf_targeting		
GRHL2#chr8:101492605-101492623(+)	GRHL2	tf_targeting		
GRHL2#chr8:101492668-101492686(-)	GRHL2	tf_targeting		
GRHL2#chr8:101493045-101493063(-)	GRHL2	tf_targeting		
GRHL2#chr8:101493212-101493230(+)	GRHL2	tf_targeting		
GRHL3#chr1:24319344-24319362(+)	GRHL3	tf_targeting		
GRHL3#chr1:24319371-24319389(-)	GRHL3	tf_targeting		
GRHL3#chr1:24319384-24319402(-)	GRHL3	tf_targeting		
GRHL3#chr1:24319513-24319531(+)	GRHL3	tf_targeting		
GRHL3#chr1:24319519-24319537(-)	GRHL3	tf_targeting		
GRHL3#chr1:24319943-24319961(+)	GRHL3	tf_targeting		
GSC#chr14:94769612-94769630(+)	GSC	tf_targeting		
GSC#chr14:94769685-94769703(+)	GSC	tf_targeting		
GSC#chr14:94769846-94769864(+)	GSC	tf_targeting		
GSC#chr14:94769900-94769918(+)	GSC	tf_targeting		
GSC#chr14:94770059-94770077(+)	GSC	tf_targeting		
GSC2#chr22:19149909-19149927(+)	GSC2	tf_targeting		
GSC2#chr22:19150116-19150134(-)	GSC2	tf_targeting		
GSC2#chr22:19150183-19150201(+)	GSC2	tf_targeting		
GSC2#chr22:19150201-19150219(+)	GSC2	tf_targeting		
GSC2#chr22:19150207-19150225(+)	GSC2	tf_targeting		
GSC2#chr22:19150233-19150251(+)	GSC2	tf_targeting		
GSX1#chr13:27792500-27792518(+)	GSX1	tf_targeting		
GSX1#chr13:27792506-27792524(-)	GSX1	tf_targeting		
GSX1#chr13:27792527-27792545(-)	GSX1	tf_targeting		
GSX1#chr13:27792555-27792573(-)	GSX1	tf_targeting		
GSX1#chr13:27792567-27792585(-)	GSX1	tf_targeting		
GSX1#chr13:27792737-27792755(+)	GSX1	tf_targeting		
GSX2#chr4:54100171-54100189(+)	GSX2	tf_targeting		
GSX2#chr4:54100185-54100203(-)	GSX2	tf_targeting		
GSX2#chr4:54100212-54100230(-)	GSX2	tf_targeting		
GSX2#chr4:54100219-54100237(+)	GSX2	tf_targeting		
GSX2#chr4:54100226-54100244(-)	GSX2	tf_targeting		
GSX2#chr4:54100251-54100269(+)	GSX2	tf_targeting		
GTF2A1#chr14:81220447-81220465(+)	GTF2A1	tf_targeting	0.014989774	0.968148267476292
GTF2A1#chr14:81220472-81220490(+)	GTF2A1	tf_targeting	-0.7092794	0.3731041477206016
GTF2A1#chr14:81220822-81220840(-)	GTF2A1	tf_targeting	-0.45179078	0.147998774908439
GTF2A1#chr14:81220875-81220893(-)	GTF2A1	tf_targeting	0.04627646	0.9471105667231244
GTF2A1#chr14:81220898-81220916(-)	GTF2A1	tf_targeting	-0.16821656	0.8320519416236939
GTF2A1#chr14:81220913-81220931(-)	GTF2A1	tf_targeting	0.005199037	0.9933402204431112
GTF2A1L#chr2:48617809-48617827(-)	GTF2A1L	tf_targeting		
GTF2A1L#chr2:48617875-48617893(+)	GTF2A1L	tf_targeting		
GTF2A1L#chr2:48617880-48617898(+)	GTF2A1L	tf_targeting		
GTF2A1L#chr2:48617892-48617910(-)	GTF2A1L	tf_targeting		
GTF2A1L#chr2:48617904-48617922(+)	GTF2A1L	tf_targeting		
GTF2A1L#chr2:48617909-48617927(-)	GTF2A1L	tf_targeting		
GTF2A2#chr15:59657160-59657178(-)	GTF2A2	tf_targeting	-1.631998	0.0198809001138229
GTF2A2#chr15:59657254-59657272(+)	GTF2A2	tf_targeting	-1.2722976	0.0073896226308018
GTF2A2#chr15:59657323-59657341(-)	GTF2A2	tf_targeting	0.26265478	0.7225684067651079
GTF2A2#chr15:59657438-59657456(+)	GTF2A2	tf_targeting	-0.82808846	0.1267700050100579
GTF2A2#chr15:59657458-59657476(-)	GTF2A2	tf_targeting	-0.3175916	0.603926977313481
GTF2A2#chr15:59657472-59657490(-)	GTF2A2	tf_targeting	-0.29848742	0.730685536334178
GTF2B#chr1:88891086-88891104(-)	GTF2B	tf_targeting	-0.262799	0.7195719028755623
GTF2B#chr1:88891312-88891330(-)	GTF2B	tf_targeting	0.008954039	0.9919348544593878
GTF2B#chr1:88891399-88891417(-)	GTF2B	tf_targeting	-0.27850935	0.7595859984633373
GTF2B#chr1:88891464-88891482(+)	GTF2B	tf_targeting	-0.14957047	0.8717911316637719
GTF2B#chr1:88891468-88891486(+)	GTF2B	tf_targeting	-0.0071261986	0.9939638207973704
GTF2B#chr1:88891486-88891504(+)	GTF2B	tf_targeting	0.13632642	0.8917344199446807
GTF2E1#chr3:120742738-120742756(+)	GTF2E1	tf_targeting		
GTF2E1#chr3:120742803-120742821(-)	GTF2E1	tf_targeting		
GTF2E1#chr3:120742817-120742835(-)	GTF2E1	tf_targeting		
GTF2E1#chr3:120742948-120742966(-)	GTF2E1	tf_targeting		
GTF2E1#chr3:120742951-120742969(+)	GTF2E1	tf_targeting		
GTF2E1#chr3:120742956-120742974(+)	GTF2E1	tf_targeting		
GTF2F1#chr19:6393083-6393101(-)	GTF2F1	tf_targeting	-0.13219234	0.8346881712283506
GTF2F1#chr19:6393086-6393104(-)	GTF2F1	tf_targeting	-0.6360055	0.3970374427099699
GTF2F1#chr19:6393109-6393127(+)	GTF2F1	tf_targeting	0.059885643	0.9398754500159936
GTF2F1#chr19:6393118-6393136(+)	GTF2F1	tf_targeting	-0.24023388	0.7897265929452324
GTF2F1#chr19:6393122-6393140(-)	GTF2F1	tf_targeting	-0.09839355	0.914416052786522
GTF2F1#chr19:6393127-6393145(-)	GTF2F1	tf_targeting	-0.3873736	0.6325793754705542
GTF2F2#chr13:45120463-45120481(+)	GTF2F2	tf_targeting	-0.9792014	0.0402542099914617
GTF2F2#chr13:45120508-45120526(+)	GTF2F2	tf_targeting	-0.031720262	0.9720101143297916
GTF2F2#chr13:45120546-45120564(-)	GTF2F2	tf_targeting	-0.21634968	0.7988771001113019
GTF2F2#chr13:45120557-45120575(-)	GTF2F2	tf_targeting	-0.07842703	0.9139068666358152
GTF2F2#chr13:45120575-45120593(-)	GTF2F2	tf_targeting	0.09797617	0.8544741750736884
GTF2F2#chr13:45120666-45120684(+)	GTF2F2	tf_targeting	-0.089487866	0.9111387191444116
GTF2H1#chr11:18322583-18322601(-)	GTF2H1	tf_targeting	0.08261083	0.8981095961537662
GTF2H1#chr11:18322593-18322611(+)	GTF2H1	tf_targeting	-0.23771629	0.7788764764914229
GTF2H1#chr11:18322601-18322619(-)	GTF2H1	tf_targeting	-0.43159485	0.5541283340410094
GTF2H1#chr11:18322636-18322654(-)	GTF2H1	tf_targeting	-0.15179749	0.8687515234495853
GTF2H1#chr11:18322751-18322769(+)	GTF2H1	tf_targeting	-0.013152575	0.9809694045427336
GTF2H1#chr11:18322834-18322852(-)	GTF2H1	tf_targeting	-0.7324558	0.3623935190828085
GTF2H3#chr12:123633820-123633838(-)	GTF2H3	tf_targeting	-0.9670211	0.2954219058665084
GTF2H3#chr12:123633832-123633850(+)	GTF2H3	tf_targeting	-0.011584211	0.9885989405651816
GTF2H3#chr12:123633857-123633875(+)	GTF2H3	tf_targeting	-0.10602179	0.9152962360664882
GTF2H3#chr12:123633861-123633879(-)	GTF2H3	tf_targeting	0.18162477	0.8444283561169497
GTF2H3#chr12:123633883-123633901(-)	GTF2H3	tf_targeting	0.22917067	0.7588797259459075
GTF2H3#chr12:123633906-123633924(-)	GTF2H3	tf_targeting	-0.51191854	0.4900600400837518
GTF2I#chr7:74657753-74657771(-)	GTF2I	tf_targeting	-0.5080151	0.351972938758642
GTF2I#chr7:74657810-74657828(-)	GTF2I	tf_targeting	-0.44576812	0.3987921237983995
GTF2I#chr7:74657831-74657849(-)	GTF2I	tf_targeting	0.12779838	0.873432697301217
GTF2I#chr7:74657834-74657852(+)	GTF2I	tf_targeting	-0.71431	0.2345302982097671
GTF2I#chr7:74657902-74657920(+)	GTF2I	tf_targeting	-0.5202175	0.0080942067074948
GTF2I#chr7:74657913-74657931(-)	GTF2I	tf_targeting	-1.5234457	1.6150450198553983e-05
GTF2IRD1#chr7:74453961-74453979(+)	GTF2IRD1	tf_targeting	-0.52335685	0.4250483736606082
GTF2IRD1#chr7:74453965-74453983(+)	GTF2IRD1	tf_targeting	-1.3591816	1.051512651761685e-09
GTF2IRD1#chr7:74454043-74454061(-)	GTF2IRD1	tf_targeting	-0.26099396	0.6356701575191651
GTF2IRD1#chr7:74454148-74454166(-)	GTF2IRD1	tf_targeting	-1.8353671	1.0857806337617183e-07
GTF2IRD1#chr7:74454156-74454174(+)	GTF2IRD1	tf_targeting	-1.9687533	3.800550398423458e-05
GTF2IRD1#chr7:74454242-74454260(-)	GTF2IRD1	tf_targeting	-1.647853	0.0952613812376908
GTF3A#chr13:27424631-27424649(+)	GTF3A	tf_targeting	-0.24053152	0.686837396690653
GTF3A#chr13:27424674-27424692(-)	GTF3A	tf_targeting	-1.0968417	0.0300469426661774
GTF3A#chr13:27424739-27424757(-)	GTF3A	tf_targeting	-1.9383656	0.0287639880723549
GTF3A#chr13:27424747-27424765(+)	GTF3A	tf_targeting	-0.10949388	0.8402752290727764
GTF3A#chr13:27425000-27425018(-)	GTF3A	tf_targeting	-0.89358944	0.0031208901479517
GTF3A#chr13:27425120-27425138(-)	GTF3A	tf_targeting	-0.08228414	0.7906508356994333
GTF3C3#chr2:196799439-196799457(+)	GTF3C3	tf_targeting	-0.08446502	0.9146998619432708
GTF3C3#chr2:196799448-196799466(+)	GTF3C3	tf_targeting	0.04734823	0.9594322774164192
GTF3C3#chr2:196799464-196799482(+)	GTF3C3	tf_targeting	-0.13180573	0.882283345798673
GTF3C3#chr2:196799638-196799656(-)	GTF3C3	tf_targeting	-0.086306356	0.9279945590727628
GTF3C3#chr2:196799674-196799692(-)	GTF3C3	tf_targeting	0.02707841	0.9765214269537332
GTF3C3#chr2:196799678-196799696(-)	GTF3C3	tf_targeting	-0.15898839	0.8553538123183262
GZF1#chr20:23362171-23362189(+)	GZF1	tf_targeting		
GZF1#chr20:23362184-23362202(+)	GZF1	tf_targeting		
GZF1#chr20:23362188-23362206(-)	GZF1	tf_targeting		
GZF1#chr20:23362191-23362209(+)	GZF1	tf_targeting		
GZF1#chr20:23362289-23362307(-)	GZF1	tf_targeting		
GZF1#chr20:23362410-23362428(+)	GZF1	tf_targeting		
HAND1#chr5:154477779-154477797(+)	HAND1	tf_targeting	-1.9563594	8.191568553042985e-35
HAND1#chr5:154477830-154477848(+)	HAND1	tf_targeting	-0.8107443	0.1664349931511485
HAND1#chr5:154477998-154478016(-)	HAND1	tf_targeting	-0.5295929	6.852655941159771e-11
HAND1#chr5:154478161-154478179(-)	HAND1	tf_targeting	-2.3315675	6.197033284575615e-20
HAND1#chr5:154478176-154478194(-)	HAND1	tf_targeting	-2.6428113	1.1851550018518944e-73
HAND1#chr5:154478186-154478204(-)	HAND1	tf_targeting	-1.9527363	1.2094954475450132e-34
HAND2#chr4:173528891-173528909(+)	HAND2	tf_targeting	-1.5583776	3.7373074401253626e-08
HAND2#chr4:173528910-173528928(+)	HAND2	tf_targeting	-1.5923784	5.1241803897748513e-14
HAND2#chr4:173528916-173528934(+)	HAND2	tf_targeting	-1.7579015	1.0089927452228937e-21
HAND2#chr4:173528966-173528984(-)	HAND2	tf_targeting	-2.1308427	2.894663344519707e-06
HAND2#chr4:173528971-173528989(-)	HAND2	tf_targeting	-1.8465786	2.9530497983236008e-25
HAND2#chr4:173528988-173529006(-)	HAND2	tf_targeting	-0.5155314	0.0051176634763388
HAND2#chr4:173529737-173529755(+)	HAND2	tf_targeting	-1.400464	0.0018884182267158
HAND2#chr4:173530047-173530065(-)	HAND2	tf_targeting	-0.12824865	0.5996868038963004
HAND2#chr4:173530136-173530154(+)	HAND2	tf_targeting	-0.57972425	0.0076267344274618
HAND2#chr4:173530139-173530157(+)	HAND2	tf_targeting	-0.639653	0.0051532789082379
HAND2#chr4:173530152-173530170(+)	HAND2	tf_targeting	-0.09435025	0.8065375872108439
HAND2#chr4:173530168-173530186(+)	HAND2	tf_targeting	-0.41476974	0.0293922457539736
HBP1#chr7:107168995-107169013(+)	HBP1	tf_targeting	-0.9636765	0.0013666283839055
HBP1#chr7:107169001-107169019(+)	HBP1	tf_targeting	-0.2432675	0.4183112089167905
HBP1#chr7:107169015-107169033(+)	HBP1	tf_targeting	-0.70113033	0.0097150964594637
HBP1#chr7:107169025-107169043(+)	HBP1	tf_targeting	-0.23545673	0.4442866058778454
HBP1#chr7:107169048-107169066(+)	HBP1	tf_targeting	-0.36212125	0.235918970821415
HBP1#chr7:107169069-107169087(+)	HBP1	tf_targeting	-0.10054597	0.4081098719675113
HCFC1#chrX:153971169-153971187(-)	HCFC1	tf_targeting	0.31353253	0.4581533191525622
HCFC1#chrX:153971194-153971212(-)	HCFC1	tf_targeting	-0.19773385	0.8210923759669512
HCFC1#chrX:153971197-153971215(-)	HCFC1	tf_targeting	0.46369568	0.6625955121915938
HCFC1#chrX:153971614-153971632(-)	HCFC1	tf_targeting	0.0546931	0.8711131198488913
HCFC1#chrX:153971726-153971744(+)	HCFC1	tf_targeting	-0.48496047	0.5080046841015387
HCFC1#chrX:153971755-153971773(+)	HCFC1	tf_targeting	-0.21274021	0.2448611350690058
HCLS1#chr3:121660717-121660735(-)	HCLS1	tf_targeting		
HCLS1#chr3:121660838-121660856(-)	HCLS1	tf_targeting		
HCLS1#chr3:121660853-121660871(-)	HCLS1	tf_targeting		
HCLS1#chr3:121660864-121660882(+)	HCLS1	tf_targeting		
HCLS1#chr3:121660868-121660886(-)	HCLS1	tf_targeting		
HCLS1#chr3:121660895-121660913(-)	HCLS1	tf_targeting		
HDAC1#chr1:32292127-32292145(+)	HDAC1	tf_targeting	-2.3727949	8.783984364375005e-18
HDAC1#chr1:32292131-32292149(+)	HDAC1	tf_targeting	-2.0518434	0.0004565100841755
HDAC1#chr1:32292165-32292183(+)	HDAC1	tf_targeting	-1.9028134	2.2676569402235775e-05
HDAC1#chr1:32292175-32292193(+)	HDAC1	tf_targeting	-1.1271129	0.2239565150375779
HDAC1#chr1:32292504-32292522(+)	HDAC1	tf_targeting	-0.8684584	0.2143315424184411
HDAC1#chr1:32292593-32292611(-)	HDAC1	tf_targeting	-0.19283383	0.8171971016248194
HDAC3#chr5:141636432-141636450(+)	HDAC3	tf_targeting	-0.571536	0.3175602915647759
HDAC3#chr5:141636489-141636507(-)	HDAC3	tf_targeting	-0.09984582	0.9204494220695368
HDAC3#chr5:141636651-141636669(+)	HDAC3	tf_targeting	-0.08122034	0.9258051913759456
HDAC3#chr5:141636740-141636758(+)	HDAC3	tf_targeting	-0.48300308	0.388414558742761
HDAC3#chr5:141636759-141636777(+)	HDAC3	tf_targeting	-0.2514893	0.7772701436292082
HDAC3#chr5:141636852-141636870(-)	HDAC3	tf_targeting	-0.84571856	0.2112916219677105
HDAC4#chr2:239400976-239400994(-)	HDAC4	tf_targeting	-0.8495945	0.0896904109073368
HDAC4#chr2:239401001-239401019(-)	HDAC4	tf_targeting	-1.1629047	0.0277375441372763
HDAC4#chr2:239401007-239401025(-)	HDAC4	tf_targeting	-0.90895814	0.0176559665033068
HDAC4#chr2:239401291-239401309(+)	HDAC4	tf_targeting	-0.53587866	0.2820306140186341
HDAC4#chr2:239401344-239401362(+)	HDAC4	tf_targeting	0.18109143	0.6506772462415921
HDAC4#chr2:239401427-239401445(-)	HDAC4	tf_targeting	-1.5483029	0.0141993367733934
HDAC5#chr17:44123413-44123431(+)	HDAC5	tf_targeting	-0.0879828	0.7285761112958132
HDAC5#chr17:44123416-44123434(+)	HDAC5	tf_targeting	-0.49155658	0.0602883667074855
HDAC5#chr17:44123575-44123593(-)	HDAC5	tf_targeting	0.1503123	0.557902339870777
HDAC5#chr17:44123579-44123597(+)	HDAC5	tf_targeting	-0.2710958	0.4476730523800155
HDAC5#chr17:44123582-44123600(+)	HDAC5	tf_targeting	-0.08949518	0.6994167188625247
HDAC5#chr17:44123592-44123610(-)	HDAC5	tf_targeting	-0.5037071	0.0178561915611061
HDGF#chr1:156751590-156751608(+)	HDGF	tf_targeting	-1.0149847	0.1283585712652735
HDGF#chr1:156751593-156751611(+)	HDGF	tf_targeting	-0.37769535	0.0672156086263897
HDGF#chr1:156751611-156751629(+)	HDGF	tf_targeting	-2.1801527	6.750584476351794e-11
HDGF#chr1:156751617-156751635(+)	HDGF	tf_targeting	-2.2440903	6.539833474069323e-05
HDGF#chr1:156751626-156751644(+)	HDGF	tf_targeting	-1.4007263	2.82897290118624e-07
HDGF#chr1:156751696-156751714(-)	HDGF	tf_targeting	-1.6660694	0.0008267054260264
HDX#chrX:84502155-84502173(+)	HDX	tf_targeting		
HDX#chrX:84502288-84502306(-)	HDX	tf_targeting		
HDX#chrX:84502355-84502373(+)	HDX	tf_targeting		
HDX#chrX:84502368-84502386(+)	HDX	tf_targeting		
HDX#chrX:84502393-84502411(-)	HDX	tf_targeting		
HDX#chrX:84502437-84502455(-)	HDX	tf_targeting		
HELT#chr4:185018653-185018671(+)	HELT	tf_targeting		
HELT#chr4:185018810-185018828(+)	HELT	tf_targeting		
HELT#chr4:185018839-185018857(+)	HELT	tf_targeting		
HELT#chr4:185018848-185018866(+)	HELT	tf_targeting		
HELT#chr4:185018901-185018919(-)	HELT	tf_targeting		
HELT#chr4:185018904-185018922(-)	HELT	tf_targeting		
HELZ2#chr20:63563711-63563729(+)	HELZ2	tf_targeting		
HELZ2#chr20:63563983-63564001(+)	HELZ2	tf_targeting		
HELZ2#chr20:63564027-63564045(-)	HELZ2	tf_targeting		
HELZ2#chr20:63564030-63564048(+)	HELZ2	tf_targeting		
HELZ2#chr20:63564040-63564058(-)	HELZ2	tf_targeting		
HELZ2#chr20:63564059-63564077(-)	HELZ2	tf_targeting		
HELZ2#chr20:63573740-63573758(-)	HELZ2	tf_targeting		
HELZ2#chr20:63573981-63573999(+)	HELZ2	tf_targeting		
HELZ2#chr20:63574049-63574067(-)	HELZ2	tf_targeting		
HELZ2#chr20:63574205-63574223(-)	HELZ2	tf_targeting		
HELZ2#chr20:63574218-63574236(-)	HELZ2	tf_targeting		
HELZ2#chr20:63574245-63574263(-)	HELZ2	tf_targeting		
HES1#chr3:194136116-194136134(+)	HES1	tf_targeting	-0.12978765	0.8805450401995655
HES1#chr3:194136133-194136151(+)	HES1	tf_targeting	-0.11846822	0.8573272106538754
HES1#chr3:194136139-194136157(+)	HES1	tf_targeting	-1.871393	0.0564337713509108
HES1#chr3:194136188-194136206(-)	HES1	tf_targeting	-0.7593896	0.3177475024228668
HES1#chr3:194136198-194136216(-)	HES1	tf_targeting	-0.30217054	0.6287168937212442
HES1#chr3:194136205-194136223(-)	HES1	tf_targeting	0.5987139	0.3227515928529623
HES2#chr1:6419843-6419861(+)	HES2	tf_targeting		
HES2#chr1:6419852-6419870(+)	HES2	tf_targeting		
HES2#chr1:6419871-6419889(+)	HES2	tf_targeting		
HES2#chr1:6419878-6419896(-)	HES2	tf_targeting		
HES2#chr1:6419901-6419919(-)	HES2	tf_targeting		
HES2#chr1:6419913-6419931(-)	HES2	tf_targeting		
HES2#chr1:6424593-6424611(+)	HES2	tf_targeting		
HES2#chr1:6424602-6424620(+)	HES2	tf_targeting		
HES2#chr1:6424635-6424653(-)	HES2	tf_targeting		
HES2#chr1:6424644-6424662(-)	HES2	tf_targeting		
HES2#chr1:6424649-6424667(-)	HES2	tf_targeting		
HES2#chr1:6424669-6424687(-)	HES2	tf_targeting		
HES3#chr1:6244174-6244192(+)	HES3	tf_targeting		
HES3#chr1:6244195-6244213(+)	HES3	tf_targeting		
HES3#chr1:6244221-6244239(+)	HES3	tf_targeting		
HES3#chr1:6244227-6244245(+)	HES3	tf_targeting		
HES3#chr1:6244238-6244256(-)	HES3	tf_targeting		
HES3#chr1:6244245-6244263(+)	HES3	tf_targeting		
HES4#chr1:1000005-1000023(+)	HES4	tf_targeting	-0.636909	0.0193986120609817
HES4#chr1:1000010-1000028(+)	HES4	tf_targeting	-0.0012369996	0.99742911369252
HES4#chr1:1000014-1000032(-)	HES4	tf_targeting	-1.5938265	8.905383670209691e-20
HES4#chr1:1000054-1000072(+)	HES4	tf_targeting	-2.0043187	7.801163008540004e-07
HES4#chr1:1000057-1000075(+)	HES4	tf_targeting	-2.2389371	0.0024807975001599
HES4#chr1:1000070-1000088(-)	HES4	tf_targeting	-2.2939477	2.709021937703072e-07
HES5#chr1:2530052-2530070(+)	HES5	tf_targeting		
HES5#chr1:2530160-2530178(+)	HES5	tf_targeting		
HES5#chr1:2530168-2530186(+)	HES5	tf_targeting		
HES5#chr1:2530176-2530194(+)	HES5	tf_targeting		
HES5#chr1:2530231-2530249(+)	HES5	tf_targeting		
HES5#chr1:2530273-2530291(+)	HES5	tf_targeting		
HES6#chr2:238239969-238239987(-)	HES6	tf_targeting		
HES6#chr2:238240014-238240032(+)	HES6	tf_targeting		
HES6#chr2:238240020-238240038(-)	HES6	tf_targeting		
HES6#chr2:238240130-238240148(+)	HES6	tf_targeting		
HES6#chr2:238240324-238240342(-)	HES6	tf_targeting		
HES6#chr2:238240599-238240617(-)	HES6	tf_targeting		
HES7#chr17:8123848-8123866(-)	HES7	tf_targeting		
HES7#chr17:8124030-8124048(-)	HES7	tf_targeting		
HES7#chr17:8124058-8124076(-)	HES7	tf_targeting		
HES7#chr17:8124075-8124093(-)	HES7	tf_targeting		
HES7#chr17:8124092-8124110(-)	HES7	tf_targeting		
HES7#chr17:8124095-8124113(-)	HES7	tf_targeting		
HESX1#chr3:57199735-57199753(+)	HESX1	tf_targeting		
HESX1#chr3:57199891-57199909(+)	HESX1	tf_targeting		
HESX1#chr3:57199907-57199925(+)	HESX1	tf_targeting		
HESX1#chr3:57199922-57199940(-)	HESX1	tf_targeting		
HESX1#chr3:57199961-57199979(+)	HESX1	tf_targeting		
HESX1#chr3:57199970-57199988(-)	HESX1	tf_targeting		
HESX1#chr3:57226215-57226233(-)	HESX1	tf_targeting		
HESX1#chr3:57226266-57226284(+)	HESX1	tf_targeting		
HESX1#chr3:57226304-57226322(+)	HESX1	tf_targeting		
HESX1#chr3:57226311-57226329(-)	HESX1	tf_targeting		
HESX1#chr3:57226323-57226341(+)	HESX1	tf_targeting		
HESX1#chr3:57226347-57226365(+)	HESX1	tf_targeting		
HEY1#chr8:79767421-79767439(-)	HEY1	tf_targeting	-0.6363896	0.4860998595339756
HEY1#chr8:79767606-79767624(-)	HEY1	tf_targeting	-0.56812376	0.0970298141107161
HEY1#chr8:79767674-79767692(-)	HEY1	tf_targeting	-0.0846458	0.9350343391811
HEY1#chr8:79767680-79767698(+)	HEY1	tf_targeting	-0.15735896	0.8586193935284108
HEY1#chr8:79767707-79767725(+)	HEY1	tf_targeting	-0.96810806	0.0883403223667983
HEY1#chr8:79767760-79767778(-)	HEY1	tf_targeting	-1.7867769	0.0105172529978974
HEY2#chr6:125749605-125749623(+)	HEY2	tf_targeting	-1.9676151	0.0099288644760683
HEY2#chr6:125749625-125749643(+)	HEY2	tf_targeting	-0.5325054	0.3639215363258825
HEY2#chr6:125749642-125749660(-)	HEY2	tf_targeting	-0.264062	0.2161883593231036
HEY2#chr6:125749664-125749682(-)	HEY2	tf_targeting	-2.975939	5.752315672315811e-08
HEY2#chr6:125749667-125749685(-)	HEY2	tf_targeting	-2.8402371	8.244169625140934e-12
HEY2#chr6:125749817-125749835(+)	HEY2	tf_targeting	-0.61603147	0.3101295293885952
HEYL#chr1:39639444-39639462(-)	HEYL	tf_targeting		
HEYL#chr1:39639576-39639594(+)	HEYL	tf_targeting		
HEYL#chr1:39639582-39639600(-)	HEYL	tf_targeting		
HEYL#chr1:39639603-39639621(-)	HEYL	tf_targeting		
HEYL#chr1:39639613-39639631(-)	HEYL	tf_targeting		
HEYL#chr1:39639644-39639662(-)	HEYL	tf_targeting		
HHEX#chr10:92689947-92689965(+)	HHEX	tf_targeting		
HHEX#chr10:92689988-92690006(-)	HHEX	tf_targeting		
HHEX#chr10:92689990-92690008(+)	HHEX	tf_targeting		
HHEX#chr10:92690024-92690042(-)	HHEX	tf_targeting		
HHEX#chr10:92690035-92690053(-)	HHEX	tf_targeting		
HHEX#chr10:92690179-92690197(-)	HHEX	tf_targeting		
HIC1#chr17:2055106-2055124(+)	HIC1	tf_targeting		
HIC1#chr17:2055132-2055150(+)	HIC1	tf_targeting		
HIC1#chr17:2055135-2055153(+)	HIC1	tf_targeting		
HIC1#chr17:2055192-2055210(-)	HIC1	tf_targeting		
HIC1#chr17:2055382-2055400(-)	HIC1	tf_targeting		
HIC1#chr17:2055534-2055552(-)	HIC1	tf_targeting		
HIF1A#chr14:61695519-61695537(+)	HIF1A	tf_targeting	-1.988407	0.0006242586481672
HIF1A#chr14:61695524-61695542(+)	HIF1A	tf_targeting	-0.043180406	0.8885919142435584
HIF1A#chr14:61695530-61695548(-)	HIF1A	tf_targeting	-1.7951539	0.0003937708113258
HIF1A#chr14:61695556-61695574(-)	HIF1A	tf_targeting	-1.3900098	0.0002062590334451
HIF1A#chr14:61695592-61695610(-)	HIF1A	tf_targeting	-0.7948124	0.04768453869449
HIF1A#chr14:61695605-61695623(-)	HIF1A	tf_targeting	-0.582493	0.4100273848648708
HIF3A#chr19:46297059-46297077(+)	HIF3A	tf_targeting	-2.148445	3.614866136561159e-06
HIF3A#chr19:46297095-46297113(+)	HIF3A	tf_targeting	-1.9903502	0.0006552437384808
HIF3A#chr19:46297098-46297116(+)	HIF3A	tf_targeting	-2.1457725	5.453831397188625e-09
HIF3A#chr19:46297243-46297261(-)	HIF3A	tf_targeting	-1.3389608	0.0001324422945475
HIF3A#chr19:46297253-46297271(+)	HIF3A	tf_targeting	-0.18759081	0.8202952663802454
HIF3A#chr19:46297303-46297321(+)	HIF3A	tf_targeting	-0.46289995	0.5928467470686625
HIF3A#chr19:46298414-46298432(-)	HIF3A	tf_targeting	-0.9778858	8.477321573900828e-06
HIF3A#chr19:46298426-46298444(-)	HIF3A	tf_targeting	-1.5302837	0.0003252442500622
HIF3A#chr19:46298477-46298495(-)	HIF3A	tf_targeting	-1.1074779	0.0041162444791534
HIF3A#chr19:46298497-46298515(-)	HIF3A	tf_targeting	-1.5824045	9.701728381532196e-10
HIF3A#chr19:46298551-46298569(-)	HIF3A	tf_targeting	-1.5295135	0.0070188551073917
HIF3A#chr19:46298596-46298614(+)	HIF3A	tf_targeting	-1.3676059	0.0216024589821016
HINFP#chr11:119121581-119121599(+)	HINFP	tf_targeting		
HINFP#chr11:119121585-119121603(+)	HINFP	tf_targeting		
HINFP#chr11:119121619-119121637(+)	HINFP	tf_targeting		
HINFP#chr11:119121629-119121647(+)	HINFP	tf_targeting		
HINFP#chr11:119121633-119121651(-)	HINFP	tf_targeting		
HINFP#chr11:119121646-119121664(+)	HINFP	tf_targeting		
HIRA#chr22:19431326-19431344(+)	HIRA	tf_targeting		
HIRA#chr22:19431442-19431460(-)	HIRA	tf_targeting		
HIRA#chr22:19431693-19431711(-)	HIRA	tf_targeting		
HIRA#chr22:19431700-19431718(+)	HIRA	tf_targeting		
HIRA#chr22:19431712-19431730(-)	HIRA	tf_targeting		
HIRA#chr22:19431726-19431744(+)	HIRA	tf_targeting		
HIRA#chr22:19447438-19447456(-)	HIRA	tf_targeting		
HIRA#chr22:19447613-19447631(+)	HIRA	tf_targeting		
HIRA#chr22:19447616-19447634(+)	HIRA	tf_targeting		
HIRA#chr22:19447632-19447650(-)	HIRA	tf_targeting		
HIRA#chr22:19447675-19447693(-)	HIRA	tf_targeting		
HIRA#chr22:19447688-19447706(-)	HIRA	tf_targeting		
HIVEP1#chr6:12011754-12011772(-)	HIVEP1	tf_targeting	0.16346194	0.6349546064331719
HIVEP1#chr6:12011959-12011977(-)	HIVEP1	tf_targeting	-0.21182278	0.3725806536038581
HIVEP1#chr6:12011962-12011980(-)	HIVEP1	tf_targeting	0.39407063	0.5376856944157113
HIVEP1#chr6:12012007-12012025(-)	HIVEP1	tf_targeting	-0.3566433	0.4567984299720674
HIVEP1#chr6:12012029-12012047(+)	HIVEP1	tf_targeting	0.08685842	0.6293087486146431
HIVEP1#chr6:12012035-12012053(-)	HIVEP1	tf_targeting	-0.39629486	0.5708635576814063
HIVEP2#chr6:142944844-142944862(-)	HIVEP2	tf_targeting	-0.3415761	0.0948847323936944
HIVEP2#chr6:142944950-142944968(+)	HIVEP2	tf_targeting	-0.0041549774	0.9929153058392266
HIVEP2#chr6:142945001-142945019(-)	HIVEP2	tf_targeting	-0.866717	4.0558242526790075e-09
HIVEP2#chr6:142945087-142945105(+)	HIVEP2	tf_targeting	-0.4674847	0.2369056902718786
HIVEP2#chr6:142945158-142945176(-)	HIVEP2	tf_targeting	-1.2375896	0.0296726717932601
HIVEP2#chr6:142945197-142945215(-)	HIVEP2	tf_targeting	-0.27956897	0.7048225448935137
HIVEP3#chr1:41700740-41700758(+)	HIVEP3	tf_targeting		
HIVEP3#chr1:41700771-41700789(+)	HIVEP3	tf_targeting		
HIVEP3#chr1:41700886-41700904(-)	HIVEP3	tf_targeting		
HIVEP3#chr1:41700914-41700932(+)	HIVEP3	tf_targeting		
HIVEP3#chr1:41700970-41700988(+)	HIVEP3	tf_targeting		
HIVEP3#chr1:41700973-41700991(+)	HIVEP3	tf_targeting		
HIVEP3#chr1:41918239-41918257(+)	HIVEP3	tf_targeting		
HIVEP3#chr1:41918456-41918474(-)	HIVEP3	tf_targeting		
HIVEP3#chr1:41918583-41918601(+)	HIVEP3	tf_targeting		
HIVEP3#chr1:41918667-41918685(-)	HIVEP3	tf_targeting		
HIVEP3#chr1:41918877-41918895(-)	HIVEP3	tf_targeting		
HIVEP3#chr1:41918883-41918901(-)	HIVEP3	tf_targeting		
HIVEP3#chr1:41918887-41918905(-)	HIVEP3	tf_targeting		
HIVEP3#chr1:41918893-41918911(-)	HIVEP3	tf_targeting		
HKR1#chr19:37317887-37317905(+)	HKR1	tf_targeting	0.12244232	0.7107223744877954
HKR1#chr19:37317892-37317910(+)	HKR1	tf_targeting	-0.5123065	0.18477783159985
HKR1#chr19:37317921-37317939(+)	HKR1	tf_targeting	-1.1438508	0.1641833487865113
HKR1#chr19:37317975-37317993(+)	HKR1	tf_targeting	-0.6045382	0.0536712645742942
HKR1#chr19:37317985-37318003(-)	HKR1	tf_targeting	-0.72507817	0.0098459872411407
HKR1#chr19:37318062-37318080(+)	HKR1	tf_targeting	0.057755843	0.8653465726491083
HKR1#chr19:37334666-37334684(+)	HKR1	tf_targeting	0.6105039	0.1424444350134363
HKR1#chr19:37334673-37334691(+)	HKR1	tf_targeting	0.04067859	0.8924573082955851
HKR1#chr19:37334691-37334709(+)	HKR1	tf_targeting	-0.6474198	0.2088392112068439
HKR1#chr19:37334702-37334720(-)	HKR1	tf_targeting	0.03444113	0.905493642071378
HKR1#chr19:37334705-37334723(-)	HKR1	tf_targeting	-0.30340946	0.2411604233629173
HKR1#chr19:37334735-37334753(-)	HKR1	tf_targeting	-0.6260395	0.0346834649735047
HLF#chr17:55264965-55264983(+)	HLF	tf_targeting		
HLF#chr17:55264968-55264986(+)	HLF	tf_targeting		
HLF#chr17:55265022-55265040(-)	HLF	tf_targeting		
HLF#chr17:55265084-55265102(-)	HLF	tf_targeting		
HLF#chr17:55265087-55265105(-)	HLF	tf_targeting		
HLF#chr17:55265225-55265243(+)	HLF	tf_targeting		
HLF#chr17:55267646-55267664(-)	HLF	tf_targeting		
HLF#chr17:55267674-55267692(+)	HLF	tf_targeting		
HLF#chr17:55267801-55267819(+)	HLF	tf_targeting		
HLF#chr17:55267812-55267830(+)	HLF	tf_targeting		
HLF#chr17:55267816-55267834(-)	HLF	tf_targeting		
HLF#chr17:55267997-55268015(-)	HLF	tf_targeting		
HLTF#chr3:149086130-149086148(-)	HLTF	tf_targeting	-3.3834512	0.0002233651981458
HLTF#chr3:149086216-149086234(+)	HLTF	tf_targeting	-2.6179233	3.257352541716305e-05
HLTF#chr3:149086456-149086474(-)	HLTF	tf_targeting	-1.7285752	2.7708049324101865e-07
HLTF#chr3:149086458-149086476(+)	HLTF	tf_targeting	-1.5175015	0.0020341571004387
HLTF#chr3:149086490-149086508(-)	HLTF	tf_targeting	-3.2306476	6.349734525300156e-16
HLTF#chr3:149086498-149086516(-)	HLTF	tf_targeting	-1.977704	1.0459925052822935e-20
HLX#chr1:220879449-220879467(+)	HLX	tf_targeting		
HLX#chr1:220879458-220879476(-)	HLX	tf_targeting		
HLX#chr1:220879643-220879661(+)	HLX	tf_targeting		
HLX#chr1:220879685-220879703(-)	HLX	tf_targeting		
HLX#chr1:220879691-220879709(-)	HLX	tf_targeting		
HLX#chr1:220879905-220879923(-)	HLX	tf_targeting		
HMBOX1#chr8:28890364-28890382(+)	HMBOX1	tf_targeting	-0.68639576	6.428392943525484e-05
HMBOX1#chr8:28890392-28890410(+)	HMBOX1	tf_targeting	-0.20553139	0.2207291675385699
HMBOX1#chr8:28890602-28890620(-)	HMBOX1	tf_targeting	-0.85956866	0.0453931693709251
HMBOX1#chr8:28890605-28890623(-)	HMBOX1	tf_targeting	-2.1010787	0.0012479205041585
HMBOX1#chr8:28890616-28890634(-)	HMBOX1	tf_targeting	-0.8259269	0.1075191215852495
HMBOX1#chr8:28890658-28890676(+)	HMBOX1	tf_targeting	-0.8457916	2.159071394698076e-07
HMG20A#chr15:77420898-77420916(+)	HMG20A	tf_targeting	-2.75614	0.0064276670697707
HMG20A#chr15:77420911-77420929(+)	HMG20A	tf_targeting	-1.6939479	0.04405113536126
HMG20A#chr15:77420933-77420951(+)	HMG20A	tf_targeting	-1.1526161	0.1430031556439792
HMG20A#chr15:77420938-77420956(+)	HMG20A	tf_targeting	-0.44423217	0.1617150102580324
HMG20A#chr15:77420992-77421010(-)	HMG20A	tf_targeting	-2.608273	0.003466399914118
HMG20A#chr15:77421106-77421124(+)	HMG20A	tf_targeting	-0.74866784	0.0582142447293842
HMG20B#chr19:3572949-3572967(+)	HMG20B	tf_targeting	-2.9248638	9.838704725715353e-06
HMG20B#chr19:3573008-3573026(-)	HMG20B	tf_targeting	-2.384753	0.000431861892393
HMG20B#chr19:3573023-3573041(-)	HMG20B	tf_targeting	-1.2377919	2.5827555960952663e-09
HMG20B#chr19:3573186-3573204(+)	HMG20B	tf_targeting	-1.9411725	0.0003676227279021
HMG20B#chr19:3573401-3573419(-)	HMG20B	tf_targeting	-1.7185344	0.0333631466050399
HMG20B#chr19:3573415-3573433(-)	HMG20B	tf_targeting	-0.13049689	0.6772624700020959
HMG20B#chr19:3574338-3574356(-)	HMG20B	tf_targeting	-0.7090315	0.1506985656658342
HMG20B#chr19:3574378-3574396(+)	HMG20B	tf_targeting	-0.37551087	0.3375669454562795
HMG20B#chr19:3574386-3574404(-)	HMG20B	tf_targeting	-0.6696726	0.0129068551238378
HMG20B#chr19:3574390-3574408(+)	HMG20B	tf_targeting	-0.3932547	0.3430475605585814
HMG20B#chr19:3574407-3574425(-)	HMG20B	tf_targeting	0.20504619	0.277996511280656
HMG20B#chr19:3574441-3574459(+)	HMG20B	tf_targeting	-0.08387416	0.8420805974286711
HMGA1#chr6:34236888-34236906(-)	HMGA1	tf_targeting	-1.9280896	7.337880789355895e-17
HMGA1#chr6:34236895-34236913(+)	HMGA1	tf_targeting	-1.0998684	0.0012525658961637
HMGA1#chr6:34236954-34236972(+)	HMGA1	tf_targeting	-0.53788644	0.0036193324524291
HMGA1#chr6:34237064-34237082(+)	HMGA1	tf_targeting	-0.55195946	1.7115058405310448e-10
HMGA1#chr6:34237184-34237202(-)	HMGA1	tf_targeting	-0.42896536	0.5477126644964874
HMGA1#chr6:34237196-34237214(-)	HMGA1	tf_targeting	-1.5307794	3.146896404939192e-15
HMGA2#chr12:65825064-65825082(-)	HMGA2	tf_targeting	-1.5688078	2.7100914712340744e-08
HMGA2#chr12:65825073-65825091(+)	HMGA2	tf_targeting	-1.0473449	0.0014925110192812
HMGA2#chr12:65825083-65825101(-)	HMGA2	tf_targeting	-2.187191	5.230176385177129e-10
HMGA2#chr12:65825085-65825103(+)	HMGA2	tf_targeting	-1.0095189	3.8407184732129725e-09
HMGA2#chr12:65825182-65825200(-)	HMGA2	tf_targeting	-1.0889878	5.877035004799136e-06
HMGA2#chr12:65825304-65825322(-)	HMGA2	tf_targeting	-2.3888943	5.583283542352733e-07
HMGB1#chr13:30465527-30465545(+)	HMGB1	tf_targeting	-0.034488652	0.826636989017864
HMGB1#chr13:30465649-30465667(+)	HMGB1	tf_targeting	-0.1231462	0.5159514272639858
HMGB1#chr13:30465675-30465693(-)	HMGB1	tf_targeting	-0.45396093	0.0397842903050105
HMGB1#chr13:30465776-30465794(-)	HMGB1	tf_targeting	0.17461878	0.6403216766041906
HMGB1#chr13:30465943-30465961(+)	HMGB1	tf_targeting	0.051877804	0.71394576810005
HMGB1#chr13:30465949-30465967(-)	HMGB1	tf_targeting	-0.031255897	0.8824880837923057
HMGB1#chr13:30617290-30617308(+)	HMGB1	tf_targeting	-0.13162953	0.4393503942412146
HMGB1#chr13:30617431-30617449(+)	HMGB1	tf_targeting	0.14044979	0.7575309519929996
HMGB1#chr13:30617483-30617501(-)	HMGB1	tf_targeting	-0.52698094	0.5005340719343416
HMGB1#chr13:30617487-30617505(+)	HMGB1	tf_targeting	-0.27570602	0.0465652156160303
HMGB1#chr13:30617492-30617510(-)	HMGB1	tf_targeting	0.009516953	0.917040216728849
HMGB1#chr13:30617524-30617542(+)	HMGB1	tf_targeting	-0.31136724	0.0231305789797946
HMGB2#chr4:173334068-173334086(+)	HMGB2	tf_targeting	-0.029614385	0.9501173324321426
HMGB2#chr4:173334241-173334259(+)	HMGB2	tf_targeting	-0.92827773	0.02033015042809
HMGB2#chr4:173334299-173334317(+)	HMGB2	tf_targeting	-2.1362503	3.3469897471694293e-23
HMGB2#chr4:173334332-173334350(-)	HMGB2	tf_targeting	-3.834043	6.228733799934809e-11
HMGB2#chr4:173334334-173334352(+)	HMGB2	tf_targeting	-1.7767324	1.303575468884286e-13
HMGB2#chr4:173334382-173334400(-)	HMGB2	tf_targeting	-1.7893225	3.204347485067814e-06
HMGB3#chrX:150983336-150983354(-)	HMGB3	tf_targeting	-1.7499286	2.136730714478642e-09
HMGB3#chrX:150983356-150983374(+)	HMGB3	tf_targeting	-2.210719	0.0134479768055006
HMGB3#chrX:150983484-150983502(-)	HMGB3	tf_targeting	-1.6706493	1.7162097294542814e-10
HMGB3#chrX:150983680-150983698(+)	HMGB3	tf_targeting	-0.30399197	0.613503838081287
HMGB3#chrX:150983689-150983707(+)	HMGB3	tf_targeting	-0.32982513	0.3697996660227052
HMGB3#chrX:150983702-150983720(+)	HMGB3	tf_targeting	-1.3458065	0.0086876156251435
HMGB4#chr1:33864063-33864081(-)	HMGB4	tf_targeting		
HMGB4#chr1:33864113-33864131(+)	HMGB4	tf_targeting		
HMGB4#chr1:33864125-33864143(-)	HMGB4	tf_targeting		
HMGB4#chr1:33864151-33864169(-)	HMGB4	tf_targeting		
HMGB4#chr1:33864280-33864298(+)	HMGB4	tf_targeting		
HMGB4#chr1:33864295-33864313(-)	HMGB4	tf_targeting		
HMGN2#chr1:26472410-26472428(+)	HMGN2	tf_targeting	-0.99164546	8.274531834314498e-06
HMGN2#chr1:26472448-26472466(-)	HMGN2	tf_targeting	-0.93162924	1.0878090137807285e-07
HMGN2#chr1:26472679-26472697(+)	HMGN2	tf_targeting	-1.9572914	4.845168836698191e-39
HMGN2#chr1:26472691-26472709(+)	HMGN2	tf_targeting	-1.3240486	4.795498482597165e-10
HMGN2#chr1:26472804-26472822(+)	HMGN2	tf_targeting	-2.2351391	2.914776260197292e-07
HMGN2#chr1:26472876-26472894(-)	HMGN2	tf_targeting	-0.47299117	0.2666141475877285
HMGN3#chr6:79234445-79234463(-)	HMGN3	tf_targeting	-2.147804	1.3264335945582758e-35
HMGN3#chr6:79234654-79234672(+)	HMGN3	tf_targeting	-1.6598068	1.0230519064156658e-23
HMGN3#chr6:79234675-79234693(-)	HMGN3	tf_targeting	-2.8381813	6.20935769791873e-12
HMGN3#chr6:79234679-79234697(-)	HMGN3	tf_targeting	-2.109398	2.4707243079064413e-25
HMGN3#chr6:79234689-79234707(+)	HMGN3	tf_targeting	-2.5028727	3.8365131667435046e-85
HMGN3#chr6:79234727-79234745(-)	HMGN3	tf_targeting	-0.31212166	0.2607835070834554
HMGXB3#chr5:150000722-150000740(-)	HMGXB3	tf_targeting	-2.8429396	0.0050464406128804
HMGXB3#chr5:150000735-150000753(-)	HMGXB3	tf_targeting	-0.7244688	0.0839236473391945
HMGXB3#chr5:150000745-150000763(-)	HMGXB3	tf_targeting	-0.90006286	0.1621606779512071
HMGXB3#chr5:150000755-150000773(-)	HMGXB3	tf_targeting	-0.47482032	0.4909934618149497
HMGXB3#chr5:150000760-150000778(+)	HMGXB3	tf_targeting	-0.6766575	0.2075501022641475
HMGXB3#chr5:150000787-150000805(-)	HMGXB3	tf_targeting	-0.49488407	0.3782607694849853
HMGXB4#chr22:35257503-35257521(+)	HMGXB4	tf_targeting	-0.109768	0.8207164196696584
HMGXB4#chr22:35257514-35257532(+)	HMGXB4	tf_targeting	-2.3777761	2.1618377948520752e-08
HMGXB4#chr22:35257521-35257539(+)	HMGXB4	tf_targeting	-1.813561	2.359650015013128e-05
HMGXB4#chr22:35257537-35257555(+)	HMGXB4	tf_targeting	-1.4189951	0.0162541845188111
HMGXB4#chr22:35257543-35257561(+)	HMGXB4	tf_targeting	-2.000867	1.0693123987131894e-05
HMGXB4#chr22:35257551-35257569(-)	HMGXB4	tf_targeting	-1.040756	2.134944342015252e-05
HMX1#chr4:8871797-8871815(+)	HMX1	tf_targeting		
HMX1#chr4:8871806-8871824(-)	HMX1	tf_targeting		
HMX1#chr4:8871825-8871843(-)	HMX1	tf_targeting		
HMX1#chr4:8871837-8871855(-)	HMX1	tf_targeting		
HMX1#chr4:8871849-8871867(-)	HMX1	tf_targeting		
HMX1#chr4:8872002-8872020(-)	HMX1	tf_targeting		
HMX2#chr10:123148104-123148122(+)	HMX2	tf_targeting		
HMX2#chr10:123148137-123148155(+)	HMX2	tf_targeting		
HMX2#chr10:123148162-123148180(+)	HMX2	tf_targeting		
HMX2#chr10:123148183-123148201(+)	HMX2	tf_targeting		
HMX2#chr10:123148200-123148218(-)	HMX2	tf_targeting		
HMX2#chr10:123148210-123148228(-)	HMX2	tf_targeting		
HMX3#chr10:123135982-123136000(-)	HMX3	tf_targeting		
HMX3#chr10:123136026-123136044(+)	HMX3	tf_targeting		
HMX3#chr10:123136048-123136066(+)	HMX3	tf_targeting		
HMX3#chr10:123136158-123136176(+)	HMX3	tf_targeting		
HMX3#chr10:123136204-123136222(-)	HMX3	tf_targeting		
HMX3#chr10:123136360-123136378(+)	HMX3	tf_targeting		
HNF1A#chr12:120978550-120978568(+)	HNF1A	tf_targeting		
HNF1A#chr12:120978564-120978582(+)	HNF1A	tf_targeting		
HNF1A#chr12:120978575-120978593(-)	HNF1A	tf_targeting		
HNF1A#chr12:120978751-120978769(+)	HNF1A	tf_targeting		
HNF1A#chr12:120978807-120978825(+)	HNF1A	tf_targeting		
HNF1A#chr12:120979119-120979137(+)	HNF1A	tf_targeting		
HNF1B#chr17:37744991-37745009(-)	HNF1B	tf_targeting		
HNF1B#chr17:37744999-37745017(-)	HNF1B	tf_targeting		
HNF1B#chr17:37745001-37745019(+)	HNF1B	tf_targeting		
HNF1B#chr17:37745009-37745027(-)	HNF1B	tf_targeting		
HNF1B#chr17:37745023-37745041(+)	HNF1B	tf_targeting		
HNF1B#chr17:37745027-37745045(-)	HNF1B	tf_targeting		
HNF4A#chr20:44401209-44401227(-)	HNF4A	tf_targeting		
HNF4A#chr20:44401236-44401254(-)	HNF4A	tf_targeting		
HNF4A#chr20:44401320-44401338(-)	HNF4A	tf_targeting		
HNF4A#chr20:44401322-44401340(+)	HNF4A	tf_targeting		
HNF4A#chr20:44401335-44401353(-)	HNF4A	tf_targeting		
HNF4A#chr20:44401477-44401495(+)	HNF4A	tf_targeting		
HNF4G#chr8:75407668-75407686(-)	HNF4G	tf_targeting		
HNF4G#chr8:75407902-75407920(-)	HNF4G	tf_targeting		
HNF4G#chr8:75408038-75408056(+)	HNF4G	tf_targeting		
HNF4G#chr8:75408043-75408061(-)	HNF4G	tf_targeting		
HNF4G#chr8:75408050-75408068(+)	HNF4G	tf_targeting		
HNF4G#chr8:75408080-75408098(-)	HNF4G	tf_targeting		
HNF4G#chr8:75539906-75539924(+)	HNF4G	tf_targeting		
HNF4G#chr8:75539913-75539931(+)	HNF4G	tf_targeting		
HNF4G#chr8:75539981-75539999(+)	HNF4G	tf_targeting		
HNF4G#chr8:75540060-75540078(+)	HNF4G	tf_targeting		
HNF4G#chr8:75540135-75540153(+)	HNF4G	tf_targeting		
HNF4G#chr8:75540141-75540159(+)	HNF4G	tf_targeting		
HNRNPK#chr9:83979739-83979757(+)	HNRNPK	tf_targeting	-0.12207792	0.739504175175038
HNRNPK#chr9:83979957-83979975(+)	HNRNPK	tf_targeting	-0.41345343	0.2845458361917384
HNRNPK#chr9:83980187-83980205(-)	HNRNPK	tf_targeting	-0.8089742	0.1841956909640762
HNRNPK#chr9:83980190-83980208(-)	HNRNPK	tf_targeting	-0.36299178	0.0104119755455687
HNRNPK#chr9:83980381-83980399(+)	HNRNPK	tf_targeting	-0.22853856	0.7469728385475954
HNRNPK#chr9:83980605-83980623(-)	HNRNPK	tf_targeting	-0.1141189	0.823138672053668
HNRNPU#chr1:244864256-244864274(-)	HNRNPU	tf_targeting	0.2708353	0.0486366264669243
HNRNPU#chr1:244864428-244864446(+)	HNRNPU	tf_targeting	-0.09365671	0.6697297063998887
HNRNPU#chr1:244864448-244864466(+)	HNRNPU	tf_targeting	0.01597508	0.9546460761733504
HNRNPU#chr1:244864455-244864473(-)	HNRNPU	tf_targeting	0.14431264	0.6467903834458832
HNRNPU#chr1:244864475-244864493(-)	HNRNPU	tf_targeting	0.12360364	0.8124965775216537
HNRNPU#chr1:244864481-244864499(-)	HNRNPU	tf_targeting	-0.32169873	0.5478295726468594
HOMEZ#chr14:23285859-23285877(+)	HOMEZ	tf_targeting	0.078850634	0.8506621698977876
HOMEZ#chr14:23285876-23285894(+)	HOMEZ	tf_targeting	-0.442243	0.3519991149094842
HOMEZ#chr14:23286036-23286054(+)	HOMEZ	tf_targeting	-1.9371306	0.0035515150669591
HOMEZ#chr14:23286068-23286086(-)	HOMEZ	tf_targeting	-0.36888778	0.4827413382736071
HOMEZ#chr14:23286099-23286117(-)	HOMEZ	tf_targeting	-1.5154432	0.1254750959805627
HOMEZ#chr14:23286101-23286119(+)	HOMEZ	tf_targeting	-1.0348926	0.2231820107905469
HOPX#chr4:56655786-56655804(+)	HOPX	tf_targeting		
HOPX#chr4:56655966-56655984(+)	HOPX	tf_targeting		
HOPX#chr4:56655970-56655988(-)	HOPX	tf_targeting		
HOPX#chr4:56655981-56655999(+)	HOPX	tf_targeting		
HOPX#chr4:56655994-56656012(-)	HOPX	tf_targeting		
HOPX#chr4:56655999-56656017(+)	HOPX	tf_targeting		
HOPX#chr4:56680799-56680817(-)	HOPX	tf_targeting		
HOPX#chr4:56681039-56681057(-)	HOPX	tf_targeting		
HOPX#chr4:56681221-56681239(-)	HOPX	tf_targeting		
HOPX#chr4:56681237-56681255(+)	HOPX	tf_targeting		
HOPX#chr4:56681243-56681261(+)	HOPX	tf_targeting		
HOPX#chr4:56681266-56681284(+)	HOPX	tf_targeting		
HOXA1#chr7:27095656-27095674(+)	HOXA1	tf_targeting		
HOXA1#chr7:27095739-27095757(+)	HOXA1	tf_targeting		
HOXA1#chr7:27095749-27095767(-)	HOXA1	tf_targeting		
HOXA1#chr7:27095773-27095791(-)	HOXA1	tf_targeting		
HOXA1#chr7:27095945-27095963(-)	HOXA1	tf_targeting		
HOXA1#chr7:27095975-27095993(-)	HOXA1	tf_targeting		
HOXA10#chr7:27174026-27174044(-)	HOXA10	tf_targeting		
HOXA10#chr7:27174072-27174090(+)	HOXA10	tf_targeting		
HOXA10#chr7:27174080-27174098(+)	HOXA10	tf_targeting		
HOXA10#chr7:27174083-27174101(+)	HOXA10	tf_targeting		
HOXA10#chr7:27174278-27174296(+)	HOXA10	tf_targeting		
HOXA10#chr7:27174293-27174311(-)	HOXA10	tf_targeting		
HOXA11#chr7:27184970-27184988(+)	HOXA11	tf_targeting		
HOXA11#chr7:27185021-27185039(+)	HOXA11	tf_targeting		
HOXA11#chr7:27185158-27185176(-)	HOXA11	tf_targeting		
HOXA11#chr7:27185169-27185187(-)	HOXA11	tf_targeting		
HOXA11#chr7:27185197-27185215(-)	HOXA11	tf_targeting		
HOXA11#chr7:27185209-27185227(-)	HOXA11	tf_targeting		
HOXA13#chr7:27199662-27199680(+)	HOXA13	tf_targeting		
HOXA13#chr7:27199720-27199738(+)	HOXA13	tf_targeting		
HOXA13#chr7:27200013-27200031(+)	HOXA13	tf_targeting		
HOXA13#chr7:27200017-27200035(+)	HOXA13	tf_targeting		
HOXA13#chr7:27200030-27200048(+)	HOXA13	tf_targeting		
HOXA13#chr7:27200033-27200051(+)	HOXA13	tf_targeting		
HOXA2#chr7:27102197-27102215(-)	HOXA2	tf_targeting		
HOXA2#chr7:27102335-27102353(+)	HOXA2	tf_targeting		
HOXA2#chr7:27102571-27102589(+)	HOXA2	tf_targeting		
HOXA2#chr7:27102605-27102623(+)	HOXA2	tf_targeting		
HOXA2#chr7:27102643-27102661(+)	HOXA2	tf_targeting		
HOXA2#chr7:27102658-27102676(-)	HOXA2	tf_targeting		
HOXA3#chr7:27113585-27113603(-)	HOXA3	tf_targeting		
HOXA3#chr7:27113773-27113791(-)	HOXA3	tf_targeting		
HOXA3#chr7:27113807-27113825(-)	HOXA3	tf_targeting		
HOXA3#chr7:27113815-27113833(+)	HOXA3	tf_targeting		
HOXA3#chr7:27113820-27113838(-)	HOXA3	tf_targeting		
HOXA3#chr7:27113825-27113843(+)	HOXA3	tf_targeting		
HOXA3#chr7:27152320-27152338(-)	HOXA3	tf_targeting		
HOXA3#chr7:27152494-27152512(-)	HOXA3	tf_targeting		
HOXA3#chr7:27152505-27152523(-)	HOXA3	tf_targeting		
HOXA3#chr7:27152515-27152533(+)	HOXA3	tf_targeting		
HOXA3#chr7:27152519-27152537(+)	HOXA3	tf_targeting		
HOXA3#chr7:27152536-27152554(+)	HOXA3	tf_targeting		
HOXA4#chr7:27129987-27130005(+)	HOXA4	tf_targeting		
HOXA4#chr7:27130501-27130519(+)	HOXA4	tf_targeting		
HOXA4#chr7:27130508-27130526(+)	HOXA4	tf_targeting		
HOXA4#chr7:27130654-27130672(-)	HOXA4	tf_targeting		
HOXA4#chr7:27130658-27130676(+)	HOXA4	tf_targeting		
HOXA4#chr7:27130662-27130680(+)	HOXA4	tf_targeting		
HOXA5#chr7:27143401-27143419(+)	HOXA5	tf_targeting		
HOXA5#chr7:27143416-27143434(+)	HOXA5	tf_targeting		
HOXA5#chr7:27143454-27143472(-)	HOXA5	tf_targeting		
HOXA5#chr7:27143459-27143477(-)	HOXA5	tf_targeting		
HOXA5#chr7:27143474-27143492(-)	HOXA5	tf_targeting		
HOXA5#chr7:27143483-27143501(-)	HOXA5	tf_targeting		
HOXA6#chr7:27150721-27150739(+)	HOXA6	tf_targeting		
HOXA6#chr7:27150761-27150779(+)	HOXA6	tf_targeting		
HOXA6#chr7:27150873-27150891(-)	HOXA6	tf_targeting		
HOXA6#chr7:27150876-27150894(-)	HOXA6	tf_targeting		
HOXA6#chr7:27150883-27150901(+)	HOXA6	tf_targeting		
HOXA6#chr7:27150943-27150961(+)	HOXA6	tf_targeting		
HOXA7#chr7:27156333-27156351(+)	HOXA7	tf_targeting		
HOXA7#chr7:27156376-27156394(+)	HOXA7	tf_targeting		
HOXA7#chr7:27156422-27156440(-)	HOXA7	tf_targeting		
HOXA7#chr7:27156627-27156645(-)	HOXA7	tf_targeting		
HOXA7#chr7:27156647-27156665(-)	HOXA7	tf_targeting		
HOXA7#chr7:27156688-27156706(-)	HOXA7	tf_targeting		
HOXA9#chr7:27165269-27165287(+)	HOXA9	tf_targeting		
HOXA9#chr7:27165445-27165463(-)	HOXA9	tf_targeting		
HOXA9#chr7:27165457-27165475(-)	HOXA9	tf_targeting		
HOXA9#chr7:27165484-27165502(-)	HOXA9	tf_targeting		
HOXA9#chr7:27165494-27165512(-)	HOXA9	tf_targeting		
HOXA9#chr7:27165526-27165544(+)	HOXA9	tf_targeting		
HOXB1#chr17:48530907-48530925(+)	HOXB1	tf_targeting		
HOXB1#chr17:48530919-48530937(+)	HOXB1	tf_targeting		
HOXB1#chr17:48530957-48530975(-)	HOXB1	tf_targeting		
HOXB1#chr17:48530965-48530983(-)	HOXB1	tf_targeting		
HOXB1#chr17:48530969-48530987(+)	HOXB1	tf_targeting		
HOXB1#chr17:48531001-48531019(-)	HOXB1	tf_targeting		
HOXB13#chr17:48728263-48728281(-)	HOXB13	tf_targeting		
HOXB13#chr17:48728455-48728473(+)	HOXB13	tf_targeting		
HOXB13#chr17:48728468-48728486(+)	HOXB13	tf_targeting		
HOXB13#chr17:48728604-48728622(+)	HOXB13	tf_targeting		
HOXB13#chr17:48728620-48728638(+)	HOXB13	tf_targeting		
HOXB13#chr17:48728661-48728679(-)	HOXB13	tf_targeting		
HOXB2#chr17:48544532-48544550(+)	HOXB2	tf_targeting	-1.7332125	0.01787887871912
HOXB2#chr17:48544616-48544634(+)	HOXB2	tf_targeting	-0.9848945	0.1837856794564497
HOXB2#chr17:48544676-48544694(+)	HOXB2	tf_targeting	-3.115034	0.0004570938831272
HOXB2#chr17:48544690-48544708(-)	HOXB2	tf_targeting	-1.8787212	0.0261911643409398
HOXB2#chr17:48545788-48545806(-)	HOXB2	tf_targeting	-0.33199596	0.5073956547444034
HOXB2#chr17:48546003-48546021(+)	HOXB2	tf_targeting	-0.52221787	0.4578634456156095
HOXB3#chr17:48589980-48589998(+)	HOXB3	tf_targeting		
HOXB3#chr17:48590026-48590044(-)	HOXB3	tf_targeting		
HOXB3#chr17:48590141-48590159(+)	HOXB3	tf_targeting		
HOXB3#chr17:48590148-48590166(-)	HOXB3	tf_targeting		
HOXB3#chr17:48590180-48590198(-)	HOXB3	tf_targeting		
HOXB3#chr17:48590217-48590235(-)	HOXB3	tf_targeting		
HOXB4#chr17:48577853-48577871(-)	HOXB4	tf_targeting		
HOXB4#chr17:48578194-48578212(-)	HOXB4	tf_targeting		
HOXB4#chr17:48578196-48578214(+)	HOXB4	tf_targeting		
HOXB4#chr17:48578204-48578222(-)	HOXB4	tf_targeting		
HOXB4#chr17:48578368-48578386(-)	HOXB4	tf_targeting		
HOXB4#chr17:48578433-48578451(-)	HOXB4	tf_targeting		
HOXB5#chr17:48593315-48593333(+)	HOXB5	tf_targeting		
HOXB5#chr17:48593384-48593402(+)	HOXB5	tf_targeting		
HOXB5#chr17:48593470-48593488(+)	HOXB5	tf_targeting		
HOXB5#chr17:48593486-48593504(+)	HOXB5	tf_targeting		
HOXB5#chr17:48593534-48593552(-)	HOXB5	tf_targeting		
HOXB5#chr17:48593679-48593697(+)	HOXB5	tf_targeting		
HOXB6#chr17:48597963-48597981(+)	HOXB6	tf_targeting		
HOXB6#chr17:48597999-48598017(-)	HOXB6	tf_targeting		
HOXB6#chr17:48598100-48598118(+)	HOXB6	tf_targeting		
HOXB6#chr17:48598136-48598154(+)	HOXB6	tf_targeting		
HOXB6#chr17:48598175-48598193(-)	HOXB6	tf_targeting		
HOXB6#chr17:48598186-48598204(-)	HOXB6	tf_targeting		
HOXB6#chr17:48604687-48604705(+)	HOXB6	tf_targeting		
HOXB6#chr17:48604939-48604957(-)	HOXB6	tf_targeting		
HOXB6#chr17:48604944-48604962(+)	HOXB6	tf_targeting		
HOXB6#chr17:48604949-48604967(+)	HOXB6	tf_targeting		
HOXB6#chr17:48604959-48604977(-)	HOXB6	tf_targeting		
HOXB6#chr17:48604963-48604981(-)	HOXB6	tf_targeting		
HOXB7#chr17:48610567-48610585(-)	HOXB7	tf_targeting		
HOXB7#chr17:48610579-48610597(-)	HOXB7	tf_targeting		
HOXB7#chr17:48610608-48610626(+)	HOXB7	tf_targeting		
HOXB7#chr17:48610743-48610761(+)	HOXB7	tf_targeting		
HOXB7#chr17:48610786-48610804(-)	HOXB7	tf_targeting		
HOXB7#chr17:48610920-48610938(+)	HOXB7	tf_targeting		
HOXB8#chr17:48613218-48613236(-)	HOXB8	tf_targeting		
HOXB8#chr17:48613233-48613251(-)	HOXB8	tf_targeting		
HOXB8#chr17:48613246-48613264(-)	HOXB8	tf_targeting		
HOXB8#chr17:48613408-48613426(+)	HOXB8	tf_targeting		
HOXB8#chr17:48613418-48613436(+)	HOXB8	tf_targeting		
HOXB8#chr17:48613466-48613484(+)	HOXB8	tf_targeting		
HOXB8#chr17:48614728-48614746(+)	HOXB8	tf_targeting		
HOXB8#chr17:48614731-48614749(+)	HOXB8	tf_targeting		
HOXB8#chr17:48614822-48614840(+)	HOXB8	tf_targeting		
HOXB8#chr17:48615022-48615040(+)	HOXB8	tf_targeting		
HOXB8#chr17:48615031-48615049(-)	HOXB8	tf_targeting		
HOXB8#chr17:48615034-48615052(-)	HOXB8	tf_targeting		
HOXB9#chr17:48626080-48626098(+)	HOXB9	tf_targeting		
HOXB9#chr17:48626278-48626296(+)	HOXB9	tf_targeting		
HOXB9#chr17:48626298-48626316(+)	HOXB9	tf_targeting		
HOXB9#chr17:48626314-48626332(+)	HOXB9	tf_targeting		
HOXB9#chr17:48626334-48626352(+)	HOXB9	tf_targeting		
HOXB9#chr17:48626355-48626373(-)	HOXB9	tf_targeting		
HOXC10#chr12:53985176-53985194(+)	HOXC10	tf_targeting		
HOXC10#chr12:53985220-53985238(-)	HOXC10	tf_targeting		
HOXC10#chr12:53985223-53985241(-)	HOXC10	tf_targeting		
HOXC10#chr12:53985375-53985393(+)	HOXC10	tf_targeting		
HOXC10#chr12:53985407-53985425(+)	HOXC10	tf_targeting		
HOXC10#chr12:53985414-53985432(+)	HOXC10	tf_targeting		
HOXC11#chr12:53973243-53973261(+)	HOXC11	tf_targeting		
HOXC11#chr12:53973262-53973280(-)	HOXC11	tf_targeting		
HOXC11#chr12:53973276-53973294(+)	HOXC11	tf_targeting		
HOXC11#chr12:53973368-53973386(-)	HOXC11	tf_targeting		
HOXC11#chr12:53973423-53973441(-)	HOXC11	tf_targeting		
HOXC11#chr12:53973447-53973465(+)	HOXC11	tf_targeting		
HOXC12#chr12:53954897-53954915(+)	HOXC12	tf_targeting		
HOXC12#chr12:53954913-53954931(+)	HOXC12	tf_targeting		
HOXC12#chr12:53954958-53954976(-)	HOXC12	tf_targeting		
HOXC12#chr12:53954970-53954988(+)	HOXC12	tf_targeting		
HOXC12#chr12:53955131-53955149(-)	HOXC12	tf_targeting		
HOXC12#chr12:53955160-53955178(-)	HOXC12	tf_targeting		
HOXC13#chr12:53938848-53938866(+)	HOXC13	tf_targeting		
HOXC13#chr12:53938853-53938871(-)	HOXC13	tf_targeting		
HOXC13#chr12:53938866-53938884(-)	HOXC13	tf_targeting		
HOXC13#chr12:53939067-53939085(+)	HOXC13	tf_targeting		
HOXC13#chr12:53939265-53939283(+)	HOXC13	tf_targeting		
HOXC13#chr12:53939278-53939296(-)	HOXC13	tf_targeting		
HOXC4#chr12:54053840-54053858(+)	HOXC4	tf_targeting		
HOXC4#chr12:54053843-54053861(+)	HOXC4	tf_targeting		
HOXC4#chr12:54053844-54053862(+)	HOXC4	tf_targeting		
HOXC4#chr12:54054229-54054247(-)	HOXC4	tf_targeting		
HOXC4#chr12:54054290-54054308(-)	HOXC4	tf_targeting		
HOXC4#chr12:54054468-54054486(-)	HOXC4	tf_targeting		
HOXC5#chr12:54017313-54017331(+)	HOXC5	tf_targeting		
HOXC5#chr12:54017326-54017344(+)	HOXC5	tf_targeting		
HOXC6#chr12:54016901-54016919(-)	HOXC6	tf_targeting		
HOXC6#chr12:54017023-54017041(-)	HOXC6	tf_targeting		
HOXC8#chr12:54008945-54008963(+)	HOXC8	tf_targeting		
HOXC8#chr12:54008955-54008973(+)	HOXC8	tf_targeting		
HOXC8#chr12:54009001-54009019(+)	HOXC8	tf_targeting		
HOXC8#chr12:54009010-54009028(-)	HOXC8	tf_targeting		
HOXC8#chr12:54009087-54009105(-)	HOXC8	tf_targeting		
HOXC8#chr12:54009234-54009252(+)	HOXC8	tf_targeting		
HOXC9#chr12:54000184-54000202(-)	HOXC9	tf_targeting		
HOXC9#chr12:54000324-54000342(-)	HOXC9	tf_targeting		
HOXC9#chr12:54000346-54000364(-)	HOXC9	tf_targeting		
HOXC9#chr12:54000399-54000417(-)	HOXC9	tf_targeting		
HOXC9#chr12:54000412-54000430(-)	HOXC9	tf_targeting		
HOXC9#chr12:54000542-54000560(+)	HOXC9	tf_targeting		
HOXD1#chr2:176188658-176188676(+)	HOXD1	tf_targeting		
HOXD1#chr2:176188664-176188682(+)	HOXD1	tf_targeting		
HOXD1#chr2:176188682-176188700(+)	HOXD1	tf_targeting		
HOXD1#chr2:176188686-176188704(+)	HOXD1	tf_targeting		
HOXD1#chr2:176188706-176188724(+)	HOXD1	tf_targeting		
HOXD1#chr2:176188888-176188906(-)	HOXD1	tf_targeting		
HOXD10#chr2:176108768-176108786(+)	HOXD10	tf_targeting		
HOXD10#chr2:176108789-176108807(+)	HOXD10	tf_targeting		
HOXD10#chr2:176108803-176108821(-)	HOXD10	tf_targeting		
HOXD10#chr2:176108814-176108832(+)	HOXD10	tf_targeting		
HOXD10#chr2:176108823-176108841(+)	HOXD10	tf_targeting		
HOXD10#chr2:176108887-176108905(-)	HOXD10	tf_targeting		
HOXD10#chr2:176116780-176116798(-)	HOXD10	tf_targeting		
HOXD10#chr2:176116945-176116963(-)	HOXD10	tf_targeting		
HOXD10#chr2:176117053-176117071(-)	HOXD10	tf_targeting		
HOXD10#chr2:176117220-176117238(-)	HOXD10	tf_targeting		
HOXD10#chr2:176117241-176117259(-)	HOXD10	tf_targeting		
HOXD10#chr2:176117265-176117283(-)	HOXD10	tf_targeting		
HOXD11#chr2:176104538-176104556(+)	HOXD11	tf_targeting		
HOXD11#chr2:176104549-176104567(-)	HOXD11	tf_targeting		
HOXD11#chr2:176104562-176104580(+)	HOXD11	tf_targeting		
HOXD11#chr2:176104569-176104587(-)	HOXD11	tf_targeting		
HOXD11#chr2:176104583-176104601(+)	HOXD11	tf_targeting		
HOXD11#chr2:176104934-176104952(-)	HOXD11	tf_targeting		
HOXD12#chr2:176099808-176099826(+)	HOXD12	tf_targeting		
HOXD12#chr2:176099818-176099836(+)	HOXD12	tf_targeting		
HOXD12#chr2:176099924-176099942(-)	HOXD12	tf_targeting		
HOXD12#chr2:176099992-176100010(+)	HOXD12	tf_targeting		
HOXD12#chr2:176100001-176100019(-)	HOXD12	tf_targeting		
HOXD12#chr2:176100163-176100181(-)	HOXD12	tf_targeting		
HOXD13#chr2:176092704-176092722(+)	HOXD13	tf_targeting		
HOXD13#chr2:176092790-176092808(+)	HOXD13	tf_targeting		
HOXD13#chr2:176092839-176092857(-)	HOXD13	tf_targeting		
HOXD13#chr2:176092902-176092920(+)	HOXD13	tf_targeting		
HOXD13#chr2:176093013-176093031(-)	HOXD13	tf_targeting		
HOXD13#chr2:176093121-176093139(-)	HOXD13	tf_targeting		
HOXD3#chr2:176136581-176136599(-)	HOXD3	tf_targeting		
HOXD3#chr2:176136607-176136625(-)	HOXD3	tf_targeting		
HOXD3#chr2:176136633-176136651(+)	HOXD3	tf_targeting		
HOXD3#chr2:176136647-176136665(-)	HOXD3	tf_targeting		
HOXD3#chr2:176136654-176136672(-)	HOXD3	tf_targeting		
HOXD3#chr2:176136821-176136839(-)	HOXD3	tf_targeting		
HOXD4#chr2:176151634-176151652(+)	HOXD4	tf_targeting		
HOXD4#chr2:176151652-176151670(+)	HOXD4	tf_targeting		
HOXD4#chr2:176151665-176151683(-)	HOXD4	tf_targeting		
HOXD4#chr2:176151725-176151743(+)	HOXD4	tf_targeting		
HOXD4#chr2:176151778-176151796(-)	HOXD4	tf_targeting		
HOXD4#chr2:176151803-176151821(+)	HOXD4	tf_targeting		
HOXD8#chr2:176129726-176129744(-)	HOXD8	tf_targeting		
HOXD8#chr2:176129735-176129753(+)	HOXD8	tf_targeting		
HOXD8#chr2:176129769-176129787(+)	HOXD8	tf_targeting		
HOXD8#chr2:176129781-176129799(+)	HOXD8	tf_targeting		
HOXD8#chr2:176129975-176129993(+)	HOXD8	tf_targeting		
HOXD8#chr2:176130614-176130632(+)	HOXD8	tf_targeting		
HOXD9#chr2:176122703-176122721(+)	HOXD9	tf_targeting		
HOXD9#chr2:176122706-176122724(+)	HOXD9	tf_targeting		
HOXD9#chr2:176122755-176122773(+)	HOXD9	tf_targeting		
HOXD9#chr2:176122759-176122777(+)	HOXD9	tf_targeting		
HOXD9#chr2:176122950-176122968(-)	HOXD9	tf_targeting		
HOXD9#chr2:176123001-176123019(-)	HOXD9	tf_targeting		
HR#chr8:22130604-22130622(+)	HR	tf_targeting		
HR#chr8:22130932-22130950(+)	HR	tf_targeting		
HR#chr8:22130942-22130960(+)	HR	tf_targeting		
HR#chr8:22130945-22130963(+)	HR	tf_targeting		
HR#chr8:22130984-22131002(-)	HR	tf_targeting		
HR#chr8:22130998-22131016(+)	HR	tf_targeting		
HR#chr8:22133281-22133299(+)	HR	tf_targeting		
HR#chr8:22133289-22133307(+)	HR	tf_targeting		
HR#chr8:22133306-22133324(-)	HR	tf_targeting		
HR#chr8:22133345-22133363(-)	HR	tf_targeting		
HR#chr8:22133354-22133372(+)	HR	tf_targeting		
HR#chr8:22133366-22133384(-)	HR	tf_targeting		
HSF1#chr8:144291598-144291616(+)	HSF1	tf_targeting	0.08362087	0.4464496652774408
HSF1#chr8:144291626-144291644(-)	HSF1	tf_targeting	-1.2055402	0.0116401649524207
HSF1#chr8:144291810-144291828(-)	HSF1	tf_targeting	0.093887426	0.7285354761073749
HSF1#chr8:144291831-144291849(-)	HSF1	tf_targeting	0.1009241	0.5749781313117259
HSF1#chr8:144291970-144291988(-)	HSF1	tf_targeting	-0.03414403	0.8705039914808131
HSF1#chr8:144292000-144292018(+)	HSF1	tf_targeting	-0.3064278	0.481808983423851
HSF2#chr6:122399639-122399657(+)	HSF2	tf_targeting	-0.96477073	0.0960839378570988
HSF2#chr6:122399683-122399701(+)	HSF2	tf_targeting	-1.9944583	0.0084932900499174
HSF2#chr6:122399688-122399706(-)	HSF2	tf_targeting	-1.0194477	0.0110919067105485
HSF2#chr6:122399694-122399712(-)	HSF2	tf_targeting	-2.1890574	0.0079938605921522
HSF2#chr6:122399815-122399833(+)	HSF2	tf_targeting	-0.23934439	0.7155523878855736
HSF2#chr6:122399863-122399881(-)	HSF2	tf_targeting	-1.7833663	0.0015769083955694
HSF4#chr16:67163614-67163632(+)	HSF4	tf_targeting		
HSF4#chr16:67164784-67164802(-)	HSF4	tf_targeting		
HSF4#chr16:67164797-67164815(-)	HSF4	tf_targeting		
HSF4#chr16:67164964-67164982(-)	HSF4	tf_targeting		
HSF4#chr16:67165015-67165033(-)	HSF4	tf_targeting		
HSF4#chr16:67165099-67165117(+)	HSF4	tf_targeting		
HSF5#chr17:58488319-58488337(-)	HSF5	tf_targeting		
HSF5#chr17:58488325-58488343(-)	HSF5	tf_targeting		
HSF5#chr17:58488340-58488358(-)	HSF5	tf_targeting		
HSF5#chr17:58488362-58488380(-)	HSF5	tf_targeting		
HSF5#chr17:58488378-58488396(-)	HSF5	tf_targeting		
HSF5#chr17:58488383-58488401(-)	HSF5	tf_targeting		
ID1#chr20:31605319-31605337(-)	ID1	tf_targeting	-0.6950021	0.0098156851856565
ID1#chr20:31605341-31605359(-)	ID1	tf_targeting	-0.32404086	0.0543809559620307
ID1#chr20:31605361-31605379(-)	ID1	tf_targeting	-1.0365405	0.0052630040292024
ID1#chr20:31605383-31605401(+)	ID1	tf_targeting	-2.6878476	4.581726699744984e-05
ID1#chr20:31605446-31605464(+)	ID1	tf_targeting	-2.0646896	3.1287108630630325e-08
ID1#chr20:31605512-31605530(-)	ID1	tf_targeting	-1.5124305	1.3999853338300614e-31
ID2#chr2:8679225-8679243(+)	ID2	tf_targeting	-0.32293767	0.0042060178932171
ID2#chr2:8679245-8679263(-)	ID2	tf_targeting	-1.0049695	0.0003461879246615
ID2#chr2:8679255-8679273(+)	ID2	tf_targeting	-0.73026836	0.1511853366285749
ID2#chr2:8679292-8679310(-)	ID2	tf_targeting	-0.06389638	0.6443013302224119
ID2#chr2:8679304-8679322(-)	ID2	tf_targeting	-1.5602866	4.782080556099872e-11
ID2#chr2:8679467-8679485(-)	ID2	tf_targeting	-2.1159797	0.0002084781314304
ID2#chr2:8682041-8682059(-)	ID2	tf_targeting	-1.7014699	2.3863957975690374e-15
ID2#chr2:8682044-8682062(-)	ID2	tf_targeting	-1.3370377	0.0647139552960375
ID2#chr2:8682052-8682070(+)	ID2	tf_targeting	-1.7417849	1.0496473274878426e-06
ID2#chr2:8682072-8682090(-)	ID2	tf_targeting	-2.2476056	1.0779854509712801e-13
ID2#chr2:8682232-8682250(+)	ID2	tf_targeting	-2.714811	4.84011813011108e-09
ID2#chr2:8682248-8682266(-)	ID2	tf_targeting	-2.1494453	2.72593234472046e-13
ID3#chr1:23559248-23559266(-)	ID3	tf_targeting	-2.0343578	2.4788737675677096e-22
ID3#chr1:23559271-23559289(+)	ID3	tf_targeting	-2.1662302	2.7689687193303225e-12
ID3#chr1:23559297-23559315(+)	ID3	tf_targeting	-1.873065	0.0112002131566009
ID3#chr1:23559423-23559441(-)	ID3	tf_targeting	-0.828063	1.925731653299012e-09
ID3#chr1:23559483-23559501(-)	ID3	tf_targeting	-1.0099167	0.0002482878177398
ID3#chr1:23559516-23559534(-)	ID3	tf_targeting	-1.1078227	0.0012338408245923
ID4#chr6:19837361-19837379(+)	ID4	tf_targeting	-0.7166571	0.0133699970842617
ID4#chr6:19837389-19837407(+)	ID4	tf_targeting	-1.9254943	0.0249516130208598
ID4#chr6:19837395-19837413(+)	ID4	tf_targeting	-0.885957	0.0964008857330795
ID4#chr6:19837406-19837424(+)	ID4	tf_targeting	-0.46111515	0.6217860438043329
ID4#chr6:19837455-19837473(+)	ID4	tf_targeting	-0.92493665	0.1244134429438646
ID4#chr6:19837478-19837496(+)	ID4	tf_targeting	-0.46616206	0.3721277525387928
IFI16#chr1:159009908-159009926(-)	IFI16	tf_targeting		
IFI16#chr1:159009913-159009931(+)	IFI16	tf_targeting		
IFI16#chr1:159009944-159009962(-)	IFI16	tf_targeting		
IFI16#chr1:159009956-159009974(+)	IFI16	tf_targeting		
IFI16#chr1:159009989-159010007(-)	IFI16	tf_targeting		
IFI16#chr1:159010208-159010226(+)	IFI16	tf_targeting		
IGFBP1#chr7:45888502-45888520(-)	IGFBP1	tf_targeting		
IGFBP1#chr7:45888536-45888554(+)	IGFBP1	tf_targeting		
IGFBP1#chr7:45888546-45888564(-)	IGFBP1	tf_targeting		
IGFBP1#chr7:45888561-45888579(-)	IGFBP1	tf_targeting		
IGFBP1#chr7:45888572-45888590(-)	IGFBP1	tf_targeting		
IGFBP1#chr7:45888756-45888774(-)	IGFBP1	tf_targeting		
IGHMBP2#chr11:68903896-68903914(+)	IGHMBP2	tf_targeting		
IGHMBP2#chr11:68903903-68903921(+)	IGHMBP2	tf_targeting		
IGHMBP2#chr11:68903912-68903930(+)	IGHMBP2	tf_targeting		
IGHMBP2#chr11:68903929-68903947(+)	IGHMBP2	tf_targeting		
IGHMBP2#chr11:68904107-68904125(+)	IGHMBP2	tf_targeting		
IGHMBP2#chr11:68904146-68904164(-)	IGHMBP2	tf_targeting		
IKZF1#chr7:50304289-50304307(-)	IKZF1	tf_targeting		
IKZF1#chr7:50304679-50304697(+)	IKZF1	tf_targeting		
IKZF1#chr7:50304747-50304765(-)	IKZF1	tf_targeting		
IKZF1#chr7:50304754-50304772(+)	IKZF1	tf_targeting		
IKZF1#chr7:50304772-50304790(-)	IKZF1	tf_targeting		
IKZF1#chr7:50304781-50304799(+)	IKZF1	tf_targeting		
IKZF2#chr2:213150244-213150262(+)	IKZF2	tf_targeting		
IKZF2#chr2:213150334-213150352(+)	IKZF2	tf_targeting		
IKZF2#chr2:213150337-213150355(+)	IKZF2	tf_targeting		
IKZF2#chr2:213150357-213150375(+)	IKZF2	tf_targeting		
IKZF2#chr2:213150361-213150379(+)	IKZF2	tf_targeting		
IKZF2#chr2:213150394-213150412(+)	IKZF2	tf_targeting		
IKZF2#chr2:213151504-213151522(-)	IKZF2	tf_targeting		
IKZF2#chr2:213151511-213151529(+)	IKZF2	tf_targeting		
IKZF2#chr2:213151523-213151541(+)	IKZF2	tf_targeting		
IKZF2#chr2:213151544-213151562(+)	IKZF2	tf_targeting		
IKZF2#chr2:213151579-213151597(+)	IKZF2	tf_targeting		
IKZF2#chr2:213151586-213151604(-)	IKZF2	tf_targeting		
IKZF3#chr17:39863853-39863871(-)	IKZF3	tf_targeting		
IKZF3#chr17:39864126-39864144(-)	IKZF3	tf_targeting		
IKZF3#chr17:39864148-39864166(+)	IKZF3	tf_targeting		
IKZF3#chr17:39864156-39864174(-)	IKZF3	tf_targeting		
IKZF3#chr17:39864191-39864209(-)	IKZF3	tf_targeting		
IKZF3#chr17:39864197-39864215(-)	IKZF3	tf_targeting		
IKZF4#chr12:56007477-56007495(+)	IKZF4	tf_targeting		
IKZF4#chr12:56007508-56007526(+)	IKZF4	tf_targeting		
IKZF4#chr12:56007550-56007568(-)	IKZF4	tf_targeting		
IKZF4#chr12:56007553-56007571(+)	IKZF4	tf_targeting		
IKZF4#chr12:56007702-56007720(-)	IKZF4	tf_targeting		
IKZF4#chr12:56007714-56007732(+)	IKZF4	tf_targeting		
IKZF4#chr12:56021506-56021524(-)	IKZF4	tf_targeting		
IKZF4#chr12:56021510-56021528(-)	IKZF4	tf_targeting		
IKZF4#chr12:56021513-56021531(+)	IKZF4	tf_targeting		
IKZF4#chr12:56021523-56021541(-)	IKZF4	tf_targeting		
IKZF4#chr12:56021541-56021559(-)	IKZF4	tf_targeting		
IKZF4#chr12:56021552-56021570(-)	IKZF4	tf_targeting		
IKZF5#chr10:123008585-123008603(-)	IKZF5	tf_targeting		
IKZF5#chr10:123008648-123008666(-)	IKZF5	tf_targeting		
IKZF5#chr10:123008729-123008747(-)	IKZF5	tf_targeting		
IKZF5#chr10:123008750-123008768(-)	IKZF5	tf_targeting		
IKZF5#chr10:123008756-123008774(-)	IKZF5	tf_targeting		
IKZF5#chr10:123008768-123008786(-)	IKZF5	tf_targeting		
ILF2#chr1:153670768-153670786(-)	ILF2	tf_targeting	-0.42488754	0.6375133136143563
ILF2#chr1:153670903-153670921(+)	ILF2	tf_targeting	-0.31614113	0.5179708464379775
ILF2#chr1:153670953-153670971(-)	ILF2	tf_targeting	-0.9625297	0.2853087056686253
ILF2#chr1:153670958-153670976(-)	ILF2	tf_targeting	-0.14276552	0.8591841203627271
ILF2#chr1:153670971-153670989(-)	ILF2	tf_targeting	0.0651329	0.9393165953003468
ILF2#chr1:153670973-153670991(+)	ILF2	tf_targeting	0.090621226	0.9207046766430316
ILF3#chr19:10654324-10654342(+)	ILF3	tf_targeting	0.05189972	0.8862867056394111
ILF3#chr19:10654337-10654355(-)	ILF3	tf_targeting	-1.2910835	0.0429767887153095
ILF3#chr19:10654340-10654358(-)	ILF3	tf_targeting	0.29388723	0.451562917554988
ILF3#chr19:10654358-10654376(-)	ILF3	tf_targeting	-0.25755417	0.6177464126084131
ILF3#chr19:10654361-10654379(-)	ILF3	tf_targeting	-1.0317827	0.0001084579542774
ILF3#chr19:10654371-10654389(-)	ILF3	tf_targeting	-0.1792976	0.7925595975190276
ING1#chr13:110713704-110713722(+)	ING1	tf_targeting		
ING1#chr13:110713710-110713728(-)	ING1	tf_targeting		
ING1#chr13:110713712-110713730(+)	ING1	tf_targeting		
ING1#chr13:110713719-110713737(+)	ING1	tf_targeting		
ING1#chr13:110713774-110713792(-)	ING1	tf_targeting		
ING1#chr13:110714166-110714184(-)	ING1	tf_targeting		
ING1#chr13:110715839-110715857(-)	ING1	tf_targeting		
ING1#chr13:110715862-110715880(+)	ING1	tf_targeting		
ING1#chr13:110716026-110716044(+)	ING1	tf_targeting		
ING1#chr13:110716096-110716114(-)	ING1	tf_targeting		
ING1#chr13:110716107-110716125(-)	ING1	tf_targeting		
ING1#chr13:110716241-110716259(-)	ING1	tf_targeting		
ING4#chr12:6662864-6662882(-)	ING4	tf_targeting	0.3190874	0.5010855696679983
ING4#chr12:6662869-6662887(-)	ING4	tf_targeting	-0.37637407	0.2452832394241957
ING4#chr12:6662881-6662899(-)	ING4	tf_targeting	-0.4686111	0.1711545055293214
ING4#chr12:6663083-6663101(-)	ING4	tf_targeting	-0.59882736	0.2715209512138389
ING4#chr12:6663128-6663146(-)	ING4	tf_targeting	-0.14648102	0.5859420613228483
ING4#chr12:6663136-6663154(-)	ING4	tf_targeting	-0.29612866	0.4752688815720575
INSM1#chr20:20367876-20367894(+)	INSM1	tf_targeting		
INSM1#chr20:20368102-20368120(+)	INSM1	tf_targeting		
INSM1#chr20:20368114-20368132(+)	INSM1	tf_targeting		
INSM1#chr20:20368129-20368147(+)	INSM1	tf_targeting		
INSM1#chr20:20368144-20368162(-)	INSM1	tf_targeting		
INSM1#chr20:20368562-20368580(-)	INSM1	tf_targeting		
INSM2#chr14:35534144-35534162(+)	INSM2	tf_targeting		
INSM2#chr14:35534209-35534227(-)	INSM2	tf_targeting		
INSM2#chr14:35534219-35534237(-)	INSM2	tf_targeting		
INSM2#chr14:35534225-35534243(-)	INSM2	tf_targeting		
INSM2#chr14:35534259-35534277(-)	INSM2	tf_targeting		
INSM2#chr14:35534358-35534376(-)	INSM2	tf_targeting		
IRF1#chr5:132490578-132490596(+)	IRF1	tf_targeting		
IRF1#chr5:132490705-132490723(+)	IRF1	tf_targeting		
IRF1#chr5:132490739-132490757(+)	IRF1	tf_targeting		
IRF1#chr5:132490744-132490762(+)	IRF1	tf_targeting		
IRF1#chr5:132490752-132490770(-)	IRF1	tf_targeting		
IRF1#chr5:132490759-132490777(+)	IRF1	tf_targeting		
IRF2#chr4:184474320-184474338(-)	IRF2	tf_targeting	-0.4555006	0.3938665669498615
IRF2#chr4:184474333-184474351(-)	IRF2	tf_targeting	-1.0304819	0.0902456917654924
IRF2#chr4:184474462-184474480(+)	IRF2	tf_targeting	-1.3756915	0.0220947716377997
IRF2#chr4:184474506-184474524(-)	IRF2	tf_targeting	-0.9902248	0.2554603574253152
IRF2#chr4:184474525-184474543(+)	IRF2	tf_targeting	-1.4410613	0.1230570076028051
IRF2#chr4:184474549-184474567(+)	IRF2	tf_targeting	-1.625147	0.0729024878529557
IRF3#chr19:49665547-49665565(-)	IRF3	tf_targeting		
IRF3#chr19:49665568-49665586(-)	IRF3	tf_targeting		
IRF3#chr19:49665601-49665619(-)	IRF3	tf_targeting		
IRF3#chr19:49665604-49665622(-)	IRF3	tf_targeting		
IRF3#chr19:49665674-49665692(-)	IRF3	tf_targeting		
IRF3#chr19:49665824-49665842(-)	IRF3	tf_targeting		
IRF4#chr6:391762-391780(-)	IRF4	tf_targeting		
IRF4#chr6:391778-391796(-)	IRF4	tf_targeting		
IRF4#chr6:391797-391815(-)	IRF4	tf_targeting		
IRF4#chr6:391799-391817(+)	IRF4	tf_targeting		
IRF4#chr6:391856-391874(-)	IRF4	tf_targeting		
IRF4#chr6:391941-391959(-)	IRF4	tf_targeting		
IRF4#chr6:393212-393230(+)	IRF4	tf_targeting		
IRF4#chr6:393230-393248(-)	IRF4	tf_targeting		
IRF4#chr6:393235-393253(+)	IRF4	tf_targeting		
IRF4#chr6:393248-393266(+)	IRF4	tf_targeting		
IRF4#chr6:393258-393276(+)	IRF4	tf_targeting		
IRF4#chr6:393266-393284(-)	IRF4	tf_targeting		
IRF5#chr7:128937935-128937953(+)	IRF5	tf_targeting		
IRF5#chr7:128937961-128937979(-)	IRF5	tf_targeting		
IRF5#chr7:128938003-128938021(-)	IRF5	tf_targeting		
IRF5#chr7:128938019-128938037(-)	IRF5	tf_targeting		
IRF5#chr7:128938033-128938051(+)	IRF5	tf_targeting		
IRF5#chr7:128938178-128938196(+)	IRF5	tf_targeting		
IRF5#chr7:128940738-128940756(-)	IRF5	tf_targeting		
IRF5#chr7:128940767-128940785(+)	IRF5	tf_targeting		
IRF5#chr7:128940772-128940790(-)	IRF5	tf_targeting		
IRF5#chr7:128940836-128940854(+)	IRF5	tf_targeting		
IRF5#chr7:128940984-128941002(-)	IRF5	tf_targeting		
IRF5#chr7:128941236-128941254(-)	IRF5	tf_targeting		
IRF6#chr1:209805880-209805898(+)	IRF6	tf_targeting		
IRF6#chr1:209805916-209805934(+)	IRF6	tf_targeting		
IRF6#chr1:209805928-209805946(-)	IRF6	tf_targeting		
IRF6#chr1:209806049-209806067(+)	IRF6	tf_targeting		
IRF6#chr1:209806089-209806107(-)	IRF6	tf_targeting		
IRF6#chr1:209806120-209806138(-)	IRF6	tf_targeting		
IRF7#chr11:615694-615712(+)	IRF7	tf_targeting		
IRF7#chr11:615749-615767(-)	IRF7	tf_targeting		
IRF7#chr11:615840-615858(-)	IRF7	tf_targeting		
IRF7#chr11:615874-615892(+)	IRF7	tf_targeting		
IRF7#chr11:615907-615925(-)	IRF7	tf_targeting		
IRF7#chr11:615917-615935(+)	IRF7	tf_targeting		
IRF8#chr16:85899166-85899184(+)	IRF8	tf_targeting		
IRF8#chr16:85899174-85899192(+)	IRF8	tf_targeting		
IRF8#chr16:85899177-85899195(+)	IRF8	tf_targeting		
IRF8#chr16:85899207-85899225(+)	IRF8	tf_targeting		
IRF8#chr16:85899215-85899233(+)	IRF8	tf_targeting		
IRF8#chr16:85899225-85899243(+)	IRF8	tf_targeting		
IRF9#chr14:24161242-24161260(+)	IRF9	tf_targeting		
IRF9#chr14:24161314-24161332(-)	IRF9	tf_targeting		
IRF9#chr14:24161333-24161351(+)	IRF9	tf_targeting		
IRF9#chr14:24161338-24161356(+)	IRF9	tf_targeting		
IRF9#chr14:24161483-24161501(+)	IRF9	tf_targeting		
IRF9#chr14:24161762-24161780(-)	IRF9	tf_targeting		
IRX1#chr5:3595910-3595928(+)	IRX1	tf_targeting		
IRX1#chr5:3595917-3595935(+)	IRX1	tf_targeting		
IRX1#chr5:3595921-3595939(-)	IRX1	tf_targeting		
IRX1#chr5:3595929-3595947(+)	IRX1	tf_targeting		
IRX1#chr5:3595954-3595972(-)	IRX1	tf_targeting		
IRX1#chr5:3596281-3596299(-)	IRX1	tf_targeting		
IRX2#chr5:2751254-2751272(+)	IRX2	tf_targeting		
IRX2#chr5:2751388-2751406(+)	IRX2	tf_targeting		
IRX2#chr5:2751474-2751492(-)	IRX2	tf_targeting		
IRX2#chr5:2751601-2751619(+)	IRX2	tf_targeting		
IRX2#chr5:2751631-2751649(+)	IRX2	tf_targeting		
IRX2#chr5:2751639-2751657(+)	IRX2	tf_targeting		
IRX3#chr16:54286504-54286522(-)	IRX3	tf_targeting	0.023699913	0.9192247840053503
IRX3#chr16:54286507-54286525(-)	IRX3	tf_targeting	-0.33063683	0.3100546254498064
IRX3#chr16:54286707-54286725(+)	IRX3	tf_targeting	0.34849957	0.3376288410507575
IRX3#chr16:54286723-54286741(+)	IRX3	tf_targeting	-0.07300353	0.8317797292943403
IRX3#chr16:54286733-54286751(+)	IRX3	tf_targeting	-0.15217142	0.6789221236908394
IRX3#chr16:54286746-54286764(+)	IRX3	tf_targeting	0.05425067	0.7170246683873258
IRX4#chr5:1886503-1886521(+)	IRX4	tf_targeting	-0.8346169	0.1718779676391112
IRX4#chr5:1886770-1886788(+)	IRX4	tf_targeting	-2.0090978	0.0104778709115311
IRX4#chr5:1886853-1886871(-)	IRX4	tf_targeting	-1.0835781	0.2185164011301588
IRX4#chr5:1886859-1886877(-)	IRX4	tf_targeting	-1.2265943	0.0084162343820498
IRX4#chr5:1886919-1886937(+)	IRX4	tf_targeting	-1.4949862	1.3603872034045566e-07
IRX4#chr5:1886928-1886946(-)	IRX4	tf_targeting	-1.7263145	1.4674710722266048e-06
IRX5#chr16:54930906-54930924(-)	IRX5	tf_targeting		
IRX5#chr16:54931081-54931099(+)	IRX5	tf_targeting		
IRX5#chr16:54931148-54931166(-)	IRX5	tf_targeting		
IRX5#chr16:54931329-54931347(-)	IRX5	tf_targeting		
IRX5#chr16:54931340-54931358(-)	IRX5	tf_targeting		
IRX5#chr16:54931431-54931449(-)	IRX5	tf_targeting		
IRX6#chr16:55324224-55324242(-)	IRX6	tf_targeting		
IRX6#chr16:55324252-55324270(-)	IRX6	tf_targeting		
IRX6#chr16:55324257-55324275(-)	IRX6	tf_targeting		
IRX6#chr16:55324267-55324285(-)	IRX6	tf_targeting		
IRX6#chr16:55324374-55324392(-)	IRX6	tf_targeting		
IRX6#chr16:55324377-55324395(-)	IRX6	tf_targeting		
ISL1#chr5:51383449-51383467(-)	ISL1	tf_targeting	-1.05307	0.0265387468891149
ISL1#chr5:51383475-51383493(-)	ISL1	tf_targeting	-1.2373817	0.0007907924577883
ISL1#chr5:51383483-51383501(-)	ISL1	tf_targeting	0.1414442	0.768513630089844
ISL1#chr5:51383489-51383507(-)	ISL1	tf_targeting	-0.5536936	0.2712592925144561
ISL1#chr5:51383492-51383510(-)	ISL1	tf_targeting	-0.20050946	0.5270902388230196
ISL1#chr5:51383500-51383518(+)	ISL1	tf_targeting	-0.49221882	0.1787619314604956
ISL1#chr5:51386159-51386177(-)	ISL1	tf_targeting	-0.44476587	0.1776258489727789
ISL1#chr5:51386170-51386188(-)	ISL1	tf_targeting	0.1152927	0.6553223155853207
ISL1#chr5:51386211-51386229(+)	ISL1	tf_targeting	-0.30411687	0.4721168721029687
ISL1#chr5:51386226-51386244(+)	ISL1	tf_targeting	-0.5212516	0.1866443820310901
ISL1#chr5:51386241-51386259(-)	ISL1	tf_targeting	-0.640451	0.0424222854067784
ISL1#chr5:51386461-51386479(-)	ISL1	tf_targeting	0.0110189505	0.9865242245676564
ISL2#chr15:76336768-76336786(+)	ISL2	tf_targeting		
ISL2#chr15:76336785-76336803(-)	ISL2	tf_targeting		
ISL2#chr15:76336798-76336816(+)	ISL2	tf_targeting		
ISL2#chr15:76336849-76336867(-)	ISL2	tf_targeting		
ISL2#chr15:76336856-76336874(-)	ISL2	tf_targeting		
ISL2#chr15:76337151-76337169(+)	ISL2	tf_targeting		
ISX#chr22:35066158-35066176(-)	ISX	tf_targeting		
ISX#chr22:35066172-35066190(+)	ISX	tf_targeting		
ISX#chr22:35066196-35066214(+)	ISX	tf_targeting		
ISX#chr22:35066207-35066225(+)	ISX	tf_targeting		
ISX#chr22:35066212-35066230(+)	ISX	tf_targeting		
ISX#chr22:35066371-35066389(-)	ISX	tf_targeting		
JAZF1#chr7:28180329-28180347(-)	JAZF1	tf_targeting	-0.043598622	0.9402809017145762
JAZF1#chr7:28180393-28180411(-)	JAZF1	tf_targeting	0.1385362	0.6663866778949745
JAZF1#chr7:28180515-28180533(+)	JAZF1	tf_targeting	-2.542159	0.0001534255442869
JAZF1#chr7:28180598-28180616(-)	JAZF1	tf_targeting	-2.9169781	0.001577608459432
JAZF1#chr7:28180704-28180722(+)	JAZF1	tf_targeting	-1.3041645	0.0002644895704637
JAZF1#chr7:28180747-28180765(+)	JAZF1	tf_targeting	-1.66975	0.0225406121909568
JDP2#chr14:75427713-75427731(-)	JDP2	tf_targeting		
JDP2#chr14:75427983-75428001(+)	JDP2	tf_targeting		
JDP2#chr14:75428030-75428048(-)	JDP2	tf_targeting		
JDP2#chr14:75428034-75428052(+)	JDP2	tf_targeting		
JDP2#chr14:75428050-75428068(+)	JDP2	tf_targeting		
JDP2#chr14:75428062-75428080(-)	JDP2	tf_targeting		
JRK#chr8:142669693-142669711(+)	JRK	tf_targeting		
JRK#chr8:142669867-142669885(+)	JRK	tf_targeting		
JRK#chr8:142669925-142669943(-)	JRK	tf_targeting		
JRK#chr8:142669935-142669953(-)	JRK	tf_targeting		
JRK#chr8:142669959-142669977(-)	JRK	tf_targeting		
JRK#chr8:142669991-142670009(-)	JRK	tf_targeting		
JRK#chr8:142681895-142681913(-)	JRK	tf_targeting		
JRK#chr8:142681901-142681919(-)	JRK	tf_targeting		
JRK#chr8:142681918-142681936(-)	JRK	tf_targeting		
JRK#chr8:142681933-142681951(+)	JRK	tf_targeting		
JRK#chr8:142681937-142681955(-)	JRK	tf_targeting		
JRK#chr8:142681978-142681996(+)	JRK	tf_targeting		
JRKL#chr11:96390024-96390042(+)	JRKL	tf_targeting		
JRKL#chr11:96390032-96390050(-)	JRKL	tf_targeting		
JRKL#chr11:96390034-96390052(+)	JRKL	tf_targeting		
JRKL#chr11:96390041-96390059(+)	JRKL	tf_targeting		
JRKL#chr11:96390056-96390074(+)	JRKL	tf_targeting		
JRKL#chr11:96390219-96390237(-)	JRKL	tf_targeting		
JUN#chr1:58783693-58783711(-)	JUN	tf_targeting	-1.9065697	1.2378499834345223e-10
JUN#chr1:58783776-58783794(-)	JUN	tf_targeting	-0.26184297	0.601646259232766
JUN#chr1:58783808-58783826(+)	JUN	tf_targeting	-2.2516773	2.891407258952864e-07
JUN#chr1:58783988-58784006(-)	JUN	tf_targeting	-1.757436	9.881941733052185e-14
JUN#chr1:58784011-58784029(-)	JUN	tf_targeting	-1.0246378	2.496008535260858e-05
JUN#chr1:58784014-58784032(-)	JUN	tf_targeting	-1.8278686	5.171834707996812e-13
JUNB#chr19:12791480-12791498(+)	JUNB	tf_targeting		
JUNB#chr19:12791514-12791532(-)	JUNB	tf_targeting		
JUNB#chr19:12791566-12791584(+)	JUNB	tf_targeting		
JUNB#chr19:12791572-12791590(-)	JUNB	tf_targeting		
JUNB#chr19:12791585-12791603(+)	JUNB	tf_targeting		
JUNB#chr19:12791675-12791693(+)	JUNB	tf_targeting		
JUND#chr19:18281310-18281328(-)	JUND	tf_targeting	-1.455893	0.0061458663443128
JUND#chr19:18281377-18281395(+)	JUND	tf_targeting	-0.7373549	5.871638652515447e-05
JUND#chr19:18281382-18281400(+)	JUND	tf_targeting	-1.040235	0.009770949638198
JUND#chr19:18281512-18281530(-)	JUND	tf_targeting	0.007297368	0.9309405950704036
JUND#chr19:18281553-18281571(-)	JUND	tf_targeting	0.0069388314	0.9438720472147444
JUND#chr19:18281604-18281622(-)	JUND	tf_targeting	-1.7573736	1.427756329829464e-09
JUP#chr17:41785955-41785973(-)	JUP	tf_targeting	-2.3675997	5.815051630237945e-10
JUP#chr17:41785998-41786016(-)	JUP	tf_targeting	-2.1707466	3.095092016402208e-14
JUP#chr17:41786269-41786287(+)	JUP	tf_targeting	-2.7331007	1.1921638754451151e-11
JUP#chr17:41786648-41786666(+)	JUP	tf_targeting	-1.4752054	4.58403552271558e-09
JUP#chr17:41786656-41786674(+)	JUP	tf_targeting	-0.76601547	1.5634166696119546e-06
JUP#chr17:41786689-41786707(-)	JUP	tf_targeting	-1.836993	0.0091210562734947
KAT2A#chr17:42121038-42121056(-)	KAT2A	tf_targeting	-0.021881122	0.9784762281722283
KAT2A#chr17:42121285-42121303(+)	KAT2A	tf_targeting	-0.81651753	0.3052234938621919
KAT2A#chr17:42121307-42121325(+)	KAT2A	tf_targeting	0.2751484	0.7211405977685761
KAT2A#chr17:42121313-42121331(-)	KAT2A	tf_targeting	-0.39886162	0.6349876206854463
KAT2A#chr17:42121316-42121334(-)	KAT2A	tf_targeting	-0.20124337	0.7831076132924641
KAT2A#chr17:42121338-42121356(+)	KAT2A	tf_targeting	-0.14201367	0.8785839575554487
KAT7#chr17:49788711-49788729(+)	KAT7	tf_targeting	-0.32758272	0.1954063302464576
KAT7#chr17:49788717-49788735(+)	KAT7	tf_targeting	-0.4064103	0.472510354863483
KAT7#chr17:49788729-49788747(-)	KAT7	tf_targeting	-1.8369538	0.102982048703737
KAT7#chr17:49788739-49788757(+)	KAT7	tf_targeting	-0.62486243	0.4087122471119361
KAT7#chr17:49789053-49789071(+)	KAT7	tf_targeting	-0.1216171	0.726544281623756
KAT7#chr17:49789100-49789118(+)	KAT7	tf_targeting	-2.3138366	9.468796495890714e-05
KCMF1#chr2:84971165-84971183(+)	KCMF1	tf_targeting	0.16552193	0.4488498936218805
KCMF1#chr2:84971337-84971355(+)	KCMF1	tf_targeting	-1.2490621	6.842585615493121e-05
KCMF1#chr2:84971345-84971363(-)	KCMF1	tf_targeting	-1.1428334	0.0003236286758771
KCMF1#chr2:84971379-84971397(+)	KCMF1	tf_targeting	-0.15242311	0.8143224583858044
KCMF1#chr2:84971438-84971456(-)	KCMF1	tf_targeting	-0.6708151	0.0638921241045272
KCMF1#chr2:84971645-84971663(-)	KCMF1	tf_targeting	-0.86208886	0.2419346067766067
KCNIP3#chr2:95346509-95346527(-)	KCNIP3	tf_targeting		
KCNIP3#chr2:95346512-95346530(-)	KCNIP3	tf_targeting		
KCNIP3#chr2:95346548-95346566(+)	KCNIP3	tf_targeting		
KCNIP3#chr2:95346794-95346812(-)	KCNIP3	tf_targeting		
KCNIP3#chr2:95346920-95346938(-)	KCNIP3	tf_targeting		
KCNIP3#chr2:95346952-95346970(+)	KCNIP3	tf_targeting		
KDM2A#chr11:67119259-67119277(+)	KDM2A	tf_targeting	-0.84221226	0.0790662183465488
KDM2A#chr11:67119269-67119287(+)	KDM2A	tf_targeting	-0.37717488	0.2762637190606899
KDM2A#chr11:67119272-67119290(+)	KDM2A	tf_targeting	-0.029394863	0.9427377806515695
KDM2A#chr11:67119275-67119293(+)	KDM2A	tf_targeting	0.22899963	0.5463240909178411
KDM2A#chr11:67119304-67119322(+)	KDM2A	tf_targeting	-0.23207578	0.7923179166833486
KDM2A#chr11:67119317-67119335(-)	KDM2A	tf_targeting	0.20328873	0.8489464570815457
KDM2B#chr12:121580497-121580515(-)	KDM2B	tf_targeting	-0.06390667	0.8811465422509134
KDM2B#chr12:121580500-121580518(-)	KDM2B	tf_targeting	0.11148861	0.6534526186269523
KDM2B#chr12:121580510-121580528(+)	KDM2B	tf_targeting	-0.2745334	0.3474560341418347
KDM2B#chr12:121580525-121580543(+)	KDM2B	tf_targeting	-0.38438362	0.333054518744283
KDM2B#chr12:121580548-121580566(+)	KDM2B	tf_targeting	-0.48384824	0.3952108909840162
KDM2B#chr12:121580559-121580577(-)	KDM2B	tf_targeting	-0.23598546	0.3405806206033694
KDM2B#chr12:121580716-121580734(-)	KDM2B	tf_targeting	-0.13406427	0.8780925019580555
KDM2B#chr12:121580892-121580910(-)	KDM2B	tf_targeting	0.08383778	0.7860188637855285
KDM2B#chr12:121580949-121580967(+)	KDM2B	tf_targeting	-0.2373955	0.5514064646281445
KDM2B#chr12:121580978-121580996(-)	KDM2B	tf_targeting	-0.37565258	0.2873873431994104
KDM2B#chr12:121580988-121581006(+)	KDM2B	tf_targeting	-0.5587777	0.1245113097145715
KDM2B#chr12:121581049-121581067(-)	KDM2B	tf_targeting	-0.25677636	0.5501207110398028
KDM4C#chr9:6758033-6758051(+)	KDM4C	tf_targeting	-1.384399	7.640923400152166e-09
KDM4C#chr9:6758036-6758054(+)	KDM4C	tf_targeting	-2.4120529	3.645083842717068e-09
KDM4C#chr9:6758083-6758101(+)	KDM4C	tf_targeting	-2.034425	0.0001414500100026
KDM4C#chr9:6758098-6758116(-)	KDM4C	tf_targeting	-2.8476484	2.3118128077566332e-05
KDM4C#chr9:6758251-6758269(-)	KDM4C	tf_targeting	-0.95475805	0.0094062658341512
KDM4C#chr9:6758341-6758359(-)	KDM4C	tf_targeting	-1.6039045	4.709749207907161e-06
KDM4E#chr11:95025301-95025319(+)	KDM4E	tf_targeting		
KDM4E#chr11:95025345-95025363(+)	KDM4E	tf_targeting		
KDM4E#chr11:95025358-95025376(+)	KDM4E	tf_targeting		
KDM4E#chr11:95025373-95025391(-)	KDM4E	tf_targeting		
KDM4E#chr11:95025493-95025511(-)	KDM4E	tf_targeting		
KDM4E#chr11:95025511-95025529(+)	KDM4E	tf_targeting		
KDM5B#chr1:202808200-202808218(+)	KDM5B	tf_targeting	-1.5629238	8.283528549272368e-13
KDM5B#chr1:202808304-202808322(+)	KDM5B	tf_targeting	-0.5938804	6.508256004380618e-05
KDM5B#chr1:202808319-202808337(+)	KDM5B	tf_targeting	-2.1441689	2.372897355366542e-17
KDM5B#chr1:202808367-202808385(-)	KDM5B	tf_targeting	-1.654212	2.2661496155165388e-17
KDM5B#chr1:202808372-202808390(+)	KDM5B	tf_targeting	-2.2930672	2.6836585136202208e-20
KDM5B#chr1:202808382-202808400(-)	KDM5B	tf_targeting	-0.44205886	2.1156820097464766e-07
KDM5C#chrX:53224936-53224954(-)	KDM5C	tf_targeting	-2.108258	0.0002664938464194
KDM5C#chrX:53224958-53224976(-)	KDM5C	tf_targeting	-1.1120526	0.1063513137169371
KDM5C#chrX:53224982-53225000(+)	KDM5C	tf_targeting	-2.1578877	0.0076204791032965
KDM5C#chrX:53225129-53225147(-)	KDM5C	tf_targeting	-2.5127478	9.907610150623245e-06
KDM5C#chrX:53225143-53225161(-)	KDM5C	tf_targeting	-2.5048857	6.092344227706252e-06
KDM5C#chrX:53225149-53225167(-)	KDM5C	tf_targeting	-0.6203553	0.0622885240238162
KIAA1549#chr7:138981054-138981072(+)	KIAA1549	tf_targeting	0.41736132	0.4110888325208466
KIAA1549#chr7:138981067-138981085(+)	KIAA1549	tf_targeting	-2.38985	0.0135275047463596
KIAA1549#chr7:138981129-138981147(+)	KIAA1549	tf_targeting	-0.74124926	0.0852492471246059
KIAA1549#chr7:138981306-138981324(+)	KIAA1549	tf_targeting	-0.44348684	0.4863244372547648
KIAA1549#chr7:138981403-138981421(+)	KIAA1549	tf_targeting	-0.24710046	0.7571394338512126
KIAA1549#chr7:138981459-138981477(-)	KIAA1549	tf_targeting	-1.3222454	0.0011525732580611
KIAA2018#chr3:113696560-113696578(-)	KIAA2018	tf_targeting		
KIAA2018#chr3:113696563-113696581(-)	KIAA2018	tf_targeting		
KIAA2018#chr3:113696585-113696603(-)	KIAA2018	tf_targeting		
KIAA2018#chr3:113696595-113696613(-)	KIAA2018	tf_targeting		
KIAA2018#chr3:113696597-113696615(+)	KIAA2018	tf_targeting		
KIAA2018#chr3:113696600-113696618(+)	KIAA2018	tf_targeting		
KIN#chr10:7787585-7787603(+)	KIN	tf_targeting	-0.20975438	0.7833006451855477
KIN#chr10:7787815-7787833(-)	KIN	tf_targeting	-0.9509642	0.3043065619726675
KIN#chr10:7787923-7787941(+)	KIN	tf_targeting	-0.30413103	0.6895011039858511
KIN#chr10:7787931-7787949(-)	KIN	tf_targeting	0.10733347	0.8133673299114224
KIN#chr10:7787968-7787986(-)	KIN	tf_targeting	-0.4729936	0.5702347117017343
KIN#chr10:7787975-7787993(+)	KIN	tf_targeting	-0.31772223	0.5810046696540152
KLF1#chr19:12886990-12887008(-)	KLF1	tf_targeting		
KLF1#chr19:12887027-12887045(-)	KLF1	tf_targeting		
KLF1#chr19:12887094-12887112(+)	KLF1	tf_targeting		
KLF1#chr19:12887160-12887178(-)	KLF1	tf_targeting		
KLF1#chr19:12887183-12887201(-)	KLF1	tf_targeting		
KLF1#chr19:12887205-12887223(+)	KLF1	tf_targeting		
KLF10#chr8:102653367-102653385(+)	KLF10	tf_targeting		
KLF10#chr8:102653688-102653706(-)	KLF10	tf_targeting		
KLF10#chr8:102653775-102653793(+)	KLF10	tf_targeting		
KLF10#chr8:102653779-102653797(+)	KLF10	tf_targeting		
KLF10#chr8:102653825-102653843(+)	KLF10	tf_targeting		
KLF10#chr8:102653835-102653853(+)	KLF10	tf_targeting		
KLF10#chr8:102655616-102655634(+)	KLF10	tf_targeting		
KLF10#chr8:102655624-102655642(+)	KLF10	tf_targeting		
KLF10#chr8:102655650-102655668(+)	KLF10	tf_targeting		
KLF10#chr8:102655664-102655682(-)	KLF10	tf_targeting		
KLF10#chr8:102655816-102655834(+)	KLF10	tf_targeting		
KLF10#chr8:102655824-102655842(+)	KLF10	tf_targeting		
KLF11#chr2:10043563-10043581(+)	KLF11	tf_targeting		
KLF11#chr2:10043597-10043615(+)	KLF11	tf_targeting		
KLF11#chr2:10043648-10043666(-)	KLF11	tf_targeting		
KLF11#chr2:10043750-10043768(+)	KLF11	tf_targeting		
KLF11#chr2:10043778-10043796(-)	KLF11	tf_targeting		
KLF11#chr2:10044243-10044261(+)	KLF11	tf_targeting		
KLF12#chr13:74134068-74134086(-)	KLF12	tf_targeting	-1.2699621	1.0661124268965546e-15
KLF12#chr13:74134268-74134286(-)	KLF12	tf_targeting	-0.117580794	0.3312865122278683
KLF12#chr13:74134362-74134380(-)	KLF12	tf_targeting	-1.4255179	5.0542699806452147e-54
KLF12#chr13:74134366-74134384(+)	KLF12	tf_targeting	-1.3316015	4.0325190048967686e-15
KLF12#chr13:74134370-74134388(-)	KLF12	tf_targeting	-1.3477044	0.0002234738070895
KLF12#chr13:74134378-74134396(-)	KLF12	tf_targeting	-1.1963102	3.1730525999638344e-11
KLF13#chr15:31326875-31326893(+)	KLF13	tf_targeting	-0.5903215	0.0318934933462194
KLF13#chr15:31326900-31326918(-)	KLF13	tf_targeting	-0.22406186	0.0548824231136166
KLF13#chr15:31326920-31326938(-)	KLF13	tf_targeting	-1.1639364	0.0200060387627175
KLF13#chr15:31326931-31326949(-)	KLF13	tf_targeting	-0.90683097	0.0781202713320683
KLF13#chr15:31327226-31327244(-)	KLF13	tf_targeting	-0.24064676	0.4177864082918446
KLF13#chr15:31327229-31327247(-)	KLF13	tf_targeting	-0.89823014	0.0016396330650727
KLF14#chr7:130733721-130733739(-)	KLF14	tf_targeting		
KLF14#chr7:130733769-130733787(-)	KLF14	tf_targeting		
KLF14#chr7:130733936-130733954(-)	KLF14	tf_targeting		
KLF14#chr7:130733992-130734010(+)	KLF14	tf_targeting		
KLF14#chr7:130734030-130734048(-)	KLF14	tf_targeting		
KLF15#chr3:126357131-126357149(-)	KLF15	tf_targeting		
KLF15#chr3:126357181-126357199(-)	KLF15	tf_targeting		
KLF15#chr3:126357235-126357253(-)	KLF15	tf_targeting		
KLF15#chr3:126357309-126357327(+)	KLF15	tf_targeting		
KLF15#chr3:126357345-126357363(+)	KLF15	tf_targeting		
KLF15#chr3:126357352-126357370(-)	KLF15	tf_targeting		
KLF16#chr19:1863088-1863106(+)	KLF16	tf_targeting		
KLF16#chr19:1863099-1863117(+)	KLF16	tf_targeting		
KLF16#chr19:1863542-1863560(+)	KLF16	tf_targeting		
KLF16#chr19:1863545-1863563(+)	KLF16	tf_targeting		
KLF16#chr19:1863563-1863581(+)	KLF16	tf_targeting		
KLF16#chr19:1863566-1863584(+)	KLF16	tf_targeting		
KLF17#chr1:44118838-44118856(+)	KLF17	tf_targeting		
KLF17#chr1:44118854-44118872(-)	KLF17	tf_targeting		
KLF17#chr1:44118897-44118915(-)	KLF17	tf_targeting		
KLF17#chr1:44119017-44119035(+)	KLF17	tf_targeting		
KLF17#chr1:44119077-44119095(+)	KLF17	tf_targeting		
KLF17#chr1:44119092-44119110(+)	KLF17	tf_targeting		
KLF2#chr19:16324879-16324897(-)	KLF2	tf_targeting		
KLF2#chr19:16324899-16324917(-)	KLF2	tf_targeting		
KLF2#chr19:16325045-16325063(+)	KLF2	tf_targeting		
KLF2#chr19:16325204-16325222(-)	KLF2	tf_targeting		
KLF2#chr19:16325223-16325241(+)	KLF2	tf_targeting		
KLF2#chr19:16325226-16325244(+)	KLF2	tf_targeting		
KLF3#chr4:38664155-38664173(-)	KLF3	tf_targeting	-0.20060009	0.7840574907510269
KLF3#chr4:38664168-38664186(-)	KLF3	tf_targeting	-0.26759276	0.4247423541330749
KLF3#chr4:38664172-38664190(+)	KLF3	tf_targeting	-0.009012146	0.9921199195189164
KLF3#chr4:38664187-38664205(-)	KLF3	tf_targeting	-1.8818103	1.874998394191094e-09
KLF3#chr4:38664215-38664233(-)	KLF3	tf_targeting	-0.758689	0.0173997483842448
KLF3#chr4:38664397-38664415(+)	KLF3	tf_targeting	-1.0841112	1.706015028382569e-05
KLF4#chr9:107488190-107488208(+)	KLF4	tf_targeting		
KLF4#chr9:107488210-107488228(+)	KLF4	tf_targeting		
KLF4#chr9:107488351-107488369(+)	KLF4	tf_targeting		
KLF4#chr9:107488357-107488375(+)	KLF4	tf_targeting		
KLF4#chr9:107488385-107488403(+)	KLF4	tf_targeting		
KLF4#chr9:107488431-107488449(-)	KLF4	tf_targeting		
KLF4#chr9:107489474-107489492(+)	KLF4	tf_targeting		
KLF4#chr9:107489546-107489564(+)	KLF4	tf_targeting		
KLF4#chr9:107489550-107489568(+)	KLF4	tf_targeting		
KLF4#chr9:107489553-107489571(+)	KLF4	tf_targeting		
KLF4#chr9:107489735-107489753(-)	KLF4	tf_targeting		
KLF4#chr9:107489750-107489768(+)	KLF4	tf_targeting		
KLF5#chr13:73059023-73059041(+)	KLF5	tf_targeting		
KLF5#chr13:73059026-73059044(+)	KLF5	tf_targeting		
KLF5#chr13:73059033-73059051(+)	KLF5	tf_targeting		
KLF5#chr13:73059036-73059054(+)	KLF5	tf_targeting		
KLF5#chr13:73059074-73059092(+)	KLF5	tf_targeting		
KLF5#chr13:73059196-73059214(-)	KLF5	tf_targeting		
KLF6#chr10:3784753-3784771(+)	KLF6	tf_targeting	-0.931042	0.0626708881094406
KLF6#chr10:3784756-3784774(+)	KLF6	tf_targeting	-1.622369	0.0016393561162232
KLF6#chr10:3784794-3784812(-)	KLF6	tf_targeting	-1.1829283	1.0006111392703676e-05
KLF6#chr10:3784918-3784936(+)	KLF6	tf_targeting	-0.52928877	0.3492905954247084
KLF6#chr10:3784955-3784973(+)	KLF6	tf_targeting	-0.5888399	2.903643080637495e-07
KLF6#chr10:3784981-3784999(+)	KLF6	tf_targeting	-1.1822002	0.0042530143185682
KLF7#chr2:207165468-207165486(+)	KLF7	tf_targeting	-1.1563361	0.1584646547839633
KLF7#chr2:207165476-207165494(-)	KLF7	tf_targeting	-0.9744622	0.2067334079964688
KLF7#chr2:207165878-207165896(+)	KLF7	tf_targeting	-1.4427	0.1098527222799471
KLF7#chr2:207166131-207166149(-)	KLF7	tf_targeting	-0.993166	0.0178618872964884
KLF7#chr2:207166395-207166413(+)	KLF7	tf_targeting	-0.15545635	0.8480437001093744
KLF7#chr2:207166486-207166504(-)	KLF7	tf_targeting	-1.0720955	0.103589097211555
KLF8#chrX:56232404-56232422(-)	KLF8	tf_targeting		
KLF8#chrX:56232407-56232425(-)	KLF8	tf_targeting		
KLF8#chrX:56232420-56232438(-)	KLF8	tf_targeting		
KLF8#chrX:56232436-56232454(-)	KLF8	tf_targeting		
KLF8#chrX:56232441-56232459(-)	KLF8	tf_targeting		
KLF8#chrX:56232483-56232501(-)	KLF8	tf_targeting		
KLF9#chr9:70413671-70413689(-)	KLF9	tf_targeting		
KLF9#chr9:70413912-70413930(-)	KLF9	tf_targeting		
KLF9#chr9:70413918-70413936(+)	KLF9	tf_targeting		
KLF9#chr9:70413924-70413942(-)	KLF9	tf_targeting		
KLF9#chr9:70413929-70413947(-)	KLF9	tf_targeting		
KLF9#chr9:70413934-70413952(-)	KLF9	tf_targeting		
KLRG1#chr12:8989657-8989675(+)	KLRG1	tf_targeting		
KLRG1#chr12:8989675-8989693(-)	KLRG1	tf_targeting		
KLRG1#chr12:8989682-8989700(+)	KLRG1	tf_targeting		
KLRG1#chr12:8989691-8989709(-)	KLRG1	tf_targeting		
KLRG1#chr12:8989758-8989776(+)	KLRG1	tf_targeting		
KLRG1#chr12:8989800-8989818(+)	KLRG1	tf_targeting		
KMT2A#chr11:118436485-118436503(-)	KMT2A	tf_targeting	-1.5816607	0.1215569124529246
KMT2A#chr11:118436495-118436513(+)	KMT2A	tf_targeting	-0.31167582	0.544481467884677
KMT2A#chr11:118436509-118436527(+)	KMT2A	tf_targeting	-0.69279385	0.1947698842458638
KMT2A#chr11:118436541-118436559(+)	KMT2A	tf_targeting	-0.17813618	0.6008049040034212
KMT2A#chr11:118436544-118436562(+)	KMT2A	tf_targeting	-0.08842069	0.8550018752795014
KMT2A#chr11:118436896-118436914(-)	KMT2A	tf_targeting	-0.89684796	0.0612728562725427
KMT2B#chr19:35717990-35718008(+)	KMT2B	tf_targeting	-0.5509022	0.2750256947912054
KMT2B#chr19:35718003-35718021(-)	KMT2B	tf_targeting	-0.5883406	0.1869569782861589
KMT2B#chr19:35718203-35718221(-)	KMT2B	tf_targeting	-0.08516656	0.8612133879706889
KMT2B#chr19:35718218-35718236(-)	KMT2B	tf_targeting	-0.6935564	0.2796218322373998
KMT2B#chr19:35718225-35718243(-)	KMT2B	tf_targeting	-0.28569403	0.3322388948613612
KMT2B#chr19:35718366-35718384(+)	KMT2B	tf_targeting	-0.36681017	0.5272445452427509
KMT2B#chr19:35720238-35720256(-)	KMT2B	tf_targeting	-0.32645482	0.6819573061504371
KMT2B#chr19:35720253-35720271(-)	KMT2B	tf_targeting	-0.40563583	0.1666248732421784
KMT2B#chr19:35720257-35720275(+)	KMT2B	tf_targeting	-0.23142269	0.5016051066477977
KMT2B#chr19:35720276-35720294(+)	KMT2B	tf_targeting	0.20579754	0.3749045666197227
KMT2B#chr19:35720309-35720327(+)	KMT2B	tf_targeting	0.22122492	0.563778187680837
KMT2B#chr19:35720419-35720437(+)	KMT2B	tf_targeting	0.08272201	0.8064461019981266
L3MBTL1#chr20:43507694-43507712(+)	L3MBTL1	tf_targeting		
L3MBTL1#chr20:43507704-43507722(+)	L3MBTL1	tf_targeting		
L3MBTL1#chr20:43507708-43507726(-)	L3MBTL1	tf_targeting		
L3MBTL1#chr20:43507711-43507729(+)	L3MBTL1	tf_targeting		
L3MBTL1#chr20:43507729-43507747(-)	L3MBTL1	tf_targeting		
L3MBTL1#chr20:43507906-43507924(+)	L3MBTL1	tf_targeting		
L3MBTL1#chr20:43514461-43514479(+)	L3MBTL1	tf_targeting		
L3MBTL1#chr20:43514478-43514496(+)	L3MBTL1	tf_targeting		
L3MBTL1#chr20:43514486-43514504(+)	L3MBTL1	tf_targeting		
L3MBTL1#chr20:43514491-43514509(+)	L3MBTL1	tf_targeting		
L3MBTL1#chr20:43514505-43514523(-)	L3MBTL1	tf_targeting		
L3MBTL1#chr20:43514512-43514530(+)	L3MBTL1	tf_targeting		
L3MBTL3#chr6:130018564-130018582(-)	L3MBTL3	tf_targeting		
L3MBTL3#chr6:130018570-130018588(-)	L3MBTL3	tf_targeting		
L3MBTL3#chr6:130018601-130018619(+)	L3MBTL3	tf_targeting		
L3MBTL3#chr6:130018607-130018625(-)	L3MBTL3	tf_targeting		
L3MBTL3#chr6:130018617-130018635(+)	L3MBTL3	tf_targeting		
L3MBTL3#chr6:130018662-130018680(+)	L3MBTL3	tf_targeting		
L3MBTL4#chr18:6414824-6414842(+)	L3MBTL4	tf_targeting		
L3MBTL4#chr18:6414827-6414845(+)	L3MBTL4	tf_targeting		
L3MBTL4#chr18:6414831-6414849(+)	L3MBTL4	tf_targeting		
L3MBTL4#chr18:6414839-6414857(+)	L3MBTL4	tf_targeting		
L3MBTL4#chr18:6414863-6414881(+)	L3MBTL4	tf_targeting		
L3MBTL4#chr18:6414902-6414920(-)	L3MBTL4	tf_targeting		
LBX1#chr10:101228725-101228743(+)	LBX1	tf_targeting		
LBX1#chr10:101228824-101228842(-)	LBX1	tf_targeting		
LBX1#chr10:101229038-101229056(+)	LBX1	tf_targeting		
LBX1#chr10:101229119-101229137(+)	LBX1	tf_targeting		
LBX1#chr10:101229163-101229181(+)	LBX1	tf_targeting		
LBX1#chr10:101229460-101229478(+)	LBX1	tf_targeting		
LBX2#chr2:74503066-74503084(+)	LBX2	tf_targeting		
LBX2#chr2:74503080-74503098(-)	LBX2	tf_targeting		
LBX2#chr2:74503238-74503256(+)	LBX2	tf_targeting		
LBX2#chr2:74503246-74503264(+)	LBX2	tf_targeting		
LBX2#chr2:74503284-74503302(+)	LBX2	tf_targeting		
LBX2#chr2:74503325-74503343(-)	LBX2	tf_targeting		
LCOR#chr10:96832285-96832303(+)	LCOR	tf_targeting	0.28801763	0.639133832377673
LCOR#chr10:96832290-96832308(+)	LCOR	tf_targeting	-0.8722985	0.0007661087107089
LCOR#chr10:96832299-96832317(+)	LCOR	tf_targeting	-0.93274164	0.0036182813277046
LCOR#chr10:96832900-96832918(-)	LCOR	tf_targeting	-0.062873915	0.525953205547246
LCOR#chr10:96832960-96832978(+)	LCOR	tf_targeting	-0.4119368	0.3534148825764972
LCOR#chr10:96833218-96833236(-)	LCOR	tf_targeting	0.08495902	0.9060182738977928
LCORL#chr4:18021653-18021671(+)	LCORL	tf_targeting	-1.3338054	6.074264123900451e-18
LCORL#chr4:18021659-18021677(+)	LCORL	tf_targeting	-0.5394781	0.3544947744167578
LCORL#chr4:18021672-18021690(+)	LCORL	tf_targeting	-2.269312	9.087392362405167e-21
LCORL#chr4:18021744-18021762(-)	LCORL	tf_targeting	-2.2995238	1.6283412102354243e-10
LCORL#chr4:18021835-18021853(+)	LCORL	tf_targeting	-0.028488638	0.8885579502653662
LCORL#chr4:18021905-18021923(-)	LCORL	tf_targeting	0.29984885	0.7365042882477681
LDB1#chr10:102114506-102114524(+)	LDB1	tf_targeting	-0.726407	0.3749125208408227
LDB1#chr10:102114516-102114534(-)	LDB1	tf_targeting	-0.5468278	0.0400836859131982
LDB1#chr10:102114908-102114926(+)	LDB1	tf_targeting	-0.26622018	0.0891256306828268
LDB1#chr10:102114975-102114993(-)	LDB1	tf_targeting	-0.3469939	0.5242726419190542
LDB1#chr10:102114985-102115003(+)	LDB1	tf_targeting	-1.0408865	0.0943466853623998
LDB1#chr10:102114993-102115011(+)	LDB1	tf_targeting	-0.012431531	0.9585921324343332
LDB1#chr10:102120103-102120121(-)	LDB1	tf_targeting	-0.77596706	0.0064699375073685
LDB1#chr10:102120268-102120286(+)	LDB1	tf_targeting	-0.9271868	0.0288635325154153
LDB1#chr10:102120278-102120296(+)	LDB1	tf_targeting	-1.2350806	0.0123484980830258
LDB1#chr10:102120305-102120323(+)	LDB1	tf_targeting	-0.25644735	0.6345120640837363
LDB1#chr10:102120340-102120358(+)	LDB1	tf_targeting	-0.22109528	0.3932443602725221
LDB1#chr10:102120359-102120377(-)	LDB1	tf_targeting	-0.9056262	0.0012245104880941
LDB2#chr4:16898413-16898431(-)	LDB2	tf_targeting	-0.9005489	0.1491812911858094
LDB2#chr4:16898528-16898546(+)	LDB2	tf_targeting	-1.9823225	0.0585785253613024
LDB2#chr4:16898620-16898638(+)	LDB2	tf_targeting	-1.0035212	0.2515345130360111
LDB2#chr4:16898632-16898650(+)	LDB2	tf_targeting	-0.9056707	0.2344003614887111
LDB2#chr4:16898648-16898666(+)	LDB2	tf_targeting	-1.0658622	0.1359904983126681
LDB2#chr4:16898653-16898671(+)	LDB2	tf_targeting	-1.2734085	0.0348641125194971
LEF1#chr4:108165900-108165918(-)	LEF1	tf_targeting	-0.2088625	0.242305800317885
LEF1#chr4:108166028-108166046(+)	LEF1	tf_targeting	0.07747966	0.609478088991972
LEF1#chr4:108166189-108166207(+)	LEF1	tf_targeting	0.14015506	0.605461011084804
LEF1#chr4:108166254-108166272(-)	LEF1	tf_targeting	-0.05328828	0.6150836490096571
LEF1#chr4:108166263-108166281(+)	LEF1	tf_targeting	-0.10054846	0.6631589058233065
LEF1#chr4:108166273-108166291(+)	LEF1	tf_targeting	0.13423134	0.5353338698165954
LEF1#chr4:108168675-108168693(-)	LEF1	tf_targeting	-0.713488	0.0013382901741554
LEF1#chr4:108168679-108168697(-)	LEF1	tf_targeting	-1.8563479	0.0003170934042022
LEF1#chr4:108168727-108168745(-)	LEF1	tf_targeting	-0.9438308	6.396702636108948e-07
LEF1#chr4:108168777-108168795(-)	LEF1	tf_targeting	-2.5316179	3.5325000034724345e-12
LEF1#chr4:108168834-108168852(+)	LEF1	tf_targeting	-0.6334367	0.0192099323268755
LEF1#chr4:108168846-108168864(-)	LEF1	tf_targeting	-0.69748145	0.435670428554597
LEUTX#chr19:39776606-39776624(+)	LEUTX	tf_targeting		
LEUTX#chr19:39776615-39776633(-)	LEUTX	tf_targeting		
LEUTX#chr19:39776622-39776640(-)	LEUTX	tf_targeting		
LEUTX#chr19:39776625-39776643(-)	LEUTX	tf_targeting		
LEUTX#chr19:39776637-39776655(-)	LEUTX	tf_targeting		
LEUTX#chr19:39776988-39777006(-)	LEUTX	tf_targeting		
LHX1#chr17:36936747-36936765(+)	LHX1	tf_targeting		
LHX1#chr17:36937137-36937155(+)	LHX1	tf_targeting		
LHX1#chr17:36937292-36937310(+)	LHX1	tf_targeting		
LHX1#chr17:36937392-36937410(-)	LHX1	tf_targeting		
LHX1#chr17:36937499-36937517(-)	LHX1	tf_targeting		
LHX1#chr17:36937747-36937765(+)	LHX1	tf_targeting		
LHX2#chr9:124011764-124011782(-)	LHX2	tf_targeting		
LHX2#chr9:124011815-124011833(-)	LHX2	tf_targeting		
LHX2#chr9:124011829-124011847(-)	LHX2	tf_targeting		
LHX2#chr9:124011840-124011858(-)	LHX2	tf_targeting		
LHX2#chr9:124011974-124011992(-)	LHX2	tf_targeting		
LHX2#chr9:124012094-124012112(-)	LHX2	tf_targeting		
LHX3#chr9:136203064-136203082(-)	LHX3	tf_targeting		
LHX3#chr9:136203077-136203095(-)	LHX3	tf_targeting		
LHX3#chr9:136203102-136203120(-)	LHX3	tf_targeting		
LHX3#chr9:136203105-136203123(-)	LHX3	tf_targeting		
LHX3#chr9:136203120-136203138(+)	LHX3	tf_targeting		
LHX3#chr9:136203130-136203148(-)	LHX3	tf_targeting		
LHX3#chr9:136204942-136204960(+)	LHX3	tf_targeting		
LHX3#chr9:136205052-136205070(+)	LHX3	tf_targeting		
LHX3#chr9:136205059-136205077(+)	LHX3	tf_targeting		
LHX3#chr9:136205066-136205084(-)	LHX3	tf_targeting		
LHX3#chr9:136205086-136205104(-)	LHX3	tf_targeting		
LHX3#chr9:136205097-136205115(-)	LHX3	tf_targeting		
LHX4#chr1:180230289-180230307(+)	LHX4	tf_targeting		
LHX4#chr1:180230305-180230323(+)	LHX4	tf_targeting		
LHX4#chr1:180230311-180230329(+)	LHX4	tf_targeting		
LHX4#chr1:180230324-180230342(+)	LHX4	tf_targeting		
LHX4#chr1:180230329-180230347(+)	LHX4	tf_targeting		
LHX4#chr1:180230416-180230434(-)	LHX4	tf_targeting		
LHX5#chr12:113471638-113471656(-)	LHX5	tf_targeting		
LHX5#chr12:113471781-113471799(+)	LHX5	tf_targeting		
LHX5#chr12:113471791-113471809(+)	LHX5	tf_targeting		
LHX5#chr12:113471797-113471815(+)	LHX5	tf_targeting		
LHX5#chr12:113471837-113471855(-)	LHX5	tf_targeting		
LHX5#chr12:113471840-113471858(-)	LHX5	tf_targeting		
LHX6#chr9:122213805-122213823(+)	LHX6	tf_targeting		
LHX6#chr9:122213968-122213986(+)	LHX6	tf_targeting		
LHX6#chr9:122213999-122214017(-)	LHX6	tf_targeting		
LHX6#chr9:122214012-122214030(-)	LHX6	tf_targeting		
LHX6#chr9:122214016-122214034(+)	LHX6	tf_targeting		
LHX6#chr9:122214048-122214066(-)	LHX6	tf_targeting		
LHX6#chr9:122228639-122228657(-)	LHX6	tf_targeting		
LHX6#chr9:122228694-122228712(+)	LHX6	tf_targeting		
LHX6#chr9:122228735-122228753(-)	LHX6	tf_targeting		
LHX6#chr9:122228932-122228950(-)	LHX6	tf_targeting		
LHX6#chr9:122228935-122228953(-)	LHX6	tf_targeting		
LHX6#chr9:122228941-122228959(-)	LHX6	tf_targeting		
LHX8#chr1:75136379-75136397(+)	LHX8	tf_targeting		
LHX8#chr1:75136382-75136400(+)	LHX8	tf_targeting		
LHX8#chr1:75136420-75136438(-)	LHX8	tf_targeting		
LHX8#chr1:75136457-75136475(-)	LHX8	tf_targeting		
LHX8#chr1:75136471-75136489(-)	LHX8	tf_targeting		
LHX8#chr1:75136588-75136606(-)	LHX8	tf_targeting		
LHX9#chr1:197917372-197917390(+)	LHX9	tf_targeting		
LHX9#chr1:197917380-197917398(-)	LHX9	tf_targeting		
LHX9#chr1:197917384-197917402(-)	LHX9	tf_targeting		
LHX9#chr1:197917398-197917416(+)	LHX9	tf_targeting		
LHX9#chr1:197917499-197917517(-)	LHX9	tf_targeting		
LHX9#chr1:197917779-197917797(-)	LHX9	tf_targeting		
LIN28A#chr1:26410815-26410833(-)	LIN28A	tf_targeting		
LIN28A#chr1:26410820-26410838(+)	LIN28A	tf_targeting		
LIN28A#chr1:26410974-26410992(+)	LIN28A	tf_targeting		
LIN28A#chr1:26411000-26411018(+)	LIN28A	tf_targeting		
LIN28A#chr1:26411092-26411110(+)	LIN28A	tf_targeting		
LIN28A#chr1:26411273-26411291(-)	LIN28A	tf_targeting		
LIN28B#chr6:104957001-104957019(+)	LIN28B	tf_targeting	-1.9409698	0.0070507151073277
LIN28B#chr6:104957133-104957151(-)	LIN28B	tf_targeting	0.14103368	0.7461040817505993
LIN28B#chr6:104957658-104957676(-)	LIN28B	tf_targeting	-2.0030208	0.0022989164428094
LIN28B#chr6:104957708-104957726(-)	LIN28B	tf_targeting	-2.4105496	1.816721532418185e-07
LIN28B#chr6:104958093-104958111(+)	LIN28B	tf_targeting	-1.6481694	0.0280682241550045
LIN28B#chr6:104958099-104958117(+)	LIN28B	tf_targeting	-1.6449538	0.0224932782767933
LIN54#chr4:83010690-83010708(+)	LIN54	tf_targeting		
LIN54#chr4:83010697-83010715(-)	LIN54	tf_targeting		
LIN54#chr4:83010740-83010758(-)	LIN54	tf_targeting		
LIN54#chr4:83010749-83010767(-)	LIN54	tf_targeting		
LIN54#chr4:83010780-83010798(-)	LIN54	tf_targeting		
LIN54#chr4:83010816-83010834(-)	LIN54	tf_targeting		
LIN54#chr4:83012667-83012685(+)	LIN54	tf_targeting		
LIN54#chr4:83012782-83012800(+)	LIN54	tf_targeting		
LIN54#chr4:83012812-83012830(-)	LIN54	tf_targeting		
LIN54#chr4:83012815-83012833(-)	LIN54	tf_targeting		
LIN54#chr4:83012835-83012853(-)	LIN54	tf_targeting		
LIN54#chr4:83012864-83012882(+)	LIN54	tf_targeting		
LIN9#chr1:226308769-226308787(+)	LIN9	tf_targeting	0.70465803	0.3633790601394099
LIN9#chr1:226309064-226309082(+)	LIN9	tf_targeting	-0.5364204	0.3238538387864407
LIN9#chr1:226309097-226309115(+)	LIN9	tf_targeting	-0.13541427	0.8857582694172924
LIN9#chr1:226309136-226309154(-)	LIN9	tf_targeting	-0.5274672	0.508432087802478
LIN9#chr1:226309139-226309157(-)	LIN9	tf_targeting	-0.05547655	0.9390624444249596
LIN9#chr1:226309367-226309385(+)	LIN9	tf_targeting	0.003045469	0.9972387203834157
LITAF#chr16:11586834-11586852(-)	LITAF	tf_targeting	-1.3903017	0.0048188482167385
LITAF#chr16:11586848-11586866(-)	LITAF	tf_targeting	-0.3345198	0.6556733369579193
LITAF#chr16:11586892-11586910(+)	LITAF	tf_targeting	-2.6643622	7.147936310828074e-13
LITAF#chr16:11586895-11586913(+)	LITAF	tf_targeting	-2.0725694	0.0012393358041049
LITAF#chr16:11586900-11586918(-)	LITAF	tf_targeting	-0.555271	0.0095944121705029
LITAF#chr16:11586903-11586921(-)	LITAF	tf_targeting	-1.2960374	8.074976799463965e-05
LMO1#chr11:8263389-8263407(+)	LMO1	tf_targeting		
LMO1#chr11:8263564-8263582(-)	LMO1	tf_targeting		
LMO1#chr11:8263576-8263594(-)	LMO1	tf_targeting		
LMO1#chr11:8263815-8263833(+)	LMO1	tf_targeting		
LMO1#chr11:8263825-8263843(+)	LMO1	tf_targeting		
LMO1#chr11:8263850-8263868(-)	LMO1	tf_targeting		
LMO1#chr11:8268289-8268307(-)	LMO1	tf_targeting		
LMO1#chr11:8268302-8268320(+)	LMO1	tf_targeting		
LMO1#chr11:8268332-8268350(-)	LMO1	tf_targeting		
LMO1#chr11:8268367-8268385(-)	LMO1	tf_targeting		
LMO1#chr11:8268395-8268413(-)	LMO1	tf_targeting		
LMO1#chr11:8268766-8268784(-)	LMO1	tf_targeting		
LMO3#chr12:16606259-16606277(-)	LMO3	tf_targeting		
LMO3#chr12:16606270-16606288(-)	LMO3	tf_targeting		
LMO3#chr12:16606428-16606446(-)	LMO3	tf_targeting		
LMO3#chr12:16606441-16606459(+)	LMO3	tf_targeting		
LMO3#chr12:16606459-16606477(-)	LMO3	tf_targeting		
LMO3#chr12:16606468-16606486(-)	LMO3	tf_targeting		
LMO3#chr12:16607887-16607905(-)	LMO3	tf_targeting		
LMO3#chr12:16607984-16608002(+)	LMO3	tf_targeting		
LMO3#chr12:16608021-16608039(+)	LMO3	tf_targeting		
LMO3#chr12:16608036-16608054(-)	LMO3	tf_targeting		
LMO3#chr12:16608065-16608083(-)	LMO3	tf_targeting		
LMO3#chr12:16608080-16608098(-)	LMO3	tf_targeting		
LMO4#chr1:87328483-87328501(+)	LMO4	tf_targeting	-0.171717	0.5950492676739805
LMO4#chr1:87328504-87328522(+)	LMO4	tf_targeting	0.2531537	0.2942359892129538
LMO4#chr1:87328654-87328672(-)	LMO4	tf_targeting	-0.1926908	0.3883959332196802
LMO4#chr1:87328669-87328687(-)	LMO4	tf_targeting	-0.2073876	0.6177280813566471
LMO4#chr1:87328908-87328926(-)	LMO4	tf_targeting	-0.33207366	0.0391014399711633
LMO4#chr1:87328916-87328934(-)	LMO4	tf_targeting	-0.064529635	0.5890977182880184
LMX1A#chr1:165356441-165356459(-)	LMX1A	tf_targeting		
LMX1A#chr1:165356465-165356483(-)	LMX1A	tf_targeting		
LMX1A#chr1:165356627-165356645(+)	LMX1A	tf_targeting		
LMX1A#chr1:165356662-165356680(-)	LMX1A	tf_targeting		
LMX1A#chr1:165356686-165356704(-)	LMX1A	tf_targeting		
LMX1A#chr1:165356696-165356714(-)	LMX1A	tf_targeting		
LMX1B#chr9:126613929-126613947(+)	LMX1B	tf_targeting		
LMX1B#chr9:126613933-126613951(-)	LMX1B	tf_targeting		
LMX1B#chr9:126613937-126613955(+)	LMX1B	tf_targeting		
LMX1B#chr9:126614166-126614184(-)	LMX1B	tf_targeting		
LMX1B#chr9:126614169-126614187(-)	LMX1B	tf_targeting		
LMX1B#chr9:126614357-126614375(-)	LMX1B	tf_targeting		
LRPPRC#chr2:43995605-43995623(-)	LRPPRC	tf_targeting	-1.3318361	0.1272976162371062
LRPPRC#chr2:43995741-43995759(-)	LRPPRC	tf_targeting	-0.47261193	0.0017289149697805
LRPPRC#chr2:43995814-43995832(+)	LRPPRC	tf_targeting	-0.99572694	0.0477645202263291
LRPPRC#chr2:43995919-43995937(+)	LRPPRC	tf_targeting	-0.17260808	0.8433812213857743
LRPPRC#chr2:43995947-43995965(-)	LRPPRC	tf_targeting	0.085127756	0.8884226042881056
LRPPRC#chr2:43995974-43995992(+)	LRPPRC	tf_targeting	-0.28494254	0.676614669383188
LRRFIP1#chr2:237692132-237692150(+)	LRRFIP1	tf_targeting	-0.07089269	0.5434358491205897
LRRFIP1#chr2:237692209-237692227(-)	LRRFIP1	tf_targeting	-0.10243221	0.6370048146488609
LRRFIP1#chr2:237692216-237692234(+)	LRRFIP1	tf_targeting	-0.04747925	0.758208783936111
LRRFIP1#chr2:237692225-237692243(-)	LRRFIP1	tf_targeting	-0.17079103	0.1420456014997397
LRRFIP1#chr2:237692256-237692274(-)	LRRFIP1	tf_targeting	-0.08670283	0.4052890650397523
LRRFIP1#chr2:237692582-237692600(+)	LRRFIP1	tf_targeting	-0.3605172	0.0934044611699188
LTF#chr3:46464688-46464706(-)	LTF	tf_targeting		
LTF#chr3:46464809-46464827(+)	LTF	tf_targeting		
LTF#chr3:46464817-46464835(+)	LTF	tf_targeting		
LTF#chr3:46464832-46464850(+)	LTF	tf_targeting		
LTF#chr3:46464870-46464888(+)	LTF	tf_targeting		
LTF#chr3:46464880-46464898(+)	LTF	tf_targeting		
LYL1#chr19:13102421-13102439(-)	LYL1	tf_targeting		
LYL1#chr19:13102623-13102641(+)	LYL1	tf_targeting		
LYL1#chr19:13102722-13102740(+)	LYL1	tf_targeting		
LYL1#chr19:13102796-13102814(+)	LYL1	tf_targeting		
LYL1#chr19:13102806-13102824(-)	LYL1	tf_targeting		
LYL1#chr19:13102871-13102889(-)	LYL1	tf_targeting		
LZTR1#chr22:20982302-20982320(+)	LZTR1	tf_targeting		
LZTR1#chr22:20982330-20982348(-)	LZTR1	tf_targeting		
LZTR1#chr22:20982338-20982356(+)	LZTR1	tf_targeting		
LZTR1#chr22:20982354-20982372(+)	LZTR1	tf_targeting		
LZTR1#chr22:20982364-20982382(+)	LZTR1	tf_targeting		
LZTR1#chr22:20982377-20982395(+)	LZTR1	tf_targeting		
LZTS1#chr8:20303850-20303868(+)	LZTS1	tf_targeting		
LZTS1#chr8:20303874-20303892(+)	LZTS1	tf_targeting		
LZTS1#chr8:20303878-20303896(-)	LZTS1	tf_targeting		
LZTS1#chr8:20303889-20303907(+)	LZTS1	tf_targeting		
LZTS1#chr8:20303922-20303940(-)	LZTS1	tf_targeting		
LZTS1#chr8:20303927-20303945(-)	LZTS1	tf_targeting		
MAEL#chr1:166989266-166989284(+)	MAEL	tf_targeting		
MAEL#chr1:166989271-166989289(-)	MAEL	tf_targeting		
MAEL#chr1:166989275-166989293(-)	MAEL	tf_targeting		
MAEL#chr1:166989310-166989328(-)	MAEL	tf_targeting		
MAEL#chr1:166989333-166989351(-)	MAEL	tf_targeting		
MAEL#chr1:166989680-166989698(+)	MAEL	tf_targeting		
MAF#chr16:79600543-79600561(+)	MAF	tf_targeting		
MAF#chr16:79600549-79600567(+)	MAF	tf_targeting		
MAF#chr16:79600620-79600638(+)	MAF	tf_targeting		
MAF#chr16:79600676-79600694(-)	MAF	tf_targeting		
MAF#chr16:79600687-79600705(-)	MAF	tf_targeting		
MAF#chr16:79600725-79600743(-)	MAF	tf_targeting		
MAFA#chr8:143430250-143430268(+)	MAFA	tf_targeting		
MAFA#chr8:143430260-143430278(+)	MAFA	tf_targeting		
MAFA#chr8:143430283-143430301(+)	MAFA	tf_targeting		
MAFA#chr8:143430601-143430619(+)	MAFA	tf_targeting		
MAFA#chr8:143430611-143430629(+)	MAFA	tf_targeting		
MAFA#chr8:143430724-143430742(-)	MAFA	tf_targeting		
MAFB#chr20:40688999-40689017(-)	MAFB	tf_targeting		
MAFB#chr20:40689016-40689034(+)	MAFB	tf_targeting		
MAFB#chr20:40689025-40689043(-)	MAFB	tf_targeting		
MAFB#chr20:40689080-40689098(+)	MAFB	tf_targeting		
MAFB#chr20:40689163-40689181(-)	MAFB	tf_targeting		
MAFB#chr20:40689213-40689231(-)	MAFB	tf_targeting		
MAFF#chr22:38202013-38202031(-)	MAFF	tf_targeting		
MAFF#chr22:38202085-38202103(+)	MAFF	tf_targeting		
MAFF#chr22:38202111-38202129(+)	MAFF	tf_targeting		
MAFF#chr22:38202124-38202142(+)	MAFF	tf_targeting		
MAFF#chr22:38202191-38202209(+)	MAFF	tf_targeting		
MAFF#chr22:38202297-38202315(+)	MAFF	tf_targeting		
MAFG#chr17:81927421-81927439(+)	MAFG	tf_targeting		
MAFG#chr17:81927515-81927533(-)	MAFG	tf_targeting		
MAFG#chr17:81927656-81927674(+)	MAFG	tf_targeting		
MAFG#chr17:81927677-81927695(+)	MAFG	tf_targeting		
MAFG#chr17:81927686-81927704(-)	MAFG	tf_targeting		
MAFG#chr17:81927716-81927734(-)	MAFG	tf_targeting		
MAFK#chr7:1530693-1530711(+)	MAFK	tf_targeting		
MAFK#chr7:1530705-1530723(+)	MAFK	tf_targeting		
MAFK#chr7:1530884-1530902(+)	MAFK	tf_targeting		
MAFK#chr7:1530966-1530984(+)	MAFK	tf_targeting		
MAFK#chr7:1530977-1530995(-)	MAFK	tf_targeting		
MAFK#chr7:1531135-1531153(-)	MAFK	tf_targeting		
MAP3K7#chr6:90586992-90587010(+)	MAP3K7	tf_targeting	-2.7592015	0.0064961049462131
MAP3K7#chr6:90586995-90587013(+)	MAP3K7	tf_targeting	-2.1396072	1.2352689554461351e-05
MAP3K7#chr6:90586998-90587016(+)	MAP3K7	tf_targeting	-1.8784829	6.37046681120699e-16
MAP3K7#chr6:90587004-90587022(+)	MAP3K7	tf_targeting	-1.1170642	0.0671212744262191
MAP3K7#chr6:90587041-90587059(-)	MAP3K7	tf_targeting	-1.4853832	1.5429813730292318e-12
MAP3K7#chr6:90587059-90587077(-)	MAP3K7	tf_targeting	-0.5350015	0.021815361014409
MAPK8IP1#chr11:45885650-45885668(+)	MAPK8IP1	tf_targeting		
MAPK8IP1#chr11:45885692-45885710(-)	MAPK8IP1	tf_targeting		
MAPK8IP1#chr11:45885705-45885723(+)	MAPK8IP1	tf_targeting		
MAPK8IP1#chr11:45885711-45885729(-)	MAPK8IP1	tf_targeting		
MAPK8IP1#chr11:45885716-45885734(-)	MAPK8IP1	tf_targeting		
MAPK8IP1#chr11:45885806-45885824(+)	MAPK8IP1	tf_targeting		
MAPK8IP1#chr11:45900113-45900131(-)	MAPK8IP1	tf_targeting		
MAPK8IP1#chr11:45900121-45900139(-)	MAPK8IP1	tf_targeting		
MAPK8IP1#chr11:45900142-45900160(-)	MAPK8IP1	tf_targeting		
MAPK8IP1#chr11:45900144-45900162(+)	MAPK8IP1	tf_targeting		
MAPK8IP1#chr11:45900148-45900166(+)	MAPK8IP1	tf_targeting		
MAPK8IP1#chr11:45900486-45900504(+)	MAPK8IP1	tf_targeting		
MARS#chr12:57488029-57488047(+)	MARS	tf_targeting	-0.4358897	0.519695761583064
MARS#chr12:57488101-57488119(+)	MARS	tf_targeting	-0.1347209	0.8952619504959667
MARS#chr12:57488120-57488138(-)	MARS	tf_targeting	0.10708454	0.8969542433801531
MARS#chr12:57488140-57488158(+)	MARS	tf_targeting	-0.4760749	0.4858058049228246
MARS#chr12:57488423-57488441(-)	MARS	tf_targeting	-0.063176684	0.9449693031500186
MARS#chr12:57488488-57488506(-)	MARS	tf_targeting	-0.63541853	0.4582515014964209
MAX#chr14:65102168-65102186(+)	MAX	tf_targeting	0.40757114	0.3323647716599548
MAX#chr14:65102258-65102276(+)	MAX	tf_targeting	-0.23738858	0.5764376589111939
MAX#chr14:65102294-65102312(-)	MAX	tf_targeting	-0.030291613	0.9743227772739708
MAX#chr14:65102351-65102369(+)	MAX	tf_targeting	-0.8944758	0.0174884439313504
MAX#chr14:65102514-65102532(+)	MAX	tf_targeting	-0.5085183	0.5419342167259316
MAX#chr14:65102517-65102535(+)	MAX	tf_targeting	-0.23404302	0.786333802141989
MAZ#chr16:29806750-29806768(+)	MAZ	tf_targeting		
MAZ#chr16:29806782-29806800(-)	MAZ	tf_targeting		
MAZ#chr16:29806804-29806822(-)	MAZ	tf_targeting		
MAZ#chr16:29806882-29806900(+)	MAZ	tf_targeting		
MAZ#chr16:29806940-29806958(+)	MAZ	tf_targeting		
MAZ#chr16:29806956-29806974(-)	MAZ	tf_targeting		
MBD1#chr18:50281312-50281330(-)	MBD1	tf_targeting	-0.8367986	0.231763104652071
MBD1#chr18:50281327-50281345(-)	MBD1	tf_targeting	-1.0244019	0.0118601428615415
MBD1#chr18:50281487-50281505(+)	MBD1	tf_targeting	-1.9014426	5.686151556012912e-06
MBD1#chr18:50281503-50281521(-)	MBD1	tf_targeting	-1.9993334	2.75195820816557e-05
MBD1#chr18:50281506-50281524(-)	MBD1	tf_targeting	-1.398926	0.0057886633740641
MBD1#chr18:50281549-50281567(-)	MBD1	tf_targeting	-2.4774818	0.008404997547922
MBD2#chr18:54224191-54224209(-)	MBD2	tf_targeting	-0.15768589	0.729760274939042
MBD2#chr18:54224264-54224282(-)	MBD2	tf_targeting	-1.783771	3.1394755660475137e-05
MBD2#chr18:54224450-54224468(+)	MBD2	tf_targeting	-0.44347653	0.4200135917057835
MBD2#chr18:54224456-54224474(-)	MBD2	tf_targeting	-1.3263448	0.0355018649826939
MBD2#chr18:54224596-54224614(-)	MBD2	tf_targeting	-0.65557045	0.3026978208535898
MBD2#chr18:54224607-54224625(-)	MBD2	tf_targeting	-0.79678977	0.0641234539113472
MBD3#chr19:1592226-1592244(-)	MBD3	tf_targeting		
MBD3#chr19:1592260-1592278(+)	MBD3	tf_targeting		
MBD3#chr19:1592295-1592313(+)	MBD3	tf_targeting		
MBD3#chr19:1592326-1592344(+)	MBD3	tf_targeting		
MBD3#chr19:1592550-1592568(+)	MBD3	tf_targeting		
MBD3#chr19:1592732-1592750(-)	MBD3	tf_targeting		
MBD4#chr3:129439861-129439879(+)	MBD4	tf_targeting		
MBD4#chr3:129439867-129439885(+)	MBD4	tf_targeting		
MBD4#chr3:129439879-129439897(-)	MBD4	tf_targeting		
MBD4#chr3:129439901-129439919(+)	MBD4	tf_targeting		
MBD4#chr3:129439910-129439928(-)	MBD4	tf_targeting		
MBD4#chr3:129439920-129439938(+)	MBD4	tf_targeting		
MBD6#chr12:57522850-57522868(+)	MBD6	tf_targeting		
MBD6#chr12:57522853-57522871(+)	MBD6	tf_targeting		
MBD6#chr12:57522857-57522875(-)	MBD6	tf_targeting		
MBD6#chr12:57522896-57522914(+)	MBD6	tf_targeting		
MBD6#chr12:57522912-57522930(-)	MBD6	tf_targeting		
MBD6#chr12:57522956-57522974(-)	MBD6	tf_targeting		
MBNL2#chr13:97222358-97222376(+)	MBNL2	tf_targeting	-1.1412864	0.0079138741874292
MBNL2#chr13:97222373-97222391(-)	MBNL2	tf_targeting	-2.263771	0.0004762818784843
MBNL2#chr13:97222388-97222406(+)	MBNL2	tf_targeting	-2.4838576	0.011039802642136
MBNL2#chr13:97222496-97222514(+)	MBNL2	tf_targeting	-2.8838425	0.000129945861936
MBNL2#chr13:97222511-97222529(+)	MBNL2	tf_targeting	-0.35822162	0.0341862283331055
MBNL2#chr13:97222515-97222533(+)	MBNL2	tf_targeting	-2.2188249	6.014384188518117e-05
MBNL3#chrX:132439461-132439479(-)	MBNL3	tf_targeting		
MBNL3#chrX:132439571-132439589(+)	MBNL3	tf_targeting		
MBNL3#chrX:132439629-132439647(+)	MBNL3	tf_targeting		
MBNL3#chrX:132439635-132439653(-)	MBNL3	tf_targeting		
MBNL3#chrX:132439644-132439662(+)	MBNL3	tf_targeting		
MBNL3#chrX:132439655-132439673(+)	MBNL3	tf_targeting		
MECOM#chr3:169663167-169663185(+)	MECOM	tf_targeting	-1.3502103	0.0133242526790206
MECOM#chr3:169663276-169663294(+)	MECOM	tf_targeting	-1.1817678	0.0324587917850015
MECOM#chr3:169663362-169663380(-)	MECOM	tf_targeting	-0.76815665	0.1196669899075701
MECOM#chr3:169663624-169663642(-)	MECOM	tf_targeting	0.16681916	0.620079591513181
MECOM#chr3:169663675-169663693(-)	MECOM	tf_targeting	-0.57140523	0.2272069385571743
MECOM#chr3:169663698-169663716(-)	MECOM	tf_targeting	-0.51608837	0.1588168576391969
MECP2#chrX:154097249-154097267(+)	MECP2	tf_targeting	-1.3537221	0.0242854221884847
MECP2#chrX:154097505-154097523(-)	MECP2	tf_targeting	-0.90683717	0.0194498141649523
MECP2#chrX:154097655-154097673(+)	MECP2	tf_targeting	-2.1142447	1.2881470149723596e-08
MECP2#chrX:154097683-154097701(+)	MECP2	tf_targeting	-1.7612782	3.1946134689900253e-05
MECP2#chrX:154097692-154097710(-)	MECP2	tf_targeting	-0.92234904	0.1099384291804379
MECP2#chrX:154097700-154097718(-)	MECP2	tf_targeting	-1.7525454	4.430371297588476e-10
MED20#chr6:41920870-41920888(-)	MED20	tf_targeting		
MED20#chr6:41920898-41920916(-)	MED20	tf_targeting		
MED20#chr6:41921015-41921033(+)	MED20	tf_targeting		
MED20#chr6:41921043-41921061(+)	MED20	tf_targeting		
MED20#chr6:41921071-41921089(-)	MED20	tf_targeting		
MED20#chr6:41921103-41921121(-)	MED20	tf_targeting		
MED8#chr1:43389549-43389567(-)	MED8	tf_targeting	-0.14158808	0.8580369502008748
MED8#chr1:43389578-43389596(-)	MED8	tf_targeting	0.0849291	0.8660240673839873
MED8#chr1:43389584-43389602(-)	MED8	tf_targeting	-0.9154597	0.1655768887402185
MED8#chr1:43389597-43389615(-)	MED8	tf_targeting	-0.41082355	0.5680348401310529
MED8#chr1:43389734-43389752(-)	MED8	tf_targeting	-0.17979515	0.8350335368990182
MED8#chr1:43389761-43389779(-)	MED8	tf_targeting	-0.068420365	0.926402260241076
MEF2A#chr15:99565983-99566001(+)	MEF2A	tf_targeting	-1.4445896	1.5014044179072252e-119
MEF2A#chr15:99565993-99566011(+)	MEF2A	tf_targeting	-2.5069432	1.8045364805155244e-104
MEF2A#chr15:99566017-99566035(+)	MEF2A	tf_targeting	-2.4524646	1.2406809048054162e-57
MEF2A#chr15:99566036-99566054(+)	MEF2A	tf_targeting	0.23906538	0.4989093440177415
MEF2A#chr15:99566084-99566102(+)	MEF2A	tf_targeting	-1.6779712	2.385280523419911e-28
MEF2A#chr15:99566394-99566412(+)	MEF2A	tf_targeting	0.18810154	0.5742451048379038
MEF2B#chr19:19192052-19192070(-)	MEF2B	tf_targeting		
MEF2B#chr19:19192107-19192125(+)	MEF2B	tf_targeting		
MEF2B#chr19:19192117-19192135(-)	MEF2B	tf_targeting		
MEF2B#chr19:19192121-19192139(+)	MEF2B	tf_targeting		
MEF2B#chr19:19192126-19192144(-)	MEF2B	tf_targeting		
MEF2B#chr19:19192133-19192151(+)	MEF2B	tf_targeting		
MEF2C#chr5:88882940-88882958(+)	MEF2C	tf_targeting	-1.7406762	7.407071124468479e-09
MEF2C#chr5:88882969-88882987(-)	MEF2C	tf_targeting	-1.7198337	1.8209065674786878e-10
MEF2C#chr5:88883097-88883115(-)	MEF2C	tf_targeting	-2.7624292	2.2839565733330697e-19
MEF2C#chr5:88883132-88883150(+)	MEF2C	tf_targeting	-2.0744224	1.1144320913845023e-09
MEF2C#chr5:88883142-88883160(-)	MEF2C	tf_targeting	-3.5050907	1.2980370558385109e-12
MEF2C#chr5:88883285-88883303(+)	MEF2C	tf_targeting	-1.8281976	1.742118661557795e-13
MEF2D#chr1:156500540-156500558(-)	MEF2D	tf_targeting	-1.3991395	0.0031694189467118
MEF2D#chr1:156500748-156500766(+)	MEF2D	tf_targeting	-1.4927697	0.0474654365906615
MEF2D#chr1:156500752-156500770(-)	MEF2D	tf_targeting	-1.4189996	0.0615108390048097
MEF2D#chr1:156500766-156500784(-)	MEF2D	tf_targeting	-1.2460005	0.0042121667633426
MEF2D#chr1:156500776-156500794(+)	MEF2D	tf_targeting	-2.0697155	0.0002972571469965
MEF2D#chr1:156500786-156500804(+)	MEF2D	tf_targeting	-2.6641629	0.0021014840684464
MEIS1#chr2:66435107-66435125(-)	MEIS1	tf_targeting	-0.8811852	0.0147435188793144
MEIS1#chr2:66435114-66435132(+)	MEIS1	tf_targeting	-0.23106863	0.3452095826852891
MEIS1#chr2:66435145-66435163(-)	MEIS1	tf_targeting	-0.9477935	0.0035799392992084
MEIS1#chr2:66435173-66435191(+)	MEIS1	tf_targeting	-0.47129542	0.0263816651842342
MEIS1#chr2:66435254-66435272(-)	MEIS1	tf_targeting	-0.70788664	0.0092217688046018
MEIS1#chr2:66435356-66435374(+)	MEIS1	tf_targeting	-0.6250231	0.1029651926142085
MEIS2#chr15:37100225-37100243(-)	MEIS2	tf_targeting	0.083029814	0.4920500999665396
MEIS2#chr15:37100379-37100397(+)	MEIS2	tf_targeting	0.11742565	0.3390738989610162
MEIS2#chr15:37100414-37100432(+)	MEIS2	tf_targeting	0.0114069255	0.9191290405301816
MEIS2#chr15:37100451-37100469(+)	MEIS2	tf_targeting	-0.119991094	0.379022587546351
MEIS2#chr15:37100454-37100472(+)	MEIS2	tf_targeting	-0.019621508	0.8710674746349992
MEIS2#chr15:37100468-37100486(+)	MEIS2	tf_targeting	0.12603366	0.2237751161638084
MEIS3#chr19:47406361-47406379(+)	MEIS3	tf_targeting	0.6922225	0.002362548168326
MEIS3#chr19:47406373-47406391(-)	MEIS3	tf_targeting	-0.16010892	0.6870094821156829
MEIS3#chr19:47406392-47406410(-)	MEIS3	tf_targeting	0.50115085	0.3886313357522446
MEIS3#chr19:47406395-47406413(+)	MEIS3	tf_targeting	0.26787972	0.2580199632498311
MEIS3#chr19:47406446-47406464(-)	MEIS3	tf_targeting	0.20653309	0.6260387321933001
MEIS3#chr19:47406455-47406473(-)	MEIS3	tf_targeting	0.489625	0.1478969804212012
MEIS3#chr19:47419060-47419078(-)	MEIS3	tf_targeting	-1.3963218	0.0057625109893812
MEIS3#chr19:47419159-47419177(-)	MEIS3	tf_targeting	-2.8242366	0.0004549505309792
MEIS3#chr19:47419404-47419422(+)	MEIS3	tf_targeting	-1.120086	0.0406410966496166
MEIS3#chr19:47419425-47419443(+)	MEIS3	tf_targeting	0.18564269	0.7828436482049563
MEIS3#chr19:47419458-47419476(+)	MEIS3	tf_targeting	-3.4254558	2.889069782363398e-06
MEIS3#chr19:47419515-47419533(-)	MEIS3	tf_targeting	-2.360683	0.0012599412480215
MEOX1#chr17:43661758-43661776(-)	MEOX1	tf_targeting		
MEOX1#chr17:43661779-43661797(-)	MEOX1	tf_targeting		
MEOX1#chr17:43661858-43661876(-)	MEOX1	tf_targeting		
MEOX1#chr17:43661863-43661881(-)	MEOX1	tf_targeting		
MEOX1#chr17:43661873-43661891(+)	MEOX1	tf_targeting		
MEOX1#chr17:43661900-43661918(-)	MEOX1	tf_targeting		
MEOX2#chr7:15686268-15686286(+)	MEOX2	tf_targeting		
MEOX2#chr7:15686280-15686298(+)	MEOX2	tf_targeting		
MEOX2#chr7:15686420-15686438(+)	MEOX2	tf_targeting		
MEOX2#chr7:15686582-15686600(+)	MEOX2	tf_targeting		
MEOX2#chr7:15686618-15686636(+)	MEOX2	tf_targeting		
MEOX2#chr7:15686644-15686662(+)	MEOX2	tf_targeting		
MESP1#chr15:89750689-89750707(-)	MESP1	tf_targeting		
MESP1#chr15:89750788-89750806(+)	MESP1	tf_targeting		
MESP1#chr15:89750802-89750820(-)	MESP1	tf_targeting		
MESP1#chr15:89750806-89750824(+)	MESP1	tf_targeting		
MESP1#chr15:89750809-89750827(+)	MESP1	tf_targeting		
MESP1#chr15:89750821-89750839(+)	MESP1	tf_targeting		
MESP2#chr15:89776688-89776706(-)	MESP2	tf_targeting		
MESP2#chr15:89776692-89776710(-)	MESP2	tf_targeting		
MESP2#chr15:89776743-89776761(-)	MESP2	tf_targeting		
MESP2#chr15:89776747-89776765(-)	MESP2	tf_targeting		
MESP2#chr15:89776759-89776777(-)	MESP2	tf_targeting		
MESP2#chr15:89776873-89776891(+)	MESP2	tf_targeting		
MGA#chr15:41660428-41660446(+)	MGA	tf_targeting	-0.16098788	0.5586439969021187
MGA#chr15:41660463-41660481(+)	MGA	tf_targeting	-0.099319324	0.7970884336996555
MGA#chr15:41660473-41660491(+)	MGA	tf_targeting	-0.28061298	0.1451437798967581
MGA#chr15:41660479-41660497(-)	MGA	tf_targeting	0.31655547	0.2788949190763214
MGA#chr15:41660481-41660499(+)	MGA	tf_targeting	-0.07526365	0.7755194327449811
MGA#chr15:41660683-41660701(-)	MGA	tf_targeting	-0.07695346	0.6409006708795246
MIER1#chr1:66925017-66925035(+)	MIER1	tf_targeting	-0.60006267	2.115205851357279e-05
MIER1#chr1:66925030-66925048(+)	MIER1	tf_targeting	-0.8598322	0.00718348737408
MIER1#chr1:66925033-66925051(+)	MIER1	tf_targeting	-1.2254341	0.1197183205328688
MIER1#chr1:66925036-66925054(+)	MIER1	tf_targeting	-0.670633	0.0686109173466681
MIER1#chr1:66925303-66925321(-)	MIER1	tf_targeting	0.11055423	0.8945129287588819
MIER1#chr1:66925359-66925377(+)	MIER1	tf_targeting	-0.99722636	2.6125906978533203e-05
MIER1#chr1:66930256-66930274(+)	MIER1	tf_targeting	-0.8727086	0.0413484256270461
MIER1#chr1:66930305-66930323(-)	MIER1	tf_targeting	-1.1048319	0.0362826825919328
MIER1#chr1:66930313-66930331(-)	MIER1	tf_targeting	-0.75905824	0.0023414275349095
MIER1#chr1:66930332-66930350(-)	MIER1	tf_targeting	-0.75399446	7.683570170045271e-06
MIER1#chr1:66930363-66930381(-)	MIER1	tf_targeting	-0.9062919	0.0010222727091082
MIER1#chr1:66930516-66930534(-)	MIER1	tf_targeting	-0.5354651	0.0535397331723991
MIER2#chr19:344693-344711(+)	MIER2	tf_targeting		
MIER2#chr19:344696-344714(+)	MIER2	tf_targeting		
MIER2#chr19:344763-344781(+)	MIER2	tf_targeting		
MIER2#chr19:344776-344794(-)	MIER2	tf_targeting		
MIER2#chr19:344779-344797(-)	MIER2	tf_targeting		
MIER2#chr19:344824-344842(-)	MIER2	tf_targeting		
MIER3#chr5:56951874-56951892(+)	MIER3	tf_targeting		
MIER3#chr5:56952075-56952093(-)	MIER3	tf_targeting		
MIER3#chr5:56952087-56952105(-)	MIER3	tf_targeting		
MIER3#chr5:56952096-56952114(-)	MIER3	tf_targeting		
MIER3#chr5:56952102-56952120(-)	MIER3	tf_targeting		
MIER3#chr5:56952221-56952239(+)	MIER3	tf_targeting		
MIS18BP1#chr14:45253069-45253087(-)	MIS18BP1	tf_targeting	0.09395845	0.921720300627778
MIS18BP1#chr14:45253133-45253151(-)	MIS18BP1	tf_targeting	-0.19907545	0.8360937382514764
MIS18BP1#chr14:45253148-45253166(-)	MIS18BP1	tf_targeting	0.055737045	0.946481990081733
MIS18BP1#chr14:45253165-45253183(-)	MIS18BP1	tf_targeting	-0.12085535	0.8974020849949579
MIS18BP1#chr14:45253182-45253200(-)	MIS18BP1	tf_targeting	0.087042436	0.9126215119765886
MIS18BP1#chr14:45253185-45253203(-)	MIS18BP1	tf_targeting	0.032443486	0.9713309599558106
MITF#chr3:69739433-69739451(+)	MITF	tf_targeting	-0.7815055	0.0009289759669118
MITF#chr3:69739482-69739500(+)	MITF	tf_targeting	-0.62212324	2.877851089257725e-05
MITF#chr3:69739501-69739519(-)	MITF	tf_targeting	-0.62401515	1.7062005537631928e-06
MITF#chr3:69739548-69739566(-)	MITF	tf_targeting	-0.6274844	0.021215878742086
MITF#chr3:69739691-69739709(-)	MITF	tf_targeting	-0.3689716	0.0827792567713616
MITF#chr3:69739761-69739779(-)	MITF	tf_targeting	-0.20178458	0.2296568841592678
MITF#chr3:69936575-69936593(+)	MITF	tf_targeting	0.47310677	0.0069344833318165
MITF#chr3:69936584-69936602(+)	MITF	tf_targeting	0.179823	0.6159147689854374
MITF#chr3:69936593-69936611(-)	MITF	tf_targeting	-0.020800468	0.9139281549320696
MITF#chr3:69936612-69936630(-)	MITF	tf_targeting	-0.025573976	0.8677636708544096
MITF#chr3:69936632-69936650(+)	MITF	tf_targeting	0.04585072	0.7564846519306647
MITF#chr3:69936650-69936668(+)	MITF	tf_targeting	0.10674572	0.6979501742668088
MIXL1#chr1:226223551-226223569(+)	MIXL1	tf_targeting		
MIXL1#chr1:226223689-226223707(-)	MIXL1	tf_targeting		
MIXL1#chr1:226223695-226223713(-)	MIXL1	tf_targeting		
MIXL1#chr1:226223701-226223719(-)	MIXL1	tf_targeting		
MIXL1#chr1:226223728-226223746(-)	MIXL1	tf_targeting		
MIXL1#chr1:226223893-226223911(+)	MIXL1	tf_targeting		
MKX#chr10:27743072-27743090(+)	MKX	tf_targeting		
MKX#chr10:27743466-27743484(+)	MKX	tf_targeting		
MKX#chr10:27743482-27743500(-)	MKX	tf_targeting		
MKX#chr10:27743486-27743504(+)	MKX	tf_targeting		
MKX#chr10:27743490-27743508(+)	MKX	tf_targeting		
MKX#chr10:27743510-27743528(+)	MKX	tf_targeting		
MKX#chr10:27745573-27745591(-)	MKX	tf_targeting		
MKX#chr10:27745575-27745593(+)	MKX	tf_targeting		
MKX#chr10:27745746-27745764(+)	MKX	tf_targeting		
MKX#chr10:27745755-27745773(-)	MKX	tf_targeting		
MKX#chr10:27745777-27745795(-)	MKX	tf_targeting		
MKX#chr10:27745782-27745800(-)	MKX	tf_targeting		
MLLT1#chr19:6279482-6279500(+)	MLLT1	tf_targeting	0.018899476	0.98013433445384
MLLT1#chr19:6279862-6279880(-)	MLLT1	tf_targeting	-0.47253436	0.4711369803116562
MLLT1#chr19:6279871-6279889(-)	MLLT1	tf_targeting	-0.3895652	0.6185262434402685
MLLT1#chr19:6279908-6279926(-)	MLLT1	tf_targeting	-0.116040014	0.5890520458224884
MLLT1#chr19:6279963-6279981(-)	MLLT1	tf_targeting	-0.59046304	0.2326471403343553
MLLT1#chr19:6279966-6279984(+)	MLLT1	tf_targeting	-1.0285599	0.029099895422531
MLLT10#chr10:21534238-21534256(+)	MLLT10	tf_targeting	-0.52405936	0.0628284194389605
MLLT10#chr10:21534283-21534301(-)	MLLT10	tf_targeting	-0.76133054	0.006662329525158
MLLT10#chr10:21534318-21534336(-)	MLLT10	tf_targeting	-0.11577845	0.448900549705494
MLLT10#chr10:21534330-21534348(-)	MLLT10	tf_targeting	-0.9255744	0.0094203125904431
MLLT10#chr10:21534361-21534379(-)	MLLT10	tf_targeting	-0.85198736	6.955579111551288e-05
MLLT10#chr10:21534657-21534675(+)	MLLT10	tf_targeting	-1.1379716	1.4767838560086288e-10
MLLT3#chr9:20622314-20622332(-)	MLLT3	tf_targeting	0.16903454	0.4865268678019947
MLLT3#chr9:20622349-20622367(+)	MLLT3	tf_targeting	-0.6979792	0.0130632723460495
MLLT3#chr9:20622360-20622378(+)	MLLT3	tf_targeting	-1.4312263	0.0847542141872711
MLLT3#chr9:20622398-20622416(-)	MLLT3	tf_targeting	-1.0507187	0.0001601114268171
MLLT3#chr9:20622511-20622529(+)	MLLT3	tf_targeting	-1.851343	7.756721346028868e-33
MLLT3#chr9:20622528-20622546(+)	MLLT3	tf_targeting	-1.445687	1.8828065674724043e-21
MLX#chr17:42567093-42567111(+)	MLX	tf_targeting	-2.3515232	2.1698930263562974e-07
MLX#chr17:42567097-42567115(+)	MLX	tf_targeting	-2.1401987	0.0033492247057303
MLX#chr17:42567110-42567128(+)	MLX	tf_targeting	-1.8192476	0.0177225715512132
MLX#chr17:42567131-42567149(+)	MLX	tf_targeting	-2.4716594	1.4088943660832305e-07
MLX#chr17:42567140-42567158(+)	MLX	tf_targeting	-2.24929	0.0140636069700251
MLX#chr17:42567149-42567167(-)	MLX	tf_targeting	-1.2762836	0.0530967239881311
MLXIP#chr12:122078791-122078809(-)	MLXIP	tf_targeting		
MLXIP#chr12:122078797-122078815(-)	MLXIP	tf_targeting		
MLXIP#chr12:122078809-122078827(+)	MLXIP	tf_targeting		
MLXIP#chr12:122078849-122078867(-)	MLXIP	tf_targeting		
MLXIP#chr12:122079071-122079089(+)	MLXIP	tf_targeting		
MLXIP#chr12:122079119-122079137(+)	MLXIP	tf_targeting		
MLXIPL#chr7:73624018-73624036(+)	MLXIPL	tf_targeting		
MLXIPL#chr7:73624286-73624304(-)	MLXIPL	tf_targeting		
MLXIPL#chr7:73624347-73624365(-)	MLXIPL	tf_targeting		
MLXIPL#chr7:73624412-73624430(+)	MLXIPL	tf_targeting		
MLXIPL#chr7:73624471-73624489(-)	MLXIPL	tf_targeting		
MLXIPL#chr7:73624504-73624522(-)	MLXIPL	tf_targeting		
MMP3#chr11:102843508-102843526(+)	MMP3	tf_targeting		
MMP3#chr11:102843534-102843552(+)	MMP3	tf_targeting		
MMP3#chr11:102843591-102843609(+)	MMP3	tf_targeting		
MMP3#chr11:102843604-102843622(-)	MMP3	tf_targeting		
MMP3#chr11:102843607-102843625(-)	MMP3	tf_targeting		
MMP3#chr11:102843617-102843635(-)	MMP3	tf_targeting		
MNAT1#chr14:60734731-60734749(-)	MNAT1	tf_targeting	-0.058320515	0.9489523976216272
MNAT1#chr14:60734756-60734774(+)	MNAT1	tf_targeting	-0.086316824	0.9203348776023924
MNAT1#chr14:60734782-60734800(+)	MNAT1	tf_targeting	0.058124773	0.9361469380002116
MNAT1#chr14:60734790-60734808(+)	MNAT1	tf_targeting	-0.15514854	0.8789835373147278
MNAT1#chr14:60734793-60734811(+)	MNAT1	tf_targeting	0.083676286	0.919419477879424
MNAT1#chr14:60734829-60734847(+)	MNAT1	tf_targeting	0.117674604	0.8351098842247
MNT#chr17:2400671-2400689(-)	MNT	tf_targeting		
MNT#chr17:2400984-2401002(-)	MNT	tf_targeting		
MNT#chr17:2400992-2401010(-)	MNT	tf_targeting		
MNT#chr17:2401021-2401039(-)	MNT	tf_targeting		
MNT#chr17:2401025-2401043(+)	MNT	tf_targeting		
MNT#chr17:2401117-2401135(+)	MNT	tf_targeting		
MNX1#chr7:157010490-157010508(-)	MNX1	tf_targeting		
MNX1#chr7:157010601-157010619(-)	MNX1	tf_targeting		
MNX1#chr7:157010609-157010627(-)	MNX1	tf_targeting		
MNX1#chr7:157010623-157010641(+)	MNX1	tf_targeting		
MNX1#chr7:157010626-157010644(+)	MNX1	tf_targeting		
MNX1#chr7:157010657-157010675(-)	MNX1	tf_targeting		
MSANTD1#chr4:3249156-3249174(-)	MSANTD1	tf_targeting		
MSANTD1#chr4:3249189-3249207(+)	MSANTD1	tf_targeting		
MSANTD1#chr4:3249193-3249211(-)	MSANTD1	tf_targeting		
MSANTD1#chr4:3249220-3249238(-)	MSANTD1	tf_targeting		
MSANTD1#chr4:3249223-3249241(-)	MSANTD1	tf_targeting		
MSANTD1#chr4:3249343-3249361(+)	MSANTD1	tf_targeting		
MSANTD3#chr9:100427143-100427161(+)	MSANTD3	tf_targeting		
MSANTD3#chr9:100427191-100427209(+)	MSANTD3	tf_targeting		
MSANTD3#chr9:100427197-100427215(+)	MSANTD3	tf_targeting		
MSANTD3#chr9:100427361-100427379(-)	MSANTD3	tf_targeting		
MSANTD3#chr9:100427385-100427403(-)	MSANTD3	tf_targeting		
MSANTD3#chr9:100427393-100427411(+)	MSANTD3	tf_targeting		
MSANTD4#chr11:106022122-106022140(+)	MSANTD4	tf_targeting	-0.1298472	0.8764706063694437
MSANTD4#chr11:106022164-106022182(-)	MSANTD4	tf_targeting	-0.39489263	0.6521172059306357
MSANTD4#chr11:106022170-106022188(-)	MSANTD4	tf_targeting	-0.48507622	0.5819939432262782
MSANTD4#chr11:106022188-106022206(+)	MSANTD4	tf_targeting	-2.2936792	3.118306659548195e-07
MSANTD4#chr11:106022201-106022219(+)	MSANTD4	tf_targeting	-2.2273922	8.126254634782082e-07
MSANTD4#chr11:106022215-106022233(+)	MSANTD4	tf_targeting	-3.3049483	5.2572984944137015e-08
MSC#chr8:71843641-71843659(-)	MSC	tf_targeting		
MSC#chr8:71843816-71843834(+)	MSC	tf_targeting		
MSC#chr8:71843855-71843873(-)	MSC	tf_targeting		
MSC#chr8:71844043-71844061(-)	MSC	tf_targeting		
MSC#chr8:71844198-71844216(-)	MSC	tf_targeting		
MSC#chr8:71844243-71844261(-)	MSC	tf_targeting		
MSGN1#chr2:17816496-17816514(+)	MSGN1	tf_targeting		
MSGN1#chr2:17816530-17816548(-)	MSGN1	tf_targeting		
MSGN1#chr2:17816551-17816569(-)	MSGN1	tf_targeting		
MSGN1#chr2:17816657-17816675(+)	MSGN1	tf_targeting		
MSGN1#chr2:17816664-17816682(-)	MSGN1	tf_targeting		
MSGN1#chr2:17816872-17816890(+)	MSGN1	tf_targeting		
MSLN#chr16:761122-761140(+)	MSLN	tf_targeting		
MSLN#chr16:761125-761143(+)	MSLN	tf_targeting		
MSLN#chr16:761133-761151(+)	MSLN	tf_targeting		
MSLN#chr16:761164-761182(-)	MSLN	tf_targeting		
MSLN#chr16:761189-761207(-)	MSLN	tf_targeting		
MSLN#chr16:761375-761393(-)	MSLN	tf_targeting		
MSX1#chr4:4859679-4859697(-)	MSX1	tf_targeting		
MSX1#chr4:4859691-4859709(+)	MSX1	tf_targeting		
MSX1#chr4:4859704-4859722(+)	MSX1	tf_targeting		
MSX1#chr4:4859709-4859727(+)	MSX1	tf_targeting		
MSX1#chr4:4859722-4859740(+)	MSX1	tf_targeting		
MSX1#chr4:4859867-4859885(+)	MSX1	tf_targeting		
MSX2#chr5:174724606-174724624(-)	MSX2	tf_targeting	-1.9972763	0.0026684606080764
MSX2#chr5:174724612-174724630(-)	MSX2	tf_targeting	-1.6874896	1.3180369926910052e-05
MSX2#chr5:174724699-174724717(-)	MSX2	tf_targeting	-1.9760798	0.0003742643252624
MSX2#chr5:174724834-174724852(-)	MSX2	tf_targeting	-1.5037781	0.00023199556859
MSX2#chr5:174724837-174724855(-)	MSX2	tf_targeting	-2.3323703	0.0001814859441801
MSX2#chr5:174724942-174724960(-)	MSX2	tf_targeting	-2.3073857	0.0316478626877487
MTA1#chr14:105420040-105420058(+)	MTA1	tf_targeting	-1.9595594	0.0140001453695612
MTA1#chr14:105420073-105420091(-)	MTA1	tf_targeting	-0.77431715	0.0188574775171747
MTA1#chr14:105420078-105420096(-)	MTA1	tf_targeting	-1.9576133	0.0002789841229485
MTA1#chr14:105420177-105420195(-)	MTA1	tf_targeting	-0.031168308	0.8850670618231516
MTA1#chr14:105420209-105420227(-)	MTA1	tf_targeting	0.32780817	0.6956012249727206
MTA1#chr14:105420239-105420257(+)	MTA1	tf_targeting	-0.5799171	0.0439231749789927
MTA2#chr11:62601399-62601417(-)	MTA2	tf_targeting	-0.46191478	0.6340758829852651
MTA2#chr11:62601415-62601433(-)	MTA2	tf_targeting	-0.59893924	0.5085913223052613
MTA2#chr11:62601598-62601616(-)	MTA2	tf_targeting	-1.9149195	2.048296217153603e-05
MTA2#chr11:62601604-62601622(-)	MTA2	tf_targeting	-0.3085571	1.7925287399859694e-06
MTA2#chr11:62601811-62601829(-)	MTA2	tf_targeting	-2.3477623	0.0240303433512799
MTA2#chr11:62601826-62601844(-)	MTA2	tf_targeting	-1.8356426	4.4203514316974206e-05
MTA3#chr2:42568628-42568646(-)	MTA3	tf_targeting	-2.0961695	1.1630521227997723e-10
MTA3#chr2:42568757-42568775(+)	MTA3	tf_targeting	-1.1442412	0.1599804858797428
MTA3#chr2:42568766-42568784(-)	MTA3	tf_targeting	-0.6718566	0.0375288386293952
MTA3#chr2:42568845-42568863(+)	MTA3	tf_targeting	-2.0927062	0.0024689393018115
MTA3#chr2:42568853-42568871(+)	MTA3	tf_targeting	-2.0508213	0.0001481289870531
MTA3#chr2:42568869-42568887(+)	MTA3	tf_targeting	-1.8111678	0.020902088722027
MTERF#chr7:91880485-91880503(-)	MTERF	tf_targeting	-1.5701158	0.0623663883757462
MTERF#chr7:91880642-91880660(-)	MTERF	tf_targeting	-2.7921736	0.004853491592164
MTERF#chr7:91880671-91880689(-)	MTERF	tf_targeting	-1.3029648	0.0206195186753543
MTERF#chr7:91880698-91880716(-)	MTERF	tf_targeting	-1.9951614	0.0455434403496491
MTERF#chr7:91880701-91880719(-)	MTERF	tf_targeting	-2.7093608	0.0001845657706015
MTERF#chr7:91880708-91880726(+)	MTERF	tf_targeting	-1.7555017	0.006106099977662
MTERFD1#chr8:96261507-96261525(+)	MTERFD1	tf_targeting	0.23542753	0.7043543795506484
MTERFD1#chr8:96261518-96261536(+)	MTERFD1	tf_targeting	0.034887645	0.969679744059645
MTERFD1#chr8:96261536-96261554(+)	MTERFD1	tf_targeting	0.061384145	0.9417257637995912
MTERFD1#chr8:96261548-96261566(-)	MTERFD1	tf_targeting	-0.6375424	0.4433047357342068
MTERFD1#chr8:96261561-96261579(-)	MTERFD1	tf_targeting	-0.07596348	0.9345490310984248
MTERFD1#chr8:96261606-96261624(-)	MTERFD1	tf_targeting	-0.05949048	0.946595302554438
MTERFD2#chr2:241102129-241102147(+)	MTERFD2	tf_targeting	-1.4852707	0.0627278069555518
MTERFD2#chr2:241102185-241102203(-)	MTERFD2	tf_targeting	-1.1500305	0.117264135336424
MTERFD2#chr2:241102238-241102256(+)	MTERFD2	tf_targeting	-0.12712379	0.8860341957312295
MTERFD2#chr2:241102263-241102281(-)	MTERFD2	tf_targeting	-0.106109425	0.9062322359821752
MTERFD2#chr2:241102273-241102291(-)	MTERFD2	tf_targeting	-1.8248256	0.0020623209615885
MTERFD2#chr2:241102324-241102342(-)	MTERFD2	tf_targeting	-0.24023408	0.5289326110447141
MTERFD3#chr12:106986990-106987008(+)	MTERFD3	tf_targeting	-1.57585	0.0346353333869992
MTERFD3#chr12:106987031-106987049(-)	MTERFD3	tf_targeting	-0.95465463	0.2868147213710242
MTERFD3#chr12:106987051-106987069(-)	MTERFD3	tf_targeting	-1.2870935	0.0160567698698684
MTERFD3#chr12:106987082-106987100(-)	MTERFD3	tf_targeting	-1.5031569	0.0270758520705271
MTERFD3#chr12:106987095-106987113(-)	MTERFD3	tf_targeting	-2.5399227	0.0121136156588973
MTERFD3#chr12:106987113-106987131(-)	MTERFD3	tf_targeting	-0.09923958	0.6946007199687532
MTF1#chr1:37859113-37859131(+)	MTF1	tf_targeting		
MTF1#chr1:37859134-37859152(+)	MTF1	tf_targeting		
MTF1#chr1:37859526-37859544(-)	MTF1	tf_targeting		
MTF1#chr1:37859530-37859548(+)	MTF1	tf_targeting		
MTF1#chr1:37859573-37859591(-)	MTF1	tf_targeting		
MTF1#chr1:37859603-37859621(-)	MTF1	tf_targeting		
MTF2#chr1:93079260-93079278(+)	MTF2	tf_targeting	-2.6294718	1.352255222461317e-11
MTF2#chr1:93079271-93079289(+)	MTF2	tf_targeting	-1.0393451	1.938600349241378e-06
MTF2#chr1:93079283-93079301(+)	MTF2	tf_targeting	-0.65297115	0.0544237415307379
MTF2#chr1:93079305-93079323(+)	MTF2	tf_targeting	-2.0497017	0.0008316703919354
MTF2#chr1:93079342-93079360(-)	MTF2	tf_targeting	-1.7476108	0.0007846268712276
MTF2#chr1:93079653-93079671(-)	MTF2	tf_targeting	-1.6159965	0.0001010291769195
MXD1#chr2:69915082-69915100(+)	MXD1	tf_targeting		
MXD1#chr2:69915117-69915135(+)	MXD1	tf_targeting		
MXD1#chr2:69915120-69915138(+)	MXD1	tf_targeting		
MXD1#chr2:69915162-69915180(-)	MXD1	tf_targeting		
MXD1#chr2:69915166-69915184(-)	MXD1	tf_targeting		
MXD1#chr2:69915316-69915334(+)	MXD1	tf_targeting		
MXD3#chr5:177311814-177311832(+)	MXD3	tf_targeting		
MXD3#chr5:177311827-177311845(+)	MXD3	tf_targeting		
MXD3#chr5:177311861-177311879(+)	MXD3	tf_targeting		
MXD3#chr5:177311869-177311887(-)	MXD3	tf_targeting		
MXD3#chr5:177311873-177311891(-)	MXD3	tf_targeting		
MXD3#chr5:177311912-177311930(+)	MXD3	tf_targeting		
MXD4#chr4:2261774-2261792(+)	MXD4	tf_targeting	-2.7087939	5.584950433234135e-05
MXD4#chr4:2261950-2261968(-)	MXD4	tf_targeting	-2.310619	0.0380817984667952
MXD4#chr4:2262072-2262090(-)	MXD4	tf_targeting	-0.19782324	0.3570779740687329
MXD4#chr4:2262076-2262094(+)	MXD4	tf_targeting	-1.9653423	6.384313127270027e-08
MXD4#chr4:2262080-2262098(-)	MXD4	tf_targeting	-2.3619366	0.0017249239558671
MXD4#chr4:2262095-2262113(-)	MXD4	tf_targeting	-0.34526935	0.7118473253504185
MXI1#chr10:110207659-110207677(+)	MXI1	tf_targeting	-0.9509177	0.2197321922591594
MXI1#chr10:110207668-110207686(+)	MXI1	tf_targeting	-0.18530314	0.2666170810217692
MXI1#chr10:110207672-110207690(+)	MXI1	tf_targeting	-0.44746584	0.0158602002762684
MXI1#chr10:110207693-110207711(-)	MXI1	tf_targeting	-0.0024976183	0.9899859334598708
MXI1#chr10:110207792-110207810(+)	MXI1	tf_targeting	-0.5082472	0.0006634189599938
MXI1#chr10:110207831-110207849(+)	MXI1	tf_targeting	-0.35006428	0.029665926660517
MXI1#chr10:110225976-110225994(-)	MXI1	tf_targeting	-0.3575128	0.0016787435062014
MXI1#chr10:110225992-110226010(+)	MXI1	tf_targeting	0.018728351	0.9127583779389572
MXI1#chr10:110226010-110226028(+)	MXI1	tf_targeting	-0.07497024	0.6209468436692551
MXI1#chr10:110226160-110226178(+)	MXI1	tf_targeting	0.49124587	0.4773225196798951
MXI1#chr10:110226165-110226183(+)	MXI1	tf_targeting	-0.40947762	0.60068688742451
MXI1#chr10:110226198-110226216(+)	MXI1	tf_targeting	-0.33036295	0.0744545173735632
MYB#chr6:135181384-135181402(+)	MYB	tf_targeting		
MYB#chr6:135181413-135181431(-)	MYB	tf_targeting		
MYB#chr6:135181468-135181486(-)	MYB	tf_targeting		
MYB#chr6:135181510-135181528(+)	MYB	tf_targeting		
MYB#chr6:135181621-135181639(+)	MYB	tf_targeting		
MYB#chr6:135181887-135181905(-)	MYB	tf_targeting		
MYBBP1A#chr17:4555048-4555066(-)	MYBBP1A	tf_targeting	-0.18621625	0.850829940152993
MYBBP1A#chr17:4555121-4555139(-)	MYBBP1A	tf_targeting	0.028844737	0.9690515315180844
MYBBP1A#chr17:4555295-4555313(+)	MYBBP1A	tf_targeting	-0.04423327	0.9563295770249534
MYBBP1A#chr17:4555324-4555342(-)	MYBBP1A	tf_targeting	-0.09575988	0.9053359686477562
MYBBP1A#chr17:4555369-4555387(-)	MYBBP1A	tf_targeting	0.03237659	0.9737790956611349
MYBBP1A#chr17:4555407-4555425(+)	MYBBP1A	tf_targeting	-0.14640637	0.8756271169393735
MYBL1#chr8:66612966-66612984(+)	MYBL1	tf_targeting		
MYBL1#chr8:66613200-66613218(-)	MYBL1	tf_targeting		
MYBL1#chr8:66613220-66613238(+)	MYBL1	tf_targeting		
MYBL1#chr8:66613256-66613274(-)	MYBL1	tf_targeting		
MYBL1#chr8:66613259-66613277(-)	MYBL1	tf_targeting		
MYBL1#chr8:66613271-66613289(-)	MYBL1	tf_targeting		
MYBL2#chr20:43667115-43667133(+)	MYBL2	tf_targeting		
MYBL2#chr20:43667123-43667141(+)	MYBL2	tf_targeting		
MYBL2#chr20:43667167-43667185(-)	MYBL2	tf_targeting		
MYBL2#chr20:43667197-43667215(-)	MYBL2	tf_targeting		
MYBL2#chr20:43667446-43667464(+)	MYBL2	tf_targeting		
MYBL2#chr20:43667527-43667545(+)	MYBL2	tf_targeting		
MYC#chr8:127735559-127735577(-)	MYC	tf_targeting		
MYC#chr8:127735640-127735658(-)	MYC	tf_targeting		
MYC#chr8:127736042-127736060(+)	MYC	tf_targeting		
MYC#chr8:127736243-127736261(+)	MYC	tf_targeting		
MYC#chr8:127736323-127736341(+)	MYC	tf_targeting		
MYC#chr8:127736682-127736700(+)	MYC	tf_targeting		
MYCBP#chr1:38872965-38872983(+)	MYCBP	tf_targeting		
MYCBP#chr1:38873084-38873102(+)	MYCBP	tf_targeting		
MYCBP#chr1:38873087-38873105(+)	MYCBP	tf_targeting		
MYCBP#chr1:38873174-38873192(-)	MYCBP	tf_targeting		
MYCBP#chr1:38873177-38873195(-)	MYCBP	tf_targeting		
MYCBP#chr1:38873344-38873362(-)	MYCBP	tf_targeting		
MYCL#chr1:39901438-39901456(+)	MYCL	tf_targeting		
MYCL#chr1:39901598-39901616(+)	MYCL	tf_targeting		
MYCL#chr1:39901632-39901650(+)	MYCL	tf_targeting		
MYCL#chr1:39901821-39901839(+)	MYCL	tf_targeting		
MYCL#chr1:39901825-39901843(-)	MYCL	tf_targeting		
MYCL#chr1:39901853-39901871(-)	MYCL	tf_targeting		
MYCN#chr2:15940571-15940589(+)	MYCN	tf_targeting	-0.7955763	0.0416590802820982
MYCN#chr2:15940575-15940593(+)	MYCN	tf_targeting	0.17906338	0.5081908995644762
MYCN#chr2:15940583-15940601(+)	MYCN	tf_targeting	-1.132368	0.1457789169961748
MYCN#chr2:15940602-15940620(-)	MYCN	tf_targeting	-0.18834372	0.6116256777857416
MYCN#chr2:15940728-15940746(+)	MYCN	tf_targeting	0.20779464	0.7150725604746964
MYCN#chr2:15940778-15940796(+)	MYCN	tf_targeting	0.4023658	0.0398600077480895
MYCN#chr2:15941813-15941831(-)	MYCN	tf_targeting	-0.07572727	0.8103635211216789
MYCN#chr2:15941819-15941837(-)	MYCN	tf_targeting	-0.844865	0.1475679712087385
MYCN#chr2:15941869-15941887(-)	MYCN	tf_targeting	0.08331708	0.8126087340574188
MYCN#chr2:15941887-15941905(-)	MYCN	tf_targeting	0.14962517	0.8020926329096021
MYCN#chr2:15941910-15941928(-)	MYCN	tf_targeting	-0.22270948	0.4831465520225859
MYCN#chr2:15942182-15942200(+)	MYCN	tf_targeting	-0.2462281	0.2550821565797967
MYEF2#chr15:48178257-48178275(+)	MYEF2	tf_targeting	-4.0222588	5.297300170420178e-05
MYEF2#chr15:48178266-48178284(-)	MYEF2	tf_targeting	-2.687824	0.0009733946993004
MYEF2#chr15:48178276-48178294(+)	MYEF2	tf_targeting	-0.6183602	0.1258450651937742
MYEF2#chr15:48178279-48178297(+)	MYEF2	tf_targeting	-2.3786495	0.0003253511496773
MYEF2#chr15:48178300-48178318(+)	MYEF2	tf_targeting	-2.6878662	1.5853125333432062e-16
MYEF2#chr15:48178307-48178325(-)	MYEF2	tf_targeting	-0.021310855	0.916280221732335
MYF5#chr12:80716936-80716954(-)	MYF5	tf_targeting		
MYF5#chr12:80716943-80716961(+)	MYF5	tf_targeting		
MYF5#chr12:80716956-80716974(+)	MYF5	tf_targeting		
MYF5#chr12:80716972-80716990(-)	MYF5	tf_targeting		
MYF5#chr12:80716975-80716993(-)	MYF5	tf_targeting		
MYF5#chr12:80717035-80717053(-)	MYF5	tf_targeting		
MYF6#chr12:80707663-80707681(-)	MYF6	tf_targeting		
MYF6#chr12:80707690-80707708(+)	MYF6	tf_targeting		
MYF6#chr12:80707816-80707834(-)	MYF6	tf_targeting		
MYF6#chr12:80707871-80707889(+)	MYF6	tf_targeting		
MYF6#chr12:80707876-80707894(+)	MYF6	tf_targeting		
MYF6#chr12:80707939-80707957(+)	MYF6	tf_targeting		
MYNN#chr3:169773361-169773379(+)	MYNN	tf_targeting	-0.13791203	0.8634300033730515
MYNN#chr3:169773395-169773413(+)	MYNN	tf_targeting	-0.63413095	0.0851003181744292
MYNN#chr3:169773442-169773460(+)	MYNN	tf_targeting	-0.6664166	0.2175597396648436
MYNN#chr3:169773446-169773464(-)	MYNN	tf_targeting	-0.8936134	0.1578742852482567
MYNN#chr3:169773449-169773467(-)	MYNN	tf_targeting	-2.0030816	0.0258407068501172
MYNN#chr3:169773493-169773511(-)	MYNN	tf_targeting	-0.88632894	0.2913559422946348
MYOCD#chr17:12665905-12665923(-)	MYOCD	tf_targeting	-2.7137668	1.4963448353634248e-11
MYOCD#chr17:12665908-12665926(+)	MYOCD	tf_targeting	-2.560675	2.885772811208741e-05
MYOCD#chr17:12665927-12665945(-)	MYOCD	tf_targeting	-2.247573	2.2667289264553567e-32
MYOCD#chr17:12665939-12665957(+)	MYOCD	tf_targeting	-2.0365148	7.602915411291537e-26
MYOCD#chr17:12665945-12665963(+)	MYOCD	tf_targeting	-0.7500971	0.0047774121316713
MYOCD#chr17:12666046-12666064(-)	MYOCD	tf_targeting	-2.5413597	4.6699056545454674e-05
MYOD1#chr11:17719554-17719572(+)	MYOD1	tf_targeting		
MYOD1#chr11:17719600-17719618(-)	MYOD1	tf_targeting		
MYOD1#chr11:17719621-17719639(+)	MYOD1	tf_targeting		
MYOD1#chr11:17719690-17719708(+)	MYOD1	tf_targeting		
MYOD1#chr11:17719765-17719783(+)	MYOD1	tf_targeting		
MYOD1#chr11:17719829-17719847(-)	MYOD1	tf_targeting		
MYOG#chr1:203085771-203085789(+)	MYOG	tf_targeting		
MYOG#chr1:203085803-203085821(-)	MYOG	tf_targeting		
MYOG#chr1:203085918-203085936(+)	MYOG	tf_targeting		
MYOG#chr1:203085921-203085939(+)	MYOG	tf_targeting		
MYOG#chr1:203085944-203085962(+)	MYOG	tf_targeting		
MYOG#chr1:203085954-203085972(+)	MYOG	tf_targeting		
MYPOP#chr19:45902517-45902535(+)	MYPOP	tf_targeting		
MYPOP#chr19:45902521-45902539(+)	MYPOP	tf_targeting		
MYPOP#chr19:45902551-45902569(+)	MYPOP	tf_targeting		
MYPOP#chr19:45902558-45902576(-)	MYPOP	tf_targeting		
MYPOP#chr19:45902579-45902597(+)	MYPOP	tf_targeting		
MYPOP#chr19:45902587-45902605(-)	MYPOP	tf_targeting		
MYRF#chr11:61752634-61752652(+)	MYRF	tf_targeting	-1.3139391	0.0245738231804314
MYRF#chr11:61752643-61752661(-)	MYRF	tf_targeting	-0.5543113	0.4757733580266703
MYRF#chr11:61752646-61752664(+)	MYRF	tf_targeting	-3.7400565	7.900317342607941e-08
MYRF#chr11:61752654-61752672(-)	MYRF	tf_targeting	-2.1051483	6.403820337765143e-06
MYRF#chr11:61752843-61752861(+)	MYRF	tf_targeting	-0.096653596	0.9168449808929848
MYRF#chr11:61752886-61752904(-)	MYRF	tf_targeting	-0.31782117	0.6086898356890368
MYRF#chr11:61755367-61755385(+)	MYRF	tf_targeting	-0.47773904	0.1608684139851998
MYRF#chr11:61755378-61755396(-)	MYRF	tf_targeting	-0.8279534	0.0223544066535413
MYRF#chr11:61755411-61755429(+)	MYRF	tf_targeting	-1.0634141	0.1122915496691515
MYRF#chr11:61755418-61755436(-)	MYRF	tf_targeting	-0.19138792	0.6940171705289117
MYRF#chr11:61755446-61755464(+)	MYRF	tf_targeting	-1.3066373	0.0286343517658462
MYRF#chr11:61755546-61755564(+)	MYRF	tf_targeting	-0.16655223	0.7079414644332505
MYRFL#chr12:69926616-69926634(+)	MYRFL	tf_targeting		
MYRFL#chr12:69926669-69926687(+)	MYRFL	tf_targeting		
MYRFL#chr12:69926681-69926699(+)	MYRFL	tf_targeting		
MYRFL#chr12:69926716-69926734(-)	MYRFL	tf_targeting		
MYRFL#chr12:69926793-69926811(+)	MYRFL	tf_targeting		
MYRFL#chr12:69926838-69926856(-)	MYRFL	tf_targeting		
MYSM1#chr1:58699625-58699643(-)	MYSM1	tf_targeting	-0.06916312	0.941070540485142
MYSM1#chr1:58700007-58700025(-)	MYSM1	tf_targeting	0.08041668	0.929682108757357
MYSM1#chr1:58700020-58700038(-)	MYSM1	tf_targeting	-0.13325948	0.8824043179985313
MYSM1#chr1:58700037-58700055(-)	MYSM1	tf_targeting	-0.17258291	0.8418489646927749
MYSM1#chr1:58700040-58700058(-)	MYSM1	tf_targeting	-0.07111978	0.9384235606243492
MYSM1#chr1:58700052-58700070(-)	MYSM1	tf_targeting	-0.8706196	0.2713184923190007
MYT1#chr20:64164482-64164500(-)	MYT1	tf_targeting		
MYT1#chr20:64164486-64164504(-)	MYT1	tf_targeting		
MYT1#chr20:64164492-64164510(-)	MYT1	tf_targeting		
MYT1#chr20:64164495-64164513(-)	MYT1	tf_targeting		
MYT1#chr20:64164536-64164554(-)	MYT1	tf_targeting		
MYT1#chr20:64164546-64164564(+)	MYT1	tf_targeting		
MYT1L#chr2:2330859-2330877(+)	MYT1L	tf_targeting		
MYT1L#chr2:2331026-2331044(+)	MYT1L	tf_targeting		
MYT1L#chr2:2331196-2331214(+)	MYT1L	tf_targeting		
MYT1L#chr2:2331214-2331232(-)	MYT1L	tf_targeting		
MYT1L#chr2:2331217-2331235(+)	MYT1L	tf_targeting		
MYT1L#chr2:2331319-2331337(+)	MYT1L	tf_targeting		
MZF1#chr19:58573134-58573152(-)	MZF1	tf_targeting		
MZF1#chr19:58573256-58573274(-)	MZF1	tf_targeting		
MZF1#chr19:58573265-58573283(-)	MZF1	tf_targeting		
MZF1#chr19:58573303-58573321(+)	MZF1	tf_targeting		
MZF1#chr19:58573307-58573325(-)	MZF1	tf_targeting		
MZF1#chr19:58573333-58573351(-)	MZF1	tf_targeting		
NACC2#chr9:136095046-136095064(+)	NACC2	tf_targeting		
NACC2#chr9:136095072-136095090(+)	NACC2	tf_targeting		
NACC2#chr9:136095235-136095253(-)	NACC2	tf_targeting		
NACC2#chr9:136095242-136095260(+)	NACC2	tf_targeting		
NACC2#chr9:136095277-136095295(-)	NACC2	tf_targeting		
NACC2#chr9:136095291-136095309(-)	NACC2	tf_targeting		
NAIF1#chr9:128067243-128067261(-)	NAIF1	tf_targeting		
NAIF1#chr9:128067253-128067271(-)	NAIF1	tf_targeting		
NAIF1#chr9:128067286-128067304(-)	NAIF1	tf_targeting		
NAIF1#chr9:128067301-128067319(+)	NAIF1	tf_targeting		
NAIF1#chr9:128067307-128067325(-)	NAIF1	tf_targeting		
NAIF1#chr9:128067329-128067347(-)	NAIF1	tf_targeting		
NANOG#chr12:7789786-7789804(-)	NANOG	tf_targeting		
NANOG#chr12:7789847-7789865(-)	NANOG	tf_targeting		
NANOG#chr12:7789867-7789885(-)	NANOG	tf_targeting		
NANOG#chr12:7789883-7789901(+)	NANOG	tf_targeting		
NANOG#chr12:7789901-7789919(-)	NANOG	tf_targeting		
NANOG#chr12:7789912-7789930(+)	NANOG	tf_targeting		
NANOGNB#chr12:7765209-7765227(+)	NANOGNB	tf_targeting		
NANOGNB#chr12:7765224-7765242(-)	NANOGNB	tf_targeting		
NANOGNB#chr12:7765239-7765257(+)	NANOGNB	tf_targeting		
NANOGNB#chr12:7765248-7765266(+)	NANOGNB	tf_targeting		
NANOGNB#chr12:7765253-7765271(-)	NANOGNB	tf_targeting		
NANOGNB#chr12:7765258-7765276(-)	NANOGNB	tf_targeting		
NCL#chr2:231461443-231461461(+)	NCL	tf_targeting	0.115746595	0.2881250607458853
NCL#chr2:231461500-231461518(-)	NCL	tf_targeting	-0.07893326	0.3217745563961735
NCL#chr2:231461515-231461533(-)	NCL	tf_targeting	0.11240574	0.3842233773252022
NCL#chr2:231461526-231461544(-)	NCL	tf_targeting	0.119083665	0.3089298458316843
NCL#chr2:231461537-231461555(-)	NCL	tf_targeting	0.010394412	0.9069007413579444
NCL#chr2:231461758-231461776(-)	NCL	tf_targeting	-0.047915183	0.3900892112071621
NCL#chr2:231464232-231464250(-)	NCL	tf_targeting	-0.81248146	6.118623400464387e-06
NCL#chr2:231464395-231464413(+)	NCL	tf_targeting	-0.08706088	0.9244649075512336
NCL#chr2:231464404-231464422(+)	NCL	tf_targeting	-0.3829008	0.2147080442027516
NCL#chr2:231464426-231464444(+)	NCL	tf_targeting	-0.13101818	0.8443771485548972
NCL#chr2:231464444-231464462(+)	NCL	tf_targeting	-0.16473004	0.6051337173236719
NCL#chr2:231464467-231464485(+)	NCL	tf_targeting	-0.27065834	0.688506078694165
NCOA1#chr2:24491867-24491885(-)	NCOA1	tf_targeting	-0.6761282	0.0465586803839767
NCOA1#chr2:24491881-24491899(+)	NCOA1	tf_targeting	-0.26924416	0.3343503542604523
NCOA1#chr2:24491885-24491903(-)	NCOA1	tf_targeting	-0.53921646	0.0028903096744621
NCOA1#chr2:24491894-24491912(+)	NCOA1	tf_targeting	-0.74696976	0.0009710418575559
NCOA1#chr2:24491897-24491915(+)	NCOA1	tf_targeting	-0.8061325	0.0017018620481627
NCOA1#chr2:24491900-24491918(+)	NCOA1	tf_targeting	-0.49309644	0.0016898864491845
NCOA2#chr8:70403589-70403607(+)	NCOA2	tf_targeting	-1.417618	1.0026914447687452e-05
NCOA2#chr8:70403753-70403771(+)	NCOA2	tf_targeting	0.07401558	0.7049987588438082
NCOA2#chr8:70403757-70403775(-)	NCOA2	tf_targeting	-0.5370423	0.0046177303886806
NCOA2#chr8:70403759-70403777(+)	NCOA2	tf_targeting	-0.6699014	0.0456293998974053
NCOA2#chr8:70403794-70403812(-)	NCOA2	tf_targeting	-0.61997104	0.0043805086595013
NCOA2#chr8:70403813-70403831(-)	NCOA2	tf_targeting	-0.7058576	0.0287219752718126
NCOA3#chr20:47501905-47501923(+)	NCOA3	tf_targeting	0.03548307	0.8627473252354774
NCOA3#chr20:47501920-47501938(+)	NCOA3	tf_targeting	-1.4012069	6.62472412266809e-07
NCOA3#chr20:47501923-47501941(+)	NCOA3	tf_targeting	-1.5109116	0.0002059264345988
NCOA3#chr20:47501926-47501944(+)	NCOA3	tf_targeting	-1.4979177	0.0031445527790892
NCOA3#chr20:47501933-47501951(+)	NCOA3	tf_targeting	-0.16680303	0.8504381325396608
NCOA3#chr20:47502095-47502113(+)	NCOA3	tf_targeting	-1.8992436	0.0064458349707833
NCOA6#chr20:34825344-34825362(-)	NCOA6	tf_targeting	-2.0380533	0.0022445953987194
NCOA6#chr20:34825439-34825457(-)	NCOA6	tf_targeting	-0.17746365	0.7888324157512906
NCOA6#chr20:34825444-34825462(-)	NCOA6	tf_targeting	-1.9452661	3.875875795593856e-05
NCOA6#chr20:34825553-34825571(-)	NCOA6	tf_targeting	-2.0621324	0.0229536809207942
NCOA6#chr20:34825598-34825616(+)	NCOA6	tf_targeting	-0.8968512	3.215173067404423e-05
NCOA6#chr20:34825611-34825629(+)	NCOA6	tf_targeting	-1.7142761	0.00808299619704
NCOR1#chr17:16215167-16215185(+)	NCOR1	tf_targeting	-1.1191297	0.0033298976370091
NCOR1#chr17:16215276-16215294(-)	NCOR1	tf_targeting	-1.9128823	4.4689724442629266e-17
NCOR1#chr17:16215310-16215328(+)	NCOR1	tf_targeting	0.85715723	0.3884914690480094
NCOR1#chr17:16215343-16215361(+)	NCOR1	tf_targeting	-0.2071491	0.7107275966422661
NCOR1#chr17:16215434-16215452(+)	NCOR1	tf_targeting	-1.6957861	6.98162599641298e-05
NCOR1#chr17:16215514-16215532(-)	NCOR1	tf_targeting	-0.14871244	0.621281476882628
NCOR2#chr12:124495075-124495093(+)	NCOR2	tf_targeting	0.31659725	0.0284746093088954
NCOR2#chr12:124495092-124495110(+)	NCOR2	tf_targeting	-0.19343181	0.4949558446374689
NCOR2#chr12:124495141-124495159(-)	NCOR2	tf_targeting	-0.013223108	0.9248844444630936
NCOR2#chr12:124495232-124495250(+)	NCOR2	tf_targeting	-0.05120056	0.7509585705514951
NCOR2#chr12:124495235-124495253(+)	NCOR2	tf_targeting	-0.26806012	0.4460101441007077
NCOR2#chr12:124495329-124495347(-)	NCOR2	tf_targeting	0.050623637	0.8600389093173649
NCOR2#chr12:124535348-124535366(+)	NCOR2	tf_targeting	0.3804842	0.1039306561162182
NCOR2#chr12:124535360-124535378(-)	NCOR2	tf_targeting	-0.20606673	0.7246495932557373
NCOR2#chr12:124535387-124535405(-)	NCOR2	tf_targeting	0.1487566	0.6771356711869366
NCOR2#chr12:124535495-124535513(+)	NCOR2	tf_targeting	0.29458985	0.1731061932996548
NCOR2#chr12:124535514-124535532(+)	NCOR2	tf_targeting	-0.23040168	0.3396615636545072
NCOR2#chr12:124535563-124535581(-)	NCOR2	tf_targeting	-0.111614235	0.5892542884074086
NELFE#chr6:31958538-31958556(-)	NELFE	tf_targeting	-0.16432258	0.8617744393165366
NELFE#chr6:31958735-31958753(+)	NELFE	tf_targeting	-0.042232674	0.9105824794575362
NELFE#chr6:31958876-31958894(+)	NELFE	tf_targeting	-0.17418826	0.714021901894764
NELFE#chr6:31958879-31958897(+)	NELFE	tf_targeting	-0.83729166	0.2307839143179263
NELFE#chr6:31958918-31958936(-)	NELFE	tf_targeting	0.6496099	0.1782448358742973
NELFE#chr6:31958947-31958965(-)	NELFE	tf_targeting	-0.33412865	0.6912793186404995
NEUROD1#chr2:181680432-181680450(-)	NEUROD1	tf_targeting		
NEUROD1#chr2:181680473-181680491(-)	NEUROD1	tf_targeting		
NEUROD1#chr2:181680481-181680499(-)	NEUROD1	tf_targeting		
NEUROD1#chr2:181680491-181680509(-)	NEUROD1	tf_targeting		
NEUROD1#chr2:181680496-181680514(-)	NEUROD1	tf_targeting		
NEUROD1#chr2:181680515-181680533(-)	NEUROD1	tf_targeting		
NEUROD2#chr17:39607725-39607743(+)	NEUROD2	tf_targeting		
NEUROD2#chr17:39607843-39607861(+)	NEUROD2	tf_targeting		
NEUROD2#chr17:39607892-39607910(+)	NEUROD2	tf_targeting		
NEUROD2#chr17:39607905-39607923(+)	NEUROD2	tf_targeting		
NEUROD2#chr17:39607938-39607956(+)	NEUROD2	tf_targeting		
NEUROD2#chr17:39607954-39607972(+)	NEUROD2	tf_targeting		
NEUROD4#chr12:55019944-55019962(+)	NEUROD4	tf_targeting		
NEUROD4#chr12:55020004-55020022(+)	NEUROD4	tf_targeting		
NEUROD4#chr12:55020016-55020034(+)	NEUROD4	tf_targeting		
NEUROD4#chr12:55020021-55020039(+)	NEUROD4	tf_targeting		
NEUROD4#chr12:55020024-55020042(+)	NEUROD4	tf_targeting		
NEUROD4#chr12:55020158-55020176(+)	NEUROD4	tf_targeting		
NEUROD6#chr7:31340297-31340315(+)	NEUROD6	tf_targeting		
NEUROD6#chr7:31340474-31340492(+)	NEUROD6	tf_targeting		
NEUROD6#chr7:31340642-31340660(-)	NEUROD6	tf_targeting		
NEUROD6#chr7:31340675-31340693(-)	NEUROD6	tf_targeting		
NEUROD6#chr7:31340740-31340758(-)	NEUROD6	tf_targeting		
NEUROD6#chr7:31340747-31340765(-)	NEUROD6	tf_targeting		
NEUROG1#chr5:135535736-135535754(+)	NEUROG1	tf_targeting		
NEUROG1#chr5:135535750-135535768(+)	NEUROG1	tf_targeting		
NEUROG1#chr5:135535903-135535921(-)	NEUROG1	tf_targeting		
NEUROG1#chr5:135535915-135535933(-)	NEUROG1	tf_targeting		
NEUROG1#chr5:135535942-135535960(+)	NEUROG1	tf_targeting		
NEUROG1#chr5:135536048-135536066(+)	NEUROG1	tf_targeting		
NEUROG2#chr4:112516087-112516105(+)	NEUROG2	tf_targeting		
NEUROG2#chr4:112516356-112516374(-)	NEUROG2	tf_targeting		
NEUROG2#chr4:112516494-112516512(+)	NEUROG2	tf_targeting		
NEUROG2#chr4:112516549-112516567(-)	NEUROG2	tf_targeting		
NEUROG2#chr4:112516552-112516570(-)	NEUROG2	tf_targeting		
NEUROG2#chr4:112516559-112516577(-)	NEUROG2	tf_targeting		
NEUROG3#chr10:69573174-69573192(+)	NEUROG3	tf_targeting		
NEUROG3#chr10:69573184-69573202(-)	NEUROG3	tf_targeting		
NEUROG3#chr10:69573317-69573335(+)	NEUROG3	tf_targeting		
NEUROG3#chr10:69573345-69573363(+)	NEUROG3	tf_targeting		
NEUROG3#chr10:69573370-69573388(-)	NEUROG3	tf_targeting		
NEUROG3#chr10:69573377-69573395(+)	NEUROG3	tf_targeting		
NF1#chr17:31094957-31094975(-)	NF1	tf_targeting	-1.1261958	0.146436444883633
NF1#chr17:31094976-31094994(+)	NF1	tf_targeting	0.2826889	0.2047425676712015
NF1#chr17:31094979-31094997(+)	NF1	tf_targeting	0.29036233	0.3703440251869601
NF1#chr17:31095004-31095022(+)	NF1	tf_targeting	-2.2400079	3.504109517914134e-11
NF1#chr17:31095366-31095384(+)	NF1	tf_targeting	-2.1306627	7.082325790732194e-54
NF1#chr17:31095413-31095431(+)	NF1	tf_targeting	-0.5765231	0.3775601644995472
NFAT5#chr16:69565960-69565978(+)	NFAT5	tf_targeting	-1.4893804	5.684428765038496e-05
NFAT5#chr16:69565963-69565981(+)	NFAT5	tf_targeting	-1.2909831	0.0866011774068162
NFAT5#chr16:69566012-69566030(+)	NFAT5	tf_targeting	-0.88362175	0.0002381923788454
NFAT5#chr16:69566063-69566081(-)	NFAT5	tf_targeting	0.12861069	0.6881062847025327
NFAT5#chr16:69566154-69566172(+)	NFAT5	tf_targeting	-0.9117908	0.0009883431135544
NFAT5#chr16:69566453-69566471(+)	NFAT5	tf_targeting	0.36186492	0.003878263274726
NFATC1#chr18:79395945-79395963(+)	NFATC1	tf_targeting	0.09436391	0.7709254034387676
NFATC1#chr18:79395948-79395966(+)	NFATC1	tf_targeting	0.2223787	0.2638103713373796
NFATC1#chr18:79395957-79395975(-)	NFATC1	tf_targeting	0.1861115	0.3499956459922388
NFATC1#chr18:79395978-79395996(-)	NFATC1	tf_targeting	-0.5599792	0.2213370090077866
NFATC1#chr18:79395983-79396001(-)	NFATC1	tf_targeting	-0.044422545	0.9283608494051668
NFATC1#chr18:79396137-79396155(+)	NFATC1	tf_targeting	0.030054858	0.924418372827448
NFATC1#chr18:79400300-79400318(+)	NFATC1	tf_targeting	-1.7133393	0.0006749874637596
NFATC1#chr18:79400326-79400344(+)	NFATC1	tf_targeting	-1.3248365	0.011497360431901
NFATC1#chr18:79400329-79400347(+)	NFATC1	tf_targeting	-0.72836167	0.0877423607397505
NFATC1#chr18:79400339-79400357(-)	NFATC1	tf_targeting	-0.28916112	0.5162681484152625
NFATC1#chr18:79400379-79400397(+)	NFATC1	tf_targeting	-0.9257207	0.1666757850462714
NFATC1#chr18:79400393-79400411(-)	NFATC1	tf_targeting	-1.1463939	0.0441585655291226
NFATC2#chr20:51542468-51542486(-)	NFATC2	tf_targeting	-1.5418307	5.8578247676395175e-05
NFATC2#chr20:51542485-51542503(-)	NFATC2	tf_targeting	-1.3614339	0.0776267434827446
NFATC2#chr20:51542621-51542639(+)	NFATC2	tf_targeting	-1.9824289	8.226160641822991e-05
NFATC2#chr20:51542657-51542675(+)	NFATC2	tf_targeting	-1.6612847	3.060552387512704e-05
NFATC2#chr20:51542668-51542686(+)	NFATC2	tf_targeting	-1.8543088	0.000140624727358
NFATC2#chr20:51542705-51542723(+)	NFATC2	tf_targeting	-1.189263	0.0001019834108048
NFATC2#chr20:51562564-51562582(+)	NFATC2	tf_targeting	-0.07481316	0.8415148421908852
NFATC2#chr20:51562569-51562587(+)	NFATC2	tf_targeting	0.42494148	0.1634580262528884
NFATC2#chr20:51562603-51562621(-)	NFATC2	tf_targeting	-0.284667	0.5871673240112549
NFATC2#chr20:51562743-51562761(+)	NFATC2	tf_targeting	-0.057838667	0.776479442777049
NFATC2#chr20:51562799-51562817(+)	NFATC2	tf_targeting	-0.0613132	0.6794053379900374
NFATC2#chr20:51562812-51562830(+)	NFATC2	tf_targeting	0.22171274	0.6478467136802433
NFATC3#chr16:68085437-68085455(+)	NFATC3	tf_targeting	-0.43738687	0.3648328156251418
NFATC3#chr16:68085443-68085461(+)	NFATC3	tf_targeting	-0.46393824	0.2602873710756068
NFATC3#chr16:68085446-68085464(+)	NFATC3	tf_targeting	-0.6065053	0.2263145639685346
NFATC3#chr16:68085449-68085467(+)	NFATC3	tf_targeting	-0.028497215	0.9753325329729496
NFATC3#chr16:68085453-68085471(+)	NFATC3	tf_targeting	-1.044227	0.1766482606585235
NFATC3#chr16:68085464-68085482(-)	NFATC3	tf_targeting	-1.2927455	0.0072403522232804
NFATC4#chr14:24368179-24368197(+)	NFATC4	tf_targeting		
NFATC4#chr14:24368190-24368208(+)	NFATC4	tf_targeting		
NFATC4#chr14:24368233-24368251(+)	NFATC4	tf_targeting		
NFATC4#chr14:24368326-24368344(+)	NFATC4	tf_targeting		
NFATC4#chr14:24368347-24368365(+)	NFATC4	tf_targeting		
NFATC4#chr14:24368548-24368566(+)	NFATC4	tf_targeting		
NFE2#chr12:54300748-54300766(-)	NFE2	tf_targeting		
NFE2#chr12:54300792-54300810(-)	NFE2	tf_targeting		
NFE2#chr12:54300803-54300821(-)	NFE2	tf_targeting		
NFE2#chr12:54300981-54300999(+)	NFE2	tf_targeting		
NFE2#chr12:54300995-54301013(-)	NFE2	tf_targeting		
NFE2#chr12:54301023-54301041(-)	NFE2	tf_targeting		
NFE2L1#chr17:48048327-48048345(+)	NFE2L1	tf_targeting	-0.8774644	0.0481189039157486
NFE2L1#chr17:48048364-48048382(+)	NFE2L1	tf_targeting	-0.19359347	0.8371347671397892
NFE2L1#chr17:48048410-48048428(-)	NFE2L1	tf_targeting	-0.49007556	0.5297342998543286
NFE2L1#chr17:48048801-48048819(+)	NFE2L1	tf_targeting	-0.9562808	0.2172540848660173
NFE2L1#chr17:48048814-48048832(+)	NFE2L1	tf_targeting	-1.467657	0.0164866159921281
NFE2L1#chr17:48048858-48048876(-)	NFE2L1	tf_targeting	-1.0867063	0.141405636501827
NFE2L2#chr2:177262937-177262955(+)	NFE2L2	tf_targeting	-0.28223166	0.2715801043008082
NFE2L2#chr2:177263081-177263099(-)	NFE2L2	tf_targeting	-0.0077651707	0.9688251205683996
NFE2L2#chr2:177263259-177263277(+)	NFE2L2	tf_targeting	-0.23651783	0.4562546304516449
NFE2L2#chr2:177263303-177263321(+)	NFE2L2	tf_targeting	-1.307061	0.0470199230236839
NFE2L2#chr2:177263406-177263424(-)	NFE2L2	tf_targeting	0.029503793	0.9155745141469572
NFE2L2#chr2:177263473-177263491(-)	NFE2L2	tf_targeting	-0.14257427	0.4687154819364778
NFE2L2#chr2:177264304-177264322(-)	NFE2L2	tf_targeting	-1.4846216	0.0022291442255546
NFE2L2#chr2:177264504-177264522(+)	NFE2L2	tf_targeting	-0.32870752	0.7248904088411243
NFE2L2#chr2:177264634-177264652(+)	NFE2L2	tf_targeting	-0.9480388	0.1504440361073263
NFE2L2#chr2:177264708-177264726(+)	NFE2L2	tf_targeting	-0.9047125	0.0274597208735718
NFE2L2#chr2:177264713-177264731(-)	NFE2L2	tf_targeting	-0.68263906	0.0229852807176694
NFE2L2#chr2:177264719-177264737(+)	NFE2L2	tf_targeting	-0.9481189	0.0894416691818427
NFE2L3#chr7:26152418-26152436(+)	NFE2L3	tf_targeting		
NFE2L3#chr7:26152421-26152439(+)	NFE2L3	tf_targeting		
NFE2L3#chr7:26152425-26152443(-)	NFE2L3	tf_targeting		
NFE2L3#chr7:26152579-26152597(-)	NFE2L3	tf_targeting		
NFE2L3#chr7:26152620-26152638(-)	NFE2L3	tf_targeting		
NFE2L3#chr7:26152801-26152819(-)	NFE2L3	tf_targeting		
NFE4#chr7:102973634-102973652(-)	NFE4	tf_targeting		
NFE4#chr7:102973641-102973659(+)	NFE4	tf_targeting		
NFE4#chr7:102973646-102973664(-)	NFE4	tf_targeting		
NFE4#chr7:102973672-102973690(-)	NFE4	tf_targeting		
NFE4#chr7:102973869-102973887(-)	NFE4	tf_targeting		
NFE4#chr7:102973985-102974003(-)	NFE4	tf_targeting		
NFIA#chr1:61082313-61082331(-)	NFIA	tf_targeting	-0.71809244	0.031874314141675
NFIA#chr1:61082538-61082556(+)	NFIA	tf_targeting	-0.98681754	0.0037081009678334
NFIA#chr1:61082582-61082600(+)	NFIA	tf_targeting	-0.23997682	0.2215852108786675
NFIA#chr1:61082606-61082624(+)	NFIA	tf_targeting	-0.97942007	0.0051210057973386
NFIA#chr1:61082808-61082826(+)	NFIA	tf_targeting	-1.4132335	0.0001809682880515
NFIA#chr1:61082817-61082835(-)	NFIA	tf_targeting	-1.3402536	2.601057829460212e-05
NFIB#chr9:14314037-14314055(+)	NFIB	tf_targeting	-1.4340047	0.0006733380663837
NFIB#chr9:14314053-14314071(+)	NFIB	tf_targeting	0.19428517	0.5914839440108167
NFIB#chr9:14314353-14314371(+)	NFIB	tf_targeting	-1.4887154	3.149974358092394e-08
NFIB#chr9:14314558-14314576(-)	NFIB	tf_targeting	-0.59494597	0.0281226355063287
NFIB#chr9:14314564-14314582(-)	NFIB	tf_targeting	0.13003093	0.7443508888591017
NFIB#chr9:14314567-14314585(-)	NFIB	tf_targeting	-0.85182464	0.0073923473047373
NFIC#chr19:3359632-3359650(+)	NFIC	tf_targeting	-0.11456175	0.1285744816161039
NFIC#chr19:3359659-3359677(-)	NFIC	tf_targeting	0.012987345	0.971237281346453
NFIC#chr19:3359671-3359689(-)	NFIC	tf_targeting	-0.26498222	0.5134914129825712
NFIC#chr19:3359684-3359702(-)	NFIC	tf_targeting	-0.74189925	0.0010255137914432
NFIC#chr19:3359697-3359715(-)	NFIC	tf_targeting	-0.4766253	0.1863869275251315
NFIC#chr19:3359702-3359720(-)	NFIC	tf_targeting	-0.14792836	0.6649412492496668
NFIC#chr19:3366629-3366647(-)	NFIC	tf_targeting	-0.059893027	0.7855963402409083
NFIC#chr19:3366634-3366652(-)	NFIC	tf_targeting	-0.11416176	0.5031376294924327
NFIC#chr19:3366660-3366678(-)	NFIC	tf_targeting	-0.033385985	0.8719353845599723
NFIC#chr19:3366665-3366683(-)	NFIC	tf_targeting	-0.00048951	0.998520487930154
NFIC#chr19:3366859-3366877(-)	NFIC	tf_targeting	-0.29838553	0.1356539346320394
NFIC#chr19:3366996-3367014(+)	NFIC	tf_targeting	0.18656123	0.6339087087410775
NFIL3#chr9:91423445-91423463(+)	NFIL3	tf_targeting		
NFIL3#chr9:91423593-91423611(-)	NFIL3	tf_targeting		
NFIL3#chr9:91423642-91423660(-)	NFIL3	tf_targeting		
NFIL3#chr9:91423794-91423812(-)	NFIL3	tf_targeting		
NFIL3#chr9:91423809-91423827(-)	NFIL3	tf_targeting		
NFIL3#chr9:91423817-91423835(+)	NFIL3	tf_targeting		
NFIX#chr19:12995451-12995469(-)	NFIX	tf_targeting		
NFIX#chr19:12995529-12995547(+)	NFIX	tf_targeting		
NFIX#chr19:12995550-12995568(+)	NFIX	tf_targeting		
NFIX#chr19:12995553-12995571(+)	NFIX	tf_targeting		
NFIX#chr19:12995596-12995614(+)	NFIX	tf_targeting		
NFIX#chr19:12995848-12995866(-)	NFIX	tf_targeting		
NFIX#chr19:13023980-13023998(+)	NFIX	tf_targeting		
NFIX#chr19:13023988-13024006(+)	NFIX	tf_targeting		
NFIX#chr19:13023998-13024016(+)	NFIX	tf_targeting		
NFIX#chr19:13024018-13024036(-)	NFIX	tf_targeting		
NFIX#chr19:13024158-13024176(-)	NFIX	tf_targeting		
NFIX#chr19:13024247-13024265(-)	NFIX	tf_targeting		
NFKB1#chr4:102501359-102501377(+)	NFKB1	tf_targeting	-0.71263933	0.3226134362716215
NFKB1#chr4:102501442-102501460(-)	NFKB1	tf_targeting	-2.1889143	0.0005999389227936
NFKB1#chr4:102501448-102501466(-)	NFKB1	tf_targeting	-1.8535267	5.242591177077174e-08
NFKB1#chr4:102501476-102501494(-)	NFKB1	tf_targeting	-1.6953751	0.0020759167664529
NFKB1#chr4:102501529-102501547(+)	NFKB1	tf_targeting	-1.3306044	5.7976737607500674e-05
NFKB1#chr4:102501532-102501550(+)	NFKB1	tf_targeting	-2.1976616	0.0039874689040813
NFKB2#chr10:102395738-102395756(+)	NFKB2	tf_targeting		
NFKB2#chr10:102395756-102395774(-)	NFKB2	tf_targeting		
NFKB2#chr10:102395763-102395781(+)	NFKB2	tf_targeting		
NFKB2#chr10:102395766-102395784(+)	NFKB2	tf_targeting		
NFKB2#chr10:102395773-102395791(-)	NFKB2	tf_targeting		
NFKB2#chr10:102395931-102395949(-)	NFKB2	tf_targeting		
NFKBIA#chr14:35403160-35403178(+)	NFKBIA	tf_targeting	-0.12007203	0.5125546280398747
NFKBIA#chr14:35403163-35403181(+)	NFKBIA	tf_targeting	0.3873782	0.2389913416860318
NFKBIA#chr14:35403190-35403208(+)	NFKBIA	tf_targeting	0.73808485	0.0008620459994288
NFKBIA#chr14:35403218-35403236(-)	NFKBIA	tf_targeting	-0.04545756	0.7679331023279382
NFKBIA#chr14:35403224-35403242(+)	NFKBIA	tf_targeting	-0.3780481	0.0076139981652605
NFKBIA#chr14:35403237-35403255(+)	NFKBIA	tf_targeting	-0.31575957	0.4183476733341132
NFKBIA#chr14:35404413-35404431(-)	NFKBIA	tf_targeting	-2.6542506	0.0004587210917184
NFKBIA#chr14:35404458-35404476(+)	NFKBIA	tf_targeting	-0.9509861	0.2772137651147118
NFKBIA#chr14:35404527-35404545(-)	NFKBIA	tf_targeting	-1.1199541	0.0138655090534453
NFKBIA#chr14:35404550-35404568(-)	NFKBIA	tf_targeting	-2.004791	2.248744315105304e-06
NFKBIA#chr14:35404576-35404594(-)	NFKBIA	tf_targeting	-1.783574	0.012186506827953
NFKBIA#chr14:35404625-35404643(+)	NFKBIA	tf_targeting	-2.1340957	1.2364707619071384e-12
NFKBIB#chr19:38899974-38899992(+)	NFKBIB	tf_targeting	-2.4470756	0.0059611917884823
NFKBIB#chr19:38899978-38899996(+)	NFKBIB	tf_targeting	0.021988293	0.9620571501519786
NFKBIB#chr19:38899987-38900005(+)	NFKBIB	tf_targeting	-2.0700674	0.0134564913357429
NFKBIB#chr19:38899990-38900008(+)	NFKBIB	tf_targeting	-2.9084375	0.0003758196854408
NFKBIB#chr19:38900016-38900034(-)	NFKBIB	tf_targeting	-1.2733774	0.0133043506900092
NFKBIB#chr19:38900244-38900262(-)	NFKBIB	tf_targeting	-1.0739331	0.1753472180283918
NFKBID#chr19:35898586-35898604(-)	NFKBID	tf_targeting		
NFKBID#chr19:35898631-35898649(-)	NFKBID	tf_targeting		
NFKBID#chr19:35898662-35898680(-)	NFKBID	tf_targeting		
NFKBID#chr19:35898761-35898779(-)	NFKBID	tf_targeting		
NFKBID#chr19:35898816-35898834(-)	NFKBID	tf_targeting		
NFKBID#chr19:35898921-35898939(+)	NFKBID	tf_targeting		
NFKBID#chr19:35900398-35900416(-)	NFKBID	tf_targeting		
NFKBID#chr19:35900455-35900473(-)	NFKBID	tf_targeting		
NFKBID#chr19:35900458-35900476(+)	NFKBID	tf_targeting		
NFKBID#chr19:35900506-35900524(-)	NFKBID	tf_targeting		
NFKBID#chr19:35900531-35900549(-)	NFKBID	tf_targeting		
NFKBID#chr19:35900540-35900558(-)	NFKBID	tf_targeting		
NFKBIE#chr6:44265463-44265481(+)	NFKBIE	tf_targeting		
NFKBIE#chr6:44265467-44265485(-)	NFKBIE	tf_targeting		
NFKBIE#chr6:44265473-44265491(+)	NFKBIE	tf_targeting		
NFKBIE#chr6:44265533-44265551(-)	NFKBIE	tf_targeting		
NFKBIE#chr6:44265535-44265553(+)	NFKBIE	tf_targeting		
NFKBIE#chr6:44265542-44265560(-)	NFKBIE	tf_targeting		
NFKBIL1#chr6:31547595-31547613(-)	NFKBIL1	tf_targeting	-2.2208266	0.0255537182511673
NFKBIL1#chr6:31547624-31547642(+)	NFKBIL1	tf_targeting	-1.4849522	0.0398210280207501
NFKBIL1#chr6:31547629-31547647(-)	NFKBIL1	tf_targeting	-1.6070994	0.0990525823730161
NFKBIL1#chr6:31547649-31547667(-)	NFKBIL1	tf_targeting	-3.397459	0.0005601300636088
NFKBIL1#chr6:31547656-31547674(-)	NFKBIL1	tf_targeting	-1.77664	0.0103526050783979
NFKBIL1#chr6:31547659-31547677(+)	NFKBIL1	tf_targeting	-0.66141695	0.1014051347696905
NFKBIZ#chr3:101827963-101827981(+)	NFKBIZ	tf_targeting	0.34981158	0.4886785810251447
NFKBIZ#chr3:101827992-101828010(-)	NFKBIZ	tf_targeting	-0.19199601	0.5838175705636974
NFKBIZ#chr3:101828002-101828020(-)	NFKBIZ	tf_targeting	0.023200398	0.9315368426347064
NFKBIZ#chr3:101828013-101828031(+)	NFKBIZ	tf_targeting	0.15954225	0.7198760907990593
NFKBIZ#chr3:101828257-101828275(-)	NFKBIZ	tf_targeting	-0.19502228	0.6036898402303252
NFKBIZ#chr3:101828297-101828315(-)	NFKBIZ	tf_targeting	0.070618	0.8393661503594275
NFKBIZ#chr3:101849514-101849532(-)	NFKBIZ	tf_targeting	-1.9053235	0.0001129110042787
NFKBIZ#chr3:101849537-101849555(-)	NFKBIZ	tf_targeting	-1.8398539	0.0002404031488642
NFKBIZ#chr3:101849561-101849579(-)	NFKBIZ	tf_targeting	-1.3106326	0.1451230215525355
NFKBIZ#chr3:101849581-101849599(+)	NFKBIZ	tf_targeting	-0.45656887	0.299710383786529
NFKBIZ#chr3:101849587-101849605(-)	NFKBIZ	tf_targeting	-1.6823651	5.555553198031393e-10
NFKBIZ#chr3:101849849-101849867(-)	NFKBIZ	tf_targeting	-1.6492957	4.938098550036124e-05
NFRKB#chr11:129895173-129895191(+)	NFRKB	tf_targeting	-0.09753493	0.9117147292793732
NFRKB#chr11:129895190-129895208(-)	NFRKB	tf_targeting	-0.032250296	0.9710502493697952
NFRKB#chr11:129895346-129895364(-)	NFRKB	tf_targeting	-0.6548914	0.4616959489887113
NFRKB#chr11:129895492-129895510(-)	NFRKB	tf_targeting	0.024830347	0.970012560285326
NFRKB#chr11:129895517-129895535(-)	NFRKB	tf_targeting	-0.059016813	0.9457058307036575
NFRKB#chr11:129895543-129895561(-)	NFRKB	tf_targeting	-0.15878482	0.79874865522727
NFX1#chr9:33290489-33290507(+)	NFX1	tf_targeting	-0.81451476	0.0281912857083078
NFX1#chr9:33290537-33290555(+)	NFX1	tf_targeting	-0.45203537	0.2223425513487852
NFX1#chr9:33290545-33290563(+)	NFX1	tf_targeting	-1.9300909	0.0007746748088151
NFX1#chr9:33290555-33290573(+)	NFX1	tf_targeting	-1.3479993	0.0059180865514789
NFX1#chr9:33290558-33290576(+)	NFX1	tf_targeting	-3.2879457	0.0018720021753658
NFX1#chr9:33290577-33290595(+)	NFX1	tf_targeting	-1.2416049	0.0002711453408148
NFXL1#chr4:47914253-47914271(+)	NFXL1	tf_targeting		
NFXL1#chr4:47914262-47914280(+)	NFXL1	tf_targeting		
NFXL1#chr4:47914361-47914379(-)	NFXL1	tf_targeting		
NFXL1#chr4:47914511-47914529(+)	NFXL1	tf_targeting		
NFXL1#chr4:47914561-47914579(+)	NFXL1	tf_targeting		
NFXL1#chr4:47914573-47914591(+)	NFXL1	tf_targeting		
NFYA#chr6:41072917-41072935(+)	NFYA	tf_targeting		
NFYA#chr6:41072952-41072970(-)	NFYA	tf_targeting		
NFYA#chr6:41072964-41072982(+)	NFYA	tf_targeting		
NFYA#chr6:41073003-41073021(+)	NFYA	tf_targeting		
NFYA#chr6:41073016-41073034(-)	NFYA	tf_targeting		
NFYA#chr6:41073510-41073528(-)	NFYA	tf_targeting		
NFYB#chr12:104137785-104137803(+)	NFYB	tf_targeting	-0.6390266	0.0094480008460575
NFYB#chr12:104137839-104137857(+)	NFYB	tf_targeting	-1.3128029	0.0159611418913761
NFYB#chr12:104137842-104137860(+)	NFYB	tf_targeting	-0.44172087	0.2165026811900967
NFYB#chr12:104138089-104138107(+)	NFYB	tf_targeting	-1.8255787	0.0664898215244
NFYB#chr12:104138101-104138119(+)	NFYB	tf_targeting	-0.30525523	0.6124546423065826
NFYB#chr12:104138174-104138192(-)	NFYB	tf_targeting	-0.35326615	0.387156690802351
NFYC#chr1:40691737-40691755(-)	NFYC	tf_targeting	-0.28076714	0.7515600760400832
NFYC#chr1:40691756-40691774(-)	NFYC	tf_targeting	-0.026065605	0.9697630013303464
NFYC#chr1:40691784-40691802(-)	NFYC	tf_targeting	-0.117988095	0.6452416825545624
NFYC#chr1:40691803-40691821(-)	NFYC	tf_targeting	-0.35425898	0.5253683168241929
NFYC#chr1:40691951-40691969(-)	NFYC	tf_targeting	-0.3441252	0.702150141058655
NFYC#chr1:40692009-40692027(-)	NFYC	tf_targeting	-0.21265198	0.7830634022069867
NHLH1#chr1:160367169-160367187(-)	NHLH1	tf_targeting		
NHLH1#chr1:160367259-160367277(+)	NHLH1	tf_targeting		
NHLH1#chr1:160367297-160367315(-)	NHLH1	tf_targeting		
NHLH1#chr1:160367320-160367338(-)	NHLH1	tf_targeting		
NHLH1#chr1:160367451-160367469(-)	NHLH1	tf_targeting		
NHLH1#chr1:160367579-160367597(-)	NHLH1	tf_targeting		
NHLH2#chr1:115840808-115840826(+)	NHLH2	tf_targeting		
NHLH2#chr1:115841017-115841035(+)	NHLH2	tf_targeting		
NHLH2#chr1:115841040-115841058(+)	NHLH2	tf_targeting		
NHLH2#chr1:115841080-115841098(+)	NHLH2	tf_targeting		
NHLH2#chr1:115841117-115841135(-)	NHLH2	tf_targeting		
NHLH2#chr1:115841124-115841142(-)	NHLH2	tf_targeting		
NHP2#chr5:178153560-178153578(+)	NHP2	tf_targeting	0.75041944	0.1281215517681325
NHP2#chr5:178153842-178153860(+)	NHP2	tf_targeting	-0.15851371	0.7233507827196041
NHP2#chr5:178153856-178153874(+)	NHP2	tf_targeting	0.4456711	0.3998613501502505
NHP2#chr5:178153868-178153886(-)	NHP2	tf_targeting	-0.3744779	0.6878926643674304
NHP2#chr5:178153916-178153934(-)	NHP2	tf_targeting	-0.29832694	0.7091649335825719
NHP2#chr5:178153980-178153998(+)	NHP2	tf_targeting	0.18268356	0.7966690649203897
NKRF#chrX:119605641-119605659(-)	NKRF	tf_targeting		
NKRF#chrX:119605770-119605788(+)	NKRF	tf_targeting		
NKRF#chrX:119605793-119605811(+)	NKRF	tf_targeting		
NKRF#chrX:119605798-119605816(-)	NKRF	tf_targeting		
NKRF#chrX:119605847-119605865(-)	NKRF	tf_targeting		
NKRF#chrX:119605853-119605871(-)	NKRF	tf_targeting		
NKX1-1#chr4:1406252-1406270(+)	NKX1-1	tf_targeting		
NKX1-1#chr4:1406262-1406280(+)	NKX1-1	tf_targeting		
NKX1-1#chr4:1406267-1406285(+)	NKX1-1	tf_targeting		
NKX1-1#chr4:1406289-1406307(+)	NKX1-1	tf_targeting		
NKX1-1#chr4:1406321-1406339(+)	NKX1-1	tf_targeting		
NKX1-1#chr4:1406326-1406344(-)	NKX1-1	tf_targeting		
NKX1-2#chr10:124449538-124449556(-)	NKX1-2	tf_targeting		
NKX1-2#chr10:124449796-124449814(-)	NKX1-2	tf_targeting		
NKX1-2#chr10:124449938-124449956(+)	NKX1-2	tf_targeting		
NKX1-2#chr10:124449991-124450009(+)	NKX1-2	tf_targeting		
NKX1-2#chr10:124450002-124450020(+)	NKX1-2	tf_targeting		
NKX1-2#chr10:124450009-124450027(-)	NKX1-2	tf_targeting		
NKX2-1#chr14:36520163-36520181(+)	NKX2-1	tf_targeting		
NKX2-1#chr14:36520188-36520206(+)	NKX2-1	tf_targeting		
NKX2-1#chr14:36520193-36520211(-)	NKX2-1	tf_targeting		
NKX2-1#chr14:36520201-36520219(-)	NKX2-1	tf_targeting		
NKX2-1#chr14:36520237-36520255(-)	NKX2-1	tf_targeting		
NKX2-1#chr14:36520718-36520736(-)	NKX2-1	tf_targeting		
NKX2-2#chr20:21513964-21513982(+)	NKX2-2	tf_targeting		
NKX2-2#chr20:21513968-21513986(+)	NKX2-2	tf_targeting		
NKX2-2#chr20:21513977-21513995(+)	NKX2-2	tf_targeting		
NKX2-2#chr20:21513992-21514010(+)	NKX2-2	tf_targeting		
NKX2-2#chr20:21513996-21514014(-)	NKX2-2	tf_targeting		
NKX2-2#chr20:21514044-21514062(+)	NKX2-2	tf_targeting		
NKX2-3#chr10:99532950-99532968(+)	NKX2-3	tf_targeting		
NKX2-3#chr10:99532963-99532981(+)	NKX2-3	tf_targeting		
NKX2-3#chr10:99532966-99532984(+)	NKX2-3	tf_targeting		
NKX2-3#chr10:99532979-99532997(+)	NKX2-3	tf_targeting		
NKX2-3#chr10:99532985-99533003(+)	NKX2-3	tf_targeting		
NKX2-3#chr10:99533012-99533030(+)	NKX2-3	tf_targeting		
NKX2-4#chr20:21397174-21397192(-)	NKX2-4	tf_targeting		
NKX2-4#chr20:21397258-21397276(+)	NKX2-4	tf_targeting		
NKX2-4#chr20:21397435-21397453(+)	NKX2-4	tf_targeting		
NKX2-4#chr20:21397489-21397507(+)	NKX2-4	tf_targeting		
NKX2-4#chr20:21397492-21397510(+)	NKX2-4	tf_targeting		
NKX2-4#chr20:21397496-21397514(-)	NKX2-4	tf_targeting		
NKX2-5#chr5:173234977-173234995(+)	NKX2-5	tf_targeting	-0.73085886	0.2602508759831684
NKX2-5#chr5:173235095-173235113(+)	NKX2-5	tf_targeting	-1.7883239	3.1960745265948763e-13
NKX2-5#chr5:173235098-173235116(+)	NKX2-5	tf_targeting	-1.8758501	2.520369864251288e-05
NKX2-5#chr5:173235108-173235126(+)	NKX2-5	tf_targeting	-1.9691263	1.201996146445065e-07
NKX2-5#chr5:173235158-173235176(-)	NKX2-5	tf_targeting	-2.2512748	3.180662289906681e-43
NKX2-5#chr5:173235192-173235210(+)	NKX2-5	tf_targeting	-2.0233681	1.8378227678561e-23
NKX2-6#chr8:23706141-23706159(+)	NKX2-6	tf_targeting	-0.27688083	0.6229897530573931
NKX2-6#chr8:23706334-23706352(-)	NKX2-6	tf_targeting	-1.9023324	0.0046759442228024
NKX2-6#chr8:23706449-23706467(+)	NKX2-6	tf_targeting	-1.6408426	1.7667171651012792e-06
NKX2-6#chr8:23706503-23706521(+)	NKX2-6	tf_targeting	-2.01123	2.1595791427660132e-13
NKX2-6#chr8:23706552-23706570(+)	NKX2-6	tf_targeting	-0.7148015	0.2094767654478473
NKX2-6#chr8:23706594-23706612(+)	NKX2-6	tf_targeting	-1.07975	0.0088346435173278
NKX2-8#chr14:36582330-36582348(+)	NKX2-8	tf_targeting		
NKX2-8#chr14:36582361-36582379(+)	NKX2-8	tf_targeting		
NKX2-8#chr14:36582379-36582397(-)	NKX2-8	tf_targeting		
NKX2-8#chr14:36582552-36582570(-)	NKX2-8	tf_targeting		
NKX2-8#chr14:36582574-36582592(-)	NKX2-8	tf_targeting		
NKX2-8#chr14:36582608-36582626(+)	NKX2-8	tf_targeting		
NKX3-1#chr8:23682459-23682477(+)	NKX3-1	tf_targeting		
NKX3-1#chr8:23682873-23682891(+)	NKX3-1	tf_targeting		
NKX3-1#chr8:23682903-23682921(-)	NKX3-1	tf_targeting		
NKX3-1#chr8:23682906-23682924(-)	NKX3-1	tf_targeting		
NKX3-1#chr8:23682937-23682955(-)	NKX3-1	tf_targeting		
NKX3-1#chr8:23682950-23682968(-)	NKX3-1	tf_targeting		
NKX3-2#chr4:13544781-13544799(-)	NKX3-2	tf_targeting		
NKX3-2#chr4:13544940-13544958(+)	NKX3-2	tf_targeting		
NKX3-2#chr4:13544947-13544965(-)	NKX3-2	tf_targeting		
NKX3-2#chr4:13544982-13545000(-)	NKX3-2	tf_targeting		
NKX3-2#chr4:13545018-13545036(-)	NKX3-2	tf_targeting		
NKX3-2#chr4:13545022-13545040(-)	NKX3-2	tf_targeting		
NKX6-1#chr4:84497571-84497589(+)	NKX6-1	tf_targeting		
NKX6-1#chr4:84497762-84497780(+)	NKX6-1	tf_targeting		
NKX6-1#chr4:84497772-84497790(-)	NKX6-1	tf_targeting		
NKX6-1#chr4:84497831-84497849(+)	NKX6-1	tf_targeting		
NKX6-1#chr4:84498095-84498113(+)	NKX6-1	tf_targeting		
NKX6-1#chr4:84498251-84498269(-)	NKX6-1	tf_targeting		
NKX6-2#chr10:132785746-132785764(-)	NKX6-2	tf_targeting		
NKX6-2#chr10:132785771-132785789(+)	NKX6-2	tf_targeting		
NKX6-2#chr10:132785838-132785856(+)	NKX6-2	tf_targeting		
NKX6-2#chr10:132785885-132785903(-)	NKX6-2	tf_targeting		
NKX6-2#chr10:132785916-132785934(+)	NKX6-2	tf_targeting		
NKX6-2#chr10:132785930-132785948(+)	NKX6-2	tf_targeting		
NKX6-3#chr8:41650618-41650636(-)	NKX6-3	tf_targeting		
NKX6-3#chr8:41650725-41650743(+)	NKX6-3	tf_targeting		
NKX6-3#chr8:41650729-41650747(+)	NKX6-3	tf_targeting		
NKX6-3#chr8:41650735-41650753(-)	NKX6-3	tf_targeting		
NKX6-3#chr8:41650776-41650794(-)	NKX6-3	tf_targeting		
NKX6-3#chr8:41650786-41650804(-)	NKX6-3	tf_targeting		
NME1-NME2#chr17:51166428-51166446(-)	NME1-NME2	tf_targeting		
NME1-NME2#chr17:51166487-51166505(-)	NME1-NME2	tf_targeting		
NME1-NME2#chr17:51166521-51166539(-)	NME1-NME2	tf_targeting		
NME1-NME2#chr17:51166533-51166551(-)	NME1-NME2	tf_targeting		
NME1-NME2#chr17:51166587-51166605(-)	NME1-NME2	tf_targeting		
NME1-NME2#chr17:51166633-51166651(-)	NME1-NME2	tf_targeting		
NMI#chr2:151289396-151289414(+)	NMI	tf_targeting		
NMI#chr2:151289399-151289417(+)	NMI	tf_targeting		
NMI#chr2:151289409-151289427(-)	NMI	tf_targeting		
NMI#chr2:151289587-151289605(-)	NMI	tf_targeting		
NMI#chr2:151289609-151289627(-)	NMI	tf_targeting		
NMI#chr2:151289664-151289682(+)	NMI	tf_targeting		
NOBOX#chr7:144403629-144403647(-)	NOBOX	tf_targeting		
NOBOX#chr7:144403642-144403660(+)	NOBOX	tf_targeting		
NOBOX#chr7:144403649-144403667(+)	NOBOX	tf_targeting		
NOBOX#chr7:144403654-144403672(+)	NOBOX	tf_targeting		
NOBOX#chr7:144403659-144403677(-)	NOBOX	tf_targeting		
NOBOX#chr7:144403693-144403711(-)	NOBOX	tf_targeting		
NOBOX#chr7:144409954-144409972(-)	NOBOX	tf_targeting		
NOBOX#chr7:144410145-144410163(-)	NOBOX	tf_targeting		
NOBOX#chr7:144410167-144410185(-)	NOBOX	tf_targeting		
NOBOX#chr7:144410190-144410208(-)	NOBOX	tf_targeting		
NOBOX#chr7:144410213-144410231(+)	NOBOX	tf_targeting		
NOBOX#chr7:144410227-144410245(-)	NOBOX	tf_targeting		
NOC3L#chr10:94362680-94362698(+)	NOC3L	tf_targeting	0.17737077	0.8089904418483522
NOC3L#chr10:94362718-94362736(+)	NOC3L	tf_targeting	-0.045715198	0.9588164637028532
NOC3L#chr10:94362886-94362904(+)	NOC3L	tf_targeting	-0.00056023855	0.9995261678431012
NOC3L#chr10:94362905-94362923(-)	NOC3L	tf_targeting	-0.10313677	0.9131669411870512
NOC3L#chr10:94362924-94362942(-)	NOC3L	tf_targeting	0.03324924	0.9685395905879938
NOC3L#chr10:94362931-94362949(-)	NOC3L	tf_targeting	0.07059498	0.93010888763364
NONO#chrX:71283701-71283719(+)	NONO	tf_targeting	-1.4386929	4.163635104311388e-05
NONO#chrX:71283795-71283813(+)	NONO	tf_targeting	-1.7425601	5.854966083821063e-08
NONO#chrX:71283843-71283861(-)	NONO	tf_targeting	-1.2919006	3.034615118145492e-05
NONO#chrX:71284000-71284018(-)	NONO	tf_targeting	-2.1158273	2.5727038089078078e-33
NONO#chrX:71284045-71284063(+)	NONO	tf_targeting	-1.7813733	2.859549538489695e-12
NONO#chrX:71284055-71284073(+)	NONO	tf_targeting	-1.6758527	2.2212780946831065e-08
NOTCH1#chr9:136523467-136523485(+)	NOTCH1	tf_targeting		
NOTCH1#chr9:136523877-136523895(+)	NOTCH1	tf_targeting		
NOTCH1#chr9:136523881-136523899(-)	NOTCH1	tf_targeting		
NOTCH1#chr9:136523887-136523905(+)	NOTCH1	tf_targeting		
NOTCH1#chr9:136523894-136523912(-)	NOTCH1	tf_targeting		
NOTCH1#chr9:136523901-136523919(+)	NOTCH1	tf_targeting		
NOTCH1#chr9:136545759-136545777(+)	NOTCH1	tf_targeting		
NOTCH1#chr9:136545778-136545796(+)	NOTCH1	tf_targeting		
NOTCH1#chr9:136545901-136545919(-)	NOTCH1	tf_targeting		
NOTCH1#chr9:136546028-136546046(-)	NOTCH1	tf_targeting		
NOTCH1#chr9:136546031-136546049(+)	NOTCH1	tf_targeting		
NOTCH1#chr9:136546044-136546062(+)	NOTCH1	tf_targeting		
NOTO#chr2:73202554-73202572(-)	NOTO	tf_targeting		
NOTO#chr2:73202565-73202583(+)	NOTO	tf_targeting		
NOTO#chr2:73202577-73202595(-)	NOTO	tf_targeting		
NOTO#chr2:73202640-73202658(-)	NOTO	tf_targeting		
NOTO#chr2:73202648-73202666(-)	NOTO	tf_targeting		
NOTO#chr2:73202663-73202681(-)	NOTO	tf_targeting		
NOV#chr8:119416423-119416441(+)	NOV	tf_targeting	-0.12950537	0.7854991349088055
NOV#chr8:119416433-119416451(+)	NOV	tf_targeting	-0.1721188	0.3897404683550597
NOV#chr8:119416442-119416460(+)	NOV	tf_targeting	0.013004081	0.9557872987561734
NOV#chr8:119416480-119416498(-)	NOV	tf_targeting	0.035152707	0.8763920369278146
NOV#chr8:119416672-119416690(-)	NOV	tf_targeting	0.18387724	0.5180223948137718
NOV#chr8:119416736-119416754(-)	NOV	tf_targeting	0.18466529	0.4980919786743503
NPAS1#chr19:47019822-47019840(+)	NPAS1	tf_targeting		
NPAS1#chr19:47019840-47019858(+)	NPAS1	tf_targeting		
NPAS1#chr19:47019867-47019885(-)	NPAS1	tf_targeting		
NPAS1#chr19:47019900-47019918(-)	NPAS1	tf_targeting		
NPAS1#chr19:47020043-47020061(-)	NPAS1	tf_targeting		
NPAS1#chr19:47020156-47020174(+)	NPAS1	tf_targeting		
NPAS2#chr2:100820125-100820143(+)	NPAS2	tf_targeting		
NPAS2#chr2:100820159-100820177(-)	NPAS2	tf_targeting		
NPAS2#chr2:100820170-100820188(+)	NPAS2	tf_targeting		
NPAS2#chr2:100820188-100820206(-)	NPAS2	tf_targeting		
NPAS2#chr2:100820398-100820416(-)	NPAS2	tf_targeting		
NPAS2#chr2:100820611-100820629(-)	NPAS2	tf_targeting		
NPAS3#chr14:32934669-32934687(+)	NPAS3	tf_targeting	0.057564642	0.8206122937519026
NPAS3#chr14:32934675-32934693(+)	NPAS3	tf_targeting	1.00344	6.384056405291879e-13
NPAS3#chr14:32934687-32934705(+)	NPAS3	tf_targeting	0.4915316	0.0450705572793474
NPAS3#chr14:32934699-32934717(+)	NPAS3	tf_targeting	0.63715756	0.0456046566963786
NPAS3#chr14:32934961-32934979(+)	NPAS3	tf_targeting	0.6615158	3.005318842467484e-07
NPAS3#chr14:32935129-32935147(-)	NPAS3	tf_targeting	0.11991817	0.7647411531301913
NPAS4#chr11:66420993-66421011(+)	NPAS4	tf_targeting		
NPAS4#chr11:66420996-66421014(+)	NPAS4	tf_targeting		
NPAS4#chr11:66421059-66421077(-)	NPAS4	tf_targeting		
NPAS4#chr11:66421115-66421133(-)	NPAS4	tf_targeting		
NPAS4#chr11:66421174-66421192(-)	NPAS4	tf_targeting		
NPAS4#chr11:66421408-66421426(+)	NPAS4	tf_targeting		
NR0B1#chrX:30308627-30308645(+)	NR0B1	tf_targeting		
NR0B1#chrX:30308630-30308648(+)	NR0B1	tf_targeting		
NR0B1#chrX:30309137-30309155(-)	NR0B1	tf_targeting		
NR0B1#chrX:30309142-30309160(-)	NR0B1	tf_targeting		
NR0B1#chrX:30309338-30309356(-)	NR0B1	tf_targeting		
NR0B1#chrX:30309343-30309361(-)	NR0B1	tf_targeting		
NR0B2#chr1:26913803-26913821(+)	NR0B2	tf_targeting		
NR0B2#chr1:26913869-26913887(+)	NR0B2	tf_targeting		
NR0B2#chr1:26913872-26913890(+)	NR0B2	tf_targeting		
NR0B2#chr1:26913893-26913911(+)	NR0B2	tf_targeting		
NR0B2#chr1:26913908-26913926(+)	NR0B2	tf_targeting		
NR0B2#chr1:26913922-26913940(-)	NR0B2	tf_targeting		
NR1D1#chr17:40100455-40100473(+)	NR1D1	tf_targeting		
NR1D1#chr17:40100485-40100503(+)	NR1D1	tf_targeting		
NR1D1#chr17:40100521-40100539(+)	NR1D1	tf_targeting		
NR1D1#chr17:40100557-40100575(-)	NR1D1	tf_targeting		
NR1D1#chr17:40100604-40100622(-)	NR1D1	tf_targeting		
NR1D1#chr17:40100614-40100632(-)	NR1D1	tf_targeting		
NR1D2#chr3:23945281-23945299(-)	NR1D2	tf_targeting	-0.96288407	0.016634185169337
NR1D2#chr3:23945303-23945321(-)	NR1D2	tf_targeting	-1.1685774	0.0029643254780835
NR1D2#chr3:23945338-23945356(-)	NR1D2	tf_targeting	-0.5997291	0.2344688505273572
NR1D2#chr3:23945341-23945359(-)	NR1D2	tf_targeting	-1.2349333	0.0178057845558136
NR1D2#chr3:23945345-23945363(+)	NR1D2	tf_targeting	0.32624403	0.6268007537587006
NR1D2#chr3:23945394-23945412(-)	NR1D2	tf_targeting	-1.4412422	0.0072170370771922
NR1H2#chr19:50376443-50376461(-)	NR1H2	tf_targeting		
NR1H2#chr19:50376447-50376465(+)	NR1H2	tf_targeting		
NR1H2#chr19:50376468-50376486(+)	NR1H2	tf_targeting		
NR1H2#chr19:50376514-50376532(+)	NR1H2	tf_targeting		
NR1H2#chr19:50376560-50376578(+)	NR1H2	tf_targeting		
NR1H2#chr19:50376685-50376703(-)	NR1H2	tf_targeting		
NR1H3#chr11:47248900-47248918(+)	NR1H3	tf_targeting		
NR1H3#chr11:47248913-47248931(+)	NR1H3	tf_targeting		
NR1H3#chr11:47248928-47248946(+)	NR1H3	tf_targeting		
NR1H3#chr11:47249325-47249343(-)	NR1H3	tf_targeting		
NR1H3#chr11:47249344-47249362(-)	NR1H3	tf_targeting		
NR1H3#chr11:47249355-47249373(-)	NR1H3	tf_targeting		
NR1H3#chr11:47258018-47258036(-)	NR1H3	tf_targeting		
NR1H3#chr11:47258025-47258043(+)	NR1H3	tf_targeting		
NR1H3#chr11:47258034-47258052(-)	NR1H3	tf_targeting		
NR1H3#chr11:47258037-47258055(-)	NR1H3	tf_targeting		
NR1H3#chr11:47258100-47258118(-)	NR1H3	tf_targeting		
NR1H3#chr11:47258104-47258122(-)	NR1H3	tf_targeting		
NR1H4#chr12:100473850-100473868(+)	NR1H4	tf_targeting		
NR1H4#chr12:100473875-100473893(-)	NR1H4	tf_targeting		
NR1H4#chr12:100473878-100473896(-)	NR1H4	tf_targeting		
NR1H4#chr12:100473922-100473940(-)	NR1H4	tf_targeting		
NR1H4#chr12:100473933-100473951(-)	NR1H4	tf_targeting		
NR1H4#chr12:100473976-100473994(+)	NR1H4	tf_targeting		
NR1I2#chr3:119782064-119782082(+)	NR1I2	tf_targeting		
NR1I2#chr3:119782103-119782121(-)	NR1I2	tf_targeting		
NR1I2#chr3:119782175-119782193(+)	NR1I2	tf_targeting		
NR1I2#chr3:119782184-119782202(-)	NR1I2	tf_targeting		
NR1I2#chr3:119782189-119782207(-)	NR1I2	tf_targeting		
NR1I2#chr3:119782246-119782264(+)	NR1I2	tf_targeting		
NR1I3#chr1:161238132-161238150(-)	NR1I3	tf_targeting		
NR1I3#chr1:161238137-161238155(+)	NR1I3	tf_targeting		
NR1I3#chr1:161238151-161238169(-)	NR1I3	tf_targeting		
NR1I3#chr1:161238166-161238184(+)	NR1I3	tf_targeting		
NR1I3#chr1:161238221-161238239(-)	NR1I3	tf_targeting		
NR1I3#chr1:161238247-161238265(+)	NR1I3	tf_targeting		
NR2C1#chr12:95073472-95073490(+)	NR2C1	tf_targeting	-1.1719431	0.0025203028897284
NR2C1#chr12:95073489-95073507(-)	NR2C1	tf_targeting	-0.9691234	0.0093962150790449
NR2C1#chr12:95073493-95073511(+)	NR2C1	tf_targeting	-1.5408648	0.0088530510976192
NR2C1#chr12:95073496-95073514(+)	NR2C1	tf_targeting	-1.3959237	0.0142342621300858
NR2C1#chr12:95073609-95073627(+)	NR2C1	tf_targeting	0.032364625	0.971521332296491
NR2C1#chr12:95073641-95073659(+)	NR2C1	tf_targeting	-0.3224858	0.3916126490786049
NR2C2#chr3:14947595-14947613(-)	NR2C2	tf_targeting	-0.16455671	0.7924753834372769
NR2C2#chr3:14947599-14947617(-)	NR2C2	tf_targeting	-0.25507075	0.4217623139853385
NR2C2#chr3:14947602-14947620(-)	NR2C2	tf_targeting	-0.4697345	0.1839585444107029
NR2C2#chr3:14947635-14947653(-)	NR2C2	tf_targeting	0.20042428	0.6515173441387221
NR2C2#chr3:14947849-14947867(+)	NR2C2	tf_targeting	-0.3464547	0.1629816592223884
NR2C2#chr3:14947876-14947894(-)	NR2C2	tf_targeting	-0.18543825	0.5502205669595921
NR2E1#chr6:108166052-108166070(+)	NR2E1	tf_targeting		
NR2E1#chr6:108166087-108166105(+)	NR2E1	tf_targeting		
NR2E1#chr6:108166163-108166181(-)	NR2E1	tf_targeting		
NR2E1#chr6:108166174-108166192(-)	NR2E1	tf_targeting		
NR2E1#chr6:108166283-108166301(+)	NR2E1	tf_targeting		
NR2E1#chr6:108166546-108166564(+)	NR2E1	tf_targeting		
NR2E3#chr15:71810585-71810603(+)	NR2E3	tf_targeting		
NR2E3#chr15:71810726-71810744(+)	NR2E3	tf_targeting		
NR2E3#chr15:71810762-71810780(+)	NR2E3	tf_targeting		
NR2E3#chr15:71810811-71810829(+)	NR2E3	tf_targeting		
NR2E3#chr15:71810841-71810859(+)	NR2E3	tf_targeting		
NR2E3#chr15:71811391-71811409(+)	NR2E3	tf_targeting		
NR2F1#chr5:93583202-93583220(+)	NR2F1	tf_targeting		
NR2F1#chr5:93583216-93583234(-)	NR2F1	tf_targeting		
NR2F1#chr5:93583219-93583237(-)	NR2F1	tf_targeting		
NR2F1#chr5:93583245-93583263(-)	NR2F1	tf_targeting		
NR2F1#chr5:93583479-93583497(-)	NR2F1	tf_targeting		
NR2F1#chr5:93583564-93583582(-)	NR2F1	tf_targeting		
NR2F2#chr15:96330679-96330697(+)	NR2F2	tf_targeting		
NR2F2#chr15:96330872-96330890(-)	NR2F2	tf_targeting		
NR2F2#chr15:96330935-96330953(-)	NR2F2	tf_targeting		
NR2F2#chr15:96331089-96331107(+)	NR2F2	tf_targeting		
NR2F2#chr15:96331113-96331131(+)	NR2F2	tf_targeting		
NR2F2#chr15:96331130-96331148(+)	NR2F2	tf_targeting		
NR2F6#chr19:17245077-17245095(-)	NR2F6	tf_targeting	0.24614891	0.6535966835653901
NR2F6#chr19:17245174-17245192(-)	NR2F6	tf_targeting	0.35734466	0.0185394799383937
NR2F6#chr19:17245204-17245222(-)	NR2F6	tf_targeting	0.13221566	0.7062970742322452
NR2F6#chr19:17245854-17245872(-)	NR2F6	tf_targeting	0.017122505	0.964550556873398
NR2F6#chr19:17245903-17245921(-)	NR2F6	tf_targeting	-0.43913049	0.1406038889739833
NR2F6#chr19:17245916-17245934(-)	NR2F6	tf_targeting	-0.14315552	0.523554532884986
NR3C1#chr5:143403435-143403453(+)	NR3C1	tf_targeting	0.1223032	0.5974363826843383
NR3C1#chr5:143403522-143403540(-)	NR3C1	tf_targeting	-1.1686718	0.1143985496820095
NR3C1#chr5:143403612-143403630(+)	NR3C1	tf_targeting	-0.9284695	0.0062399505491654
NR3C1#chr5:143403626-143403644(+)	NR3C1	tf_targeting	-0.50608397	0.121687142679083
NR3C1#chr5:143403647-143403665(+)	NR3C1	tf_targeting	-2.6808963	8.478387737378088e-09
NR3C1#chr5:143404087-143404105(-)	NR3C1	tf_targeting	-0.6887923	0.2010919293407023
NR3C2#chr4:148442046-148442064(-)	NR3C2	tf_targeting		
NR3C2#chr4:148442060-148442078(-)	NR3C2	tf_targeting		
NR3C2#chr4:148442152-148442170(-)	NR3C2	tf_targeting		
NR3C2#chr4:148442179-148442197(-)	NR3C2	tf_targeting		
NR3C2#chr4:148442303-148442321(+)	NR3C2	tf_targeting		
NR3C2#chr4:148442322-148442340(-)	NR3C2	tf_targeting		
NR4A1#chr12:52051450-52051468(+)	NR4A1	tf_targeting	-0.9780901	0.1808687919525793
NR4A1#chr12:52051453-52051471(+)	NR4A1	tf_targeting	-1.4964316	0.1173738474392464
NR4A1#chr12:52051473-52051491(+)	NR4A1	tf_targeting	-1.0608127	0.0141021581490441
NR4A1#chr12:52051486-52051504(+)	NR4A1	tf_targeting	-1.6696182	0.0022511429272031
NR4A1#chr12:52051493-52051511(+)	NR4A1	tf_targeting	0.26220793	0.6871634701047911
NR4A1#chr12:52051657-52051675(+)	NR4A1	tf_targeting	-1.2523748	0.0598223428951327
NR4A2#chr2:156332660-156332678(+)	NR4A2	tf_targeting		
NR4A2#chr2:156332665-156332683(+)	NR4A2	tf_targeting		
NR4A2#chr2:156332677-156332695(-)	NR4A2	tf_targeting		
NR4A2#chr2:156332696-156332714(-)	NR4A2	tf_targeting		
NR4A2#chr2:156332707-156332725(-)	NR4A2	tf_targeting		
NR4A2#chr2:156332731-156332749(-)	NR4A2	tf_targeting		
NR4A2#chr2:156341981-156341999(-)	NR4A2	tf_targeting		
NR4A2#chr2:156342014-156342032(-)	NR4A2	tf_targeting		
NR4A2#chr2:156342017-156342035(-)	NR4A2	tf_targeting		
NR4A2#chr2:156342198-156342216(+)	NR4A2	tf_targeting		
NR4A2#chr2:156342317-156342335(+)	NR4A2	tf_targeting		
NR4A2#chr2:156342419-156342437(-)	NR4A2	tf_targeting		
NR4A3#chr9:99821952-99821970(-)	NR4A3	tf_targeting		
NR4A3#chr9:99822046-99822064(-)	NR4A3	tf_targeting		
NR4A3#chr9:99822069-99822087(-)	NR4A3	tf_targeting		
NR4A3#chr9:99822076-99822094(-)	NR4A3	tf_targeting		
NR4A3#chr9:99822185-99822203(-)	NR4A3	tf_targeting		
NR4A3#chr9:99822206-99822224(+)	NR4A3	tf_targeting		
NR5A1#chr9:124507318-124507336(+)	NR5A1	tf_targeting		
NR5A1#chr9:124507328-124507346(+)	NR5A1	tf_targeting		
NR5A1#chr9:124507357-124507375(+)	NR5A1	tf_targeting		
NR5A1#chr9:124507361-124507379(+)	NR5A1	tf_targeting		
NR5A1#chr9:124507405-124507423(-)	NR5A1	tf_targeting		
NR5A1#chr9:124507436-124507454(-)	NR5A1	tf_targeting		
NR5A2#chr1:200027620-200027638(+)	NR5A2	tf_targeting		
NR5A2#chr1:200027822-200027840(-)	NR5A2	tf_targeting		
NR5A2#chr1:200027833-200027851(-)	NR5A2	tf_targeting		
NR5A2#chr1:200027891-200027909(+)	NR5A2	tf_targeting		
NR5A2#chr1:200027899-200027917(+)	NR5A2	tf_targeting		
NR5A2#chr1:200027908-200027926(-)	NR5A2	tf_targeting		
NR5A2#chr1:200039585-200039603(+)	NR5A2	tf_targeting		
NR5A2#chr1:200039613-200039631(-)	NR5A2	tf_targeting		
NR5A2#chr1:200039630-200039648(-)	NR5A2	tf_targeting		
NR5A2#chr1:200039661-200039679(+)	NR5A2	tf_targeting		
NR5A2#chr1:200039672-200039690(-)	NR5A2	tf_targeting		
NR5A2#chr1:200039700-200039718(-)	NR5A2	tf_targeting		
NR6A1#chr9:124771088-124771106(-)	NR6A1	tf_targeting	0.37042516	0.5683179967526195
NR6A1#chr9:124771091-124771109(-)	NR6A1	tf_targeting	-0.29916415	0.0762282306837271
NR6A1#chr9:124771230-124771248(+)	NR6A1	tf_targeting	-1.3368276	1.5891811361195012e-08
NR6A1#chr9:124771245-124771263(+)	NR6A1	tf_targeting	-1.5974128	7.985855946785324e-12
NR6A1#chr9:124771323-124771341(-)	NR6A1	tf_targeting	0.22655253	0.3125175150070529
NR6A1#chr9:124771328-124771346(-)	NR6A1	tf_targeting	-0.14060971	0.2851773799010623
NRF1#chr7:129611731-129611749(+)	NRF1	tf_targeting	0.4876795	0.5788623758246899
NRF1#chr7:129611772-129611790(+)	NRF1	tf_targeting	-0.11315977	0.8962419824166241
NRF1#chr7:129611785-129611803(+)	NRF1	tf_targeting	0.041023523	0.9557173277680606
NRF1#chr7:129611835-129611853(-)	NRF1	tf_targeting	0.024940375	0.974430077539974
NRF1#chr7:129612079-129612097(-)	NRF1	tf_targeting	0.088123575	0.9140157015948568
NRF1#chr7:129612091-129612109(-)	NRF1	tf_targeting	-0.10169679	0.9140050799781037
NRL#chr14:24084376-24084394(+)	NRL	tf_targeting		
NRL#chr14:24084380-24084398(+)	NRL	tf_targeting		
NRL#chr14:24084401-24084419(+)	NRL	tf_targeting		
NRL#chr14:24084408-24084426(+)	NRL	tf_targeting		
NRL#chr14:24084576-24084594(+)	NRL	tf_targeting		
NRL#chr14:24084634-24084652(+)	NRL	tf_targeting		
NRL#chr14:24114692-24114710(-)	NRL	tf_targeting		
NRL#chr14:24114844-24114862(+)	NRL	tf_targeting		
NRL#chr14:24114865-24114883(+)	NRL	tf_targeting		
NRL#chr14:24114920-24114938(-)	NRL	tf_targeting		
NRL#chr14:24114922-24114940(+)	NRL	tf_targeting		
NRL#chr14:24114954-24114972(-)	NRL	tf_targeting		
OLIG1#chr21:33070145-33070163(-)	OLIG1	tf_targeting		
OLIG1#chr21:33070183-33070201(+)	OLIG1	tf_targeting		
OLIG1#chr21:33070188-33070206(-)	OLIG1	tf_targeting		
OLIG1#chr21:33070200-33070218(-)	OLIG1	tf_targeting		
OLIG1#chr21:33070342-33070360(-)	OLIG1	tf_targeting		
OLIG1#chr21:33070500-33070518(+)	OLIG1	tf_targeting		
OLIG2#chr21:33025910-33025928(+)	OLIG2	tf_targeting		
OLIG2#chr21:33025951-33025969(+)	OLIG2	tf_targeting		
OLIG2#chr21:33025971-33025989(+)	OLIG2	tf_targeting		
OLIG2#chr21:33025978-33025996(-)	OLIG2	tf_targeting		
OLIG2#chr21:33025987-33026005(-)	OLIG2	tf_targeting		
OLIG2#chr21:33026180-33026198(-)	OLIG2	tf_targeting		
OLIG3#chr6:137493996-137494014(+)	OLIG3	tf_targeting		
OLIG3#chr6:137494180-137494198(+)	OLIG3	tf_targeting		
OLIG3#chr6:137494184-137494202(+)	OLIG3	tf_targeting		
OLIG3#chr6:137494194-137494212(+)	OLIG3	tf_targeting		
OLIG3#chr6:137494337-137494355(-)	OLIG3	tf_targeting		
OLIG3#chr6:137494343-137494361(-)	OLIG3	tf_targeting		
ONECUT1#chr15:52790001-52790019(-)	ONECUT1	tf_targeting		
ONECUT1#chr15:52790278-52790296(-)	ONECUT1	tf_targeting		
ONECUT1#chr15:52790302-52790320(+)	ONECUT1	tf_targeting		
ONECUT1#chr15:52790311-52790329(-)	ONECUT1	tf_targeting		
ONECUT1#chr15:52790321-52790339(-)	ONECUT1	tf_targeting		
ONECUT1#chr15:52790353-52790371(-)	ONECUT1	tf_targeting		
ONECUT2#chr18:57435363-57435381(-)	ONECUT2	tf_targeting		
ONECUT2#chr18:57435398-57435416(+)	ONECUT2	tf_targeting		
ONECUT2#chr18:57435404-57435422(-)	ONECUT2	tf_targeting		
ONECUT2#chr18:57435421-57435439(+)	ONECUT2	tf_targeting		
ONECUT2#chr18:57435425-57435443(-)	ONECUT2	tf_targeting		
ONECUT2#chr18:57435730-57435748(-)	ONECUT2	tf_targeting		
ONECUT3#chr19:1753571-1753589(+)	ONECUT3	tf_targeting		
ONECUT3#chr19:1753578-1753596(-)	ONECUT3	tf_targeting		
ONECUT3#chr19:1753585-1753603(+)	ONECUT3	tf_targeting		
ONECUT3#chr19:1753600-1753618(+)	ONECUT3	tf_targeting		
ONECUT3#chr19:1753610-1753628(-)	ONECUT3	tf_targeting		
ONECUT3#chr19:1753751-1753769(+)	ONECUT3	tf_targeting		
OSR1#chr2:19358516-19358534(-)	OSR1	tf_targeting		
OSR1#chr2:19358533-19358551(+)	OSR1	tf_targeting		
OSR1#chr2:19358560-19358578(-)	OSR1	tf_targeting		
OSR1#chr2:19358579-19358597(+)	OSR1	tf_targeting		
OSR1#chr2:19358584-19358602(+)	OSR1	tf_targeting		
OSR1#chr2:19358598-19358616(-)	OSR1	tf_targeting		
OSR2#chr8:98944419-98944437(+)	OSR2	tf_targeting		
OSR2#chr8:98944475-98944493(+)	OSR2	tf_targeting		
OSR2#chr8:98944513-98944531(+)	OSR2	tf_targeting		
OSR2#chr8:98944525-98944543(-)	OSR2	tf_targeting		
OSR2#chr8:98944529-98944547(-)	OSR2	tf_targeting		
OSR2#chr8:98944803-98944821(-)	OSR2	tf_targeting		
OTP#chr5:77638317-77638335(-)	OTP	tf_targeting		
OTP#chr5:77638428-77638446(+)	OTP	tf_targeting		
OTP#chr5:77638492-77638510(-)	OTP	tf_targeting		
OTP#chr5:77638511-77638529(+)	OTP	tf_targeting		
OTP#chr5:77638545-77638563(+)	OTP	tf_targeting		
OTP#chr5:77638675-77638693(+)	OTP	tf_targeting		
OTX1#chr2:63050796-63050814(+)	OTX1	tf_targeting		
OTX1#chr2:63050807-63050825(+)	OTX1	tf_targeting		
OTX1#chr2:63050865-63050883(-)	OTX1	tf_targeting		
OTX1#chr2:63050877-63050895(+)	OTX1	tf_targeting		
OTX1#chr2:63050888-63050906(-)	OTX1	tf_targeting		
OTX1#chr2:63050962-63050980(-)	OTX1	tf_targeting		
OTX2#chr14:56810257-56810275(-)	OTX2	tf_targeting		
OTX2#chr14:56810367-56810385(+)	OTX2	tf_targeting		
OTX2#chr14:56810377-56810395(+)	OTX2	tf_targeting		
OTX2#chr14:56810423-56810441(+)	OTX2	tf_targeting		
OTX2#chr14:56810449-56810467(+)	OTX2	tf_targeting		
OTX2#chr14:56810456-56810474(-)	OTX2	tf_targeting		
OVOL1#chr11:65787089-65787107(+)	OVOL1	tf_targeting		
OVOL1#chr11:65787140-65787158(-)	OVOL1	tf_targeting		
OVOL1#chr11:65787144-65787162(-)	OVOL1	tf_targeting		
OVOL1#chr11:65787157-65787175(-)	OVOL1	tf_targeting		
OVOL1#chr11:65787256-65787274(-)	OVOL1	tf_targeting		
OVOL1#chr11:65787296-65787314(+)	OVOL1	tf_targeting		
OVOL2#chr20:18057670-18057688(+)	OVOL2	tf_targeting		
OVOL2#chr20:18057679-18057697(+)	OVOL2	tf_targeting		
OVOL2#chr20:18057811-18057829(+)	OVOL2	tf_targeting		
OVOL2#chr20:18057823-18057841(-)	OVOL2	tf_targeting		
OVOL2#chr20:18057841-18057859(-)	OVOL2	tf_targeting		
OVOL2#chr20:18057852-18057870(+)	OVOL2	tf_targeting		
OVOL3#chr19:36111180-36111198(+)	OVOL3	tf_targeting		
OVOL3#chr19:36111211-36111229(+)	OVOL3	tf_targeting		
OVOL3#chr19:36111234-36111252(+)	OVOL3	tf_targeting		
OVOL3#chr19:36111248-36111266(-)	OVOL3	tf_targeting		
OVOL3#chr19:36111277-36111295(-)	OVOL3	tf_targeting		
OVOL3#chr19:36111652-36111670(-)	OVOL3	tf_targeting		
OXSR1#chr3:38165607-38165625(+)	OXSR1	tf_targeting	-1.478432	0.0175470364189368
OXSR1#chr3:38165614-38165632(+)	OXSR1	tf_targeting	-2.9179025	0.0050241925218846
OXSR1#chr3:38165642-38165660(+)	OXSR1	tf_targeting	-2.1810896	8.406912893528339e-20
OXSR1#chr3:38165654-38165672(-)	OXSR1	tf_targeting	-1.9761839	6.046696905906314e-05
OXSR1#chr3:38165728-38165746(+)	OXSR1	tf_targeting	-1.7036192	6.389459406970284e-05
OXSR1#chr3:38165872-38165890(-)	OXSR1	tf_targeting	-1.1487417	0.0020118532796506
PA2G4#chr12:56104508-56104526(+)	PA2G4	tf_targeting	-1.1259763	0.0058452155682759
PA2G4#chr12:56104525-56104543(-)	PA2G4	tf_targeting	-0.955079	0.0786815306146114
PA2G4#chr12:56104948-56104966(-)	PA2G4	tf_targeting	-0.98167914	1.9569617991275245e-05
PA2G4#chr12:56104975-56104993(-)	PA2G4	tf_targeting	-1.4409745	4.00654537608258e-07
PA2G4#chr12:56105004-56105022(+)	PA2G4	tf_targeting	-1.5992895	0.0019159284976915
PA2G4#chr12:56105014-56105032(+)	PA2G4	tf_targeting	-0.37050945	0.3817181439130954
PARP1#chr1:226407640-226407658(+)	PARP1	tf_targeting	-1.8738908	1.1294630773552374e-05
PARP1#chr1:226407971-226407989(-)	PARP1	tf_targeting	-1.4726366	0.0829637630063574
PARP1#chr1:226408000-226408018(-)	PARP1	tf_targeting	-1.4727813	0.0336022324010745
PARP1#chr1:226408005-226408023(+)	PARP1	tf_targeting	-2.2247558	1.6676893860606865e-08
PARP1#chr1:226408047-226408065(-)	PARP1	tf_targeting	-1.045674	0.0542453649119028
PARP1#chr1:226408074-226408092(-)	PARP1	tf_targeting	-1.1042336	0.2461077039144261
PATZ1#chr22:31343112-31343130(-)	PATZ1	tf_targeting		
PATZ1#chr22:31343234-31343252(+)	PATZ1	tf_targeting		
PATZ1#chr22:31343237-31343255(+)	PATZ1	tf_targeting		
PATZ1#chr22:31343240-31343258(+)	PATZ1	tf_targeting		
PATZ1#chr22:31343297-31343315(-)	PATZ1	tf_targeting		
PATZ1#chr22:31343302-31343320(-)	PATZ1	tf_targeting		
PATZ1#chr22:31345964-31345982(+)	PATZ1	tf_targeting		
PATZ1#chr22:31346083-31346101(-)	PATZ1	tf_targeting		
PATZ1#chr22:31346117-31346135(+)	PATZ1	tf_targeting		
PATZ1#chr22:31346264-31346282(-)	PATZ1	tf_targeting		
PATZ1#chr22:31346313-31346331(+)	PATZ1	tf_targeting		
PATZ1#chr22:31346321-31346339(-)	PATZ1	tf_targeting		
PAWR#chr12:79690271-79690289(+)	PAWR	tf_targeting	-0.8969299	3.818269613071163e-08
PAWR#chr12:79690444-79690462(+)	PAWR	tf_targeting	-0.4592539	0.6057636379772114
PAWR#chr12:79690475-79690493(-)	PAWR	tf_targeting	-3.2274973	9.513589302427821e-08
PAWR#chr12:79690496-79690514(-)	PAWR	tf_targeting	-2.1290228	1.4404341567827768e-05
PAWR#chr12:79690521-79690539(-)	PAWR	tf_targeting	0.3228151	0.6200538330004985
PAWR#chr12:79690660-79690678(+)	PAWR	tf_targeting	-0.9022844	0.0331233458342593
PAX1#chr20:21705708-21705726(+)	PAX1	tf_targeting		
PAX1#chr20:21705714-21705732(+)	PAX1	tf_targeting		
PAX1#chr20:21705739-21705757(+)	PAX1	tf_targeting		
PAX1#chr20:21705883-21705901(-)	PAX1	tf_targeting		
PAX1#chr20:21706083-21706101(+)	PAX1	tf_targeting		
PAX1#chr20:21706128-21706146(-)	PAX1	tf_targeting		
PAX2#chr10:100745594-100745612(-)	PAX2	tf_targeting		
PAX2#chr10:100745602-100745620(+)	PAX2	tf_targeting		
PAX2#chr10:100745610-100745628(-)	PAX2	tf_targeting		
PAX2#chr10:100745793-100745811(+)	PAX2	tf_targeting		
PAX2#chr10:100746019-100746037(+)	PAX2	tf_targeting		
PAX2#chr10:100746074-100746092(+)	PAX2	tf_targeting		
PAX3#chr2:222298570-222298588(+)	PAX3	tf_targeting		
PAX3#chr2:222298648-222298666(+)	PAX3	tf_targeting		
PAX3#chr2:222298737-222298755(+)	PAX3	tf_targeting		
PAX3#chr2:222298891-222298909(+)	PAX3	tf_targeting		
PAX3#chr2:222298918-222298936(+)	PAX3	tf_targeting		
PAX3#chr2:222298979-222298997(-)	PAX3	tf_targeting		
PAX4#chr7:127615452-127615470(-)	PAX4	tf_targeting		
PAX4#chr7:127615506-127615524(-)	PAX4	tf_targeting		
PAX4#chr7:127615630-127615648(-)	PAX4	tf_targeting		
PAX4#chr7:127615633-127615651(-)	PAX4	tf_targeting		
PAX4#chr7:127615648-127615666(-)	PAX4	tf_targeting		
PAX4#chr7:127615671-127615689(-)	PAX4	tf_targeting		
PAX5#chr9:37033984-37034002(-)	PAX5	tf_targeting		
PAX5#chr9:37034365-37034383(+)	PAX5	tf_targeting		
PAX5#chr9:37034369-37034387(+)	PAX5	tf_targeting		
PAX5#chr9:37034422-37034440(-)	PAX5	tf_targeting		
PAX5#chr9:37034436-37034454(+)	PAX5	tf_targeting		
PAX5#chr9:37034446-37034464(-)	PAX5	tf_targeting		
PAX6#chr11:31810704-31810722(-)	PAX6	tf_targeting		
PAX6#chr11:31810707-31810725(+)	PAX6	tf_targeting		
PAX6#chr11:31810830-31810848(-)	PAX6	tf_targeting		
PAX6#chr11:31811066-31811084(+)	PAX6	tf_targeting		
PAX6#chr11:31811071-31811089(+)	PAX6	tf_targeting		
PAX6#chr11:31811302-31811320(-)	PAX6	tf_targeting		
PAX7#chr1:18630918-18630936(-)	PAX7	tf_targeting		
PAX7#chr1:18630926-18630944(-)	PAX7	tf_targeting		
PAX7#chr1:18630935-18630953(-)	PAX7	tf_targeting		
PAX7#chr1:18630939-18630957(+)	PAX7	tf_targeting		
PAX7#chr1:18631120-18631138(-)	PAX7	tf_targeting		
PAX7#chr1:18631249-18631267(-)	PAX7	tf_targeting		
PAX9#chr14:36657577-36657595(+)	PAX9	tf_targeting		
PAX9#chr14:36657602-36657620(+)	PAX9	tf_targeting		
PAX9#chr14:36657623-36657641(+)	PAX9	tf_targeting		
PAX9#chr14:36657639-36657657(-)	PAX9	tf_targeting		
PAX9#chr14:36657650-36657668(-)	PAX9	tf_targeting		
PAX9#chr14:36657836-36657854(-)	PAX9	tf_targeting		
PAX9#chr14:36661870-36661888(-)	PAX9	tf_targeting		
PAX9#chr14:36661897-36661915(+)	PAX9	tf_targeting		
PAX9#chr14:36662072-36662090(+)	PAX9	tf_targeting		
PAX9#chr14:36662111-36662129(+)	PAX9	tf_targeting		
PAX9#chr14:36662114-36662132(+)	PAX9	tf_targeting		
PAX9#chr14:36662280-36662298(+)	PAX9	tf_targeting		
PAXBP1#chr21:32771283-32771301(+)	PAXBP1	tf_targeting	-0.31984818	0.6209009768768978
PAXBP1#chr21:32771371-32771389(-)	PAXBP1	tf_targeting	-0.89274913	0.1782776168362306
PAXBP1#chr21:32771560-32771578(+)	PAXBP1	tf_targeting	-0.24083214	0.7863968067188288
PAXBP1#chr21:32771651-32771669(-)	PAXBP1	tf_targeting	-0.47080722	0.5605443039629125
PAXBP1#chr21:32771655-32771673(+)	PAXBP1	tf_targeting	0.27654034	0.6927622668419461
PAXBP1#chr21:32771757-32771775(-)	PAXBP1	tf_targeting	-0.15308262	0.8249826396800864
PBRM1#chr3:52685525-52685543(-)	PBRM1	tf_targeting	-0.24005818	0.5139043827052611
PBRM1#chr3:52685565-52685583(+)	PBRM1	tf_targeting	0.038877383	0.9176509704835938
PBRM1#chr3:52685850-52685868(-)	PBRM1	tf_targeting	-1.002127	4.834569701739523e-07
PBRM1#chr3:52685856-52685874(-)	PBRM1	tf_targeting	-1.1906545	2.9651371259337537e-05
PBRM1#chr3:52685886-52685904(-)	PBRM1	tf_targeting	-0.08557201	0.7547384236843551
PBRM1#chr3:52685892-52685910(-)	PBRM1	tf_targeting	0.29677722	0.4028305077013213
PBX1#chr1:164559214-164559232(+)	PBX1	tf_targeting	-1.1767389	0.0132005132846284
PBX1#chr1:164559248-164559266(-)	PBX1	tf_targeting	-2.5523038	1.1724300372781438e-66
PBX1#chr1:164559263-164559281(-)	PBX1	tf_targeting	-2.3250473	2.0651779376868741e-63
PBX1#chr1:164559303-164559321(-)	PBX1	tf_targeting	-1.7663574	0.0003162288397689
PBX1#chr1:164559306-164559324(-)	PBX1	tf_targeting	-2.2596562	7.747751406653805e-19
PBX1#chr1:164559435-164559453(-)	PBX1	tf_targeting	-1.9173024	1.480434467037758e-08
PBX2#chr6:32189804-32189822(+)	PBX2	tf_targeting	-0.46217865	0.4312561859338012
PBX2#chr6:32189815-32189833(-)	PBX2	tf_targeting	-0.9182148	0.2970406780218236
PBX2#chr6:32189981-32189999(-)	PBX2	tf_targeting	-2.5413744	1.7747866816823954e-06
PBX2#chr6:32189985-32190003(-)	PBX2	tf_targeting	-1.990742	8.964320762552461e-09
PBX2#chr6:32190150-32190168(+)	PBX2	tf_targeting	-2.178204	0.0098502297922045
PBX2#chr6:32190164-32190182(-)	PBX2	tf_targeting	-1.7415767	0.0070802726816625
PBX3#chr9:125747450-125747468(+)	PBX3	tf_targeting	-1.1321416	1.338723307114189e-07
PBX3#chr9:125747466-125747484(+)	PBX3	tf_targeting	-1.4617574	0.0065673114968534
PBX3#chr9:125747472-125747490(+)	PBX3	tf_targeting	-0.029150415	0.9133102052501836
PBX3#chr9:125747481-125747499(+)	PBX3	tf_targeting	-1.4053426	3.897997910442486e-12
PBX3#chr9:125747491-125747509(-)	PBX3	tf_targeting	-1.5309447	2.789030044207376e-31
PBX3#chr9:125747503-125747521(+)	PBX3	tf_targeting	-0.8749604	2.378763580890068e-08
PBX4#chr19:19618419-19618437(-)	PBX4	tf_targeting		
PBX4#chr19:19618461-19618479(-)	PBX4	tf_targeting		
PBX4#chr19:19618473-19618491(-)	PBX4	tf_targeting		
PBX4#chr19:19618666-19618684(-)	PBX4	tf_targeting		
PBX4#chr19:19618674-19618692(-)	PBX4	tf_targeting		
PBX4#chr19:19618701-19618719(-)	PBX4	tf_targeting		
PCGF2#chr17:38748035-38748053(+)	PCGF2	tf_targeting	-0.864664	0.318452305165957
PCGF2#chr17:38748087-38748105(+)	PCGF2	tf_targeting	-0.1632492	0.7035523697081364
PCGF2#chr17:38748269-38748287(+)	PCGF2	tf_targeting	-1.4975342	0.0011905434786806
PCGF2#chr17:38748276-38748294(-)	PCGF2	tf_targeting	-1.165829	2.2005866176943796e-05
PCGF2#chr17:38748293-38748311(+)	PCGF2	tf_targeting	-1.187551	0.1094062327212965
PCGF2#chr17:38748302-38748320(+)	PCGF2	tf_targeting	-1.0323588	0.1568449426373124
PCGF2#chr17:38749713-38749731(+)	PCGF2	tf_targeting	-0.39224738	0.4368200936836827
PCGF2#chr17:38749731-38749749(-)	PCGF2	tf_targeting	0.026792003	0.9146224803430864
PCGF2#chr17:38749745-38749763(+)	PCGF2	tf_targeting	0.077306814	0.759728159305798
PCGF2#chr17:38749750-38749768(-)	PCGF2	tf_targeting	0.03627917	0.8590139531344599
PCGF2#chr17:38749765-38749783(-)	PCGF2	tf_targeting	-0.4165233	0.20977889358276
PCGF2#chr17:38749787-38749805(-)	PCGF2	tf_targeting	-0.32375753	0.343619108187909
PCGF6#chr10:103350606-103350624(+)	PCGF6	tf_targeting	-0.6491852	0.1158442213921556
PCGF6#chr10:103351014-103351032(-)	PCGF6	tf_targeting	-1.4172611	0.066063306767369
PCGF6#chr10:103351060-103351078(-)	PCGF6	tf_targeting	-1.0694139	0.267874455970607
PCGF6#chr10:103351064-103351082(+)	PCGF6	tf_targeting	-1.2468313	0.1148234672893499
PCGF6#chr10:103351069-103351087(+)	PCGF6	tf_targeting	-1.4402816	0.0184673733395487
PCGF6#chr10:103351127-103351145(-)	PCGF6	tf_targeting	-0.9338918	0.0314091541282102
PDX1#chr13:27919991-27920009(+)	PDX1	tf_targeting		
PDX1#chr13:27920015-27920033(+)	PDX1	tf_targeting		
PDX1#chr13:27920042-27920060(-)	PDX1	tf_targeting		
PDX1#chr13:27920057-27920075(-)	PDX1	tf_targeting		
PDX1#chr13:27920125-27920143(+)	PDX1	tf_targeting		
PDX1#chr13:27920236-27920254(-)	PDX1	tf_targeting		
PEG3#chr19:56840478-56840496(-)	PEG3	tf_targeting		
PEG3#chr19:56840617-56840635(+)	PEG3	tf_targeting		
PEG3#chr19:56840621-56840639(-)	PEG3	tf_targeting		
PFDN5#chr12:53295544-53295562(-)	PFDN5	tf_targeting		
PFDN5#chr12:53295550-53295568(+)	PFDN5	tf_targeting		
PFDN5#chr12:53295565-53295583(-)	PFDN5	tf_targeting		
PFDN5#chr12:53295571-53295589(+)	PFDN5	tf_targeting		
PFDN5#chr12:53295799-53295817(-)	PFDN5	tf_targeting		
PFDN5#chr12:53295928-53295946(+)	PFDN5	tf_targeting		
PGBD1#chr6:28281608-28281626(+)	PGBD1	tf_targeting		
PGBD1#chr6:28281612-28281630(-)	PGBD1	tf_targeting		
PGBD1#chr6:28281644-28281662(+)	PGBD1	tf_targeting		
PGBD1#chr6:28281658-28281676(-)	PGBD1	tf_targeting		
PGBD1#chr6:28281688-28281706(-)	PGBD1	tf_targeting		
PGBD1#chr6:28281773-28281791(-)	PGBD1	tf_targeting		
PGR#chr11:101128901-101128919(+)	PGR	tf_targeting		
PGR#chr11:101128955-101128973(+)	PGR	tf_targeting		
PGR#chr11:101128991-101129009(+)	PGR	tf_targeting		
PGR#chr11:101129194-101129212(-)	PGR	tf_targeting		
PGR#chr11:101129792-101129810(-)	PGR	tf_targeting		
PGR#chr11:101129794-101129812(+)	PGR	tf_targeting		
PHB2#chr12:6970304-6970322(+)	PHB2	tf_targeting	0.11523776	0.4302319145996212
PHB2#chr12:6970617-6970635(+)	PHB2	tf_targeting	-0.08516587	0.9239259819063866
PHB2#chr12:6970629-6970647(-)	PHB2	tf_targeting	0.3949884	0.5251581314424782
PHB2#chr12:6970633-6970651(+)	PHB2	tf_targeting	0.031967554	0.9674234005728102
PHB2#chr12:6970637-6970655(+)	PHB2	tf_targeting	-0.14290123	0.7591506862738315
PHB2#chr12:6970649-6970667(+)	PHB2	tf_targeting	0.38981053	0.359215444636528
PHF1#chr6:33410814-33410832(-)	PHF1	tf_targeting	-1.9965769	3.722270313403576e-05
PHF1#chr6:33411035-33411053(-)	PHF1	tf_targeting	-1.1246789	0.0004621548265048
PHF1#chr6:33411060-33411078(+)	PHF1	tf_targeting	-0.6329948	0.3598785090089339
PHF1#chr6:33411070-33411088(-)	PHF1	tf_targeting	-2.2347193	4.5308762945609665e-08
PHF1#chr6:33411164-33411182(-)	PHF1	tf_targeting	-1.5736538	0.0008998328157184
PHF1#chr6:33411206-33411224(+)	PHF1	tf_targeting	-1.8688567	0.0004832326102497
PHF19#chr9:120877109-120877127(-)	PHF19	tf_targeting		
PHF19#chr9:120877117-120877135(-)	PHF19	tf_targeting		
PHF19#chr9:120877124-120877142(+)	PHF19	tf_targeting		
PHF19#chr9:120877127-120877145(+)	PHF19	tf_targeting		
PHF19#chr9:120877130-120877148(+)	PHF19	tf_targeting		
PHF19#chr9:120877181-120877199(-)	PHF19	tf_targeting		
PHF2#chr9:93576789-93576807(-)	PHF2	tf_targeting		
PHF2#chr9:93576806-93576824(-)	PHF2	tf_targeting		
PHF2#chr9:93576812-93576830(-)	PHF2	tf_targeting		
PHF2#chr9:93576839-93576857(+)	PHF2	tf_targeting		
PHF2#chr9:93576994-93577012(-)	PHF2	tf_targeting		
PHF2#chr9:93577011-93577029(-)	PHF2	tf_targeting		
PHF20#chr20:35772051-35772069(+)	PHF20	tf_targeting	0.18888453	0.82627509763892
PHF20#chr20:35772070-35772088(+)	PHF20	tf_targeting	-0.25894934	0.7362702244701044
PHF20#chr20:35772177-35772195(-)	PHF20	tf_targeting	-0.80580723	0.2223019110108286
PHF20#chr20:35772218-35772236(+)	PHF20	tf_targeting	-0.708181	0.1306501898886357
PHF20#chr20:35772298-35772316(+)	PHF20	tf_targeting	-0.82873726	0.3347714354787463
PHF20#chr20:35772397-35772415(+)	PHF20	tf_targeting	-0.5258492	0.519115324680794
PHF21A#chr11:46120798-46120816(+)	PHF21A	tf_targeting	-1.3487984	0.0002356377889571
PHF21A#chr11:46120944-46120962(+)	PHF21A	tf_targeting	-0.12608738	0.7228113204092717
PHF21A#chr11:46121424-46121442(-)	PHF21A	tf_targeting	-1.2265251	3.442755476959259e-13
PHF21A#chr11:46121428-46121446(-)	PHF21A	tf_targeting	-2.2007294	6.806457276642726e-17
PHF21A#chr11:46121429-46121447(-)	PHF21A	tf_targeting	-1.9631848	1.4142386382467077e-22
PHF21A#chr11:46121474-46121492(-)	PHF21A	tf_targeting	-0.035542067	0.9702220809358376
PHOX2A#chr11:72243925-72243943(+)	PHOX2A	tf_targeting		
PHOX2A#chr11:72244087-72244105(+)	PHOX2A	tf_targeting		
PHOX2A#chr11:72244125-72244143(-)	PHOX2A	tf_targeting		
PHOX2A#chr11:72244141-72244159(-)	PHOX2A	tf_targeting		
PHOX2A#chr11:72244152-72244170(-)	PHOX2A	tf_targeting		
PHOX2A#chr11:72244162-72244180(-)	PHOX2A	tf_targeting		
PHOX2B#chr4:41748316-41748334(+)	PHOX2B	tf_targeting		
PHOX2B#chr4:41748400-41748418(-)	PHOX2B	tf_targeting		
PHOX2B#chr4:41748419-41748437(+)	PHOX2B	tf_targeting		
PHOX2B#chr4:41748444-41748462(+)	PHOX2B	tf_targeting		
PHOX2B#chr4:41748552-41748570(+)	PHOX2B	tf_targeting		
PHOX2B#chr4:41748729-41748747(-)	PHOX2B	tf_targeting		
PHTF1#chr1:113758992-113759010(-)	PHTF1	tf_targeting	-0.4193604	0.5662408189337274
PHTF1#chr1:113759206-113759224(+)	PHTF1	tf_targeting	-2.5833387	0.0003502465799579
PHTF1#chr1:113759465-113759483(-)	PHTF1	tf_targeting	-1.5705276	0.0103484233808519
PHTF1#chr1:113759474-113759492(+)	PHTF1	tf_targeting	-1.9847493	0.0255291386958741
PHTF1#chr1:113759484-113759502(-)	PHTF1	tf_targeting	-1.8668705	0.0090570469825485
PHTF1#chr1:113759506-113759524(-)	PHTF1	tf_targeting	-1.376354	1.3086200508404755e-05
PIAS3#chr1:145858990-145859008(-)	PIAS3	tf_targeting		
PIAS3#chr1:145859594-145859612(+)	PIAS3	tf_targeting		
PIAS3#chr1:145859606-145859624(+)	PIAS3	tf_targeting		
PIAS3#chr1:145859703-145859721(+)	PIAS3	tf_targeting		
PIAS3#chr1:145859755-145859773(+)	PIAS3	tf_targeting		
PIAS3#chr1:145859773-145859791(+)	PIAS3	tf_targeting		
PIAS4#chr19:4007737-4007755(-)	PIAS4	tf_targeting	-0.87201095	0.013026929408644
PIAS4#chr19:4007743-4007761(+)	PIAS4	tf_targeting	-0.41644976	0.4861650902214247
PIAS4#chr19:4007988-4008006(-)	PIAS4	tf_targeting	0.26694533	0.698174499625188
PIAS4#chr19:4008098-4008116(-)	PIAS4	tf_targeting	-0.15604109	0.859200605389138
PIAS4#chr19:4008101-4008119(-)	PIAS4	tf_targeting	-1.2449685	0.0259381610911605
PIAS4#chr19:4008224-4008242(-)	PIAS4	tf_targeting	-0.27408543	0.6888157596955087
PIN1#chr19:9835357-9835375(+)	PIN1	tf_targeting	-0.2403159	0.6570255995292591
PIN1#chr19:9835369-9835387(-)	PIN1	tf_targeting	-3.378534	1.0810780686544697e-11
PIN1#chr19:9835498-9835516(-)	PIN1	tf_targeting	-0.96695566	0.2475771006706901
PIN1#chr19:9835513-9835531(+)	PIN1	tf_targeting	-2.6162872	1.6816707229385356e-24
PIN1#chr19:9835542-9835560(+)	PIN1	tf_targeting	-2.357714	2.2620725344015856e-20
PIN1#chr19:9835554-9835572(-)	PIN1	tf_targeting	-1.0199254	0.0001641268756339
PITX1#chr5:135034178-135034196(+)	PITX1	tf_targeting		
PITX1#chr5:135034184-135034202(+)	PITX1	tf_targeting		
PITX1#chr5:135034188-135034206(+)	PITX1	tf_targeting		
PITX1#chr5:135034194-135034212(+)	PITX1	tf_targeting		
PITX1#chr5:135034205-135034223(-)	PITX1	tf_targeting		
PITX1#chr5:135034251-135034269(-)	PITX1	tf_targeting		
PITX2#chr4:110622979-110622997(+)	PITX2	tf_targeting	-0.39861476	0.0249577763002175
PITX2#chr4:110622991-110623009(+)	PITX2	tf_targeting	-0.20817913	0.2564353642257396
PITX2#chr4:110622998-110623016(+)	PITX2	tf_targeting	0.21525061	0.352838488658635
PITX2#chr4:110623048-110623066(-)	PITX2	tf_targeting	-0.51678467	0.1442416438675184
PITX2#chr4:110623052-110623070(+)	PITX2	tf_targeting	-0.3696212	0.2259538116202752
PITX2#chr4:110623065-110623083(-)	PITX2	tf_targeting	-0.64288557	0.4540239524507826
PITX2#chr4:110636773-110636791(-)	PITX2	tf_targeting	0.112388276	0.8775113265689627
PITX2#chr4:110636905-110636923(+)	PITX2	tf_targeting	0.2935446	0.1017103543076414
PITX2#chr4:110636915-110636933(+)	PITX2	tf_targeting	-0.03284366	0.8727682529620272
PITX2#chr4:110636925-110636943(+)	PITX2	tf_targeting	0.19082782	0.2365909088712789
PITX2#chr4:110636950-110636968(-)	PITX2	tf_targeting	0.21390796	0.3856463014795852
PITX2#chr4:110636994-110637012(-)	PITX2	tf_targeting	-0.06744089	0.8018528302829566
PITX3#chr10:102241370-102241388(+)	PITX3	tf_targeting		
PITX3#chr10:102241411-102241429(+)	PITX3	tf_targeting		
PITX3#chr10:102241458-102241476(-)	PITX3	tf_targeting		
PITX3#chr10:102241464-102241482(+)	PITX3	tf_targeting		
PITX3#chr10:102241468-102241486(+)	PITX3	tf_targeting		
PITX3#chr10:102241504-102241522(-)	PITX3	tf_targeting		
PKNOX1#chr21:42974570-42974588(+)	PKNOX1	tf_targeting	-1.0818835	0.0036835317710168
PKNOX1#chr21:42974574-42974592(+)	PKNOX1	tf_targeting	-0.408944	0.3677919596293768
PKNOX1#chr21:42974621-42974639(-)	PKNOX1	tf_targeting	-0.5261938	0.0425164069768794
PKNOX1#chr21:42974663-42974681(-)	PKNOX1	tf_targeting	-0.9310789	0.1744983653504689
PKNOX1#chr21:42974719-42974737(-)	PKNOX1	tf_targeting	-2.3354216	0.0225081516551247
PKNOX1#chr21:42974797-42974815(-)	PKNOX1	tf_targeting	-1.4095862	0.0176923431962623
PKNOX2#chr11:125164701-125164719(-)	PKNOX2	tf_targeting	-1.149962	0.0019958374966497
PKNOX2#chr11:125164728-125164746(+)	PKNOX2	tf_targeting	-0.78106886	0.0316628061613814
PKNOX2#chr11:125164756-125164774(+)	PKNOX2	tf_targeting	-0.20175223	0.5474384157563434
PKNOX2#chr11:125164905-125164923(+)	PKNOX2	tf_targeting	-1.4179446	0.0356810194207927
PKNOX2#chr11:125164992-125165010(+)	PKNOX2	tf_targeting	-1.3979963	0.053032172043349
PKNOX2#chr11:125165014-125165032(+)	PKNOX2	tf_targeting	-1.0486166	0.2719870973377934
PLAG1#chr8:56210845-56210863(-)	PLAG1	tf_targeting	-1.3297465	0.0843870646752693
PLAG1#chr8:56211036-56211054(-)	PLAG1	tf_targeting	-0.031557623	0.9699670211957347
PLAG1#chr8:56211066-56211084(-)	PLAG1	tf_targeting	-2.5138066	0.0019096862217334
PLAG1#chr8:56211261-56211279(-)	PLAG1	tf_targeting	-1.6456864	1.215505234425198e-09
PLAG1#chr8:56211281-56211299(-)	PLAG1	tf_targeting	-2.0791368	1.5763991933891206e-06
PLAG1#chr8:56211290-56211308(-)	PLAG1	tf_targeting	-2.3715239	2.3723213976641467e-07
PLAGL1#chr6:144008147-144008165(+)	PLAGL1	tf_targeting	-2.78285	4.0953652183409605e-05
PLAGL1#chr6:144008228-144008246(-)	PLAGL1	tf_targeting	-1.0892032	0.1548177724034973
PLAGL1#chr6:144008232-144008250(-)	PLAGL1	tf_targeting	-2.3717473	2.694937374806791e-05
PLAGL1#chr6:144008239-144008257(+)	PLAGL1	tf_targeting	-1.6068556	0.0257155033614254
PLAGL1#chr6:144008247-144008265(-)	PLAGL1	tf_targeting	-2.4625955	0.0003199932427051
PLAGL1#chr6:144008251-144008269(-)	PLAGL1	tf_targeting	-2.582871	0.0003263377864134
PLAGL1#chr6:144064515-144064533(-)	PLAGL1	tf_targeting	0.3622996	0.3487229685597138
PLAGL1#chr6:144064522-144064540(-)	PLAGL1	tf_targeting	0.06337342	0.794377746681341
PLAGL1#chr6:144064541-144064559(-)	PLAGL1	tf_targeting	-0.15594694	0.5406689034958527
PLAGL1#chr6:144064558-144064576(-)	PLAGL1	tf_targeting	0.05863231	0.7460641438616485
PLAGL1#chr6:144064564-144064582(+)	PLAGL1	tf_targeting	0.3785091	0.0639441059859731
PLAGL1#chr6:144064567-144064585(+)	PLAGL1	tf_targeting	0.42825347	0.11340967769017
PLAGL2#chr20:32207339-32207357(+)	PLAGL2	tf_targeting	-0.7066684	0.3132107277228374
PLAGL2#chr20:32207512-32207530(+)	PLAGL2	tf_targeting	-1.2479317	6.614127065506562e-05
PLAGL2#chr20:32207692-32207710(+)	PLAGL2	tf_targeting	-0.96862084	0.0177568674318048
PLAGL2#chr20:32207697-32207715(-)	PLAGL2	tf_targeting	-2.1279974	0.002411858269112
PLAGL2#chr20:32207707-32207725(-)	PLAGL2	tf_targeting	-1.705364	4.6441948156203876e-10
PLAGL2#chr20:32207714-32207732(+)	PLAGL2	tf_targeting	-0.21480517	0.680117606646752
PLEK#chr2:68365269-68365287(+)	PLEK	tf_targeting		
PLEK#chr2:68365318-68365336(-)	PLEK	tf_targeting		
PLEK#chr2:68365345-68365363(+)	PLEK	tf_targeting		
PLEK#chr2:68365356-68365374(+)	PLEK	tf_targeting		
PLEK#chr2:68365461-68365479(+)	PLEK	tf_targeting		
PLEK#chr2:68365523-68365541(+)	PLEK	tf_targeting		
PLEKHA5#chr12:19129746-19129764(-)	PLEKHA5	tf_targeting	-2.6823273	1.3619337420459904e-38
PLEKHA5#chr12:19129782-19129800(+)	PLEKHA5	tf_targeting	-1.377087	2.0424127880204705e-08
PLEKHA5#chr12:19129785-19129803(+)	PLEKHA5	tf_targeting	-2.1441305	6.238496940260664e-06
PLEKHA5#chr12:19129849-19129867(+)	PLEKHA5	tf_targeting	-0.09897281	0.4723295445494188
PLEKHA5#chr12:19129903-19129921(+)	PLEKHA5	tf_targeting	0.10549857	0.8362178959592894
PLEKHA5#chr12:19129969-19129987(-)	PLEKHA5	tf_targeting	-0.6492957	0.0306985795339858
PLSCR1#chr3:146544361-146544379(-)	PLSCR1	tf_targeting		
PLSCR1#chr3:146544479-146544497(-)	PLSCR1	tf_targeting		
PLSCR1#chr3:146544499-146544517(+)	PLSCR1	tf_targeting		
PLSCR1#chr3:146544538-146544556(-)	PLSCR1	tf_targeting		
PLSCR1#chr3:146544540-146544558(+)	PLSCR1	tf_targeting		
PLSCR1#chr3:146544589-146544607(+)	PLSCR1	tf_targeting		
POGK#chr1:166839472-166839490(-)	POGK	tf_targeting	-1.8973371	0.0002774828589343
POGK#chr1:166839498-166839516(+)	POGK	tf_targeting	-2.2923024	1.1678770367392455e-09
POGK#chr1:166839507-166839525(+)	POGK	tf_targeting	-1.8277385	0.0741049550857294
POGK#chr1:166839708-166839726(-)	POGK	tf_targeting	-1.5104431	0.0621406887442511
POGK#chr1:166839711-166839729(-)	POGK	tf_targeting	-1.7733542	9.30975764874904e-05
POGK#chr1:166839717-166839735(-)	POGK	tf_targeting	-2.4994853	1.180576090842848e-06
POLR3C#chr1:145824185-145824203(+)	POLR3C	tf_targeting	-0.46853036	0.5340776552350723
POLR3C#chr1:145824228-145824246(-)	POLR3C	tf_targeting	0.03804817	0.960353088827615
POLR3C#chr1:145824242-145824260(+)	POLR3C	tf_targeting	-0.11395462	0.895845494569568
POLR3C#chr1:145824245-145824263(+)	POLR3C	tf_targeting	-0.30315664	0.7364184772854871
POLR3C#chr1:145824249-145824267(+)	POLR3C	tf_targeting	0.18419176	0.7213667035604977
POLR3C#chr1:145824304-145824322(-)	POLR3C	tf_targeting	-0.19543462	0.8156058850126624
POLR3K#chr16:53124-53142(+)	POLR3K	tf_targeting	-0.03984964	0.9650281070473812
POLR3K#chr16:53482-53500(+)	POLR3K	tf_targeting	0.40670845	0.6225537275665003
POLR3K#chr16:53547-53565(-)	POLR3K	tf_targeting	-0.2211193	0.7779534738173148
POLR3K#chr16:53558-53576(-)	POLR3K	tf_targeting	0.3627211	0.5526378213260584
POLR3K#chr16:53610-53628(-)	POLR3K	tf_targeting	-0.23678288	0.7936085238295034
POLR3K#chr16:53633-53651(-)	POLR3K	tf_targeting	0.03300241	0.9706722585131712
POU1F1#chr3:87276317-87276335(+)	POU1F1	tf_targeting		
POU1F1#chr3:87276347-87276365(+)	POU1F1	tf_targeting		
POU1F1#chr3:87276372-87276390(+)	POU1F1	tf_targeting		
POU1F1#chr3:87276543-87276561(-)	POU1F1	tf_targeting		
POU1F1#chr3:87276578-87276596(+)	POU1F1	tf_targeting		
POU1F1#chr3:87276594-87276612(-)	POU1F1	tf_targeting		
POU2AF1#chr11:111378968-111378986(-)	POU2AF1	tf_targeting		
POU2AF1#chr11:111379053-111379071(-)	POU2AF1	tf_targeting		
POU2AF1#chr11:111379117-111379135(-)	POU2AF1	tf_targeting		
POU2AF1#chr11:111379216-111379234(-)	POU2AF1	tf_targeting		
POU2AF1#chr11:111379224-111379242(+)	POU2AF1	tf_targeting		
POU2AF1#chr11:111379258-111379276(-)	POU2AF1	tf_targeting		
POU2F1#chr1:167220883-167220901(+)	POU2F1	tf_targeting	0.3239162	0.0910286517162396
POU2F1#chr1:167220887-167220905(+)	POU2F1	tf_targeting	0.33155492	0.4856856147545605
POU2F1#chr1:167220890-167220908(+)	POU2F1	tf_targeting	-0.64760315	0.3595274418327762
POU2F1#chr1:167220922-167220940(+)	POU2F1	tf_targeting	-0.31350031	0.5027454743689683
POU2F1#chr1:167220925-167220943(+)	POU2F1	tf_targeting	-1.1835485	0.1172170107073507
POU2F1#chr1:167221054-167221072(+)	POU2F1	tf_targeting	-0.6662508	0.3328622008577448
POU2F1#chr1:167329073-167329091(+)	POU2F1	tf_targeting	-0.07987715	0.8011120995778624
POU2F1#chr1:167329124-167329142(-)	POU2F1	tf_targeting	-0.0024930465	0.9908887207198552
POU2F1#chr1:167329140-167329158(-)	POU2F1	tf_targeting	-0.3851474	0.383945846081941
POU2F1#chr1:167329144-167329162(-)	POU2F1	tf_targeting	-0.13545044	0.5199507784968402
POU2F1#chr1:167329153-167329171(-)	POU2F1	tf_targeting	0.30646858	0.5597832756755218
POU2F1#chr1:167329492-167329510(-)	POU2F1	tf_targeting	-1.1055317	0.0633516130865678
POU2F2#chr19:42132366-42132384(+)	POU2F2	tf_targeting		
POU2F2#chr19:42132393-42132411(-)	POU2F2	tf_targeting		
POU2F2#chr19:42132409-42132427(+)	POU2F2	tf_targeting		
POU2F2#chr19:42132423-42132441(-)	POU2F2	tf_targeting		
POU2F2#chr19:42132458-42132476(-)	POU2F2	tf_targeting		
POU2F2#chr19:42132462-42132480(-)	POU2F2	tf_targeting		
POU2F3#chr11:120236634-120236652(-)	POU2F3	tf_targeting		
POU2F3#chr11:120236731-120236749(-)	POU2F3	tf_targeting		
POU2F3#chr11:120236802-120236820(+)	POU2F3	tf_targeting		
POU2F3#chr11:120236806-120236824(+)	POU2F3	tf_targeting		
POU2F3#chr11:120236841-120236859(+)	POU2F3	tf_targeting		
POU2F3#chr11:120236943-120236961(-)	POU2F3	tf_targeting		
POU2F3#chr11:120240137-120240155(+)	POU2F3	tf_targeting		
POU2F3#chr11:120240182-120240200(+)	POU2F3	tf_targeting		
POU2F3#chr11:120240185-120240203(+)	POU2F3	tf_targeting		
POU2F3#chr11:120240197-120240215(+)	POU2F3	tf_targeting		
POU2F3#chr11:120240235-120240253(+)	POU2F3	tf_targeting		
POU2F3#chr11:120240248-120240266(+)	POU2F3	tf_targeting		
POU3F1#chr1:38046469-38046487(-)	POU3F1	tf_targeting		
POU3F1#chr1:38046517-38046535(-)	POU3F1	tf_targeting		
POU3F1#chr1:38046561-38046579(+)	POU3F1	tf_targeting		
POU3F1#chr1:38046576-38046594(-)	POU3F1	tf_targeting		
POU3F1#chr1:38046706-38046724(-)	POU3F1	tf_targeting		
POU3F1#chr1:38046779-38046797(-)	POU3F1	tf_targeting		
POU3F2#chr6:98834545-98834563(-)	POU3F2	tf_targeting		
POU3F2#chr6:98834551-98834569(+)	POU3F2	tf_targeting		
POU3F2#chr6:98834856-98834874(+)	POU3F2	tf_targeting		
POU3F2#chr6:98834929-98834947(+)	POU3F2	tf_targeting		
POU3F2#chr6:98834989-98835007(+)	POU3F2	tf_targeting		
POU3F2#chr6:98835058-98835076(+)	POU3F2	tf_targeting		
POU3F3#chr2:104855534-104855552(-)	POU3F3	tf_targeting		
POU3F3#chr2:104855683-104855701(-)	POU3F3	tf_targeting		
POU3F3#chr2:104855698-104855716(-)	POU3F3	tf_targeting		
POU3F3#chr2:104855706-104855724(+)	POU3F3	tf_targeting		
POU3F3#chr2:104855711-104855729(-)	POU3F3	tf_targeting		
POU3F3#chr2:104855752-104855770(+)	POU3F3	tf_targeting		
POU3F4#chrX:83508307-83508325(+)	POU3F4	tf_targeting		
POU3F4#chrX:83508341-83508359(-)	POU3F4	tf_targeting		
POU3F4#chrX:83508349-83508367(-)	POU3F4	tf_targeting		
POU3F4#chrX:83508368-83508386(-)	POU3F4	tf_targeting		
POU3F4#chrX:83508371-83508389(-)	POU3F4	tf_targeting		
POU3F4#chrX:83508374-83508392(-)	POU3F4	tf_targeting		
POU4F1#chr13:78603113-78603131(-)	POU4F1	tf_targeting		
POU4F1#chr13:78603497-78603515(-)	POU4F1	tf_targeting		
POU4F1#chr13:78603536-78603554(-)	POU4F1	tf_targeting		
POU4F1#chr13:78603545-78603563(-)	POU4F1	tf_targeting		
POU4F1#chr13:78603567-78603585(-)	POU4F1	tf_targeting		
POU4F1#chr13:78603597-78603615(-)	POU4F1	tf_targeting		
POU4F2#chr4:146638902-146638920(+)	POU4F2	tf_targeting		
POU4F2#chr4:146638907-146638925(-)	POU4F2	tf_targeting		
POU4F2#chr4:146638916-146638934(+)	POU4F2	tf_targeting		
POU4F2#chr4:146638941-146638959(+)	POU4F2	tf_targeting		
POU4F2#chr4:146638970-146638988(+)	POU4F2	tf_targeting		
POU4F2#chr4:146639111-146639129(-)	POU4F2	tf_targeting		
POU4F3#chr5:146338859-146338877(-)	POU4F3	tf_targeting		
POU4F3#chr5:146338894-146338912(-)	POU4F3	tf_targeting		
POU4F3#chr5:146339030-146339048(+)	POU4F3	tf_targeting		
POU4F3#chr5:146339072-146339090(-)	POU4F3	tf_targeting		
POU4F3#chr5:146339079-146339097(-)	POU4F3	tf_targeting		
POU4F3#chr5:146339094-146339112(-)	POU4F3	tf_targeting		
POU5F1#chr6:31170169-31170187(-)	POU5F1	tf_targeting		
POU5F1#chr6:31170199-31170217(-)	POU5F1	tf_targeting		
POU5F1#chr6:31170203-31170221(+)	POU5F1	tf_targeting		
POU5F1#chr6:31170652-31170670(-)	POU5F1	tf_targeting		
POU5F1#chr6:31170654-31170672(+)	POU5F1	tf_targeting		
POU5F1#chr6:31170702-31170720(-)	POU5F1	tf_targeting		
POU5F1#chr6:31180431-31180449(-)	POU5F1	tf_targeting		
POU5F1#chr6:31180445-31180463(+)	POU5F1	tf_targeting		
POU5F1#chr6:31180648-31180666(+)	POU5F1	tf_targeting		
POU5F1#chr6:31180664-31180682(+)	POU5F1	tf_targeting		
POU5F1#chr6:31180667-31180685(+)	POU5F1	tf_targeting		
POU5F1#chr6:31180692-31180710(-)	POU5F1	tf_targeting		
POU5F1B#chr8:127415817-127415835(+)	POU5F1B	tf_targeting		
POU5F1B#chr8:127415899-127415917(+)	POU5F1B	tf_targeting		
POU5F1B#chr8:127415916-127415934(+)	POU5F1B	tf_targeting		
POU5F1B#chr8:127415933-127415951(-)	POU5F1B	tf_targeting		
POU5F1B#chr8:127416060-127416078(+)	POU5F1B	tf_targeting		
POU5F1B#chr8:127416203-127416221(-)	POU5F1B	tf_targeting		
POU5F2#chr5:93741205-93741223(-)	POU5F2	tf_targeting		
POU5F2#chr5:93741548-93741566(+)	POU5F2	tf_targeting		
POU5F2#chr5:93741553-93741571(+)	POU5F2	tf_targeting		
POU5F2#chr5:93741565-93741583(+)	POU5F2	tf_targeting		
POU5F2#chr5:93741575-93741593(+)	POU5F2	tf_targeting		
POU5F2#chr5:93741593-93741611(+)	POU5F2	tf_targeting		
POU6F1#chr12:51217777-51217795(-)	POU6F1	tf_targeting		
POU6F1#chr12:51217806-51217824(-)	POU6F1	tf_targeting		
POU6F1#chr12:51217850-51217868(+)	POU6F1	tf_targeting		
POU6F1#chr12:51217865-51217883(-)	POU6F1	tf_targeting		
POU6F1#chr12:51218011-51218029(-)	POU6F1	tf_targeting		
POU6F1#chr12:51218077-51218095(-)	POU6F1	tf_targeting		
POU6F2#chr7:39006819-39006837(+)	POU6F2	tf_targeting	-0.12423587	0.7893548791232216
POU6F2#chr7:39006825-39006843(+)	POU6F2	tf_targeting	0.13701172	0.7718752296198199
POU6F2#chr7:39006895-39006913(-)	POU6F2	tf_targeting	-0.5637976	0.3536294070517701
POU6F2#chr7:39006899-39006917(-)	POU6F2	tf_targeting	-0.34929258	0.3725335979753278
POU6F2#chr7:39006997-39007015(-)	POU6F2	tf_targeting	0.01660961	0.959516767930822
POU6F2#chr7:39007063-39007081(+)	POU6F2	tf_targeting	-0.24264981	0.6467763673728304
PPARA#chr22:46150517-46150535(+)	PPARA	tf_targeting	-2.0122209	1.079166412304443e-11
PPARA#chr22:46150590-46150608(+)	PPARA	tf_targeting	-2.6335902	2.8728023616168706e-08
PPARA#chr22:46150602-46150620(-)	PPARA	tf_targeting	0.078508325	0.9307653999889688
PPARA#chr22:46150609-46150627(+)	PPARA	tf_targeting	0.22010627	0.4390862940340982
PPARA#chr22:46150715-46150733(+)	PPARA	tf_targeting	0.032452513	0.9632703724968796
PPARA#chr22:46150829-46150847(+)	PPARA	tf_targeting	-1.8802624	7.673477335476136e-11
PPARD#chr6:35342557-35342575(+)	PPARD	tf_targeting		
PPARD#chr6:35342583-35342601(+)	PPARD	tf_targeting		
PPARD#chr6:35342666-35342684(-)	PPARD	tf_targeting		
PPARD#chr6:35342743-35342761(+)	PPARD	tf_targeting		
PPARD#chr6:35342807-35342825(+)	PPARD	tf_targeting		
PPARD#chr6:35342966-35342984(-)	PPARD	tf_targeting		
PPARG#chr3:12287955-12287973(-)	PPARG	tf_targeting		
PPARG#chr3:12287970-12287988(+)	PPARG	tf_targeting		
PPARG#chr3:12287980-12287998(-)	PPARG	tf_targeting		
PPARG#chr3:12288012-12288030(+)	PPARG	tf_targeting		
PPARG#chr3:12288139-12288157(+)	PPARG	tf_targeting		
PPARG#chr3:12288377-12288395(-)	PPARG	tf_targeting		
PPARG#chr3:12289043-12289061(+)	PPARG	tf_targeting		
PPARG#chr3:12289049-12289067(+)	PPARG	tf_targeting		
PPARG#chr3:12289065-12289083(+)	PPARG	tf_targeting		
PPARG#chr3:12289114-12289132(+)	PPARG	tf_targeting		
PPARG#chr3:12289126-12289144(-)	PPARG	tf_targeting		
PPARG#chr3:12289132-12289150(-)	PPARG	tf_targeting		
PPIL4#chr6:149545865-149545883(+)	PPIL4	tf_targeting	-2.008393	0.0168955674174164
PPIL4#chr6:149545980-149545998(-)	PPIL4	tf_targeting	-0.67076796	0.4318787259142994
PPIL4#chr6:149546005-149546023(-)	PPIL4	tf_targeting	-0.5612015	0.2014461724443874
PPIL4#chr6:149546014-149546032(-)	PPIL4	tf_targeting	-1.324888	0.0870630576021328
PPIL4#chr6:149546020-149546038(+)	PPIL4	tf_targeting	-1.0247296	0.0613676276078557
PPIL4#chr6:149546025-149546043(-)	PPIL4	tf_targeting	-0.31532308	0.7089502218961724
PPP1CB#chr2:28752075-28752093(-)	PPP1CB	tf_targeting	-0.0017391595	0.9984858056789464
PPP1CB#chr2:28752110-28752128(+)	PPP1CB	tf_targeting	0.16754122	0.7098799214740991
PPP1CB#chr2:28752194-28752212(+)	PPP1CB	tf_targeting	-0.16586158	0.7100559380499338
PPP1CB#chr2:28752500-28752518(-)	PPP1CB	tf_targeting	-0.1864551	0.8119073854359993
PPP1CB#chr2:28752512-28752530(-)	PPP1CB	tf_targeting	0.19488582	0.7003364717804477
PPP1CB#chr2:28752547-28752565(-)	PPP1CB	tf_targeting	-0.3759315	0.6474537369317486
PPP1R13L#chr19:45404905-45404923(-)	PPP1R13L	tf_targeting	-0.19281429	0.7051872838733966
PPP1R13L#chr19:45404928-45404946(-)	PPP1R13L	tf_targeting	-0.047211617	0.95749943900609
PPP1R13L#chr19:45404979-45404997(+)	PPP1R13L	tf_targeting	-2.3968832	7.220078628756764e-05
PPP1R13L#chr19:45404986-45405004(+)	PPP1R13L	tf_targeting	-2.1537747	9.1118704763447e-05
PPP1R13L#chr19:45404996-45405014(+)	PPP1R13L	tf_targeting	-1.8154727	8.362326317633089e-09
PPP1R13L#chr19:45405023-45405041(-)	PPP1R13L	tf_targeting	-3.053001	3.0103470786943027e-22
PPP1R13L#chr19:45405894-45405912(-)	PPP1R13L	tf_targeting	-1.5015081	0.115339644192274
PPP1R13L#chr19:45406102-45406120(-)	PPP1R13L	tf_targeting	-0.6648273	0.0777105806334138
PPP1R13L#chr19:45406142-45406160(-)	PPP1R13L	tf_targeting	-0.6521727	0.2221118190358937
PPP1R13L#chr19:45406162-45406180(-)	PPP1R13L	tf_targeting	0.010809153	0.9839529620037908
PPP1R13L#chr19:45406273-45406291(-)	PPP1R13L	tf_targeting	-1.3596348	0.025370968503005
PPP1R13L#chr19:45406366-45406384(-)	PPP1R13L	tf_targeting	-0.17337462	0.7944718349462042
PRDM1#chr6:106086357-106086375(-)	PRDM1	tf_targeting		
PRDM1#chr6:106086361-106086379(+)	PRDM1	tf_targeting		
PRDM1#chr6:106086366-106086384(+)	PRDM1	tf_targeting		
PRDM1#chr6:106086370-106086388(-)	PRDM1	tf_targeting		
PRDM1#chr6:106086384-106086402(+)	PRDM1	tf_targeting		
PRDM1#chr6:106086403-106086421(-)	PRDM1	tf_targeting		
PRDM10#chr11:130002305-130002323(+)	PRDM10	tf_targeting		
PRDM10#chr11:130002340-130002358(+)	PRDM10	tf_targeting		
PRDM10#chr11:130002574-130002592(+)	PRDM10	tf_targeting		
PRDM10#chr11:130002760-130002778(+)	PRDM10	tf_targeting		
PRDM10#chr11:130002769-130002787(-)	PRDM10	tf_targeting		
PRDM10#chr11:130002817-130002835(+)	PRDM10	tf_targeting		
PRDM11#chr11:45093992-45094010(-)	PRDM11	tf_targeting		
PRDM11#chr11:45094026-45094044(-)	PRDM11	tf_targeting		
PRDM11#chr11:45094029-45094047(+)	PRDM11	tf_targeting		
PRDM11#chr11:45094118-45094136(-)	PRDM11	tf_targeting		
PRDM11#chr11:45094227-45094245(+)	PRDM11	tf_targeting		
PRDM11#chr11:45094404-45094422(+)	PRDM11	tf_targeting		
PRDM11#chr11:45095797-45095815(+)	PRDM11	tf_targeting		
PRDM11#chr11:45095827-45095845(-)	PRDM11	tf_targeting		
PRDM11#chr11:45095837-45095855(-)	PRDM11	tf_targeting		
PRDM11#chr11:45095861-45095879(-)	PRDM11	tf_targeting		
PRDM11#chr11:45095878-45095896(-)	PRDM11	tf_targeting		
PRDM11#chr11:45096064-45096082(-)	PRDM11	tf_targeting		
PRDM12#chr9:130664216-130664234(+)	PRDM12	tf_targeting		
PRDM12#chr9:130664462-130664480(-)	PRDM12	tf_targeting		
PRDM12#chr9:130664578-130664596(-)	PRDM12	tf_targeting		
PRDM12#chr9:130664640-130664658(+)	PRDM12	tf_targeting		
PRDM12#chr9:130664651-130664669(-)	PRDM12	tf_targeting		
PRDM12#chr9:130664847-130664865(-)	PRDM12	tf_targeting		
PRDM13#chr6:99613909-99613927(-)	PRDM13	tf_targeting		
PRDM13#chr6:99613917-99613935(-)	PRDM13	tf_targeting		
PRDM13#chr6:99613926-99613944(-)	PRDM13	tf_targeting		
PRDM13#chr6:99613947-99613965(-)	PRDM13	tf_targeting		
PRDM13#chr6:99613950-99613968(-)	PRDM13	tf_targeting		
PRDM13#chr6:99613975-99613993(-)	PRDM13	tf_targeting		
PRDM14#chr8:70070761-70070779(+)	PRDM14	tf_targeting		
PRDM14#chr8:70070794-70070812(+)	PRDM14	tf_targeting		
PRDM14#chr8:70071021-70071039(+)	PRDM14	tf_targeting		
PRDM14#chr8:70071193-70071211(-)	PRDM14	tf_targeting		
PRDM14#chr8:70071196-70071214(+)	PRDM14	tf_targeting		
PRDM14#chr8:70071214-70071232(+)	PRDM14	tf_targeting		
PRDM15#chr21:41879012-41879030(+)	PRDM15	tf_targeting		
PRDM15#chr21:41879276-41879294(-)	PRDM15	tf_targeting		
PRDM15#chr21:41879278-41879296(+)	PRDM15	tf_targeting		
PRDM15#chr21:41879284-41879302(+)	PRDM15	tf_targeting		
PRDM15#chr21:41879305-41879323(-)	PRDM15	tf_targeting		
PRDM15#chr21:41879312-41879330(-)	PRDM15	tf_targeting		
PRDM16#chr1:3069214-3069232(+)	PRDM16	tf_targeting	-0.30235183	0.5685080074412256
PRDM16#chr1:3069251-3069269(+)	PRDM16	tf_targeting	-2.3787298	1.6905707083258818e-08
PRDM16#chr1:3069255-3069273(-)	PRDM16	tf_targeting	-1.416657	0.0376457827884398
PRDM16#chr1:3069257-3069275(+)	PRDM16	tf_targeting	-1.5676197	0.0117657958966077
PRDM16#chr1:3069261-3069279(-)	PRDM16	tf_targeting	-0.86356384	0.1470898666284824
PRDM16#chr1:3069270-3069288(-)	PRDM16	tf_targeting	-1.2256839	0.0565041529194592
PRDM2#chr1:13704871-13704889(+)	PRDM2	tf_targeting	-0.19135925	0.5017303285148232
PRDM2#chr1:13704881-13704899(-)	PRDM2	tf_targeting	-0.008399548	0.9759371505751464
PRDM2#chr1:13704885-13704903(+)	PRDM2	tf_targeting	-0.05590483	0.9496409923973618
PRDM2#chr1:13705032-13705050(+)	PRDM2	tf_targeting	0.12524605	0.6943858461584553
PRDM2#chr1:13705098-13705116(-)	PRDM2	tf_targeting	0.013994352	0.9690750304321464
PRDM2#chr1:13705190-13705208(-)	PRDM2	tf_targeting	-0.37668312	0.1182546152657588
PRDM4#chr12:107760712-107760730(+)	PRDM4	tf_targeting		
PRDM4#chr12:107760855-107760873(+)	PRDM4	tf_targeting		
PRDM4#chr12:107761075-107761093(-)	PRDM4	tf_targeting		
PRDM4#chr12:107761118-107761136(+)	PRDM4	tf_targeting		
PRDM4#chr12:107761128-107761146(-)	PRDM4	tf_targeting		
PRDM4#chr12:107761134-107761152(-)	PRDM4	tf_targeting		
PRDM5#chr4:120922635-120922653(-)	PRDM5	tf_targeting	-2.403225	0.0015193971140477
PRDM5#chr4:120922678-120922696(+)	PRDM5	tf_targeting	-0.4533344	0.513995432314509
PRDM5#chr4:120922691-120922709(-)	PRDM5	tf_targeting	-1.6630003	0.0831686341599163
PRDM5#chr4:120922694-120922712(+)	PRDM5	tf_targeting	-0.547975	0.4325038326682586
PRDM5#chr4:120922701-120922719(+)	PRDM5	tf_targeting	-1.0813849	0.3252846211591813
PRDM5#chr4:120922789-120922807(-)	PRDM5	tf_targeting	-1.5284756	0.0291127563213992
PRDM6#chr5:123089231-123089249(+)	PRDM6	tf_targeting	0.08690029	0.7969147422140954
PRDM6#chr5:123089239-123089257(+)	PRDM6	tf_targeting	-0.32701722	0.4160809486527262
PRDM6#chr5:123089252-123089270(+)	PRDM6	tf_targeting	-0.8023142	0.3729540063986193
PRDM6#chr5:123089278-123089296(+)	PRDM6	tf_targeting	0.026688023	0.8606686530204508
PRDM6#chr5:123089291-123089309(+)	PRDM6	tf_targeting	-0.1908668	0.5014837622449386
PRDM6#chr5:123089296-123089314(-)	PRDM6	tf_targeting	0.06376023	0.7736176452874733
PRDM7#chr16:90075543-90075561(-)	PRDM7	tf_targeting		
PRDM7#chr16:90075612-90075630(-)	PRDM7	tf_targeting		
PRDM7#chr16:90075807-90075825(-)	PRDM7	tf_targeting		
PRDM7#chr16:90075828-90075846(-)	PRDM7	tf_targeting		
PRDM7#chr16:90075831-90075849(-)	PRDM7	tf_targeting		
PRDM7#chr16:90075883-90075901(+)	PRDM7	tf_targeting		
PRDM8#chr4:80183804-80183822(-)	PRDM8	tf_targeting		
PRDM8#chr4:80183828-80183846(+)	PRDM8	tf_targeting		
PRDM8#chr4:80183837-80183855(-)	PRDM8	tf_targeting		
PRDM8#chr4:80183845-80183863(-)	PRDM8	tf_targeting		
PRDM8#chr4:80183966-80183984(+)	PRDM8	tf_targeting		
PRDM8#chr4:80184003-80184021(-)	PRDM8	tf_targeting		
PRDM8#chr4:80197522-80197540(-)	PRDM8	tf_targeting		
PRDM8#chr4:80197581-80197599(-)	PRDM8	tf_targeting		
PRDM8#chr4:80197621-80197639(+)	PRDM8	tf_targeting		
PRDM8#chr4:80197716-80197734(-)	PRDM8	tf_targeting		
PRDM8#chr4:80197756-80197774(-)	PRDM8	tf_targeting		
PRDM8#chr4:80197849-80197867(-)	PRDM8	tf_targeting		
PRDM9#chr5:23507593-23507611(-)	PRDM9	tf_targeting		
PRDM9#chr5:23507606-23507624(-)	PRDM9	tf_targeting		
PRDM9#chr5:23507609-23507627(-)	PRDM9	tf_targeting		
PRDM9#chr5:23507611-23507629(+)	PRDM9	tf_targeting		
PRDM9#chr5:23507629-23507647(+)	PRDM9	tf_targeting		
PRDM9#chr5:23507643-23507661(+)	PRDM9	tf_targeting		
PREB#chr2:27134161-27134179(+)	PREB	tf_targeting	-1.0919833	0.1560420997238861
PREB#chr2:27134583-27134601(+)	PREB	tf_targeting	0.09853414	0.9205097929725784
PREB#chr2:27134592-27134610(-)	PREB	tf_targeting	0.10112812	0.9064705584815066
PREB#chr2:27134597-27134615(-)	PREB	tf_targeting	-1.0900564	0.1507154180459688
PREB#chr2:27134610-27134628(-)	PREB	tf_targeting	-0.07950139	0.9326833245563904
PREB#chr2:27134614-27134632(-)	PREB	tf_targeting	-1.4942458	0.0280464080653012
PRKRIP1#chr7:102363890-102363908(-)	PRKRIP1	tf_targeting	-1.2214904	0.1090052837770732
PRKRIP1#chr7:102363973-102363991(+)	PRKRIP1	tf_targeting	0.3136205	0.0102545554154747
PRKRIP1#chr7:102364021-102364039(+)	PRKRIP1	tf_targeting	-0.82841414	0.0003888443116253
PRKRIP1#chr7:102364030-102364048(-)	PRKRIP1	tf_targeting	-0.913178	1.2920548738200538e-08
PRKRIP1#chr7:102364234-102364252(+)	PRKRIP1	tf_targeting	-0.041735053	0.7886714920174324
PRKRIP1#chr7:102364284-102364302(+)	PRKRIP1	tf_targeting	-0.16690214	0.6795209909392986
PRKRIP1#chr7:102396413-102396431(-)	PRKRIP1	tf_targeting	0.053941164	0.9463108319905428
PRKRIP1#chr7:102396415-102396433(+)	PRKRIP1	tf_targeting	0.32273012	0.6253033225538969
PRKRIP1#chr7:102396423-102396441(-)	PRKRIP1	tf_targeting	0.035485018	0.9514778318903084
PRKRIP1#chr7:102396431-102396449(-)	PRKRIP1	tf_targeting	-0.34408602	0.2346755096991102
PRKRIP1#chr7:102396434-102396452(-)	PRKRIP1	tf_targeting	-0.117162116	0.7160390035984344
PRKRIP1#chr7:102396454-102396472(-)	PRKRIP1	tf_targeting	-0.14917015	0.501660170603679
PRKRIR#chr11:76380661-76380679(+)	PRKRIR	tf_targeting	-0.5770978	0.3813569430056747
PRKRIR#chr11:76380706-76380724(-)	PRKRIR	tf_targeting	0.8999304	0.2496738118223305
PRKRIR#chr11:76380980-76380998(+)	PRKRIR	tf_targeting	-0.30004695	0.6941414482424952
PRKRIR#chr11:76381000-76381018(+)	PRKRIR	tf_targeting	-0.30332285	0.3767070251825981
PRKRIR#chr11:76381039-76381057(-)	PRKRIR	tf_targeting	-0.13422132	0.8404650684953308
PRKRIR#chr11:76381057-76381075(-)	PRKRIR	tf_targeting	0.062457327	0.947056286974825
PRMT3#chr11:20387715-20387733(+)	PRMT3	tf_targeting	-1.4621005	0.0003419964038308
PRMT3#chr11:20387758-20387776(+)	PRMT3	tf_targeting	-1.8004286	0.052036637077921
PRMT3#chr11:20387775-20387793(-)	PRMT3	tf_targeting	-1.5194412	0.0565746114388292
PRMT3#chr11:20387827-20387845(-)	PRMT3	tf_targeting	-1.6110522	0.091085998071185
PRMT3#chr11:20387944-20387962(-)	PRMT3	tf_targeting	-2.005473	0.0795895059422689
PRMT3#chr11:20388186-20388204(-)	PRMT3	tf_targeting	-1.8470564	0.0004784779910062
PROP1#chr5:177995827-177995845(-)	PROP1	tf_targeting		
PROP1#chr5:177995884-177995902(-)	PROP1	tf_targeting		
PROP1#chr5:177996028-177996046(-)	PROP1	tf_targeting		
PROP1#chr5:177996183-177996201(-)	PROP1	tf_targeting		
PROP1#chr5:177996232-177996250(-)	PROP1	tf_targeting		
PROP1#chr5:177996278-177996296(-)	PROP1	tf_targeting		
PROX1#chr1:213987944-213987962(+)	PROX1	tf_targeting	-2.047378	0.0003427999097886
PROX1#chr1:213987971-213987989(-)	PROX1	tf_targeting	-1.6467289	1.2982217302853834e-05
PROX1#chr1:213988004-213988022(-)	PROX1	tf_targeting	-1.4820522	9.418284290693478e-05
PROX1#chr1:213988047-213988065(-)	PROX1	tf_targeting	-2.2438893	1.606602671465153e-07
PROX1#chr1:213988063-213988081(-)	PROX1	tf_targeting	-2.5459714	6.048371943973348e-05
PROX1#chr1:213988468-213988486(-)	PROX1	tf_targeting	-0.8397175	0.0658416888722406
PROX2#chr14:74863532-74863550(-)	PROX2	tf_targeting		
PROX2#chr14:74863581-74863599(+)	PROX2	tf_targeting		
PROX2#chr14:74863701-74863719(+)	PROX2	tf_targeting		
PROX2#chr14:74863764-74863782(-)	PROX2	tf_targeting		
PROX2#chr14:74863767-74863785(+)	PROX2	tf_targeting		
PROX2#chr14:74863778-74863796(+)	PROX2	tf_targeting		
PRR12#chr19:49591192-49591210(+)	PRR12	tf_targeting	-0.7137532	0.0745649826638174
PRR12#chr19:49591198-49591216(-)	PRR12	tf_targeting	-2.2446635	0.0128547315681898
PRR12#chr19:49591215-49591233(+)	PRR12	tf_targeting	-0.779696	0.321405003534481
PRR12#chr19:49591222-49591240(-)	PRR12	tf_targeting	-0.35828167	0.4047013972110295
PRR12#chr19:49591631-49591649(-)	PRR12	tf_targeting	-1.3052793	0.0032305403051114
PRR12#chr19:49591642-49591660(-)	PRR12	tf_targeting	-1.0985498	0.0452032409829793
PRRX1#chr1:170663129-170663147(+)	PRRX1	tf_targeting		
PRRX1#chr1:170663167-170663185(+)	PRRX1	tf_targeting		
PRRX1#chr1:170663215-170663233(+)	PRRX1	tf_targeting		
PRRX1#chr1:170663258-170663276(-)	PRRX1	tf_targeting		
PRRX1#chr1:170663400-170663418(+)	PRRX1	tf_targeting		
PRRX1#chr1:170663452-170663470(-)	PRRX1	tf_targeting		
PRRX1#chr1:170664225-170664243(+)	PRRX1	tf_targeting		
PRRX1#chr1:170664230-170664248(+)	PRRX1	tf_targeting		
PRRX1#chr1:170664247-170664265(+)	PRRX1	tf_targeting		
PRRX1#chr1:170664265-170664283(+)	PRRX1	tf_targeting		
PRRX1#chr1:170664370-170664388(+)	PRRX1	tf_targeting		
PRRX1#chr1:170664415-170664433(+)	PRRX1	tf_targeting		
PRRX2#chr9:129665716-129665734(-)	PRRX2	tf_targeting		
PRRX2#chr9:129665734-129665752(+)	PRRX2	tf_targeting		
PRRX2#chr9:129665742-129665760(+)	PRRX2	tf_targeting		
PRRX2#chr9:129665807-129665825(-)	PRRX2	tf_targeting		
PRRX2#chr9:129665896-129665914(-)	PRRX2	tf_targeting		
PRRX2#chr9:129666073-129666091(+)	PRRX2	tf_targeting		
PSIP1#chr9:15510566-15510584(-)	PSIP1	tf_targeting	-1.569983	0.0003756406697951
PSIP1#chr9:15510764-15510782(+)	PSIP1	tf_targeting	-0.28492922	0.0176464307794038
PSIP1#chr9:15510768-15510786(+)	PSIP1	tf_targeting	-0.17212328	0.3347810038905318
PSIP1#chr9:15510958-15510976(-)	PSIP1	tf_targeting	-1.6134232	1.913868968046905e-17
PSIP1#chr9:15510969-15510987(+)	PSIP1	tf_targeting	-1.5937866	2.645433268550401e-16
PSIP1#chr9:15510987-15511005(+)	PSIP1	tf_targeting	-0.967718	3.169542447824572e-07
PSMA1#chr11:14519918-14519936(+)	PSMA1	tf_targeting	0.0731379	0.928220658076882
PSMA1#chr11:14519973-14519991(-)	PSMA1	tf_targeting	-0.0164021	0.985964262913017
PSMA1#chr11:14520074-14520092(+)	PSMA1	tf_targeting	-0.12759571	0.8855415395260566
PSMA1#chr11:14520283-14520301(+)	PSMA1	tf_targeting	-0.18613821	0.8264512742841469
PSMA1#chr11:14520286-14520304(+)	PSMA1	tf_targeting	0.051731005	0.9550852511311112
PSMA1#chr11:14520299-14520317(-)	PSMA1	tf_targeting	0.59608424	0.4090096124927885
PSMB1#chr6:170552827-170552845(+)	PSMB1	tf_targeting	-0.04799713	0.8286580965988419
PSMB1#chr6:170553037-170553055(+)	PSMB1	tf_targeting	-0.6453527	0.1047154727806497
PSMB1#chr6:170553205-170553223(+)	PSMB1	tf_targeting	-1.0367652	0.1357221280181548
PSMB1#chr6:170553228-170553246(+)	PSMB1	tf_targeting	-0.2866413	0.6071081940315799
PSMB1#chr6:170553258-170553276(-)	PSMB1	tf_targeting	-0.6826517	0.2403534243898186
PSMB1#chr6:170553267-170553285(-)	PSMB1	tf_targeting	0.10099157	0.8180387448125069
PSMB4#chr1:151399570-151399588(+)	PSMB4	tf_targeting	-0.091623016	0.8253766147972079
PSMB4#chr1:151399580-151399598(-)	PSMB4	tf_targeting	-0.11759993	0.6987373445337501
PSMB4#chr1:151399606-151399624(+)	PSMB4	tf_targeting	-0.11281799	0.7429846425932577
PSMB4#chr1:151399616-151399634(-)	PSMB4	tf_targeting	-0.10477421	0.6811969617402265
PSMB4#chr1:151399752-151399770(+)	PSMB4	tf_targeting	-1.0116546	0.0812076830321061
PSMB4#chr1:151399794-151399812(+)	PSMB4	tf_targeting	-0.51979697	0.4124560735413916
PSMC3#chr11:47425762-47425780(-)	PSMC3	tf_targeting	0.24119079	0.6948745140441217
PSMC3#chr11:47425869-47425887(-)	PSMC3	tf_targeting	0.08965667	0.7708802123662744
PSMC3#chr11:47426188-47426206(+)	PSMC3	tf_targeting	-0.097945906	0.8342393273177398
PSMC3#chr11:47426207-47426225(-)	PSMC3	tf_targeting	-0.17643408	0.700058735582109
PSMC3#chr11:47426220-47426238(-)	PSMC3	tf_targeting	-0.78001237	0.2815301578060583
PSMC3#chr11:47426246-47426264(+)	PSMC3	tf_targeting	0.059175786	0.7922606022139653
PTF1A#chr10:23192333-23192351(-)	PTF1A	tf_targeting		
PTF1A#chr10:23192366-23192384(+)	PTF1A	tf_targeting		
PTF1A#chr10:23192369-23192387(+)	PTF1A	tf_targeting		
PTF1A#chr10:23192616-23192634(-)	PTF1A	tf_targeting		
PTF1A#chr10:23192719-23192737(-)	PTF1A	tf_targeting		
PTF1A#chr10:23192793-23192811(+)	PTF1A	tf_targeting		
PTTG1#chr5:160421840-160421858(+)	PTTG1	tf_targeting	-0.13310154	0.8829099890808193
PTTG1#chr5:160421856-160421874(+)	PTTG1	tf_targeting	-0.094230376	0.9224649317104248
PTTG1#chr5:160421865-160421883(-)	PTTG1	tf_targeting	-0.119174615	0.8953149672852563
PTTG1#chr5:160421910-160421928(+)	PTTG1	tf_targeting	0.0532541	0.9548438831329435
PTTG1#chr5:160421916-160421934(+)	PTTG1	tf_targeting	-0.1700957	0.831473925953151
PTTG1#chr5:160422043-160422061(+)	PTTG1	tf_targeting	-0.11873559	0.8960247583733143
PUF60#chr8:143828848-143828866(-)	PUF60	tf_targeting	0.05507378	0.9520757937645108
PUF60#chr8:143829249-143829267(+)	PUF60	tf_targeting	0.04567906	0.9162519555562656
PUF60#chr8:143829269-143829287(+)	PUF60	tf_targeting	0.47272944	0.6104336982722163
PUF60#chr8:143829303-143829321(-)	PUF60	tf_targeting	-1.3437026	0.0666061591980338
PUF60#chr8:143829314-143829332(-)	PUF60	tf_targeting	-0.6619813	0.2194750054687754
PUF60#chr8:143829354-143829372(-)	PUF60	tf_targeting	0.32377192	0.3692111366251575
PURA#chr5:140107805-140107823(-)	PURA	tf_targeting	-0.1423227	0.657818298079919
PURA#chr5:140107819-140107837(-)	PURA	tf_targeting	0.50027055	0.0070123715759218
PURA#chr5:140107848-140107866(+)	PURA	tf_targeting	0.100812905	0.4291678827912689
PURA#chr5:140107852-140107870(+)	PURA	tf_targeting	-0.29310697	0.4667668922918603
PURA#chr5:140108047-140108065(+)	PURA	tf_targeting	0.0077112457	0.9638077386659591
PURA#chr5:140108061-140108079(-)	PURA	tf_targeting	0.091941305	0.6536606998821184
PURA#chr5:140114164-140114182(+)	PURA	tf_targeting	-1.69614	8.126170402439053e-15
PURA#chr5:140114167-140114185(+)	PURA	tf_targeting	-1.4064219	4.402658278830692e-05
PURA#chr5:140114180-140114198(+)	PURA	tf_targeting	-2.3039443	0.0001776274215584
PURA#chr5:140114195-140114213(+)	PURA	tf_targeting	-1.6848347	8.759416205065789e-05
PURA#chr5:140114333-140114351(-)	PURA	tf_targeting	-0.7546322	0.0939291652082357
PURA#chr5:140114504-140114522(-)	PURA	tf_targeting	-0.92619073	0.0362179605730757
PURB#chr7:44885259-44885277(+)	PURB	tf_targeting	0.045659836	0.8230650615807401
PURB#chr7:44885348-44885366(-)	PURB	tf_targeting	-0.05149999	0.858048610622919
PURB#chr7:44885437-44885455(-)	PURB	tf_targeting	-1.5070853	0.0002246092606226
PURB#chr7:44885463-44885481(-)	PURB	tf_targeting	-0.17037301	0.7201539155326546
PURB#chr7:44885510-44885528(-)	PURB	tf_targeting	-0.3700015	0.0509327402137185
PURB#chr7:44885530-44885548(-)	PURB	tf_targeting	-0.06662715	0.7535369443026105
PURG#chr8:31033103-31033121(-)	PURG	tf_targeting		
PURG#chr8:31033270-31033288(+)	PURG	tf_targeting		
PURG#chr8:31033283-31033301(-)	PURG	tf_targeting		
PURG#chr8:31033295-31033313(-)	PURG	tf_targeting		
PURG#chr8:31033298-31033316(-)	PURG	tf_targeting		
PURG#chr8:31033301-31033319(-)	PURG	tf_targeting		
RAG1#chr11:36567997-36568015(+)	RAG1	tf_targeting		
RAG1#chr11:36568002-36568020(+)	RAG1	tf_targeting		
RAG1#chr11:36568049-36568067(-)	RAG1	tf_targeting		
RAG1#chr11:36568077-36568095(-)	RAG1	tf_targeting		
RAG1#chr11:36568085-36568103(+)	RAG1	tf_targeting		
RAG1#chr11:36568399-36568417(+)	RAG1	tf_targeting		
RARA#chr17:40318275-40318293(-)	RARA	tf_targeting	0.1258026	0.7014014223098601
RARA#chr17:40318306-40318324(+)	RARA	tf_targeting	0.16987744	0.2474119902429136
RARA#chr17:40318318-40318336(+)	RARA	tf_targeting	-0.16685168	0.305766744992308
RARA#chr17:40318332-40318350(-)	RARA	tf_targeting	-0.099923834	0.6626657565169288
RARA#chr17:40318481-40318499(-)	RARA	tf_targeting	-0.3005671	0.7215939804434475
RARA#chr17:40318518-40318536(-)	RARA	tf_targeting	-0.21378145	0.5242689983935457
RARA#chr17:40342381-40342399(-)	RARA	tf_targeting	-0.42191637	0.241051418602736
RARA#chr17:40342397-40342415(+)	RARA	tf_targeting	-0.31907466	0.5723373602281978
RARA#chr17:40342412-40342430(-)	RARA	tf_targeting	-0.08223569	0.7894912879120404
RARA#chr17:40342418-40342436(+)	RARA	tf_targeting	-0.07740284	0.7815121882306536
RARA#chr17:40342427-40342445(-)	RARA	tf_targeting	0.10698699	0.7307157076724191
RARA#chr17:40342570-40342588(+)	RARA	tf_targeting	0.10397064	0.6004492389428141
RARB#chr3:25428258-25428276(+)	RARB	tf_targeting	-0.84620786	0.1629525112568257
RARB#chr3:25428276-25428294(+)	RARB	tf_targeting	-1.0788378	0.0269602333629289
RARB#chr3:25428280-25428298(+)	RARB	tf_targeting	-1.3183402	0.0831056224645276
RARB#chr3:25428320-25428338(-)	RARB	tf_targeting	-1.589113	0.0853773047198049
RARB#chr3:25428455-25428473(+)	RARB	tf_targeting	-1.0367377	0.1495676359789391
RARB#chr3:25428500-25428518(-)	RARB	tf_targeting	-2.2954333	0.0278257601198107
RARG#chr12:53220106-53220124(+)	RARG	tf_targeting		
RARG#chr12:53220228-53220246(+)	RARG	tf_targeting		
RARG#chr12:53220287-53220305(+)	RARG	tf_targeting		
RARG#chr12:53220315-53220333(-)	RARG	tf_targeting		
RARG#chr12:53220324-53220342(-)	RARG	tf_targeting		
RARG#chr12:53220331-53220349(-)	RARG	tf_targeting		
RARG#chr12:53231789-53231807(-)	RARG	tf_targeting		
RARG#chr12:53231836-53231854(-)	RARG	tf_targeting		
RARG#chr12:53231922-53231940(+)	RARG	tf_targeting		
RARG#chr12:53231962-53231980(-)	RARG	tf_targeting		
RARG#chr12:53232068-53232086(-)	RARG	tf_targeting		
RARG#chr12:53232177-53232195(-)	RARG	tf_targeting		
RAX#chr18:59273308-59273326(-)	RAX	tf_targeting		
RAX#chr18:59273335-59273353(+)	RAX	tf_targeting		
RAX#chr18:59273338-59273356(+)	RAX	tf_targeting		
RAX#chr18:59273375-59273393(-)	RAX	tf_targeting		
RAX#chr18:59273382-59273400(-)	RAX	tf_targeting		
RAX#chr18:59273388-59273406(+)	RAX	tf_targeting		
RAX2#chr19:3771993-3772011(-)	RAX2	tf_targeting		
RAX2#chr19:3772174-3772192(+)	RAX2	tf_targeting		
RAX2#chr19:3772178-3772196(-)	RAX2	tf_targeting		
RAX2#chr19:3772183-3772201(-)	RAX2	tf_targeting		
RAX2#chr19:3772207-3772225(-)	RAX2	tf_targeting		
RAX2#chr19:3772246-3772264(+)	RAX2	tf_targeting		
RB1#chr13:48303814-48303832(+)	RB1	tf_targeting	-0.26051113	0.7878646754324569
RB1#chr13:48303843-48303861(-)	RB1	tf_targeting	-0.5072746	0.0251603489568657
RB1#chr13:48303865-48303883(-)	RB1	tf_targeting	0.23213184	0.7935686202784542
RB1#chr13:48303868-48303886(-)	RB1	tf_targeting	-1.8500996	2.564358545308919e-06
RB1#chr13:48303878-48303896(-)	RB1	tf_targeting	-1.41537	0.000770085598541
RB1#chr13:48303901-48303919(-)	RB1	tf_targeting	-2.1463673	0.000811884794658
RB1CC1#chr8:52656074-52656092(+)	RB1CC1	tf_targeting	-0.19420412	0.8004294535328322
RB1CC1#chr8:52656078-52656096(-)	RB1CC1	tf_targeting	0.03503498	0.7823658446111602
RB1CC1#chr8:52656162-52656180(-)	RB1CC1	tf_targeting	-0.07055765	0.9217949822115684
RB1CC1#chr8:52656174-52656192(-)	RB1CC1	tf_targeting	0.062570155	0.6152650936223045
RB1CC1#chr8:52656470-52656488(-)	RB1CC1	tf_targeting	-0.16196665	0.4939033836152117
RB1CC1#chr8:52656474-52656492(-)	RB1CC1	tf_targeting	-0.105868384	0.5340733369992998
RB1CC1#chr8:52714363-52714381(+)	RB1CC1	tf_targeting	-1.1376058	0.053980367575652
RB1CC1#chr8:52714368-52714386(+)	RB1CC1	tf_targeting	-1.7019764	0.0136617928155235
RB1CC1#chr8:52714373-52714391(+)	RB1CC1	tf_targeting	-2.885237	5.199285278197008e-07
RB1CC1#chr8:52714391-52714409(+)	RB1CC1	tf_targeting	-0.07475288	0.6780900749262841
RB1CC1#chr8:52714398-52714416(-)	RB1CC1	tf_targeting	-0.65009797	0.0995846170857759
RB1CC1#chr8:52714410-52714428(-)	RB1CC1	tf_targeting	-1.4858866	0.0010137545309789
RBAK#chr7:5045853-5045871(-)	RBAK	tf_targeting		
RBAK#chr7:5045951-5045969(+)	RBAK	tf_targeting		
RBAK#chr7:5046047-5046065(-)	RBAK	tf_targeting		
RBAK#chr7:5046093-5046111(-)	RBAK	tf_targeting		
RBAK#chr7:5046201-5046219(-)	RBAK	tf_targeting		
RBAK#chr7:5046275-5046293(+)	RBAK	tf_targeting		
RBAK#chr7:5072118-5072136(+)	RBAK	tf_targeting		
RBAK#chr7:5072142-5072160(+)	RBAK	tf_targeting		
RBAK#chr7:5072160-5072178(+)	RBAK	tf_targeting		
RBAK#chr7:5072194-5072212(-)	RBAK	tf_targeting		
RBAK#chr7:5072199-5072217(+)	RBAK	tf_targeting		
RBAK#chr7:5072217-5072235(+)	RBAK	tf_targeting		
RBCK1#chr20:408225-408243(+)	RBCK1	tf_targeting	-1.0474614	0.0396279974943257
RBCK1#chr20:408321-408339(-)	RBCK1	tf_targeting	-0.789647	0.2822269039805338
RBCK1#chr20:408327-408345(+)	RBCK1	tf_targeting	-1.5353099	0.0077196603838488
RBCK1#chr20:408333-408351(-)	RBCK1	tf_targeting	-1.2891009	0.0029374209318237
RBCK1#chr20:408376-408394(+)	RBCK1	tf_targeting	-1.2701734	0.0977322260196021
RBCK1#chr20:408540-408558(-)	RBCK1	tf_targeting	-0.23795359	0.8084715804808382
RBL2#chr16:53434495-53434513(-)	RBL2	tf_targeting	-2.7499251	0.0010408931927486
RBL2#chr16:53434520-53434538(-)	RBL2	tf_targeting	-1.6032234	0.0001182858285657
RBL2#chr16:53434526-53434544(-)	RBL2	tf_targeting	-2.2446673	1.8744679274323918e-07
RBL2#chr16:53434529-53434547(+)	RBL2	tf_targeting	-2.4867313	3.311771485968026e-10
RBL2#chr16:53434546-53434564(-)	RBL2	tf_targeting	-1.6408627	0.0081388893326224
RBL2#chr16:53434563-53434581(-)	RBL2	tf_targeting	-2.171935	0.0006267438324736
RBL2#chr16:53435641-53435659(+)	RBL2	tf_targeting	-0.66125774	0.1044541203926593
RBL2#chr16:53435699-53435717(+)	RBL2	tf_targeting	-0.5446011	0.2243779513192165
RBL2#chr16:53435705-53435723(+)	RBL2	tf_targeting	-0.7945305	0.0602326496498233
RBL2#chr16:53435724-53435742(+)	RBL2	tf_targeting	-0.47784847	0.3232135014889437
RBL2#chr16:53435862-53435880(+)	RBL2	tf_targeting	-0.69697654	0.1106697969302738
RBL2#chr16:53435865-53435883(+)	RBL2	tf_targeting	-1.008085	0.0185894447323772
RBMS1#chr2:160493615-160493633(+)	RBMS1	tf_targeting	0.0036043955	0.982546347796484
RBMS1#chr2:160493621-160493639(+)	RBMS1	tf_targeting	-0.34500164	0.0509189168905221
RBMS1#chr2:160493650-160493668(-)	RBMS1	tf_targeting	-0.33871543	0.1308425653855859
RBMS1#chr2:160493758-160493776(+)	RBMS1	tf_targeting	-0.307954	0.0098446805965392
RBMS1#chr2:160493790-160493808(+)	RBMS1	tf_targeting	-0.16743442	0.2075670371365177
RBMS1#chr2:160493815-160493833(+)	RBMS1	tf_targeting	-0.2445219	0.0328918473899055
RBPJ#chr4:26320966-26320984(+)	RBPJ	tf_targeting	-0.164587	0.3906031043758357
RBPJ#chr4:26320979-26320997(+)	RBPJ	tf_targeting	-0.6915919	0.0027014237791462
RBPJ#chr4:26321011-26321029(+)	RBPJ	tf_targeting	-0.41314888	0.1289948283569407
RBPJ#chr4:26321028-26321046(+)	RBPJ	tf_targeting	-0.53674304	0.0396776788114613
RBPJ#chr4:26321040-26321058(+)	RBPJ	tf_targeting	-1.9025345	3.113653045131748e-07
RBPJ#chr4:26321046-26321064(+)	RBPJ	tf_targeting	-1.1509732	3.003785227010211e-06
RBPJL#chr20:45306865-45306883(+)	RBPJL	tf_targeting		
RBPJL#chr20:45306869-45306887(+)	RBPJL	tf_targeting		
RBPJL#chr20:45306873-45306891(+)	RBPJL	tf_targeting		
RBPJL#chr20:45306917-45306935(+)	RBPJL	tf_targeting		
RBPJL#chr20:45306921-45306939(-)	RBPJL	tf_targeting		
RBPJL#chr20:45307105-45307123(-)	RBPJL	tf_targeting		
RC3H2#chr9:122905107-122905125(-)	RC3H2	tf_targeting	-1.7099093	5.976254763107609e-07
RC3H2#chr9:122905128-122905146(+)	RC3H2	tf_targeting	-1.6072556	0.0012382387945418
RC3H2#chr9:122905237-122905255(-)	RC3H2	tf_targeting	-1.7219727	5.4422176833275045e-06
RC3H2#chr9:122905243-122905261(+)	RC3H2	tf_targeting	-2.2815666	3.154910295828533e-06
RC3H2#chr9:122905246-122905264(+)	RC3H2	tf_targeting	-2.3649457	1.9616770270703218e-07
RC3H2#chr9:122905249-122905267(+)	RC3H2	tf_targeting	-2.0001225	6.391204464671699e-07
RCAN1#chr21:34526660-34526678(-)	RCAN1	tf_targeting		
RCAN1#chr21:34526783-34526801(-)	RCAN1	tf_targeting		
RCAN1#chr21:34526798-34526816(-)	RCAN1	tf_targeting		
RCAN1#chr21:34526806-34526824(+)	RCAN1	tf_targeting		
RCAN1#chr21:34526811-34526829(-)	RCAN1	tf_targeting		
RCAN1#chr21:34526816-34526834(-)	RCAN1	tf_targeting		
RCOR1#chr14:102592629-102592647(+)	RCOR1	tf_targeting	-1.980845	2.8214815748590254e-05
RCOR1#chr14:102592641-102592659(-)	RCOR1	tf_targeting	-1.7471286	5.845159697356409e-06
RCOR1#chr14:102592656-102592674(-)	RCOR1	tf_targeting	-1.9449028	9.714355683982911e-10
RCOR1#chr14:102592688-102592706(+)	RCOR1	tf_targeting	-1.0666479	2.16279244621462e-05
RCOR1#chr14:102592698-102592716(+)	RCOR1	tf_targeting	-0.70223504	0.1410731731077517
RCOR1#chr14:102592904-102592922(+)	RCOR1	tf_targeting	-0.85450655	0.0730489571671825
RCOR2#chr11:63916556-63916574(+)	RCOR2	tf_targeting	-0.96833676	0.044874666100802
RCOR2#chr11:63916700-63916718(+)	RCOR2	tf_targeting	-0.6768521	0.1061333542410143
RCOR2#chr11:63916766-63916784(-)	RCOR2	tf_targeting	0.16380675	0.4243232986641828
RCOR2#chr11:63917063-63917081(+)	RCOR2	tf_targeting	-1.2600974	3.7637421775807956e-10
RCOR2#chr11:63917105-63917123(-)	RCOR2	tf_targeting	-1.3590401	0.0049983567672849
RCOR2#chr11:63917144-63917162(-)	RCOR2	tf_targeting	-1.4646404	0.1173746674107254
RCOR3#chr1:211259379-211259397(+)	RCOR3	tf_targeting	-1.5030355	0.0174313661986203
RCOR3#chr1:211259384-211259402(+)	RCOR3	tf_targeting	0.23362392	0.7361705148032944
RCOR3#chr1:211259390-211259408(+)	RCOR3	tf_targeting	-2.5059845	6.677704487804474e-10
RCOR3#chr1:211259420-211259438(-)	RCOR3	tf_targeting	-1.8048465	0.0012815910662469
RCOR3#chr1:211259551-211259569(-)	RCOR3	tf_targeting	-1.840604	5.097187200862198e-05
RCOR3#chr1:211259578-211259596(+)	RCOR3	tf_targeting	-1.8035389	1.1600821865089958e-05
REL#chr2:60881597-60881615(+)	REL	tf_targeting		
REL#chr2:60881600-60881618(+)	REL	tf_targeting		
REL#chr2:60881604-60881622(-)	REL	tf_targeting		
REL#chr2:60881613-60881631(-)	REL	tf_targeting		
REL#chr2:60881624-60881642(+)	REL	tf_targeting		
REL#chr2:60881640-60881658(+)	REL	tf_targeting		
RELA#chr11:65662554-65662572(-)	RELA	tf_targeting	-0.2745059	0.4398645230436511
RELA#chr11:65662876-65662894(-)	RELA	tf_targeting	-1.7254366	0.000776604700704
RELA#chr11:65662888-65662906(+)	RELA	tf_targeting	-2.7133043	6.83584049097353e-05
RELA#chr11:65662891-65662909(+)	RELA	tf_targeting	-2.407251	0.0019222683169604
RELA#chr11:65662899-65662917(-)	RELA	tf_targeting	-0.4963707	0.2098393327438573
RELA#chr11:65662935-65662953(-)	RELA	tf_targeting	-2.00638	0.0087860159853702
RELB#chr19:45001504-45001522(-)	RELB	tf_targeting		
RELB#chr19:45001510-45001528(-)	RELB	tf_targeting		
RELB#chr19:45001518-45001536(-)	RELB	tf_targeting		
RELB#chr19:45001526-45001544(-)	RELB	tf_targeting		
RELB#chr19:45001544-45001562(-)	RELB	tf_targeting		
RELB#chr19:45001891-45001909(+)	RELB	tf_targeting		
REPIN1#chr7:150368865-150368883(+)	REPIN1	tf_targeting		
REPIN1#chr7:150368894-150368912(-)	REPIN1	tf_targeting		
REPIN1#chr7:150368904-150368922(-)	REPIN1	tf_targeting		
REPIN1#chr7:150369051-150369069(+)	REPIN1	tf_targeting		
REPIN1#chr7:150369111-150369129(+)	REPIN1	tf_targeting		
REPIN1#chr7:150369624-150369642(-)	REPIN1	tf_targeting		
RERE#chr1:8817358-8817376(+)	RERE	tf_targeting	-0.08740483	0.1071517318357442
RERE#chr1:8817552-8817570(+)	RERE	tf_targeting	-0.0039621266	0.9686362867696982
RERE#chr1:8817613-8817631(-)	RERE	tf_targeting	-0.17027342	0.0097151224461084
RERE#chr1:8817624-8817642(+)	RERE	tf_targeting	-0.18205059	0.0241679724849648
RERE#chr1:8817646-8817664(+)	RERE	tf_targeting	-0.17953011	0.0798832464893056
RERE#chr1:8817659-8817677(-)	RERE	tf_targeting	-0.30960467	1.7523813499380176e-06
REST#chr4:56907913-56907931(+)	REST	tf_targeting	-0.6332748	0.0076677822453147
REST#chr4:56907930-56907948(+)	REST	tf_targeting	-0.48126897	0.0068053915244451
REST#chr4:56907941-56907959(-)	REST	tf_targeting	-0.09316804	0.4883765356734354
REST#chr4:56908123-56908141(-)	REST	tf_targeting	-0.2711827	0.7059908923329741
REST#chr4:56908162-56908180(+)	REST	tf_targeting	-0.43453404	0.0580256821120527
REST#chr4:56908287-56908305(+)	REST	tf_targeting	-0.3165618	0.5620950817522743
REST#chr4:56908921-56908939(+)	REST	tf_targeting	-0.3957267	1.6911211447241182e-07
REST#chr4:56908955-56908973(+)	REST	tf_targeting	-0.03478227	0.8455285183915159
REST#chr4:56908960-56908978(-)	REST	tf_targeting	-0.12734103	0.3375601978307913
REST#chr4:56908979-56908997(+)	REST	tf_targeting	-0.33124593	0.0299920846296427
REST#chr4:56908984-56909002(-)	REST	tf_targeting	-0.26412123	0.0308925948644155
REST#chr4:56909347-56909365(-)	REST	tf_targeting	-0.57987785	0.0001067751346347
REXO4#chr9:133417559-133417577(-)	REXO4	tf_targeting		
REXO4#chr9:133417953-133417971(-)	REXO4	tf_targeting		
REXO4#chr9:133417964-133417982(+)	REXO4	tf_targeting		
REXO4#chr9:133417972-133417990(-)	REXO4	tf_targeting		
REXO4#chr9:133417985-133418003(-)	REXO4	tf_targeting		
REXO4#chr9:133417997-133418015(-)	REXO4	tf_targeting		
RFX1#chr19:14006259-14006277(-)	RFX1	tf_targeting		
RFX1#chr19:14006275-14006293(-)	RFX1	tf_targeting		
RFX1#chr19:14006284-14006302(-)	RFX1	tf_targeting		
RFX1#chr19:14006298-14006316(-)	RFX1	tf_targeting		
RFX1#chr19:14006301-14006319(-)	RFX1	tf_targeting		
RFX1#chr19:14006331-14006349(-)	RFX1	tf_targeting		
RFX2#chr19:6110396-6110414(+)	RFX2	tf_targeting		
RFX2#chr19:6110447-6110465(+)	RFX2	tf_targeting		
RFX2#chr19:6110463-6110481(-)	RFX2	tf_targeting		
RFX2#chr19:6110466-6110484(+)	RFX2	tf_targeting		
RFX2#chr19:6110485-6110503(-)	RFX2	tf_targeting		
RFX2#chr19:6110487-6110505(+)	RFX2	tf_targeting		
RFX3#chr9:3525576-3525594(+)	RFX3	tf_targeting	-0.46448013	0.0696466016085791
RFX3#chr9:3525579-3525597(+)	RFX3	tf_targeting	-2.250816	2.702293582430783e-05
RFX3#chr9:3525730-3525748(+)	RFX3	tf_targeting	-0.3402711	0.0998364471062033
RFX3#chr9:3525964-3525982(+)	RFX3	tf_targeting	-1.4836794	0.0043774817680792
RFX3#chr9:3525969-3525987(+)	RFX3	tf_targeting	-1.4805156	0.001696780727108
RFX3#chr9:3525974-3525992(+)	RFX3	tf_targeting	-0.08391009	0.8744984992164339
RFX4#chr12:106583082-106583100(-)	RFX4	tf_targeting		
RFX4#chr12:106583085-106583103(-)	RFX4	tf_targeting		
RFX4#chr12:106583174-106583192(-)	RFX4	tf_targeting		
RFX4#chr12:106583177-106583195(-)	RFX4	tf_targeting		
RFX4#chr12:106583293-106583311(+)	RFX4	tf_targeting		
RFX4#chr12:106583361-106583379(-)	RFX4	tf_targeting		
RFX5#chr1:151346898-151346916(-)	RFX5	tf_targeting		
RFX5#chr1:151347017-151347035(+)	RFX5	tf_targeting		
RFX5#chr1:151347173-151347191(+)	RFX5	tf_targeting		
RFX5#chr1:151347213-151347231(-)	RFX5	tf_targeting		
RFX5#chr1:151347232-151347250(-)	RFX5	tf_targeting		
RFX5#chr1:151347255-151347273(-)	RFX5	tf_targeting		
RFX6#chr6:116877226-116877244(-)	RFX6	tf_targeting		
RFX6#chr6:116877243-116877261(+)	RFX6	tf_targeting		
RFX6#chr6:116877246-116877264(+)	RFX6	tf_targeting		
RFX6#chr6:116877258-116877276(+)	RFX6	tf_targeting		
RFX6#chr6:116877330-116877348(-)	RFX6	tf_targeting		
RFX6#chr6:116877340-116877358(-)	RFX6	tf_targeting		
RFX7#chr15:56243337-56243355(+)	RFX7	tf_targeting	-1.0930595	0.1067616756082298
RFX7#chr15:56243349-56243367(+)	RFX7	tf_targeting	-1.181446	0.0780033684463467
RFX7#chr15:56243486-56243504(+)	RFX7	tf_targeting	-0.73518276	0.3688428969502645
RFX7#chr15:56243720-56243738(-)	RFX7	tf_targeting	-0.8265297	0.0347942632258086
RFX7#chr15:56243721-56243739(-)	RFX7	tf_targeting	-1.7859896	0.0190288659551476
RFX7#chr15:56243738-56243756(-)	RFX7	tf_targeting	-0.92815655	0.0012610388306166
RFX8#chr2:101474204-101474222(-)	RFX8	tf_targeting		
RFX8#chr2:101474347-101474365(-)	RFX8	tf_targeting		
RFX8#chr2:101474425-101474443(-)	RFX8	tf_targeting		
RFX8#chr2:101474454-101474472(+)	RFX8	tf_targeting		
RFX8#chr2:101474567-101474585(+)	RFX8	tf_targeting		
RFX8#chr2:101475004-101475022(-)	RFX8	tf_targeting		
RFXANK#chr19:19192941-19192959(+)	RFXANK	tf_targeting	-1.5319405	4.646191503179587e-05
RFXANK#chr19:19192959-19192977(+)	RFXANK	tf_targeting	-1.1578313	0.0002274428294432
RFXANK#chr19:19192969-19192987(-)	RFXANK	tf_targeting	-0.26717207	0.0333994156973715
RFXANK#chr19:19192995-19193013(+)	RFXANK	tf_targeting	-2.1819437	0.0004478696130325
RFXANK#chr19:19193000-19193018(-)	RFXANK	tf_targeting	-2.3533328	0.0036475149039572
RFXANK#chr19:19193172-19193190(-)	RFXANK	tf_targeting	-1.0948377	0.0108180914450435
RFXAP#chr13:36819231-36819249(+)	RFXAP	tf_targeting		
RFXAP#chr13:36819241-36819259(-)	RFXAP	tf_targeting		
RFXAP#chr13:36819245-36819263(-)	RFXAP	tf_targeting		
RFXAP#chr13:36819258-36819276(-)	RFXAP	tf_targeting		
RFXAP#chr13:36819265-36819283(-)	RFXAP	tf_targeting		
RFXAP#chr13:36819300-36819318(-)	RFXAP	tf_targeting		
RHOXF1#chrX:120116206-120116224(-)	RHOXF1	tf_targeting		
RHOXF1#chrX:120116346-120116364(+)	RHOXF1	tf_targeting		
RHOXF1#chrX:120116354-120116372(+)	RHOXF1	tf_targeting		
RHOXF1#chrX:120116374-120116392(+)	RHOXF1	tf_targeting		
RHOXF1#chrX:120116377-120116395(+)	RHOXF1	tf_targeting		
RHOXF1#chrX:120116451-120116469(-)	RHOXF1	tf_targeting		
RLF#chr1:40161382-40161400(+)	RLF	tf_targeting	-0.26130915	0.6593144962961737
RLF#chr1:40161395-40161413(+)	RLF	tf_targeting	-2.235763	0.0040709674146537
RLF#chr1:40161445-40161463(+)	RLF	tf_targeting	-1.9135869	0.000115372618121
RLF#chr1:40161811-40161829(-)	RLF	tf_targeting	-2.1670642	4.806786799738798e-06
RLF#chr1:40161828-40161846(-)	RLF	tf_targeting	-0.9540663	0.0150013254100068
RLF#chr1:40161854-40161872(-)	RLF	tf_targeting	-0.81114644	0.0834366202248755
RNF141#chr11:10540908-10540926(+)	RNF141	tf_targeting	-0.65545905	0.5289544648624915
RNF141#chr11:10540994-10541012(+)	RNF141	tf_targeting	-1.1857007	0.0391968631120925
RNF141#chr11:10541106-10541124(+)	RNF141	tf_targeting	-1.3270828	0.0441778533584705
RNF141#chr11:10541130-10541148(+)	RNF141	tf_targeting	-1.8431147	9.162523084779962e-06
RNF141#chr11:10541136-10541154(+)	RNF141	tf_targeting	-2.199188	5.69357056112644e-05
RNF141#chr11:10541174-10541192(+)	RNF141	tf_targeting	-1.2559656	0.0305196820678726
RNF2#chr1:185045530-185045548(+)	RNF2	tf_targeting	-0.82343304	0.0531067102353414
RNF2#chr1:185045547-185045565(+)	RNF2	tf_targeting	-1.6043173	0.0008657354792652
RNF2#chr1:185045550-185045568(+)	RNF2	tf_targeting	-0.20070532	0.1121071548954917
RNF2#chr1:185045559-185045577(-)	RNF2	tf_targeting	-1.2599081	1.9724317494390822e-06
RNF2#chr1:185045599-185045617(-)	RNF2	tf_targeting	-0.13992558	0.8088839078791654
RNF2#chr1:185045956-185045974(-)	RNF2	tf_targeting	-0.46941113	0.0607645838170828
RNF4#chr4:2469096-2469114(+)	RNF4	tf_targeting	-0.53436464	0.5399158078422734
RNF4#chr4:2469128-2469146(+)	RNF4	tf_targeting	-0.53007376	0.3003153691585394
RNF4#chr4:2469140-2469158(+)	RNF4	tf_targeting	-0.19903761	0.810191570035423
RNF4#chr4:2469491-2469509(-)	RNF4	tf_targeting	-0.0810358	0.9191547437012304
RNF4#chr4:2469598-2469616(+)	RNF4	tf_targeting	0.11473978	0.8427933618627296
RNF4#chr4:2469602-2469620(+)	RNF4	tf_targeting	-0.16831295	0.8502088029798468
RORA#chr15:61229051-61229069(-)	RORA	tf_targeting	-2.4637372	6.251597527321342e-08
RORA#chr15:61229399-61229417(+)	RORA	tf_targeting	-0.008376598	0.9664486529926822
RORA#chr15:61229418-61229436(+)	RORA	tf_targeting	-0.07093661	0.6286434445669575
RORA#chr15:61229421-61229439(+)	RORA	tf_targeting	-0.035291344	0.9385175928170716
RORA#chr15:61229445-61229463(+)	RORA	tf_targeting	0.09965974	0.6789709424697494
RORA#chr15:61229453-61229471(+)	RORA	tf_targeting	0.06192468	0.9371691129597548
RORB#chr9:74497302-74497320(-)	RORB	tf_targeting		
RORB#chr9:74497318-74497336(-)	RORB	tf_targeting		
RORB#chr9:74497369-74497387(-)	RORB	tf_targeting		
RORB#chr9:74497376-74497394(-)	RORB	tf_targeting		
RORB#chr9:74497398-74497416(+)	RORB	tf_targeting		
RORB#chr9:74497412-74497430(-)	RORB	tf_targeting		
RORC#chr1:151825869-151825887(-)	RORC	tf_targeting		
RORC#chr1:151825970-151825988(+)	RORC	tf_targeting		
RORC#chr1:151825976-151825994(+)	RORC	tf_targeting		
RORC#chr1:151825992-151826010(+)	RORC	tf_targeting		
RORC#chr1:151826078-151826096(+)	RORC	tf_targeting		
RORC#chr1:151826084-151826102(-)	RORC	tf_targeting		
RORC#chr1:151831572-151831590(-)	RORC	tf_targeting		
RORC#chr1:151831591-151831609(-)	RORC	tf_targeting		
RORC#chr1:151831669-151831687(-)	RORC	tf_targeting		
RORC#chr1:151831712-151831730(+)	RORC	tf_targeting		
RORC#chr1:151831727-151831745(-)	RORC	tf_targeting		
RORC#chr1:151831746-151831764(+)	RORC	tf_targeting		
RPA3#chr7:7640061-7640079(+)	RPA3	tf_targeting	-0.37900656	0.5833370925981518
RPA3#chr7:7640068-7640086(+)	RPA3	tf_targeting	-0.8149859	0.3096050253179797
RPA3#chr7:7640252-7640270(-)	RPA3	tf_targeting	-0.38528293	0.5849906641323751
RPA3#chr7:7640436-7640454(+)	RPA3	tf_targeting	0.004772223	0.9958796003899386
RPA3#chr7:7640725-7640743(-)	RPA3	tf_targeting	-0.016938962	0.983431724916819
RPA3#chr7:7640729-7640747(+)	RPA3	tf_targeting	-0.16883819	0.850013101838768
RPF1#chr1:84479276-84479294(+)	RPF1	tf_targeting	0.15757373	0.8511914873435185
RPF1#chr1:84479295-84479313(-)	RPF1	tf_targeting	-0.012684305	0.9880295369206848
RPF1#chr1:84479500-84479518(+)	RPF1	tf_targeting	-0.020710595	0.9817433197752156
RPF1#chr1:84479505-84479523(+)	RPF1	tf_targeting	0.09187027	0.9245882291274704
RPF1#chr1:84479567-84479585(+)	RPF1	tf_targeting	-0.03286528	0.9737604483966812
RPF1#chr1:84479671-84479689(-)	RPF1	tf_targeting	0.08205553	0.9262857564133302
RPS4X#chrX:72276872-72276890(-)	RPS4X	tf_targeting	0.034400374	0.9672236886045008
RPS4X#chrX:72277038-72277056(-)	RPS4X	tf_targeting	-0.34187412	0.6350859260632173
RPS4X#chrX:72277176-72277194(+)	RPS4X	tf_targeting	-0.010988788	0.9902809856587392
RPS4X#chrX:72277186-72277204(+)	RPS4X	tf_targeting	-0.086736105	0.8769512430019666
RPS4X#chrX:72277224-72277242(-)	RPS4X	tf_targeting	-0.5718637	0.4656095279354634
RPS4X#chrX:72277227-72277245(-)	RPS4X	tf_targeting	-0.47727048	0.5553054362076699
RREB1#chr6:7107748-7107766(+)	RREB1	tf_targeting	-0.5791005	0.1013831581824049
RREB1#chr6:7107758-7107776(+)	RREB1	tf_targeting	0.47109973	0.0193713348331144
RREB1#chr6:7107781-7107799(+)	RREB1	tf_targeting	-0.38223264	0.243288062056121
RREB1#chr6:7107795-7107813(+)	RREB1	tf_targeting	0.0030921865	0.9943158339264686
RREB1#chr6:7107994-7108012(-)	RREB1	tf_targeting	-0.06096194	0.9457199876069432
RREB1#chr6:7108075-7108093(-)	RREB1	tf_targeting	-0.61991477	0.0754664085669468
RUNX1#chr21:35048840-35048858(+)	RUNX1	tf_targeting		
RUNX1#chr21:35048844-35048862(-)	RUNX1	tf_targeting		
RUNX1#chr21:35048923-35048941(-)	RUNX1	tf_targeting		
RUNX1#chr21:35049003-35049021(-)	RUNX1	tf_targeting		
RUNX1#chr21:35049033-35049051(-)	RUNX1	tf_targeting		
RUNX1#chr21:35049166-35049184(+)	RUNX1	tf_targeting		
RUNX1T1#chr8:92062352-92062370(-)	RUNX1T1	tf_targeting	0.1758425	0.5265806759085401
RUNX1T1#chr8:92062514-92062532(+)	RUNX1T1	tf_targeting	0.1443941	0.3822328652433341
RUNX1T1#chr8:92062548-92062566(-)	RUNX1T1	tf_targeting	0.07166517	0.7076922227573061
RUNX1T1#chr8:92062556-92062574(-)	RUNX1T1	tf_targeting	0.17376299	0.1703595140110795
RUNX1T1#chr8:92062562-92062580(+)	RUNX1T1	tf_targeting	0.19449176	0.1905724286606588
RUNX1T1#chr8:92062572-92062590(-)	RUNX1T1	tf_targeting	0.0844581	0.5486959186349871
RUNX1T1#chr8:92095014-92095032(-)	RUNX1T1	tf_targeting	0.85935915	0.0704666499012275
RUNX1T1#chr8:92095018-92095036(-)	RUNX1T1	tf_targeting	0.2280367	0.4762482455626243
RUNX1T1#chr8:92095158-92095176(+)	RUNX1T1	tf_targeting	0.2523297	0.5024180336109494
RUNX1T1#chr8:92095168-92095186(-)	RUNX1T1	tf_targeting	-0.08094641	0.7742885118311461
RUNX1T1#chr8:92095171-92095189(-)	RUNX1T1	tf_targeting	-0.14173304	0.7648439304075891
RUNX1T1#chr8:92095215-92095233(-)	RUNX1T1	tf_targeting	-0.6376104	0.4050065731013977
RUNX2#chr6:45328358-45328376(-)	RUNX2	tf_targeting		
RUNX2#chr6:45328443-45328461(-)	RUNX2	tf_targeting		
RUNX2#chr6:45328452-45328470(-)	RUNX2	tf_targeting		
RUNX2#chr6:45328479-45328497(+)	RUNX2	tf_targeting		
RUNX2#chr6:45328592-45328610(+)	RUNX2	tf_targeting		
RUNX2#chr6:45328621-45328639(+)	RUNX2	tf_targeting		
RUNX2#chr6:45422307-45422325(-)	RUNX2	tf_targeting		
RUNX2#chr6:45422309-45422327(+)	RUNX2	tf_targeting		
RUNX2#chr6:45422346-45422364(-)	RUNX2	tf_targeting		
RUNX2#chr6:45422349-45422367(-)	RUNX2	tf_targeting		
RUNX2#chr6:45422358-45422376(-)	RUNX2	tf_targeting		
RUNX2#chr6:45422389-45422407(-)	RUNX2	tf_targeting		
RUNX3#chr1:24930025-24930043(-)	RUNX3	tf_targeting		
RUNX3#chr1:24930133-24930151(-)	RUNX3	tf_targeting		
RUNX3#chr1:24930218-24930236(+)	RUNX3	tf_targeting		
RUNX3#chr1:24930249-24930267(-)	RUNX3	tf_targeting		
RUNX3#chr1:24930262-24930280(-)	RUNX3	tf_targeting		
RUNX3#chr1:24930265-24930283(-)	RUNX3	tf_targeting		
RUNX3#chr1:24964606-24964624(-)	RUNX3	tf_targeting		
RUNX3#chr1:24964924-24964942(+)	RUNX3	tf_targeting		
RUNX3#chr1:24964930-24964948(+)	RUNX3	tf_targeting		
RUNX3#chr1:24964978-24964996(+)	RUNX3	tf_targeting		
RUNX3#chr1:24964986-24965004(-)	RUNX3	tf_targeting		
RUNX3#chr1:24965022-24965040(-)	RUNX3	tf_targeting		
RUVBL1#chr3:128123370-128123388(-)	RUVBL1	tf_targeting	0.13614292	0.8768219741255958
RUVBL1#chr3:128123581-128123599(-)	RUVBL1	tf_targeting	-0.0363829	0.961327130915566
RUVBL1#chr3:128123586-128123604(-)	RUVBL1	tf_targeting	0.24307857	0.7070896638671371
RUVBL1#chr3:128123735-128123753(+)	RUVBL1	tf_targeting	-0.21582969	0.7955462735399137
RUVBL1#chr3:128123785-128123803(-)	RUVBL1	tf_targeting	0.13993393	0.8445070589822138
RUVBL1#chr3:128123791-128123809(-)	RUVBL1	tf_targeting	-0.032323558	0.9706389455699874
RXRA#chr9:134326449-134326467(+)	RXRA	tf_targeting		
RXRA#chr9:134326479-134326497(+)	RXRA	tf_targeting		
RXRA#chr9:134326642-134326660(-)	RXRA	tf_targeting		
RXRA#chr9:134326789-134326807(-)	RXRA	tf_targeting		
RXRA#chr9:134326815-134326833(+)	RXRA	tf_targeting		
RXRA#chr9:134326903-134326921(+)	RXRA	tf_targeting		
RXRB#chr6:33200036-33200054(+)	RXRB	tf_targeting		
RXRB#chr6:33200411-33200429(-)	RXRB	tf_targeting		
RXRB#chr6:33200429-33200447(+)	RXRB	tf_targeting		
RXRB#chr6:33200605-33200623(-)	RXRB	tf_targeting		
RXRB#chr6:33200638-33200656(-)	RXRB	tf_targeting		
RXRB#chr6:33200653-33200671(+)	RXRB	tf_targeting		
RXRG#chr1:165444669-165444687(-)	RXRG	tf_targeting	-2.3981924	0.0083614469502696
RXRG#chr1:165445012-165445030(+)	RXRG	tf_targeting	-2.1857467	0.0016127962790483
RXRG#chr1:165445040-165445058(+)	RXRG	tf_targeting	-1.6894437	0.0056264480453542
RXRG#chr1:165445047-165445065(-)	RXRG	tf_targeting	-2.3885388	2.695422149761538e-07
RXRG#chr1:165445058-165445076(+)	RXRG	tf_targeting	-2.43848	0.0001140125235823
RXRG#chr1:165445071-165445089(-)	RXRG	tf_targeting	-2.4320118	2.475330247235359e-13
SACM1L#chr3:45689317-45689335(+)	SACM1L	tf_targeting	-1.1123048	1.0479430042166175e-06
SACM1L#chr3:45689393-45689411(+)	SACM1L	tf_targeting	-0.044504702	0.961681651024024
SACM1L#chr3:45689396-45689414(+)	SACM1L	tf_targeting	0.8695763	0.3792127279299105
SACM1L#chr3:45689454-45689472(+)	SACM1L	tf_targeting	0.44213402	0.4749140014237758
SACM1L#chr3:45689645-45689663(-)	SACM1L	tf_targeting	-0.27846116	0.7589948510689527
SACM1L#chr3:45689666-45689684(+)	SACM1L	tf_targeting	-0.37450933	0.6462907360801277
SAFB#chr19:5623093-5623111(+)	SAFB	tf_targeting	-0.2663881	0.497460052688381
SAFB#chr19:5623108-5623126(+)	SAFB	tf_targeting	-0.3096644	0.5718028989556398
SAFB#chr19:5623141-5623159(+)	SAFB	tf_targeting	0.031353466	0.9638309826895488
SAFB#chr19:5623162-5623180(+)	SAFB	tf_targeting	-0.33536008	0.6396752702914361
SAFB#chr19:5623204-5623222(+)	SAFB	tf_targeting	-0.07069611	0.8304836887520188
SAFB#chr19:5623506-5623524(-)	SAFB	tf_targeting	0.016837332	0.979378224836111
SAFB2#chr19:5622527-5622545(-)	SAFB2	tf_targeting	-0.23191145	0.4117573747495486
SAFB2#chr19:5622679-5622697(+)	SAFB2	tf_targeting	-0.058885947	0.9258328373928004
SAFB2#chr19:5622728-5622746(-)	SAFB2	tf_targeting	-0.6618492	0.1234006190043139
SAFB2#chr19:5622738-5622756(-)	SAFB2	tf_targeting	-1.7001195	0.0004701985510941
SAFB2#chr19:5622741-5622759(-)	SAFB2	tf_targeting	-1.1276127	0.0002311445242841
SAFB2#chr19:5622757-5622775(-)	SAFB2	tf_targeting	-0.60497534	0.2221094159272869
SALL1#chr16:51151031-51151049(+)	SALL1	tf_targeting		
SALL1#chr16:51151180-51151198(+)	SALL1	tf_targeting		
SALL1#chr16:51151196-51151214(+)	SALL1	tf_targeting		
SALL1#chr16:51151233-51151251(-)	SALL1	tf_targeting		
SALL1#chr16:51151236-51151254(-)	SALL1	tf_targeting		
SALL1#chr16:51151243-51151261(+)	SALL1	tf_targeting		
SALL2#chr14:21525987-21526005(-)	SALL2	tf_targeting		
SALL2#chr14:21526044-21526062(-)	SALL2	tf_targeting		
SALL2#chr14:21526110-21526128(-)	SALL2	tf_targeting		
SALL2#chr14:21526190-21526208(+)	SALL2	tf_targeting		
SALL2#chr14:21526221-21526239(+)	SALL2	tf_targeting		
SALL2#chr14:21526240-21526258(+)	SALL2	tf_targeting		
SALL3#chr18:78979845-78979863(-)	SALL3	tf_targeting		
SALL3#chr18:78979858-78979876(-)	SALL3	tf_targeting		
SALL3#chr18:78979907-78979925(+)	SALL3	tf_targeting		
SALL3#chr18:78979998-78980016(+)	SALL3	tf_targeting		
SALL3#chr18:78980028-78980046(-)	SALL3	tf_targeting		
SALL3#chr18:78980434-78980452(+)	SALL3	tf_targeting		
SALL4#chr20:51801947-51801965(+)	SALL4	tf_targeting		
SALL4#chr20:51801991-51802009(+)	SALL4	tf_targeting		
SALL4#chr20:51802001-51802019(+)	SALL4	tf_targeting		
SALL4#chr20:51802216-51802234(-)	SALL4	tf_targeting		
SALL4#chr20:51802403-51802421(+)	SALL4	tf_targeting		
SALL4#chr20:51802458-51802476(-)	SALL4	tf_targeting		
SATB1#chr3:18424848-18424866(+)	SATB1	tf_targeting		
SATB1#chr3:18425000-18425018(-)	SATB1	tf_targeting		
SATB1#chr3:18425125-18425143(-)	SATB1	tf_targeting		
SATB1#chr3:18425288-18425306(-)	SATB1	tf_targeting		
SATB1#chr3:18425310-18425328(-)	SATB1	tf_targeting		
SATB1#chr3:18425323-18425341(+)	SATB1	tf_targeting		
SATB1#chr3:18444605-18444623(+)	SATB1	tf_targeting		
SATB1#chr3:18444645-18444663(+)	SATB1	tf_targeting		
SATB1#chr3:18444791-18444809(+)	SATB1	tf_targeting		
SATB1#chr3:18444802-18444820(+)	SATB1	tf_targeting		
SATB1#chr3:18444812-18444830(+)	SATB1	tf_targeting		
SATB1#chr3:18444817-18444835(+)	SATB1	tf_targeting		
SATB2#chr2:199457903-199457921(-)	SATB2	tf_targeting		
SATB2#chr2:199458419-199458437(+)	SATB2	tf_targeting		
SATB2#chr2:199458477-199458495(+)	SATB2	tf_targeting		
SATB2#chr2:199458536-199458554(-)	SATB2	tf_targeting		
SATB2#chr2:199458624-199458642(+)	SATB2	tf_targeting		
SATB2#chr2:199458657-199458675(+)	SATB2	tf_targeting		
SCAND3#chr6:28587057-28587075(+)	SCAND3	tf_targeting		
SCAND3#chr6:28587205-28587223(-)	SCAND3	tf_targeting		
SCAND3#chr6:28587221-28587239(+)	SCAND3	tf_targeting		
SCAND3#chr6:28587232-28587250(-)	SCAND3	tf_targeting		
SCAND3#chr6:28587280-28587298(-)	SCAND3	tf_targeting		
SCAND3#chr6:28587303-28587321(-)	SCAND3	tf_targeting		
SCAPER#chr15:76905260-76905278(-)	SCAPER	tf_targeting	-1.4604056	0.010817815801413
SCAPER#chr15:76905269-76905287(+)	SCAPER	tf_targeting	-2.1220279	4.700081304349236e-12
SCAPER#chr15:76905301-76905319(-)	SCAPER	tf_targeting	-1.2428672	0.1997973370322744
SCAPER#chr15:76905303-76905321(+)	SCAPER	tf_targeting	-0.6210597	0.0449771025397051
SCAPER#chr15:76905306-76905324(+)	SCAPER	tf_targeting	-2.463108	5.2850843845774767e-08
SCAPER#chr15:76905311-76905329(-)	SCAPER	tf_targeting	-1.5921285	6.79976405404903e-11
SCMH1#chr1:41160713-41160731(+)	SCMH1	tf_targeting	-0.32918242	0.128491659676352
SCMH1#chr1:41160738-41160756(+)	SCMH1	tf_targeting	-0.13052963	0.3159067459515572
SCMH1#chr1:41160806-41160824(+)	SCMH1	tf_targeting	-0.11892083	0.6334712300057103
SCMH1#chr1:41160825-41160843(-)	SCMH1	tf_targeting	-0.12632066	0.4695797006115518
SCMH1#chr1:41160877-41160895(-)	SCMH1	tf_targeting	-0.536817	0.0408879530070126
SCMH1#chr1:41160884-41160902(-)	SCMH1	tf_targeting	-0.34860697	0.0230933316456349
SCMH1#chr1:41161088-41161106(-)	SCMH1	tf_targeting	-0.62025154	0.2546803535882497
SCMH1#chr1:41161160-41161178(+)	SCMH1	tf_targeting	-0.3585365	0.1963649627849569
SCMH1#chr1:41161353-41161371(+)	SCMH1	tf_targeting	-0.009689426	0.9521510642776532
SCMH1#chr1:41161361-41161379(-)	SCMH1	tf_targeting	-0.42819208	0.0352199135290265
SCMH1#chr1:41161366-41161384(-)	SCMH1	tf_targeting	-0.5570041	0.0013707600120293
SCMH1#chr1:41161420-41161438(+)	SCMH1	tf_targeting	-0.48309436	0.0120760825804043
SCML4#chr6:107824001-107824019(+)	SCML4	tf_targeting		
SCML4#chr6:107824076-107824094(+)	SCML4	tf_targeting		
SCML4#chr6:107824128-107824146(-)	SCML4	tf_targeting		
SCML4#chr6:107824241-107824259(-)	SCML4	tf_targeting		
SCML4#chr6:107824244-107824262(-)	SCML4	tf_targeting		
SCML4#chr6:107824304-107824322(+)	SCML4	tf_targeting		
SCRT1#chr8:144336352-144336370(-)	SCRT1	tf_targeting		
SCRT1#chr8:144336453-144336471(-)	SCRT1	tf_targeting		
SCRT1#chr8:144336621-144336639(+)	SCRT1	tf_targeting		
SCRT1#chr8:144336670-144336688(+)	SCRT1	tf_targeting		
SCRT1#chr8:144336676-144336694(+)	SCRT1	tf_targeting		
SCRT1#chr8:144336706-144336724(-)	SCRT1	tf_targeting		
SCRT2#chr20:676442-676460(-)	SCRT2	tf_targeting		
SCRT2#chr20:676587-676605(-)	SCRT2	tf_targeting		
SCRT2#chr20:676599-676617(-)	SCRT2	tf_targeting		
SCRT2#chr20:676604-676622(+)	SCRT2	tf_targeting		
SCRT2#chr20:676621-676639(+)	SCRT2	tf_targeting		
SCRT2#chr20:676625-676643(-)	SCRT2	tf_targeting		
SCXA#chr8:144266603-144266621(-)	SCXA	tf_targeting		
SCXA#chr8:144266609-144266627(-)	SCXA	tf_targeting		
SCXA#chr8:144266615-144266633(-)	SCXA	tf_targeting		
SCXA#chr8:144266644-144266662(-)	SCXA	tf_targeting		
SCXA#chr8:144266652-144266670(-)	SCXA	tf_targeting		
SCXB#chr8:144266662-144266680(+)	SCXB	tf_targeting		
SCXB#chr8:144266665-144266683(+)	SCXB	tf_targeting		
SCXB#chr8:144267049-144267067(+)	SCXB	tf_targeting		
SCXB#chr8:144267056-144267074(-)	SCXB	tf_targeting		
SCXB#chr8:144267059-144267077(-)	SCXB	tf_targeting		
SEBOX#chr17:28370126-28370144(-)	SEBOX	tf_targeting		
SEBOX#chr17:28370176-28370194(+)	SEBOX	tf_targeting		
SEBOX#chr17:28370203-28370221(-)	SEBOX	tf_targeting		
SEBOX#chr17:28370252-28370270(-)	SEBOX	tf_targeting		
SEBOX#chr17:28370255-28370273(+)	SEBOX	tf_targeting		
SEBOX#chr17:28370260-28370278(+)	SEBOX	tf_targeting		
SETBP1#chr18:44680123-44680141(+)	SETBP1	tf_targeting	-1.4501343	0.0096009002320236
SETBP1#chr18:44680134-44680152(+)	SETBP1	tf_targeting	-1.7754394	0.0004502154828277
SETBP1#chr18:44680150-44680168(+)	SETBP1	tf_targeting	-2.1634927	7.679065094106924e-06
SETBP1#chr18:44680231-44680249(+)	SETBP1	tf_targeting	-1.9755414	1.1581080019900651e-20
SETBP1#chr18:44680375-44680393(+)	SETBP1	tf_targeting	-1.9636517	3.2542996395838378e-12
SETBP1#chr18:44680774-44680792(-)	SETBP1	tf_targeting	-1.3029921	1.1871550728069492e-08
SETD1A#chr16:30958041-30958059(-)	SETD1A	tf_targeting		
SETD1A#chr16:30958065-30958083(-)	SETD1A	tf_targeting		
SETD1A#chr16:30958075-30958093(-)	SETD1A	tf_targeting		
SETD1A#chr16:30958372-30958390(+)	SETD1A	tf_targeting		
SETD1A#chr16:30958432-30958450(+)	SETD1A	tf_targeting		
SETD1A#chr16:30958461-30958479(+)	SETD1A	tf_targeting		
SETDB1#chr1:150926319-150926337(+)	SETDB1	tf_targeting	-0.83115757	0.3478222205633681
SETDB1#chr1:150926386-150926404(-)	SETDB1	tf_targeting	-0.23670544	0.6604331635336262
SETDB1#chr1:150926457-150926475(-)	SETDB1	tf_targeting	-1.0016017	0.2963489420017967
SETDB1#chr1:150926660-150926678(+)	SETDB1	tf_targeting	-2.0856779	0.0237821734440409
SETDB1#chr1:150926673-150926691(-)	SETDB1	tf_targeting	-0.84902245	0.2582881094919927
SETDB1#chr1:150926815-150926833(-)	SETDB1	tf_targeting	-1.656861	0.0438837640503068
SETDB2#chr13:49444287-49444305(-)	SETDB2	tf_targeting		
SETDB2#chr13:49444290-49444308(+)	SETDB2	tf_targeting		
SETDB2#chr13:49444298-49444316(-)	SETDB2	tf_targeting		
SETDB2#chr13:49444304-49444322(+)	SETDB2	tf_targeting		
SETDB2#chr13:49444316-49444334(+)	SETDB2	tf_targeting		
SETDB2#chr13:49444499-49444517(+)	SETDB2	tf_targeting		
SGSM2#chr17:2337491-2337509(-)	SGSM2	tf_targeting	-1.1604731	0.0391782143383808
SGSM2#chr17:2337499-2337517(+)	SGSM2	tf_targeting	-1.4104145	0.0968271805125484
SGSM2#chr17:2337518-2337536(+)	SGSM2	tf_targeting	-0.9952391	0.2499269280171336
SGSM2#chr17:2337672-2337690(+)	SGSM2	tf_targeting	-1.6808386	5.495282053655049e-05
SGSM2#chr17:2337683-2337701(+)	SGSM2	tf_targeting	-0.37226588	0.4518123948310429
SGSM2#chr17:2337752-2337770(+)	SGSM2	tf_targeting	-1.2133838	0.1318802634298366
SH3D19#chr4:151225913-151225931(-)	SH3D19	tf_targeting	-0.28596416	0.3931032890776211
SH3D19#chr4:151226049-151226067(-)	SH3D19	tf_targeting	-0.28973636	0.4089990234065704
SH3D19#chr4:151226176-151226194(+)	SH3D19	tf_targeting	-0.2812842	0.4053998779703225
SH3D19#chr4:151226229-151226247(+)	SH3D19	tf_targeting	0.057847198	0.790689957808443
SH3D19#chr4:151226392-151226410(+)	SH3D19	tf_targeting	0.018439027	0.9575730930390826
SH3D19#chr4:151226428-151226446(-)	SH3D19	tf_targeting	-0.46931046	0.2577214198164198
SH3D19#chr4:151227651-151227669(-)	SH3D19	tf_targeting	0.026564118	0.9070985580157174
SH3D19#chr4:151227818-151227836(+)	SH3D19	tf_targeting	0.56343013	0.0879988086150875
SH3D19#chr4:151227856-151227874(+)	SH3D19	tf_targeting	-0.31834576	0.4954391491990855
SH3D19#chr4:151227860-151227878(-)	SH3D19	tf_targeting	-0.087374456	0.7547515995251627
SH3D19#chr4:151227872-151227890(+)	SH3D19	tf_targeting	0.30369598	0.3377886530924646
SH3D19#chr4:151227877-151227895(+)	SH3D19	tf_targeting	0.027696846	0.9371763658323444
SHOX#chrX:630721-630739(+)	SHOX	tf_targeting		
SHOX#chrX:630807-630825(+)	SHOX	tf_targeting		
SHOX#chrX:630851-630869(+)	SHOX	tf_targeting		
SHOX#chrX:631061-631079(+)	SHOX	tf_targeting		
SHOX#chrX:631185-631203(-)	SHOX	tf_targeting		
SHOX#chrX:631210-631228(-)	SHOX	tf_targeting		
SHOX2#chr3:158105681-158105699(-)	SHOX2	tf_targeting		
SHOX2#chr3:158105685-158105703(-)	SHOX2	tf_targeting		
SHOX2#chr3:158105702-158105720(+)	SHOX2	tf_targeting		
SHOX2#chr3:158105709-158105727(-)	SHOX2	tf_targeting		
SHOX2#chr3:158105730-158105748(-)	SHOX2	tf_targeting		
SHOX2#chr3:158105743-158105761(-)	SHOX2	tf_targeting		
SIM1#chr6:100464680-100464698(-)	SIM1	tf_targeting		
SIM1#chr6:100464837-100464855(-)	SIM1	tf_targeting		
SIM1#chr6:100464843-100464861(-)	SIM1	tf_targeting		
SIM1#chr6:100464846-100464864(-)	SIM1	tf_targeting		
SIM1#chr6:100464863-100464881(+)	SIM1	tf_targeting		
SIM1#chr6:100464901-100464919(-)	SIM1	tf_targeting		
SIM2#chr21:36699107-36699125(+)	SIM2	tf_targeting		
SIM2#chr21:36699132-36699150(+)	SIM2	tf_targeting		
SIM2#chr21:36699158-36699176(+)	SIM2	tf_targeting		
SIM2#chr21:36699164-36699182(-)	SIM2	tf_targeting		
SIM2#chr21:36699200-36699218(+)	SIM2	tf_targeting		
SIM2#chr21:36699546-36699564(-)	SIM2	tf_targeting		
SIN3A#chr15:75451442-75451460(-)	SIN3A	tf_targeting	-0.11235625	0.8551536815265968
SIN3A#chr15:75451489-75451507(+)	SIN3A	tf_targeting	-0.29124215	0.5290811280699195
SIN3A#chr15:75451573-75451591(+)	SIN3A	tf_targeting	-0.36406234	0.6389479337318773
SIN3A#chr15:75451603-75451621(+)	SIN3A	tf_targeting	-1.1690786	0.2322027232187927
SIN3A#chr15:75451610-75451628(+)	SIN3A	tf_targeting	-0.21396512	0.6666116213824471
SIN3A#chr15:75451681-75451699(-)	SIN3A	tf_targeting	-0.4950702	0.5307415836829525
SIN3A#chr15:75455340-75455358(+)	SIN3A	tf_targeting	0.46411976	0.1193193202997721
SIN3A#chr15:75455408-75455426(+)	SIN3A	tf_targeting	-0.20431225	0.6160244656819551
SIN3A#chr15:75455658-75455676(-)	SIN3A	tf_targeting	0.45014435	0.5826649530915258
SIN3A#chr15:75455699-75455717(+)	SIN3A	tf_targeting	0.1189998	0.6322034632446842
SIN3A#chr15:75455734-75455752(+)	SIN3A	tf_targeting	0.09892709	0.7250649103749871
SIN3A#chr15:75455799-75455817(+)	SIN3A	tf_targeting	0.49933216	0.2853080768923848
SIRT6#chr19:4182476-4182494(-)	SIRT6	tf_targeting		
SIRT6#chr19:4182496-4182514(-)	SIRT6	tf_targeting		
SIRT6#chr19:4182521-4182539(-)	SIRT6	tf_targeting		
SIRT6#chr19:4182524-4182542(-)	SIRT6	tf_targeting		
SIRT6#chr19:4182536-4182554(-)	SIRT6	tf_targeting		
SIRT6#chr19:4182574-4182592(-)	SIRT6	tf_targeting		
SIX1#chr14:60649343-60649361(+)	SIX1	tf_targeting		
SIX1#chr14:60649377-60649395(+)	SIX1	tf_targeting		
SIX1#chr14:60649418-60649436(-)	SIX1	tf_targeting		
SIX1#chr14:60649446-60649464(-)	SIX1	tf_targeting		
SIX1#chr14:60649450-60649468(-)	SIX1	tf_targeting		
SIX1#chr14:60649470-60649488(-)	SIX1	tf_targeting		
SIX2#chr2:45009077-45009095(+)	SIX2	tf_targeting		
SIX2#chr2:45009265-45009283(-)	SIX2	tf_targeting		
SIX2#chr2:45009392-45009410(-)	SIX2	tf_targeting		
SIX2#chr2:45009395-45009413(-)	SIX2	tf_targeting		
SIX2#chr2:45009400-45009418(-)	SIX2	tf_targeting		
SIX2#chr2:45009425-45009443(-)	SIX2	tf_targeting		
SIX3#chr2:44941742-44941760(+)	SIX3	tf_targeting		
SIX3#chr2:44941766-44941784(+)	SIX3	tf_targeting		
SIX3#chr2:44941769-44941787(+)	SIX3	tf_targeting		
SIX3#chr2:44941942-44941960(-)	SIX3	tf_targeting		
SIX3#chr2:44942017-44942035(-)	SIX3	tf_targeting		
SIX3#chr2:44942122-44942140(-)	SIX3	tf_targeting		
SIX4#chr14:60723908-60723926(+)	SIX4	tf_targeting		
SIX4#chr14:60723972-60723990(-)	SIX4	tf_targeting		
SIX4#chr14:60723994-60724012(-)	SIX4	tf_targeting		
SIX4#chr14:60724271-60724289(+)	SIX4	tf_targeting		
SIX4#chr14:60724310-60724328(-)	SIX4	tf_targeting		
SIX4#chr14:60724329-60724347(-)	SIX4	tf_targeting		
SIX5#chr19:45768763-45768781(-)	SIX5	tf_targeting		
SIX5#chr19:45769085-45769103(-)	SIX5	tf_targeting		
SIX5#chr19:45769172-45769190(+)	SIX5	tf_targeting		
SIX5#chr19:45769207-45769225(-)	SIX5	tf_targeting		
SIX5#chr19:45769211-45769229(-)	SIX5	tf_targeting		
SIX5#chr19:45769291-45769309(-)	SIX5	tf_targeting		
SIX6#chr14:60509189-60509207(+)	SIX6	tf_targeting		
SIX6#chr14:60509222-60509240(-)	SIX6	tf_targeting		
SIX6#chr14:60509225-60509243(-)	SIX6	tf_targeting		
SIX6#chr14:60509228-60509246(-)	SIX6	tf_targeting		
SIX6#chr14:60509263-60509281(-)	SIX6	tf_targeting		
SIX6#chr14:60509272-60509290(-)	SIX6	tf_targeting		
SKI#chr1:2228531-2228549(+)	SKI	tf_targeting	0.007251399	0.9845121403738404
SKI#chr1:2228752-2228770(+)	SKI	tf_targeting	-0.13488016	0.6097545162611875
SKI#chr1:2228758-2228776(+)	SKI	tf_targeting	0.059589878	0.7417667661398424
SKI#chr1:2228905-2228923(+)	SKI	tf_targeting	-0.13108675	0.7509177608657126
SKI#chr1:2228908-2228926(+)	SKI	tf_targeting	0.41188198	0.1650419251237926
SKI#chr1:2228911-2228929(+)	SKI	tf_targeting	0.22861429	0.6895319883584685
SKIL#chr3:170357705-170357723(+)	SKIL	tf_targeting	-1.802865	4.784213671861573e-08
SKIL#chr3:170357710-170357728(+)	SKIL	tf_targeting	0.06134871	0.9450395327901532
SKIL#chr3:170357748-170357766(+)	SKIL	tf_targeting	-0.49963048	0.1052915944935628
SKIL#chr3:170357824-170357842(+)	SKIL	tf_targeting	-1.0713884	0.1275060500155194
SKIL#chr3:170357956-170357974(+)	SKIL	tf_targeting	-3.3209505	0.0087216408138007
SKIL#chr3:170358109-170358127(-)	SKIL	tf_targeting	-0.44077942	0.3562883409166969
SKOR1#chr15:67823370-67823388(-)	SKOR1	tf_targeting		
SKOR1#chr15:67823373-67823391(+)	SKOR1	tf_targeting		
SKOR1#chr15:67823387-67823405(-)	SKOR1	tf_targeting		
SKOR1#chr15:67823398-67823416(-)	SKOR1	tf_targeting		
SKOR1#chr15:67823503-67823521(+)	SKOR1	tf_targeting		
SKOR1#chr15:67823657-67823675(-)	SKOR1	tf_targeting		
SKOR2#chr18:47248838-47248856(+)	SKOR2	tf_targeting		
SKOR2#chr18:47249051-47249069(+)	SKOR2	tf_targeting		
SKOR2#chr18:47249114-47249132(+)	SKOR2	tf_targeting		
SKOR2#chr18:47249138-47249156(+)	SKOR2	tf_targeting		
SKOR2#chr18:47249144-47249162(-)	SKOR2	tf_targeting		
SKOR2#chr18:47249155-47249173(+)	SKOR2	tf_targeting		
SLC22A1#chr6:160121862-160121880(+)	SLC22A1	tf_targeting		
SLC22A1#chr6:160121934-160121952(-)	SLC22A1	tf_targeting		
SLC22A1#chr6:160121942-160121960(-)	SLC22A1	tf_targeting		
SLC22A1#chr6:160121946-160121964(-)	SLC22A1	tf_targeting		
SLC22A1#chr6:160122074-160122092(-)	SLC22A1	tf_targeting		
SLC22A1#chr6:160122194-160122212(+)	SLC22A1	tf_targeting		
SLC2A4RG#chr20:63739767-63739785(+)	SLC2A4RG	tf_targeting	-3.6564307	0.0001875399664244
SLC2A4RG#chr20:63739796-63739814(+)	SLC2A4RG	tf_targeting	-1.5175377	0.0011746077559175
SLC2A4RG#chr20:63739799-63739817(+)	SLC2A4RG	tf_targeting	-0.6051803	0.1947623356946304
SLC2A4RG#chr20:63739860-63739878(-)	SLC2A4RG	tf_targeting	-1.1908022	0.1144212508469692
SLC2A4RG#chr20:63740347-63740365(-)	SLC2A4RG	tf_targeting	-2.3696544	0.001862589774657
SLC2A4RG#chr20:63740362-63740380(-)	SLC2A4RG	tf_targeting	0.101657964	0.716736072105534
SLC30A9#chr4:41990536-41990554(+)	SLC30A9	tf_targeting	-1.4521892	0.0790179581022758
SLC30A9#chr4:41990560-41990578(+)	SLC30A9	tf_targeting	-1.1694133	0.1628151979280589
SLC30A9#chr4:41990570-41990588(+)	SLC30A9	tf_targeting	-0.88299906	0.067788409628461
SLC30A9#chr4:41990582-41990600(+)	SLC30A9	tf_targeting	-0.8165185	0.2958007326423811
SLC30A9#chr4:41990600-41990618(+)	SLC30A9	tf_targeting	-1.2509655	0.0176169545953323
SLC30A9#chr4:41990709-41990727(+)	SLC30A9	tf_targeting	-0.84866196	0.0462637789066893
SMAD1#chr4:145481793-145481811(+)	SMAD1	tf_targeting	-0.5559027	0.5361381898662183
SMAD1#chr4:145481844-145481862(+)	SMAD1	tf_targeting	-1.3974333	0.007799632114562
SMAD1#chr4:145481902-145481920(+)	SMAD1	tf_targeting	-1.1807094	0.0054997423184048
SMAD1#chr4:145482072-145482090(-)	SMAD1	tf_targeting	-2.0558662	0.0001620015125493
SMAD1#chr4:145482248-145482266(-)	SMAD1	tf_targeting	-0.6963537	0.0214203846548642
SMAD1#chr4:145482280-145482298(-)	SMAD1	tf_targeting	-1.5702786	0.000362781989352
SMAD2#chr18:47930139-47930157(+)	SMAD2	tf_targeting	-0.14409108	0.1239587303389712
SMAD2#chr18:47930145-47930163(-)	SMAD2	tf_targeting	-0.587273	2.0518382616715687e-05
SMAD2#chr18:47930329-47930347(-)	SMAD2	tf_targeting	0.017232584	0.9093419210149746
SMAD2#chr18:47930387-47930405(-)	SMAD2	tf_targeting	-0.50219005	4.90448922122177e-07
SMAD2#chr18:47930850-47930868(-)	SMAD2	tf_targeting	0.15777087	0.0782080951618052
SMAD2#chr18:47930896-47930914(-)	SMAD2	tf_targeting	-0.35994613	1.1251993444469938e-05
SMAD3#chr15:67065846-67065864(-)	SMAD3	tf_targeting	-1.4886456	5.232918150644364e-06
SMAD3#chr15:67065895-67065913(-)	SMAD3	tf_targeting	-1.865925	0.0071958474199176
SMAD3#chr15:67065899-67065917(-)	SMAD3	tf_targeting	-1.4819683	0.0026140831087487
SMAD3#chr15:67065923-67065941(-)	SMAD3	tf_targeting	-1.0072056	0.1095973807932636
SMAD3#chr15:67065928-67065946(-)	SMAD3	tf_targeting	0.13257955	0.8341750091764996
SMAD3#chr15:67066195-67066213(+)	SMAD3	tf_targeting	-0.16246942	0.8508591441882003
SMAD4#chr18:51030218-51030236(+)	SMAD4	tf_targeting	-0.41261274	0.4827573994295465
SMAD4#chr18:51030257-51030275(-)	SMAD4	tf_targeting	-0.36251685	0.5662661580901515
SMAD4#chr18:51030262-51030280(+)	SMAD4	tf_targeting	-0.51646155	0.1325436323960387
SMAD4#chr18:51030267-51030285(+)	SMAD4	tf_targeting	-2.1869829	0.0412977316345067
SMAD4#chr18:51030318-51030336(-)	SMAD4	tf_targeting	-0.11189178	0.8993857151064379
SMAD4#chr18:51030678-51030696(-)	SMAD4	tf_targeting	-0.4369103	0.4135440842537823
SMAD5#chr5:136132866-136132884(+)	SMAD5	tf_targeting	-2.3454976	7.537075802181199e-07
SMAD5#chr5:136132872-136132890(-)	SMAD5	tf_targeting	-1.8621428	1.5488951575741639e-10
SMAD5#chr5:136132916-136132934(+)	SMAD5	tf_targeting	-1.6579473	0.0112577783133775
SMAD5#chr5:136132985-136133003(+)	SMAD5	tf_targeting	-0.48562878	0.2780488954827926
SMAD5#chr5:136133253-136133271(+)	SMAD5	tf_targeting	-0.13693482	0.6082572885817312
SMAD5#chr5:136133352-136133370(-)	SMAD5	tf_targeting	-2.1029854	4.476887173752749e-06
SMAD6#chr15:66702324-66702342(+)	SMAD6	tf_targeting	0.111192495	0.5055879239683101
SMAD6#chr15:66702369-66702387(-)	SMAD6	tf_targeting	0.033021756	0.8115242172168677
SMAD6#chr15:66702372-66702390(-)	SMAD6	tf_targeting	-0.31145853	0.0203595761172497
SMAD6#chr15:66702382-66702400(-)	SMAD6	tf_targeting	-0.55272454	0.4874152792510194
SMAD6#chr15:66702386-66702404(+)	SMAD6	tf_targeting	-0.19111316	0.3531844237691759
SMAD6#chr15:66702572-66702590(-)	SMAD6	tf_targeting	-0.14133458	0.5482037731069371
SMAD7#chr18:48948885-48948903(-)	SMAD7	tf_targeting	0.4059463	0.0281116371443259
SMAD7#chr18:48949062-48949080(+)	SMAD7	tf_targeting	0.09417539	0.8053676450799103
SMAD7#chr18:48949278-48949296(+)	SMAD7	tf_targeting	-0.22005796	0.5356998994362865
SMAD7#chr18:48949286-48949304(-)	SMAD7	tf_targeting	0.40282616	0.337457002058961
SMAD7#chr18:48949303-48949321(-)	SMAD7	tf_targeting	0.089582324	0.6982479256618468
SMAD7#chr18:48950637-48950655(+)	SMAD7	tf_targeting	-0.41566852	0.0978736588605583
SMAD9#chr13:36919721-36919739(-)	SMAD9	tf_targeting	-1.5330807	0.0007494737741994
SMAD9#chr13:36919797-36919815(-)	SMAD9	tf_targeting	-0.21728244	0.7164473787852286
SMAD9#chr13:36919979-36919997(+)	SMAD9	tf_targeting	-2.9347253	4.926784024211096e-06
SMAD9#chr13:36920171-36920189(-)	SMAD9	tf_targeting	-2.4220197	1.883764394917267e-08
SMAD9#chr13:36920219-36920237(+)	SMAD9	tf_targeting	-1.6080021	2.3230160566425227e-10
SMAD9#chr13:36920246-36920264(-)	SMAD9	tf_targeting	-2.3761396	1.5408589718116183e-05
SMARCA1#chrX:129523007-129523025(+)	SMARCA1	tf_targeting	-2.3322756	3.462755058740253e-07
SMARCA1#chrX:129523093-129523111(+)	SMARCA1	tf_targeting	-2.5081813	4.3288961513511937e-07
SMARCA1#chrX:129523265-129523283(-)	SMARCA1	tf_targeting	-2.3090794	3.065976572305876e-20
SMARCA1#chrX:129523268-129523286(-)	SMARCA1	tf_targeting	-2.7154868	2.475285488498532e-12
SMARCA1#chrX:129523375-129523393(+)	SMARCA1	tf_targeting	-1.265115	0.0088954766619529
SMARCA1#chrX:129523483-129523501(-)	SMARCA1	tf_targeting	-3.2031398	4.083613254040247e-07
SMARCA2#chr9:2015338-2015356(-)	SMARCA2	tf_targeting	-0.0655469	0.8647681841618602
SMARCA2#chr9:2015348-2015366(+)	SMARCA2	tf_targeting	-0.08115962	0.7473358405803702
SMARCA2#chr9:2015385-2015403(-)	SMARCA2	tf_targeting	0.48050025	0.0575011269328698
SMARCA2#chr9:2015442-2015460(-)	SMARCA2	tf_targeting	0.6472874	0.1980373516172215
SMARCA2#chr9:2015446-2015464(-)	SMARCA2	tf_targeting	0.4018497	0.0406570345680348
SMARCA2#chr9:2015547-2015565(+)	SMARCA2	tf_targeting	0.19113208	0.5845434384296739
SMARCA4#chr19:10961045-10961063(+)	SMARCA4	tf_targeting	-0.3978495	0.339712069881664
SMARCA4#chr19:10961052-10961070(-)	SMARCA4	tf_targeting	-1.6242027	4.517715873852045e-05
SMARCA4#chr19:10961138-10961156(+)	SMARCA4	tf_targeting	-0.88284594	0.014933043719851
SMARCA4#chr19:10961495-10961513(-)	SMARCA4	tf_targeting	-0.06270279	0.888820674531937
SMARCA4#chr19:10961500-10961518(+)	SMARCA4	tf_targeting	-0.5431007	0.1852520829902469
SMARCA4#chr19:10961507-10961525(-)	SMARCA4	tf_targeting	-0.06414659	0.8849293923760903
SMARCA5#chr4:143513688-143513706(+)	SMARCA5	tf_targeting	-0.7846964	0.3314674871389954
SMARCA5#chr4:143513692-143513710(-)	SMARCA5	tf_targeting	-0.1321781	0.8707010303483205
SMARCA5#chr4:143513705-143513723(+)	SMARCA5	tf_targeting	0.20719561	0.831341111152413
SMARCA5#chr4:143513723-143513741(+)	SMARCA5	tf_targeting	-0.48480287	0.5592056410223165
SMARCA5#chr4:143513961-143513979(-)	SMARCA5	tf_targeting	-0.25073135	0.5571652309233288
SMARCA5#chr4:143514094-143514112(-)	SMARCA5	tf_targeting	-0.5203696	0.5219004628647193
SMARCB1#chr22:23786987-23787005(+)	SMARCB1	tf_targeting	-0.304625	0.210630132329976
SMARCB1#chr22:23786990-23787008(+)	SMARCB1	tf_targeting	-1.6228021	0.0035752040289154
SMARCB1#chr22:23786994-23787012(-)	SMARCB1	tf_targeting	0.082370974	0.1656773018506096
SMARCB1#chr22:23787031-23787049(+)	SMARCB1	tf_targeting	-0.6643946	0.4404706060057874
SMARCB1#chr22:23787045-23787063(-)	SMARCB1	tf_targeting	-0.47216365	0.0775545908523649
SMARCB1#chr22:23787375-23787393(+)	SMARCB1	tf_targeting	-0.20038986	0.2298847871728264
SMARCB1#chr22:23791770-23791788(-)	SMARCB1	tf_targeting	0.041724175	0.7134207055811443
SMARCB1#chr22:23791773-23791791(-)	SMARCB1	tf_targeting	-0.0803119	0.7050477880555819
SMARCB1#chr22:23791794-23791812(+)	SMARCB1	tf_targeting	-0.15242039	0.6522135925986013
SMARCB1#chr22:23791797-23791815(+)	SMARCB1	tf_targeting	-0.24408336	0.2669700561248352
SMARCB1#chr22:23791807-23791825(-)	SMARCB1	tf_targeting	-0.2145713	0.2661308191886812
SMARCB1#chr22:23791813-23791831(+)	SMARCB1	tf_targeting	0.064957626	0.8699159606290404
SMARCC1#chr3:47781383-47781401(+)	SMARCC1	tf_targeting	-0.72229534	0.1567586802911252
SMARCC1#chr3:47781489-47781507(-)	SMARCC1	tf_targeting	-0.11751092	0.7382167321836666
SMARCC1#chr3:47781809-47781827(-)	SMARCC1	tf_targeting	-0.92142975	0.1051558546916522
SMARCC1#chr3:47781830-47781848(-)	SMARCC1	tf_targeting	0.012615783	0.985170801836954
SMARCC1#chr3:47781840-47781858(-)	SMARCC1	tf_targeting	-0.8064173	0.1823419696534898
SMARCC1#chr3:47781854-47781872(-)	SMARCC1	tf_targeting	-0.1376598	0.5563385875024319
SMARCC2#chr12:56189298-56189316(-)	SMARCC2	tf_targeting	-0.77750057	0.0277715776858698
SMARCC2#chr12:56189382-56189400(+)	SMARCC2	tf_targeting	-0.5895863	0.1699610068842548
SMARCC2#chr12:56189439-56189457(-)	SMARCC2	tf_targeting	-0.4371529	0.2969468588675474
SMARCC2#chr12:56189442-56189460(-)	SMARCC2	tf_targeting	-1.5914195	0.0095768492272189
SMARCC2#chr12:56189458-56189476(-)	SMARCC2	tf_targeting	-0.31249866	0.672414325715045
SMARCC2#chr12:56189461-56189479(-)	SMARCC2	tf_targeting	-1.7325191	0.0728470740770435
SMYD2#chr1:214281195-214281213(-)	SMYD2	tf_targeting	-0.3657076	0.2652508169365086
SMYD2#chr1:214281215-214281233(+)	SMYD2	tf_targeting	-2.085002	3.641179959421478e-08
SMYD2#chr1:214281239-214281257(+)	SMYD2	tf_targeting	-0.5182081	0.0351091977970952
SMYD2#chr1:214281256-214281274(-)	SMYD2	tf_targeting	-2.792662	1.227337477419973e-06
SMYD2#chr1:214281370-214281388(-)	SMYD2	tf_targeting	-1.6337413	1.218104561560341e-05
SMYD2#chr1:214281407-214281425(-)	SMYD2	tf_targeting	-0.83165514	0.0011719474625628
SMYD3#chr1:246507012-246507030(+)	SMYD3	tf_targeting	-1.8318608	9.212308071671906e-07
SMYD3#chr1:246507018-246507036(+)	SMYD3	tf_targeting	-0.16136444	0.3141826092326526
SMYD3#chr1:246507047-246507065(+)	SMYD3	tf_targeting	-2.5719585	7.173636990813829e-08
SMYD3#chr1:246507202-246507220(-)	SMYD3	tf_targeting	-2.8527772	3.851510825818556e-09
SMYD3#chr1:246507239-246507257(-)	SMYD3	tf_targeting	-1.3767357	8.024669234027163e-26
SMYD3#chr1:246507244-246507262(+)	SMYD3	tf_targeting	-1.1963086	6.294713489587883e-10
SNAI1#chr20:49982975-49982993(+)	SNAI1	tf_targeting		
SNAI1#chr20:49982987-49983005(+)	SNAI1	tf_targeting		
SNAI1#chr20:49983000-49983018(-)	SNAI1	tf_targeting		
SNAI1#chr20:49983052-49983070(-)	SNAI1	tf_targeting		
SNAI1#chr20:49983194-49983212(+)	SNAI1	tf_targeting		
SNAI1#chr20:49983454-49983472(+)	SNAI1	tf_targeting		
SNAI2#chr8:48921305-48921323(+)	SNAI2	tf_targeting	-0.49374276	0.5772557212859202
SNAI2#chr8:48921322-48921340(+)	SNAI2	tf_targeting	-1.8223132	1.3155012565330864e-06
SNAI2#chr8:48921325-48921343(+)	SNAI2	tf_targeting	-0.9987673	0.0138981785551553
SNAI2#chr8:48921368-48921386(-)	SNAI2	tf_targeting	-1.5217241	5.530260597869971e-05
SNAI2#chr8:48921371-48921389(+)	SNAI2	tf_targeting	-3.3314626	6.38421257629967e-08
SNAI2#chr8:48921375-48921393(+)	SNAI2	tf_targeting	-0.5419813	0.5538230052772812
SNAI3#chr16:88686281-88686299(-)	SNAI3	tf_targeting		
SNAI3#chr16:88686402-88686420(+)	SNAI3	tf_targeting		
SNAI3#chr16:88686460-88686478(-)	SNAI3	tf_targeting		
SNAI3#chr16:88686467-88686485(-)	SNAI3	tf_targeting		
SNAI3#chr16:88686475-88686493(+)	SNAI3	tf_targeting		
SNAI3#chr16:88686481-88686499(-)	SNAI3	tf_targeting		
SNAPC1#chr14:61762410-61762428(+)	SNAPC1	tf_targeting	0.14163896	0.8743403245310342
SNAPC1#chr14:61762418-61762436(-)	SNAPC1	tf_targeting	-0.013765564	0.9882898952110538
SNAPC1#chr14:61762428-61762446(+)	SNAPC1	tf_targeting	-0.68044776	0.4037546954982471
SNAPC1#chr14:61762444-61762462(+)	SNAPC1	tf_targeting	-0.18945198	0.8307196702237016
SNAPC1#chr14:61762712-61762730(-)	SNAPC1	tf_targeting	-0.28505325	0.7818306517087545
SNAPC1#chr14:61762778-61762796(-)	SNAPC1	tf_targeting	0.0063520637	0.9940818145579916
SNAPC2#chr19:7920344-7920362(+)	SNAPC2	tf_targeting	-0.18881267	0.8311784070680093
SNAPC2#chr19:7920354-7920372(-)	SNAPC2	tf_targeting	-0.14304087	0.8538882487354117
SNAPC2#chr19:7920392-7920410(+)	SNAPC2	tf_targeting	-0.9859839	0.1828523165535875
SNAPC2#chr19:7920764-7920782(+)	SNAPC2	tf_targeting	-1.4293374	0.0164610259998679
SNAPC2#chr19:7921000-7921018(+)	SNAPC2	tf_targeting	-0.69509166	0.2327151280682431
SNAPC2#chr19:7921020-7921038(+)	SNAPC2	tf_targeting	-1.1326656	0.2915330325064982
SNAPC3#chr9:15422862-15422880(+)	SNAPC3	tf_targeting	0.1589484	0.8593232135283269
SNAPC3#chr9:15422881-15422899(+)	SNAPC3	tf_targeting	0.07768112	0.9390308986607454
SNAPC3#chr9:15422897-15422915(-)	SNAPC3	tf_targeting	0.38216045	0.6727761222275646
SNAPC3#chr9:15422902-15422920(+)	SNAPC3	tf_targeting	-0.42669088	0.5982078607788428
SNAPC3#chr9:15422905-15422923(+)	SNAPC3	tf_targeting	0.5966491	0.372416693744611
SNAPC3#chr9:15423102-15423120(+)	SNAPC3	tf_targeting	-0.11288594	0.9008195767817532
SNAPC4#chr9:136376833-136376851(-)	SNAPC4	tf_targeting		
SNAPC4#chr9:136377162-136377180(-)	SNAPC4	tf_targeting		
SNAPC4#chr9:136377244-136377262(-)	SNAPC4	tf_targeting		
SNAPC4#chr9:136377252-136377270(+)	SNAPC4	tf_targeting		
SNAPC4#chr9:136377436-136377454(-)	SNAPC4	tf_targeting		
SNAPC4#chr9:136377467-136377485(+)	SNAPC4	tf_targeting		
SNAPC5#chr15:66497410-66497428(-)	SNAPC5	tf_targeting	-0.4788748	0.466779378812865
SNAPC5#chr15:66497598-66497616(+)	SNAPC5	tf_targeting	-1.0119915	0.2240808210790737
SNAPC5#chr15:66497739-66497757(+)	SNAPC5	tf_targeting	-0.888102	0.2674047392207936
SNAPC5#chr15:66497752-66497770(-)	SNAPC5	tf_targeting	0.051608615	0.9568565315977474
SNAPC5#chr15:66497756-66497774(-)	SNAPC5	tf_targeting	-0.934514	0.0010613923614305
SNAPC5#chr15:66497759-66497777(-)	SNAPC5	tf_targeting	-0.106482685	0.7890847319900967
SOHLH1#chr9:135699409-135699427(+)	SOHLH1	tf_targeting		
SOHLH1#chr9:135699419-135699437(+)	SOHLH1	tf_targeting		
SOHLH1#chr9:135699425-135699443(+)	SOHLH1	tf_targeting		
SOHLH1#chr9:135699437-135699455(-)	SOHLH1	tf_targeting		
SOHLH1#chr9:135699440-135699458(-)	SOHLH1	tf_targeting		
SOHLH1#chr9:135699459-135699477(-)	SOHLH1	tf_targeting		
SOHLH2#chr13:36214360-36214378(-)	SOHLH2	tf_targeting		
SOHLH2#chr13:36214473-36214491(+)	SOHLH2	tf_targeting		
SOHLH2#chr13:36214485-36214503(+)	SOHLH2	tf_targeting		
SOHLH2#chr13:36214498-36214516(+)	SOHLH2	tf_targeting		
SOHLH2#chr13:36214532-36214550(-)	SOHLH2	tf_targeting		
SOHLH2#chr13:36214534-36214552(+)	SOHLH2	tf_targeting		
SON#chr21:33543047-33543065(+)	SON	tf_targeting	0.040712133	0.9024232548573492
SON#chr21:33543066-33543084(+)	SON	tf_targeting	-0.5263342	0.5845868113703573
SON#chr21:33543453-33543471(-)	SON	tf_targeting	-0.4777098	0.4861769190214786
SON#chr21:33543472-33543490(-)	SON	tf_targeting	-0.22011448	0.6398914545232443
SON#chr21:33543484-33543502(-)	SON	tf_targeting	0.12043987	0.8508138614664832
SON#chr21:33543549-33543567(-)	SON	tf_targeting	-0.21683498	0.3220722374278686
SON#chr21:33549545-33549563(-)	SON	tf_targeting	0.2789718	0.1050674142257429
SON#chr21:33549648-33549666(+)	SON	tf_targeting	0.084456205	0.5528974950663178
SON#chr21:33549718-33549736(-)	SON	tf_targeting	-0.19676155	0.4397999723457869
SON#chr21:33549742-33549760(-)	SON	tf_targeting	0.01772671	0.9463612175063252
SON#chr21:33549770-33549788(-)	SON	tf_targeting	-0.01188509	0.9489347367328828
SON#chr21:33549796-33549814(+)	SON	tf_targeting	-0.23729326	0.1303241113055635
SOX1#chr13:112067181-112067199(-)	SOX1	tf_targeting		
SOX1#chr13:112067199-112067217(-)	SOX1	tf_targeting		
SOX1#chr13:112067214-112067232(-)	SOX1	tf_targeting		
SOX1#chr13:112067233-112067251(+)	SOX1	tf_targeting		
SOX1#chr13:112067596-112067614(-)	SOX1	tf_targeting		
SOX1#chr13:112067788-112067806(+)	SOX1	tf_targeting		
SOX10#chr22:37984345-37984363(+)	SOX10	tf_targeting		
SOX10#chr22:37984471-37984489(+)	SOX10	tf_targeting		
SOX10#chr22:37984475-37984493(+)	SOX10	tf_targeting		
SOX10#chr22:37984502-37984520(-)	SOX10	tf_targeting		
SOX10#chr22:37984509-37984527(-)	SOX10	tf_targeting		
SOX10#chr22:37984524-37984542(-)	SOX10	tf_targeting		
SOX11#chr2:5692396-5692414(+)	SOX11	tf_targeting	-0.57919973	0.484824402195419
SOX11#chr2:5692405-5692423(-)	SOX11	tf_targeting	-2.8945038	1.6982319457792033e-13
SOX11#chr2:5692428-5692446(+)	SOX11	tf_targeting	-0.9321765	0.0031248281290196
SOX11#chr2:5692449-5692467(-)	SOX11	tf_targeting	-0.65170604	0.0852307601117989
SOX11#chr2:5692490-5692508(-)	SOX11	tf_targeting	-0.57154304	0.2254617737335747
SOX11#chr2:5692493-5692511(-)	SOX11	tf_targeting	-1.7155818	3.831814356551744e-06
SOX12#chr20:325872-325890(-)	SOX12	tf_targeting		
SOX12#chr20:325891-325909(-)	SOX12	tf_targeting		
SOX12#chr20:325907-325925(+)	SOX12	tf_targeting		
SOX12#chr20:325911-325929(-)	SOX12	tf_targeting		
SOX12#chr20:325941-325959(+)	SOX12	tf_targeting		
SOX12#chr20:326068-326086(+)	SOX12	tf_targeting		
SOX13#chr1:204073095-204073113(-)	SOX13	tf_targeting		
SOX13#chr1:204073104-204073122(-)	SOX13	tf_targeting		
SOX13#chr1:204073138-204073156(-)	SOX13	tf_targeting		
SOX13#chr1:204073154-204073172(-)	SOX13	tf_targeting		
SOX13#chr1:204073191-204073209(+)	SOX13	tf_targeting		
SOX13#chr1:204073305-204073323(+)	SOX13	tf_targeting		
SOX14#chr3:137764309-137764327(-)	SOX14	tf_targeting		
SOX14#chr3:137764344-137764362(+)	SOX14	tf_targeting		
SOX14#chr3:137764348-137764366(+)	SOX14	tf_targeting		
SOX14#chr3:137764362-137764380(-)	SOX14	tf_targeting		
SOX14#chr3:137764570-137764588(-)	SOX14	tf_targeting		
SOX14#chr3:137764672-137764690(+)	SOX14	tf_targeting		
SOX15#chr17:7589761-7589779(-)	SOX15	tf_targeting		
SOX15#chr17:7589891-7589909(-)	SOX15	tf_targeting		
SOX15#chr17:7590016-7590034(-)	SOX15	tf_targeting		
SOX15#chr17:7590030-7590048(-)	SOX15	tf_targeting		
SOX15#chr17:7590038-7590056(+)	SOX15	tf_targeting		
SOX15#chr17:7590057-7590075(+)	SOX15	tf_targeting		
SOX17#chr8:54457938-54457956(+)	SOX17	tf_targeting		
SOX17#chr8:54457963-54457981(-)	SOX17	tf_targeting		
SOX17#chr8:54457983-54458001(+)	SOX17	tf_targeting		
SOX17#chr8:54457986-54458004(+)	SOX17	tf_targeting		
SOX17#chr8:54458095-54458113(+)	SOX17	tf_targeting		
SOX17#chr8:54458136-54458154(+)	SOX17	tf_targeting		
SOX18#chr20:64049282-64049300(-)	SOX18	tf_targeting		
SOX18#chr20:64049410-64049428(+)	SOX18	tf_targeting		
SOX18#chr20:64049589-64049607(-)	SOX18	tf_targeting		
SOX18#chr20:64049605-64049623(+)	SOX18	tf_targeting		
SOX18#chr20:64049609-64049627(+)	SOX18	tf_targeting		
SOX18#chr20:64049617-64049635(+)	SOX18	tf_targeting		
SOX2#chr3:181711908-181711926(+)	SOX2	tf_targeting		
SOX2#chr3:181712018-181712036(-)	SOX2	tf_targeting		
SOX2#chr3:181712126-181712144(+)	SOX2	tf_targeting		
SOX2#chr3:181712171-181712189(-)	SOX2	tf_targeting		
SOX2#chr3:181712398-181712416(+)	SOX2	tf_targeting		
SOX2#chr3:181712421-181712439(+)	SOX2	tf_targeting		
SOX21#chr13:94712239-94712257(-)	SOX21	tf_targeting		
SOX21#chr13:94712467-94712485(+)	SOX21	tf_targeting		
SOX21#chr13:94712498-94712516(-)	SOX21	tf_targeting		
SOX21#chr13:94712500-94712518(+)	SOX21	tf_targeting		
SOX21#chr13:94712503-94712521(+)	SOX21	tf_targeting		
SOX21#chr13:94712518-94712536(-)	SOX21	tf_targeting		
SOX3#chrX:140504675-140504693(-)	SOX3	tf_targeting		
SOX3#chrX:140504822-140504840(+)	SOX3	tf_targeting		
SOX3#chrX:140504849-140504867(+)	SOX3	tf_targeting		
SOX3#chrX:140504955-140504973(+)	SOX3	tf_targeting		
SOX3#chrX:140505001-140505019(+)	SOX3	tf_targeting		
SOX3#chrX:140505018-140505036(-)	SOX3	tf_targeting		
SOX30#chr5:157651937-157651955(+)	SOX30	tf_targeting		
SOX30#chr5:157652293-157652311(-)	SOX30	tf_targeting		
SOX30#chr5:157652312-157652330(+)	SOX30	tf_targeting		
SOX30#chr5:157652316-157652334(+)	SOX30	tf_targeting		
SOX30#chr5:157652331-157652349(-)	SOX30	tf_targeting		
SOX30#chr5:157652343-157652361(-)	SOX30	tf_targeting		
SOX30#chr5:157671198-157671216(-)	SOX30	tf_targeting		
SOX30#chr5:157671368-157671386(+)	SOX30	tf_targeting		
SOX30#chr5:157671371-157671389(+)	SOX30	tf_targeting		
SOX30#chr5:157671377-157671395(-)	SOX30	tf_targeting		
SOX30#chr5:157671387-157671405(-)	SOX30	tf_targeting		
SOX30#chr5:157671427-157671445(-)	SOX30	tf_targeting		
SOX4#chr6:21593726-21593744(+)	SOX4	tf_targeting	-1.4454405	8.451218332129864e-51
SOX4#chr6:21593797-21593815(-)	SOX4	tf_targeting	-0.7996986	0.00408311893812
SOX4#chr6:21593972-21593990(-)	SOX4	tf_targeting	-0.6410996	1.850927575034558e-07
SOX4#chr6:21593986-21594004(-)	SOX4	tf_targeting	-0.6931134	1.5669817317686634e-06
SOX4#chr6:21594155-21594173(+)	SOX4	tf_targeting	-0.6839912	1.6663421372469156e-20
SOX4#chr6:21594209-21594227(-)	SOX4	tf_targeting	-0.86359274	2.4454199078714896e-11
SOX4#chr6:21597711-21597729(+)	SOX4	tf_targeting	-0.1719214	0.384102281305293
SOX4#chr6:21597757-21597775(-)	SOX4	tf_targeting	0.0549668	0.7495697842938287
SOX4#chr6:21597813-21597831(-)	SOX4	tf_targeting	-0.50709724	0.0052529472374937
SOX4#chr6:21597868-21597886(-)	SOX4	tf_targeting	-0.011643878	0.9506459163076908
SOX4#chr6:21597874-21597892(+)	SOX4	tf_targeting	-0.3508481	0.094922010687017
SOX4#chr6:21597895-21597913(+)	SOX4	tf_targeting	0.05707017	0.7570501402252806
SOX5#chr12:23895747-23895765(+)	SOX5	tf_targeting	-0.31463584	0.4610698681395052
SOX5#chr12:23895795-23895813(-)	SOX5	tf_targeting	0.12982278	0.5176518765958574
SOX5#chr12:23895978-23895996(+)	SOX5	tf_targeting	-0.1389773	0.4171216616748721
SOX5#chr12:23895983-23896001(+)	SOX5	tf_targeting	-0.08231851	0.6783779887819604
SOX5#chr12:23895994-23896012(-)	SOX5	tf_targeting	-0.22404468	0.2645328635733111
SOX5#chr12:23896007-23896025(+)	SOX5	tf_targeting	-0.056826614	0.7826666958549306
SOX5#chr12:23949569-23949587(+)	SOX5	tf_targeting	-0.1147934	0.6149736093063467
SOX5#chr12:23949655-23949673(-)	SOX5	tf_targeting	-0.48304287	0.3911644252099899
SOX5#chr12:23949664-23949682(-)	SOX5	tf_targeting	-0.0022453847	0.9883500531506508
SOX5#chr12:23949827-23949845(-)	SOX5	tf_targeting	-0.0856217	0.7031581655740005
SOX5#chr12:23949832-23949850(+)	SOX5	tf_targeting	-0.02973089	0.8817994266160561
SOX5#chr12:23949836-23949854(-)	SOX5	tf_targeting	-0.77688605	0.1267734413545036
SOX6#chr11:16341166-16341184(+)	SOX6	tf_targeting	0.19500865	0.5061968846375949
SOX6#chr11:16341170-16341188(-)	SOX6	tf_targeting	0.09554324	0.5568757657576799
SOX6#chr11:16341200-16341218(-)	SOX6	tf_targeting	0.38861102	0.0181713933895275
SOX6#chr11:16341205-16341223(-)	SOX6	tf_targeting	-0.20578021	0.3749489325027422
SOX6#chr11:16341208-16341226(+)	SOX6	tf_targeting	0.20129299	0.3096647273963649
SOX6#chr11:16341220-16341238(+)	SOX6	tf_targeting	-0.0022606102	0.9943747414478262
SOX6#chr11:16402517-16402535(-)	SOX6	tf_targeting	0.09312193	0.7000422881538311
SOX6#chr11:16402688-16402706(-)	SOX6	tf_targeting	-0.013175478	0.9634941774380048
SOX6#chr11:16402694-16402712(-)	SOX6	tf_targeting	0.14274123	0.4758463137663042
SOX6#chr11:16402722-16402740(+)	SOX6	tf_targeting	-0.11274447	0.6353028476110258
SOX6#chr11:16402728-16402746(-)	SOX6	tf_targeting	0.2756001	0.1943056136451878
SOX6#chr11:16402734-16402752(-)	SOX6	tf_targeting	0.12849264	0.5345001392891171
SOX6#chr11:16475902-16475920(+)	SOX6	tf_targeting	0.09634434	0.7867314117562152
SOX6#chr11:16476028-16476046(-)	SOX6	tf_targeting	0.03094895	0.8452850007627302
SOX6#chr11:16476089-16476107(+)	SOX6	tf_targeting	0.30672905	0.0875724060756365
SOX6#chr11:16476141-16476159(-)	SOX6	tf_targeting	0.4350564	0.0734996148160087
SOX6#chr11:16476307-16476325(-)	SOX6	tf_targeting	0.23312825	0.091260261830487
SOX6#chr11:16476349-16476367(-)	SOX6	tf_targeting	-0.29606655	0.1631571621652051
SOX7#chr8:10839664-10839682(-)	SOX7	tf_targeting		
SOX7#chr8:10839784-10839802(-)	SOX7	tf_targeting		
SOX7#chr8:10839790-10839808(+)	SOX7	tf_targeting		
SOX7#chr8:10839828-10839846(-)	SOX7	tf_targeting		
SOX7#chr8:10839839-10839857(+)	SOX7	tf_targeting		
SOX7#chr8:10839842-10839860(+)	SOX7	tf_targeting		
SOX8#chr16:981821-981839(+)	SOX8	tf_targeting		
SOX8#chr16:981825-981843(-)	SOX8	tf_targeting		
SOX8#chr16:981840-981858(+)	SOX8	tf_targeting		
SOX8#chr16:981956-981974(-)	SOX8	tf_targeting		
SOX8#chr16:982134-982152(+)	SOX8	tf_targeting		
SOX8#chr16:982388-982406(-)	SOX8	tf_targeting		
SOX9#chr17:72121014-72121032(+)	SOX9	tf_targeting		
SOX9#chr17:72121031-72121049(+)	SOX9	tf_targeting		
SOX9#chr17:72121080-72121098(-)	SOX9	tf_targeting		
SOX9#chr17:72121188-72121206(-)	SOX9	tf_targeting		
SOX9#chr17:72121229-72121247(-)	SOX9	tf_targeting		
SOX9#chr17:72121245-72121263(-)	SOX9	tf_targeting		
SP1#chr12:53380184-53380202(-)	SP1	tf_targeting	-0.1573065	0.8036919244643976
SP1#chr12:53380195-53380213(-)	SP1	tf_targeting	-0.110491745	0.8646223536752566
SP1#chr12:53380213-53380231(-)	SP1	tf_targeting	-0.11795056	0.9081064603133836
SP1#chr12:53380293-53380311(-)	SP1	tf_targeting	-0.22292973	0.7605237222237887
SP1#chr12:53380367-53380385(+)	SP1	tf_targeting	-0.52629995	0.1663072257668731
SP1#chr12:53380591-53380609(-)	SP1	tf_targeting	-0.095775366	0.6863592569583685
SP100#chr2:230416187-230416205(+)	SP100	tf_targeting		
SP100#chr2:230416194-230416212(-)	SP100	tf_targeting		
SP100#chr2:230416229-230416247(+)	SP100	tf_targeting		
SP100#chr2:230416237-230416255(+)	SP100	tf_targeting		
SP100#chr2:230416358-230416376(-)	SP100	tf_targeting		
SP100#chr2:230416596-230416614(+)	SP100	tf_targeting		
SP110#chr2:230219609-230219627(+)	SP110	tf_targeting		
SP110#chr2:230219732-230219750(-)	SP110	tf_targeting		
SP110#chr2:230219743-230219761(-)	SP110	tf_targeting		
SP110#chr2:230219891-230219909(+)	SP110	tf_targeting		
SP110#chr2:230219921-230219939(+)	SP110	tf_targeting		
SP110#chr2:230219933-230219951(+)	SP110	tf_targeting		
SP140#chr2:230225743-230225761(+)	SP140	tf_targeting		
SP140#chr2:230225760-230225778(-)	SP140	tf_targeting		
SP140#chr2:230225815-230225833(+)	SP140	tf_targeting		
SP140#chr2:230225926-230225944(-)	SP140	tf_targeting		
SP140#chr2:230225928-230225946(+)	SP140	tf_targeting		
SP140#chr2:230225935-230225953(-)	SP140	tf_targeting		
SP140L#chr2:230327166-230327184(+)	SP140L	tf_targeting		
SP140L#chr2:230327198-230327216(+)	SP140L	tf_targeting		
SP140L#chr2:230327210-230327228(+)	SP140L	tf_targeting		
SP140L#chr2:230327215-230327233(+)	SP140L	tf_targeting		
SP140L#chr2:230327241-230327259(+)	SP140L	tf_targeting		
SP140L#chr2:230327416-230327434(+)	SP140L	tf_targeting		
SP2#chr17:47896230-47896248(+)	SP2	tf_targeting		
SP2#chr17:47896273-47896291(+)	SP2	tf_targeting		
SP2#chr17:47896308-47896326(-)	SP2	tf_targeting		
SP2#chr17:47896658-47896676(-)	SP2	tf_targeting		
SP2#chr17:47896689-47896707(-)	SP2	tf_targeting		
SP2#chr17:47896702-47896720(-)	SP2	tf_targeting		
SP3#chr2:173963513-173963531(-)	SP3	tf_targeting	0.1221917	0.794135063307166
SP3#chr2:173963585-173963603(+)	SP3	tf_targeting	-0.4671964	0.2259863454072229
SP3#chr2:173963614-173963632(+)	SP3	tf_targeting	-0.4127026	0.3760740599775428
SP3#chr2:173963847-173963865(+)	SP3	tf_targeting	-0.5582566	0.2296017447170087
SP3#chr2:173963853-173963871(+)	SP3	tf_targeting	-1.7086272	0.0012166595355599
SP3#chr2:173964242-173964260(+)	SP3	tf_targeting	0.4740836	0.402385207386706
SP4#chr7:21428042-21428060(+)	SP4	tf_targeting	-1.0185333	8.580815006355315e-05
SP4#chr7:21428095-21428113(+)	SP4	tf_targeting	-0.736965	0.2275991028705518
SP4#chr7:21428125-21428143(-)	SP4	tf_targeting	-0.5155816	0.5006826930846708
SP4#chr7:21428141-21428159(-)	SP4	tf_targeting	-0.11869667	0.8404482556085734
SP4#chr7:21428144-21428162(-)	SP4	tf_targeting	-1.5917109	5.403002684779293e-05
SP4#chr7:21428238-21428256(+)	SP4	tf_targeting	0.07731822	0.802386361163902
SP5#chr2:170715355-170715373(+)	SP5	tf_targeting		
SP5#chr2:170715364-170715382(+)	SP5	tf_targeting		
SP5#chr2:170715389-170715407(+)	SP5	tf_targeting		
SP5#chr2:170715437-170715455(-)	SP5	tf_targeting		
SP5#chr2:170715565-170715583(+)	SP5	tf_targeting		
SP5#chr2:170716304-170716322(-)	SP5	tf_targeting		
SP6#chr17:47850987-47851005(+)	SP6	tf_targeting		
SP6#chr17:47851021-47851039(+)	SP6	tf_targeting		
SP6#chr17:47851024-47851042(+)	SP6	tf_targeting		
SP6#chr17:47851083-47851101(+)	SP6	tf_targeting		
SP6#chr17:47851141-47851159(-)	SP6	tf_targeting		
SP6#chr17:47851144-47851162(-)	SP6	tf_targeting		
SP7#chr12:53336226-53336244(-)	SP7	tf_targeting		
SP7#chr12:53336279-53336297(-)	SP7	tf_targeting		
SP7#chr12:53336295-53336313(-)	SP7	tf_targeting		
SP7#chr12:53336303-53336321(-)	SP7	tf_targeting		
SP7#chr12:53336315-53336333(-)	SP7	tf_targeting		
SP7#chr12:53336372-53336390(+)	SP7	tf_targeting		
SP8#chr7:20786502-20786520(+)	SP8	tf_targeting		
SP8#chr7:20786673-20786691(+)	SP8	tf_targeting		
SP8#chr7:20786692-20786710(-)	SP8	tf_targeting		
SP8#chr7:20786818-20786836(-)	SP8	tf_targeting		
SP8#chr7:20786821-20786839(-)	SP8	tf_targeting		
SP8#chr7:20786907-20786925(-)	SP8	tf_targeting		
SP9#chr2:174334930-174334948(+)	SP9	tf_targeting		
SP9#chr2:174334966-174334984(+)	SP9	tf_targeting		
SP9#chr2:174334975-174334993(-)	SP9	tf_targeting		
SP9#chr2:174335013-174335031(-)	SP9	tf_targeting		
SP9#chr2:174335091-174335109(+)	SP9	tf_targeting		
SP9#chr2:174335159-174335177(+)	SP9	tf_targeting		
SPDEF#chr6:34555882-34555900(+)	SPDEF	tf_targeting		
SPDEF#chr6:34555931-34555949(-)	SPDEF	tf_targeting		
SPDEF#chr6:34555961-34555979(+)	SPDEF	tf_targeting		
SPDEF#chr6:34556236-34556254(+)	SPDEF	tf_targeting		
SPDEF#chr6:34556245-34556263(+)	SPDEF	tf_targeting		
SPDEF#chr6:34556280-34556298(+)	SPDEF	tf_targeting		
SPEN#chr1:15847812-15847830(+)	SPEN	tf_targeting	-0.7099769	0.0019804992618851
SPEN#chr1:15847822-15847840(+)	SPEN	tf_targeting	0.06486318	0.9198947923236392
SPEN#chr1:15847830-15847848(+)	SPEN	tf_targeting	-1.169835	0.0856186747172383
SPEN#chr1:15847874-15847892(+)	SPEN	tf_targeting	-0.07924902	0.9037726743719644
SPEN#chr1:15847900-15847918(+)	SPEN	tf_targeting	-0.754705	0.0671894158872376
SPEN#chr1:15848250-15848268(+)	SPEN	tf_targeting	-0.70939726	0.1351208345427163
SPI1#chr11:47378292-47378310(+)	SPI1	tf_targeting		
SPI1#chr11:47378429-47378447(-)	SPI1	tf_targeting		
SPI1#chr11:47378432-47378450(+)	SPI1	tf_targeting		
SPI1#chr11:47378469-47378487(+)	SPI1	tf_targeting		
SPI1#chr11:47378477-47378495(+)	SPI1	tf_targeting		
SPI1#chr11:47378513-47378531(-)	SPI1	tf_targeting		
SPIB#chr19:50418934-50418952(+)	SPIB	tf_targeting		
SPIB#chr19:50418954-50418972(+)	SPIB	tf_targeting		
SPIB#chr19:50418957-50418975(+)	SPIB	tf_targeting		
SPIB#chr19:50418975-50418993(+)	SPIB	tf_targeting		
SPIB#chr19:50419000-50419018(-)	SPIB	tf_targeting		
SPIB#chr19:50419171-50419189(-)	SPIB	tf_targeting		
SPIC#chr12:101475319-101475337(+)	SPIC	tf_targeting		
SPIC#chr12:101475482-101475500(+)	SPIC	tf_targeting		
SPIC#chr12:101475502-101475520(-)	SPIC	tf_targeting		
SPIC#chr12:101475560-101475578(-)	SPIC	tf_targeting		
SPIC#chr12:101475674-101475692(+)	SPIC	tf_targeting		
SPIC#chr12:101475786-101475804(+)	SPIC	tf_targeting		
SPZ1#chr5:80320044-80320062(-)	SPZ1	tf_targeting		
SPZ1#chr5:80320072-80320090(-)	SPZ1	tf_targeting		
SPZ1#chr5:80320075-80320093(-)	SPZ1	tf_targeting		
SPZ1#chr5:80320102-80320120(-)	SPZ1	tf_targeting		
SPZ1#chr5:80320207-80320225(-)	SPZ1	tf_targeting		
SPZ1#chr5:80320305-80320323(-)	SPZ1	tf_targeting		
SRCAP#chr16:30698167-30698185(+)	SRCAP	tf_targeting		
SRCAP#chr16:30698170-30698188(+)	SRCAP	tf_targeting		
SRCAP#chr16:30698173-30698191(+)	SRCAP	tf_targeting		
SRCAP#chr16:30698232-30698250(+)	SRCAP	tf_targeting		
SRCAP#chr16:30699172-30699190(+)	SRCAP	tf_targeting		
SRCAP#chr16:30699331-30699349(+)	SRCAP	tf_targeting		
SREBF1#chr17:17823142-17823160(+)	SREBF1	tf_targeting		
SREBF1#chr17:17823560-17823578(-)	SREBF1	tf_targeting		
SREBF1#chr17:17823577-17823595(-)	SREBF1	tf_targeting		
SREBF1#chr17:17823584-17823602(-)	SREBF1	tf_targeting		
SREBF1#chr17:17823595-17823613(+)	SREBF1	tf_targeting		
SREBF1#chr17:17823601-17823619(-)	SREBF1	tf_targeting		
SREBF1#chr17:17836540-17836558(+)	SREBF1	tf_targeting		
SREBF1#chr17:17836633-17836651(+)	SREBF1	tf_targeting		
SREBF1#chr17:17836858-17836876(+)	SREBF1	tf_targeting		
SREBF1#chr17:17836915-17836933(-)	SREBF1	tf_targeting		
SREBF1#chr17:17836918-17836936(-)	SREBF1	tf_targeting		
SREBF1#chr17:17836960-17836978(+)	SREBF1	tf_targeting		
SREBF2#chr22:41833139-41833157(+)	SREBF2	tf_targeting	-1.2278919	3.4974920315266214e-15
SREBF2#chr22:41833144-41833162(+)	SREBF2	tf_targeting	-0.9371205	0.001357817395628
SREBF2#chr22:41833147-41833165(+)	SREBF2	tf_targeting	-2.1747322	0.0003446186306014
SREBF2#chr22:41833156-41833174(-)	SREBF2	tf_targeting	-2.3983583	3.353430876545875e-15
SREBF2#chr22:41833263-41833281(+)	SREBF2	tf_targeting	-1.265602	0.000589510922949
SREBF2#chr22:41833338-41833356(+)	SREBF2	tf_targeting	-1.7715826	0.0001940915232456
SRF#chr6:43171413-43171431(+)	SRF	tf_targeting	-0.007004345	0.9858009207936538
SRF#chr6:43171449-43171467(+)	SRF	tf_targeting	-0.4119552	0.5016575866033861
SRF#chr6:43171489-43171507(-)	SRF	tf_targeting	-0.07625015	0.8363049803877536
SRF#chr6:43171528-43171546(+)	SRF	tf_targeting	-0.27623734	0.6894371078114334
SRF#chr6:43171633-43171651(-)	SRF	tf_targeting	0.42420822	0.5848647697977765
SRF#chr6:43171868-43171886(+)	SRF	tf_targeting	-0.41771057	0.3482483751235079
SRY#chrY:2787313-2787331(-)	SRY	tf_targeting		
SRY#chrY:2787382-2787400(-)	SRY	tf_targeting		
SRY#chrY:2787596-2787614(+)	SRY	tf_targeting		
SRY#chrY:2787618-2787636(+)	SRY	tf_targeting		
SRY#chrY:2787671-2787689(-)	SRY	tf_targeting		
SRY#chrY:2787687-2787705(-)	SRY	tf_targeting		
SS18#chr18:26090413-26090431(-)	SS18	tf_targeting	-1.0438367	0.1471067453855663
SS18#chr18:26090577-26090595(-)	SS18	tf_targeting	-0.87954867	0.3685836239648375
SS18#chr18:26090580-26090598(-)	SS18	tf_targeting	-0.17816626	0.7621579872761028
SS18#chr18:26090586-26090604(-)	SS18	tf_targeting	-0.1646049	0.7878556841630538
SS18#chr18:26090591-26090609(+)	SS18	tf_targeting	-0.6463087	0.0920035297199888
SS18#chr18:26090609-26090627(+)	SS18	tf_targeting	-0.90217745	0.2953688787377835
SSRP1#chr11:57335432-57335450(-)	SSRP1	tf_targeting	-0.20830919	0.7532544943850198
SSRP1#chr11:57335442-57335460(-)	SSRP1	tf_targeting	-0.28842917	0.7358036650851516
SSRP1#chr11:57335482-57335500(+)	SSRP1	tf_targeting	-0.010931833	0.9903946900769108
SSRP1#chr11:57335826-57335844(-)	SSRP1	tf_targeting	-0.5320142	0.3027340408287859
SSRP1#chr11:57335861-57335879(+)	SSRP1	tf_targeting	-0.5069837	0.3845445478440542
SSRP1#chr11:57335865-57335883(-)	SSRP1	tf_targeting	-0.07132606	0.9336221924944388
ST18#chr8:52409536-52409554(-)	ST18	tf_targeting		
ST18#chr8:52409679-52409697(-)	ST18	tf_targeting		
ST18#chr8:52409723-52409741(+)	ST18	tf_targeting		
ST18#chr8:52409728-52409746(-)	ST18	tf_targeting		
ST18#chr8:52409735-52409753(-)	ST18	tf_targeting		
ST18#chr8:52409750-52409768(-)	ST18	tf_targeting		
STAT1#chr2:191014019-191014037(+)	STAT1	tf_targeting	-2.0515692	0.0014523025203543
STAT1#chr2:191014091-191014109(-)	STAT1	tf_targeting	-1.9746199	0.0001253757290552
STAT1#chr2:191014107-191014125(+)	STAT1	tf_targeting	-2.828966	2.4167916074595144e-10
STAT1#chr2:191014124-191014142(-)	STAT1	tf_targeting	-1.4283528	3.189653523201896e-05
STAT1#chr2:191014142-191014160(-)	STAT1	tf_targeting	-2.3000467	0.0002943473214869
STAT1#chr2:191014157-191014175(+)	STAT1	tf_targeting	-2.2149749	0.0041870779960063
STAT2#chr12:56360046-56360064(+)	STAT2	tf_targeting	-1.7083485	0.0142312467173568
STAT2#chr12:56360071-56360089(+)	STAT2	tf_targeting	-4.0596957	2.924016800675145e-07
STAT2#chr12:56360085-56360103(-)	STAT2	tf_targeting	-1.3681655	0.1338049772570152
STAT2#chr12:56360089-56360107(-)	STAT2	tf_targeting	-1.6859846	0.0301958369921938
STAT2#chr12:56360111-56360129(-)	STAT2	tf_targeting	-0.3918566	0.5674878908511551
STAT2#chr12:56360116-56360134(-)	STAT2	tf_targeting	-1.7230982	0.0032724499342305
STAT3#chr17:42388355-42388373(+)	STAT3	tf_targeting	-1.8264483	5.425188141985748e-05
STAT3#chr17:42388362-42388380(-)	STAT3	tf_targeting	-2.7735155	4.137995524379251e-09
STAT3#chr17:42388372-42388390(-)	STAT3	tf_targeting	-1.5894055	0.0028646916914566
STAT3#chr17:42388396-42388414(-)	STAT3	tf_targeting	-0.31337413	0.1211623655222656
STAT3#chr17:42388399-42388417(+)	STAT3	tf_targeting	-1.816759	0.0002840234891831
STAT3#chr17:42388404-42388422(-)	STAT3	tf_targeting	-2.618826	3.747396374109273e-07
STAT4#chr2:191150702-191150720(+)	STAT4	tf_targeting		
STAT4#chr2:191150765-191150783(+)	STAT4	tf_targeting		
STAT4#chr2:191150924-191150942(-)	STAT4	tf_targeting		
STAT4#chr2:191150946-191150964(+)	STAT4	tf_targeting		
STAT4#chr2:191151006-191151024(-)	STAT4	tf_targeting		
STAT4#chr2:191151069-191151087(-)	STAT4	tf_targeting		
STAT5A#chr17:42288767-42288785(+)	STAT5A	tf_targeting		
STAT5A#chr17:42288809-42288827(+)	STAT5A	tf_targeting		
STAT5A#chr17:42288858-42288876(+)	STAT5A	tf_targeting		
STAT5A#chr17:42288874-42288892(+)	STAT5A	tf_targeting		
STAT5A#chr17:42288961-42288979(-)	STAT5A	tf_targeting		
STAT5A#chr17:42289018-42289036(+)	STAT5A	tf_targeting		
STAT5B#chr17:42275927-42275945(-)	STAT5B	tf_targeting	-0.78284353	0.2560111413243237
STAT5B#chr17:42276115-42276133(+)	STAT5B	tf_targeting	-2.0025892	4.292448848247044e-05
STAT5B#chr17:42276250-42276268(-)	STAT5B	tf_targeting	-1.0391525	0.2622448586958041
STAT5B#chr17:42276341-42276359(-)	STAT5B	tf_targeting	-3.3506541	5.61535744360334e-09
STAT5B#chr17:42276354-42276372(-)	STAT5B	tf_targeting	-1.5446221	1.1018390398713864e-05
STAT5B#chr17:42276371-42276389(-)	STAT5B	tf_targeting	-0.45289063	0.4948822313230235
STAT6#chr12:57111112-57111130(+)	STAT6	tf_targeting		
STAT6#chr12:57111182-57111200(-)	STAT6	tf_targeting		
STAT6#chr12:57111334-57111352(-)	STAT6	tf_targeting		
STAT6#chr12:57111337-57111355(-)	STAT6	tf_targeting		
STAT6#chr12:57111362-57111380(-)	STAT6	tf_targeting		
STAT6#chr12:57111369-57111387(-)	STAT6	tf_targeting		
STOX2#chr4:183905333-183905351(-)	STOX2	tf_targeting	-0.20609324	0.4861418760796362
STOX2#chr4:183905346-183905364(+)	STOX2	tf_targeting	-0.37536573	0.222614937665126
STOX2#chr4:183905379-183905397(+)	STOX2	tf_targeting	-0.9279863	0.103729002420539
STOX2#chr4:183905523-183905541(-)	STOX2	tf_targeting	-1.569539	2.870829506177108e-05
STOX2#chr4:183905558-183905576(-)	STOX2	tf_targeting	-0.15148778	0.8630934608926246
STOX2#chr4:183905791-183905809(-)	STOX2	tf_targeting	-0.7809065	0.0065295612135083
STOX2#chr4:183906652-183906670(+)	STOX2	tf_targeting	-1.2322565	0.0097131944304839
STOX2#chr4:183906701-183906719(-)	STOX2	tf_targeting	-1.9648217	4.375189519192541e-05
STOX2#chr4:183906708-183906726(+)	STOX2	tf_targeting	-1.2302392	4.905468397570815e-05
STOX2#chr4:183906716-183906734(-)	STOX2	tf_targeting	-2.5486207	0.0007208796101256
STOX2#chr4:183906748-183906766(+)	STOX2	tf_targeting	-2.2359276	3.031217198324313e-06
STOX2#chr4:183906751-183906769(+)	STOX2	tf_targeting	-0.6121899	0.4893506432598329
STRA13#chr17:82022460-82022478(-)	STRA13	tf_targeting	0.03784339	0.9182917060832751
STRA13#chr17:82022644-82022662(+)	STRA13	tf_targeting	-1.0056278	0.0153126719597393
STRA13#chr17:82022814-82022832(-)	STRA13	tf_targeting	-0.9046708	0.1135461560174306
STRA13#chr17:82022823-82022841(-)	STRA13	tf_targeting	-0.3530347	0.6552687618135872
STRA13#chr17:82022828-82022846(-)	STRA13	tf_targeting	-1.3584566	0.0020458531115689
STRA13#chr17:82022857-82022875(-)	STRA13	tf_targeting	-0.8704555	0.0394952596623051
STRAP#chr12:15882411-15882429(+)	STRAP	tf_targeting	-0.12769607	0.8751329138787978
STRAP#chr12:15882415-15882433(+)	STRAP	tf_targeting	-0.99358857	0.1931976559575009
STRAP#chr12:15882440-15882458(-)	STRAP	tf_targeting	0.21483335	0.623123817266649
STRAP#chr12:15882490-15882508(-)	STRAP	tf_targeting	-0.12790413	0.8884520720626063
STRAP#chr12:15882555-15882573(-)	STRAP	tf_targeting	0.11421041	0.8326640166478778
STRAP#chr12:15882563-15882581(-)	STRAP	tf_targeting	0.13150108	0.8733862325790577
SUB1#chr5:32531822-32531840(+)	SUB1	tf_targeting	-0.11526861	0.2885338667669206
SUB1#chr5:32531896-32531914(+)	SUB1	tf_targeting	0.03211427	0.7099999718526093
SUB1#chr5:32532028-32532046(-)	SUB1	tf_targeting	0.050796144	0.5061116645028321
SUB1#chr5:32532088-32532106(+)	SUB1	tf_targeting	0.112917066	0.5997127410312424
SUB1#chr5:32532236-32532254(-)	SUB1	tf_targeting	0.13961363	0.3201198276702416
SUB1#chr5:32532254-32532272(+)	SUB1	tf_targeting	0.15223253	0.2237139494028976
SUB1#chr5:32585577-32585595(+)	SUB1	tf_targeting	-1.4681696	0.0173075266202565
SUB1#chr5:32585593-32585611(-)	SUB1	tf_targeting	-0.51114255	0.4634920679801799
SUB1#chr5:32585650-32585668(-)	SUB1	tf_targeting	-1.9341952	8.878744904267416e-09
SUB1#chr5:32585750-32585768(-)	SUB1	tf_targeting	-0.18916109	0.7579936438424204
SUB1#chr5:32585916-32585934(+)	SUB1	tf_targeting	0.14354257	0.8733150914560723
SUB1#chr5:32585956-32585974(+)	SUB1	tf_targeting	-1.1471064	0.0583523716108862
SULT2A1#chr19:47885921-47885939(-)	SULT2A1	tf_targeting		
SULT2A1#chr19:47886119-47886137(-)	SULT2A1	tf_targeting		
SULT2A1#chr19:47886267-47886285(+)	SULT2A1	tf_targeting		
SULT2A1#chr19:47886275-47886293(-)	SULT2A1	tf_targeting		
SULT2A1#chr19:47886292-47886310(+)	SULT2A1	tf_targeting		
SULT2A1#chr19:47886298-47886316(+)	SULT2A1	tf_targeting		
SUPT4H1#chr17:58352096-58352114(+)	SUPT4H1	tf_targeting	-0.18953466	0.8220115421777819
SUPT4H1#chr17:58352127-58352145(+)	SUPT4H1	tf_targeting	-0.029293722	0.9542241953796838
SUPT4H1#chr17:58352139-58352157(+)	SUPT4H1	tf_targeting	-0.101661585	0.8651326103877299
SUPT4H1#chr17:58352223-58352241(-)	SUPT4H1	tf_targeting	-0.084292725	0.6394202781512661
SUPT4H1#chr17:58352364-58352382(+)	SUPT4H1	tf_targeting	-1.7915175	0.0922806404591337
SUPT4H1#chr17:58352372-58352390(+)	SUPT4H1	tf_targeting	-0.9282577	6.625408697194946e-06
SUPT5H#chr19:39445597-39445615(+)	SUPT5H	tf_targeting	-0.09757212	0.9121202092454962
SUPT5H#chr19:39445600-39445618(+)	SUPT5H	tf_targeting	-0.19718125	0.8329172039795577
SUPT5H#chr19:39445603-39445621(+)	SUPT5H	tf_targeting	-0.07869253	0.9257686254829572
SUPT5H#chr19:39445638-39445656(+)	SUPT5H	tf_targeting	0.3502943	0.6515060529095598
SUPT5H#chr19:39445648-39445666(+)	SUPT5H	tf_targeting	-0.03587195	0.9647925979350828
SUPT5H#chr19:39445767-39445785(+)	SUPT5H	tf_targeting	-0.020855939	0.981604082905896
SUZ12#chr17:31937137-31937155(-)	SUZ12	tf_targeting	-0.6570199	0.2487148228983107
SUZ12#chr17:31937142-31937160(-)	SUZ12	tf_targeting	-0.08975954	0.9253311016298096
SUZ12#chr17:31937193-31937211(+)	SUZ12	tf_targeting	-0.8157422	0.1938275925633225
SUZ12#chr17:31937204-31937222(+)	SUZ12	tf_targeting	-0.29190433	0.6519910021391857
SUZ12#chr17:31937316-31937334(+)	SUZ12	tf_targeting	-1.6715372	0.0032867687877228
SUZ12#chr17:31937369-31937387(+)	SUZ12	tf_targeting	-1.0487783	0.1360633138885984
TADA2A#chr17:37406880-37406898(+)	TADA2A	tf_targeting		
TADA2A#chr17:37406896-37406914(+)	TADA2A	tf_targeting		
TADA2A#chr17:37406918-37406936(+)	TADA2A	tf_targeting		
TADA2A#chr17:37406934-37406952(+)	TADA2A	tf_targeting		
TADA2A#chr17:37407137-37407155(-)	TADA2A	tf_targeting		
TADA2A#chr17:37407285-37407303(-)	TADA2A	tf_targeting		
TADA2B#chr4:7043374-7043392(+)	TADA2B	tf_targeting		
TADA2B#chr4:7043382-7043400(+)	TADA2B	tf_targeting		
TADA2B#chr4:7043678-7043696(-)	TADA2B	tf_targeting		
TADA2B#chr4:7043717-7043735(-)	TADA2B	tf_targeting		
TADA2B#chr4:7043720-7043738(-)	TADA2B	tf_targeting		
TADA2B#chr4:7043905-7043923(-)	TADA2B	tf_targeting		
TADA3#chr3:9792391-9792409(+)	TADA3	tf_targeting	-0.39182737	0.2452050805778099
TADA3#chr3:9792464-9792482(-)	TADA3	tf_targeting	-0.38377202	0.1566065276238373
TADA3#chr3:9792468-9792486(-)	TADA3	tf_targeting	-0.18651818	0.5630722143216447
TADA3#chr3:9792689-9792707(+)	TADA3	tf_targeting	0.47968364	0.4282896537137369
TADA3#chr3:9792723-9792741(+)	TADA3	tf_targeting	-0.743525	0.2343355440738934
TADA3#chr3:9792736-9792754(+)	TADA3	tf_targeting	0.5027281	0.4417403630981189
TAF1#chrX:71366391-71366409(+)	TAF1	tf_targeting	0.40520647	0.6808580747216384
TAF1#chrX:71366574-71366592(+)	TAF1	tf_targeting	-0.07195787	0.938109008423697
TAF1#chrX:71366754-71366772(-)	TAF1	tf_targeting	0.030320385	0.9727308495187628
TAF1#chrX:71366786-71366804(-)	TAF1	tf_targeting	0.38929757	0.5939088211647399
TAF1#chrX:71366802-71366820(-)	TAF1	tf_targeting	0.07867466	0.913053911772109
TAF1#chrX:71366841-71366859(-)	TAF1	tf_targeting	0.3371485	0.685740556644535
TAF10#chr11:6611705-6611723(+)	TAF10	tf_targeting	-0.709313	0.1540533204929579
TAF10#chr11:6611740-6611758(-)	TAF10	tf_targeting	-0.6164414	0.032913435163272
TAF10#chr11:6611938-6611956(-)	TAF10	tf_targeting	-0.24714662	0.4809771440727091
TAF10#chr11:6612173-6612191(-)	TAF10	tf_targeting	0.09148357	0.7292618991426854
TAF10#chr11:6612179-6612197(-)	TAF10	tf_targeting	-0.40408307	0.6299365357849409
TAF10#chr11:6612185-6612203(+)	TAF10	tf_targeting	-0.5213008	0.3900445805584629
TAF11#chr6:34887946-34887964(+)	TAF11	tf_targeting	-0.9986828	0.3142681303127509
TAF11#chr6:34887951-34887969(+)	TAF11	tf_targeting	0.43991172	0.5697229860842006
TAF11#chr6:34887955-34887973(+)	TAF11	tf_targeting	0.038686786	0.9665310091434256
TAF11#chr6:34887970-34887988(+)	TAF11	tf_targeting	0.091657184	0.9191726341231914
TAF11#chr6:34887982-34888000(+)	TAF11	tf_targeting	0.36632046	0.6133809283621598
TAF11#chr6:34888036-34888054(-)	TAF11	tf_targeting	-0.16093661	0.7815916115693198
TAF12#chr1:28642648-28642666(-)	TAF12	tf_targeting	0.0065906807	0.9810613180707352
TAF12#chr1:28642662-28642680(-)	TAF12	tf_targeting	0.057759997	0.8844720968901123
TAF12#chr1:28643013-28643031(-)	TAF12	tf_targeting	-0.2510339	0.7399409393024998
TAF12#chr1:28643015-28643033(-)	TAF12	tf_targeting	-0.71846396	0.2983781243811512
TAF12#chr1:28643060-28643078(-)	TAF12	tf_targeting	-0.056861952	0.950222328166222
TAF12#chr1:28643081-28643099(-)	TAF12	tf_targeting	0.08155934	0.8663053663232165
TAF13#chr1:109075864-109075882(-)	TAF13	tf_targeting		
TAF13#chr1:109075947-109075965(-)	TAF13	tf_targeting		
TAF13#chr1:109075951-109075969(-)	TAF13	tf_targeting		
TAF13#chr1:109075963-109075981(-)	TAF13	tf_targeting		
TAF13#chr1:109075991-109076009(-)	TAF13	tf_targeting		
TAF13#chr1:109076014-109076032(-)	TAF13	tf_targeting		
TAF1A#chr1:222589794-222589812(+)	TAF1A	tf_targeting		
TAF1A#chr1:222589825-222589843(+)	TAF1A	tf_targeting		
TAF1A#chr1:222589831-222589849(+)	TAF1A	tf_targeting		
TAF1A#chr1:222589839-222589857(+)	TAF1A	tf_targeting		
TAF1A#chr1:222589845-222589863(-)	TAF1A	tf_targeting		
TAF1A#chr1:222589875-222589893(-)	TAF1A	tf_targeting		
TAF1B#chr2:9843488-9843506(+)	TAF1B	tf_targeting	0.20755303	0.7729533424396606
TAF1B#chr2:9843501-9843519(-)	TAF1B	tf_targeting	-0.41174123	0.6676439323613835
TAF1B#chr2:9843513-9843531(+)	TAF1B	tf_targeting	0.12356081	0.8588176809586929
TAF1B#chr2:9843533-9843551(+)	TAF1B	tf_targeting	0.1985319	0.669831380595192
TAF1B#chr2:9843536-9843554(+)	TAF1B	tf_targeting	-0.7482219	0.0016605906690329
TAF1B#chr2:9843540-9843558(-)	TAF1B	tf_targeting	-0.14589767	0.8634784226023606
TAF4#chr20:62065422-62065440(+)	TAF4	tf_targeting		
TAF4#chr20:62065762-62065780(-)	TAF4	tf_targeting		
TAF4#chr20:62065789-62065807(-)	TAF4	tf_targeting		
TAF4#chr20:62065810-62065828(-)	TAF4	tf_targeting		
TAF4#chr20:62065842-62065860(-)	TAF4	tf_targeting		
TAF4#chr20:62065879-62065897(-)	TAF4	tf_targeting		
TAF4B#chr18:26226441-26226459(+)	TAF4B	tf_targeting		
TAF4B#chr18:26226486-26226504(+)	TAF4B	tf_targeting		
TAF4B#chr18:26226493-26226511(+)	TAF4B	tf_targeting		
TAF4B#chr18:26226675-26226693(-)	TAF4B	tf_targeting		
TAF4B#chr18:26226677-26226695(+)	TAF4B	tf_targeting		
TAF4B#chr18:26226681-26226699(+)	TAF4B	tf_targeting		
TAF5#chr10:103367999-103368017(+)	TAF5	tf_targeting		
TAF5#chr10:103368024-103368042(+)	TAF5	tf_targeting		
TAF5#chr10:103368041-103368059(-)	TAF5	tf_targeting		
TAF5#chr10:103368283-103368301(+)	TAF5	tf_targeting		
TAF5#chr10:103368387-103368405(-)	TAF5	tf_targeting		
TAF5#chr10:103368462-103368480(+)	TAF5	tf_targeting		
TAF5L#chr1:229625966-229625984(-)	TAF5L	tf_targeting		
TAF5L#chr1:229626046-229626064(+)	TAF5L	tf_targeting		
TAF5L#chr1:229626047-229626065(-)	TAF5L	tf_targeting		
TAF5L#chr1:229626052-229626070(-)	TAF5L	tf_targeting		
TAF5L#chr1:229626089-229626107(-)	TAF5L	tf_targeting		
TAF5L#chr1:229626118-229626136(-)	TAF5L	tf_targeting		
TAF6#chr7:100119096-100119114(+)	TAF6	tf_targeting	0.060653992	0.8559979688342505
TAF6#chr7:100119232-100119250(+)	TAF6	tf_targeting	-0.33473197	0.6530965646810744
TAF6#chr7:100119248-100119266(-)	TAF6	tf_targeting	-0.7811316	0.1758473863192291
TAF6#chr7:100119288-100119306(+)	TAF6	tf_targeting	-0.21767373	0.7922889683689754
TAF6#chr7:100119316-100119334(-)	TAF6	tf_targeting	-0.028342266	0.9572046209325084
TAF6#chr7:100119359-100119377(-)	TAF6	tf_targeting	0.96353036	0.0704632809909453
TAF7#chr5:141320328-141320346(+)	TAF7	tf_targeting	-0.9084483	0.0012501690297619
TAF7#chr5:141320681-141320699(-)	TAF7	tf_targeting	-0.33192474	0.6142743542120882
TAF7#chr5:141320738-141320756(+)	TAF7	tf_targeting	0.23137973	0.7357207375733676
TAF7#chr5:141320750-141320768(-)	TAF7	tf_targeting	-0.57887995	0.2106836234805517
TAF7#chr5:141320754-141320772(-)	TAF7	tf_targeting	-0.22039607	0.7880827567101231
TAF7#chr5:141320759-141320777(+)	TAF7	tf_targeting	-0.83044076	0.1112445231115778
TAF9#chr5:69369304-69369322(+)	TAF9	tf_targeting	-0.1736417	0.7017731831798493
TAF9#chr5:69369444-69369462(+)	TAF9	tf_targeting	0.19585243	0.8114197654461104
TAF9#chr5:69369499-69369517(-)	TAF9	tf_targeting	-0.28100178	0.7532830792874293
TAF9#chr5:69369502-69369520(-)	TAF9	tf_targeting	-0.3610129	0.6552991353645086
TAF9#chr5:69369810-69369828(+)	TAF9	tf_targeting	-0.15971282	0.8097385580613582
TAF9#chr5:69369824-69369842(-)	TAF9	tf_targeting	-0.0034761722	0.9967543400108276
TAL1#chr1:47229238-47229256(+)	TAL1	tf_targeting		
TAL1#chr1:47229462-47229480(+)	TAL1	tf_targeting		
TAL1#chr1:47229654-47229672(+)	TAL1	tf_targeting		
TAL1#chr1:47229693-47229711(+)	TAL1	tf_targeting		
TAL1#chr1:47229738-47229756(+)	TAL1	tf_targeting		
TAL1#chr1:47229759-47229777(+)	TAL1	tf_targeting		
TAL1#chr1:47231143-47231161(-)	TAL1	tf_targeting		
TAL1#chr1:47231380-47231398(+)	TAL1	tf_targeting		
TAL1#chr1:47231388-47231406(+)	TAL1	tf_targeting		
TAL1#chr1:47231420-47231438(+)	TAL1	tf_targeting		
TAL1#chr1:47231439-47231457(+)	TAL1	tf_targeting		
TAL1#chr1:47231898-47231916(-)	TAL1	tf_targeting		
TAL2#chr9:105662484-105662502(+)	TAL2	tf_targeting		
TAL2#chr9:105662511-105662529(+)	TAL2	tf_targeting		
TAL2#chr9:105662514-105662532(+)	TAL2	tf_targeting		
TAL2#chr9:105662517-105662535(+)	TAL2	tf_targeting		
TAL2#chr9:105662703-105662721(+)	TAL2	tf_targeting		
TAL2#chr9:105662821-105662839(-)	TAL2	tf_targeting		
TARDBP#chr1:11012652-11012670(+)	TARDBP	tf_targeting	-1.0747699	0.2205442202374999
TARDBP#chr1:11012728-11012746(-)	TARDBP	tf_targeting	-0.6383814	0.3146389593866137
TARDBP#chr1:11012733-11012751(+)	TARDBP	tf_targeting	-0.7683331	0.1369408320139134
TARDBP#chr1:11012842-11012860(+)	TARDBP	tf_targeting	-0.43744773	0.6078829831324137
TARDBP#chr1:11012854-11012872(-)	TARDBP	tf_targeting	0.060819905	0.9417187030428518
TARDBP#chr1:11013096-11013114(-)	TARDBP	tf_targeting	-0.41791186	0.1365587204325606
TAZ#chrX:154411586-154411604(-)	TAZ	tf_targeting		
TAZ#chrX:154411597-154411615(-)	TAZ	tf_targeting		
TAZ#chrX:154411730-154411748(+)	TAZ	tf_targeting		
TAZ#chrX:154411768-154411786(+)	TAZ	tf_targeting		
TAZ#chrX:154411908-154411926(+)	TAZ	tf_targeting		
TAZ#chrX:154412071-154412089(-)	TAZ	tf_targeting		
TBP#chr6:170554354-170554372(+)	TBP	tf_targeting	-0.6309583	0.4018724436954377
TBP#chr6:170554358-170554376(+)	TBP	tf_targeting	0.17714848	0.7988768629625738
TBP#chr6:170554373-170554391(+)	TBP	tf_targeting	-0.37532446	0.6440805845516067
TBP#chr6:170554440-170554458(-)	TBP	tf_targeting	-0.46716037	0.6175628069412605
TBP#chr6:170554590-170554608(-)	TBP	tf_targeting	-0.28357628	0.6761037596083371
TBP#chr6:170554603-170554621(-)	TBP	tf_targeting	0.0011830436	0.9984453793489434
TBPL1#chr6:133953223-133953241(-)	TBPL1	tf_targeting	-2.383349	0.0130258233475218
TBPL1#chr6:133953268-133953286(-)	TBPL1	tf_targeting	-1.712423	0.0644685262889745
TBPL1#chr6:133953275-133953293(+)	TBPL1	tf_targeting	0.3880792	0.7176486853006626
TBPL1#chr6:133953423-133953441(-)	TBPL1	tf_targeting	-0.5828639	0.37635836382054
TBPL1#chr6:133953595-133953613(+)	TBPL1	tf_targeting	-0.49662334	0.4965123887607993
TBPL1#chr6:133953689-133953707(-)	TBPL1	tf_targeting	-0.46491572	0.4305331509175494
TBPL2#chr14:55440393-55440411(-)	TBPL2	tf_targeting		
TBPL2#chr14:55440539-55440557(+)	TBPL2	tf_targeting		
TBPL2#chr14:55440545-55440563(-)	TBPL2	tf_targeting		
TBPL2#chr14:55440547-55440565(+)	TBPL2	tf_targeting		
TBPL2#chr14:55440580-55440598(-)	TBPL2	tf_targeting		
TBPL2#chr14:55440599-55440617(+)	TBPL2	tf_targeting		
TBR1#chr2:161416367-161416385(+)	TBR1	tf_targeting		
TBR1#chr2:161416377-161416395(-)	TBR1	tf_targeting		
TBR1#chr2:161416472-161416490(+)	TBR1	tf_targeting		
TBR1#chr2:161416485-161416503(-)	TBR1	tf_targeting		
TBR1#chr2:161416618-161416636(+)	TBR1	tf_targeting		
TBR1#chr2:161416842-161416860(-)	TBR1	tf_targeting		
TBX1#chr22:19760715-19760733(-)	TBX1	tf_targeting		
TBX1#chr22:19760762-19760780(+)	TBX1	tf_targeting		
TBX1#chr22:19760838-19760856(-)	TBX1	tf_targeting		
TBX1#chr22:19760977-19760995(-)	TBX1	tf_targeting		
TBX1#chr22:19761079-19761097(-)	TBX1	tf_targeting		
TBX1#chr22:19761266-19761284(+)	TBX1	tf_targeting		
TBX10#chr11:67639556-67639574(-)	TBX10	tf_targeting		
TBX10#chr11:67639676-67639694(-)	TBX10	tf_targeting		
TBX10#chr11:67639683-67639701(+)	TBX10	tf_targeting		
TBX10#chr11:67639691-67639709(-)	TBX10	tf_targeting		
TBX10#chr11:67639737-67639755(-)	TBX10	tf_targeting		
TBX10#chr11:67639749-67639767(-)	TBX10	tf_targeting		
TBX15#chr1:118987627-118987645(-)	TBX15	tf_targeting		
TBX15#chr1:118987630-118987648(-)	TBX15	tf_targeting		
TBX15#chr1:118987666-118987684(-)	TBX15	tf_targeting		
TBX15#chr1:118987820-118987838(+)	TBX15	tf_targeting		
TBX15#chr1:118987905-118987923(+)	TBX15	tf_targeting		
TBX15#chr1:118987979-118987997(-)	TBX15	tf_targeting		
TBX18#chr6:84763067-84763085(-)	TBX18	tf_targeting	-0.7356573	0.3477213204541113
TBX18#chr6:84763073-84763091(-)	TBX18	tf_targeting	0.3419885	0.6861407632691281
TBX18#chr6:84763376-84763394(+)	TBX18	tf_targeting	-0.97672015	0.0439483236937511
TBX18#chr6:84763409-84763427(+)	TBX18	tf_targeting	-1.7437553	0.0005643668903604
TBX18#chr6:84763415-84763433(-)	TBX18	tf_targeting	-1.4643375	0.0043925335611994
TBX18#chr6:84763446-84763464(-)	TBX18	tf_targeting	-1.7603258	0.0038926997951217
TBX18#chr6:84764350-84764368(+)	TBX18	tf_targeting	-1.9536146	0.0006629537037417
TBX18#chr6:84764491-84764509(+)	TBX18	tf_targeting	-1.9026425	0.0013334241719978
TBX18#chr6:84764508-84764526(+)	TBX18	tf_targeting	-1.7307022	0.0012168033778156
TBX18#chr6:84764520-84764538(+)	TBX18	tf_targeting	-0.2635862	0.2837648918265683
TBX18#chr6:84764566-84764584(-)	TBX18	tf_targeting	-2.0826743	0.0005413697710121
TBX18#chr6:84764580-84764598(+)	TBX18	tf_targeting	-1.6565113	0.1116345355814633
TBX19#chr1:168280888-168280906(+)	TBX19	tf_targeting		
TBX19#chr1:168280901-168280919(+)	TBX19	tf_targeting		
TBX19#chr1:168280935-168280953(+)	TBX19	tf_targeting		
TBX19#chr1:168280966-168280984(-)	TBX19	tf_targeting		
TBX19#chr1:168280982-168281000(-)	TBX19	tf_targeting		
TBX19#chr1:168281222-168281240(+)	TBX19	tf_targeting		
TBX2#chr17:61399846-61399864(+)	TBX2	tf_targeting		
TBX2#chr17:61399917-61399935(+)	TBX2	tf_targeting		
TBX2#chr17:61399921-61399939(-)	TBX2	tf_targeting		
TBX2#chr17:61400072-61400090(-)	TBX2	tf_targeting		
TBX2#chr17:61400075-61400093(-)	TBX2	tf_targeting		
TBX2#chr17:61400283-61400301(-)	TBX2	tf_targeting		
TBX20#chr7:35253814-35253832(+)	TBX20	tf_targeting	-0.53291255	0.0084873975458891
TBX20#chr7:35253849-35253867(+)	TBX20	tf_targeting	-0.60596365	0.0007889015054533
TBX20#chr7:35254028-35254046(+)	TBX20	tf_targeting	-0.6270478	0.0043232716829852
TBX20#chr7:35254049-35254067(+)	TBX20	tf_targeting	-0.55317354	0.0721140364744104
TBX20#chr7:35254070-35254088(+)	TBX20	tf_targeting	-1.0109217	2.5353486952554695e-12
TBX20#chr7:35254103-35254121(-)	TBX20	tf_targeting	-0.7922336	2.820658410782573e-18
TBX21#chr17:47733238-47733256(+)	TBX21	tf_targeting		
TBX21#chr17:47733266-47733284(-)	TBX21	tf_targeting		
TBX21#chr17:47733274-47733292(+)	TBX21	tf_targeting		
TBX21#chr17:47733288-47733306(-)	TBX21	tf_targeting		
TBX21#chr17:47733438-47733456(+)	TBX21	tf_targeting		
TBX21#chr17:47733556-47733574(-)	TBX21	tf_targeting		
TBX22#chrX:80014726-80014744(-)	TBX22	tf_targeting		
TBX22#chrX:80014898-80014916(-)	TBX22	tf_targeting		
TBX22#chrX:80014904-80014922(-)	TBX22	tf_targeting		
TBX22#chrX:80014924-80014942(+)	TBX22	tf_targeting		
TBX22#chrX:80014960-80014978(-)	TBX22	tf_targeting		
TBX22#chrX:80014966-80014984(-)	TBX22	tf_targeting		
TBX3#chr12:114684146-114684164(-)	TBX3	tf_targeting		
TBX3#chr12:114684150-114684168(-)	TBX3	tf_targeting		
TBX3#chr12:114684156-114684174(-)	TBX3	tf_targeting		
TBX3#chr12:114684163-114684181(+)	TBX3	tf_targeting		
TBX3#chr12:114684173-114684191(+)	TBX3	tf_targeting		
TBX3#chr12:114684178-114684196(+)	TBX3	tf_targeting		
TBX4#chr17:61452392-61452410(+)	TBX4	tf_targeting		
TBX4#chr17:61452401-61452419(-)	TBX4	tf_targeting		
TBX4#chr17:61452409-61452427(+)	TBX4	tf_targeting		
TBX4#chr17:61452418-61452436(-)	TBX4	tf_targeting		
TBX4#chr17:61452428-61452446(+)	TBX4	tf_targeting		
TBX4#chr17:61452470-61452488(-)	TBX4	tf_targeting		
TBX4#chr17:61456284-61456302(+)	TBX4	tf_targeting		
TBX4#chr17:61456290-61456308(+)	TBX4	tf_targeting		
TBX4#chr17:61456296-61456314(+)	TBX4	tf_targeting		
TBX4#chr17:61456326-61456344(-)	TBX4	tf_targeting		
TBX4#chr17:61456330-61456348(-)	TBX4	tf_targeting		
TBX4#chr17:61456661-61456679(+)	TBX4	tf_targeting		
TBX5#chr12:114405669-114405687(+)	TBX5	tf_targeting	-0.48171455	0.3619619997105978
TBX5#chr12:114405756-114405774(+)	TBX5	tf_targeting	-2.02399	2.213489952883336e-06
TBX5#chr12:114405771-114405789(-)	TBX5	tf_targeting	-1.1051418	3.447147659071916e-05
TBX5#chr12:114405948-114405966(+)	TBX5	tf_targeting	-0.12617636	0.8877211825063975
TBX5#chr12:114406127-114406145(-)	TBX5	tf_targeting	-0.67962825	0.0003282759593056
TBX5#chr12:114406155-114406173(-)	TBX5	tf_targeting	-0.695994	0.0014814335801791
TBX5#chr12:114407720-114407738(+)	TBX5	tf_targeting	-0.12734535	0.4467421090309714
TBX5#chr12:114407780-114407798(-)	TBX5	tf_targeting	0.11064793	0.5445664434634443
TBX5#chr12:114407816-114407834(-)	TBX5	tf_targeting	0.45160794	0.0215644268710907
TBX5#chr12:114407919-114407937(-)	TBX5	tf_targeting	0.09640871	0.471733992503155
TBX5#chr12:114407957-114407975(+)	TBX5	tf_targeting	-0.30184808	0.0496454190809159
TBX5#chr12:114407961-114407979(+)	TBX5	tf_targeting	-0.0966976	0.6268611796955874
TBX6#chr16:30091852-30091870(-)	TBX6	tf_targeting		
TBX6#chr16:30091879-30091897(-)	TBX6	tf_targeting		
TBX6#chr16:30091883-30091901(+)	TBX6	tf_targeting		
TBX6#chr16:30091894-30091912(+)	TBX6	tf_targeting		
TBX6#chr16:30091907-30091925(+)	TBX6	tf_targeting		
TBX6#chr16:30091911-30091929(-)	TBX6	tf_targeting		
TBXT#chr6:166167825-166167843(+)	TBXT	tf_targeting		
TBXT#chr6:166168415-166168433(-)	TBXT	tf_targeting		
TBXT#chr6:166168440-166168458(-)	TBXT	tf_targeting		
TBXT#chr6:166168554-166168572(+)	TBXT	tf_targeting		
TBXT#chr6:166168595-166168613(+)	TBXT	tf_targeting		
TBXT#chr6:166168651-166168669(-)	TBXT	tf_targeting		
TCEB1#chr8:73971680-73971698(+)	TCEB1	tf_targeting	-0.30453596	0.491894093234667
TCEB1#chr8:73971753-73971771(+)	TCEB1	tf_targeting	-0.39212075	0.4636648966449294
TCEB1#chr8:73971958-73971976(-)	TCEB1	tf_targeting	-0.24402948	0.6817075083847445
TCEB1#chr8:73972068-73972086(-)	TCEB1	tf_targeting	-0.08130485	0.8553575489407038
TCEB1#chr8:73972112-73972130(-)	TCEB1	tf_targeting	-0.6199798	0.5217243633728252
TCEB1#chr8:73972169-73972187(-)	TCEB1	tf_targeting	0.028283285	0.9406025931202964
TCEB2#chr16:2777223-2777241(+)	TCEB2	tf_targeting	-0.032374162	0.9211200869203244
TCEB2#chr16:2777232-2777250(-)	TCEB2	tf_targeting	-0.4898631	0.2354604831371985
TCEB2#chr16:2777239-2777257(-)	TCEB2	tf_targeting	0.18873864	0.5986951807369856
TCEB2#chr16:2777254-2777272(-)	TCEB2	tf_targeting	-0.5547012	0.4474085302866922
TCEB2#chr16:2777577-2777595(-)	TCEB2	tf_targeting	0.10497424	0.3941593530438475
TCEB2#chr16:2777580-2777598(-)	TCEB2	tf_targeting	0.03953544	0.8622576786434152
TCEB3#chr1:23743462-23743480(+)	TCEB3	tf_targeting		
TCEB3#chr1:23743465-23743483(+)	TCEB3	tf_targeting		
TCEB3#chr1:23743498-23743516(+)	TCEB3	tf_targeting		
TCEB3#chr1:23743513-23743531(+)	TCEB3	tf_targeting		
TCEB3#chr1:23743617-23743635(+)	TCEB3	tf_targeting		
TCEB3#chr1:23743851-23743869(-)	TCEB3	tf_targeting		
TCERG1#chr5:146447332-146447350(+)	TCERG1	tf_targeting	-0.39628837	0.5147619357040457
TCERG1#chr5:146447335-146447353(+)	TCERG1	tf_targeting	-0.974057	0.1664252826859022
TCERG1#chr5:146447345-146447363(-)	TCERG1	tf_targeting	-0.23457907	0.6324957608291837
TCERG1#chr5:146447379-146447397(+)	TCERG1	tf_targeting	-0.44222388	0.5033963356931408
TCERG1#chr5:146447393-146447411(+)	TCERG1	tf_targeting	-0.6182506	0.0928971930118561
TCERG1#chr5:146447519-146447537(+)	TCERG1	tf_targeting	0.22607028	0.560640578678211
TCF12#chr15:56918689-56918707(-)	TCF12	tf_targeting	-0.66058874	7.833049418133519e-07
TCF12#chr15:56918695-56918713(+)	TCF12	tf_targeting	-0.57460487	4.9530301308621006e-05
TCF12#chr15:56918698-56918716(+)	TCF12	tf_targeting	-0.80978847	5.342689005252003e-20
TCF12#chr15:56918702-56918720(-)	TCF12	tf_targeting	-0.83746094	1.6102709684298134e-14
TCF12#chr15:56918718-56918736(+)	TCF12	tf_targeting	-0.21075581	0.0115648273794619
TCF12#chr15:56918970-56918988(-)	TCF12	tf_targeting	-0.07981763	0.6458191908696223
TCF12#chr15:57219458-57219476(+)	TCF12	tf_targeting	0.0012466437	0.9912578394219916
TCF12#chr15:57219532-57219550(+)	TCF12	tf_targeting	0.040269427	0.7113371604062654
TCF12#chr15:57219540-57219558(-)	TCF12	tf_targeting	-0.007435952	0.9584850469113974
TCF12#chr15:57219545-57219563(-)	TCF12	tf_targeting	-0.15530951	0.3060851556415808
TCF12#chr15:57219562-57219580(+)	TCF12	tf_targeting	0.25622013	0.1124745778516796
TCF12#chr15:57219656-57219674(+)	TCF12	tf_targeting	-0.03187259	0.8224659891835242
TCF15#chr20:610019-610037(-)	TCF15	tf_targeting		
TCF15#chr20:610219-610237(+)	TCF15	tf_targeting		
TCF15#chr20:610250-610268(-)	TCF15	tf_targeting		
TCF15#chr20:610256-610274(-)	TCF15	tf_targeting		
TCF15#chr20:610259-610277(+)	TCF15	tf_targeting		
TCF15#chr20:610267-610285(-)	TCF15	tf_targeting		
TCF19#chr6:31158537-31158555(+)	TCF19	tf_targeting		
TCF19#chr6:31158546-31158564(-)	TCF19	tf_targeting		
TCF19#chr6:31158556-31158574(+)	TCF19	tf_targeting		
TCF19#chr6:31158587-31158605(-)	TCF19	tf_targeting		
TCF19#chr6:31158674-31158692(+)	TCF19	tf_targeting		
TCF19#chr6:31158813-31158831(+)	TCF19	tf_targeting		
TCF19#chr6:31159549-31159567(+)	TCF19	tf_targeting		
TCF19#chr6:31159557-31159575(+)	TCF19	tf_targeting		
TCF19#chr6:31159561-31159579(-)	TCF19	tf_targeting		
TCF19#chr6:31159612-31159630(+)	TCF19	tf_targeting		
TCF19#chr6:31159625-31159643(-)	TCF19	tf_targeting		
TCF19#chr6:31159736-31159754(-)	TCF19	tf_targeting		
TCF20#chr22:42214373-42214391(-)	TCF20	tf_targeting	-0.28098094	0.5955966752708035
TCF20#chr22:42214623-42214641(-)	TCF20	tf_targeting	-0.2323439	0.476865819642628
TCF20#chr22:42214708-42214726(+)	TCF20	tf_targeting	0.17714855	0.5622751553067659
TCF20#chr22:42214716-42214734(+)	TCF20	tf_targeting	-0.12874517	0.6639335020717546
TCF20#chr22:42214721-42214739(+)	TCF20	tf_targeting	0.020697255	0.9599760963223666
TCF20#chr22:42214801-42214819(+)	TCF20	tf_targeting	-0.1759449	0.5480038241281979
TCF21#chr6:133889105-133889123(-)	TCF21	tf_targeting		
TCF21#chr6:133889116-133889134(+)	TCF21	tf_targeting		
TCF21#chr6:133889128-133889146(-)	TCF21	tf_targeting		
TCF21#chr6:133889150-133889168(+)	TCF21	tf_targeting		
TCF21#chr6:133889177-133889195(-)	TCF21	tf_targeting		
TCF21#chr6:133889193-133889211(-)	TCF21	tf_targeting		
TCF23#chr2:27148989-27149007(+)	TCF23	tf_targeting		
TCF23#chr2:27149084-27149102(-)	TCF23	tf_targeting		
TCF23#chr2:27149087-27149105(-)	TCF23	tf_targeting		
TCF23#chr2:27149248-27149266(+)	TCF23	tf_targeting		
TCF23#chr2:27149373-27149391(+)	TCF23	tf_targeting		
TCF23#chr2:27149425-27149443(-)	TCF23	tf_targeting		
TCF24#chr8:66962512-66962530(+)	TCF24	tf_targeting		
TCF24#chr8:66962516-66962534(+)	TCF24	tf_targeting		
TCF24#chr8:66962521-66962539(+)	TCF24	tf_targeting		
TCF24#chr8:66962524-66962542(+)	TCF24	tf_targeting		
TCF24#chr8:66962546-66962564(+)	TCF24	tf_targeting		
TCF24#chr8:66962558-66962576(+)	TCF24	tf_targeting		
TCF25#chr16:89873615-89873633(-)	TCF25	tf_targeting	-2.8091733	3.642357805990244e-07
TCF25#chr16:89873634-89873652(+)	TCF25	tf_targeting	-0.86038387	0.0049653856668577
TCF25#chr16:89873638-89873656(-)	TCF25	tf_targeting	-2.2483337	8.55707932886231e-05
TCF25#chr16:89873646-89873664(-)	TCF25	tf_targeting	-3.5655901	4.838907501863162e-10
TCF25#chr16:89873668-89873686(-)	TCF25	tf_targeting	-1.9701493	2.431497638245725e-21
TCF25#chr16:89873670-89873688(+)	TCF25	tf_targeting	-2.1436026	4.04598896138883e-06
TCF3#chr19:1652545-1652563(-)	TCF3	tf_targeting	-2.270508	1.4943784454985034e-05
TCF3#chr19:1652556-1652574(-)	TCF3	tf_targeting	-2.4319386	4.709628299962902e-15
TCF3#chr19:1652561-1652579(-)	TCF3	tf_targeting	-1.9042931	9.272279000491903e-08
TCF3#chr19:1652579-1652597(-)	TCF3	tf_targeting	-2.0503583	0.0002727556292816
TCF3#chr19:1652582-1652600(-)	TCF3	tf_targeting	-2.9229794	0.0018621248134833
TCF3#chr19:1652588-1652606(-)	TCF3	tf_targeting	-2.7998598	2.433466739683884e-09
TCF4#chr18:55588030-55588048(-)	TCF4	tf_targeting	-1.8029081	5.039783593860685e-14
TCF4#chr18:55588175-55588193(-)	TCF4	tf_targeting	-2.257414	1.661299962506238e-12
TCF4#chr18:55588178-55588196(-)	TCF4	tf_targeting	-3.3608706	1.296311388021458e-13
TCF4#chr18:55588181-55588199(-)	TCF4	tf_targeting	-1.8331251	5.6443748495583126e-15
TCF4#chr18:55588214-55588232(-)	TCF4	tf_targeting	-2.932307	8.083812950153691e-05
TCF4#chr18:55588228-55588246(-)	TCF4	tf_targeting	-2.8004098	0.0128784912346293
TCF7#chr5:134114699-134114717(-)	TCF7	tf_targeting		
TCF7#chr5:134114704-134114722(+)	TCF7	tf_targeting		
TCF7#chr5:134114765-134114783(-)	TCF7	tf_targeting		
TCF7#chr5:134114769-134114787(-)	TCF7	tf_targeting		
TCF7#chr5:134115497-134115515(+)	TCF7	tf_targeting		
TCF7#chr5:134115500-134115518(+)	TCF7	tf_targeting		
TCF7L1#chr2:85133442-85133460(+)	TCF7L1	tf_targeting	-2.0142138	7.59248608706987e-13
TCF7L1#chr2:85133469-85133487(-)	TCF7L1	tf_targeting	-1.2676061	0.0001061577736451
TCF7L1#chr2:85133581-85133599(+)	TCF7L1	tf_targeting	-1.7956086	1.4587437571072546e-09
TCF7L1#chr2:85133584-85133602(+)	TCF7L1	tf_targeting	-0.815027	0.004500061899818
TCF7L1#chr2:85133800-85133818(+)	TCF7L1	tf_targeting	-0.9559205	0.0039032812865634
TCF7L1#chr2:85133856-85133874(+)	TCF7L1	tf_targeting	-1.9024746	1.064907611933981e-09
TCF7L2#chr10:112950246-112950264(-)	TCF7L2	tf_targeting	-0.5362442	0.0014309786490311
TCF7L2#chr10:112950261-112950279(-)	TCF7L2	tf_targeting	-1.9934722	2.0324583248202235e-05
TCF7L2#chr10:112950266-112950284(-)	TCF7L2	tf_targeting	0.10786209	0.9040296098626004
TCF7L2#chr10:112950277-112950295(-)	TCF7L2	tf_targeting	-0.9859699	2.641849517233498e-05
TCF7L2#chr10:112950282-112950300(-)	TCF7L2	tf_targeting	-1.515507	8.412119395729724e-06
TCF7L2#chr10:112950297-112950315(-)	TCF7L2	tf_targeting	-1.2302642	1.7380206432228004e-09
TCFL5#chr20:62861520-62861538(-)	TCFL5	tf_targeting		
TCFL5#chr20:62861675-62861693(+)	TCFL5	tf_targeting		
TCFL5#chr20:62861756-62861774(-)	TCFL5	tf_targeting		
TCFL5#chr20:62861763-62861781(-)	TCFL5	tf_targeting		
TCFL5#chr20:62861770-62861788(+)	TCFL5	tf_targeting		
TCFL5#chr20:62861817-62861835(-)	TCFL5	tf_targeting		
TEAD1#chr11:12674415-12674433(-)	TEAD1	tf_targeting	-0.0076763923	0.9598117399234436
TEAD1#chr11:12674427-12674445(-)	TEAD1	tf_targeting	-0.4913954	0.0068988557784484
TEAD1#chr11:12674462-12674480(-)	TEAD1	tf_targeting	-0.28666708	0.0390260283759968
TEAD1#chr11:12674636-12674654(-)	TEAD1	tf_targeting	-0.3371175	0.0334334524672905
TEAD1#chr11:12674689-12674707(+)	TEAD1	tf_targeting	-0.26890594	0.4494751488940383
TEAD1#chr11:12674787-12674805(-)	TEAD1	tf_targeting	-1.3123727	0.0018557914327657
TEAD2#chr19:49361570-49361588(+)	TEAD2	tf_targeting	-1.9497753	7.684426025213018e-11
TEAD2#chr19:49362165-49362183(+)	TEAD2	tf_targeting	-0.99749404	0.0014346184591048
TEAD2#chr19:49362190-49362208(-)	TEAD2	tf_targeting	-1.5421668	0.0474836572778823
TEAD2#chr19:49362340-49362358(+)	TEAD2	tf_targeting	-2.1020682	5.708850271005695e-09
TEAD2#chr19:49362361-49362379(-)	TEAD2	tf_targeting	-2.682874	6.94984781744092e-06
TEAD2#chr19:49362367-49362385(-)	TEAD2	tf_targeting	-0.5274544	0.5562199597643755
TEAD3#chr6:35496860-35496878(+)	TEAD3	tf_targeting	-0.35738856	0.6588123539783786
TEAD3#chr6:35496896-35496914(+)	TEAD3	tf_targeting	-2.1452446	1.0632814857311951e-16
TEAD3#chr6:35496944-35496962(+)	TEAD3	tf_targeting	-0.7730548	0.0055197641063277
TEAD3#chr6:35497000-35497018(+)	TEAD3	tf_targeting	-1.1964976	0.020489882705484
TEAD3#chr6:35497004-35497022(+)	TEAD3	tf_targeting	-1.9682437	6.993557382699676e-08
TEAD3#chr6:35497020-35497038(-)	TEAD3	tf_targeting	0.0044906796	0.9614418062966998
TEAD4#chr12:2959413-2959431(+)	TEAD4	tf_targeting	-0.85620993	0.1545547896404671
TEAD4#chr12:2959419-2959437(-)	TEAD4	tf_targeting	-1.3904601	0.0072175815834789
TEAD4#chr12:2959421-2959439(+)	TEAD4	tf_targeting	-0.78106004	0.0981275941512824
TEAD4#chr12:2959424-2959442(+)	TEAD4	tf_targeting	0.024784409	0.9446393145746445
TEAD4#chr12:2959468-2959486(-)	TEAD4	tf_targeting	-0.35619667	0.6716698697166652
TEAD4#chr12:2960027-2960045(-)	TEAD4	tf_targeting	-0.57574826	0.3226944187080668
TEF#chr22:41367463-41367481(-)	TEF	tf_targeting		
TEF#chr22:41367473-41367491(-)	TEF	tf_targeting		
TEF#chr22:41367534-41367552(-)	TEF	tf_targeting		
TEF#chr22:41367545-41367563(-)	TEF	tf_targeting		
TEF#chr22:41367696-41367714(+)	TEF	tf_targeting		
TEF#chr22:41367725-41367743(-)	TEF	tf_targeting		
TEF#chr22:41381930-41381948(-)	TEF	tf_targeting		
TEF#chr22:41381940-41381958(+)	TEF	tf_targeting		
TEF#chr22:41381955-41381973(-)	TEF	tf_targeting		
TEF#chr22:41381961-41381979(+)	TEF	tf_targeting		
TEF#chr22:41381980-41381998(+)	TEF	tf_targeting		
TEF#chr22:41381992-41382010(-)	TEF	tf_targeting		
TERF1#chr8:73008839-73008857(-)	TERF1	tf_targeting	-1.6035358	0.0031301886781329
TERF1#chr8:73008841-73008859(+)	TERF1	tf_targeting	0.03264624	0.9178174414074236
TERF1#chr8:73008872-73008890(+)	TERF1	tf_targeting	-0.75594413	0.0858508276708489
TERF1#chr8:73008875-73008893(+)	TERF1	tf_targeting	-0.49576154	0.4113777544764084
TERF1#chr8:73008890-73008908(+)	TERF1	tf_targeting	-1.4295615	0.0214921601746765
TERF1#chr8:73008922-73008940(-)	TERF1	tf_targeting	-2.0437663	0.0021096147062488
TERF2#chr16:69385778-69385796(-)	TERF2	tf_targeting	-0.14784874	0.7853053322102075
TERF2#chr16:69385809-69385827(-)	TERF2	tf_targeting	-0.2648472	0.7618041038654303
TERF2#chr16:69385820-69385838(-)	TERF2	tf_targeting	-0.2821417	0.7238284876592004
TERF2#chr16:69385845-69385863(-)	TERF2	tf_targeting	-0.343133	0.7075673352661382
TERF2#chr16:69385911-69385929(-)	TERF2	tf_targeting	-0.91520256	0.265593495432071
TERF2#chr16:69385953-69385971(-)	TERF2	tf_targeting	-0.35723716	0.6460479537346109
TET1#chr10:68560326-68560344(+)	TET1	tf_targeting	-0.9740228	1.0370340663762909e-06
TET1#chr10:68560336-68560354(+)	TET1	tf_targeting	-0.9228587	0.0016162364988428
TET1#chr10:68560376-68560394(-)	TET1	tf_targeting	-1.051983	0.0693509568665124
TET1#chr10:68560447-68560465(-)	TET1	tf_targeting	-1.0058051	0.0009563353487217
TET1#chr10:68560826-68560844(+)	TET1	tf_targeting	-1.3289402	3.91785308491011e-13
TET1#chr10:68560869-68560887(+)	TET1	tf_targeting	-0.32701614	0.0009000342159813
TET2#chr4:105146928-105146946(+)	TET2	tf_targeting	-1.8018347	1.7269405346995067e-06
TET2#chr4:105146935-105146953(-)	TET2	tf_targeting	-1.5152987	0.0434728694988576
TET2#chr4:105146959-105146977(+)	TET2	tf_targeting	-1.0102338	0.005313651911213
TET2#chr4:105147117-105147135(+)	TET2	tf_targeting	-1.0869699	0.012724419265246
TET2#chr4:105147244-105147262(-)	TET2	tf_targeting	-1.7211274	5.649355953699085e-10
TET2#chr4:105147252-105147270(-)	TET2	tf_targeting	-2.172214	1.4986007708166501e-12
TET3#chr2:74046443-74046461(+)	TET3	tf_targeting	-0.18401699	0.7072267416470829
TET3#chr2:74046497-74046515(+)	TET3	tf_targeting	-0.6755073	0.0968456561670449
TET3#chr2:74046510-74046528(-)	TET3	tf_targeting	-0.27357143	0.4999493624746145
TET3#chr2:74046540-74046558(-)	TET3	tf_targeting	-0.4891898	0.3626378835310745
TET3#chr2:74046552-74046570(-)	TET3	tf_targeting	-0.13211188	0.7466254229685201
TET3#chr2:74046884-74046902(-)	TET3	tf_targeting	-0.131291	0.8871127828972244
TFAM#chr10:58385428-58385446(+)	TFAM	tf_targeting	-0.15421923	0.8426071296777329
TFAM#chr10:58385443-58385461(+)	TFAM	tf_targeting	-0.82467073	0.2639846498624453
TFAM#chr10:58385449-58385467(-)	TFAM	tf_targeting	-0.031322733	0.970719405997664
TFAM#chr10:58385643-58385661(-)	TFAM	tf_targeting	-0.03345253	0.9705243742757176
TFAM#chr10:58385861-58385879(-)	TFAM	tf_targeting	-0.13843927	0.8074526510607873
TFAM#chr10:58385914-58385932(-)	TFAM	tf_targeting	-0.2207039	0.8063431855256513
TFAP2A#chr6:10411951-10411969(-)	TFAP2A	tf_targeting		
TFAP2A#chr6:10412140-10412158(-)	TFAP2A	tf_targeting		
TFAP2A#chr6:10412152-10412170(+)	TFAP2A	tf_targeting		
TFAP2A#chr6:10412160-10412178(+)	TFAP2A	tf_targeting		
TFAP2A#chr6:10412243-10412261(+)	TFAP2A	tf_targeting		
TFAP2A#chr6:10412334-10412352(-)	TFAP2A	tf_targeting		
TFAP2A#chr6:10414597-10414615(+)	TFAP2A	tf_targeting		
TFAP2A#chr6:10415016-10415034(-)	TFAP2A	tf_targeting		
TFAP2A#chr6:10415033-10415051(-)	TFAP2A	tf_targeting		
TFAP2A#chr6:10415048-10415066(+)	TFAP2A	tf_targeting		
TFAP2A#chr6:10415058-10415076(+)	TFAP2A	tf_targeting		
TFAP2A#chr6:10415071-10415089(+)	TFAP2A	tf_targeting		
TFAP2B#chr6:50818872-50818890(-)	TFAP2B	tf_targeting		
TFAP2B#chr6:50818904-50818922(-)	TFAP2B	tf_targeting		
TFAP2B#chr6:50818907-50818925(-)	TFAP2B	tf_targeting		
TFAP2B#chr6:50818912-50818930(+)	TFAP2B	tf_targeting		
TFAP2B#chr6:50818952-50818970(+)	TFAP2B	tf_targeting		
TFAP2B#chr6:50818987-50819005(-)	TFAP2B	tf_targeting		
TFAP2C#chr20:56629301-56629319(+)	TFAP2C	tf_targeting		
TFAP2C#chr20:56629327-56629345(+)	TFAP2C	tf_targeting		
TFAP2C#chr20:56629342-56629360(+)	TFAP2C	tf_targeting		
TFAP2C#chr20:56629345-56629363(+)	TFAP2C	tf_targeting		
TFAP2C#chr20:56629390-56629408(-)	TFAP2C	tf_targeting		
TFAP2C#chr20:56629730-56629748(-)	TFAP2C	tf_targeting		
TFAP2D#chr6:50713810-50713828(+)	TFAP2D	tf_targeting		
TFAP2D#chr6:50713889-50713907(+)	TFAP2D	tf_targeting		
TFAP2D#chr6:50714069-50714087(-)	TFAP2D	tf_targeting		
TFAP2D#chr6:50714074-50714092(-)	TFAP2D	tf_targeting		
TFAP2D#chr6:50714185-50714203(-)	TFAP2D	tf_targeting		
TFAP2D#chr6:50714188-50714206(-)	TFAP2D	tf_targeting		
TFAP2E#chr1:35573297-35573315(+)	TFAP2E	tf_targeting		
TFAP2E#chr1:35573300-35573318(+)	TFAP2E	tf_targeting		
TFAP2E#chr1:35573376-35573394(-)	TFAP2E	tf_targeting		
TFAP2E#chr1:35573389-35573407(-)	TFAP2E	tf_targeting		
TFAP2E#chr1:35573434-35573452(-)	TFAP2E	tf_targeting		
TFAP2E#chr1:35573603-35573621(-)	TFAP2E	tf_targeting		
TFAP4#chr16:4272475-4272493(+)	TFAP4	tf_targeting	0.150691	0.8737375684861618
TFAP4#chr16:4272526-4272544(+)	TFAP4	tf_targeting	-1.8564354	0.0377390714887076
TFAP4#chr16:4272821-4272839(+)	TFAP4	tf_targeting	-0.31184563	0.5020063207071657
TFAP4#chr16:4272832-4272850(+)	TFAP4	tf_targeting	-1.2128236	0.1041333329748708
TFAP4#chr16:4272849-4272867(+)	TFAP4	tf_targeting	-0.4531604	0.3826577347604555
TFAP4#chr16:4272855-4272873(+)	TFAP4	tf_targeting	-2.6266825	0.0092081653922435
TFCP2#chr12:51172863-51172881(-)	TFCP2	tf_targeting	-0.8938052	0.3483398293571347
TFCP2#chr12:51172915-51172933(-)	TFCP2	tf_targeting	-0.80182755	0.1409761369341886
TFCP2#chr12:51173055-51173073(-)	TFCP2	tf_targeting	-3.7091885	0.0013026634202722
TFCP2#chr12:51173085-51173103(+)	TFCP2	tf_targeting	-2.068915	0.0006341642464983
TFCP2#chr12:51173096-51173114(-)	TFCP2	tf_targeting	-1.7753661	0.0293971091982099
TFCP2#chr12:51173113-51173131(-)	TFCP2	tf_targeting	-0.57843745	0.5367834172951459
TFCP2L1#chr2:121284700-121284718(+)	TFCP2L1	tf_targeting		
TFCP2L1#chr2:121284793-121284811(-)	TFCP2L1	tf_targeting		
TFCP2L1#chr2:121284796-121284814(+)	TFCP2L1	tf_targeting		
TFCP2L1#chr2:121285117-121285135(+)	TFCP2L1	tf_targeting		
TFCP2L1#chr2:121285141-121285159(+)	TFCP2L1	tf_targeting		
TFCP2L1#chr2:121285161-121285179(+)	TFCP2L1	tf_targeting		
TFDP1#chr13:113584680-113584698(-)	TFDP1	tf_targeting	-2.1455002	0.0280247181416428
TFDP1#chr13:113584683-113584701(-)	TFDP1	tf_targeting	-1.5397675	0.0014277461890111
TFDP1#chr13:113584704-113584722(+)	TFDP1	tf_targeting	-2.1686425	0.0014823308179476
TFDP1#chr13:113584729-113584747(-)	TFDP1	tf_targeting	-2.460901	5.915850338039829e-05
TFDP1#chr13:113584743-113584761(+)	TFDP1	tf_targeting	-1.1711986	0.014992992274517
TFDP1#chr13:113585114-113585132(-)	TFDP1	tf_targeting	-0.32357967	0.2468514408428413
TFDP2#chr3:142028416-142028434(-)	TFDP2	tf_targeting	-0.689834	0.3503076299749484
TFDP2#chr3:142028549-142028567(-)	TFDP2	tf_targeting	-0.91802543	0.1008565695687721
TFDP2#chr3:142028561-142028579(+)	TFDP2	tf_targeting	0.076942176	0.7674768971533468
TFDP2#chr3:142028568-142028586(+)	TFDP2	tf_targeting	-0.4174771	0.1550591095888797
TFDP2#chr3:142028581-142028599(-)	TFDP2	tf_targeting	-0.44168964	0.3918375664559022
TFDP2#chr3:142028627-142028645(+)	TFDP2	tf_targeting	-0.0419404	0.9211406252574744
TFDP2#chr3:142149260-142149278(-)	TFDP2	tf_targeting	-0.6568436	0.0006530568052789
TFDP2#chr3:142149385-142149403(+)	TFDP2	tf_targeting	-0.38769627	0.0576117761028599
TFDP2#chr3:142149391-142149409(+)	TFDP2	tf_targeting	-0.46027768	0.0241736491283348
TFDP2#chr3:142149448-142149466(-)	TFDP2	tf_targeting	-0.724205	0.0216908965599304
TFDP2#chr3:142149454-142149472(-)	TFDP2	tf_targeting	-0.7048153	0.0304215760025989
TFDP2#chr3:142149466-142149484(-)	TFDP2	tf_targeting	-0.32452285	0.1669712342448529
TFDP3#chrX:133218167-133218185(+)	TFDP3	tf_targeting		
TFDP3#chrX:133218307-133218325(+)	TFDP3	tf_targeting		
TFDP3#chrX:133218319-133218337(+)	TFDP3	tf_targeting		
TFDP3#chrX:133218327-133218345(-)	TFDP3	tf_targeting		
TFDP3#chrX:133218332-133218350(-)	TFDP3	tf_targeting		
TFDP3#chrX:133218347-133218365(-)	TFDP3	tf_targeting		
TFEB#chr6:41733540-41733558(-)	TFEB	tf_targeting		
TFEB#chr6:41733613-41733631(+)	TFEB	tf_targeting		
TFEB#chr6:41733764-41733782(-)	TFEB	tf_targeting		
TFEB#chr6:41733794-41733812(+)	TFEB	tf_targeting		
TFEB#chr6:41733808-41733826(-)	TFEB	tf_targeting		
TFEB#chr6:41733821-41733839(-)	TFEB	tf_targeting		
TFEB#chr6:41735253-41735271(-)	TFEB	tf_targeting		
TFEB#chr6:41735257-41735275(-)	TFEB	tf_targeting		
TFEB#chr6:41735311-41735329(-)	TFEB	tf_targeting		
TFEB#chr6:41735337-41735355(-)	TFEB	tf_targeting		
TFEB#chr6:41735560-41735578(-)	TFEB	tf_targeting		
TFEB#chr6:41735589-41735607(-)	TFEB	tf_targeting		
TFEC#chr7:116030682-116030700(-)	TFEC	tf_targeting		
TFEC#chr7:116030701-116030719(-)	TFEC	tf_targeting		
TFEC#chr7:116030705-116030723(+)	TFEC	tf_targeting		
TFEC#chr7:116030721-116030739(-)	TFEC	tf_targeting		
TFEC#chr7:116030734-116030752(-)	TFEC	tf_targeting		
TFEC#chr7:116030752-116030770(-)	TFEC	tf_targeting		
TGFB1I1#chr16:31472156-31472174(-)	TGFB1I1	tf_targeting	-1.830583	8.787450258178736e-05
TGFB1I1#chr16:31472181-31472199(+)	TGFB1I1	tf_targeting	-0.6206391	0.4210816440779686
TGFB1I1#chr16:31472190-31472208(-)	TGFB1I1	tf_targeting	0.0117031615	0.990280170798738
TGFB1I1#chr16:31472200-31472218(-)	TGFB1I1	tf_targeting	-1.3749154	0.0274686926836869
TGFB1I1#chr16:31472515-31472533(+)	TGFB1I1	tf_targeting	-2.9322379	0.0033659678681294
TGFB1I1#chr16:31472530-31472548(+)	TGFB1I1	tf_targeting	-1.2990048	0.1383026214200966
TGIF1#chr18:3449733-3449751(+)	TGIF1	tf_targeting	-0.8567307	0.2297636876166494
TGIF1#chr18:3450188-3450206(+)	TGIF1	tf_targeting	-0.9715655	0.2312435071606974
TGIF1#chr18:3450196-3450214(+)	TGIF1	tf_targeting	-1.6754564	0.1186968260619587
TGIF1#chr18:3450206-3450224(+)	TGIF1	tf_targeting	-0.31216043	0.5340261557254706
TGIF1#chr18:3450211-3450229(+)	TGIF1	tf_targeting	-0.54786956	0.4730295567994202
TGIF1#chr18:3450603-3450621(-)	TGIF1	tf_targeting	-0.08058226	0.8020447275836702
TGIF2#chr20:36573621-36573639(-)	TGIF2	tf_targeting		
TGIF2#chr20:36573623-36573641(+)	TGIF2	tf_targeting		
TGIF2#chr20:36573627-36573645(+)	TGIF2	tf_targeting		
TGIF2#chr20:36573636-36573654(-)	TGIF2	tf_targeting		
TGIF2#chr20:36573639-36573657(+)	TGIF2	tf_targeting		
TGIF2#chr20:36575034-36575052(+)	TGIF2	tf_targeting		
TGIF2LX#chrX:89922068-89922086(+)	TGIF2LX	tf_targeting		
TGIF2LX#chrX:89922078-89922096(-)	TGIF2LX	tf_targeting		
TGIF2LX#chrX:89922084-89922102(+)	TGIF2LX	tf_targeting		
TGIF2LX#chrX:89922096-89922114(-)	TGIF2LX	tf_targeting		
TGIF2LY#chrY:3579227-3579245(+)	TGIF2LY	tf_targeting		
TGIF2LY#chrY:3579237-3579255(-)	TGIF2LY	tf_targeting		
TGIF2LY#chrY:3579243-3579261(+)	TGIF2LY	tf_targeting		
TGIF2LY#chrY:3579255-3579273(-)	TGIF2LY	tf_targeting		
THAP1#chr8:42842856-42842874(+)	THAP1	tf_targeting		
THAP1#chr8:42842882-42842900(+)	THAP1	tf_targeting		
THAP1#chr8:42843072-42843090(-)	THAP1	tf_targeting		
THAP1#chr8:42843102-42843120(-)	THAP1	tf_targeting		
THAP1#chr8:42843121-42843139(+)	THAP1	tf_targeting		
THAP1#chr8:42843331-42843349(-)	THAP1	tf_targeting		
THAP10#chr15:70892321-70892339(-)	THAP10	tf_targeting		
THAP10#chr15:70892365-70892383(+)	THAP10	tf_targeting		
THAP10#chr15:70892370-70892388(-)	THAP10	tf_targeting		
THAP10#chr15:70892375-70892393(-)	THAP10	tf_targeting		
THAP10#chr15:70892406-70892424(-)	THAP10	tf_targeting		
THAP10#chr15:70892431-70892449(+)	THAP10	tf_targeting		
THAP11#chr16:67842300-67842318(+)	THAP11	tf_targeting		
THAP11#chr16:67842327-67842345(-)	THAP11	tf_targeting		
THAP11#chr16:67842333-67842351(-)	THAP11	tf_targeting		
THAP11#chr16:67842753-67842771(+)	THAP11	tf_targeting		
THAP11#chr16:67843033-67843051(-)	THAP11	tf_targeting		
THAP11#chr16:67843042-67843060(-)	THAP11	tf_targeting		
THAP2#chr12:71663070-71663088(+)	THAP2	tf_targeting		
THAP2#chr12:71663084-71663102(-)	THAP2	tf_targeting		
THAP2#chr12:71663101-71663119(-)	THAP2	tf_targeting		
THAP2#chr12:71663134-71663152(-)	THAP2	tf_targeting		
THAP2#chr12:71663421-71663439(+)	THAP2	tf_targeting		
THAP2#chr12:71663452-71663470(-)	THAP2	tf_targeting		
THAP2#chr12:71664371-71664389(-)	THAP2	tf_targeting		
THAP2#chr12:71664379-71664397(-)	THAP2	tf_targeting		
THAP2#chr12:71664392-71664410(+)	THAP2	tf_targeting		
THAP2#chr12:71664425-71664443(-)	THAP2	tf_targeting		
THAP2#chr12:71664470-71664488(-)	THAP2	tf_targeting		
THAP2#chr12:71664578-71664596(-)	THAP2	tf_targeting		
THAP3#chr1:6624884-6624902(-)	THAP3	tf_targeting	-1.4167264	0.0063370478303892
THAP3#chr1:6625178-6625196(+)	THAP3	tf_targeting	-0.5457445	0.1334839156860142
THAP3#chr1:6625187-6625205(-)	THAP3	tf_targeting	-0.7572004	0.453774885222449
THAP3#chr1:6625206-6625224(-)	THAP3	tf_targeting	-0.98535913	0.0615295384212716
THAP3#chr1:6625290-6625308(-)	THAP3	tf_targeting	-1.3412048	0.02119001359643
THAP3#chr1:6625588-6625606(-)	THAP3	tf_targeting	-0.7698812	0.1931312964355186
THAP4#chr2:241636760-241636778(+)	THAP4	tf_targeting	-0.15835121	0.2597701051330457
THAP4#chr2:241636935-241636953(+)	THAP4	tf_targeting	0.06871387	0.805205462744724
THAP4#chr2:241636982-241637000(-)	THAP4	tf_targeting	-0.43280238	0.0521293063925521
THAP4#chr2:241637097-241637115(+)	THAP4	tf_targeting	-0.20289738	0.15570898885879
THAP4#chr2:241637104-241637122(+)	THAP4	tf_targeting	-0.018152837	0.9420175491678116
THAP4#chr2:241637142-241637160(+)	THAP4	tf_targeting	0.051751975	0.9359299131950988
THAP5#chr7:108569393-108569411(+)	THAP5	tf_targeting		
THAP5#chr7:108569627-108569645(-)	THAP5	tf_targeting		
THAP5#chr7:108569631-108569649(+)	THAP5	tf_targeting		
THAP5#chr7:108569643-108569661(-)	THAP5	tf_targeting		
THAP5#chr7:108569665-108569683(-)	THAP5	tf_targeting		
THAP5#chr7:108569699-108569717(-)	THAP5	tf_targeting		
THAP6#chr4:75514441-75514459(+)	THAP6	tf_targeting	-0.65662324	0.3864400193887075
THAP6#chr4:75514487-75514505(-)	THAP6	tf_targeting	-1.0271939	0.1442511776922246
THAP6#chr4:75514514-75514532(+)	THAP6	tf_targeting	-1.0740561	0.1141089832134049
THAP6#chr4:75514665-75514683(-)	THAP6	tf_targeting	-0.41376013	0.5933386692545399
THAP6#chr4:75514688-75514706(-)	THAP6	tf_targeting	-3.4024184	0.0004293054328278
THAP6#chr4:75514692-75514710(-)	THAP6	tf_targeting	-1.4697902	0.0178156370163659
THAP7#chr22:21001546-21001564(+)	THAP7	tf_targeting	-1.9386547	9.667555611050609e-08
THAP7#chr22:21001716-21001734(-)	THAP7	tf_targeting	-1.5505213	0.0039427320017863
THAP7#chr22:21001759-21001777(-)	THAP7	tf_targeting	-1.3717757	0.0149829769065517
THAP7#chr22:21001902-21001920(+)	THAP7	tf_targeting	-1.7907306	0.0342170462617398
THAP7#chr22:21002096-21002114(-)	THAP7	tf_targeting	-0.89974374	0.0476616268541929
THAP7#chr22:21002107-21002125(-)	THAP7	tf_targeting	-1.5896647	0.0008504042707355
THAP8#chr19:36054165-36054183(+)	THAP8	tf_targeting		
THAP8#chr19:36054193-36054211(+)	THAP8	tf_targeting		
THAP8#chr19:36054231-36054249(-)	THAP8	tf_targeting		
THAP8#chr19:36054234-36054252(-)	THAP8	tf_targeting		
THAP8#chr19:36054247-36054265(-)	THAP8	tf_targeting		
THAP8#chr19:36054376-36054394(-)	THAP8	tf_targeting		
THAP9#chr4:82900711-82900729(+)	THAP9	tf_targeting		
THAP9#chr4:82900715-82900733(+)	THAP9	tf_targeting		
THAP9#chr4:82900721-82900739(-)	THAP9	tf_targeting		
THAP9#chr4:82900759-82900777(+)	THAP9	tf_targeting		
THAP9#chr4:82900763-82900781(+)	THAP9	tf_targeting		
THAP9#chr4:82901085-82901103(-)	THAP9	tf_targeting		
THRA#chr17:40062971-40062989(+)	THRA	tf_targeting	-1.1997097	0.0004298706022416
THRA#chr17:40063009-40063027(-)	THRA	tf_targeting	-0.26180297	0.3604037880153078
THRA#chr17:40063018-40063036(-)	THRA	tf_targeting	0.16303325	0.5969805050838826
THRA#chr17:40063080-40063098(+)	THRA	tf_targeting	-1.0704156	0.029313066110773
THRA#chr17:40063226-40063244(-)	THRA	tf_targeting	-2.1382515	0.0245341287497792
THRA#chr17:40063238-40063256(-)	THRA	tf_targeting	-1.276858	0.0333485910170883
THRB#chr3:24494427-24494445(+)	THRB	tf_targeting		
THRB#chr3:24494574-24494592(-)	THRB	tf_targeting		
THRB#chr3:24494721-24494739(+)	THRB	tf_targeting		
THRB#chr3:24494753-24494771(-)	THRB	tf_targeting		
THRB#chr3:24494838-24494856(-)	THRB	tf_targeting		
THRB#chr3:24494841-24494859(-)	THRB	tf_targeting		
THYN1#chr11:134252963-134252981(+)	THYN1	tf_targeting	-1.1500473	0.000485887684113
THYN1#chr11:134253303-134253321(+)	THYN1	tf_targeting	-1.146822	2.478981199085937e-05
THYN1#chr11:134253335-134253353(-)	THYN1	tf_targeting	-2.1701138	6.410642591871343e-20
THYN1#chr11:134253347-134253365(+)	THYN1	tf_targeting	-1.0705203	1.624390039538051e-07
THYN1#chr11:134253358-134253376(+)	THYN1	tf_targeting	-0.25637504	0.0775546135519391
THYN1#chr11:134253363-134253381(-)	THYN1	tf_targeting	-1.9928682	2.261376291412015e-13
TIGD1#chr2:232550455-232550473(+)	TIGD1	tf_targeting		
TIGD1#chr2:232550462-232550480(+)	TIGD1	tf_targeting		
TIGD1#chr2:232550481-232550499(+)	TIGD1	tf_targeting		
TIGD1#chr2:232550540-232550558(-)	TIGD1	tf_targeting		
TIGD1#chr2:232550553-232550571(-)	TIGD1	tf_targeting		
TIGD1#chr2:232550568-232550586(-)	TIGD1	tf_targeting		
TIGD2#chr4:89113555-89113573(+)	TIGD2	tf_targeting		
TIGD2#chr4:89113565-89113583(-)	TIGD2	tf_targeting		
TIGD2#chr4:89113609-89113627(+)	TIGD2	tf_targeting		
TIGD2#chr4:89113669-89113687(+)	TIGD2	tf_targeting		
TIGD2#chr4:89113950-89113968(-)	TIGD2	tf_targeting		
TIGD2#chr4:89113958-89113976(-)	TIGD2	tf_targeting		
TIGD3#chr11:65354826-65354844(-)	TIGD3	tf_targeting		
TIGD3#chr11:65354836-65354854(-)	TIGD3	tf_targeting		
TIGD3#chr11:65354851-65354869(-)	TIGD3	tf_targeting		
TIGD3#chr11:65354877-65354895(-)	TIGD3	tf_targeting		
TIGD3#chr11:65355009-65355027(+)	TIGD3	tf_targeting		
TIGD3#chr11:65355215-65355233(-)	TIGD3	tf_targeting		
TIGD4#chr4:152779372-152779390(+)	TIGD4	tf_targeting		
TIGD4#chr4:152779481-152779499(+)	TIGD4	tf_targeting		
TIGD4#chr4:152779565-152779583(-)	TIGD4	tf_targeting		
TIGD4#chr4:152779671-152779689(-)	TIGD4	tf_targeting		
TIGD4#chr4:152779695-152779713(-)	TIGD4	tf_targeting		
TIGD4#chr4:152779708-152779726(-)	TIGD4	tf_targeting		
TIGD5#chr8:143597834-143597852(+)	TIGD5	tf_targeting		
TIGD5#chr8:143597895-143597913(+)	TIGD5	tf_targeting		
TIGD5#chr8:143597899-143597917(-)	TIGD5	tf_targeting		
TIGD5#chr8:143598091-143598109(+)	TIGD5	tf_targeting		
TIGD5#chr8:143598094-143598112(+)	TIGD5	tf_targeting		
TIGD5#chr8:143598327-143598345(-)	TIGD5	tf_targeting		
TIGD6#chr5:150000467-150000485(-)	TIGD6	tf_targeting		
TIGD6#chr5:150000508-150000526(+)	TIGD6	tf_targeting		
TIGD6#chr5:150000522-150000540(-)	TIGD6	tf_targeting		
TIGD6#chr5:150000543-150000561(+)	TIGD6	tf_targeting		
TIGD6#chr5:150000555-150000573(-)	TIGD6	tf_targeting		
TIGD6#chr5:150000586-150000604(-)	TIGD6	tf_targeting		
TIGD7#chr16:3305345-3305363(+)	TIGD7	tf_targeting		
TIGD7#chr16:3305370-3305388(+)	TIGD7	tf_targeting		
TIGD7#chr16:3305376-3305394(-)	TIGD7	tf_targeting		
TIGD7#chr16:3305389-3305407(+)	TIGD7	tf_targeting		
TIGD7#chr16:3305463-3305481(-)	TIGD7	tf_targeting		
TIGD7#chr16:3305666-3305684(-)	TIGD7	tf_targeting		
TLX1#chr10:101131117-101131135(-)	TLX1	tf_targeting		
TLX1#chr10:101131135-101131153(-)	TLX1	tf_targeting		
TLX1#chr10:101131319-101131337(+)	TLX1	tf_targeting		
TLX1#chr10:101131397-101131415(-)	TLX1	tf_targeting		
TLX1#chr10:101131657-101131675(+)	TLX1	tf_targeting		
TLX1#chr10:101131696-101131714(+)	TLX1	tf_targeting		
TLX2#chr2:74514467-74514485(-)	TLX2	tf_targeting		
TLX2#chr2:74514471-74514489(+)	TLX2	tf_targeting		
TLX2#chr2:74514478-74514496(+)	TLX2	tf_targeting		
TLX2#chr2:74514487-74514505(-)	TLX2	tf_targeting		
TLX2#chr2:74514581-74514599(-)	TLX2	tf_targeting		
TLX2#chr2:74514731-74514749(-)	TLX2	tf_targeting		
TLX3#chr5:171309238-171309256(+)	TLX3	tf_targeting		
TLX3#chr5:171309261-171309279(+)	TLX3	tf_targeting		
TLX3#chr5:171309267-171309285(+)	TLX3	tf_targeting		
TLX3#chr5:171309294-171309312(+)	TLX3	tf_targeting		
TLX3#chr5:171309308-171309326(-)	TLX3	tf_targeting		
TLX3#chr5:171309478-171309496(+)	TLX3	tf_targeting		
TMF1#chr3:69052092-69052110(-)	TMF1	tf_targeting		
TMF1#chr3:69052218-69052236(-)	TMF1	tf_targeting		
TMF1#chr3:69052227-69052245(-)	TMF1	tf_targeting		
TMF1#chr3:69052232-69052250(+)	TMF1	tf_targeting		
TMF1#chr3:69052238-69052256(-)	TMF1	tf_targeting		
TMF1#chr3:69052251-69052269(-)	TMF1	tf_targeting		
TNXB#chr6:32109273-32109291(+)	TNXB	tf_targeting		
TNXB#chr6:32109301-32109319(+)	TNXB	tf_targeting		
TNXB#chr6:32109309-32109327(-)	TNXB	tf_targeting		
TNXB#chr6:32109315-32109333(+)	TNXB	tf_targeting		
TNXB#chr6:32109319-32109337(+)	TNXB	tf_targeting		
TNXB#chr6:32109336-32109354(+)	TNXB	tf_targeting		
TOPORS#chr9:32552356-32552374(+)	TOPORS	tf_targeting		
TOPORS#chr9:32552510-32552528(-)	TOPORS	tf_targeting		
TOPORS#chr9:32552519-32552537(+)	TOPORS	tf_targeting		
TOPORS#chr9:32552582-32552600(-)	TOPORS	tf_targeting		
TOPORS#chr9:32552603-32552621(-)	TOPORS	tf_targeting		
TOPORS#chr9:32552616-32552634(-)	TOPORS	tf_targeting		
TOX#chr8:59118601-59118619(+)	TOX	tf_targeting		
TOX#chr8:59118710-59118728(-)	TOX	tf_targeting		
TOX#chr8:59118843-59118861(+)	TOX	tf_targeting		
TOX#chr8:59119054-59119072(+)	TOX	tf_targeting		
TOX#chr8:59119061-59119079(+)	TOX	tf_targeting		
TOX#chr8:59119110-59119128(-)	TOX	tf_targeting		
TOX2#chr20:43914841-43914859(+)	TOX2	tf_targeting		
TOX2#chr20:43914848-43914866(-)	TOX2	tf_targeting		
TOX2#chr20:43914890-43914908(-)	TOX2	tf_targeting		
TOX2#chr20:43914893-43914911(-)	TOX2	tf_targeting		
TOX2#chr20:43914903-43914921(-)	TOX2	tf_targeting		
TOX2#chr20:43914906-43914924(-)	TOX2	tf_targeting		
TOX3#chr16:52546796-52546814(-)	TOX3	tf_targeting		
TOX3#chr16:52546885-52546903(+)	TOX3	tf_targeting		
TOX3#chr16:52547027-52547045(+)	TOX3	tf_targeting		
TOX3#chr16:52547107-52547125(-)	TOX3	tf_targeting		
TOX3#chr16:52547110-52547128(-)	TOX3	tf_targeting		
TOX3#chr16:52547128-52547146(+)	TOX3	tf_targeting		
TOX4#chr14:21476886-21476904(-)	TOX4	tf_targeting	-0.8603811	0.0747646808033193
TOX4#chr14:21477189-21477207(+)	TOX4	tf_targeting	-0.22228608	0.2970338203109173
TOX4#chr14:21477207-21477225(+)	TOX4	tf_targeting	-0.15829629	0.5238474307289149
TOX4#chr14:21477379-21477397(+)	TOX4	tf_targeting	-0.1648235	0.7733154450344847
TOX4#chr14:21477402-21477420(+)	TOX4	tf_targeting	-0.99748373	0.0236784296368549
TOX4#chr14:21477594-21477612(+)	TOX4	tf_targeting	-0.9549321	0.1468930328472323
TP53#chr17:7687058-7687076(+)	TP53	tf_targeting		
TP53#chr17:7687217-7687235(-)	TP53	tf_targeting		
TP53#chr17:7687366-7687384(+)	TP53	tf_targeting		
TP53#chr17:7687449-7687467(-)	TP53	tf_targeting		
TP53#chr17:7687460-7687478(-)	TP53	tf_targeting		
TP53#chr17:7687466-7687484(-)	TP53	tf_targeting		
TP53BP1#chr15:43492900-43492918(-)	TP53BP1	tf_targeting	-2.1434443	1.6021023779396822e-05
TP53BP1#chr15:43493093-43493111(-)	TP53BP1	tf_targeting	-1.1813482	0.1344854997572674
TP53BP1#chr15:43493101-43493119(-)	TP53BP1	tf_targeting	-1.7651604	0.000119874192532
TP53BP1#chr15:43493105-43493123(-)	TP53BP1	tf_targeting	-1.4560217	4.422027495639753e-11
TP53BP1#chr15:43493115-43493133(-)	TP53BP1	tf_targeting	-1.1887369	6.087762831567757e-13
TP53BP1#chr15:43493159-43493177(-)	TP53BP1	tf_targeting	0.7122858	0.2628947422696297
TP53BP1#chr15:43510228-43510246(+)	TP53BP1	tf_targeting	-0.12385609	0.5086821785273397
TP53BP1#chr15:43510365-43510383(+)	TP53BP1	tf_targeting	-0.09764942	0.5976649954783113
TP53BP1#chr15:43510403-43510421(-)	TP53BP1	tf_targeting	-0.34200937	0.1882275483070152
TP53BP1#chr15:43510408-43510426(-)	TP53BP1	tf_targeting	-0.1922341	0.3963026639253646
TP53BP1#chr15:43510417-43510435(+)	TP53BP1	tf_targeting	-0.05523512	0.8074271749036179
TP53BP1#chr15:43510464-43510482(-)	TP53BP1	tf_targeting	0.23978281	0.437168180617596
TP53BP2#chr1:223845711-223845729(+)	TP53BP2	tf_targeting	-1.5455501	0.0013336019813077
TP53BP2#chr1:223845872-223845890(+)	TP53BP2	tf_targeting	-1.4077351	0.0521816788184803
TP53BP2#chr1:223845898-223845916(+)	TP53BP2	tf_targeting	-0.18399368	0.4524658264590927
TP53BP2#chr1:223845904-223845922(+)	TP53BP2	tf_targeting	-2.339851	0.0065737270866084
TP53BP2#chr1:223845938-223845956(-)	TP53BP2	tf_targeting	0.12822817	0.8028900663059807
TP53BP2#chr1:223845949-223845967(-)	TP53BP2	tf_targeting	-1.5073498	0.0004033086529667
TP63#chr3:189789703-189789721(+)	TP63	tf_targeting		
TP63#chr3:189789712-189789730(+)	TP63	tf_targeting		
TP63#chr3:189789715-189789733(+)	TP63	tf_targeting		
TP63#chr3:189789720-189789738(+)	TP63	tf_targeting		
TP63#chr3:189789822-189789840(+)	TP63	tf_targeting		
TP63#chr3:189789826-189789844(-)	TP63	tf_targeting		
TP73#chr1:3652548-3652566(+)	TP73	tf_targeting		
TP73#chr1:3652565-3652583(+)	TP73	tf_targeting		
TP73#chr1:3652766-3652784(+)	TP73	tf_targeting		
TP73#chr1:3652902-3652920(+)	TP73	tf_targeting		
TP73#chr1:3652976-3652994(+)	TP73	tf_targeting		
TP73#chr1:3652988-3653006(+)	TP73	tf_targeting		
TPI1#chr12:6867491-6867509(+)	TPI1	tf_targeting	-0.44361475	0.2026811803513488
TPI1#chr12:6867737-6867755(+)	TPI1	tf_targeting	-0.13755478	0.5800173045164727
TPI1#chr12:6867781-6867799(+)	TPI1	tf_targeting	-1.1720197	2.8875279438805844e-12
TPI1#chr12:6867852-6867870(+)	TPI1	tf_targeting	-1.0653763	2.976136745699624e-29
TPI1#chr12:6867967-6867985(+)	TPI1	tf_targeting	-1.5875772	1.0252390217059054e-17
TPI1#chr12:6867977-6867995(+)	TPI1	tf_targeting	-0.11385069	0.7903107493851025
TPRX1#chr19:47818602-47818620(+)	TPRX1	tf_targeting		
TPRX1#chr19:47818608-47818626(+)	TPRX1	tf_targeting		
TPRX1#chr19:47818615-47818633(+)	TPRX1	tf_targeting		
TPRX1#chr19:47818673-47818691(+)	TPRX1	tf_targeting		
TPRX1#chr19:47818692-47818710(-)	TPRX1	tf_targeting		
TPRX1#chr19:47818703-47818721(-)	TPRX1	tf_targeting		
TRAFD1#chr12:112125539-112125557(-)	TRAFD1	tf_targeting	-0.8020777	0.0535092390852554
TRAFD1#chr12:112125573-112125591(-)	TRAFD1	tf_targeting	-2.5527246	0.004682727910693
TRAFD1#chr12:112125609-112125627(-)	TRAFD1	tf_targeting	-2.397446	0.0089956156291181
TRAFD1#chr12:112125611-112125629(+)	TRAFD1	tf_targeting	-2.7856834	0.0042791532926344
TRAFD1#chr12:112125617-112125635(-)	TRAFD1	tf_targeting	-2.3820949	2.903794026274255e-09
TRAFD1#chr12:112125896-112125914(-)	TRAFD1	tf_targeting	-1.9437104	1.302162176465045e-06
TRERF1#chr6:42451110-42451128(-)	TRERF1	tf_targeting	-1.0461566	0.1023976825708696
TRERF1#chr6:42451566-42451584(-)	TRERF1	tf_targeting	-0.8999539	0.1308674240129439
TRERF1#chr6:42451608-42451626(-)	TRERF1	tf_targeting	-0.30662644	0.3983932586781535
TRERF1#chr6:42451720-42451738(-)	TRERF1	tf_targeting	-1.2318075	0.0038958419287071
TRERF1#chr6:42451762-42451780(-)	TRERF1	tf_targeting	-0.040851373	0.9637585057918502
TRERF1#chr6:42451790-42451808(-)	TRERF1	tf_targeting	-2.2460392	0.0040684124296268
TRIM22#chr11:5689791-5689809(+)	TRIM22	tf_targeting		
TRIM22#chr11:5689819-5689837(+)	TRIM22	tf_targeting		
TRIM22#chr11:5689846-5689864(-)	TRIM22	tf_targeting		
TRIM22#chr11:5689868-5689886(-)	TRIM22	tf_targeting		
TRIM22#chr11:5689899-5689917(+)	TRIM22	tf_targeting		
TRIM22#chr11:5689994-5690012(+)	TRIM22	tf_targeting		
TRIM25#chr17:56913644-56913662(+)	TRIM25	tf_targeting		
TRIM25#chr17:56913652-56913670(-)	TRIM25	tf_targeting		
TRIM25#chr17:56913969-56913987(+)	TRIM25	tf_targeting		
TRIM25#chr17:56913981-56913999(+)	TRIM25	tf_targeting		
TRIM25#chr17:56913988-56914006(-)	TRIM25	tf_targeting		
TRIM25#chr17:56913998-56914016(-)	TRIM25	tf_targeting		
TRIM27#chr6:28923729-28923747(+)	TRIM27	tf_targeting	-1.960459	8.598695867663058e-24
TRIM27#chr6:28923827-28923845(-)	TRIM27	tf_targeting	-0.29781327	0.7321922399573462
TRIM27#chr6:28923867-28923885(+)	TRIM27	tf_targeting	-0.13264501	0.5823237717800172
TRIM27#chr6:28923889-28923907(+)	TRIM27	tf_targeting	-2.1199598	0.0063543919879934
TRIM27#chr6:28923907-28923925(-)	TRIM27	tf_targeting	-1.0908974	0.0048485482191048
TRIM27#chr6:28923934-28923952(+)	TRIM27	tf_targeting	-1.4366931	0.0058685012051644
TRIM28#chr19:58544027-58544045(-)	TRIM28	tf_targeting	-0.09518871	0.490839688614694
TRIM28#chr19:58544504-58544522(+)	TRIM28	tf_targeting	-0.3578352	0.0230980998907189
TRIM28#chr19:58544525-58544543(+)	TRIM28	tf_targeting	-0.26820502	0.1121315927750735
TRIM28#chr19:58544584-58544602(-)	TRIM28	tf_targeting	-0.14821997	0.3343483603740895
TRIM28#chr19:58544664-58544682(+)	TRIM28	tf_targeting	-0.20234819	0.254328279621305
TRIM28#chr19:58544740-58544758(+)	TRIM28	tf_targeting	-0.9296268	0.0593615640431364
TRIM29#chr11:120122614-120122632(+)	TRIM29	tf_targeting		
TRIM29#chr11:120122975-120122993(+)	TRIM29	tf_targeting		
TRIM29#chr11:120123006-120123024(-)	TRIM29	tf_targeting		
TRIM29#chr11:120123013-120123031(-)	TRIM29	tf_targeting		
TRIM29#chr11:120123016-120123034(-)	TRIM29	tf_targeting		
TRIM29#chr11:120123064-120123082(+)	TRIM29	tf_targeting		
TRIM29#chr11:120137900-120137918(-)	TRIM29	tf_targeting		
TRIM29#chr11:120138049-120138067(+)	TRIM29	tf_targeting		
TRIM29#chr11:120138072-120138090(+)	TRIM29	tf_targeting		
TRIM29#chr11:120138084-120138102(+)	TRIM29	tf_targeting		
TRIM29#chr11:120138111-120138129(+)	TRIM29	tf_targeting		
TRIM29#chr11:120138128-120138146(-)	TRIM29	tf_targeting		
TRPS1#chr8:115668571-115668589(+)	TRPS1	tf_targeting	-1.2882547	0.0318424463796739
TRPS1#chr8:115668765-115668783(+)	TRPS1	tf_targeting	-0.7241413	0.0061372488614309
TRPS1#chr8:115668772-115668790(+)	TRPS1	tf_targeting	-0.29615155	0.3136585287179293
TRPS1#chr8:115668838-115668856(+)	TRPS1	tf_targeting	-2.1274097	3.037931727329619e-07
TRPS1#chr8:115668877-115668895(+)	TRPS1	tf_targeting	-1.3827811	0.0001145485098996
TRPS1#chr8:115668959-115668977(-)	TRPS1	tf_targeting	-1.975791	0.0086224027498343
TSC22D1#chr13:44436786-44436804(-)	TSC22D1	tf_targeting	-2.1827216	5.029938278805102e-12
TSC22D1#chr13:44436796-44436814(+)	TSC22D1	tf_targeting	-1.3020663	1.9119458018826422e-14
TSC22D1#chr13:44436810-44436828(-)	TSC22D1	tf_targeting	-1.6270422	3.3650549460703735e-08
TSC22D1#chr13:44436827-44436845(-)	TSC22D1	tf_targeting	-2.5648375	3.4361150939555636e-48
TSC22D1#chr13:44436839-44436857(-)	TSC22D1	tf_targeting	-0.061790686	0.898878180514042
TSC22D1#chr13:44436841-44436859(+)	TSC22D1	tf_targeting	-1.9392616	3.3959349409412297e-12
TSC22D2#chr3:150408282-150408300(+)	TSC22D2	tf_targeting	-0.1969868	0.3709944966918251
TSC22D2#chr3:150408357-150408375(-)	TSC22D2	tf_targeting	-0.48174998	0.050830858363664
TSC22D2#chr3:150408363-150408381(+)	TSC22D2	tf_targeting	-0.25777492	0.3881426956793371
TSC22D2#chr3:150408367-150408385(-)	TSC22D2	tf_targeting	-1.2023404	0.000896917395712
TSC22D2#chr3:150408533-150408551(-)	TSC22D2	tf_targeting	0.06987554	0.8841951398464769
TSC22D2#chr3:150408660-150408678(+)	TSC22D2	tf_targeting	-1.8890564	0.0094173041795447
TSC22D3#chrX:107716580-107716598(+)	TSC22D3	tf_targeting	-1.1680105	0.073019067857083
TSC22D3#chrX:107716781-107716799(-)	TSC22D3	tf_targeting	-1.1912324	0.1613905544048178
TSC22D3#chrX:107716919-107716937(+)	TSC22D3	tf_targeting	-0.91830033	0.2736271902136916
TSC22D3#chrX:107716976-107716994(+)	TSC22D3	tf_targeting	-0.7762443	0.128776788329475
TSC22D3#chrX:107716991-107717009(+)	TSC22D3	tf_targeting	-1.2956549	0.0188844758045093
TSC22D3#chrX:107717021-107717039(-)	TSC22D3	tf_targeting	-0.56935364	0.2007316472612698
TSC22D4#chr7:100479017-100479035(-)	TSC22D4	tf_targeting	-1.5524461	0.0002103380730999
TSC22D4#chr7:100479088-100479106(+)	TSC22D4	tf_targeting	-1.2285914	0.000810119362133
TSC22D4#chr7:100479117-100479135(-)	TSC22D4	tf_targeting	0.009573903	0.9867373937480256
TSC22D4#chr7:100479148-100479166(-)	TSC22D4	tf_targeting	-2.4358943	0.0034265330825609
TSC22D4#chr7:100479152-100479170(+)	TSC22D4	tf_targeting	-2.8938777	1.5665972299596118e-05
TSC22D4#chr7:100479241-100479259(-)	TSC22D4	tf_targeting	-1.1205313	0.2349307963908299
TSHZ1#chr18:75210878-75210896(+)	TSHZ1	tf_targeting		
TSHZ1#chr18:75210885-75210903(+)	TSHZ1	tf_targeting		
TSHZ1#chr18:75210930-75210948(-)	TSHZ1	tf_targeting		
TSHZ1#chr18:75210935-75210953(-)	TSHZ1	tf_targeting		
TSHZ1#chr18:75210959-75210977(-)	TSHZ1	tf_targeting		
TSHZ1#chr18:75211235-75211253(+)	TSHZ1	tf_targeting		
TSHZ2#chr20:52972312-52972330(+)	TSHZ2	tf_targeting	-0.023993703	0.9793482483697212
TSHZ2#chr20:52972366-52972384(+)	TSHZ2	tf_targeting	-2.3086064	0.0003595750712756
TSHZ2#chr20:52972396-52972414(-)	TSHZ2	tf_targeting	-2.2213006	0.0593552964906744
TSHZ2#chr20:52972471-52972489(+)	TSHZ2	tf_targeting	-3.4261148	4.304561381685327e-05
TSHZ2#chr20:52972685-52972703(-)	TSHZ2	tf_targeting	-1.8662319	8.515605812811731e-07
TSHZ3#chr19:31349211-31349229(-)	TSHZ3	tf_targeting		
TSHZ3#chr19:31349335-31349353(-)	TSHZ3	tf_targeting		
TSHZ3#chr19:31349354-31349372(+)	TSHZ3	tf_targeting		
TSHZ3#chr19:31349405-31349423(+)	TSHZ3	tf_targeting		
TSHZ3#chr19:31349409-31349427(+)	TSHZ3	tf_targeting		
TSHZ3#chr19:31349416-31349434(+)	TSHZ3	tf_targeting		
TTF1#chr9:132406633-132406651(-)	TTF1	tf_targeting	0.12299774	0.8396550738139581
TTF1#chr9:132406729-132406747(-)	TTF1	tf_targeting	0.024094637	0.9622893301294472
TTF1#chr9:132406792-132406810(-)	TTF1	tf_targeting	-0.2558407	0.7450332821473717
TTF1#chr9:132406811-132406829(-)	TTF1	tf_targeting	-0.4284025	0.5328597272054649
TTF1#chr9:132406820-132406838(+)	TTF1	tf_targeting	-0.23989964	0.6331941855331287
TTF1#chr9:132406824-132406842(-)	TTF1	tf_targeting	0.0879388	0.7265824843948414
TUB#chr11:8038774-8038792(+)	TUB	tf_targeting		
TUB#chr11:8038813-8038831(-)	TUB	tf_targeting		
TUB#chr11:8038831-8038849(-)	TUB	tf_targeting		
TUB#chr11:8038855-8038873(-)	TUB	tf_targeting		
TUB#chr11:8038861-8038879(-)	TUB	tf_targeting		
TUB#chr11:8038872-8038890(-)	TUB	tf_targeting		
TULP1#chr6:35512253-35512271(-)	TULP1	tf_targeting		
TULP1#chr6:35512800-35512818(+)	TULP1	tf_targeting		
TULP1#chr6:35512814-35512832(-)	TULP1	tf_targeting		
TULP1#chr6:35512818-35512836(+)	TULP1	tf_targeting		
TULP1#chr6:35512831-35512849(-)	TULP1	tf_targeting		
TULP1#chr6:35512834-35512852(+)	TULP1	tf_targeting		
TULP2#chr19:48898554-48898572(-)	TULP2	tf_targeting		
TULP2#chr19:48898626-48898644(+)	TULP2	tf_targeting		
TULP2#chr19:48898648-48898666(+)	TULP2	tf_targeting		
TULP2#chr19:48898666-48898684(+)	TULP2	tf_targeting		
TULP2#chr19:48898683-48898701(-)	TULP2	tf_targeting		
TULP2#chr19:48898693-48898711(-)	TULP2	tf_targeting		
TULP3#chr12:2877252-2877270(+)	TULP3	tf_targeting	-0.8671968	0.1727009572413882
TULP3#chr12:2877267-2877285(+)	TULP3	tf_targeting	-0.3554174	0.5111879606719696
TULP3#chr12:2877292-2877310(+)	TULP3	tf_targeting	-0.050783638	0.8649620050735456
TULP3#chr12:2877296-2877314(-)	TULP3	tf_targeting	0.2705966	0.4474271519743915
TULP3#chr12:2877445-2877463(-)	TULP3	tf_targeting	0.053494547	0.8973460291131903
TULP3#chr12:2877695-2877713(-)	TULP3	tf_targeting	0.09808286	0.8085503287525344
TULP3#chr12:2890882-2890900(+)	TULP3	tf_targeting	-1.7071888	3.34878935306164e-06
TULP3#chr12:2890887-2890905(+)	TULP3	tf_targeting	-1.26753	0.0041415172138841
TULP3#chr12:2890903-2890921(+)	TULP3	tf_targeting	-1.5170461	0.0011580026351104
TULP3#chr12:2890906-2890924(+)	TULP3	tf_targeting	-1.3142843	0.0396223873886589
TULP3#chr12:2890937-2890955(-)	TULP3	tf_targeting	-1.5299668	5.489112605822607e-06
TULP3#chr12:2891092-2891110(+)	TULP3	tf_targeting	-0.88503426	0.0303926216352233
TULP4#chr6:158312280-158312298(+)	TULP4	tf_targeting	-0.117039904	0.8053614196699119
TULP4#chr6:158312326-158312344(+)	TULP4	tf_targeting	-0.31592414	0.3517240170346658
TULP4#chr6:158312334-158312352(-)	TULP4	tf_targeting	0.18897957	0.4301032484272035
TULP4#chr6:158312563-158312581(-)	TULP4	tf_targeting	0.04372992	0.8483227755281297
TULP4#chr6:158312633-158312651(-)	TULP4	tf_targeting	-0.07392103	0.8282015365591435
TULP4#chr6:158312685-158312703(-)	TULP4	tf_targeting	-0.20375799	0.4833192456468137
TWIST1#chr7:19117247-19117265(-)	TWIST1	tf_targeting		
TWIST1#chr7:19117438-19117456(+)	TWIST1	tf_targeting		
TWIST1#chr7:19117443-19117461(+)	TWIST1	tf_targeting		
TWIST1#chr7:19117543-19117561(+)	TWIST1	tf_targeting		
TWIST1#chr7:19117578-19117596(+)	TWIST1	tf_targeting		
TWIST1#chr7:19117619-19117637(-)	TWIST1	tf_targeting		
TWIST2#chr2:238848065-238848083(-)	TWIST2	tf_targeting		
TWIST2#chr2:238848070-238848088(-)	TWIST2	tf_targeting		
TWIST2#chr2:238848127-238848145(-)	TWIST2	tf_targeting		
TWIST2#chr2:238848247-238848265(-)	TWIST2	tf_targeting		
TWIST2#chr2:238848266-238848284(+)	TWIST2	tf_targeting		
TWIST2#chr2:238848355-238848373(+)	TWIST2	tf_targeting		
UBN1#chr16:4847461-4847479(+)	UBN1	tf_targeting	-1.3888077	2.2822918368755337e-06
UBN1#chr16:4847492-4847510(-)	UBN1	tf_targeting	0.5983782	0.2017775761163825
UBN1#chr16:4847495-4847513(-)	UBN1	tf_targeting	-0.5435473	0.2069921325203274
UBN1#chr16:4847498-4847516(-)	UBN1	tf_targeting	-0.40619713	0.1883522776238416
UBN1#chr16:4847515-4847533(+)	UBN1	tf_targeting	-0.2650001	0.2186038200512455
UBN1#chr16:4847731-4847749(-)	UBN1	tf_targeting	-0.33901158	1.4786221372663278e-05
UBP1#chr3:33439938-33439956(+)	UBP1	tf_targeting	0.027696844	0.9650739145116296
UBP1#chr3:33439958-33439976(+)	UBP1	tf_targeting	-1.0183076	0.0006334293663039
UBP1#chr3:33440304-33440322(-)	UBP1	tf_targeting	0.042939667	0.9295921653895556
UBP1#chr3:33440336-33440354(-)	UBP1	tf_targeting	-1.4231818	1.8495196951029973e-05
UBP1#chr3:33440355-33440373(-)	UBP1	tf_targeting	-0.79564387	0.1521812650981203
UBP1#chr3:33440383-33440401(-)	UBP1	tf_targeting	-1.1085917	0.0109640715410647
UNCX#chr7:1232867-1232885(+)	UNCX	tf_targeting		
UNCX#chr7:1232883-1232901(+)	UNCX	tf_targeting		
UNCX#chr7:1232911-1232929(-)	UNCX	tf_targeting		
UNCX#chr7:1233092-1233110(-)	UNCX	tf_targeting		
UNCX#chr7:1233099-1233117(-)	UNCX	tf_targeting		
UNCX#chr7:1233110-1233128(-)	UNCX	tf_targeting		
UNKL#chr16:1414603-1414621(+)	UNKL	tf_targeting		
UNKL#chr16:1414607-1414625(+)	UNKL	tf_targeting		
UNKL#chr16:1414627-1414645(+)	UNKL	tf_targeting		
UNKL#chr16:1414664-1414682(-)	UNKL	tf_targeting		
UNKL#chr16:1414670-1414688(-)	UNKL	tf_targeting		
UNKL#chr16:1414673-1414691(-)	UNKL	tf_targeting		
USF1#chr1:161045659-161045677(+)	USF1	tf_targeting		
USF1#chr1:161045844-161045862(-)	USF1	tf_targeting		
USF1#chr1:161045905-161045923(-)	USF1	tf_targeting		
USF1#chr1:161045911-161045929(-)	USF1	tf_targeting		
USF1#chr1:161045916-161045934(-)	USF1	tf_targeting		
USF1#chr1:161045927-161045945(-)	USF1	tf_targeting		
USF2#chr19:35268935-35268953(+)	USF2	tf_targeting	-0.084335506	0.8138841004323322
USF2#chr19:35268940-35268958(-)	USF2	tf_targeting	-1.3996217	0.0326278035857275
USF2#chr19:35268978-35268996(-)	USF2	tf_targeting	-0.16209693	0.8421590634809948
USF2#chr19:35269435-35269453(+)	USF2	tf_targeting	-0.75350094	0.0034858988257167
USF2#chr19:35269444-35269462(+)	USF2	tf_targeting	-1.4658157	0.0377603043419328
USF2#chr19:35269447-35269465(+)	USF2	tf_targeting	0.13017118	0.8856848878696464
VAV1#chr19:6772667-6772685(-)	VAV1	tf_targeting		
VAV1#chr19:6772709-6772727(+)	VAV1	tf_targeting		
VAV1#chr19:6772718-6772736(+)	VAV1	tf_targeting		
VAV1#chr19:6772733-6772751(+)	VAV1	tf_targeting		
VAV1#chr19:6772905-6772923(+)	VAV1	tf_targeting		
VAV1#chr19:6772917-6772935(-)	VAV1	tf_targeting		
VAX1#chr10:117137808-117137826(-)	VAX1	tf_targeting		
VAX1#chr10:117137814-117137832(+)	VAX1	tf_targeting		
VAX1#chr10:117138184-117138202(+)	VAX1	tf_targeting		
VAX1#chr10:117138354-117138372(-)	VAX1	tf_targeting		
VAX1#chr10:117138368-117138386(+)	VAX1	tf_targeting		
VAX1#chr10:117138374-117138392(-)	VAX1	tf_targeting		
VAX2#chr2:70900586-70900604(+)	VAX2	tf_targeting		
VAX2#chr2:70900592-70900610(+)	VAX2	tf_targeting		
VAX2#chr2:70900596-70900614(-)	VAX2	tf_targeting		
VAX2#chr2:70900605-70900623(+)	VAX2	tf_targeting		
VAX2#chr2:70900614-70900632(+)	VAX2	tf_targeting		
VAX2#chr2:70900719-70900737(+)	VAX2	tf_targeting		
VDR#chr12:47904785-47904803(-)	VDR	tf_targeting		
VDR#chr12:47904946-47904964(+)	VDR	tf_targeting		
VDR#chr12:47904949-47904967(+)	VDR	tf_targeting		
VDR#chr12:47904967-47904985(-)	VDR	tf_targeting		
VDR#chr12:47904984-47905002(+)	VDR	tf_targeting		
VDR#chr12:47905017-47905035(-)	VDR	tf_targeting		
VENTX#chr10:133238114-133238132(-)	VENTX	tf_targeting		
VENTX#chr10:133238140-133238158(-)	VENTX	tf_targeting		
VENTX#chr10:133238240-133238258(-)	VENTX	tf_targeting		
VENTX#chr10:133238255-133238273(-)	VENTX	tf_targeting		
VENTX#chr10:133238312-133238330(-)	VENTX	tf_targeting		
VENTX#chr10:133238360-133238378(+)	VENTX	tf_targeting		
VEZF1#chr17:57987740-57987758(-)	VEZF1	tf_targeting	-0.35834345	0.2469207232626976
VEZF1#chr17:57987902-57987920(-)	VEZF1	tf_targeting	-0.7819335	0.1089156975958531
VEZF1#chr17:57987934-57987952(+)	VEZF1	tf_targeting	-0.34014308	0.4984594774986445
VEZF1#chr17:57988171-57988189(+)	VEZF1	tf_targeting	-1.3248477	0.0019766685223378
VEZF1#chr17:57988174-57988192(+)	VEZF1	tf_targeting	-0.79874206	0.1000865186917271
VEZF1#chr17:57988214-57988232(+)	VEZF1	tf_targeting	-1.8669643	4.051718189269761e-06
VPS72#chr1:151189714-151189732(+)	VPS72	tf_targeting	-0.5095984	0.4996124056208467
VPS72#chr1:151189925-151189943(-)	VPS72	tf_targeting	-0.26314133	0.7161307375039027
VPS72#chr1:151190115-151190133(-)	VPS72	tf_targeting	-0.25240532	0.7516501174510448
VPS72#chr1:151190129-151190147(-)	VPS72	tf_targeting	-0.2688622	0.7416739064033357
VPS72#chr1:151190157-151190175(-)	VPS72	tf_targeting	0.55271924	0.4453534926007939
VPS72#chr1:151190198-151190216(+)	VPS72	tf_targeting	-0.16569585	0.8500052895493756
VSX1#chr20:25077611-25077629(-)	VSX1	tf_targeting		
VSX1#chr20:25077720-25077738(+)	VSX1	tf_targeting		
VSX1#chr20:25077788-25077806(-)	VSX1	tf_targeting		
VSX1#chr20:25077946-25077964(-)	VSX1	tf_targeting		
VSX1#chr20:25077967-25077985(-)	VSX1	tf_targeting		
VSX1#chr20:25077989-25078007(+)	VSX1	tf_targeting		
VSX2#chr14:74239442-74239460(+)	VSX2	tf_targeting		
VSX2#chr14:74239445-74239463(+)	VSX2	tf_targeting		
VSX2#chr14:74239448-74239466(+)	VSX2	tf_targeting		
VSX2#chr14:74239456-74239474(+)	VSX2	tf_targeting		
VSX2#chr14:74239475-74239493(-)	VSX2	tf_targeting		
VSX2#chr14:74239488-74239506(+)	VSX2	tf_targeting		
WDHD1#chr14:55026736-55026754(-)	WDHD1	tf_targeting		
WDHD1#chr14:55026849-55026867(+)	WDHD1	tf_targeting		
WDHD1#chr14:55026889-55026907(-)	WDHD1	tf_targeting		
WDHD1#chr14:55027010-55027028(+)	WDHD1	tf_targeting		
WDHD1#chr14:55027034-55027052(+)	WDHD1	tf_targeting		
WDHD1#chr14:55027044-55027062(-)	WDHD1	tf_targeting		
WDR82#chr3:52278139-52278157(+)	WDR82	tf_targeting	0.20839088	0.8050322947784193
WDR82#chr3:52278142-52278160(+)	WDR82	tf_targeting	0.6268423	0.0409047291454578
WDR82#chr3:52278155-52278173(+)	WDR82	tf_targeting	-0.24073929	0.7738112305905328
WDR82#chr3:52278191-52278209(-)	WDR82	tf_targeting	-0.35523394	0.5534134090702121
WDR82#chr3:52278581-52278599(-)	WDR82	tf_targeting	0.10845335	0.8396168518146861
WDR82#chr3:52278621-52278639(-)	WDR82	tf_targeting	-0.10773507	0.6824853491005741
WHSC1#chr4:1871399-1871417(+)	WHSC1	tf_targeting	-0.35685307	0.2781615684905002
WHSC1#chr4:1871504-1871522(-)	WHSC1	tf_targeting	-0.2639774	0.646282924704723
WHSC1#chr4:1871609-1871627(+)	WHSC1	tf_targeting	-0.17285277	0.5840511920872703
WHSC1#chr4:1871766-1871784(+)	WHSC1	tf_targeting	-0.4848159	0.3890408137293152
WHSC1#chr4:1871808-1871826(+)	WHSC1	tf_targeting	-1.1682742	1.582836729650731e-06
WHSC1#chr4:1871851-1871869(+)	WHSC1	tf_targeting	-2.2420645	2.1159339132936739e-10
WIZ#chr19:15432185-15432203(+)	WIZ	tf_targeting		
WIZ#chr19:15432227-15432245(+)	WIZ	tf_targeting		
WIZ#chr19:15432230-15432248(+)	WIZ	tf_targeting		
WIZ#chr19:15432346-15432364(+)	WIZ	tf_targeting		
WIZ#chr19:15432673-15432691(+)	WIZ	tf_targeting		
WIZ#chr19:15432704-15432722(-)	WIZ	tf_targeting		
WNK1#chr12:752553-752571(+)	WNK1	tf_targeting	-1.1189691	4.217490585632773e-06
WNK1#chr12:752595-752613(+)	WNK1	tf_targeting	-2.1370287	8.897023103773444e-07
WNK1#chr12:752598-752616(+)	WNK1	tf_targeting	-0.73493224	4.354367055907549e-06
WNK1#chr12:753084-753102(-)	WNK1	tf_targeting	-2.1489015	1.1284386961947418e-25
WNK1#chr12:753106-753124(-)	WNK1	tf_targeting	-1.741959	4.447395532086363e-28
WNK1#chr12:753220-753238(-)	WNK1	tf_targeting	-0.8591942	6.469913611404146e-22
WT1#chr11:32435042-32435060(+)	WT1	tf_targeting	-1.1509914	0.000132291109228
WT1#chr11:32435113-32435131(+)	WT1	tf_targeting	-0.5693312	0.3453890224802488
WT1#chr11:32435271-32435289(+)	WT1	tf_targeting	0.95999956	0.0579328075740532
WT1#chr11:32435400-32435418(+)	WT1	tf_targeting	-0.61659026	0.2973016337689326
WT1#chr11:32435481-32435499(+)	WT1	tf_targeting	-0.012716587	0.9492292779500334
WT1#chr11:32435487-32435505(+)	WT1	tf_targeting	-0.06417281	0.9217971403848596
XBP1#chr22:28800497-28800515(-)	XBP1	tf_targeting	-1.3297219	4.807368529142136e-10
XBP1#chr22:28800515-28800533(-)	XBP1	tf_targeting	-1.7949218	0.0140690294500344
XBP1#chr22:28800518-28800536(-)	XBP1	tf_targeting	-2.3375578	3.69810480603698e-05
XBP1#chr22:28800521-28800539(-)	XBP1	tf_targeting	-0.27439806	0.3664333019249274
XBP1#chr22:28800524-28800542(-)	XBP1	tf_targeting	-2.267372	0.0001083310259782
XBP1#chr22:28800532-28800550(-)	XBP1	tf_targeting	-1.4181308	0.0007750135034004
XPA#chr9:97697265-97697283(-)	XPA	tf_targeting	-1.5593182	0.0008772843191937
XPA#chr9:97697277-97697295(+)	XPA	tf_targeting	-1.386983	0.0014109426375369
XPA#chr9:97697286-97697304(-)	XPA	tf_targeting	-1.4662285	0.1571487318152532
XPA#chr9:97697292-97697310(-)	XPA	tf_targeting	-0.8289354	0.0402726492711974
XPA#chr9:97697302-97697320(-)	XPA	tf_targeting	-0.17494465	0.6784512837557757
XPA#chr9:97697308-97697326(-)	XPA	tf_targeting	-1.0755987	0.164049548350065
XRCC5#chr2:216109402-216109420(-)	XRCC5	tf_targeting	-0.45210752	0.3872937523569568
XRCC5#chr2:216109406-216109424(+)	XRCC5	tf_targeting	-0.41726503	0.4321219205438958
XRCC5#chr2:216109411-216109429(+)	XRCC5	tf_targeting	0.0008795316	0.9992988504016206
XRCC5#chr2:216109424-216109442(-)	XRCC5	tf_targeting	0.025487619	0.9549793449861216
XRCC5#chr2:216109555-216109573(+)	XRCC5	tf_targeting	0.07355219	0.937448900493731
XRCC5#chr2:216109562-216109580(+)	XRCC5	tf_targeting	-0.1014832	0.8274896077719869
XRCC6#chr22:41621332-41621350(+)	XRCC6	tf_targeting	0.011901479	0.9760562240070246
XRCC6#chr22:41621336-41621354(-)	XRCC6	tf_targeting	-0.21390083	0.8121281867350293
XRCC6#chr22:41621343-41621361(-)	XRCC6	tf_targeting	-0.09943564	0.9091879503151226
XRCC6#chr22:41621358-41621376(-)	XRCC6	tf_targeting	-0.35652232	0.2266141161671036
XRCC6#chr22:41621674-41621692(+)	XRCC6	tf_targeting	0.12902606	0.8634880293833048
XRCC6#chr22:41621740-41621758(-)	XRCC6	tf_targeting	-0.123586096	0.773073190648292
YAF2#chr12:42237972-42237990(+)	YAF2	tf_targeting	-0.8113589	0.0618020243837409
YAF2#chr12:42237998-42238016(+)	YAF2	tf_targeting	-3.3225317	2.0404821344885998e-19
YAF2#chr12:42238018-42238036(+)	YAF2	tf_targeting	-2.2767472	1.162690581576937e-14
YAF2#chr12:42238142-42238160(+)	YAF2	tf_targeting	-2.2525551	0.0047859670160298
YAF2#chr12:42238180-42238198(-)	YAF2	tf_targeting	-2.4932833	0.0001426723796925
YAF2#chr12:42238214-42238232(-)	YAF2	tf_targeting	-1.8857031	0.0002923513704668
YAP1#chr11:102110462-102110480(+)	YAP1	tf_targeting	-0.34883323	0.3158190930505594
YAP1#chr11:102110605-102110623(+)	YAP1	tf_targeting	0.10116956	0.7631287150364222
YAP1#chr11:102110619-102110637(-)	YAP1	tf_targeting	-0.36149687	0.00751202469596
YAP1#chr11:102110625-102110643(+)	YAP1	tf_targeting	-0.16805558	0.7912264112436055
YAP1#chr11:102110804-102110822(-)	YAP1	tf_targeting	-0.5896761	0.1227250939336209
YAP1#chr11:102110905-102110923(+)	YAP1	tf_targeting	-0.39115486	0.1714499455628845
YBX1#chr1:42682410-42682428(-)	YBX1	tf_targeting	-0.84113437	3.827501283668203e-06
YBX1#chr1:42682415-42682433(-)	YBX1	tf_targeting	-2.306302	1.0214244996273224e-11
YBX1#chr1:42682734-42682752(+)	YBX1	tf_targeting	-0.072707385	0.6659731804612952
YBX1#chr1:42682875-42682893(-)	YBX1	tf_targeting	0.103372514	0.7256416647242216
YBX1#chr1:42683140-42683158(-)	YBX1	tf_targeting	-0.81965685	1.3087959164891564e-19
YBX1#chr1:42683204-42683222(-)	YBX1	tf_targeting	0.046616875	0.7276708125546674
YBX2#chr17:7294385-7294403(-)	YBX2	tf_targeting		
YBX2#chr17:7294566-7294584(-)	YBX2	tf_targeting		
YBX2#chr17:7294570-7294588(-)	YBX2	tf_targeting		
YBX2#chr17:7294573-7294591(-)	YBX2	tf_targeting		
YBX2#chr17:7294592-7294610(-)	YBX2	tf_targeting		
YBX2#chr17:7294603-7294621(-)	YBX2	tf_targeting		
YBX3#chr12:10722782-10722800(-)	YBX3	tf_targeting	-2.125309	1.0103286976501469e-15
YBX3#chr12:10722799-10722817(+)	YBX3	tf_targeting	-1.1348864	7.670313496576996e-08
YBX3#chr12:10722833-10722851(-)	YBX3	tf_targeting	-2.6103468	3.706739279944586e-16
YBX3#chr12:10723005-10723023(-)	YBX3	tf_targeting	-2.75694	1.8225232684282916e-37
YBX3#chr12:10723357-10723375(+)	YBX3	tf_targeting	-0.87684983	0.0196799273873029
YBX3#chr12:10723362-10723380(+)	YBX3	tf_targeting	-0.048234276	0.7827816018147747
YEATS2#chr3:183697802-183697820(+)	YEATS2	tf_targeting	0.23956048	0.549184592602936
YEATS2#chr3:183697805-183697823(+)	YEATS2	tf_targeting	0.2372746	0.6465370959298873
YEATS2#chr3:183697815-183697833(+)	YEATS2	tf_targeting	-0.89011323	0.2198170882766103
YEATS2#chr3:183697850-183697868(-)	YEATS2	tf_targeting	-0.33870366	0.464150079613192
YEATS2#chr3:183697865-183697883(+)	YEATS2	tf_targeting	-0.7508419	0.0350449514265181
YEATS2#chr3:183698229-183698247(-)	YEATS2	tf_targeting	-0.62187463	0.2224527469316384
YWHAE#chr17:1399967-1399985(-)	YWHAE	tf_targeting	-0.6881177	1.725215343798276e-09
YWHAE#chr17:1399974-1399992(+)	YWHAE	tf_targeting	-1.4152578	1.3949065334251866e-07
YWHAE#chr17:1399978-1399996(-)	YWHAE	tf_targeting	0.17276286	0.6719382338549209
YWHAE#chr17:1399989-1400007(-)	YWHAE	tf_targeting	-0.7393342	3.453712260264425e-37
YWHAE#chr17:1400106-1400124(+)	YWHAE	tf_targeting	-0.23485248	0.142044256591541
YWHAE#chr17:1400123-1400141(+)	YWHAE	tf_targeting	-0.72630847	1.0684484797032002e-39
YWHAZ#chr8:100951536-100951554(+)	YWHAZ	tf_targeting	-1.3908817	1.8963761307071697e-17
YWHAZ#chr8:100951615-100951633(+)	YWHAZ	tf_targeting	-0.33909893	0.4947978760481183
YWHAZ#chr8:100951751-100951769(-)	YWHAZ	tf_targeting	-0.39386564	0.0860000232925468
YWHAZ#chr8:100951790-100951808(-)	YWHAZ	tf_targeting	-0.13821535	0.625842805825094
YWHAZ#chr8:100951926-100951944(-)	YWHAZ	tf_targeting	0.049070768	0.6483790720691571
YWHAZ#chr8:100951944-100951962(+)	YWHAZ	tf_targeting	-0.13666858	0.2009386444115021
YY1#chr14:100238828-100238846(+)	YY1	tf_targeting	0.39508748	0.0953263289656463
YY1#chr14:100239239-100239257(-)	YY1	tf_targeting	0.21002848	0.2265094117951322
YY1#chr14:100239246-100239264(-)	YY1	tf_targeting	0.024003288	0.9167413794173276
YY1#chr14:100239344-100239362(+)	YY1	tf_targeting	0.012577951	0.9529909964870742
YY1#chr14:100239491-100239509(-)	YY1	tf_targeting	-0.086198546	0.5285710577136388
YY1#chr14:100239509-100239527(-)	YY1	tf_targeting	-0.25992864	0.2068824536393561
YY2#chrX:21856256-21856274(-)	YY2	tf_targeting		
YY2#chrX:21856274-21856292(-)	YY2	tf_targeting		
YY2#chrX:21856445-21856463(-)	YY2	tf_targeting		
YY2#chrX:21856510-21856528(-)	YY2	tf_targeting		
YY2#chrX:21856659-21856677(-)	YY2	tf_targeting		
ZBED1#chrX:2500511-2500529(+)	ZBED1	tf_targeting		
ZBED1#chrX:2500521-2500539(+)	ZBED1	tf_targeting		
ZBED1#chrX:2500526-2500544(-)	ZBED1	tf_targeting		
ZBED1#chrX:2500546-2500564(+)	ZBED1	tf_targeting		
ZBED1#chrX:2500852-2500870(+)	ZBED1	tf_targeting		
ZBED1#chrX:2500883-2500901(-)	ZBED1	tf_targeting		
ZBED2#chr3:111594890-111594908(-)	ZBED2	tf_targeting		
ZBED2#chr3:111595247-111595265(+)	ZBED2	tf_targeting		
ZBED2#chr3:111595271-111595289(+)	ZBED2	tf_targeting		
ZBED2#chr3:111595285-111595303(+)	ZBED2	tf_targeting		
ZBED2#chr3:111595290-111595308(+)	ZBED2	tf_targeting		
ZBED2#chr3:111595296-111595314(+)	ZBED2	tf_targeting		
ZBED3#chr5:77086957-77086975(+)	ZBED3	tf_targeting		
ZBED3#chr5:77086972-77086990(+)	ZBED3	tf_targeting		
ZBED3#chr5:77087144-77087162(+)	ZBED3	tf_targeting		
ZBED3#chr5:77087160-77087178(+)	ZBED3	tf_targeting		
ZBED3#chr5:77087174-77087192(-)	ZBED3	tf_targeting		
ZBED3#chr5:77087177-77087195(-)	ZBED3	tf_targeting		
ZBED4#chr22:49853834-49853852(-)	ZBED4	tf_targeting		
ZBED4#chr22:49853836-49853854(+)	ZBED4	tf_targeting		
ZBED4#chr22:49853845-49853863(+)	ZBED4	tf_targeting		
ZBED4#chr22:49853905-49853923(+)	ZBED4	tf_targeting		
ZBED4#chr22:49853914-49853932(-)	ZBED4	tf_targeting		
ZBED4#chr22:49853944-49853962(-)	ZBED4	tf_targeting		
ZBED5#chr11:10857566-10857584(-)	ZBED5	tf_targeting	-1.1793879	0.0590474269433686
ZBED5#chr11:10857776-10857794(+)	ZBED5	tf_targeting	-1.0546787	0.0651568119570171
ZBED5#chr11:10857986-10858004(+)	ZBED5	tf_targeting	-0.85281163	0.1910084900409011
ZBED5#chr11:10858005-10858023(-)	ZBED5	tf_targeting	0.37950513	0.5627504960416423
ZBED5#chr11:10858011-10858029(-)	ZBED5	tf_targeting	-1.8014696	0.0075496504294676
ZBED5#chr11:10858013-10858031(+)	ZBED5	tf_targeting	-3.0054305	0.0029641643723703
ZBED6#chr1:203796138-203796156(-)	ZBED6	tf_targeting		
ZBED6#chr1:203796147-203796165(-)	ZBED6	tf_targeting		
ZBED6#chr1:203796156-203796174(-)	ZBED6	tf_targeting		
ZBED6#chr1:203796493-203796511(+)	ZBED6	tf_targeting		
ZBTB1#chr14:64504027-64504045(-)	ZBTB1	tf_targeting		
ZBTB1#chr14:64504739-64504757(+)	ZBTB1	tf_targeting		
ZBTB1#chr14:64504768-64504786(-)	ZBTB1	tf_targeting		
ZBTB1#chr14:64504797-64504815(-)	ZBTB1	tf_targeting		
ZBTB1#chr14:64505162-64505180(+)	ZBTB1	tf_targeting		
ZBTB1#chr14:64505178-64505196(-)	ZBTB1	tf_targeting		
ZBTB10#chr8:80486173-80486191(-)	ZBTB10	tf_targeting	-1.0139748	0.0577851432221497
ZBTB10#chr8:80486234-80486252(-)	ZBTB10	tf_targeting	-0.8549232	0.0002041758422342
ZBTB10#chr8:80486242-80486260(-)	ZBTB10	tf_targeting	-0.12399383	0.7283328496206904
ZBTB10#chr8:80486245-80486263(-)	ZBTB10	tf_targeting	-0.88772815	0.0231861848067644
ZBTB10#chr8:80486254-80486272(-)	ZBTB10	tf_targeting	-0.27401283	0.1530484958162615
ZBTB10#chr8:80486274-80486292(-)	ZBTB10	tf_targeting	0.18681756	0.5048541795022784
ZBTB11#chr3:101676999-101677017(+)	ZBTB11	tf_targeting		
ZBTB11#chr3:101677054-101677072(+)	ZBTB11	tf_targeting		
ZBTB11#chr3:101677062-101677080(+)	ZBTB11	tf_targeting		
ZBTB11#chr3:101677072-101677090(+)	ZBTB11	tf_targeting		
ZBTB11#chr3:101677090-101677108(-)	ZBTB11	tf_targeting		
ZBTB11#chr3:101677121-101677139(+)	ZBTB11	tf_targeting		
ZBTB12#chr6:31901544-31901562(+)	ZBTB12	tf_targeting		
ZBTB12#chr6:31901700-31901718(-)	ZBTB12	tf_targeting		
ZBTB12#chr6:31901888-31901906(-)	ZBTB12	tf_targeting		
ZBTB12#chr6:31901980-31901998(+)	ZBTB12	tf_targeting		
ZBTB12#chr6:31902056-31902074(+)	ZBTB12	tf_targeting		
ZBTB12#chr6:31902059-31902077(+)	ZBTB12	tf_targeting		
ZBTB14#chr18:5295464-5295482(+)	ZBTB14	tf_targeting		
ZBTB14#chr18:5295479-5295497(+)	ZBTB14	tf_targeting		
ZBTB14#chr18:5295519-5295537(-)	ZBTB14	tf_targeting		
ZBTB14#chr18:5295844-5295862(-)	ZBTB14	tf_targeting		
ZBTB14#chr18:5295968-5295986(+)	ZBTB14	tf_targeting		
ZBTB14#chr18:5295985-5296003(-)	ZBTB14	tf_targeting		
ZBTB16#chr11:114059720-114059738(+)	ZBTB16	tf_targeting		
ZBTB16#chr11:114059766-114059784(+)	ZBTB16	tf_targeting		
ZBTB16#chr11:114059777-114059795(-)	ZBTB16	tf_targeting		
ZBTB16#chr11:114060121-114060139(+)	ZBTB16	tf_targeting		
ZBTB16#chr11:114060129-114060147(+)	ZBTB16	tf_targeting		
ZBTB16#chr11:114060190-114060208(+)	ZBTB16	tf_targeting		
ZBTB17#chr1:15976004-15976022(+)	ZBTB17	tf_targeting		
ZBTB17#chr1:15976015-15976033(+)	ZBTB17	tf_targeting		
ZBTB17#chr1:15976025-15976043(+)	ZBTB17	tf_targeting		
ZBTB17#chr1:15976067-15976085(+)	ZBTB17	tf_targeting		
ZBTB17#chr1:15976073-15976091(-)	ZBTB17	tf_targeting		
ZBTB17#chr1:15976076-15976094(-)	ZBTB17	tf_targeting		
ZBTB18#chr1:244051272-244051290(+)	ZBTB18	tf_targeting		
ZBTB18#chr1:244051280-244051298(+)	ZBTB18	tf_targeting		
ZBTB18#chr1:244051283-244051301(+)	ZBTB18	tf_targeting		
ZBTB18#chr1:244051340-244051358(-)	ZBTB18	tf_targeting		
ZBTB18#chr1:244051376-244051394(-)	ZBTB18	tf_targeting		
ZBTB18#chr1:244051379-244051397(-)	ZBTB18	tf_targeting		
ZBTB2#chr6:151391075-151391093(+)	ZBTB2	tf_targeting		
ZBTB2#chr6:151391447-151391465(+)	ZBTB2	tf_targeting		
ZBTB2#chr6:151391535-151391553(+)	ZBTB2	tf_targeting		
ZBTB2#chr6:151391541-151391559(-)	ZBTB2	tf_targeting		
ZBTB2#chr6:151391543-151391561(+)	ZBTB2	tf_targeting		
ZBTB2#chr6:151391671-151391689(+)	ZBTB2	tf_targeting		
ZBTB20#chr3:114624540-114624558(-)	ZBTB20	tf_targeting	0.21263035	0.2105265281806498
ZBTB20#chr3:114624664-114624682(-)	ZBTB20	tf_targeting	-0.45739073	0.0921219481954228
ZBTB20#chr3:114624872-114624890(+)	ZBTB20	tf_targeting	-0.07438269	0.7576369954979277
ZBTB20#chr3:114624905-114624923(-)	ZBTB20	tf_targeting	-0.081320174	0.646592111484769
ZBTB20#chr3:114624914-114624932(-)	ZBTB20	tf_targeting	0.12238755	0.3454957745173956
ZBTB20#chr3:114624977-114624995(-)	ZBTB20	tf_targeting	0.028777461	0.8569936666579036
ZBTB20#chr3:115146950-115146968(+)	ZBTB20	tf_targeting	-2.0308378	0.0001117216617756
ZBTB20#chr3:115147060-115147078(-)	ZBTB20	tf_targeting	-1.3601242	0.0159459405964054
ZBTB20#chr3:115147221-115147239(-)	ZBTB20	tf_targeting	-1.4840603	0.0077959841928334
ZBTB20#chr3:115147247-115147265(-)	ZBTB20	tf_targeting	-1.1436843	0.0079564902478744
ZBTB20#chr3:115147268-115147286(-)	ZBTB20	tf_targeting	-0.3397275	0.3353469795769653
ZBTB20#chr3:115147271-115147289(-)	ZBTB20	tf_targeting	-1.8632876	9.891340862143736e-06
ZBTB21#chr21:42009912-42009930(+)	ZBTB21	tf_targeting		
ZBTB21#chr21:42010254-42010272(-)	ZBTB21	tf_targeting		
ZBTB21#chr21:42010280-42010298(+)	ZBTB21	tf_targeting		
ZBTB21#chr21:42010291-42010309(-)	ZBTB21	tf_targeting		
ZBTB21#chr21:42010324-42010342(-)	ZBTB21	tf_targeting		
ZBTB21#chr21:42010353-42010371(+)	ZBTB21	tf_targeting		
ZBTB22#chr6:33317539-33317557(-)	ZBTB22	tf_targeting		
ZBTB22#chr6:33317674-33317692(+)	ZBTB22	tf_targeting		
ZBTB22#chr6:33317681-33317699(-)	ZBTB22	tf_targeting		
ZBTB22#chr6:33317684-33317702(-)	ZBTB22	tf_targeting		
ZBTB22#chr6:33317691-33317709(+)	ZBTB22	tf_targeting		
ZBTB22#chr6:33317729-33317747(-)	ZBTB22	tf_targeting		
ZBTB24#chr6:109482896-109482914(+)	ZBTB24	tf_targeting		
ZBTB24#chr6:109483043-109483061(+)	ZBTB24	tf_targeting		
ZBTB24#chr6:109483145-109483163(+)	ZBTB24	tf_targeting		
ZBTB24#chr6:109483178-109483196(-)	ZBTB24	tf_targeting		
ZBTB24#chr6:109483217-109483235(+)	ZBTB24	tf_targeting		
ZBTB24#chr6:109483225-109483243(-)	ZBTB24	tf_targeting		
ZBTB25#chr14:64503671-64503689(-)	ZBTB25	tf_targeting	-0.64800245	0.0034435068430303
ZBTB25#chr14:64503684-64503702(+)	ZBTB25	tf_targeting	-1.2690532	0.009470841847016
ZBTB25#chr14:64503717-64503735(+)	ZBTB25	tf_targeting	-2.5328016	3.47647634474288e-05
ZBTB25#chr14:64503764-64503782(-)	ZBTB25	tf_targeting	-1.8680532	0.0001152897587507
ZBTB25#chr14:64503795-64503813(-)	ZBTB25	tf_targeting	-0.99485564	2.290628546898386e-05
ZBTB25#chr14:64503806-64503824(-)	ZBTB25	tf_targeting	-1.3108301	0.0176711212784529
ZBTB26#chr9:122931221-122931239(-)	ZBTB26	tf_targeting		
ZBTB26#chr9:122931426-122931444(+)	ZBTB26	tf_targeting		
ZBTB26#chr9:122931447-122931465(+)	ZBTB26	tf_targeting		
ZBTB26#chr9:122931455-122931473(-)	ZBTB26	tf_targeting		
ZBTB26#chr9:122931458-122931476(-)	ZBTB26	tf_targeting		
ZBTB26#chr9:122931475-122931493(+)	ZBTB26	tf_targeting		
ZBTB3#chr11:62753866-62753884(-)	ZBTB3	tf_targeting		
ZBTB3#chr11:62753959-62753977(+)	ZBTB3	tf_targeting		
ZBTB3#chr11:62754062-62754080(+)	ZBTB3	tf_targeting		
ZBTB3#chr11:62754078-62754096(+)	ZBTB3	tf_targeting		
ZBTB3#chr11:62754091-62754109(+)	ZBTB3	tf_targeting		
ZBTB3#chr11:62754137-62754155(-)	ZBTB3	tf_targeting		
ZBTB32#chr19:35713418-35713436(+)	ZBTB32	tf_targeting		
ZBTB32#chr19:35713469-35713487(-)	ZBTB32	tf_targeting		
ZBTB32#chr19:35713515-35713533(-)	ZBTB32	tf_targeting		
ZBTB32#chr19:35713518-35713536(-)	ZBTB32	tf_targeting		
ZBTB32#chr19:35713527-35713545(-)	ZBTB32	tf_targeting		
ZBTB32#chr19:35713583-35713601(+)	ZBTB32	tf_targeting		
ZBTB33#chrX:120250729-120250747(+)	ZBTB33	tf_targeting		
ZBTB33#chrX:120250778-120250796(+)	ZBTB33	tf_targeting		
ZBTB33#chrX:120250789-120250807(-)	ZBTB33	tf_targeting		
ZBTB33#chrX:120250844-120250862(+)	ZBTB33	tf_targeting		
ZBTB33#chrX:120251033-120251051(-)	ZBTB33	tf_targeting		
ZBTB33#chrX:120251210-120251228(-)	ZBTB33	tf_targeting		
ZBTB34#chr9:126860430-126860448(-)	ZBTB34	tf_targeting		
ZBTB34#chr9:126860491-126860509(+)	ZBTB34	tf_targeting		
ZBTB34#chr9:126860706-126860724(-)	ZBTB34	tf_targeting		
ZBTB34#chr9:126860719-126860737(+)	ZBTB34	tf_targeting		
ZBTB34#chr9:126860816-126860834(+)	ZBTB34	tf_targeting		
ZBTB34#chr9:126860827-126860845(+)	ZBTB34	tf_targeting		
ZBTB37#chr1:173868382-173868400(+)	ZBTB37	tf_targeting		
ZBTB37#chr1:173868385-173868403(+)	ZBTB37	tf_targeting		
ZBTB37#chr1:173868390-173868408(-)	ZBTB37	tf_targeting		
ZBTB37#chr1:173868400-173868418(-)	ZBTB37	tf_targeting		
ZBTB37#chr1:173868403-173868421(-)	ZBTB37	tf_targeting		
ZBTB37#chr1:173868421-173868439(-)	ZBTB37	tf_targeting		
ZBTB38#chr3:141368488-141368506(+)	ZBTB38	tf_targeting	-0.293797	0.5119425040125662
ZBTB38#chr3:141368582-141368600(-)	ZBTB38	tf_targeting	0.006576103	0.9826055385443032
ZBTB38#chr3:141368768-141368786(+)	ZBTB38	tf_targeting	-0.8173947	0.0910603844604824
ZBTB38#chr3:141368832-141368850(-)	ZBTB38	tf_targeting	0.1973235	0.4836291978453487
ZBTB38#chr3:141368891-141368909(+)	ZBTB38	tf_targeting	-0.07460384	0.9164406856670532
ZBTB38#chr3:141368904-141368922(-)	ZBTB38	tf_targeting	0.35317895	0.4801388529791015
ZBTB38#chr3:141402371-141402389(+)	ZBTB38	tf_targeting	-0.072666034	0.93069954370527
ZBTB38#chr3:141402387-141402405(+)	ZBTB38	tf_targeting	-1.1143405	0.0089351164645027
ZBTB38#chr3:141402408-141402426(+)	ZBTB38	tf_targeting	-2.2549877	4.087590773818544e-06
ZBTB38#chr3:141402413-141402431(-)	ZBTB38	tf_targeting	-1.36708	0.0073784655279663
ZBTB38#chr3:141402449-141402467(-)	ZBTB38	tf_targeting	-0.95517	0.0278709332146728
ZBTB38#chr3:141402578-141402596(+)	ZBTB38	tf_targeting	-1.0257282	0.0328015611023149
ZBTB39#chr12:57006094-57006112(-)	ZBTB39	tf_targeting		
ZBTB39#chr12:57006126-57006144(+)	ZBTB39	tf_targeting		
ZBTB39#chr12:57006188-57006206(+)	ZBTB39	tf_targeting		
ZBTB39#chr12:57006467-57006485(+)	ZBTB39	tf_targeting		
ZBTB39#chr12:57006479-57006497(-)	ZBTB39	tf_targeting		
ZBTB39#chr12:57006497-57006515(-)	ZBTB39	tf_targeting		
ZBTB4#chr17:7479228-7479246(+)	ZBTB4	tf_targeting	-1.3451483	0.0126467323555913
ZBTB4#chr17:7479318-7479336(+)	ZBTB4	tf_targeting	-1.3519704	0.0103427747401677
ZBTB4#chr17:7479331-7479349(+)	ZBTB4	tf_targeting	-1.0600474	0.1741225709569153
ZBTB4#chr17:7479437-7479455(-)	ZBTB4	tf_targeting	-1.3267131	0.0632636667839869
ZBTB4#chr17:7479612-7479630(+)	ZBTB4	tf_targeting	-0.6395152	0.0142187113446986
ZBTB4#chr17:7479621-7479639(-)	ZBTB4	tf_targeting	-1.2757204	0.1440764961214672
ZBTB4#chr17:7484149-7484167(+)	ZBTB4	tf_targeting	-0.44902447	0.6045784467238378
ZBTB4#chr17:7484197-7484215(-)	ZBTB4	tf_targeting	0.5559039	0.4738261476241201
ZBTB4#chr17:7484213-7484231(+)	ZBTB4	tf_targeting	0.1607036	0.844443831806077
ZBTB4#chr17:7484218-7484236(-)	ZBTB4	tf_targeting	-0.5384761	0.1525955119381871
ZBTB4#chr17:7484242-7484260(-)	ZBTB4	tf_targeting	-0.44009775	0.1238363365230328
ZBTB4#chr17:7484262-7484280(-)	ZBTB4	tf_targeting	-0.19874386	0.7411778583823587
ZBTB40#chr1:22451847-22451865(-)	ZBTB40	tf_targeting		
ZBTB40#chr1:22451859-22451877(+)	ZBTB40	tf_targeting		
ZBTB40#chr1:22451960-22451978(+)	ZBTB40	tf_targeting		
ZBTB40#chr1:22452062-22452080(+)	ZBTB40	tf_targeting		
ZBTB40#chr1:22452223-22452241(+)	ZBTB40	tf_targeting		
ZBTB40#chr1:22452344-22452362(-)	ZBTB40	tf_targeting		
ZBTB41#chr1:197200732-197200750(+)	ZBTB41	tf_targeting	-1.2729148	0.1436257413384744
ZBTB41#chr1:197200748-197200766(+)	ZBTB41	tf_targeting	-0.24205829	0.4718102068427604
ZBTB41#chr1:197200920-197200938(+)	ZBTB41	tf_targeting	-1.8705138	0.020052116919659
ZBTB41#chr1:197200954-197200972(-)	ZBTB41	tf_targeting	-0.46039334	0.3700218087719481
ZBTB41#chr1:197200973-197200991(-)	ZBTB41	tf_targeting	-0.6809499	0.2068347221276409
ZBTB41#chr1:197200988-197201006(-)	ZBTB41	tf_targeting	-1.7559866	0.0005549017391176
ZBTB42#chr14:104800555-104800573(-)	ZBTB42	tf_targeting		
ZBTB42#chr14:104800621-104800639(-)	ZBTB42	tf_targeting		
ZBTB42#chr14:104800678-104800696(-)	ZBTB42	tf_targeting		
ZBTB42#chr14:104800784-104800802(-)	ZBTB42	tf_targeting		
ZBTB42#chr14:104801119-104801137(+)	ZBTB42	tf_targeting		
ZBTB42#chr14:104801179-104801197(-)	ZBTB42	tf_targeting		
ZBTB43#chr9:126805040-126805058(+)	ZBTB43	tf_targeting	-1.8978434	0.0269679704657717
ZBTB43#chr9:126805050-126805068(+)	ZBTB43	tf_targeting	-0.7627391	0.0058363796576089
ZBTB43#chr9:126805060-126805078(+)	ZBTB43	tf_targeting	-0.97305137	0.0073031688259204
ZBTB43#chr9:126805063-126805081(+)	ZBTB43	tf_targeting	-0.9482143	0.0488807666054437
ZBTB43#chr9:126805084-126805102(+)	ZBTB43	tf_targeting	-2.5054162	0.0016196984178392
ZBTB43#chr9:126805126-126805144(-)	ZBTB43	tf_targeting	-2.6156015	0.0003103737665089
ZBTB44#chr11:130314418-130314436(-)	ZBTB44	tf_targeting	-0.6032739	0.5037300841337398
ZBTB44#chr11:130314493-130314511(+)	ZBTB44	tf_targeting	-0.9104109	0.2002937097248057
ZBTB44#chr11:130314507-130314525(-)	ZBTB44	tf_targeting	-0.030515127	0.953992545005806
ZBTB44#chr11:130314542-130314560(-)	ZBTB44	tf_targeting	-1.8516946	0.0051236380047797
ZBTB44#chr11:130314860-130314878(-)	ZBTB44	tf_targeting	-2.473789	5.774726257198762e-06
ZBTB44#chr11:130314863-130314881(-)	ZBTB44	tf_targeting	-0.9620343	0.0040082808573277
ZBTB45#chr19:58519573-58519591(-)	ZBTB45	tf_targeting		
ZBTB45#chr19:58519730-58519748(-)	ZBTB45	tf_targeting		
ZBTB45#chr19:58519739-58519757(-)	ZBTB45	tf_targeting		
ZBTB45#chr19:58519744-58519762(-)	ZBTB45	tf_targeting		
ZBTB45#chr19:58519765-58519783(-)	ZBTB45	tf_targeting		
ZBTB45#chr19:58519781-58519799(-)	ZBTB45	tf_targeting		
ZBTB46#chr20:63830924-63830942(+)	ZBTB46	tf_targeting	-0.2970756	0.6269161958535096
ZBTB46#chr20:63831154-63831172(-)	ZBTB46	tf_targeting	0.30019477	0.6393472377593215
ZBTB46#chr20:63831173-63831191(+)	ZBTB46	tf_targeting	-0.07886404	0.7349774243241627
ZBTB46#chr20:63831197-63831215(+)	ZBTB46	tf_targeting	0.120259374	0.412994667375425
ZBTB46#chr20:63831216-63831234(-)	ZBTB46	tf_targeting	-0.4131036	0.0592429837071186
ZBTB46#chr20:63831243-63831261(-)	ZBTB46	tf_targeting	-2.4437428	9.727425998460919e-11
ZBTB47#chr3:42653687-42653705(+)	ZBTB47	tf_targeting		
ZBTB47#chr3:42653698-42653716(-)	ZBTB47	tf_targeting		
ZBTB47#chr3:42653700-42653718(+)	ZBTB47	tf_targeting		
ZBTB47#chr3:42653709-42653727(+)	ZBTB47	tf_targeting		
ZBTB47#chr3:42653853-42653871(-)	ZBTB47	tf_targeting		
ZBTB47#chr3:42653894-42653912(+)	ZBTB47	tf_targeting		
ZBTB48#chr1:6580024-6580042(+)	ZBTB48	tf_targeting		
ZBTB48#chr1:6580029-6580047(+)	ZBTB48	tf_targeting		
ZBTB48#chr1:6580037-6580055(-)	ZBTB48	tf_targeting		
ZBTB48#chr1:6580043-6580061(+)	ZBTB48	tf_targeting		
ZBTB48#chr1:6580058-6580076(+)	ZBTB48	tf_targeting		
ZBTB48#chr1:6580265-6580283(-)	ZBTB48	tf_targeting		
ZBTB49#chr4:4290250-4290268(+)	ZBTB49	tf_targeting		
ZBTB49#chr4:4290275-4290293(-)	ZBTB49	tf_targeting		
ZBTB49#chr4:4290280-4290298(+)	ZBTB49	tf_targeting		
ZBTB49#chr4:4290304-4290322(+)	ZBTB49	tf_targeting		
ZBTB49#chr4:4290307-4290325(+)	ZBTB49	tf_targeting		
ZBTB49#chr4:4290537-4290555(+)	ZBTB49	tf_targeting		
ZBTB5#chr9:37464997-37465015(+)	ZBTB5	tf_targeting	-0.18621881	0.8430488662040854
ZBTB5#chr9:37465212-37465230(-)	ZBTB5	tf_targeting	-0.25516346	0.4636431417138584
ZBTB5#chr9:37465370-37465388(-)	ZBTB5	tf_targeting	-0.101087004	0.8458222527482366
ZBTB5#chr9:37465378-37465396(-)	ZBTB5	tf_targeting	-0.060898416	0.924956926761368
ZBTB5#chr9:37465402-37465420(+)	ZBTB5	tf_targeting	-1.2409333	0.0918530135187748
ZBTB5#chr9:37465422-37465440(+)	ZBTB5	tf_targeting	-0.44894707	0.2544704674510856
ZBTB6#chr9:122913079-122913097(-)	ZBTB6	tf_targeting		
ZBTB6#chr9:122913098-122913116(+)	ZBTB6	tf_targeting		
ZBTB6#chr9:122913262-122913280(+)	ZBTB6	tf_targeting		
ZBTB6#chr9:122913281-122913299(+)	ZBTB6	tf_targeting		
ZBTB6#chr9:122913296-122913314(-)	ZBTB6	tf_targeting		
ZBTB6#chr9:122913302-122913320(-)	ZBTB6	tf_targeting		
ZBTB7A#chr19:4065053-4065071(+)	ZBTB7A	tf_targeting	-0.32686338	0.4388240760683418
ZBTB7A#chr19:4065065-4065083(-)	ZBTB7A	tf_targeting	-0.26821733	0.4329788778679585
ZBTB7A#chr19:4065125-4065143(+)	ZBTB7A	tf_targeting	0.1147558	0.6920422385524043
ZBTB7A#chr19:4065292-4065310(+)	ZBTB7A	tf_targeting	-0.19341102	0.4356513392636516
ZBTB7A#chr19:4065493-4065511(+)	ZBTB7A	tf_targeting	-0.5931718	0.0346994145934327
ZBTB7A#chr19:4065501-4065519(+)	ZBTB7A	tf_targeting	-0.70214176	0.3544263797539222
ZBTB7A#chr19:4066583-4066601(-)	ZBTB7A	tf_targeting	-0.053545374	0.9516723701615568
ZBTB7A#chr19:4066651-4066669(-)	ZBTB7A	tf_targeting	0.16795568	0.3118842222045286
ZBTB7A#chr19:4066776-4066794(+)	ZBTB7A	tf_targeting	-0.26077154	0.2116243199157733
ZBTB7A#chr19:4066795-4066813(-)	ZBTB7A	tf_targeting	-0.33372566	0.6707400344051393
ZBTB7A#chr19:4066834-4066852(-)	ZBTB7A	tf_targeting	-0.53083366	0.3335811225575636
ZBTB7A#chr19:4066865-4066883(-)	ZBTB7A	tf_targeting	-0.5620037	0.0751216447624531
ZBTB7B#chr1:155002792-155002810(+)	ZBTB7B	tf_targeting		
ZBTB7B#chr1:155002809-155002827(+)	ZBTB7B	tf_targeting		
ZBTB7B#chr1:155002827-155002845(+)	ZBTB7B	tf_targeting		
ZBTB7B#chr1:155002849-155002867(+)	ZBTB7B	tf_targeting		
ZBTB7B#chr1:155002896-155002914(-)	ZBTB7B	tf_targeting		
ZBTB7B#chr1:155003266-155003284(-)	ZBTB7B	tf_targeting		
ZBTB7C#chr18:48136623-48136641(-)	ZBTB7C	tf_targeting		
ZBTB7C#chr18:48136891-48136909(+)	ZBTB7C	tf_targeting		
ZBTB7C#chr18:48137043-48137061(+)	ZBTB7C	tf_targeting		
ZBTB7C#chr18:48137066-48137084(+)	ZBTB7C	tf_targeting		
ZBTB7C#chr18:48137113-48137131(-)	ZBTB7C	tf_targeting		
ZBTB7C#chr18:48137119-48137137(-)	ZBTB7C	tf_targeting		
ZBTB7C#chr18:48409299-48409317(-)	ZBTB7C	tf_targeting		
ZBTB7C#chr18:48409302-48409320(-)	ZBTB7C	tf_targeting		
ZBTB7C#chr18:48409309-48409327(-)	ZBTB7C	tf_targeting		
ZBTB7C#chr18:48409326-48409344(-)	ZBTB7C	tf_targeting		
ZBTB7C#chr18:48409341-48409359(+)	ZBTB7C	tf_targeting		
ZBTB7C#chr18:48409346-48409364(-)	ZBTB7C	tf_targeting		
ZBTB8A#chr1:32539184-32539202(-)	ZBTB8A	tf_targeting		
ZBTB8A#chr1:32539465-32539483(+)	ZBTB8A	tf_targeting		
ZBTB8A#chr1:32539475-32539493(+)	ZBTB8A	tf_targeting		
ZBTB8A#chr1:32539478-32539496(+)	ZBTB8A	tf_targeting		
ZBTB8A#chr1:32539508-32539526(-)	ZBTB8A	tf_targeting		
ZBTB8A#chr1:32539901-32539919(+)	ZBTB8A	tf_targeting		
ZBTB8B#chr1:32465059-32465077(+)	ZBTB8B	tf_targeting		
ZBTB8B#chr1:32465081-32465099(+)	ZBTB8B	tf_targeting		
ZBTB8B#chr1:32465102-32465120(+)	ZBTB8B	tf_targeting		
ZBTB8B#chr1:32465137-32465155(-)	ZBTB8B	tf_targeting		
ZBTB8B#chr1:32465326-32465344(-)	ZBTB8B	tf_targeting		
ZBTB8B#chr1:32465416-32465434(+)	ZBTB8B	tf_targeting		
ZBTB9#chr6:33454584-33454602(+)	ZBTB9	tf_targeting		
ZBTB9#chr6:33454621-33454639(+)	ZBTB9	tf_targeting		
ZBTB9#chr6:33454627-33454645(+)	ZBTB9	tf_targeting		
ZBTB9#chr6:33454631-33454649(-)	ZBTB9	tf_targeting		
ZBTB9#chr6:33454635-33454653(+)	ZBTB9	tf_targeting		
ZBTB9#chr6:33454652-33454670(+)	ZBTB9	tf_targeting		
ZC3H11A#chr1:203795608-203795626(+)	ZC3H11A	tf_targeting		
ZC3H11A#chr1:203795887-203795905(-)	ZC3H11A	tf_targeting		
ZC3H11A#chr1:203795997-203796015(-)	ZC3H11A	tf_targeting		
ZC3H11A#chr1:203796053-203796071(-)	ZC3H11A	tf_targeting		
ZC3H15#chr2:186486254-186486272(-)	ZC3H15	tf_targeting	-0.6314993	0.0187017248883109
ZC3H15#chr2:186486317-186486335(+)	ZC3H15	tf_targeting	-2.4440825	5.819798509512589e-09
ZC3H15#chr2:186486333-186486351(-)	ZC3H15	tf_targeting	-1.8222437	5.0288858332128365e-06
ZC3H15#chr2:186486365-186486383(-)	ZC3H15	tf_targeting	-2.706755	0.0009381555700729
ZC3H15#chr2:186486604-186486622(-)	ZC3H15	tf_targeting	-1.5746444	0.0011282214000755
ZC3H15#chr2:186486675-186486693(-)	ZC3H15	tf_targeting	-0.7609224	0.0160198720615359
ZC3H3#chr8:143541215-143541233(+)	ZC3H3	tf_targeting		
ZC3H3#chr8:143541365-143541383(+)	ZC3H3	tf_targeting		
ZC3H3#chr8:143541368-143541386(+)	ZC3H3	tf_targeting		
ZC3H3#chr8:143541398-143541416(-)	ZC3H3	tf_targeting		
ZC3H3#chr8:143541418-143541436(-)	ZC3H3	tf_targeting		
ZC3H3#chr8:143541421-143541439(-)	ZC3H3	tf_targeting		
ZC3H8#chr2:112254687-112254705(-)	ZC3H8	tf_targeting	-0.65076274	0.3859285948637971
ZC3H8#chr2:112254838-112254856(+)	ZC3H8	tf_targeting	0.21704109	0.7958896111941113
ZC3H8#chr2:112254988-112255006(-)	ZC3H8	tf_targeting	-0.15104695	0.8519209078765473
ZC3H8#chr2:112254998-112255016(-)	ZC3H8	tf_targeting	0.0766738	0.9243059464987726
ZC3H8#chr2:112255035-112255053(-)	ZC3H8	tf_targeting	-0.000751865	0.9993355595394056
ZC3H8#chr2:112255045-112255063(+)	ZC3H8	tf_targeting	-0.17609234	0.7610837138303155
ZCCHC11#chr1:52552675-52552693(+)	ZCCHC11	tf_targeting	-0.04645346	0.8694978350941578
ZCCHC11#chr1:52552740-52552758(-)	ZCCHC11	tf_targeting	-0.32401982	0.2735298890574048
ZCCHC11#chr1:52552773-52552791(+)	ZCCHC11	tf_targeting	-0.064447105	0.831051687687267
ZCCHC11#chr1:52553030-52553048(-)	ZCCHC11	tf_targeting	-2.1516664	1.475455511554655e-20
ZCCHC11#chr1:52553033-52553051(-)	ZCCHC11	tf_targeting	-1.187583	0.0793615199421877
ZCCHC11#chr1:52553039-52553057(+)	ZCCHC11	tf_targeting	-0.91020495	2.2290314859769315e-05
ZCCHC6#chr9:86353974-86353992(-)	ZCCHC6	tf_targeting	-0.4238663	0.5390766004624327
ZCCHC6#chr9:86354019-86354037(+)	ZCCHC6	tf_targeting	-1.2088664	0.1202525040770052
ZCCHC6#chr9:86354255-86354273(+)	ZCCHC6	tf_targeting	-0.7836586	0.1430972710936618
ZCCHC6#chr9:86354323-86354341(+)	ZCCHC6	tf_targeting	-0.56036055	0.4089523911567596
ZCCHC6#chr9:86354335-86354353(+)	ZCCHC6	tf_targeting	-1.1644633	0.0994389094907918
ZCCHC6#chr9:86354342-86354360(+)	ZCCHC6	tf_targeting	-1.4125556	0.0213238224793678
ZEB1#chr10:31319210-31319228(+)	ZEB1	tf_targeting	-1.268125	0.0025421167924663
ZEB1#chr10:31319217-31319235(+)	ZEB1	tf_targeting	-0.9772323	0.0010369471250762
ZEB1#chr10:31319220-31319238(+)	ZEB1	tf_targeting	-1.5616566	0.0001972533204887
ZEB1#chr10:31319261-31319279(+)	ZEB1	tf_targeting	-1.5272638	0.0005307419210345
ZEB1#chr10:31319272-31319290(+)	ZEB1	tf_targeting	-1.7504677	0.0001629057121945
ZEB1#chr10:31319282-31319300(+)	ZEB1	tf_targeting	-1.4695089	5.394015074840152e-05
ZEB1#chr10:31321407-31321425(+)	ZEB1	tf_targeting	0.14760987	0.5441572381858697
ZEB1#chr10:31321491-31321509(-)	ZEB1	tf_targeting	-0.008380151	0.9637445136851466
ZEB1#chr10:31321507-31321525(-)	ZEB1	tf_targeting	0.4105965	0.1377358277113738
ZEB1#chr10:31321579-31321597(+)	ZEB1	tf_targeting	0.18580997	0.3255670239449034
ZEB1#chr10:31321648-31321666(-)	ZEB1	tf_targeting	0.32426268	0.1630549998216721
ZEB1#chr10:31321651-31321669(-)	ZEB1	tf_targeting	-0.3947143	0.4613609212885079
ZEB2#chr2:144517224-144517242(-)	ZEB2	tf_targeting	-0.13617252	0.7407013701308447
ZEB2#chr2:144517531-144517549(+)	ZEB2	tf_targeting	0.11378393	0.7012436344348796
ZEB2#chr2:144517534-144517552(+)	ZEB2	tf_targeting	-0.16074763	0.4648654498486825
ZEB2#chr2:144517539-144517557(-)	ZEB2	tf_targeting	-0.18500905	0.2985053235364516
ZEB2#chr2:144517579-144517597(-)	ZEB2	tf_targeting	0.030863084	0.888154624359048
ZEB2#chr2:144517590-144517608(-)	ZEB2	tf_targeting	-0.1348308	0.5916236803687973
ZEB2#chr2:144519796-144519814(-)	ZEB2	tf_targeting	-0.41098583	0.2895437400013442
ZEB2#chr2:144519881-144519899(+)	ZEB2	tf_targeting	-0.43692726	0.1945513206066819
ZEB2#chr2:144519989-144520007(+)	ZEB2	tf_targeting	0.025772588	0.9396132285806468
ZEB2#chr2:144520025-144520043(+)	ZEB2	tf_targeting	-0.51673084	0.0632581094479616
ZEB2#chr2:144520064-144520082(+)	ZEB2	tf_targeting	0.013731557	0.9524682557023736
ZEB2#chr2:144520136-144520154(+)	ZEB2	tf_targeting	-0.38178673	0.5528042158241726
ZFAT#chr8:134696330-134696348(+)	ZFAT	tf_targeting		
ZFAT#chr8:134696472-134696490(+)	ZFAT	tf_targeting		
ZFAT#chr8:134696481-134696499(-)	ZFAT	tf_targeting		
ZFAT#chr8:134696484-134696502(+)	ZFAT	tf_targeting		
ZFAT#chr8:134696490-134696508(-)	ZFAT	tf_targeting		
ZFAT#chr8:134696525-134696543(-)	ZFAT	tf_targeting		
ZFAT#chr8:134712914-134712932(+)	ZFAT	tf_targeting		
ZFAT#chr8:134712982-134713000(+)	ZFAT	tf_targeting		
ZFAT#chr8:134712993-134713011(+)	ZFAT	tf_targeting		
ZFAT#chr8:134713005-134713023(+)	ZFAT	tf_targeting		
ZFAT#chr8:134713008-134713026(+)	ZFAT	tf_targeting		
ZFAT#chr8:134713037-134713055(+)	ZFAT	tf_targeting		
ZFHX2#chr14:23551486-23551504(+)	ZFHX2	tf_targeting		
ZFHX2#chr14:23551536-23551554(+)	ZFHX2	tf_targeting		
ZFHX2#chr14:23551713-23551731(-)	ZFHX2	tf_targeting		
ZFHX2#chr14:23551720-23551738(-)	ZFHX2	tf_targeting		
ZFHX2#chr14:23551726-23551744(-)	ZFHX2	tf_targeting		
ZFHX2#chr14:23551741-23551759(+)	ZFHX2	tf_targeting		
ZFHX2#chr14:23555709-23555727(-)	ZFHX2	tf_targeting		
ZFHX2#chr14:23555858-23555876(-)	ZFHX2	tf_targeting		
ZFHX2#chr14:23555868-23555886(-)	ZFHX2	tf_targeting		
ZFHX2#chr14:23555871-23555889(-)	ZFHX2	tf_targeting		
ZFHX2#chr14:23555883-23555901(-)	ZFHX2	tf_targeting		
ZFHX2#chr14:23555889-23555907(+)	ZFHX2	tf_targeting		
ZFHX3#chr16:73058801-73058819(+)	ZFHX3	tf_targeting	0.08875475	0.6751879891257364
ZFHX3#chr16:73058806-73058824(-)	ZFHX3	tf_targeting	-0.22043717	0.341498686660093
ZFHX3#chr16:73058840-73058858(-)	ZFHX3	tf_targeting	0.01268863	0.935880298371353
ZFHX3#chr16:73058854-73058872(+)	ZFHX3	tf_targeting	-0.05002735	0.7514585482277398
ZFHX3#chr16:73058973-73058991(+)	ZFHX3	tf_targeting	0.040996645	0.8626227137278335
ZFHX3#chr16:73058989-73059007(+)	ZFHX3	tf_targeting	0.22568499	0.2860014254556716
ZFHX4#chr8:76681366-76681384(-)	ZFHX4	tf_targeting		
ZFHX4#chr8:76681371-76681389(+)	ZFHX4	tf_targeting		
ZFHX4#chr8:76681375-76681393(+)	ZFHX4	tf_targeting		
ZFHX4#chr8:76681423-76681441(-)	ZFHX4	tf_targeting		
ZFHX4#chr8:76681579-76681597(+)	ZFHX4	tf_targeting		
ZFHX4#chr8:76681762-76681780(-)	ZFHX4	tf_targeting		
ZFP1#chr16:75148500-75148518(+)	ZFP1	tf_targeting		
ZFP1#chr16:75148532-75148550(+)	ZFP1	tf_targeting		
ZFP1#chr16:75148587-75148605(-)	ZFP1	tf_targeting		
ZFP1#chr16:75148597-75148615(-)	ZFP1	tf_targeting		
ZFP1#chr16:75148723-75148741(+)	ZFP1	tf_targeting		
ZFP1#chr16:75148752-75148770(+)	ZFP1	tf_targeting		
ZFP14#chr19:36378986-36379004(-)	ZFP14	tf_targeting	-1.4777714	0.0131821306022086
ZFP14#chr19:36379123-36379141(+)	ZFP14	tf_targeting	-0.59199625	0.1063086576295468
ZFP14#chr19:36379127-36379145(-)	ZFP14	tf_targeting	-2.244959	0.000333259270598
ZFP14#chr19:36379142-36379160(-)	ZFP14	tf_targeting	0.24014963	0.4324035550666469
ZFP14#chr19:36379148-36379166(+)	ZFP14	tf_targeting	-1.7751994	0.0085679620263348
ZFP14#chr19:36379165-36379183(-)	ZFP14	tf_targeting	-2.5782444	6.255480187287978e-05
ZFP2#chr5:178895913-178895931(+)	ZFP2	tf_targeting		
ZFP2#chr5:178895922-178895940(+)	ZFP2	tf_targeting		
ZFP2#chr5:178895928-178895946(-)	ZFP2	tf_targeting		
ZFP2#chr5:178896009-178896027(-)	ZFP2	tf_targeting		
ZFP2#chr5:178896013-178896031(-)	ZFP2	tf_targeting		
ZFP2#chr5:178896064-178896082(+)	ZFP2	tf_targeting		
ZFP28#chr19:56538962-56538980(+)	ZFP28	tf_targeting		
ZFP28#chr19:56538976-56538994(+)	ZFP28	tf_targeting		
ZFP28#chr19:56538988-56539006(-)	ZFP28	tf_targeting		
ZFP28#chr19:56539007-56539025(+)	ZFP28	tf_targeting		
ZFP28#chr19:56539011-56539029(-)	ZFP28	tf_targeting		
ZFP28#chr19:56539192-56539210(+)	ZFP28	tf_targeting		
ZFP3#chr17:5078470-5078488(+)	ZFP3	tf_targeting		
ZFP3#chr17:5078474-5078492(-)	ZFP3	tf_targeting		
ZFP3#chr17:5078483-5078501(+)	ZFP3	tf_targeting		
ZFP3#chr17:5078523-5078541(-)	ZFP3	tf_targeting		
ZFP3#chr17:5078538-5078556(-)	ZFP3	tf_targeting		
ZFP3#chr17:5078548-5078566(+)	ZFP3	tf_targeting		
ZFP30#chr19:37655388-37655406(-)	ZFP30	tf_targeting	0.18746625	0.7253344978545343
ZFP30#chr19:37655410-37655428(+)	ZFP30	tf_targeting	-0.70690095	0.0409902407895452
ZFP30#chr19:37655417-37655435(-)	ZFP30	tf_targeting	-1.45195	0.1080010918497019
ZFP30#chr19:37655426-37655444(+)	ZFP30	tf_targeting	-0.45685515	0.4678653940483502
ZFP30#chr19:37655444-37655462(-)	ZFP30	tf_targeting	-0.5856794	0.1341734496777034
ZFP30#chr19:37655449-37655467(+)	ZFP30	tf_targeting	-0.7524479	0.1993274477258367
ZFP36L1#chr14:68792657-68792675(-)	ZFP36L1	tf_targeting	-0.9211814	0.0043506626105631
ZFP36L1#chr14:68792972-68792990(+)	ZFP36L1	tf_targeting	-0.34072307	0.0315957589822375
ZFP36L1#chr14:68793002-68793020(+)	ZFP36L1	tf_targeting	-0.5994089	0.538149239911885
ZFP36L1#chr14:68793013-68793031(-)	ZFP36L1	tf_targeting	1.007725	0.0656789549922788
ZFP36L1#chr14:68793030-68793048(-)	ZFP36L1	tf_targeting	-0.709831	0.0473397489217556
ZFP36L1#chr14:68793051-68793069(-)	ZFP36L1	tf_targeting	-0.81454825	0.1980342372306443
ZFP36L1#chr14:68796030-68796048(-)	ZFP36L1	tf_targeting	0.13713002	0.7940079250834324
ZFP36L1#chr14:68796034-68796052(-)	ZFP36L1	tf_targeting	0.07616118	0.6373581160826552
ZFP36L1#chr14:68796069-68796087(-)	ZFP36L1	tf_targeting	-0.4484817	0.0100838517353823
ZFP36L1#chr14:68796072-68796090(-)	ZFP36L1	tf_targeting	-0.17867382	0.3065451976362744
ZFP36L1#chr14:68796086-68796104(-)	ZFP36L1	tf_targeting	-0.17357758	0.215644322299151
ZFP36L1#chr14:68796092-68796110(-)	ZFP36L1	tf_targeting	-0.102875285	0.3025667431849961
ZFP36L2#chr2:43226323-43226341(+)	ZFP36L2	tf_targeting	-0.548322	0.1660148574141229
ZFP36L2#chr2:43226340-43226358(+)	ZFP36L2	tf_targeting	-0.622429	0.2715858715850402
ZFP36L2#chr2:43226390-43226408(+)	ZFP36L2	tf_targeting	-0.91300756	0.0574651206412591
ZFP36L2#chr2:43226488-43226506(+)	ZFP36L2	tf_targeting	-0.059109006	0.7610601467664284
ZFP36L2#chr2:43226629-43226647(-)	ZFP36L2	tf_targeting	-0.8608081	0.085738668920486
ZFP36L2#chr2:43226987-43227005(-)	ZFP36L2	tf_targeting	-2.2039423	0.0044966858070968
ZFP37#chr9:113056635-113056653(-)	ZFP37	tf_targeting		
ZFP37#chr9:113056675-113056693(-)	ZFP37	tf_targeting		
ZFP37#chr9:113056684-113056702(+)	ZFP37	tf_targeting		
ZFP37#chr9:113056700-113056718(-)	ZFP37	tf_targeting		
ZFP37#chr9:113056712-113056730(-)	ZFP37	tf_targeting		
ZFP37#chr9:113056744-113056762(-)	ZFP37	tf_targeting		
ZFP41#chr8:143246938-143246956(+)	ZFP41	tf_targeting		
ZFP41#chr8:143246947-143246965(+)	ZFP41	tf_targeting		
ZFP41#chr8:143246954-143246972(+)	ZFP41	tf_targeting		
ZFP41#chr8:143246960-143246978(+)	ZFP41	tf_targeting		
ZFP41#chr8:143246992-143247010(+)	ZFP41	tf_targeting		
ZFP41#chr8:143247004-143247022(-)	ZFP41	tf_targeting		
ZFP42#chr4:187995781-187995799(-)	ZFP42	tf_targeting		
ZFP42#chr4:187995811-187995829(+)	ZFP42	tf_targeting		
ZFP42#chr4:187995820-187995838(+)	ZFP42	tf_targeting		
ZFP42#chr4:187995988-187996006(-)	ZFP42	tf_targeting		
ZFP42#chr4:187996003-187996021(-)	ZFP42	tf_targeting		
ZFP42#chr4:187996009-187996027(-)	ZFP42	tf_targeting		
ZFP42#chr4:188002752-188002770(+)	ZFP42	tf_targeting		
ZFP42#chr4:188002771-188002789(+)	ZFP42	tf_targeting		
ZFP42#chr4:188002811-188002829(+)	ZFP42	tf_targeting		
ZFP42#chr4:188002842-188002860(+)	ZFP42	tf_targeting		
ZFP42#chr4:188002980-188002998(+)	ZFP42	tf_targeting		
ZFP42#chr4:188002987-188003005(-)	ZFP42	tf_targeting		
ZFP57#chr6:29680861-29680879(+)	ZFP57	tf_targeting		
ZFP57#chr6:29681071-29681089(+)	ZFP57	tf_targeting		
ZFP57#chr6:29681082-29681100(-)	ZFP57	tf_targeting		
ZFP57#chr6:29681086-29681104(+)	ZFP57	tf_targeting		
ZFP57#chr6:29681096-29681114(+)	ZFP57	tf_targeting		
ZFP57#chr6:29681110-29681128(+)	ZFP57	tf_targeting		
ZFP62#chr5:180861140-180861158(+)	ZFP62	tf_targeting		
ZFP62#chr5:180861200-180861218(+)	ZFP62	tf_targeting		
ZFP62#chr5:180861206-180861224(+)	ZFP62	tf_targeting		
ZFP62#chr5:180861209-180861227(+)	ZFP62	tf_targeting		
ZFP62#chr5:180861236-180861254(-)	ZFP62	tf_targeting		
ZFP62#chr5:180861291-180861309(-)	ZFP62	tf_targeting		
ZFP64#chr20:52191376-52191394(-)	ZFP64	tf_targeting		
ZFP64#chr20:52191430-52191448(-)	ZFP64	tf_targeting		
ZFP64#chr20:52191606-52191624(-)	ZFP64	tf_targeting		
ZFP64#chr20:52191662-52191680(+)	ZFP64	tf_targeting		
ZFP64#chr20:52191742-52191760(+)	ZFP64	tf_targeting		
ZFP64#chr20:52191753-52191771(-)	ZFP64	tf_targeting		
ZFP69#chr1:40477246-40477264(+)	ZFP69	tf_targeting		
ZFP69#chr1:40477291-40477309(+)	ZFP69	tf_targeting		
ZFP69#chr1:40477297-40477315(+)	ZFP69	tf_targeting		
ZFP69#chr1:40477320-40477338(+)	ZFP69	tf_targeting		
ZFP69#chr1:40477350-40477368(-)	ZFP69	tf_targeting		
ZFP69#chr1:40477522-40477540(-)	ZFP69	tf_targeting		
ZFP69B#chr1:40450108-40450126(+)	ZFP69B	tf_targeting		
ZFP69B#chr1:40450121-40450139(+)	ZFP69B	tf_targeting		
ZFP69B#chr1:40450125-40450143(+)	ZFP69B	tf_targeting		
ZFP69B#chr1:40450130-40450148(+)	ZFP69B	tf_targeting		
ZFP69B#chr1:40450176-40450194(+)	ZFP69B	tf_targeting		
ZFP69B#chr1:40450275-40450293(+)	ZFP69B	tf_targeting		
ZFP82#chr19:36418551-36418569(+)	ZFP82	tf_targeting	-1.1820245	0.0158672149155828
ZFP82#chr19:36418583-36418601(+)	ZFP82	tf_targeting	-2.5789225	0.0008020142502677
ZFP82#chr19:36418586-36418604(+)	ZFP82	tf_targeting	-2.4858305	0.0022981661837653
ZFP82#chr19:36418614-36418632(-)	ZFP82	tf_targeting	-0.8556314	0.2058956898222522
ZFP82#chr19:36418620-36418638(-)	ZFP82	tf_targeting	-1.1848402	0.0239663040033034
ZFP82#chr19:36418630-36418648(-)	ZFP82	tf_targeting	-2.0317707	0.0615719910988384
ZFP90#chr16:68530115-68530133(+)	ZFP90	tf_targeting	0.04212741	0.8846537796960263
ZFP90#chr16:68530119-68530137(+)	ZFP90	tf_targeting	-0.36535186	0.4649534438192837
ZFP90#chr16:68530128-68530146(+)	ZFP90	tf_targeting	0.33331853	0.6641715721401773
ZFP90#chr16:68530169-68530187(-)	ZFP90	tf_targeting	-0.33286822	0.2609923531259603
ZFP90#chr16:68530204-68530222(-)	ZFP90	tf_targeting	-0.06326564	0.6528276526783727
ZFP90#chr16:68530304-68530322(+)	ZFP90	tf_targeting	-0.36973962	0.2808013186759808
ZFP90#chr16:68539307-68539325(-)	ZFP90	tf_targeting	0.06905899	0.941530387756138
ZFP90#chr16:68539318-68539336(+)	ZFP90	tf_targeting	-1.941625	0.0005584501127884
ZFP90#chr16:68539328-68539346(-)	ZFP90	tf_targeting	-0.54702985	0.4912989186103395
ZFP90#chr16:68539332-68539350(-)	ZFP90	tf_targeting	-1.530747	0.0071363937306516
ZFP90#chr16:68539334-68539352(+)	ZFP90	tf_targeting	-0.8470534	0.360627821644198
ZFP90#chr16:68539362-68539380(-)	ZFP90	tf_targeting	-1.574303	0.0124136484488283
ZFP91#chr11:58579075-58579093(+)	ZFP91	tf_targeting		
ZFP91#chr11:58579086-58579104(+)	ZFP91	tf_targeting		
ZFP91#chr11:58579091-58579109(+)	ZFP91	tf_targeting		
ZFP91#chr11:58579129-58579147(-)	ZFP91	tf_targeting		
ZFP91#chr11:58579176-58579194(+)	ZFP91	tf_targeting		
ZFP91#chr11:58579497-58579515(+)	ZFP91	tf_targeting		
ZFP92#chrX:153418302-153418320(-)	ZFP92	tf_targeting		
ZFP92#chrX:153418305-153418323(+)	ZFP92	tf_targeting		
ZFP92#chrX:153418335-153418353(+)	ZFP92	tf_targeting		
ZFP92#chrX:153418353-153418371(-)	ZFP92	tf_targeting		
ZFP92#chrX:153418399-153418417(-)	ZFP92	tf_targeting		
ZFP92#chrX:153418504-153418522(-)	ZFP92	tf_targeting		
ZFPM1#chr16:88453285-88453303(+)	ZFPM1	tf_targeting	0.3947457	0.0008868746309847
ZFPM1#chr16:88453298-88453316(-)	ZFPM1	tf_targeting	0.47862828	0.0030750659615341
ZFPM1#chr16:88453329-88453347(-)	ZFPM1	tf_targeting	-0.03371396	0.970805397784656
ZFPM1#chr16:88453342-88453360(-)	ZFPM1	tf_targeting	0.5946432	0.0106312579479711
ZFPM1#chr16:88453347-88453365(+)	ZFPM1	tf_targeting	-0.26434386	0.747320397384115
ZFPM1#chr16:88453514-88453532(+)	ZFPM1	tf_targeting	0.3045758	0.0499141530724713
ZFPM2#chr8:105318480-105318498(-)	ZFPM2	tf_targeting	-1.4813353	4.175192683215206e-12
ZFPM2#chr8:105318482-105318500(+)	ZFPM2	tf_targeting	-2.797395	2.612003992181228e-27
ZFPM2#chr8:105318800-105318818(+)	ZFPM2	tf_targeting	-2.1095493	4.598016422781268e-15
ZFPM2#chr8:105318831-105318849(+)	ZFPM2	tf_targeting	-1.4927907	0.0229520302949621
ZFPM2#chr8:105318937-105318955(-)	ZFPM2	tf_targeting	-2.2725806	3.632914960773359e-08
ZFPM2#chr8:105318950-105318968(+)	ZFPM2	tf_targeting	-2.0755484	3.146334720546011e-07
ZFX#chrX:24149531-24149549(-)	ZFX	tf_targeting	-0.81215197	0.1010735514991731
ZFX#chrX:24149783-24149801(-)	ZFX	tf_targeting	-1.6708324e-05	0.999952854794326
ZFX#chrX:24149791-24149809(-)	ZFX	tf_targeting	-0.049103588	0.8639382540688012
ZFX#chrX:24149795-24149813(-)	ZFX	tf_targeting	-0.534804	0.0546147358565164
ZFX#chrX:24149939-24149957(-)	ZFX	tf_targeting	-0.3012135	0.6177720657447352
ZFX#chrX:24150152-24150170(-)	ZFX	tf_targeting	-0.20252961	0.7165736833894253
ZFY#chrY:2935418-2935436(-)	ZFY	tf_targeting	-1.0924802	0.0274403151566395
ZFY#chrY:2935426-2935444(+)	ZFY	tf_targeting	-0.7426738	0.000167983254711
ZFY#chrY:2935434-2935452(-)	ZFY	tf_targeting	-1.4823451	0.0957907166404496
ZFY#chrY:2935443-2935461(-)	ZFY	tf_targeting	-1.7198694	0.0002288129851042
ZFY#chrY:2935591-2935609(-)	ZFY	tf_targeting	-2.1895382	0.0106499633247575
ZFY#chrY:2935621-2935639(-)	ZFY	tf_targeting	-1.8184355	0.0052993094437868
ZFYVE20#chr3:15098890-15098908(+)	ZFYVE20	tf_targeting		
ZFYVE20#chr3:15099024-15099042(-)	ZFYVE20	tf_targeting		
ZFYVE20#chr3:15099096-15099114(-)	ZFYVE20	tf_targeting		
ZFYVE20#chr3:15099106-15099124(-)	ZFYVE20	tf_targeting		
ZFYVE20#chr3:15099114-15099132(+)	ZFYVE20	tf_targeting		
ZFYVE20#chr3:15099126-15099144(-)	ZFYVE20	tf_targeting		
ZFYVE26#chr14:67816380-67816398(-)	ZFYVE26	tf_targeting		
ZFYVE26#chr14:67816396-67816414(-)	ZFYVE26	tf_targeting		
ZFYVE26#chr14:67816425-67816443(+)	ZFYVE26	tf_targeting		
ZFYVE26#chr14:67816498-67816516(+)	ZFYVE26	tf_targeting		
ZFYVE26#chr14:67816511-67816529(-)	ZFYVE26	tf_targeting		
ZFYVE26#chr14:67816576-67816594(-)	ZFYVE26	tf_targeting		
ZGLP1#chr19:10305381-10305399(+)	ZGLP1	tf_targeting		
ZGLP1#chr19:10305577-10305595(+)	ZGLP1	tf_targeting		
ZGLP1#chr19:10305587-10305605(-)	ZGLP1	tf_targeting		
ZGLP1#chr19:10305591-10305609(-)	ZGLP1	tf_targeting		
ZGLP1#chr19:10305607-10305625(-)	ZGLP1	tf_targeting		
ZGLP1#chr19:10305626-10305644(+)	ZGLP1	tf_targeting		
ZGPAT#chr20:63707525-63707543(-)	ZGPAT	tf_targeting		
ZGPAT#chr20:63707744-63707762(-)	ZGPAT	tf_targeting		
ZGPAT#chr20:63708031-63708049(+)	ZGPAT	tf_targeting		
ZGPAT#chr20:63708058-63708076(+)	ZGPAT	tf_targeting		
ZGPAT#chr20:63708067-63708085(+)	ZGPAT	tf_targeting		
ZGPAT#chr20:63708077-63708095(+)	ZGPAT	tf_targeting		
ZHX1#chr8:123274172-123274190(-)	ZHX1	tf_targeting		
ZHX1#chr8:123274202-123274220(+)	ZHX1	tf_targeting		
ZHX1#chr8:123274252-123274270(-)	ZHX1	tf_targeting		
ZHX1#chr8:123274255-123274273(-)	ZHX1	tf_targeting		
ZHX1#chr8:123274258-123274276(-)	ZHX1	tf_targeting		
ZHX1#chr8:123274581-123274599(+)	ZHX1	tf_targeting		
ZHX2#chr8:122781741-122781759(+)	ZHX2	tf_targeting	-0.7549843	4.032584140507942e-06
ZHX2#chr8:122781745-122781763(-)	ZHX2	tf_targeting	-0.120521806	0.5563578307926874
ZHX2#chr8:122781755-122781773(-)	ZHX2	tf_targeting	-0.46116772	0.3400376580599051
ZHX2#chr8:122781805-122781823(-)	ZHX2	tf_targeting	-1.800781	6.114051409480481e-05
ZHX2#chr8:122781814-122781832(-)	ZHX2	tf_targeting	-1.7659612	9.374946724672516e-14
ZHX2#chr8:122781820-122781838(+)	ZHX2	tf_targeting	-0.8763139	0.2000277242907812
ZHX3#chr20:41317403-41317421(+)	ZHX3	tf_targeting		
ZHX3#chr20:41317412-41317430(+)	ZHX3	tf_targeting		
ZHX3#chr20:41317633-41317651(+)	ZHX3	tf_targeting		
ZHX3#chr20:41317674-41317692(-)	ZHX3	tf_targeting		
ZHX3#chr20:41317678-41317696(-)	ZHX3	tf_targeting		
ZHX3#chr20:41317707-41317725(-)	ZHX3	tf_targeting		
ZIC1#chr3:147409398-147409416(+)	ZIC1	tf_targeting		
ZIC1#chr3:147409407-147409425(+)	ZIC1	tf_targeting		
ZIC1#chr3:147409415-147409433(-)	ZIC1	tf_targeting		
ZIC1#chr3:147409425-147409443(+)	ZIC1	tf_targeting		
ZIC1#chr3:147409587-147409605(+)	ZIC1	tf_targeting		
ZIC1#chr3:147409637-147409655(+)	ZIC1	tf_targeting		
ZIC2#chr13:99981848-99981866(-)	ZIC2	tf_targeting		
ZIC2#chr13:99981853-99981871(-)	ZIC2	tf_targeting		
ZIC2#chr13:99981858-99981876(-)	ZIC2	tf_targeting		
ZIC2#chr13:99981874-99981892(+)	ZIC2	tf_targeting		
ZIC2#chr13:99982000-99982018(+)	ZIC2	tf_targeting		
ZIC2#chr13:99982237-99982255(+)	ZIC2	tf_targeting		
ZIC3#chrX:137566129-137566147(+)	ZIC3	tf_targeting		
ZIC3#chrX:137566140-137566158(+)	ZIC3	tf_targeting		
ZIC3#chrX:137566145-137566163(+)	ZIC3	tf_targeting		
ZIC3#chrX:137566506-137566524(-)	ZIC3	tf_targeting		
ZIC3#chrX:137566510-137566528(-)	ZIC3	tf_targeting		
ZIC3#chrX:137566554-137566572(-)	ZIC3	tf_targeting		
ZIC4#chr3:147392038-147392056(+)	ZIC4	tf_targeting		
ZIC4#chr3:147392110-147392128(-)	ZIC4	tf_targeting		
ZIC4#chr3:147392219-147392237(-)	ZIC4	tf_targeting		
ZIC4#chr3:147392276-147392294(+)	ZIC4	tf_targeting		
ZIC4#chr3:147392284-147392302(-)	ZIC4	tf_targeting		
ZIC4#chr3:147392300-147392318(+)	ZIC4	tf_targeting		
ZIC4#chr3:147406276-147406294(+)	ZIC4	tf_targeting		
ZIC4#chr3:147406282-147406300(-)	ZIC4	tf_targeting		
ZIC4#chr3:147406291-147406309(-)	ZIC4	tf_targeting		
ZIC4#chr3:147406344-147406362(-)	ZIC4	tf_targeting		
ZIC4#chr3:147406448-147406466(-)	ZIC4	tf_targeting		
ZIC4#chr3:147406495-147406513(+)	ZIC4	tf_targeting		
ZIC5#chr13:99970915-99970933(-)	ZIC5	tf_targeting		
ZIC5#chr13:99971058-99971076(+)	ZIC5	tf_targeting		
ZIC5#chr13:99971061-99971079(+)	ZIC5	tf_targeting		
ZIC5#chr13:99971119-99971137(+)	ZIC5	tf_targeting		
ZIC5#chr13:99971128-99971146(-)	ZIC5	tf_targeting		
ZIC5#chr13:99971134-99971152(+)	ZIC5	tf_targeting		
ZIK1#chr19:57584191-57584209(+)	ZIK1	tf_targeting		
ZIK1#chr19:57584214-57584232(+)	ZIK1	tf_targeting		
ZIK1#chr19:57584316-57584334(-)	ZIK1	tf_targeting		
ZIK1#chr19:57584347-57584365(-)	ZIK1	tf_targeting		
ZIK1#chr19:57584369-57584387(+)	ZIK1	tf_targeting		
ZIK1#chr19:57584403-57584421(-)	ZIK1	tf_targeting		
ZIM2#chr19:56840738-56840756(+)	ZIM2	tf_targeting		
ZIM2#chr19:56840749-56840767(-)	ZIM2	tf_targeting		
ZIM2#chr19:56840752-56840770(-)	ZIM2	tf_targeting		
ZIM3#chr19:57145001-57145019(-)	ZIM3	tf_targeting		
ZIM3#chr19:57145011-57145029(-)	ZIM3	tf_targeting		
ZIM3#chr19:57145065-57145083(-)	ZIM3	tf_targeting		
ZIM3#chr19:57145104-57145122(-)	ZIM3	tf_targeting		
ZIM3#chr19:57145179-57145197(+)	ZIM3	tf_targeting		
ZIM3#chr19:57145185-57145203(-)	ZIM3	tf_targeting		
ZKSCAN1#chr7:100015610-100015628(+)	ZKSCAN1	tf_targeting	0.007318444	0.9877350784311026
ZKSCAN1#chr7:100015627-100015645(+)	ZKSCAN1	tf_targeting	-0.36602733	0.1322631912314286
ZKSCAN1#chr7:100015635-100015653(-)	ZKSCAN1	tf_targeting	-0.26507655	0.2712044739368647
ZKSCAN1#chr7:100015642-100015660(-)	ZKSCAN1	tf_targeting	-2.160085	6.393635169519333e-15
ZKSCAN1#chr7:100015654-100015672(-)	ZKSCAN1	tf_targeting	-1.9331241	2.009658805005577e-10
ZKSCAN1#chr7:100015965-100015983(+)	ZKSCAN1	tf_targeting	-0.15429664	0.7694774011221476
ZKSCAN2#chr16:25257523-25257541(+)	ZKSCAN2	tf_targeting		
ZKSCAN2#chr16:25257590-25257608(+)	ZKSCAN2	tf_targeting		
ZKSCAN2#chr16:25257751-25257769(+)	ZKSCAN2	tf_targeting		
ZKSCAN2#chr16:25257762-25257780(+)	ZKSCAN2	tf_targeting		
ZKSCAN2#chr16:25257768-25257786(+)	ZKSCAN2	tf_targeting		
ZKSCAN2#chr16:25257817-25257835(-)	ZKSCAN2	tf_targeting		
ZKSCAN3#chr6:28349983-28350001(+)	ZKSCAN3	tf_targeting		
ZKSCAN3#chr6:28349998-28350016(-)	ZKSCAN3	tf_targeting		
ZKSCAN3#chr6:28350017-28350035(+)	ZKSCAN3	tf_targeting		
ZKSCAN3#chr6:28350031-28350049(-)	ZKSCAN3	tf_targeting		
ZKSCAN3#chr6:28350134-28350152(-)	ZKSCAN3	tf_targeting		
ZKSCAN3#chr6:28350171-28350189(+)	ZKSCAN3	tf_targeting		
ZKSCAN4#chr6:28252029-28252047(+)	ZKSCAN4	tf_targeting		
ZKSCAN4#chr6:28252085-28252103(-)	ZKSCAN4	tf_targeting		
ZKSCAN4#chr6:28252109-28252127(-)	ZKSCAN4	tf_targeting		
ZKSCAN4#chr6:28252183-28252201(-)	ZKSCAN4	tf_targeting		
ZKSCAN4#chr6:28252193-28252211(+)	ZKSCAN4	tf_targeting		
ZKSCAN4#chr6:28252237-28252255(+)	ZKSCAN4	tf_targeting		
ZKSCAN5#chr7:99504930-99504948(-)	ZKSCAN5	tf_targeting		
ZKSCAN5#chr7:99505234-99505252(+)	ZKSCAN5	tf_targeting		
ZKSCAN5#chr7:99505250-99505268(+)	ZKSCAN5	tf_targeting		
ZKSCAN5#chr7:99505265-99505283(+)	ZKSCAN5	tf_targeting		
ZKSCAN5#chr7:99505312-99505330(-)	ZKSCAN5	tf_targeting		
ZKSCAN5#chr7:99505375-99505393(-)	ZKSCAN5	tf_targeting		
ZKSCAN7#chr3:44555188-44555206(-)	ZKSCAN7	tf_targeting		
ZKSCAN7#chr3:44555221-44555239(+)	ZKSCAN7	tf_targeting		
ZKSCAN7#chr3:44555227-44555245(+)	ZKSCAN7	tf_targeting		
ZKSCAN7#chr3:44555242-44555260(-)	ZKSCAN7	tf_targeting		
ZKSCAN7#chr3:44555250-44555268(+)	ZKSCAN7	tf_targeting		
ZKSCAN7#chr3:44555254-44555272(-)	ZKSCAN7	tf_targeting		
ZKSCAN8#chr6:28141881-28141899(-)	ZKSCAN8	tf_targeting	-1.7987252	2.72210175857918e-05
ZKSCAN8#chr6:28141901-28141919(+)	ZKSCAN8	tf_targeting	-1.1288394	0.2322769133360861
ZKSCAN8#chr6:28141917-28141935(-)	ZKSCAN8	tf_targeting	-2.2060215	0.004879637017296
ZKSCAN8#chr6:28141932-28141950(-)	ZKSCAN8	tf_targeting	-1.3055294	0.0054928981650778
ZKSCAN8#chr6:28141951-28141969(-)	ZKSCAN8	tf_targeting	-1.2603194	0.1112973278538829
ZKSCAN8#chr6:28142045-28142063(+)	ZKSCAN8	tf_targeting	-3.8035507	5.418819070260357e-05
ZMAT1#chrX:101931596-101931614(+)	ZMAT1	tf_targeting		
ZMAT1#chrX:101931648-101931666(+)	ZMAT1	tf_targeting		
ZMAT1#chrX:101931962-101931980(+)	ZMAT1	tf_targeting		
ZMAT1#chrX:101931972-101931990(-)	ZMAT1	tf_targeting		
ZMAT1#chrX:101931975-101931993(+)	ZMAT1	tf_targeting		
ZMAT1#chrX:101932005-101932023(-)	ZMAT1	tf_targeting		
ZMAT2#chr5:140700458-140700476(+)	ZMAT2	tf_targeting	-0.2794411	0.7270672691889832
ZMAT2#chr5:140700462-140700480(+)	ZMAT2	tf_targeting	-0.17874938	0.8690955706751405
ZMAT2#chr5:140700479-140700497(+)	ZMAT2	tf_targeting	-0.19615984	0.784754272963397
ZMAT2#chr5:140700492-140700510(+)	ZMAT2	tf_targeting	0.07166089	0.9398367468040412
ZMAT2#chr5:140700684-140700702(-)	ZMAT2	tf_targeting	-0.30430114	0.6156262038123973
ZMAT2#chr5:140700932-140700950(+)	ZMAT2	tf_targeting	-0.15532246	0.8605113756281806
ZMAT2#chr5:140703931-140703949(+)	ZMAT2	tf_targeting	-0.019681305	0.9407659574527746
ZMAT2#chr5:140703962-140703980(+)	ZMAT2	tf_targeting	0.050310202	0.8652440620410604
ZMAT2#chr5:140703984-140704002(+)	ZMAT2	tf_targeting	-0.35547113	0.2052826088981552
ZMAT2#chr5:140704091-140704109(+)	ZMAT2	tf_targeting	0.19026504	0.3749195713711158
ZMAT2#chr5:140704143-140704161(-)	ZMAT2	tf_targeting	0.0214467	0.9154767012145676
ZMAT2#chr5:140704159-140704177(-)	ZMAT2	tf_targeting	0.037990168	0.9107353238365102
ZMAT3#chr3:179071730-179071748(+)	ZMAT3	tf_targeting	-1.7276794	1.1075246776349665e-16
ZMAT3#chr3:179071737-179071755(-)	ZMAT3	tf_targeting	0.13111593	0.8839747156463137
ZMAT3#chr3:179071767-179071785(+)	ZMAT3	tf_targeting	-1.643287	0.0049715159260808
ZMAT3#chr3:179071774-179071792(-)	ZMAT3	tf_targeting	-2.1046817	0.0009134955758088
ZMAT3#chr3:179071779-179071797(-)	ZMAT3	tf_targeting	-0.9198054	0.146281406628193
ZMAT3#chr3:179071802-179071820(+)	ZMAT3	tf_targeting	-0.5280824	0.4767553233790255
ZMAT4#chr8:40897731-40897749(-)	ZMAT4	tf_targeting		
ZMAT4#chr8:40897736-40897754(+)	ZMAT4	tf_targeting		
ZMAT4#chr8:40897752-40897770(+)	ZMAT4	tf_targeting		
ZMAT4#chr8:40897788-40897806(+)	ZMAT4	tf_targeting		
ZMAT4#chr8:40897800-40897818(-)	ZMAT4	tf_targeting		
ZMAT4#chr8:40897805-40897823(-)	ZMAT4	tf_targeting		
ZNF10#chr12:133130612-133130630(-)	ZNF10	tf_targeting		
ZNF10#chr12:133130626-133130644(-)	ZNF10	tf_targeting		
ZNF10#chr12:133130637-133130655(-)	ZNF10	tf_targeting		
ZNF10#chr12:133130649-133130667(+)	ZNF10	tf_targeting		
ZNF10#chr12:133130660-133130678(-)	ZNF10	tf_targeting		
ZNF10#chr12:133130705-133130723(-)	ZNF10	tf_targeting		
ZNF100#chr19:21767275-21767293(+)	ZNF100	tf_targeting		
ZNF100#chr19:21767278-21767296(+)	ZNF100	tf_targeting		
ZNF100#chr19:21767303-21767321(-)	ZNF100	tf_targeting		
ZNF100#chr19:21767498-21767516(-)	ZNF100	tf_targeting		
ZNF100#chr19:21767530-21767548(+)	ZNF100	tf_targeting		
ZNF100#chr19:21767538-21767556(+)	ZNF100	tf_targeting		
ZNF101#chr19:19668823-19668841(+)	ZNF101	tf_targeting		
ZNF101#chr19:19668846-19668864(+)	ZNF101	tf_targeting		
ZNF101#chr19:19668850-19668868(-)	ZNF101	tf_targeting		
ZNF101#chr19:19668873-19668891(-)	ZNF101	tf_targeting		
ZNF101#chr19:19668994-19669012(+)	ZNF101	tf_targeting		
ZNF101#chr19:19669097-19669115(-)	ZNF101	tf_targeting		
ZNF107#chr7:64666340-64666358(-)	ZNF107	tf_targeting		
ZNF107#chr7:64666362-64666380(+)	ZNF107	tf_targeting		
ZNF107#chr7:64666374-64666392(-)	ZNF107	tf_targeting		
ZNF107#chr7:64666414-64666432(-)	ZNF107	tf_targeting		
ZNF107#chr7:64666598-64666616(-)	ZNF107	tf_targeting		
ZNF107#chr7:64666617-64666635(-)	ZNF107	tf_targeting		
ZNF112#chr19:44356328-44356346(+)	ZNF112	tf_targeting		
ZNF112#chr19:44356419-44356437(+)	ZNF112	tf_targeting		
ZNF112#chr19:44356613-44356631(+)	ZNF112	tf_targeting		
ZNF112#chr19:44356616-44356634(+)	ZNF112	tf_targeting		
ZNF112#chr19:44356630-44356648(+)	ZNF112	tf_targeting		
ZNF112#chr19:44356664-44356682(-)	ZNF112	tf_targeting		
ZNF114#chr19:48271358-48271376(+)	ZNF114	tf_targeting		
ZNF114#chr19:48271361-48271379(+)	ZNF114	tf_targeting		
ZNF114#chr19:48271370-48271388(+)	ZNF114	tf_targeting		
ZNF114#chr19:48271392-48271410(+)	ZNF114	tf_targeting		
ZNF114#chr19:48271576-48271594(-)	ZNF114	tf_targeting		
ZNF114#chr19:48271603-48271621(-)	ZNF114	tf_targeting		
ZNF117#chr7:65006294-65006312(-)	ZNF117	tf_targeting		
ZNF117#chr7:65006349-65006367(-)	ZNF117	tf_targeting		
ZNF117#chr7:65006363-65006381(+)	ZNF117	tf_targeting		
ZNF117#chr7:65006447-65006465(-)	ZNF117	tf_targeting		
ZNF117#chr7:65006601-65006619(+)	ZNF117	tf_targeting		
ZNF117#chr7:65006652-65006670(+)	ZNF117	tf_targeting		
ZNF12#chr7:6706658-6706676(+)	ZNF12	tf_targeting		
ZNF12#chr7:6706716-6706734(-)	ZNF12	tf_targeting		
ZNF12#chr7:6706867-6706885(+)	ZNF12	tf_targeting		
ZNF12#chr7:6706881-6706899(-)	ZNF12	tf_targeting		
ZNF12#chr7:6706894-6706912(+)	ZNF12	tf_targeting		
ZNF12#chr7:6706903-6706921(+)	ZNF12	tf_targeting		
ZNF121#chr19:9584127-9584145(+)	ZNF121	tf_targeting	-1.9985696	0.0017855456540778
ZNF121#chr19:9584276-9584294(-)	ZNF121	tf_targeting	-0.15085529	0.8481375772954377
ZNF121#chr19:9584298-9584316(-)	ZNF121	tf_targeting	-2.5309088	0.0157947200880708
ZNF121#chr19:9584423-9584441(-)	ZNF121	tf_targeting	-1.0665673	0.0388045620504816
ZNF121#chr19:9584429-9584447(+)	ZNF121	tf_targeting	-2.7194297	0.0076151322769626
ZNF121#chr19:9584469-9584487(-)	ZNF121	tf_targeting	-1.3813282	0.0509725506292621
ZNF124#chr1:247157695-247157713(+)	ZNF124	tf_targeting	-0.043673657	0.821733635369519
ZNF124#chr1:247157722-247157740(-)	ZNF124	tf_targeting	-0.48100254	0.1368823159105679
ZNF124#chr1:247157726-247157744(-)	ZNF124	tf_targeting	0.07229994	0.7640405732713323
ZNF124#chr1:247157871-247157889(+)	ZNF124	tf_targeting	-0.19092815	0.196177893833696
ZNF124#chr1:247157882-247157900(+)	ZNF124	tf_targeting	0.1495766	0.3749814432334021
ZNF124#chr1:247157935-247157953(-)	ZNF124	tf_targeting	-0.3001213	0.143984006092782
ZNF131#chr5:43120927-43120945(-)	ZNF131	tf_targeting	-0.2780615	0.4963876867443213
ZNF131#chr5:43120957-43120975(+)	ZNF131	tf_targeting	-0.2815913	0.2985637386184364
ZNF131#chr5:43121108-43121126(+)	ZNF131	tf_targeting	-1.1025405	0.0185011321315889
ZNF131#chr5:43121139-43121157(+)	ZNF131	tf_targeting	0.14837076	0.6111910167683239
ZNF131#chr5:43121623-43121641(+)	ZNF131	tf_targeting	0.8335786	0.2011357526340949
ZNF131#chr5:43121742-43121760(-)	ZNF131	tf_targeting	-0.7733809	0.2376802553591827
ZNF132#chr19:58439915-58439933(+)	ZNF132	tf_targeting		
ZNF132#chr19:58439932-58439950(+)	ZNF132	tf_targeting		
ZNF132#chr19:58439937-58439955(+)	ZNF132	tf_targeting		
ZNF132#chr19:58440082-58440100(-)	ZNF132	tf_targeting		
ZNF132#chr19:58440134-58440152(+)	ZNF132	tf_targeting		
ZNF132#chr19:58440137-58440155(+)	ZNF132	tf_targeting		
ZNF133#chr20:18288534-18288552(+)	ZNF133	tf_targeting		
ZNF133#chr20:18288575-18288593(+)	ZNF133	tf_targeting		
ZNF133#chr20:18288585-18288603(-)	ZNF133	tf_targeting		
ZNF133#chr20:18288620-18288638(-)	ZNF133	tf_targeting		
ZNF133#chr20:18288641-18288659(-)	ZNF133	tf_targeting		
ZNF133#chr20:18288790-18288808(+)	ZNF133	tf_targeting		
ZNF134#chr19:57614231-57614249(-)	ZNF134	tf_targeting	-0.80465245	0.3827748345176568
ZNF134#chr19:57614247-57614265(+)	ZNF134	tf_targeting	0.1291359	0.6603033217987186
ZNF134#chr19:57614250-57614268(+)	ZNF134	tf_targeting	-1.9261445	0.012970877417399
ZNF134#chr19:57614274-57614292(+)	ZNF134	tf_targeting	-0.11377538	0.7676584229074151
ZNF134#chr19:57614282-57614300(+)	ZNF134	tf_targeting	-0.6035486	0.1290549772917499
ZNF134#chr19:57614299-57614317(+)	ZNF134	tf_targeting	-0.8959963	0.0759274244869354
ZNF135#chr19:58059252-58059270(+)	ZNF135	tf_targeting		
ZNF135#chr19:58059290-58059308(+)	ZNF135	tf_targeting		
ZNF135#chr19:58059299-58059317(+)	ZNF135	tf_targeting		
ZNF135#chr19:58059308-58059326(+)	ZNF135	tf_targeting		
ZNF135#chr19:58059312-58059330(+)	ZNF135	tf_targeting		
ZNF135#chr19:58059639-58059657(+)	ZNF135	tf_targeting		
ZNF136#chr19:12163080-12163098(-)	ZNF136	tf_targeting		
ZNF136#chr19:12163107-12163125(+)	ZNF136	tf_targeting		
ZNF136#chr19:12163113-12163131(-)	ZNF136	tf_targeting		
ZNF136#chr19:12163127-12163145(-)	ZNF136	tf_targeting		
ZNF136#chr19:12163161-12163179(-)	ZNF136	tf_targeting		
ZNF136#chr19:12163345-12163363(-)	ZNF136	tf_targeting		
ZNF138#chr7:64794393-64794411(+)	ZNF138	tf_targeting		
ZNF138#chr7:64794461-64794479(-)	ZNF138	tf_targeting		
ZNF138#chr7:64794470-64794488(+)	ZNF138	tf_targeting		
ZNF138#chr7:64794478-64794496(-)	ZNF138	tf_targeting		
ZNF138#chr7:64794633-64794651(+)	ZNF138	tf_targeting		
ZNF138#chr7:64794663-64794681(+)	ZNF138	tf_targeting		
ZNF14#chr19:19732727-19732745(-)	ZNF14	tf_targeting		
ZNF14#chr19:19732807-19732825(+)	ZNF14	tf_targeting		
ZNF14#chr19:19733011-19733029(+)	ZNF14	tf_targeting		
ZNF14#chr19:19733032-19733050(+)	ZNF14	tf_targeting		
ZNF14#chr19:19733046-19733064(+)	ZNF14	tf_targeting		
ZNF14#chr19:19733085-19733103(-)	ZNF14	tf_targeting		
ZNF140#chr12:133080917-133080935(+)	ZNF140	tf_targeting		
ZNF140#chr12:133080932-133080950(-)	ZNF140	tf_targeting		
ZNF140#chr12:133080934-133080952(+)	ZNF140	tf_targeting		
ZNF140#chr12:133080961-133080979(-)	ZNF140	tf_targeting		
ZNF140#chr12:133080965-133080983(-)	ZNF140	tf_targeting		
ZNF140#chr12:133080969-133080987(+)	ZNF140	tf_targeting		
ZNF141#chr4:337824-337842(+)	ZNF141	tf_targeting	-0.89319354	0.0513143201869652
ZNF141#chr4:337831-337849(+)	ZNF141	tf_targeting	-2.2859907	0.0232479039319703
ZNF141#chr4:337837-337855(-)	ZNF141	tf_targeting	-3.2149665	0.0007750047456048
ZNF141#chr4:337842-337860(-)	ZNF141	tf_targeting	-1.7633158	0.0043033529032506
ZNF141#chr4:337860-337878(+)	ZNF141	tf_targeting	-0.020591976	0.9356693721460267
ZNF141#chr4:337888-337906(-)	ZNF141	tf_targeting	-2.4024372	0.0003622237093276
ZNF142#chr2:218659385-218659403(+)	ZNF142	tf_targeting		
ZNF142#chr2:218659389-218659407(+)	ZNF142	tf_targeting		
ZNF142#chr2:218659522-218659540(-)	ZNF142	tf_targeting		
ZNF142#chr2:218659591-218659609(+)	ZNF142	tf_targeting		
ZNF142#chr2:218659598-218659616(-)	ZNF142	tf_targeting		
ZNF142#chr2:218659605-218659623(+)	ZNF142	tf_targeting		
ZNF143#chr11:9461024-9461042(+)	ZNF143	tf_targeting	0.948682	0.1299394579033564
ZNF143#chr11:9461040-9461058(+)	ZNF143	tf_targeting	-0.3318355	0.5498575263430099
ZNF143#chr11:9461276-9461294(-)	ZNF143	tf_targeting	0.47803584	0.4492622838955517
ZNF143#chr11:9461356-9461374(+)	ZNF143	tf_targeting	0.22818667	0.3835419082592654
ZNF143#chr11:9461359-9461377(+)	ZNF143	tf_targeting	-0.09178188	0.9033804391176732
ZNF143#chr11:9461484-9461502(-)	ZNF143	tf_targeting	-0.57258826	0.5364806386540176
ZNF146#chr19:36215153-36215171(-)	ZNF146	tf_targeting		
ZNF146#chr19:36215161-36215179(+)	ZNF146	tf_targeting		
ZNF146#chr19:36215169-36215187(-)	ZNF146	tf_targeting		
ZNF146#chr19:36215173-36215191(+)	ZNF146	tf_targeting		
ZNF146#chr19:36215176-36215194(+)	ZNF146	tf_targeting		
ZNF146#chr19:36215180-36215198(+)	ZNF146	tf_targeting		
ZNF148#chr3:125374811-125374829(-)	ZNF148	tf_targeting	-0.6441235	0.0024825034490613
ZNF148#chr3:125374863-125374881(-)	ZNF148	tf_targeting	-0.7190769	0.0332172225125358
ZNF148#chr3:125374866-125374884(-)	ZNF148	tf_targeting	-0.7338919	0.0047289442410973
ZNF148#chr3:125375085-125375103(+)	ZNF148	tf_targeting	-1.4653821	3.458427207932517e-12
ZNF148#chr3:125375092-125375110(-)	ZNF148	tf_targeting	-1.7521245	1.618514635898878e-23
ZNF148#chr3:125375238-125375256(-)	ZNF148	tf_targeting	-0.8450632	0.0009092109794587
ZNF154#chr19:57708940-57708958(+)	ZNF154	tf_targeting		
ZNF154#chr19:57708971-57708989(-)	ZNF154	tf_targeting		
ZNF154#chr19:57709126-57709144(+)	ZNF154	tf_targeting		
ZNF154#chr19:57709141-57709159(-)	ZNF154	tf_targeting		
ZNF154#chr19:57709148-57709166(+)	ZNF154	tf_targeting		
ZNF154#chr19:57709169-57709187(-)	ZNF154	tf_targeting		
ZNF155#chr19:43984208-43984226(-)	ZNF155	tf_targeting		
ZNF155#chr19:43984214-43984232(+)	ZNF155	tf_targeting		
ZNF155#chr19:43984245-43984263(-)	ZNF155	tf_targeting		
ZNF155#chr19:43984281-43984299(-)	ZNF155	tf_targeting		
ZNF155#chr19:43984389-43984407(-)	ZNF155	tf_targeting		
ZNF155#chr19:43984415-43984433(+)	ZNF155	tf_targeting		
ZNF157#chrX:47370582-47370600(+)	ZNF157	tf_targeting		
ZNF157#chrX:47370593-47370611(-)	ZNF157	tf_targeting		
ZNF157#chrX:47370616-47370634(-)	ZNF157	tf_targeting		
ZNF157#chrX:47370625-47370643(+)	ZNF157	tf_targeting		
ZNF157#chrX:47370629-47370647(+)	ZNF157	tf_targeting		
ZNF157#chrX:47370693-47370711(-)	ZNF157	tf_targeting		
ZNF16#chr8:144950554-144950572(+)	ZNF16	tf_targeting		
ZNF16#chr8:144950557-144950575(+)	ZNF16	tf_targeting		
ZNF16#chr8:144950768-144950786(+)	ZNF16	tf_targeting		
ZNF16#chr8:144950783-144950801(+)	ZNF16	tf_targeting		
ZNF16#chr8:144950799-144950817(+)	ZNF16	tf_targeting		
ZNF16#chr8:144950802-144950820(+)	ZNF16	tf_targeting		
ZNF160#chr19:53103171-53103189(+)	ZNF160	tf_targeting	-2.0591886	1.7646313064629305e-05
ZNF160#chr19:53103315-53103333(+)	ZNF160	tf_targeting	-2.5774686	1.0646317563651048e-06
ZNF160#chr19:53103347-53103365(+)	ZNF160	tf_targeting	-2.6954105	2.289215138992961e-12
ZNF160#chr19:53103365-53103383(+)	ZNF160	tf_targeting	-2.2382984	0.0003777843317056
ZNF160#chr19:53103384-53103402(-)	ZNF160	tf_targeting	-2.530151	7.449350989847802e-08
ZNF160#chr19:53103403-53103421(-)	ZNF160	tf_targeting	-2.631604	9.0488376313858e-11
ZNF165#chr6:28080596-28080614(-)	ZNF165	tf_targeting		
ZNF165#chr6:28080770-28080788(-)	ZNF165	tf_targeting		
ZNF165#chr6:28080921-28080939(-)	ZNF165	tf_targeting		
ZNF165#chr6:28080934-28080952(-)	ZNF165	tf_targeting		
ZNF165#chr6:28080950-28080968(+)	ZNF165	tf_targeting		
ZNF165#chr6:28080961-28080979(-)	ZNF165	tf_targeting		
ZNF169#chr9:94259319-94259337(-)	ZNF169	tf_targeting		
ZNF169#chr9:94259326-94259344(-)	ZNF169	tf_targeting		
ZNF169#chr9:94259357-94259375(-)	ZNF169	tf_targeting		
ZNF169#chr9:94259364-94259382(+)	ZNF169	tf_targeting		
ZNF169#chr9:94259367-94259385(+)	ZNF169	tf_targeting		
ZNF169#chr9:94259512-94259530(+)	ZNF169	tf_targeting		
ZNF17#chr19:57411155-57411173(+)	ZNF17	tf_targeting		
ZNF17#chr19:57411170-57411188(-)	ZNF17	tf_targeting		
ZNF17#chr19:57411173-57411191(-)	ZNF17	tf_targeting		
ZNF17#chr19:57411194-57411212(+)	ZNF17	tf_targeting		
ZNF17#chr19:57411211-57411229(-)	ZNF17	tf_targeting		
ZNF17#chr19:57411323-57411341(-)	ZNF17	tf_targeting		
ZNF174#chr16:3401220-3401238(-)	ZNF174	tf_targeting		
ZNF174#chr16:3401230-3401248(-)	ZNF174	tf_targeting		
ZNF174#chr16:3401249-3401267(-)	ZNF174	tf_targeting		
ZNF174#chr16:3401266-3401284(-)	ZNF174	tf_targeting		
ZNF174#chr16:3401514-3401532(-)	ZNF174	tf_targeting		
ZNF174#chr16:3401647-3401665(-)	ZNF174	tf_targeting		
ZNF175#chr19:51571288-51571306(-)	ZNF175	tf_targeting		
ZNF175#chr19:51571320-51571338(-)	ZNF175	tf_targeting		
ZNF175#chr19:51571329-51571347(+)	ZNF175	tf_targeting		
ZNF175#chr19:51571356-51571374(+)	ZNF175	tf_targeting		
ZNF175#chr19:51571370-51571388(+)	ZNF175	tf_targeting		
ZNF175#chr19:51571466-51571484(+)	ZNF175	tf_targeting		
ZNF177#chr19:9324331-9324349(-)	ZNF177	tf_targeting		
ZNF177#chr19:9324342-9324360(+)	ZNF177	tf_targeting		
ZNF177#chr19:9324371-9324389(-)	ZNF177	tf_targeting		
ZNF177#chr19:9324501-9324519(+)	ZNF177	tf_targeting		
ZNF177#chr19:9363025-9363043(-)	ZNF177	tf_targeting		
ZNF177#chr19:9363032-9363050(-)	ZNF177	tf_targeting		
ZNF177#chr19:9363078-9363096(-)	ZNF177	tf_targeting		
ZNF177#chr19:9363093-9363111(-)	ZNF177	tf_targeting		
ZNF177#chr19:9363223-9363241(-)	ZNF177	tf_targeting		
ZNF177#chr19:9363271-9363289(+)	ZNF177	tf_targeting		
ZNF18#chr17:11997206-11997224(-)	ZNF18	tf_targeting		
ZNF18#chr17:11997332-11997350(-)	ZNF18	tf_targeting		
ZNF18#chr17:11997386-11997404(+)	ZNF18	tf_targeting		
ZNF18#chr17:11997390-11997408(-)	ZNF18	tf_targeting		
ZNF18#chr17:11997413-11997431(-)	ZNF18	tf_targeting		
ZNF18#chr17:11997421-11997439(+)	ZNF18	tf_targeting		
ZNF180#chr19:44500421-44500439(-)	ZNF180	tf_targeting		
ZNF180#chr19:44500428-44500446(-)	ZNF180	tf_targeting		
ZNF180#chr19:44500447-44500465(+)	ZNF180	tf_targeting		
ZNF180#chr19:44500460-44500478(+)	ZNF180	tf_targeting		
ZNF180#chr19:44500491-44500509(+)	ZNF180	tf_targeting		
ZNF180#chr19:44500526-44500544(+)	ZNF180	tf_targeting		
ZNF181#chr19:34734243-34734261(+)	ZNF181	tf_targeting	-1.4042696	0.0598303913567894
ZNF181#chr19:34734254-34734272(+)	ZNF181	tf_targeting	-1.217704	0.0322265531577682
ZNF181#chr19:34734273-34734291(-)	ZNF181	tf_targeting	-0.04089129	0.9434221141148876
ZNF181#chr19:34734281-34734299(-)	ZNF181	tf_targeting	-1.4389267	0.0893233364703075
ZNF181#chr19:34734294-34734312(+)	ZNF181	tf_targeting	-0.5810458	0.4189175938011659
ZNF181#chr19:34734306-34734324(-)	ZNF181	tf_targeting	-1.8958765	1.11736750599221e-05
ZNF182#chrX:48003785-48003803(-)	ZNF182	tf_targeting		
ZNF182#chrX:48003877-48003895(-)	ZNF182	tf_targeting		
ZNF182#chrX:48003906-48003924(-)	ZNF182	tf_targeting		
ZNF182#chrX:48003969-48003987(-)	ZNF182	tf_targeting		
ZNF182#chrX:48003983-48004001(-)	ZNF182	tf_targeting		
ZNF182#chrX:48003994-48004012(-)	ZNF182	tf_targeting		
ZNF184#chr6:27472838-27472856(+)	ZNF184	tf_targeting		
ZNF184#chr6:27472873-27472891(-)	ZNF184	tf_targeting		
ZNF184#chr6:27473041-27473059(-)	ZNF184	tf_targeting		
ZNF184#chr6:27473044-27473062(-)	ZNF184	tf_targeting		
ZNF184#chr6:27473051-27473069(+)	ZNF184	tf_targeting		
ZNF184#chr6:27473088-27473106(-)	ZNF184	tf_targeting		
ZNF189#chr9:101398875-101398893(+)	ZNF189	tf_targeting	-1.9473689	0.0059095994086828
ZNF189#chr9:101398901-101398919(+)	ZNF189	tf_targeting	-0.8133668	0.0706235205735947
ZNF189#chr9:101398914-101398932(+)	ZNF189	tf_targeting	-0.96822464	0.2171843873984361
ZNF189#chr9:101398926-101398944(+)	ZNF189	tf_targeting	-0.73041344	0.2245414506834314
ZNF189#chr9:101399083-101399101(+)	ZNF189	tf_targeting	-0.7771063	0.0963096965804876
ZNF189#chr9:101399139-101399157(-)	ZNF189	tf_targeting	-1.0207438	0.0555189026232208
ZNF19#chr16:71484322-71484340(+)	ZNF19	tf_targeting		
ZNF19#chr16:71484485-71484503(-)	ZNF19	tf_targeting		
ZNF19#chr16:71484527-71484545(-)	ZNF19	tf_targeting		
ZNF19#chr16:71484547-71484565(+)	ZNF19	tf_targeting		
ZNF19#chr16:71484573-71484591(+)	ZNF19	tf_targeting		
ZNF19#chr16:71484579-71484597(-)	ZNF19	tf_targeting		
ZNF195#chr11:3378934-3378952(+)	ZNF195	tf_targeting	-2.7486618	5.383913341084563e-06
ZNF195#chr11:3379090-3379108(+)	ZNF195	tf_targeting	-0.034937892	0.8780045962186626
ZNF195#chr11:3379100-3379118(+)	ZNF195	tf_targeting	-1.7784535	0.0059425550472763
ZNF195#chr11:3379108-3379126(-)	ZNF195	tf_targeting	-1.4517542	0.0768939461064368
ZNF195#chr11:3379114-3379132(+)	ZNF195	tf_targeting	-0.24584316	0.6462152782423245
ZNF195#chr11:3379133-3379151(-)	ZNF195	tf_targeting	-2.510928	7.093595997208317e-05
ZNF197#chr3:44625038-44625056(-)	ZNF197	tf_targeting		
ZNF197#chr3:44625044-44625062(+)	ZNF197	tf_targeting		
ZNF197#chr3:44625075-44625093(-)	ZNF197	tf_targeting		
ZNF197#chr3:44625098-44625116(+)	ZNF197	tf_targeting		
ZNF197#chr3:44625141-44625159(-)	ZNF197	tf_targeting		
ZNF197#chr3:44625230-44625248(-)	ZNF197	tf_targeting		
ZNF2#chr2:95165802-95165820(+)	ZNF2	tf_targeting		
ZNF2#chr2:95165817-95165835(+)	ZNF2	tf_targeting		
ZNF2#chr2:95165836-95165854(-)	ZNF2	tf_targeting		
ZNF2#chr2:95165843-95165861(-)	ZNF2	tf_targeting		
ZNF2#chr2:95165846-95165864(+)	ZNF2	tf_targeting		
ZNF2#chr2:95166055-95166073(-)	ZNF2	tf_targeting		
ZNF20#chr19:12140149-12140167(-)	ZNF20	tf_targeting		
ZNF20#chr19:12140267-12140285(+)	ZNF20	tf_targeting		
ZNF20#chr19:12140289-12140307(+)	ZNF20	tf_targeting		
ZNF20#chr19:12140317-12140335(-)	ZNF20	tf_targeting		
ZNF20#chr19:12140362-12140380(-)	ZNF20	tf_targeting		
ZNF20#chr19:12140365-12140383(-)	ZNF20	tf_targeting		
ZNF20#chr19:12156701-12156719(-)	ZNF20	tf_targeting		
ZNF200#chr16:3234926-3234944(+)	ZNF200	tf_targeting		
ZNF200#chr16:3235089-3235107(-)	ZNF200	tf_targeting		
ZNF200#chr16:3235096-3235114(-)	ZNF200	tf_targeting		
ZNF200#chr16:3235108-3235126(-)	ZNF200	tf_targeting		
ZNF200#chr16:3235121-3235139(-)	ZNF200	tf_targeting		
ZNF200#chr16:3235139-3235157(+)	ZNF200	tf_targeting		
ZNF202#chr11:123741583-123741601(-)	ZNF202	tf_targeting		
ZNF202#chr11:123741596-123741614(-)	ZNF202	tf_targeting		
ZNF202#chr11:123741606-123741624(-)	ZNF202	tf_targeting		
ZNF202#chr11:123741625-123741643(-)	ZNF202	tf_targeting		
ZNF202#chr11:123741636-123741654(-)	ZNF202	tf_targeting		
ZNF202#chr11:123741644-123741662(+)	ZNF202	tf_targeting		
ZNF205#chr16:3112604-3112622(-)	ZNF205	tf_targeting		
ZNF205#chr16:3112608-3112626(-)	ZNF205	tf_targeting		
ZNF205#chr16:3112614-3112632(+)	ZNF205	tf_targeting		
ZNF205#chr16:3112617-3112635(+)	ZNF205	tf_targeting		
ZNF205#chr16:3112629-3112647(-)	ZNF205	tf_targeting		
ZNF205#chr16:3112744-3112762(+)	ZNF205	tf_targeting		
ZNF207#chr17:32350174-32350192(+)	ZNF207	tf_targeting	-0.53710777	0.4729755102268571
ZNF207#chr17:32350182-32350200(-)	ZNF207	tf_targeting	-0.19027352	0.7733948872605451
ZNF207#chr17:32350185-32350203(+)	ZNF207	tf_targeting	0.3540762	0.6503482249378818
ZNF207#chr17:32350190-32350208(+)	ZNF207	tf_targeting	0.04404111	0.9632674570103992
ZNF207#chr17:32350199-32350217(+)	ZNF207	tf_targeting	-0.033897303	0.9186821267841014
ZNF207#chr17:32350619-32350637(-)	ZNF207	tf_targeting	-0.13928066	0.8869415506021107
ZNF207#chr17:32360678-32360696(-)	ZNF207	tf_targeting	0.017015679	0.9533588463483642
ZNF207#chr17:32360693-32360711(-)	ZNF207	tf_targeting	-0.394962	0.1566632850488632
ZNF207#chr17:32360762-32360780(-)	ZNF207	tf_targeting	-0.37523726	0.2034040982458139
ZNF207#chr17:32360842-32360860(-)	ZNF207	tf_targeting	0.017508063	0.9162398549838436
ZNF207#chr17:32360992-32361010(-)	ZNF207	tf_targeting	-0.46011138	0.3156867708542963
ZNF207#chr17:32361007-32361025(-)	ZNF207	tf_targeting	-0.03586487	0.8553400935245953
ZNF211#chr19:57633200-57633218(+)	ZNF211	tf_targeting		
ZNF211#chr19:57633213-57633231(-)	ZNF211	tf_targeting		
ZNF211#chr19:57633217-57633235(-)	ZNF211	tf_targeting		
ZNF211#chr19:57633226-57633244(-)	ZNF211	tf_targeting		
ZNF211#chr19:57633242-57633260(-)	ZNF211	tf_targeting		
ZNF211#chr19:57633263-57633281(+)	ZNF211	tf_targeting		
ZNF212#chr7:149239653-149239671(+)	ZNF212	tf_targeting		
ZNF212#chr7:149239656-149239674(+)	ZNF212	tf_targeting		
ZNF212#chr7:149239679-149239697(+)	ZNF212	tf_targeting		
ZNF212#chr7:149239687-149239705(+)	ZNF212	tf_targeting		
ZNF212#chr7:149239702-149239720(+)	ZNF212	tf_targeting		
ZNF212#chr7:149239717-149239735(+)	ZNF212	tf_targeting		
ZNF213#chr16:3135152-3135170(+)	ZNF213	tf_targeting		
ZNF213#chr16:3135160-3135178(-)	ZNF213	tf_targeting		
ZNF213#chr16:3135163-3135181(+)	ZNF213	tf_targeting		
ZNF213#chr16:3135168-3135186(+)	ZNF213	tf_targeting		
ZNF213#chr16:3135188-3135206(-)	ZNF213	tf_targeting		
ZNF213#chr16:3135356-3135374(-)	ZNF213	tf_targeting		
ZNF214#chr11:7020261-7020279(+)	ZNF214	tf_targeting		
ZNF214#chr11:7020266-7020284(+)	ZNF214	tf_targeting		
ZNF214#chr11:7020295-7020313(+)	ZNF214	tf_targeting		
ZNF214#chr11:7020320-7020338(+)	ZNF214	tf_targeting		
ZNF214#chr11:7020330-7020348(+)	ZNF214	tf_targeting		
ZNF214#chr11:7020349-7020367(-)	ZNF214	tf_targeting		
ZNF215#chr11:6926462-6926480(-)	ZNF215	tf_targeting		
ZNF215#chr11:6926525-6926543(+)	ZNF215	tf_targeting		
ZNF215#chr11:6926562-6926580(+)	ZNF215	tf_targeting		
ZNF215#chr11:6926567-6926585(+)	ZNF215	tf_targeting		
ZNF215#chr11:6926898-6926916(+)	ZNF215	tf_targeting		
ZNF215#chr11:6926946-6926964(+)	ZNF215	tf_targeting		
ZNF217#chr20:53568547-53568565(+)	ZNF217	tf_targeting	0.44621286	0.2415824349712179
ZNF217#chr20:53568617-53568635(+)	ZNF217	tf_targeting	-0.0046912436	0.9909320288954871
ZNF217#chr20:53568652-53568670(+)	ZNF217	tf_targeting	0.033726927	0.9356933639957452
ZNF217#chr20:53568695-53568713(+)	ZNF217	tf_targeting	-0.83549523	0.0477956928731387
ZNF217#chr20:53568838-53568856(+)	ZNF217	tf_targeting	-0.051572602	0.8878482459793666
ZNF217#chr20:53568892-53568910(-)	ZNF217	tf_targeting	-0.08989116	0.8712161542585011
ZNF217#chr20:53593340-53593358(-)	ZNF217	tf_targeting	0.9272686	0.1557684110486108
ZNF217#chr20:53593544-53593562(+)	ZNF217	tf_targeting	-0.18352588	0.7772047561401714
ZNF217#chr20:53593548-53593566(+)	ZNF217	tf_targeting	-0.11864349	0.5334796932737138
ZNF217#chr20:53593563-53593581(-)	ZNF217	tf_targeting	-0.0763658	0.8533505174855546
ZNF217#chr20:53593586-53593604(+)	ZNF217	tf_targeting	0.06343094	0.9266845681216958
ZNF217#chr20:53593602-53593620(-)	ZNF217	tf_targeting	-0.40018705	0.4913981489500231
ZNF219#chr14:21097948-21097966(-)	ZNF219	tf_targeting	-0.20485047	0.6251256625973882
ZNF219#chr14:21098075-21098093(-)	ZNF219	tf_targeting	-0.80790603	0.3507119983059782
ZNF219#chr14:21098570-21098588(+)	ZNF219	tf_targeting	-0.32514846	0.4578468623759629
ZNF219#chr14:21098598-21098616(+)	ZNF219	tf_targeting	-0.15427303	0.793549730781585
ZNF219#chr14:21098601-21098619(+)	ZNF219	tf_targeting	0.1416197	0.5431510740585374
ZNF22#chr10:45000874-45000892(-)	ZNF22	tf_targeting		
ZNF22#chr10:45000909-45000927(+)	ZNF22	tf_targeting		
ZNF22#chr10:45000912-45000930(+)	ZNF22	tf_targeting		
ZNF22#chr10:45000944-45000962(+)	ZNF22	tf_targeting		
ZNF22#chr10:45000957-45000975(-)	ZNF22	tf_targeting		
ZNF22#chr10:45000973-45000991(+)	ZNF22	tf_targeting		
ZNF221#chr19:43951236-43951254(+)	ZNF221	tf_targeting		
ZNF221#chr19:43951242-43951260(+)	ZNF221	tf_targeting		
ZNF221#chr19:43951335-43951353(-)	ZNF221	tf_targeting		
ZNF221#chr19:43951418-43951436(+)	ZNF221	tf_targeting		
ZNF221#chr19:43951460-43951478(+)	ZNF221	tf_targeting		
ZNF221#chr19:43951477-43951495(-)	ZNF221	tf_targeting		
ZNF222#chr19:44025382-44025400(-)	ZNF222	tf_targeting		
ZNF222#chr19:44025397-44025415(-)	ZNF222	tf_targeting		
ZNF222#chr19:44025401-44025419(-)	ZNF222	tf_targeting		
ZNF222#chr19:44025413-44025431(-)	ZNF222	tf_targeting		
ZNF222#chr19:44025418-44025436(-)	ZNF222	tf_targeting		
ZNF222#chr19:44025616-44025634(-)	ZNF222	tf_targeting		
ZNF223#chr19:44051988-44052006(+)	ZNF223	tf_targeting		
ZNF223#chr19:44052023-44052041(+)	ZNF223	tf_targeting		
ZNF223#chr19:44052044-44052062(+)	ZNF223	tf_targeting		
ZNF223#chr19:44052050-44052068(-)	ZNF223	tf_targeting		
ZNF223#chr19:44052063-44052081(-)	ZNF223	tf_targeting		
ZNF223#chr19:44052115-44052133(-)	ZNF223	tf_targeting		
ZNF224#chr19:44094341-44094359(+)	ZNF224	tf_targeting		
ZNF224#chr19:44094380-44094398(-)	ZNF224	tf_targeting		
ZNF224#chr19:44094411-44094429(-)	ZNF224	tf_targeting		
ZNF224#chr19:44094432-44094450(-)	ZNF224	tf_targeting		
ZNF224#chr19:44094563-44094581(+)	ZNF224	tf_targeting		
ZNF224#chr19:44094590-44094608(+)	ZNF224	tf_targeting		
ZNF225#chr19:44113382-44113400(+)	ZNF225	tf_targeting		
ZNF225#chr19:44113416-44113434(+)	ZNF225	tf_targeting		
ZNF225#chr19:44113422-44113440(-)	ZNF225	tf_targeting		
ZNF225#chr19:44113457-44113475(-)	ZNF225	tf_targeting		
ZNF225#chr19:44113477-44113495(-)	ZNF225	tf_targeting		
ZNF225#chr19:44113601-44113619(+)	ZNF225	tf_targeting		
ZNF226#chr19:44141571-44141589(+)	ZNF226	tf_targeting	0.2256808	0.614723356890476
ZNF226#chr19:44141583-44141601(+)	ZNF226	tf_targeting	-0.19176634	0.3914586939322468
ZNF226#chr19:44141595-44141613(+)	ZNF226	tf_targeting	-0.39729643	0.2633513234287726
ZNF226#chr19:44141635-44141653(-)	ZNF226	tf_targeting	0.008703283	0.952000862119028
ZNF226#chr19:44141642-44141660(+)	ZNF226	tf_targeting	0.121868044	0.5251930576421047
ZNF226#chr19:44141649-44141667(-)	ZNF226	tf_targeting	-0.002692931	0.9862010091069622
ZNF226#chr19:44165077-44165095(+)	ZNF226	tf_targeting	-2.820585	8.62459091419856e-13
ZNF226#chr19:44165093-44165111(-)	ZNF226	tf_targeting	-2.419015	0.0001495849211855
ZNF226#chr19:44165096-44165114(-)	ZNF226	tf_targeting	-1.9298755	1.1629723776401496e-06
ZNF226#chr19:44165107-44165125(+)	ZNF226	tf_targeting	-1.3947396	0.0161206063531321
ZNF226#chr19:44165122-44165140(+)	ZNF226	tf_targeting	-3.0187314	3.828990495462908e-06
ZNF226#chr19:44165162-44165180(-)	ZNF226	tf_targeting	-2.1320007	9.818284528781071e-09
ZNF227#chr19:44212565-44212583(+)	ZNF227	tf_targeting		
ZNF227#chr19:44212569-44212587(-)	ZNF227	tf_targeting		
ZNF227#chr19:44212582-44212600(-)	ZNF227	tf_targeting		
ZNF227#chr19:44212606-44212624(-)	ZNF227	tf_targeting		
ZNF227#chr19:44212634-44212652(-)	ZNF227	tf_targeting		
ZNF227#chr19:44212747-44212765(+)	ZNF227	tf_targeting		
ZNF229#chr19:44448380-44448398(+)	ZNF229	tf_targeting		
ZNF229#chr19:44448386-44448404(-)	ZNF229	tf_targeting		
ZNF229#chr19:44448391-44448409(-)	ZNF229	tf_targeting		
ZNF229#chr19:44448398-44448416(-)	ZNF229	tf_targeting		
ZNF229#chr19:44448401-44448419(+)	ZNF229	tf_targeting		
ZNF229#chr19:44448457-44448475(-)	ZNF229	tf_targeting		
ZNF23#chr16:71462117-71462135(+)	ZNF23	tf_targeting		
ZNF23#chr16:71462174-71462192(+)	ZNF23	tf_targeting		
ZNF23#chr16:71462195-71462213(-)	ZNF23	tf_targeting		
ZNF23#chr16:71462199-71462217(+)	ZNF23	tf_targeting		
ZNF23#chr16:71462212-71462230(-)	ZNF23	tf_targeting		
ZNF23#chr16:71462215-71462233(-)	ZNF23	tf_targeting		
ZNF23#chr16:71489230-71489248(-)	ZNF23	tf_targeting		
ZNF23#chr16:71489233-71489251(+)	ZNF23	tf_targeting		
ZNF23#chr16:71489243-71489261(-)	ZNF23	tf_targeting		
ZNF23#chr16:71489301-71489319(+)	ZNF23	tf_targeting		
ZNF23#chr16:71489306-71489324(+)	ZNF23	tf_targeting		
ZNF23#chr16:71489309-71489327(+)	ZNF23	tf_targeting		
ZNF230#chr19:44002999-44003017(-)	ZNF230	tf_targeting		
ZNF230#chr19:44003020-44003038(-)	ZNF230	tf_targeting		
ZNF230#chr19:44003036-44003054(-)	ZNF230	tf_targeting		
ZNF230#chr19:44003169-44003187(+)	ZNF230	tf_targeting		
ZNF230#chr19:44003268-44003286(-)	ZNF230	tf_targeting		
ZNF230#chr19:44003271-44003289(-)	ZNF230	tf_targeting		
ZNF232#chr17:5111792-5111810(+)	ZNF232	tf_targeting		
ZNF232#chr17:5111795-5111813(+)	ZNF232	tf_targeting		
ZNF232#chr17:5111806-5111824(+)	ZNF232	tf_targeting		
ZNF232#chr17:5111812-5111830(-)	ZNF232	tf_targeting		
ZNF232#chr17:5111836-5111854(-)	ZNF232	tf_targeting		
ZNF232#chr17:5111848-5111866(-)	ZNF232	tf_targeting		
ZNF232#chr17:5123012-5123030(+)	ZNF232	tf_targeting		
ZNF232#chr17:5123049-5123067(+)	ZNF232	tf_targeting		
ZNF232#chr17:5123055-5123073(-)	ZNF232	tf_targeting		
ZNF232#chr17:5123064-5123082(+)	ZNF232	tf_targeting		
ZNF232#chr17:5123076-5123094(-)	ZNF232	tf_targeting		
ZNF232#chr17:5123090-5123108(-)	ZNF232	tf_targeting		
ZNF233#chr19:44259915-44259933(+)	ZNF233	tf_targeting		
ZNF233#chr19:44259919-44259937(-)	ZNF233	tf_targeting		
ZNF233#chr19:44259932-44259950(-)	ZNF233	tf_targeting		
ZNF233#chr19:44259948-44259966(+)	ZNF233	tf_targeting		
ZNF233#chr19:44259958-44259976(-)	ZNF233	tf_targeting		
ZNF233#chr19:44259981-44259999(-)	ZNF233	tf_targeting		
ZNF235#chr19:44304740-44304758(+)	ZNF235	tf_targeting	-0.64488465	0.4071995997405616
ZNF235#chr19:44304930-44304948(+)	ZNF235	tf_targeting	-1.0066515	0.139987914397004
ZNF235#chr19:44304938-44304956(+)	ZNF235	tf_targeting	-1.219102	0.0103442378725452
ZNF235#chr19:44304973-44304991(-)	ZNF235	tf_targeting	-0.15546419	0.6430974279795916
ZNF235#chr19:44304976-44304994(-)	ZNF235	tf_targeting	-1.1310451	0.0013055324487983
ZNF235#chr19:44304996-44305014(-)	ZNF235	tf_targeting	-0.15645614	0.850450049296718
ZNF236#chr18:76822605-76822623(-)	ZNF236	tf_targeting	0.29220748	0.4968551786062343
ZNF236#chr18:76822617-76822635(+)	ZNF236	tf_targeting	-0.067483135	0.8806049829103669
ZNF236#chr18:76822805-76822823(-)	ZNF236	tf_targeting	0.1248314	0.8504234838027311
ZNF236#chr18:76822825-76822843(+)	ZNF236	tf_targeting	-0.17552947	0.840477426145778
ZNF236#chr18:76822983-76823001(+)	ZNF236	tf_targeting	-1.4386965	0.0029431346963554
ZNF236#chr18:76823019-76823037(-)	ZNF236	tf_targeting	-0.56168187	0.3733872659396169
ZNF239#chr10:43574307-43574325(+)	ZNF239	tf_targeting		
ZNF239#chr10:43574496-43574514(-)	ZNF239	tf_targeting		
ZNF239#chr10:43574500-43574518(+)	ZNF239	tf_targeting		
ZNF239#chr10:43574529-43574547(+)	ZNF239	tf_targeting		
ZNF239#chr10:43574542-43574560(-)	ZNF239	tf_targeting		
ZNF239#chr10:43574545-43574563(-)	ZNF239	tf_targeting		
ZNF24#chr18:35344123-35344141(+)	ZNF24	tf_targeting	-1.718927	3.782191001153044e-06
ZNF24#chr18:35344231-35344249(-)	ZNF24	tf_targeting	0.16600089	0.3920036751238273
ZNF24#chr18:35344253-35344271(+)	ZNF24	tf_targeting	-1.5007404	4.3013964107712924e-06
ZNF24#chr18:35344354-35344372(+)	ZNF24	tf_targeting	-1.8613487	7.566130198935819e-12
ZNF24#chr18:35344386-35344404(+)	ZNF24	tf_targeting	-1.5085763	0.0002680829732474
ZNF24#chr18:35344425-35344443(-)	ZNF24	tf_targeting	-2.0937266	0.0001849943915429
ZNF248#chr10:37857362-37857380(+)	ZNF248	tf_targeting	-1.474714	0.0215526659915018
ZNF248#chr10:37857422-37857440(-)	ZNF248	tf_targeting	-2.0869343	0.0009004617058729
ZNF248#chr10:37857612-37857630(+)	ZNF248	tf_targeting	-2.8834617	2.888758017299605e-08
ZNF248#chr10:37858065-37858083(-)	ZNF248	tf_targeting	-3.272808	0.0023334018580174
ZNF248#chr10:37858097-37858115(+)	ZNF248	tf_targeting	-0.63705146	0.4706658993314776
ZNF248#chr10:37858115-37858133(+)	ZNF248	tf_targeting	-1.6660889	0.0004604353172401
ZNF25#chr10:37976389-37976407(+)	ZNF25	tf_targeting		
ZNF25#chr10:37976555-37976573(-)	ZNF25	tf_targeting		
ZNF25#chr10:37976559-37976577(-)	ZNF25	tf_targeting		
ZNF25#chr10:37976568-37976586(+)	ZNF25	tf_targeting		
ZNF25#chr10:37976579-37976597(-)	ZNF25	tf_targeting		
ZNF25#chr10:37976601-37976619(-)	ZNF25	tf_targeting		
ZNF250#chr8:144901175-144901193(+)	ZNF250	tf_targeting	0.5542249	0.2861088491777273
ZNF250#chr8:144901401-144901419(-)	ZNF250	tf_targeting	-0.90338624	0.005615903840607
ZNF250#chr8:144901411-144901429(+)	ZNF250	tf_targeting	-0.7152077	0.1270469139213509
ZNF250#chr8:144901485-144901503(-)	ZNF250	tf_targeting	0.02092981	0.9669145043073252
ZNF250#chr8:144901892-144901910(-)	ZNF250	tf_targeting	-2.0652664	0.0013694779204088
ZNF250#chr8:144902090-144902108(-)	ZNF250	tf_targeting	-1.3542664	0.0057357117629871
ZNF251#chr8:144755402-144755420(-)	ZNF251	tf_targeting	-0.7965498	0.0845975063569834
ZNF251#chr8:144755414-144755432(+)	ZNF251	tf_targeting	-2.9578543	0.0022943780033904
ZNF251#chr8:144755420-144755438(-)	ZNF251	tf_targeting	-1.9686038	0.0422009820851423
ZNF251#chr8:144755425-144755443(+)	ZNF251	tf_targeting	-2.1583068	0.00028673454121
ZNF251#chr8:144755455-144755473(+)	ZNF251	tf_targeting	-1.8871015	1.5372706586151725e-06
ZNF251#chr8:144755485-144755503(-)	ZNF251	tf_targeting	-0.5104415	0.1764385972045372
ZNF253#chr19:19865898-19865916(+)	ZNF253	tf_targeting	-2.5118406	0.0092798343868324
ZNF253#chr19:19865907-19865925(-)	ZNF253	tf_targeting	-2.077284	0.00589588047956
ZNF253#chr19:19865912-19865930(+)	ZNF253	tf_targeting	-1.2076507	0.1573764865643499
ZNF253#chr19:19865935-19865953(+)	ZNF253	tf_targeting	-2.8604903	0.0068182830272683
ZNF253#chr19:19865964-19865982(-)	ZNF253	tf_targeting	-0.4496344	0.2897881438748862
ZNF253#chr19:19866107-19866125(-)	ZNF253	tf_targeting	-2.133926	0.0003023787716469
ZNF254#chr19:24087147-24087165(+)	ZNF254	tf_targeting	-0.053017937	0.87148564994639
ZNF254#chr19:24087161-24087179(+)	ZNF254	tf_targeting	-0.2763288	0.4949993257158828
ZNF254#chr19:24087164-24087182(+)	ZNF254	tf_targeting	-1.0907048	0.0382381456098349
ZNF254#chr19:24087210-24087228(-)	ZNF254	tf_targeting	-0.60382366	0.2648891893071359
ZNF254#chr19:24087217-24087235(-)	ZNF254	tf_targeting	-0.38112807	0.3740138201788634
ZNF254#chr19:24087439-24087457(-)	ZNF254	tf_targeting	-0.483615	0.1311212589754212
ZNF256#chr19:57947259-57947277(-)	ZNF256	tf_targeting		
ZNF256#chr19:57947425-57947443(+)	ZNF256	tf_targeting		
ZNF256#chr19:57947468-57947486(-)	ZNF256	tf_targeting		
ZNF256#chr19:57947678-57947696(+)	ZNF256	tf_targeting		
ZNF256#chr19:57947682-57947700(-)	ZNF256	tf_targeting		
ZNF256#chr19:57947685-57947703(-)	ZNF256	tf_targeting		
ZNF257#chr19:22052494-22052512(+)	ZNF257	tf_targeting		
ZNF257#chr19:22052507-22052525(-)	ZNF257	tf_targeting		
ZNF257#chr19:22052601-22052619(+)	ZNF257	tf_targeting		
ZNF257#chr19:22052736-22052754(-)	ZNF257	tf_targeting		
ZNF257#chr19:22052750-22052768(-)	ZNF257	tf_targeting		
ZNF257#chr19:22052775-22052793(-)	ZNF257	tf_targeting		
ZNF26#chr12:132986403-132986421(+)	ZNF26	tf_targeting		
ZNF26#chr12:132986408-132986426(+)	ZNF26	tf_targeting		
ZNF26#chr12:132986415-132986433(+)	ZNF26	tf_targeting		
ZNF26#chr12:132986429-132986447(-)	ZNF26	tf_targeting		
ZNF26#chr12:132986432-132986450(+)	ZNF26	tf_targeting		
ZNF26#chr12:132986452-132986470(-)	ZNF26	tf_targeting		
ZNF260#chr19:36528039-36528057(-)	ZNF260	tf_targeting	-2.0558374	0.0155262857340201
ZNF260#chr19:36528200-36528218(+)	ZNF260	tf_targeting	-0.042484883	0.961825789503318
ZNF260#chr19:36528219-36528237(+)	ZNF260	tf_targeting	-1.0110648	0.0747083241513086
ZNF260#chr19:36528282-36528300(+)	ZNF260	tf_targeting	-0.89800894	0.1679463090510836
ZNF260#chr19:36528445-36528463(-)	ZNF260	tf_targeting	-0.5912392	0.186003146486775
ZNF260#chr19:36528667-36528685(-)	ZNF260	tf_targeting	-0.8997107	0.0354400256616966
ZNF263#chr16:3263823-3263841(+)	ZNF263	tf_targeting		
ZNF263#chr16:3263827-3263845(+)	ZNF263	tf_targeting		
ZNF263#chr16:3264023-3264041(+)	ZNF263	tf_targeting		
ZNF263#chr16:3264039-3264057(+)	ZNF263	tf_targeting		
ZNF263#chr16:3264150-3264168(+)	ZNF263	tf_targeting		
ZNF263#chr16:3264195-3264213(+)	ZNF263	tf_targeting		
ZNF263#chr16:3283506-3283524(+)	ZNF263	tf_targeting		
ZNF263#chr16:3283523-3283541(+)	ZNF263	tf_targeting		
ZNF263#chr16:3283537-3283555(+)	ZNF263	tf_targeting		
ZNF263#chr16:3283549-3283567(-)	ZNF263	tf_targeting		
ZNF263#chr16:3283587-3283605(-)	ZNF263	tf_targeting		
ZNF263#chr16:3283906-3283924(-)	ZNF263	tf_targeting		
ZNF264#chr19:57191534-57191552(+)	ZNF264	tf_targeting		
ZNF264#chr19:57191539-57191557(-)	ZNF264	tf_targeting		
ZNF264#chr19:57191550-57191568(-)	ZNF264	tf_targeting		
ZNF264#chr19:57191572-57191590(+)	ZNF264	tf_targeting		
ZNF264#chr19:57191691-57191709(-)	ZNF264	tf_targeting		
ZNF264#chr19:57191695-57191713(+)	ZNF264	tf_targeting		
ZNF266#chr19:9435317-9435335(+)	ZNF266	tf_targeting		
ZNF266#chr19:9435409-9435427(+)	ZNF266	tf_targeting		
ZNF266#chr19:9435461-9435479(-)	ZNF266	tf_targeting		
ZNF266#chr19:9435478-9435496(-)	ZNF266	tf_targeting		
ZNF266#chr19:9435482-9435500(-)	ZNF266	tf_targeting		
ZNF266#chr19:9435516-9435534(+)	ZNF266	tf_targeting		
ZNF267#chr16:31873799-31873817(+)	ZNF267	tf_targeting		
ZNF267#chr16:31873808-31873826(-)	ZNF267	tf_targeting		
ZNF267#chr16:31873827-31873845(-)	ZNF267	tf_targeting		
ZNF267#chr16:31873832-31873850(-)	ZNF267	tf_targeting		
ZNF267#chr16:31873840-31873858(-)	ZNF267	tf_targeting		
ZNF267#chr16:31873896-31873914(-)	ZNF267	tf_targeting		
ZNF267#chr16:31884557-31884575(-)	ZNF267	tf_targeting		
ZNF267#chr16:31884564-31884582(+)	ZNF267	tf_targeting		
ZNF267#chr16:31884642-31884660(-)	ZNF267	tf_targeting		
ZNF267#chr16:31884690-31884708(-)	ZNF267	tf_targeting		
ZNF267#chr16:31884802-31884820(-)	ZNF267	tf_targeting		
ZNF267#chr16:31884963-31884981(-)	ZNF267	tf_targeting		
ZNF268#chr12:133181484-133181502(+)	ZNF268	tf_targeting		
ZNF268#chr12:133181509-133181527(-)	ZNF268	tf_targeting		
ZNF268#chr12:133181512-133181530(-)	ZNF268	tf_targeting		
ZNF268#chr12:133181525-133181543(-)	ZNF268	tf_targeting		
ZNF268#chr12:133181545-133181563(-)	ZNF268	tf_targeting		
ZNF268#chr12:133181564-133181582(-)	ZNF268	tf_targeting		
ZNF273#chr7:64882559-64882577(-)	ZNF273	tf_targeting		
ZNF273#chr7:64882572-64882590(+)	ZNF273	tf_targeting		
ZNF273#chr7:64882644-64882662(-)	ZNF273	tf_targeting		
ZNF273#chr7:64882650-64882668(+)	ZNF273	tf_targeting		
ZNF273#chr7:64882683-64882701(+)	ZNF273	tf_targeting		
ZNF273#chr7:64882953-64882971(-)	ZNF273	tf_targeting		
ZNF273#chr7:64903278-64903296(+)	ZNF273	tf_targeting		
ZNF273#chr7:64903505-64903523(-)	ZNF273	tf_targeting		
ZNF273#chr7:64903508-64903526(-)	ZNF273	tf_targeting		
ZNF273#chr7:64903529-64903547(-)	ZNF273	tf_targeting		
ZNF273#chr7:64903692-64903710(-)	ZNF273	tf_targeting		
ZNF273#chr7:64903712-64903730(+)	ZNF273	tf_targeting		
ZNF274#chr19:58183110-58183128(-)	ZNF274	tf_targeting	0.21905734	0.6163807307538085
ZNF274#chr19:58183125-58183143(-)	ZNF274	tf_targeting	-0.636052	0.2967876598709875
ZNF274#chr19:58183140-58183158(-)	ZNF274	tf_targeting	-0.04028325	0.893691536571906
ZNF274#chr19:58183182-58183200(-)	ZNF274	tf_targeting	-0.8732671	0.0283723853757268
ZNF274#chr19:58183301-58183319(-)	ZNF274	tf_targeting	-1.1355045	0.0136571915599338
ZNF274#chr19:58183411-58183429(+)	ZNF274	tf_targeting	-1.1934282	0.1252900473893314
ZNF275#chrX:153334160-153334178(+)	ZNF275	tf_targeting		
ZNF275#chrX:153334165-153334183(-)	ZNF275	tf_targeting		
ZNF275#chrX:153334171-153334189(+)	ZNF275	tf_targeting		
ZNF275#chrX:153334201-153334219(-)	ZNF275	tf_targeting		
ZNF275#chrX:153334336-153334354(+)	ZNF275	tf_targeting		
ZNF275#chrX:153334395-153334413(+)	ZNF275	tf_targeting		
ZNF276#chr16:89721558-89721576(+)	ZNF276	tf_targeting		
ZNF276#chr16:89721568-89721586(+)	ZNF276	tf_targeting		
ZNF276#chr16:89721577-89721595(+)	ZNF276	tf_targeting		
ZNF276#chr16:89721585-89721603(-)	ZNF276	tf_targeting		
ZNF276#chr16:89721613-89721631(-)	ZNF276	tf_targeting		
ZNF276#chr16:89721742-89721760(-)	ZNF276	tf_targeting		
ZNF277#chr7:112206713-112206731(-)	ZNF277	tf_targeting	-1.3090277	8.376586567586921e-05
ZNF277#chr7:112206730-112206748(-)	ZNF277	tf_targeting	-0.8723936	0.1267577553821718
ZNF277#chr7:112206736-112206754(-)	ZNF277	tf_targeting	-0.46396956	0.4939276177921732
ZNF277#chr7:112206751-112206769(+)	ZNF277	tf_targeting	-0.73096997	0.3619721050547949
ZNF277#chr7:112206772-112206790(+)	ZNF277	tf_targeting	-2.1678672	1.1381791278722406e-05
ZNF277#chr7:112206878-112206896(-)	ZNF277	tf_targeting	-0.017172867	0.9541004354657348
ZNF28#chr19:52821234-52821252(+)	ZNF28	tf_targeting		
ZNF28#chr19:52821335-52821353(+)	ZNF28	tf_targeting		
ZNF28#chr19:52821468-52821486(+)	ZNF28	tf_targeting		
ZNF28#chr19:52821489-52821507(+)	ZNF28	tf_targeting		
ZNF28#chr19:52821501-52821519(-)	ZNF28	tf_targeting		
ZNF28#chr19:52821595-52821613(-)	ZNF28	tf_targeting		
ZNF280B#chr22:22508407-22508425(+)	ZNF280B	tf_targeting		
ZNF280B#chr22:22508468-22508486(+)	ZNF280B	tf_targeting		
ZNF280B#chr22:22508661-22508679(-)	ZNF280B	tf_targeting		
ZNF280B#chr22:22508688-22508706(+)	ZNF280B	tf_targeting		
ZNF280B#chr22:22508691-22508709(+)	ZNF280B	tf_targeting		
ZNF280B#chr22:22508707-22508725(-)	ZNF280B	tf_targeting		
ZNF280C#chrX:130268724-130268742(-)	ZNF280C	tf_targeting		
ZNF280C#chrX:130268770-130268788(+)	ZNF280C	tf_targeting		
ZNF280C#chrX:130268787-130268805(+)	ZNF280C	tf_targeting		
ZNF280C#chrX:130268829-130268847(+)	ZNF280C	tf_targeting		
ZNF280C#chrX:130268859-130268877(+)	ZNF280C	tf_targeting		
ZNF280C#chrX:130268877-130268895(-)	ZNF280C	tf_targeting		
ZNF280D#chr15:56733236-56733254(-)	ZNF280D	tf_targeting	-0.981125	0.0014406765871453
ZNF280D#chr15:56733264-56733282(+)	ZNF280D	tf_targeting	-0.33913946	0.6181352047516478
ZNF280D#chr15:56733445-56733463(+)	ZNF280D	tf_targeting	-1.2867446	0.0265880817390968
ZNF280D#chr15:56733450-56733468(+)	ZNF280D	tf_targeting	-0.7094214	0.1944336650756813
ZNF280D#chr15:56733455-56733473(+)	ZNF280D	tf_targeting	-1.2612013	0.1746385006367237
ZNF280D#chr15:56733460-56733478(-)	ZNF280D	tf_targeting	-0.49794462	0.0236572016011633
ZNF281#chr1:200409523-200409541(+)	ZNF281	tf_targeting		
ZNF281#chr1:200409653-200409671(-)	ZNF281	tf_targeting		
ZNF281#chr1:200409665-200409683(-)	ZNF281	tf_targeting		
ZNF281#chr1:200409868-200409886(-)	ZNF281	tf_targeting		
ZNF281#chr1:200410027-200410045(-)	ZNF281	tf_targeting		
ZNF281#chr1:200410030-200410048(-)	ZNF281	tf_targeting		
ZNF282#chr7:149195553-149195571(+)	ZNF282	tf_targeting		
ZNF282#chr7:149195589-149195607(+)	ZNF282	tf_targeting		
ZNF282#chr7:149195686-149195704(-)	ZNF282	tf_targeting		
ZNF282#chr7:149195738-149195756(+)	ZNF282	tf_targeting		
ZNF282#chr7:149195859-149195877(-)	ZNF282	tf_targeting		
ZNF282#chr7:149195935-149195953(+)	ZNF282	tf_targeting		
ZNF283#chr19:43827376-43827394(+)	ZNF283	tf_targeting		
ZNF283#chr19:43827384-43827402(+)	ZNF283	tf_targeting		
ZNF283#chr19:43827410-43827428(-)	ZNF283	tf_targeting		
ZNF283#chr19:43827416-43827434(-)	ZNF283	tf_targeting		
ZNF283#chr19:43827423-43827441(-)	ZNF283	tf_targeting		
ZNF283#chr19:43827619-43827637(-)	ZNF283	tf_targeting		
ZNF284#chr19:44072127-44072145(+)	ZNF284	tf_targeting		
ZNF284#chr19:44072138-44072156(-)	ZNF284	tf_targeting		
ZNF284#chr19:44072150-44072168(+)	ZNF284	tf_targeting		
ZNF284#chr19:44072153-44072171(+)	ZNF284	tf_targeting		
ZNF284#chr19:44072193-44072211(-)	ZNF284	tf_targeting		
ZNF284#chr19:44072339-44072357(-)	ZNF284	tf_targeting		
ZNF285#chr19:44401379-44401397(-)	ZNF285	tf_targeting		
ZNF285#chr19:44401415-44401433(-)	ZNF285	tf_targeting		
ZNF285#chr19:44401525-44401543(+)	ZNF285	tf_targeting		
ZNF285#chr19:44401540-44401558(+)	ZNF285	tf_targeting		
ZNF285#chr19:44401570-44401588(-)	ZNF285	tf_targeting		
ZNF285#chr19:44401579-44401597(-)	ZNF285	tf_targeting		
ZNF286A#chr17:15699589-15699607(+)	ZNF286A	tf_targeting		
ZNF286A#chr17:15699598-15699616(-)	ZNF286A	tf_targeting		
ZNF286A#chr17:15699603-15699621(-)	ZNF286A	tf_targeting		
ZNF286A#chr17:15699608-15699626(-)	ZNF286A	tf_targeting		
ZNF286A#chr17:15699667-15699685(+)	ZNF286A	tf_targeting		
ZNF286A#chr17:15699676-15699694(-)	ZNF286A	tf_targeting		
ZNF286B#chr17:18681916-18681934(+)	ZNF286B	tf_targeting		
ZNF286B#chr17:18681929-18681947(-)	ZNF286B	tf_targeting		
ZNF286B#chr17:18681981-18681999(+)	ZNF286B	tf_targeting		
ZNF286B#chr17:18682149-18682167(-)	ZNF286B	tf_targeting		
ZNF286B#chr17:18682284-18682302(-)	ZNF286B	tf_targeting		
ZNF286B#chr17:18682287-18682305(+)	ZNF286B	tf_targeting		
ZNF287#chr17:16569036-16569054(+)	ZNF287	tf_targeting		
ZNF287#chr17:16569143-16569161(-)	ZNF287	tf_targeting		
ZNF287#chr17:16569146-16569164(+)	ZNF287	tf_targeting		
ZNF287#chr17:16569157-16569175(-)	ZNF287	tf_targeting		
ZNF287#chr17:16569184-16569202(-)	ZNF287	tf_targeting		
ZNF287#chr17:16569195-16569213(-)	ZNF287	tf_targeting		
ZNF292#chr6:87155556-87155574(+)	ZNF292	tf_targeting	-1.17632	3.009534745859236e-25
ZNF292#chr6:87155561-87155579(+)	ZNF292	tf_targeting	-2.781382	1.0706300918348477e-15
ZNF292#chr6:87155574-87155592(+)	ZNF292	tf_targeting	-1.9270508	7.657479359363473e-11
ZNF292#chr6:87155600-87155618(+)	ZNF292	tf_targeting	-2.930441	2.471233814962804e-27
ZNF292#chr6:87155620-87155638(+)	ZNF292	tf_targeting	-2.8192267	1.3620373452917428e-16
ZNF292#chr6:87155821-87155839(+)	ZNF292	tf_targeting	-2.2690933	1.5556015255730354e-22
ZNF296#chr19:45076421-45076439(+)	ZNF296	tf_targeting		
ZNF296#chr19:45076424-45076442(+)	ZNF296	tf_targeting		
ZNF296#chr19:45076461-45076479(+)	ZNF296	tf_targeting		
ZNF296#chr19:45076490-45076508(-)	ZNF296	tf_targeting		
ZNF296#chr19:45076493-45076511(-)	ZNF296	tf_targeting		
ZNF296#chr19:45076518-45076536(+)	ZNF296	tf_targeting		
ZNF3#chr7:100081668-100081686(+)	ZNF3	tf_targeting	0.064612195	0.8831222370656129
ZNF3#chr7:100081684-100081702(-)	ZNF3	tf_targeting	-0.6488904	0.1382132376660723
ZNF3#chr7:100081693-100081711(+)	ZNF3	tf_targeting	-1.1192837	0.0488322638071354
ZNF3#chr7:100081706-100081724(-)	ZNF3	tf_targeting	-1.5226234	0.0254247880842399
ZNF3#chr7:100081711-100081729(+)	ZNF3	tf_targeting	-0.53176796	0.3490251067044473
ZNF3#chr7:100081741-100081759(-)	ZNF3	tf_targeting	0.34135613	0.5221290892858905
ZNF30#chr19:34926908-34926926(+)	ZNF30	tf_targeting		
ZNF30#chr19:34926911-34926929(+)	ZNF30	tf_targeting		
ZNF30#chr19:34926919-34926937(+)	ZNF30	tf_targeting		
ZNF30#chr19:34926925-34926943(+)	ZNF30	tf_targeting		
ZNF30#chr19:34927013-34927031(-)	ZNF30	tf_targeting		
ZNF30#chr19:34927171-34927189(+)	ZNF30	tf_targeting		
ZNF300#chr5:150904662-150904680(-)	ZNF300	tf_targeting		
ZNF300#chr5:150904727-150904745(-)	ZNF300	tf_targeting		
ZNF300#chr5:150904878-150904896(+)	ZNF300	tf_targeting		
ZNF300#chr5:150904931-150904949(-)	ZNF300	tf_targeting		
ZNF300#chr5:150904957-150904975(-)	ZNF300	tf_targeting		
ZNF300#chr5:150904969-150904987(-)	ZNF300	tf_targeting		
ZNF302#chr19:34677704-34677722(+)	ZNF302	tf_targeting	-1.6567116	0.0002060073635711
ZNF302#chr19:34677714-34677732(+)	ZNF302	tf_targeting	-1.8046143	0.0009017658207673
ZNF302#chr19:34677738-34677756(+)	ZNF302	tf_targeting	-2.3387227	0.0072093915832388
ZNF302#chr19:34677763-34677781(-)	ZNF302	tf_targeting	-2.288506	0.0060416080470097
ZNF302#chr19:34677766-34677784(-)	ZNF302	tf_targeting	-2.1604369	3.213558939220407e-06
ZNF302#chr19:34677846-34677864(+)	ZNF302	tf_targeting	-1.7296233	7.283211206686996e-06
ZNF304#chr19:57351288-57351306(-)	ZNF304	tf_targeting		
ZNF304#chr19:57351291-57351309(+)	ZNF304	tf_targeting		
ZNF304#chr19:57351309-57351327(+)	ZNF304	tf_targeting		
ZNF304#chr19:57351314-57351332(+)	ZNF304	tf_targeting		
ZNF304#chr19:57351488-57351506(-)	ZNF304	tf_targeting		
ZNF304#chr19:57351530-57351548(-)	ZNF304	tf_targeting		
ZNF311#chr6:29005332-29005350(+)	ZNF311	tf_targeting		
ZNF311#chr6:29005335-29005353(+)	ZNF311	tf_targeting		
ZNF311#chr6:29005454-29005472(+)	ZNF311	tf_targeting		
ZNF311#chr6:29005471-29005489(-)	ZNF311	tf_targeting		
ZNF311#chr6:29005478-29005496(+)	ZNF311	tf_targeting		
ZNF311#chr6:29005575-29005593(-)	ZNF311	tf_targeting		
ZNF317#chr19:9140427-9140445(+)	ZNF317	tf_targeting		
ZNF317#chr19:9140433-9140451(+)	ZNF317	tf_targeting		
ZNF317#chr19:9140466-9140484(+)	ZNF317	tf_targeting		
ZNF317#chr19:9140483-9140501(-)	ZNF317	tf_targeting		
ZNF317#chr19:9140494-9140512(-)	ZNF317	tf_targeting		
ZNF317#chr19:9140559-9140577(-)	ZNF317	tf_targeting		
ZNF318#chr6:43369183-43369201(-)	ZNF318	tf_targeting	-2.254478	2.909886383809936e-09
ZNF318#chr6:43369212-43369230(+)	ZNF318	tf_targeting	-1.4908164	0.0001348396637084
ZNF318#chr6:43369384-43369402(+)	ZNF318	tf_targeting	-1.0806564	0.0203338512399161
ZNF318#chr6:43369387-43369405(+)	ZNF318	tf_targeting	-1.8634186	0.0154002477831072
ZNF318#chr6:43369402-43369420(+)	ZNF318	tf_targeting	-2.831508	1.9624551540458715e-06
ZNF318#chr6:43369407-43369425(+)	ZNF318	tf_targeting	-1.3156093	0.0940531191261693
ZNF319#chr16:57998407-57998425(+)	ZNF319	tf_targeting		
ZNF319#chr16:57998420-57998438(+)	ZNF319	tf_targeting		
ZNF319#chr16:57998433-57998451(+)	ZNF319	tf_targeting		
ZNF319#chr16:57998440-57998458(+)	ZNF319	tf_targeting		
ZNF319#chr16:57998450-57998468(-)	ZNF319	tf_targeting		
ZNF319#chr16:57998453-57998471(+)	ZNF319	tf_targeting		
ZNF319#chr16:57999336-57999354(-)	ZNF319	tf_targeting		
ZNF319#chr16:57999395-57999413(-)	ZNF319	tf_targeting		
ZNF319#chr16:57999412-57999430(-)	ZNF319	tf_targeting		
ZNF319#chr16:57999431-57999449(+)	ZNF319	tf_targeting		
ZNF319#chr16:57999643-57999661(-)	ZNF319	tf_targeting		
ZNF319#chr16:57999662-57999680(-)	ZNF319	tf_targeting		
ZNF32#chr10:43648759-43648777(-)	ZNF32	tf_targeting		
ZNF32#chr10:43648763-43648781(+)	ZNF32	tf_targeting		
ZNF32#chr10:43648770-43648788(+)	ZNF32	tf_targeting		
ZNF32#chr10:43648808-43648826(+)	ZNF32	tf_targeting		
ZNF32#chr10:43648812-43648830(+)	ZNF32	tf_targeting		
ZNF32#chr10:43648889-43648907(-)	ZNF32	tf_targeting		
ZNF320#chr19:52897306-52897324(+)	ZNF320	tf_targeting	-1.7999412	0.0012079905722377
ZNF320#chr19:52897382-52897400(+)	ZNF320	tf_targeting	-1.0578501	0.0730056437523908
ZNF320#chr19:52897591-52897609(+)	ZNF320	tf_targeting	-2.6564064	0.0015291249013651
ZNF320#chr19:52897595-52897613(-)	ZNF320	tf_targeting	-1.8791531	0.0058333119069298
ZNF320#chr19:52897597-52897615(+)	ZNF320	tf_targeting	-1.5100672	0.1615531995547
ZNF320#chr19:52897688-52897706(-)	ZNF320	tf_targeting	-1.1552778	0.0776162124669589
ZNF322#chr6:26659331-26659349(-)	ZNF322	tf_targeting		
ZNF322#chr6:26659382-26659400(-)	ZNF322	tf_targeting		
ZNF322#chr6:26659400-26659418(+)	ZNF322	tf_targeting		
ZNF322#chr6:26659424-26659442(+)	ZNF322	tf_targeting		
ZNF322#chr6:26659434-26659452(-)	ZNF322	tf_targeting		
ZNF322#chr6:26659746-26659764(-)	ZNF322	tf_targeting		
ZNF324#chr19:58467033-58467051(+)	ZNF324	tf_targeting		
ZNF324#chr19:58467114-58467132(+)	ZNF324	tf_targeting		
ZNF324#chr19:58467128-58467146(-)	ZNF324	tf_targeting		
ZNF324#chr19:58467130-58467148(+)	ZNF324	tf_targeting		
ZNF324#chr19:58467169-58467187(+)	ZNF324	tf_targeting		
ZNF324#chr19:58467554-58467572(-)	ZNF324	tf_targeting		
ZNF324B#chr19:58451623-58451641(+)	ZNF324B	tf_targeting		
ZNF324B#chr19:58451654-58451672(+)	ZNF324B	tf_targeting		
ZNF324B#chr19:58451684-58451702(+)	ZNF324B	tf_targeting		
ZNF324B#chr19:58451700-58451718(-)	ZNF324B	tf_targeting		
ZNF324B#chr19:58451857-58451875(-)	ZNF324B	tf_targeting		
ZNF324B#chr19:58452032-58452050(-)	ZNF324B	tf_targeting		
ZNF326#chr1:89995135-89995153(-)	ZNF326	tf_targeting	-2.6428573	9.975266915810231e-06
ZNF326#chr1:89995152-89995170(-)	ZNF326	tf_targeting	-2.3934374	3.1089290358281615e-05
ZNF326#chr1:89995158-89995176(+)	ZNF326	tf_targeting	-2.11802	3.4659090429422255e-10
ZNF326#chr1:89995167-89995185(+)	ZNF326	tf_targeting	-2.6975317	8.462223150817147e-05
ZNF326#chr1:89995259-89995277(-)	ZNF326	tf_targeting	-2.248134	2.870253619722077e-06
ZNF326#chr1:89995633-89995651(-)	ZNF326	tf_targeting	-1.4131454	0.0033896539499238
ZNF329#chr19:58150697-58150715(+)	ZNF329	tf_targeting		
ZNF329#chr19:58150714-58150732(+)	ZNF329	tf_targeting		
ZNF329#chr19:58150732-58150750(+)	ZNF329	tf_targeting		
ZNF329#chr19:58150736-58150754(+)	ZNF329	tf_targeting		
ZNF329#chr19:58150739-58150757(+)	ZNF329	tf_targeting		
ZNF329#chr19:58150746-58150764(+)	ZNF329	tf_targeting		
ZNF329#chr19:58155013-58155031(-)	ZNF329	tf_targeting		
ZNF329#chr19:58155026-58155044(+)	ZNF329	tf_targeting		
ZNF329#chr19:58155030-58155048(-)	ZNF329	tf_targeting		
ZNF329#chr19:58155063-58155081(+)	ZNF329	tf_targeting		
ZNF329#chr19:58155066-58155084(+)	ZNF329	tf_targeting		
ZNF329#chr19:58155094-58155112(-)	ZNF329	tf_targeting		
ZNF330#chr4:141220952-141220970(-)	ZNF330	tf_targeting	-1.4372108	0.0355908418407314
ZNF330#chr4:141220955-141220973(-)	ZNF330	tf_targeting	-1.2363684	0.1588594505465637
ZNF330#chr4:141220970-141220988(-)	ZNF330	tf_targeting	-2.9843235	0.000554492829002
ZNF330#chr4:141220978-141220996(-)	ZNF330	tf_targeting	-0.7425663	0.1960596763006149
ZNF330#chr4:141221114-141221132(+)	ZNF330	tf_targeting	-0.035131577	0.9658801169264812
ZNF330#chr4:141221180-141221198(-)	ZNF330	tf_targeting	0.12401397	0.8642718037915019
ZNF331#chr19:53538393-53538411(+)	ZNF331	tf_targeting	-0.04599206	0.9001283893481713
ZNF331#chr19:53538404-53538422(+)	ZNF331	tf_targeting	-1.0128021	5.7969557331168494e-05
ZNF331#chr19:53538440-53538458(+)	ZNF331	tf_targeting	-0.2696321	0.4252319837844528
ZNF331#chr19:53538443-53538461(+)	ZNF331	tf_targeting	-0.42460397	0.1111093262689475
ZNF331#chr19:53538455-53538473(+)	ZNF331	tf_targeting	-1.1780943	0.0582536836227848
ZNF331#chr19:53538495-53538513(+)	ZNF331	tf_targeting	-0.3346246	0.3774833834822273
ZNF331#chr19:53554801-53554819(+)	ZNF331	tf_targeting	0.24913216	0.668128679580205
ZNF331#chr19:53554837-53554855(+)	ZNF331	tf_targeting	-0.062217824	0.8911363591445151
ZNF331#chr19:53554843-53554861(-)	ZNF331	tf_targeting	-0.6156561	0.216397930428546
ZNF331#chr19:53554870-53554888(-)	ZNF331	tf_targeting	-1.2081126	0.0672384522259835
ZNF331#chr19:53554889-53554907(+)	ZNF331	tf_targeting	-0.016851852	0.9832781351707636
ZNF331#chr19:53554892-53554910(+)	ZNF331	tf_targeting	0.020031083	0.9591424134027186
ZNF333#chr19:14690103-14690121(+)	ZNF333	tf_targeting		
ZNF333#chr19:14690106-14690124(+)	ZNF333	tf_targeting		
ZNF333#chr19:14690118-14690136(+)	ZNF333	tf_targeting		
ZNF333#chr19:14690165-14690183(-)	ZNF333	tf_targeting		
ZNF333#chr19:14690279-14690297(+)	ZNF333	tf_targeting		
ZNF333#chr19:14690323-14690341(-)	ZNF333	tf_targeting		
ZNF334#chr20:46513299-46513317(-)	ZNF334	tf_targeting	-0.523938	0.4730438257382195
ZNF334#chr20:46513309-46513327(-)	ZNF334	tf_targeting	-2.5613537	0.0003237056833292
ZNF334#chr20:46513491-46513509(+)	ZNF334	tf_targeting	-1.0654404	0.1757377999129386
ZNF334#chr20:46513494-46513512(+)	ZNF334	tf_targeting	-1.5559791	0.0137263373170997
ZNF334#chr20:46513499-46513517(-)	ZNF334	tf_targeting	-2.229704	0.0010846107534195
ZNF334#chr20:46513511-46513529(+)	ZNF334	tf_targeting	-1.8495494	0.0069044129831414
ZNF335#chr20:45971950-45971968(+)	ZNF335	tf_targeting		
ZNF335#chr20:45972106-45972124(+)	ZNF335	tf_targeting		
ZNF335#chr20:45972140-45972158(-)	ZNF335	tf_targeting		
ZNF335#chr20:45972147-45972165(-)	ZNF335	tf_targeting		
ZNF335#chr20:45972158-45972176(-)	ZNF335	tf_targeting		
ZNF335#chr20:45972180-45972198(-)	ZNF335	tf_targeting		
ZNF337#chr20:25696742-25696760(+)	ZNF337	tf_targeting		
ZNF337#chr20:25696745-25696763(+)	ZNF337	tf_targeting		
ZNF337#chr20:25696762-25696780(+)	ZNF337	tf_targeting		
ZNF337#chr20:25696780-25696798(+)	ZNF337	tf_targeting		
ZNF337#chr20:25696783-25696801(+)	ZNF337	tf_targeting		
ZNF337#chr20:25696798-25696816(-)	ZNF337	tf_targeting		
ZNF33A#chr10:38010655-38010673(-)	ZNF33A	tf_targeting	-1.0608194	0.024851128435738
ZNF33A#chr10:38010777-38010795(+)	ZNF33A	tf_targeting	-0.49566522	0.430123073397696
ZNF33A#chr10:38010782-38010800(+)	ZNF33A	tf_targeting	-1.3912891	0.0783549072340545
ZNF33A#chr10:38010851-38010869(+)	ZNF33A	tf_targeting	-1.6540779	0.0131008602875032
ZNF33A#chr10:38010876-38010894(+)	ZNF33A	tf_targeting	-1.8745971	0.0007650946500552
ZNF33A#chr10:38010936-38010954(+)	ZNF33A	tf_targeting	-2.5736978	0.0007090750726805
ZNF33B#chr10:42638274-42638292(+)	ZNF33B	tf_targeting	-2.673959	1.3338300386515304e-05
ZNF33B#chr10:42638304-42638322(-)	ZNF33B	tf_targeting	-1.9134394	0.0003690083144292
ZNF33B#chr10:42638307-42638325(+)	ZNF33B	tf_targeting	-1.1355789	0.0142808227469615
ZNF33B#chr10:42638447-42638465(+)	ZNF33B	tf_targeting	-0.70865667	0.2022555048986108
ZNF33B#chr10:42638503-42638521(-)	ZNF33B	tf_targeting	-0.40861383	0.0994134765618358
ZNF33B#chr10:42638514-42638532(-)	ZNF33B	tf_targeting	-3.2201529	0.0006493902172239
ZNF34#chr8:144786891-144786909(+)	ZNF34	tf_targeting		
ZNF34#chr8:144787201-144787219(+)	ZNF34	tf_targeting		
ZNF34#chr8:144787260-144787278(-)	ZNF34	tf_targeting		
ZNF34#chr8:144787263-144787281(-)	ZNF34	tf_targeting		
ZNF34#chr8:144787289-144787307(-)	ZNF34	tf_targeting		
ZNF34#chr8:144787308-144787326(-)	ZNF34	tf_targeting		
ZNF341#chr20:33731978-33731996(+)	ZNF341	tf_targeting		
ZNF341#chr20:33731981-33731999(+)	ZNF341	tf_targeting		
ZNF341#chr20:33732004-33732022(+)	ZNF341	tf_targeting		
ZNF341#chr20:33732020-33732038(-)	ZNF341	tf_targeting		
ZNF341#chr20:33732042-33732060(+)	ZNF341	tf_targeting		
ZNF341#chr20:33732047-33732065(-)	ZNF341	tf_targeting		
ZNF341#chr20:33745173-33745191(+)	ZNF341	tf_targeting		
ZNF341#chr20:33745191-33745209(-)	ZNF341	tf_targeting		
ZNF341#chr20:33745202-33745220(-)	ZNF341	tf_targeting		
ZNF341#chr20:33745204-33745222(+)	ZNF341	tf_targeting		
ZNF341#chr20:33745232-33745250(-)	ZNF341	tf_targeting		
ZNF341#chr20:33745412-33745430(-)	ZNF341	tf_targeting		
ZNF343#chr20:2508666-2508684(+)	ZNF343	tf_targeting		
ZNF343#chr20:2508832-2508850(+)	ZNF343	tf_targeting		
ZNF343#chr20:2508883-2508901(-)	ZNF343	tf_targeting		
ZNF343#chr20:2508885-2508903(+)	ZNF343	tf_targeting		
ZNF343#chr20:2508897-2508915(-)	ZNF343	tf_targeting		
ZNF343#chr20:2508910-2508928(-)	ZNF343	tf_targeting		
ZNF345#chr19:36850897-36850915(+)	ZNF345	tf_targeting		
ZNF345#chr19:36850910-36850928(+)	ZNF345	tf_targeting		
ZNF345#chr19:36850925-36850943(+)	ZNF345	tf_targeting		
ZNF345#chr19:36850946-36850964(+)	ZNF345	tf_targeting		
ZNF345#chr19:36851095-36851113(+)	ZNF345	tf_targeting		
ZNF345#chr19:36851099-36851117(-)	ZNF345	tf_targeting		
ZNF346#chr5:177022688-177022706(+)	ZNF346	tf_targeting	-1.2191089	0.1733554674241261
ZNF346#chr5:177022699-177022717(+)	ZNF346	tf_targeting	-1.1051413	0.0157194688162134
ZNF346#chr5:177022720-177022738(-)	ZNF346	tf_targeting	-2.2260196	0.0164183392499531
ZNF346#chr5:177022742-177022760(+)	ZNF346	tf_targeting	-2.712858	6.283610800533828e-07
ZNF346#chr5:177022758-177022776(+)	ZNF346	tf_targeting	-2.8503294	9.395977337596646e-11
ZNF346#chr5:177022766-177022784(+)	ZNF346	tf_targeting	-1.2934927	2.0010865186278072e-05
ZNF347#chr19:53158931-53158949(+)	ZNF347	tf_targeting		
ZNF347#chr19:53158945-53158963(+)	ZNF347	tf_targeting		
ZNF347#chr19:53158953-53158971(+)	ZNF347	tf_targeting		
ZNF347#chr19:53158992-53159010(-)	ZNF347	tf_targeting		
ZNF347#chr19:53158996-53159014(+)	ZNF347	tf_targeting		
ZNF347#chr19:53159032-53159050(-)	ZNF347	tf_targeting		
ZNF35#chr3:44648704-44648722(+)	ZNF35	tf_targeting		
ZNF35#chr3:44648739-44648757(-)	ZNF35	tf_targeting		
ZNF35#chr3:44648754-44648772(+)	ZNF35	tf_targeting		
ZNF35#chr3:44648832-44648850(+)	ZNF35	tf_targeting		
ZNF35#chr3:44648947-44648965(-)	ZNF35	tf_targeting		
ZNF35#chr3:44649077-44649095(+)	ZNF35	tf_targeting		
ZNF350#chr19:51986552-51986570(+)	ZNF350	tf_targeting		
ZNF350#chr19:51986571-51986589(+)	ZNF350	tf_targeting		
ZNF350#chr19:51986610-51986628(-)	ZNF350	tf_targeting		
ZNF350#chr19:51986637-51986655(-)	ZNF350	tf_targeting		
ZNF350#chr19:51986777-51986795(+)	ZNF350	tf_targeting		
ZNF350#chr19:51986830-51986848(-)	ZNF350	tf_targeting		
ZNF354A#chr5:178730364-178730382(+)	ZNF354A	tf_targeting		
ZNF354A#chr5:178730586-178730604(+)	ZNF354A	tf_targeting		
ZNF354A#chr5:178730620-178730638(-)	ZNF354A	tf_targeting		
ZNF354A#chr5:178730641-178730659(+)	ZNF354A	tf_targeting		
ZNF354A#chr5:178730646-178730664(-)	ZNF354A	tf_targeting		
ZNF354A#chr5:178730649-178730667(-)	ZNF354A	tf_targeting		
ZNF354B#chr5:178859971-178859989(-)	ZNF354B	tf_targeting		
ZNF354B#chr5:178859994-178860012(+)	ZNF354B	tf_targeting		
ZNF354B#chr5:178860023-178860041(+)	ZNF354B	tf_targeting		
ZNF354B#chr5:178860026-178860044(+)	ZNF354B	tf_targeting		
ZNF354B#chr5:178860037-178860055(-)	ZNF354B	tf_targeting		
ZNF354B#chr5:178860041-178860059(+)	ZNF354B	tf_targeting		
ZNF354C#chr5:179060365-179060383(-)	ZNF354C	tf_targeting		
ZNF354C#chr5:179060403-179060421(+)	ZNF354C	tf_targeting		
ZNF354C#chr5:179060549-179060567(-)	ZNF354C	tf_targeting		
ZNF354C#chr5:179060573-179060591(-)	ZNF354C	tf_targeting		
ZNF354C#chr5:179060597-179060615(-)	ZNF354C	tf_targeting		
ZNF354C#chr5:179060889-179060907(+)	ZNF354C	tf_targeting		
ZNF358#chr19:7516069-7516087(+)	ZNF358	tf_targeting		
ZNF358#chr19:7516085-7516103(-)	ZNF358	tf_targeting		
ZNF358#chr19:7516105-7516123(-)	ZNF358	tf_targeting		
ZNF358#chr19:7516107-7516125(+)	ZNF358	tf_targeting		
ZNF358#chr19:7516350-7516368(-)	ZNF358	tf_targeting		
ZNF358#chr19:7516490-7516508(+)	ZNF358	tf_targeting		
ZNF358#chr19:7519936-7519954(+)	ZNF358	tf_targeting		
ZNF358#chr19:7519943-7519961(+)	ZNF358	tf_targeting		
ZNF358#chr19:7519948-7519966(+)	ZNF358	tf_targeting		
ZNF358#chr19:7519973-7519991(-)	ZNF358	tf_targeting		
ZNF358#chr19:7519992-7520010(-)	ZNF358	tf_targeting		
ZNF358#chr19:7520113-7520131(-)	ZNF358	tf_targeting		
ZNF362#chr1:33256472-33256490(-)	ZNF362	tf_targeting		
ZNF362#chr1:33256494-33256512(+)	ZNF362	tf_targeting		
ZNF362#chr1:33256498-33256516(+)	ZNF362	tf_targeting		
ZNF362#chr1:33256515-33256533(-)	ZNF362	tf_targeting		
ZNF362#chr1:33256536-33256554(-)	ZNF362	tf_targeting		
ZNF362#chr1:33256860-33256878(+)	ZNF362	tf_targeting		
ZNF365#chr10:62374398-62374416(-)	ZNF365	tf_targeting		
ZNF365#chr10:62374438-62374456(+)	ZNF365	tf_targeting		
ZNF365#chr10:62374445-62374463(+)	ZNF365	tf_targeting		
ZNF365#chr10:62374616-62374634(+)	ZNF365	tf_targeting		
ZNF365#chr10:62374622-62374640(-)	ZNF365	tf_targeting		
ZNF365#chr10:62374638-62374656(+)	ZNF365	tf_targeting		
ZNF366#chr5:72506901-72506919(+)	ZNF366	tf_targeting		
ZNF366#chr5:72507147-72507165(+)	ZNF366	tf_targeting		
ZNF366#chr5:72507190-72507208(-)	ZNF366	tf_targeting		
ZNF366#chr5:72507291-72507309(-)	ZNF366	tf_targeting		
ZNF366#chr5:72507341-72507359(+)	ZNF366	tf_targeting		
ZNF366#chr5:72507656-72507674(-)	ZNF366	tf_targeting		
ZNF367#chr9:96417943-96417961(+)	ZNF367	tf_targeting		
ZNF367#chr9:96418094-96418112(-)	ZNF367	tf_targeting		
ZNF367#chr9:96418289-96418307(+)	ZNF367	tf_targeting		
ZNF367#chr9:96418300-96418318(-)	ZNF367	tf_targeting		
ZNF367#chr9:96418304-96418322(+)	ZNF367	tf_targeting		
ZNF367#chr9:96418379-96418397(-)	ZNF367	tf_targeting		
ZNF37A#chr10:38094372-38094390(+)	ZNF37A	tf_targeting		
ZNF37A#chr10:38094378-38094396(-)	ZNF37A	tf_targeting		
ZNF37A#chr10:38094388-38094406(+)	ZNF37A	tf_targeting		
ZNF37A#chr10:38094405-38094423(-)	ZNF37A	tf_targeting		
ZNF37A#chr10:38094415-38094433(-)	ZNF37A	tf_targeting		
ZNF37A#chr10:38094425-38094443(+)	ZNF37A	tf_targeting		
ZNF382#chr19:36604949-36604967(+)	ZNF382	tf_targeting	-0.6385226	0.4552814805989919
ZNF382#chr19:36605310-36605328(+)	ZNF382	tf_targeting	-1.2855052	0.0039596639032598
ZNF382#chr19:36605317-36605335(+)	ZNF382	tf_targeting	-2.1081605	0.0009197200811946
ZNF382#chr19:36605500-36605518(-)	ZNF382	tf_targeting	-0.84491515	0.0712832894903397
ZNF382#chr19:36605562-36605580(-)	ZNF382	tf_targeting	-1.8949211	7.617160597288453e-06
ZNF382#chr19:36605677-36605695(+)	ZNF382	tf_targeting	-1.6578525	3.8522285460802486e-05
ZNF383#chr19:37218157-37218175(+)	ZNF383	tf_targeting		
ZNF383#chr19:37218201-37218219(+)	ZNF383	tf_targeting		
ZNF383#chr19:37218213-37218231(+)	ZNF383	tf_targeting		
ZNF383#chr19:37218226-37218244(+)	ZNF383	tf_targeting		
ZNF383#chr19:37218245-37218263(-)	ZNF383	tf_targeting		
ZNF383#chr19:37218443-37218461(-)	ZNF383	tf_targeting		
ZNF384#chr12:6689064-6689082(+)	ZNF384	tf_targeting		
ZNF384#chr12:6689079-6689097(+)	ZNF384	tf_targeting		
ZNF384#chr12:6689083-6689101(+)	ZNF384	tf_targeting		
ZNF384#chr12:6689189-6689207(+)	ZNF384	tf_targeting		
ZNF384#chr12:6689207-6689225(+)	ZNF384	tf_targeting		
ZNF384#chr12:6689451-6689469(+)	ZNF384	tf_targeting		
ZNF385A#chr12:54384435-54384453(+)	ZNF385A	tf_targeting		
ZNF385A#chr12:54384460-54384478(+)	ZNF385A	tf_targeting		
ZNF385A#chr12:54384487-54384505(+)	ZNF385A	tf_targeting		
ZNF385A#chr12:54384502-54384520(+)	ZNF385A	tf_targeting		
ZNF385A#chr12:54384634-54384652(-)	ZNF385A	tf_targeting		
ZNF385A#chr12:54384678-54384696(-)	ZNF385A	tf_targeting		
ZNF385A#chr12:54391127-54391145(+)	ZNF385A	tf_targeting		
ZNF385A#chr12:54391140-54391158(+)	ZNF385A	tf_targeting		
ZNF385A#chr12:54391264-54391282(-)	ZNF385A	tf_targeting		
ZNF385A#chr12:54391273-54391291(-)	ZNF385A	tf_targeting		
ZNF385A#chr12:54391287-54391305(-)	ZNF385A	tf_targeting		
ZNF385A#chr12:54391295-54391313(-)	ZNF385A	tf_targeting		
ZNF385B#chr2:179861183-179861201(+)	ZNF385B	tf_targeting	0.20919475	0.6958308059150902
ZNF385B#chr2:179861314-179861332(-)	ZNF385B	tf_targeting	-0.54376453	0.2142939708523984
ZNF385B#chr2:179861326-179861344(-)	ZNF385B	tf_targeting	0.16482489	0.6254946320971035
ZNF385B#chr2:179861508-179861526(-)	ZNF385B	tf_targeting	-0.63510877	0.0245474451406403
ZNF385B#chr2:179861517-179861535(+)	ZNF385B	tf_targeting	-0.09221736	0.6651145156235718
ZNF385B#chr2:179861541-179861559(+)	ZNF385B	tf_targeting	-0.6655582	0.1022431215209599
ZNF385C#chr17:42062943-42062961(-)	ZNF385C	tf_targeting		
ZNF385C#chr17:42062957-42062975(+)	ZNF385C	tf_targeting		
ZNF385C#chr17:42062982-42063000(-)	ZNF385C	tf_targeting		
ZNF385C#chr17:42062989-42063007(+)	ZNF385C	tf_targeting		
ZNF385C#chr17:42063020-42063038(-)	ZNF385C	tf_targeting		
ZNF385C#chr17:42063054-42063072(+)	ZNF385C	tf_targeting		
ZNF385D#chr3:21751092-21751110(+)	ZNF385D	tf_targeting		
ZNF385D#chr3:21751150-21751168(-)	ZNF385D	tf_targeting		
ZNF385D#chr3:21751155-21751173(-)	ZNF385D	tf_targeting		
ZNF385D#chr3:21751167-21751185(-)	ZNF385D	tf_targeting		
ZNF385D#chr3:21751173-21751191(-)	ZNF385D	tf_targeting		
ZNF385D#chr3:21751176-21751194(-)	ZNF385D	tf_targeting		
ZNF391#chr6:27388991-27389009(+)	ZNF391	tf_targeting		
ZNF391#chr6:27389002-27389020(+)	ZNF391	tf_targeting		
ZNF391#chr6:27389009-27389027(-)	ZNF391	tf_targeting		
ZNF391#chr6:27389041-27389059(+)	ZNF391	tf_targeting		
ZNF391#chr6:27389059-27389077(+)	ZNF391	tf_targeting		
ZNF391#chr6:27389165-27389183(+)	ZNF391	tf_targeting		
ZNF394#chr7:99499856-99499874(-)	ZNF394	tf_targeting		
ZNF394#chr7:99499871-99499889(-)	ZNF394	tf_targeting		
ZNF394#chr7:99499874-99499892(-)	ZNF394	tf_targeting		
ZNF394#chr7:99500221-99500239(-)	ZNF394	tf_targeting		
ZNF394#chr7:99500240-99500258(-)	ZNF394	tf_targeting		
ZNF394#chr7:99500253-99500271(-)	ZNF394	tf_targeting		
ZNF395#chr8:28385780-28385798(+)	ZNF395	tf_targeting		
ZNF395#chr8:28385983-28386001(-)	ZNF395	tf_targeting		
ZNF395#chr8:28386146-28386164(+)	ZNF395	tf_targeting		
ZNF395#chr8:28386152-28386170(-)	ZNF395	tf_targeting		
ZNF395#chr8:28386156-28386174(-)	ZNF395	tf_targeting		
ZNF395#chr8:28386197-28386215(-)	ZNF395	tf_targeting		
ZNF396#chr18:35377057-35377075(+)	ZNF396	tf_targeting		
ZNF396#chr18:35377080-35377098(+)	ZNF396	tf_targeting		
ZNF396#chr18:35377243-35377261(+)	ZNF396	tf_targeting		
ZNF396#chr18:35377268-35377286(-)	ZNF396	tf_targeting		
ZNF396#chr18:35377274-35377292(+)	ZNF396	tf_targeting		
ZNF396#chr18:35377285-35377303(+)	ZNF396	tf_targeting		
ZNF397#chr18:35241100-35241118(-)	ZNF397	tf_targeting	-0.6190495	0.4379478065873485
ZNF397#chr18:35241102-35241120(+)	ZNF397	tf_targeting	-1.9487668	0.0579517655239066
ZNF397#chr18:35241116-35241134(+)	ZNF397	tf_targeting	-0.9941313	0.2118911284372933
ZNF397#chr18:35241120-35241138(+)	ZNF397	tf_targeting	-0.06004513	0.9469723787774198
ZNF397#chr18:35241235-35241253(+)	ZNF397	tf_targeting	-1.6293408	0.0735766121064465
ZNF397#chr18:35241238-35241256(+)	ZNF397	tf_targeting	-1.5032485	0.0296500325642852
ZNF398#chr7:149147464-149147482(+)	ZNF398	tf_targeting	-1.3015957	0.1666437004746839
ZNF398#chr7:149147489-149147507(-)	ZNF398	tf_targeting	-1.8654963	0.0004003838236689
ZNF398#chr7:149147518-149147536(-)	ZNF398	tf_targeting	-1.0605316	0.0082656601539992
ZNF398#chr7:149147526-149147544(-)	ZNF398	tf_targeting	-2.471924	0.0072520145611679
ZNF398#chr7:149147561-149147579(-)	ZNF398	tf_targeting	-0.8652963	0.0016575417796237
ZNF398#chr7:149147636-149147654(+)	ZNF398	tf_targeting	0.2835832	0.7392233708072389
ZNF407#chr18:74631035-74631053(+)	ZNF407	tf_targeting	0.16103248	0.5714114564112726
ZNF407#chr18:74631100-74631118(+)	ZNF407	tf_targeting	-0.7562687	0.0835047456828801
ZNF407#chr18:74631105-74631123(-)	ZNF407	tf_targeting	0.3903713	0.1721356171323814
ZNF407#chr18:74631239-74631257(+)	ZNF407	tf_targeting	-0.12810129	0.7052242952098811
ZNF407#chr18:74631369-74631387(+)	ZNF407	tf_targeting	0.34427512	0.1321059807327731
ZNF407#chr18:74631498-74631516(-)	ZNF407	tf_targeting	-0.10953365	0.7604962333059848
ZNF408#chr11:46701025-46701043(+)	ZNF408	tf_targeting		
ZNF408#chr11:46701033-46701051(+)	ZNF408	tf_targeting		
ZNF408#chr11:46701036-46701054(+)	ZNF408	tf_targeting		
ZNF408#chr11:46701039-46701057(+)	ZNF408	tf_targeting		
ZNF408#chr11:46701079-46701097(+)	ZNF408	tf_targeting		
ZNF408#chr11:46701273-46701291(-)	ZNF408	tf_targeting		
ZNF41#chrX:47482683-47482701(+)	ZNF41	tf_targeting		
ZNF41#chrX:47482836-47482854(-)	ZNF41	tf_targeting		
ZNF41#chrX:47482931-47482949(-)	ZNF41	tf_targeting		
ZNF41#chrX:47483173-47483191(-)	ZNF41	tf_targeting		
ZNF41#chrX:47483178-47483196(-)	ZNF41	tf_targeting		
ZNF41#chrX:47483190-47483208(-)	ZNF41	tf_targeting		
ZNF410#chr14:73886822-73886840(+)	ZNF410	tf_targeting		
ZNF410#chr14:73886869-73886887(+)	ZNF410	tf_targeting		
ZNF410#chr14:73886873-73886891(+)	ZNF410	tf_targeting		
ZNF410#chr14:73886883-73886901(-)	ZNF410	tf_targeting		
ZNF410#chr14:73886945-73886963(-)	ZNF410	tf_targeting		
ZNF410#chr14:73886966-73886984(+)	ZNF410	tf_targeting		
ZNF414#chr19:8513907-8513925(+)	ZNF414	tf_targeting	-1.1315811	0.1328589357307657
ZNF414#chr19:8513910-8513928(+)	ZNF414	tf_targeting	-1.0197535	0.0953591686694502
ZNF414#chr19:8514081-8514099(+)	ZNF414	tf_targeting	-0.99916416	0.0315078862866783
ZNF414#chr19:8514095-8514113(+)	ZNF414	tf_targeting	0.0618373	0.9476581638796407
ZNF414#chr19:8514109-8514127(-)	ZNF414	tf_targeting	-0.9517746	0.0714892950952717
ZNF414#chr19:8514155-8514173(-)	ZNF414	tf_targeting	-0.42873886	0.4346896818910903
ZNF415#chr19:53132436-53132454(+)	ZNF415	tf_targeting	-0.49504372	0.426192561030988
ZNF415#chr19:53132779-53132797(+)	ZNF415	tf_targeting	-0.73545295	0.1084235923653855
ZNF415#chr19:53132825-53132843(+)	ZNF415	tf_targeting	-1.1412635	0.1167584499845619
ZNF415#chr19:53132867-53132885(-)	ZNF415	tf_targeting	-0.22152887	0.8034628861187164
ZNF415#chr19:53132873-53132891(-)	ZNF415	tf_targeting	-2.484804	0.0314620648681891
ZNF415#chr19:53132879-53132897(-)	ZNF415	tf_targeting	-1.0035474	0.0501534447623245
ZNF416#chr19:57578811-57578829(+)	ZNF416	tf_targeting		
ZNF416#chr19:57578816-57578834(-)	ZNF416	tf_targeting		
ZNF416#chr19:57578829-57578847(+)	ZNF416	tf_targeting		
ZNF416#chr19:57578832-57578850(+)	ZNF416	tf_targeting		
ZNF416#chr19:57578844-57578862(+)	ZNF416	tf_targeting		
ZNF416#chr19:57578879-57578897(-)	ZNF416	tf_targeting		
ZNF417#chr19:57916103-57916121(-)	ZNF417	tf_targeting		
ZNF417#chr19:57916208-57916226(+)	ZNF417	tf_targeting		
ZNF417#chr19:57916381-57916399(-)	ZNF417	tf_targeting		
ZNF417#chr19:57916524-57916542(+)	ZNF417	tf_targeting		
ZNF417#chr19:57916569-57916587(-)	ZNF417	tf_targeting		
ZNF418#chr19:57935104-57935122(+)	ZNF418	tf_targeting		
ZNF418#chr19:57935110-57935128(+)	ZNF418	tf_targeting		
ZNF418#chr19:57935248-57935266(-)	ZNF418	tf_targeting		
ZNF418#chr19:57935303-57935321(-)	ZNF418	tf_targeting		
ZNF418#chr19:57935315-57935333(-)	ZNF418	tf_targeting		
ZNF418#chr19:57935330-57935348(-)	ZNF418	tf_targeting		
ZNF419#chr19:57487784-57487802(-)	ZNF419	tf_targeting		
ZNF419#chr19:57487787-57487805(+)	ZNF419	tf_targeting		
ZNF419#chr19:57487804-57487822(+)	ZNF419	tf_targeting		
ZNF419#chr19:57487809-57487827(+)	ZNF419	tf_targeting		
ZNF419#chr19:57487812-57487830(+)	ZNF419	tf_targeting		
ZNF419#chr19:57487927-57487945(-)	ZNF419	tf_targeting		
ZNF420#chr19:37078434-37078452(+)	ZNF420	tf_targeting		
ZNF420#chr19:37078441-37078459(+)	ZNF420	tf_targeting		
ZNF420#chr19:37078456-37078474(+)	ZNF420	tf_targeting		
ZNF420#chr19:37078479-37078497(+)	ZNF420	tf_targeting		
ZNF420#chr19:37078499-37078517(+)	ZNF420	tf_targeting		
ZNF420#chr19:37078525-37078543(+)	ZNF420	tf_targeting		
ZNF423#chr16:49822528-49822546(-)	ZNF423	tf_targeting	-0.03525169	0.9486528089193024
ZNF423#chr16:49822546-49822564(+)	ZNF423	tf_targeting	-0.44051915	0.2975448654534917
ZNF423#chr16:49822664-49822682(-)	ZNF423	tf_targeting	0.12723838	0.7451752378559948
ZNF423#chr16:49822674-49822692(-)	ZNF423	tf_targeting	-0.19450958	0.4864256350838822
ZNF423#chr16:49822709-49822727(+)	ZNF423	tf_targeting	-0.048620693	0.8913391298476226
ZNF423#chr16:49822729-49822747(-)	ZNF423	tf_targeting	-0.06651987	0.8330899623379131
ZNF423#chr16:49826915-49826933(+)	ZNF423	tf_targeting	-0.14410959	0.6476358126021595
ZNF423#chr16:49826943-49826961(-)	ZNF423	tf_targeting	0.08442753	0.7061617049848128
ZNF423#chr16:49826949-49826967(+)	ZNF423	tf_targeting	-0.14491197	0.7012046241732017
ZNF423#chr16:49826957-49826975(-)	ZNF423	tf_targeting	0.07002031	0.797671888859202
ZNF423#chr16:49826962-49826980(+)	ZNF423	tf_targeting	0.020962281	0.9393678694265832
ZNF423#chr16:49826975-49826993(-)	ZNF423	tf_targeting	-0.2776363	0.2427208506355747
ZNF425#chr7:149126112-149126130(-)	ZNF425	tf_targeting		
ZNF425#chr7:149126224-149126242(-)	ZNF425	tf_targeting		
ZNF425#chr7:149126270-149126288(-)	ZNF425	tf_targeting		
ZNF425#chr7:149126274-149126292(-)	ZNF425	tf_targeting		
ZNF425#chr7:149126281-149126299(-)	ZNF425	tf_targeting		
ZNF425#chr7:149126286-149126304(+)	ZNF425	tf_targeting		
ZNF426#chr19:9538448-9538466(+)	ZNF426	tf_targeting	-2.7930312	9.036616780418967e-05
ZNF426#chr19:9538558-9538576(+)	ZNF426	tf_targeting	-1.9455849	0.012232098650522
ZNF426#chr19:9538565-9538583(-)	ZNF426	tf_targeting	-2.189697	0.0061759172218771
ZNF426#chr19:9538577-9538595(-)	ZNF426	tf_targeting	-0.85456055	0.2172149487612044
ZNF426#chr19:9538583-9538601(-)	ZNF426	tf_targeting	-2.1318269	0.0255777302461467
ZNF426#chr19:9538629-9538647(+)	ZNF426	tf_targeting	-0.1651143	0.7301786812876683
ZNF428#chr19:43619333-43619351(-)	ZNF428	tf_targeting	-2.606236	2.619935547663076e-09
ZNF428#chr19:43619435-43619453(-)	ZNF428	tf_targeting	-2.4749334	5.245907641565374e-09
ZNF428#chr19:43619571-43619589(+)	ZNF428	tf_targeting	-2.208365	5.0861536273056715e-11
ZNF428#chr19:43619606-43619624(-)	ZNF428	tf_targeting	-0.6504115	0.4722268293290987
ZNF428#chr19:43619611-43619629(-)	ZNF428	tf_targeting	-2.207155	1.299054297719912e-13
ZNF428#chr19:43619616-43619634(+)	ZNF428	tf_targeting	-0.79402393	0.1339061772556025
ZNF429#chr19:21505584-21505602(+)	ZNF429	tf_targeting	-1.1192337	0.21308999669618
ZNF429#chr19:21505598-21505616(+)	ZNF429	tf_targeting	-2.0945125	0.0386806406979759
ZNF429#chr19:21505680-21505698(-)	ZNF429	tf_targeting	-1.5873455	0.0193588651699821
ZNF429#chr19:21505817-21505835(+)	ZNF429	tf_targeting	-1.3938264	0.029488873046172
ZNF429#chr19:21505829-21505847(-)	ZNF429	tf_targeting	-1.4837455	0.0579485818567736
ZNF429#chr19:21505982-21506000(-)	ZNF429	tf_targeting	-1.3538266	0.017744446214857
ZNF43#chr19:21835749-21835767(+)	ZNF43	tf_targeting	-0.6961917	0.1321162462324427
ZNF43#chr19:21835765-21835783(+)	ZNF43	tf_targeting	-1.4412708	0.0040270346118237
ZNF43#chr19:21835798-21835816(-)	ZNF43	tf_targeting	-1.9666288	0.002453411684823
ZNF43#chr19:21835820-21835838(-)	ZNF43	tf_targeting	-0.80510074	0.1256188525520969
ZNF43#chr19:21835941-21835959(+)	ZNF43	tf_targeting	-0.8797298	0.0001911809735379
ZNF43#chr19:21835983-21836001(-)	ZNF43	tf_targeting	-0.81896424	0.158096890345403
ZNF43#chr19:21851980-21851998(+)	ZNF43	tf_targeting	-0.9357963	0.0001103151302621
ZNF43#chr19:21851993-21852011(+)	ZNF43	tf_targeting	-2.0559978	0.0232047763519218
ZNF43#chr19:21852002-21852020(+)	ZNF43	tf_targeting	-1.2092508	0.0400768365841625
ZNF43#chr19:21852013-21852031(+)	ZNF43	tf_targeting	-0.7280338	0.0684445812443854
ZNF43#chr19:21852033-21852051(+)	ZNF43	tf_targeting	-2.4469943	0.0010679711089289
ZNF43#chr19:21852044-21852062(-)	ZNF43	tf_targeting	-1.1094453	0.2145465824835548
ZNF430#chr19:21020649-21020667(+)	ZNF430	tf_targeting		
ZNF430#chr19:21020662-21020680(-)	ZNF430	tf_targeting		
ZNF430#chr19:21020836-21020854(+)	ZNF430	tf_targeting		
ZNF430#chr19:21020839-21020857(+)	ZNF430	tf_targeting		
ZNF430#chr19:21021092-21021110(+)	ZNF430	tf_targeting		
ZNF430#chr19:21021105-21021123(+)	ZNF430	tf_targeting		
ZNF431#chr19:21142065-21142083(-)	ZNF431	tf_targeting	-0.3747247	0.6419348314050793
ZNF431#chr19:21142075-21142093(-)	ZNF431	tf_targeting	-1.6156907	0.0552772547881012
ZNF431#chr19:21142097-21142115(+)	ZNF431	tf_targeting	-3.153805	0.0019926649989454
ZNF431#chr19:21142108-21142126(-)	ZNF431	tf_targeting	-1.8795564	0.0013528130820915
ZNF431#chr19:21142347-21142365(+)	ZNF431	tf_targeting	-2.0946717	0.0002515605186386
ZNF431#chr19:21142494-21142512(+)	ZNF431	tf_targeting	-2.6472735	0.0011496982907279
ZNF432#chr19:52048539-52048557(-)	ZNF432	tf_targeting		
ZNF432#chr19:52048645-52048663(-)	ZNF432	tf_targeting		
ZNF432#chr19:52048662-52048680(-)	ZNF432	tf_targeting		
ZNF432#chr19:52048685-52048703(-)	ZNF432	tf_targeting		
ZNF432#chr19:52048746-52048764(-)	ZNF432	tf_targeting		
ZNF432#chr19:52048816-52048834(-)	ZNF432	tf_targeting		
ZNF433#chr19:12035582-12035600(+)	ZNF433	tf_targeting		
ZNF433#chr19:12035646-12035664(-)	ZNF433	tf_targeting		
ZNF433#chr19:12035661-12035679(-)	ZNF433	tf_targeting		
ZNF433#chr19:12035678-12035696(-)	ZNF433	tf_targeting		
ZNF433#chr19:12035699-12035717(-)	ZNF433	tf_targeting		
ZNF433#chr19:12035703-12035721(-)	ZNF433	tf_targeting		
ZNF436#chr1:23368188-23368206(-)	ZNF436	tf_targeting		
ZNF436#chr1:23368241-23368259(+)	ZNF436	tf_targeting		
ZNF436#chr1:23368253-23368271(+)	ZNF436	tf_targeting		
ZNF436#chr1:23368272-23368290(-)	ZNF436	tf_targeting		
ZNF436#chr1:23368294-23368312(-)	ZNF436	tf_targeting		
ZNF436#chr1:23368298-23368316(+)	ZNF436	tf_targeting		
ZNF436#chr1:23369540-23369558(+)	ZNF436	tf_targeting		
ZNF436#chr1:23369609-23369627(+)	ZNF436	tf_targeting		
ZNF436#chr1:23369631-23369649(+)	ZNF436	tf_targeting		
ZNF436#chr1:23369740-23369758(+)	ZNF436	tf_targeting		
ZNF436#chr1:23369778-23369796(+)	ZNF436	tf_targeting		
ZNF436#chr1:23369812-23369830(+)	ZNF436	tf_targeting		
ZNF438#chr10:30999302-30999320(-)	ZNF438	tf_targeting	-0.122375265	0.6986474187495941
ZNF438#chr10:30999304-30999322(+)	ZNF438	tf_targeting	-0.17806272	0.6931169004992153
ZNF438#chr10:30999322-30999340(+)	ZNF438	tf_targeting	-0.6576093	0.3864917055818294
ZNF438#chr10:30999396-30999414(-)	ZNF438	tf_targeting	-0.4465075	0.3618398539871
ZNF438#chr10:30999439-30999457(-)	ZNF438	tf_targeting	0.72463137	0.0779869248178489
ZNF438#chr10:30999444-30999462(-)	ZNF438	tf_targeting	-0.3372033	0.4046973436425849
ZNF438#chr10:31031657-31031675(-)	ZNF438	tf_targeting	-2.1324737	0.027142115922882
ZNF438#chr10:31031822-31031840(-)	ZNF438	tf_targeting	-1.2899001	0.0122693176325499
ZNF438#chr10:31031841-31031859(+)	ZNF438	tf_targeting	-0.9585312	0.1009066342636941
ZNF438#chr10:31031855-31031873(+)	ZNF438	tf_targeting	-0.7821563	0.1746718846171165
ZNF438#chr10:31031869-31031887(+)	ZNF438	tf_targeting	-2.5079448	2.054542783902928e-06
ZNF438#chr10:31031872-31031890(+)	ZNF438	tf_targeting	-1.7995298	0.0004978364678312
ZNF439#chr19:11848723-11848741(+)	ZNF439	tf_targeting		
ZNF439#chr19:11848765-11848783(-)	ZNF439	tf_targeting		
ZNF439#chr19:11848767-11848785(+)	ZNF439	tf_targeting		
ZNF439#chr19:11848771-11848789(-)	ZNF439	tf_targeting		
ZNF439#chr19:11848840-11848858(-)	ZNF439	tf_targeting		
ZNF439#chr19:11848976-11848994(-)	ZNF439	tf_targeting		
ZNF44#chr19:12294725-12294743(+)	ZNF44	tf_targeting	-1.0299554	0.0349771747679366
ZNF44#chr19:12294733-12294751(-)	ZNF44	tf_targeting	-0.5335782	0.1147042359008832
ZNF44#chr19:12294767-12294785(-)	ZNF44	tf_targeting	-1.658	5.873137240489465e-12
ZNF44#chr19:12294785-12294803(+)	ZNF44	tf_targeting	-1.1841819	0.0076240653880965
ZNF44#chr19:12294793-12294811(+)	ZNF44	tf_targeting	-1.5955131	0.0012449288350691
ZNF44#chr19:12294862-12294880(-)	ZNF44	tf_targeting	-0.5130427	0.1760839959289012
ZNF440#chr19:11814281-11814299(-)	ZNF440	tf_targeting		
ZNF440#chr19:11814285-11814303(-)	ZNF440	tf_targeting		
ZNF440#chr19:11814290-11814308(-)	ZNF440	tf_targeting		
ZNF440#chr19:11814294-11814312(+)	ZNF440	tf_targeting		
ZNF440#chr19:11814301-11814319(+)	ZNF440	tf_targeting		
ZNF440#chr19:11814359-11814377(-)	ZNF440	tf_targeting		
ZNF441#chr19:11767003-11767021(+)	ZNF441	tf_targeting		
ZNF441#chr19:11767007-11767025(+)	ZNF441	tf_targeting		
ZNF441#chr19:11767070-11767088(-)	ZNF441	tf_targeting		
ZNF441#chr19:11767226-11767244(+)	ZNF441	tf_targeting		
ZNF441#chr19:11767318-11767336(-)	ZNF441	tf_targeting		
ZNF441#chr19:11767403-11767421(+)	ZNF441	tf_targeting		
ZNF442#chr19:12365551-12365569(+)	ZNF442	tf_targeting		
ZNF442#chr19:12365568-12365586(-)	ZNF442	tf_targeting		
ZNF442#chr19:12365571-12365589(+)	ZNF442	tf_targeting		
ZNF442#chr19:12365580-12365598(-)	ZNF442	tf_targeting		
ZNF442#chr19:12365586-12365604(-)	ZNF442	tf_targeting		
ZNF442#chr19:12365648-12365666(+)	ZNF442	tf_targeting		
ZNF443#chr19:12440937-12440955(-)	ZNF443	tf_targeting		
ZNF443#chr19:12440944-12440962(-)	ZNF443	tf_targeting		
ZNF443#chr19:12440948-12440966(-)	ZNF443	tf_targeting		
ZNF443#chr19:12440964-12440982(-)	ZNF443	tf_targeting		
ZNF443#chr19:12440980-12440998(-)	ZNF443	tf_targeting		
ZNF443#chr19:12440985-12441003(+)	ZNF443	tf_targeting		
ZNF444#chr19:56141306-56141324(+)	ZNF444	tf_targeting	0.09347844	0.9173781839323888
ZNF444#chr19:56141347-56141365(+)	ZNF444	tf_targeting	-1.335997	0.0827754335863392
ZNF444#chr19:56141409-56141427(+)	ZNF444	tf_targeting	-1.5439545	0.0063371754189888
ZNF444#chr19:56141446-56141464(+)	ZNF444	tf_targeting	0.010316465	0.9859872176943706
ZNF444#chr19:56141514-56141532(+)	ZNF444	tf_targeting	-1.932757	0.033669535360013
ZNF444#chr19:56141695-56141713(+)	ZNF444	tf_targeting	0.20182508	0.651185602474394
ZNF445#chr3:44477415-44477433(+)	ZNF445	tf_targeting	-0.77038836	0.2445731153075109
ZNF445#chr3:44477448-44477466(+)	ZNF445	tf_targeting	-1.2430203	0.0005285507131243
ZNF445#chr3:44477596-44477614(+)	ZNF445	tf_targeting	-0.49986228	0.0029552739994578
ZNF445#chr3:44477600-44477618(-)	ZNF445	tf_targeting	-0.5605382	0.0302554318672107
ZNF445#chr3:44477603-44477621(-)	ZNF445	tf_targeting	-0.20115189	0.4375226056525625
ZNF445#chr3:44477659-44477677(-)	ZNF445	tf_targeting	-0.26212573	0.3288291297601197
ZNF446#chr19:58476185-58476203(-)	ZNF446	tf_targeting		
ZNF446#chr19:58476190-58476208(-)	ZNF446	tf_targeting		
ZNF446#chr19:58476214-58476232(-)	ZNF446	tf_targeting		
ZNF446#chr19:58476354-58476372(-)	ZNF446	tf_targeting		
ZNF446#chr19:58476359-58476377(-)	ZNF446	tf_targeting		
ZNF446#chr19:58476372-58476390(-)	ZNF446	tf_targeting		
ZNF449#chrX:135344793-135344811(+)	ZNF449	tf_targeting		
ZNF449#chrX:135344804-135344822(+)	ZNF449	tf_targeting		
ZNF449#chrX:135344815-135344833(+)	ZNF449	tf_targeting		
ZNF449#chrX:135344830-135344848(+)	ZNF449	tf_targeting		
ZNF449#chrX:135344838-135344856(+)	ZNF449	tf_targeting		
ZNF449#chrX:135344868-135344886(-)	ZNF449	tf_targeting		
ZNF45#chr19:43935015-43935033(-)	ZNF45	tf_targeting		
ZNF45#chr19:43935022-43935040(+)	ZNF45	tf_targeting		
ZNF45#chr19:43935217-43935235(-)	ZNF45	tf_targeting		
ZNF45#chr19:43935220-43935238(+)	ZNF45	tf_targeting		
ZNF45#chr19:43935228-43935246(+)	ZNF45	tf_targeting		
ZNF45#chr19:43935272-43935290(-)	ZNF45	tf_targeting		
ZNF451#chr6:57090051-57090069(+)	ZNF451	tf_targeting	-2.2166429	0.000831133620923
ZNF451#chr6:57090062-57090080(+)	ZNF451	tf_targeting	-0.83301896	0.0331362479292852
ZNF451#chr6:57090092-57090110(-)	ZNF451	tf_targeting	-0.7241213	0.0886142870464751
ZNF451#chr6:57090121-57090139(-)	ZNF451	tf_targeting	-1.0978415	0.0007062269606026
ZNF451#chr6:57090126-57090144(+)	ZNF451	tf_targeting	-0.5134203	0.0014194506447555
ZNF451#chr6:57090183-57090201(+)	ZNF451	tf_targeting	-2.026677	0.0004553349702731
ZNF454#chr5:178941224-178941242(+)	ZNF454	tf_targeting		
ZNF454#chr5:178941253-178941271(+)	ZNF454	tf_targeting		
ZNF454#chr5:178941265-178941283(-)	ZNF454	tf_targeting		
ZNF454#chr5:178941275-178941293(+)	ZNF454	tf_targeting		
ZNF454#chr5:178941284-178941302(+)	ZNF454	tf_targeting		
ZNF454#chr5:178941451-178941469(+)	ZNF454	tf_targeting		
ZNF460#chr19:57280484-57280502(-)	ZNF460	tf_targeting	-3.2511995	0.000875498009128
ZNF460#chr19:57280494-57280512(+)	ZNF460	tf_targeting	-1.4129187	0.0016328876705996
ZNF460#chr19:57280507-57280525(+)	ZNF460	tf_targeting	-1.4191083	1.7925877737192926e-08
ZNF460#chr19:57280534-57280552(+)	ZNF460	tf_targeting	-1.5150096	0.0081357183108478
ZNF460#chr19:57280606-57280624(-)	ZNF460	tf_targeting	-1.37318	0.0001009751954504
ZNF460#chr19:57280675-57280693(-)	ZNF460	tf_targeting	-0.9210168	1.1650509704806042e-07
ZNF461#chr19:36666780-36666798(-)	ZNF461	tf_targeting		
ZNF461#chr19:36666795-36666813(-)	ZNF461	tf_targeting		
ZNF461#chr19:36666799-36666817(-)	ZNF461	tf_targeting		
ZNF461#chr19:36666805-36666823(-)	ZNF461	tf_targeting		
ZNF461#chr19:36666813-36666831(-)	ZNF461	tf_targeting		
ZNF461#chr19:36666829-36666847(-)	ZNF461	tf_targeting		
ZNF462#chr9:106863207-106863225(-)	ZNF462	tf_targeting	-1.9395716	0.029617326727388
ZNF462#chr9:106863210-106863228(-)	ZNF462	tf_targeting	-1.097779	0.0647757933932216
ZNF462#chr9:106863380-106863398(-)	ZNF462	tf_targeting	-0.063382566	0.784141219554692
ZNF462#chr9:106863383-106863401(-)	ZNF462	tf_targeting	-0.13762076	0.5943724159647259
ZNF462#chr9:106863385-106863403(+)	ZNF462	tf_targeting	-1.5324312	0.0004045591527924
ZNF462#chr9:106863483-106863501(+)	ZNF462	tf_targeting	-1.0729136	0.0412416001984697
ZNF467#chr7:149773197-149773215(-)	ZNF467	tf_targeting	-1.1537747	0.0153206570435392
ZNF467#chr7:149773300-149773318(+)	ZNF467	tf_targeting	0.026884671	0.9660719971374148
ZNF467#chr7:149773441-149773459(+)	ZNF467	tf_targeting	-0.9547701	0.1393349597799952
ZNF467#chr7:149773446-149773464(+)	ZNF467	tf_targeting	-1.1165986	0.1109226957033834
ZNF467#chr7:149773468-149773486(+)	ZNF467	tf_targeting	-0.10816128	0.8510364226572729
ZNF467#chr7:149773569-149773587(+)	ZNF467	tf_targeting	-1.1078373	0.0535499605660894
ZNF468#chr19:52857215-52857233(+)	ZNF468	tf_targeting		
ZNF468#chr19:52857220-52857238(+)	ZNF468	tf_targeting		
ZNF468#chr19:52857223-52857241(+)	ZNF468	tf_targeting		
ZNF468#chr19:52857343-52857361(+)	ZNF468	tf_targeting		
ZNF468#chr19:52857360-52857378(-)	ZNF468	tf_targeting		
ZNF468#chr19:52857581-52857599(-)	ZNF468	tf_targeting		
ZNF469#chr16:88427472-88427490(+)	ZNF469	tf_targeting		
ZNF469#chr16:88427504-88427522(-)	ZNF469	tf_targeting		
ZNF469#chr16:88427508-88427526(-)	ZNF469	tf_targeting		
ZNF469#chr16:88427511-88427529(-)	ZNF469	tf_targeting		
ZNF469#chr16:88427531-88427549(-)	ZNF469	tf_targeting		
ZNF469#chr16:88427573-88427591(-)	ZNF469	tf_targeting		
ZNF470#chr19:56567472-56567490(+)	ZNF470	tf_targeting		
ZNF470#chr19:56567509-56567527(-)	ZNF470	tf_targeting		
ZNF470#chr19:56567521-56567539(+)	ZNF470	tf_targeting		
ZNF470#chr19:56567544-56567562(+)	ZNF470	tf_targeting		
ZNF470#chr19:56567661-56567679(+)	ZNF470	tf_targeting		
ZNF470#chr19:56567724-56567742(-)	ZNF470	tf_targeting		
ZNF471#chr19:56507866-56507884(+)	ZNF471	tf_targeting		
ZNF471#chr19:56507881-56507899(+)	ZNF471	tf_targeting		
ZNF471#chr19:56507893-56507911(+)	ZNF471	tf_targeting		
ZNF471#chr19:56507899-56507917(+)	ZNF471	tf_targeting		
ZNF471#chr19:56507908-56507926(-)	ZNF471	tf_targeting		
ZNF471#chr19:56508068-56508086(+)	ZNF471	tf_targeting		
ZNF473#chr19:50025980-50025998(-)	ZNF473	tf_targeting		
ZNF473#chr19:50026002-50026020(-)	ZNF473	tf_targeting		
ZNF473#chr19:50026019-50026037(+)	ZNF473	tf_targeting		
ZNF473#chr19:50026022-50026040(+)	ZNF473	tf_targeting		
ZNF473#chr19:50026033-50026051(+)	ZNF473	tf_targeting		
ZNF473#chr19:50026206-50026224(+)	ZNF473	tf_targeting		
ZNF474#chr5:122129551-122129569(-)	ZNF474	tf_targeting		
ZNF474#chr5:122129570-122129588(+)	ZNF474	tf_targeting		
ZNF474#chr5:122129689-122129707(+)	ZNF474	tf_targeting		
ZNF474#chr5:122129699-122129717(+)	ZNF474	tf_targeting		
ZNF474#chr5:122129759-122129777(-)	ZNF474	tf_targeting		
ZNF474#chr5:122129952-122129970(+)	ZNF474	tf_targeting		
ZNF479#chr7:57132078-57132096(+)	ZNF479	tf_targeting		
ZNF479#chr7:57132096-57132114(-)	ZNF479	tf_targeting		
ZNF479#chr7:57132157-57132175(+)	ZNF479	tf_targeting		
ZNF479#chr7:57132161-57132179(+)	ZNF479	tf_targeting		
ZNF479#chr7:57132167-57132185(+)	ZNF479	tf_targeting		
ZNF479#chr7:57132186-57132204(-)	ZNF479	tf_targeting		
ZNF48#chr16:30395465-30395483(-)	ZNF48	tf_targeting		
ZNF48#chr16:30395474-30395492(+)	ZNF48	tf_targeting		
ZNF48#chr16:30395487-30395505(-)	ZNF48	tf_targeting		
ZNF48#chr16:30395523-30395541(+)	ZNF48	tf_targeting		
ZNF48#chr16:30395664-30395682(-)	ZNF48	tf_targeting		
ZNF48#chr16:30395976-30395994(+)	ZNF48	tf_targeting		
ZNF480#chr19:52297165-52297183(+)	ZNF480	tf_targeting	-2.272818	0.0229503545946057
ZNF480#chr19:52297236-52297254(-)	ZNF480	tf_targeting	-0.98561484	0.0529998289363289
ZNF480#chr19:52297275-52297293(+)	ZNF480	tf_targeting	-1.0400989	0.168182049238903
ZNF480#chr19:52297418-52297436(-)	ZNF480	tf_targeting	-0.18405753	0.7655133250325805
ZNF480#chr19:52297569-52297587(-)	ZNF480	tf_targeting	-1.589557	0.0188973665277944
ZNF480#chr19:52297617-52297635(-)	ZNF480	tf_targeting	-2.0238564	0.0140779335161015
ZNF483#chr9:111525195-111525213(+)	ZNF483	tf_targeting		
ZNF483#chr9:111525248-111525266(+)	ZNF483	tf_targeting		
ZNF483#chr9:111525343-111525361(+)	ZNF483	tf_targeting		
ZNF483#chr9:111525357-111525375(-)	ZNF483	tf_targeting		
ZNF483#chr9:111525395-111525413(+)	ZNF483	tf_targeting		
ZNF483#chr9:111525589-111525607(-)	ZNF483	tf_targeting		
ZNF484#chr9:92877602-92877620(-)	ZNF484	tf_targeting		
ZNF484#chr9:92877614-92877632(-)	ZNF484	tf_targeting		
ZNF484#chr9:92877811-92877829(+)	ZNF484	tf_targeting		
ZNF484#chr9:92877903-92877921(-)	ZNF484	tf_targeting		
ZNF484#chr9:92877933-92877951(-)	ZNF484	tf_targeting		
ZNF484#chr9:92878043-92878061(+)	ZNF484	tf_targeting		
ZNF485#chr10:43606463-43606481(-)	ZNF485	tf_targeting		
ZNF485#chr10:43606466-43606484(+)	ZNF485	tf_targeting		
ZNF485#chr10:43606471-43606489(+)	ZNF485	tf_targeting		
ZNF485#chr10:43606476-43606494(+)	ZNF485	tf_targeting		
ZNF485#chr10:43606492-43606510(+)	ZNF485	tf_targeting		
ZNF485#chr10:43606532-43606550(-)	ZNF485	tf_targeting		
ZNF486#chr19:20167219-20167237(+)	ZNF486	tf_targeting		
ZNF486#chr19:20167373-20167391(-)	ZNF486	tf_targeting		
ZNF486#chr19:20167592-20167610(-)	ZNF486	tf_targeting		
ZNF486#chr19:20167616-20167634(-)	ZNF486	tf_targeting		
ZNF486#chr19:20167634-20167652(-)	ZNF486	tf_targeting		
ZNF486#chr19:20167646-20167664(+)	ZNF486	tf_targeting		
ZNF488#chr10:47379809-47379827(+)	ZNF488	tf_targeting		
ZNF488#chr10:47379908-47379926(-)	ZNF488	tf_targeting		
ZNF488#chr10:47379932-47379950(-)	ZNF488	tf_targeting		
ZNF488#chr10:47379970-47379988(-)	ZNF488	tf_targeting		
ZNF488#chr10:47379973-47379991(-)	ZNF488	tf_targeting		
ZNF488#chr10:47379978-47379996(+)	ZNF488	tf_targeting		
ZNF488#chr10:47384088-47384106(+)	ZNF488	tf_targeting		
ZNF488#chr10:47384203-47384221(+)	ZNF488	tf_targeting		
ZNF488#chr10:47384234-47384252(+)	ZNF488	tf_targeting		
ZNF488#chr10:47384272-47384290(-)	ZNF488	tf_targeting		
ZNF488#chr10:47384274-47384292(+)	ZNF488	tf_targeting		
ZNF488#chr10:47384286-47384304(+)	ZNF488	tf_targeting		
ZNF490#chr19:12610582-12610600(-)	ZNF490	tf_targeting		
ZNF490#chr19:12610620-12610638(+)	ZNF490	tf_targeting		
ZNF490#chr19:12610684-12610702(-)	ZNF490	tf_targeting		
ZNF490#chr19:12610721-12610739(-)	ZNF490	tf_targeting		
ZNF490#chr19:12610727-12610745(-)	ZNF490	tf_targeting		
ZNF490#chr19:12610777-12610795(+)	ZNF490	tf_targeting		
ZNF491#chr19:11798590-11798608(-)	ZNF491	tf_targeting		
ZNF491#chr19:11798606-11798624(-)	ZNF491	tf_targeting		
ZNF491#chr19:11798625-11798643(+)	ZNF491	tf_targeting		
ZNF491#chr19:11798641-11798659(-)	ZNF491	tf_targeting		
ZNF491#chr19:11798644-11798662(-)	ZNF491	tf_targeting		
ZNF491#chr19:11798782-11798800(-)	ZNF491	tf_targeting		
ZNF492#chr19:22634333-22634351(+)	ZNF492	tf_targeting		
ZNF492#chr19:22634362-22634380(+)	ZNF492	tf_targeting		
ZNF492#chr19:22634590-22634608(-)	ZNF492	tf_targeting		
ZNF492#chr19:22634618-22634636(+)	ZNF492	tf_targeting		
ZNF492#chr19:22634631-22634649(-)	ZNF492	tf_targeting		
ZNF492#chr19:22634737-22634755(-)	ZNF492	tf_targeting		
ZNF493#chr19:21397161-21397179(-)	ZNF493	tf_targeting	-0.8738919	0.2651817461352973
ZNF493#chr19:21397188-21397206(-)	ZNF493	tf_targeting	-1.2429358	0.0019967346390254
ZNF493#chr19:21397301-21397319(+)	ZNF493	tf_targeting	-1.1459857	0.0127723381103402
ZNF493#chr19:21397305-21397323(+)	ZNF493	tf_targeting	-1.9665334	0.0226788284946159
ZNF493#chr19:21397424-21397442(-)	ZNF493	tf_targeting	-1.2386768	0.0425282745211257
ZNF493#chr19:21397507-21397525(-)	ZNF493	tf_targeting	-0.5766541	0.5168933190885507
ZNF496#chr1:247331476-247331494(+)	ZNF496	tf_targeting	-0.7403736	0.13820291105687
ZNF496#chr1:247331623-247331641(+)	ZNF496	tf_targeting	-0.37413165	0.27843953961481
ZNF496#chr1:247331640-247331658(+)	ZNF496	tf_targeting	-1.6358678	0.0015386576397713
ZNF496#chr1:247331790-247331808(+)	ZNF496	tf_targeting	-1.8806865	1.119535589024149e-08
ZNF496#chr1:247331806-247331824(-)	ZNF496	tf_targeting	-1.3212224	0.013897548033656
ZNF496#chr1:247331842-247331860(+)	ZNF496	tf_targeting	-1.0533237	0.0014682284541623
ZNF497#chr19:58362645-58362663(+)	ZNF497	tf_targeting		
ZNF497#chr19:58362679-58362697(-)	ZNF497	tf_targeting		
ZNF497#chr19:58362690-58362708(+)	ZNF497	tf_targeting		
ZNF497#chr19:58362736-58362754(+)	ZNF497	tf_targeting		
ZNF497#chr19:58362740-58362758(+)	ZNF497	tf_targeting		
ZNF497#chr19:58362744-58362762(+)	ZNF497	tf_targeting		
ZNF500#chr16:4767090-4767108(+)	ZNF500	tf_targeting		
ZNF500#chr16:4767105-4767123(+)	ZNF500	tf_targeting		
ZNF500#chr16:4767126-4767144(+)	ZNF500	tf_targeting		
ZNF500#chr16:4767138-4767156(-)	ZNF500	tf_targeting		
ZNF500#chr16:4767146-4767164(+)	ZNF500	tf_targeting		
ZNF500#chr16:4767150-4767168(+)	ZNF500	tf_targeting		
ZNF501#chr3:44729629-44729647(-)	ZNF501	tf_targeting		
ZNF501#chr3:44729641-44729659(+)	ZNF501	tf_targeting		
ZNF501#chr3:44729658-44729676(+)	ZNF501	tf_targeting		
ZNF501#chr3:44729667-44729685(-)	ZNF501	tf_targeting		
ZNF501#chr3:44729669-44729687(+)	ZNF501	tf_targeting		
ZNF501#chr3:44729710-44729728(-)	ZNF501	tf_targeting		
ZNF502#chr3:44712639-44712657(-)	ZNF502	tf_targeting		
ZNF502#chr3:44712679-44712697(+)	ZNF502	tf_targeting		
ZNF502#chr3:44712687-44712705(-)	ZNF502	tf_targeting		
ZNF502#chr3:44712693-44712711(-)	ZNF502	tf_targeting		
ZNF502#chr3:44712696-44712714(-)	ZNF502	tf_targeting		
ZNF502#chr3:44712708-44712726(-)	ZNF502	tf_targeting		
ZNF503#chr10:75401576-75401594(+)	ZNF503	tf_targeting		
ZNF503#chr10:75401690-75401708(-)	ZNF503	tf_targeting		
ZNF503#chr10:75401697-75401715(+)	ZNF503	tf_targeting		
ZNF503#chr10:75401718-75401736(-)	ZNF503	tf_targeting		
ZNF503#chr10:75401743-75401761(-)	ZNF503	tf_targeting		
ZNF503#chr10:75401758-75401776(-)	ZNF503	tf_targeting		
ZNF506#chr19:19821320-19821338(+)	ZNF506	tf_targeting		
ZNF506#chr19:19821354-19821372(+)	ZNF506	tf_targeting		
ZNF506#chr19:19821435-19821453(-)	ZNF506	tf_targeting		
ZNF506#chr19:19821510-19821528(-)	ZNF506	tf_targeting		
ZNF506#chr19:19821732-19821750(+)	ZNF506	tf_targeting		
ZNF506#chr19:19821781-19821799(-)	ZNF506	tf_targeting		
ZNF507#chr19:32345638-32345656(+)	ZNF507	tf_targeting	-1.422114	0.156362331279767
ZNF507#chr19:32345658-32345676(+)	ZNF507	tf_targeting	-1.720958	0.0687652450696713
ZNF507#chr19:32345681-32345699(+)	ZNF507	tf_targeting	0.088567115	0.9206198703639216
ZNF507#chr19:32345736-32345754(+)	ZNF507	tf_targeting	-1.9512302	0.0157275702327579
ZNF507#chr19:32345806-32345824(-)	ZNF507	tf_targeting	-0.12590455	0.8838782426616405
ZNF507#chr19:32345827-32345845(-)	ZNF507	tf_targeting	-2.0293071	0.0001290491774691
ZNF510#chr9:96777850-96777868(-)	ZNF510	tf_targeting		
ZNF510#chr9:96777998-96778016(+)	ZNF510	tf_targeting		
ZNF510#chr9:96778036-96778054(-)	ZNF510	tf_targeting		
ZNF510#chr9:96778050-96778068(-)	ZNF510	tf_targeting		
ZNF510#chr9:96778052-96778070(+)	ZNF510	tf_targeting		
ZNF510#chr9:96778070-96778088(+)	ZNF510	tf_targeting		
ZNF511#chr10:133308569-133308587(+)	ZNF511	tf_targeting	-0.13442563	0.8675106824504499
ZNF511#chr10:133308680-133308698(-)	ZNF511	tf_targeting	-0.12250062	0.8957506871010122
ZNF511#chr10:133308938-133308956(-)	ZNF511	tf_targeting	-0.0912152	0.9085067808643807
ZNF511#chr10:133309004-133309022(-)	ZNF511	tf_targeting	-0.16208737	0.8209809292872775
ZNF511#chr10:133309137-133309155(-)	ZNF511	tf_targeting	-0.24348095	0.767107654442182
ZNF511#chr10:133309289-133309307(+)	ZNF511	tf_targeting	-0.12819047	0.8859591855514294
ZNF512#chr2:27583020-27583038(+)	ZNF512	tf_targeting		
ZNF512#chr2:27583044-27583062(+)	ZNF512	tf_targeting		
ZNF512#chr2:27583053-27583071(+)	ZNF512	tf_targeting		
ZNF512#chr2:27583063-27583081(+)	ZNF512	tf_targeting		
ZNF512#chr2:27583080-27583098(-)	ZNF512	tf_targeting		
ZNF512#chr2:27583123-27583141(-)	ZNF512	tf_targeting		
ZNF512B#chr20:63969602-63969620(+)	ZNF512B	tf_targeting		
ZNF512B#chr20:63969735-63969753(+)	ZNF512B	tf_targeting		
ZNF512B#chr20:63969810-63969828(+)	ZNF512B	tf_targeting		
ZNF512B#chr20:63969874-63969892(+)	ZNF512B	tf_targeting		
ZNF512B#chr20:63969943-63969961(-)	ZNF512B	tf_targeting		
ZNF512B#chr20:63969947-63969965(-)	ZNF512B	tf_targeting		
ZNF513#chr2:27380581-27380599(-)	ZNF513	tf_targeting		
ZNF513#chr2:27380708-27380726(-)	ZNF513	tf_targeting		
ZNF513#chr2:27380711-27380729(-)	ZNF513	tf_targeting		
ZNF513#chr2:27380732-27380750(-)	ZNF513	tf_targeting		
ZNF513#chr2:27380739-27380757(-)	ZNF513	tf_targeting		
ZNF514#chr2:95159466-95159484(+)	ZNF514	tf_targeting		
ZNF514#chr2:95159470-95159488(+)	ZNF514	tf_targeting		
ZNF514#chr2:95159481-95159499(+)	ZNF514	tf_targeting		
ZNF514#chr2:95159526-95159544(+)	ZNF514	tf_targeting		
ZNF514#chr2:95159540-95159558(-)	ZNF514	tf_targeting		
ZNF514#chr2:95159560-95159578(-)	ZNF514	tf_targeting		
ZNF514#chr2:95165541-95165559(+)	ZNF514	tf_targeting		
ZNF514#chr2:95165558-95165576(+)	ZNF514	tf_targeting		
ZNF514#chr2:95165605-95165623(-)	ZNF514	tf_targeting		
ZNF514#chr2:95165608-95165626(+)	ZNF514	tf_targeting		
ZNF514#chr2:95165622-95165640(-)	ZNF514	tf_targeting		
ZNF514#chr2:95165644-95165662(-)	ZNF514	tf_targeting		
ZNF516#chr18:76494781-76494799(-)	ZNF516	tf_targeting	0.018392066	0.945783817378635
ZNF516#chr18:76494937-76494955(+)	ZNF516	tf_targeting	-0.24239843	0.385430765355686
ZNF516#chr18:76495041-76495059(+)	ZNF516	tf_targeting	-0.08554837	0.6214639913376228
ZNF516#chr18:76495132-76495150(+)	ZNF516	tf_targeting	-0.23479703	0.1052476334926462
ZNF516#chr18:76495140-76495158(-)	ZNF516	tf_targeting	-0.29278478	0.0274932555070639
ZNF516#chr18:76495181-76495199(+)	ZNF516	tf_targeting	0.08525685	0.5034505561866534
ZNF517#chr8:144798904-144798922(-)	ZNF517	tf_targeting		
ZNF517#chr8:144798907-144798925(+)	ZNF517	tf_targeting		
ZNF517#chr8:144798931-144798949(+)	ZNF517	tf_targeting		
ZNF517#chr8:144799073-144799091(-)	ZNF517	tf_targeting		
ZNF517#chr8:144799123-144799141(-)	ZNF517	tf_targeting		
ZNF517#chr8:144799276-144799294(-)	ZNF517	tf_targeting		
ZNF518A#chr10:96129910-96129928(+)	ZNF518A	tf_targeting	-0.5978387	0.1299383204561479
ZNF518A#chr10:96129935-96129953(-)	ZNF518A	tf_targeting	-1.803495	0.0050487368431946
ZNF518A#chr10:96130098-96130116(+)	ZNF518A	tf_targeting	-1.3631641	0.0015639097468455
ZNF518A#chr10:96130127-96130145(-)	ZNF518A	tf_targeting	-1.9825959	1.2877583510338254e-05
ZNF518A#chr10:96130429-96130447(+)	ZNF518A	tf_targeting	-1.6028802	0.0370901450542467
ZNF518A#chr10:96130479-96130497(+)	ZNF518A	tf_targeting	-1.1737545	0.0069972918862218
ZNF518B#chr4:10457085-10457103(-)	ZNF518B	tf_targeting	-1.3262881	0.113722142594705
ZNF518B#chr4:10457335-10457353(+)	ZNF518B	tf_targeting	-2.2851386	9.515842134254504e-05
ZNF518B#chr4:10457341-10457359(-)	ZNF518B	tf_targeting	-2.1137764	0.0015154397868606
ZNF518B#chr4:10457350-10457368(+)	ZNF518B	tf_targeting	-0.9543833	0.1284192564459652
ZNF518B#chr4:10457391-10457409(-)	ZNF518B	tf_targeting	-1.0165353	0.1567678980995389
ZNF518B#chr4:10457397-10457415(-)	ZNF518B	tf_targeting	-0.62907463	0.3564287292383943
ZNF519#chr18:14132147-14132165(+)	ZNF519	tf_targeting		
ZNF519#chr18:14132237-14132255(-)	ZNF519	tf_targeting		
ZNF519#chr18:14132336-14132354(+)	ZNF519	tf_targeting		
ZNF519#chr18:14132401-14132419(+)	ZNF519	tf_targeting		
ZNF519#chr18:14132407-14132425(-)	ZNF519	tf_targeting		
ZNF519#chr18:14132413-14132431(-)	ZNF519	tf_targeting		
ZNF521#chr18:25351845-25351863(+)	ZNF521	tf_targeting	-1.6338853	9.573870845066e-06
ZNF521#chr18:25351860-25351878(+)	ZNF521	tf_targeting	-1.0882605	0.0001394224905492
ZNF521#chr18:25352069-25352087(+)	ZNF521	tf_targeting	-0.1617037	0.4710400775492916
ZNF521#chr18:25352081-25352099(+)	ZNF521	tf_targeting	-0.16649076	0.7440935207290301
ZNF521#chr18:25352113-25352131(-)	ZNF521	tf_targeting	-1.2510337	0.0039668877106093
ZNF521#chr18:25352123-25352141(+)	ZNF521	tf_targeting	-0.18147773	0.1742073457925334
ZNF524#chr19:55600345-55600363(-)	ZNF524	tf_targeting		
ZNF524#chr19:55600357-55600375(-)	ZNF524	tf_targeting		
ZNF524#chr19:55600388-55600406(+)	ZNF524	tf_targeting		
ZNF524#chr19:55600399-55600417(+)	ZNF524	tf_targeting		
ZNF524#chr19:55600405-55600423(+)	ZNF524	tf_targeting		
ZNF524#chr19:55600500-55600518(-)	ZNF524	tf_targeting		
ZNF526#chr19:42220266-42220284(+)	ZNF526	tf_targeting		
ZNF526#chr19:42220293-42220311(-)	ZNF526	tf_targeting		
ZNF526#chr19:42220325-42220343(-)	ZNF526	tf_targeting		
ZNF526#chr19:42220338-42220356(+)	ZNF526	tf_targeting		
ZNF526#chr19:42220344-42220362(+)	ZNF526	tf_targeting		
ZNF526#chr19:42220367-42220385(+)	ZNF526	tf_targeting		
ZNF527#chr19:37371150-37371168(+)	ZNF527	tf_targeting		
ZNF527#chr19:37371174-37371192(+)	ZNF527	tf_targeting		
ZNF527#chr19:37371196-37371214(+)	ZNF527	tf_targeting		
ZNF527#chr19:37371201-37371219(-)	ZNF527	tf_targeting		
ZNF527#chr19:37371214-37371232(+)	ZNF527	tf_targeting		
ZNF527#chr19:37371247-37371265(+)	ZNF527	tf_targeting		
ZNF528#chr19:52397845-52397863(+)	ZNF528	tf_targeting		
ZNF528#chr19:52397860-52397878(+)	ZNF528	tf_targeting		
ZNF528#chr19:52397917-52397935(-)	ZNF528	tf_targeting		
ZNF528#chr19:52397944-52397962(-)	ZNF528	tf_targeting		
ZNF528#chr19:52397957-52397975(+)	ZNF528	tf_targeting		
ZNF528#chr19:52398285-52398303(-)	ZNF528	tf_targeting		
ZNF529#chr19:36573005-36573023(-)	ZNF529	tf_targeting	-0.5553412	0.3845128464144617
ZNF529#chr19:36573035-36573053(-)	ZNF529	tf_targeting	-0.89431995	0.201514608916605
ZNF529#chr19:36573064-36573082(+)	ZNF529	tf_targeting	-0.3138402	0.2140591887646348
ZNF529#chr19:36573223-36573241(-)	ZNF529	tf_targeting	-0.9820685	0.0282764889967455
ZNF529#chr19:36573256-36573274(-)	ZNF529	tf_targeting	-0.14732882	0.5641375579374317
ZNF529#chr19:36573264-36573282(-)	ZNF529	tf_targeting	0.12056007	0.7569499981834761
ZNF530#chr19:57599888-57599906(+)	ZNF530	tf_targeting		
ZNF530#chr19:57599902-57599920(-)	ZNF530	tf_targeting		
ZNF530#chr19:57599922-57599940(+)	ZNF530	tf_targeting		
ZNF530#chr19:57599937-57599955(-)	ZNF530	tf_targeting		
ZNF530#chr19:57599950-57599968(-)	ZNF530	tf_targeting		
ZNF530#chr19:57599959-57599977(+)	ZNF530	tf_targeting		
ZNF532#chr18:58863471-58863489(-)	ZNF532	tf_targeting	-2.1091363	0.005121384058551
ZNF532#chr18:58863479-58863497(-)	ZNF532	tf_targeting	-0.33320546	0.0200073339304769
ZNF532#chr18:58863666-58863684(+)	ZNF532	tf_targeting	-1.0898385	0.0005588201976546
ZNF532#chr18:58863723-58863741(+)	ZNF532	tf_targeting	-2.4603086	4.140530469079512e-07
ZNF532#chr18:58863728-58863746(+)	ZNF532	tf_targeting	-1.345107	0.0439391532660849
ZNF532#chr18:58863877-58863895(-)	ZNF532	tf_targeting	-2.1781585	8.896076561553246e-06
ZNF532#chr18:58864861-58864879(+)	ZNF532	tf_targeting	-0.9003271	0.0009469422467272
ZNF532#chr18:58864896-58864914(-)	ZNF532	tf_targeting	-1.3741295	0.0109643186486314
ZNF532#chr18:58864910-58864928(+)	ZNF532	tf_targeting	-1.3805543	0.0041796282963437
ZNF532#chr18:58864941-58864959(-)	ZNF532	tf_targeting	-1.2749623	0.0029618556516492
ZNF532#chr18:58864946-58864964(-)	ZNF532	tf_targeting	-1.2920622	0.0018956378808691
ZNF532#chr18:58865051-58865069(+)	ZNF532	tf_targeting	-1.6819073	0.0001606196376334
ZNF534#chr19:52429149-52429167(+)	ZNF534	tf_targeting		
ZNF534#chr19:52429197-52429215(-)	ZNF534	tf_targeting		
ZNF534#chr19:52429239-52429257(-)	ZNF534	tf_targeting		
ZNF534#chr19:52429242-52429260(-)	ZNF534	tf_targeting		
ZNF534#chr19:52429419-52429437(-)	ZNF534	tf_targeting		
ZNF534#chr19:52429530-52429548(+)	ZNF534	tf_targeting		
ZNF536#chr19:30372355-30372373(-)	ZNF536	tf_targeting		
ZNF536#chr19:30372358-30372376(-)	ZNF536	tf_targeting		
ZNF536#chr19:30372435-30372453(+)	ZNF536	tf_targeting		
ZNF536#chr19:30372442-30372460(-)	ZNF536	tf_targeting		
ZNF536#chr19:30372798-30372816(-)	ZNF536	tf_targeting		
ZNF536#chr19:30372807-30372825(-)	ZNF536	tf_targeting		
ZNF540#chr19:37551366-37551384(-)	ZNF540	tf_targeting		
ZNF540#chr19:37551395-37551413(+)	ZNF540	tf_targeting		
ZNF540#chr19:37551403-37551421(+)	ZNF540	tf_targeting		
ZNF540#chr19:37551411-37551429(-)	ZNF540	tf_targeting		
ZNF540#chr19:37551437-37551455(-)	ZNF540	tf_targeting		
ZNF540#chr19:37551581-37551599(-)	ZNF540	tf_targeting		
ZNF540#chr19:37594867-37594885(+)	ZNF540	tf_targeting		
ZNF540#chr19:37594872-37594890(+)	ZNF540	tf_targeting		
ZNF540#chr19:37594899-37594917(+)	ZNF540	tf_targeting		
ZNF540#chr19:37594920-37594938(+)	ZNF540	tf_targeting		
ZNF540#chr19:37594926-37594944(-)	ZNF540	tf_targeting		
ZNF540#chr19:37594950-37594968(-)	ZNF540	tf_targeting		
ZNF541#chr19:47540858-47540876(+)	ZNF541	tf_targeting		
ZNF541#chr19:47540906-47540924(-)	ZNF541	tf_targeting		
ZNF541#chr19:47540910-47540928(+)	ZNF541	tf_targeting		
ZNF541#chr19:47540918-47540936(-)	ZNF541	tf_targeting		
ZNF541#chr19:47540924-47540942(-)	ZNF541	tf_targeting		
ZNF541#chr19:47540937-47540955(-)	ZNF541	tf_targeting		
ZNF543#chr19:57320483-57320501(+)	ZNF543	tf_targeting		
ZNF543#chr19:57320526-57320544(-)	ZNF543	tf_targeting		
ZNF543#chr19:57320532-57320550(-)	ZNF543	tf_targeting		
ZNF543#chr19:57320543-57320561(+)	ZNF543	tf_targeting		
ZNF543#chr19:57320546-57320564(+)	ZNF543	tf_targeting		
ZNF543#chr19:57320596-57320614(-)	ZNF543	tf_targeting		
ZNF544#chr19:58228916-58228934(+)	ZNF544	tf_targeting		
ZNF544#chr19:58228927-58228945(-)	ZNF544	tf_targeting		
ZNF544#chr19:58228935-58228953(+)	ZNF544	tf_targeting		
ZNF544#chr19:58228950-58228968(+)	ZNF544	tf_targeting		
ZNF544#chr19:58228963-58228981(-)	ZNF544	tf_targeting		
ZNF544#chr19:58229083-58229101(+)	ZNF544	tf_targeting		
ZNF546#chr19:39997060-39997078(+)	ZNF546	tf_targeting		
ZNF546#chr19:39997076-39997094(-)	ZNF546	tf_targeting		
ZNF546#chr19:39997084-39997102(+)	ZNF546	tf_targeting		
ZNF546#chr19:39997123-39997141(-)	ZNF546	tf_targeting		
ZNF546#chr19:39997142-39997160(+)	ZNF546	tf_targeting		
ZNF546#chr19:39997145-39997163(+)	ZNF546	tf_targeting		
ZNF547#chr19:57363543-57363561(+)	ZNF547	tf_targeting		
ZNF547#chr19:57363555-57363573(+)	ZNF547	tf_targeting		
ZNF547#chr19:57363570-57363588(+)	ZNF547	tf_targeting		
ZNF547#chr19:57363658-57363676(-)	ZNF547	tf_targeting		
ZNF547#chr19:57363667-57363685(-)	ZNF547	tf_targeting		
ZNF547#chr19:57363686-57363704(+)	ZNF547	tf_targeting		
ZNF548#chr19:57389857-57389875(+)	ZNF548	tf_targeting		
ZNF548#chr19:57389871-57389889(-)	ZNF548	tf_targeting		
ZNF548#chr19:57389911-57389929(-)	ZNF548	tf_targeting		
ZNF548#chr19:57389921-57389939(-)	ZNF548	tf_targeting		
ZNF548#chr19:57389974-57389992(+)	ZNF548	tf_targeting		
ZNF548#chr19:57390145-57390163(-)	ZNF548	tf_targeting		
ZNF549#chr19:57527382-57527400(-)	ZNF549	tf_targeting		
ZNF549#chr19:57527405-57527423(+)	ZNF549	tf_targeting		
ZNF549#chr19:57527443-57527461(+)	ZNF549	tf_targeting		
ZNF549#chr19:57527529-57527547(-)	ZNF549	tf_targeting		
ZNF549#chr19:57527722-57527740(+)	ZNF549	tf_targeting		
ZNF549#chr19:57527737-57527755(+)	ZNF549	tf_targeting		
ZNF550#chr19:57559735-57559753(+)	ZNF550	tf_targeting		
ZNF550#chr19:57559772-57559790(-)	ZNF550	tf_targeting		
ZNF550#chr19:57559781-57559799(-)	ZNF550	tf_targeting		
ZNF550#chr19:57559794-57559812(-)	ZNF550	tf_targeting		
ZNF550#chr19:57559827-57559845(-)	ZNF550	tf_targeting		
ZNF550#chr19:57559868-57559886(-)	ZNF550	tf_targeting		
ZNF551#chr19:57681980-57681998(+)	ZNF551	tf_targeting		
ZNF551#chr19:57682041-57682059(-)	ZNF551	tf_targeting		
ZNF551#chr19:57682048-57682066(+)	ZNF551	tf_targeting		
ZNF551#chr19:57682052-57682070(+)	ZNF551	tf_targeting		
ZNF551#chr19:57682194-57682212(+)	ZNF551	tf_targeting		
ZNF551#chr19:57682197-57682215(+)	ZNF551	tf_targeting		
ZNF552#chr19:57814838-57814856(-)	ZNF552	tf_targeting		
ZNF552#chr19:57814848-57814866(-)	ZNF552	tf_targeting		
ZNF552#chr19:57814858-57814876(-)	ZNF552	tf_targeting		
ZNF552#chr19:57814884-57814902(+)	ZNF552	tf_targeting		
ZNF552#chr19:57814896-57814914(-)	ZNF552	tf_targeting		
ZNF552#chr19:57814898-57814916(+)	ZNF552	tf_targeting		
ZNF554#chr19:2819875-2819893(-)	ZNF554	tf_targeting		
ZNF554#chr19:2819887-2819905(+)	ZNF554	tf_targeting		
ZNF554#chr19:2819910-2819928(+)	ZNF554	tf_targeting		
ZNF554#chr19:2819955-2819973(+)	ZNF554	tf_targeting		
ZNF554#chr19:2819982-2820000(+)	ZNF554	tf_targeting		
ZNF554#chr19:2820225-2820243(+)	ZNF554	tf_targeting		
ZNF555#chr19:2841473-2841491(-)	ZNF555	tf_targeting		
ZNF555#chr19:2841488-2841506(+)	ZNF555	tf_targeting		
ZNF555#chr19:2841499-2841517(-)	ZNF555	tf_targeting		
ZNF555#chr19:2841503-2841521(-)	ZNF555	tf_targeting		
ZNF555#chr19:2841514-2841532(-)	ZNF555	tf_targeting		
ZNF555#chr19:2841524-2841542(-)	ZNF555	tf_targeting		
ZNF556#chr19:2867311-2867329(-)	ZNF556	tf_targeting		
ZNF556#chr19:2867334-2867352(-)	ZNF556	tf_targeting		
ZNF556#chr19:2867344-2867362(-)	ZNF556	tf_targeting		
ZNF556#chr19:2867354-2867372(-)	ZNF556	tf_targeting		
ZNF556#chr19:2867368-2867386(-)	ZNF556	tf_targeting		
ZNF556#chr19:2867555-2867573(-)	ZNF556	tf_targeting		
ZNF557#chr19:7069669-7069687(+)	ZNF557	tf_targeting		
ZNF557#chr19:7069716-7069734(+)	ZNF557	tf_targeting		
ZNF557#chr19:7069728-7069746(+)	ZNF557	tf_targeting		
ZNF557#chr19:7069756-7069774(-)	ZNF557	tf_targeting		
ZNF557#chr19:7069775-7069793(-)	ZNF557	tf_targeting		
ZNF557#chr19:7069843-7069861(-)	ZNF557	tf_targeting		
ZNF558#chr19:8832123-8832141(-)	ZNF558	tf_targeting		
ZNF558#chr19:8832232-8832250(+)	ZNF558	tf_targeting		
ZNF558#chr19:8832240-8832258(+)	ZNF558	tf_targeting		
ZNF558#chr19:8832244-8832262(-)	ZNF558	tf_targeting		
ZNF558#chr19:8832292-8832310(-)	ZNF558	tf_targeting		
ZNF558#chr19:8832297-8832315(-)	ZNF558	tf_targeting		
ZNF559#chr19:9324199-9324217(+)	ZNF559	tf_targeting		
ZNF559#chr19:9324208-9324226(+)	ZNF559	tf_targeting		
ZNF559#chr19:9324407-9324425(+)	ZNF559	tf_targeting		
ZNF559#chr19:9324414-9324432(-)	ZNF559	tf_targeting		
ZNF559-ZNF177#chr19:9324239-9324257(+)	ZNF559-ZNF177	tf_targeting		
ZNF559-ZNF177#chr19:9324247-9324265(+)	ZNF559-ZNF177	tf_targeting		
ZNF559-ZNF177#chr19:9324268-9324286(-)	ZNF559-ZNF177	tf_targeting		
ZNF560#chr19:9498329-9498347(-)	ZNF560	tf_targeting		
ZNF560#chr19:9498338-9498356(+)	ZNF560	tf_targeting		
ZNF560#chr19:9498343-9498361(-)	ZNF560	tf_targeting		
ZNF560#chr19:9498400-9498418(-)	ZNF560	tf_targeting		
ZNF560#chr19:9498410-9498428(-)	ZNF560	tf_targeting		
ZNF560#chr19:9498547-9498565(+)	ZNF560	tf_targeting		
ZNF561#chr19:9621015-9621033(-)	ZNF561	tf_targeting	-1.0718373	0.1179291115233304
ZNF561#chr19:9621130-9621148(+)	ZNF561	tf_targeting	-3.039392	0.0014169999457782
ZNF561#chr19:9621172-9621190(+)	ZNF561	tf_targeting	-1.6716652	0.0198669247050766
ZNF561#chr19:9621185-9621203(-)	ZNF561	tf_targeting	-1.5064516	0.1499162830673306
ZNF561#chr19:9621194-9621212(+)	ZNF561	tf_targeting	-1.2893798	0.0095033761953461
ZNF561#chr19:9621218-9621236(+)	ZNF561	tf_targeting	-1.2801899	0.0931354812729238
ZNF562#chr19:9674624-9674642(-)	ZNF562	tf_targeting		
ZNF562#chr19:9674646-9674664(+)	ZNF562	tf_targeting		
ZNF562#chr19:9674860-9674878(-)	ZNF562	tf_targeting		
ZNF562#chr19:9675006-9675024(+)	ZNF562	tf_targeting		
ZNF562#chr19:9675032-9675050(+)	ZNF562	tf_targeting		
ZNF562#chr19:9675067-9675085(+)	ZNF562	tf_targeting		
ZNF563#chr19:12333265-12333283(+)	ZNF563	tf_targeting		
ZNF563#chr19:12333372-12333390(+)	ZNF563	tf_targeting		
ZNF563#chr19:12333403-12333421(-)	ZNF563	tf_targeting		
ZNF563#chr19:12333449-12333467(-)	ZNF563	tf_targeting		
ZNF563#chr19:12333535-12333553(+)	ZNF563	tf_targeting		
ZNF563#chr19:12333593-12333611(+)	ZNF563	tf_targeting		
ZNF564#chr19:12551173-12551191(+)	ZNF564	tf_targeting		
ZNF564#chr19:12551229-12551247(-)	ZNF564	tf_targeting		
ZNF564#chr19:12551367-12551385(-)	ZNF564	tf_targeting		
ZNF564#chr19:12551395-12551413(+)	ZNF564	tf_targeting		
ZNF564#chr19:12551444-12551462(+)	ZNF564	tf_targeting		
ZNF565#chr19:36214555-36214573(+)	ZNF565	tf_targeting		
ZNF565#chr19:36214631-36214649(-)	ZNF565	tf_targeting		
ZNF565#chr19:36214634-36214652(-)	ZNF565	tf_targeting		
ZNF565#chr19:36214647-36214665(-)	ZNF565	tf_targeting		
ZNF565#chr19:36214810-36214828(-)	ZNF565	tf_targeting		
ZNF565#chr19:36214895-36214913(+)	ZNF565	tf_targeting		
ZNF566#chr19:36489319-36489337(+)	ZNF566	tf_targeting		
ZNF566#chr19:36489458-36489476(+)	ZNF566	tf_targeting		
ZNF566#chr19:36489483-36489501(-)	ZNF566	tf_targeting		
ZNF566#chr19:36489502-36489520(+)	ZNF566	tf_targeting		
ZNF566#chr19:36489509-36489527(-)	ZNF566	tf_targeting		
ZNF566#chr19:36489542-36489560(-)	ZNF566	tf_targeting		
ZNF567#chr19:36687619-36687637(+)	ZNF567	tf_targeting		
ZNF567#chr19:36687623-36687641(+)	ZNF567	tf_targeting		
ZNF567#chr19:36687627-36687645(+)	ZNF567	tf_targeting		
ZNF567#chr19:36687636-36687654(+)	ZNF567	tf_targeting		
ZNF567#chr19:36687647-36687665(+)	ZNF567	tf_targeting		
ZNF567#chr19:36687792-36687810(+)	ZNF567	tf_targeting		
ZNF568#chr19:36916351-36916369(+)	ZNF568	tf_targeting		
ZNF568#chr19:36916398-36916416(-)	ZNF568	tf_targeting		
ZNF568#chr19:36916413-36916431(-)	ZNF568	tf_targeting		
ZNF568#chr19:36916541-36916559(+)	ZNF568	tf_targeting		
ZNF568#chr19:36916547-36916565(+)	ZNF568	tf_targeting		
ZNF568#chr19:36916571-36916589(+)	ZNF568	tf_targeting		
ZNF569#chr19:37466947-37466965(+)	ZNF569	tf_targeting		
ZNF569#chr19:37467166-37467184(+)	ZNF569	tf_targeting		
ZNF569#chr19:37467191-37467209(+)	ZNF569	tf_targeting		
ZNF569#chr19:37467203-37467221(-)	ZNF569	tf_targeting		
ZNF569#chr19:37467206-37467224(+)	ZNF569	tf_targeting		
ZNF569#chr19:37467217-37467235(-)	ZNF569	tf_targeting		
ZNF57#chr19:2900952-2900970(-)	ZNF57	tf_targeting		
ZNF57#chr19:2900966-2900984(-)	ZNF57	tf_targeting		
ZNF57#chr19:2900976-2900994(-)	ZNF57	tf_targeting		
ZNF57#chr19:2900982-2901000(-)	ZNF57	tf_targeting		
ZNF57#chr19:2901002-2901020(+)	ZNF57	tf_targeting		
ZNF57#chr19:2901007-2901025(-)	ZNF57	tf_targeting		
ZNF570#chr19:37467515-37467533(-)	ZNF570	tf_targeting		
ZNF570#chr19:37467537-37467555(+)	ZNF570	tf_targeting		
ZNF570#chr19:37467545-37467563(+)	ZNF570	tf_targeting		
ZNF570#chr19:37467612-37467630(+)	ZNF570	tf_targeting		
ZNF570#chr19:37467671-37467689(+)	ZNF570	tf_targeting		
ZNF570#chr19:37467682-37467700(+)	ZNF570	tf_targeting		
ZNF570#chr19:37469357-37469375(+)	ZNF570	tf_targeting		
ZNF570#chr19:37469379-37469397(+)	ZNF570	tf_targeting		
ZNF570#chr19:37469385-37469403(+)	ZNF570	tf_targeting		
ZNF570#chr19:37469393-37469411(-)	ZNF570	tf_targeting		
ZNF570#chr19:37469415-37469433(-)	ZNF570	tf_targeting		
ZNF570#chr19:37469615-37469633(+)	ZNF570	tf_targeting		
ZNF571#chr19:37594338-37594356(+)	ZNF571	tf_targeting		
ZNF571#chr19:37594536-37594554(+)	ZNF571	tf_targeting		
ZNF571#chr19:37594695-37594713(+)	ZNF571	tf_targeting		
ZNF571#chr19:37594702-37594720(+)	ZNF571	tf_targeting		
ZNF571#chr19:37594707-37594725(+)	ZNF571	tf_targeting		
ZNF571#chr19:37594723-37594741(-)	ZNF571	tf_targeting		
ZNF572#chr8:124973307-124973325(-)	ZNF572	tf_targeting		
ZNF572#chr8:124973317-124973335(+)	ZNF572	tf_targeting		
ZNF572#chr8:124973321-124973339(+)	ZNF572	tf_targeting		
ZNF572#chr8:124973369-124973387(-)	ZNF572	tf_targeting		
ZNF572#chr8:124973372-124973390(-)	ZNF572	tf_targeting		
ZNF572#chr8:124973483-124973501(+)	ZNF572	tf_targeting		
ZNF573#chr19:37779354-37779372(-)	ZNF573	tf_targeting		
ZNF573#chr19:37779406-37779424(-)	ZNF573	tf_targeting		
ZNF573#chr19:37779553-37779571(+)	ZNF573	tf_targeting		
ZNF573#chr19:37779567-37779585(+)	ZNF573	tf_targeting		
ZNF573#chr19:37779581-37779599(-)	ZNF573	tf_targeting		
ZNF573#chr19:37779897-37779915(+)	ZNF573	tf_targeting		
ZNF574#chr19:42076166-42076184(+)	ZNF574	tf_targeting		
ZNF574#chr19:42076173-42076191(+)	ZNF574	tf_targeting		
ZNF574#chr19:42076179-42076197(+)	ZNF574	tf_targeting		
ZNF574#chr19:42076194-42076212(+)	ZNF574	tf_targeting		
ZNF574#chr19:42076207-42076225(+)	ZNF574	tf_targeting		
ZNF574#chr19:42076211-42076229(+)	ZNF574	tf_targeting		
ZNF574#chr19:42079194-42079212(-)	ZNF574	tf_targeting		
ZNF574#chr19:42079210-42079228(+)	ZNF574	tf_targeting		
ZNF574#chr19:42079213-42079231(+)	ZNF574	tf_targeting		
ZNF574#chr19:42079393-42079411(-)	ZNF574	tf_targeting		
ZNF574#chr19:42079481-42079499(+)	ZNF574	tf_targeting		
ZNF574#chr19:42079570-42079588(-)	ZNF574	tf_targeting		
ZNF575#chr19:43533413-43533431(+)	ZNF575	tf_targeting		
ZNF575#chr19:43533423-43533441(-)	ZNF575	tf_targeting		
ZNF575#chr19:43533467-43533485(-)	ZNF575	tf_targeting		
ZNF575#chr19:43533473-43533491(-)	ZNF575	tf_targeting		
ZNF575#chr19:43533651-43533669(+)	ZNF575	tf_targeting		
ZNF575#chr19:43533782-43533800(-)	ZNF575	tf_targeting		
ZNF576#chr19:43596605-43596623(+)	ZNF576	tf_targeting		
ZNF576#chr19:43596617-43596635(+)	ZNF576	tf_targeting		
ZNF576#chr19:43596622-43596640(-)	ZNF576	tf_targeting		
ZNF576#chr19:43596625-43596643(+)	ZNF576	tf_targeting		
ZNF576#chr19:43596649-43596667(+)	ZNF576	tf_targeting		
ZNF576#chr19:43596965-43596983(+)	ZNF576	tf_targeting		
ZNF577#chr19:51887666-51887684(+)	ZNF577	tf_targeting	-0.49449244	0.2348510338808353
ZNF577#chr19:51887851-51887869(+)	ZNF577	tf_targeting	-0.5564442	0.2728826389505291
ZNF577#chr19:51887898-51887916(-)	ZNF577	tf_targeting	0.06559619	0.9316715338878978
ZNF577#chr19:51887908-51887926(-)	ZNF577	tf_targeting	0.024830759	0.9248128716324592
ZNF577#chr19:51887911-51887929(-)	ZNF577	tf_targeting	-0.39385587	0.1137193022723597
ZNF577#chr19:51887922-51887940(-)	ZNF577	tf_targeting	0.2250574	0.6473144953541037
ZNF578#chr19:52453566-52453584(+)	ZNF578	tf_targeting		
ZNF578#chr19:52453578-52453596(+)	ZNF578	tf_targeting		
ZNF578#chr19:52453593-52453611(-)	ZNF578	tf_targeting		
ZNF578#chr19:52453620-52453638(-)	ZNF578	tf_targeting		
ZNF578#chr19:52453797-52453815(-)	ZNF578	tf_targeting		
ZNF578#chr19:52453854-52453872(-)	ZNF578	tf_targeting		
ZNF579#chr19:55580641-55580659(+)	ZNF579	tf_targeting	-1.2241225	0.1289938188816814
ZNF579#chr19:55580786-55580804(+)	ZNF579	tf_targeting	-0.8467471	0.1356710003236064
ZNF579#chr19:55580822-55580840(+)	ZNF579	tf_targeting	-2.606923	9.527862209397288e-09
ZNF579#chr19:55580826-55580844(+)	ZNF579	tf_targeting	-2.8623185	2.9574816775153768e-06
ZNF579#chr19:55580829-55580847(+)	ZNF579	tf_targeting	-1.3554108	0.0067141532392671
ZNF579#chr19:55580832-55580850(+)	ZNF579	tf_targeting	-1.8551488	0.0164650341641807
ZNF580#chr19:55635027-55635045(+)	ZNF580	tf_targeting	-0.6750779	0.2267779243749511
ZNF580#chr19:55635035-55635053(+)	ZNF580	tf_targeting	0.10152964	0.8380862563656587
ZNF580#chr19:55635048-55635066(+)	ZNF580	tf_targeting	-0.30454686	0.2899015634460316
ZNF580#chr19:55635055-55635073(-)	ZNF580	tf_targeting	0.042162426	0.7688103067409015
ZNF580#chr19:55635058-55635076(+)	ZNF580	tf_targeting	0.029684644	0.9100432629244593
ZNF580#chr19:55635199-55635217(+)	ZNF580	tf_targeting	0.14144106	0.4094172191399912
ZNF580#chr19:55641046-55641064(-)	ZNF580	tf_targeting	-0.1331597	0.8278523690583575
ZNF580#chr19:55641076-55641094(+)	ZNF580	tf_targeting	-0.6433877	0.0600572785035777
ZNF580#chr19:55641087-55641105(-)	ZNF580	tf_targeting	-3.068759	0.0040007786250549
ZNF580#chr19:55641103-55641121(-)	ZNF580	tf_targeting	-1.6031185	0.0163736469821627
ZNF580#chr19:55641106-55641124(-)	ZNF580	tf_targeting	-2.9159756	0.0035527140575852
ZNF580#chr19:55641257-55641275(+)	ZNF580	tf_targeting	-2.157454	0.0033718267769377
ZNF581#chr19:55643639-55643657(-)	ZNF581	tf_targeting		
ZNF581#chr19:55643658-55643676(+)	ZNF581	tf_targeting		
ZNF581#chr19:55643667-55643685(-)	ZNF581	tf_targeting		
ZNF581#chr19:55643670-55643688(-)	ZNF581	tf_targeting		
ZNF581#chr19:55643687-55643705(-)	ZNF581	tf_targeting		
ZNF581#chr19:55643696-55643714(-)	ZNF581	tf_targeting		
ZNF582#chr19:56393453-56393471(+)	ZNF582	tf_targeting		
ZNF582#chr19:56393491-56393509(+)	ZNF582	tf_targeting		
ZNF582#chr19:56393500-56393518(+)	ZNF582	tf_targeting		
ZNF582#chr19:56393507-56393525(-)	ZNF582	tf_targeting		
ZNF582#chr19:56393510-56393528(-)	ZNF582	tf_targeting		
ZNF582#chr19:56393518-56393536(-)	ZNF582	tf_targeting		
ZNF583#chr19:56404081-56404099(+)	ZNF583	tf_targeting		
ZNF583#chr19:56404091-56404109(+)	ZNF583	tf_targeting		
ZNF583#chr19:56404314-56404332(+)	ZNF583	tf_targeting		
ZNF583#chr19:56404331-56404349(-)	ZNF583	tf_targeting		
ZNF583#chr19:56404347-56404365(-)	ZNF583	tf_targeting		
ZNF583#chr19:56404423-56404441(+)	ZNF583	tf_targeting		
ZNF584#chr19:58408681-58408699(+)	ZNF584	tf_targeting		
ZNF584#chr19:58408687-58408705(-)	ZNF584	tf_targeting		
ZNF584#chr19:58408690-58408708(+)	ZNF584	tf_targeting		
ZNF584#chr19:58408749-58408767(-)	ZNF584	tf_targeting		
ZNF584#chr19:58408845-58408863(+)	ZNF584	tf_targeting		
ZNF584#chr19:58408928-58408946(-)	ZNF584	tf_targeting		
ZNF585A#chr19:37172579-37172597(-)	ZNF585A	tf_targeting		
ZNF585A#chr19:37172627-37172645(+)	ZNF585A	tf_targeting		
ZNF585A#chr19:37172655-37172673(+)	ZNF585A	tf_targeting		
ZNF585A#chr19:37172666-37172684(-)	ZNF585A	tf_targeting		
ZNF585A#chr19:37172669-37172687(+)	ZNF585A	tf_targeting		
ZNF585A#chr19:37172688-37172706(-)	ZNF585A	tf_targeting		
ZNF585B#chr19:37210319-37210337(+)	ZNF585B	tf_targeting		
ZNF585B#chr19:37210444-37210462(+)	ZNF585B	tf_targeting		
ZNF585B#chr19:37210478-37210496(+)	ZNF585B	tf_targeting		
ZNF585B#chr19:37210495-37210513(+)	ZNF585B	tf_targeting		
ZNF585B#chr19:37210511-37210529(-)	ZNF585B	tf_targeting		
ZNF585B#chr19:37210551-37210569(-)	ZNF585B	tf_targeting		
ZNF586#chr19:57769688-57769706(+)	ZNF586	tf_targeting	-0.06023006	0.7880685828406995
ZNF586#chr19:57769699-57769717(+)	ZNF586	tf_targeting	-0.12242724	0.7603260822464588
ZNF586#chr19:57769702-57769720(+)	ZNF586	tf_targeting	-0.19977975	0.4531514315991155
ZNF586#chr19:57769707-57769725(+)	ZNF586	tf_targeting	0.18363376	0.8290683327222206
ZNF586#chr19:57769859-57769877(-)	ZNF586	tf_targeting	0.20026216	0.632727637265059
ZNF586#chr19:57769912-57769930(-)	ZNF586	tf_targeting	0.037227508	0.97016140085128
ZNF587#chr19:57849864-57849882(+)	ZNF587	tf_targeting		
ZNF587#chr19:57850065-57850083(-)	ZNF587	tf_targeting		
ZNF587#chr19:57850148-57850166(-)	ZNF587	tf_targeting		
ZNF587#chr19:57850207-57850225(-)	ZNF587	tf_targeting		
ZNF587#chr19:57850253-57850271(+)	ZNF587	tf_targeting		
ZNF587#chr19:57850312-57850330(-)	ZNF587	tf_targeting		
ZNF587B#chr19:57830307-57830325(+)	ZNF587B	tf_targeting		
ZNF587B#chr19:57830390-57830408(-)	ZNF587B	tf_targeting		
ZNF587B#chr19:57830531-57830549(+)	ZNF587B	tf_targeting		
ZNF587B#chr19:57830628-57830646(+)	ZNF587B	tf_targeting		
ZNF587B#chr19:57830640-57830658(+)	ZNF587B	tf_targeting		
ZNF587B#chr19:57830823-57830841(+)	ZNF587B	tf_targeting		
ZNF589#chr3:48241142-48241160(-)	ZNF589	tf_targeting	-2.0069044	0.0242632823509455
ZNF589#chr3:48241179-48241197(+)	ZNF589	tf_targeting	-1.3079427	0.0009108606014695
ZNF589#chr3:48241276-48241294(+)	ZNF589	tf_targeting	-1.6937687	0.0051486829690639
ZNF589#chr3:48241325-48241343(+)	ZNF589	tf_targeting	-1.0897677	0.1104122331704299
ZNF589#chr3:48241338-48241356(-)	ZNF589	tf_targeting	-0.7111245	0.1792979793382552
ZNF589#chr3:48241379-48241397(-)	ZNF589	tf_targeting	-1.0756932	0.0456206923440276
ZNF592#chr15:84748588-84748606(-)	ZNF592	tf_targeting	-1.6376113	3.218234051914529e-05
ZNF592#chr15:84748602-84748620(-)	ZNF592	tf_targeting	-3.2549357	0.0006024868448751
ZNF592#chr15:84748617-84748635(+)	ZNF592	tf_targeting	-3.0104458	5.588234230917851e-07
ZNF592#chr15:84748630-84748648(-)	ZNF592	tf_targeting	-1.4334226	0.0087236119007257
ZNF592#chr15:84748829-84748847(-)	ZNF592	tf_targeting	-0.13628533	0.4787003583441136
ZNF592#chr15:84748957-84748975(+)	ZNF592	tf_targeting	-0.27643973	0.6081736399289552
ZNF593#chr1:26169886-26169904(-)	ZNF593	tf_targeting	-1.3377414	0.0474054553908249
ZNF593#chr1:26169958-26169976(-)	ZNF593	tf_targeting	-0.6622126	0.1367557538531023
ZNF593#chr1:26169998-26170016(-)	ZNF593	tf_targeting	-0.8135819	0.0931410568228802
ZNF593#chr1:26170310-26170328(-)	ZNF593	tf_targeting	-0.12517264	0.8201616800607898
ZNF593#chr1:26170329-26170347(+)	ZNF593	tf_targeting	-0.65271455	0.4907941506981971
ZNF593#chr1:26170352-26170370(+)	ZNF593	tf_targeting	-0.45405903	0.3710574772756851
ZNF594#chr17:5191773-5191791(+)	ZNF594	tf_targeting		
ZNF594#chr17:5191787-5191805(+)	ZNF594	tf_targeting		
ZNF594#chr17:5191793-5191811(+)	ZNF594	tf_targeting		
ZNF594#chr17:5191798-5191816(-)	ZNF594	tf_targeting		
ZNF594#chr17:5191827-5191845(-)	ZNF594	tf_targeting		
ZNF594#chr17:5191867-5191885(-)	ZNF594	tf_targeting		
ZNF596#chr8:232385-232403(+)	ZNF596	tf_targeting	0.18067831	0.5573774551410475
ZNF596#chr8:232453-232471(-)	ZNF596	tf_targeting	-0.26483288	0.1879428070199713
ZNF596#chr8:232586-232604(-)	ZNF596	tf_targeting	-0.15432376	0.5922499018044294
ZNF596#chr8:232872-232890(+)	ZNF596	tf_targeting	-0.38388872	0.4725747250909451
ZNF596#chr8:232878-232896(+)	ZNF596	tf_targeting	-0.06211283	0.9140727766900812
ZNF596#chr8:232886-232904(-)	ZNF596	tf_targeting	-0.52779585	0.2924488629895421
ZNF597#chr16:3443253-3443271(-)	ZNF597	tf_targeting		
ZNF597#chr16:3443270-3443288(-)	ZNF597	tf_targeting		
ZNF597#chr16:3443276-3443294(-)	ZNF597	tf_targeting		
ZNF597#chr16:3443426-3443444(+)	ZNF597	tf_targeting		
ZNF597#chr16:3443451-3443469(-)	ZNF597	tf_targeting		
ZNF597#chr16:3443464-3443482(-)	ZNF597	tf_targeting		
ZNF598#chr16:2009590-2009608(+)	ZNF598	tf_targeting		
ZNF598#chr16:2009744-2009762(-)	ZNF598	tf_targeting		
ZNF598#chr16:2009752-2009770(+)	ZNF598	tf_targeting		
ZNF598#chr16:2009756-2009774(+)	ZNF598	tf_targeting		
ZNF598#chr16:2009765-2009783(-)	ZNF598	tf_targeting		
ZNF598#chr16:2009768-2009786(-)	ZNF598	tf_targeting		
ZNF599#chr19:34773139-34773157(-)	ZNF599	tf_targeting		
ZNF599#chr19:34773148-34773166(+)	ZNF599	tf_targeting		
ZNF599#chr19:34773157-34773175(-)	ZNF599	tf_targeting		
ZNF599#chr19:34773177-34773195(+)	ZNF599	tf_targeting		
ZNF599#chr19:34773185-34773203(-)	ZNF599	tf_targeting		
ZNF599#chr19:34773188-34773206(+)	ZNF599	tf_targeting		
ZNF600#chr19:52786280-52786298(+)	ZNF600	tf_targeting		
ZNF600#chr19:52786330-52786348(+)	ZNF600	tf_targeting		
ZNF600#chr19:52786368-52786386(+)	ZNF600	tf_targeting		
ZNF600#chr19:52786652-52786670(-)	ZNF600	tf_targeting		
ZNF600#chr19:52786722-52786740(+)	ZNF600	tf_targeting		
ZNF600#chr19:52786771-52786789(-)	ZNF600	tf_targeting		
ZNF605#chr12:132956111-132956129(+)	ZNF605	tf_targeting		
ZNF605#chr12:132956224-132956242(-)	ZNF605	tf_targeting		
ZNF605#chr12:132956239-132956257(-)	ZNF605	tf_targeting		
ZNF605#chr12:132956245-132956263(-)	ZNF605	tf_targeting		
ZNF605#chr12:132956264-132956282(+)	ZNF605	tf_targeting		
ZNF605#chr12:132956330-132956348(+)	ZNF605	tf_targeting		
ZNF606#chr19:58002729-58002747(+)	ZNF606	tf_targeting	-3.4443128	0.0001243195910542
ZNF606#chr19:58002732-58002750(+)	ZNF606	tf_targeting	-1.2542877	0.0069611757733199
ZNF606#chr19:58002765-58002783(-)	ZNF606	tf_targeting	-2.5246816	0.0036049378499949
ZNF606#chr19:58002777-58002795(-)	ZNF606	tf_targeting	-2.3753364	0.0034637076736814
ZNF606#chr19:58002779-58002797(+)	ZNF606	tf_targeting	-2.047265	0.0003943081204889
ZNF606#chr19:58002788-58002806(-)	ZNF606	tf_targeting	-1.9092523	0.0007458732127036
ZNF607#chr19:37719376-37719394(+)	ZNF607	tf_targeting		
ZNF607#chr19:37719632-37719650(+)	ZNF607	tf_targeting		
ZNF607#chr19:37719685-37719703(-)	ZNF607	tf_targeting		
ZNF607#chr19:37719707-37719725(-)	ZNF607	tf_targeting		
ZNF607#chr19:37719724-37719742(-)	ZNF607	tf_targeting		
ZNF607#chr19:37719732-37719750(-)	ZNF607	tf_targeting		
ZNF608#chr5:124746563-124746581(-)	ZNF608	tf_targeting	-0.6103184	0.0061097265751695
ZNF608#chr5:124746566-124746584(-)	ZNF608	tf_targeting	-1.0113369	0.0008932828685793
ZNF608#chr5:124746575-124746593(-)	ZNF608	tf_targeting	-0.124770835	0.4649957561681563
ZNF608#chr5:124746591-124746609(-)	ZNF608	tf_targeting	-1.0446028	0.0016320223750702
ZNF608#chr5:124746604-124746622(+)	ZNF608	tf_targeting	-1.1972454	0.0008602901652144
ZNF608#chr5:124746632-124746650(-)	ZNF608	tf_targeting	-0.910244	4.598868602666831e-06
ZNF608#chr5:124748433-124748451(-)	ZNF608	tf_targeting	-0.69434214	0.0006007610618723
ZNF608#chr5:124748477-124748495(-)	ZNF608	tf_targeting	-1.1022044	6.14226307372173e-07
ZNF608#chr5:124748732-124748750(-)	ZNF608	tf_targeting	-0.12431791	0.6738438278384198
ZNF608#chr5:124748755-124748773(+)	ZNF608	tf_targeting	-0.33089358	0.0714707243306139
ZNF608#chr5:124748787-124748805(+)	ZNF608	tf_targeting	-0.75782764	0.0564255367362266
ZNF608#chr5:124748830-124748848(-)	ZNF608	tf_targeting	-1.0986577	1.900491316513455e-05
ZNF609#chr15:64499308-64499326(-)	ZNF609	tf_targeting	0.10994317	0.6566279591265138
ZNF609#chr15:64499310-64499328(+)	ZNF609	tf_targeting	0.321244	0.001478419215333
ZNF609#chr15:64499314-64499332(+)	ZNF609	tf_targeting	-0.35728046	0.3809164046980254
ZNF609#chr15:64499326-64499344(-)	ZNF609	tf_targeting	-0.05909282	0.8240569242485066
ZNF609#chr15:64499469-64499487(+)	ZNF609	tf_targeting	0.029589057	0.8750488931209712
ZNF609#chr15:64499607-64499625(-)	ZNF609	tf_targeting	-0.054650083	0.8198470397717921
ZNF610#chr19:52336284-52336302(-)	ZNF610	tf_targeting		
ZNF610#chr19:52336351-52336369(-)	ZNF610	tf_targeting		
ZNF610#chr19:52336487-52336505(-)	ZNF610	tf_targeting		
ZNF610#chr19:52336558-52336576(-)	ZNF610	tf_targeting		
ZNF610#chr19:52336675-52336693(+)	ZNF610	tf_targeting		
ZNF610#chr19:52336751-52336769(-)	ZNF610	tf_targeting		
ZNF611#chr19:52734629-52734647(+)	ZNF611	tf_targeting	-1.1784375	0.0309062824413036
ZNF611#chr19:52734679-52734697(+)	ZNF611	tf_targeting	-0.38882998	0.1185442514097545
ZNF611#chr19:52734723-52734741(+)	ZNF611	tf_targeting	-1.2438037	0.0013712505028918
ZNF611#chr19:52734854-52734872(-)	ZNF611	tf_targeting	-3.4478505	5.028086010218135e-10
ZNF611#chr19:52734953-52734971(-)	ZNF611	tf_targeting	-0.54468584	0.1623684908759887
ZNF611#chr19:52735003-52735021(-)	ZNF611	tf_targeting	-3.4884324	3.76771216800995e-05
ZNF613#chr19:51927443-51927461(-)	ZNF613	tf_targeting		
ZNF613#chr19:51927446-51927464(-)	ZNF613	tf_targeting		
ZNF613#chr19:51927473-51927491(+)	ZNF613	tf_targeting		
ZNF613#chr19:51927499-51927517(+)	ZNF613	tf_targeting		
ZNF613#chr19:51927503-51927521(+)	ZNF613	tf_targeting		
ZNF613#chr19:51927685-51927703(-)	ZNF613	tf_targeting		
ZNF614#chr19:52028250-52028268(+)	ZNF614	tf_targeting		
ZNF614#chr19:52028312-52028330(-)	ZNF614	tf_targeting		
ZNF614#chr19:52028350-52028368(+)	ZNF614	tf_targeting		
ZNF614#chr19:52028355-52028373(+)	ZNF614	tf_targeting		
ZNF614#chr19:52028362-52028380(+)	ZNF614	tf_targeting		
ZNF614#chr19:52028393-52028411(-)	ZNF614	tf_targeting		
ZNF615#chr19:52008137-52008155(+)	ZNF615	tf_targeting		
ZNF615#chr19:52008147-52008165(-)	ZNF615	tf_targeting		
ZNF615#chr19:52008168-52008186(-)	ZNF615	tf_targeting		
ZNF615#chr19:52008181-52008199(-)	ZNF615	tf_targeting		
ZNF615#chr19:52008188-52008206(+)	ZNF615	tf_targeting		
ZNF615#chr19:52008192-52008210(+)	ZNF615	tf_targeting		
ZNF616#chr19:52139499-52139517(+)	ZNF616	tf_targeting		
ZNF616#chr19:52139801-52139819(+)	ZNF616	tf_targeting		
ZNF616#chr19:52139886-52139904(+)	ZNF616	tf_targeting		
ZNF616#chr19:52139897-52139915(+)	ZNF616	tf_targeting		
ZNF616#chr19:52139911-52139929(-)	ZNF616	tf_targeting		
ZNF616#chr19:52139916-52139934(-)	ZNF616	tf_targeting		
ZNF618#chr9:113876242-113876260(-)	ZNF618	tf_targeting	0.11386236	0.6748257832049918
ZNF618#chr9:113876365-113876383(-)	ZNF618	tf_targeting	-2.326541	9.691758650641153e-09
ZNF618#chr9:113876376-113876394(+)	ZNF618	tf_targeting	-1.5488706	0.0007130262387096
ZNF618#chr9:113876381-113876399(-)	ZNF618	tf_targeting	-1.7554922	2.27874141943137e-05
ZNF618#chr9:113876439-113876457(+)	ZNF618	tf_targeting	-0.24852577	0.7976970785249766
ZNF618#chr9:113876523-113876541(+)	ZNF618	tf_targeting	-2.6442764	0.0013326580746643
ZNF619#chr3:40477174-40477192(+)	ZNF619	tf_targeting		
ZNF619#chr3:40477193-40477211(-)	ZNF619	tf_targeting		
ZNF619#chr3:40477202-40477220(-)	ZNF619	tf_targeting		
ZNF619#chr3:40477204-40477222(+)	ZNF619	tf_targeting		
ZNF619#chr3:40477241-40477259(-)	ZNF619	tf_targeting		
ZNF619#chr3:40477331-40477349(+)	ZNF619	tf_targeting		
ZNF620#chr3:40506098-40506116(-)	ZNF620	tf_targeting		
ZNF620#chr3:40506105-40506123(+)	ZNF620	tf_targeting		
ZNF620#chr3:40506112-40506130(+)	ZNF620	tf_targeting		
ZNF620#chr3:40506118-40506136(+)	ZNF620	tf_targeting		
ZNF620#chr3:40506129-40506147(+)	ZNF620	tf_targeting		
ZNF620#chr3:40506138-40506156(-)	ZNF620	tf_targeting		
ZNF621#chr3:40524961-40524979(-)	ZNF621	tf_targeting	-0.90538406	0.1286106572288204
ZNF621#chr3:40524975-40524993(-)	ZNF621	tf_targeting	-1.3656425	0.0069504319850986
ZNF621#chr3:40524994-40525012(+)	ZNF621	tf_targeting	-1.3763403	0.0482045449090068
ZNF621#chr3:40525038-40525056(-)	ZNF621	tf_targeting	-2.0155344	0.0023378847089604
ZNF621#chr3:40525125-40525143(-)	ZNF621	tf_targeting	-1.5027055	0.0115452190523945
ZNF621#chr3:40525152-40525170(+)	ZNF621	tf_targeting	-0.33244383	0.1334700976110124
ZNF623#chr8:143636041-143636059(+)	ZNF623	tf_targeting		
ZNF623#chr8:143636054-143636072(+)	ZNF623	tf_targeting		
ZNF623#chr8:143636081-143636099(+)	ZNF623	tf_targeting		
ZNF623#chr8:143636085-143636103(-)	ZNF623	tf_targeting		
ZNF623#chr8:143636089-143636107(+)	ZNF623	tf_targeting		
ZNF623#chr8:143636207-143636225(+)	ZNF623	tf_targeting		
ZNF624#chr17:16653731-16653749(+)	ZNF624	tf_targeting		
ZNF624#chr17:16653746-16653764(+)	ZNF624	tf_targeting		
ZNF624#chr17:16653760-16653778(+)	ZNF624	tf_targeting		
ZNF624#chr17:16653771-16653789(+)	ZNF624	tf_targeting		
ZNF624#chr17:16653790-16653808(+)	ZNF624	tf_targeting		
ZNF624#chr17:16653808-16653826(+)	ZNF624	tf_targeting		
ZNF625#chr19:12156627-12156645(+)	ZNF625	tf_targeting		
ZNF625#chr19:12156630-12156648(+)	ZNF625	tf_targeting		
ZNF625#chr19:12156666-12156684(-)	ZNF625	tf_targeting		
ZNF625#chr19:12156683-12156701(+)	ZNF625	tf_targeting		
ZNF625#chr19:12156697-12156715(-)	ZNF625	tf_targeting		
ZNF626#chr19:20661066-20661084(+)	ZNF626	tf_targeting		
ZNF626#chr19:20661223-20661241(-)	ZNF626	tf_targeting		
ZNF626#chr19:20661503-20661521(+)	ZNF626	tf_targeting		
ZNF626#chr19:20661522-20661540(-)	ZNF626	tf_targeting		
ZNF626#chr19:20661528-20661546(+)	ZNF626	tf_targeting		
ZNF626#chr19:20661590-20661608(-)	ZNF626	tf_targeting		
ZNF627#chr19:11597454-11597472(+)	ZNF627	tf_targeting	-2.8647885	0.0047006105234417
ZNF627#chr19:11597481-11597499(-)	ZNF627	tf_targeting	-0.45870224	0.2304212983806912
ZNF627#chr19:11597497-11597515(-)	ZNF627	tf_targeting	-1.773842	0.0731879352957963
ZNF627#chr19:11597521-11597539(-)	ZNF627	tf_targeting	-1.7802533	0.0189651779228489
ZNF627#chr19:11597537-11597555(-)	ZNF627	tf_targeting	-2.863972	0.0052177792288702
ZNF627#chr19:11597552-11597570(-)	ZNF627	tf_targeting	-1.2536256	0.0084867616863856
ZNF628#chr19:55476626-55476644(+)	ZNF628	tf_targeting		
ZNF628#chr19:55476631-55476649(+)	ZNF628	tf_targeting		
ZNF628#chr19:55476638-55476656(-)	ZNF628	tf_targeting		
ZNF628#chr19:55476641-55476659(-)	ZNF628	tf_targeting		
ZNF628#chr19:55476672-55476690(-)	ZNF628	tf_targeting		
ZNF628#chr19:55476803-55476821(+)	ZNF628	tf_targeting		
ZNF629#chr16:30786960-30786978(-)	ZNF629	tf_targeting	-3.3105915	1.0389941456976791e-05
ZNF629#chr16:30787095-30787113(+)	ZNF629	tf_targeting	0.33014545	0.4880916011500354
ZNF629#chr16:30787110-30787128(+)	ZNF629	tf_targeting	0.18414111	0.4038219729672749
ZNF629#chr16:30787136-30787154(+)	ZNF629	tf_targeting	-0.39588922	0.4584783268087612
ZNF629#chr16:30787168-30787186(-)	ZNF629	tf_targeting	-0.93277884	0.1463410148082483
ZNF629#chr16:30787170-30787188(+)	ZNF629	tf_targeting	-0.14951195	0.8127706249437827
ZNF630#chrX:48071350-48071368(+)	ZNF630	tf_targeting		
ZNF630#chrX:48071587-48071605(+)	ZNF630	tf_targeting		
ZNF630#chrX:48071613-48071631(+)	ZNF630	tf_targeting		
ZNF630#chrX:48071622-48071640(-)	ZNF630	tf_targeting		
ZNF630#chrX:48071633-48071651(-)	ZNF630	tf_targeting		
ZNF630#chrX:48071643-48071661(+)	ZNF630	tf_targeting		
ZNF639#chr3:179322853-179322871(+)	ZNF639	tf_targeting	0.04250205	0.928545166448765
ZNF639#chr3:179323013-179323031(+)	ZNF639	tf_targeting	-0.4146055	0.5342575959033623
ZNF639#chr3:179323029-179323047(-)	ZNF639	tf_targeting	-1.3891225	0.0001247232245908
ZNF639#chr3:179323047-179323065(+)	ZNF639	tf_targeting	0.16258591	0.4212386648704177
ZNF639#chr3:179323223-179323241(-)	ZNF639	tf_targeting	-2.4097338	0.0109537422640207
ZNF639#chr3:179323253-179323271(-)	ZNF639	tf_targeting	-2.4600658	4.049924412777806e-06
ZNF641#chr12:48350788-48350806(-)	ZNF641	tf_targeting		
ZNF641#chr12:48350850-48350868(-)	ZNF641	tf_targeting		
ZNF641#chr12:48350853-48350871(-)	ZNF641	tf_targeting		
ZNF641#chr12:48350857-48350875(-)	ZNF641	tf_targeting		
ZNF641#chr12:48350879-48350897(+)	ZNF641	tf_targeting		
ZNF641#chr12:48350885-48350903(+)	ZNF641	tf_targeting		
ZNF644#chr1:91021414-91021432(+)	ZNF644	tf_targeting	-1.7511376	0.0239700401466877
ZNF644#chr1:91021604-91021622(-)	ZNF644	tf_targeting	-2.2798145	1.4554610242067109e-21
ZNF644#chr1:91021610-91021628(-)	ZNF644	tf_targeting	-1.966694	2.945922679645381e-20
ZNF644#chr1:91021792-91021810(-)	ZNF644	tf_targeting	-2.1770282	2.6789942556429118e-09
ZNF644#chr1:91022002-91022020(-)	ZNF644	tf_targeting	-1.9110055	3.76377930620275e-23
ZNF644#chr1:91022058-91022076(-)	ZNF644	tf_targeting	-1.0929576	5.011420199677155e-07
ZNF645#chrX:22272967-22272985(+)	ZNF645	tf_targeting		
ZNF645#chrX:22272986-22273004(-)	ZNF645	tf_targeting		
ZNF645#chrX:22273007-22273025(-)	ZNF645	tf_targeting		
ZNF645#chrX:22273038-22273056(+)	ZNF645	tf_targeting		
ZNF645#chrX:22273283-22273301(+)	ZNF645	tf_targeting		
ZNF645#chrX:22273296-22273314(+)	ZNF645	tf_targeting		
ZNF646#chr16:31074431-31074449(+)	ZNF646	tf_targeting		
ZNF646#chr16:31074464-31074482(-)	ZNF646	tf_targeting		
ZNF646#chr16:31074475-31074493(-)	ZNF646	tf_targeting		
ZNF646#chr16:31074611-31074629(+)	ZNF646	tf_targeting		
ZNF646#chr16:31074714-31074732(-)	ZNF646	tf_targeting		
ZNF646#chr16:31074819-31074837(+)	ZNF646	tf_targeting		
ZNF648#chr1:182061243-182061261(-)	ZNF648	tf_targeting		
ZNF648#chr1:182061627-182061645(+)	ZNF648	tf_targeting		
ZNF648#chr1:182061683-182061701(+)	ZNF648	tf_targeting		
ZNF648#chr1:182061696-182061714(-)	ZNF648	tf_targeting		
ZNF648#chr1:182061705-182061723(+)	ZNF648	tf_targeting		
ZNF648#chr1:182061708-182061726(+)	ZNF648	tf_targeting		
ZNF649#chr19:51904785-51904803(+)	ZNF649	tf_targeting		
ZNF649#chr19:51904801-51904819(+)	ZNF649	tf_targeting		
ZNF649#chr19:51904957-51904975(-)	ZNF649	tf_targeting		
ZNF649#chr19:51904967-51904985(-)	ZNF649	tf_targeting		
ZNF649#chr19:51904975-51904993(-)	ZNF649	tf_targeting		
ZNF649#chr19:51904987-51905005(-)	ZNF649	tf_targeting		
ZNF652#chr17:49361901-49361919(-)	ZNF652	tf_targeting	-0.7942476	0.0240025047685432
ZNF652#chr17:49362036-49362054(-)	ZNF652	tf_targeting	-0.3041003	0.5287605784419578
ZNF652#chr17:49362048-49362066(-)	ZNF652	tf_targeting	-1.0815578	0.0371748597121193
ZNF652#chr17:49362061-49362079(-)	ZNF652	tf_targeting	-0.11796692	0.6382724097487809
ZNF652#chr17:49362094-49362112(-)	ZNF652	tf_targeting	-2.3569329	7.58308007435601e-10
ZNF652#chr17:49362134-49362152(-)	ZNF652	tf_targeting	-0.41598356	0.4532922568973592
ZNF653#chr19:11505753-11505771(-)	ZNF653	tf_targeting		
ZNF653#chr19:11505793-11505811(-)	ZNF653	tf_targeting		
ZNF653#chr19:11505798-11505816(-)	ZNF653	tf_targeting		
ZNF653#chr19:11505811-11505829(-)	ZNF653	tf_targeting		
ZNF653#chr19:11505814-11505832(-)	ZNF653	tf_targeting		
ZNF653#chr19:11505830-11505848(-)	ZNF653	tf_targeting		
ZNF654#chr3:88139198-88139216(+)	ZNF654	tf_targeting		
ZNF654#chr3:88139213-88139231(+)	ZNF654	tf_targeting		
ZNF654#chr3:88139230-88139248(-)	ZNF654	tf_targeting		
ZNF654#chr3:88139331-88139349(+)	ZNF654	tf_targeting		
ZNF654#chr3:88139341-88139359(+)	ZNF654	tf_targeting		
ZNF654#chr3:88139357-88139375(+)	ZNF654	tf_targeting		
ZNF655#chr7:99558677-99558695(-)	ZNF655	tf_targeting		
ZNF655#chr7:99558680-99558698(-)	ZNF655	tf_targeting		
ZNF655#chr7:99558731-99558749(+)	ZNF655	tf_targeting		
ZNF655#chr7:99558840-99558858(+)	ZNF655	tf_targeting		
ZNF655#chr7:99558881-99558899(-)	ZNF655	tf_targeting		
ZNF655#chr7:99558949-99558967(-)	ZNF655	tf_targeting		
ZNF660#chr3:44584993-44585011(+)	ZNF660	tf_targeting		
ZNF660#chr3:44585009-44585027(+)	ZNF660	tf_targeting		
ZNF660#chr3:44585018-44585036(+)	ZNF660	tf_targeting		
ZNF660#chr3:44585045-44585063(+)	ZNF660	tf_targeting		
ZNF660#chr3:44585176-44585194(-)	ZNF660	tf_targeting		
ZNF660#chr3:44585205-44585223(-)	ZNF660	tf_targeting		
ZNF662#chr3:42906147-42906165(-)	ZNF662	tf_targeting		
ZNF662#chr3:42906162-42906180(+)	ZNF662	tf_targeting		
ZNF662#chr3:42906169-42906187(+)	ZNF662	tf_targeting		
ZNF662#chr3:42906209-42906227(+)	ZNF662	tf_targeting		
ZNF662#chr3:42906255-42906273(-)	ZNF662	tf_targeting		
ZNF662#chr3:42906485-42906503(-)	ZNF662	tf_targeting		
ZNF664#chr12:123973207-123973225(+)	ZNF664	tf_targeting		
ZNF664#chr12:123973210-123973228(+)	ZNF664	tf_targeting		
ZNF664#chr12:123973218-123973236(+)	ZNF664	tf_targeting		
ZNF664#chr12:123973225-123973243(-)	ZNF664	tf_targeting		
ZNF664#chr12:123973263-123973281(+)	ZNF664	tf_targeting		
ZNF664#chr12:123973500-123973518(+)	ZNF664	tf_targeting		
ZNF665#chr19:53193238-53193256(+)	ZNF665	tf_targeting		
ZNF665#chr19:53193249-53193267(+)	ZNF665	tf_targeting		
ZNF665#chr19:53193282-53193300(+)	ZNF665	tf_targeting		
ZNF665#chr19:53193294-53193312(+)	ZNF665	tf_targeting		
ZNF665#chr19:53193329-53193347(-)	ZNF665	tf_targeting		
ZNF665#chr19:53193337-53193355(-)	ZNF665	tf_targeting		
ZNF667#chr19:56477265-56477283(+)	ZNF667	tf_targeting		
ZNF667#chr19:56477269-56477287(-)	ZNF667	tf_targeting		
ZNF667#chr19:56477274-56477292(-)	ZNF667	tf_targeting		
ZNF667#chr19:56477277-56477295(+)	ZNF667	tf_targeting		
ZNF667#chr19:56477280-56477298(+)	ZNF667	tf_targeting		
ZNF667#chr19:56477308-56477326(-)	ZNF667	tf_targeting		
ZNF668#chr16:31061487-31061505(-)	ZNF668	tf_targeting		
ZNF668#chr16:31061498-31061516(-)	ZNF668	tf_targeting		
ZNF668#chr16:31061520-31061538(+)	ZNF668	tf_targeting		
ZNF668#chr16:31061528-31061546(-)	ZNF668	tf_targeting		
ZNF668#chr16:31061548-31061566(-)	ZNF668	tf_targeting		
ZNF668#chr16:31061766-31061784(-)	ZNF668	tf_targeting		
ZNF669#chr1:247104086-247104104(+)	ZNF669	tf_targeting		
ZNF669#chr1:247104160-247104178(-)	ZNF669	tf_targeting		
ZNF669#chr1:247104244-247104262(+)	ZNF669	tf_targeting		
ZNF669#chr1:247104308-247104326(+)	ZNF669	tf_targeting		
ZNF669#chr1:247104329-247104347(+)	ZNF669	tf_targeting		
ZNF669#chr1:247104350-247104368(+)	ZNF669	tf_targeting		
ZNF670#chr1:247078347-247078365(+)	ZNF670	tf_targeting		
ZNF670#chr1:247078619-247078637(+)	ZNF670	tf_targeting		
ZNF670#chr1:247078683-247078701(+)	ZNF670	tf_targeting		
ZNF670#chr1:247078688-247078706(+)	ZNF670	tf_targeting		
ZNF670#chr1:247078737-247078755(-)	ZNF670	tf_targeting		
ZNF670#chr1:247078788-247078806(-)	ZNF670	tf_targeting		
ZNF671#chr19:57727407-57727425(+)	ZNF671	tf_targeting		
ZNF671#chr19:57727534-57727552(-)	ZNF671	tf_targeting		
ZNF671#chr19:57727537-57727555(-)	ZNF671	tf_targeting		
ZNF671#chr19:57727553-57727571(-)	ZNF671	tf_targeting		
ZNF671#chr19:57727566-57727584(-)	ZNF671	tf_targeting		
ZNF671#chr19:57727573-57727591(+)	ZNF671	tf_targeting		
ZNF672#chr1:248838231-248838249(-)	ZNF672	tf_targeting	-0.71765924	0.1532991057701329
ZNF672#chr1:248838298-248838316(-)	ZNF672	tf_targeting	-0.102716394	0.9182501227243548
ZNF672#chr1:248838314-248838332(-)	ZNF672	tf_targeting	-1.9119242	0.0178135138759645
ZNF672#chr1:248838411-248838429(+)	ZNF672	tf_targeting	-0.6000475	0.0963299303868408
ZNF672#chr1:248838424-248838442(-)	ZNF672	tf_targeting	-1.6050943	9.13390805194873e-05
ZNF672#chr1:248838547-248838565(+)	ZNF672	tf_targeting	-0.8738618	0.1840187902616377
ZNF674#chrX:46545361-46545379(-)	ZNF674	tf_targeting		
ZNF674#chrX:46545366-46545384(-)	ZNF674	tf_targeting		
ZNF674#chrX:46545378-46545396(+)	ZNF674	tf_targeting		
ZNF674#chrX:46545382-46545400(+)	ZNF674	tf_targeting		
ZNF674#chrX:46545395-46545413(-)	ZNF674	tf_targeting		
ZNF674#chrX:46545437-46545455(-)	ZNF674	tf_targeting		
ZNF675#chr19:23686689-23686707(-)	ZNF675	tf_targeting	-0.96945655	0.0814474941501439
ZNF675#chr19:23686724-23686742(-)	ZNF675	tf_targeting	-1.1221205	0.0968936964091231
ZNF675#chr19:23686958-23686976(+)	ZNF675	tf_targeting	-1.6661165	0.0537522802354507
ZNF675#chr19:23686964-23686982(-)	ZNF675	tf_targeting	-1.0131185	0.1615790135892092
ZNF675#chr19:23687101-23687119(-)	ZNF675	tf_targeting	-0.736432	0.244761417076891
ZNF675#chr19:23687134-23687152(+)	ZNF675	tf_targeting	-1.3482889	0.1098245727440873
ZNF676#chr19:22196649-22196667(+)	ZNF676	tf_targeting		
ZNF676#chr19:22196750-22196768(+)	ZNF676	tf_targeting		
ZNF676#chr19:22196760-22196778(-)	ZNF676	tf_targeting		
ZNF676#chr19:22196801-22196819(+)	ZNF676	tf_targeting		
ZNF676#chr19:22196898-22196916(+)	ZNF676	tf_targeting		
ZNF676#chr19:22196931-22196949(-)	ZNF676	tf_targeting		
ZNF677#chr19:53254674-53254692(-)	ZNF677	tf_targeting	-2.0807176	0.0010502399547623
ZNF677#chr19:53254771-53254789(+)	ZNF677	tf_targeting	-1.3311396	0.0523958419050689
ZNF677#chr19:53254804-53254822(+)	ZNF677	tf_targeting	-1.5396206	0.0129873889926122
ZNF677#chr19:53254836-53254854(-)	ZNF677	tf_targeting	-2.129241	1.3614021060977805e-05
ZNF677#chr19:53254854-53254872(+)	ZNF677	tf_targeting	-3.0662808	2.666897886942773e-06
ZNF677#chr19:53254864-53254882(-)	ZNF677	tf_targeting	-1.1650392	0.0066252704390222
ZNF678#chr1:227563558-227563576(-)	ZNF678	tf_targeting		
ZNF678#chr1:227563573-227563591(-)	ZNF678	tf_targeting		
ZNF678#chr1:227563590-227563608(-)	ZNF678	tf_targeting		
ZNF678#chr1:227563722-227563740(+)	ZNF678	tf_targeting		
ZNF678#chr1:227563816-227563834(-)	ZNF678	tf_targeting		
ZNF678#chr1:227563898-227563916(-)	ZNF678	tf_targeting		
ZNF679#chr7:64248982-64249000(+)	ZNF679	tf_targeting		
ZNF679#chr7:64248989-64249007(-)	ZNF679	tf_targeting		
ZNF679#chr7:64249002-64249020(-)	ZNF679	tf_targeting		
ZNF679#chr7:64249300-64249318(+)	ZNF679	tf_targeting		
ZNF679#chr7:64249305-64249323(-)	ZNF679	tf_targeting		
ZNF679#chr7:64249308-64249326(+)	ZNF679	tf_targeting		
ZNF680#chr7:64562638-64562656(+)	ZNF680	tf_targeting		
ZNF680#chr7:64562833-64562851(-)	ZNF680	tf_targeting		
ZNF680#chr7:64562980-64562998(+)	ZNF680	tf_targeting		
ZNF680#chr7:64562985-64563003(+)	ZNF680	tf_targeting		
ZNF680#chr7:64563028-64563046(+)	ZNF680	tf_targeting		
ZNF680#chr7:64563058-64563076(-)	ZNF680	tf_targeting		
ZNF681#chr19:23758567-23758585(+)	ZNF681	tf_targeting		
ZNF681#chr19:23758608-23758626(-)	ZNF681	tf_targeting		
ZNF681#chr19:23758622-23758640(+)	ZNF681	tf_targeting		
ZNF681#chr19:23758821-23758839(+)	ZNF681	tf_targeting		
ZNF681#chr19:23758863-23758881(+)	ZNF681	tf_targeting		
ZNF681#chr19:23758868-23758886(-)	ZNF681	tf_targeting		
ZNF682#chr19:20039118-20039136(+)	ZNF682	tf_targeting		
ZNF682#chr19:20039182-20039200(+)	ZNF682	tf_targeting		
ZNF682#chr19:20039223-20039241(+)	ZNF682	tf_targeting		
ZNF682#chr19:20039272-20039290(-)	ZNF682	tf_targeting		
ZNF682#chr19:20039311-20039329(-)	ZNF682	tf_targeting		
ZNF682#chr19:20039478-20039496(-)	ZNF682	tf_targeting		
ZNF683#chr1:26370343-26370361(-)	ZNF683	tf_targeting		
ZNF683#chr1:26370628-26370646(+)	ZNF683	tf_targeting		
ZNF683#chr1:26370672-26370690(-)	ZNF683	tf_targeting		
ZNF683#chr1:26370735-26370753(+)	ZNF683	tf_targeting		
ZNF683#chr1:26370747-26370765(+)	ZNF683	tf_targeting		
ZNF683#chr1:26370751-26370769(+)	ZNF683	tf_targeting		
ZNF684#chr1:40531633-40531651(+)	ZNF684	tf_targeting		
ZNF684#chr1:40531677-40531695(+)	ZNF684	tf_targeting		
ZNF684#chr1:40531680-40531698(+)	ZNF684	tf_targeting		
ZNF684#chr1:40531686-40531704(-)	ZNF684	tf_targeting		
ZNF684#chr1:40531714-40531732(-)	ZNF684	tf_targeting		
ZNF684#chr1:40531724-40531742(+)	ZNF684	tf_targeting		
ZNF687#chr1:151282244-151282262(-)	ZNF687	tf_targeting		
ZNF687#chr1:151282292-151282310(+)	ZNF687	tf_targeting		
ZNF687#chr1:151282505-151282523(-)	ZNF687	tf_targeting		
ZNF687#chr1:151282547-151282565(-)	ZNF687	tf_targeting		
ZNF687#chr1:151282651-151282669(+)	ZNF687	tf_targeting		
ZNF687#chr1:151282666-151282684(+)	ZNF687	tf_targeting		
ZNF688#chr16:30571633-30571651(+)	ZNF688	tf_targeting		
ZNF688#chr16:30571645-30571663(-)	ZNF688	tf_targeting		
ZNF688#chr16:30571692-30571710(-)	ZNF688	tf_targeting		
ZNF688#chr16:30571702-30571720(+)	ZNF688	tf_targeting		
ZNF688#chr16:30571732-30571750(-)	ZNF688	tf_targeting		
ZNF688#chr16:30571737-30571755(-)	ZNF688	tf_targeting		
ZNF689#chr16:30610117-30610135(+)	ZNF689	tf_targeting		
ZNF689#chr16:30610292-30610310(+)	ZNF689	tf_targeting		
ZNF689#chr16:30610335-30610353(+)	ZNF689	tf_targeting		
ZNF689#chr16:30610343-30610361(-)	ZNF689	tf_targeting		
ZNF689#chr16:30610363-30610381(-)	ZNF689	tf_targeting		
ZNF689#chr16:30610376-30610394(-)	ZNF689	tf_targeting		
ZNF69#chr19:11887782-11887800(-)	ZNF69	tf_targeting	-2.0911787	0.0011736898283056
ZNF69#chr19:11887785-11887803(+)	ZNF69	tf_targeting	-1.520829	7.427744788557313e-09
ZNF69#chr19:11887817-11887835(-)	ZNF69	tf_targeting	-3.1101751	7.204902300736602e-05
ZNF69#chr19:11887827-11887845(-)	ZNF69	tf_targeting	-3.1462896	0.000160326653617
ZNF69#chr19:11887858-11887876(-)	ZNF69	tf_targeting	-2.5354187	0.0163481179805161
ZNF69#chr19:11888034-11888052(+)	ZNF69	tf_targeting	-2.7165399	1.882334437189776e-06
ZNF691#chr1:42846603-42846621(+)	ZNF691	tf_targeting		
ZNF691#chr1:42846618-42846636(-)	ZNF691	tf_targeting		
ZNF691#chr1:42846626-42846644(+)	ZNF691	tf_targeting		
ZNF691#chr1:42846629-42846647(+)	ZNF691	tf_targeting		
ZNF691#chr1:42846637-42846655(-)	ZNF691	tf_targeting		
ZNF691#chr1:42846667-42846685(-)	ZNF691	tf_targeting		
ZNF692#chr1:248858768-248858786(+)	ZNF692	tf_targeting	-0.42482442	0.4428035857933717
ZNF692#chr1:248858841-248858859(+)	ZNF692	tf_targeting	-1.582811	0.0736622435234
ZNF692#chr1:248859013-248859031(-)	ZNF692	tf_targeting	-1.798728	0.0285885471332477
ZNF692#chr1:248859040-248859058(+)	ZNF692	tf_targeting	-1.9043106	0.0476090391701083
ZNF692#chr1:248859046-248859064(+)	ZNF692	tf_targeting	-1.0232775	0.3248360831121336
ZNF692#chr1:248859057-248859075(-)	ZNF692	tf_targeting	-1.8910751	0.000219000320812
ZNF695#chr1:247007598-247007616(+)	ZNF695	tf_targeting		
ZNF695#chr1:247007876-247007894(-)	ZNF695	tf_targeting		
ZNF695#chr1:247007978-247007996(+)	ZNF695	tf_targeting		
ZNF695#chr1:247007984-247008002(-)	ZNF695	tf_targeting		
ZNF695#chr1:247008036-247008054(-)	ZNF695	tf_targeting		
ZNF695#chr1:247008056-247008074(+)	ZNF695	tf_targeting		
ZNF696#chr8:143291402-143291420(+)	ZNF696	tf_targeting		
ZNF696#chr8:143291468-143291486(+)	ZNF696	tf_targeting		
ZNF696#chr8:143291494-143291512(+)	ZNF696	tf_targeting		
ZNF696#chr8:143291497-143291515(+)	ZNF696	tf_targeting		
ZNF696#chr8:143291621-143291639(-)	ZNF696	tf_targeting		
ZNF696#chr8:143291629-143291647(-)	ZNF696	tf_targeting		
ZNF697#chr1:119647908-119647926(+)	ZNF697	tf_targeting		
ZNF697#chr1:119648021-119648039(+)	ZNF697	tf_targeting		
ZNF697#chr1:119648060-119648078(+)	ZNF697	tf_targeting		
ZNF697#chr1:119648082-119648100(+)	ZNF697	tf_targeting		
ZNF697#chr1:119648249-119648267(+)	ZNF697	tf_targeting		
ZNF697#chr1:119648261-119648279(+)	ZNF697	tf_targeting		
ZNF699#chr19:9304950-9304968(-)	ZNF699	tf_targeting		
ZNF699#chr19:9304998-9305016(+)	ZNF699	tf_targeting		
ZNF699#chr19:9305006-9305024(+)	ZNF699	tf_targeting		
ZNF699#chr19:9305026-9305044(-)	ZNF699	tf_targeting		
ZNF699#chr19:9305116-9305134(-)	ZNF699	tf_targeting		
ZNF699#chr19:9305119-9305137(-)	ZNF699	tf_targeting		
ZNF699#chr19:9309449-9309467(+)	ZNF699	tf_targeting		
ZNF699#chr19:9309566-9309584(+)	ZNF699	tf_targeting		
ZNF699#chr19:9309640-9309658(+)	ZNF699	tf_targeting		
ZNF699#chr19:9309648-9309666(+)	ZNF699	tf_targeting		
ZNF699#chr19:9309709-9309727(+)	ZNF699	tf_targeting		
ZNF699#chr19:9309723-9309741(-)	ZNF699	tf_targeting		
ZNF7#chr8:144827546-144827564(+)	ZNF7	tf_targeting		
ZNF7#chr8:144827573-144827591(+)	ZNF7	tf_targeting		
ZNF7#chr8:144827585-144827603(+)	ZNF7	tf_targeting		
ZNF7#chr8:144827591-144827609(-)	ZNF7	tf_targeting		
ZNF7#chr8:144827602-144827620(+)	ZNF7	tf_targeting		
ZNF7#chr8:144827646-144827664(-)	ZNF7	tf_targeting		
ZNF70#chr22:23750907-23750925(+)	ZNF70	tf_targeting		
ZNF70#chr22:23750916-23750934(+)	ZNF70	tf_targeting		
ZNF70#chr22:23751047-23751065(+)	ZNF70	tf_targeting		
ZNF70#chr22:23751056-23751074(+)	ZNF70	tf_targeting		
ZNF70#chr22:23751072-23751090(-)	ZNF70	tf_targeting		
ZNF70#chr22:23751081-23751099(-)	ZNF70	tf_targeting		
ZNF700#chr19:11925559-11925577(+)	ZNF700	tf_targeting		
ZNF701#chr19:52570273-52570291(+)	ZNF701	tf_targeting		
ZNF701#chr19:52570307-52570325(-)	ZNF701	tf_targeting		
ZNF701#chr19:52570358-52570376(+)	ZNF701	tf_targeting		
ZNF701#chr19:52570369-52570387(-)	ZNF701	tf_targeting		
ZNF701#chr19:52570431-52570449(-)	ZNF701	tf_targeting		
ZNF701#chr19:52570697-52570715(+)	ZNF701	tf_targeting		
ZNF703#chr8:37695762-37695780(+)	ZNF703	tf_targeting	-0.059410043	0.9503096505823472
ZNF703#chr8:37695790-37695808(+)	ZNF703	tf_targeting	-0.06783603	0.8848177258647558
ZNF703#chr8:37695793-37695811(+)	ZNF703	tf_targeting	0.1984988	0.7954248505070005
ZNF703#chr8:37696161-37696179(-)	ZNF703	tf_targeting	0.06290521	0.948204943506244
ZNF703#chr8:37696203-37696221(-)	ZNF703	tf_targeting	-0.14027981	0.8078827735863219
ZNF703#chr8:37696272-37696290(-)	ZNF703	tf_targeting	-0.36514974	0.4901928710293971
ZNF704#chr8:80873496-80873514(-)	ZNF704	tf_targeting	-0.4923443	0.4702721270846667
ZNF704#chr8:80873788-80873806(+)	ZNF704	tf_targeting	-1.5201567	3.535557162789431e-20
ZNF704#chr8:80873791-80873809(+)	ZNF704	tf_targeting	-1.7089891	1.1177462482570525e-13
ZNF704#chr8:80873880-80873898(-)	ZNF704	tf_targeting	-2.1004052	9.602894513395273e-45
ZNF704#chr8:80874487-80874505(-)	ZNF704	tf_targeting	-0.3034992	0.358346636406839
ZNF704#chr8:80874490-80874508(-)	ZNF704	tf_targeting	-0.43539348	0.3050479215161096
ZNF705A#chr12:8156626-8156644(+)	ZNF705A	tf_targeting		
ZNF705A#chr12:8156665-8156683(-)	ZNF705A	tf_targeting		
ZNF705A#chr12:8156791-8156809(+)	ZNF705A	tf_targeting		
ZNF705A#chr12:8156794-8156812(+)	ZNF705A	tf_targeting		
ZNF705A#chr12:8156799-8156817(+)	ZNF705A	tf_targeting		
ZNF705A#chr12:8156899-8156917(+)	ZNF705A	tf_targeting		
ZNF706#chr8:101205100-101205118(+)	ZNF706	tf_targeting	-0.4952139	0.006201690759494
ZNF706#chr8:101205114-101205132(-)	ZNF706	tf_targeting	-0.40754673	0.0119689740435975
ZNF706#chr8:101205198-101205216(-)	ZNF706	tf_targeting	-0.79802924	0.0135479731086684
ZNF706#chr8:101205386-101205404(-)	ZNF706	tf_targeting	-0.34852335	0.395944215720067
ZNF706#chr8:101205430-101205448(-)	ZNF706	tf_targeting	-0.18548791	0.3689599178144571
ZNF706#chr8:101205438-101205456(+)	ZNF706	tf_targeting	-1.0742245	2.211446701514262e-12
ZNF707#chr8:143684490-143684508(+)	ZNF707	tf_targeting		
ZNF707#chr8:143684507-143684525(+)	ZNF707	tf_targeting		
ZNF707#chr8:143684510-143684528(+)	ZNF707	tf_targeting		
ZNF707#chr8:143684524-143684542(-)	ZNF707	tf_targeting		
ZNF707#chr8:143684538-143684556(-)	ZNF707	tf_targeting		
ZNF707#chr8:143684647-143684665(+)	ZNF707	tf_targeting		
ZNF708#chr19:21328872-21328890(+)	ZNF708	tf_targeting	-1.9947977	0.0492111000854041
ZNF708#chr19:21329270-21329288(+)	ZNF708	tf_targeting	-1.7941115	0.0706454903268655
ZNF708#chr19:21329320-21329338(+)	ZNF708	tf_targeting	-1.3906828	0.0259682981348487
ZNF708#chr19:21329386-21329404(-)	ZNF708	tf_targeting	-0.33848816	0.6643567054658217
ZNF708#chr19:21329391-21329409(-)	ZNF708	tf_targeting	-1.6966711	0.0113125178668285
ZNF708#chr19:21329396-21329414(-)	ZNF708	tf_targeting	-1.3435452	0.0377343759258458
ZNF709#chr19:12551406-12551424(+)	ZNF709	tf_targeting		
ZNF71#chr19:56595272-56595290(+)	ZNF71	tf_targeting		
ZNF71#chr19:56595290-56595308(+)	ZNF71	tf_targeting		
ZNF71#chr19:56595306-56595324(+)	ZNF71	tf_targeting		
ZNF71#chr19:56595353-56595371(-)	ZNF71	tf_targeting		
ZNF71#chr19:56595357-56595375(-)	ZNF71	tf_targeting		
ZNF71#chr19:56595413-56595431(+)	ZNF71	tf_targeting		
ZNF710#chr15:90001322-90001340(+)	ZNF710	tf_targeting		
ZNF710#chr15:90001327-90001345(-)	ZNF710	tf_targeting		
ZNF710#chr15:90001363-90001381(-)	ZNF710	tf_targeting		
ZNF710#chr15:90001446-90001464(+)	ZNF710	tf_targeting		
ZNF710#chr15:90001519-90001537(+)	ZNF710	tf_targeting		
ZNF710#chr15:90001743-90001761(-)	ZNF710	tf_targeting		
ZNF711#chrX:85244029-85244047(+)	ZNF711	tf_targeting	-2.0375614	0.0055515714394067
ZNF711#chrX:85244039-85244057(+)	ZNF711	tf_targeting	-1.3555224	0.0344172843942962
ZNF711#chrX:85244055-85244073(-)	ZNF711	tf_targeting	-1.3725591	0.0165713233491275
ZNF711#chrX:85244088-85244106(-)	ZNF711	tf_targeting	-1.6646068	0.0028375091895201
ZNF711#chrX:85244176-85244194(+)	ZNF711	tf_targeting	-1.892671	0.0459641053753092
ZNF711#chrX:85244201-85244219(+)	ZNF711	tf_targeting	-1.7809898	0.017653656507187
ZNF713#chr7:55887473-55887491(-)	ZNF713	tf_targeting		
ZNF713#chr7:55887483-55887501(+)	ZNF713	tf_targeting		
ZNF713#chr7:55887491-55887509(-)	ZNF713	tf_targeting		
ZNF713#chr7:55887512-55887530(-)	ZNF713	tf_targeting		
ZNF713#chr7:55887524-55887542(+)	ZNF713	tf_targeting		
ZNF713#chr7:55887537-55887555(-)	ZNF713	tf_targeting		
ZNF714#chr19:21082248-21082266(-)	ZNF714	tf_targeting	-0.30523998	0.6172294519404955
ZNF714#chr19:21082326-21082344(-)	ZNF714	tf_targeting	-0.5375811	0.437099484065379
ZNF714#chr19:21082382-21082400(+)	ZNF714	tf_targeting	-1.3622001	0.0204065692846799
ZNF714#chr19:21082385-21082403(+)	ZNF714	tf_targeting	-1.7321563	0.0447808288741725
ZNF714#chr19:21082573-21082591(+)	ZNF714	tf_targeting	-0.34211093	0.6923218210777038
ZNF714#chr19:21082656-21082674(-)	ZNF714	tf_targeting	0.08972182	0.8007629914697806
ZNF716#chr7:57450152-57450170(+)	ZNF716	tf_targeting		
ZNF716#chr7:57450163-57450181(-)	ZNF716	tf_targeting		
ZNF716#chr7:57450476-57450494(-)	ZNF716	tf_targeting		
ZNF716#chr7:57450479-57450497(+)	ZNF716	tf_targeting		
ZNF716#chr7:57450635-57450653(+)	ZNF716	tf_targeting		
ZNF716#chr7:57450653-57450671(+)	ZNF716	tf_targeting		
ZNF717#chr3:75785103-75785121(+)	ZNF717	tf_targeting		
ZNF717#chr3:75785110-75785128(-)	ZNF717	tf_targeting		
ZNF717#chr3:75785374-75785392(-)	ZNF717	tf_targeting		
ZNF717#chr3:75785460-75785478(+)	ZNF717	tf_targeting		
ZNF717#chr3:75785470-75785488(-)	ZNF717	tf_targeting		
ZNF717#chr3:75785530-75785548(-)	ZNF717	tf_targeting		
ZNF718#chr4:124521-124539(-)	ZNF718	tf_targeting	-2.1150193	0.0137968265998269
ZNF718#chr4:124542-124560(-)	ZNF718	tf_targeting	-1.3108388	0.008799129132631
ZNF718#chr4:124545-124563(+)	ZNF718	tf_targeting	-0.76748115	0.0452323087497697
ZNF718#chr4:124558-124576(-)	ZNF718	tf_targeting	-1.0973847	0.0392410631909966
ZNF718#chr4:124563-124581(-)	ZNF718	tf_targeting	-0.19706136	0.8183478260817759
ZNF718#chr4:124741-124759(+)	ZNF718	tf_targeting	-2.1988254	0.0101204126224032
ZNF720#chr16:31713278-31713296(+)	ZNF720	tf_targeting	-0.69946605	0.0026710277712596
ZNF720#chr16:31713303-31713321(+)	ZNF720	tf_targeting	-1.3211597	0.0067779998801545
ZNF720#chr16:31713312-31713330(-)	ZNF720	tf_targeting	-1.470679	0.0017396194164331
ZNF720#chr16:31713362-31713380(-)	ZNF720	tf_targeting	-2.7275274	0.0034893435173941
ZNF720#chr16:31713449-31713467(+)	ZNF720	tf_targeting	-0.23071948	0.7008985994261423
ZNF720#chr16:31713557-31713575(-)	ZNF720	tf_targeting	-0.24375346	0.8242657660907484
ZNF721#chr4:473918-473936(-)	ZNF721	tf_targeting		
ZNF721#chr4:474090-474108(-)	ZNF721	tf_targeting		
ZNF721#chr4:474130-474148(+)	ZNF721	tf_targeting		
ZNF721#chr4:474155-474173(-)	ZNF721	tf_targeting		
ZNF721#chr4:474158-474176(-)	ZNF721	tf_targeting		
ZNF721#chr4:474180-474198(-)	ZNF721	tf_targeting		
ZNF721#chr4:499060-499078(+)	ZNF721	tf_targeting		
ZNF721#chr4:499085-499103(+)	ZNF721	tf_targeting		
ZNF721#chr4:499092-499110(+)	ZNF721	tf_targeting		
ZNF721#chr4:499103-499121(-)	ZNF721	tf_targeting		
ZNF721#chr4:499121-499139(-)	ZNF721	tf_targeting		
ZNF721#chr4:499125-499143(-)	ZNF721	tf_targeting		
ZNF726#chr19:23914882-23914900(+)	ZNF726	tf_targeting		
ZNF726#chr19:23914922-23914940(-)	ZNF726	tf_targeting		
ZNF726#chr19:23915083-23915101(-)	ZNF726	tf_targeting		
ZNF726#chr19:23915113-23915131(-)	ZNF726	tf_targeting		
ZNF726#chr19:23915182-23915200(-)	ZNF726	tf_targeting		
ZNF726#chr19:23915284-23915302(+)	ZNF726	tf_targeting		
ZNF727#chr7:64045494-64045512(-)	ZNF727	tf_targeting		
ZNF727#chr7:64045509-64045527(-)	ZNF727	tf_targeting		
ZNF727#chr7:64045518-64045536(-)	ZNF727	tf_targeting		
ZNF727#chr7:64045523-64045541(-)	ZNF727	tf_targeting		
ZNF727#chr7:64045543-64045561(-)	ZNF727	tf_targeting		
ZNF727#chr7:64045724-64045742(+)	ZNF727	tf_targeting		
ZNF729#chr19:22286430-22286448(+)	ZNF729	tf_targeting		
ZNF729#chr19:22286442-22286460(-)	ZNF729	tf_targeting		
ZNF729#chr19:22286488-22286506(+)	ZNF729	tf_targeting		
ZNF729#chr19:22286492-22286510(-)	ZNF729	tf_targeting		
ZNF729#chr19:22286518-22286536(-)	ZNF729	tf_targeting		
ZNF729#chr19:22286669-22286687(-)	ZNF729	tf_targeting		
ZNF730#chr19:23117045-23117063(-)	ZNF730	tf_targeting		
ZNF730#chr19:23117048-23117066(-)	ZNF730	tf_targeting		
ZNF730#chr19:23117056-23117074(-)	ZNF730	tf_targeting		
ZNF730#chr19:23117102-23117120(+)	ZNF730	tf_targeting		
ZNF730#chr19:23117329-23117347(-)	ZNF730	tf_targeting		
ZNF730#chr19:23117463-23117481(+)	ZNF730	tf_targeting		
ZNF732#chr4:305400-305418(-)	ZNF732	tf_targeting		
ZNF732#chr4:305408-305426(-)	ZNF732	tf_targeting		
ZNF732#chr4:305413-305431(+)	ZNF732	tf_targeting		
ZNF732#chr4:305417-305435(-)	ZNF732	tf_targeting		
ZNF732#chr4:305419-305437(+)	ZNF732	tf_targeting		
ZNF732#chr4:305448-305466(-)	ZNF732	tf_targeting		
ZNF735#chr7:64207366-64207384(-)	ZNF735	tf_targeting		
ZNF735#chr7:64207372-64207390(-)	ZNF735	tf_targeting		
ZNF735#chr7:64207395-64207413(-)	ZNF735	tf_targeting		
ZNF735#chr7:64207519-64207537(+)	ZNF735	tf_targeting		
ZNF735#chr7:64207533-64207551(+)	ZNF735	tf_targeting		
ZNF735#chr7:64207627-64207645(+)	ZNF735	tf_targeting		
ZNF736#chr7:64307448-64307466(+)	ZNF736	tf_targeting		
ZNF736#chr7:64307452-64307470(-)	ZNF736	tf_targeting		
ZNF736#chr7:64307484-64307502(+)	ZNF736	tf_targeting		
ZNF736#chr7:64307511-64307529(-)	ZNF736	tf_targeting		
ZNF736#chr7:64307526-64307544(-)	ZNF736	tf_targeting		
ZNF736#chr7:64307852-64307870(-)	ZNF736	tf_targeting		
ZNF736#chr7:64314004-64314022(-)	ZNF736	tf_targeting		
ZNF736#chr7:64314044-64314062(-)	ZNF736	tf_targeting		
ZNF736#chr7:64314047-64314065(-)	ZNF736	tf_targeting		
ZNF736#chr7:64314052-64314070(-)	ZNF736	tf_targeting		
ZNF736#chr7:64314061-64314079(-)	ZNF736	tf_targeting		
ZNF736#chr7:64314122-64314140(+)	ZNF736	tf_targeting		
ZNF737#chr19:20565326-20565344(+)	ZNF737	tf_targeting		
ZNF737#chr19:20565422-20565440(+)	ZNF737	tf_targeting		
ZNF737#chr19:20565432-20565450(+)	ZNF737	tf_targeting		
ZNF737#chr19:20565464-20565482(+)	ZNF737	tf_targeting		
ZNF737#chr19:20565593-20565611(-)	ZNF737	tf_targeting		
ZNF737#chr19:20565654-20565672(-)	ZNF737	tf_targeting		
ZNF74#chr22:20394177-20394195(+)	ZNF74	tf_targeting		
ZNF74#chr22:20394191-20394209(-)	ZNF74	tf_targeting		
ZNF74#chr22:20394214-20394232(-)	ZNF74	tf_targeting		
ZNF74#chr22:20394216-20394234(+)	ZNF74	tf_targeting		
ZNF74#chr22:20394226-20394244(-)	ZNF74	tf_targeting		
ZNF74#chr22:20394251-20394269(-)	ZNF74	tf_targeting		
ZNF740#chr12:53180727-53180745(+)	ZNF740	tf_targeting		
ZNF740#chr12:53180734-53180752(-)	ZNF740	tf_targeting		
ZNF740#chr12:53180748-53180766(+)	ZNF740	tf_targeting		
ZNF740#chr12:53180755-53180773(-)	ZNF740	tf_targeting		
ZNF740#chr12:53181043-53181061(+)	ZNF740	tf_targeting		
ZNF740#chr12:53181177-53181195(-)	ZNF740	tf_targeting		
ZNF746#chr7:149497652-149497670(+)	ZNF746	tf_targeting		
ZNF746#chr7:149497660-149497678(-)	ZNF746	tf_targeting		
ZNF746#chr7:149497696-149497714(-)	ZNF746	tf_targeting		
ZNF746#chr7:149497714-149497732(-)	ZNF746	tf_targeting		
ZNF746#chr7:149497763-149497781(+)	ZNF746	tf_targeting		
ZNF746#chr7:149497822-149497840(+)	ZNF746	tf_targeting		
ZNF747#chr16:30534889-30534907(-)	ZNF747	tf_targeting		
ZNF749#chr19:57435341-57435359(-)	ZNF749	tf_targeting		
ZNF749#chr19:57435349-57435367(+)	ZNF749	tf_targeting		
ZNF749#chr19:57435367-57435385(-)	ZNF749	tf_targeting		
ZNF749#chr19:57435371-57435389(+)	ZNF749	tf_targeting		
ZNF749#chr19:57435397-57435415(-)	ZNF749	tf_targeting		
ZNF749#chr19:57435546-57435564(+)	ZNF749	tf_targeting		
ZNF750#chr17:82839794-82839812(-)	ZNF750	tf_targeting		
ZNF750#chr17:82839911-82839929(+)	ZNF750	tf_targeting		
ZNF750#chr17:82839941-82839959(+)	ZNF750	tf_targeting		
ZNF750#chr17:82839947-82839965(+)	ZNF750	tf_targeting		
ZNF750#chr17:82839950-82839968(+)	ZNF750	tf_targeting		
ZNF750#chr17:82839956-82839974(-)	ZNF750	tf_targeting		
ZNF75A#chr16:3305500-3305518(+)	ZNF75A	tf_targeting		
ZNF75A#chr16:3305514-3305532(-)	ZNF75A	tf_targeting		
ZNF75A#chr16:3305517-3305535(+)	ZNF75A	tf_targeting		
ZNF75A#chr16:3305521-3305539(+)	ZNF75A	tf_targeting		
ZNF75A#chr16:3305546-3305564(+)	ZNF75A	tf_targeting		
ZNF75A#chr16:3305665-3305683(-)	ZNF75A	tf_targeting		
ZNF75D#chrX:135343627-135343645(-)	ZNF75D	tf_targeting		
ZNF75D#chrX:135343809-135343827(+)	ZNF75D	tf_targeting		
ZNF75D#chrX:135343980-135343998(-)	ZNF75D	tf_targeting		
ZNF75D#chrX:135343996-135344014(+)	ZNF75D	tf_targeting		
ZNF75D#chrX:135344037-135344055(+)	ZNF75D	tf_targeting		
ZNF75D#chrX:135344050-135344068(-)	ZNF75D	tf_targeting		
ZNF76#chr6:35259746-35259764(+)	ZNF76	tf_targeting		
ZNF76#chr6:35259753-35259771(+)	ZNF76	tf_targeting		
ZNF76#chr6:35259795-35259813(+)	ZNF76	tf_targeting		
ZNF76#chr6:35259950-35259968(-)	ZNF76	tf_targeting		
ZNF76#chr6:35260013-35260031(-)	ZNF76	tf_targeting		
ZNF76#chr6:35260039-35260057(-)	ZNF76	tf_targeting		
ZNF761#chr19:53432042-53432060(-)	ZNF761	tf_targeting		
ZNF761#chr19:53432156-53432174(+)	ZNF761	tf_targeting		
ZNF761#chr19:53432160-53432178(+)	ZNF761	tf_targeting		
ZNF761#chr19:53432330-53432348(-)	ZNF761	tf_targeting		
ZNF761#chr19:53432373-53432391(+)	ZNF761	tf_targeting		
ZNF761#chr19:53432459-53432477(-)	ZNF761	tf_targeting		
ZNF763#chr19:11925077-11925095(+)	ZNF763	tf_targeting		
ZNF764#chr16:30558285-30558303(+)	ZNF764	tf_targeting		
ZNF764#chr16:30558295-30558313(+)	ZNF764	tf_targeting		
ZNF764#chr16:30558307-30558325(+)	ZNF764	tf_targeting		
ZNF764#chr16:30558312-30558330(+)	ZNF764	tf_targeting		
ZNF764#chr16:30558322-30558340(+)	ZNF764	tf_targeting		
ZNF764#chr16:30558349-30558367(-)	ZNF764	tf_targeting		
ZNF765#chr19:53365701-53365719(+)	ZNF765	tf_targeting	-0.314236	0.2019666855949075
ZNF765#chr19:53365735-53365753(+)	ZNF765	tf_targeting	-0.49404827	0.5200671274844773
ZNF765#chr19:53365750-53365768(-)	ZNF765	tf_targeting	0.049002465	0.8747569157409286
ZNF765#chr19:53365775-53365793(-)	ZNF765	tf_targeting	-0.31637675	0.4235962808412699
ZNF765#chr19:53365888-53365906(+)	ZNF765	tf_targeting	-0.050546713	0.907015335944248
ZNF765#chr19:53365952-53365970(-)	ZNF765	tf_targeting	-0.22178607	0.5686485489548652
ZNF765#chr19:53395172-53395190(+)	ZNF765	tf_targeting	-1.622067	0.0053113379715639
ZNF765#chr19:53395184-53395202(-)	ZNF765	tf_targeting	-1.0259461	0.0524708027353352
ZNF765#chr19:53395188-53395206(-)	ZNF765	tf_targeting	-0.7661394	0.0717932637723638
ZNF765#chr19:53395191-53395209(-)	ZNF765	tf_targeting	-0.26260954	0.4993624065040765
ZNF765#chr19:53395511-53395529(-)	ZNF765	tf_targeting	-1.3013065	0.1271778074766199
ZNF765#chr19:53395527-53395545(-)	ZNF765	tf_targeting	-0.16217366	0.7382845555624242
ZNF766#chr19:52269583-52269601(+)	ZNF766	tf_targeting		
ZNF766#chr19:52269596-52269614(+)	ZNF766	tf_targeting		
ZNF766#chr19:52269607-52269625(+)	ZNF766	tf_targeting		
ZNF766#chr19:52269644-52269662(-)	ZNF766	tf_targeting		
ZNF766#chr19:52269677-52269695(-)	ZNF766	tf_targeting		
ZNF766#chr19:52269819-52269837(-)	ZNF766	tf_targeting		
ZNF768#chr16:30526290-30526308(+)	ZNF768	tf_targeting		
ZNF768#chr16:30526319-30526337(-)	ZNF768	tf_targeting		
ZNF768#chr16:30526324-30526342(+)	ZNF768	tf_targeting		
ZNF768#chr16:30526515-30526533(+)	ZNF768	tf_targeting		
ZNF768#chr16:30526551-30526569(-)	ZNF768	tf_targeting		
ZNF768#chr16:30526560-30526578(-)	ZNF768	tf_targeting		
ZNF768#chr16:30534759-30534777(+)	ZNF768	tf_targeting		
ZNF77#chr19:2944873-2944891(+)	ZNF77	tf_targeting		
ZNF77#chr19:2944911-2944929(+)	ZNF77	tf_targeting		
ZNF77#chr19:2944915-2944933(+)	ZNF77	tf_targeting		
ZNF77#chr19:2944920-2944938(+)	ZNF77	tf_targeting		
ZNF77#chr19:2944926-2944944(-)	ZNF77	tf_targeting		
ZNF77#chr19:2944940-2944958(+)	ZNF77	tf_targeting		
ZNF770#chr15:34988094-34988112(-)	ZNF770	tf_targeting	-2.2876751	4.0008631858437984e-08
ZNF770#chr15:34988214-34988232(+)	ZNF770	tf_targeting	-2.24576	2.851207930643178e-12
ZNF770#chr15:34988231-34988249(+)	ZNF770	tf_targeting	-2.9887865	1.985024820780608e-05
ZNF770#chr15:34988239-34988257(-)	ZNF770	tf_targeting	-2.649804	2.0857290128035968e-08
ZNF770#chr15:34988247-34988265(-)	ZNF770	tf_targeting	-2.8071601	4.5692239981596714e-14
ZNF770#chr15:34988268-34988286(+)	ZNF770	tf_targeting	-1.4601834	3.670075073838962e-07
ZNF771#chr16:30407629-30407647(-)	ZNF771	tf_targeting		
ZNF771#chr16:30407640-30407658(+)	ZNF771	tf_targeting		
ZNF771#chr16:30407653-30407671(-)	ZNF771	tf_targeting		
ZNF771#chr16:30407658-30407676(-)	ZNF771	tf_targeting		
ZNF771#chr16:30407680-30407698(-)	ZNF771	tf_targeting		
ZNF771#chr16:30407723-30407741(-)	ZNF771	tf_targeting		
ZNF772#chr19:57477306-57477324(-)	ZNF772	tf_targeting		
ZNF772#chr19:57477311-57477329(+)	ZNF772	tf_targeting		
ZNF772#chr19:57477465-57477483(-)	ZNF772	tf_targeting		
ZNF772#chr19:57477478-57477496(-)	ZNF772	tf_targeting		
ZNF772#chr19:57477493-57477511(+)	ZNF772	tf_targeting		
ZNF772#chr19:57477546-57477564(-)	ZNF772	tf_targeting		
ZNF773#chr19:57499907-57499925(-)	ZNF773	tf_targeting		
ZNF773#chr19:57499927-57499945(+)	ZNF773	tf_targeting		
ZNF773#chr19:57499940-57499958(+)	ZNF773	tf_targeting		
ZNF773#chr19:57499949-57499967(+)	ZNF773	tf_targeting		
ZNF773#chr19:57499954-57499972(+)	ZNF773	tf_targeting		
ZNF773#chr19:57500063-57500081(+)	ZNF773	tf_targeting		
ZNF774#chr15:90352297-90352315(+)	ZNF774	tf_targeting		
ZNF774#chr15:90352307-90352325(+)	ZNF774	tf_targeting		
ZNF774#chr15:90352312-90352330(-)	ZNF774	tf_targeting		
ZNF774#chr15:90352320-90352338(+)	ZNF774	tf_targeting		
ZNF774#chr15:90352327-90352345(+)	ZNF774	tf_targeting		
ZNF774#chr15:90352523-90352541(-)	ZNF774	tf_targeting		
ZNF775#chr7:150379335-150379353(+)	ZNF775	tf_targeting		
ZNF775#chr7:150379338-150379356(+)	ZNF775	tf_targeting		
ZNF775#chr7:150379351-150379369(-)	ZNF775	tf_targeting		
ZNF775#chr7:150379406-150379424(-)	ZNF775	tf_targeting		
ZNF775#chr7:150379417-150379435(-)	ZNF775	tf_targeting		
ZNF775#chr7:150379575-150379593(-)	ZNF775	tf_targeting		
ZNF776#chr19:57746810-57746828(-)	ZNF776	tf_targeting		
ZNF776#chr19:57746843-57746861(+)	ZNF776	tf_targeting		
ZNF776#chr19:57746852-57746870(+)	ZNF776	tf_targeting		
ZNF776#chr19:57746862-57746880(-)	ZNF776	tf_targeting		
ZNF776#chr19:57747025-57747043(-)	ZNF776	tf_targeting		
ZNF776#chr19:57747053-57747071(-)	ZNF776	tf_targeting		
ZNF777#chr7:149460580-149460598(+)	ZNF777	tf_targeting		
ZNF777#chr7:149460631-149460649(+)	ZNF777	tf_targeting		
ZNF777#chr7:149460810-149460828(-)	ZNF777	tf_targeting		
ZNF777#chr7:149460824-149460842(+)	ZNF777	tf_targeting		
ZNF777#chr7:149460834-149460852(-)	ZNF777	tf_targeting		
ZNF777#chr7:149460895-149460913(-)	ZNF777	tf_targeting		
ZNF778#chr16:89217699-89217717(-)	ZNF778	tf_targeting		
ZNF778#chr16:89217722-89217740(-)	ZNF778	tf_targeting		
ZNF778#chr16:89217750-89217768(-)	ZNF778	tf_targeting		
ZNF778#chr16:89217752-89217770(+)	ZNF778	tf_targeting		
ZNF778#chr16:89217760-89217778(-)	ZNF778	tf_targeting		
ZNF778#chr16:89217781-89217799(-)	ZNF778	tf_targeting		
ZNF780A#chr19:40090652-40090670(-)	ZNF780A	tf_targeting		
ZNF780A#chr19:40090724-40090742(-)	ZNF780A	tf_targeting		
ZNF780A#chr19:40090729-40090747(-)	ZNF780A	tf_targeting		
ZNF780A#chr19:40090888-40090906(-)	ZNF780A	tf_targeting		
ZNF780A#chr19:40090908-40090926(-)	ZNF780A	tf_targeting		
ZNF780A#chr19:40090919-40090937(+)	ZNF780A	tf_targeting		
ZNF780B#chr19:40055862-40055880(+)	ZNF780B	tf_targeting	-1.3498386	0.0611240585419016
ZNF780B#chr19:40055934-40055952(-)	ZNF780B	tf_targeting	-1.1430837	0.0211966320100746
ZNF780B#chr19:40056152-40056170(+)	ZNF780B	tf_targeting	-0.83881027	0.0481529442534332
ZNF780B#chr19:40056158-40056176(-)	ZNF780B	tf_targeting	-1.0825804	0.0720086675994292
ZNF780B#chr19:40056161-40056179(-)	ZNF780B	tf_targeting	-1.0299405	0.0457380006377091
ZNF780B#chr19:40056171-40056189(-)	ZNF780B	tf_targeting	-1.5651832	0.025666371095437
ZNF781#chr19:37692075-37692093(-)	ZNF781	tf_targeting		
ZNF781#chr19:37692102-37692120(-)	ZNF781	tf_targeting		
ZNF781#chr19:37692120-37692138(+)	ZNF781	tf_targeting		
ZNF781#chr19:37692233-37692251(+)	ZNF781	tf_targeting		
ZNF781#chr19:37692238-37692256(+)	ZNF781	tf_targeting		
ZNF781#chr19:37692241-37692259(+)	ZNF781	tf_targeting		
ZNF782#chr9:96854289-96854307(+)	ZNF782	tf_targeting	0.08499879	0.8599624592654598
ZNF782#chr9:96854433-96854451(-)	ZNF782	tf_targeting	-0.6428409	0.2600150660671415
ZNF782#chr9:96854436-96854454(-)	ZNF782	tf_targeting	-0.6787762	0.0305938602092818
ZNF782#chr9:96854478-96854496(-)	ZNF782	tf_targeting	-0.7063222	0.1281579981724567
ZNF782#chr9:96854484-96854502(+)	ZNF782	tf_targeting	-0.07049031	0.9032613305522308
ZNF782#chr9:96854495-96854513(-)	ZNF782	tf_targeting	-0.11096881	0.7548090062621533
ZNF783#chr7:149262215-149262233(-)	ZNF783	tf_targeting		
ZNF783#chr7:149262217-149262235(+)	ZNF783	tf_targeting		
ZNF783#chr7:149262221-149262239(+)	ZNF783	tf_targeting		
ZNF783#chr7:149262276-149262294(-)	ZNF783	tf_targeting		
ZNF783#chr7:149262286-149262304(-)	ZNF783	tf_targeting		
ZNF783#chr7:149262356-149262374(-)	ZNF783	tf_targeting		
ZNF784#chr19:55624470-55624488(-)	ZNF784	tf_targeting		
ZNF784#chr19:55624482-55624500(+)	ZNF784	tf_targeting		
ZNF784#chr19:55624492-55624510(-)	ZNF784	tf_targeting		
ZNF784#chr19:55624495-55624513(+)	ZNF784	tf_targeting		
ZNF784#chr19:55624501-55624519(+)	ZNF784	tf_targeting		
ZNF784#chr19:55624532-55624550(-)	ZNF784	tf_targeting		
ZNF785#chr16:30585535-30585553(-)	ZNF785	tf_targeting		
ZNF785#chr16:30585548-30585566(-)	ZNF785	tf_targeting		
ZNF785#chr16:30585620-30585638(+)	ZNF785	tf_targeting		
ZNF785#chr16:30585629-30585647(+)	ZNF785	tf_targeting		
ZNF785#chr16:30585681-30585699(+)	ZNF785	tf_targeting		
ZNF785#chr16:30585697-30585715(-)	ZNF785	tf_targeting		
ZNF786#chr7:149090514-149090532(-)	ZNF786	tf_targeting		
ZNF786#chr7:149090607-149090625(+)	ZNF786	tf_targeting		
ZNF786#chr7:149090610-149090628(+)	ZNF786	tf_targeting		
ZNF786#chr7:149090637-149090655(-)	ZNF786	tf_targeting		
ZNF786#chr7:149090640-149090658(-)	ZNF786	tf_targeting		
ZNF786#chr7:149090708-149090726(-)	ZNF786	tf_targeting		
ZNF787#chr19:56120825-56120843(+)	ZNF787	tf_targeting	0.02848729	0.9288550173444576
ZNF787#chr19:56121064-56121082(-)	ZNF787	tf_targeting	-2.3404744	2.491991497433677e-07
ZNF787#chr19:56121194-56121212(-)	ZNF787	tf_targeting	-0.29330623	0.7007978294261807
ZNF787#chr19:56121213-56121231(+)	ZNF787	tf_targeting	-2.5869648	0.0016122791739676
ZNF787#chr19:56121219-56121237(+)	ZNF787	tf_targeting	-2.263936	0.000128366578643
ZNF787#chr19:56121245-56121263(+)	ZNF787	tf_targeting	-2.389682	6.547599640279824e-11
ZNF789#chr7:99472891-99472909(-)	ZNF789	tf_targeting		
ZNF789#chr7:99472913-99472931(-)	ZNF789	tf_targeting		
ZNF789#chr7:99472921-99472939(+)	ZNF789	tf_targeting		
ZNF789#chr7:99472933-99472951(-)	ZNF789	tf_targeting		
ZNF789#chr7:99472936-99472954(-)	ZNF789	tf_targeting		
ZNF789#chr7:99472959-99472977(+)	ZNF789	tf_targeting		
ZNF79#chr9:127424413-127424431(-)	ZNF79	tf_targeting		
ZNF79#chr9:127424416-127424434(+)	ZNF79	tf_targeting		
ZNF79#chr9:127424423-127424441(+)	ZNF79	tf_targeting		
ZNF79#chr9:127424440-127424458(+)	ZNF79	tf_targeting		
ZNF79#chr9:127424468-127424486(-)	ZNF79	tf_targeting		
ZNF79#chr9:127424541-127424559(+)	ZNF79	tf_targeting		
ZNF790#chr19:36838291-36838309(+)	ZNF790	tf_targeting		
ZNF790#chr19:36838298-36838316(-)	ZNF790	tf_targeting		
ZNF790#chr19:36838302-36838320(-)	ZNF790	tf_targeting		
ZNF790#chr19:36838338-36838356(+)	ZNF790	tf_targeting		
ZNF790#chr19:36838341-36838359(+)	ZNF790	tf_targeting		
ZNF790#chr19:36838353-36838371(-)	ZNF790	tf_targeting		
ZNF790#chr19:36850076-36850094(-)	ZNF790	tf_targeting		
ZNF790#chr19:36850159-36850177(+)	ZNF790	tf_targeting		
ZNF790#chr19:36850182-36850200(+)	ZNF790	tf_targeting		
ZNF790#chr19:36850245-36850263(+)	ZNF790	tf_targeting		
ZNF790#chr19:36850255-36850273(-)	ZNF790	tf_targeting		
ZNF790#chr19:36850264-36850282(-)	ZNF790	tf_targeting		
ZNF791#chr19:12610928-12610946(+)	ZNF791	tf_targeting		
ZNF791#chr19:12610979-12610997(-)	ZNF791	tf_targeting		
ZNF791#chr19:12611004-12611022(-)	ZNF791	tf_targeting		
ZNF791#chr19:12611135-12611153(+)	ZNF791	tf_targeting		
ZNF791#chr19:12611143-12611161(-)	ZNF791	tf_targeting		
ZNF791#chr19:12611148-12611166(+)	ZNF791	tf_targeting		
ZNF792#chr19:34963965-34963983(+)	ZNF792	tf_targeting		
ZNF792#chr19:34964127-34964145(-)	ZNF792	tf_targeting		
ZNF792#chr19:34964148-34964166(+)	ZNF792	tf_targeting		
ZNF792#chr19:34964174-34964192(-)	ZNF792	tf_targeting		
ZNF792#chr19:34964187-34964205(+)	ZNF792	tf_targeting		
ZNF792#chr19:34964226-34964244(+)	ZNF792	tf_targeting		
ZNF793#chr19:37506929-37506947(+)	ZNF793	tf_targeting		
ZNF793#chr19:37506946-37506964(+)	ZNF793	tf_targeting		
ZNF793#chr19:37506954-37506972(+)	ZNF793	tf_targeting		
ZNF793#chr19:37507117-37507135(+)	ZNF793	tf_targeting		
ZNF793#chr19:37507174-37507192(+)	ZNF793	tf_targeting		
ZNF793#chr19:37507198-37507216(+)	ZNF793	tf_targeting		
ZNF799#chr19:12400949-12400967(+)	ZNF799	tf_targeting		
ZNF799#chr19:12401086-12401104(+)	ZNF799	tf_targeting		
ZNF799#chr19:12401120-12401138(-)	ZNF799	tf_targeting		
ZNF799#chr19:12401141-12401159(+)	ZNF799	tf_targeting		
ZNF799#chr19:12401188-12401206(+)	ZNF799	tf_targeting		
ZNF799#chr19:12401233-12401251(+)	ZNF799	tf_targeting		
ZNF8#chr19:58278982-58279000(-)	ZNF8	tf_targeting		
ZNF8#chr19:58278985-58279003(-)	ZNF8	tf_targeting		
ZNF8#chr19:58278987-58279005(+)	ZNF8	tf_targeting		
ZNF8#chr19:58278990-58279008(+)	ZNF8	tf_targeting		
ZNF8#chr19:58278999-58279017(+)	ZNF8	tf_targeting		
ZNF8#chr19:58279032-58279050(-)	ZNF8	tf_targeting		
ZNF80#chr3:114237081-114237099(-)	ZNF80	tf_targeting		
ZNF80#chr3:114237084-114237102(-)	ZNF80	tf_targeting		
ZNF80#chr3:114237095-114237113(-)	ZNF80	tf_targeting		
ZNF80#chr3:114237128-114237146(+)	ZNF80	tf_targeting		
ZNF80#chr3:114237343-114237361(+)	ZNF80	tf_targeting		
ZNF80#chr3:114237346-114237364(+)	ZNF80	tf_targeting		
ZNF800#chr7:127392621-127392639(-)	ZNF800	tf_targeting	0.0069291024	0.9939269055669684
ZNF800#chr7:127392631-127392649(+)	ZNF800	tf_targeting	-2.0608218	8.283998332847366e-07
ZNF800#chr7:127392638-127392656(-)	ZNF800	tf_targeting	-1.4760585	0.0038144682844831
ZNF800#chr7:127392641-127392659(+)	ZNF800	tf_targeting	-3.8345468	9.658502446756357e-05
ZNF800#chr7:127392647-127392665(+)	ZNF800	tf_targeting	-2.2535899	8.061324991544684e-06
ZNF800#chr7:127392676-127392694(+)	ZNF800	tf_targeting	-1.315877	0.0178370963536539
ZNF804A#chr2:184598425-184598443(-)	ZNF804A	tf_targeting		
ZNF804A#chr2:184598448-184598466(-)	ZNF804A	tf_targeting		
ZNF804A#chr2:184598522-184598540(+)	ZNF804A	tf_targeting		
ZNF804A#chr2:184598731-184598749(+)	ZNF804A	tf_targeting		
ZNF804A#chr2:184598785-184598803(+)	ZNF804A	tf_targeting		
ZNF804A#chr2:184598799-184598817(-)	ZNF804A	tf_targeting		
ZNF804B#chr7:88759453-88759471(-)	ZNF804B	tf_targeting		
ZNF804B#chr7:88759691-88759709(-)	ZNF804B	tf_targeting		
ZNF804B#chr7:88759705-88759723(-)	ZNF804B	tf_targeting		
ZNF804B#chr7:88759709-88759727(+)	ZNF804B	tf_targeting		
ZNF804B#chr7:88759797-88759815(+)	ZNF804B	tf_targeting		
ZNF804B#chr7:88759902-88759920(-)	ZNF804B	tf_targeting		
ZNF805#chr19:57240688-57240706(+)	ZNF805	tf_targeting		
ZNF805#chr19:57240692-57240710(+)	ZNF805	tf_targeting		
ZNF805#chr19:57240750-57240768(-)	ZNF805	tf_targeting		
ZNF805#chr19:57240757-57240775(-)	ZNF805	tf_targeting		
ZNF805#chr19:57240794-57240812(+)	ZNF805	tf_targeting		
ZNF805#chr19:57240799-57240817(+)	ZNF805	tf_targeting		
ZNF808#chr19:52535991-52536009(+)	ZNF808	tf_targeting	-0.58987105	0.0389452378556828
ZNF808#chr19:52535994-52536012(+)	ZNF808	tf_targeting	-0.16951163	0.4315766832919206
ZNF808#chr19:52536065-52536083(-)	ZNF808	tf_targeting	0.2218601	0.5684489502211579
ZNF808#chr19:52536093-52536111(-)	ZNF808	tf_targeting	-0.00018718686	0.9995965756543816
ZNF808#chr19:52536386-52536404(-)	ZNF808	tf_targeting	-0.37706408	0.209497283274373
ZNF808#chr19:52536391-52536409(-)	ZNF808	tf_targeting	-0.370561	0.6336490734103551
ZNF81#chrX:47836882-47836900(+)	ZNF81	tf_targeting		
ZNF81#chrX:47836888-47836906(+)	ZNF81	tf_targeting		
ZNF81#chrX:47836894-47836912(+)	ZNF81	tf_targeting		
ZNF81#chrX:47836917-47836935(+)	ZNF81	tf_targeting		
ZNF81#chrX:47836925-47836943(-)	ZNF81	tf_targeting		
ZNF81#chrX:47836936-47836954(-)	ZNF81	tf_targeting		
ZNF813#chr19:53468079-53468097(+)	ZNF813	tf_targeting		
ZNF813#chr19:53468087-53468105(-)	ZNF813	tf_targeting		
ZNF813#chr19:53468093-53468111(-)	ZNF813	tf_targeting		
ZNF813#chr19:53468100-53468118(+)	ZNF813	tf_targeting		
ZNF813#chr19:53468111-53468129(-)	ZNF813	tf_targeting		
ZNF813#chr19:53468130-53468148(+)	ZNF813	tf_targeting		
ZNF814#chr19:57888774-57888792(+)	ZNF814	tf_targeting		
ZNF814#chr19:57888819-57888837(+)	ZNF814	tf_targeting		
ZNF814#chr19:57888872-57888890(+)	ZNF814	tf_targeting		
ZNF814#chr19:57888923-57888941(+)	ZNF814	tf_targeting		
ZNF814#chr19:57888945-57888963(+)	ZNF814	tf_targeting		
ZNF814#chr19:57888958-57888976(-)	ZNF814	tf_targeting		
ZNF816#chr19:52942344-52942362(+)	ZNF816	tf_targeting		
ZNF816#chr19:52942394-52942412(-)	ZNF816	tf_targeting		
ZNF816#chr19:52942483-52942501(+)	ZNF816	tf_targeting		
ZNF816#chr19:52942531-52942549(+)	ZNF816	tf_targeting		
ZNF816#chr19:52942544-52942562(-)	ZNF816	tf_targeting		
ZNF816#chr19:52942580-52942598(-)	ZNF816	tf_targeting		
ZNF816#chr19:52962453-52962471(+)	ZNF816	tf_targeting		
ZNF816#chr19:52962793-52962811(-)	ZNF816	tf_targeting		
ZNF816#chr19:52962801-52962819(-)	ZNF816	tf_targeting		
ZNF816#chr19:52962805-52962823(+)	ZNF816	tf_targeting		
ZNF816#chr19:52962817-52962835(-)	ZNF816	tf_targeting		
ZNF816#chr19:52962841-52962859(-)	ZNF816	tf_targeting		
ZNF821#chr16:71884056-71884074(+)	ZNF821	tf_targeting		
ZNF821#chr16:71884114-71884132(+)	ZNF821	tf_targeting		
ZNF821#chr16:71884468-71884486(-)	ZNF821	tf_targeting		
ZNF821#chr16:71884557-71884575(-)	ZNF821	tf_targeting		
ZNF821#chr16:71884605-71884623(-)	ZNF821	tf_targeting		
ZNF821#chr16:71884612-71884630(-)	ZNF821	tf_targeting		
ZNF823#chr19:11738654-11738672(-)	ZNF823	tf_targeting		
ZNF823#chr19:11738658-11738676(+)	ZNF823	tf_targeting		
ZNF823#chr19:11738731-11738749(+)	ZNF823	tf_targeting		
ZNF823#chr19:11738780-11738798(-)	ZNF823	tf_targeting		
ZNF823#chr19:11738883-11738901(+)	ZNF823	tf_targeting		
ZNF823#chr19:11738924-11738942(-)	ZNF823	tf_targeting		
ZNF827#chr4:145938449-145938467(+)	ZNF827	tf_targeting	-1.2801805	0.0429419523613562
ZNF827#chr4:145938462-145938480(-)	ZNF827	tf_targeting	-0.70952296	0.2424562596027639
ZNF827#chr4:145938765-145938783(+)	ZNF827	tf_targeting	-1.8698862	5.099619777837237e-07
ZNF827#chr4:145938769-145938787(-)	ZNF827	tf_targeting	-2.162079	5.1914856674663e-10
ZNF827#chr4:145938820-145938838(+)	ZNF827	tf_targeting	-1.566605	4.682801985032656e-05
ZNF827#chr4:145938823-145938841(+)	ZNF827	tf_targeting	-0.96432936	0.1419671577668407
ZNF829#chr19:36915869-36915887(-)	ZNF829	tf_targeting		
ZNF829#chr19:36915973-36915991(+)	ZNF829	tf_targeting		
ZNF829#chr19:36915984-36916002(-)	ZNF829	tf_targeting		
ZNF829#chr19:36916005-36916023(+)	ZNF829	tf_targeting		
ZNF829#chr19:36916017-36916035(-)	ZNF829	tf_targeting		
ZNF829#chr19:36916139-36916157(+)	ZNF829	tf_targeting		
ZNF83#chr19:52617762-52617780(-)	ZNF83	tf_targeting	0.039232716	0.9079082770564092
ZNF83#chr19:52617778-52617796(+)	ZNF83	tf_targeting	-0.45933622	0.2116848486190662
ZNF83#chr19:52617848-52617866(+)	ZNF83	tf_targeting	-0.019941743	0.9445392865950856
ZNF83#chr19:52617979-52617997(+)	ZNF83	tf_targeting	-0.12249235	0.6532194591380538
ZNF83#chr19:52618036-52618054(+)	ZNF83	tf_targeting	-0.086393364	0.7889989287441234
ZNF83#chr19:52618042-52618060(+)	ZNF83	tf_targeting	-0.019496994	0.9497342591923534
ZNF83#chr19:52636984-52637002(-)	ZNF83	tf_targeting	-0.61288935	0.2096719189887468
ZNF83#chr19:52636989-52637007(-)	ZNF83	tf_targeting	-0.63950616	0.1678516607119295
ZNF83#chr19:52637134-52637152(-)	ZNF83	tf_targeting	-2.107502	0.0002330354840411
ZNF83#chr19:52637149-52637167(-)	ZNF83	tf_targeting	-0.065093115	0.8244591762057621
ZNF83#chr19:52637161-52637179(-)	ZNF83	tf_targeting	0.120139405	0.7473547803344908
ZNF83#chr19:52637185-52637203(-)	ZNF83	tf_targeting	-0.52157056	0.2873590418364854
ZNF83#chr19:52637955-52637973(+)	ZNF83	tf_targeting	-0.5707466	0.0319251569308388
ZNF83#chr19:52637961-52637979(+)	ZNF83	tf_targeting	-0.18848394	0.5673179909670238
ZNF83#chr19:52638298-52638316(+)	ZNF83	tf_targeting	-0.13048969	0.6805608471415497
ZNF83#chr19:52638314-52638332(-)	ZNF83	tf_targeting	-0.2815632	0.4072964187420708
ZNF83#chr19:52638317-52638335(-)	ZNF83	tf_targeting	0.070404425	0.7906016930811721
ZNF83#chr19:52638336-52638354(-)	ZNF83	tf_targeting	0.23033938	0.307390279279289
ZNF830#chr17:34961581-34961599(+)	ZNF830	tf_targeting		
ZNF830#chr17:34961586-34961604(-)	ZNF830	tf_targeting		
ZNF830#chr17:34961589-34961607(-)	ZNF830	tf_targeting		
ZNF830#chr17:34961783-34961801(+)	ZNF830	tf_targeting		
ZNF830#chr17:34961925-34961943(-)	ZNF830	tf_targeting		
ZNF830#chr17:34961933-34961951(-)	ZNF830	tf_targeting		
ZNF831#chr20:59191056-59191074(-)	ZNF831	tf_targeting		
ZNF831#chr20:59191136-59191154(-)	ZNF831	tf_targeting		
ZNF831#chr20:59191197-59191215(-)	ZNF831	tf_targeting		
ZNF831#chr20:59191237-59191255(+)	ZNF831	tf_targeting		
ZNF831#chr20:59191252-59191270(+)	ZNF831	tf_targeting		
ZNF831#chr20:59191386-59191404(-)	ZNF831	tf_targeting		
ZNF835#chr19:56671672-56671690(+)	ZNF835	tf_targeting		
ZNF835#chr19:56671691-56671709(-)	ZNF835	tf_targeting		
ZNF835#chr19:56671699-56671717(-)	ZNF835	tf_targeting		
ZNF835#chr19:56671702-56671720(-)	ZNF835	tf_targeting		
ZNF835#chr19:56671706-56671724(-)	ZNF835	tf_targeting		
ZNF835#chr19:56671762-56671780(-)	ZNF835	tf_targeting		
ZNF836#chr19:52171255-52171273(+)	ZNF836	tf_targeting		
ZNF836#chr19:52171378-52171396(+)	ZNF836	tf_targeting		
ZNF836#chr19:52171423-52171441(+)	ZNF836	tf_targeting		
ZNF836#chr19:52171593-52171611(+)	ZNF836	tf_targeting		
ZNF836#chr19:52171634-52171652(+)	ZNF836	tf_targeting		
ZNF836#chr19:52171643-52171661(-)	ZNF836	tf_targeting		
ZNF837#chr19:58380782-58380800(+)	ZNF837	tf_targeting		
ZNF837#chr19:58380936-58380954(-)	ZNF837	tf_targeting		
ZNF837#chr19:58380941-58380959(+)	ZNF837	tf_targeting		
ZNF837#chr19:58381014-58381032(+)	ZNF837	tf_targeting		
ZNF837#chr19:58381024-58381042(-)	ZNF837	tf_targeting		
ZNF837#chr19:58381037-58381055(+)	ZNF837	tf_targeting		
ZNF839#chr14:102319739-102319757(+)	ZNF839	tf_targeting		
ZNF839#chr14:102319757-102319775(+)	ZNF839	tf_targeting		
ZNF839#chr14:102319764-102319782(-)	ZNF839	tf_targeting		
ZNF839#chr14:102319767-102319785(-)	ZNF839	tf_targeting		
ZNF839#chr14:102319788-102319806(+)	ZNF839	tf_targeting		
ZNF839#chr14:102319940-102319958(-)	ZNF839	tf_targeting		
ZNF84#chr12:133037459-133037477(+)	ZNF84	tf_targeting	-0.04231405	0.9259910548664476
ZNF84#chr12:133037485-133037503(+)	ZNF84	tf_targeting	0.16667639	0.2625698682919199
ZNF84#chr12:133037510-133037528(+)	ZNF84	tf_targeting	-2.060337	9.059160238307137e-14
ZNF84#chr12:133037513-133037531(+)	ZNF84	tf_targeting	-0.3126892	0.7317007674936005
ZNF84#chr12:133037870-133037888(+)	ZNF84	tf_targeting	-3.3100562	6.243529029839924e-06
ZNF84#chr12:133037925-133037943(+)	ZNF84	tf_targeting	-0.79557747	0.0132627460777879
ZNF841#chr19:52095342-52095360(-)	ZNF841	tf_targeting		
ZNF841#chr19:52095627-52095645(+)	ZNF841	tf_targeting		
ZNF841#chr19:52095684-52095702(+)	ZNF841	tf_targeting		
ZNF841#chr19:52095738-52095756(-)	ZNF841	tf_targeting		
ZNF841#chr19:52095743-52095761(-)	ZNF841	tf_targeting		
ZNF841#chr19:52095757-52095775(+)	ZNF841	tf_targeting		
ZNF843#chr16:31442713-31442731(+)	ZNF843	tf_targeting		
ZNF843#chr16:31442716-31442734(+)	ZNF843	tf_targeting		
ZNF843#chr16:31442722-31442740(-)	ZNF843	tf_targeting		
ZNF843#chr16:31442747-31442765(+)	ZNF843	tf_targeting		
ZNF843#chr16:31442753-31442771(+)	ZNF843	tf_targeting		
ZNF843#chr16:31442770-31442788(+)	ZNF843	tf_targeting		
ZNF844#chr19:12064732-12064750(+)	ZNF844	tf_targeting		
ZNF844#chr19:12064743-12064761(-)	ZNF844	tf_targeting		
ZNF844#chr19:12064768-12064786(-)	ZNF844	tf_targeting		
ZNF844#chr19:12064801-12064819(-)	ZNF844	tf_targeting		
ZNF844#chr19:12064804-12064822(-)	ZNF844	tf_targeting		
ZNF844#chr19:12064807-12064825(-)	ZNF844	tf_targeting		
ZNF845#chr19:53333772-53333790(+)	ZNF845	tf_targeting		
ZNF845#chr19:53333893-53333911(-)	ZNF845	tf_targeting		
ZNF845#chr19:53333921-53333939(+)	ZNF845	tf_targeting		
ZNF845#chr19:53333927-53333945(-)	ZNF845	tf_targeting		
ZNF845#chr19:53333971-53333989(-)	ZNF845	tf_targeting		
ZNF845#chr19:53334165-53334183(-)	ZNF845	tf_targeting		
ZNF846#chr19:9768525-9768543(+)	ZNF846	tf_targeting	0.32582647	0.1796097206980555
ZNF846#chr19:9768542-9768560(+)	ZNF846	tf_targeting	-0.24976997	0.1830979121745709
ZNF846#chr19:9768555-9768573(-)	ZNF846	tf_targeting	-0.36371875	0.2395055278057673
ZNF846#chr19:9768557-9768575(+)	ZNF846	tf_targeting	-0.12349501	0.6616674043177808
ZNF846#chr19:9768597-9768615(-)	ZNF846	tf_targeting	-0.19580401	0.581700720784436
ZNF846#chr19:9768609-9768627(-)	ZNF846	tf_targeting	-0.87640595	1.1891287822568447e-05
ZNF85#chr19:20923274-20923292(-)	ZNF85	tf_targeting		
ZNF85#chr19:20923414-20923432(+)	ZNF85	tf_targeting		
ZNF85#chr19:20923518-20923536(-)	ZNF85	tf_targeting		
ZNF85#chr19:20923531-20923549(-)	ZNF85	tf_targeting		
ZNF85#chr19:20923541-20923559(-)	ZNF85	tf_targeting		
ZNF85#chr19:20923566-20923584(+)	ZNF85	tf_targeting		
ZNF850#chr19:36772561-36772579(-)	ZNF850	tf_targeting	-0.052341517	0.9228301723018032
ZNF850#chr19:36772719-36772737(+)	ZNF850	tf_targeting	-0.65801823	0.1704265670822052
ZNF850#chr19:36772728-36772746(-)	ZNF850	tf_targeting	-1.224237	0.0263361796932485
ZNF850#chr19:36772765-36772783(-)	ZNF850	tf_targeting	-1.4557172	0.0531645908017022
ZNF850#chr19:36772771-36772789(+)	ZNF850	tf_targeting	-1.6471528	6.312997988326997e-06
ZNF850#chr19:36772783-36772801(+)	ZNF850	tf_targeting	-0.72719604	0.0054900216864547
ZNF852#chr3:44510386-44510404(+)	ZNF852	tf_targeting		
ZNF852#chr3:44510555-44510573(-)	ZNF852	tf_targeting		
ZNF852#chr3:44510564-44510582(-)	ZNF852	tf_targeting		
ZNF852#chr3:44510567-44510585(-)	ZNF852	tf_targeting		
ZNF852#chr3:44510622-44510640(-)	ZNF852	tf_targeting		
ZNF852#chr3:44510630-44510648(-)	ZNF852	tf_targeting		
ZNF853#chr7:6616139-6616157(-)	ZNF853	tf_targeting		
ZNF853#chr7:6616144-6616162(-)	ZNF853	tf_targeting		
ZNF853#chr7:6616147-6616165(-)	ZNF853	tf_targeting		
ZNF853#chr7:6616166-6616184(+)	ZNF853	tf_targeting		
ZNF853#chr7:6616179-6616197(+)	ZNF853	tf_targeting		
ZNF853#chr7:6616196-6616214(-)	ZNF853	tf_targeting		
ZNF853#chr7:6621436-6621454(-)	ZNF853	tf_targeting		
ZNF853#chr7:6621595-6621613(+)	ZNF853	tf_targeting		
ZNF853#chr7:6621631-6621649(+)	ZNF853	tf_targeting		
ZNF853#chr7:6621713-6621731(+)	ZNF853	tf_targeting		
ZNF853#chr7:6621952-6621970(+)	ZNF853	tf_targeting		
ZNF853#chr7:6621960-6621978(+)	ZNF853	tf_targeting		
ZNF860#chr3:31981477-31981495(-)	ZNF860	tf_targeting		
ZNF860#chr3:31981610-31981628(-)	ZNF860	tf_targeting		
ZNF860#chr3:31981716-31981734(-)	ZNF860	tf_targeting		
ZNF860#chr3:31981760-31981778(-)	ZNF860	tf_targeting		
ZNF860#chr3:31981775-31981793(-)	ZNF860	tf_targeting		
ZNF860#chr3:31981806-31981824(+)	ZNF860	tf_targeting		
ZNF862#chr7:149838423-149838441(+)	ZNF862	tf_targeting	-1.6595309	0.0115269918865479
ZNF862#chr7:149838456-149838474(-)	ZNF862	tf_targeting	-0.8619473	0.050279308663084
ZNF862#chr7:149838460-149838478(-)	ZNF862	tf_targeting	-1.0234255	0.0088683824720481
ZNF862#chr7:149838462-149838480(+)	ZNF862	tf_targeting	-1.0437791	0.1897364116038339
ZNF862#chr7:149838498-149838516(-)	ZNF862	tf_targeting	-0.39234596	0.5621366046806745
ZNF862#chr7:149838619-149838637(+)	ZNF862	tf_targeting	-0.09799636	0.8105620560833687
ZNF865#chr19:55613576-55613594(-)	ZNF865	tf_targeting		
ZNF865#chr19:55613604-55613622(+)	ZNF865	tf_targeting		
ZNF865#chr19:55613613-55613631(-)	ZNF865	tf_targeting		
ZNF865#chr19:55613616-55613634(+)	ZNF865	tf_targeting		
ZNF865#chr19:55613623-55613641(+)	ZNF865	tf_targeting		
ZNF865#chr19:55613708-55613726(-)	ZNF865	tf_targeting		
ZNF878#chr19:12052874-12052892(+)	ZNF878	tf_targeting		
ZNF878#chr19:12052884-12052902(+)	ZNF878	tf_targeting		
ZNF878#chr19:12052894-12052912(+)	ZNF878	tf_targeting		
ZNF878#chr19:12052929-12052947(-)	ZNF878	tf_targeting		
ZNF878#chr19:12052936-12052954(-)	ZNF878	tf_targeting		
ZNF878#chr19:12052955-12052973(-)	ZNF878	tf_targeting		
ZNF879#chr5:179023847-179023865(+)	ZNF879	tf_targeting		
ZNF879#chr5:179023853-179023871(-)	ZNF879	tf_targeting		
ZNF879#chr5:179023860-179023878(-)	ZNF879	tf_targeting		
ZNF879#chr5:179023890-179023908(+)	ZNF879	tf_targeting		
ZNF879#chr5:179023947-179023965(+)	ZNF879	tf_targeting		
ZNF879#chr5:179024180-179024198(-)	ZNF879	tf_targeting		
ZNF880#chr19:52369942-52369960(+)	ZNF880	tf_targeting	-2.5784922	0.0004771533435499
ZNF880#chr19:52370022-52370040(-)	ZNF880	tf_targeting	-1.0770385	0.0131227594887545
ZNF880#chr19:52370030-52370048(+)	ZNF880	tf_targeting	-1.3883294	0.0495526856166737
ZNF880#chr19:52370106-52370124(+)	ZNF880	tf_targeting	-2.5199466	0.0035784120644261
ZNF880#chr19:52370173-52370191(-)	ZNF880	tf_targeting	-0.6646943	0.1940354052579834
ZNF880#chr19:52370246-52370264(-)	ZNF880	tf_targeting	-1.6165043	0.0007789966883392
ZNF883#chr9:113011973-113011991(-)	ZNF883	tf_targeting		
ZNF883#chr9:113012008-113012026(-)	ZNF883	tf_targeting		
ZNF883#chr9:113012108-113012126(+)	ZNF883	tf_targeting		
ZNF883#chr9:113012113-113012131(+)	ZNF883	tf_targeting		
ZNF883#chr9:113012169-113012187(+)	ZNF883	tf_targeting		
ZNF883#chr9:113012202-113012220(-)	ZNF883	tf_targeting		
ZNF888#chr19:52917444-52917462(-)	ZNF888	tf_targeting		
ZNF888#chr19:52917471-52917489(-)	ZNF888	tf_targeting		
ZNF888#chr19:52917551-52917569(-)	ZNF888	tf_targeting		
ZNF888#chr19:52917572-52917590(-)	ZNF888	tf_targeting		
ZNF888#chr19:52917644-52917662(-)	ZNF888	tf_targeting		
ZNF888#chr19:52917666-52917684(-)	ZNF888	tf_targeting		
ZNF888#chr19:52923049-52923067(+)	ZNF888	tf_targeting		
ZNF888#chr19:52923371-52923389(-)	ZNF888	tf_targeting		
ZNF888#chr19:52923394-52923412(+)	ZNF888	tf_targeting		
ZNF888#chr19:52923408-52923426(-)	ZNF888	tf_targeting		
ZNF888#chr19:52923412-52923430(+)	ZNF888	tf_targeting		
ZNF888#chr19:52923449-52923467(-)	ZNF888	tf_targeting		
ZNF891#chr12:133130060-133130078(+)	ZNF891	tf_targeting		
ZNF891#chr12:133130165-133130183(+)	ZNF891	tf_targeting		
ZNF891#chr12:133130180-133130198(-)	ZNF891	tf_targeting		
ZNF891#chr12:133130192-133130210(+)	ZNF891	tf_targeting		
ZNF891#chr12:133130242-133130260(-)	ZNF891	tf_targeting		
ZNF891#chr12:133130265-133130283(-)	ZNF891	tf_targeting		
ZNF90#chr19:20077972-20077990(+)	ZNF90	tf_targeting	-1.5920056	0.0760992556652148
ZNF90#chr19:20078030-20078048(-)	ZNF90	tf_targeting	-2.3068624	0.0016767147045338
ZNF90#chr19:20078148-20078166(-)	ZNF90	tf_targeting	-2.786887	0.0091840764259327
ZNF90#chr19:20078236-20078254(-)	ZNF90	tf_targeting	-0.6581357	0.1334511209259894
ZNF90#chr19:20078289-20078307(-)	ZNF90	tf_targeting	-0.21051188	0.8072076354311102
ZNF90#chr19:20078411-20078429(+)	ZNF90	tf_targeting	-0.46208793	0.2627588714222135
ZNF91#chr19:23394981-23394999(-)	ZNF91	tf_targeting	-0.5893639	3.762088019625137e-10
ZNF91#chr19:23395197-23395215(+)	ZNF91	tf_targeting	-2.785639	8.691449856944865e-18
ZNF91#chr19:23395263-23395281(-)	ZNF91	tf_targeting	-1.3734015	0.0159885410045094
ZNF91#chr19:23395436-23395454(+)	ZNF91	tf_targeting	-2.739129	7.528297800523833e-11
ZNF91#chr19:23395439-23395457(+)	ZNF91	tf_targeting	-2.4962344	7.200767509869672e-34
ZNF91#chr19:23395447-23395465(-)	ZNF91	tf_targeting	-2.5849278	2.5212956890072904e-34
ZNF92#chr7:65373872-65373890(-)	ZNF92	tf_targeting		
ZNF92#chr7:65373880-65373898(-)	ZNF92	tf_targeting		
ZNF92#chr7:65373898-65373916(+)	ZNF92	tf_targeting		
ZNF92#chr7:65373907-65373925(-)	ZNF92	tf_targeting		
ZNF92#chr7:65373927-65373945(-)	ZNF92	tf_targeting		
ZNF92#chr7:65374091-65374109(+)	ZNF92	tf_targeting		
ZNF93#chr19:19900914-19900932(+)	ZNF93	tf_targeting		
ZNF93#chr19:19900933-19900951(+)	ZNF93	tf_targeting		
ZNF93#chr19:19900998-19901016(-)	ZNF93	tf_targeting		
ZNF93#chr19:19901103-19901121(+)	ZNF93	tf_targeting		
ZNF93#chr19:19901140-19901158(+)	ZNF93	tf_targeting		
ZNF93#chr19:19901227-19901245(-)	ZNF93	tf_targeting		
ZNF98#chr19:22422062-22422080(+)	ZNF98	tf_targeting		
ZNF98#chr19:22422151-22422169(+)	ZNF98	tf_targeting		
ZNF98#chr19:22422157-22422175(-)	ZNF98	tf_targeting		
ZNF98#chr19:22422165-22422183(-)	ZNF98	tf_targeting		
ZNF98#chr19:22422297-22422315(+)	ZNF98	tf_targeting		
ZNF98#chr19:22422305-22422323(+)	ZNF98	tf_targeting		
ZNF99#chr19:22783798-22783816(+)	ZNF99	tf_targeting		
ZNF99#chr19:22783882-22783900(+)	ZNF99	tf_targeting		
ZNF99#chr19:22783908-22783926(+)	ZNF99	tf_targeting		
ZNF99#chr19:22783983-22784001(-)	ZNF99	tf_targeting		
ZNF99#chr19:22784075-22784093(+)	ZNF99	tf_targeting		
ZNF99#chr19:22784102-22784120(+)	ZNF99	tf_targeting		
ZNFX1#chr20:49277973-49277991(+)	ZNFX1	tf_targeting		
ZNFX1#chr20:49278039-49278057(-)	ZNFX1	tf_targeting		
ZNFX1#chr20:49278049-49278067(-)	ZNFX1	tf_targeting		
ZNFX1#chr20:49278184-49278202(+)	ZNFX1	tf_targeting		
ZNFX1#chr20:49278225-49278243(+)	ZNFX1	tf_targeting		
ZNFX1#chr20:49278237-49278255(-)	ZNFX1	tf_targeting		
ZSCAN1#chr19:58034095-58034113(+)	ZSCAN1	tf_targeting		
ZSCAN1#chr19:58034113-58034131(+)	ZSCAN1	tf_targeting		
ZSCAN1#chr19:58034124-58034142(-)	ZSCAN1	tf_targeting		
ZSCAN1#chr19:58034144-58034162(-)	ZSCAN1	tf_targeting		
ZSCAN1#chr19:58034343-58034361(-)	ZSCAN1	tf_targeting		
ZSCAN1#chr19:58034359-58034377(+)	ZSCAN1	tf_targeting		
ZSCAN10#chr16:3099047-3099065(-)	ZSCAN10	tf_targeting		
ZSCAN10#chr16:3099058-3099076(-)	ZSCAN10	tf_targeting		
ZSCAN10#chr16:3099137-3099155(+)	ZSCAN10	tf_targeting		
ZSCAN10#chr16:3099192-3099210(+)	ZSCAN10	tf_targeting		
ZSCAN10#chr16:3099205-3099223(+)	ZSCAN10	tf_targeting		
ZSCAN10#chr16:3099218-3099236(+)	ZSCAN10	tf_targeting		
ZSCAN12#chr6:28399674-28399692(+)	ZSCAN12	tf_targeting		
ZSCAN12#chr6:28399682-28399700(+)	ZSCAN12	tf_targeting		
ZSCAN12#chr6:28399688-28399706(-)	ZSCAN12	tf_targeting		
ZSCAN12#chr6:28399692-28399710(-)	ZSCAN12	tf_targeting		
ZSCAN12#chr6:28399714-28399732(-)	ZSCAN12	tf_targeting		
ZSCAN12#chr6:28399721-28399739(-)	ZSCAN12	tf_targeting		
ZSCAN16#chr6:28124619-28124637(+)	ZSCAN16	tf_targeting		
ZSCAN16#chr6:28124665-28124683(-)	ZSCAN16	tf_targeting		
ZSCAN16#chr6:28124671-28124689(+)	ZSCAN16	tf_targeting		
ZSCAN16#chr6:28124679-28124697(+)	ZSCAN16	tf_targeting		
ZSCAN16#chr6:28124682-28124700(+)	ZSCAN16	tf_targeting		
ZSCAN16#chr6:28124832-28124850(+)	ZSCAN16	tf_targeting		
ZSCAN18#chr19:58098124-58098142(-)	ZSCAN18	tf_targeting	-1.503516	0.0598048053655838
ZSCAN18#chr19:58098160-58098178(-)	ZSCAN18	tf_targeting	-2.2981482	0.0003678243402369
ZSCAN18#chr19:58098177-58098195(+)	ZSCAN18	tf_targeting	-1.5124985	0.1095777966896737
ZSCAN18#chr19:58098198-58098216(-)	ZSCAN18	tf_targeting	-0.555808	0.4658425475825684
ZSCAN18#chr19:58098211-58098229(-)	ZSCAN18	tf_targeting	-4.397475	3.5216866162967726e-06
ZSCAN18#chr19:58098218-58098236(-)	ZSCAN18	tf_targeting	-1.728766	9.597037817687886e-10
ZSCAN18#chr19:58118357-58118375(-)	ZSCAN18	tf_targeting	0.14706166	0.484121791318217
ZSCAN18#chr19:58118360-58118378(-)	ZSCAN18	tf_targeting	0.46740955	0.1275849582626762
ZSCAN18#chr19:58118369-58118387(-)	ZSCAN18	tf_targeting	0.0121942805	0.9688302056207708
ZSCAN18#chr19:58118378-58118396(+)	ZSCAN18	tf_targeting	0.03387194	0.8511916975098124
ZSCAN18#chr19:58118382-58118400(-)	ZSCAN18	tf_targeting	-0.28041548	0.4111179300254737
ZSCAN18#chr19:58118386-58118404(-)	ZSCAN18	tf_targeting	-0.06562233	0.750532123305985
ZSCAN2#chr15:84601017-84601035(-)	ZSCAN2	tf_targeting		
ZSCAN2#chr15:84601036-84601054(-)	ZSCAN2	tf_targeting		
ZSCAN2#chr15:84601044-84601062(+)	ZSCAN2	tf_targeting		
ZSCAN2#chr15:84601128-84601146(+)	ZSCAN2	tf_targeting		
ZSCAN2#chr15:84601261-84601279(-)	ZSCAN2	tf_targeting		
ZSCAN2#chr15:84601283-84601301(-)	ZSCAN2	tf_targeting		
ZSCAN20#chr1:33472651-33472669(-)	ZSCAN20	tf_targeting		
ZSCAN20#chr1:33472664-33472682(-)	ZSCAN20	tf_targeting		
ZSCAN20#chr1:33472667-33472685(+)	ZSCAN20	tf_targeting		
ZSCAN20#chr1:33472671-33472689(+)	ZSCAN20	tf_targeting		
ZSCAN20#chr1:33472681-33472699(+)	ZSCAN20	tf_targeting		
ZSCAN20#chr1:33472837-33472855(+)	ZSCAN20	tf_targeting		
ZSCAN21#chr7:100049783-100049801(+)	ZSCAN21	tf_targeting		
ZSCAN21#chr7:100049788-100049806(+)	ZSCAN21	tf_targeting		
ZSCAN21#chr7:100049796-100049814(+)	ZSCAN21	tf_targeting		
ZSCAN21#chr7:100049808-100049826(+)	ZSCAN21	tf_targeting		
ZSCAN21#chr7:100049817-100049835(-)	ZSCAN21	tf_targeting		
ZSCAN21#chr7:100049821-100049839(+)	ZSCAN21	tf_targeting		
ZSCAN22#chr19:58327028-58327046(+)	ZSCAN22	tf_targeting		
ZSCAN22#chr19:58327044-58327062(+)	ZSCAN22	tf_targeting		
ZSCAN22#chr19:58327067-58327085(+)	ZSCAN22	tf_targeting		
ZSCAN22#chr19:58327085-58327103(-)	ZSCAN22	tf_targeting		
ZSCAN22#chr19:58327221-58327239(+)	ZSCAN22	tf_targeting		
ZSCAN22#chr19:58327232-58327250(+)	ZSCAN22	tf_targeting		
ZSCAN23#chr6:28443243-28443261(-)	ZSCAN23	tf_targeting		
ZSCAN23#chr6:28443273-28443291(-)	ZSCAN23	tf_targeting		
ZSCAN23#chr6:28443356-28443374(+)	ZSCAN23	tf_targeting		
ZSCAN23#chr6:28443382-28443400(+)	ZSCAN23	tf_targeting		
ZSCAN23#chr6:28443395-28443413(+)	ZSCAN23	tf_targeting		
ZSCAN23#chr6:28443425-28443443(-)	ZSCAN23	tf_targeting		
ZSCAN25#chr7:99616956-99616974(+)	ZSCAN25	tf_targeting		
ZSCAN25#chr7:99616965-99616983(-)	ZSCAN25	tf_targeting		
ZSCAN25#chr7:99616969-99616987(+)	ZSCAN25	tf_targeting		
ZSCAN25#chr7:99616984-99617002(-)	ZSCAN25	tf_targeting		
ZSCAN25#chr7:99617001-99617019(-)	ZSCAN25	tf_targeting		
ZSCAN25#chr7:99617027-99617045(-)	ZSCAN25	tf_targeting		
ZSCAN26#chr6:28267048-28267066(-)	ZSCAN26	tf_targeting		
ZSCAN26#chr6:28267057-28267075(+)	ZSCAN26	tf_targeting		
ZSCAN26#chr6:28267073-28267091(-)	ZSCAN26	tf_targeting		
ZSCAN26#chr6:28267076-28267094(+)	ZSCAN26	tf_targeting		
ZSCAN26#chr6:28267102-28267120(-)	ZSCAN26	tf_targeting		
ZSCAN26#chr6:28267333-28267351(-)	ZSCAN26	tf_targeting		
ZSCAN29#chr15:43368720-43368738(+)	ZSCAN29	tf_targeting		
ZSCAN29#chr15:43368904-43368922(-)	ZSCAN29	tf_targeting		
ZSCAN29#chr15:43368917-43368935(+)	ZSCAN29	tf_targeting		
ZSCAN29#chr15:43368925-43368943(-)	ZSCAN29	tf_targeting		
ZSCAN29#chr15:43368936-43368954(+)	ZSCAN29	tf_targeting		
ZSCAN29#chr15:43368998-43369016(-)	ZSCAN29	tf_targeting		
ZSCAN30#chr18:35290160-35290178(+)	ZSCAN30	tf_targeting		
ZSCAN30#chr18:35290167-35290185(+)	ZSCAN30	tf_targeting		
ZSCAN30#chr18:35290173-35290191(+)	ZSCAN30	tf_targeting		
ZSCAN30#chr18:35290184-35290202(+)	ZSCAN30	tf_targeting		
ZSCAN30#chr18:35290195-35290213(+)	ZSCAN30	tf_targeting		
ZSCAN30#chr18:35290198-35290216(+)	ZSCAN30	tf_targeting		
ZSCAN31#chr6:28335932-28335950(+)	ZSCAN31	tf_targeting		
ZSCAN31#chr6:28336048-28336066(+)	ZSCAN31	tf_targeting		
ZSCAN31#chr6:28336068-28336086(+)	ZSCAN31	tf_targeting		
ZSCAN31#chr6:28336084-28336102(+)	ZSCAN31	tf_targeting		
ZSCAN31#chr6:28336093-28336111(+)	ZSCAN31	tf_targeting		
ZSCAN31#chr6:28336096-28336114(+)	ZSCAN31	tf_targeting		
ZSCAN31#chr6:28354038-28354056(-)	ZSCAN31	tf_targeting		
ZSCAN31#chr6:28354042-28354060(-)	ZSCAN31	tf_targeting		
ZSCAN31#chr6:28354085-28354103(+)	ZSCAN31	tf_targeting		
ZSCAN31#chr6:28354104-28354122(+)	ZSCAN31	tf_targeting		
ZSCAN31#chr6:28354149-28354167(+)	ZSCAN31	tf_targeting		
ZSCAN31#chr6:28354155-28354173(-)	ZSCAN31	tf_targeting		
ZSCAN32#chr16:3400663-3400681(+)	ZSCAN32	tf_targeting		
ZSCAN32#chr16:3400914-3400932(+)	ZSCAN32	tf_targeting		
ZSCAN32#chr16:3400926-3400944(+)	ZSCAN32	tf_targeting		
ZSCAN32#chr16:3400947-3400965(-)	ZSCAN32	tf_targeting		
ZSCAN32#chr16:3400979-3400997(-)	ZSCAN32	tf_targeting		
ZSCAN32#chr16:3400982-3401000(+)	ZSCAN32	tf_targeting		
ZSCAN5A#chr19:56227807-56227825(+)	ZSCAN5A	tf_targeting		
ZSCAN5A#chr19:56227904-56227922(+)	ZSCAN5A	tf_targeting		
ZSCAN5A#chr19:56228049-56228067(-)	ZSCAN5A	tf_targeting		
ZSCAN5A#chr19:56228199-56228217(-)	ZSCAN5A	tf_targeting		
ZSCAN5A#chr19:56228203-56228221(-)	ZSCAN5A	tf_targeting		
ZSCAN5A#chr19:56228222-56228240(+)	ZSCAN5A	tf_targeting		
ZSCAN5A#chr19:56368051-56368069(-)	ZSCAN5A	tf_targeting		
ZSCAN5A#chr19:56368168-56368186(+)	ZSCAN5A	tf_targeting		
ZSCAN5A#chr19:56368249-56368267(-)	ZSCAN5A	tf_targeting		
ZSCAN5A#chr19:56368322-56368340(+)	ZSCAN5A	tf_targeting		
ZSCAN5A#chr19:56368327-56368345(+)	ZSCAN5A	tf_targeting		
ZSCAN5A#chr19:56368352-56368370(-)	ZSCAN5A	tf_targeting		
ZSCAN5B#chr19:56192556-56192574(-)	ZSCAN5B	tf_targeting		
ZSCAN5B#chr19:56192915-56192933(+)	ZSCAN5B	tf_targeting		
ZSCAN5B#chr19:56192927-56192945(-)	ZSCAN5B	tf_targeting		
ZSCAN5B#chr19:56192965-56192983(+)	ZSCAN5B	tf_targeting		
ZSCAN5B#chr19:56193028-56193046(-)	ZSCAN5B	tf_targeting		
ZSCAN5B#chr19:56193041-56193059(-)	ZSCAN5B	tf_targeting		
ZSCAN5B#chr19:56197524-56197542(-)	ZSCAN5B	tf_targeting		
ZSCAN5B#chr19:56197681-56197699(-)	ZSCAN5B	tf_targeting		
ZSCAN5B#chr19:56197685-56197703(-)	ZSCAN5B	tf_targeting		
ZSCAN5B#chr19:56197709-56197727(-)	ZSCAN5B	tf_targeting		
ZSCAN5B#chr19:56197716-56197734(-)	ZSCAN5B	tf_targeting		
ZSCAN5B#chr19:56197890-56197908(-)	ZSCAN5B	tf_targeting		
ZSCAN9#chr6:28225252-28225270(+)	ZSCAN9	tf_targeting		
ZSCAN9#chr6:28225292-28225310(-)	ZSCAN9	tf_targeting		
ZSCAN9#chr6:28225297-28225315(-)	ZSCAN9	tf_targeting		
ZSCAN9#chr6:28225309-28225327(-)	ZSCAN9	tf_targeting		
ZSCAN9#chr6:28225346-28225364(-)	ZSCAN9	tf_targeting		
ZSCAN9#chr6:28225519-28225537(-)	ZSCAN9	tf_targeting		
ZUFSP#chr6:116668524-116668542(+)	ZUFSP	tf_targeting		
ZUFSP#chr6:116668529-116668547(+)	ZUFSP	tf_targeting		
ZUFSP#chr6:116668590-116668608(-)	ZUFSP	tf_targeting		
ZUFSP#chr6:116668613-116668631(-)	ZUFSP	tf_targeting		
ZUFSP#chr6:116668711-116668729(+)	ZUFSP	tf_targeting		
ZUFSP#chr6:116668747-116668765(-)	ZUFSP	tf_targeting		
ZXDA#chrX:57909415-57909433(+)	ZXDA	tf_targeting		
ZXDA#chrX:57909694-57909712(-)	ZXDA	tf_targeting		
ZXDA#chrX:57909739-57909757(+)	ZXDA	tf_targeting		
ZXDA#chrX:57909779-57909797(+)	ZXDA	tf_targeting		
ZXDA#chrX:57909782-57909800(+)	ZXDA	tf_targeting		
ZXDA#chrX:57909799-57909817(+)	ZXDA	tf_targeting		
ZXDB#chrX:57592664-57592682(-)	ZXDB	tf_targeting		
ZXDB#chrX:57592723-57592741(-)	ZXDB	tf_targeting		
ZXDB#chrX:57592757-57592775(-)	ZXDB	tf_targeting		
ZXDB#chrX:57592769-57592787(+)	ZXDB	tf_targeting		
ZXDB#chrX:57592846-57592864(-)	ZXDB	tf_targeting		
ZXDB#chrX:57593048-57593066(-)	ZXDB	tf_targeting		
ZXDC#chr3:126475546-126475564(+)	ZXDC	tf_targeting	-2.8111804	3.561709553504923e-05
ZXDC#chr3:126475849-126475867(+)	ZXDC	tf_targeting	-2.3815577	9.619113162172964e-05
ZXDC#chr3:126475861-126475879(+)	ZXDC	tf_targeting	-1.0958258	0.1804396592206633
ZXDC#chr3:126475865-126475883(-)	ZXDC	tf_targeting	-0.60004324	0.1221793263660615
ZXDC#chr3:126475920-126475938(-)	ZXDC	tf_targeting	-0.39547917	0.4364434002347779
ZXDC#chr3:126475925-126475943(-)	ZXDC	tf_targeting	-1.4232806	3.0039508020272533e-07
ZZZ3#chr1:77682531-77682549(+)	ZZZ3	tf_targeting	-0.62042385	0.297941383311901
ZZZ3#chr1:77682544-77682562(+)	ZZZ3	tf_targeting	-0.2469831	0.6030100810673712
ZZZ3#chr1:77682717-77682735(+)	ZZZ3	tf_targeting	-0.14711775	0.8206264877722711
ZZZ3#chr1:77683038-77683056(-)	ZZZ3	tf_targeting	0.020795997	0.9782160355729518
ZZZ3#chr1:77683358-77683376(+)	ZZZ3	tf_targeting	0.010799853	0.9909919627155328
ZZZ3#chr1:77683385-77683403(-)	ZZZ3	tf_targeting	0.50579476	0.4419564527572813
